Datetime,Open,High,Low,Close,Volume,Dividends,Stock Splits
2024-02-15 09:00:00+08:00,71.0,71.19999694824219,70.5999984741211,70.9000015258789,0,0.0,0.0
2024-02-15 09:05:00+08:00,70.80000305175781,71.30000305175781,70.5,71.30000305175781,153227,0.0,0.0
2024-02-15 09:10:00+08:00,71.30000305175781,73.0,71.30000305175781,72.80000305175781,381145,0.0,0.0
2024-02-15 09:15:00+08:00,72.9000015258789,73.5,72.69999694824219,73.0999984741211,558682,0.0,0.0
2024-02-15 09:20:00+08:00,73.0,74.5,73.0,74.0999984741211,645208,0.0,0.0
2024-02-15 09:25:00+08:00,74.19999694824219,74.80000305175781,73.9000015258789,74.30000305175781,371663,0.0,0.0
2024-02-15 09:30:00+08:00,74.30000305175781,74.30000305175781,73.5999984741211,73.5999984741211,155995,0.0,0.0
2024-02-15 09:35:00+08:00,73.5999984741211,73.5999984741211,73.19999694824219,73.30000305175781,126200,0.0,0.0
2024-02-15 09:40:00+08:00,73.30000305175781,73.5999984741211,73.30000305175781,73.30000305175781,78300,0.0,0.0
2024-02-15 09:45:00+08:00,73.4000015258789,73.5999984741211,73.30000305175781,73.5,76173,0.0,0.0
2024-02-15 09:50:00+08:00,73.5,73.80000305175781,73.5,73.80000305175781,40037,0.0,0.0
2024-02-15 09:55:00+08:00,73.80000305175781,74.19999694824219,73.69999694824219,74.0,164555,0.0,0.0
2024-02-15 10:00:00+08:00,74.0,74.5999984741211,73.80000305175781,74.0,228367,0.0,0.0
2024-02-15 10:05:00+08:00,74.0,74.0,73.5999984741211,73.5999984741211,45200,0.0,0.0
2024-02-15 10:10:00+08:00,73.5999984741211,73.5999984741211,73.5,73.5999984741211,41210,0.0,0.0
2024-02-15 10:15:00+08:00,73.5,73.80000305175781,73.5,73.69999694824219,31185,0.0,0.0
2024-02-15 10:20:00+08:00,73.69999694824219,73.9000015258789,73.69999694824219,73.9000015258789,17013,0.0,0.0
2024-02-15 10:25:00+08:00,73.9000015258789,74.19999694824219,73.9000015258789,74.19999694824219,62972,0.0,0.0
2024-02-15 10:30:00+08:00,74.0999984741211,74.19999694824219,73.80000305175781,73.80000305175781,59000,0.0,0.0
2024-02-15 10:35:00+08:00,73.69999694824219,73.9000015258789,73.69999694824219,73.9000015258789,31710,0.0,0.0
2024-02-15 10:40:00+08:00,73.9000015258789,73.9000015258789,73.80000305175781,73.80000305175781,15000,0.0,0.0
2024-02-15 10:45:00+08:00,73.9000015258789,74.0999984741211,73.9000015258789,74.0,50150,0.0,0.0
2024-02-15 10:50:00+08:00,74.0999984741211,74.4000015258789,74.0999984741211,74.4000015258789,143442,0.0,0.0
2024-02-15 10:55:00+08:00,74.4000015258789,74.69999694824219,74.30000305175781,74.69999694824219,194053,0.0,0.0
2024-02-15 11:00:00+08:00,74.69999694824219,74.69999694824219,74.30000305175781,74.30000305175781,54617,0.0,0.0
2024-02-15 11:05:00+08:00,74.30000305175781,74.4000015258789,74.19999694824219,74.30000305175781,20466,0.0,0.0
2024-02-15 11:10:00+08:00,74.30000305175781,74.30000305175781,74.0999984741211,74.19999694824219,17000,0.0,0.0
2024-02-15 11:15:00+08:00,74.19999694824219,74.30000305175781,74.19999694824219,74.30000305175781,18620,0.0,0.0
2024-02-15 11:20:00+08:00,74.30000305175781,74.4000015258789,74.30000305175781,74.4000015258789,38100,0.0,0.0
2024-02-15 11:25:00+08:00,74.5,74.5999984741211,74.4000015258789,74.5,58152,0.0,0.0
2024-02-15 11:30:00+08:00,74.5,74.5,74.4000015258789,74.5,42022,0.0,0.0
2024-02-15 11:35:00+08:00,74.30000305175781,74.30000305175781,74.30000305175781,74.30000305175781,6000,0.0,0.0
2024-02-15 11:40:00+08:00,74.19999694824219,74.19999694824219,73.9000015258789,74.19999694824219,58621,0.0,0.0
2024-02-15 11:45:00+08:00,74.19999694824219,74.19999694824219,74.19999694824219,74.19999694824219,11000,0.0,0.0
2024-02-15 11:50:00+08:00,74.19999694824219,74.30000305175781,74.19999694824219,74.30000305175781,20000,0.0,0.0
2024-02-15 11:55:00+08:00,74.19999694824219,74.19999694824219,74.19999694824219,74.19999694824219,16010,0.0,0.0
2024-02-15 12:00:00+08:00,74.0999984741211,74.0999984741211,73.80000305175781,73.9000015258789,91020,0.0,0.0
2024-02-15 12:05:00+08:00,73.9000015258789,74.19999694824219,73.9000015258789,74.0999984741211,94003,0.0,0.0
2024-02-15 12:10:00+08:00,74.19999694824219,74.19999694824219,74.0,74.0999984741211,41137,0.0,0.0
2024-02-15 12:15:00+08:00,74.0,74.0999984741211,74.0,74.0999984741211,11000,0.0,0.0
2024-02-15 12:20:00+08:00,74.0999984741211,74.30000305175781,74.0999984741211,74.30000305175781,82000,0.0,0.0
2024-02-15 12:25:00+08:00,74.30000305175781,74.30000305175781,74.19999694824219,74.19999694824219,18600,0.0,0.0
2024-02-15 12:30:00+08:00,74.19999694824219,74.4000015258789,74.19999694824219,74.4000015258789,30000,0.0,0.0
2024-02-15 12:35:00+08:00,74.4000015258789,74.4000015258789,74.19999694824219,74.4000015258789,41050,0.0,0.0
2024-02-15 12:40:00+08:00,74.5,74.5,74.4000015258789,74.4000015258789,35950,0.0,0.0
2024-02-15 12:45:00+08:00,74.4000015258789,74.69999694824219,74.30000305175781,74.69999694824219,149101,0.0,0.0
2024-02-15 12:50:00+08:00,74.69999694824219,74.80000305175781,74.5999984741211,74.5999984741211,110275,0.0,0.0
2024-02-15 12:55:00+08:00,74.5,74.69999694824219,74.0999984741211,74.5,117330,0.0,0.0
2024-02-15 13:00:00+08:00,74.30000305175781,74.5,74.30000305175781,74.4000015258789,71250,0.0,0.0
2024-02-15 13:05:00+08:00,74.5,74.5,74.19999694824219,74.19999694824219,86375,0.0,0.0
2024-02-15 13:10:00+08:00,74.4000015258789,74.4000015258789,74.30000305175781,74.30000305175781,46040,0.0,0.0
2024-02-15 13:15:00+08:00,74.30000305175781,74.4000015258789,74.19999694824219,74.30000305175781,54282,0.0,0.0
2024-02-15 13:20:00+08:00,74.30000305175781,74.4000015258789,74.19999694824219,74.19999694824219,45098,0.0,0.0
2024-02-16 09:00:00+08:00,74.5999984741211,75.69999694824219,74.4000015258789,75.30000305175781,0,0.0,0.0
2024-02-16 09:05:00+08:00,75.30000305175781,76.0999984741211,75.30000305175781,76.0,401640,0.0,0.0
2024-02-16 09:10:00+08:00,76.0,76.19999694824219,75.5,75.80000305175781,142269,0.0,0.0
2024-02-16 09:15:00+08:00,75.80000305175781,76.5,75.80000305175781,76.19999694824219,287746,0.0,0.0
2024-02-16 09:20:00+08:00,76.19999694824219,76.30000305175781,75.80000305175781,75.9000015258789,185589,0.0,0.0
2024-02-16 09:25:00+08:00,75.80000305175781,76.5999984741211,75.80000305175781,76.5,331923,0.0,0.0
2024-02-16 09:30:00+08:00,76.5,76.5999984741211,76.0999984741211,76.0999984741211,104914,0.0,0.0
2024-02-16 09:35:00+08:00,76.0999984741211,76.5,76.0,76.19999694824219,113765,0.0,0.0
2024-02-16 09:40:00+08:00,76.0999984741211,77.0,76.0999984741211,76.9000015258789,690959,0.0,0.0
2024-02-16 09:45:00+08:00,77.0,78.69999694824219,76.9000015258789,78.0,1191845,0.0,0.0
2024-02-16 09:50:00+08:00,78.0,78.4000015258789,77.5,78.4000015258789,359803,0.0,0.0
2024-02-16 09:55:00+08:00,78.4000015258789,79.19999694824219,78.4000015258789,79.0,564097,0.0,0.0
2024-02-16 10:00:00+08:00,79.0999984741211,79.69999694824219,78.9000015258789,78.9000015258789,381111,0.0,0.0
2024-02-16 10:05:00+08:00,78.9000015258789,78.9000015258789,78.4000015258789,78.5,230021,0.0,0.0
2024-02-16 10:10:00+08:00,78.5,78.69999694824219,78.19999694824219,78.69999694824219,125863,0.0,0.0
2024-02-16 10:15:00+08:00,78.69999694824219,78.9000015258789,78.5,78.80000305175781,109325,0.0,0.0
2024-02-16 10:20:00+08:00,78.9000015258789,79.30000305175781,78.80000305175781,79.0,338530,0.0,0.0
2024-02-16 10:25:00+08:00,79.0,79.9000015258789,79.0,79.9000015258789,467319,0.0,0.0
2024-02-16 10:30:00+08:00,80.0,80.0,79.5999984741211,79.5999984741211,241878,0.0,0.0
2024-02-16 10:35:00+08:00,79.5999984741211,80.30000305175781,79.5,80.0999984741211,512224,0.0,0.0
2024-02-16 10:40:00+08:00,80.0999984741211,80.30000305175781,79.80000305175781,80.0,292099,0.0,0.0
2024-02-16 10:45:00+08:00,80.0,80.0,79.80000305175781,79.9000015258789,113369,0.0,0.0
2024-02-16 10:50:00+08:00,79.80000305175781,79.9000015258789,79.5,79.5999984741211,100857,0.0,0.0
2024-02-16 10:55:00+08:00,79.5,80.0,79.5,79.80000305175781,89689,0.0,0.0
2024-02-16 11:00:00+08:00,79.9000015258789,80.0999984741211,79.80000305175781,79.9000015258789,172200,0.0,0.0
2024-02-16 11:05:00+08:00,79.9000015258789,80.19999694824219,79.9000015258789,80.0999984741211,93129,0.0,0.0
2024-02-16 11:10:00+08:00,80.0,80.19999694824219,80.0,80.19999694824219,54372,0.0,0.0
2024-02-16 11:15:00+08:00,80.0999984741211,80.0999984741211,79.5,79.5,101629,0.0,0.0
2024-02-16 11:20:00+08:00,79.5999984741211,79.69999694824219,79.5,79.5,52929,0.0,0.0
2024-02-16 11:25:00+08:00,79.4000015258789,79.5,78.9000015258789,79.0,160452,0.0,0.0
2024-02-16 11:30:00+08:00,79.0,79.5999984741211,79.0,79.5,94125,0.0,0.0
2024-02-16 11:35:00+08:00,79.69999694824219,79.69999694824219,79.30000305175781,79.5,56100,0.0,0.0
2024-02-16 11:40:00+08:00,79.4000015258789,79.5,79.19999694824219,79.19999694824219,23121,0.0,0.0
2024-02-16 11:45:00+08:00,79.30000305175781,79.4000015258789,79.19999694824219,79.19999694824219,24274,0.0,0.0
2024-02-16 11:50:00+08:00,79.0999984741211,79.30000305175781,79.0999984741211,79.19999694824219,55073,0.0,0.0
2024-02-16 11:55:00+08:00,79.30000305175781,79.30000305175781,79.19999694824219,79.19999694824219,27525,0.0,0.0
2024-02-16 12:00:00+08:00,79.19999694824219,79.19999694824219,79.0999984741211,79.19999694824219,15036,0.0,0.0
2024-02-16 12:05:00+08:00,79.0999984741211,79.5,79.0999984741211,79.5,34121,0.0,0.0
2024-02-16 12:10:00+08:00,79.5,79.5,79.4000015258789,79.4000015258789,39215,0.0,0.0
2024-02-16 12:15:00+08:00,79.4000015258789,79.5,79.19999694824219,79.30000305175781,40026,0.0,0.0
2024-02-16 12:20:00+08:00,79.30000305175781,79.30000305175781,79.0999984741211,79.0999984741211,41080,0.0,0.0
2024-02-16 12:25:00+08:00,79.0999984741211,79.30000305175781,79.0999984741211,79.19999694824219,25613,0.0,0.0
2024-02-16 12:30:00+08:00,79.19999694824219,79.19999694824219,79.0999984741211,79.19999694824219,43794,0.0,0.0
2024-02-16 12:35:00+08:00,79.19999694824219,79.5,79.19999694824219,79.30000305175781,76647,0.0,0.0
2024-02-16 12:40:00+08:00,79.30000305175781,79.5,79.30000305175781,79.5,26080,0.0,0.0
2024-02-16 12:45:00+08:00,79.4000015258789,79.5,79.30000305175781,79.30000305175781,67113,0.0,0.0
2024-02-16 12:50:00+08:00,79.30000305175781,79.30000305175781,79.19999694824219,79.30000305175781,37033,0.0,0.0
2024-02-16 12:55:00+08:00,79.30000305175781,79.4000015258789,79.30000305175781,79.4000015258789,40040,0.0,0.0
2024-02-16 13:00:00+08:00,79.4000015258789,79.5999984741211,79.19999694824219,79.19999694824219,112358,0.0,0.0
2024-02-16 13:05:00+08:00,79.30000305175781,79.30000305175781,79.0999984741211,79.19999694824219,69000,0.0,0.0
2024-02-16 13:10:00+08:00,79.19999694824219,79.30000305175781,79.0999984741211,79.19999694824219,61002,0.0,0.0
2024-02-16 13:15:00+08:00,79.30000305175781,79.4000015258789,79.0999984741211,79.0999984741211,121643,0.0,0.0
2024-02-16 13:20:00+08:00,79.0,79.19999694824219,78.69999694824219,78.80000305175781,164227,0.0,0.0
2024-02-19 09:00:00+08:00,79.0,80.9000015258789,79.0,80.0,0,0.0,0.0
2024-02-19 09:05:00+08:00,80.0999984741211,80.0999984741211,78.19999694824219,78.9000015258789,821000,0.0,0.0
2024-02-19 09:10:00+08:00,78.9000015258789,79.5999984741211,78.5,79.30000305175781,292000,0.0,0.0
2024-02-19 09:15:00+08:00,79.4000015258789,79.69999694824219,79.0,79.30000305175781,205215,0.0,0.0
2024-02-19 09:20:00+08:00,79.30000305175781,81.0,79.19999694824219,80.9000015258789,816566,0.0,0.0
2024-02-19 09:25:00+08:00,80.9000015258789,81.0,79.5999984741211,79.9000015258789,425013,0.0,0.0
2024-02-19 09:30:00+08:00,80.0,80.19999694824219,80.0,80.0,195401,0.0,0.0
2024-02-19 09:35:00+08:00,80.0,80.0999984741211,79.9000015258789,80.0999984741211,84525,0.0,0.0
2024-02-19 09:40:00+08:00,80.0999984741211,80.5,80.0,80.5,133137,0.0,0.0
2024-02-19 09:45:00+08:00,80.5,81.4000015258789,80.4000015258789,80.69999694824219,849533,0.0,0.0
2024-02-19 09:50:00+08:00,80.69999694824219,81.0,80.5999984741211,80.69999694824219,122663,0.0,0.0
2024-02-19 09:55:00+08:00,80.69999694824219,81.0,80.69999694824219,81.0,117150,0.0,0.0
2024-02-19 10:00:00+08:00,80.9000015258789,81.0999984741211,80.30000305175781,80.30000305175781,209588,0.0,0.0
2024-02-19 10:05:00+08:00,80.30000305175781,80.5,80.30000305175781,80.4000015258789,48061,0.0,0.0
2024-02-19 10:10:00+08:00,80.30000305175781,80.4000015258789,80.19999694824219,80.4000015258789,58819,0.0,0.0
2024-02-19 10:15:00+08:00,80.5,81.0,80.5,80.69999694824219,174404,0.0,0.0
2024-02-19 10:20:00+08:00,80.80000305175781,80.80000305175781,80.5999984741211,80.69999694824219,66335,0.0,0.0
2024-02-19 10:25:00+08:00,80.69999694824219,81.19999694824219,80.69999694824219,81.0999984741211,149713,0.0,0.0
2024-02-19 10:30:00+08:00,81.0999984741211,81.19999694824219,80.80000305175781,80.80000305175781,126132,0.0,0.0
2024-02-19 10:35:00+08:00,80.69999694824219,81.0999984741211,80.5999984741211,81.0,76120,0.0,0.0
2024-02-19 10:40:00+08:00,81.0,81.0,80.9000015258789,81.0,55167,0.0,0.0
2024-02-19 10:45:00+08:00,81.0,81.0,80.5999984741211,80.69999694824219,120008,0.0,0.0
2024-02-19 10:50:00+08:00,80.69999694824219,81.0,80.69999694824219,80.9000015258789,163170,0.0,0.0
2024-02-19 10:55:00+08:00,80.9000015258789,81.0,80.69999694824219,80.69999694824219,78240,0.0,0.0
2024-02-19 11:00:00+08:00,80.69999694824219,80.9000015258789,80.69999694824219,80.80000305175781,39001,0.0,0.0
2024-02-19 11:05:00+08:00,80.80000305175781,81.0,80.80000305175781,80.9000015258789,46100,0.0,0.0
2024-02-19 11:10:00+08:00,81.0,81.0,80.9000015258789,80.9000015258789,26691,0.0,0.0
2024-02-19 11:15:00+08:00,80.9000015258789,80.9000015258789,80.80000305175781,80.9000015258789,27022,0.0,0.0
2024-02-19 11:20:00+08:00,80.9000015258789,81.0,80.9000015258789,81.0,34113,0.0,0.0
2024-02-19 11:25:00+08:00,80.9000015258789,81.0,80.80000305175781,80.9000015258789,60007,0.0,0.0
2024-02-19 11:30:00+08:00,80.80000305175781,80.80000305175781,80.5999984741211,80.5999984741211,83004,0.0,0.0
2024-02-19 11:35:00+08:00,80.5999984741211,80.80000305175781,80.5999984741211,80.69999694824219,50080,0.0,0.0
2024-02-19 11:40:00+08:00,80.69999694824219,80.69999694824219,80.5999984741211,80.5999984741211,43637,0.0,0.0
2024-02-19 11:45:00+08:00,80.5999984741211,80.69999694824219,80.5999984741211,80.69999694824219,19017,0.0,0.0
2024-02-19 11:50:00+08:00,80.69999694824219,81.0,80.69999694824219,81.0,74320,0.0,0.0
2024-02-19 11:55:00+08:00,81.0,81.19999694824219,81.0,81.0,195068,0.0,0.0
2024-02-19 12:00:00+08:00,81.0999984741211,81.5,81.0999984741211,81.5,215062,0.0,0.0
2024-02-19 12:05:00+08:00,81.4000015258789,81.69999694824219,81.4000015258789,81.5999984741211,382350,0.0,0.0
2024-02-19 12:10:00+08:00,81.5999984741211,81.69999694824219,81.5,81.5999984741211,105366,0.0,0.0
2024-02-19 12:15:00+08:00,81.5999984741211,81.5999984741211,81.30000305175781,81.30000305175781,151249,0.0,0.0
2024-02-19 12:20:00+08:00,81.30000305175781,81.4000015258789,81.30000305175781,81.4000015258789,46035,0.0,0.0
2024-02-19 12:25:00+08:00,81.5,81.69999694824219,81.4000015258789,81.5,109203,0.0,0.0
2024-02-19 12:30:00+08:00,81.5,81.5999984741211,81.4000015258789,81.4000015258789,51410,0.0,0.0
2024-02-19 12:35:00+08:00,81.4000015258789,81.4000015258789,80.80000305175781,80.80000305175781,233543,0.0,0.0
2024-02-19 12:40:00+08:00,80.80000305175781,80.9000015258789,80.80000305175781,80.9000015258789,60199,0.0,0.0
2024-02-19 12:45:00+08:00,81.0,81.0999984741211,80.9000015258789,80.9000015258789,73282,0.0,0.0
2024-02-19 12:50:00+08:00,80.9000015258789,80.9000015258789,80.69999694824219,80.80000305175781,62643,0.0,0.0
2024-02-19 12:55:00+08:00,80.80000305175781,80.9000015258789,80.69999694824219,80.80000305175781,75930,0.0,0.0
2024-02-19 13:00:00+08:00,80.80000305175781,80.80000305175781,80.69999694824219,80.69999694824219,40013,0.0,0.0
2024-02-19 13:05:00+08:00,80.69999694824219,80.69999694824219,80.30000305175781,80.30000305175781,121683,0.0,0.0
2024-02-19 13:10:00+08:00,80.4000015258789,80.4000015258789,80.0,80.30000305175781,235797,0.0,0.0
2024-02-19 13:15:00+08:00,80.19999694824219,80.4000015258789,80.19999694824219,80.30000305175781,131654,0.0,0.0
2024-02-19 13:20:00+08:00,80.30000305175781,80.69999694824219,80.19999694824219,80.69999694824219,184382,0.0,0.0
2024-02-20 09:00:00+08:00,79.9000015258789,80.0,79.0999984741211,79.5,0,0.0,0.0
2024-02-20 09:05:00+08:00,79.4000015258789,79.69999694824219,78.69999694824219,79.5999984741211,416000,0.0,0.0
2024-02-20 09:10:00+08:00,79.5999984741211,80.4000015258789,79.5,80.19999694824219,172235,0.0,0.0
2024-02-20 09:15:00+08:00,80.30000305175781,80.69999694824219,80.0999984741211,80.69999694824219,185383,0.0,0.0
2024-02-20 09:20:00+08:00,80.80000305175781,81.5999984741211,80.80000305175781,81.0,453725,0.0,0.0
2024-02-20 09:25:00+08:00,81.0,81.0999984741211,80.69999694824219,80.9000015258789,93605,0.0,0.0
2024-02-20 09:30:00+08:00,80.80000305175781,80.80000305175781,80.4000015258789,80.5999984741211,85746,0.0,0.0
2024-02-20 09:35:00+08:00,80.5999984741211,80.80000305175781,80.5999984741211,80.5999984741211,57533,0.0,0.0
2024-02-20 09:40:00+08:00,80.5999984741211,80.5999984741211,80.5,80.5999984741211,38135,0.0,0.0
2024-02-20 09:45:00+08:00,80.5999984741211,80.5999984741211,80.19999694824219,80.19999694824219,103337,0.0,0.0
2024-02-20 09:50:00+08:00,80.19999694824219,80.19999694824219,80.0,80.0,87345,0.0,0.0
2024-02-20 09:55:00+08:00,80.0,80.0,80.0,80.0,34000,0.0,0.0
2024-02-20 10:00:00+08:00,80.0,80.0999984741211,79.9000015258789,79.9000015258789,30105,0.0,0.0
2024-02-20 10:05:00+08:00,79.9000015258789,79.9000015258789,79.5999984741211,79.5999984741211,121920,0.0,0.0
2024-02-20 10:10:00+08:00,79.5999984741211,79.9000015258789,79.5999984741211,79.80000305175781,39453,0.0,0.0
2024-02-20 10:15:00+08:00,79.80000305175781,79.9000015258789,79.80000305175781,79.9000015258789,35600,0.0,0.0
2024-02-20 10:20:00+08:00,79.80000305175781,79.9000015258789,79.80000305175781,79.80000305175781,36715,0.0,0.0
2024-02-20 10:25:00+08:00,79.80000305175781,79.80000305175781,79.5999984741211,79.5999984741211,34011,0.0,0.0
2024-02-20 10:30:00+08:00,79.69999694824219,79.80000305175781,79.69999694824219,79.80000305175781,25066,0.0,0.0
2024-02-20 10:35:00+08:00,79.9000015258789,79.9000015258789,79.9000015258789,79.9000015258789,9003,0.0,0.0
2024-02-20 10:40:00+08:00,79.9000015258789,79.9000015258789,79.69999694824219,79.80000305175781,19267,0.0,0.0
2024-02-20 10:45:00+08:00,79.69999694824219,79.69999694824219,79.0999984741211,79.0999984741211,180982,0.0,0.0
2024-02-20 10:50:00+08:00,79.0999984741211,79.4000015258789,79.0999984741211,79.19999694824219,53841,0.0,0.0
2024-02-20 10:55:00+08:00,79.19999694824219,79.5999984741211,79.19999694824219,79.5999984741211,24000,0.0,0.0
2024-02-20 11:00:00+08:00,79.5999984741211,79.69999694824219,79.4000015258789,79.4000015258789,30000,0.0,0.0
2024-02-20 11:05:00+08:00,79.4000015258789,79.4000015258789,79.30000305175781,79.30000305175781,48000,0.0,0.0
2024-02-20 11:10:00+08:00,79.30000305175781,79.4000015258789,79.30000305175781,79.4000015258789,14115,0.0,0.0
2024-02-20 11:15:00+08:00,79.4000015258789,79.4000015258789,79.30000305175781,79.4000015258789,22456,0.0,0.0
2024-02-20 11:20:00+08:00,79.30000305175781,79.30000305175781,79.19999694824219,79.30000305175781,29125,0.0,0.0
2024-02-20 11:25:00+08:00,79.19999694824219,79.4000015258789,79.19999694824219,79.30000305175781,26150,0.0,0.0
2024-02-20 11:30:00+08:00,79.30000305175781,79.30000305175781,79.0999984741211,79.19999694824219,83331,0.0,0.0
2024-02-20 11:35:00+08:00,79.19999694824219,79.19999694824219,79.0999984741211,79.19999694824219,41890,0.0,0.0
2024-02-20 11:40:00+08:00,79.0,79.0,78.69999694824219,78.9000015258789,277425,0.0,0.0
2024-02-20 11:45:00+08:00,79.0,79.0,79.0,79.0,19190,0.0,0.0
2024-02-20 11:50:00+08:00,79.0999984741211,79.5999984741211,79.0999984741211,79.5999984741211,48423,0.0,0.0
2024-02-20 11:55:00+08:00,79.5999984741211,79.5999984741211,79.19999694824219,79.19999694824219,29167,0.0,0.0
2024-02-20 12:00:00+08:00,79.0999984741211,79.0999984741211,79.0,79.0,92018,0.0,0.0
2024-02-20 12:05:00+08:00,79.30000305175781,79.30000305175781,79.0999984741211,79.19999694824219,15528,0.0,0.0
2024-02-20 12:10:00+08:00,79.4000015258789,79.9000015258789,79.4000015258789,79.9000015258789,87000,0.0,0.0
2024-02-20 12:15:00+08:00,79.9000015258789,80.4000015258789,79.9000015258789,80.4000015258789,130018,0.0,0.0
2024-02-20 12:20:00+08:00,80.4000015258789,80.4000015258789,80.19999694824219,80.4000015258789,62501,0.0,0.0
2024-02-20 12:25:00+08:00,80.4000015258789,80.4000015258789,80.0,80.0,27020,0.0,0.0
2024-02-20 12:30:00+08:00,80.0,80.0999984741211,80.0,80.0,15300,0.0,0.0
2024-02-20 12:35:00+08:00,80.0,80.19999694824219,80.0,80.19999694824219,36000,0.0,0.0
2024-02-20 12:40:00+08:00,80.30000305175781,80.30000305175781,80.19999694824219,80.19999694824219,43600,0.0,0.0
2024-02-20 12:45:00+08:00,80.19999694824219,80.80000305175781,80.19999694824219,80.5999984741211,158553,0.0,0.0
2024-02-20 12:50:00+08:00,80.5999984741211,80.5999984741211,80.30000305175781,80.4000015258789,40030,0.0,0.0
2024-02-20 12:55:00+08:00,80.30000305175781,80.5,80.30000305175781,80.30000305175781,25198,0.0,0.0
2024-02-20 13:00:00+08:00,80.5,80.5999984741211,80.30000305175781,80.30000305175781,42393,0.0,0.0
2024-02-20 13:05:00+08:00,80.30000305175781,80.80000305175781,80.30000305175781,80.80000305175781,45789,0.0,0.0
2024-02-20 13:10:00+08:00,80.69999694824219,80.80000305175781,80.4000015258789,80.4000015258789,48060,0.0,0.0
2024-02-20 13:15:00+08:00,80.4000015258789,80.5,80.4000015258789,80.5,42150,0.0,0.0
2024-02-20 13:20:00+08:00,80.5,80.5,80.19999694824219,80.5,62371,0.0,0.0
2024-02-21 09:00:00+08:00,81.69999694824219,83.5999984741211,81.19999694824219,82.69999694824219,0,0.0,0.0
2024-02-21 09:05:00+08:00,82.69999694824219,83.5,82.5,82.5999984741211,786000,0.0,0.0
2024-02-21 09:10:00+08:00,83.0,83.0999984741211,81.19999694824219,81.30000305175781,666378,0.0,0.0
2024-02-21 09:15:00+08:00,81.4000015258789,81.9000015258789,81.0,81.5,331020,0.0,0.0
2024-02-21 09:20:00+08:00,81.5,81.5,80.5,80.9000015258789,328850,0.0,0.0
2024-02-21 09:25:00+08:00,80.80000305175781,81.0,80.5999984741211,81.0,140334,0.0,0.0
2024-02-21 09:30:00+08:00,81.0,81.5999984741211,80.9000015258789,81.5,156355,0.0,0.0
2024-02-21 09:35:00+08:00,81.5,82.0,81.4000015258789,81.69999694824219,256545,0.0,0.0
2024-02-21 09:40:00+08:00,81.69999694824219,82.0,81.5999984741211,81.69999694824219,95166,0.0,0.0
2024-02-21 09:45:00+08:00,81.69999694824219,81.69999694824219,81.5,81.5,32042,0.0,0.0
2024-02-21 09:50:00+08:00,81.5,81.5999984741211,81.5,81.5,29080,0.0,0.0
2024-02-21 09:55:00+08:00,81.30000305175781,81.4000015258789,81.0999984741211,81.4000015258789,129126,0.0,0.0
2024-02-21 10:00:00+08:00,81.5999984741211,81.5999984741211,81.4000015258789,81.5999984741211,47185,0.0,0.0
2024-02-21 10:05:00+08:00,81.5999984741211,81.69999694824219,81.5,81.5999984741211,27125,0.0,0.0
2024-02-21 10:10:00+08:00,81.5,81.5,81.30000305175781,81.30000305175781,63000,0.0,0.0
2024-02-21 10:15:00+08:00,81.4000015258789,81.4000015258789,81.19999694824219,81.19999694824219,53539,0.0,0.0
2024-02-21 10:20:00+08:00,81.30000305175781,81.30000305175781,81.19999694824219,81.19999694824219,34012,0.0,0.0
2024-02-21 10:25:00+08:00,81.19999694824219,81.30000305175781,81.19999694824219,81.30000305175781,28050,0.0,0.0
2024-02-21 10:30:00+08:00,81.30000305175781,81.4000015258789,81.30000305175781,81.30000305175781,17000,0.0,0.0
2024-02-21 10:35:00+08:00,81.30000305175781,81.4000015258789,81.19999694824219,81.19999694824219,23120,0.0,0.0
2024-02-21 10:40:00+08:00,81.19999694824219,81.5,81.19999694824219,81.30000305175781,25500,0.0,0.0
2024-02-21 10:45:00+08:00,81.4000015258789,81.4000015258789,81.30000305175781,81.30000305175781,41095,0.0,0.0
2024-02-21 10:50:00+08:00,81.30000305175781,81.30000305175781,81.19999694824219,81.19999694824219,30058,0.0,0.0
2024-02-21 10:55:00+08:00,81.19999694824219,81.19999694824219,80.69999694824219,80.69999694824219,194317,0.0,0.0
2024-02-21 11:00:00+08:00,80.69999694824219,80.9000015258789,80.69999694824219,80.80000305175781,56459,0.0,0.0
2024-02-21 11:05:00+08:00,80.9000015258789,81.0999984741211,80.80000305175781,81.0999984741211,52050,0.0,0.0
2024-02-21 11:10:00+08:00,81.0999984741211,82.30000305175781,81.0999984741211,82.30000305175781,314000,0.0,0.0
2024-02-21 11:15:00+08:00,82.30000305175781,82.69999694824219,82.0999984741211,82.5,388331,0.0,0.0
2024-02-21 11:20:00+08:00,82.4000015258789,82.4000015258789,82.19999694824219,82.4000015258789,255422,0.0,0.0
2024-02-21 11:25:00+08:00,82.5,82.5999984741211,82.4000015258789,82.5,132266,0.0,0.0
2024-02-21 11:30:00+08:00,82.5999984741211,84.5999984741211,82.5999984741211,84.0,1584788,0.0,0.0
2024-02-21 11:35:00+08:00,84.0999984741211,84.19999694824219,83.4000015258789,83.69999694824219,280905,0.0,0.0
2024-02-21 11:40:00+08:00,83.80000305175781,84.0999984741211,83.5999984741211,83.5999984741211,185260,0.0,0.0
2024-02-21 11:45:00+08:00,83.5999984741211,84.19999694824219,83.5,84.19999694824219,123333,0.0,0.0
2024-02-21 11:50:00+08:00,84.19999694824219,84.19999694824219,83.5,83.5,188706,0.0,0.0
2024-02-21 11:55:00+08:00,83.5,83.69999694824219,83.4000015258789,83.5999984741211,83036,0.0,0.0
2024-02-21 12:00:00+08:00,83.5999984741211,83.5999984741211,82.9000015258789,82.9000015258789,171155,0.0,0.0
2024-02-21 12:05:00+08:00,83.0999984741211,83.30000305175781,83.0,83.0,78839,0.0,0.0
2024-02-21 12:10:00+08:00,82.9000015258789,83.0999984741211,82.5999984741211,82.69999694824219,114680,0.0,0.0
2024-02-21 12:15:00+08:00,82.9000015258789,82.9000015258789,82.69999694824219,82.80000305175781,31231,0.0,0.0
2024-02-21 12:20:00+08:00,82.69999694824219,82.69999694824219,82.30000305175781,82.30000305175781,129180,0.0,0.0
2024-02-21 12:25:00+08:00,82.30000305175781,82.5999984741211,82.19999694824219,82.5999984741211,86000,0.0,0.0
2024-02-21 12:30:00+08:00,82.5999984741211,82.5999984741211,82.4000015258789,82.4000015258789,84121,0.0,0.0
2024-02-21 12:35:00+08:00,82.30000305175781,82.4000015258789,82.19999694824219,82.4000015258789,43122,0.0,0.0
2024-02-21 12:40:00+08:00,82.30000305175781,82.4000015258789,82.19999694824219,82.30000305175781,61471,0.0,0.0
2024-02-21 12:45:00+08:00,82.19999694824219,82.5,82.0999984741211,82.5,96539,0.0,0.0
2024-02-21 12:50:00+08:00,82.5,82.5999984741211,82.4000015258789,82.5999984741211,103454,0.0,0.0
2024-02-21 12:55:00+08:00,82.5999984741211,82.69999694824219,82.4000015258789,82.4000015258789,94335,0.0,0.0
2024-02-21 13:00:00+08:00,82.4000015258789,82.69999694824219,82.30000305175781,82.5999984741211,47604,0.0,0.0
2024-02-21 13:05:00+08:00,82.5999984741211,82.5999984741211,82.5,82.5999984741211,44430,0.0,0.0
2024-02-21 13:10:00+08:00,82.5999984741211,82.80000305175781,82.5,82.5999984741211,205497,0.0,0.0
2024-02-21 13:15:00+08:00,82.5999984741211,83.0,82.5999984741211,83.0,220146,0.0,0.0
2024-02-21 13:20:00+08:00,83.0,83.0999984741211,82.69999694824219,82.9000015258789,338829,0.0,0.0
2024-02-22 09:00:00+08:00,83.0,83.30000305175781,82.0,82.5,488000,0.0,0.0
2024-02-22 09:05:00+08:00,82.5,82.5999984741211,82.19999694824219,82.5,100000,0.0,0.0
2024-02-22 09:10:00+08:00,82.30000305175781,82.80000305175781,82.0999984741211,82.5999984741211,174281,0.0,0.0
2024-02-22 09:15:00+08:00,82.5999984741211,82.5999984741211,82.19999694824219,82.19999694824219,109763,0.0,0.0
2024-02-22 09:20:00+08:00,82.19999694824219,82.4000015258789,82.19999694824219,82.19999694824219,94907,0.0,0.0
2024-02-22 09:25:00+08:00,82.19999694824219,82.4000015258789,82.19999694824219,82.4000015258789,40393,0.0,0.0
2024-02-22 09:30:00+08:00,82.4000015258789,82.5,82.30000305175781,82.30000305175781,44030,0.0,0.0
2024-02-22 09:35:00+08:00,82.30000305175781,82.4000015258789,82.0,82.0,127622,0.0,0.0
2024-02-22 09:40:00+08:00,82.0,82.0,81.4000015258789,81.5999984741211,373645,0.0,0.0
2024-02-22 09:45:00+08:00,81.69999694824219,81.9000015258789,81.5999984741211,81.80000305175781,70171,0.0,0.0
2024-02-22 09:50:00+08:00,81.80000305175781,82.30000305175781,81.80000305175781,82.0,101436,0.0,0.0
2024-02-22 09:55:00+08:00,81.9000015258789,82.0999984741211,81.9000015258789,82.0,13105,0.0,0.0
2024-02-22 10:00:00+08:00,82.0999984741211,83.0,82.0999984741211,82.9000015258789,119074,0.0,0.0
2024-02-22 10:05:00+08:00,82.69999694824219,82.69999694824219,82.0,82.0999984741211,43001,0.0,0.0
2024-02-22 10:10:00+08:00,82.0999984741211,82.30000305175781,81.9000015258789,81.9000015258789,71150,0.0,0.0
2024-02-22 10:15:00+08:00,82.0,82.19999694824219,82.0,82.19999694824219,48050,0.0,0.0
2024-02-22 10:20:00+08:00,82.0999984741211,82.19999694824219,82.0999984741211,82.0999984741211,16439,0.0,0.0
2024-02-22 10:25:00+08:00,82.0999984741211,82.19999694824219,82.0999984741211,82.0999984741211,13332,0.0,0.0
2024-02-22 10:30:00+08:00,82.19999694824219,82.30000305175781,82.19999694824219,82.19999694824219,21040,0.0,0.0
2024-02-22 10:35:00+08:00,82.19999694824219,82.4000015258789,82.0999984741211,82.0999984741211,29100,0.0,0.0
2024-02-22 10:40:00+08:00,82.0999984741211,82.0999984741211,82.0,82.0,15449,0.0,0.0
2024-02-22 10:45:00+08:00,82.0,82.0999984741211,82.0,82.0,10016,0.0,0.0
2024-02-22 10:50:00+08:00,82.0,82.0,81.9000015258789,81.9000015258789,27475,0.0,0.0
2024-02-22 10:55:00+08:00,81.9000015258789,82.0,81.9000015258789,81.9000015258789,41132,0.0,0.0
2024-02-22 11:00:00+08:00,82.0,82.0,81.69999694824219,81.69999694824219,50305,0.0,0.0
2024-02-22 11:05:00+08:00,81.69999694824219,81.69999694824219,81.5999984741211,81.5999984741211,51020,0.0,0.0
2024-02-22 11:10:00+08:00,81.5999984741211,81.80000305175781,81.5999984741211,81.80000305175781,22000,0.0,0.0
2024-02-22 11:15:00+08:00,81.80000305175781,81.80000305175781,81.5999984741211,81.5999984741211,27217,0.0,0.0
2024-02-22 11:20:00+08:00,81.5999984741211,81.5999984741211,81.19999694824219,81.30000305175781,219267,0.0,0.0
2024-02-22 11:25:00+08:00,81.30000305175781,81.30000305175781,81.0,81.0999984741211,108404,0.0,0.0
2024-02-22 11:30:00+08:00,81.0,81.0999984741211,80.9000015258789,80.9000015258789,102536,0.0,0.0
2024-02-22 11:35:00+08:00,80.9000015258789,81.19999694824219,80.9000015258789,81.19999694824219,88321,0.0,0.0
2024-02-22 11:40:00+08:00,81.19999694824219,81.19999694824219,81.0999984741211,81.0999984741211,46374,0.0,0.0
2024-02-22 11:45:00+08:00,81.0999984741211,81.0999984741211,80.9000015258789,81.0,94424,0.0,0.0
2024-02-22 11:50:00+08:00,80.9000015258789,80.9000015258789,80.69999694824219,80.80000305175781,126496,0.0,0.0
2024-02-22 11:55:00+08:00,80.80000305175781,80.9000015258789,80.69999694824219,80.9000015258789,52534,0.0,0.0
2024-02-22 12:00:00+08:00,80.80000305175781,81.0999984741211,80.80000305175781,81.0999984741211,90731,0.0,0.0
2024-02-22 12:05:00+08:00,81.19999694824219,81.4000015258789,81.19999694824219,81.30000305175781,76212,0.0,0.0
2024-02-22 12:10:00+08:00,81.30000305175781,81.4000015258789,81.19999694824219,81.30000305175781,37221,0.0,0.0
2024-02-22 12:15:00+08:00,81.4000015258789,81.4000015258789,81.30000305175781,81.30000305175781,10015,0.0,0.0
2024-02-22 12:20:00+08:00,81.30000305175781,81.30000305175781,81.19999694824219,81.19999694824219,29786,0.0,0.0
2024-02-22 12:25:00+08:00,81.19999694824219,81.4000015258789,81.19999694824219,81.4000015258789,24283,0.0,0.0
2024-02-22 12:30:00+08:00,81.4000015258789,81.5999984741211,81.4000015258789,81.5,55200,0.0,0.0
2024-02-22 12:35:00+08:00,81.5,81.5,81.4000015258789,81.5,28336,0.0,0.0
2024-02-22 12:40:00+08:00,81.5,81.5999984741211,81.5,81.5999984741211,19237,0.0,0.0
2024-02-22 12:45:00+08:00,81.69999694824219,81.69999694824219,81.5,81.5999984741211,15280,0.0,0.0
2024-02-22 12:50:00+08:00,81.5,81.5999984741211,81.5,81.5999984741211,23308,0.0,0.0
2024-02-22 12:55:00+08:00,81.5999984741211,81.5999984741211,81.4000015258789,81.5999984741211,33100,0.0,0.0
2024-02-22 13:00:00+08:00,81.5999984741211,81.5999984741211,81.5,81.5,40123,0.0,0.0
2024-02-22 13:05:00+08:00,81.5,81.5,81.30000305175781,81.30000305175781,74615,0.0,0.0
2024-02-22 13:10:00+08:00,81.30000305175781,81.5,81.30000305175781,81.5,83582,0.0,0.0
2024-02-22 13:15:00+08:00,81.5,81.5999984741211,81.0999984741211,81.30000305175781,93105,0.0,0.0
2024-02-22 13:20:00+08:00,81.0999984741211,81.19999694824219,81.0,81.0,149884,0.0,0.0
2024-02-23 09:00:00+08:00,80.80000305175781,81.0,79.19999694824219,79.4000015258789,0,0.0,0.0
2024-02-23 09:05:00+08:00,79.4000015258789,80.4000015258789,79.4000015258789,80.30000305175781,279000,0.0,0.0
2024-02-23 09:10:00+08:00,80.30000305175781,80.4000015258789,79.69999694824219,79.69999694824219,199479,0.0,0.0
2024-02-23 09:15:00+08:00,79.80000305175781,80.0999984741211,79.69999694824219,80.0,117724,0.0,0.0
2024-02-23 09:20:00+08:00,80.0,80.0,79.4000015258789,79.5,165570,0.0,0.0
2024-02-23 09:25:00+08:00,79.5999984741211,79.80000305175781,79.4000015258789,79.5,129576,0.0,0.0
2024-02-23 09:30:00+08:00,79.5999984741211,79.5999984741211,78.9000015258789,79.19999694824219,454614,0.0,0.0
2024-02-23 09:35:00+08:00,79.19999694824219,80.30000305175781,79.19999694824219,80.19999694824219,258772,0.0,0.0
2024-02-23 09:40:00+08:00,80.19999694824219,80.5,79.80000305175781,80.4000015258789,134430,0.0,0.0
2024-02-23 09:45:00+08:00,80.30000305175781,80.30000305175781,79.80000305175781,79.80000305175781,43380,0.0,0.0
2024-02-23 09:50:00+08:00,79.80000305175781,80.0,79.69999694824219,80.0,50263,0.0,0.0
2024-02-23 09:55:00+08:00,80.0999984741211,80.9000015258789,80.0999984741211,80.9000015258789,128110,0.0,0.0
2024-02-23 10:00:00+08:00,80.9000015258789,81.30000305175781,80.5999984741211,80.5999984741211,161327,0.0,0.0
2024-02-23 10:05:00+08:00,80.69999694824219,80.69999694824219,80.5,80.5,33100,0.0,0.0
2024-02-23 10:10:00+08:00,80.5999984741211,80.9000015258789,80.5999984741211,80.9000015258789,48150,0.0,0.0
2024-02-23 10:15:00+08:00,80.9000015258789,80.9000015258789,80.69999694824219,80.69999694824219,66446,0.0,0.0
2024-02-23 10:20:00+08:00,80.5999984741211,80.69999694824219,80.5999984741211,80.69999694824219,28100,0.0,0.0
2024-02-23 10:25:00+08:00,80.80000305175781,80.80000305175781,80.69999694824219,80.69999694824219,29005,0.0,0.0
2024-02-23 10:30:00+08:00,80.69999694824219,80.80000305175781,80.69999694824219,80.69999694824219,10005,0.0,0.0
2024-02-23 10:35:00+08:00,80.80000305175781,80.80000305175781,80.5,80.5,36858,0.0,0.0
2024-02-23 10:40:00+08:00,80.4000015258789,80.4000015258789,80.30000305175781,80.30000305175781,16521,0.0,0.0
2024-02-23 10:45:00+08:00,80.30000305175781,80.30000305175781,79.80000305175781,80.0,123715,0.0,0.0
2024-02-23 10:50:00+08:00,79.9000015258789,80.0999984741211,79.30000305175781,79.9000015258789,161209,0.0,0.0
2024-02-23 10:55:00+08:00,79.9000015258789,80.0999984741211,79.30000305175781,80.0,132098,0.0,0.0
2024-02-23 11:00:00+08:00,80.0999984741211,80.30000305175781,80.0999984741211,80.19999694824219,27028,0.0,0.0
2024-02-23 11:05:00+08:00,80.0999984741211,80.19999694824219,80.0999984741211,80.0999984741211,13032,0.0,0.0
2024-02-23 11:10:00+08:00,80.0999984741211,80.30000305175781,80.0999984741211,80.0999984741211,34200,0.0,0.0
2024-02-23 11:15:00+08:00,80.0999984741211,80.0999984741211,80.0,80.0,26060,0.0,0.0
2024-02-23 11:20:00+08:00,80.0,80.0999984741211,79.9000015258789,80.0999984741211,18090,0.0,0.0
2024-02-23 11:25:00+08:00,80.0999984741211,80.19999694824219,80.0999984741211,80.0999984741211,16000,0.0,0.0
2024-02-23 11:30:00+08:00,80.0999984741211,80.19999694824219,80.0,80.0,37150,0.0,0.0
2024-02-23 11:35:00+08:00,80.0,80.0,80.0,80.0,4010,0.0,0.0
2024-02-23 11:40:00+08:00,79.9000015258789,79.9000015258789,79.80000305175781,79.80000305175781,26335,0.0,0.0
2024-02-23 11:45:00+08:00,79.80000305175781,79.80000305175781,79.4000015258789,79.5,109825,0.0,0.0
2024-02-23 11:50:00+08:00,79.4000015258789,79.5999984741211,79.4000015258789,79.5,49636,0.0,0.0
2024-02-23 11:55:00+08:00,79.5,79.5,79.19999694824219,79.30000305175781,79740,0.0,0.0
2024-02-23 12:00:00+08:00,79.4000015258789,79.5,79.19999694824219,79.30000305175781,34954,0.0,0.0
2024-02-23 12:05:00+08:00,79.30000305175781,79.5999984741211,79.30000305175781,79.5,62351,0.0,0.0
2024-02-23 12:10:00+08:00,79.69999694824219,79.80000305175781,79.5,79.80000305175781,54552,0.0,0.0
2024-02-23 12:15:00+08:00,79.80000305175781,80.0,79.69999694824219,80.0,48020,0.0,0.0
2024-02-23 12:20:00+08:00,80.0,80.0,79.69999694824219,79.9000015258789,35183,0.0,0.0
2024-02-23 12:25:00+08:00,79.69999694824219,79.80000305175781,79.5999984741211,79.5999984741211,29499,0.0,0.0
2024-02-23 12:30:00+08:00,79.80000305175781,79.80000305175781,79.5999984741211,79.69999694824219,11000,0.0,0.0
2024-02-23 12:35:00+08:00,79.80000305175781,79.80000305175781,79.69999694824219,79.69999694824219,16000,0.0,0.0
2024-02-23 12:40:00+08:00,79.69999694824219,79.69999694824219,79.5999984741211,79.69999694824219,14150,0.0,0.0
2024-02-23 12:45:00+08:00,79.69999694824219,79.69999694824219,79.4000015258789,79.4000015258789,80587,0.0,0.0
2024-02-23 12:50:00+08:00,79.5,79.5,79.4000015258789,79.5,20700,0.0,0.0
2024-02-23 12:55:00+08:00,79.5,80.0999984741211,79.5,80.0,164665,0.0,0.0
2024-02-23 13:00:00+08:00,80.0,80.0,79.9000015258789,80.0,39600,0.0,0.0
2024-02-23 13:05:00+08:00,79.9000015258789,80.5,79.9000015258789,80.4000015258789,309266,0.0,0.0
2024-02-23 13:10:00+08:00,80.30000305175781,80.4000015258789,80.19999694824219,80.19999694824219,40650,0.0,0.0
2024-02-23 13:15:00+08:00,80.19999694824219,80.4000015258789,79.9000015258789,79.9000015258789,136000,0.0,0.0
2024-02-23 13:20:00+08:00,79.9000015258789,80.0,79.5999984741211,79.9000015258789,215440,0.0,0.0
2024-02-26 09:00:00+08:00,80.0,80.0999984741211,79.19999694824219,79.69999694824219,0,0.0,0.0
2024-02-26 09:05:00+08:00,79.69999694824219,79.9000015258789,79.69999694824219,79.80000305175781,75974,0.0,0.0
2024-02-26 09:10:00+08:00,79.80000305175781,80.5,79.80000305175781,80.5,142440,0.0,0.0
2024-02-26 09:15:00+08:00,80.5,81.30000305175781,80.5,81.0999984741211,446536,0.0,0.0
2024-02-26 09:20:00+08:00,80.9000015258789,81.4000015258789,80.69999694824219,80.69999694824219,175060,0.0,0.0
2024-02-26 09:25:00+08:00,80.80000305175781,81.4000015258789,80.80000305175781,81.4000015258789,156550,0.0,0.0
2024-02-26 09:30:00+08:00,81.4000015258789,81.9000015258789,81.30000305175781,81.80000305175781,307800,0.0,0.0
2024-02-26 09:35:00+08:00,81.80000305175781,82.69999694824219,81.69999694824219,82.5,484531,0.0,0.0
2024-02-26 09:40:00+08:00,82.4000015258789,82.69999694824219,82.19999694824219,82.69999694824219,203692,0.0,0.0
2024-02-26 09:45:00+08:00,82.5999984741211,83.4000015258789,82.5,82.80000305175781,628076,0.0,0.0
2024-02-26 09:50:00+08:00,82.80000305175781,83.0,82.0,82.0,194094,0.0,0.0
2024-02-26 09:55:00+08:00,82.0,82.5,82.0,82.5,189073,0.0,0.0
2024-02-26 10:00:00+08:00,82.5,82.5,81.5,81.5,202001,0.0,0.0
2024-02-26 10:05:00+08:00,81.5,82.0999984741211,81.5,81.80000305175781,84120,0.0,0.0
2024-02-26 10:10:00+08:00,81.9000015258789,82.19999694824219,81.9000015258789,82.19999694824219,34020,0.0,0.0
2024-02-26 10:15:00+08:00,82.30000305175781,82.4000015258789,82.19999694824219,82.30000305175781,59000,0.0,0.0
2024-02-26 10:20:00+08:00,82.30000305175781,82.4000015258789,82.19999694824219,82.4000015258789,40300,0.0,0.0
2024-02-26 10:25:00+08:00,82.4000015258789,82.5,82.30000305175781,82.30000305175781,77524,0.0,0.0
2024-02-26 10:30:00+08:00,82.30000305175781,82.30000305175781,82.19999694824219,82.30000305175781,39125,0.0,0.0
2024-02-26 10:35:00+08:00,82.30000305175781,82.5999984741211,82.30000305175781,82.5,39130,0.0,0.0
2024-02-26 10:40:00+08:00,82.5,82.5999984741211,82.30000305175781,82.30000305175781,46245,0.0,0.0
2024-02-26 10:45:00+08:00,82.30000305175781,82.5999984741211,82.30000305175781,82.5999984741211,29000,0.0,0.0
2024-02-26 10:50:00+08:00,82.5999984741211,82.69999694824219,82.30000305175781,82.5,34803,0.0,0.0
2024-02-26 10:55:00+08:00,82.5,82.5,82.30000305175781,82.5,32165,0.0,0.0
2024-02-26 11:00:00+08:00,82.5,82.5999984741211,82.4000015258789,82.5,16100,0.0,0.0
2024-02-26 11:05:00+08:00,82.5,82.69999694824219,82.5,82.69999694824219,39984,0.0,0.0
2024-02-26 11:10:00+08:00,82.69999694824219,82.69999694824219,82.4000015258789,82.4000015258789,45250,0.0,0.0
2024-02-26 11:15:00+08:00,82.4000015258789,82.5,82.4000015258789,82.5,31120,0.0,0.0
2024-02-26 11:20:00+08:00,82.5,82.5,82.4000015258789,82.5,30605,0.0,0.0
2024-02-26 11:25:00+08:00,82.5,82.5,82.30000305175781,82.4000015258789,30071,0.0,0.0
2024-02-26 11:30:00+08:00,82.4000015258789,82.4000015258789,82.30000305175781,82.4000015258789,20308,0.0,0.0
2024-02-26 11:35:00+08:00,82.4000015258789,82.4000015258789,82.30000305175781,82.30000305175781,28062,0.0,0.0
2024-02-26 11:40:00+08:00,82.30000305175781,82.30000305175781,82.19999694824219,82.30000305175781,16309,0.0,0.0
2024-02-26 11:45:00+08:00,82.30000305175781,82.30000305175781,82.19999694824219,82.30000305175781,20000,0.0,0.0
2024-02-26 11:50:00+08:00,82.30000305175781,82.30000305175781,82.0,82.0999984741211,112050,0.0,0.0
2024-02-26 11:55:00+08:00,82.0999984741211,82.0999984741211,82.0999984741211,82.0999984741211,5465,0.0,0.0
2024-02-26 12:00:00+08:00,82.0999984741211,82.0999984741211,81.80000305175781,81.80000305175781,85535,0.0,0.0
2024-02-26 12:05:00+08:00,81.80000305175781,81.80000305175781,81.69999694824219,81.80000305175781,34001,0.0,0.0
2024-02-26 12:10:00+08:00,81.80000305175781,81.80000305175781,81.69999694824219,81.69999694824219,31875,0.0,0.0
2024-02-26 12:15:00+08:00,81.69999694824219,81.9000015258789,81.69999694824219,81.80000305175781,26080,0.0,0.0
2024-02-26 12:20:00+08:00,81.80000305175781,81.80000305175781,81.69999694824219,81.69999694824219,37000,0.0,0.0
2024-02-26 12:25:00+08:00,81.69999694824219,81.80000305175781,81.69999694824219,81.80000305175781,9500,0.0,0.0
2024-02-26 12:30:00+08:00,81.69999694824219,81.69999694824219,81.30000305175781,81.5,167551,0.0,0.0
2024-02-26 12:35:00+08:00,81.5,81.5999984741211,81.5,81.5,15000,0.0,0.0
2024-02-26 12:40:00+08:00,81.5,81.5,81.4000015258789,81.4000015258789,26020,0.0,0.0
2024-02-26 12:45:00+08:00,81.4000015258789,81.5,81.30000305175781,81.30000305175781,66341,0.0,0.0
2024-02-26 12:50:00+08:00,81.5,81.5,81.4000015258789,81.4000015258789,14000,0.0,0.0
2024-02-26 12:55:00+08:00,81.5,81.5,81.30000305175781,81.30000305175781,16240,0.0,0.0
2024-02-26 13:00:00+08:00,81.30000305175781,81.4000015258789,81.19999694824219,81.19999694824219,53000,0.0,0.0
2024-02-26 13:05:00+08:00,81.30000305175781,81.4000015258789,81.19999694824219,81.30000305175781,33212,0.0,0.0
2024-02-26 13:10:00+08:00,81.19999694824219,81.4000015258789,81.19999694824219,81.4000015258789,79093,0.0,0.0
2024-02-26 13:15:00+08:00,81.4000015258789,81.4000015258789,81.30000305175781,81.4000015258789,54009,0.0,0.0
2024-02-26 13:20:00+08:00,81.30000305175781,81.5,81.30000305175781,81.4000015258789,69477,0.0,0.0
2024-02-27 09:00:00+08:00,83.0,83.4000015258789,82.19999694824219,83.4000015258789,0,0.0,0.0
2024-02-27 09:05:00+08:00,83.30000305175781,83.69999694824219,83.0,83.4000015258789,628000,0.0,0.0
2024-02-27 09:10:00+08:00,83.4000015258789,83.5,82.9000015258789,83.5,272457,0.0,0.0
2024-02-27 09:15:00+08:00,83.4000015258789,83.9000015258789,83.0999984741211,83.9000015258789,320015,0.0,0.0
2024-02-27 09:20:00+08:00,83.9000015258789,84.0,83.5,83.9000015258789,464694,0.0,0.0
2024-02-27 09:25:00+08:00,83.9000015258789,84.5,83.69999694824219,84.5,576771,0.0,0.0
2024-02-27 09:30:00+08:00,84.5,84.5,83.5,83.5999984741211,375667,0.0,0.0
2024-02-27 09:35:00+08:00,83.5999984741211,83.5999984741211,83.0999984741211,83.19999694824219,161390,0.0,0.0
2024-02-27 09:40:00+08:00,83.19999694824219,83.4000015258789,83.19999694824219,83.19999694824219,125876,0.0,0.0
2024-02-27 09:45:00+08:00,83.30000305175781,83.4000015258789,83.0999984741211,83.19999694824219,81735,0.0,0.0
2024-02-27 09:50:00+08:00,83.19999694824219,83.30000305175781,83.19999694824219,83.19999694824219,30036,0.0,0.0
2024-02-27 09:55:00+08:00,83.19999694824219,83.19999694824219,82.30000305175781,82.30000305175781,364140,0.0,0.0
2024-02-27 10:00:00+08:00,82.30000305175781,82.5,81.5999984741211,81.5999984741211,302266,0.0,0.0
2024-02-27 10:05:00+08:00,81.69999694824219,82.19999694824219,81.5,81.69999694824219,155949,0.0,0.0
2024-02-27 10:10:00+08:00,81.69999694824219,81.69999694824219,80.9000015258789,80.9000015258789,337425,0.0,0.0
2024-02-27 10:15:00+08:00,80.9000015258789,81.19999694824219,80.5999984741211,81.19999694824219,295489,0.0,0.0
2024-02-27 10:20:00+08:00,81.30000305175781,81.69999694824219,81.19999694824219,81.4000015258789,168493,0.0,0.0
2024-02-27 10:25:00+08:00,81.4000015258789,81.5,81.19999694824219,81.19999694824219,69784,0.0,0.0
2024-02-27 10:30:00+08:00,81.4000015258789,81.5,81.0,81.5,103939,0.0,0.0
2024-02-27 10:35:00+08:00,81.30000305175781,81.69999694824219,81.30000305175781,81.69999694824219,64600,0.0,0.0
2024-02-27 10:40:00+08:00,81.69999694824219,81.69999694824219,81.30000305175781,81.5,99000,0.0,0.0
2024-02-27 10:45:00+08:00,81.4000015258789,81.5999984741211,81.30000305175781,81.5999984741211,35175,0.0,0.0
2024-02-27 10:50:00+08:00,81.5,81.69999694824219,81.4000015258789,81.5999984741211,45032,0.0,0.0
2024-02-27 10:55:00+08:00,81.5999984741211,81.9000015258789,81.5999984741211,81.9000015258789,55241,0.0,0.0
2024-02-27 11:00:00+08:00,81.9000015258789,82.30000305175781,81.9000015258789,82.19999694824219,72684,0.0,0.0
2024-02-27 11:05:00+08:00,82.30000305175781,82.4000015258789,82.0999984741211,82.19999694824219,49390,0.0,0.0
2024-02-27 11:10:00+08:00,82.19999694824219,82.5,82.19999694824219,82.5,37000,0.0,0.0
2024-02-27 11:15:00+08:00,82.5,82.80000305175781,82.4000015258789,82.80000305175781,100130,0.0,0.0
2024-02-27 11:20:00+08:00,82.80000305175781,82.80000305175781,82.69999694824219,82.80000305175781,37300,0.0,0.0
2024-02-27 11:25:00+08:00,82.69999694824219,83.0,82.69999694824219,82.9000015258789,77544,0.0,0.0
2024-02-27 11:30:00+08:00,82.9000015258789,83.19999694824219,82.9000015258789,83.0,117674,0.0,0.0
2024-02-27 11:35:00+08:00,83.0,83.0,82.9000015258789,82.9000015258789,25000,0.0,0.0
2024-02-27 11:40:00+08:00,82.9000015258789,82.9000015258789,82.80000305175781,82.80000305175781,32112,0.0,0.0
2024-02-27 11:45:00+08:00,82.80000305175781,82.9000015258789,82.69999694824219,82.80000305175781,28013,0.0,0.0
2024-02-27 11:50:00+08:00,82.69999694824219,82.69999694824219,82.19999694824219,82.19999694824219,65560,0.0,0.0
2024-02-27 11:55:00+08:00,82.19999694824219,82.30000305175781,82.19999694824219,82.19999694824219,38067,0.0,0.0
2024-02-27 12:00:00+08:00,82.19999694824219,82.19999694824219,82.0999984741211,82.0999984741211,50239,0.0,0.0
2024-02-27 12:05:00+08:00,82.0999984741211,82.0999984741211,82.0999984741211,82.0999984741211,16180,0.0,0.0
2024-02-27 12:10:00+08:00,82.0999984741211,82.0999984741211,82.0999984741211,82.0999984741211,28173,0.0,0.0
2024-02-27 12:15:00+08:00,82.19999694824219,82.30000305175781,82.19999694824219,82.30000305175781,16050,0.0,0.0
2024-02-27 12:20:00+08:00,82.30000305175781,82.5,82.30000305175781,82.4000015258789,31218,0.0,0.0
2024-02-27 12:25:00+08:00,82.4000015258789,82.4000015258789,82.4000015258789,82.4000015258789,12528,0.0,0.0
2024-02-27 12:30:00+08:00,82.4000015258789,82.4000015258789,82.30000305175781,82.30000305175781,38100,0.0,0.0
2024-02-27 12:35:00+08:00,82.30000305175781,82.30000305175781,82.0999984741211,82.0999984741211,20000,0.0,0.0
2024-02-27 12:40:00+08:00,82.0999984741211,82.4000015258789,82.0999984741211,82.4000015258789,20050,0.0,0.0
2024-02-27 12:45:00+08:00,82.4000015258789,82.5,82.4000015258789,82.4000015258789,46000,0.0,0.0
2024-02-27 12:50:00+08:00,82.4000015258789,82.5,82.4000015258789,82.4000015258789,24360,0.0,0.0
2024-02-27 12:55:00+08:00,82.4000015258789,82.5,82.19999694824219,82.4000015258789,109100,0.0,0.0
2024-02-27 13:00:00+08:00,82.4000015258789,82.4000015258789,82.19999694824219,82.4000015258789,24050,0.0,0.0
2024-02-27 13:05:00+08:00,82.4000015258789,82.4000015258789,82.30000305175781,82.30000305175781,62450,0.0,0.0
2024-02-27 13:10:00+08:00,82.30000305175781,82.4000015258789,82.19999694824219,82.19999694824219,92549,0.0,0.0
2024-02-27 13:15:00+08:00,82.19999694824219,82.4000015258789,82.19999694824219,82.30000305175781,112075,0.0,0.0
2024-02-27 13:20:00+08:00,82.30000305175781,82.30000305175781,82.0999984741211,82.30000305175781,111766,0.0,0.0
2024-02-29 09:00:00+08:00,82.69999694824219,82.80000305175781,81.9000015258789,82.4000015258789,0,0.0,0.0
2024-02-29 09:05:00+08:00,82.5,83.4000015258789,82.4000015258789,83.19999694824219,239000,0.0,0.0
2024-02-29 09:10:00+08:00,83.0999984741211,83.4000015258789,82.80000305175781,82.80000305175781,105615,0.0,0.0
2024-02-29 09:15:00+08:00,82.69999694824219,83.30000305175781,82.69999694824219,83.30000305175781,98448,0.0,0.0
2024-02-29 09:20:00+08:00,83.30000305175781,83.9000015258789,83.0999984741211,83.0999984741211,292474,0.0,0.0
2024-02-29 09:25:00+08:00,83.0999984741211,83.30000305175781,83.0999984741211,83.19999694824219,78596,0.0,0.0
2024-02-29 09:30:00+08:00,83.19999694824219,83.30000305175781,83.0999984741211,83.30000305175781,51417,0.0,0.0
2024-02-29 09:35:00+08:00,83.30000305175781,83.30000305175781,82.69999694824219,82.69999694824219,158731,0.0,0.0
2024-02-29 09:40:00+08:00,82.69999694824219,83.0,82.69999694824219,82.9000015258789,38100,0.0,0.0
2024-02-29 09:45:00+08:00,82.9000015258789,83.5,82.9000015258789,83.5,136270,0.0,0.0
2024-02-29 09:50:00+08:00,83.4000015258789,84.0999984741211,83.4000015258789,83.9000015258789,453112,0.0,0.0
2024-02-29 09:55:00+08:00,83.9000015258789,84.0,83.5,84.0,150842,0.0,0.0
2024-02-29 10:00:00+08:00,84.0,84.0,83.69999694824219,83.80000305175781,58422,0.0,0.0
2024-02-29 10:05:00+08:00,83.80000305175781,83.9000015258789,83.69999694824219,83.80000305175781,67158,0.0,0.0
2024-02-29 10:10:00+08:00,83.69999694824219,83.9000015258789,83.5,83.9000015258789,95211,0.0,0.0
2024-02-29 10:15:00+08:00,83.9000015258789,83.9000015258789,83.5,83.5,58000,0.0,0.0
2024-02-29 10:20:00+08:00,83.5999984741211,83.80000305175781,83.5999984741211,83.80000305175781,22445,0.0,0.0
2024-02-29 10:25:00+08:00,83.9000015258789,83.9000015258789,83.69999694824219,83.80000305175781,75740,0.0,0.0
2024-02-29 10:30:00+08:00,83.80000305175781,83.80000305175781,83.5999984741211,83.69999694824219,39166,0.0,0.0
2024-02-29 10:35:00+08:00,83.69999694824219,83.80000305175781,83.5999984741211,83.5999984741211,21451,0.0,0.0
2024-02-29 10:40:00+08:00,83.69999694824219,83.69999694824219,83.5,83.5,41085,0.0,0.0
2024-02-29 10:45:00+08:00,83.5,83.5999984741211,83.5,83.5999984741211,10120,0.0,0.0
2024-02-29 10:50:00+08:00,83.5999984741211,84.80000305175781,83.5999984741211,84.69999694824219,914683,0.0,0.0
2024-02-29 10:55:00+08:00,84.5999984741211,84.69999694824219,84.30000305175781,84.5,225735,0.0,0.0
2024-02-29 11:00:00+08:00,84.5,84.5999984741211,84.19999694824219,84.4000015258789,95700,0.0,0.0
2024-02-29 11:05:00+08:00,84.30000305175781,84.30000305175781,84.0,84.0999984741211,107559,0.0,0.0
2024-02-29 11:10:00+08:00,84.0999984741211,84.19999694824219,83.9000015258789,84.19999694824219,43160,0.0,0.0
2024-02-29 11:15:00+08:00,84.19999694824219,84.4000015258789,84.19999694824219,84.4000015258789,63340,0.0,0.0
2024-02-29 11:20:00+08:00,84.30000305175781,84.4000015258789,84.0,84.0,113738,0.0,0.0
2024-02-29 11:25:00+08:00,84.0,84.0999984741211,84.0,84.0,20138,0.0,0.0
2024-02-29 11:30:00+08:00,83.9000015258789,83.9000015258789,83.69999694824219,83.80000305175781,63284,0.0,0.0
2024-02-29 11:35:00+08:00,83.80000305175781,83.9000015258789,83.80000305175781,83.9000015258789,38000,0.0,0.0
2024-02-29 11:40:00+08:00,83.9000015258789,84.0,83.9000015258789,84.0,27000,0.0,0.0
2024-02-29 11:45:00+08:00,84.0,84.80000305175781,84.0,84.69999694824219,335150,0.0,0.0
2024-02-29 11:50:00+08:00,84.69999694824219,84.69999694824219,84.0,84.4000015258789,72240,0.0,0.0
2024-02-29 11:55:00+08:00,84.4000015258789,84.4000015258789,84.19999694824219,84.19999694824219,56584,0.0,0.0
2024-02-29 12:00:00+08:00,84.0999984741211,84.0999984741211,84.0,84.0999984741211,48455,0.0,0.0
2024-02-29 12:05:00+08:00,84.0999984741211,84.19999694824219,84.0999984741211,84.19999694824219,32175,0.0,0.0
2024-02-29 12:10:00+08:00,84.30000305175781,84.30000305175781,84.0999984741211,84.0999984741211,38375,0.0,0.0
2024-02-29 12:15:00+08:00,84.19999694824219,84.30000305175781,84.19999694824219,84.30000305175781,14100,0.0,0.0
2024-02-29 12:20:00+08:00,84.19999694824219,84.4000015258789,84.19999694824219,84.30000305175781,61803,0.0,0.0
2024-02-29 12:25:00+08:00,84.30000305175781,84.4000015258789,84.19999694824219,84.19999694824219,38119,0.0,0.0
2024-02-29 12:30:00+08:00,84.19999694824219,84.4000015258789,84.19999694824219,84.30000305175781,77680,0.0,0.0
2024-02-29 12:35:00+08:00,84.30000305175781,84.4000015258789,84.30000305175781,84.30000305175781,10010,0.0,0.0
2024-02-29 12:40:00+08:00,84.30000305175781,84.30000305175781,84.30000305175781,84.30000305175781,12450,0.0,0.0
2024-02-29 12:45:00+08:00,84.4000015258789,84.5999984741211,84.30000305175781,84.5999984741211,162120,0.0,0.0
2024-02-29 12:50:00+08:00,84.5999984741211,84.5999984741211,84.4000015258789,84.4000015258789,87022,0.0,0.0
2024-02-29 12:55:00+08:00,84.4000015258789,84.5,84.19999694824219,84.30000305175781,113854,0.0,0.0
2024-02-29 13:00:00+08:00,84.30000305175781,84.5,84.19999694824219,84.5,61830,0.0,0.0
2024-02-29 13:05:00+08:00,84.5,84.5999984741211,84.4000015258789,84.5,58216,0.0,0.0
2024-02-29 13:10:00+08:00,84.5999984741211,84.80000305175781,84.5,84.80000305175781,231711,0.0,0.0
2024-02-29 13:15:00+08:00,84.80000305175781,84.9000015258789,84.5,84.9000015258789,191049,0.0,0.0
2024-02-29 13:20:00+08:00,84.9000015258789,84.9000015258789,84.5999984741211,84.5999984741211,180518,0.0,0.0
2024-03-01 09:00:00+08:00,84.4000015258789,84.4000015258789,82.5999984741211,82.80000305175781,0,0.0,0.0
2024-03-01 09:05:00+08:00,82.69999694824219,83.30000305175781,82.69999694824219,83.19999694824219,288000,0.0,0.0
2024-03-01 09:10:00+08:00,83.19999694824219,83.80000305175781,83.19999694824219,83.5,356345,0.0,0.0
2024-03-01 09:15:00+08:00,83.5,84.5,83.5,83.80000305175781,283173,0.0,0.0
2024-03-01 09:20:00+08:00,83.69999694824219,84.30000305175781,83.69999694824219,84.19999694824219,165989,0.0,0.0
2024-03-01 09:25:00+08:00,84.30000305175781,84.4000015258789,83.9000015258789,84.19999694824219,113000,0.0,0.0
2024-03-01 09:30:00+08:00,84.0999984741211,84.30000305175781,84.0999984741211,84.19999694824219,40209,0.0,0.0
2024-03-01 09:35:00+08:00,84.19999694824219,84.19999694824219,83.5,83.5999984741211,254396,0.0,0.0
2024-03-01 09:40:00+08:00,83.69999694824219,83.69999694824219,83.30000305175781,83.4000015258789,174513,0.0,0.0
2024-03-01 09:45:00+08:00,83.30000305175781,83.5,83.30000305175781,83.30000305175781,50185,0.0,0.0
2024-03-01 09:50:00+08:00,83.4000015258789,83.5,83.30000305175781,83.4000015258789,36100,0.0,0.0
2024-03-01 09:55:00+08:00,83.4000015258789,83.4000015258789,83.0999984741211,83.30000305175781,120277,0.0,0.0
2024-03-01 10:00:00+08:00,83.4000015258789,83.4000015258789,83.19999694824219,83.30000305175781,37145,0.0,0.0
2024-03-01 10:05:00+08:00,83.19999694824219,83.4000015258789,83.0,83.19999694824219,114255,0.0,0.0
2024-03-01 10:10:00+08:00,83.0999984741211,83.0999984741211,82.5999984741211,82.69999694824219,558209,0.0,0.0
2024-03-01 10:15:00+08:00,82.69999694824219,82.9000015258789,82.5999984741211,82.9000015258789,123866,0.0,0.0
2024-03-01 10:20:00+08:00,82.9000015258789,83.0,82.80000305175781,82.9000015258789,57150,0.0,0.0
2024-03-01 10:25:00+08:00,82.9000015258789,83.0,82.69999694824219,82.80000305175781,81500,0.0,0.0
2024-03-01 10:30:00+08:00,82.80000305175781,82.9000015258789,82.80000305175781,82.9000015258789,21350,0.0,0.0
2024-03-01 10:35:00+08:00,82.9000015258789,83.0999984741211,82.9000015258789,83.0999984741211,43112,0.0,0.0
2024-03-01 10:40:00+08:00,83.0999984741211,83.0999984741211,83.0,83.0,20500,0.0,0.0
2024-03-01 10:45:00+08:00,83.0,83.0,82.9000015258789,82.9000015258789,22000,0.0,0.0
2024-03-01 10:50:00+08:00,82.80000305175781,83.19999694824219,82.80000305175781,83.0999984741211,62229,0.0,0.0
2024-03-01 10:55:00+08:00,83.19999694824219,83.19999694824219,82.80000305175781,82.80000305175781,95216,0.0,0.0
2024-03-01 11:00:00+08:00,82.9000015258789,82.9000015258789,82.69999694824219,82.80000305175781,98690,0.0,0.0
2024-03-01 11:05:00+08:00,82.69999694824219,82.80000305175781,82.5999984741211,82.80000305175781,54110,0.0,0.0
2024-03-01 11:10:00+08:00,82.69999694824219,83.0,82.5999984741211,83.0,149034,0.0,0.0
2024-03-01 11:15:00+08:00,83.0,83.0999984741211,82.80000305175781,82.9000015258789,25016,0.0,0.0
2024-03-01 11:20:00+08:00,82.9000015258789,82.9000015258789,82.9000015258789,82.9000015258789,11000,0.0,0.0
2024-03-01 11:25:00+08:00,83.0,83.0,82.80000305175781,82.9000015258789,36105,0.0,0.0
2024-03-01 11:30:00+08:00,82.9000015258789,83.0,82.80000305175781,83.0,24008,0.0,0.0
2024-03-01 11:35:00+08:00,83.0999984741211,83.4000015258789,83.0999984741211,83.19999694824219,62312,0.0,0.0
2024-03-01 11:40:00+08:00,83.30000305175781,83.4000015258789,83.30000305175781,83.30000305175781,18590,0.0,0.0
2024-03-01 11:45:00+08:00,83.4000015258789,83.5,83.30000305175781,83.4000015258789,38250,0.0,0.0
2024-03-01 11:50:00+08:00,83.4000015258789,83.4000015258789,83.19999694824219,83.19999694824219,19150,0.0,0.0
2024-03-01 11:55:00+08:00,83.19999694824219,83.19999694824219,83.19999694824219,83.19999694824219,12200,0.0,0.0
2024-03-01 12:00:00+08:00,83.19999694824219,83.30000305175781,83.19999694824219,83.30000305175781,48571,0.0,0.0
2024-03-01 12:05:00+08:00,83.19999694824219,83.30000305175781,82.80000305175781,83.0,141850,0.0,0.0
2024-03-01 12:10:00+08:00,83.0,83.0999984741211,82.9000015258789,82.9000015258789,24000,0.0,0.0
2024-03-01 12:15:00+08:00,83.0999984741211,83.19999694824219,82.9000015258789,83.19999694824219,23200,0.0,0.0
2024-03-01 12:20:00+08:00,83.0999984741211,83.0999984741211,83.0,83.0,51283,0.0,0.0
2024-03-01 12:25:00+08:00,82.9000015258789,82.9000015258789,82.80000305175781,82.9000015258789,58361,0.0,0.0
2024-03-01 12:30:00+08:00,82.80000305175781,83.0999984741211,82.80000305175781,83.0999984741211,70014,0.0,0.0
2024-03-01 12:35:00+08:00,83.0999984741211,83.0999984741211,83.0,83.0999984741211,16210,0.0,0.0
2024-03-01 12:40:00+08:00,83.0,83.0,82.80000305175781,82.9000015258789,34420,0.0,0.0
2024-03-01 12:45:00+08:00,82.9000015258789,82.9000015258789,82.80000305175781,82.9000015258789,20010,0.0,0.0
2024-03-01 12:50:00+08:00,82.80000305175781,83.0,82.80000305175781,82.9000015258789,40030,0.0,0.0
2024-03-01 12:55:00+08:00,82.9000015258789,83.0,82.80000305175781,82.9000015258789,33193,0.0,0.0
2024-03-01 13:00:00+08:00,82.80000305175781,82.9000015258789,82.80000305175781,82.80000305175781,33006,0.0,0.0
2024-03-01 13:05:00+08:00,82.80000305175781,82.80000305175781,82.69999694824219,82.69999694824219,82220,0.0,0.0
2024-03-01 13:10:00+08:00,82.69999694824219,82.69999694824219,82.5999984741211,82.69999694824219,86875,0.0,0.0
2024-03-01 13:15:00+08:00,82.5999984741211,82.69999694824219,82.5999984741211,82.69999694824219,100320,0.0,0.0
2024-03-01 13:20:00+08:00,82.69999694824219,82.69999694824219,82.5999984741211,82.69999694824219,164064,0.0,0.0
2024-03-04 09:00:00+08:00,82.5999984741211,83.5999984741211,81.80000305175781,83.30000305175781,0,0.0,0.0
2024-03-04 09:05:00+08:00,83.30000305175781,83.4000015258789,83.0,83.30000305175781,280000,0.0,0.0
2024-03-04 09:10:00+08:00,83.30000305175781,83.30000305175781,82.80000305175781,82.80000305175781,295433,0.0,0.0
2024-03-04 09:15:00+08:00,82.80000305175781,83.5999984741211,82.5999984741211,83.0999984741211,302926,0.0,0.0
2024-03-04 09:20:00+08:00,83.19999694824219,83.19999694824219,82.5999984741211,82.69999694824219,172237,0.0,0.0
2024-03-04 09:25:00+08:00,82.5999984741211,82.69999694824219,82.19999694824219,82.30000305175781,182639,0.0,0.0
2024-03-04 09:30:00+08:00,82.30000305175781,82.30000305175781,81.80000305175781,82.0,317013,0.0,0.0
2024-03-04 09:35:00+08:00,82.0,82.30000305175781,81.9000015258789,82.30000305175781,122398,0.0,0.0
2024-03-04 09:40:00+08:00,82.30000305175781,82.69999694824219,82.30000305175781,82.5999984741211,132603,0.0,0.0
2024-03-04 09:45:00+08:00,82.5999984741211,82.69999694824219,82.30000305175781,82.4000015258789,32108,0.0,0.0
2024-03-04 09:50:00+08:00,82.4000015258789,82.5999984741211,82.4000015258789,82.5,27432,0.0,0.0
2024-03-04 09:55:00+08:00,82.5,82.5,82.0999984741211,82.4000015258789,151082,0.0,0.0
2024-03-04 10:00:00+08:00,82.4000015258789,82.5,82.30000305175781,82.4000015258789,21935,0.0,0.0
2024-03-04 10:05:00+08:00,82.4000015258789,82.4000015258789,82.19999694824219,82.19999694824219,62265,0.0,0.0
2024-03-04 10:10:00+08:00,82.19999694824219,82.19999694824219,82.19999694824219,82.19999694824219,25119,0.0,0.0
2024-03-04 10:15:00+08:00,82.30000305175781,82.30000305175781,82.0,82.0999984741211,129289,0.0,0.0
2024-03-04 10:20:00+08:00,82.0999984741211,82.19999694824219,82.0,82.19999694824219,21730,0.0,0.0
2024-03-04 10:25:00+08:00,82.19999694824219,82.19999694824219,82.0,82.0,30577,0.0,0.0
2024-03-04 10:30:00+08:00,82.0999984741211,82.19999694824219,82.0999984741211,82.19999694824219,61932,0.0,0.0
2024-03-04 10:35:00+08:00,82.19999694824219,82.19999694824219,82.0999984741211,82.0999984741211,39199,0.0,0.0
2024-03-04 10:40:00+08:00,82.19999694824219,82.19999694824219,82.0999984741211,82.19999694824219,16272,0.0,0.0
2024-03-04 10:45:00+08:00,82.0999984741211,82.19999694824219,81.9000015258789,82.0,227303,0.0,0.0
2024-03-04 10:50:00+08:00,82.0,82.0,81.9000015258789,81.9000015258789,72869,0.0,0.0
2024-03-04 10:55:00+08:00,81.9000015258789,82.19999694824219,81.80000305175781,82.0999984741211,142801,0.0,0.0
2024-03-04 11:00:00+08:00,82.0,82.0999984741211,82.0,82.0,20461,0.0,0.0
2024-03-04 11:05:00+08:00,82.0,82.0,82.0,82.0,8424,0.0,0.0
2024-03-04 11:10:00+08:00,82.0,82.69999694824219,82.0,82.69999694824219,132212,0.0,0.0
2024-03-04 11:15:00+08:00,82.69999694824219,83.0999984741211,82.69999694824219,83.0,152231,0.0,0.0
2024-03-04 11:20:00+08:00,83.0,83.0,82.9000015258789,82.9000015258789,57237,0.0,0.0
2024-03-04 11:25:00+08:00,83.0,84.30000305175781,83.0,84.30000305175781,518376,0.0,0.0
2024-03-04 11:30:00+08:00,84.30000305175781,84.4000015258789,83.80000305175781,84.0,196318,0.0,0.0
2024-03-04 11:35:00+08:00,84.0,84.0999984741211,83.5999984741211,83.5999984741211,96010,0.0,0.0
2024-03-04 11:40:00+08:00,83.5,83.69999694824219,83.30000305175781,83.5,58143,0.0,0.0
2024-03-04 11:45:00+08:00,83.5999984741211,83.69999694824219,83.5,83.5,33467,0.0,0.0
2024-03-04 11:50:00+08:00,83.5,83.80000305175781,83.4000015258789,83.80000305175781,72764,0.0,0.0
2024-03-04 11:55:00+08:00,83.80000305175781,83.80000305175781,83.5,83.5,33126,0.0,0.0
2024-03-04 12:00:00+08:00,83.5,83.5999984741211,83.5,83.5,36879,0.0,0.0
2024-03-04 12:05:00+08:00,83.5,83.5,83.4000015258789,83.4000015258789,19395,0.0,0.0
2024-03-04 12:10:00+08:00,83.4000015258789,84.0,83.4000015258789,83.9000015258789,217549,0.0,0.0
2024-03-04 12:15:00+08:00,83.9000015258789,83.9000015258789,83.69999694824219,83.80000305175781,83346,0.0,0.0
2024-03-04 12:20:00+08:00,83.9000015258789,83.9000015258789,83.80000305175781,83.9000015258789,57703,0.0,0.0
2024-03-04 12:25:00+08:00,83.9000015258789,83.9000015258789,83.69999694824219,83.69999694824219,47980,0.0,0.0
2024-03-04 12:30:00+08:00,83.5999984741211,83.69999694824219,83.5,83.5999984741211,58411,0.0,0.0
2024-03-04 12:35:00+08:00,83.5999984741211,83.69999694824219,83.5999984741211,83.5999984741211,47830,0.0,0.0
2024-03-04 12:40:00+08:00,83.5999984741211,83.5999984741211,83.4000015258789,83.5,50530,0.0,0.0
2024-03-04 12:45:00+08:00,83.5,83.5999984741211,83.4000015258789,83.4000015258789,39162,0.0,0.0
2024-03-04 12:50:00+08:00,83.4000015258789,83.5,83.4000015258789,83.5,82168,0.0,0.0
2024-03-04 12:55:00+08:00,83.5,83.5999984741211,83.4000015258789,83.5999984741211,47507,0.0,0.0
2024-03-04 13:00:00+08:00,83.5999984741211,83.5999984741211,83.4000015258789,83.4000015258789,38659,0.0,0.0
2024-03-04 13:05:00+08:00,83.4000015258789,83.4000015258789,83.30000305175781,83.4000015258789,33414,0.0,0.0
2024-03-04 13:10:00+08:00,83.4000015258789,83.5,83.30000305175781,83.30000305175781,45747,0.0,0.0
2024-03-04 13:15:00+08:00,83.4000015258789,83.4000015258789,83.0999984741211,83.0999984741211,79781,0.0,0.0
2024-03-04 13:20:00+08:00,83.0999984741211,83.4000015258789,83.0999984741211,83.30000305175781,148174,0.0,0.0
2024-03-05 09:00:00+08:00,83.9000015258789,84.4000015258789,83.4000015258789,83.4000015258789,346000,0.0,0.0
2024-03-05 09:05:00+08:00,83.4000015258789,84.0,83.4000015258789,83.80000305175781,100832,0.0,0.0
2024-03-05 09:10:00+08:00,83.80000305175781,83.80000305175781,83.0999984741211,83.0999984741211,164127,0.0,0.0
2024-03-05 09:15:00+08:00,83.0999984741211,83.19999694824219,83.0,83.0,95281,0.0,0.0
2024-03-05 09:20:00+08:00,82.9000015258789,83.0,82.5,82.9000015258789,155646,0.0,0.0
2024-03-05 09:25:00+08:00,82.9000015258789,83.0,82.69999694824219,82.80000305175781,83540,0.0,0.0
2024-03-05 09:30:00+08:00,82.80000305175781,83.0,82.80000305175781,82.9000015258789,32608,0.0,0.0
2024-03-05 09:35:00+08:00,82.9000015258789,83.0,82.80000305175781,82.9000015258789,40935,0.0,0.0
2024-03-05 09:40:00+08:00,82.9000015258789,83.0,82.80000305175781,82.80000305175781,56870,0.0,0.0
2024-03-05 09:45:00+08:00,82.69999694824219,82.9000015258789,82.69999694824219,82.69999694824219,33072,0.0,0.0
2024-03-05 09:50:00+08:00,82.69999694824219,82.69999694824219,82.0999984741211,82.19999694824219,292624,0.0,0.0
2024-03-05 09:55:00+08:00,82.5,82.5999984741211,82.30000305175781,82.5,29116,0.0,0.0
2024-03-05 10:00:00+08:00,82.5,82.5999984741211,82.4000015258789,82.5999984741211,30144,0.0,0.0
2024-03-05 10:05:00+08:00,82.5999984741211,82.69999694824219,82.5,82.5,25805,0.0,0.0
2024-03-05 10:10:00+08:00,82.5999984741211,82.5999984741211,82.4000015258789,82.5,28332,0.0,0.0
2024-03-05 10:15:00+08:00,82.5,82.5,82.30000305175781,82.30000305175781,31511,0.0,0.0
2024-03-05 10:20:00+08:00,82.30000305175781,82.4000015258789,82.19999694824219,82.4000015258789,50586,0.0,0.0
2024-03-05 10:25:00+08:00,82.4000015258789,82.5999984741211,82.4000015258789,82.5999984741211,12417,0.0,0.0
2024-03-05 10:30:00+08:00,82.5,82.5999984741211,82.30000305175781,82.30000305175781,58100,0.0,0.0
2024-03-05 10:35:00+08:00,82.5,82.69999694824219,82.5,82.69999694824219,12514,0.0,0.0
2024-03-05 10:40:00+08:00,82.69999694824219,82.69999694824219,82.5999984741211,82.69999694824219,4185,0.0,0.0
2024-03-05 10:45:00+08:00,82.69999694824219,82.69999694824219,82.5999984741211,82.5999984741211,12300,0.0,0.0
2024-03-05 10:50:00+08:00,82.5999984741211,82.69999694824219,82.5,82.69999694824219,13053,0.0,0.0
2024-03-05 10:55:00+08:00,82.69999694824219,82.80000305175781,82.5999984741211,82.5999984741211,42259,0.0,0.0
2024-03-05 11:00:00+08:00,82.5999984741211,82.5999984741211,82.5,82.5999984741211,12071,0.0,0.0
2024-03-05 11:05:00+08:00,82.5999984741211,82.5999984741211,82.5,82.5999984741211,8814,0.0,0.0
2024-03-05 11:10:00+08:00,82.5999984741211,82.5999984741211,82.5999984741211,82.5999984741211,9294,0.0,0.0
2024-03-05 11:15:00+08:00,82.5999984741211,82.5999984741211,82.5,82.5,33001,0.0,0.0
2024-03-05 11:20:00+08:00,82.5,82.5,82.5,82.5,9567,0.0,0.0
2024-03-05 11:25:00+08:00,82.5,82.5,82.5,82.5,5229,0.0,0.0
2024-03-05 11:30:00+08:00,82.5999984741211,82.5999984741211,82.5999984741211,82.5999984741211,1024,0.0,0.0
2024-03-05 11:35:00+08:00,82.5999984741211,82.69999694824219,82.5999984741211,82.69999694824219,20630,0.0,0.0
2024-03-05 11:40:00+08:00,82.80000305175781,82.80000305175781,82.5999984741211,82.5999984741211,25883,0.0,0.0
2024-03-05 11:45:00+08:00,82.5999984741211,82.5999984741211,82.5,82.5999984741211,17365,0.0,0.0
2024-03-05 11:50:00+08:00,82.5999984741211,82.5999984741211,82.5999984741211,82.5999984741211,2000,0.0,0.0
2024-03-05 11:55:00+08:00,82.5999984741211,82.5999984741211,82.5999984741211,82.5999984741211,6000,0.0,0.0
2024-03-05 12:00:00+08:00,82.5999984741211,82.5999984741211,82.5999984741211,82.5999984741211,10483,0.0,0.0
2024-03-05 12:05:00+08:00,82.5999984741211,82.5999984741211,82.5,82.5,11466,0.0,0.0
2024-03-05 12:10:00+08:00,82.5999984741211,82.69999694824219,82.5999984741211,82.69999694824219,32700,0.0,0.0
2024-03-05 12:15:00+08:00,82.69999694824219,82.69999694824219,82.5999984741211,82.5999984741211,25116,0.0,0.0
2024-03-05 12:20:00+08:00,82.5,82.5999984741211,82.5,82.5,11931,0.0,0.0
2024-03-05 12:25:00+08:00,82.5,82.5,82.5,82.5,13261,0.0,0.0
2024-03-05 12:30:00+08:00,82.5,82.5999984741211,82.5,82.5999984741211,34315,0.0,0.0
2024-03-05 12:35:00+08:00,82.5999984741211,82.5999984741211,82.5999984741211,82.5999984741211,15491,0.0,0.0
2024-03-05 12:40:00+08:00,82.5999984741211,82.69999694824219,82.5999984741211,82.5999984741211,38121,0.0,0.0
2024-03-05 12:45:00+08:00,82.5999984741211,82.69999694824219,82.5999984741211,82.69999694824219,20314,0.0,0.0
2024-03-05 12:50:00+08:00,82.69999694824219,82.69999694824219,82.69999694824219,82.69999694824219,11066,0.0,0.0
2024-03-05 12:55:00+08:00,82.69999694824219,82.69999694824219,82.5999984741211,82.5999984741211,18819,0.0,0.0
2024-03-05 13:00:00+08:00,82.5999984741211,82.80000305175781,82.5999984741211,82.69999694824219,52951,0.0,0.0
2024-03-05 13:05:00+08:00,82.69999694824219,82.9000015258789,82.69999694824219,82.80000305175781,50656,0.0,0.0
2024-03-05 13:10:00+08:00,82.9000015258789,83.4000015258789,82.9000015258789,83.19999694824219,176643,0.0,0.0
2024-03-05 13:15:00+08:00,83.30000305175781,83.30000305175781,83.0,83.0999984741211,92394,0.0,0.0
2024-03-05 13:20:00+08:00,83.0999984741211,83.5999984741211,83.0,83.5,156589,0.0,0.0
2024-03-06 09:00:00+08:00,82.69999694824219,83.19999694824219,82.69999694824219,83.19999694824219,0,0.0,0.0
2024-03-06 09:05:00+08:00,83.19999694824219,83.9000015258789,83.19999694824219,83.5999984741211,179936,0.0,0.0
2024-03-06 09:10:00+08:00,83.5999984741211,84.0,83.5,83.80000305175781,120138,0.0,0.0
2024-03-06 09:15:00+08:00,83.80000305175781,83.9000015258789,83.5,83.5999984741211,133097,0.0,0.0
2024-03-06 09:20:00+08:00,83.4000015258789,83.5999984741211,83.4000015258789,83.5999984741211,56611,0.0,0.0
2024-03-06 09:25:00+08:00,83.5,83.5999984741211,83.4000015258789,83.4000015258789,67906,0.0,0.0
2024-03-06 09:30:00+08:00,83.4000015258789,83.9000015258789,83.30000305175781,83.9000015258789,91464,0.0,0.0
2024-03-06 09:35:00+08:00,83.9000015258789,84.19999694824219,83.9000015258789,84.19999694824219,213418,0.0,0.0
2024-03-06 09:40:00+08:00,84.19999694824219,84.19999694824219,83.69999694824219,83.9000015258789,90347,0.0,0.0
2024-03-06 09:45:00+08:00,83.9000015258789,83.9000015258789,83.80000305175781,83.80000305175781,42091,0.0,0.0
2024-03-06 09:50:00+08:00,83.80000305175781,83.9000015258789,83.80000305175781,83.9000015258789,19656,0.0,0.0
2024-03-06 09:55:00+08:00,83.80000305175781,83.9000015258789,83.69999694824219,83.9000015258789,23005,0.0,0.0
2024-03-06 10:00:00+08:00,83.9000015258789,83.9000015258789,83.5999984741211,83.69999694824219,55058,0.0,0.0
2024-03-06 10:05:00+08:00,83.69999694824219,84.0,83.5999984741211,83.80000305175781,46492,0.0,0.0
2024-03-06 10:10:00+08:00,83.9000015258789,84.4000015258789,83.9000015258789,84.4000015258789,267868,0.0,0.0
2024-03-06 10:15:00+08:00,84.4000015258789,85.0,84.4000015258789,84.69999694824219,677405,0.0,0.0
2024-03-06 10:20:00+08:00,84.69999694824219,84.80000305175781,84.5,84.5,101151,0.0,0.0
2024-03-06 10:25:00+08:00,84.5999984741211,84.69999694824219,84.30000305175781,84.5,91267,0.0,0.0
2024-03-06 10:30:00+08:00,84.5,84.5999984741211,84.5,84.5999984741211,19486,0.0,0.0
2024-03-06 10:35:00+08:00,84.5999984741211,84.69999694824219,84.5,84.5999984741211,40130,0.0,0.0
2024-03-06 10:40:00+08:00,84.5,84.5,84.30000305175781,84.30000305175781,73529,0.0,0.0
2024-03-06 10:45:00+08:00,84.30000305175781,84.4000015258789,84.19999694824219,84.4000015258789,48615,0.0,0.0
2024-03-06 10:50:00+08:00,84.4000015258789,84.4000015258789,84.19999694824219,84.19999694824219,39075,0.0,0.0
2024-03-06 10:55:00+08:00,84.19999694824219,84.19999694824219,84.19999694824219,84.19999694824219,17451,0.0,0.0
2024-03-06 11:00:00+08:00,84.19999694824219,84.19999694824219,84.0,84.0999984741211,108228,0.0,0.0
2024-03-06 11:05:00+08:00,84.0999984741211,84.0999984741211,84.0999984741211,84.0999984741211,10081,0.0,0.0
2024-03-06 11:10:00+08:00,84.0999984741211,84.19999694824219,84.0,84.0999984741211,13397,0.0,0.0
2024-03-06 11:15:00+08:00,84.19999694824219,84.19999694824219,84.0999984741211,84.19999694824219,5127,0.0,0.0
2024-03-06 11:20:00+08:00,84.19999694824219,84.19999694824219,84.0,84.0999984741211,23195,0.0,0.0
2024-03-06 11:25:00+08:00,84.0999984741211,84.0999984741211,83.9000015258789,84.0,48905,0.0,0.0
2024-03-06 11:30:00+08:00,84.0,84.0,84.0,84.0,36151,0.0,0.0
2024-03-06 11:35:00+08:00,84.0,84.0,83.80000305175781,83.9000015258789,38532,0.0,0.0
2024-03-06 11:40:00+08:00,84.0,84.0,83.9000015258789,84.0,17100,0.0,0.0
2024-03-06 11:45:00+08:00,83.9000015258789,84.0,83.9000015258789,83.9000015258789,16256,0.0,0.0
2024-03-06 11:50:00+08:00,83.9000015258789,84.4000015258789,83.80000305175781,84.0,124806,0.0,0.0
2024-03-06 11:55:00+08:00,84.0999984741211,84.0999984741211,84.0,84.0999984741211,6000,0.0,0.0
2024-03-06 12:00:00+08:00,84.0999984741211,84.0999984741211,84.0,84.0,18097,0.0,0.0
2024-03-06 12:05:00+08:00,84.0,84.19999694824219,84.0,84.19999694824219,34010,0.0,0.0
2024-03-06 12:10:00+08:00,84.19999694824219,84.30000305175781,84.0,84.0,91545,0.0,0.0
2024-03-06 12:15:00+08:00,84.0,84.0,83.80000305175781,83.80000305175781,40411,0.0,0.0
2024-03-06 12:20:00+08:00,83.80000305175781,83.9000015258789,83.69999694824219,83.9000015258789,54881,0.0,0.0
2024-03-06 12:25:00+08:00,83.80000305175781,83.80000305175781,83.69999694824219,83.80000305175781,38923,0.0,0.0
2024-03-06 12:30:00+08:00,83.80000305175781,83.80000305175781,83.69999694824219,83.80000305175781,18053,0.0,0.0
2024-03-06 12:35:00+08:00,83.80000305175781,83.80000305175781,83.4000015258789,83.4000015258789,161880,0.0,0.0
2024-03-06 12:40:00+08:00,83.4000015258789,83.5,83.30000305175781,83.5,70745,0.0,0.0
2024-03-06 12:45:00+08:00,83.5,83.5999984741211,83.4000015258789,83.5999984741211,75743,0.0,0.0
2024-03-06 12:50:00+08:00,83.5999984741211,83.5999984741211,83.4000015258789,83.5999984741211,18100,0.0,0.0
2024-03-06 12:55:00+08:00,83.5999984741211,83.5999984741211,83.5,83.5,4000,0.0,0.0
2024-03-06 13:00:00+08:00,83.5,83.5999984741211,83.4000015258789,83.5,34085,0.0,0.0
2024-03-06 13:05:00+08:00,83.5,83.5999984741211,83.4000015258789,83.5,25254,0.0,0.0
2024-03-06 13:10:00+08:00,83.5,83.5,83.4000015258789,83.5,22306,0.0,0.0
2024-03-06 13:15:00+08:00,83.4000015258789,83.4000015258789,83.19999694824219,83.19999694824219,105923,0.0,0.0
2024-03-06 13:20:00+08:00,83.19999694824219,83.30000305175781,83.0999984741211,83.19999694824219,97080,0.0,0.0
2024-03-07 09:00:00+08:00,83.5999984741211,84.0,83.19999694824219,83.5999984741211,0,0.0,0.0
2024-03-07 09:05:00+08:00,83.9000015258789,84.0,83.19999694824219,83.4000015258789,165000,0.0,0.0
2024-03-07 09:10:00+08:00,83.5,83.5,83.19999694824219,83.4000015258789,60914,0.0,0.0
2024-03-07 09:15:00+08:00,83.19999694824219,83.4000015258789,82.9000015258789,83.0,176439,0.0,0.0
2024-03-07 09:20:00+08:00,83.0,83.0999984741211,82.80000305175781,83.0,184128,0.0,0.0
2024-03-07 09:25:00+08:00,83.0,83.0,82.80000305175781,82.9000015258789,44151,0.0,0.0
2024-03-07 09:30:00+08:00,82.9000015258789,83.69999694824219,82.9000015258789,83.30000305175781,86070,0.0,0.0
2024-03-07 09:35:00+08:00,83.30000305175781,83.30000305175781,82.9000015258789,83.19999694824219,101000,0.0,0.0
2024-03-07 09:40:00+08:00,83.19999694824219,83.4000015258789,82.9000015258789,83.0,88900,0.0,0.0
2024-03-07 09:45:00+08:00,83.0999984741211,83.0999984741211,82.69999694824219,82.9000015258789,92710,0.0,0.0
2024-03-07 09:50:00+08:00,82.9000015258789,82.9000015258789,82.5,82.5,235771,0.0,0.0
2024-03-07 09:55:00+08:00,82.5,82.69999694824219,82.4000015258789,82.5999984741211,153115,0.0,0.0
2024-03-07 10:00:00+08:00,82.5999984741211,82.5999984741211,82.4000015258789,82.5,86307,0.0,0.0
2024-03-07 10:05:00+08:00,82.5,82.5,80.5,80.9000015258789,1042495,0.0,0.0
2024-03-07 10:10:00+08:00,81.30000305175781,81.4000015258789,80.9000015258789,81.0,389374,0.0,0.0
2024-03-07 10:15:00+08:00,81.0,81.4000015258789,80.69999694824219,81.0,393101,0.0,0.0
2024-03-07 10:20:00+08:00,81.19999694824219,81.19999694824219,80.80000305175781,80.80000305175781,156597,0.0,0.0
2024-03-07 10:25:00+08:00,80.80000305175781,81.30000305175781,80.69999694824219,81.30000305175781,83915,0.0,0.0
2024-03-07 10:30:00+08:00,81.30000305175781,81.30000305175781,81.0999984741211,81.30000305175781,41011,0.0,0.0
2024-03-07 10:35:00+08:00,81.19999694824219,81.30000305175781,81.0999984741211,81.19999694824219,30381,0.0,0.0
2024-03-07 10:40:00+08:00,81.19999694824219,81.30000305175781,81.0,81.0,57145,0.0,0.0
2024-03-07 10:45:00+08:00,81.0,81.5,81.0,81.5,112200,0.0,0.0
2024-03-07 10:50:00+08:00,81.5,81.69999694824219,81.4000015258789,81.69999694824219,76526,0.0,0.0
2024-03-07 10:55:00+08:00,81.69999694824219,82.19999694824219,81.69999694824219,82.0,82187,0.0,0.0
2024-03-07 11:00:00+08:00,82.0,82.4000015258789,81.9000015258789,82.0,88484,0.0,0.0
2024-03-07 11:05:00+08:00,81.9000015258789,82.19999694824219,81.9000015258789,82.19999694824219,24425,0.0,0.0
2024-03-07 11:10:00+08:00,82.19999694824219,82.30000305175781,82.19999694824219,82.19999694824219,26401,0.0,0.0
2024-03-07 11:15:00+08:00,82.19999694824219,82.19999694824219,82.0,82.0,11270,0.0,0.0
2024-03-07 11:20:00+08:00,82.0,82.0,81.80000305175781,81.9000015258789,32119,0.0,0.0
2024-03-07 11:25:00+08:00,82.0999984741211,82.19999694824219,81.9000015258789,82.19999694824219,15409,0.0,0.0
2024-03-07 11:30:00+08:00,82.30000305175781,82.30000305175781,81.9000015258789,81.9000015258789,29122,0.0,0.0
2024-03-07 11:35:00+08:00,81.9000015258789,82.0,81.80000305175781,81.80000305175781,10100,0.0,0.0
2024-03-07 11:40:00+08:00,81.80000305175781,81.9000015258789,81.80000305175781,81.80000305175781,19300,0.0,0.0
2024-03-07 11:45:00+08:00,81.80000305175781,81.80000305175781,81.5999984741211,81.5999984741211,27057,0.0,0.0
2024-03-07 11:50:00+08:00,81.5999984741211,81.69999694824219,81.5999984741211,81.69999694824219,10176,0.0,0.0
2024-03-07 11:55:00+08:00,81.69999694824219,81.69999694824219,81.5,81.5999984741211,46721,0.0,0.0
2024-03-07 12:00:00+08:00,81.5,81.5999984741211,81.4000015258789,81.4000015258789,16808,0.0,0.0
2024-03-07 12:05:00+08:00,81.4000015258789,81.4000015258789,81.19999694824219,81.30000305175781,38685,0.0,0.0
2024-03-07 12:10:00+08:00,81.4000015258789,81.5,81.30000305175781,81.5,16060,0.0,0.0
2024-03-07 12:15:00+08:00,81.5,81.5,81.4000015258789,81.5,24864,0.0,0.0
2024-03-07 12:20:00+08:00,81.5,81.5,81.4000015258789,81.4000015258789,12294,0.0,0.0
2024-03-07 12:25:00+08:00,81.30000305175781,81.4000015258789,81.0,81.0,124435,0.0,0.0
2024-03-07 12:30:00+08:00,81.0999984741211,81.30000305175781,81.0999984741211,81.30000305175781,48856,0.0,0.0
2024-03-07 12:35:00+08:00,81.4000015258789,81.5,81.4000015258789,81.4000015258789,27310,0.0,0.0
2024-03-07 12:40:00+08:00,81.4000015258789,81.4000015258789,81.30000305175781,81.4000015258789,15660,0.0,0.0
2024-03-07 12:45:00+08:00,81.30000305175781,81.80000305175781,81.30000305175781,81.80000305175781,96462,0.0,0.0
2024-03-07 12:50:00+08:00,81.80000305175781,81.80000305175781,81.5999984741211,81.5999984741211,35516,0.0,0.0
2024-03-07 12:55:00+08:00,81.5999984741211,81.5999984741211,81.4000015258789,81.4000015258789,45249,0.0,0.0
2024-03-07 13:00:00+08:00,81.30000305175781,81.5,81.30000305175781,81.4000015258789,68317,0.0,0.0
2024-03-07 13:05:00+08:00,81.4000015258789,81.5,81.30000305175781,81.4000015258789,61608,0.0,0.0
2024-03-07 13:10:00+08:00,81.30000305175781,81.5,81.19999694824219,81.4000015258789,100643,0.0,0.0
2024-03-07 13:15:00+08:00,81.30000305175781,81.4000015258789,81.0999984741211,81.30000305175781,118574,0.0,0.0
2024-03-07 13:20:00+08:00,81.30000305175781,81.4000015258789,80.9000015258789,81.0,223416,0.0,0.0
2024-03-08 09:00:00+08:00,80.69999694824219,81.0999984741211,79.0,79.0,0,0.0,0.0
2024-03-08 09:05:00+08:00,79.0,80.30000305175781,78.9000015258789,79.5999984741211,382675,0.0,0.0
2024-03-08 09:10:00+08:00,79.5999984741211,79.9000015258789,79.30000305175781,79.30000305175781,221005,0.0,0.0
2024-03-08 09:15:00+08:00,79.19999694824219,79.30000305175781,78.30000305175781,78.4000015258789,654816,0.0,0.0
2024-03-08 09:20:00+08:00,78.30000305175781,78.4000015258789,77.4000015258789,77.9000015258789,551382,0.0,0.0
2024-03-08 09:25:00+08:00,77.9000015258789,77.9000015258789,76.69999694824219,76.69999694824219,607181,0.0,0.0
2024-03-08 09:30:00+08:00,76.69999694824219,78.0999984741211,76.69999694824219,77.9000015258789,336900,0.0,0.0
2024-03-08 09:35:00+08:00,77.80000305175781,78.5,77.5999984741211,78.5,145770,0.0,0.0
2024-03-08 09:40:00+08:00,78.5,79.0999984741211,78.4000015258789,79.0999984741211,143979,0.0,0.0
2024-03-08 09:45:00+08:00,79.0,79.30000305175781,78.5,79.0,169003,0.0,0.0
2024-03-08 09:50:00+08:00,79.0,79.80000305175781,79.0,79.19999694824219,161750,0.0,0.0
2024-03-08 09:55:00+08:00,79.19999694824219,79.9000015258789,79.0,79.80000305175781,147584,0.0,0.0
2024-03-08 10:00:00+08:00,79.80000305175781,79.80000305175781,79.4000015258789,79.4000015258789,77023,0.0,0.0
2024-03-08 10:05:00+08:00,79.4000015258789,79.4000015258789,79.30000305175781,79.4000015258789,23922,0.0,0.0
2024-03-08 10:10:00+08:00,79.4000015258789,79.4000015258789,79.19999694824219,79.4000015258789,19998,0.0,0.0
2024-03-08 10:15:00+08:00,79.30000305175781,79.4000015258789,78.5999984741211,78.5999984741211,99899,0.0,0.0
2024-03-08 10:20:00+08:00,78.69999694824219,78.80000305175781,78.5,78.5,53925,0.0,0.0
2024-03-08 10:25:00+08:00,78.5,78.5,78.0999984741211,78.30000305175781,72560,0.0,0.0
2024-03-08 10:30:00+08:00,78.19999694824219,78.5,78.0,78.0,146984,0.0,0.0
2024-03-08 10:35:00+08:00,77.9000015258789,78.0,77.80000305175781,78.0,109009,0.0,0.0
2024-03-08 10:40:00+08:00,78.0,78.0,77.69999694824219,77.69999694824219,66710,0.0,0.0
2024-03-08 10:45:00+08:00,77.80000305175781,77.80000305175781,77.4000015258789,77.5999984741211,178781,0.0,0.0
2024-03-08 10:50:00+08:00,77.5999984741211,77.69999694824219,77.0,77.30000305175781,253518,0.0,0.0
2024-03-08 10:55:00+08:00,77.4000015258789,77.4000015258789,76.9000015258789,76.9000015258789,135608,0.0,0.0
2024-03-08 11:00:00+08:00,77.0,77.19999694824219,76.69999694824219,76.80000305175781,204695,0.0,0.0
2024-03-08 11:05:00+08:00,76.80000305175781,77.0,76.4000015258789,76.69999694824219,421938,0.0,0.0
2024-03-08 11:10:00+08:00,76.9000015258789,76.9000015258789,76.30000305175781,76.30000305175781,235907,0.0,0.0
2024-03-08 11:15:00+08:00,76.30000305175781,76.4000015258789,76.0,76.30000305175781,266077,0.0,0.0
2024-03-08 11:20:00+08:00,76.19999694824219,76.30000305175781,75.5999984741211,76.30000305175781,352714,0.0,0.0
2024-03-08 11:25:00+08:00,76.30000305175781,76.5,76.19999694824219,76.30000305175781,116076,0.0,0.0
2024-03-08 11:30:00+08:00,76.30000305175781,76.4000015258789,76.19999694824219,76.4000015258789,96402,0.0,0.0
2024-03-08 11:35:00+08:00,76.4000015258789,76.4000015258789,76.0,76.19999694824219,58773,0.0,0.0
2024-03-08 11:40:00+08:00,76.0999984741211,76.30000305175781,76.0999984741211,76.19999694824219,26145,0.0,0.0
2024-03-08 11:45:00+08:00,76.19999694824219,76.30000305175781,76.19999694824219,76.19999694824219,41168,0.0,0.0
2024-03-08 11:50:00+08:00,76.19999694824219,76.5,76.19999694824219,76.5,36548,0.0,0.0
2024-03-08 11:55:00+08:00,76.4000015258789,76.5,76.4000015258789,76.5,34564,0.0,0.0
2024-03-08 12:00:00+08:00,76.5,76.5,75.9000015258789,76.0,129431,0.0,0.0
2024-03-08 12:05:00+08:00,76.0999984741211,76.19999694824219,76.0,76.0,38870,0.0,0.0
2024-03-08 12:10:00+08:00,76.0999984741211,76.19999694824219,76.0,76.19999694824219,18000,0.0,0.0
2024-03-08 12:15:00+08:00,76.19999694824219,76.5999984741211,76.19999694824219,76.4000015258789,110944,0.0,0.0
2024-03-08 12:20:00+08:00,76.5,76.5999984741211,76.0999984741211,76.0999984741211,58320,0.0,0.0
2024-03-08 12:25:00+08:00,76.0999984741211,76.0999984741211,76.0,76.0999984741211,30531,0.0,0.0
2024-03-08 12:30:00+08:00,76.0999984741211,76.19999694824219,76.0999984741211,76.0999984741211,76812,0.0,0.0
2024-03-08 12:35:00+08:00,76.19999694824219,76.19999694824219,75.69999694824219,75.69999694824219,159450,0.0,0.0
2024-03-08 12:40:00+08:00,75.69999694824219,76.0,75.69999694824219,76.0,83608,0.0,0.0
2024-03-08 12:45:00+08:00,76.0,76.0999984741211,75.9000015258789,76.0,75002,0.0,0.0
2024-03-08 12:50:00+08:00,76.0999984741211,76.5,76.0,76.19999694824219,79123,0.0,0.0
2024-03-08 12:55:00+08:00,76.19999694824219,76.19999694824219,76.0999984741211,76.0999984741211,21382,0.0,0.0
2024-03-08 13:00:00+08:00,76.0999984741211,76.19999694824219,76.0999984741211,76.19999694824219,39662,0.0,0.0
2024-03-08 13:05:00+08:00,76.0999984741211,76.0999984741211,76.0,76.0999984741211,78271,0.0,0.0
2024-03-08 13:10:00+08:00,76.0999984741211,76.0999984741211,75.80000305175781,76.0,125734,0.0,0.0
2024-03-08 13:15:00+08:00,75.9000015258789,75.9000015258789,75.5999984741211,75.5999984741211,161075,0.0,0.0
2024-03-08 13:20:00+08:00,75.69999694824219,75.80000305175781,75.69999694824219,75.69999694824219,98753,0.0,0.0
2024-03-11 09:00:00+08:00,75.69999694824219,77.30000305175781,75.69999694824219,75.80000305175781,0,0.0,0.0
2024-03-11 09:05:00+08:00,76.0,76.0,75.5,75.5999984741211,177362,0.0,0.0
2024-03-11 09:10:00+08:00,75.5999984741211,75.69999694824219,75.30000305175781,75.4000015258789,69020,0.0,0.0
2024-03-11 09:15:00+08:00,75.5,75.80000305175781,74.80000305175781,75.0,172961,0.0,0.0
2024-03-11 09:20:00+08:00,75.0999984741211,75.19999694824219,75.0,75.19999694824219,27781,0.0,0.0
2024-03-11 09:25:00+08:00,75.4000015258789,76.0,75.19999694824219,75.9000015258789,137268,0.0,0.0
2024-03-11 09:30:00+08:00,76.0,76.30000305175781,75.30000305175781,76.19999694824219,183302,0.0,0.0
2024-03-11 09:35:00+08:00,76.30000305175781,77.0999984741211,76.30000305175781,76.69999694824219,337607,0.0,0.0
2024-03-11 09:40:00+08:00,76.5999984741211,76.9000015258789,76.5,76.69999694824219,74908,0.0,0.0
2024-03-11 09:45:00+08:00,76.5999984741211,76.69999694824219,76.30000305175781,76.30000305175781,45816,0.0,0.0
2024-03-11 09:50:00+08:00,76.19999694824219,76.5,76.19999694824219,76.4000015258789,57000,0.0,0.0
2024-03-11 09:55:00+08:00,76.5,76.5,76.30000305175781,76.30000305175781,35522,0.0,0.0
2024-03-11 10:00:00+08:00,76.4000015258789,76.69999694824219,76.30000305175781,76.5999984741211,29694,0.0,0.0
2024-03-11 10:05:00+08:00,76.5999984741211,77.30000305175781,76.5,77.30000305175781,166310,0.0,0.0
2024-03-11 10:10:00+08:00,77.30000305175781,77.4000015258789,76.9000015258789,77.19999694824219,80927,0.0,0.0
2024-03-11 10:15:00+08:00,77.19999694824219,77.19999694824219,76.5999984741211,76.9000015258789,105326,0.0,0.0
2024-03-11 10:20:00+08:00,76.9000015258789,77.0999984741211,76.9000015258789,77.0999984741211,25393,0.0,0.0
2024-03-11 10:25:00+08:00,77.0,77.0,76.80000305175781,76.80000305175781,39100,0.0,0.0
2024-03-11 10:30:00+08:00,76.80000305175781,77.0,76.80000305175781,77.0,23000,0.0,0.0
2024-03-11 10:35:00+08:00,76.9000015258789,76.9000015258789,76.5999984741211,76.5999984741211,132089,0.0,0.0
2024-03-11 10:40:00+08:00,76.5,76.5999984741211,76.4000015258789,76.5999984741211,50170,0.0,0.0
2024-03-11 10:45:00+08:00,76.80000305175781,76.80000305175781,76.5999984741211,76.5999984741211,21200,0.0,0.0
2024-03-11 10:50:00+08:00,76.5999984741211,76.80000305175781,76.5999984741211,76.69999694824219,25600,0.0,0.0
2024-03-11 10:55:00+08:00,76.80000305175781,76.80000305175781,76.30000305175781,76.30000305175781,89154,0.0,0.0
2024-03-11 11:00:00+08:00,76.19999694824219,76.4000015258789,76.19999694824219,76.30000305175781,30853,0.0,0.0
2024-03-11 11:05:00+08:00,76.30000305175781,76.4000015258789,76.30000305175781,76.4000015258789,20094,0.0,0.0
2024-03-11 11:10:00+08:00,76.4000015258789,76.80000305175781,76.4000015258789,76.80000305175781,40151,0.0,0.0
2024-03-11 11:15:00+08:00,76.80000305175781,77.5999984741211,76.69999694824219,77.4000015258789,222279,0.0,0.0
2024-03-11 11:20:00+08:00,77.4000015258789,77.5,77.0999984741211,77.0999984741211,121141,0.0,0.0
2024-03-11 11:25:00+08:00,77.0,77.30000305175781,76.9000015258789,77.30000305175781,54000,0.0,0.0
2024-03-11 11:30:00+08:00,77.0999984741211,77.19999694824219,76.9000015258789,76.9000015258789,36030,0.0,0.0
2024-03-11 11:35:00+08:00,77.0,77.0,76.69999694824219,76.69999694824219,53769,0.0,0.0
2024-03-11 11:40:00+08:00,76.69999694824219,76.80000305175781,76.69999694824219,76.80000305175781,17111,0.0,0.0
2024-03-11 11:45:00+08:00,76.9000015258789,76.9000015258789,76.80000305175781,76.80000305175781,22256,0.0,0.0
2024-03-11 11:50:00+08:00,76.80000305175781,76.80000305175781,76.80000305175781,76.80000305175781,27105,0.0,0.0
2024-03-11 11:55:00+08:00,76.69999694824219,76.9000015258789,76.69999694824219,76.9000015258789,20267,0.0,0.0
2024-03-11 12:00:00+08:00,76.80000305175781,76.80000305175781,76.69999694824219,76.80000305175781,14503,0.0,0.0
2024-03-11 12:05:00+08:00,76.80000305175781,76.80000305175781,76.69999694824219,76.69999694824219,31186,0.0,0.0
2024-03-11 12:10:00+08:00,76.69999694824219,76.80000305175781,76.5,76.80000305175781,82196,0.0,0.0
2024-03-11 12:15:00+08:00,76.80000305175781,76.9000015258789,76.80000305175781,76.80000305175781,8000,0.0,0.0
2024-03-11 12:20:00+08:00,76.80000305175781,77.0,76.80000305175781,77.0,22120,0.0,0.0
2024-03-11 12:25:00+08:00,76.9000015258789,76.9000015258789,76.80000305175781,76.80000305175781,15001,0.0,0.0
2024-03-11 12:30:00+08:00,76.80000305175781,76.80000305175781,76.5999984741211,76.5999984741211,46216,0.0,0.0
2024-03-11 12:35:00+08:00,76.5999984741211,76.5999984741211,76.5,76.5,28998,0.0,0.0
2024-03-11 12:40:00+08:00,76.5,76.5999984741211,76.4000015258789,76.4000015258789,115000,0.0,0.0
2024-03-11 12:45:00+08:00,76.4000015258789,76.5999984741211,76.4000015258789,76.5999984741211,40483,0.0,0.0
2024-03-11 12:50:00+08:00,76.69999694824219,76.69999694824219,76.5999984741211,76.5999984741211,15000,0.0,0.0
2024-03-11 12:55:00+08:00,76.5,76.5999984741211,76.5,76.5999984741211,13058,0.0,0.0
2024-03-11 13:00:00+08:00,76.5,76.5999984741211,76.5,76.5,41588,0.0,0.0
2024-03-11 13:05:00+08:00,76.5999984741211,76.5999984741211,76.30000305175781,76.4000015258789,74674,0.0,0.0
2024-03-11 13:10:00+08:00,76.30000305175781,76.5,76.30000305175781,76.4000015258789,39000,0.0,0.0
2024-03-11 13:15:00+08:00,76.4000015258789,76.4000015258789,76.30000305175781,76.4000015258789,67015,0.0,0.0
2024-03-11 13:20:00+08:00,76.30000305175781,76.4000015258789,76.19999694824219,76.19999694824219,123183,0.0,0.0
2024-03-12 09:00:00+08:00,77.4000015258789,79.19999694824219,77.0,78.4000015258789,645000,0.0,0.0
2024-03-12 09:05:00+08:00,78.4000015258789,78.4000015258789,77.5,78.0,264181,0.0,0.0
2024-03-12 09:10:00+08:00,78.0999984741211,78.30000305175781,78.0999984741211,78.19999694824219,85020,0.0,0.0
2024-03-12 09:15:00+08:00,78.30000305175781,78.30000305175781,78.0999984741211,78.0999984741211,61500,0.0,0.0
2024-03-12 09:20:00+08:00,78.0999984741211,78.5,78.0999984741211,78.5,162726,0.0,0.0
2024-03-12 09:25:00+08:00,78.5,78.69999694824219,78.5,78.69999694824219,119547,0.0,0.0
2024-03-12 09:30:00+08:00,78.80000305175781,78.9000015258789,78.5,78.5999984741211,100234,0.0,0.0
2024-03-12 09:35:00+08:00,78.5999984741211,78.69999694824219,78.5,78.5,46728,0.0,0.0
2024-03-12 09:40:00+08:00,78.5,78.69999694824219,78.5,78.69999694824219,32017,0.0,0.0
2024-03-12 09:45:00+08:00,78.69999694824219,78.80000305175781,78.5,78.5,77280,0.0,0.0
2024-03-12 09:50:00+08:00,78.5,78.5,78.0,78.0,116761,0.0,0.0
2024-03-12 09:55:00+08:00,78.0999984741211,78.0999984741211,77.80000305175781,77.80000305175781,62908,0.0,0.0
2024-03-12 10:00:00+08:00,77.80000305175781,78.0999984741211,77.80000305175781,78.0999984741211,19125,0.0,0.0
2024-03-12 10:05:00+08:00,78.0999984741211,78.0999984741211,77.80000305175781,77.9000015258789,45615,0.0,0.0
2024-03-12 10:10:00+08:00,77.9000015258789,78.0999984741211,77.9000015258789,78.0999984741211,42264,0.0,0.0
2024-03-12 10:15:00+08:00,78.19999694824219,78.4000015258789,78.0,78.30000305175781,56000,0.0,0.0
2024-03-12 10:20:00+08:00,78.19999694824219,78.30000305175781,78.0999984741211,78.0999984741211,16000,0.0,0.0
2024-03-12 10:25:00+08:00,78.0999984741211,78.0999984741211,77.9000015258789,77.9000015258789,24400,0.0,0.0
2024-03-12 10:30:00+08:00,78.0,78.0,77.80000305175781,77.9000015258789,63200,0.0,0.0
2024-03-12 10:35:00+08:00,78.0,78.0999984741211,78.0,78.0999984741211,36100,0.0,0.0
2024-03-12 10:40:00+08:00,78.0999984741211,78.0999984741211,77.9000015258789,77.9000015258789,23750,0.0,0.0
2024-03-12 10:45:00+08:00,77.9000015258789,77.9000015258789,77.80000305175781,77.9000015258789,16663,0.0,0.0
2024-03-12 10:50:00+08:00,77.9000015258789,77.9000015258789,77.5,77.5999984741211,130107,0.0,0.0
2024-03-12 10:55:00+08:00,77.5999984741211,77.5999984741211,77.5,77.5999984741211,73000,0.0,0.0
2024-03-12 11:00:00+08:00,77.5999984741211,77.80000305175781,77.5999984741211,77.69999694824219,32472,0.0,0.0
2024-03-12 11:05:00+08:00,77.5999984741211,77.69999694824219,77.5,77.5,21000,0.0,0.0
2024-03-12 11:10:00+08:00,77.5,77.5999984741211,77.5,77.5999984741211,11030,0.0,0.0
2024-03-12 11:15:00+08:00,77.69999694824219,77.80000305175781,77.5,77.5,66098,0.0,0.0
2024-03-12 11:20:00+08:00,77.5999984741211,77.5999984741211,77.5,77.5,6400,0.0,0.0
2024-03-12 11:25:00+08:00,77.5,77.5,77.30000305175781,77.30000305175781,89312,0.0,0.0
2024-03-12 11:30:00+08:00,77.19999694824219,77.30000305175781,77.0999984741211,77.19999694824219,64775,0.0,0.0
2024-03-12 11:35:00+08:00,77.19999694824219,77.4000015258789,77.19999694824219,77.4000015258789,15208,0.0,0.0
2024-03-12 11:40:00+08:00,77.4000015258789,77.4000015258789,77.19999694824219,77.19999694824219,30000,0.0,0.0
2024-03-12 11:45:00+08:00,77.30000305175781,77.30000305175781,77.19999694824219,77.19999694824219,22117,0.0,0.0
2024-03-12 11:50:00+08:00,77.19999694824219,77.19999694824219,76.80000305175781,77.0,191396,0.0,0.0
2024-03-12 11:55:00+08:00,77.0,77.0999984741211,77.0,77.0,23000,0.0,0.0
2024-03-12 12:00:00+08:00,77.0,77.0999984741211,77.0,77.0,29000,0.0,0.0
2024-03-12 12:05:00+08:00,77.0,77.0,77.0,77.0,37565,0.0,0.0
2024-03-12 12:10:00+08:00,77.0,77.0999984741211,77.0,77.0999984741211,5041,0.0,0.0
2024-03-12 12:15:00+08:00,77.0999984741211,77.30000305175781,77.0999984741211,77.19999694824219,20200,0.0,0.0
2024-03-12 12:20:00+08:00,77.30000305175781,77.30000305175781,77.19999694824219,77.30000305175781,19000,0.0,0.0
2024-03-12 12:25:00+08:00,77.30000305175781,77.30000305175781,76.9000015258789,77.0,108000,0.0,0.0
2024-03-12 12:30:00+08:00,77.0,77.0,76.80000305175781,76.9000015258789,73456,0.0,0.0
2024-03-12 12:35:00+08:00,76.9000015258789,77.0,76.80000305175781,76.80000305175781,34135,0.0,0.0
2024-03-12 12:40:00+08:00,76.80000305175781,76.80000305175781,76.80000305175781,76.80000305175781,23478,0.0,0.0
2024-03-12 12:45:00+08:00,76.80000305175781,77.0,76.80000305175781,77.0,26001,0.0,0.0
2024-03-12 12:50:00+08:00,77.0,77.0999984741211,76.9000015258789,76.9000015258789,34410,0.0,0.0
2024-03-12 12:55:00+08:00,76.9000015258789,77.0,76.80000305175781,76.80000305175781,44111,0.0,0.0
2024-03-12 13:00:00+08:00,76.80000305175781,76.80000305175781,76.69999694824219,76.80000305175781,57885,0.0,0.0
2024-03-12 13:05:00+08:00,76.80000305175781,76.9000015258789,76.80000305175781,76.80000305175781,16049,0.0,0.0
2024-03-12 13:10:00+08:00,76.9000015258789,77.0999984741211,76.9000015258789,77.0999984741211,51100,0.0,0.0
2024-03-12 13:15:00+08:00,77.0999984741211,77.0999984741211,77.0,77.0,23300,0.0,0.0
2024-03-12 13:20:00+08:00,77.0,77.19999694824219,77.0,77.0999984741211,48270,0.0,0.0
2024-03-13 09:00:00+08:00,77.0,77.30000305175781,76.4000015258789,77.0999984741211,255000,0.0,0.0
2024-03-13 09:05:00+08:00,76.9000015258789,77.0,76.4000015258789,76.69999694824219,145000,0.0,0.0
2024-03-13 09:10:00+08:00,76.69999694824219,76.80000305175781,76.30000305175781,76.4000015258789,124318,0.0,0.0
2024-03-13 09:15:00+08:00,76.4000015258789,76.69999694824219,76.30000305175781,76.4000015258789,118602,0.0,0.0
2024-03-13 09:20:00+08:00,76.4000015258789,76.4000015258789,76.19999694824219,76.19999694824219,59253,0.0,0.0
2024-03-13 09:25:00+08:00,76.30000305175781,76.4000015258789,76.30000305175781,76.30000305175781,51534,0.0,0.0
2024-03-13 09:30:00+08:00,76.30000305175781,76.4000015258789,76.0999984741211,76.19999694824219,90121,0.0,0.0
2024-03-13 09:35:00+08:00,76.0999984741211,76.0999984741211,75.69999694824219,75.80000305175781,187228,0.0,0.0
2024-03-13 09:40:00+08:00,75.80000305175781,75.9000015258789,75.69999694824219,75.69999694824219,78201,0.0,0.0
2024-03-13 09:45:00+08:00,75.80000305175781,75.80000305175781,75.4000015258789,75.5999984741211,131424,0.0,0.0
2024-03-13 09:50:00+08:00,75.5999984741211,75.69999694824219,75.5999984741211,75.69999694824219,23085,0.0,0.0
2024-03-13 09:55:00+08:00,75.69999694824219,76.0,75.69999694824219,75.80000305175781,51103,0.0,0.0
2024-03-13 10:00:00+08:00,75.9000015258789,75.9000015258789,75.69999694824219,75.69999694824219,75340,0.0,0.0
2024-03-13 10:05:00+08:00,75.5999984741211,75.80000305175781,75.4000015258789,75.5,139462,0.0,0.0
2024-03-13 10:10:00+08:00,75.5,75.5999984741211,75.30000305175781,75.30000305175781,91040,0.0,0.0
2024-03-13 10:15:00+08:00,75.5,75.5,75.0999984741211,75.0999984741211,69936,0.0,0.0
2024-03-13 10:20:00+08:00,75.0999984741211,75.30000305175781,75.0,75.19999694824219,57330,0.0,0.0
2024-03-13 10:25:00+08:00,75.19999694824219,75.19999694824219,75.0999984741211,75.0999984741211,43166,0.0,0.0
2024-03-13 10:30:00+08:00,75.0999984741211,75.0999984741211,75.0,75.0,58626,0.0,0.0
2024-03-13 10:35:00+08:00,75.0999984741211,75.30000305175781,75.0999984741211,75.30000305175781,47079,0.0,0.0
2024-03-13 10:40:00+08:00,75.30000305175781,75.5,75.30000305175781,75.5,19019,0.0,0.0
2024-03-13 10:45:00+08:00,75.4000015258789,75.5999984741211,75.4000015258789,75.4000015258789,51110,0.0,0.0
2024-03-13 10:50:00+08:00,75.4000015258789,75.5,75.4000015258789,75.5,18200,0.0,0.0
2024-03-13 10:55:00+08:00,75.4000015258789,75.4000015258789,75.0999984741211,75.19999694824219,52058,0.0,0.0
2024-03-13 11:00:00+08:00,75.0999984741211,75.0999984741211,73.9000015258789,74.5999984741211,585070,0.0,0.0
2024-03-13 11:05:00+08:00,74.5,74.69999694824219,74.0999984741211,74.5999984741211,129144,0.0,0.0
2024-03-13 11:10:00+08:00,74.5999984741211,74.69999694824219,74.5,74.69999694824219,196613,0.0,0.0
2024-03-13 11:15:00+08:00,75.0,75.30000305175781,74.9000015258789,75.0999984741211,31909,0.0,0.0
2024-03-13 11:20:00+08:00,75.0999984741211,75.19999694824219,75.0,75.19999694824219,23800,0.0,0.0
2024-03-13 11:25:00+08:00,75.19999694824219,75.4000015258789,75.19999694824219,75.4000015258789,18817,0.0,0.0
2024-03-13 11:30:00+08:00,75.30000305175781,75.30000305175781,75.0999984741211,75.0999984741211,14000,0.0,0.0
2024-03-13 11:35:00+08:00,75.19999694824219,75.19999694824219,75.0,75.0,29000,0.0,0.0
2024-03-13 11:40:00+08:00,75.0,75.0999984741211,75.0,75.0999984741211,9058,0.0,0.0
2024-03-13 11:45:00+08:00,75.0999984741211,75.4000015258789,75.0999984741211,75.4000015258789,21050,0.0,0.0
2024-03-13 11:50:00+08:00,75.4000015258789,75.5,75.30000305175781,75.30000305175781,29374,0.0,0.0
2024-03-13 11:55:00+08:00,75.30000305175781,75.30000305175781,75.19999694824219,75.19999694824219,9814,0.0,0.0
2024-03-13 12:00:00+08:00,75.30000305175781,75.30000305175781,75.19999694824219,75.19999694824219,18165,0.0,0.0
2024-03-13 12:05:00+08:00,75.19999694824219,75.19999694824219,75.19999694824219,75.19999694824219,10000,0.0,0.0
2024-03-13 12:10:00+08:00,75.0999984741211,75.19999694824219,74.80000305175781,74.80000305175781,86830,0.0,0.0
2024-03-13 12:15:00+08:00,74.9000015258789,74.9000015258789,74.5,74.5,45607,0.0,0.0
2024-03-13 12:20:00+08:00,74.5,74.5999984741211,74.30000305175781,74.5,129070,0.0,0.0
2024-03-13 12:25:00+08:00,74.5,74.5,74.30000305175781,74.30000305175781,25772,0.0,0.0
2024-03-13 12:30:00+08:00,74.19999694824219,74.4000015258789,74.19999694824219,74.4000015258789,101444,0.0,0.0
2024-03-13 12:35:00+08:00,74.4000015258789,74.5,74.4000015258789,74.5,18400,0.0,0.0
2024-03-13 12:40:00+08:00,74.5999984741211,74.80000305175781,74.5999984741211,74.80000305175781,16294,0.0,0.0
2024-03-13 12:45:00+08:00,74.69999694824219,75.0,74.69999694824219,74.9000015258789,41317,0.0,0.0
2024-03-13 12:50:00+08:00,74.9000015258789,74.9000015258789,74.9000015258789,74.9000015258789,15000,0.0,0.0
2024-03-13 12:55:00+08:00,74.9000015258789,74.9000015258789,74.69999694824219,74.69999694824219,48707,0.0,0.0
2024-03-13 13:00:00+08:00,74.80000305175781,74.9000015258789,74.69999694824219,74.9000015258789,19108,0.0,0.0
2024-03-13 13:05:00+08:00,75.0,75.30000305175781,75.0,75.30000305175781,64404,0.0,0.0
2024-03-13 13:10:00+08:00,75.30000305175781,75.30000305175781,75.0999984741211,75.0999984741211,34414,0.0,0.0
2024-03-13 13:15:00+08:00,75.0999984741211,75.30000305175781,75.0999984741211,75.30000305175781,54000,0.0,0.0
2024-03-13 13:20:00+08:00,75.19999694824219,75.4000015258789,75.19999694824219,75.19999694824219,49321,0.0,0.0
2024-03-14 09:00:00+08:00,75.19999694824219,75.5,74.5999984741211,74.69999694824219,0,0.0,0.0
2024-03-14 09:05:00+08:00,74.69999694824219,74.69999694824219,74.5,74.5,78828,0.0,0.0
2024-03-14 09:10:00+08:00,74.5,74.69999694824219,74.4000015258789,74.4000015258789,41142,0.0,0.0
2024-03-14 09:15:00+08:00,74.30000305175781,74.30000305175781,73.4000015258789,73.5,280956,0.0,0.0
2024-03-14 09:20:00+08:00,73.5999984741211,74.30000305175781,73.5999984741211,74.19999694824219,53843,0.0,0.0
2024-03-14 09:25:00+08:00,74.30000305175781,74.30000305175781,73.9000015258789,74.0,101250,0.0,0.0
2024-03-14 09:30:00+08:00,74.0,74.0,73.69999694824219,73.9000015258789,45010,0.0,0.0
2024-03-14 09:35:00+08:00,73.80000305175781,74.30000305175781,73.5999984741211,74.0,118297,0.0,0.0
2024-03-14 09:40:00+08:00,74.0,74.4000015258789,74.0,74.4000015258789,30219,0.0,0.0
2024-03-14 09:45:00+08:00,74.4000015258789,74.5999984741211,74.4000015258789,74.5999984741211,35325,0.0,0.0
2024-03-14 09:50:00+08:00,74.5999984741211,74.5999984741211,74.5,74.5,15420,0.0,0.0
2024-03-14 09:55:00+08:00,74.4000015258789,74.5,74.30000305175781,74.30000305175781,18328,0.0,0.0
2024-03-14 10:00:00+08:00,74.4000015258789,74.4000015258789,74.30000305175781,74.4000015258789,14000,0.0,0.0
2024-03-14 10:05:00+08:00,74.4000015258789,74.4000015258789,74.0999984741211,74.0999984741211,9105,0.0,0.0
2024-03-14 10:10:00+08:00,74.19999694824219,74.19999694824219,74.19999694824219,74.19999694824219,7890,0.0,0.0
2024-03-14 10:15:00+08:00,74.30000305175781,74.69999694824219,74.30000305175781,74.69999694824219,28684,0.0,0.0
2024-03-14 10:20:00+08:00,74.69999694824219,74.69999694824219,74.4000015258789,74.4000015258789,19059,0.0,0.0
2024-03-14 10:25:00+08:00,74.5,74.5,74.4000015258789,74.4000015258789,13500,0.0,0.0
2024-03-14 10:30:00+08:00,74.4000015258789,74.5,74.4000015258789,74.4000015258789,9076,0.0,0.0
2024-03-14 10:35:00+08:00,74.5,74.5,74.5,74.5,12083,0.0,0.0
2024-03-14 10:40:00+08:00,74.4000015258789,74.4000015258789,74.4000015258789,74.4000015258789,13226,0.0,0.0
2024-03-14 10:45:00+08:00,74.4000015258789,74.4000015258789,74.30000305175781,74.4000015258789,18117,0.0,0.0
2024-03-14 10:50:00+08:00,74.5,74.5,74.5,74.5,4051,0.0,0.0
2024-03-14 10:55:00+08:00,74.5,74.5,74.4000015258789,74.5,5100,0.0,0.0
2024-03-14 11:00:00+08:00,74.4000015258789,74.5,74.4000015258789,74.5,5639,0.0,0.0
2024-03-14 11:05:00+08:00,74.5,74.5,74.5,74.5,10491,0.0,0.0
2024-03-14 11:10:00+08:00,74.5999984741211,74.5999984741211,74.5,74.5,13000,0.0,0.0
2024-03-14 11:15:00+08:00,74.5999984741211,74.69999694824219,74.5,74.5,9235,0.0,0.0
2024-03-14 11:20:00+08:00,74.5,74.5,74.5,74.5,4000,0.0,0.0
2024-03-14 11:25:00+08:00,74.4000015258789,74.4000015258789,74.30000305175781,74.30000305175781,12176,0.0,0.0
2024-03-14 11:30:00+08:00,74.30000305175781,74.30000305175781,74.0999984741211,74.0999984741211,47046,0.0,0.0
2024-03-14 11:35:00+08:00,74.0999984741211,74.19999694824219,74.0,74.0,16291,0.0,0.0
2024-03-14 11:40:00+08:00,74.0,74.0,74.0,74.0,6125,0.0,0.0
2024-03-14 11:45:00+08:00,74.0999984741211,74.0999984741211,74.0999984741211,74.0999984741211,5000,0.0,0.0
2024-03-14 11:50:00+08:00,74.19999694824219,74.19999694824219,73.69999694824219,73.69999694824219,122476,0.0,0.0
2024-03-14 11:55:00+08:00,73.80000305175781,73.9000015258789,73.69999694824219,73.80000305175781,15927,0.0,0.0
2024-03-14 12:00:00+08:00,73.9000015258789,74.0,73.9000015258789,74.0,5020,0.0,0.0
2024-03-14 12:05:00+08:00,74.0,74.0,74.0,74.0,13580,0.0,0.0
2024-03-14 12:10:00+08:00,74.0,74.0,74.0,74.0,4803,0.0,0.0
2024-03-14 12:15:00+08:00,74.0,74.0999984741211,74.0,74.0,13020,0.0,0.0
2024-03-14 12:20:00+08:00,74.0,74.0,73.80000305175781,73.80000305175781,35000,0.0,0.0
2024-03-14 12:25:00+08:00,73.9000015258789,74.0,73.80000305175781,73.80000305175781,50030,0.0,0.0
2024-03-14 12:30:00+08:00,73.9000015258789,73.9000015258789,73.80000305175781,73.9000015258789,20602,0.0,0.0
2024-03-14 12:35:00+08:00,73.9000015258789,73.9000015258789,73.9000015258789,73.9000015258789,11003,0.0,0.0
2024-03-14 12:40:00+08:00,73.9000015258789,73.9000015258789,73.9000015258789,73.9000015258789,9440,0.0,0.0
2024-03-14 12:45:00+08:00,73.9000015258789,73.9000015258789,73.9000015258789,73.9000015258789,3200,0.0,0.0
2024-03-14 12:50:00+08:00,73.80000305175781,73.9000015258789,73.80000305175781,73.80000305175781,40500,0.0,0.0
2024-03-14 12:55:00+08:00,73.9000015258789,73.9000015258789,73.69999694824219,73.69999694824219,57280,0.0,0.0
2024-03-14 13:00:00+08:00,73.69999694824219,74.19999694824219,73.69999694824219,74.0,101191,0.0,0.0
2024-03-14 13:05:00+08:00,74.0,74.0999984741211,73.9000015258789,74.0,37400,0.0,0.0
2024-03-14 13:10:00+08:00,73.9000015258789,74.0999984741211,73.9000015258789,73.9000015258789,34093,0.0,0.0
2024-03-14 13:15:00+08:00,74.0,74.0,73.69999694824219,73.69999694824219,97350,0.0,0.0
2024-03-14 13:20:00+08:00,73.80000305175781,74.0999984741211,73.5999984741211,74.0999984741211,114658,0.0,0.0
2024-03-15 09:00:00+08:00,74.0,74.0,73.69999694824219,73.80000305175781,60000,0.0,0.0
2024-03-15 09:05:00+08:00,73.9000015258789,74.0,73.69999694824219,73.80000305175781,89171,0.0,0.0
2024-03-15 09:10:00+08:00,73.80000305175781,74.0999984741211,73.80000305175781,74.0999984741211,25434,0.0,0.0
2024-03-15 09:15:00+08:00,74.0999984741211,74.4000015258789,74.0,74.4000015258789,96133,0.0,0.0
2024-03-15 09:20:00+08:00,74.5,74.5,74.19999694824219,74.19999694824219,34000,0.0,0.0
2024-03-15 09:25:00+08:00,74.0999984741211,74.80000305175781,74.0999984741211,74.4000015258789,69450,0.0,0.0
2024-03-15 09:30:00+08:00,74.5,74.5,74.4000015258789,74.5,28307,0.0,0.0
2024-03-15 09:35:00+08:00,74.5,74.5,74.19999694824219,74.19999694824219,30553,0.0,0.0
2024-03-15 09:40:00+08:00,74.0999984741211,74.0999984741211,74.0,74.0,53243,0.0,0.0
2024-03-15 09:45:00+08:00,73.9000015258789,73.9000015258789,73.80000305175781,73.9000015258789,20700,0.0,0.0
2024-03-15 09:50:00+08:00,73.9000015258789,73.9000015258789,73.9000015258789,73.9000015258789,12462,0.0,0.0
2024-03-15 09:55:00+08:00,74.0,74.4000015258789,73.9000015258789,74.0999984741211,44063,0.0,0.0
2024-03-15 10:00:00+08:00,74.0,74.0,74.0,74.0,12000,0.0,0.0
2024-03-15 10:05:00+08:00,73.9000015258789,73.9000015258789,73.80000305175781,73.80000305175781,17099,0.0,0.0
2024-03-15 10:10:00+08:00,73.80000305175781,74.0999984741211,73.5,74.0,138853,0.0,0.0
2024-03-15 10:15:00+08:00,73.9000015258789,73.9000015258789,73.4000015258789,73.4000015258789,77040,0.0,0.0
2024-03-15 10:20:00+08:00,73.4000015258789,73.4000015258789,73.0999984741211,73.0999984741211,154795,0.0,0.0
2024-03-15 10:25:00+08:00,73.0999984741211,73.19999694824219,73.0999984741211,73.19999694824219,37849,0.0,0.0
2024-03-15 10:30:00+08:00,73.19999694824219,73.30000305175781,73.19999694824219,73.19999694824219,51137,0.0,0.0
2024-03-15 10:35:00+08:00,73.0999984741211,73.19999694824219,73.0999984741211,73.19999694824219,57294,0.0,0.0
2024-03-15 10:40:00+08:00,73.19999694824219,73.30000305175781,73.0,73.19999694824219,110648,0.0,0.0
2024-03-15 10:45:00+08:00,73.19999694824219,73.19999694824219,73.19999694824219,73.19999694824219,7200,0.0,0.0
2024-03-15 10:50:00+08:00,73.0999984741211,73.0999984741211,73.0,73.0,36766,0.0,0.0
2024-03-15 10:55:00+08:00,73.0,73.30000305175781,73.0,73.0999984741211,47565,0.0,0.0
2024-03-15 11:00:00+08:00,73.0999984741211,73.30000305175781,73.0999984741211,73.30000305175781,11254,0.0,0.0
2024-03-15 11:05:00+08:00,73.30000305175781,73.4000015258789,73.30000305175781,73.4000015258789,5791,0.0,0.0
2024-03-15 11:15:00+08:00,73.4000015258789,73.4000015258789,73.4000015258789,73.4000015258789,4000,0.0,0.0
2024-03-15 11:20:00+08:00,73.30000305175781,73.30000305175781,73.0,73.0999984741211,56112,0.0,0.0
2024-03-15 11:25:00+08:00,73.19999694824219,73.30000305175781,73.19999694824219,73.30000305175781,5316,0.0,0.0
2024-03-15 11:30:00+08:00,73.19999694824219,73.30000305175781,73.19999694824219,73.19999694824219,4010,0.0,0.0
2024-03-15 11:35:00+08:00,73.19999694824219,73.19999694824219,73.0999984741211,73.0999984741211,17268,0.0,0.0
2024-03-15 11:40:00+08:00,73.0999984741211,73.19999694824219,73.0999984741211,73.19999694824219,13218,0.0,0.0
2024-03-15 11:45:00+08:00,73.19999694824219,73.19999694824219,73.0999984741211,73.0999984741211,8000,0.0,0.0
2024-03-15 11:50:00+08:00,73.19999694824219,73.19999694824219,73.19999694824219,73.19999694824219,2749,0.0,0.0
2024-03-15 11:55:00+08:00,73.0999984741211,73.19999694824219,73.0999984741211,73.19999694824219,55261,0.0,0.0
2024-03-15 12:00:00+08:00,73.19999694824219,73.19999694824219,73.19999694824219,73.19999694824219,8000,0.0,0.0
2024-03-15 12:05:00+08:00,73.19999694824219,73.19999694824219,73.0999984741211,73.0999984741211,9000,0.0,0.0
2024-03-15 12:10:00+08:00,73.0999984741211,73.30000305175781,73.0999984741211,73.19999694824219,43615,0.0,0.0
2024-03-15 12:15:00+08:00,73.30000305175781,73.5999984741211,73.30000305175781,73.5999984741211,20000,0.0,0.0
2024-03-15 12:20:00+08:00,73.69999694824219,73.69999694824219,73.5,73.5,21250,0.0,0.0
2024-03-15 12:25:00+08:00,73.5,73.5,73.4000015258789,73.4000015258789,9226,0.0,0.0
2024-03-15 12:30:00+08:00,73.4000015258789,73.4000015258789,73.4000015258789,73.4000015258789,28000,0.0,0.0
2024-03-15 12:35:00+08:00,73.4000015258789,73.4000015258789,73.30000305175781,73.30000305175781,5014,0.0,0.0
2024-03-15 12:40:00+08:00,73.30000305175781,73.4000015258789,73.30000305175781,73.4000015258789,6000,0.0,0.0
2024-03-15 12:45:00+08:00,73.4000015258789,73.4000015258789,73.4000015258789,73.4000015258789,2049,0.0,0.0
2024-03-15 12:50:00+08:00,73.4000015258789,73.5,73.30000305175781,73.4000015258789,31010,0.0,0.0
2024-03-15 12:55:00+08:00,73.4000015258789,73.4000015258789,73.4000015258789,73.4000015258789,11539,0.0,0.0
2024-03-15 13:00:00+08:00,73.4000015258789,73.4000015258789,73.19999694824219,73.19999694824219,42710,0.0,0.0
2024-03-15 13:05:00+08:00,73.19999694824219,73.19999694824219,73.0999984741211,73.0999984741211,60000,0.0,0.0
2024-03-15 13:10:00+08:00,73.19999694824219,73.19999694824219,72.9000015258789,73.0,147231,0.0,0.0
2024-03-15 13:15:00+08:00,73.0999984741211,73.0999984741211,72.9000015258789,72.9000015258789,47486,0.0,0.0
2024-03-15 13:20:00+08:00,72.9000015258789,73.0,72.80000305175781,72.80000305175781,115007,0.0,0.0
2024-03-18 09:00:00+08:00,72.4000015258789,72.5,71.5999984741211,71.9000015258789,0,0.0,0.0
2024-03-18 09:05:00+08:00,72.0,72.5999984741211,71.9000015258789,72.4000015258789,97000,0.0,0.0
2024-03-18 09:10:00+08:00,72.4000015258789,72.80000305175781,72.30000305175781,72.5999984741211,61108,0.0,0.0
2024-03-18 09:15:00+08:00,72.5,72.5,72.30000305175781,72.4000015258789,23197,0.0,0.0
2024-03-18 09:20:00+08:00,72.30000305175781,72.5,72.19999694824219,72.5,25346,0.0,0.0
2024-03-18 09:25:00+08:00,72.5999984741211,72.80000305175781,72.4000015258789,72.5999984741211,32117,0.0,0.0
2024-03-18 09:30:00+08:00,72.5,72.69999694824219,72.5,72.69999694824219,17058,0.0,0.0
2024-03-18 09:35:00+08:00,72.69999694824219,72.80000305175781,72.69999694824219,72.69999694824219,20000,0.0,0.0
2024-03-18 09:40:00+08:00,72.80000305175781,74.0,72.80000305175781,73.5999984741211,162304,0.0,0.0
2024-03-18 09:45:00+08:00,73.5999984741211,73.69999694824219,73.30000305175781,73.5999984741211,58307,0.0,0.0
2024-03-18 09:50:00+08:00,73.5999984741211,73.5999984741211,73.5,73.5,38270,0.0,0.0
2024-03-18 09:55:00+08:00,73.5,73.69999694824219,73.5,73.69999694824219,44001,0.0,0.0
2024-03-18 10:00:00+08:00,73.69999694824219,73.80000305175781,73.30000305175781,73.30000305175781,33508,0.0,0.0
2024-03-18 10:05:00+08:00,73.4000015258789,73.4000015258789,73.0,73.19999694824219,70617,0.0,0.0
2024-03-18 10:10:00+08:00,73.0999984741211,73.0999984741211,72.9000015258789,73.0,16000,0.0,0.0
2024-03-18 10:15:00+08:00,73.0,73.0,72.9000015258789,72.9000015258789,3142,0.0,0.0
2024-03-18 10:20:00+08:00,73.0999984741211,73.30000305175781,73.0999984741211,73.30000305175781,10010,0.0,0.0
2024-03-18 10:25:00+08:00,73.30000305175781,73.30000305175781,73.30000305175781,73.30000305175781,2000,0.0,0.0
2024-03-18 10:30:00+08:00,73.30000305175781,73.5,73.30000305175781,73.5,14298,0.0,0.0
2024-03-18 10:35:00+08:00,73.5,73.5999984741211,73.5,73.5999984741211,15270,0.0,0.0
2024-03-18 10:40:00+08:00,73.5999984741211,74.4000015258789,73.5999984741211,74.19999694824219,122984,0.0,0.0
2024-03-18 10:45:00+08:00,74.0,74.19999694824219,73.80000305175781,74.19999694824219,21000,0.0,0.0
2024-03-18 10:50:00+08:00,74.0999984741211,74.19999694824219,74.0,74.0,31070,0.0,0.0
2024-03-18 10:55:00+08:00,74.0999984741211,74.0999984741211,74.0,74.0,17100,0.0,0.0
2024-03-18 11:00:00+08:00,73.9000015258789,74.19999694824219,73.9000015258789,74.19999694824219,42327,0.0,0.0
2024-03-18 11:05:00+08:00,74.19999694824219,74.19999694824219,73.9000015258789,73.9000015258789,22100,0.0,0.0
2024-03-18 11:10:00+08:00,73.9000015258789,74.0,73.9000015258789,74.0,6200,0.0,0.0
2024-03-18 11:15:00+08:00,74.0,74.0,74.0,74.0,6176,0.0,0.0
2024-03-18 11:20:00+08:00,74.0,74.0,73.9000015258789,73.9000015258789,23200,0.0,0.0
2024-03-18 11:25:00+08:00,73.9000015258789,73.9000015258789,73.9000015258789,73.9000015258789,8160,0.0,0.0
2024-03-18 11:30:00+08:00,73.9000015258789,73.9000015258789,73.9000015258789,73.9000015258789,1224,0.0,0.0
2024-03-18 11:35:00+08:00,73.9000015258789,74.0999984741211,73.9000015258789,74.0,28298,0.0,0.0
2024-03-18 11:40:00+08:00,74.0,74.0,73.9000015258789,74.0,16000,0.0,0.0
2024-03-18 11:45:00+08:00,74.0,74.0,73.9000015258789,73.9000015258789,4052,0.0,0.0
2024-03-18 11:50:00+08:00,73.9000015258789,74.0,73.9000015258789,74.0,16011,0.0,0.0
2024-03-18 11:55:00+08:00,73.9000015258789,73.9000015258789,73.9000015258789,73.9000015258789,3000,0.0,0.0
2024-03-18 12:00:00+08:00,73.9000015258789,74.5,73.9000015258789,74.30000305175781,175310,0.0,0.0
2024-03-18 12:05:00+08:00,74.30000305175781,74.4000015258789,74.19999694824219,74.30000305175781,35000,0.0,0.0
2024-03-18 12:10:00+08:00,74.30000305175781,74.30000305175781,74.0999984741211,74.19999694824219,3000,0.0,0.0
2024-03-18 12:15:00+08:00,74.19999694824219,74.19999694824219,74.0999984741211,74.0999984741211,5219,0.0,0.0
2024-03-18 12:20:00+08:00,74.0999984741211,74.19999694824219,74.0,74.0999984741211,15100,0.0,0.0
2024-03-18 12:25:00+08:00,74.0999984741211,74.4000015258789,74.0999984741211,74.4000015258789,24026,0.0,0.0
2024-03-18 12:30:00+08:00,74.30000305175781,74.30000305175781,74.30000305175781,74.30000305175781,7104,0.0,0.0
2024-03-18 12:35:00+08:00,74.30000305175781,74.30000305175781,74.0999984741211,74.30000305175781,18429,0.0,0.0
2024-03-18 12:40:00+08:00,74.30000305175781,74.30000305175781,74.30000305175781,74.30000305175781,3000,0.0,0.0
2024-03-18 12:45:00+08:00,74.30000305175781,74.30000305175781,74.30000305175781,74.30000305175781,7050,0.0,0.0
2024-03-18 12:50:00+08:00,74.30000305175781,74.30000305175781,74.19999694824219,74.19999694824219,22070,0.0,0.0
2024-03-18 12:55:00+08:00,74.30000305175781,74.30000305175781,74.19999694824219,74.30000305175781,8100,0.0,0.0
2024-03-18 13:00:00+08:00,74.19999694824219,74.19999694824219,74.0,74.0,15300,0.0,0.0
2024-03-18 13:05:00+08:00,74.0,74.0,73.9000015258789,74.0,87458,0.0,0.0
2024-03-18 13:10:00+08:00,74.0,74.0,73.4000015258789,73.5999984741211,65709,0.0,0.0
2024-03-18 13:15:00+08:00,73.69999694824219,73.80000305175781,73.5999984741211,73.80000305175781,20016,0.0,0.0
2024-03-18 13:20:00+08:00,73.69999694824219,74.0,73.69999694824219,73.9000015258789,25250,0.0,0.0
2024-03-19 09:00:00+08:00,73.19999694824219,73.80000305175781,73.0999984741211,73.5,71000,0.0,0.0
2024-03-19 09:05:00+08:00,73.69999694824219,74.0,73.69999694824219,74.0,22000,0.0,0.0
2024-03-19 09:10:00+08:00,73.80000305175781,74.19999694824219,73.80000305175781,74.19999694824219,27944,0.0,0.0
2024-03-19 09:15:00+08:00,74.0999984741211,74.0999984741211,73.80000305175781,73.80000305175781,26001,0.0,0.0
2024-03-19 09:20:00+08:00,73.80000305175781,73.80000305175781,73.5,73.5,87202,0.0,0.0
2024-03-19 09:25:00+08:00,73.5999984741211,73.5999984741211,73.5,73.5,35150,0.0,0.0
2024-03-19 09:30:00+08:00,73.5,73.5,73.5,73.5,10070,0.0,0.0
2024-03-19 09:35:00+08:00,73.5999984741211,73.5999984741211,73.5,73.5,9025,0.0,0.0
2024-03-19 09:40:00+08:00,73.4000015258789,73.5,73.4000015258789,73.4000015258789,12781,0.0,0.0
2024-03-19 09:45:00+08:00,73.5,73.5999984741211,73.4000015258789,73.5999984741211,95070,0.0,0.0
2024-03-19 09:50:00+08:00,73.5999984741211,74.0999984741211,73.5999984741211,74.0999984741211,27635,0.0,0.0
2024-03-19 09:55:00+08:00,74.19999694824219,74.19999694824219,74.0,74.0,28153,0.0,0.0
2024-03-19 10:00:00+08:00,74.0999984741211,74.80000305175781,74.0999984741211,74.80000305175781,80725,0.0,0.0
2024-03-19 10:05:00+08:00,74.80000305175781,75.5999984741211,74.69999694824219,75.5999984741211,253200,0.0,0.0
2024-03-19 10:10:00+08:00,75.5999984741211,76.19999694824219,75.5999984741211,76.0,437159,0.0,0.0
2024-03-19 10:15:00+08:00,76.0,76.0,75.9000015258789,75.9000015258789,123379,0.0,0.0
2024-03-19 10:20:00+08:00,75.9000015258789,76.30000305175781,75.9000015258789,76.19999694824219,159708,0.0,0.0
2024-03-19 10:25:00+08:00,76.19999694824219,76.30000305175781,75.9000015258789,76.0,99200,0.0,0.0
2024-03-19 10:30:00+08:00,76.0,76.0,75.9000015258789,76.0,76100,0.0,0.0
2024-03-19 10:35:00+08:00,76.0,76.0999984741211,75.9000015258789,76.0,28200,0.0,0.0
2024-03-19 10:40:00+08:00,76.0,76.4000015258789,75.9000015258789,76.30000305175781,102376,0.0,0.0
2024-03-19 10:45:00+08:00,76.30000305175781,76.30000305175781,76.0999984741211,76.0999984741211,20274,0.0,0.0
2024-03-19 10:50:00+08:00,76.0999984741211,76.0999984741211,76.0,76.0,63000,0.0,0.0
2024-03-19 10:55:00+08:00,76.0,76.0,75.9000015258789,75.9000015258789,44297,0.0,0.0
2024-03-19 11:00:00+08:00,76.0,76.0,75.9000015258789,75.9000015258789,48017,0.0,0.0
2024-03-19 11:05:00+08:00,75.80000305175781,75.9000015258789,75.80000305175781,75.80000305175781,25589,0.0,0.0
2024-03-19 11:10:00+08:00,75.80000305175781,75.80000305175781,75.4000015258789,75.5,42265,0.0,0.0
2024-03-19 11:15:00+08:00,75.4000015258789,75.4000015258789,75.30000305175781,75.30000305175781,10059,0.0,0.0
2024-03-19 11:20:00+08:00,75.0999984741211,75.4000015258789,75.0999984741211,75.19999694824219,48852,0.0,0.0
2024-03-19 11:25:00+08:00,75.30000305175781,75.4000015258789,75.30000305175781,75.30000305175781,6066,0.0,0.0
2024-03-19 11:30:00+08:00,75.30000305175781,75.30000305175781,75.30000305175781,75.30000305175781,2000,0.0,0.0
2024-03-19 11:35:00+08:00,75.4000015258789,75.4000015258789,75.4000015258789,75.4000015258789,10000,0.0,0.0
2024-03-19 11:40:00+08:00,75.4000015258789,75.9000015258789,75.30000305175781,75.80000305175781,25000,0.0,0.0
2024-03-19 11:45:00+08:00,75.69999694824219,75.69999694824219,73.80000305175781,73.80000305175781,28000,0.0,0.0
2024-03-19 11:50:00+08:00,75.0999984741211,75.0999984741211,75.0,75.0,52000,0.0,0.0
2024-03-19 11:55:00+08:00,75.0999984741211,75.0999984741211,74.80000305175781,74.80000305175781,58838,0.0,0.0
2024-03-19 12:00:00+08:00,74.80000305175781,74.9000015258789,74.80000305175781,74.9000015258789,32422,0.0,0.0
2024-03-19 12:05:00+08:00,74.9000015258789,75.0,74.80000305175781,74.80000305175781,24037,0.0,0.0
2024-03-19 12:10:00+08:00,74.80000305175781,75.0,74.80000305175781,75.0,9000,0.0,0.0
2024-03-19 12:15:00+08:00,74.80000305175781,74.80000305175781,74.80000305175781,74.80000305175781,15620,0.0,0.0
2024-03-19 12:25:00+08:00,75.0,75.0999984741211,75.0,75.0999984741211,6300,0.0,0.0
2024-03-19 12:30:00+08:00,75.0999984741211,75.0999984741211,75.0999984741211,75.0999984741211,5799,0.0,0.0
2024-03-19 12:35:00+08:00,75.19999694824219,75.30000305175781,75.19999694824219,75.30000305175781,19120,0.0,0.0
2024-03-19 12:40:00+08:00,75.30000305175781,75.30000305175781,75.30000305175781,75.30000305175781,3000,0.0,0.0
2024-03-19 12:45:00+08:00,75.30000305175781,75.30000305175781,75.0999984741211,75.0999984741211,16000,0.0,0.0
2024-03-19 12:50:00+08:00,75.0,75.0999984741211,75.0,75.0999984741211,18450,0.0,0.0
2024-03-19 12:55:00+08:00,75.0999984741211,75.19999694824219,75.0999984741211,75.19999694824219,8000,0.0,0.0
2024-03-19 13:00:00+08:00,75.19999694824219,75.19999694824219,75.0999984741211,75.0999984741211,15000,0.0,0.0
2024-03-19 13:05:00+08:00,75.0999984741211,75.0999984741211,75.0,75.0999984741211,25000,0.0,0.0
2024-03-19 13:10:00+08:00,75.0999984741211,75.19999694824219,75.0,75.0,51158,0.0,0.0
2024-03-19 13:15:00+08:00,74.9000015258789,75.0,74.80000305175781,74.80000305175781,22158,0.0,0.0
2024-03-19 13:20:00+08:00,75.0,75.19999694824219,74.9000015258789,74.9000015258789,34103,0.0,0.0
2024-03-20 09:00:00+08:00,74.9000015258789,75.30000305175781,74.4000015258789,75.0999984741211,0,0.0,0.0
2024-03-20 09:05:00+08:00,75.0999984741211,75.80000305175781,75.0999984741211,75.5999984741211,103000,0.0,0.0
2024-03-20 09:10:00+08:00,75.5999984741211,76.5,75.4000015258789,76.5,229943,0.0,0.0
2024-03-20 09:15:00+08:00,76.4000015258789,76.5,75.69999694824219,75.69999694824219,169154,0.0,0.0
2024-03-20 09:20:00+08:00,75.80000305175781,76.5999984741211,75.80000305175781,76.30000305175781,253348,0.0,0.0
2024-03-20 09:25:00+08:00,76.30000305175781,76.9000015258789,76.30000305175781,76.69999694824219,170066,0.0,0.0
2024-03-20 09:30:00+08:00,76.80000305175781,77.0,76.4000015258789,76.5999984741211,154265,0.0,0.0
2024-03-20 09:35:00+08:00,76.69999694824219,76.80000305175781,76.5999984741211,76.80000305175781,81194,0.0,0.0
2024-03-20 09:40:00+08:00,76.69999694824219,76.9000015258789,76.5999984741211,76.9000015258789,82386,0.0,0.0
2024-03-20 09:45:00+08:00,76.9000015258789,77.4000015258789,76.5,77.0999984741211,383880,0.0,0.0
2024-03-20 09:50:00+08:00,77.0999984741211,77.4000015258789,77.0,77.19999694824219,142152,0.0,0.0
2024-03-20 09:55:00+08:00,77.0,77.0,76.5999984741211,76.69999694824219,59095,0.0,0.0
2024-03-20 10:00:00+08:00,76.80000305175781,76.80000305175781,76.69999694824219,76.80000305175781,32300,0.0,0.0
2024-03-20 10:05:00+08:00,76.80000305175781,76.9000015258789,76.80000305175781,76.80000305175781,41500,0.0,0.0
2024-03-20 10:10:00+08:00,76.9000015258789,76.9000015258789,76.5,76.80000305175781,65042,0.0,0.0
2024-03-20 10:15:00+08:00,76.80000305175781,76.80000305175781,76.5999984741211,76.5999984741211,37200,0.0,0.0
2024-03-20 10:20:00+08:00,76.5,76.5999984741211,76.5,76.5,48123,0.0,0.0
2024-03-20 10:25:00+08:00,76.5,76.5999984741211,76.5,76.5999984741211,18250,0.0,0.0
2024-03-20 10:30:00+08:00,76.5999984741211,76.80000305175781,76.5999984741211,76.5999984741211,57069,0.0,0.0
2024-03-20 10:35:00+08:00,76.69999694824219,76.69999694824219,76.69999694824219,76.69999694824219,4000,0.0,0.0
2024-03-20 10:40:00+08:00,76.5999984741211,76.5999984741211,76.5999984741211,76.5999984741211,9000,0.0,0.0
2024-03-20 10:45:00+08:00,76.5999984741211,76.69999694824219,76.5999984741211,76.69999694824219,17100,0.0,0.0
2024-03-20 10:50:00+08:00,76.69999694824219,76.80000305175781,76.5999984741211,76.69999694824219,13200,0.0,0.0
2024-03-20 10:55:00+08:00,76.69999694824219,76.69999694824219,76.69999694824219,76.69999694824219,8120,0.0,0.0
2024-03-20 11:00:00+08:00,76.80000305175781,76.9000015258789,76.5999984741211,76.69999694824219,63102,0.0,0.0
2024-03-20 11:05:00+08:00,76.80000305175781,76.80000305175781,76.80000305175781,76.80000305175781,5000,0.0,0.0
2024-03-20 11:10:00+08:00,76.80000305175781,76.80000305175781,76.69999694824219,76.69999694824219,4176,0.0,0.0
2024-03-20 11:15:00+08:00,76.69999694824219,76.69999694824219,76.5999984741211,76.69999694824219,11000,0.0,0.0
2024-03-20 11:20:00+08:00,76.69999694824219,76.80000305175781,76.5999984741211,76.5999984741211,55000,0.0,0.0
2024-03-20 11:25:00+08:00,76.5999984741211,76.5999984741211,76.5,76.5,14382,0.0,0.0
2024-03-20 11:30:00+08:00,76.5999984741211,76.69999694824219,76.5999984741211,76.5999984741211,12001,0.0,0.0
2024-03-20 11:35:00+08:00,76.5999984741211,76.5999984741211,76.4000015258789,76.4000015258789,48126,0.0,0.0
2024-03-20 11:40:00+08:00,76.4000015258789,76.4000015258789,76.4000015258789,76.4000015258789,51140,0.0,0.0
2024-03-20 11:45:00+08:00,76.5,76.5,76.4000015258789,76.4000015258789,10117,0.0,0.0
2024-03-20 11:50:00+08:00,76.4000015258789,76.4000015258789,76.4000015258789,76.4000015258789,22000,0.0,0.0
2024-03-20 11:55:00+08:00,76.4000015258789,76.69999694824219,76.30000305175781,76.5999984741211,93020,0.0,0.0
2024-03-20 12:00:00+08:00,76.5999984741211,76.5999984741211,76.5999984741211,76.5999984741211,5160,0.0,0.0
2024-03-20 12:05:00+08:00,76.5999984741211,76.5999984741211,76.4000015258789,76.5,18217,0.0,0.0
2024-03-20 12:10:00+08:00,76.5,76.5,76.4000015258789,76.4000015258789,10283,0.0,0.0
2024-03-20 12:15:00+08:00,76.4000015258789,76.4000015258789,76.4000015258789,76.4000015258789,19100,0.0,0.0
2024-03-20 12:20:00+08:00,76.4000015258789,76.4000015258789,76.19999694824219,76.19999694824219,49400,0.0,0.0
2024-03-20 12:25:00+08:00,76.19999694824219,76.4000015258789,76.0999984741211,76.30000305175781,74986,0.0,0.0
2024-03-20 12:30:00+08:00,76.4000015258789,76.9000015258789,76.4000015258789,76.9000015258789,75032,0.0,0.0
2024-03-20 12:35:00+08:00,76.9000015258789,76.9000015258789,76.5999984741211,76.69999694824219,21200,0.0,0.0
2024-03-20 12:40:00+08:00,76.80000305175781,76.80000305175781,76.69999694824219,76.69999694824219,17000,0.0,0.0
2024-03-20 12:45:00+08:00,76.69999694824219,76.69999694824219,76.5999984741211,76.69999694824219,16100,0.0,0.0
2024-03-20 12:50:00+08:00,76.69999694824219,76.80000305175781,76.5999984741211,76.5999984741211,43002,0.0,0.0
2024-03-20 12:55:00+08:00,76.5999984741211,76.5999984741211,76.30000305175781,76.30000305175781,79000,0.0,0.0
2024-03-20 13:00:00+08:00,76.30000305175781,76.5,76.0,76.0999984741211,118105,0.0,0.0
2024-03-20 13:05:00+08:00,76.0999984741211,76.0999984741211,76.0,76.0,89195,0.0,0.0
2024-03-20 13:10:00+08:00,76.0,76.0999984741211,76.0,76.0999984741211,41100,0.0,0.0
2024-03-20 13:15:00+08:00,76.0999984741211,76.19999694824219,76.0,76.19999694824219,59139,0.0,0.0
2024-03-20 13:20:00+08:00,76.0999984741211,76.30000305175781,76.0999984741211,76.30000305175781,80134,0.0,0.0
2024-03-21 09:00:00+08:00,76.4000015258789,77.0,76.4000015258789,76.5,0,0.0,0.0
2024-03-21 09:05:00+08:00,76.5,76.5999984741211,76.19999694824219,76.19999694824219,48400,0.0,0.0
2024-03-21 09:10:00+08:00,76.19999694824219,76.69999694824219,76.0999984741211,76.0999984741211,70890,0.0,0.0
2024-03-21 09:15:00+08:00,76.0999984741211,76.0999984741211,75.9000015258789,76.0,60475,0.0,0.0
2024-03-21 09:20:00+08:00,76.0,76.5,75.9000015258789,76.19999694824219,75090,0.0,0.0
2024-03-21 09:25:00+08:00,76.30000305175781,76.30000305175781,76.0,76.0,25000,0.0,0.0
2024-03-21 09:30:00+08:00,76.0,76.0,75.5999984741211,75.5999984741211,65611,0.0,0.0
2024-03-21 09:35:00+08:00,75.5999984741211,75.69999694824219,75.5,75.5999984741211,24290,0.0,0.0
2024-03-21 09:40:00+08:00,75.69999694824219,76.0,75.5999984741211,75.69999694824219,40009,0.0,0.0
2024-03-21 09:45:00+08:00,75.69999694824219,75.69999694824219,75.5999984741211,75.5999984741211,12053,0.0,0.0
2024-03-21 09:50:00+08:00,75.5999984741211,75.5999984741211,75.5,75.5999984741211,29961,0.0,0.0
2024-03-21 09:55:00+08:00,75.5999984741211,75.5999984741211,75.30000305175781,75.30000305175781,52009,0.0,0.0
2024-03-21 10:00:00+08:00,75.30000305175781,75.5999984741211,75.30000305175781,75.4000015258789,17637,0.0,0.0
2024-03-21 10:05:00+08:00,75.30000305175781,75.5999984741211,75.19999694824219,75.5999984741211,88058,0.0,0.0
2024-03-21 10:10:00+08:00,75.5999984741211,75.69999694824219,75.5,75.5,26465,0.0,0.0
2024-03-21 10:15:00+08:00,75.5999984741211,75.5999984741211,75.5999984741211,75.5999984741211,14058,0.0,0.0
2024-03-21 10:20:00+08:00,75.69999694824219,75.69999694824219,75.69999694824219,75.69999694824219,6041,0.0,0.0
2024-03-21 10:25:00+08:00,75.69999694824219,76.0999984741211,75.5999984741211,76.0999984741211,115350,0.0,0.0
2024-03-21 10:30:00+08:00,76.0999984741211,76.30000305175781,76.0999984741211,76.30000305175781,31126,0.0,0.0
2024-03-21 10:35:00+08:00,76.30000305175781,76.4000015258789,76.30000305175781,76.4000015258789,14111,0.0,0.0
2024-03-21 10:40:00+08:00,76.30000305175781,76.30000305175781,75.80000305175781,75.80000305175781,56549,0.0,0.0
2024-03-21 10:45:00+08:00,75.69999694824219,75.69999694824219,75.5,75.69999694824219,12010,0.0,0.0
2024-03-21 10:50:00+08:00,75.69999694824219,75.69999694824219,75.69999694824219,75.69999694824219,19749,0.0,0.0
2024-03-21 10:55:00+08:00,75.69999694824219,75.69999694824219,75.4000015258789,75.5,60001,0.0,0.0
2024-03-21 11:00:00+08:00,75.5999984741211,75.69999694824219,75.5999984741211,75.69999694824219,6200,0.0,0.0
2024-03-21 11:05:00+08:00,75.69999694824219,75.69999694824219,75.5999984741211,75.69999694824219,10000,0.0,0.0
2024-03-21 11:10:00+08:00,75.80000305175781,75.80000305175781,75.80000305175781,75.80000305175781,2002,0.0,0.0
2024-03-21 11:15:00+08:00,75.69999694824219,75.9000015258789,75.69999694824219,75.9000015258789,6054,0.0,0.0
2024-03-21 11:20:00+08:00,75.9000015258789,75.9000015258789,75.9000015258789,75.9000015258789,1000,0.0,0.0
2024-03-21 11:25:00+08:00,75.9000015258789,75.9000015258789,75.9000015258789,75.9000015258789,3136,0.0,0.0
2024-03-21 11:30:00+08:00,75.9000015258789,75.9000015258789,75.9000015258789,75.9000015258789,17251,0.0,0.0
2024-03-21 11:35:00+08:00,75.80000305175781,75.80000305175781,75.69999694824219,75.69999694824219,18000,0.0,0.0
2024-03-21 11:40:00+08:00,75.69999694824219,75.80000305175781,75.5999984741211,75.69999694824219,26080,0.0,0.0
2024-03-21 11:45:00+08:00,75.9000015258789,76.0,75.9000015258789,75.9000015258789,36000,0.0,0.0
2024-03-21 11:50:00+08:00,75.9000015258789,75.9000015258789,75.80000305175781,75.80000305175781,4050,0.0,0.0
2024-03-21 12:00:00+08:00,75.80000305175781,75.9000015258789,75.69999694824219,75.69999694824219,55030,0.0,0.0
2024-03-21 12:05:00+08:00,75.69999694824219,75.69999694824219,75.69999694824219,75.69999694824219,10000,0.0,0.0
2024-03-21 12:10:00+08:00,75.69999694824219,75.69999694824219,75.69999694824219,75.69999694824219,2000,0.0,0.0
2024-03-21 12:15:00+08:00,75.5999984741211,75.5999984741211,75.5,75.5,18273,0.0,0.0
2024-03-21 12:20:00+08:00,75.5,75.5999984741211,75.5,75.5999984741211,18566,0.0,0.0
2024-03-21 12:30:00+08:00,75.5999984741211,75.69999694824219,75.5999984741211,75.5999984741211,10099,0.0,0.0
2024-03-21 12:35:00+08:00,75.5999984741211,75.5999984741211,75.5999984741211,75.5999984741211,1000,0.0,0.0
2024-03-21 12:40:00+08:00,75.5999984741211,75.69999694824219,75.5999984741211,75.5999984741211,21551,0.0,0.0
2024-03-21 12:45:00+08:00,75.5999984741211,75.69999694824219,75.5999984741211,75.5999984741211,15199,0.0,0.0
2024-03-21 12:50:00+08:00,75.5,75.69999694824219,75.5,75.69999694824219,34083,0.0,0.0
2024-03-21 12:55:00+08:00,75.80000305175781,75.9000015258789,75.80000305175781,75.80000305175781,25000,0.0,0.0
2024-03-21 13:00:00+08:00,75.80000305175781,75.9000015258789,75.80000305175781,75.9000015258789,30100,0.0,0.0
2024-03-21 13:05:00+08:00,75.9000015258789,76.0,75.9000015258789,75.9000015258789,16000,0.0,0.0
2024-03-21 13:10:00+08:00,75.9000015258789,75.9000015258789,75.69999694824219,75.80000305175781,51000,0.0,0.0
2024-03-21 13:15:00+08:00,75.80000305175781,75.9000015258789,75.69999694824219,75.80000305175781,56040,0.0,0.0
2024-03-21 13:20:00+08:00,75.80000305175781,76.19999694824219,75.80000305175781,76.19999694824219,140417,0.0,0.0
2024-03-22 09:00:00+08:00,76.5,76.5,75.5999984741211,75.69999694824219,0,0.0,0.0
2024-03-22 09:05:00+08:00,75.5999984741211,75.80000305175781,75.5999984741211,75.80000305175781,20034,0.0,0.0
2024-03-22 09:10:00+08:00,75.69999694824219,75.80000305175781,75.5,75.5,46359,0.0,0.0
2024-03-22 09:15:00+08:00,75.5,75.5999984741211,75.5,75.5999984741211,20226,0.0,0.0
2024-03-22 09:20:00+08:00,75.5999984741211,75.69999694824219,75.5,75.69999694824219,43000,0.0,0.0
2024-03-22 09:25:00+08:00,75.69999694824219,75.69999694824219,75.5999984741211,75.5999984741211,11672,0.0,0.0
2024-03-22 09:30:00+08:00,75.5999984741211,75.5999984741211,75.5999984741211,75.5999984741211,20000,0.0,0.0
2024-03-22 09:35:00+08:00,75.5999984741211,75.5999984741211,75.30000305175781,75.30000305175781,27650,0.0,0.0
2024-03-22 09:40:00+08:00,75.30000305175781,75.69999694824219,75.30000305175781,75.69999694824219,33200,0.0,0.0
2024-03-22 09:45:00+08:00,75.69999694824219,75.69999694824219,75.5,75.5,6175,0.0,0.0
2024-03-22 09:50:00+08:00,75.5999984741211,75.5999984741211,75.5999984741211,75.5999984741211,7864,0.0,0.0
2024-03-22 09:55:00+08:00,75.5999984741211,75.5999984741211,75.4000015258789,75.4000015258789,29500,0.0,0.0
2024-03-22 10:00:00+08:00,75.4000015258789,75.5,75.4000015258789,75.5,11000,0.0,0.0
2024-03-22 10:05:00+08:00,75.5,75.5,75.30000305175781,75.5,43000,0.0,0.0
2024-03-22 10:10:00+08:00,75.5,75.5,75.30000305175781,75.30000305175781,8000,0.0,0.0
2024-03-22 10:15:00+08:00,75.30000305175781,75.4000015258789,75.30000305175781,75.4000015258789,13001,0.0,0.0
2024-03-22 10:20:00+08:00,75.4000015258789,75.5,75.4000015258789,75.5,5000,0.0,0.0
2024-03-22 10:25:00+08:00,75.4000015258789,75.4000015258789,75.4000015258789,75.4000015258789,9000,0.0,0.0
2024-03-22 10:30:00+08:00,75.4000015258789,75.5,75.4000015258789,75.5,4100,0.0,0.0
2024-03-22 10:35:00+08:00,75.4000015258789,75.4000015258789,75.30000305175781,75.4000015258789,22300,0.0,0.0
2024-03-22 10:40:00+08:00,75.30000305175781,75.30000305175781,75.30000305175781,75.30000305175781,0,0.0,0.0
2024-03-22 10:45:00+08:00,75.30000305175781,75.5,75.30000305175781,75.5,475406,0.0,0.0
2024-03-22 10:50:00+08:00,75.4000015258789,75.4000015258789,75.19999694824219,75.30000305175781,20223,0.0,0.0
2024-03-22 10:55:00+08:00,75.30000305175781,75.30000305175781,75.19999694824219,75.19999694824219,40020,0.0,0.0
2024-03-22 11:00:00+08:00,75.19999694824219,75.19999694824219,75.19999694824219,75.19999694824219,2000,0.0,0.0
2024-03-22 11:05:00+08:00,75.19999694824219,75.19999694824219,75.0,75.0,30000,0.0,0.0
2024-03-22 11:10:00+08:00,75.0,75.0999984741211,74.69999694824219,74.80000305175781,102009,0.0,0.0
2024-03-22 11:15:00+08:00,74.80000305175781,75.0,74.5999984741211,75.0,0,0.0,0.0
2024-03-22 11:20:00+08:00,75.0,75.0999984741211,75.0,75.0999984741211,709091,0.0,0.0
2024-03-22 11:25:00+08:00,75.0999984741211,75.0999984741211,75.0,75.0,8197,0.0,0.0
2024-03-22 11:30:00+08:00,75.0999984741211,75.4000015258789,75.0999984741211,75.30000305175781,26363,0.0,0.0
2024-03-22 11:35:00+08:00,75.19999694824219,75.19999694824219,75.0999984741211,75.19999694824219,3066,0.0,0.0
2024-03-22 11:40:00+08:00,75.19999694824219,75.19999694824219,75.19999694824219,75.19999694824219,1000,0.0,0.0
2024-03-22 11:45:00+08:00,75.0999984741211,75.19999694824219,75.0999984741211,75.19999694824219,2000,0.0,0.0
2024-03-22 11:50:00+08:00,75.0999984741211,75.19999694824219,75.0999984741211,75.19999694824219,24510,0.0,0.0
2024-03-22 11:55:00+08:00,75.30000305175781,75.30000305175781,75.30000305175781,75.30000305175781,1000,0.0,0.0
2024-03-22 12:00:00+08:00,75.19999694824219,75.30000305175781,75.19999694824219,75.30000305175781,7007,0.0,0.0
2024-03-22 12:05:00+08:00,75.30000305175781,75.5,75.30000305175781,75.5,35000,0.0,0.0
2024-03-22 12:10:00+08:00,75.5,75.5,75.4000015258789,75.4000015258789,10000,0.0,0.0
2024-03-22 12:15:00+08:00,75.4000015258789,75.4000015258789,75.4000015258789,75.4000015258789,3260,0.0,0.0
2024-03-22 12:20:00+08:00,75.4000015258789,75.4000015258789,75.30000305175781,75.30000305175781,4017,0.0,0.0
2024-03-22 12:25:00+08:00,75.5,75.5999984741211,75.4000015258789,75.5,14600,0.0,0.0
2024-03-22 12:30:00+08:00,75.5,75.5,75.5,75.5,4000,0.0,0.0
2024-03-22 12:35:00+08:00,75.5,75.69999694824219,75.5,75.5999984741211,21118,0.0,0.0
2024-03-22 12:40:00+08:00,75.5999984741211,75.5999984741211,75.5999984741211,75.5999984741211,8100,0.0,0.0
2024-03-22 12:45:00+08:00,75.69999694824219,75.69999694824219,75.69999694824219,75.69999694824219,3877,0.0,0.0
2024-03-22 12:50:00+08:00,75.5999984741211,75.80000305175781,75.5999984741211,75.80000305175781,34989,0.0,0.0
2024-03-22 12:55:00+08:00,75.9000015258789,75.9000015258789,75.80000305175781,75.80000305175781,5030,0.0,0.0
2024-03-22 13:00:00+08:00,75.9000015258789,75.9000015258789,75.69999694824219,75.69999694824219,48020,0.0,0.0
2024-03-22 13:05:00+08:00,75.5999984741211,76.0,75.5999984741211,75.9000015258789,43265,0.0,0.0
2024-03-22 13:10:00+08:00,75.9000015258789,76.0999984741211,75.9000015258789,76.0999984741211,19320,0.0,0.0
2024-03-22 13:15:00+08:00,76.0999984741211,76.30000305175781,76.0999984741211,76.19999694824219,22970,0.0,0.0
2024-03-22 13:20:00+08:00,76.19999694824219,76.4000015258789,76.19999694824219,76.4000015258789,31605,0.0,0.0
2024-03-25 09:00:00+08:00,76.80000305175781,77.30000305175781,76.30000305175781,77.19999694824219,0,0.0,0.0
2024-03-25 09:05:00+08:00,77.19999694824219,78.19999694824219,77.19999694824219,78.0,472000,0.0,0.0
2024-03-25 09:10:00+08:00,78.0,78.0,77.5,77.5999984741211,159979,0.0,0.0
2024-03-25 09:15:00+08:00,77.5,77.69999694824219,77.4000015258789,77.5,73213,0.0,0.0
2024-03-25 09:20:00+08:00,77.5,77.5999984741211,76.19999694824219,76.4000015258789,190912,0.0,0.0
2024-03-25 09:25:00+08:00,76.4000015258789,76.69999694824219,76.4000015258789,76.5999984741211,63213,0.0,0.0
2024-03-25 09:30:00+08:00,76.5999984741211,76.69999694824219,76.0999984741211,76.5999984741211,75818,0.0,0.0
2024-03-25 09:35:00+08:00,76.5999984741211,76.69999694824219,76.5999984741211,76.5999984741211,33100,0.0,0.0
2024-03-25 09:40:00+08:00,76.5999984741211,76.69999694824219,76.5999984741211,76.69999694824219,7787,0.0,0.0
2024-03-25 09:45:00+08:00,76.69999694824219,76.80000305175781,76.5999984741211,76.80000305175781,37100,0.0,0.0
2024-03-25 09:50:00+08:00,76.80000305175781,76.80000305175781,76.69999694824219,76.69999694824219,15117,0.0,0.0
2024-03-25 09:55:00+08:00,76.69999694824219,76.80000305175781,76.30000305175781,76.5,79562,0.0,0.0
2024-03-25 10:00:00+08:00,76.5999984741211,76.69999694824219,76.5999984741211,76.5999984741211,11020,0.0,0.0
2024-03-25 10:05:00+08:00,76.5999984741211,76.69999694824219,76.5999984741211,76.69999694824219,4000,0.0,0.0
2024-03-25 10:10:00+08:00,76.69999694824219,76.80000305175781,76.5,76.80000305175781,31100,0.0,0.0
2024-03-25 10:15:00+08:00,76.69999694824219,76.69999694824219,76.5999984741211,76.5999984741211,15126,0.0,0.0
2024-03-25 10:20:00+08:00,76.5999984741211,76.69999694824219,76.5,76.69999694824219,6117,0.0,0.0
2024-03-25 10:25:00+08:00,76.69999694824219,77.0,76.5999984741211,77.0,78000,0.0,0.0
2024-03-25 10:30:00+08:00,77.0,77.0,76.9000015258789,77.0,29997,0.0,0.0
2024-03-25 10:35:00+08:00,77.0,77.19999694824219,76.80000305175781,77.19999694824219,54050,0.0,0.0
2024-03-25 10:40:00+08:00,77.19999694824219,77.19999694824219,77.0999984741211,77.0999984741211,9008,0.0,0.0
2024-03-25 10:45:00+08:00,77.0999984741211,77.0999984741211,77.0,77.0,25000,0.0,0.0
2024-03-25 10:50:00+08:00,77.0,77.0,77.0,77.0,7058,0.0,0.0
2024-03-25 10:55:00+08:00,77.0,77.0999984741211,76.80000305175781,76.80000305175781,25554,0.0,0.0
2024-03-25 11:00:00+08:00,76.80000305175781,76.9000015258789,76.80000305175781,76.9000015258789,3050,0.0,0.0
2024-03-25 11:05:00+08:00,76.9000015258789,76.9000015258789,76.80000305175781,76.80000305175781,5100,0.0,0.0
2024-03-25 11:10:00+08:00,76.80000305175781,76.80000305175781,76.80000305175781,76.80000305175781,9000,0.0,0.0
2024-03-25 11:15:00+08:00,76.80000305175781,76.9000015258789,76.80000305175781,76.80000305175781,4606,0.0,0.0
2024-03-25 11:20:00+08:00,76.80000305175781,76.80000305175781,76.80000305175781,76.80000305175781,16330,0.0,0.0
2024-03-25 11:25:00+08:00,76.69999694824219,76.69999694824219,76.69999694824219,76.69999694824219,17000,0.0,0.0
2024-03-25 11:30:00+08:00,76.80000305175781,76.80000305175781,76.69999694824219,76.69999694824219,18263,0.0,0.0
2024-03-25 11:35:00+08:00,76.69999694824219,76.69999694824219,76.69999694824219,76.69999694824219,2020,0.0,0.0
2024-03-25 11:40:00+08:00,76.69999694824219,76.69999694824219,76.69999694824219,76.69999694824219,12000,0.0,0.0
2024-03-25 11:45:00+08:00,76.69999694824219,76.69999694824219,76.69999694824219,76.69999694824219,1000,0.0,0.0
2024-03-25 11:50:00+08:00,76.80000305175781,76.80000305175781,76.80000305175781,76.80000305175781,4000,0.0,0.0
2024-03-25 11:55:00+08:00,76.80000305175781,77.0999984741211,76.80000305175781,77.0,37000,0.0,0.0
2024-03-25 12:00:00+08:00,76.9000015258789,76.9000015258789,76.80000305175781,76.80000305175781,16000,0.0,0.0
2024-03-25 12:05:00+08:00,76.9000015258789,76.9000015258789,76.9000015258789,76.9000015258789,8000,0.0,0.0
2024-03-25 12:10:00+08:00,76.80000305175781,76.80000305175781,76.80000305175781,76.80000305175781,3654,0.0,0.0
2024-03-25 12:15:00+08:00,76.80000305175781,76.80000305175781,76.80000305175781,76.80000305175781,2500,0.0,0.0
2024-03-25 12:20:00+08:00,76.9000015258789,77.0,76.9000015258789,76.9000015258789,17500,0.0,0.0
2024-03-25 12:25:00+08:00,76.80000305175781,76.80000305175781,76.80000305175781,76.80000305175781,5400,0.0,0.0
2024-03-25 12:30:00+08:00,76.80000305175781,76.9000015258789,76.69999694824219,76.9000015258789,7348,0.0,0.0
2024-03-25 12:35:00+08:00,76.80000305175781,76.80000305175781,76.69999694824219,76.80000305175781,22060,0.0,0.0
2024-03-25 12:40:00+08:00,76.80000305175781,76.80000305175781,76.69999694824219,76.80000305175781,13150,0.0,0.0
2024-03-25 12:45:00+08:00,76.80000305175781,76.9000015258789,76.80000305175781,76.9000015258789,9263,0.0,0.0
2024-03-25 12:50:00+08:00,76.9000015258789,76.9000015258789,76.69999694824219,76.80000305175781,19407,0.0,0.0
2024-03-25 12:55:00+08:00,76.80000305175781,76.80000305175781,76.69999694824219,76.80000305175781,9065,0.0,0.0
2024-03-25 13:00:00+08:00,76.69999694824219,76.80000305175781,76.69999694824219,76.80000305175781,15216,0.0,0.0
2024-03-25 13:05:00+08:00,76.80000305175781,76.80000305175781,76.69999694824219,76.69999694824219,17000,0.0,0.0
2024-03-25 13:10:00+08:00,76.69999694824219,76.80000305175781,76.5999984741211,76.69999694824219,26059,0.0,0.0
2024-03-25 13:15:00+08:00,76.69999694824219,76.80000305175781,76.69999694824219,76.80000305175781,27610,0.0,0.0
2024-03-25 13:20:00+08:00,76.9000015258789,77.0,76.80000305175781,76.9000015258789,82426,0.0,0.0
2024-03-26 09:00:00+08:00,77.30000305175781,77.30000305175781,76.5,76.5,70000,0.0,0.0
2024-03-26 09:05:00+08:00,76.5,76.9000015258789,76.5,76.9000015258789,50000,0.0,0.0
2024-03-26 09:10:00+08:00,76.80000305175781,77.0,76.5999984741211,76.5999984741211,45578,0.0,0.0
2024-03-26 09:15:00+08:00,76.5999984741211,76.5999984741211,76.5,76.5999984741211,35659,0.0,0.0
2024-03-26 09:20:00+08:00,76.5999984741211,76.69999694824219,76.30000305175781,76.30000305175781,61810,0.0,0.0
2024-03-26 09:25:00+08:00,76.19999694824219,76.30000305175781,76.0,76.19999694824219,93167,0.0,0.0
2024-03-26 09:30:00+08:00,76.19999694824219,76.19999694824219,75.9000015258789,76.0999984741211,91436,0.0,0.0
2024-03-26 09:35:00+08:00,76.0999984741211,76.0999984741211,76.0,76.0,37027,0.0,0.0
2024-03-26 09:40:00+08:00,75.9000015258789,75.9000015258789,75.80000305175781,75.80000305175781,35060,0.0,0.0
2024-03-26 09:45:00+08:00,75.80000305175781,75.9000015258789,75.19999694824219,75.19999694824219,121099,0.0,0.0
2024-03-26 09:50:00+08:00,75.19999694824219,75.4000015258789,75.19999694824219,75.19999694824219,95625,0.0,0.0
2024-03-26 09:55:00+08:00,75.30000305175781,75.80000305175781,75.19999694824219,75.69999694824219,64000,0.0,0.0
2024-03-26 10:00:00+08:00,75.5999984741211,75.69999694824219,75.5,75.69999694824219,30105,0.0,0.0
2024-03-26 10:05:00+08:00,75.5999984741211,75.5999984741211,74.80000305175781,75.4000015258789,177513,0.0,0.0
2024-03-26 10:10:00+08:00,75.30000305175781,75.30000305175781,75.0,75.19999694824219,108443,0.0,0.0
2024-03-26 10:15:00+08:00,75.30000305175781,75.30000305175781,75.0999984741211,75.0999984741211,40050,0.0,0.0
2024-03-26 10:20:00+08:00,75.0999984741211,75.0999984741211,74.9000015258789,75.0,67111,0.0,0.0
2024-03-26 10:25:00+08:00,75.0,75.0,74.80000305175781,75.0,95382,0.0,0.0
2024-03-26 10:30:00+08:00,75.0999984741211,75.30000305175781,75.0999984741211,75.30000305175781,28103,0.0,0.0
2024-03-26 10:35:00+08:00,75.30000305175781,75.30000305175781,75.0999984741211,75.0999984741211,17643,0.0,0.0
2024-03-26 10:40:00+08:00,75.0999984741211,75.0999984741211,75.0,75.0999984741211,37020,0.0,0.0
2024-03-26 10:45:00+08:00,75.0,75.0,74.9000015258789,74.9000015258789,34114,0.0,0.0
2024-03-26 10:50:00+08:00,74.9000015258789,75.0,74.9000015258789,74.9000015258789,26000,0.0,0.0
2024-03-26 10:55:00+08:00,74.9000015258789,75.0,74.5999984741211,74.5999984741211,122712,0.0,0.0
2024-03-26 11:00:00+08:00,74.5999984741211,74.69999694824219,74.5,74.69999694824219,39283,0.0,0.0
2024-03-26 11:05:00+08:00,74.69999694824219,74.69999694824219,74.5999984741211,74.69999694824219,31501,0.0,0.0
2024-03-26 11:10:00+08:00,74.69999694824219,74.69999694824219,74.5,74.5,38604,0.0,0.0
2024-03-26 11:15:00+08:00,74.5999984741211,74.5999984741211,74.19999694824219,74.30000305175781,76298,0.0,0.0
2024-03-26 11:20:00+08:00,74.30000305175781,74.30000305175781,73.80000305175781,73.9000015258789,113742,0.0,0.0
2024-03-26 11:25:00+08:00,74.0,74.19999694824219,73.69999694824219,73.69999694824219,130480,0.0,0.0
2024-03-26 11:30:00+08:00,73.9000015258789,74.0,73.9000015258789,73.9000015258789,24223,0.0,0.0
2024-03-26 11:35:00+08:00,73.9000015258789,73.9000015258789,73.5999984741211,73.69999694824219,42000,0.0,0.0
2024-03-26 11:40:00+08:00,73.69999694824219,73.69999694824219,73.19999694824219,73.5,153522,0.0,0.0
2024-03-26 11:45:00+08:00,73.5,73.80000305175781,73.30000305175781,73.80000305175781,65534,0.0,0.0
2024-03-26 11:50:00+08:00,73.80000305175781,73.80000305175781,73.69999694824219,73.69999694824219,38175,0.0,0.0
2024-03-26 11:55:00+08:00,73.69999694824219,74.0999984741211,73.69999694824219,74.0,57215,0.0,0.0
2024-03-26 12:00:00+08:00,74.0,74.0,73.9000015258789,73.9000015258789,19275,0.0,0.0
2024-03-26 12:05:00+08:00,73.9000015258789,74.30000305175781,73.80000305175781,74.0,78344,0.0,0.0
2024-03-26 12:10:00+08:00,74.0,74.19999694824219,73.9000015258789,74.0999984741211,21050,0.0,0.0
2024-03-26 12:15:00+08:00,74.0999984741211,74.4000015258789,74.0,74.4000015258789,26000,0.0,0.0
2024-03-26 12:20:00+08:00,74.4000015258789,74.69999694824219,74.4000015258789,74.69999694824219,32000,0.0,0.0
2024-03-26 12:25:00+08:00,74.80000305175781,75.0,74.69999694824219,74.9000015258789,53179,0.0,0.0
2024-03-26 12:30:00+08:00,74.80000305175781,74.9000015258789,74.5999984741211,74.5999984741211,21221,0.0,0.0
2024-03-26 12:35:00+08:00,74.5999984741211,74.69999694824219,74.5,74.69999694824219,23010,0.0,0.0
2024-03-26 12:40:00+08:00,74.69999694824219,74.69999694824219,74.5,74.69999694824219,15009,0.0,0.0
2024-03-26 12:45:00+08:00,74.69999694824219,74.80000305175781,74.5999984741211,74.5999984741211,9000,0.0,0.0
2024-03-26 12:50:00+08:00,74.5999984741211,74.5999984741211,74.4000015258789,74.5,25030,0.0,0.0
2024-03-26 12:55:00+08:00,74.4000015258789,74.69999694824219,74.30000305175781,74.69999694824219,24448,0.0,0.0
2024-03-26 13:00:00+08:00,74.80000305175781,75.0,74.69999694824219,74.80000305175781,48000,0.0,0.0
2024-03-26 13:05:00+08:00,74.80000305175781,74.9000015258789,74.69999694824219,74.9000015258789,25000,0.0,0.0
2024-03-26 13:10:00+08:00,74.80000305175781,74.80000305175781,74.69999694824219,74.80000305175781,4000,0.0,0.0
2024-03-26 13:15:00+08:00,74.80000305175781,74.9000015258789,74.5999984741211,74.9000015258789,30500,0.0,0.0
2024-03-26 13:20:00+08:00,74.9000015258789,75.0,74.5,74.69999694824219,241210,0.0,0.0
2024-03-27 09:00:00+08:00,74.9000015258789,75.0,74.80000305175781,74.80000305175781,0,0.0,0.0
2024-03-27 09:05:00+08:00,74.80000305175781,75.19999694824219,74.69999694824219,75.19999694824219,29161,0.0,0.0
2024-03-27 09:10:00+08:00,75.4000015258789,75.5999984741211,75.19999694824219,75.4000015258789,26004,0.0,0.0
2024-03-27 09:15:00+08:00,75.30000305175781,75.4000015258789,75.0999984741211,75.0999984741211,19520,0.0,0.0
2024-03-27 09:20:00+08:00,75.0,75.0,74.9000015258789,74.9000015258789,10418,0.0,0.0
2024-03-27 09:25:00+08:00,75.0999984741211,75.0999984741211,75.0,75.0999984741211,7121,0.0,0.0
2024-03-27 09:30:00+08:00,75.0999984741211,75.0999984741211,74.9000015258789,74.9000015258789,22794,0.0,0.0
2024-03-27 09:35:00+08:00,74.80000305175781,74.80000305175781,74.19999694824219,74.4000015258789,59344,0.0,0.0
2024-03-27 09:40:00+08:00,74.4000015258789,74.4000015258789,74.30000305175781,74.30000305175781,16516,0.0,0.0
2024-03-27 09:45:00+08:00,74.30000305175781,74.5999984741211,74.0,74.5999984741211,53525,0.0,0.0
2024-03-27 09:50:00+08:00,74.4000015258789,74.5,74.4000015258789,74.5,3110,0.0,0.0
2024-03-27 09:55:00+08:00,74.4000015258789,74.4000015258789,74.30000305175781,74.4000015258789,22000,0.0,0.0
2024-03-27 10:00:00+08:00,74.30000305175781,74.30000305175781,74.30000305175781,74.30000305175781,4703,0.0,0.0
2024-03-27 10:05:00+08:00,74.30000305175781,74.4000015258789,74.30000305175781,74.30000305175781,15010,0.0,0.0
2024-03-27 10:10:00+08:00,74.30000305175781,74.30000305175781,73.80000305175781,73.80000305175781,109000,0.0,0.0
2024-03-27 10:15:00+08:00,73.80000305175781,74.0,73.80000305175781,74.0,33407,0.0,0.0
2024-03-27 10:20:00+08:00,74.0,74.0,74.0,74.0,4855,0.0,0.0
2024-03-27 10:25:00+08:00,74.0999984741211,74.0999984741211,74.0999984741211,74.0999984741211,8000,0.0,0.0
2024-03-27 10:30:00+08:00,74.0999984741211,74.19999694824219,74.0,74.0,52000,0.0,0.0
2024-03-27 10:35:00+08:00,73.9000015258789,73.9000015258789,73.9000015258789,73.9000015258789,16190,0.0,0.0
2024-03-27 10:40:00+08:00,73.9000015258789,74.0999984741211,73.9000015258789,74.0,26083,0.0,0.0
2024-03-27 10:45:00+08:00,74.0,74.0,74.0,74.0,2045,0.0,0.0
2024-03-27 10:50:00+08:00,74.0999984741211,74.0999984741211,73.9000015258789,73.9000015258789,40022,0.0,0.0
2024-03-27 11:00:00+08:00,74.0,74.0,74.0,74.0,12000,0.0,0.0
2024-03-27 11:05:00+08:00,73.9000015258789,73.9000015258789,73.9000015258789,73.9000015258789,24299,0.0,0.0
2024-03-27 11:10:00+08:00,73.9000015258789,73.9000015258789,73.9000015258789,73.9000015258789,6400,0.0,0.0
2024-03-27 11:15:00+08:00,73.9000015258789,73.9000015258789,73.80000305175781,73.80000305175781,16000,0.0,0.0
2024-03-27 11:20:00+08:00,73.80000305175781,73.80000305175781,73.80000305175781,73.80000305175781,6450,0.0,0.0
2024-03-27 11:25:00+08:00,73.80000305175781,73.9000015258789,73.69999694824219,73.9000015258789,50187,0.0,0.0
2024-03-27 11:30:00+08:00,73.9000015258789,73.9000015258789,73.9000015258789,73.9000015258789,6100,0.0,0.0
2024-03-27 11:35:00+08:00,73.9000015258789,73.9000015258789,73.80000305175781,73.80000305175781,47249,0.0,0.0
2024-03-27 11:40:00+08:00,73.9000015258789,73.9000015258789,73.69999694824219,73.80000305175781,10000,0.0,0.0
2024-03-27 11:45:00+08:00,73.80000305175781,73.9000015258789,73.80000305175781,73.9000015258789,6758,0.0,0.0
2024-03-27 11:50:00+08:00,73.9000015258789,73.9000015258789,73.80000305175781,73.80000305175781,19000,0.0,0.0
2024-03-27 11:55:00+08:00,73.80000305175781,73.80000305175781,73.5999984741211,73.69999694824219,44472,0.0,0.0
2024-03-27 12:00:00+08:00,73.5999984741211,73.69999694824219,73.5999984741211,73.69999694824219,9551,0.0,0.0
2024-03-27 12:05:00+08:00,73.69999694824219,73.9000015258789,73.5999984741211,73.9000015258789,39051,0.0,0.0
2024-03-27 12:10:00+08:00,73.80000305175781,73.80000305175781,73.80000305175781,73.80000305175781,1590,0.0,0.0
2024-03-27 12:15:00+08:00,73.80000305175781,73.80000305175781,73.69999694824219,73.69999694824219,2036,0.0,0.0
2024-03-27 12:20:00+08:00,73.69999694824219,73.69999694824219,73.5999984741211,73.5999984741211,39050,0.0,0.0
2024-03-27 12:25:00+08:00,73.5999984741211,73.69999694824219,73.5999984741211,73.5999984741211,12048,0.0,0.0
2024-03-27 12:30:00+08:00,73.5999984741211,73.69999694824219,73.5999984741211,73.5999984741211,10260,0.0,0.0
2024-03-27 12:35:00+08:00,73.69999694824219,73.69999694824219,73.69999694824219,73.69999694824219,29058,0.0,0.0
2024-03-27 12:40:00+08:00,73.69999694824219,73.69999694824219,73.69999694824219,73.69999694824219,18036,0.0,0.0
2024-03-27 12:45:00+08:00,73.69999694824219,74.0,73.69999694824219,74.0,72326,0.0,0.0
2024-03-27 12:50:00+08:00,74.0,74.0999984741211,73.9000015258789,74.0,26225,0.0,0.0
2024-03-27 12:55:00+08:00,74.0,74.0,73.9000015258789,73.9000015258789,11116,0.0,0.0
2024-03-27 13:00:00+08:00,73.80000305175781,73.9000015258789,73.80000305175781,73.9000015258789,8300,0.0,0.0
2024-03-27 13:05:00+08:00,73.9000015258789,73.9000015258789,73.80000305175781,73.9000015258789,22200,0.0,0.0
2024-03-27 13:10:00+08:00,73.80000305175781,73.80000305175781,73.5999984741211,73.5999984741211,83150,0.0,0.0
2024-03-27 13:15:00+08:00,73.5999984741211,73.69999694824219,73.5999984741211,73.69999694824219,15035,0.0,0.0
2024-03-27 13:20:00+08:00,73.69999694824219,73.69999694824219,73.5999984741211,73.5999984741211,46824,0.0,0.0
2024-03-28 09:00:00+08:00,74.0,74.4000015258789,73.5,73.69999694824219,0,0.0,0.0
2024-03-28 09:05:00+08:00,73.5999984741211,73.5999984741211,73.4000015258789,73.5,65000,0.0,0.0
2024-03-28 09:10:00+08:00,73.5,73.80000305175781,73.5,73.69999694824219,48000,0.0,0.0
2024-03-28 09:15:00+08:00,73.69999694824219,73.69999694824219,73.5,73.5,61101,0.0,0.0
2024-03-28 09:20:00+08:00,73.4000015258789,73.4000015258789,72.9000015258789,73.0999984741211,132746,0.0,0.0
2024-03-28 09:25:00+08:00,73.19999694824219,73.19999694824219,73.0,73.0,58718,0.0,0.0
2024-03-28 09:30:00+08:00,73.0,73.19999694824219,72.4000015258789,73.19999694824219,288014,0.0,0.0
2024-03-28 09:35:00+08:00,73.0999984741211,73.5,73.0999984741211,73.5,14369,0.0,0.0
2024-03-28 09:40:00+08:00,73.5,73.5,73.4000015258789,73.4000015258789,13000,0.0,0.0
2024-03-28 09:45:00+08:00,73.30000305175781,73.30000305175781,73.30000305175781,73.30000305175781,8089,0.0,0.0
2024-03-28 09:50:00+08:00,73.30000305175781,73.30000305175781,73.19999694824219,73.30000305175781,7105,0.0,0.0
2024-03-28 09:55:00+08:00,73.19999694824219,73.19999694824219,73.0999984741211,73.19999694824219,13400,0.0,0.0
2024-03-28 10:00:00+08:00,73.19999694824219,73.19999694824219,73.19999694824219,73.19999694824219,3019,0.0,0.0
2024-03-28 10:05:00+08:00,73.19999694824219,73.19999694824219,73.0999984741211,73.0999984741211,18156,0.0,0.0
2024-03-28 10:10:00+08:00,73.0999984741211,73.19999694824219,73.0999984741211,73.19999694824219,10060,0.0,0.0
2024-03-28 10:15:00+08:00,73.19999694824219,73.19999694824219,73.19999694824219,73.19999694824219,12010,0.0,0.0
2024-03-28 10:20:00+08:00,73.19999694824219,73.19999694824219,73.0999984741211,73.0999984741211,7045,0.0,0.0
2024-03-28 10:25:00+08:00,73.0999984741211,73.19999694824219,73.0999984741211,73.19999694824219,6430,0.0,0.0
2024-03-28 10:30:00+08:00,73.19999694824219,73.30000305175781,73.19999694824219,73.30000305175781,5000,0.0,0.0
2024-03-28 10:35:00+08:00,73.19999694824219,73.19999694824219,73.19999694824219,73.19999694824219,1000,0.0,0.0
2024-03-28 10:45:00+08:00,73.19999694824219,73.19999694824219,73.19999694824219,73.19999694824219,11000,0.0,0.0
2024-03-28 10:50:00+08:00,73.30000305175781,73.69999694824219,73.30000305175781,73.69999694824219,48200,0.0,0.0
2024-03-28 10:55:00+08:00,73.5999984741211,73.5999984741211,73.4000015258789,73.4000015258789,5000,0.0,0.0
2024-03-28 11:00:00+08:00,73.5,73.5999984741211,73.5,73.5999984741211,3132,0.0,0.0
2024-03-28 11:05:00+08:00,73.5,73.5,73.5,73.5,2032,0.0,0.0
2024-03-28 11:10:00+08:00,73.5,73.5999984741211,73.4000015258789,73.5999984741211,41647,0.0,0.0
2024-03-28 11:15:00+08:00,73.69999694824219,73.69999694824219,73.69999694824219,73.69999694824219,2200,0.0,0.0
2024-03-28 11:20:00+08:00,73.5999984741211,73.5999984741211,73.5999984741211,73.5999984741211,2133,0.0,0.0
2024-03-28 11:25:00+08:00,73.5999984741211,73.5999984741211,73.5999984741211,73.5999984741211,4798,0.0,0.0
2024-03-28 11:30:00+08:00,73.5,73.5,73.4000015258789,73.4000015258789,14001,0.0,0.0
2024-03-28 11:35:00+08:00,73.4000015258789,73.4000015258789,73.19999694824219,73.19999694824219,29033,0.0,0.0
2024-03-28 11:40:00+08:00,73.19999694824219,73.4000015258789,73.19999694824219,73.4000015258789,7258,0.0,0.0
2024-03-28 11:50:00+08:00,73.30000305175781,73.5999984741211,73.19999694824219,73.5999984741211,45000,0.0,0.0
2024-03-28 11:55:00+08:00,73.5999984741211,73.5999984741211,73.5999984741211,73.5999984741211,1000,0.0,0.0
2024-03-28 12:00:00+08:00,73.5,73.5999984741211,73.5,73.5,4000,0.0,0.0
2024-03-28 12:05:00+08:00,73.4000015258789,73.4000015258789,73.30000305175781,73.30000305175781,18000,0.0,0.0
2024-03-28 12:10:00+08:00,73.19999694824219,73.30000305175781,73.0999984741211,73.0999984741211,28475,0.0,0.0
2024-03-28 12:15:00+08:00,73.0999984741211,73.0999984741211,73.0,73.0,15283,0.0,0.0
2024-03-28 12:20:00+08:00,73.0999984741211,73.0999984741211,73.0,73.0,13000,0.0,0.0
2024-03-28 12:25:00+08:00,73.0,73.0999984741211,72.9000015258789,72.9000015258789,60208,0.0,0.0
2024-03-28 12:30:00+08:00,72.9000015258789,73.0,72.9000015258789,73.0,10269,0.0,0.0
2024-03-28 12:35:00+08:00,73.0,73.0999984741211,73.0,73.0,12000,0.0,0.0
2024-03-28 12:40:00+08:00,73.0,73.19999694824219,73.0,73.0999984741211,22492,0.0,0.0
2024-03-28 12:45:00+08:00,73.0999984741211,73.0999984741211,72.9000015258789,72.9000015258789,46100,0.0,0.0
2024-03-28 12:50:00+08:00,72.9000015258789,73.19999694824219,72.9000015258789,73.19999694824219,53008,0.0,0.0
2024-03-28 12:55:00+08:00,73.19999694824219,73.19999694824219,73.19999694824219,73.19999694824219,2012,0.0,0.0
2024-03-28 13:00:00+08:00,73.0999984741211,73.19999694824219,73.0,73.0999984741211,12000,0.0,0.0
2024-03-28 13:05:00+08:00,73.19999694824219,73.19999694824219,73.0,73.0,22267,0.0,0.0
2024-03-28 13:10:00+08:00,73.0,73.0999984741211,73.0,73.0,40300,0.0,0.0
2024-03-28 13:15:00+08:00,72.9000015258789,73.0999984741211,72.9000015258789,72.9000015258789,33300,0.0,0.0
2024-03-28 13:20:00+08:00,72.9000015258789,73.19999694824219,72.80000305175781,73.19999694824219,95147,0.0,0.0
2024-03-29 09:00:00+08:00,73.0999984741211,73.5999984741211,73.0999984741211,73.0999984741211,55000,0.0,0.0
2024-03-29 09:05:00+08:00,73.0,73.0999984741211,72.80000305175781,72.9000015258789,35518,0.0,0.0
2024-03-29 09:10:00+08:00,72.9000015258789,72.9000015258789,72.5999984741211,72.69999694824219,43331,0.0,0.0
2024-03-29 09:15:00+08:00,72.69999694824219,72.9000015258789,72.4000015258789,72.9000015258789,186427,0.0,0.0
2024-03-29 09:20:00+08:00,72.5999984741211,72.5999984741211,72.4000015258789,72.4000015258789,31364,0.0,0.0
2024-03-29 09:25:00+08:00,72.4000015258789,72.80000305175781,72.0999984741211,72.5999984741211,305000,0.0,0.0
2024-03-29 09:30:00+08:00,72.5999984741211,73.0,72.5999984741211,72.9000015258789,27100,0.0,0.0
2024-03-29 09:35:00+08:00,72.9000015258789,73.19999694824219,72.9000015258789,73.19999694824219,40062,0.0,0.0
2024-03-29 09:40:00+08:00,73.30000305175781,73.30000305175781,73.0999984741211,73.0999984741211,16000,0.0,0.0
2024-03-29 09:45:00+08:00,73.0999984741211,73.0999984741211,73.0,73.0999984741211,4050,0.0,0.0
2024-03-29 09:50:00+08:00,73.0,73.0,72.9000015258789,72.9000015258789,15058,0.0,0.0
2024-03-29 09:55:00+08:00,73.0,73.19999694824219,73.0,73.0999984741211,31048,0.0,0.0
2024-03-29 10:00:00+08:00,73.0999984741211,73.0999984741211,72.80000305175781,73.0999984741211,55002,0.0,0.0
2024-03-29 10:05:00+08:00,73.0,73.0999984741211,73.0,73.0999984741211,4000,0.0,0.0
2024-03-29 10:10:00+08:00,73.0,73.0,73.0,73.0,3000,0.0,0.0
2024-03-29 10:15:00+08:00,72.9000015258789,72.9000015258789,72.9000015258789,72.9000015258789,18000,0.0,0.0
2024-03-29 10:20:00+08:00,72.9000015258789,72.9000015258789,72.9000015258789,72.9000015258789,2100,0.0,0.0
2024-03-29 10:30:00+08:00,72.9000015258789,72.9000015258789,72.80000305175781,72.80000305175781,7474,0.0,0.0
2024-03-29 10:35:00+08:00,72.80000305175781,72.80000305175781,72.80000305175781,72.80000305175781,8438,0.0,0.0
2024-03-29 10:40:00+08:00,72.80000305175781,72.80000305175781,72.80000305175781,72.80000305175781,6000,0.0,0.0
2024-03-29 10:45:00+08:00,72.80000305175781,72.80000305175781,72.5,72.5,35602,0.0,0.0
2024-03-29 10:50:00+08:00,72.5,72.5999984741211,72.5,72.5999984741211,11076,0.0,0.0
2024-03-29 10:55:00+08:00,72.5999984741211,72.5999984741211,72.5999984741211,72.5999984741211,9000,0.0,0.0
2024-03-29 11:00:00+08:00,72.5999984741211,72.5999984741211,72.5,72.5999984741211,20000,0.0,0.0
2024-03-29 11:05:00+08:00,72.5999984741211,72.69999694824219,72.5999984741211,72.69999694824219,2300,0.0,0.0
2024-03-29 11:10:00+08:00,72.5999984741211,72.5999984741211,72.5,72.5999984741211,12250,0.0,0.0
2024-03-29 11:15:00+08:00,72.5999984741211,72.5999984741211,72.5,72.5,12114,0.0,0.0
2024-03-29 11:20:00+08:00,72.5,72.5,72.5,72.5,14062,0.0,0.0
2024-03-29 11:25:00+08:00,72.5,72.5,72.30000305175781,72.30000305175781,44302,0.0,0.0
2024-03-29 11:30:00+08:00,72.4000015258789,72.5,72.4000015258789,72.5,6000,0.0,0.0
2024-03-29 11:35:00+08:00,72.5,72.5999984741211,72.5,72.5,15256,0.0,0.0
2024-03-29 11:40:00+08:00,72.5,72.5,72.5,72.5,1200,0.0,0.0
2024-03-29 11:50:00+08:00,72.5,72.5999984741211,72.5,72.5999984741211,5029,0.0,0.0
2024-03-29 11:55:00+08:00,72.5999984741211,72.5999984741211,72.5,72.5,12068,0.0,0.0
2024-03-29 12:05:00+08:00,72.5,72.9000015258789,72.5,72.5,237017,0.0,0.0
2024-03-29 12:10:00+08:00,72.5,72.5,72.5,72.5,6000,0.0,0.0
2024-03-29 12:15:00+08:00,72.5,72.5,72.5,72.5,50150,0.0,0.0
2024-03-29 12:20:00+08:00,72.69999694824219,72.80000305175781,72.69999694824219,72.80000305175781,2000,0.0,0.0
2024-03-29 12:25:00+08:00,72.69999694824219,72.80000305175781,72.69999694824219,72.69999694824219,5861,0.0,0.0
2024-03-29 12:30:00+08:00,72.69999694824219,72.69999694824219,72.69999694824219,72.69999694824219,7100,0.0,0.0
2024-03-29 12:35:00+08:00,72.69999694824219,72.69999694824219,72.69999694824219,72.69999694824219,5233,0.0,0.0
2024-03-29 12:40:00+08:00,72.5999984741211,72.5999984741211,72.4000015258789,72.4000015258789,77020,0.0,0.0
2024-03-29 12:45:00+08:00,72.4000015258789,72.5,72.4000015258789,72.4000015258789,5350,0.0,0.0
2024-03-29 12:50:00+08:00,72.4000015258789,72.5999984741211,72.4000015258789,72.5999984741211,35186,0.0,0.0
2024-03-29 12:55:00+08:00,72.5,72.5999984741211,72.5,72.5999984741211,3031,0.0,0.0
2024-03-29 13:00:00+08:00,72.5,72.5,72.5,72.5,22000,0.0,0.0
2024-03-29 13:05:00+08:00,72.5,72.5,72.5,72.5,8069,0.0,0.0
2024-03-29 13:10:00+08:00,72.5,72.5999984741211,72.5,72.5,23040,0.0,0.0
2024-03-29 13:15:00+08:00,72.5,72.5999984741211,72.5,72.5999984741211,8000,0.0,0.0
2024-03-29 13:20:00+08:00,72.5,72.69999694824219,72.4000015258789,72.5,60338,0.0,0.0
2024-04-01 09:00:00+08:00,72.80000305175781,73.19999694824219,72.80000305175781,73.0,0,0.0,0.0
2024-04-01 09:05:00+08:00,73.19999694824219,73.69999694824219,73.19999694824219,73.30000305175781,104356,0.0,0.0
2024-04-01 09:10:00+08:00,73.30000305175781,73.5999984741211,73.30000305175781,73.5,71392,0.0,0.0
2024-04-01 09:15:00+08:00,73.5,73.5999984741211,73.0,73.30000305175781,47180,0.0,0.0
2024-04-01 09:20:00+08:00,73.19999694824219,73.5,73.19999694824219,73.4000015258789,54214,0.0,0.0
2024-04-01 09:25:00+08:00,73.5,73.9000015258789,73.5,73.9000015258789,44609,0.0,0.0
2024-04-01 09:30:00+08:00,73.9000015258789,73.9000015258789,73.80000305175781,73.9000015258789,31000,0.0,0.0
2024-04-01 09:35:00+08:00,73.9000015258789,73.9000015258789,73.5999984741211,73.5999984741211,63759,0.0,0.0
2024-04-01 09:40:00+08:00,73.5999984741211,73.80000305175781,73.5,73.80000305175781,12168,0.0,0.0
2024-04-01 09:45:00+08:00,73.80000305175781,73.80000305175781,73.69999694824219,73.69999694824219,16226,0.0,0.0
2024-04-01 09:50:00+08:00,73.5,73.80000305175781,73.5,73.80000305175781,40000,0.0,0.0
2024-04-01 09:55:00+08:00,73.69999694824219,73.69999694824219,73.69999694824219,73.69999694824219,4168,0.0,0.0
2024-04-01 10:00:00+08:00,73.69999694824219,73.69999694824219,73.5,73.5,7174,0.0,0.0
2024-04-01 10:05:00+08:00,73.5999984741211,73.5999984741211,73.5999984741211,73.5999984741211,2150,0.0,0.0
2024-04-01 10:20:00+08:00,73.5999984741211,73.69999694824219,73.5,73.69999694824219,26005,0.0,0.0
2024-04-01 10:25:00+08:00,73.69999694824219,73.69999694824219,73.5,73.5,7437,0.0,0.0
2024-04-01 10:35:00+08:00,73.5999984741211,73.5999984741211,73.5999984741211,73.5999984741211,4005,0.0,0.0
2024-04-01 10:40:00+08:00,73.69999694824219,73.69999694824219,73.5999984741211,73.5999984741211,27000,0.0,0.0
2024-04-01 10:45:00+08:00,73.5999984741211,73.5999984741211,73.5999984741211,73.5999984741211,24000,0.0,0.0
2024-04-01 10:50:00+08:00,73.69999694824219,73.69999694824219,73.5999984741211,73.5999984741211,11058,0.0,0.0
2024-04-01 10:55:00+08:00,73.5999984741211,73.5999984741211,73.5999984741211,73.5999984741211,8160,0.0,0.0
2024-04-01 11:00:00+08:00,73.5999984741211,73.5999984741211,73.5,73.5999984741211,15015,0.0,0.0
2024-04-01 11:05:00+08:00,73.5999984741211,73.5999984741211,73.5999984741211,73.5999984741211,1500,0.0,0.0
2024-04-01 11:10:00+08:00,73.5999984741211,73.5999984741211,73.5999984741211,73.5999984741211,9000,0.0,0.0
2024-04-01 11:15:00+08:00,73.5999984741211,73.5999984741211,73.5999984741211,73.5999984741211,1000,0.0,0.0
2024-04-01 11:20:00+08:00,73.69999694824219,74.0,73.69999694824219,74.0,69000,0.0,0.0
2024-04-01 11:25:00+08:00,73.9000015258789,74.0,73.69999694824219,73.69999694824219,29071,0.0,0.0
2024-04-01 11:30:00+08:00,73.80000305175781,73.80000305175781,73.80000305175781,73.80000305175781,1000,0.0,0.0
2024-04-01 11:35:00+08:00,73.80000305175781,73.9000015258789,73.80000305175781,73.80000305175781,21000,0.0,0.0
2024-04-01 11:40:00+08:00,73.9000015258789,74.0999984741211,73.9000015258789,74.0,103516,0.0,0.0
2024-04-01 11:45:00+08:00,74.0999984741211,74.0999984741211,74.0,74.0,7000,0.0,0.0
2024-04-01 11:50:00+08:00,74.0999984741211,74.5,74.0999984741211,74.30000305175781,96968,0.0,0.0
2024-04-01 11:55:00+08:00,74.19999694824219,74.30000305175781,74.19999694824219,74.30000305175781,29000,0.0,0.0
2024-04-01 12:00:00+08:00,74.19999694824219,74.30000305175781,74.19999694824219,74.30000305175781,8000,0.0,0.0
2024-04-01 12:05:00+08:00,74.30000305175781,74.4000015258789,74.0,74.0,47000,0.0,0.0
2024-04-01 12:15:00+08:00,74.30000305175781,74.30000305175781,74.30000305175781,74.30000305175781,7026,0.0,0.0
2024-04-01 12:20:00+08:00,74.19999694824219,74.19999694824219,74.0999984741211,74.0999984741211,8266,0.0,0.0
2024-04-01 12:25:00+08:00,74.0999984741211,74.0999984741211,74.0,74.0,5024,0.0,0.0
2024-04-01 12:30:00+08:00,74.19999694824219,74.19999694824219,74.0999984741211,74.19999694824219,4062,0.0,0.0
2024-04-01 12:35:00+08:00,74.19999694824219,74.19999694824219,74.19999694824219,74.19999694824219,10234,0.0,0.0
2024-04-01 12:40:00+08:00,74.19999694824219,74.19999694824219,74.0999984741211,74.0999984741211,23500,0.0,0.0
2024-04-01 12:45:00+08:00,74.0999984741211,74.0999984741211,74.0999984741211,74.0999984741211,3000,0.0,0.0
2024-04-01 12:50:00+08:00,74.19999694824219,74.19999694824219,74.0999984741211,74.19999694824219,15000,0.0,0.0
2024-04-01 12:55:00+08:00,74.30000305175781,74.4000015258789,74.30000305175781,74.30000305175781,64034,0.0,0.0
2024-04-01 13:00:00+08:00,74.30000305175781,74.4000015258789,74.30000305175781,74.4000015258789,13401,0.0,0.0
2024-04-01 13:05:00+08:00,74.4000015258789,74.4000015258789,74.19999694824219,74.19999694824219,36000,0.0,0.0
2024-04-01 13:10:00+08:00,74.19999694824219,74.30000305175781,74.19999694824219,74.30000305175781,18000,0.0,0.0
2024-04-01 13:15:00+08:00,74.30000305175781,74.4000015258789,74.30000305175781,74.4000015258789,41284,0.0,0.0
2024-04-01 13:20:00+08:00,74.4000015258789,74.5,74.0999984741211,74.5,131296,0.0,0.0
2024-04-02 09:00:00+08:00,74.5999984741211,74.5999984741211,74.0,74.0999984741211,0,0.0,0.0
2024-04-02 09:05:00+08:00,74.19999694824219,74.5,74.19999694824219,74.5,8000,0.0,0.0
2024-04-02 09:10:00+08:00,74.5999984741211,74.69999694824219,74.5,74.5999984741211,53215,0.0,0.0
2024-04-02 09:15:00+08:00,74.5,74.5999984741211,74.4000015258789,74.4000015258789,18662,0.0,0.0
2024-04-02 09:20:00+08:00,74.4000015258789,74.9000015258789,74.4000015258789,74.9000015258789,71058,0.0,0.0
2024-04-02 09:25:00+08:00,74.80000305175781,74.9000015258789,74.69999694824219,74.80000305175781,68809,0.0,0.0
2024-04-02 09:30:00+08:00,74.9000015258789,75.0,74.69999694824219,74.80000305175781,42117,0.0,0.0
2024-04-02 09:35:00+08:00,74.80000305175781,74.80000305175781,74.69999694824219,74.80000305175781,32000,0.0,0.0
2024-04-02 09:40:00+08:00,74.80000305175781,74.80000305175781,74.69999694824219,74.69999694824219,18834,0.0,0.0
2024-04-02 09:45:00+08:00,74.69999694824219,74.69999694824219,74.69999694824219,74.69999694824219,4030,0.0,0.0
2024-04-02 09:50:00+08:00,74.69999694824219,74.69999694824219,74.69999694824219,74.69999694824219,3313,0.0,0.0
2024-04-02 10:00:00+08:00,74.69999694824219,74.69999694824219,74.69999694824219,74.69999694824219,1000,0.0,0.0
2024-04-02 10:05:00+08:00,74.69999694824219,74.69999694824219,74.5999984741211,74.5999984741211,15167,0.0,0.0
2024-04-02 10:10:00+08:00,74.5999984741211,74.5999984741211,74.5999984741211,74.5999984741211,2371,0.0,0.0
2024-04-02 10:15:00+08:00,74.5999984741211,74.5999984741211,74.5999984741211,74.5999984741211,1000,0.0,0.0
2024-04-02 10:20:00+08:00,74.5999984741211,74.5999984741211,74.5999984741211,74.5999984741211,8000,0.0,0.0
2024-04-02 10:25:00+08:00,74.5999984741211,74.5999984741211,74.5999984741211,74.5999984741211,8402,0.0,0.0
2024-04-02 10:30:00+08:00,74.5999984741211,74.5999984741211,74.5,74.5999984741211,10510,0.0,0.0
2024-04-02 10:35:00+08:00,74.5999984741211,74.5999984741211,74.5999984741211,74.5999984741211,7005,0.0,0.0
2024-04-02 10:40:00+08:00,74.5999984741211,74.5999984741211,74.5,74.5,2000,0.0,0.0
2024-04-02 10:45:00+08:00,74.5999984741211,74.5999984741211,74.5999984741211,74.5999984741211,2000,0.0,0.0
2024-04-02 10:50:00+08:00,74.5,74.5,74.5,74.5,8108,0.0,0.0
2024-04-02 10:55:00+08:00,74.5,74.5,74.5,74.5,4070,0.0,0.0
2024-04-02 11:00:00+08:00,74.5,74.5,74.4000015258789,74.4000015258789,32133,0.0,0.0
2024-04-02 11:05:00+08:00,74.4000015258789,74.4000015258789,74.30000305175781,74.30000305175781,20390,0.0,0.0
2024-04-02 11:10:00+08:00,74.30000305175781,74.30000305175781,74.30000305175781,74.30000305175781,8130,0.0,0.0
2024-04-02 11:15:00+08:00,74.30000305175781,74.4000015258789,74.30000305175781,74.30000305175781,9868,0.0,0.0
2024-04-02 11:20:00+08:00,74.30000305175781,74.30000305175781,74.30000305175781,74.30000305175781,2000,0.0,0.0
2024-04-02 11:25:00+08:00,74.30000305175781,74.30000305175781,74.30000305175781,74.30000305175781,6090,0.0,0.0
2024-04-02 11:30:00+08:00,74.19999694824219,74.19999694824219,74.0999984741211,74.0999984741211,52507,0.0,0.0
2024-04-02 11:35:00+08:00,74.0999984741211,74.0999984741211,74.0999984741211,74.0999984741211,10000,0.0,0.0
2024-04-02 11:40:00+08:00,74.0999984741211,74.0999984741211,74.0999984741211,74.0999984741211,10005,0.0,0.0
2024-04-02 11:45:00+08:00,74.19999694824219,74.19999694824219,74.19999694824219,74.19999694824219,9000,0.0,0.0
2024-04-02 11:50:00+08:00,74.19999694824219,74.19999694824219,74.19999694824219,74.19999694824219,23025,0.0,0.0
2024-04-02 11:55:00+08:00,74.0999984741211,74.19999694824219,74.0999984741211,74.19999694824219,4000,0.0,0.0
2024-04-02 12:00:00+08:00,74.19999694824219,74.30000305175781,74.19999694824219,74.30000305175781,23000,0.0,0.0
2024-04-02 12:05:00+08:00,74.30000305175781,74.30000305175781,74.30000305175781,74.30000305175781,1000,0.0,0.0
2024-04-02 12:10:00+08:00,74.30000305175781,74.4000015258789,74.30000305175781,74.4000015258789,14000,0.0,0.0
2024-04-02 12:15:00+08:00,74.4000015258789,74.5999984741211,74.4000015258789,74.5999984741211,26041,0.0,0.0
2024-04-02 12:20:00+08:00,74.5999984741211,74.5999984741211,74.5999984741211,74.5999984741211,5000,0.0,0.0
2024-04-02 12:25:00+08:00,74.69999694824219,74.69999694824219,74.5999984741211,74.5999984741211,2200,0.0,0.0
2024-04-02 12:30:00+08:00,74.5999984741211,74.5999984741211,74.5,74.5,11250,0.0,0.0
2024-04-02 12:35:00+08:00,74.5,74.5999984741211,74.5,74.5999984741211,8120,0.0,0.0
2024-04-02 12:40:00+08:00,74.5999984741211,74.9000015258789,74.5999984741211,74.9000015258789,48130,0.0,0.0
2024-04-02 12:45:00+08:00,74.9000015258789,74.9000015258789,74.80000305175781,74.9000015258789,21100,0.0,0.0
2024-04-02 12:50:00+08:00,74.9000015258789,74.9000015258789,74.5999984741211,74.5999984741211,52000,0.0,0.0
2024-04-02 12:55:00+08:00,74.69999694824219,74.80000305175781,74.5999984741211,74.69999694824219,25000,0.0,0.0
2024-04-02 13:00:00+08:00,74.69999694824219,74.80000305175781,74.5999984741211,74.5999984741211,40000,0.0,0.0
2024-04-02 13:05:00+08:00,74.5999984741211,74.5999984741211,74.5999984741211,74.5999984741211,13300,0.0,0.0
2024-04-02 13:10:00+08:00,74.5999984741211,74.69999694824219,74.5,74.69999694824219,51050,0.0,0.0
2024-04-02 13:15:00+08:00,74.69999694824219,74.80000305175781,74.69999694824219,74.69999694824219,26000,0.0,0.0
2024-04-02 13:20:00+08:00,74.69999694824219,74.80000305175781,74.5999984741211,74.69999694824219,30210,0.0,0.0
2024-04-03 09:00:00+08:00,75.4000015258789,76.0999984741211,75.19999694824219,75.9000015258789,0,0.0,0.0
2024-04-03 09:05:00+08:00,75.80000305175781,75.9000015258789,75.5999984741211,75.5999984741211,0,0.0,0.0
2024-04-03 09:10:00+08:00,75.5,75.5,75.19999694824219,75.5,403750,0.0,0.0
2024-04-03 09:15:00+08:00,75.5,75.5999984741211,75.30000305175781,75.30000305175781,40090,0.0,0.0
2024-04-03 09:20:00+08:00,75.4000015258789,75.5,75.19999694824219,75.30000305175781,32000,0.0,0.0
2024-04-03 09:25:00+08:00,75.30000305175781,75.4000015258789,75.30000305175781,75.30000305175781,11205,0.0,0.0
2024-04-03 09:30:00+08:00,75.30000305175781,75.80000305175781,75.30000305175781,75.80000305175781,64112,0.0,0.0
2024-04-03 09:35:00+08:00,75.80000305175781,75.80000305175781,75.30000305175781,75.4000015258789,20000,0.0,0.0
2024-04-03 09:40:00+08:00,75.30000305175781,75.30000305175781,75.19999694824219,75.19999694824219,26292,0.0,0.0
2024-04-03 09:45:00+08:00,75.19999694824219,75.19999694824219,75.19999694824219,75.19999694824219,14119,0.0,0.0
2024-04-03 09:50:00+08:00,75.0999984741211,75.0999984741211,74.69999694824219,74.69999694824219,65161,0.0,0.0
2024-04-03 09:55:00+08:00,74.80000305175781,74.9000015258789,74.80000305175781,74.80000305175781,13000,0.0,0.0
2024-04-03 10:00:00+08:00,74.69999694824219,74.69999694824219,74.5,74.5,39452,0.0,0.0
2024-04-03 10:05:00+08:00,74.5,74.5999984741211,74.5,74.5,15200,0.0,0.0
2024-04-03 10:10:00+08:00,74.5999984741211,74.5999984741211,74.5,74.5,9000,0.0,0.0
2024-04-03 10:15:00+08:00,74.5,74.5,74.19999694824219,74.4000015258789,29218,0.0,0.0
2024-04-03 10:20:00+08:00,74.4000015258789,74.4000015258789,74.4000015258789,74.4000015258789,3000,0.0,0.0
2024-04-03 10:25:00+08:00,74.5,74.5999984741211,74.4000015258789,74.4000015258789,18042,0.0,0.0
2024-04-03 10:30:00+08:00,74.30000305175781,74.4000015258789,74.19999694824219,74.19999694824219,7135,0.0,0.0
2024-04-03 10:35:00+08:00,74.19999694824219,74.30000305175781,74.19999694824219,74.30000305175781,2040,0.0,0.0
2024-04-03 10:40:00+08:00,74.30000305175781,74.4000015258789,74.30000305175781,74.4000015258789,5016,0.0,0.0
2024-04-03 10:45:00+08:00,74.4000015258789,74.4000015258789,74.4000015258789,74.4000015258789,7056,0.0,0.0
2024-04-03 10:50:00+08:00,74.4000015258789,74.5999984741211,74.0999984741211,74.5999984741211,45155,0.0,0.0
2024-04-03 10:55:00+08:00,74.5999984741211,74.69999694824219,74.5999984741211,74.69999694824219,8006,0.0,0.0
2024-04-03 11:00:00+08:00,74.69999694824219,74.69999694824219,74.69999694824219,74.69999694824219,4000,0.0,0.0
2024-04-03 11:05:00+08:00,74.69999694824219,74.69999694824219,74.69999694824219,74.69999694824219,3000,0.0,0.0
2024-04-03 11:10:00+08:00,74.69999694824219,74.80000305175781,74.69999694824219,74.80000305175781,19000,0.0,0.0
2024-04-03 11:15:00+08:00,74.80000305175781,74.80000305175781,74.69999694824219,74.80000305175781,15000,0.0,0.0
2024-04-03 11:20:00+08:00,74.80000305175781,74.9000015258789,74.80000305175781,74.9000015258789,8000,0.0,0.0
2024-04-03 11:25:00+08:00,74.80000305175781,74.80000305175781,74.5,74.80000305175781,38200,0.0,0.0
2024-04-03 11:30:00+08:00,74.5999984741211,74.5999984741211,74.4000015258789,74.5,30009,0.0,0.0
2024-04-03 11:35:00+08:00,74.5,74.5,74.5,74.5,2000,0.0,0.0
2024-04-03 11:40:00+08:00,74.5999984741211,74.5999984741211,74.5,74.5,6207,0.0,0.0
2024-04-03 11:45:00+08:00,74.5,74.5999984741211,74.5,74.5,10600,0.0,0.0
2024-04-03 11:50:00+08:00,74.5,74.5,74.4000015258789,74.4000015258789,4000,0.0,0.0
2024-04-03 11:55:00+08:00,74.4000015258789,74.4000015258789,74.4000015258789,74.4000015258789,6000,0.0,0.0
2024-04-03 12:00:00+08:00,74.5,74.5,74.4000015258789,74.4000015258789,8000,0.0,0.0
2024-04-03 12:05:00+08:00,74.4000015258789,74.4000015258789,74.4000015258789,74.4000015258789,4300,0.0,0.0
2024-04-03 12:10:00+08:00,74.4000015258789,74.4000015258789,74.30000305175781,74.30000305175781,8000,0.0,0.0
2024-04-03 12:15:00+08:00,74.4000015258789,74.4000015258789,74.4000015258789,74.4000015258789,6110,0.0,0.0
2024-04-03 12:20:00+08:00,74.30000305175781,74.30000305175781,74.30000305175781,74.30000305175781,15324,0.0,0.0
2024-04-03 12:25:00+08:00,74.30000305175781,74.30000305175781,74.30000305175781,74.30000305175781,15001,0.0,0.0
2024-04-03 12:30:00+08:00,74.30000305175781,74.30000305175781,74.19999694824219,74.19999694824219,7000,0.0,0.0
2024-04-03 12:35:00+08:00,74.19999694824219,74.30000305175781,74.19999694824219,74.30000305175781,13000,0.0,0.0
2024-04-03 12:40:00+08:00,74.30000305175781,74.30000305175781,74.19999694824219,74.30000305175781,17243,0.0,0.0
2024-04-03 12:45:00+08:00,74.30000305175781,74.30000305175781,74.30000305175781,74.30000305175781,5500,0.0,0.0
2024-04-03 12:50:00+08:00,74.30000305175781,74.30000305175781,74.30000305175781,74.30000305175781,5000,0.0,0.0
2024-04-03 12:55:00+08:00,74.30000305175781,74.30000305175781,74.30000305175781,74.30000305175781,20000,0.0,0.0
2024-04-03 13:00:00+08:00,74.19999694824219,74.30000305175781,74.19999694824219,74.30000305175781,21058,0.0,0.0
2024-04-03 13:05:00+08:00,74.30000305175781,74.4000015258789,74.30000305175781,74.30000305175781,26000,0.0,0.0
2024-04-03 13:10:00+08:00,74.30000305175781,74.30000305175781,74.19999694824219,74.30000305175781,24100,0.0,0.0
2024-04-03 13:15:00+08:00,74.4000015258789,74.69999694824219,74.4000015258789,74.5999984741211,36300,0.0,0.0
2024-04-03 13:20:00+08:00,74.5999984741211,74.80000305175781,74.5,74.5999984741211,60178,0.0,0.0
2024-04-08 09:00:00+08:00,74.5999984741211,76.9000015258789,74.5999984741211,76.19999694824219,0,0.0,0.0
2024-04-08 09:05:00+08:00,76.0999984741211,76.80000305175781,76.0,76.80000305175781,349000,0.0,0.0
2024-04-08 09:10:00+08:00,76.80000305175781,78.0999984741211,76.69999694824219,77.9000015258789,629860,0.0,0.0
2024-04-08 09:15:00+08:00,77.9000015258789,78.0,77.4000015258789,77.4000015258789,249659,0.0,0.0
2024-04-08 09:20:00+08:00,77.4000015258789,77.5,77.0,77.0,171458,0.0,0.0
2024-04-08 09:25:00+08:00,77.0999984741211,77.5999984741211,77.0999984741211,77.5,187294,0.0,0.0
2024-04-08 09:30:00+08:00,77.5,78.9000015258789,77.5,78.0999984741211,721869,0.0,0.0
2024-04-08 09:35:00+08:00,78.0,78.0999984741211,77.5,77.5999984741211,103800,0.0,0.0
2024-04-08 09:40:00+08:00,77.5999984741211,77.69999694824219,77.4000015258789,77.5999984741211,55860,0.0,0.0
2024-04-08 09:45:00+08:00,77.5999984741211,77.80000305175781,77.5999984741211,77.80000305175781,48055,0.0,0.0
2024-04-08 09:50:00+08:00,77.69999694824219,77.69999694824219,77.4000015258789,77.4000015258789,130200,0.0,0.0
2024-04-08 09:55:00+08:00,77.5,77.5,77.30000305175781,77.5,30622,0.0,0.0
2024-04-08 10:00:00+08:00,77.4000015258789,77.4000015258789,77.19999694824219,77.19999694824219,15329,0.0,0.0
2024-04-08 10:05:00+08:00,77.19999694824219,77.5999984741211,77.19999694824219,77.5999984741211,40235,0.0,0.0
2024-04-08 10:10:00+08:00,77.5999984741211,78.0,77.5,78.0,144400,0.0,0.0
2024-04-08 10:15:00+08:00,78.0,78.0,77.69999694824219,78.0,74121,0.0,0.0
2024-04-08 10:20:00+08:00,78.0,78.5,78.0,78.30000305175781,227218,0.0,0.0
2024-04-08 10:25:00+08:00,78.30000305175781,78.4000015258789,78.19999694824219,78.4000015258789,53465,0.0,0.0
2024-04-08 10:30:00+08:00,78.30000305175781,79.30000305175781,78.0999984741211,79.0999984741211,551247,0.0,0.0
2024-04-08 10:35:00+08:00,79.0999984741211,79.0999984741211,78.5,78.80000305175781,141078,0.0,0.0
2024-04-08 10:40:00+08:00,78.69999694824219,78.80000305175781,78.5999984741211,78.5999984741211,36114,0.0,0.0
2024-04-08 10:45:00+08:00,78.5999984741211,78.69999694824219,78.5,78.5,37053,0.0,0.0
2024-04-08 10:50:00+08:00,78.5,78.5999984741211,78.5,78.5,16957,0.0,0.0
2024-04-08 10:55:00+08:00,78.4000015258789,78.69999694824219,78.30000305175781,78.5999984741211,54000,0.0,0.0
2024-04-08 11:00:00+08:00,78.5,78.5999984741211,78.19999694824219,78.19999694824219,30030,0.0,0.0
2024-04-08 11:05:00+08:00,78.30000305175781,78.5,78.19999694824219,78.30000305175781,26120,0.0,0.0
2024-04-08 11:10:00+08:00,78.30000305175781,78.30000305175781,78.0999984741211,78.0999984741211,30558,0.0,0.0
2024-04-08 11:15:00+08:00,78.0999984741211,78.30000305175781,78.0,78.0,45030,0.0,0.0
2024-04-08 11:20:00+08:00,78.0,78.4000015258789,78.0,78.19999694824219,55285,0.0,0.0
2024-04-08 11:25:00+08:00,78.0,78.19999694824219,78.0,78.19999694824219,33200,0.0,0.0
2024-04-08 11:30:00+08:00,78.0999984741211,78.0999984741211,78.0,78.0,5000,0.0,0.0
2024-04-08 11:35:00+08:00,78.0,78.0,77.9000015258789,77.9000015258789,22116,0.0,0.0
2024-04-08 11:40:00+08:00,77.9000015258789,78.0,77.69999694824219,77.69999694824219,54243,0.0,0.0
2024-04-08 11:45:00+08:00,77.69999694824219,78.0,77.69999694824219,78.0,8036,0.0,0.0
2024-04-08 11:50:00+08:00,77.9000015258789,77.9000015258789,77.9000015258789,77.9000015258789,2000,0.0,0.0
2024-04-08 11:55:00+08:00,77.9000015258789,78.0,77.80000305175781,78.0,40123,0.0,0.0
2024-04-08 12:00:00+08:00,78.0,78.0,77.80000305175781,78.0,14030,0.0,0.0
2024-04-08 12:05:00+08:00,78.0,78.0,77.9000015258789,77.9000015258789,9025,0.0,0.0
2024-04-08 12:10:00+08:00,77.9000015258789,78.0,77.9000015258789,78.0,12068,0.0,0.0
2024-04-08 12:15:00+08:00,78.0,78.0,78.0,78.0,14054,0.0,0.0
2024-04-08 12:20:00+08:00,78.0999984741211,78.0999984741211,78.0,78.0,40232,0.0,0.0
2024-04-08 12:25:00+08:00,78.0,78.0999984741211,78.0,78.0,23490,0.0,0.0
2024-04-08 12:30:00+08:00,78.0,78.0,77.9000015258789,77.9000015258789,15605,0.0,0.0
2024-04-08 12:35:00+08:00,78.0,78.0,77.9000015258789,77.9000015258789,6228,0.0,0.0
2024-04-08 12:40:00+08:00,78.0,78.0,77.9000015258789,77.9000015258789,8353,0.0,0.0
2024-04-08 12:45:00+08:00,77.9000015258789,77.9000015258789,77.80000305175781,77.9000015258789,32330,0.0,0.0
2024-04-08 12:50:00+08:00,77.9000015258789,77.9000015258789,77.80000305175781,77.9000015258789,20300,0.0,0.0
2024-04-08 12:55:00+08:00,77.80000305175781,77.9000015258789,77.80000305175781,77.9000015258789,27000,0.0,0.0
2024-04-08 13:00:00+08:00,77.9000015258789,77.9000015258789,77.69999694824219,77.80000305175781,61477,0.0,0.0
2024-04-08 13:05:00+08:00,77.69999694824219,77.80000305175781,77.69999694824219,77.80000305175781,33121,0.0,0.0
2024-04-08 13:10:00+08:00,77.80000305175781,77.9000015258789,77.5999984741211,77.9000015258789,53409,0.0,0.0
2024-04-08 13:15:00+08:00,77.9000015258789,78.19999694824219,77.9000015258789,78.0999984741211,75239,0.0,0.0
2024-04-08 13:20:00+08:00,78.0999984741211,78.0999984741211,77.5999984741211,77.69999694824219,117369,0.0,0.0
2024-04-09 09:00:00+08:00,78.0,80.0,78.0,80.0,0,0.0,0.0
2024-04-09 09:05:00+08:00,79.0999984741211,79.9000015258789,78.80000305175781,79.0,467982,0.0,0.0
2024-04-09 09:10:00+08:00,79.0,79.0999984741211,78.0999984741211,78.0999984741211,226265,0.0,0.0
2024-04-09 09:15:00+08:00,78.19999694824219,78.30000305175781,77.5,77.69999694824219,234093,0.0,0.0
2024-04-09 09:20:00+08:00,77.69999694824219,77.80000305175781,77.5,77.80000305175781,96344,0.0,0.0
2024-04-09 09:25:00+08:00,77.80000305175781,77.80000305175781,77.4000015258789,77.5999984741211,92300,0.0,0.0
2024-04-09 09:30:00+08:00,77.69999694824219,77.69999694824219,77.0999984741211,77.0999984741211,93270,0.0,0.0
2024-04-09 09:35:00+08:00,77.0999984741211,77.0999984741211,76.69999694824219,76.69999694824219,142211,0.0,0.0
2024-04-09 09:40:00+08:00,76.69999694824219,76.9000015258789,76.4000015258789,76.9000015258789,133413,0.0,0.0
2024-04-09 09:45:00+08:00,76.9000015258789,77.5,76.80000305175781,77.30000305175781,56313,0.0,0.0
2024-04-09 09:50:00+08:00,77.30000305175781,77.5999984741211,77.19999694824219,77.5999984741211,27933,0.0,0.0
2024-04-09 09:55:00+08:00,77.5999984741211,77.69999694824219,77.5,77.5999984741211,29300,0.0,0.0
2024-04-09 10:00:00+08:00,77.5999984741211,77.5999984741211,77.5,77.5,8100,0.0,0.0
2024-04-09 10:05:00+08:00,77.5,77.69999694824219,77.5,77.5,16530,0.0,0.0
2024-04-09 10:10:00+08:00,77.5,77.5,77.5,77.5,5010,0.0,0.0
2024-04-09 10:15:00+08:00,77.5,77.5,77.30000305175781,77.30000305175781,6966,0.0,0.0
2024-04-09 10:20:00+08:00,77.30000305175781,77.30000305175781,77.30000305175781,77.30000305175781,3100,0.0,0.0
2024-04-09 10:25:00+08:00,77.4000015258789,77.4000015258789,77.30000305175781,77.30000305175781,3005,0.0,0.0
2024-04-09 10:30:00+08:00,77.4000015258789,77.5,77.30000305175781,77.30000305175781,19090,0.0,0.0
2024-04-09 10:35:00+08:00,77.5,78.4000015258789,77.5,78.4000015258789,182435,0.0,0.0
2024-04-09 10:40:00+08:00,78.4000015258789,78.80000305175781,78.30000305175781,78.30000305175781,109178,0.0,0.0
2024-04-09 10:45:00+08:00,78.30000305175781,78.30000305175781,78.0,78.0,20000,0.0,0.0
2024-04-09 10:50:00+08:00,78.0,78.19999694824219,77.9000015258789,78.19999694824219,32000,0.0,0.0
2024-04-09 10:55:00+08:00,78.19999694824219,78.19999694824219,77.80000305175781,77.80000305175781,18327,0.0,0.0
2024-04-09 11:00:00+08:00,77.80000305175781,78.19999694824219,77.80000305175781,78.0,30010,0.0,0.0
2024-04-09 11:05:00+08:00,78.30000305175781,78.4000015258789,78.19999694824219,78.30000305175781,60626,0.0,0.0
2024-04-09 11:10:00+08:00,78.30000305175781,78.4000015258789,78.19999694824219,78.19999694824219,19170,0.0,0.0
2024-04-09 11:15:00+08:00,78.19999694824219,78.30000305175781,78.19999694824219,78.30000305175781,12026,0.0,0.0
2024-04-09 11:20:00+08:00,78.30000305175781,78.9000015258789,78.30000305175781,78.80000305175781,100564,0.0,0.0
2024-04-09 11:25:00+08:00,78.80000305175781,79.4000015258789,78.80000305175781,79.0,158495,0.0,0.0
2024-04-09 11:30:00+08:00,79.0,79.5,79.0,79.4000015258789,139210,0.0,0.0
2024-04-09 11:35:00+08:00,79.30000305175781,79.80000305175781,79.19999694824219,79.5999984741211,262259,0.0,0.0
2024-04-09 11:40:00+08:00,79.5,79.80000305175781,79.4000015258789,79.5,99188,0.0,0.0
2024-04-09 11:45:00+08:00,79.5,79.5999984741211,79.4000015258789,79.5,52658,0.0,0.0
2024-04-09 11:50:00+08:00,79.5,80.4000015258789,79.5,80.0999984741211,666556,0.0,0.0
2024-04-09 11:55:00+08:00,80.0999984741211,80.0999984741211,79.80000305175781,79.80000305175781,59422,0.0,0.0
2024-04-09 12:00:00+08:00,79.69999694824219,80.0,79.5999984741211,79.5999984741211,98059,0.0,0.0
2024-04-09 12:05:00+08:00,79.5999984741211,79.69999694824219,79.30000305175781,79.30000305175781,84199,0.0,0.0
2024-04-09 12:10:00+08:00,79.30000305175781,79.4000015258789,79.0999984741211,79.0999984741211,32843,0.0,0.0
2024-04-09 12:15:00+08:00,79.19999694824219,79.4000015258789,79.0999984741211,79.4000015258789,23003,0.0,0.0
2024-04-09 12:20:00+08:00,79.4000015258789,79.4000015258789,79.19999694824219,79.30000305175781,40207,0.0,0.0
2024-04-09 12:25:00+08:00,79.30000305175781,79.5,79.30000305175781,79.4000015258789,26283,0.0,0.0
2024-04-09 12:30:00+08:00,79.4000015258789,79.5,79.30000305175781,79.30000305175781,18183,0.0,0.0
2024-04-09 12:35:00+08:00,79.30000305175781,79.4000015258789,79.0999984741211,79.0999984741211,40287,0.0,0.0
2024-04-09 12:40:00+08:00,79.0999984741211,79.30000305175781,79.0999984741211,79.30000305175781,42759,0.0,0.0
2024-04-09 12:45:00+08:00,79.30000305175781,79.4000015258789,79.0999984741211,79.0999984741211,43000,0.0,0.0
2024-04-09 12:50:00+08:00,79.30000305175781,79.4000015258789,79.0999984741211,79.0999984741211,33100,0.0,0.0
2024-04-09 12:55:00+08:00,79.0999984741211,79.19999694824219,79.0999984741211,79.0999984741211,30542,0.0,0.0
2024-04-09 13:00:00+08:00,79.0999984741211,79.0999984741211,79.0,79.0,35893,0.0,0.0
2024-04-09 13:05:00+08:00,79.0,79.19999694824219,79.0,79.0999984741211,43224,0.0,0.0
2024-04-09 13:10:00+08:00,79.0999984741211,79.0999984741211,78.4000015258789,78.5999984741211,126076,0.0,0.0
2024-04-09 13:15:00+08:00,78.5999984741211,78.80000305175781,78.5,78.5999984741211,49000,0.0,0.0
2024-04-09 13:20:00+08:00,78.5999984741211,78.69999694824219,78.4000015258789,78.5999984741211,93775,0.0,0.0
2024-04-09 09:00:00+08:00,78.0,80.0,78.0,80.0,0,0.0,0.0
2024-04-09 09:05:00+08:00,79.0999984741211,79.9000015258789,78.80000305175781,79.0,467982,0.0,0.0
2024-04-09 09:10:00+08:00,79.0,79.0999984741211,78.0999984741211,78.0999984741211,226265,0.0,0.0
2024-04-09 09:15:00+08:00,78.19999694824219,78.30000305175781,77.5,77.69999694824219,234093,0.0,0.0
2024-04-09 09:20:00+08:00,77.69999694824219,77.80000305175781,77.5,77.80000305175781,96344,0.0,0.0
2024-04-09 09:25:00+08:00,77.80000305175781,77.80000305175781,77.4000015258789,77.5999984741211,92300,0.0,0.0
2024-04-09 09:30:00+08:00,77.69999694824219,77.69999694824219,77.0999984741211,77.0999984741211,93270,0.0,0.0
2024-04-09 09:35:00+08:00,77.0999984741211,77.0999984741211,76.69999694824219,76.69999694824219,142211,0.0,0.0
2024-04-09 09:40:00+08:00,76.69999694824219,76.9000015258789,76.4000015258789,76.9000015258789,133413,0.0,0.0
2024-04-09 09:45:00+08:00,76.9000015258789,77.5,76.80000305175781,77.30000305175781,56313,0.0,0.0
2024-04-09 09:50:00+08:00,77.30000305175781,77.5999984741211,77.19999694824219,77.5999984741211,27933,0.0,0.0
2024-04-09 09:55:00+08:00,77.5999984741211,77.69999694824219,77.5,77.5999984741211,29300,0.0,0.0
2024-04-09 10:00:00+08:00,77.5999984741211,77.5999984741211,77.5,77.5,8100,0.0,0.0
2024-04-09 10:05:00+08:00,77.5,77.69999694824219,77.5,77.5,16530,0.0,0.0
2024-04-09 10:10:00+08:00,77.5,77.5,77.5,77.5,5010,0.0,0.0
2024-04-09 10:15:00+08:00,77.5,77.5,77.30000305175781,77.30000305175781,6966,0.0,0.0
2024-04-09 10:20:00+08:00,77.30000305175781,77.30000305175781,77.30000305175781,77.30000305175781,3100,0.0,0.0
2024-04-09 10:25:00+08:00,77.4000015258789,77.4000015258789,77.30000305175781,77.30000305175781,3005,0.0,0.0
2024-04-09 10:30:00+08:00,77.4000015258789,77.5,77.30000305175781,77.30000305175781,19090,0.0,0.0
2024-04-09 10:35:00+08:00,77.5,78.4000015258789,77.5,78.4000015258789,182435,0.0,0.0
2024-04-09 10:40:00+08:00,78.4000015258789,78.80000305175781,78.30000305175781,78.30000305175781,109178,0.0,0.0
2024-04-09 10:45:00+08:00,78.30000305175781,78.30000305175781,78.0,78.0,20000,0.0,0.0
2024-04-09 10:50:00+08:00,78.0,78.19999694824219,77.9000015258789,78.19999694824219,32000,0.0,0.0
2024-04-09 10:55:00+08:00,78.19999694824219,78.19999694824219,77.80000305175781,77.80000305175781,18327,0.0,0.0
2024-04-09 11:00:00+08:00,77.80000305175781,78.19999694824219,77.80000305175781,78.0,30010,0.0,0.0
2024-04-09 11:05:00+08:00,78.30000305175781,78.4000015258789,78.19999694824219,78.30000305175781,60626,0.0,0.0
2024-04-09 11:10:00+08:00,78.30000305175781,78.4000015258789,78.19999694824219,78.19999694824219,19170,0.0,0.0
2024-04-09 11:15:00+08:00,78.19999694824219,78.30000305175781,78.19999694824219,78.30000305175781,12026,0.0,0.0
2024-04-09 11:20:00+08:00,78.30000305175781,78.9000015258789,78.30000305175781,78.80000305175781,100564,0.0,0.0
2024-04-09 11:25:00+08:00,78.80000305175781,79.4000015258789,78.80000305175781,79.0,158495,0.0,0.0
2024-04-09 11:30:00+08:00,79.0,79.5,79.0,79.4000015258789,139210,0.0,0.0
2024-04-09 11:35:00+08:00,79.30000305175781,79.80000305175781,79.19999694824219,79.5999984741211,262259,0.0,0.0
2024-04-09 11:40:00+08:00,79.5,79.80000305175781,79.4000015258789,79.5,99188,0.0,0.0
2024-04-09 11:45:00+08:00,79.5,79.5999984741211,79.4000015258789,79.5,52658,0.0,0.0
2024-04-09 11:50:00+08:00,79.5,80.4000015258789,79.5,80.0999984741211,666556,0.0,0.0
2024-04-09 11:55:00+08:00,80.0999984741211,80.0999984741211,79.80000305175781,79.80000305175781,59422,0.0,0.0
2024-04-09 12:00:00+08:00,79.69999694824219,80.0,79.5999984741211,79.5999984741211,98059,0.0,0.0
2024-04-09 12:05:00+08:00,79.5999984741211,79.69999694824219,79.30000305175781,79.30000305175781,84199,0.0,0.0
2024-04-09 12:10:00+08:00,79.30000305175781,79.4000015258789,79.0999984741211,79.0999984741211,32843,0.0,0.0
2024-04-09 12:15:00+08:00,79.19999694824219,79.4000015258789,79.0999984741211,79.4000015258789,23003,0.0,0.0
2024-04-09 12:20:00+08:00,79.4000015258789,79.4000015258789,79.19999694824219,79.30000305175781,40207,0.0,0.0
2024-04-09 12:25:00+08:00,79.30000305175781,79.5,79.30000305175781,79.4000015258789,26283,0.0,0.0
2024-04-09 12:30:00+08:00,79.4000015258789,79.5,79.30000305175781,79.30000305175781,18183,0.0,0.0
2024-04-09 12:35:00+08:00,79.30000305175781,79.4000015258789,79.0999984741211,79.0999984741211,40287,0.0,0.0
2024-04-09 12:40:00+08:00,79.0999984741211,79.30000305175781,79.0999984741211,79.30000305175781,42759,0.0,0.0
2024-04-09 12:45:00+08:00,79.30000305175781,79.4000015258789,79.0999984741211,79.0999984741211,43000,0.0,0.0
2024-04-09 12:50:00+08:00,79.30000305175781,79.4000015258789,79.0999984741211,79.0999984741211,33100,0.0,0.0
2024-04-09 12:55:00+08:00,79.0999984741211,79.19999694824219,79.0999984741211,79.0999984741211,30542,0.0,0.0
2024-04-09 13:00:00+08:00,79.0999984741211,79.0999984741211,79.0,79.0,35893,0.0,0.0
2024-04-09 13:05:00+08:00,79.0,79.19999694824219,79.0,79.0999984741211,43224,0.0,0.0
2024-04-09 13:10:00+08:00,79.0999984741211,79.0999984741211,78.4000015258789,78.5999984741211,126076,0.0,0.0
2024-04-09 13:15:00+08:00,78.5999984741211,78.80000305175781,78.5,78.5999984741211,49000,0.0,0.0
2024-04-09 13:20:00+08:00,78.5999984741211,78.69999694824219,78.4000015258789,78.5999984741211,93775,0.0,0.0
2024-04-09 09:00:00+08:00,78.0,80.0,78.0,80.0,0,0.0,0.0
2024-04-09 09:05:00+08:00,79.0999984741211,79.9000015258789,78.80000305175781,79.0,467982,0.0,0.0
2024-04-09 09:10:00+08:00,79.0,79.0999984741211,78.0999984741211,78.0999984741211,226265,0.0,0.0
2024-04-09 09:15:00+08:00,78.19999694824219,78.30000305175781,77.5,77.69999694824219,234093,0.0,0.0
2024-04-09 09:20:00+08:00,77.69999694824219,77.80000305175781,77.5,77.80000305175781,96344,0.0,0.0
2024-04-09 09:25:00+08:00,77.80000305175781,77.80000305175781,77.4000015258789,77.5999984741211,92300,0.0,0.0
2024-04-09 09:30:00+08:00,77.69999694824219,77.69999694824219,77.0999984741211,77.0999984741211,93270,0.0,0.0
2024-04-09 09:35:00+08:00,77.0999984741211,77.0999984741211,76.69999694824219,76.69999694824219,142211,0.0,0.0
2024-04-09 09:40:00+08:00,76.69999694824219,76.9000015258789,76.4000015258789,76.9000015258789,133413,0.0,0.0
2024-04-09 09:45:00+08:00,76.9000015258789,77.5,76.80000305175781,77.30000305175781,56313,0.0,0.0
2024-04-09 09:50:00+08:00,77.30000305175781,77.5999984741211,77.19999694824219,77.5999984741211,27933,0.0,0.0
2024-04-09 09:55:00+08:00,77.5999984741211,77.69999694824219,77.5,77.5999984741211,29300,0.0,0.0
2024-04-09 10:00:00+08:00,77.5999984741211,77.5999984741211,77.5,77.5,8100,0.0,0.0
2024-04-09 10:05:00+08:00,77.5,77.69999694824219,77.5,77.5,16530,0.0,0.0
2024-04-09 10:10:00+08:00,77.5,77.5,77.5,77.5,5010,0.0,0.0
2024-04-09 10:15:00+08:00,77.5,77.5,77.30000305175781,77.30000305175781,6966,0.0,0.0
2024-04-09 10:20:00+08:00,77.30000305175781,77.30000305175781,77.30000305175781,77.30000305175781,3100,0.0,0.0
2024-04-09 10:25:00+08:00,77.4000015258789,77.4000015258789,77.30000305175781,77.30000305175781,3005,0.0,0.0
2024-04-09 10:30:00+08:00,77.4000015258789,77.5,77.30000305175781,77.30000305175781,19090,0.0,0.0
2024-04-09 10:35:00+08:00,77.5,78.4000015258789,77.5,78.4000015258789,182435,0.0,0.0
2024-04-09 10:40:00+08:00,78.4000015258789,78.80000305175781,78.30000305175781,78.30000305175781,109178,0.0,0.0
2024-04-09 10:45:00+08:00,78.30000305175781,78.30000305175781,78.0,78.0,20000,0.0,0.0
2024-04-09 10:50:00+08:00,78.0,78.19999694824219,77.9000015258789,78.19999694824219,32000,0.0,0.0
2024-04-09 10:55:00+08:00,78.19999694824219,78.19999694824219,77.80000305175781,77.80000305175781,18327,0.0,0.0
2024-04-09 11:00:00+08:00,77.80000305175781,78.19999694824219,77.80000305175781,78.0,30010,0.0,0.0
2024-04-09 11:05:00+08:00,78.30000305175781,78.4000015258789,78.19999694824219,78.30000305175781,60626,0.0,0.0
2024-04-09 11:10:00+08:00,78.30000305175781,78.4000015258789,78.19999694824219,78.19999694824219,19170,0.0,0.0
2024-04-09 11:15:00+08:00,78.19999694824219,78.30000305175781,78.19999694824219,78.30000305175781,12026,0.0,0.0
2024-04-09 11:20:00+08:00,78.30000305175781,78.9000015258789,78.30000305175781,78.80000305175781,100564,0.0,0.0
2024-04-09 11:25:00+08:00,78.80000305175781,79.4000015258789,78.80000305175781,79.0,158495,0.0,0.0
2024-04-09 11:30:00+08:00,79.0,79.5,79.0,79.4000015258789,139210,0.0,0.0
2024-04-09 11:35:00+08:00,79.30000305175781,79.80000305175781,79.19999694824219,79.5999984741211,262259,0.0,0.0
2024-04-09 11:40:00+08:00,79.5,79.80000305175781,79.4000015258789,79.5,99188,0.0,0.0
2024-04-09 11:45:00+08:00,79.5,79.5999984741211,79.4000015258789,79.5,52658,0.0,0.0
2024-04-09 11:50:00+08:00,79.5,80.4000015258789,79.5,80.0999984741211,666556,0.0,0.0
2024-04-09 11:55:00+08:00,80.0999984741211,80.0999984741211,79.80000305175781,79.80000305175781,59422,0.0,0.0
2024-04-09 12:00:00+08:00,79.69999694824219,80.0,79.5999984741211,79.5999984741211,98059,0.0,0.0
2024-04-09 12:05:00+08:00,79.5999984741211,79.69999694824219,79.30000305175781,79.30000305175781,84199,0.0,0.0
2024-04-09 12:10:00+08:00,79.30000305175781,79.4000015258789,79.0999984741211,79.0999984741211,32843,0.0,0.0
2024-04-09 12:15:00+08:00,79.19999694824219,79.4000015258789,79.0999984741211,79.4000015258789,23003,0.0,0.0
2024-04-09 12:20:00+08:00,79.4000015258789,79.4000015258789,79.19999694824219,79.30000305175781,40207,0.0,0.0
2024-04-09 12:25:00+08:00,79.30000305175781,79.5,79.30000305175781,79.4000015258789,26283,0.0,0.0
2024-04-09 12:30:00+08:00,79.4000015258789,79.5,79.30000305175781,79.30000305175781,18183,0.0,0.0
2024-04-09 12:35:00+08:00,79.30000305175781,79.4000015258789,79.0999984741211,79.0999984741211,40287,0.0,0.0
2024-04-09 12:40:00+08:00,79.0999984741211,79.30000305175781,79.0999984741211,79.30000305175781,42759,0.0,0.0
2024-04-09 12:45:00+08:00,79.30000305175781,79.4000015258789,79.0999984741211,79.0999984741211,43000,0.0,0.0
2024-04-09 12:50:00+08:00,79.30000305175781,79.4000015258789,79.0999984741211,79.0999984741211,33100,0.0,0.0
2024-04-09 12:55:00+08:00,79.0999984741211,79.19999694824219,79.0999984741211,79.0999984741211,30542,0.0,0.0
2024-04-09 13:00:00+08:00,79.0999984741211,79.0999984741211,79.0,79.0,35893,0.0,0.0
2024-04-09 13:05:00+08:00,79.0,79.19999694824219,79.0,79.0999984741211,43224,0.0,0.0
2024-04-09 13:10:00+08:00,79.0999984741211,79.0999984741211,78.4000015258789,78.5999984741211,126076,0.0,0.0
2024-04-09 13:15:00+08:00,78.5999984741211,78.80000305175781,78.5,78.5999984741211,49000,0.0,0.0
2024-04-09 13:20:00+08:00,78.5999984741211,78.69999694824219,78.4000015258789,78.5999984741211,93775,0.0,0.0
2024-04-10 09:00:00+08:00,80.19999694824219,80.5,79.19999694824219,80.30000305175781,750000,0.0,0.0
2024-04-10 09:05:00+08:00,80.30000305175781,80.80000305175781,79.9000015258789,80.80000305175781,506000,0.0,0.0
2024-04-10 09:10:00+08:00,80.69999694824219,81.5,80.5999984741211,81.0,845994,0.0,0.0
2024-04-10 09:15:00+08:00,81.0,81.19999694824219,80.5,80.69999694824219,265662,0.0,0.0
2024-04-10 09:20:00+08:00,80.69999694824219,81.5,80.4000015258789,81.4000015258789,390224,0.0,0.0
2024-04-10 09:25:00+08:00,81.4000015258789,82.80000305175781,81.30000305175781,82.80000305175781,1131738,0.0,0.0
2024-04-10 09:30:00+08:00,82.80000305175781,82.9000015258789,82.0999984741211,82.0999984741211,459827,0.0,0.0
2024-04-10 09:35:00+08:00,82.0999984741211,82.4000015258789,81.9000015258789,82.0999984741211,228164,0.0,0.0
2024-04-10 09:40:00+08:00,82.0999984741211,82.30000305175781,81.69999694824219,81.69999694824219,237771,0.0,0.0
2024-04-10 09:45:00+08:00,81.80000305175781,83.0,81.69999694824219,82.4000015258789,610577,0.0,0.0
2024-04-10 09:50:00+08:00,82.30000305175781,82.5,82.0,82.0,174201,0.0,0.0
2024-04-10 09:55:00+08:00,81.9000015258789,82.0,81.5999984741211,81.80000305175781,101344,0.0,0.0
2024-04-10 10:00:00+08:00,81.69999694824219,81.69999694824219,81.30000305175781,81.30000305175781,139037,0.0,0.0
2024-04-10 10:05:00+08:00,81.19999694824219,82.0,81.19999694824219,82.0,112162,0.0,0.0
2024-04-10 10:10:00+08:00,81.9000015258789,82.0,81.30000305175781,81.30000305175781,90597,0.0,0.0
2024-04-10 10:15:00+08:00,81.19999694824219,81.4000015258789,81.19999694824219,81.30000305175781,47200,0.0,0.0
2024-04-10 10:20:00+08:00,81.30000305175781,81.5,81.0999984741211,81.19999694824219,82763,0.0,0.0
2024-04-10 10:25:00+08:00,81.19999694824219,81.5,81.0,81.0,135484,0.0,0.0
2024-04-10 10:30:00+08:00,81.0,81.30000305175781,80.80000305175781,80.80000305175781,154771,0.0,0.0
2024-04-10 10:35:00+08:00,80.80000305175781,81.19999694824219,80.80000305175781,81.19999694824219,89608,0.0,0.0
2024-04-10 10:40:00+08:00,81.0999984741211,81.4000015258789,81.0999984741211,81.19999694824219,24221,0.0,0.0
2024-04-10 10:45:00+08:00,81.30000305175781,81.5999984741211,81.30000305175781,81.4000015258789,62200,0.0,0.0
2024-04-10 10:50:00+08:00,81.4000015258789,81.4000015258789,81.19999694824219,81.4000015258789,36073,0.0,0.0
2024-04-10 10:55:00+08:00,81.4000015258789,81.5,81.19999694824219,81.19999694824219,34009,0.0,0.0
2024-04-10 11:00:00+08:00,81.19999694824219,81.30000305175781,81.19999694824219,81.30000305175781,8000,0.0,0.0
2024-04-10 11:05:00+08:00,81.30000305175781,81.30000305175781,80.80000305175781,80.80000305175781,78469,0.0,0.0
2024-04-10 11:10:00+08:00,80.80000305175781,81.0,80.69999694824219,81.0,78448,0.0,0.0
2024-04-10 11:15:00+08:00,81.0,81.0999984741211,81.0,81.0,23060,0.0,0.0
2024-04-10 11:20:00+08:00,81.0,81.0,80.9000015258789,80.9000015258789,16675,0.0,0.0
2024-04-10 11:25:00+08:00,80.9000015258789,80.9000015258789,80.80000305175781,80.9000015258789,10042,0.0,0.0
2024-04-10 11:30:00+08:00,80.80000305175781,80.80000305175781,80.69999694824219,80.80000305175781,32100,0.0,0.0
2024-04-10 11:35:00+08:00,80.69999694824219,80.69999694824219,80.5999984741211,80.5999984741211,54158,0.0,0.0
2024-04-10 11:40:00+08:00,80.69999694824219,80.80000305175781,80.69999694824219,80.80000305175781,18210,0.0,0.0
2024-04-10 11:45:00+08:00,80.80000305175781,80.80000305175781,80.5,80.5999984741211,54000,0.0,0.0
2024-04-10 11:50:00+08:00,80.5999984741211,80.9000015258789,80.5999984741211,80.9000015258789,49550,0.0,0.0
2024-04-10 11:55:00+08:00,80.9000015258789,80.9000015258789,80.80000305175781,80.9000015258789,13086,0.0,0.0
2024-04-10 12:00:00+08:00,80.9000015258789,80.9000015258789,80.5999984741211,80.9000015258789,46143,0.0,0.0
2024-04-10 12:05:00+08:00,80.69999694824219,80.80000305175781,80.69999694824219,80.69999694824219,11200,0.0,0.0
2024-04-10 12:10:00+08:00,80.80000305175781,80.9000015258789,80.69999694824219,80.80000305175781,10800,0.0,0.0
2024-04-10 12:15:00+08:00,80.80000305175781,80.80000305175781,80.80000305175781,80.80000305175781,9450,0.0,0.0
2024-04-10 12:20:00+08:00,80.69999694824219,80.80000305175781,80.69999694824219,80.80000305175781,36501,0.0,0.0
2024-04-10 12:25:00+08:00,80.80000305175781,80.80000305175781,80.69999694824219,80.69999694824219,17000,0.0,0.0
2024-04-10 12:30:00+08:00,80.69999694824219,80.80000305175781,80.69999694824219,80.80000305175781,53188,0.0,0.0
2024-04-10 12:35:00+08:00,80.69999694824219,80.80000305175781,80.5999984741211,80.69999694824219,23517,0.0,0.0
2024-04-10 12:40:00+08:00,80.69999694824219,80.69999694824219,80.5,80.5,83632,0.0,0.0
2024-04-10 12:45:00+08:00,80.5,80.5999984741211,80.5,80.5,48158,0.0,0.0
2024-04-10 12:50:00+08:00,80.5,80.5,80.0999984741211,80.0999984741211,191293,0.0,0.0
2024-04-10 12:55:00+08:00,80.0999984741211,80.19999694824219,80.0999984741211,80.19999694824219,62985,0.0,0.0
2024-04-10 13:00:00+08:00,80.19999694824219,80.4000015258789,80.19999694824219,80.30000305175781,48335,0.0,0.0
2024-04-10 13:05:00+08:00,80.30000305175781,80.30000305175781,80.0999984741211,80.19999694824219,63530,0.0,0.0
2024-04-10 13:10:00+08:00,80.0999984741211,80.30000305175781,80.0999984741211,80.0999984741211,85789,0.0,0.0
2024-04-10 13:15:00+08:00,80.0999984741211,80.0999984741211,79.69999694824219,79.80000305175781,354023,0.0,0.0
2024-04-10 13:20:00+08:00,79.80000305175781,80.19999694824219,79.69999694824219,80.0999984741211,167177,0.0,0.0
2024-04-10 09:00:00+08:00,80.19999694824219,80.5,79.19999694824219,80.30000305175781,0,0.0,0.0
2024-04-10 09:05:00+08:00,80.30000305175781,80.80000305175781,79.9000015258789,80.80000305175781,506000,0.0,0.0
2024-04-10 09:10:00+08:00,80.69999694824219,81.5,80.5999984741211,81.0,845994,0.0,0.0
2024-04-10 09:15:00+08:00,81.0,81.19999694824219,80.5,80.69999694824219,265662,0.0,0.0
2024-04-10 09:20:00+08:00,80.69999694824219,81.5,80.4000015258789,81.4000015258789,390224,0.0,0.0
2024-04-10 09:25:00+08:00,81.4000015258789,82.80000305175781,81.30000305175781,82.80000305175781,1131738,0.0,0.0
2024-04-10 09:30:00+08:00,82.80000305175781,82.9000015258789,82.0999984741211,82.0999984741211,459827,0.0,0.0
2024-04-10 09:35:00+08:00,82.0999984741211,82.4000015258789,81.9000015258789,82.0999984741211,228164,0.0,0.0
2024-04-10 09:40:00+08:00,82.0999984741211,82.30000305175781,81.69999694824219,81.69999694824219,237771,0.0,0.0
2024-04-10 09:45:00+08:00,81.80000305175781,83.0,81.69999694824219,82.4000015258789,610577,0.0,0.0
2024-04-10 09:50:00+08:00,82.30000305175781,82.5,82.0,82.0,174201,0.0,0.0
2024-04-10 09:55:00+08:00,81.9000015258789,82.0,81.5999984741211,81.80000305175781,101344,0.0,0.0
2024-04-10 10:00:00+08:00,81.69999694824219,81.69999694824219,81.30000305175781,81.30000305175781,139037,0.0,0.0
2024-04-10 10:05:00+08:00,81.19999694824219,82.0,81.19999694824219,82.0,112162,0.0,0.0
2024-04-10 10:10:00+08:00,81.9000015258789,82.0,81.30000305175781,81.30000305175781,90597,0.0,0.0
2024-04-10 10:15:00+08:00,81.19999694824219,81.4000015258789,81.19999694824219,81.30000305175781,47200,0.0,0.0
2024-04-10 10:20:00+08:00,81.30000305175781,81.5,81.0999984741211,81.19999694824219,82763,0.0,0.0
2024-04-10 10:25:00+08:00,81.19999694824219,81.5,81.0,81.0,135484,0.0,0.0
2024-04-10 10:30:00+08:00,81.0,81.30000305175781,80.80000305175781,80.80000305175781,154771,0.0,0.0
2024-04-10 10:35:00+08:00,80.80000305175781,81.19999694824219,80.80000305175781,81.19999694824219,89608,0.0,0.0
2024-04-10 10:40:00+08:00,81.0999984741211,81.4000015258789,81.0999984741211,81.19999694824219,24221,0.0,0.0
2024-04-10 10:45:00+08:00,81.30000305175781,81.5999984741211,81.30000305175781,81.4000015258789,62200,0.0,0.0
2024-04-10 10:50:00+08:00,81.4000015258789,81.4000015258789,81.19999694824219,81.4000015258789,36073,0.0,0.0
2024-04-10 10:55:00+08:00,81.4000015258789,81.5,81.19999694824219,81.19999694824219,34009,0.0,0.0
2024-04-10 11:00:00+08:00,81.19999694824219,81.30000305175781,81.19999694824219,81.30000305175781,8000,0.0,0.0
2024-04-10 11:05:00+08:00,81.30000305175781,81.30000305175781,80.80000305175781,80.80000305175781,78469,0.0,0.0
2024-04-10 11:10:00+08:00,80.80000305175781,81.0,80.69999694824219,81.0,78448,0.0,0.0
2024-04-10 11:15:00+08:00,81.0,81.0999984741211,81.0,81.0,23060,0.0,0.0
2024-04-10 11:20:00+08:00,81.0,81.0,80.9000015258789,80.9000015258789,16675,0.0,0.0
2024-04-10 11:25:00+08:00,80.9000015258789,80.9000015258789,80.80000305175781,80.9000015258789,10042,0.0,0.0
2024-04-10 11:30:00+08:00,80.80000305175781,80.80000305175781,80.69999694824219,80.80000305175781,32100,0.0,0.0
2024-04-10 11:35:00+08:00,80.69999694824219,80.69999694824219,80.5999984741211,80.5999984741211,54158,0.0,0.0
2024-04-10 11:40:00+08:00,80.69999694824219,80.80000305175781,80.69999694824219,80.80000305175781,18210,0.0,0.0
2024-04-10 11:45:00+08:00,80.80000305175781,80.80000305175781,80.5,80.5999984741211,54000,0.0,0.0
2024-04-10 11:50:00+08:00,80.5999984741211,80.9000015258789,80.5999984741211,80.9000015258789,49550,0.0,0.0
2024-04-10 11:55:00+08:00,80.9000015258789,80.9000015258789,80.80000305175781,80.9000015258789,13086,0.0,0.0
2024-04-10 12:00:00+08:00,80.9000015258789,80.9000015258789,80.5999984741211,80.9000015258789,46143,0.0,0.0
2024-04-10 12:05:00+08:00,80.69999694824219,80.80000305175781,80.69999694824219,80.69999694824219,11200,0.0,0.0
2024-04-10 12:10:00+08:00,80.80000305175781,80.9000015258789,80.69999694824219,80.80000305175781,10800,0.0,0.0
2024-04-10 12:15:00+08:00,80.80000305175781,80.80000305175781,80.80000305175781,80.80000305175781,9450,0.0,0.0
2024-04-10 12:20:00+08:00,80.69999694824219,80.80000305175781,80.69999694824219,80.80000305175781,36501,0.0,0.0
2024-04-10 12:25:00+08:00,80.80000305175781,80.80000305175781,80.69999694824219,80.69999694824219,17000,0.0,0.0
2024-04-10 12:30:00+08:00,80.69999694824219,80.80000305175781,80.69999694824219,80.80000305175781,53188,0.0,0.0
2024-04-10 12:35:00+08:00,80.69999694824219,80.80000305175781,80.5999984741211,80.69999694824219,23517,0.0,0.0
2024-04-10 12:40:00+08:00,80.69999694824219,80.69999694824219,80.5,80.5,83632,0.0,0.0
2024-04-10 12:45:00+08:00,80.5,80.5999984741211,80.5,80.5,48158,0.0,0.0
2024-04-10 12:50:00+08:00,80.5,80.5,80.0999984741211,80.0999984741211,191293,0.0,0.0
2024-04-10 12:55:00+08:00,80.0999984741211,80.19999694824219,80.0999984741211,80.19999694824219,62985,0.0,0.0
2024-04-10 13:00:00+08:00,80.19999694824219,80.4000015258789,80.19999694824219,80.30000305175781,48335,0.0,0.0
2024-04-10 13:05:00+08:00,80.30000305175781,80.30000305175781,80.0999984741211,80.19999694824219,63530,0.0,0.0
2024-04-10 13:10:00+08:00,80.0999984741211,80.30000305175781,80.0999984741211,80.0999984741211,85789,0.0,0.0
2024-04-10 13:15:00+08:00,80.0999984741211,80.0999984741211,79.69999694824219,79.80000305175781,354023,0.0,0.0
2024-04-10 13:20:00+08:00,79.80000305175781,80.19999694824219,79.69999694824219,80.0999984741211,167177,0.0,0.0
2024-04-10 09:00:00+08:00,80.19999694824219,80.5,79.19999694824219,80.30000305175781,0,0.0,0.0
2024-04-10 09:05:00+08:00,80.30000305175781,80.80000305175781,79.9000015258789,80.80000305175781,506000,0.0,0.0
2024-04-10 09:10:00+08:00,80.69999694824219,81.5,80.5999984741211,81.0,845994,0.0,0.0
2024-04-10 09:15:00+08:00,81.0,81.19999694824219,80.5,80.69999694824219,265662,0.0,0.0
2024-04-10 09:20:00+08:00,80.69999694824219,81.5,80.4000015258789,81.4000015258789,390224,0.0,0.0
2024-04-10 09:25:00+08:00,81.4000015258789,82.80000305175781,81.30000305175781,82.80000305175781,1131738,0.0,0.0
2024-04-10 09:30:00+08:00,82.80000305175781,82.9000015258789,82.0999984741211,82.0999984741211,459827,0.0,0.0
2024-04-10 09:35:00+08:00,82.0999984741211,82.4000015258789,81.9000015258789,82.0999984741211,228164,0.0,0.0
2024-04-10 09:40:00+08:00,82.0999984741211,82.30000305175781,81.69999694824219,81.69999694824219,237771,0.0,0.0
2024-04-10 09:45:00+08:00,81.80000305175781,83.0,81.69999694824219,82.4000015258789,610577,0.0,0.0
2024-04-10 09:50:00+08:00,82.30000305175781,82.5,82.0,82.0,174201,0.0,0.0
2024-04-10 09:55:00+08:00,81.9000015258789,82.0,81.5999984741211,81.80000305175781,101344,0.0,0.0
2024-04-10 10:00:00+08:00,81.69999694824219,81.69999694824219,81.30000305175781,81.30000305175781,139037,0.0,0.0
2024-04-10 10:05:00+08:00,81.19999694824219,82.0,81.19999694824219,82.0,112162,0.0,0.0
2024-04-10 10:10:00+08:00,81.9000015258789,82.0,81.30000305175781,81.30000305175781,90597,0.0,0.0
2024-04-10 10:15:00+08:00,81.19999694824219,81.4000015258789,81.19999694824219,81.30000305175781,47200,0.0,0.0
2024-04-10 10:20:00+08:00,81.30000305175781,81.5,81.0999984741211,81.19999694824219,82763,0.0,0.0
2024-04-10 10:25:00+08:00,81.19999694824219,81.5,81.0,81.0,135484,0.0,0.0
2024-04-10 10:30:00+08:00,81.0,81.30000305175781,80.80000305175781,80.80000305175781,154771,0.0,0.0
2024-04-10 10:35:00+08:00,80.80000305175781,81.19999694824219,80.80000305175781,81.19999694824219,89608,0.0,0.0
2024-04-10 10:40:00+08:00,81.0999984741211,81.4000015258789,81.0999984741211,81.19999694824219,24221,0.0,0.0
2024-04-10 10:45:00+08:00,81.30000305175781,81.5999984741211,81.30000305175781,81.4000015258789,62200,0.0,0.0
2024-04-10 10:50:00+08:00,81.4000015258789,81.4000015258789,81.19999694824219,81.4000015258789,36073,0.0,0.0
2024-04-10 10:55:00+08:00,81.4000015258789,81.5,81.19999694824219,81.19999694824219,34009,0.0,0.0
2024-04-10 11:00:00+08:00,81.19999694824219,81.30000305175781,81.19999694824219,81.30000305175781,8000,0.0,0.0
2024-04-10 11:05:00+08:00,81.30000305175781,81.30000305175781,80.80000305175781,80.80000305175781,78469,0.0,0.0
2024-04-10 11:10:00+08:00,80.80000305175781,81.0,80.69999694824219,81.0,78448,0.0,0.0
2024-04-10 11:15:00+08:00,81.0,81.0999984741211,81.0,81.0,23060,0.0,0.0
2024-04-10 11:20:00+08:00,81.0,81.0,80.9000015258789,80.9000015258789,16675,0.0,0.0
2024-04-10 11:25:00+08:00,80.9000015258789,80.9000015258789,80.80000305175781,80.9000015258789,10042,0.0,0.0
2024-04-10 11:30:00+08:00,80.80000305175781,80.80000305175781,80.69999694824219,80.80000305175781,32100,0.0,0.0
2024-04-10 11:35:00+08:00,80.69999694824219,80.69999694824219,80.5999984741211,80.5999984741211,54158,0.0,0.0
2024-04-10 11:40:00+08:00,80.69999694824219,80.80000305175781,80.69999694824219,80.80000305175781,18210,0.0,0.0
2024-04-10 11:45:00+08:00,80.80000305175781,80.80000305175781,80.5,80.5999984741211,54000,0.0,0.0
2024-04-10 11:50:00+08:00,80.5999984741211,80.9000015258789,80.5999984741211,80.9000015258789,49550,0.0,0.0
2024-04-10 11:55:00+08:00,80.9000015258789,80.9000015258789,80.80000305175781,80.9000015258789,13086,0.0,0.0
2024-04-10 12:00:00+08:00,80.9000015258789,80.9000015258789,80.5999984741211,80.9000015258789,46143,0.0,0.0
2024-04-10 12:05:00+08:00,80.69999694824219,80.80000305175781,80.69999694824219,80.69999694824219,11200,0.0,0.0
2024-04-10 12:10:00+08:00,80.80000305175781,80.9000015258789,80.69999694824219,80.80000305175781,10800,0.0,0.0
2024-04-10 12:15:00+08:00,80.80000305175781,80.80000305175781,80.80000305175781,80.80000305175781,9450,0.0,0.0
2024-04-10 12:20:00+08:00,80.69999694824219,80.80000305175781,80.69999694824219,80.80000305175781,36501,0.0,0.0
2024-04-10 12:25:00+08:00,80.80000305175781,80.80000305175781,80.69999694824219,80.69999694824219,17000,0.0,0.0
2024-04-10 12:30:00+08:00,80.69999694824219,80.80000305175781,80.69999694824219,80.80000305175781,53188,0.0,0.0
2024-04-10 12:35:00+08:00,80.69999694824219,80.80000305175781,80.5999984741211,80.69999694824219,23517,0.0,0.0
2024-04-10 12:40:00+08:00,80.69999694824219,80.69999694824219,80.5,80.5,83632,0.0,0.0
2024-04-10 12:45:00+08:00,80.5,80.5999984741211,80.5,80.5,48158,0.0,0.0
2024-04-10 12:50:00+08:00,80.5,80.5,80.0999984741211,80.0999984741211,191293,0.0,0.0
2024-04-10 12:55:00+08:00,80.0999984741211,80.19999694824219,80.0999984741211,80.19999694824219,62985,0.0,0.0
2024-04-10 13:00:00+08:00,80.19999694824219,80.4000015258789,80.19999694824219,80.30000305175781,48335,0.0,0.0
2024-04-10 13:05:00+08:00,80.30000305175781,80.30000305175781,80.0999984741211,80.19999694824219,63530,0.0,0.0
2024-04-10 13:10:00+08:00,80.0999984741211,80.30000305175781,80.0999984741211,80.0999984741211,85789,0.0,0.0
2024-04-10 13:15:00+08:00,80.0999984741211,80.0999984741211,79.69999694824219,79.80000305175781,354023,0.0,0.0
2024-04-10 13:20:00+08:00,79.80000305175781,80.19999694824219,79.69999694824219,80.0999984741211,167177,0.0,0.0
2024-04-11 09:00:00+08:00,79.69999694824219,79.69999694824219,78.0,78.19999694824219,0,0.0,0.0
2024-04-11 09:05:00+08:00,78.19999694824219,79.0,78.19999694824219,78.9000015258789,149640,0.0,0.0
2024-04-11 09:10:00+08:00,78.9000015258789,79.0,78.5,78.69999694824219,148934,0.0,0.0
2024-04-11 09:15:00+08:00,78.69999694824219,78.9000015258789,78.4000015258789,78.9000015258789,106816,0.0,0.0
2024-04-11 09:20:00+08:00,78.9000015258789,79.19999694824219,78.9000015258789,79.0,90270,0.0,0.0
2024-04-11 09:25:00+08:00,79.0,79.0,78.5,78.9000015258789,144377,0.0,0.0
2024-04-11 09:30:00+08:00,78.80000305175781,79.5,78.80000305175781,79.30000305175781,96275,0.0,0.0
2024-04-11 09:35:00+08:00,79.30000305175781,79.4000015258789,79.19999694824219,79.19999694824219,52420,0.0,0.0
2024-04-11 09:40:00+08:00,79.30000305175781,79.4000015258789,79.30000305175781,79.4000015258789,25586,0.0,0.0
2024-04-11 09:45:00+08:00,79.4000015258789,79.4000015258789,79.0999984741211,79.19999694824219,30112,0.0,0.0
2024-04-11 09:50:00+08:00,79.19999694824219,79.19999694824219,78.80000305175781,78.80000305175781,75293,0.0,0.0
2024-04-11 09:55:00+08:00,78.80000305175781,78.80000305175781,78.5999984741211,78.80000305175781,64105,0.0,0.0
2024-04-11 10:00:00+08:00,78.9000015258789,78.9000015258789,78.69999694824219,78.69999694824219,49188,0.0,0.0
2024-04-11 10:05:00+08:00,78.69999694824219,78.69999694824219,78.5999984741211,78.69999694824219,42029,0.0,0.0
2024-04-11 10:10:00+08:00,78.69999694824219,78.80000305175781,78.69999694824219,78.69999694824219,28100,0.0,0.0
2024-04-11 10:15:00+08:00,78.80000305175781,79.0,78.5999984741211,78.5999984741211,108226,0.0,0.0
2024-04-11 10:20:00+08:00,78.5999984741211,78.80000305175781,78.5999984741211,78.69999694824219,19089,0.0,0.0
2024-04-11 10:25:00+08:00,78.69999694824219,78.9000015258789,78.69999694824219,78.80000305175781,13085,0.0,0.0
2024-04-11 10:30:00+08:00,78.80000305175781,78.80000305175781,78.80000305175781,78.80000305175781,3050,0.0,0.0
2024-04-11 10:35:00+08:00,78.80000305175781,78.80000305175781,78.69999694824219,78.69999694824219,25000,0.0,0.0
2024-04-11 10:40:00+08:00,78.80000305175781,78.80000305175781,78.80000305175781,78.80000305175781,6256,0.0,0.0
2024-04-11 10:45:00+08:00,78.69999694824219,78.69999694824219,78.5999984741211,78.5999984741211,16132,0.0,0.0
2024-04-11 10:50:00+08:00,78.5999984741211,78.69999694824219,78.5999984741211,78.69999694824219,19204,0.0,0.0
2024-04-11 10:55:00+08:00,78.69999694824219,78.9000015258789,78.69999694824219,78.80000305175781,33400,0.0,0.0
2024-04-11 11:00:00+08:00,78.9000015258789,78.9000015258789,78.80000305175781,78.80000305175781,14250,0.0,0.0
2024-04-11 11:05:00+08:00,78.69999694824219,78.80000305175781,78.5999984741211,78.5999984741211,33000,0.0,0.0
2024-04-11 11:10:00+08:00,78.69999694824219,78.69999694824219,78.5999984741211,78.5999984741211,5050,0.0,0.0
2024-04-11 11:15:00+08:00,78.69999694824219,78.80000305175781,78.5999984741211,78.80000305175781,9000,0.0,0.0
2024-04-11 11:20:00+08:00,78.80000305175781,78.9000015258789,78.80000305175781,78.9000015258789,5100,0.0,0.0
2024-04-11 11:25:00+08:00,78.9000015258789,78.9000015258789,78.80000305175781,78.80000305175781,7018,0.0,0.0
2024-04-11 11:30:00+08:00,78.80000305175781,78.9000015258789,78.80000305175781,78.9000015258789,6001,0.0,0.0
2024-04-11 11:35:00+08:00,78.9000015258789,78.9000015258789,78.80000305175781,78.9000015258789,8037,0.0,0.0
2024-04-11 11:40:00+08:00,78.9000015258789,79.0,78.69999694824219,78.69999694824219,63297,0.0,0.0
2024-04-11 11:45:00+08:00,78.69999694824219,78.80000305175781,78.69999694824219,78.80000305175781,11087,0.0,0.0
2024-04-11 11:50:00+08:00,78.69999694824219,78.69999694824219,78.5,78.5,47465,0.0,0.0
2024-04-11 11:55:00+08:00,78.5,78.5999984741211,78.4000015258789,78.5999984741211,154315,0.0,0.0
2024-04-11 12:00:00+08:00,78.5999984741211,78.5999984741211,78.4000015258789,78.5,42130,0.0,0.0
2024-04-11 12:05:00+08:00,78.5999984741211,78.5999984741211,78.4000015258789,78.5,18440,0.0,0.0
2024-04-11 12:10:00+08:00,78.5,78.5,78.4000015258789,78.4000015258789,10000,0.0,0.0
2024-04-11 12:15:00+08:00,78.4000015258789,78.4000015258789,78.19999694824219,78.19999694824219,66821,0.0,0.0
2024-04-11 12:20:00+08:00,78.19999694824219,78.30000305175781,78.19999694824219,78.30000305175781,16042,0.0,0.0
2024-04-11 12:25:00+08:00,78.30000305175781,78.4000015258789,78.30000305175781,78.4000015258789,15892,0.0,0.0
2024-04-11 12:30:00+08:00,78.4000015258789,78.5,78.4000015258789,78.5,14166,0.0,0.0
2024-04-11 12:35:00+08:00,78.5,78.5,78.5,78.5,2200,0.0,0.0
2024-04-11 12:40:00+08:00,78.5,78.5,78.5,78.5,7286,0.0,0.0
2024-04-11 12:45:00+08:00,78.5,78.5,78.5,78.5,13000,0.0,0.0
2024-04-11 12:50:00+08:00,78.5,78.5,78.4000015258789,78.4000015258789,17040,0.0,0.0
2024-04-11 12:55:00+08:00,78.5,78.5,78.19999694824219,78.19999694824219,101418,0.0,0.0
2024-04-11 13:00:00+08:00,78.30000305175781,78.4000015258789,78.19999694824219,78.4000015258789,28343,0.0,0.0
2024-04-11 13:05:00+08:00,78.30000305175781,78.30000305175781,78.0,78.0999984741211,161290,0.0,0.0
2024-04-11 13:10:00+08:00,78.0999984741211,78.19999694824219,78.0,78.19999694824219,34426,0.0,0.0
2024-04-11 13:15:00+08:00,78.0999984741211,78.19999694824219,78.0,78.0999984741211,64494,0.0,0.0
2024-04-11 13:20:00+08:00,78.0999984741211,78.5,78.0,78.30000305175781,165228,0.0,0.0
2024-04-11 09:00:00+08:00,79.69999694824219,79.69999694824219,78.0,78.19999694824219,0,0.0,0.0
2024-04-11 09:05:00+08:00,78.19999694824219,79.0,78.19999694824219,78.9000015258789,149640,0.0,0.0
2024-04-11 09:10:00+08:00,78.9000015258789,79.0,78.5,78.69999694824219,148934,0.0,0.0
2024-04-11 09:15:00+08:00,78.69999694824219,78.9000015258789,78.4000015258789,78.9000015258789,106816,0.0,0.0
2024-04-11 09:20:00+08:00,78.9000015258789,79.19999694824219,78.9000015258789,79.0,90270,0.0,0.0
2024-04-11 09:25:00+08:00,79.0,79.0,78.5,78.9000015258789,144377,0.0,0.0
2024-04-11 09:30:00+08:00,78.80000305175781,79.5,78.80000305175781,79.30000305175781,96275,0.0,0.0
2024-04-11 09:35:00+08:00,79.30000305175781,79.4000015258789,79.19999694824219,79.19999694824219,52420,0.0,0.0
2024-04-11 09:40:00+08:00,79.30000305175781,79.4000015258789,79.30000305175781,79.4000015258789,25586,0.0,0.0
2024-04-11 09:45:00+08:00,79.4000015258789,79.4000015258789,79.0999984741211,79.19999694824219,30112,0.0,0.0
2024-04-11 09:50:00+08:00,79.19999694824219,79.19999694824219,78.80000305175781,78.80000305175781,75293,0.0,0.0
2024-04-11 09:55:00+08:00,78.80000305175781,78.80000305175781,78.5999984741211,78.80000305175781,64105,0.0,0.0
2024-04-11 10:00:00+08:00,78.9000015258789,78.9000015258789,78.69999694824219,78.69999694824219,49188,0.0,0.0
2024-04-11 10:05:00+08:00,78.69999694824219,78.69999694824219,78.5999984741211,78.69999694824219,42029,0.0,0.0
2024-04-11 10:10:00+08:00,78.69999694824219,78.80000305175781,78.69999694824219,78.69999694824219,28100,0.0,0.0
2024-04-11 10:15:00+08:00,78.80000305175781,79.0,78.5999984741211,78.5999984741211,108226,0.0,0.0
2024-04-11 10:20:00+08:00,78.5999984741211,78.80000305175781,78.5999984741211,78.69999694824219,19089,0.0,0.0
2024-04-11 10:25:00+08:00,78.69999694824219,78.9000015258789,78.69999694824219,78.80000305175781,13085,0.0,0.0
2024-04-11 10:30:00+08:00,78.80000305175781,78.80000305175781,78.80000305175781,78.80000305175781,3050,0.0,0.0
2024-04-11 10:35:00+08:00,78.80000305175781,78.80000305175781,78.69999694824219,78.69999694824219,25000,0.0,0.0
2024-04-11 10:40:00+08:00,78.80000305175781,78.80000305175781,78.80000305175781,78.80000305175781,6256,0.0,0.0
2024-04-11 10:45:00+08:00,78.69999694824219,78.69999694824219,78.5999984741211,78.5999984741211,16132,0.0,0.0
2024-04-11 10:50:00+08:00,78.5999984741211,78.69999694824219,78.5999984741211,78.69999694824219,19204,0.0,0.0
2024-04-11 10:55:00+08:00,78.69999694824219,78.9000015258789,78.69999694824219,78.80000305175781,33400,0.0,0.0
2024-04-11 11:00:00+08:00,78.9000015258789,78.9000015258789,78.80000305175781,78.80000305175781,14250,0.0,0.0
2024-04-11 11:05:00+08:00,78.69999694824219,78.80000305175781,78.5999984741211,78.5999984741211,33000,0.0,0.0
2024-04-11 11:10:00+08:00,78.69999694824219,78.69999694824219,78.5999984741211,78.5999984741211,5050,0.0,0.0
2024-04-11 11:15:00+08:00,78.69999694824219,78.80000305175781,78.5999984741211,78.80000305175781,9000,0.0,0.0
2024-04-11 11:20:00+08:00,78.80000305175781,78.9000015258789,78.80000305175781,78.9000015258789,5100,0.0,0.0
2024-04-11 11:25:00+08:00,78.9000015258789,78.9000015258789,78.80000305175781,78.80000305175781,7018,0.0,0.0
2024-04-11 11:30:00+08:00,78.80000305175781,78.9000015258789,78.80000305175781,78.9000015258789,6001,0.0,0.0
2024-04-11 11:35:00+08:00,78.9000015258789,78.9000015258789,78.80000305175781,78.9000015258789,8037,0.0,0.0
2024-04-11 11:40:00+08:00,78.9000015258789,79.0,78.69999694824219,78.69999694824219,63297,0.0,0.0
2024-04-11 11:45:00+08:00,78.69999694824219,78.80000305175781,78.69999694824219,78.80000305175781,11087,0.0,0.0
2024-04-11 11:50:00+08:00,78.69999694824219,78.69999694824219,78.5,78.5,47465,0.0,0.0
2024-04-11 11:55:00+08:00,78.5,78.5999984741211,78.4000015258789,78.5999984741211,154315,0.0,0.0
2024-04-11 12:00:00+08:00,78.5999984741211,78.5999984741211,78.4000015258789,78.5,42130,0.0,0.0
2024-04-11 12:05:00+08:00,78.5999984741211,78.5999984741211,78.4000015258789,78.5,18440,0.0,0.0
2024-04-11 12:10:00+08:00,78.5,78.5,78.4000015258789,78.4000015258789,10000,0.0,0.0
2024-04-11 12:15:00+08:00,78.4000015258789,78.4000015258789,78.19999694824219,78.19999694824219,66821,0.0,0.0
2024-04-11 12:20:00+08:00,78.19999694824219,78.30000305175781,78.19999694824219,78.30000305175781,16042,0.0,0.0
2024-04-11 12:25:00+08:00,78.30000305175781,78.4000015258789,78.30000305175781,78.4000015258789,15892,0.0,0.0
2024-04-11 12:30:00+08:00,78.4000015258789,78.5,78.4000015258789,78.5,14166,0.0,0.0
2024-04-11 12:35:00+08:00,78.5,78.5,78.5,78.5,2200,0.0,0.0
2024-04-11 12:40:00+08:00,78.5,78.5,78.5,78.5,7286,0.0,0.0
2024-04-11 12:45:00+08:00,78.5,78.5,78.5,78.5,13000,0.0,0.0
2024-04-11 12:50:00+08:00,78.5,78.5,78.4000015258789,78.4000015258789,17040,0.0,0.0
2024-04-11 12:55:00+08:00,78.5,78.5,78.19999694824219,78.19999694824219,101418,0.0,0.0
2024-04-11 13:00:00+08:00,78.30000305175781,78.4000015258789,78.19999694824219,78.4000015258789,28343,0.0,0.0
2024-04-11 13:05:00+08:00,78.30000305175781,78.30000305175781,78.0,78.0999984741211,161290,0.0,0.0
2024-04-11 13:10:00+08:00,78.0999984741211,78.19999694824219,78.0,78.19999694824219,34426,0.0,0.0
2024-04-11 13:15:00+08:00,78.0999984741211,78.19999694824219,78.0,78.0999984741211,64494,0.0,0.0
2024-04-11 13:20:00+08:00,78.0999984741211,78.5,78.0,78.30000305175781,165228,0.0,0.0
2024-04-12 09:00:00+08:00,79.19999694824219,79.19999694824219,78.5,79.0,119000,0.0,0.0
2024-04-12 09:05:00+08:00,78.9000015258789,79.4000015258789,78.80000305175781,79.30000305175781,75000,0.0,0.0
2024-04-12 09:10:00+08:00,79.30000305175781,79.4000015258789,79.19999694824219,79.30000305175781,30659,0.0,0.0
2024-04-12 09:15:00+08:00,79.19999694824219,79.19999694824219,78.80000305175781,78.80000305175781,90384,0.0,0.0
2024-04-12 09:20:00+08:00,78.69999694824219,78.80000305175781,78.4000015258789,78.80000305175781,90597,0.0,0.0
2024-04-12 09:25:00+08:00,78.9000015258789,78.9000015258789,78.5,78.80000305175781,28210,0.0,0.0
2024-04-12 09:30:00+08:00,78.69999694824219,78.80000305175781,78.5,78.80000305175781,47500,0.0,0.0
2024-04-12 09:35:00+08:00,78.5999984741211,78.5999984741211,78.4000015258789,78.4000015258789,24863,0.0,0.0
2024-04-12 09:40:00+08:00,78.4000015258789,78.5,78.4000015258789,78.4000015258789,13307,0.0,0.0
2024-04-12 09:45:00+08:00,78.4000015258789,78.5999984741211,78.30000305175781,78.4000015258789,35158,0.0,0.0
2024-04-12 09:50:00+08:00,78.30000305175781,78.30000305175781,78.19999694824219,78.30000305175781,36017,0.0,0.0
2024-04-12 09:55:00+08:00,78.30000305175781,78.4000015258789,78.30000305175781,78.30000305175781,31300,0.0,0.0
2024-04-12 10:00:00+08:00,78.30000305175781,78.30000305175781,78.30000305175781,78.30000305175781,15200,0.0,0.0
2024-04-12 10:05:00+08:00,78.30000305175781,78.30000305175781,78.19999694824219,78.19999694824219,30250,0.0,0.0
2024-04-12 10:10:00+08:00,78.19999694824219,78.30000305175781,78.19999694824219,78.30000305175781,12000,0.0,0.0
2024-04-12 10:15:00+08:00,78.30000305175781,78.5,77.69999694824219,78.30000305175781,200001,0.0,0.0
2024-04-12 10:20:00+08:00,78.4000015258789,78.4000015258789,78.19999694824219,78.4000015258789,14366,0.0,0.0
2024-04-12 10:25:00+08:00,78.4000015258789,78.4000015258789,78.19999694824219,78.19999694824219,9134,0.0,0.0
2024-04-12 10:30:00+08:00,78.19999694824219,78.19999694824219,78.19999694824219,78.19999694824219,3600,0.0,0.0
2024-04-12 10:35:00+08:00,78.0999984741211,78.0999984741211,78.0999984741211,78.0999984741211,25303,0.0,0.0
2024-04-12 10:40:00+08:00,78.0999984741211,78.4000015258789,78.0999984741211,78.4000015258789,67088,0.0,0.0
2024-04-12 10:45:00+08:00,78.4000015258789,79.19999694824219,78.4000015258789,79.0999984741211,149358,0.0,0.0
2024-04-12 10:50:00+08:00,79.0,79.80000305175781,79.0,79.80000305175781,196644,0.0,0.0
2024-04-12 10:55:00+08:00,79.80000305175781,80.0,79.5999984741211,79.5999984741211,111595,0.0,0.0
2024-04-12 11:00:00+08:00,79.5999984741211,80.0999984741211,79.5,80.0999984741211,173309,0.0,0.0
2024-04-12 11:05:00+08:00,80.19999694824219,80.19999694824219,79.80000305175781,79.80000305175781,46547,0.0,0.0
2024-04-12 11:10:00+08:00,79.80000305175781,80.0,79.80000305175781,80.0,14020,0.0,0.0
2024-04-12 11:15:00+08:00,79.9000015258789,79.9000015258789,79.69999694824219,79.69999694824219,37133,0.0,0.0
2024-04-12 11:20:00+08:00,79.80000305175781,79.80000305175781,79.80000305175781,79.80000305175781,3018,0.0,0.0
2024-04-12 11:25:00+08:00,79.69999694824219,79.80000305175781,79.69999694824219,79.69999694824219,13334,0.0,0.0
2024-04-12 11:30:00+08:00,79.69999694824219,79.69999694824219,79.5999984741211,79.5999984741211,38348,0.0,0.0
2024-04-12 11:35:00+08:00,79.5999984741211,79.5999984741211,79.4000015258789,79.4000015258789,43000,0.0,0.0
2024-04-12 11:40:00+08:00,79.4000015258789,79.4000015258789,79.30000305175781,79.4000015258789,22548,0.0,0.0
2024-04-12 11:45:00+08:00,79.4000015258789,79.4000015258789,79.30000305175781,79.30000305175781,6214,0.0,0.0
2024-04-12 11:50:00+08:00,79.30000305175781,79.5,79.30000305175781,79.5,29058,0.0,0.0
2024-04-12 11:55:00+08:00,79.5999984741211,79.69999694824219,79.5999984741211,79.69999694824219,16200,0.0,0.0
2024-04-12 12:00:00+08:00,79.5999984741211,79.5999984741211,79.5999984741211,79.5999984741211,14000,0.0,0.0
2024-04-12 12:05:00+08:00,79.5,79.69999694824219,79.4000015258789,79.69999694824219,47015,0.0,0.0
2024-04-12 12:10:00+08:00,79.5,79.5,79.0999984741211,79.4000015258789,54100,0.0,0.0
2024-04-12 12:15:00+08:00,79.5,79.5,79.5,79.5,14250,0.0,0.0
2024-04-12 12:20:00+08:00,79.5,79.5999984741211,79.5,79.5999984741211,47000,0.0,0.0
2024-04-12 12:25:00+08:00,79.69999694824219,79.69999694824219,79.5999984741211,79.5999984741211,13200,0.0,0.0
2024-04-12 12:30:00+08:00,79.5,79.5,79.5,79.5,10855,0.0,0.0
2024-04-12 12:35:00+08:00,79.5,79.5,79.4000015258789,79.4000015258789,22260,0.0,0.0
2024-04-12 12:40:00+08:00,79.4000015258789,79.4000015258789,79.0999984741211,79.30000305175781,33397,0.0,0.0
2024-04-12 12:45:00+08:00,79.30000305175781,79.30000305175781,79.30000305175781,79.30000305175781,17075,0.0,0.0
2024-04-12 12:50:00+08:00,79.30000305175781,79.30000305175781,79.30000305175781,79.30000305175781,5926,0.0,0.0
2024-04-12 12:55:00+08:00,79.30000305175781,79.30000305175781,79.0999984741211,79.0999984741211,31784,0.0,0.0
2024-04-12 13:00:00+08:00,79.19999694824219,79.19999694824219,79.0,79.0999984741211,66676,0.0,0.0
2024-04-12 13:05:00+08:00,79.0999984741211,79.0999984741211,79.0999984741211,79.0999984741211,34000,0.0,0.0
2024-04-12 13:10:00+08:00,79.0999984741211,79.0999984741211,79.0999984741211,79.0999984741211,14100,0.0,0.0
2024-04-12 13:15:00+08:00,79.0999984741211,79.0999984741211,78.9000015258789,78.9000015258789,110300,0.0,0.0
2024-04-12 13:20:00+08:00,78.9000015258789,79.0999984741211,78.9000015258789,79.0,68693,0.0,0.0
2024-04-12 09:00:00+08:00,79.19999694824219,79.19999694824219,78.5,79.0,0,0.0,0.0
2024-04-12 09:05:00+08:00,78.9000015258789,79.4000015258789,78.80000305175781,79.30000305175781,75000,0.0,0.0
2024-04-12 09:10:00+08:00,79.30000305175781,79.4000015258789,79.19999694824219,79.30000305175781,30659,0.0,0.0
2024-04-12 09:15:00+08:00,79.19999694824219,79.19999694824219,78.80000305175781,78.80000305175781,90384,0.0,0.0
2024-04-12 09:20:00+08:00,78.69999694824219,78.80000305175781,78.4000015258789,78.80000305175781,90597,0.0,0.0
2024-04-12 09:25:00+08:00,78.9000015258789,78.9000015258789,78.5,78.80000305175781,28210,0.0,0.0
2024-04-12 09:30:00+08:00,78.69999694824219,78.80000305175781,78.5,78.80000305175781,47500,0.0,0.0
2024-04-12 09:35:00+08:00,78.5999984741211,78.5999984741211,78.4000015258789,78.4000015258789,24863,0.0,0.0
2024-04-12 09:40:00+08:00,78.4000015258789,78.5,78.4000015258789,78.4000015258789,13307,0.0,0.0
2024-04-12 09:45:00+08:00,78.4000015258789,78.5999984741211,78.30000305175781,78.4000015258789,35158,0.0,0.0
2024-04-12 09:50:00+08:00,78.30000305175781,78.30000305175781,78.19999694824219,78.30000305175781,36017,0.0,0.0
2024-04-12 09:55:00+08:00,78.30000305175781,78.4000015258789,78.30000305175781,78.30000305175781,31300,0.0,0.0
2024-04-12 10:00:00+08:00,78.30000305175781,78.30000305175781,78.30000305175781,78.30000305175781,15200,0.0,0.0
2024-04-12 10:05:00+08:00,78.30000305175781,78.30000305175781,78.19999694824219,78.19999694824219,30250,0.0,0.0
2024-04-12 10:10:00+08:00,78.19999694824219,78.30000305175781,78.19999694824219,78.30000305175781,12000,0.0,0.0
2024-04-12 10:15:00+08:00,78.30000305175781,78.5,77.69999694824219,78.30000305175781,200001,0.0,0.0
2024-04-12 10:20:00+08:00,78.4000015258789,78.4000015258789,78.19999694824219,78.4000015258789,14366,0.0,0.0
2024-04-12 10:25:00+08:00,78.4000015258789,78.4000015258789,78.19999694824219,78.19999694824219,9134,0.0,0.0
2024-04-12 10:30:00+08:00,78.19999694824219,78.19999694824219,78.19999694824219,78.19999694824219,3600,0.0,0.0
2024-04-12 10:35:00+08:00,78.0999984741211,78.0999984741211,78.0999984741211,78.0999984741211,25303,0.0,0.0
2024-04-12 10:40:00+08:00,78.0999984741211,78.4000015258789,78.0999984741211,78.4000015258789,67088,0.0,0.0
2024-04-12 10:45:00+08:00,78.4000015258789,79.19999694824219,78.4000015258789,79.0999984741211,149358,0.0,0.0
2024-04-12 10:50:00+08:00,79.0,79.80000305175781,79.0,79.80000305175781,196644,0.0,0.0
2024-04-12 10:55:00+08:00,79.80000305175781,80.0,79.5999984741211,79.5999984741211,111595,0.0,0.0
2024-04-12 11:00:00+08:00,79.5999984741211,80.0999984741211,79.5,80.0999984741211,173309,0.0,0.0
2024-04-12 11:05:00+08:00,80.19999694824219,80.19999694824219,79.80000305175781,79.80000305175781,46547,0.0,0.0
2024-04-12 11:10:00+08:00,79.80000305175781,80.0,79.80000305175781,80.0,14020,0.0,0.0
2024-04-12 11:15:00+08:00,79.9000015258789,79.9000015258789,79.69999694824219,79.69999694824219,37133,0.0,0.0
2024-04-12 11:20:00+08:00,79.80000305175781,79.80000305175781,79.80000305175781,79.80000305175781,3018,0.0,0.0
2024-04-12 11:25:00+08:00,79.69999694824219,79.80000305175781,79.69999694824219,79.69999694824219,13334,0.0,0.0
2024-04-12 11:30:00+08:00,79.69999694824219,79.69999694824219,79.5999984741211,79.5999984741211,38348,0.0,0.0
2024-04-12 11:35:00+08:00,79.5999984741211,79.5999984741211,79.4000015258789,79.4000015258789,43000,0.0,0.0
2024-04-12 11:40:00+08:00,79.4000015258789,79.4000015258789,79.30000305175781,79.4000015258789,22548,0.0,0.0
2024-04-12 11:45:00+08:00,79.4000015258789,79.4000015258789,79.30000305175781,79.30000305175781,6214,0.0,0.0
2024-04-12 11:50:00+08:00,79.30000305175781,79.5,79.30000305175781,79.5,29058,0.0,0.0
2024-04-12 11:55:00+08:00,79.5999984741211,79.69999694824219,79.5999984741211,79.69999694824219,16200,0.0,0.0
2024-04-12 12:00:00+08:00,79.5999984741211,79.5999984741211,79.5999984741211,79.5999984741211,14000,0.0,0.0
2024-04-12 12:05:00+08:00,79.5,79.69999694824219,79.4000015258789,79.69999694824219,47015,0.0,0.0
2024-04-12 12:10:00+08:00,79.5,79.5,79.0999984741211,79.4000015258789,54100,0.0,0.0
2024-04-12 12:15:00+08:00,79.5,79.5,79.5,79.5,14250,0.0,0.0
2024-04-12 12:20:00+08:00,79.5,79.5999984741211,79.5,79.5999984741211,47000,0.0,0.0
2024-04-12 12:25:00+08:00,79.69999694824219,79.69999694824219,79.5999984741211,79.5999984741211,13200,0.0,0.0
2024-04-12 12:30:00+08:00,79.5,79.5,79.5,79.5,10855,0.0,0.0
2024-04-12 12:35:00+08:00,79.5,79.5,79.4000015258789,79.4000015258789,22260,0.0,0.0
2024-04-12 12:40:00+08:00,79.4000015258789,79.4000015258789,79.0999984741211,79.30000305175781,33397,0.0,0.0
2024-04-12 12:45:00+08:00,79.30000305175781,79.30000305175781,79.30000305175781,79.30000305175781,17075,0.0,0.0
2024-04-12 12:50:00+08:00,79.30000305175781,79.30000305175781,79.30000305175781,79.30000305175781,5926,0.0,0.0
2024-04-12 12:55:00+08:00,79.30000305175781,79.30000305175781,79.0999984741211,79.0999984741211,31784,0.0,0.0
2024-04-12 13:00:00+08:00,79.19999694824219,79.19999694824219,79.0,79.0999984741211,66676,0.0,0.0
2024-04-12 13:05:00+08:00,79.0999984741211,79.0999984741211,79.0999984741211,79.0999984741211,34000,0.0,0.0
2024-04-12 13:10:00+08:00,79.0999984741211,79.0999984741211,79.0999984741211,79.0999984741211,14100,0.0,0.0
2024-04-12 13:15:00+08:00,79.0999984741211,79.0999984741211,78.9000015258789,78.9000015258789,110300,0.0,0.0
2024-04-12 13:20:00+08:00,78.9000015258789,79.0999984741211,78.9000015258789,79.0,68693,0.0,0.0
2024-04-12 09:00:00+08:00,79.19999694824219,79.19999694824219,78.5,79.0,0,0.0,0.0
2024-04-12 09:05:00+08:00,78.9000015258789,79.4000015258789,78.80000305175781,79.30000305175781,75000,0.0,0.0
2024-04-12 09:10:00+08:00,79.30000305175781,79.4000015258789,79.19999694824219,79.30000305175781,30659,0.0,0.0
2024-04-12 09:15:00+08:00,79.19999694824219,79.19999694824219,78.80000305175781,78.80000305175781,90384,0.0,0.0
2024-04-12 09:20:00+08:00,78.69999694824219,78.80000305175781,78.4000015258789,78.80000305175781,90597,0.0,0.0
2024-04-12 09:25:00+08:00,78.9000015258789,78.9000015258789,78.5,78.80000305175781,28210,0.0,0.0
2024-04-12 09:30:00+08:00,78.69999694824219,78.80000305175781,78.5,78.80000305175781,47500,0.0,0.0
2024-04-12 09:35:00+08:00,78.5999984741211,78.5999984741211,78.4000015258789,78.4000015258789,24863,0.0,0.0
2024-04-12 09:40:00+08:00,78.4000015258789,78.5,78.4000015258789,78.4000015258789,13307,0.0,0.0
2024-04-12 09:45:00+08:00,78.4000015258789,78.5999984741211,78.30000305175781,78.4000015258789,35158,0.0,0.0
2024-04-12 09:50:00+08:00,78.30000305175781,78.30000305175781,78.19999694824219,78.30000305175781,36017,0.0,0.0
2024-04-12 09:55:00+08:00,78.30000305175781,78.4000015258789,78.30000305175781,78.30000305175781,31300,0.0,0.0
2024-04-12 10:00:00+08:00,78.30000305175781,78.30000305175781,78.30000305175781,78.30000305175781,15200,0.0,0.0
2024-04-12 10:05:00+08:00,78.30000305175781,78.30000305175781,78.19999694824219,78.19999694824219,30250,0.0,0.0
2024-04-12 10:10:00+08:00,78.19999694824219,78.30000305175781,78.19999694824219,78.30000305175781,12000,0.0,0.0
2024-04-12 10:15:00+08:00,78.30000305175781,78.5,77.69999694824219,78.30000305175781,200001,0.0,0.0
2024-04-12 10:20:00+08:00,78.4000015258789,78.4000015258789,78.19999694824219,78.4000015258789,14366,0.0,0.0
2024-04-12 10:25:00+08:00,78.4000015258789,78.4000015258789,78.19999694824219,78.19999694824219,9134,0.0,0.0
2024-04-12 10:30:00+08:00,78.19999694824219,78.19999694824219,78.19999694824219,78.19999694824219,3600,0.0,0.0
2024-04-12 10:35:00+08:00,78.0999984741211,78.0999984741211,78.0999984741211,78.0999984741211,25303,0.0,0.0
2024-04-12 10:40:00+08:00,78.0999984741211,78.4000015258789,78.0999984741211,78.4000015258789,67088,0.0,0.0
2024-04-12 10:45:00+08:00,78.4000015258789,79.19999694824219,78.4000015258789,79.0999984741211,149358,0.0,0.0
2024-04-12 10:50:00+08:00,79.0,79.80000305175781,79.0,79.80000305175781,196644,0.0,0.0
2024-04-12 10:55:00+08:00,79.80000305175781,80.0,79.5999984741211,79.5999984741211,111595,0.0,0.0
2024-04-12 11:00:00+08:00,79.5999984741211,80.0999984741211,79.5,80.0999984741211,173309,0.0,0.0
2024-04-12 11:05:00+08:00,80.19999694824219,80.19999694824219,79.80000305175781,79.80000305175781,46547,0.0,0.0
2024-04-12 11:10:00+08:00,79.80000305175781,80.0,79.80000305175781,80.0,14020,0.0,0.0
2024-04-12 11:15:00+08:00,79.9000015258789,79.9000015258789,79.69999694824219,79.69999694824219,37133,0.0,0.0
2024-04-12 11:20:00+08:00,79.80000305175781,79.80000305175781,79.80000305175781,79.80000305175781,3018,0.0,0.0
2024-04-12 11:25:00+08:00,79.69999694824219,79.80000305175781,79.69999694824219,79.69999694824219,13334,0.0,0.0
2024-04-12 11:30:00+08:00,79.69999694824219,79.69999694824219,79.5999984741211,79.5999984741211,38348,0.0,0.0
2024-04-12 11:35:00+08:00,79.5999984741211,79.5999984741211,79.4000015258789,79.4000015258789,43000,0.0,0.0
2024-04-12 11:40:00+08:00,79.4000015258789,79.4000015258789,79.30000305175781,79.4000015258789,22548,0.0,0.0
2024-04-12 11:45:00+08:00,79.4000015258789,79.4000015258789,79.30000305175781,79.30000305175781,6214,0.0,0.0
2024-04-12 11:50:00+08:00,79.30000305175781,79.5,79.30000305175781,79.5,29058,0.0,0.0
2024-04-12 11:55:00+08:00,79.5999984741211,79.69999694824219,79.5999984741211,79.69999694824219,16200,0.0,0.0
2024-04-12 12:00:00+08:00,79.5999984741211,79.5999984741211,79.5999984741211,79.5999984741211,14000,0.0,0.0
2024-04-12 12:05:00+08:00,79.5,79.69999694824219,79.4000015258789,79.69999694824219,47015,0.0,0.0
2024-04-12 12:10:00+08:00,79.5,79.5,79.0999984741211,79.4000015258789,54100,0.0,0.0
2024-04-12 12:15:00+08:00,79.5,79.5,79.5,79.5,14250,0.0,0.0
2024-04-12 12:20:00+08:00,79.5,79.5999984741211,79.5,79.5999984741211,47000,0.0,0.0
2024-04-12 12:25:00+08:00,79.69999694824219,79.69999694824219,79.5999984741211,79.5999984741211,13200,0.0,0.0
2024-04-12 12:30:00+08:00,79.5,79.5,79.5,79.5,10855,0.0,0.0
2024-04-12 12:35:00+08:00,79.5,79.5,79.4000015258789,79.4000015258789,22260,0.0,0.0
2024-04-12 12:40:00+08:00,79.4000015258789,79.4000015258789,79.0999984741211,79.30000305175781,33397,0.0,0.0
2024-04-12 12:45:00+08:00,79.30000305175781,79.30000305175781,79.30000305175781,79.30000305175781,17075,0.0,0.0
2024-04-12 12:50:00+08:00,79.30000305175781,79.30000305175781,79.30000305175781,79.30000305175781,5926,0.0,0.0
2024-04-12 12:55:00+08:00,79.30000305175781,79.30000305175781,79.0999984741211,79.0999984741211,31784,0.0,0.0
2024-04-12 13:00:00+08:00,79.19999694824219,79.19999694824219,79.0,79.0999984741211,66676,0.0,0.0
2024-04-12 13:05:00+08:00,79.0999984741211,79.0999984741211,79.0999984741211,79.0999984741211,34000,0.0,0.0
2024-04-12 13:10:00+08:00,79.0999984741211,79.0999984741211,79.0999984741211,79.0999984741211,14100,0.0,0.0
2024-04-12 13:15:00+08:00,79.0999984741211,79.0999984741211,78.9000015258789,78.9000015258789,110300,0.0,0.0
2024-04-12 13:20:00+08:00,78.9000015258789,79.0999984741211,78.9000015258789,79.0,68693,0.0,0.0
2024-04-12 09:00:00+08:00,79.19999694824219,79.19999694824219,78.5,79.0,0,0.0,0.0
2024-04-12 09:05:00+08:00,78.9000015258789,79.4000015258789,78.80000305175781,79.30000305175781,75000,0.0,0.0
2024-04-12 09:10:00+08:00,79.30000305175781,79.4000015258789,79.19999694824219,79.30000305175781,30659,0.0,0.0
2024-04-12 09:15:00+08:00,79.19999694824219,79.19999694824219,78.80000305175781,78.80000305175781,90384,0.0,0.0
2024-04-12 09:20:00+08:00,78.69999694824219,78.80000305175781,78.4000015258789,78.80000305175781,90597,0.0,0.0
2024-04-12 09:25:00+08:00,78.9000015258789,78.9000015258789,78.5,78.80000305175781,28210,0.0,0.0
2024-04-12 09:30:00+08:00,78.69999694824219,78.80000305175781,78.5,78.80000305175781,47500,0.0,0.0
2024-04-12 09:35:00+08:00,78.5999984741211,78.5999984741211,78.4000015258789,78.4000015258789,24863,0.0,0.0
2024-04-12 09:40:00+08:00,78.4000015258789,78.5,78.4000015258789,78.4000015258789,13307,0.0,0.0
2024-04-12 09:45:00+08:00,78.4000015258789,78.5999984741211,78.30000305175781,78.4000015258789,35158,0.0,0.0
2024-04-12 09:50:00+08:00,78.30000305175781,78.30000305175781,78.19999694824219,78.30000305175781,36017,0.0,0.0
2024-04-12 09:55:00+08:00,78.30000305175781,78.4000015258789,78.30000305175781,78.30000305175781,31300,0.0,0.0
2024-04-12 10:00:00+08:00,78.30000305175781,78.30000305175781,78.30000305175781,78.30000305175781,15200,0.0,0.0
2024-04-12 10:05:00+08:00,78.30000305175781,78.30000305175781,78.19999694824219,78.19999694824219,30250,0.0,0.0
2024-04-12 10:10:00+08:00,78.19999694824219,78.30000305175781,78.19999694824219,78.30000305175781,12000,0.0,0.0
2024-04-12 10:15:00+08:00,78.30000305175781,78.5,77.69999694824219,78.30000305175781,200001,0.0,0.0
2024-04-12 10:20:00+08:00,78.4000015258789,78.4000015258789,78.19999694824219,78.4000015258789,14366,0.0,0.0
2024-04-12 10:25:00+08:00,78.4000015258789,78.4000015258789,78.19999694824219,78.19999694824219,9134,0.0,0.0
2024-04-12 10:30:00+08:00,78.19999694824219,78.19999694824219,78.19999694824219,78.19999694824219,3600,0.0,0.0
2024-04-12 10:35:00+08:00,78.0999984741211,78.0999984741211,78.0999984741211,78.0999984741211,25303,0.0,0.0
2024-04-12 10:40:00+08:00,78.0999984741211,78.4000015258789,78.0999984741211,78.4000015258789,67088,0.0,0.0
2024-04-12 10:45:00+08:00,78.4000015258789,79.19999694824219,78.4000015258789,79.0999984741211,149358,0.0,0.0
2024-04-12 10:50:00+08:00,79.0,79.80000305175781,79.0,79.80000305175781,196644,0.0,0.0
2024-04-12 10:55:00+08:00,79.80000305175781,80.0,79.5999984741211,79.5999984741211,111595,0.0,0.0
2024-04-12 11:00:00+08:00,79.5999984741211,80.0999984741211,79.5,80.0999984741211,173309,0.0,0.0
2024-04-12 11:05:00+08:00,80.19999694824219,80.19999694824219,79.80000305175781,79.80000305175781,46547,0.0,0.0
2024-04-12 11:10:00+08:00,79.80000305175781,80.0,79.80000305175781,80.0,14020,0.0,0.0
2024-04-12 11:15:00+08:00,79.9000015258789,79.9000015258789,79.69999694824219,79.69999694824219,37133,0.0,0.0
2024-04-12 11:20:00+08:00,79.80000305175781,79.80000305175781,79.80000305175781,79.80000305175781,3018,0.0,0.0
2024-04-12 11:25:00+08:00,79.69999694824219,79.80000305175781,79.69999694824219,79.69999694824219,13334,0.0,0.0
2024-04-12 11:30:00+08:00,79.69999694824219,79.69999694824219,79.5999984741211,79.5999984741211,38348,0.0,0.0
2024-04-12 11:35:00+08:00,79.5999984741211,79.5999984741211,79.4000015258789,79.4000015258789,43000,0.0,0.0
2024-04-12 11:40:00+08:00,79.4000015258789,79.4000015258789,79.30000305175781,79.4000015258789,22548,0.0,0.0
2024-04-12 11:45:00+08:00,79.4000015258789,79.4000015258789,79.30000305175781,79.30000305175781,6214,0.0,0.0
2024-04-12 11:50:00+08:00,79.30000305175781,79.5,79.30000305175781,79.5,29058,0.0,0.0
2024-04-12 11:55:00+08:00,79.5999984741211,79.69999694824219,79.5999984741211,79.69999694824219,16200,0.0,0.0
2024-04-12 12:00:00+08:00,79.5999984741211,79.5999984741211,79.5999984741211,79.5999984741211,14000,0.0,0.0
2024-04-12 12:05:00+08:00,79.5,79.69999694824219,79.4000015258789,79.69999694824219,47015,0.0,0.0
2024-04-12 12:10:00+08:00,79.5,79.5,79.0999984741211,79.4000015258789,54100,0.0,0.0
2024-04-12 12:15:00+08:00,79.5,79.5,79.5,79.5,14250,0.0,0.0
2024-04-12 12:20:00+08:00,79.5,79.5999984741211,79.5,79.5999984741211,47000,0.0,0.0
2024-04-12 12:25:00+08:00,79.69999694824219,79.69999694824219,79.5999984741211,79.5999984741211,13200,0.0,0.0
2024-04-12 12:30:00+08:00,79.5,79.5,79.5,79.5,10855,0.0,0.0
2024-04-12 12:35:00+08:00,79.5,79.5,79.4000015258789,79.4000015258789,22260,0.0,0.0
2024-04-12 12:40:00+08:00,79.4000015258789,79.4000015258789,79.0999984741211,79.30000305175781,33397,0.0,0.0
2024-04-12 12:45:00+08:00,79.30000305175781,79.30000305175781,79.30000305175781,79.30000305175781,17075,0.0,0.0
2024-04-12 12:50:00+08:00,79.30000305175781,79.30000305175781,79.30000305175781,79.30000305175781,5926,0.0,0.0
2024-04-12 12:55:00+08:00,79.30000305175781,79.30000305175781,79.0999984741211,79.0999984741211,31784,0.0,0.0
2024-04-12 13:00:00+08:00,79.19999694824219,79.19999694824219,79.0,79.0999984741211,66676,0.0,0.0
2024-04-12 13:05:00+08:00,79.0999984741211,79.0999984741211,79.0999984741211,79.0999984741211,34000,0.0,0.0
2024-04-12 13:10:00+08:00,79.0999984741211,79.0999984741211,79.0999984741211,79.0999984741211,14100,0.0,0.0
2024-04-12 13:15:00+08:00,79.0999984741211,79.0999984741211,78.9000015258789,78.9000015258789,110300,0.0,0.0
2024-04-12 13:20:00+08:00,78.9000015258789,79.0999984741211,78.9000015258789,79.0,68693,0.0,0.0
2024-04-15 09:00:00+08:00,78.5999984741211,78.80000305175781,77.5999984741211,77.69999694824219,0,0.0,0.0
2024-04-15 09:05:00+08:00,77.5999984741211,78.0,77.5,77.5999984741211,129000,0.0,0.0
2024-04-15 09:10:00+08:00,77.5999984741211,77.9000015258789,77.0,77.9000015258789,195051,0.0,0.0
2024-04-15 09:15:00+08:00,77.80000305175781,78.19999694824219,77.80000305175781,78.0999984741211,52448,0.0,0.0
2024-04-15 09:20:00+08:00,78.0,78.0999984741211,77.80000305175781,78.0,22845,0.0,0.0
2024-04-15 09:25:00+08:00,78.0999984741211,78.0999984741211,77.80000305175781,77.80000305175781,17100,0.0,0.0
2024-04-15 09:30:00+08:00,77.80000305175781,78.30000305175781,77.80000305175781,78.30000305175781,113985,0.0,0.0
2024-04-15 09:35:00+08:00,78.30000305175781,78.30000305175781,77.80000305175781,77.80000305175781,22196,0.0,0.0
2024-04-15 09:40:00+08:00,77.80000305175781,77.80000305175781,77.80000305175781,77.80000305175781,15138,0.0,0.0
2024-04-15 09:45:00+08:00,77.80000305175781,77.80000305175781,77.69999694824219,77.69999694824219,20203,0.0,0.0
2024-04-15 09:50:00+08:00,77.69999694824219,77.9000015258789,77.69999694824219,77.9000015258789,12000,0.0,0.0
2024-04-15 09:55:00+08:00,77.80000305175781,77.80000305175781,77.69999694824219,77.69999694824219,9010,0.0,0.0
2024-04-15 10:00:00+08:00,77.69999694824219,77.80000305175781,77.69999694824219,77.69999694824219,26000,0.0,0.0
2024-04-15 10:05:00+08:00,77.80000305175781,77.9000015258789,77.80000305175781,77.9000015258789,6015,0.0,0.0
2024-04-15 10:10:00+08:00,77.80000305175781,77.80000305175781,77.5999984741211,77.80000305175781,42220,0.0,0.0
2024-04-15 10:15:00+08:00,77.5999984741211,77.5999984741211,77.4000015258789,77.5,86992,0.0,0.0
2024-04-15 10:20:00+08:00,77.4000015258789,77.5999984741211,77.19999694824219,77.5999984741211,54538,0.0,0.0
2024-04-15 10:25:00+08:00,77.4000015258789,77.5,77.4000015258789,77.5,5285,0.0,0.0
2024-04-15 10:30:00+08:00,77.4000015258789,77.4000015258789,77.4000015258789,77.4000015258789,6466,0.0,0.0
2024-04-15 10:35:00+08:00,77.4000015258789,77.4000015258789,77.19999694824219,77.19999694824219,50362,0.0,0.0
2024-04-15 10:40:00+08:00,77.30000305175781,77.30000305175781,77.19999694824219,77.19999694824219,12250,0.0,0.0
2024-04-15 10:45:00+08:00,77.19999694824219,77.30000305175781,77.19999694824219,77.19999694824219,7726,0.0,0.0
2024-04-15 10:50:00+08:00,77.19999694824219,77.19999694824219,77.19999694824219,77.19999694824219,12362,0.0,0.0
2024-04-15 10:55:00+08:00,77.30000305175781,77.30000305175781,77.19999694824219,77.19999694824219,8101,0.0,0.0
2024-04-15 11:00:00+08:00,77.19999694824219,77.19999694824219,77.0999984741211,77.0999984741211,24456,0.0,0.0
2024-04-15 11:05:00+08:00,77.19999694824219,77.19999694824219,76.9000015258789,76.9000015258789,187187,0.0,0.0
2024-04-15 11:10:00+08:00,76.80000305175781,77.0,76.80000305175781,76.80000305175781,55262,0.0,0.0
2024-04-15 11:15:00+08:00,76.80000305175781,76.80000305175781,76.80000305175781,76.80000305175781,54357,0.0,0.0
2024-04-15 11:20:00+08:00,76.80000305175781,76.9000015258789,76.80000305175781,76.9000015258789,41000,0.0,0.0
2024-04-15 11:25:00+08:00,77.0,77.0,77.0,77.0,16000,0.0,0.0
2024-04-15 11:30:00+08:00,77.0999984741211,77.19999694824219,77.0999984741211,77.19999694824219,6043,0.0,0.0
2024-04-15 11:35:00+08:00,77.19999694824219,77.19999694824219,77.0999984741211,77.19999694824219,9300,0.0,0.0
2024-04-15 11:40:00+08:00,77.19999694824219,77.19999694824219,77.19999694824219,77.19999694824219,1103,0.0,0.0
2024-04-15 11:45:00+08:00,77.19999694824219,77.30000305175781,77.19999694824219,77.30000305175781,8150,0.0,0.0
2024-04-15 11:50:00+08:00,77.19999694824219,77.19999694824219,77.19999694824219,77.19999694824219,1000,0.0,0.0
2024-04-15 11:55:00+08:00,77.19999694824219,77.19999694824219,77.0999984741211,77.0999984741211,26000,0.0,0.0
2024-04-15 12:00:00+08:00,77.19999694824219,77.19999694824219,77.0999984741211,77.0999984741211,5010,0.0,0.0
2024-04-15 12:05:00+08:00,77.0999984741211,77.19999694824219,77.0999984741211,77.0999984741211,10165,0.0,0.0
2024-04-15 12:10:00+08:00,77.19999694824219,77.4000015258789,77.0999984741211,77.4000015258789,33129,0.0,0.0
2024-04-15 12:20:00+08:00,77.4000015258789,77.4000015258789,77.19999694824219,77.30000305175781,12200,0.0,0.0
2024-04-15 12:25:00+08:00,77.30000305175781,77.30000305175781,77.0999984741211,77.0999984741211,21027,0.0,0.0
2024-04-15 12:30:00+08:00,77.0999984741211,77.19999694824219,77.0999984741211,77.19999694824219,6000,0.0,0.0
2024-04-15 12:35:00+08:00,77.30000305175781,77.30000305175781,77.0999984741211,77.0999984741211,14250,0.0,0.0
2024-04-15 12:40:00+08:00,77.19999694824219,77.19999694824219,77.19999694824219,77.19999694824219,5810,0.0,0.0
2024-04-15 12:45:00+08:00,77.0999984741211,77.0999984741211,77.0999984741211,77.0999984741211,18227,0.0,0.0
2024-04-15 12:50:00+08:00,77.0999984741211,77.19999694824219,77.0999984741211,77.0999984741211,11693,0.0,0.0
2024-04-15 12:55:00+08:00,77.0,77.0999984741211,77.0,77.0,34671,0.0,0.0
2024-04-15 13:00:00+08:00,77.0,77.0999984741211,77.0,77.0999984741211,42000,0.0,0.0
2024-04-15 13:05:00+08:00,77.0999984741211,77.19999694824219,77.0999984741211,77.19999694824219,24220,0.0,0.0
2024-04-15 13:10:00+08:00,77.19999694824219,77.19999694824219,76.9000015258789,76.9000015258789,74050,0.0,0.0
2024-04-15 13:15:00+08:00,76.9000015258789,77.0,76.9000015258789,76.9000015258789,42570,0.0,0.0
2024-04-15 13:20:00+08:00,76.9000015258789,77.4000015258789,76.80000305175781,77.0999984741211,196814,0.0,0.0
2024-04-15 09:00:00+08:00,78.5999984741211,78.80000305175781,77.5999984741211,77.69999694824219,0,0.0,0.0
2024-04-15 09:05:00+08:00,77.5999984741211,78.0,77.5,77.5999984741211,129000,0.0,0.0
2024-04-15 09:10:00+08:00,77.5999984741211,77.9000015258789,77.0,77.9000015258789,195051,0.0,0.0
2024-04-15 09:15:00+08:00,77.80000305175781,78.19999694824219,77.80000305175781,78.0999984741211,52448,0.0,0.0
2024-04-15 09:20:00+08:00,78.0,78.0999984741211,77.80000305175781,78.0,22845,0.0,0.0
2024-04-15 09:25:00+08:00,78.0999984741211,78.0999984741211,77.80000305175781,77.80000305175781,17100,0.0,0.0
2024-04-15 09:30:00+08:00,77.80000305175781,78.30000305175781,77.80000305175781,78.30000305175781,113985,0.0,0.0
2024-04-15 09:35:00+08:00,78.30000305175781,78.30000305175781,77.80000305175781,77.80000305175781,22196,0.0,0.0
2024-04-15 09:40:00+08:00,77.80000305175781,77.80000305175781,77.80000305175781,77.80000305175781,15138,0.0,0.0
2024-04-15 09:45:00+08:00,77.80000305175781,77.80000305175781,77.69999694824219,77.69999694824219,20203,0.0,0.0
2024-04-15 09:50:00+08:00,77.69999694824219,77.9000015258789,77.69999694824219,77.9000015258789,12000,0.0,0.0
2024-04-15 09:55:00+08:00,77.80000305175781,77.80000305175781,77.69999694824219,77.69999694824219,9010,0.0,0.0
2024-04-15 10:00:00+08:00,77.69999694824219,77.80000305175781,77.69999694824219,77.69999694824219,26000,0.0,0.0
2024-04-15 10:05:00+08:00,77.80000305175781,77.9000015258789,77.80000305175781,77.9000015258789,6015,0.0,0.0
2024-04-15 10:10:00+08:00,77.80000305175781,77.80000305175781,77.5999984741211,77.80000305175781,42220,0.0,0.0
2024-04-15 10:15:00+08:00,77.5999984741211,77.5999984741211,77.4000015258789,77.5,86992,0.0,0.0
2024-04-15 10:20:00+08:00,77.4000015258789,77.5999984741211,77.19999694824219,77.5999984741211,54538,0.0,0.0
2024-04-15 10:25:00+08:00,77.4000015258789,77.5,77.4000015258789,77.5,5285,0.0,0.0
2024-04-15 10:30:00+08:00,77.4000015258789,77.4000015258789,77.4000015258789,77.4000015258789,6466,0.0,0.0
2024-04-15 10:35:00+08:00,77.4000015258789,77.4000015258789,77.19999694824219,77.19999694824219,50362,0.0,0.0
2024-04-15 10:40:00+08:00,77.30000305175781,77.30000305175781,77.19999694824219,77.19999694824219,12250,0.0,0.0
2024-04-15 10:45:00+08:00,77.19999694824219,77.30000305175781,77.19999694824219,77.19999694824219,7726,0.0,0.0
2024-04-15 10:50:00+08:00,77.19999694824219,77.19999694824219,77.19999694824219,77.19999694824219,12362,0.0,0.0
2024-04-15 10:55:00+08:00,77.30000305175781,77.30000305175781,77.19999694824219,77.19999694824219,8101,0.0,0.0
2024-04-15 11:00:00+08:00,77.19999694824219,77.19999694824219,77.0999984741211,77.0999984741211,24456,0.0,0.0
2024-04-15 11:05:00+08:00,77.19999694824219,77.19999694824219,76.9000015258789,76.9000015258789,187187,0.0,0.0
2024-04-15 11:10:00+08:00,76.80000305175781,77.0,76.80000305175781,76.80000305175781,55262,0.0,0.0
2024-04-15 11:15:00+08:00,76.80000305175781,76.80000305175781,76.80000305175781,76.80000305175781,54357,0.0,0.0
2024-04-15 11:20:00+08:00,76.80000305175781,76.9000015258789,76.80000305175781,76.9000015258789,41000,0.0,0.0
2024-04-15 11:25:00+08:00,77.0,77.0,77.0,77.0,16000,0.0,0.0
2024-04-15 11:30:00+08:00,77.0999984741211,77.19999694824219,77.0999984741211,77.19999694824219,6043,0.0,0.0
2024-04-15 11:35:00+08:00,77.19999694824219,77.19999694824219,77.0999984741211,77.19999694824219,9300,0.0,0.0
2024-04-15 11:40:00+08:00,77.19999694824219,77.19999694824219,77.19999694824219,77.19999694824219,1103,0.0,0.0
2024-04-15 11:45:00+08:00,77.19999694824219,77.30000305175781,77.19999694824219,77.30000305175781,8150,0.0,0.0
2024-04-15 11:50:00+08:00,77.19999694824219,77.19999694824219,77.19999694824219,77.19999694824219,1000,0.0,0.0
2024-04-15 11:55:00+08:00,77.19999694824219,77.19999694824219,77.0999984741211,77.0999984741211,26000,0.0,0.0
2024-04-15 12:00:00+08:00,77.19999694824219,77.19999694824219,77.0999984741211,77.0999984741211,5010,0.0,0.0
2024-04-15 12:05:00+08:00,77.0999984741211,77.19999694824219,77.0999984741211,77.0999984741211,10165,0.0,0.0
2024-04-15 12:10:00+08:00,77.19999694824219,77.4000015258789,77.0999984741211,77.4000015258789,33129,0.0,0.0
2024-04-15 12:20:00+08:00,77.4000015258789,77.4000015258789,77.19999694824219,77.30000305175781,12200,0.0,0.0
2024-04-15 12:25:00+08:00,77.30000305175781,77.30000305175781,77.0999984741211,77.0999984741211,21027,0.0,0.0
2024-04-15 12:30:00+08:00,77.0999984741211,77.19999694824219,77.0999984741211,77.19999694824219,6000,0.0,0.0
2024-04-15 12:35:00+08:00,77.30000305175781,77.30000305175781,77.0999984741211,77.0999984741211,14250,0.0,0.0
2024-04-15 12:40:00+08:00,77.19999694824219,77.19999694824219,77.19999694824219,77.19999694824219,5810,0.0,0.0
2024-04-15 12:45:00+08:00,77.0999984741211,77.0999984741211,77.0999984741211,77.0999984741211,18227,0.0,0.0
2024-04-15 12:50:00+08:00,77.0999984741211,77.19999694824219,77.0999984741211,77.0999984741211,11693,0.0,0.0
2024-04-15 12:55:00+08:00,77.0,77.0999984741211,77.0,77.0,34671,0.0,0.0
2024-04-15 13:00:00+08:00,77.0,77.0999984741211,77.0,77.0999984741211,42000,0.0,0.0
2024-04-15 13:05:00+08:00,77.0999984741211,77.19999694824219,77.0999984741211,77.19999694824219,24220,0.0,0.0
2024-04-15 13:10:00+08:00,77.19999694824219,77.19999694824219,76.9000015258789,76.9000015258789,74050,0.0,0.0
2024-04-15 13:15:00+08:00,76.9000015258789,77.0,76.9000015258789,76.9000015258789,42570,0.0,0.0
2024-04-15 13:20:00+08:00,76.9000015258789,77.4000015258789,76.80000305175781,77.0999984741211,196814,0.0,0.0
2024-04-16 09:00:00+08:00,76.0999984741211,76.5,76.0999984741211,76.0999984741211,109000,0.0,0.0
2024-04-16 09:05:00+08:00,76.0999984741211,76.0999984741211,75.5,75.5,140000,0.0,0.0
2024-04-16 09:10:00+08:00,75.4000015258789,75.5,74.0999984741211,74.69999694824219,422843,0.0,0.0
2024-04-16 09:15:00+08:00,74.69999694824219,74.9000015258789,73.69999694824219,73.69999694824219,424326,0.0,0.0
2024-04-16 09:20:00+08:00,74.0,74.4000015258789,73.69999694824219,74.0,223283,0.0,0.0
2024-04-16 09:25:00+08:00,74.0,74.4000015258789,73.9000015258789,74.0999984741211,169962,0.0,0.0
2024-04-16 09:30:00+08:00,74.0999984741211,74.5,74.0,74.5,46628,0.0,0.0
2024-04-16 09:35:00+08:00,74.4000015258789,74.5,74.19999694824219,74.30000305175781,52230,0.0,0.0
2024-04-16 09:40:00+08:00,74.30000305175781,74.30000305175781,74.19999694824219,74.19999694824219,23282,0.0,0.0
2024-04-16 09:45:00+08:00,74.19999694824219,74.30000305175781,74.0999984741211,74.30000305175781,23770,0.0,0.0
2024-04-16 09:50:00+08:00,74.30000305175781,74.4000015258789,74.0,74.0,94496,0.0,0.0
2024-04-16 09:55:00+08:00,74.0,74.0,74.0,74.0,23968,0.0,0.0
2024-04-16 10:00:00+08:00,74.0,74.19999694824219,74.0,74.0,36357,0.0,0.0
2024-04-16 10:05:00+08:00,74.0,74.0999984741211,73.9000015258789,74.0,29001,0.0,0.0
2024-04-16 10:10:00+08:00,74.0,74.0,73.30000305175781,73.5,327738,0.0,0.0
2024-04-16 10:15:00+08:00,73.5,73.69999694824219,73.30000305175781,73.5,143968,0.0,0.0
2024-04-16 10:20:00+08:00,73.5,73.5,73.0,73.4000015258789,216998,0.0,0.0
2024-04-16 10:25:00+08:00,73.5,73.5,73.30000305175781,73.30000305175781,22000,0.0,0.0
2024-04-16 10:30:00+08:00,73.4000015258789,73.5999984741211,73.30000305175781,73.5,57017,0.0,0.0
2024-04-16 10:35:00+08:00,73.5,73.69999694824219,73.5,73.5999984741211,21410,0.0,0.0
2024-04-16 10:40:00+08:00,73.69999694824219,73.69999694824219,73.5999984741211,73.69999694824219,29000,0.0,0.0
2024-04-16 10:45:00+08:00,73.69999694824219,73.80000305175781,73.69999694824219,73.80000305175781,16454,0.0,0.0
2024-04-16 10:50:00+08:00,73.80000305175781,73.80000305175781,73.69999694824219,73.80000305175781,18230,0.0,0.0
2024-04-16 10:55:00+08:00,73.69999694824219,73.80000305175781,73.69999694824219,73.69999694824219,10000,0.0,0.0
2024-04-16 11:00:00+08:00,73.80000305175781,73.80000305175781,73.69999694824219,73.80000305175781,85441,0.0,0.0
2024-04-16 11:05:00+08:00,73.80000305175781,73.9000015258789,73.69999694824219,73.69999694824219,28000,0.0,0.0
2024-04-16 11:10:00+08:00,73.5999984741211,73.69999694824219,73.5999984741211,73.69999694824219,10302,0.0,0.0
2024-04-16 11:15:00+08:00,73.69999694824219,73.69999694824219,73.5999984741211,73.5999984741211,7000,0.0,0.0
2024-04-16 11:20:00+08:00,73.5999984741211,73.69999694824219,73.5999984741211,73.69999694824219,106014,0.0,0.0
2024-04-16 11:25:00+08:00,73.80000305175781,74.0999984741211,73.80000305175781,74.0999984741211,71081,0.0,0.0
2024-04-16 11:30:00+08:00,74.0999984741211,74.0999984741211,74.0999984741211,74.0999984741211,8500,0.0,0.0
2024-04-16 11:35:00+08:00,74.0,74.0,73.9000015258789,73.9000015258789,33250,0.0,0.0
2024-04-16 11:40:00+08:00,74.0,74.0999984741211,73.9000015258789,74.0999984741211,64200,0.0,0.0
2024-04-16 11:45:00+08:00,74.0,74.0999984741211,74.0,74.0999984741211,16000,0.0,0.0
2024-04-16 11:50:00+08:00,74.0999984741211,74.0999984741211,74.0,74.0,3300,0.0,0.0
2024-04-16 11:55:00+08:00,74.0,74.0999984741211,73.9000015258789,74.0,22061,0.0,0.0
2024-04-16 12:00:00+08:00,74.0,74.0,74.0,74.0,1000,0.0,0.0
2024-04-16 12:05:00+08:00,73.9000015258789,74.0,73.5999984741211,73.5999984741211,76585,0.0,0.0
2024-04-16 12:10:00+08:00,73.69999694824219,74.19999694824219,73.69999694824219,74.0,52165,0.0,0.0
2024-04-16 12:15:00+08:00,73.80000305175781,73.9000015258789,73.69999694824219,73.69999694824219,26014,0.0,0.0
2024-04-16 12:20:00+08:00,73.69999694824219,73.80000305175781,73.5999984741211,73.5999984741211,11471,0.0,0.0
2024-04-16 12:25:00+08:00,73.5999984741211,73.5999984741211,73.30000305175781,73.4000015258789,111106,0.0,0.0
2024-04-16 12:30:00+08:00,73.4000015258789,73.5999984741211,73.4000015258789,73.5,12170,0.0,0.0
2024-04-16 12:35:00+08:00,73.5999984741211,73.5999984741211,73.4000015258789,73.4000015258789,9125,0.0,0.0
2024-04-16 12:40:00+08:00,73.4000015258789,73.5999984741211,73.30000305175781,73.30000305175781,24704,0.0,0.0
2024-04-16 12:45:00+08:00,73.4000015258789,73.4000015258789,73.30000305175781,73.4000015258789,17073,0.0,0.0
2024-04-16 12:50:00+08:00,73.4000015258789,73.4000015258789,73.30000305175781,73.4000015258789,19167,0.0,0.0
2024-04-16 12:55:00+08:00,73.4000015258789,73.5,73.30000305175781,73.5,34000,0.0,0.0
2024-04-16 13:00:00+08:00,73.5,73.80000305175781,73.5,73.80000305175781,25348,0.0,0.0
2024-04-16 13:05:00+08:00,73.80000305175781,73.80000305175781,73.69999694824219,73.80000305175781,28331,0.0,0.0
2024-04-16 13:10:00+08:00,73.80000305175781,73.9000015258789,73.80000305175781,73.9000015258789,25376,0.0,0.0
2024-04-16 13:15:00+08:00,74.0,74.0,73.9000015258789,74.0,6500,0.0,0.0
2024-04-16 13:20:00+08:00,74.0,74.19999694824219,73.5999984741211,73.9000015258789,109356,0.0,0.0
2024-04-16 09:00:00+08:00,76.0999984741211,76.5,76.0999984741211,76.0999984741211,0,0.0,0.0
2024-04-16 09:05:00+08:00,76.0999984741211,76.0999984741211,75.5,75.5,140000,0.0,0.0
2024-04-16 09:10:00+08:00,75.4000015258789,75.5,74.0999984741211,74.69999694824219,422843,0.0,0.0
2024-04-16 09:15:00+08:00,74.69999694824219,74.9000015258789,73.69999694824219,73.69999694824219,424326,0.0,0.0
2024-04-16 09:20:00+08:00,74.0,74.4000015258789,73.69999694824219,74.0,223283,0.0,0.0
2024-04-16 09:25:00+08:00,74.0,74.4000015258789,73.9000015258789,74.0999984741211,169962,0.0,0.0
2024-04-16 09:30:00+08:00,74.0999984741211,74.5,74.0,74.5,46628,0.0,0.0
2024-04-16 09:35:00+08:00,74.4000015258789,74.5,74.19999694824219,74.30000305175781,52230,0.0,0.0
2024-04-16 09:40:00+08:00,74.30000305175781,74.30000305175781,74.19999694824219,74.19999694824219,23282,0.0,0.0
2024-04-16 09:45:00+08:00,74.19999694824219,74.30000305175781,74.0999984741211,74.30000305175781,23770,0.0,0.0
2024-04-16 09:50:00+08:00,74.30000305175781,74.4000015258789,74.0,74.0,94496,0.0,0.0
2024-04-16 09:55:00+08:00,74.0,74.0,74.0,74.0,23968,0.0,0.0
2024-04-16 10:00:00+08:00,74.0,74.19999694824219,74.0,74.0,36357,0.0,0.0
2024-04-16 10:05:00+08:00,74.0,74.0999984741211,73.9000015258789,74.0,29001,0.0,0.0
2024-04-16 10:10:00+08:00,74.0,74.0,73.30000305175781,73.5,327738,0.0,0.0
2024-04-16 10:15:00+08:00,73.5,73.69999694824219,73.30000305175781,73.5,143968,0.0,0.0
2024-04-16 10:20:00+08:00,73.5,73.5,73.0,73.4000015258789,216998,0.0,0.0
2024-04-16 10:25:00+08:00,73.5,73.5,73.30000305175781,73.30000305175781,22000,0.0,0.0
2024-04-16 10:30:00+08:00,73.4000015258789,73.5999984741211,73.30000305175781,73.5,57017,0.0,0.0
2024-04-16 10:35:00+08:00,73.5,73.69999694824219,73.5,73.5999984741211,21410,0.0,0.0
2024-04-16 10:40:00+08:00,73.69999694824219,73.69999694824219,73.5999984741211,73.69999694824219,29000,0.0,0.0
2024-04-16 10:45:00+08:00,73.69999694824219,73.80000305175781,73.69999694824219,73.80000305175781,16454,0.0,0.0
2024-04-16 10:50:00+08:00,73.80000305175781,73.80000305175781,73.69999694824219,73.80000305175781,18230,0.0,0.0
2024-04-16 10:55:00+08:00,73.69999694824219,73.80000305175781,73.69999694824219,73.69999694824219,10000,0.0,0.0
2024-04-16 11:00:00+08:00,73.80000305175781,73.80000305175781,73.69999694824219,73.80000305175781,85441,0.0,0.0
2024-04-16 11:05:00+08:00,73.80000305175781,73.9000015258789,73.69999694824219,73.69999694824219,28000,0.0,0.0
2024-04-16 11:10:00+08:00,73.5999984741211,73.69999694824219,73.5999984741211,73.69999694824219,10302,0.0,0.0
2024-04-16 11:15:00+08:00,73.69999694824219,73.69999694824219,73.5999984741211,73.5999984741211,7000,0.0,0.0
2024-04-16 11:20:00+08:00,73.5999984741211,73.69999694824219,73.5999984741211,73.69999694824219,106014,0.0,0.0
2024-04-16 11:25:00+08:00,73.80000305175781,74.0999984741211,73.80000305175781,74.0999984741211,71081,0.0,0.0
2024-04-16 11:30:00+08:00,74.0999984741211,74.0999984741211,74.0999984741211,74.0999984741211,8500,0.0,0.0
2024-04-16 11:35:00+08:00,74.0,74.0,73.9000015258789,73.9000015258789,33250,0.0,0.0
2024-04-16 11:40:00+08:00,74.0,74.0999984741211,73.9000015258789,74.0999984741211,64200,0.0,0.0
2024-04-16 11:45:00+08:00,74.0,74.0999984741211,74.0,74.0999984741211,16000,0.0,0.0
2024-04-16 11:50:00+08:00,74.0999984741211,74.0999984741211,74.0,74.0,3300,0.0,0.0
2024-04-16 11:55:00+08:00,74.0,74.0999984741211,73.9000015258789,74.0,22061,0.0,0.0
2024-04-16 12:00:00+08:00,74.0,74.0,74.0,74.0,1000,0.0,0.0
2024-04-16 12:05:00+08:00,73.9000015258789,74.0,73.5999984741211,73.5999984741211,76585,0.0,0.0
2024-04-16 12:10:00+08:00,73.69999694824219,74.19999694824219,73.69999694824219,74.0,52165,0.0,0.0
2024-04-16 12:15:00+08:00,73.80000305175781,73.9000015258789,73.69999694824219,73.69999694824219,26014,0.0,0.0
2024-04-16 12:20:00+08:00,73.69999694824219,73.80000305175781,73.5999984741211,73.5999984741211,11471,0.0,0.0
2024-04-16 12:25:00+08:00,73.5999984741211,73.5999984741211,73.30000305175781,73.4000015258789,111106,0.0,0.0
2024-04-16 12:30:00+08:00,73.4000015258789,73.5999984741211,73.4000015258789,73.5,12170,0.0,0.0
2024-04-16 12:35:00+08:00,73.5999984741211,73.5999984741211,73.4000015258789,73.4000015258789,9125,0.0,0.0
2024-04-16 12:40:00+08:00,73.4000015258789,73.5999984741211,73.30000305175781,73.30000305175781,24704,0.0,0.0
2024-04-16 12:45:00+08:00,73.4000015258789,73.4000015258789,73.30000305175781,73.4000015258789,17073,0.0,0.0
2024-04-16 12:50:00+08:00,73.4000015258789,73.4000015258789,73.30000305175781,73.4000015258789,19167,0.0,0.0
2024-04-16 12:55:00+08:00,73.4000015258789,73.5,73.30000305175781,73.5,34000,0.0,0.0
2024-04-16 13:00:00+08:00,73.5,73.80000305175781,73.5,73.80000305175781,25348,0.0,0.0
2024-04-16 13:05:00+08:00,73.80000305175781,73.80000305175781,73.69999694824219,73.80000305175781,28331,0.0,0.0
2024-04-16 13:10:00+08:00,73.80000305175781,73.9000015258789,73.80000305175781,73.9000015258789,25376,0.0,0.0
2024-04-16 13:15:00+08:00,74.0,74.0,73.9000015258789,74.0,6500,0.0,0.0
2024-04-16 13:20:00+08:00,74.0,74.19999694824219,73.5999984741211,73.9000015258789,109356,0.0,0.0
2024-04-17 09:00:00+08:00,75.0,75.19999694824219,74.4000015258789,74.80000305175781,0,0.0,0.0
2024-04-17 09:05:00+08:00,74.80000305175781,75.0,74.69999694824219,74.69999694824219,40000,0.0,0.0
2024-04-17 09:10:00+08:00,74.9000015258789,75.0,74.9000015258789,75.0,75789,0.0,0.0
2024-04-17 09:15:00+08:00,75.0,75.0,74.80000305175781,74.9000015258789,9000,0.0,0.0
2024-04-17 09:20:00+08:00,75.0,75.0999984741211,74.9000015258789,75.0999984741211,29117,0.0,0.0
2024-04-17 09:25:00+08:00,75.0999984741211,75.0999984741211,74.5999984741211,74.5999984741211,30676,0.0,0.0
2024-04-17 09:30:00+08:00,74.5,74.5999984741211,74.5,74.5999984741211,24106,0.0,0.0
2024-04-17 09:35:00+08:00,74.5999984741211,74.80000305175781,74.5,74.5999984741211,64050,0.0,0.0
2024-04-17 09:40:00+08:00,74.5999984741211,74.5999984741211,74.30000305175781,74.5,85142,0.0,0.0
2024-04-17 09:45:00+08:00,74.5,74.69999694824219,74.4000015258789,74.5999984741211,56205,0.0,0.0
2024-04-17 09:50:00+08:00,74.5,74.80000305175781,74.4000015258789,74.80000305175781,42130,0.0,0.0
2024-04-17 09:55:00+08:00,74.69999694824219,74.69999694824219,74.5,74.5,15001,0.0,0.0
2024-04-17 10:00:00+08:00,74.5999984741211,74.5999984741211,74.30000305175781,74.30000305175781,18040,0.0,0.0
2024-04-17 10:05:00+08:00,74.30000305175781,74.5,74.30000305175781,74.5,8702,0.0,0.0
2024-04-17 10:15:00+08:00,74.5999984741211,74.5999984741211,74.4000015258789,74.4000015258789,31068,0.0,0.0
2024-04-17 10:20:00+08:00,74.4000015258789,74.4000015258789,74.4000015258789,74.4000015258789,6053,0.0,0.0
2024-04-17 10:30:00+08:00,74.4000015258789,74.5,74.4000015258789,74.4000015258789,30000,0.0,0.0
2024-04-17 10:35:00+08:00,74.4000015258789,74.4000015258789,74.4000015258789,74.4000015258789,3000,0.0,0.0
2024-04-17 10:40:00+08:00,74.4000015258789,74.9000015258789,74.4000015258789,74.69999694824219,87133,0.0,0.0
2024-04-17 10:45:00+08:00,74.69999694824219,74.69999694824219,74.5999984741211,74.5999984741211,12000,0.0,0.0
2024-04-17 10:50:00+08:00,74.5999984741211,74.5999984741211,74.5999984741211,74.5999984741211,5000,0.0,0.0
2024-04-17 10:55:00+08:00,74.5999984741211,74.5999984741211,74.4000015258789,74.4000015258789,9000,0.0,0.0
2024-04-17 11:00:00+08:00,74.4000015258789,74.5,74.4000015258789,74.4000015258789,18030,0.0,0.0
2024-04-17 11:05:00+08:00,74.5,74.5,74.4000015258789,74.5,7146,0.0,0.0
2024-04-17 11:10:00+08:00,74.5,74.5,74.4000015258789,74.4000015258789,2000,0.0,0.0
2024-04-17 11:15:00+08:00,74.4000015258789,74.69999694824219,74.19999694824219,74.69999694824219,106000,0.0,0.0
2024-04-17 11:20:00+08:00,74.69999694824219,74.80000305175781,74.69999694824219,74.80000305175781,12460,0.0,0.0
2024-04-17 11:25:00+08:00,74.80000305175781,74.80000305175781,74.80000305175781,74.80000305175781,4214,0.0,0.0
2024-04-17 11:35:00+08:00,74.80000305175781,74.80000305175781,74.80000305175781,74.80000305175781,2000,0.0,0.0
2024-04-17 11:40:00+08:00,74.80000305175781,74.80000305175781,74.69999694824219,74.69999694824219,17114,0.0,0.0
2024-04-17 11:45:00+08:00,74.69999694824219,74.69999694824219,74.5999984741211,74.5999984741211,14221,0.0,0.0
2024-04-17 11:50:00+08:00,74.5,75.0,74.5,75.0,56000,0.0,0.0
2024-04-17 11:55:00+08:00,75.0,75.0,74.69999694824219,74.69999694824219,37058,0.0,0.0
2024-04-17 12:00:00+08:00,74.69999694824219,74.69999694824219,74.69999694824219,74.69999694824219,6000,0.0,0.0
2024-04-17 12:05:00+08:00,74.80000305175781,74.80000305175781,74.80000305175781,74.80000305175781,4000,0.0,0.0
2024-04-17 12:10:00+08:00,74.69999694824219,74.69999694824219,74.30000305175781,74.30000305175781,81483,0.0,0.0
2024-04-17 12:15:00+08:00,74.30000305175781,74.30000305175781,74.30000305175781,74.30000305175781,7230,0.0,0.0
2024-04-17 12:20:00+08:00,74.30000305175781,74.30000305175781,74.19999694824219,74.19999694824219,33388,0.0,0.0
2024-04-17 12:25:00+08:00,74.19999694824219,74.19999694824219,74.0999984741211,74.19999694824219,17870,0.0,0.0
2024-04-17 12:30:00+08:00,74.0999984741211,74.5,74.0999984741211,74.19999694824219,63103,0.0,0.0
2024-04-17 12:35:00+08:00,74.4000015258789,74.69999694824219,74.4000015258789,74.5999984741211,36324,0.0,0.0
2024-04-17 12:40:00+08:00,74.5999984741211,74.5999984741211,74.5,74.5,11000,0.0,0.0
2024-04-17 12:45:00+08:00,74.5,74.5,74.5,74.5,2000,0.0,0.0
2024-04-17 12:50:00+08:00,74.4000015258789,74.5,74.4000015258789,74.5,7581,0.0,0.0
2024-04-17 12:55:00+08:00,74.5,74.5,74.5,74.5,8060,0.0,0.0
2024-04-17 13:00:00+08:00,74.5,74.5,74.5,74.5,6034,0.0,0.0
2024-04-17 13:05:00+08:00,74.5,74.5999984741211,74.5,74.5999984741211,23469,0.0,0.0
2024-04-17 13:10:00+08:00,74.5999984741211,74.5999984741211,74.5999984741211,74.5999984741211,1000,0.0,0.0
2024-04-17 13:15:00+08:00,74.69999694824219,74.69999694824219,74.5,74.5,30200,0.0,0.0
2024-04-17 13:20:00+08:00,74.5,74.5,74.30000305175781,74.30000305175781,46437,0.0,0.0
2024-04-18 01:00:00+00:00,73.9000015258789,74.0,73.4000015258789,73.4000015258789,0,0.0,0.0
2024-04-18 01:05:00+00:00,73.4000015258789,74.0,73.4000015258789,74.0,81616,0.0,0.0
2024-04-18 01:10:00+00:00,74.0,74.0,73.69999694824219,73.80000305175781,6528,0.0,0.0
2024-04-18 01:15:00+00:00,73.80000305175781,73.80000305175781,73.5999984741211,73.5999984741211,11400,0.0,0.0
2024-04-18 01:20:00+00:00,73.69999694824219,73.9000015258789,73.5999984741211,73.9000015258789,19025,0.0,0.0
2024-04-18 01:25:00+00:00,74.0,74.5999984741211,74.0,74.5999984741211,133000,0.0,0.0
2024-04-18 01:30:00+00:00,74.69999694824219,75.0,74.5999984741211,74.80000305175781,47700,0.0,0.0
2024-04-18 01:35:00+00:00,74.9000015258789,75.4000015258789,74.9000015258789,75.4000015258789,39027,0.0,0.0
2024-04-18 01:40:00+00:00,75.4000015258789,75.5,74.9000015258789,74.9000015258789,35793,0.0,0.0
2024-04-18 01:45:00+00:00,74.80000305175781,74.80000305175781,74.80000305175781,74.80000305175781,16107,0.0,0.0
2024-04-18 01:50:00+00:00,74.69999694824219,74.9000015258789,74.69999694824219,74.9000015258789,7120,0.0,0.0
2024-04-18 01:55:00+00:00,74.80000305175781,74.80000305175781,74.80000305175781,74.80000305175781,2219,0.0,0.0
2024-04-18 02:00:00+00:00,74.9000015258789,75.19999694824219,74.9000015258789,74.9000015258789,18010,0.0,0.0
2024-04-18 02:05:00+00:00,75.19999694824219,75.19999694824219,75.19999694824219,75.19999694824219,7000,0.0,0.0
2024-04-18 02:10:00+00:00,75.30000305175781,75.30000305175781,75.30000305175781,75.30000305175781,11043,0.0,0.0
2024-04-18 02:15:00+00:00,75.30000305175781,75.4000015258789,74.9000015258789,74.9000015258789,21910,0.0,0.0
2024-04-18 02:20:00+00:00,75.0,75.0,75.0,75.0,5167,0.0,0.0
2024-04-18 02:25:00+00:00,75.0,75.0,74.80000305175781,74.80000305175781,13000,0.0,0.0
2024-04-18 02:30:00+00:00,74.80000305175781,75.69999694824219,74.69999694824219,75.69999694824219,135185,0.0,0.0
2024-04-18 02:35:00+00:00,75.5999984741211,75.69999694824219,75.30000305175781,75.69999694824219,144180,0.0,0.0
2024-04-18 02:40:00+00:00,75.80000305175781,75.80000305175781,75.5,75.5,16050,0.0,0.0
2024-04-18 02:45:00+00:00,75.5,75.5,75.4000015258789,75.4000015258789,7000,0.0,0.0
2024-04-18 02:50:00+00:00,75.4000015258789,75.4000015258789,75.4000015258789,75.4000015258789,8073,0.0,0.0
2024-04-18 02:55:00+00:00,75.5,75.5,75.5,75.5,9020,0.0,0.0
2024-04-18 03:00:00+00:00,75.5,75.5,75.30000305175781,75.4000015258789,40101,0.0,0.0
2024-04-18 03:05:00+00:00,75.5,75.5,75.30000305175781,75.30000305175781,24053,0.0,0.0
2024-04-18 03:10:00+00:00,75.30000305175781,75.30000305175781,75.19999694824219,75.19999694824219,8087,0.0,0.0
2024-04-18 03:15:00+00:00,75.19999694824219,75.19999694824219,75.19999694824219,75.19999694824219,6500,0.0,0.0
2024-04-18 03:20:00+00:00,75.19999694824219,75.4000015258789,75.19999694824219,75.4000015258789,6000,0.0,0.0
2024-04-18 03:25:00+00:00,75.30000305175781,75.4000015258789,75.30000305175781,75.4000015258789,2000,0.0,0.0
2024-04-18 03:30:00+00:00,75.30000305175781,75.4000015258789,75.30000305175781,75.30000305175781,38185,0.0,0.0
2024-04-18 03:35:00+00:00,75.19999694824219,75.19999694824219,75.0999984741211,75.0999984741211,26210,0.0,0.0
2024-04-18 03:40:00+00:00,75.0999984741211,75.0999984741211,75.0999984741211,75.0999984741211,8686,0.0,0.0
2024-04-18 03:45:00+00:00,75.0,75.0,75.0,75.0,3791,0.0,0.0
2024-04-18 03:50:00+00:00,75.0999984741211,75.0999984741211,75.0,75.0,7058,0.0,0.0
2024-04-18 04:00:00+00:00,75.0,75.0,75.0,75.0,11050,0.0,0.0
2024-04-18 04:05:00+00:00,75.0,75.0,75.0,75.0,15000,0.0,0.0
2024-04-18 04:10:00+00:00,75.0,75.0999984741211,75.0,75.0999984741211,7036,0.0,0.0
2024-04-18 04:15:00+00:00,75.0,75.0,75.0,75.0,8023,0.0,0.0
2024-04-18 04:20:00+00:00,75.0,75.0,74.9000015258789,74.9000015258789,5027,0.0,0.0
2024-04-18 04:25:00+00:00,75.0,75.19999694824219,75.0,75.0999984741211,29000,0.0,0.0
2024-04-18 04:30:00+00:00,75.19999694824219,75.19999694824219,75.19999694824219,75.19999694824219,7050,0.0,0.0
2024-04-18 04:35:00+00:00,75.0999984741211,75.4000015258789,75.0999984741211,75.19999694824219,12276,0.0,0.0
2024-04-18 04:40:00+00:00,75.4000015258789,75.4000015258789,75.4000015258789,75.4000015258789,10008,0.0,0.0
2024-04-18 04:45:00+00:00,75.4000015258789,75.5999984741211,75.4000015258789,75.5999984741211,28000,0.0,0.0
2024-04-18 04:50:00+00:00,75.5999984741211,75.69999694824219,75.5,75.5,7070,0.0,0.0
2024-04-18 04:55:00+00:00,75.5,75.69999694824219,75.5,75.5999984741211,34135,0.0,0.0
2024-04-18 05:00:00+00:00,75.5,75.69999694824219,75.5,75.5,11114,0.0,0.0
2024-04-18 05:05:00+00:00,75.5,75.5,75.4000015258789,75.4000015258789,10250,0.0,0.0
2024-04-18 05:10:00+00:00,75.5,75.5999984741211,75.5,75.5,13007,0.0,0.0
2024-04-18 05:15:00+00:00,75.5,75.69999694824219,75.4000015258789,75.69999694824219,47495,0.0,0.0
2024-04-18 05:20:00+00:00,75.69999694824219,75.69999694824219,75.30000305175781,75.30000305175781,32155,0.0,0.0
2024-04-19 01:00:00+00:00,75.0,75.0,74.0999984741211,74.5999984741211,0,0.0,0.0
2024-04-19 01:05:00+00:00,74.5999984741211,74.5999984741211,74.5,74.5,28633,0.0,0.0
2024-04-19 01:10:00+00:00,74.5,75.0,74.5,75.0,25100,0.0,0.0
2024-04-19 01:15:00+00:00,74.9000015258789,74.9000015258789,74.9000015258789,74.9000015258789,4260,0.0,0.0
2024-04-19 01:20:00+00:00,74.80000305175781,74.80000305175781,74.5,74.5999984741211,13350,0.0,0.0
2024-04-19 01:25:00+00:00,74.69999694824219,74.9000015258789,74.4000015258789,74.5999984741211,77064,0.0,0.0
2024-04-19 01:30:00+00:00,74.5999984741211,74.5999984741211,73.9000015258789,74.4000015258789,131343,0.0,0.0
2024-04-19 01:35:00+00:00,74.0999984741211,74.30000305175781,73.5999984741211,73.5999984741211,94541,0.0,0.0
2024-04-19 01:40:00+00:00,73.5999984741211,74.0,73.5999984741211,73.5999984741211,75136,0.0,0.0
2024-04-19 01:45:00+00:00,73.5999984741211,73.9000015258789,73.30000305175781,73.69999694824219,60073,0.0,0.0
2024-04-19 01:50:00+00:00,73.9000015258789,74.0,73.9000015258789,74.0,15343,0.0,0.0
2024-04-19 01:55:00+00:00,74.0,74.0,73.80000305175781,73.80000305175781,32000,0.0,0.0
2024-04-19 02:00:00+00:00,73.80000305175781,73.80000305175781,73.5999984741211,73.5999984741211,33241,0.0,0.0
2024-04-19 02:05:00+00:00,73.5999984741211,73.5999984741211,73.5,73.5,44682,0.0,0.0
2024-04-19 02:10:00+00:00,73.5,73.5999984741211,73.0,73.0,179204,0.0,0.0
2024-04-19 02:15:00+00:00,73.0,73.0,72.5,72.5999984741211,129161,0.0,0.0
2024-04-19 02:20:00+00:00,72.5999984741211,72.80000305175781,72.5999984741211,72.69999694824219,98025,0.0,0.0
2024-04-19 02:25:00+00:00,72.69999694824219,72.69999694824219,72.5,72.5,74100,0.0,0.0
2024-04-19 02:30:00+00:00,72.5999984741211,72.5999984741211,72.4000015258789,72.5,46117,0.0,0.0
2024-04-19 02:35:00+00:00,72.5,72.5,72.19999694824219,72.19999694824219,58282,0.0,0.0
2024-04-19 02:40:00+00:00,72.19999694824219,72.30000305175781,72.0,72.0,130665,0.0,0.0
2024-04-19 02:45:00+00:00,71.9000015258789,72.0,71.5999984741211,71.80000305175781,207499,0.0,0.0
2024-04-19 02:50:00+00:00,71.69999694824219,71.69999694824219,71.5999984741211,71.69999694824219,77600,0.0,0.0
2024-04-19 02:55:00+00:00,71.69999694824219,71.69999694824219,71.19999694824219,71.30000305175781,191579,0.0,0.0
2024-04-19 03:00:00+00:00,71.30000305175781,71.30000305175781,70.4000015258789,70.5,293356,0.0,0.0
2024-04-19 03:05:00+00:00,70.5,72.0999984741211,70.5,71.69999694824219,240711,0.0,0.0
2024-04-19 03:10:00+00:00,71.69999694824219,72.5,71.5999984741211,72.4000015258789,124432,0.0,0.0
2024-04-19 03:15:00+00:00,72.30000305175781,72.5,72.19999694824219,72.19999694824219,35200,0.0,0.0
2024-04-19 03:20:00+00:00,72.30000305175781,72.80000305175781,72.30000305175781,72.80000305175781,31691,0.0,0.0
2024-04-19 03:25:00+00:00,72.69999694824219,72.69999694824219,72.5,72.5999984741211,78000,0.0,0.0
2024-04-19 03:30:00+00:00,72.5999984741211,72.80000305175781,72.5999984741211,72.80000305175781,20087,0.0,0.0
2024-04-19 03:35:00+00:00,72.80000305175781,72.9000015258789,72.5,72.5,45440,0.0,0.0
2024-04-19 03:40:00+00:00,72.5999984741211,72.80000305175781,72.5999984741211,72.80000305175781,9037,0.0,0.0
2024-04-19 03:45:00+00:00,72.80000305175781,73.0,72.80000305175781,73.0,44083,0.0,0.0
2024-04-19 03:50:00+00:00,73.0,73.69999694824219,73.0,73.5999984741211,60188,0.0,0.0
2024-04-19 03:55:00+00:00,73.5,73.5999984741211,73.30000305175781,73.4000015258789,28000,0.0,0.0
2024-04-19 04:00:00+00:00,73.4000015258789,73.4000015258789,73.19999694824219,73.19999694824219,35320,0.0,0.0
2024-04-19 04:05:00+00:00,73.19999694824219,73.4000015258789,73.19999694824219,73.30000305175781,16014,0.0,0.0
2024-04-19 04:10:00+00:00,73.5,73.5,73.5,73.5,9186,0.0,0.0
2024-04-19 04:15:00+00:00,73.5,73.5999984741211,73.30000305175781,73.4000015258789,25136,0.0,0.0
2024-04-19 04:20:00+00:00,73.30000305175781,73.30000305175781,73.30000305175781,73.30000305175781,2100,0.0,0.0
2024-04-19 04:25:00+00:00,73.4000015258789,73.69999694824219,73.4000015258789,73.69999694824219,29000,0.0,0.0
2024-04-19 04:30:00+00:00,73.80000305175781,73.9000015258789,73.80000305175781,73.9000015258789,39489,0.0,0.0
2024-04-19 04:35:00+00:00,73.9000015258789,74.19999694824219,73.80000305175781,74.0999984741211,210253,0.0,0.0
2024-04-19 04:40:00+00:00,74.19999694824219,74.30000305175781,73.9000015258789,73.9000015258789,31418,0.0,0.0
2024-04-19 04:45:00+00:00,74.0,74.0,74.0,74.0,7600,0.0,0.0
2024-04-19 04:50:00+00:00,74.0,74.0,73.80000305175781,74.0,40010,0.0,0.0
2024-04-19 04:55:00+00:00,74.0,74.0,73.80000305175781,74.0,5260,0.0,0.0
2024-04-19 05:00:00+00:00,74.0,74.0,73.80000305175781,73.80000305175781,6566,0.0,0.0
2024-04-19 05:05:00+00:00,73.80000305175781,73.9000015258789,73.69999694824219,73.69999694824219,15336,0.0,0.0
2024-04-19 05:10:00+00:00,73.69999694824219,73.69999694824219,73.69999694824219,73.69999694824219,22500,0.0,0.0
2024-04-19 05:15:00+00:00,73.69999694824219,73.69999694824219,73.69999694824219,73.69999694824219,11100,0.0,0.0
2024-04-19 05:20:00+00:00,73.69999694824219,73.69999694824219,73.5999984741211,73.5999984741211,21100,0.0,0.0
2024-04-22 01:00:00+00:00,73.9000015258789,73.9000015258789,73.4000015258789,73.69999694824219,0,0.0,0.0
2024-04-22 01:05:00+00:00,73.80000305175781,74.0,73.0999984741211,74.0,118700,0.0,0.0
2024-04-22 01:10:00+00:00,74.0,74.19999694824219,74.0,74.0,26064,0.0,0.0
2024-04-22 01:15:00+00:00,73.80000305175781,73.80000305175781,73.80000305175781,73.80000305175781,3276,0.0,0.0
2024-04-22 01:20:00+00:00,73.69999694824219,73.69999694824219,73.5,73.5,5003,0.0,0.0
2024-04-22 01:25:00+00:00,73.4000015258789,73.5,73.30000305175781,73.4000015258789,53740,0.0,0.0
2024-04-22 01:30:00+00:00,73.30000305175781,73.4000015258789,73.19999694824219,73.19999694824219,41181,0.0,0.0
2024-04-22 01:35:00+00:00,73.19999694824219,73.30000305175781,73.19999694824219,73.30000305175781,16050,0.0,0.0
2024-04-22 01:40:00+00:00,73.30000305175781,73.30000305175781,73.0999984741211,73.19999694824219,24041,0.0,0.0
2024-04-22 01:45:00+00:00,73.30000305175781,73.5,73.30000305175781,73.5,17552,0.0,0.0
2024-04-22 01:50:00+00:00,73.5,73.5,73.5,73.5,13000,0.0,0.0
2024-04-22 01:55:00+00:00,73.5,73.69999694824219,73.5,73.5999984741211,24000,0.0,0.0
2024-04-22 02:00:00+00:00,73.5999984741211,73.5999984741211,73.5,73.5999984741211,5000,0.0,0.0
2024-04-22 02:05:00+00:00,73.5,73.5,73.4000015258789,73.4000015258789,26000,0.0,0.0
2024-04-22 02:10:00+00:00,73.30000305175781,73.30000305175781,73.0,73.0999984741211,21432,0.0,0.0
2024-04-22 02:15:00+00:00,73.0999984741211,73.19999694824219,73.0999984741211,73.19999694824219,3221,0.0,0.0
2024-04-22 02:20:00+00:00,73.19999694824219,73.19999694824219,73.0999984741211,73.0999984741211,28747,0.0,0.0
2024-04-22 02:25:00+00:00,73.0,73.0999984741211,72.5999984741211,72.80000305175781,51706,0.0,0.0
2024-04-22 02:30:00+00:00,72.5999984741211,72.69999694824219,72.4000015258789,72.4000015258789,41161,0.0,0.0
2024-04-22 02:35:00+00:00,72.4000015258789,72.4000015258789,72.0,72.0,49535,0.0,0.0
2024-04-22 02:40:00+00:00,72.19999694824219,72.30000305175781,72.19999694824219,72.19999694824219,21000,0.0,0.0
2024-04-22 02:45:00+00:00,72.0,72.0999984741211,72.0,72.0,7040,0.0,0.0
2024-04-22 02:50:00+00:00,72.0,72.0,72.0,72.0,38101,0.0,0.0
2024-04-22 02:55:00+00:00,72.0999984741211,72.5999984741211,72.0,72.5,34335,0.0,0.0
2024-04-22 03:00:00+00:00,72.5,72.5999984741211,72.30000305175781,72.5999984741211,19190,0.0,0.0
2024-04-22 03:05:00+00:00,72.19999694824219,72.19999694824219,72.19999694824219,72.19999694824219,4000,0.0,0.0
2024-04-22 03:10:00+00:00,72.0999984741211,72.19999694824219,71.9000015258789,72.0,40153,0.0,0.0
2024-04-22 03:15:00+00:00,72.0999984741211,72.19999694824219,72.0,72.0999984741211,28017,0.0,0.0
2024-04-22 03:20:00+00:00,72.0999984741211,72.4000015258789,72.0999984741211,72.30000305175781,11960,0.0,0.0
2024-04-22 03:25:00+00:00,72.30000305175781,72.4000015258789,72.30000305175781,72.4000015258789,2058,0.0,0.0
2024-04-22 03:30:00+00:00,72.0999984741211,72.0999984741211,71.80000305175781,71.80000305175781,41592,0.0,0.0
2024-04-22 03:35:00+00:00,71.9000015258789,71.9000015258789,71.80000305175781,71.80000305175781,20518,0.0,0.0
2024-04-22 03:40:00+00:00,71.69999694824219,72.0,71.69999694824219,71.80000305175781,38212,0.0,0.0
2024-04-22 03:45:00+00:00,72.0,72.0,72.0,72.0,8058,0.0,0.0
2024-04-22 03:50:00+00:00,71.9000015258789,71.9000015258789,71.4000015258789,71.9000015258789,223001,0.0,0.0
2024-04-22 03:55:00+00:00,71.80000305175781,71.80000305175781,71.0,71.4000015258789,225460,0.0,0.0
2024-04-22 04:00:00+00:00,71.5,71.5999984741211,71.30000305175781,71.5999984741211,12152,0.0,0.0
2024-04-22 04:05:00+00:00,71.5999984741211,71.9000015258789,71.5,71.9000015258789,13000,0.0,0.0
2024-04-22 04:10:00+00:00,72.0,72.30000305175781,72.0,72.30000305175781,13196,0.0,0.0
2024-04-22 04:15:00+00:00,72.30000305175781,72.4000015258789,72.0999984741211,72.19999694824219,10156,0.0,0.0
2024-04-22 04:20:00+00:00,72.30000305175781,72.4000015258789,72.30000305175781,72.30000305175781,16300,0.0,0.0
2024-04-22 04:25:00+00:00,72.30000305175781,72.30000305175781,72.0999984741211,72.0999984741211,6313,0.0,0.0
2024-04-22 04:30:00+00:00,72.19999694824219,72.19999694824219,72.19999694824219,72.19999694824219,4250,0.0,0.0
2024-04-22 04:35:00+00:00,72.19999694824219,72.30000305175781,72.19999694824219,72.19999694824219,7000,0.0,0.0
2024-04-22 04:40:00+00:00,72.19999694824219,72.19999694824219,72.0,72.0999984741211,17000,0.0,0.0
2024-04-22 04:45:00+00:00,72.19999694824219,72.4000015258789,72.0,72.0,67000,0.0,0.0
2024-04-22 04:50:00+00:00,72.0999984741211,72.30000305175781,72.0999984741211,72.30000305175781,5058,0.0,0.0
2024-04-22 04:55:00+00:00,72.0999984741211,72.0999984741211,71.0999984741211,71.69999694824219,326270,0.0,0.0
2024-04-22 05:00:00+00:00,71.80000305175781,71.9000015258789,71.80000305175781,71.80000305175781,13067,0.0,0.0
2024-04-22 05:05:00+00:00,71.80000305175781,72.0,71.69999694824219,71.69999694824219,39326,0.0,0.0
2024-04-22 05:10:00+00:00,71.5999984741211,71.5999984741211,71.30000305175781,71.4000015258789,35452,0.0,0.0
2024-04-22 05:15:00+00:00,71.4000015258789,71.69999694824219,71.4000015258789,71.69999694824219,48108,0.0,0.0
2024-04-22 05:20:00+00:00,71.69999694824219,71.69999694824219,71.30000305175781,71.4000015258789,48033,0.0,0.0
2024-04-23 01:00:00+00:00,72.4000015258789,72.9000015258789,72.4000015258789,72.9000015258789,0,0.0,0.0
2024-04-23 01:05:00+00:00,72.9000015258789,72.9000015258789,72.5999984741211,72.80000305175781,24776,0.0,0.0
2024-04-23 01:10:00+00:00,72.69999694824219,72.69999694824219,72.0,72.0,51617,0.0,0.0
2024-04-23 01:15:00+00:00,71.9000015258789,72.30000305175781,71.9000015258789,71.9000015258789,40741,0.0,0.0
2024-04-23 01:20:00+00:00,71.80000305175781,72.0,71.69999694824219,72.0,35050,0.0,0.0
2024-04-23 01:25:00+00:00,71.80000305175781,72.0999984741211,71.80000305175781,72.0,27000,0.0,0.0
2024-04-23 01:30:00+00:00,72.0,72.0999984741211,72.0,72.0,8200,0.0,0.0
2024-04-23 01:35:00+00:00,71.80000305175781,71.80000305175781,71.5999984741211,71.5999984741211,16220,0.0,0.0
2024-04-23 01:40:00+00:00,71.5999984741211,71.69999694824219,71.4000015258789,71.4000015258789,33157,0.0,0.0
2024-04-23 01:45:00+00:00,71.4000015258789,71.4000015258789,71.19999694824219,71.30000305175781,42210,0.0,0.0
2024-04-23 01:50:00+00:00,71.4000015258789,71.4000015258789,70.9000015258789,71.0,61016,0.0,0.0
2024-04-23 01:55:00+00:00,71.0,71.5,70.9000015258789,71.4000015258789,42310,0.0,0.0
2024-04-23 02:00:00+00:00,71.30000305175781,71.4000015258789,71.30000305175781,71.30000305175781,18195,0.0,0.0
2024-04-23 02:05:00+00:00,71.4000015258789,71.4000015258789,71.4000015258789,71.4000015258789,4145,0.0,0.0
2024-04-23 02:10:00+00:00,71.4000015258789,71.4000015258789,71.19999694824219,71.19999694824219,22065,0.0,0.0
2024-04-23 02:15:00+00:00,71.19999694824219,71.4000015258789,71.19999694824219,71.4000015258789,20034,0.0,0.0
2024-04-23 02:20:00+00:00,71.4000015258789,71.5999984741211,71.30000305175781,71.5999984741211,31193,0.0,0.0
2024-04-23 02:25:00+00:00,71.5,71.5,71.5,71.5,1018,0.0,0.0
2024-04-23 02:30:00+00:00,71.5,71.5,71.30000305175781,71.30000305175781,7500,0.0,0.0
2024-04-23 02:35:00+00:00,71.30000305175781,71.4000015258789,71.30000305175781,71.30000305175781,23032,0.0,0.0
2024-04-23 02:40:00+00:00,71.30000305175781,71.4000015258789,71.0999984741211,71.0999984741211,37984,0.0,0.0
2024-04-23 02:45:00+00:00,71.0999984741211,71.0999984741211,71.0,71.0,18000,0.0,0.0
2024-04-23 02:50:00+00:00,71.0,71.19999694824219,70.9000015258789,71.0,32030,0.0,0.0
2024-04-23 02:55:00+00:00,71.19999694824219,71.19999694824219,70.9000015258789,71.0,22000,0.0,0.0
2024-04-23 03:00:00+00:00,70.9000015258789,71.0999984741211,70.9000015258789,70.9000015258789,48686,0.0,0.0
2024-04-23 03:05:00+00:00,70.9000015258789,70.9000015258789,70.80000305175781,70.80000305175781,25000,0.0,0.0
2024-04-23 03:10:00+00:00,70.9000015258789,71.30000305175781,70.9000015258789,71.0999984741211,25181,0.0,0.0
2024-04-23 03:15:00+00:00,71.0999984741211,71.0999984741211,71.0,71.0,13010,0.0,0.0
2024-04-23 03:20:00+00:00,71.0,71.19999694824219,70.9000015258789,71.0,25143,0.0,0.0
2024-04-23 03:25:00+00:00,71.0,71.0,71.0,71.0,22140,0.0,0.0
2024-04-23 03:30:00+00:00,71.0,71.5,70.9000015258789,71.0999984741211,29020,0.0,0.0
2024-04-23 03:35:00+00:00,71.0999984741211,71.4000015258789,71.0999984741211,71.4000015258789,13063,0.0,0.0
2024-04-23 03:40:00+00:00,71.0999984741211,71.30000305175781,71.0,71.0999984741211,23020,0.0,0.0
2024-04-23 03:45:00+00:00,71.19999694824219,71.5,71.0999984741211,71.19999694824219,43570,0.0,0.0
2024-04-23 03:50:00+00:00,71.19999694824219,71.4000015258789,71.19999694824219,71.4000015258789,22000,0.0,0.0
2024-04-23 03:55:00+00:00,71.30000305175781,71.30000305175781,71.19999694824219,71.19999694824219,24039,0.0,0.0
2024-04-23 04:00:00+00:00,71.0999984741211,71.5999984741211,71.0999984741211,71.19999694824219,100200,0.0,0.0
2024-04-23 04:05:00+00:00,71.5,71.5999984741211,71.30000305175781,71.5,23000,0.0,0.0
2024-04-23 04:10:00+00:00,71.5,71.5999984741211,71.30000305175781,71.5999984741211,26100,0.0,0.0
2024-04-23 04:15:00+00:00,71.4000015258789,71.4000015258789,71.30000305175781,71.30000305175781,14000,0.0,0.0
2024-04-23 04:20:00+00:00,71.30000305175781,71.30000305175781,71.19999694824219,71.19999694824219,19110,0.0,0.0
2024-04-23 04:25:00+00:00,71.19999694824219,71.30000305175781,71.19999694824219,71.19999694824219,20136,0.0,0.0
2024-04-23 04:30:00+00:00,71.0999984741211,71.19999694824219,71.0999984741211,71.0999984741211,21214,0.0,0.0
2024-04-23 04:35:00+00:00,71.0,71.19999694824219,71.0,71.0,19731,0.0,0.0
2024-04-23 04:40:00+00:00,71.0999984741211,71.4000015258789,71.0999984741211,71.19999694824219,42200,0.0,0.0
2024-04-23 04:45:00+00:00,71.19999694824219,71.19999694824219,71.0999984741211,71.0999984741211,15000,0.0,0.0
2024-04-23 04:50:00+00:00,71.0999984741211,71.19999694824219,71.0999984741211,71.0999984741211,18031,0.0,0.0
2024-04-23 04:55:00+00:00,71.19999694824219,71.30000305175781,71.0999984741211,71.30000305175781,26070,0.0,0.0
2024-04-23 05:00:00+00:00,71.19999694824219,71.30000305175781,71.0999984741211,71.19999694824219,22450,0.0,0.0
2024-04-23 05:05:00+00:00,71.19999694824219,71.30000305175781,71.0999984741211,71.19999694824219,22155,0.0,0.0
2024-04-23 05:10:00+00:00,71.0999984741211,71.30000305175781,71.0,71.0999984741211,75851,0.0,0.0
2024-04-23 05:15:00+00:00,71.0999984741211,71.69999694824219,71.0,71.5999984741211,105512,0.0,0.0
2024-04-23 05:20:00+00:00,71.5999984741211,71.80000305175781,71.4000015258789,71.4000015258789,63231,0.0,0.0
2024-04-24 01:00:00+00:00,72.19999694824219,72.69999694824219,71.9000015258789,72.19999694824219,0,0.0,0.0
2024-04-24 01:05:00+00:00,72.0,72.5,71.69999694824219,72.5,54117,0.0,0.0
2024-04-24 01:10:00+00:00,72.19999694824219,72.30000305175781,72.0,72.30000305175781,18345,0.0,0.0
2024-04-24 01:15:00+00:00,72.0,72.5999984741211,72.0,72.4000015258789,52619,0.0,0.0
2024-04-24 01:20:00+00:00,72.5,72.80000305175781,72.5,72.5999984741211,21333,0.0,0.0
2024-04-24 01:25:00+00:00,72.5999984741211,72.9000015258789,72.5999984741211,72.9000015258789,42000,0.0,0.0
2024-04-24 01:30:00+00:00,73.0,73.30000305175781,72.80000305175781,73.19999694824219,52036,0.0,0.0
2024-04-24 01:35:00+00:00,73.19999694824219,73.4000015258789,73.0,73.0999984741211,41510,0.0,0.0
2024-04-24 01:40:00+00:00,73.0999984741211,73.4000015258789,73.0999984741211,73.30000305175781,35147,0.0,0.0
2024-04-24 01:50:00+00:00,73.30000305175781,73.5999984741211,73.19999694824219,73.5999984741211,51643,0.0,0.0
2024-04-24 01:55:00+00:00,73.5,73.5,73.19999694824219,73.30000305175781,57005,0.0,0.0
2024-04-24 02:00:00+00:00,73.30000305175781,73.30000305175781,73.19999694824219,73.19999694824219,15010,0.0,0.0
2024-04-24 02:05:00+00:00,73.19999694824219,73.19999694824219,73.0,73.0999984741211,24000,0.0,0.0
2024-04-24 02:10:00+00:00,73.0999984741211,73.0999984741211,73.0999984741211,73.0999984741211,2005,0.0,0.0
2024-04-24 02:15:00+00:00,73.0999984741211,73.30000305175781,73.0999984741211,73.19999694824219,9025,0.0,0.0
2024-04-24 02:20:00+00:00,73.0999984741211,73.19999694824219,73.0999984741211,73.19999694824219,12000,0.0,0.0
2024-04-24 02:25:00+00:00,73.19999694824219,73.4000015258789,73.19999694824219,73.4000015258789,12000,0.0,0.0
2024-04-24 02:30:00+00:00,73.4000015258789,73.4000015258789,73.30000305175781,73.30000305175781,9000,0.0,0.0
2024-04-24 02:35:00+00:00,73.30000305175781,73.30000305175781,73.30000305175781,73.30000305175781,6000,0.0,0.0
2024-04-24 02:40:00+00:00,73.30000305175781,73.30000305175781,73.30000305175781,73.30000305175781,21000,0.0,0.0
2024-04-24 02:45:00+00:00,73.30000305175781,73.30000305175781,73.30000305175781,73.30000305175781,3000,0.0,0.0
2024-04-24 02:50:00+00:00,73.30000305175781,73.30000305175781,73.30000305175781,73.30000305175781,3000,0.0,0.0
2024-04-24 02:55:00+00:00,73.30000305175781,73.4000015258789,73.30000305175781,73.4000015258789,20069,0.0,0.0
2024-04-24 03:00:00+00:00,73.4000015258789,73.5,73.4000015258789,73.4000015258789,27000,0.0,0.0
2024-04-24 03:05:00+00:00,73.5,73.5999984741211,73.5,73.5999984741211,20050,0.0,0.0
2024-04-24 03:10:00+00:00,73.69999694824219,73.80000305175781,73.5999984741211,73.5999984741211,14236,0.0,0.0
2024-04-24 03:15:00+00:00,73.80000305175781,74.0,73.80000305175781,73.9000015258789,33355,0.0,0.0
2024-04-24 03:20:00+00:00,73.80000305175781,73.80000305175781,73.69999694824219,73.80000305175781,40051,0.0,0.0
2024-04-24 03:25:00+00:00,73.9000015258789,73.9000015258789,73.80000305175781,73.80000305175781,5010,0.0,0.0
2024-04-24 03:30:00+00:00,73.69999694824219,73.80000305175781,73.69999694824219,73.80000305175781,8000,0.0,0.0
2024-04-24 03:35:00+00:00,73.80000305175781,73.9000015258789,73.80000305175781,73.9000015258789,10694,0.0,0.0
2024-04-24 03:40:00+00:00,73.9000015258789,73.9000015258789,73.80000305175781,73.9000015258789,5518,0.0,0.0
2024-04-24 03:45:00+00:00,73.80000305175781,73.80000305175781,73.80000305175781,73.80000305175781,8000,0.0,0.0
2024-04-24 03:50:00+00:00,73.80000305175781,73.80000305175781,73.80000305175781,73.80000305175781,2839,0.0,0.0
2024-04-24 03:55:00+00:00,73.69999694824219,73.80000305175781,73.69999694824219,73.69999694824219,13100,0.0,0.0
2024-04-24 04:00:00+00:00,73.5999984741211,73.5999984741211,73.4000015258789,73.4000015258789,36301,0.0,0.0
2024-04-24 04:05:00+00:00,73.4000015258789,73.4000015258789,73.30000305175781,73.4000015258789,7536,0.0,0.0
2024-04-24 04:10:00+00:00,73.30000305175781,73.30000305175781,73.30000305175781,73.30000305175781,1051,0.0,0.0
2024-04-24 04:15:00+00:00,73.30000305175781,73.30000305175781,73.30000305175781,73.30000305175781,5000,0.0,0.0
2024-04-24 04:20:00+00:00,73.30000305175781,73.30000305175781,73.30000305175781,73.30000305175781,1006,0.0,0.0
2024-04-24 04:25:00+00:00,73.30000305175781,73.5,73.30000305175781,73.5,19000,0.0,0.0
2024-04-24 04:30:00+00:00,73.4000015258789,73.4000015258789,73.4000015258789,73.4000015258789,2000,0.0,0.0
2024-04-24 04:35:00+00:00,73.4000015258789,73.4000015258789,73.30000305175781,73.30000305175781,17000,0.0,0.0
2024-04-24 04:40:00+00:00,73.30000305175781,73.30000305175781,73.30000305175781,73.30000305175781,1000,0.0,0.0
2024-04-24 04:45:00+00:00,73.4000015258789,73.4000015258789,73.4000015258789,73.4000015258789,1001,0.0,0.0
2024-04-24 04:50:00+00:00,73.4000015258789,73.4000015258789,73.4000015258789,73.4000015258789,1000,0.0,0.0
2024-04-24 04:55:00+00:00,73.4000015258789,73.5,73.30000305175781,73.5,33353,0.0,0.0
2024-04-24 05:00:00+00:00,73.5999984741211,73.80000305175781,73.5999984741211,73.80000305175781,19413,0.0,0.0
2024-04-24 05:05:00+00:00,73.69999694824219,73.80000305175781,73.69999694824219,73.80000305175781,12004,0.0,0.0
2024-04-24 05:10:00+00:00,73.5999984741211,73.80000305175781,73.5999984741211,73.5999984741211,7000,0.0,0.0
2024-04-24 05:15:00+00:00,73.5999984741211,73.69999694824219,73.5999984741211,73.5999984741211,10000,0.0,0.0
2024-04-24 05:20:00+00:00,73.80000305175781,73.80000305175781,73.69999694824219,73.80000305175781,9087,0.0,0.0
2024-04-25 01:00:00+00:00,73.0,73.80000305175781,73.0,73.0999984741211,0,0.0,0.0
2024-04-25 01:05:00+00:00,73.0999984741211,73.0999984741211,72.5999984741211,72.5999984741211,30157,0.0,0.0
2024-04-25 01:10:00+00:00,73.0,73.19999694824219,73.0,73.19999694824219,27000,0.0,0.0
2024-04-25 01:15:00+00:00,73.19999694824219,73.19999694824219,72.80000305175781,72.80000305175781,26325,0.0,0.0
2024-04-25 01:20:00+00:00,72.69999694824219,73.0,72.69999694824219,73.0,14000,0.0,0.0
2024-04-25 01:25:00+00:00,72.80000305175781,73.0,72.80000305175781,73.0,2207,0.0,0.0
2024-04-25 01:30:00+00:00,73.0,73.19999694824219,73.0,73.19999694824219,3025,0.0,0.0
2024-04-25 01:35:00+00:00,73.19999694824219,73.19999694824219,73.19999694824219,73.19999694824219,4000,0.0,0.0
2024-04-25 01:40:00+00:00,73.19999694824219,73.19999694824219,73.0,73.0,12027,0.0,0.0
2024-04-25 01:45:00+00:00,73.0,73.0,72.80000305175781,72.80000305175781,21049,0.0,0.0
2024-04-25 01:50:00+00:00,72.9000015258789,72.9000015258789,72.9000015258789,72.9000015258789,1000,0.0,0.0
2024-04-25 01:55:00+00:00,72.9000015258789,73.0,72.9000015258789,73.0,7000,0.0,0.0
2024-04-25 02:00:00+00:00,73.0,73.0,72.9000015258789,73.0,9540,0.0,0.0
2024-04-25 02:05:00+00:00,72.9000015258789,72.9000015258789,72.9000015258789,72.9000015258789,3854,0.0,0.0
2024-04-25 02:10:00+00:00,72.9000015258789,72.9000015258789,72.80000305175781,72.9000015258789,7000,0.0,0.0
2024-04-25 02:15:00+00:00,72.80000305175781,72.80000305175781,72.80000305175781,72.80000305175781,2000,0.0,0.0
2024-04-25 02:20:00+00:00,72.9000015258789,72.9000015258789,72.80000305175781,72.80000305175781,2925,0.0,0.0
2024-04-25 02:25:00+00:00,72.9000015258789,73.0999984741211,72.9000015258789,73.0999984741211,39000,0.0,0.0
2024-04-25 02:30:00+00:00,73.19999694824219,73.5,73.19999694824219,73.5,32472,0.0,0.0
2024-04-25 02:35:00+00:00,73.4000015258789,73.4000015258789,73.30000305175781,73.30000305175781,6000,0.0,0.0
2024-04-25 02:40:00+00:00,73.30000305175781,73.30000305175781,73.30000305175781,73.30000305175781,4000,0.0,0.0
2024-04-25 02:45:00+00:00,73.30000305175781,73.30000305175781,73.30000305175781,73.30000305175781,6000,0.0,0.0
2024-04-25 02:50:00+00:00,73.19999694824219,73.19999694824219,73.0999984741211,73.0999984741211,4000,0.0,0.0
2024-04-25 02:55:00+00:00,73.0,73.0,73.0,73.0,4000,0.0,0.0
2024-04-25 03:00:00+00:00,73.0,73.0,73.0,73.0,1000,0.0,0.0
2024-04-25 03:05:00+00:00,73.0,73.0,73.0,73.0,2000,0.0,0.0
2024-04-25 03:10:00+00:00,73.0,73.0,73.0,73.0,1000,0.0,0.0
2024-04-25 03:15:00+00:00,73.0,73.0,73.0,73.0,2000,0.0,0.0
2024-04-25 03:25:00+00:00,73.0,73.0,73.0,73.0,9000,0.0,0.0
2024-04-25 03:30:00+00:00,72.9000015258789,72.9000015258789,72.80000305175781,72.80000305175781,41000,0.0,0.0
2024-04-25 03:35:00+00:00,72.80000305175781,72.9000015258789,72.80000305175781,72.9000015258789,2000,0.0,0.0
2024-04-25 03:40:00+00:00,72.9000015258789,72.9000015258789,72.9000015258789,72.9000015258789,2000,0.0,0.0
2024-04-25 03:45:00+00:00,72.9000015258789,72.9000015258789,72.9000015258789,72.9000015258789,1000,0.0,0.0
2024-04-25 03:55:00+00:00,72.80000305175781,72.80000305175781,72.80000305175781,72.80000305175781,9000,0.0,0.0
2024-04-25 04:00:00+00:00,72.80000305175781,72.80000305175781,72.80000305175781,72.80000305175781,2000,0.0,0.0
2024-04-25 04:05:00+00:00,72.69999694824219,72.69999694824219,72.69999694824219,72.69999694824219,12000,0.0,0.0
2024-04-25 04:10:00+00:00,72.5999984741211,72.80000305175781,72.5999984741211,72.5999984741211,6000,0.0,0.0
2024-04-25 04:15:00+00:00,72.5999984741211,72.5999984741211,72.5999984741211,72.5999984741211,8910,0.0,0.0
2024-04-25 04:20:00+00:00,72.69999694824219,73.0,72.69999694824219,72.9000015258789,28000,0.0,0.0
2024-04-25 04:25:00+00:00,72.9000015258789,72.9000015258789,72.9000015258789,72.9000015258789,1000,0.0,0.0
2024-04-25 04:35:00+00:00,72.9000015258789,73.0,72.9000015258789,73.0,14020,0.0,0.0
2024-04-25 04:40:00+00:00,73.0,73.0,73.0,73.0,4000,0.0,0.0
2024-04-25 04:45:00+00:00,73.0999984741211,73.0999984741211,73.0,73.0,30000,0.0,0.0
2024-04-25 04:50:00+00:00,73.0,73.0,73.0,73.0,1213,0.0,0.0
2024-04-25 05:00:00+00:00,73.0,73.0,73.0,73.0,5000,0.0,0.0
2024-04-25 05:05:00+00:00,73.0,73.0,72.9000015258789,73.0,9262,0.0,0.0
2024-04-25 05:10:00+00:00,73.0,73.0,73.0,73.0,7000,0.0,0.0
2024-04-25 05:15:00+00:00,72.9000015258789,73.0999984741211,72.9000015258789,73.0,10000,0.0,0.0
2024-04-25 05:20:00+00:00,73.0999984741211,73.0999984741211,72.9000015258789,73.0999984741211,16080,0.0,0.0
2024-04-26 01:00:00+00:00,73.5,73.5,72.69999694824219,73.0,0,0.0,0.0
2024-04-26 01:05:00+00:00,73.0999984741211,73.30000305175781,73.0999984741211,73.30000305175781,21120,0.0,0.0
2024-04-26 01:10:00+00:00,73.30000305175781,73.30000305175781,73.0999984741211,73.0999984741211,12117,0.0,0.0
2024-04-26 01:15:00+00:00,73.0,73.0999984741211,72.9000015258789,73.0999984741211,24001,0.0,0.0
2024-04-26 01:20:00+00:00,73.30000305175781,73.4000015258789,73.30000305175781,73.4000015258789,5000,0.0,0.0
2024-04-26 01:25:00+00:00,73.19999694824219,73.19999694824219,73.0999984741211,73.0999984741211,4000,0.0,0.0
2024-04-26 01:30:00+00:00,73.0999984741211,73.5,73.0999984741211,73.5,26050,0.0,0.0
2024-04-26 01:35:00+00:00,73.4000015258789,73.4000015258789,73.30000305175781,73.30000305175781,6015,0.0,0.0
2024-04-26 01:40:00+00:00,73.30000305175781,73.9000015258789,73.30000305175781,73.69999694824219,49150,0.0,0.0
2024-04-26 01:45:00+00:00,73.69999694824219,73.80000305175781,73.69999694824219,73.69999694824219,20000,0.0,0.0
2024-04-26 01:50:00+00:00,73.80000305175781,73.9000015258789,73.80000305175781,73.9000015258789,21000,0.0,0.0
2024-04-26 01:55:00+00:00,73.80000305175781,73.80000305175781,73.4000015258789,73.4000015258789,43030,0.0,0.0
2024-04-26 02:00:00+00:00,73.80000305175781,73.80000305175781,73.80000305175781,73.80000305175781,4000,0.0,0.0
2024-04-26 02:05:00+00:00,73.5999984741211,73.80000305175781,73.5999984741211,73.69999694824219,17015,0.0,0.0
2024-04-26 02:10:00+00:00,73.80000305175781,73.80000305175781,73.5999984741211,73.5999984741211,32100,0.0,0.0
2024-04-26 02:15:00+00:00,73.5999984741211,74.19999694824219,73.5999984741211,74.19999694824219,95012,0.0,0.0
2024-04-26 02:20:00+00:00,74.0999984741211,74.5,74.0999984741211,74.4000015258789,60800,0.0,0.0
2024-04-26 02:25:00+00:00,74.4000015258789,74.69999694824219,74.19999694824219,74.5999984741211,109584,0.0,0.0
2024-04-26 02:30:00+00:00,74.5999984741211,74.5999984741211,74.4000015258789,74.4000015258789,29770,0.0,0.0
2024-04-26 02:35:00+00:00,74.4000015258789,74.80000305175781,74.4000015258789,74.80000305175781,61392,0.0,0.0
2024-04-26 02:40:00+00:00,74.69999694824219,74.69999694824219,74.5,74.5999984741211,28000,0.0,0.0
2024-04-26 02:45:00+00:00,74.4000015258789,74.4000015258789,73.9000015258789,73.9000015258789,47259,0.0,0.0
2024-04-26 02:50:00+00:00,74.0,74.0999984741211,74.0,74.0999984741211,4100,0.0,0.0
2024-04-26 02:55:00+00:00,74.0999984741211,74.0999984741211,74.0999984741211,74.0999984741211,5020,0.0,0.0
2024-04-26 03:00:00+00:00,74.0999984741211,74.0999984741211,74.0999984741211,74.0999984741211,1103,0.0,0.0
2024-04-26 03:05:00+00:00,74.0999984741211,74.0999984741211,74.0999984741211,74.0999984741211,3000,0.0,0.0
2024-04-26 03:10:00+00:00,74.0999984741211,74.0999984741211,74.0999984741211,74.0999984741211,15000,0.0,0.0
2024-04-26 03:15:00+00:00,74.19999694824219,74.19999694824219,74.0999984741211,74.0999984741211,3000,0.0,0.0
2024-04-26 03:20:00+00:00,74.19999694824219,74.19999694824219,74.0999984741211,74.0999984741211,7000,0.0,0.0
2024-04-26 03:25:00+00:00,74.0999984741211,74.0999984741211,74.0,74.0999984741211,9010,0.0,0.0
2024-04-26 03:30:00+00:00,74.0,74.0999984741211,74.0,74.0999984741211,3000,0.0,0.0
2024-04-26 03:35:00+00:00,73.9000015258789,73.9000015258789,73.9000015258789,73.9000015258789,23089,0.0,0.0
2024-04-26 03:40:00+00:00,73.80000305175781,73.9000015258789,73.80000305175781,73.9000015258789,8000,0.0,0.0
2024-04-26 03:45:00+00:00,73.80000305175781,73.9000015258789,73.80000305175781,73.9000015258789,11090,0.0,0.0
2024-04-26 03:50:00+00:00,73.9000015258789,73.9000015258789,73.9000015258789,73.9000015258789,5000,0.0,0.0
2024-04-26 03:55:00+00:00,73.80000305175781,73.80000305175781,73.80000305175781,73.80000305175781,7000,0.0,0.0
2024-04-26 04:00:00+00:00,73.80000305175781,73.9000015258789,73.80000305175781,73.9000015258789,2000,0.0,0.0
2024-04-26 04:05:00+00:00,73.80000305175781,73.80000305175781,73.69999694824219,73.69999694824219,13031,0.0,0.0
2024-04-26 04:10:00+00:00,73.69999694824219,73.69999694824219,73.5999984741211,73.5999984741211,16106,0.0,0.0
2024-04-26 04:15:00+00:00,73.5999984741211,73.5999984741211,73.5999984741211,73.5999984741211,1050,0.0,0.0
2024-04-26 04:20:00+00:00,73.5999984741211,73.5999984741211,73.5999984741211,73.5999984741211,5290,0.0,0.0
2024-04-26 04:25:00+00:00,73.5,73.5,73.5,73.5,28100,0.0,0.0
2024-04-26 04:30:00+00:00,73.5,73.5,73.5,73.5,7000,0.0,0.0
2024-04-26 04:35:00+00:00,73.5,73.5999984741211,73.5,73.5999984741211,4000,0.0,0.0
2024-04-26 04:40:00+00:00,73.5,73.5,73.4000015258789,73.4000015258789,11564,0.0,0.0
2024-04-26 04:45:00+00:00,73.30000305175781,73.30000305175781,73.19999694824219,73.30000305175781,16050,0.0,0.0
2024-04-26 04:50:00+00:00,73.30000305175781,73.30000305175781,73.30000305175781,73.30000305175781,1000,0.0,0.0
2024-04-26 04:55:00+00:00,73.19999694824219,73.30000305175781,73.19999694824219,73.30000305175781,3000,0.0,0.0
2024-04-26 05:00:00+00:00,73.30000305175781,73.30000305175781,73.0999984741211,73.0999984741211,24300,0.0,0.0
2024-04-26 05:05:00+00:00,73.0,73.19999694824219,73.0,73.19999694824219,12000,0.0,0.0
2024-04-26 05:10:00+00:00,73.30000305175781,73.5999984741211,73.19999694824219,73.30000305175781,34000,0.0,0.0
2024-04-26 05:15:00+00:00,73.30000305175781,73.30000305175781,73.30000305175781,73.30000305175781,11015,0.0,0.0
2024-04-26 05:20:00+00:00,73.19999694824219,73.19999694824219,73.0,73.0,38146,0.0,0.0
2024-04-29 01:00:00+00:00,73.5,74.0999984741211,73.4000015258789,74.0,0,0.0,0.0
2024-04-29 01:05:00+00:00,74.0,74.4000015258789,74.0,74.4000015258789,28000,0.0,0.0
2024-04-29 01:10:00+00:00,74.4000015258789,74.4000015258789,73.9000015258789,74.0,34367,0.0,0.0
2024-04-29 01:15:00+00:00,74.0,74.0999984741211,73.69999694824219,73.69999694824219,39516,0.0,0.0
2024-04-29 01:20:00+00:00,73.69999694824219,73.80000305175781,73.4000015258789,73.5,61000,0.0,0.0
2024-04-29 01:25:00+00:00,73.5,73.5,73.30000305175781,73.4000015258789,78040,0.0,0.0
2024-04-29 01:30:00+00:00,73.5,73.5,73.5,73.5,19000,0.0,0.0
2024-04-29 01:35:00+00:00,73.5,73.5,73.30000305175781,73.30000305175781,48355,0.0,0.0
2024-04-29 01:40:00+00:00,73.30000305175781,73.69999694824219,73.19999694824219,73.69999694824219,27000,0.0,0.0
2024-04-29 01:45:00+00:00,73.5999984741211,73.5999984741211,73.30000305175781,73.30000305175781,30000,0.0,0.0
2024-04-29 01:50:00+00:00,73.5,73.5,73.5,73.5,15126,0.0,0.0
2024-04-29 01:55:00+00:00,73.5,73.80000305175781,73.4000015258789,73.80000305175781,20100,0.0,0.0
2024-04-29 02:00:00+00:00,73.69999694824219,73.9000015258789,73.69999694824219,73.9000015258789,15332,0.0,0.0
2024-04-29 02:05:00+00:00,73.9000015258789,73.9000015258789,73.80000305175781,73.80000305175781,7800,0.0,0.0
2024-04-29 02:10:00+00:00,73.80000305175781,73.80000305175781,73.80000305175781,73.80000305175781,1000,0.0,0.0
2024-04-29 02:15:00+00:00,73.69999694824219,73.69999694824219,73.69999694824219,73.69999694824219,9000,0.0,0.0
2024-04-29 02:20:00+00:00,73.69999694824219,73.69999694824219,73.69999694824219,73.69999694824219,8000,0.0,0.0
2024-04-29 02:25:00+00:00,73.69999694824219,73.80000305175781,73.69999694824219,73.80000305175781,12000,0.0,0.0
2024-04-29 02:30:00+00:00,73.80000305175781,73.80000305175781,73.69999694824219,73.69999694824219,4000,0.0,0.0
2024-04-29 02:40:00+00:00,73.69999694824219,73.9000015258789,73.69999694824219,73.9000015258789,22010,0.0,0.0
2024-04-29 02:45:00+00:00,73.80000305175781,73.80000305175781,73.80000305175781,73.80000305175781,2028,0.0,0.0
2024-04-29 02:50:00+00:00,73.80000305175781,73.80000305175781,73.80000305175781,73.80000305175781,2000,0.0,0.0
2024-04-29 02:55:00+00:00,73.9000015258789,73.9000015258789,73.9000015258789,73.9000015258789,1000,0.0,0.0
2024-04-29 03:00:00+00:00,73.80000305175781,73.80000305175781,73.80000305175781,73.80000305175781,12000,0.0,0.0
2024-04-29 03:05:00+00:00,73.69999694824219,73.69999694824219,73.69999694824219,73.69999694824219,20160,0.0,0.0
2024-04-29 03:10:00+00:00,73.80000305175781,73.80000305175781,73.5999984741211,73.5999984741211,6001,0.0,0.0
2024-04-29 03:15:00+00:00,73.80000305175781,73.80000305175781,73.80000305175781,73.80000305175781,2135,0.0,0.0
2024-04-29 03:20:00+00:00,73.80000305175781,73.80000305175781,73.80000305175781,73.80000305175781,2000,0.0,0.0
2024-04-29 03:25:00+00:00,73.69999694824219,73.69999694824219,73.5999984741211,73.5999984741211,12000,0.0,0.0
2024-04-29 03:30:00+00:00,73.69999694824219,73.69999694824219,73.69999694824219,73.69999694824219,2290,0.0,0.0
2024-04-29 03:35:00+00:00,73.69999694824219,73.80000305175781,73.69999694824219,73.80000305175781,11000,0.0,0.0
2024-04-29 03:40:00+00:00,73.80000305175781,73.9000015258789,73.80000305175781,73.9000015258789,9000,0.0,0.0
2024-04-29 03:45:00+00:00,73.9000015258789,74.0999984741211,73.9000015258789,74.0999984741211,38418,0.0,0.0
2024-04-29 03:50:00+00:00,74.0999984741211,74.0999984741211,74.0,74.0,19000,0.0,0.0
2024-04-29 03:55:00+00:00,74.0999984741211,74.0999984741211,74.0,74.0,2000,0.0,0.0
2024-04-29 04:00:00+00:00,74.19999694824219,74.4000015258789,74.19999694824219,74.4000015258789,31186,0.0,0.0
2024-04-29 04:05:00+00:00,74.30000305175781,74.4000015258789,74.30000305175781,74.4000015258789,10000,0.0,0.0
2024-04-29 04:10:00+00:00,74.4000015258789,74.4000015258789,74.4000015258789,74.4000015258789,4000,0.0,0.0
2024-04-29 04:15:00+00:00,74.4000015258789,74.4000015258789,74.4000015258789,74.4000015258789,17000,0.0,0.0
2024-04-29 04:20:00+00:00,74.4000015258789,74.5999984741211,74.4000015258789,74.5999984741211,41088,0.0,0.0
2024-04-29 04:25:00+00:00,74.5999984741211,74.5999984741211,74.5,74.5999984741211,25445,0.0,0.0
2024-04-29 04:30:00+00:00,74.5,74.5,74.4000015258789,74.4000015258789,22001,0.0,0.0
2024-04-29 04:35:00+00:00,74.4000015258789,74.4000015258789,74.30000305175781,74.30000305175781,13010,0.0,0.0
2024-04-29 04:40:00+00:00,74.30000305175781,74.30000305175781,74.30000305175781,74.30000305175781,8000,0.0,0.0
2024-04-29 04:45:00+00:00,74.30000305175781,74.4000015258789,74.30000305175781,74.4000015258789,5149,0.0,0.0
2024-04-29 04:50:00+00:00,74.30000305175781,74.30000305175781,74.19999694824219,74.30000305175781,22002,0.0,0.0
2024-04-29 04:55:00+00:00,74.30000305175781,74.30000305175781,74.30000305175781,74.30000305175781,1000,0.0,0.0
2024-04-29 05:00:00+00:00,74.30000305175781,74.30000305175781,74.30000305175781,74.30000305175781,3000,0.0,0.0
2024-04-29 05:05:00+00:00,74.30000305175781,74.30000305175781,74.30000305175781,74.30000305175781,1120,0.0,0.0
2024-04-29 05:10:00+00:00,74.19999694824219,74.30000305175781,74.0999984741211,74.19999694824219,14430,0.0,0.0
2024-04-29 05:15:00+00:00,74.0999984741211,74.4000015258789,74.0999984741211,74.4000015258789,34000,0.0,0.0
2024-04-29 05:20:00+00:00,74.4000015258789,74.5,74.30000305175781,74.30000305175781,50333,0.0,0.0
2024-04-30 01:00:00+00:00,75.19999694824219,75.19999694824219,74.69999694824219,74.69999694824219,0,0.0,0.0
2024-04-30 01:05:00+00:00,74.69999694824219,74.69999694824219,74.4000015258789,74.5,26757,0.0,0.0
2024-04-30 01:10:00+00:00,74.4000015258789,74.5,74.4000015258789,74.5,6023,0.0,0.0
2024-04-30 01:15:00+00:00,74.5,74.69999694824219,74.5,74.69999694824219,17320,0.0,0.0
2024-04-30 01:20:00+00:00,74.69999694824219,74.80000305175781,74.5999984741211,74.80000305175781,14096,0.0,0.0
2024-04-30 01:25:00+00:00,74.80000305175781,74.80000305175781,74.80000305175781,74.80000305175781,11100,0.0,0.0
2024-04-30 01:30:00+00:00,74.80000305175781,74.80000305175781,74.4000015258789,74.4000015258789,62020,0.0,0.0
2024-04-30 01:35:00+00:00,74.5999984741211,75.0,74.5999984741211,75.0,31166,0.0,0.0
2024-04-30 01:40:00+00:00,75.0,75.0999984741211,75.0,75.0,27005,0.0,0.0
2024-04-30 01:45:00+00:00,75.0,75.0,75.0,75.0,2000,0.0,0.0
2024-04-30 01:50:00+00:00,74.9000015258789,74.9000015258789,74.80000305175781,74.9000015258789,25065,0.0,0.0
2024-04-30 01:55:00+00:00,74.80000305175781,75.0,74.80000305175781,74.9000015258789,6029,0.0,0.0
2024-04-30 02:00:00+00:00,74.80000305175781,74.80000305175781,74.69999694824219,74.69999694824219,17000,0.0,0.0
2024-04-30 02:05:00+00:00,74.69999694824219,74.69999694824219,74.69999694824219,74.69999694824219,2172,0.0,0.0
2024-04-30 02:15:00+00:00,74.5999984741211,74.5999984741211,74.30000305175781,74.30000305175781,76000,0.0,0.0
2024-04-30 02:20:00+00:00,74.4000015258789,74.4000015258789,74.4000015258789,74.4000015258789,1000,0.0,0.0
2024-04-30 02:25:00+00:00,74.5,74.5,74.5,74.5,3000,0.0,0.0
2024-04-30 02:30:00+00:00,74.5,74.5,74.5,74.5,4000,0.0,0.0
2024-04-30 02:35:00+00:00,74.5999984741211,74.5999984741211,74.5,74.5,4000,0.0,0.0
2024-04-30 02:45:00+00:00,74.5,74.5,74.5,74.5,16150,0.0,0.0
2024-04-30 02:55:00+00:00,74.5999984741211,74.5999984741211,74.5999984741211,74.5999984741211,1000,0.0,0.0
2024-04-30 03:00:00+00:00,74.5999984741211,74.5999984741211,74.5999984741211,74.5999984741211,10100,0.0,0.0
2024-04-30 03:05:00+00:00,74.5999984741211,74.5999984741211,74.5,74.5,34000,0.0,0.0
2024-04-30 03:10:00+00:00,74.5,74.5,74.5,74.5,1000,0.0,0.0
2024-04-30 03:20:00+00:00,74.5,74.5,74.30000305175781,74.30000305175781,85000,0.0,0.0
2024-04-30 03:25:00+00:00,74.30000305175781,74.5,74.30000305175781,74.5,6239,0.0,0.0
2024-04-30 03:30:00+00:00,74.4000015258789,74.4000015258789,74.30000305175781,74.30000305175781,34120,0.0,0.0
2024-04-30 03:40:00+00:00,74.30000305175781,74.4000015258789,74.30000305175781,74.4000015258789,4000,0.0,0.0
2024-04-30 03:50:00+00:00,74.5,74.5,74.5,74.5,4000,0.0,0.0
2024-04-30 03:55:00+00:00,74.5,74.5,74.5,74.5,10166,0.0,0.0
2024-04-30 04:00:00+00:00,74.4000015258789,74.5,74.4000015258789,74.5,12000,0.0,0.0
2024-04-30 04:05:00+00:00,74.5,74.5,74.5,74.5,1150,0.0,0.0
2024-04-30 04:10:00+00:00,74.4000015258789,74.5,74.30000305175781,74.30000305175781,19000,0.0,0.0
2024-04-30 04:15:00+00:00,74.30000305175781,74.30000305175781,74.19999694824219,74.19999694824219,7000,0.0,0.0
2024-04-30 04:20:00+00:00,74.19999694824219,74.19999694824219,74.19999694824219,74.19999694824219,6000,0.0,0.0
2024-04-30 04:25:00+00:00,74.19999694824219,74.19999694824219,74.19999694824219,74.19999694824219,3000,0.0,0.0
2024-04-30 04:30:00+00:00,74.19999694824219,74.19999694824219,74.19999694824219,74.19999694824219,3000,0.0,0.0
2024-04-30 04:35:00+00:00,74.19999694824219,74.19999694824219,74.19999694824219,74.19999694824219,2000,0.0,0.0
2024-04-30 04:40:00+00:00,74.19999694824219,74.30000305175781,74.19999694824219,74.30000305175781,2492,0.0,0.0
2024-04-30 04:45:00+00:00,74.30000305175781,74.30000305175781,74.30000305175781,74.30000305175781,1100,0.0,0.0
2024-04-30 04:50:00+00:00,74.30000305175781,74.30000305175781,74.30000305175781,74.30000305175781,1250,0.0,0.0
2024-04-30 04:55:00+00:00,74.19999694824219,74.30000305175781,74.19999694824219,74.30000305175781,3005,0.0,0.0
2024-04-30 05:00:00+00:00,74.19999694824219,74.30000305175781,74.19999694824219,74.30000305175781,14000,0.0,0.0
2024-04-30 05:05:00+00:00,74.30000305175781,74.4000015258789,74.30000305175781,74.4000015258789,2100,0.0,0.0
2024-04-30 05:10:00+00:00,74.4000015258789,74.4000015258789,74.19999694824219,74.4000015258789,15000,0.0,0.0
2024-04-30 05:15:00+00:00,74.4000015258789,74.5,74.4000015258789,74.5,6000,0.0,0.0
2024-04-30 05:20:00+00:00,74.5,74.5,74.30000305175781,74.30000305175781,3000,0.0,0.0
2024-05-02 01:00:00+00:00,74.19999694824219,74.30000305175781,74.0999984741211,74.19999694824219,0,0.0,0.0
2024-05-02 01:05:00+00:00,74.0999984741211,74.0999984741211,73.9000015258789,73.9000015258789,22190,0.0,0.0
2024-05-02 01:10:00+00:00,73.9000015258789,73.9000015258789,73.5999984741211,73.69999694824219,27400,0.0,0.0
2024-05-02 01:15:00+00:00,73.80000305175781,74.19999694824219,73.80000305175781,74.19999694824219,20494,0.0,0.0
2024-05-02 01:20:00+00:00,74.19999694824219,74.19999694824219,74.19999694824219,74.19999694824219,0,0.0,0.0
2024-05-02 01:25:00+00:00,74.0,74.19999694824219,74.0,74.19999694824219,113084,0.0,0.0
2024-05-02 01:30:00+00:00,74.19999694824219,74.19999694824219,74.0,74.0999984741211,26000,0.0,0.0
2024-05-02 01:35:00+00:00,74.0,74.0,73.80000305175781,74.0,29000,0.0,0.0
2024-05-02 01:40:00+00:00,74.0999984741211,74.0999984741211,74.0,74.0,3000,0.0,0.0
2024-05-02 01:45:00+00:00,74.19999694824219,74.80000305175781,74.19999694824219,74.80000305175781,25061,0.0,0.0
2024-05-02 01:50:00+00:00,74.80000305175781,74.9000015258789,74.5999984741211,74.5999984741211,19215,0.0,0.0
2024-05-02 01:55:00+00:00,74.69999694824219,74.69999694824219,74.5,74.5,11024,0.0,0.0
2024-05-02 02:00:00+00:00,74.5999984741211,74.69999694824219,74.5999984741211,74.69999694824219,22430,0.0,0.0
2024-05-02 02:05:00+00:00,74.5999984741211,74.5999984741211,74.5,74.5,9000,0.0,0.0
2024-05-02 02:10:00+00:00,74.5,74.5,74.5,74.5,5017,0.0,0.0
2024-05-02 02:15:00+00:00,74.19999694824219,74.19999694824219,74.0999984741211,74.0999984741211,6083,0.0,0.0
2024-05-02 02:20:00+00:00,74.0,74.0,74.0,74.0,14045,0.0,0.0
2024-05-02 02:25:00+00:00,73.9000015258789,74.0,73.9000015258789,73.9000015258789,4055,0.0,0.0
2024-05-02 02:30:00+00:00,73.80000305175781,73.80000305175781,73.5999984741211,73.80000305175781,51000,0.0,0.0
2024-05-02 02:35:00+00:00,73.80000305175781,74.0,73.80000305175781,74.0,18000,0.0,0.0
2024-05-02 02:40:00+00:00,74.0,74.0,74.0,74.0,5000,0.0,0.0
2024-05-02 02:45:00+00:00,74.0,74.0,73.9000015258789,73.9000015258789,9194,0.0,0.0
2024-05-02 03:00:00+00:00,74.0,74.0,73.9000015258789,73.9000015258789,10000,0.0,0.0
2024-05-02 03:05:00+00:00,73.9000015258789,73.9000015258789,73.9000015258789,73.9000015258789,1100,0.0,0.0
2024-05-02 03:10:00+00:00,73.9000015258789,74.30000305175781,73.9000015258789,74.30000305175781,31000,0.0,0.0
2024-05-02 03:15:00+00:00,74.30000305175781,74.5,74.19999694824219,74.19999694824219,21207,0.0,0.0
2024-05-02 03:35:00+00:00,74.30000305175781,74.5,74.30000305175781,74.5,7181,0.0,0.0
2024-05-02 03:40:00+00:00,74.4000015258789,74.4000015258789,74.4000015258789,74.4000015258789,4000,0.0,0.0
2024-05-02 03:45:00+00:00,74.5,74.5,74.5,74.5,15000,0.0,0.0
2024-05-02 03:50:00+00:00,74.5,74.5,74.5,74.5,1000,0.0,0.0
2024-05-02 03:55:00+00:00,74.5,74.5,74.5,74.5,4000,0.0,0.0
2024-05-02 04:00:00+00:00,74.5,74.5,74.5,74.5,1000,0.0,0.0
2024-05-02 04:05:00+00:00,74.5,74.5,74.4000015258789,74.5,11100,0.0,0.0
2024-05-02 04:15:00+00:00,74.4000015258789,74.4000015258789,74.30000305175781,74.30000305175781,5000,0.0,0.0
2024-05-02 04:20:00+00:00,74.30000305175781,74.4000015258789,74.19999694824219,74.30000305175781,72281,0.0,0.0
2024-05-02 04:25:00+00:00,74.5,74.5,74.19999694824219,74.19999694824219,22000,0.0,0.0
2024-05-02 04:30:00+00:00,74.19999694824219,74.19999694824219,74.0999984741211,74.19999694824219,18100,0.0,0.0
2024-05-02 04:35:00+00:00,74.30000305175781,74.4000015258789,74.30000305175781,74.30000305175781,42200,0.0,0.0
2024-05-02 04:40:00+00:00,74.30000305175781,74.30000305175781,74.30000305175781,74.30000305175781,3000,0.0,0.0
2024-05-02 04:45:00+00:00,74.30000305175781,74.30000305175781,74.19999694824219,74.19999694824219,11040,0.0,0.0
2024-05-02 04:50:00+00:00,74.19999694824219,74.5,74.19999694824219,74.5,27110,0.0,0.0
2024-05-02 04:55:00+00:00,74.30000305175781,74.30000305175781,74.30000305175781,74.30000305175781,2200,0.0,0.0
2024-05-02 05:00:00+00:00,74.30000305175781,74.30000305175781,74.30000305175781,74.30000305175781,2000,0.0,0.0
2024-05-02 05:05:00+00:00,74.30000305175781,74.30000305175781,74.19999694824219,74.30000305175781,16000,0.0,0.0
2024-05-02 05:10:00+00:00,74.19999694824219,74.5,74.19999694824219,74.30000305175781,49782,0.0,0.0
2024-05-02 05:15:00+00:00,74.5,74.5999984741211,74.4000015258789,74.5,14200,0.0,0.0
2024-05-02 05:20:00+00:00,74.5,74.69999694824219,74.5,74.69999694824219,21314,0.0,0.0
2024-05-03 01:00:00+00:00,75.0,75.4000015258789,74.80000305175781,74.80000305175781,0,0.0,0.0
2024-05-03 01:05:00+00:00,74.80000305175781,75.0999984741211,74.69999694824219,74.9000015258789,35000,0.0,0.0
2024-05-03 01:10:00+00:00,74.9000015258789,75.0999984741211,74.9000015258789,74.9000015258789,57139,0.0,0.0
2024-05-03 01:15:00+00:00,74.9000015258789,74.9000015258789,74.69999694824219,74.9000015258789,34563,0.0,0.0
2024-05-03 01:20:00+00:00,74.69999694824219,74.80000305175781,74.69999694824219,74.80000305175781,12002,0.0,0.0
2024-05-03 01:25:00+00:00,74.69999694824219,74.69999694824219,74.5999984741211,74.5999984741211,21226,0.0,0.0
2024-05-03 01:30:00+00:00,74.5999984741211,74.69999694824219,74.4000015258789,74.4000015258789,39000,0.0,0.0
2024-05-03 01:35:00+00:00,74.5,74.5,74.19999694824219,74.19999694824219,26002,0.0,0.0
2024-05-03 01:40:00+00:00,74.19999694824219,74.5999984741211,74.19999694824219,74.5,8000,0.0,0.0
2024-05-03 01:45:00+00:00,74.5,74.5,74.4000015258789,74.5,7294,0.0,0.0
2024-05-03 01:50:00+00:00,74.5,74.69999694824219,74.5,74.5,11000,0.0,0.0
2024-05-03 01:55:00+00:00,74.4000015258789,74.4000015258789,74.30000305175781,74.30000305175781,15000,0.0,0.0
2024-05-03 02:00:00+00:00,74.19999694824219,74.19999694824219,74.19999694824219,74.19999694824219,9713,0.0,0.0
2024-05-03 02:05:00+00:00,74.30000305175781,74.4000015258789,74.30000305175781,74.30000305175781,63000,0.0,0.0
2024-05-03 02:10:00+00:00,74.4000015258789,74.4000015258789,74.19999694824219,74.19999694824219,8000,0.0,0.0
2024-05-03 02:15:00+00:00,74.30000305175781,74.4000015258789,74.30000305175781,74.30000305175781,8104,0.0,0.0
2024-05-03 02:20:00+00:00,74.19999694824219,74.30000305175781,74.0999984741211,74.0999984741211,36306,0.0,0.0
2024-05-03 02:25:00+00:00,74.0,74.4000015258789,73.9000015258789,74.19999694824219,51301,0.0,0.0
2024-05-03 02:30:00+00:00,74.19999694824219,74.19999694824219,74.19999694824219,74.19999694824219,2200,0.0,0.0
2024-05-03 02:40:00+00:00,74.0999984741211,74.0999984741211,74.0,74.0,17200,0.0,0.0
2024-05-03 02:45:00+00:00,74.0,74.0,74.0,74.0,7000,0.0,0.0
2024-05-03 02:50:00+00:00,74.0999984741211,74.0999984741211,73.9000015258789,74.0,43200,0.0,0.0
2024-05-03 02:55:00+00:00,74.0,74.19999694824219,74.0,74.19999694824219,9280,0.0,0.0
2024-05-03 03:00:00+00:00,74.0,74.0,74.0,74.0,10038,0.0,0.0
2024-05-03 03:05:00+00:00,74.0,74.19999694824219,74.0,74.19999694824219,37040,0.0,0.0
2024-05-03 03:10:00+00:00,74.30000305175781,74.30000305175781,74.30000305175781,74.30000305175781,1069,0.0,0.0
2024-05-03 03:15:00+00:00,74.30000305175781,74.30000305175781,74.30000305175781,74.30000305175781,4000,0.0,0.0
2024-05-03 03:20:00+00:00,74.30000305175781,74.30000305175781,74.0,74.0,39420,0.0,0.0
2024-05-03 03:25:00+00:00,74.0,74.0,74.0,74.0,2058,0.0,0.0
2024-05-03 03:30:00+00:00,73.9000015258789,74.19999694824219,73.9000015258789,74.19999694824219,0,0.0,0.0
2024-05-03 03:35:00+00:00,74.19999694824219,74.19999694824219,74.0999984741211,74.0999984741211,655164,0.0,0.0
2024-05-03 03:40:00+00:00,74.0999984741211,74.19999694824219,74.0999984741211,74.19999694824219,2000,0.0,0.0
2024-05-03 03:45:00+00:00,74.30000305175781,74.30000305175781,74.30000305175781,74.30000305175781,1029,0.0,0.0
2024-05-03 03:50:00+00:00,74.19999694824219,74.19999694824219,74.19999694824219,74.19999694824219,6539,0.0,0.0
2024-05-03 04:05:00+00:00,74.0999984741211,74.0999984741211,74.0999984741211,74.0999984741211,5000,0.0,0.0
2024-05-03 04:15:00+00:00,74.0999984741211,74.0999984741211,74.0,74.0,11211,0.0,0.0
2024-05-03 04:20:00+00:00,74.0,74.0,73.9000015258789,73.9000015258789,21006,0.0,0.0
2024-05-03 04:25:00+00:00,73.9000015258789,73.9000015258789,73.9000015258789,73.9000015258789,1000,0.0,0.0
2024-05-03 04:30:00+00:00,73.9000015258789,73.9000015258789,73.80000305175781,73.9000015258789,32574,0.0,0.0
2024-05-03 04:35:00+00:00,73.9000015258789,73.9000015258789,73.80000305175781,73.80000305175781,9140,0.0,0.0
2024-05-03 04:40:00+00:00,73.80000305175781,73.80000305175781,73.69999694824219,73.69999694824219,45811,0.0,0.0
2024-05-03 04:45:00+00:00,73.69999694824219,73.80000305175781,73.5,73.5,60000,0.0,0.0
2024-05-03 04:50:00+00:00,73.5,73.69999694824219,73.4000015258789,73.69999694824219,32626,0.0,0.0
2024-05-03 04:55:00+00:00,73.5999984741211,73.5999984741211,73.5,73.5,19030,0.0,0.0
2024-05-03 05:00:00+00:00,73.5999984741211,73.5999984741211,73.4000015258789,73.4000015258789,25305,0.0,0.0
2024-05-03 05:05:00+00:00,73.4000015258789,73.4000015258789,73.4000015258789,73.4000015258789,22611,0.0,0.0
2024-05-03 05:10:00+00:00,73.4000015258789,73.5,73.4000015258789,73.5,6000,0.0,0.0
2024-05-03 05:15:00+00:00,73.4000015258789,73.4000015258789,73.30000305175781,73.30000305175781,15000,0.0,0.0
2024-05-03 05:20:00+00:00,73.30000305175781,74.0,73.30000305175781,73.80000305175781,57250,0.0,0.0
2024-05-06 01:00:00+00:00,74.19999694824219,74.5,74.0,74.4000015258789,0,0.0,0.0
2024-05-06 01:05:00+00:00,74.4000015258789,74.4000015258789,74.0999984741211,74.19999694824219,15000,0.0,0.0
2024-05-06 01:10:00+00:00,73.9000015258789,74.0999984741211,73.9000015258789,74.0,39150,0.0,0.0
2024-05-06 01:15:00+00:00,74.0,74.0,73.9000015258789,74.0,19200,0.0,0.0
2024-05-06 01:20:00+00:00,74.0,74.0999984741211,74.0,74.0,7674,0.0,0.0
2024-05-06 01:25:00+00:00,74.0999984741211,74.19999694824219,74.0999984741211,74.19999694824219,11900,0.0,0.0
2024-05-06 01:30:00+00:00,74.0999984741211,74.0999984741211,73.80000305175781,73.80000305175781,31259,0.0,0.0
2024-05-06 01:35:00+00:00,73.9000015258789,73.9000015258789,73.80000305175781,73.9000015258789,8000,0.0,0.0
2024-05-06 01:40:00+00:00,73.80000305175781,73.9000015258789,73.80000305175781,73.9000015258789,11030,0.0,0.0
2024-05-06 01:45:00+00:00,74.0,74.0,73.9000015258789,73.9000015258789,5210,0.0,0.0
2024-05-06 01:50:00+00:00,73.9000015258789,73.9000015258789,73.9000015258789,73.9000015258789,1026,0.0,0.0
2024-05-06 01:55:00+00:00,73.9000015258789,73.9000015258789,73.80000305175781,73.80000305175781,3000,0.0,0.0
2024-05-06 02:00:00+00:00,73.9000015258789,73.9000015258789,73.9000015258789,73.9000015258789,2250,0.0,0.0
2024-05-06 02:05:00+00:00,73.9000015258789,74.0,73.9000015258789,74.0,37350,0.0,0.0
2024-05-06 02:10:00+00:00,74.0,74.0,73.9000015258789,73.9000015258789,12082,0.0,0.0
2024-05-06 02:15:00+00:00,74.0999984741211,74.0999984741211,74.0999984741211,74.0999984741211,1000,0.0,0.0
2024-05-06 02:20:00+00:00,73.9000015258789,74.0,73.9000015258789,74.0,3050,0.0,0.0
2024-05-06 02:30:00+00:00,73.9000015258789,73.9000015258789,73.9000015258789,73.9000015258789,6050,0.0,0.0
2024-05-06 02:35:00+00:00,73.9000015258789,74.0,73.9000015258789,74.0,15000,0.0,0.0
2024-05-06 02:40:00+00:00,74.0,74.0,73.80000305175781,73.80000305175781,10000,0.0,0.0
2024-05-06 02:45:00+00:00,73.80000305175781,73.80000305175781,73.80000305175781,73.80000305175781,3000,0.0,0.0
2024-05-06 02:50:00+00:00,73.80000305175781,73.9000015258789,73.80000305175781,73.9000015258789,7000,0.0,0.0
2024-05-06 03:00:00+00:00,74.0,74.0999984741211,74.0,74.0,10000,0.0,0.0
2024-05-06 03:05:00+00:00,74.0,74.0,74.0,74.0,2000,0.0,0.0
2024-05-06 03:10:00+00:00,73.9000015258789,73.9000015258789,73.9000015258789,73.9000015258789,2000,0.0,0.0
2024-05-06 03:15:00+00:00,73.9000015258789,73.9000015258789,73.9000015258789,73.9000015258789,6010,0.0,0.0
2024-05-06 03:20:00+00:00,73.9000015258789,73.9000015258789,73.9000015258789,73.9000015258789,3000,0.0,0.0
2024-05-06 03:25:00+00:00,73.9000015258789,73.9000015258789,73.9000015258789,73.9000015258789,2151,0.0,0.0
2024-05-06 03:35:00+00:00,73.9000015258789,73.9000015258789,73.9000015258789,73.9000015258789,3475,0.0,0.0
2024-05-06 03:40:00+00:00,74.0,74.0999984741211,74.0,74.0999984741211,14074,0.0,0.0
2024-05-06 03:45:00+00:00,74.0999984741211,74.0999984741211,73.9000015258789,73.9000015258789,6046,0.0,0.0
2024-05-06 03:50:00+00:00,74.0,74.0,73.80000305175781,73.9000015258789,53005,0.0,0.0
2024-05-06 03:55:00+00:00,73.9000015258789,73.9000015258789,73.9000015258789,73.9000015258789,3000,0.0,0.0
2024-05-06 04:05:00+00:00,73.80000305175781,73.80000305175781,73.80000305175781,73.80000305175781,2500,0.0,0.0
2024-05-06 04:10:00+00:00,73.80000305175781,73.80000305175781,73.80000305175781,73.80000305175781,16017,0.0,0.0
2024-05-06 04:20:00+00:00,73.80000305175781,73.80000305175781,73.80000305175781,73.80000305175781,21028,0.0,0.0
2024-05-06 04:25:00+00:00,73.80000305175781,73.80000305175781,73.80000305175781,73.80000305175781,10000,0.0,0.0
2024-05-06 04:30:00+00:00,73.80000305175781,73.80000305175781,73.80000305175781,73.80000305175781,5000,0.0,0.0
2024-05-06 04:35:00+00:00,73.80000305175781,73.80000305175781,73.69999694824219,73.69999694824219,23144,0.0,0.0
2024-05-06 04:40:00+00:00,73.69999694824219,73.69999694824219,73.69999694824219,73.69999694824219,6000,0.0,0.0
2024-05-06 04:45:00+00:00,73.69999694824219,73.69999694824219,73.69999694824219,73.69999694824219,5672,0.0,0.0
2024-05-06 04:50:00+00:00,73.69999694824219,73.69999694824219,73.69999694824219,73.69999694824219,1000,0.0,0.0
2024-05-06 04:55:00+00:00,73.69999694824219,73.69999694824219,73.69999694824219,73.69999694824219,14000,0.0,0.0
2024-05-06 05:00:00+00:00,73.5999984741211,73.69999694824219,73.5999984741211,73.5999984741211,22000,0.0,0.0
2024-05-06 05:05:00+00:00,73.69999694824219,73.69999694824219,73.5999984741211,73.5999984741211,4000,0.0,0.0
2024-05-06 05:10:00+00:00,73.5999984741211,73.5999984741211,73.4000015258789,73.4000015258789,58570,0.0,0.0
2024-05-06 05:15:00+00:00,73.4000015258789,73.5,73.30000305175781,73.5,47051,0.0,0.0
2024-05-06 05:20:00+00:00,73.4000015258789,73.69999694824219,73.19999694824219,73.5999984741211,34268,0.0,0.0
2024-05-07 01:00:00+00:00,74.19999694824219,74.5,73.80000305175781,74.5,0,0.0,0.0
2024-05-07 01:05:00+00:00,74.5,74.5,74.19999694824219,74.19999694824219,8327,0.0,0.0
2024-05-07 01:10:00+00:00,74.30000305175781,74.5,74.0,74.0,34554,0.0,0.0
2024-05-07 01:15:00+00:00,74.0,74.0,73.9000015258789,74.0,27046,0.0,0.0
2024-05-07 01:20:00+00:00,73.9000015258789,73.9000015258789,73.5999984741211,73.5999984741211,41034,0.0,0.0
2024-05-07 01:25:00+00:00,73.5999984741211,73.69999694824219,73.5,73.5,17000,0.0,0.0
2024-05-07 01:30:00+00:00,73.5,73.5,73.5,73.5,9100,0.0,0.0
2024-05-07 01:35:00+00:00,73.5999984741211,73.5999984741211,73.5999984741211,73.5999984741211,15000,0.0,0.0
2024-05-07 01:40:00+00:00,73.5999984741211,73.5999984741211,73.5,73.5,29629,0.0,0.0
2024-05-07 01:45:00+00:00,73.5,73.5,73.5,73.5,2376,0.0,0.0
2024-05-07 01:50:00+00:00,73.5,73.5,73.5,73.5,22050,0.0,0.0
2024-05-07 01:55:00+00:00,73.5,73.5,73.5,73.5,2000,0.0,0.0
2024-05-07 02:00:00+00:00,73.5,73.5,73.5,73.5,1000,0.0,0.0
2024-05-07 02:05:00+00:00,73.5,73.5,73.4000015258789,73.4000015258789,11200,0.0,0.0
2024-05-07 02:10:00+00:00,73.4000015258789,73.4000015258789,73.30000305175781,73.30000305175781,29010,0.0,0.0
2024-05-07 02:15:00+00:00,73.30000305175781,73.4000015258789,73.0,73.0,71841,0.0,0.0
2024-05-07 02:20:00+00:00,73.0,73.30000305175781,73.0,73.30000305175781,29810,0.0,0.0
2024-05-07 02:25:00+00:00,73.30000305175781,73.30000305175781,73.30000305175781,73.30000305175781,8000,0.0,0.0
2024-05-07 02:30:00+00:00,73.30000305175781,73.30000305175781,73.30000305175781,73.30000305175781,1000,0.0,0.0
2024-05-07 02:35:00+00:00,73.0999984741211,73.30000305175781,73.0,73.19999694824219,17000,0.0,0.0
2024-05-07 02:40:00+00:00,73.0999984741211,73.0999984741211,73.0999984741211,73.0999984741211,5000,0.0,0.0
2024-05-07 02:45:00+00:00,73.19999694824219,73.19999694824219,73.0999984741211,73.0999984741211,8387,0.0,0.0
2024-05-07 02:50:00+00:00,73.0999984741211,73.0999984741211,72.9000015258789,72.9000015258789,79744,0.0,0.0
2024-05-07 02:55:00+00:00,72.9000015258789,72.9000015258789,72.80000305175781,72.80000305175781,33139,0.0,0.0
2024-05-07 03:00:00+00:00,72.80000305175781,72.9000015258789,72.80000305175781,72.9000015258789,4060,0.0,0.0
2024-05-07 03:05:00+00:00,72.9000015258789,72.9000015258789,72.4000015258789,72.4000015258789,68700,0.0,0.0
2024-05-07 03:10:00+00:00,72.5,72.5999984741211,72.30000305175781,72.5,76686,0.0,0.0
2024-05-07 03:15:00+00:00,72.5,72.69999694824219,72.4000015258789,72.4000015258789,61200,0.0,0.0
2024-05-07 03:20:00+00:00,72.4000015258789,72.4000015258789,72.30000305175781,72.4000015258789,29334,0.0,0.0
2024-05-07 03:25:00+00:00,72.5,72.5999984741211,72.19999694824219,72.30000305175781,35573,0.0,0.0
2024-05-07 03:30:00+00:00,72.4000015258789,72.5999984741211,72.30000305175781,72.4000015258789,26527,0.0,0.0
2024-05-07 03:35:00+00:00,72.5,72.5999984741211,72.5,72.5,16200,0.0,0.0
2024-05-07 03:40:00+00:00,72.5,72.5,72.30000305175781,72.30000305175781,24231,0.0,0.0
2024-05-07 03:45:00+00:00,72.5,72.5,72.4000015258789,72.5,8541,0.0,0.0
2024-05-07 03:50:00+00:00,72.4000015258789,72.5,72.4000015258789,72.5,7140,0.0,0.0
2024-05-07 03:55:00+00:00,72.5,72.5,72.5,72.5,7195,0.0,0.0
2024-05-07 04:00:00+00:00,72.5,72.5,72.5,72.5,2000,0.0,0.0
2024-05-07 04:05:00+00:00,72.5,73.0999984741211,72.5,73.0999984741211,64579,0.0,0.0
2024-05-07 04:10:00+00:00,73.0999984741211,73.19999694824219,73.0,73.0999984741211,33070,0.0,0.0
2024-05-07 04:15:00+00:00,73.19999694824219,73.4000015258789,73.19999694824219,73.4000015258789,13610,0.0,0.0
2024-05-07 04:20:00+00:00,73.4000015258789,73.4000015258789,73.4000015258789,73.4000015258789,7692,0.0,0.0
2024-05-07 04:40:00+00:00,73.30000305175781,73.30000305175781,73.0999984741211,73.30000305175781,32012,0.0,0.0
2024-05-07 04:45:00+00:00,73.30000305175781,73.4000015258789,73.30000305175781,73.30000305175781,18100,0.0,0.0
2024-05-07 04:50:00+00:00,73.30000305175781,73.30000305175781,73.30000305175781,73.30000305175781,4324,0.0,0.0
2024-05-07 04:55:00+00:00,73.30000305175781,73.4000015258789,73.19999694824219,73.4000015258789,38025,0.0,0.0
2024-05-07 05:00:00+00:00,73.4000015258789,73.4000015258789,73.4000015258789,73.4000015258789,1080,0.0,0.0
2024-05-07 05:05:00+00:00,73.30000305175781,73.30000305175781,73.0,73.0999984741211,69000,0.0,0.0
2024-05-07 05:10:00+00:00,73.0999984741211,73.5,73.0999984741211,73.4000015258789,16000,0.0,0.0
2024-05-07 05:15:00+00:00,73.4000015258789,73.5999984741211,73.4000015258789,73.5999984741211,44250,0.0,0.0
2024-05-07 05:20:00+00:00,73.69999694824219,73.69999694824219,73.5,73.5999984741211,32490,0.0,0.0
2024-05-08 01:00:00+00:00,74.5,75.69999694824219,74.5,75.0,0,0.0,0.0
2024-05-08 01:05:00+00:00,75.0,75.69999694824219,75.0,75.5,243471,0.0,0.0
2024-05-08 01:10:00+00:00,75.5,76.30000305175781,75.5,75.9000015258789,345319,0.0,0.0
2024-05-08 01:15:00+00:00,75.9000015258789,76.0,75.9000015258789,75.9000015258789,77550,0.0,0.0
2024-05-08 01:20:00+00:00,75.9000015258789,75.9000015258789,75.30000305175781,75.30000305175781,86180,0.0,0.0
2024-05-08 01:25:00+00:00,75.30000305175781,75.30000305175781,75.0,75.0,69014,0.0,0.0
2024-05-08 01:30:00+00:00,75.0999984741211,75.4000015258789,75.0,75.4000015258789,72600,0.0,0.0
2024-05-08 01:35:00+00:00,75.4000015258789,75.9000015258789,75.30000305175781,75.9000015258789,121904,0.0,0.0
2024-05-08 01:40:00+00:00,75.80000305175781,76.30000305175781,75.69999694824219,76.30000305175781,226115,0.0,0.0
2024-05-08 01:45:00+00:00,76.30000305175781,77.0,76.30000305175781,76.4000015258789,284389,0.0,0.0
2024-05-08 01:50:00+00:00,76.4000015258789,76.9000015258789,76.4000015258789,76.9000015258789,155891,0.0,0.0
2024-05-08 01:55:00+00:00,76.9000015258789,76.9000015258789,76.5,76.69999694824219,54150,0.0,0.0
2024-05-08 02:00:00+00:00,76.69999694824219,76.69999694824219,76.5,76.5999984741211,57541,0.0,0.0
2024-05-08 02:05:00+00:00,76.5999984741211,76.5999984741211,76.30000305175781,76.30000305175781,49583,0.0,0.0
2024-05-08 02:10:00+00:00,76.30000305175781,76.5,76.0999984741211,76.4000015258789,83513,0.0,0.0
2024-05-08 02:15:00+00:00,76.4000015258789,76.5999984741211,76.4000015258789,76.5999984741211,69617,0.0,0.0
2024-05-08 02:20:00+00:00,76.5999984741211,76.5999984741211,76.30000305175781,76.30000305175781,84150,0.0,0.0
2024-05-08 02:25:00+00:00,76.30000305175781,76.30000305175781,76.0,76.0,42067,0.0,0.0
2024-05-08 02:30:00+00:00,76.0999984741211,76.19999694824219,76.0,76.0,27367,0.0,0.0
2024-05-08 02:35:00+00:00,76.0,76.0999984741211,76.0,76.0,29160,0.0,0.0
2024-05-08 02:40:00+00:00,76.0,76.0,76.0,76.0,12394,0.0,0.0
2024-05-08 02:45:00+00:00,76.0,76.0,75.9000015258789,75.9000015258789,31235,0.0,0.0
2024-05-08 02:50:00+00:00,75.9000015258789,75.9000015258789,75.80000305175781,75.9000015258789,23000,0.0,0.0
2024-05-08 02:55:00+00:00,75.9000015258789,76.0,75.80000305175781,75.9000015258789,20198,0.0,0.0
2024-05-08 03:00:00+00:00,76.0,76.0999984741211,75.9000015258789,76.0999984741211,36015,0.0,0.0
2024-05-08 03:05:00+00:00,76.0,76.0,75.9000015258789,75.9000015258789,11475,0.0,0.0
2024-05-08 03:10:00+00:00,75.9000015258789,76.19999694824219,75.80000305175781,76.19999694824219,159000,0.0,0.0
2024-05-08 03:15:00+00:00,76.19999694824219,76.5,76.19999694824219,76.5,164371,0.0,0.0
2024-05-08 03:20:00+00:00,76.5,76.5999984741211,76.19999694824219,76.5999984741211,160136,0.0,0.0
2024-05-08 03:25:00+00:00,76.5999984741211,76.69999694824219,76.5,76.5999984741211,32410,0.0,0.0
2024-05-08 03:30:00+00:00,76.5,76.5999984741211,76.4000015258789,76.5999984741211,24013,0.0,0.0
2024-05-08 03:35:00+00:00,76.5,76.5999984741211,76.5,76.5999984741211,27562,0.0,0.0
2024-05-08 03:40:00+00:00,76.5999984741211,76.5999984741211,76.4000015258789,76.4000015258789,16058,0.0,0.0
2024-05-08 03:45:00+00:00,76.4000015258789,76.4000015258789,76.30000305175781,76.30000305175781,13338,0.0,0.0
2024-05-08 03:50:00+00:00,76.30000305175781,76.4000015258789,76.19999694824219,76.19999694824219,6389,0.0,0.0
2024-05-08 03:55:00+00:00,76.19999694824219,76.19999694824219,76.0999984741211,76.0999984741211,11058,0.0,0.0
2024-05-08 04:00:00+00:00,76.0999984741211,76.19999694824219,76.0,76.19999694824219,8747,0.0,0.0
2024-05-08 04:05:00+00:00,76.0999984741211,76.4000015258789,76.0999984741211,76.4000015258789,27000,0.0,0.0
2024-05-08 04:10:00+00:00,76.4000015258789,76.4000015258789,76.0,76.0,38506,0.0,0.0
2024-05-08 04:15:00+00:00,76.0,76.0,76.0,76.0,14028,0.0,0.0
2024-05-08 04:20:00+00:00,76.0,76.19999694824219,76.0,76.19999694824219,22000,0.0,0.0
2024-05-08 04:25:00+00:00,76.30000305175781,76.5,76.30000305175781,76.5,22021,0.0,0.0
2024-05-08 04:30:00+00:00,76.5,76.5,76.4000015258789,76.4000015258789,27013,0.0,0.0
2024-05-08 04:35:00+00:00,76.4000015258789,76.4000015258789,76.19999694824219,76.30000305175781,33377,0.0,0.0
2024-05-08 04:40:00+00:00,76.30000305175781,76.30000305175781,76.30000305175781,76.30000305175781,4341,0.0,0.0
2024-05-08 04:45:00+00:00,76.19999694824219,76.30000305175781,76.0999984741211,76.19999694824219,43035,0.0,0.0
2024-05-08 04:50:00+00:00,76.19999694824219,76.19999694824219,76.0999984741211,76.0999984741211,9355,0.0,0.0
2024-05-08 04:55:00+00:00,76.19999694824219,76.19999694824219,76.19999694824219,76.19999694824219,12000,0.0,0.0
2024-05-08 05:00:00+00:00,76.19999694824219,76.30000305175781,76.19999694824219,76.30000305175781,27087,0.0,0.0
2024-05-08 05:05:00+00:00,76.30000305175781,76.30000305175781,76.19999694824219,76.30000305175781,17520,0.0,0.0
2024-05-08 05:10:00+00:00,76.30000305175781,76.4000015258789,76.30000305175781,76.4000015258789,47640,0.0,0.0
2024-05-08 05:15:00+00:00,76.4000015258789,76.4000015258789,76.19999694824219,76.30000305175781,80850,0.0,0.0
2024-05-08 05:20:00+00:00,76.30000305175781,76.5999984741211,76.19999694824219,76.5,164625,0.0,0.0
2024-05-09 01:00:00+00:00,77.9000015258789,78.0,77.4000015258789,77.4000015258789,0,0.0,0.0
2024-05-09 01:05:00+00:00,77.4000015258789,77.9000015258789,77.30000305175781,77.5999984741211,207499,0.0,0.0
2024-05-09 01:10:00+00:00,77.5,77.69999694824219,77.30000305175781,77.30000305175781,138563,0.0,0.0
2024-05-09 01:15:00+00:00,77.19999694824219,77.30000305175781,77.0999984741211,77.0999984741211,114119,0.0,0.0
2024-05-09 01:20:00+00:00,77.19999694824219,78.19999694824219,77.0999984741211,78.19999694824219,288850,0.0,0.0
2024-05-09 01:25:00+00:00,78.19999694824219,78.30000305175781,77.69999694824219,78.30000305175781,317043,0.0,0.0
2024-05-09 01:30:00+00:00,78.19999694824219,80.5,78.19999694824219,80.4000015258789,1791733,0.0,0.0
2024-05-09 01:35:00+00:00,80.4000015258789,81.0,80.0,80.4000015258789,842709,0.0,0.0
2024-05-09 01:40:00+00:00,80.5,80.69999694824219,80.0999984741211,80.19999694824219,360717,0.0,0.0
2024-05-09 01:45:00+00:00,80.19999694824219,80.4000015258789,80.0999984741211,80.30000305175781,180465,0.0,0.0
2024-05-09 01:50:00+00:00,80.30000305175781,81.30000305175781,80.30000305175781,81.0999984741211,820604,0.0,0.0
2024-05-09 01:55:00+00:00,81.0,81.0999984741211,80.0999984741211,80.0999984741211,307003,0.0,0.0
2024-05-09 02:00:00+00:00,80.0,80.4000015258789,79.30000305175781,79.5,547644,0.0,0.0
2024-05-09 02:05:00+00:00,79.5999984741211,79.69999694824219,79.19999694824219,79.30000305175781,269687,0.0,0.0
2024-05-09 02:10:00+00:00,79.30000305175781,79.5,78.9000015258789,79.5,307699,0.0,0.0
2024-05-09 02:15:00+00:00,79.5,79.5,79.0999984741211,79.19999694824219,154933,0.0,0.0
2024-05-09 02:20:00+00:00,79.19999694824219,79.30000305175781,78.69999694824219,78.69999694824219,204206,0.0,0.0
2024-05-09 02:25:00+00:00,78.5999984741211,78.80000305175781,78.5,78.69999694824219,176429,0.0,0.0
2024-05-09 02:30:00+00:00,78.80000305175781,78.80000305175781,78.5,78.5999984741211,99128,0.0,0.0
2024-05-09 02:35:00+00:00,78.5999984741211,78.69999694824219,78.5,78.5999984741211,118050,0.0,0.0
2024-05-09 02:40:00+00:00,78.5,78.5999984741211,78.30000305175781,78.4000015258789,163008,0.0,0.0
2024-05-09 02:45:00+00:00,78.5,78.5,78.30000305175781,78.30000305175781,67709,0.0,0.0
2024-05-09 02:50:00+00:00,78.30000305175781,78.5,78.30000305175781,78.4000015258789,41500,0.0,0.0
2024-05-09 02:55:00+00:00,78.4000015258789,78.4000015258789,77.9000015258789,78.19999694824219,237986,0.0,0.0
2024-05-09 03:00:00+00:00,78.19999694824219,78.5999984741211,78.0999984741211,78.5,95100,0.0,0.0
2024-05-09 03:05:00+00:00,78.5,78.5999984741211,78.30000305175781,78.4000015258789,103246,0.0,0.0
2024-05-09 03:10:00+00:00,78.4000015258789,78.5,78.0,78.0,130605,0.0,0.0
2024-05-09 03:15:00+00:00,78.0999984741211,78.30000305175781,78.0999984741211,78.30000305175781,49144,0.0,0.0
2024-05-09 03:20:00+00:00,78.30000305175781,78.5,78.19999694824219,78.30000305175781,37000,0.0,0.0
2024-05-09 03:25:00+00:00,78.4000015258789,78.9000015258789,78.4000015258789,78.9000015258789,88419,0.0,0.0
2024-05-09 03:30:00+00:00,78.9000015258789,78.9000015258789,78.5,78.5,50600,0.0,0.0
2024-05-09 03:35:00+00:00,78.5,78.5999984741211,78.4000015258789,78.5999984741211,48441,0.0,0.0
2024-05-09 03:40:00+00:00,78.5,78.5,78.19999694824219,78.19999694824219,66143,0.0,0.0
2024-05-09 03:45:00+00:00,78.0999984741211,78.0999984741211,77.9000015258789,77.9000015258789,85886,0.0,0.0
2024-05-09 03:50:00+00:00,77.9000015258789,77.9000015258789,77.5,77.5999984741211,183981,0.0,0.0
2024-05-09 03:55:00+00:00,77.5999984741211,77.9000015258789,77.5999984741211,77.9000015258789,62133,0.0,0.0
2024-05-09 04:00:00+00:00,77.9000015258789,77.9000015258789,77.5999984741211,77.80000305175781,56100,0.0,0.0
2024-05-09 04:05:00+00:00,77.80000305175781,77.80000305175781,77.5999984741211,77.69999694824219,68325,0.0,0.0
2024-05-09 04:10:00+00:00,77.69999694824219,77.69999694824219,77.5,77.5999984741211,39119,0.0,0.0
2024-05-09 04:15:00+00:00,77.5999984741211,77.80000305175781,77.5999984741211,77.80000305175781,58809,0.0,0.0
2024-05-09 04:20:00+00:00,77.80000305175781,77.80000305175781,77.5,77.69999694824219,87415,0.0,0.0
2024-05-09 04:25:00+00:00,77.69999694824219,77.69999694824219,77.5999984741211,77.69999694824219,12800,0.0,0.0
2024-05-09 04:30:00+00:00,77.5999984741211,77.69999694824219,77.5,77.5999984741211,70260,0.0,0.0
2024-05-09 04:35:00+00:00,77.5999984741211,77.9000015258789,77.5,77.69999694824219,117050,0.0,0.0
2024-05-09 04:40:00+00:00,77.69999694824219,77.80000305175781,77.69999694824219,77.80000305175781,56124,0.0,0.0
2024-05-09 04:45:00+00:00,77.80000305175781,77.80000305175781,77.69999694824219,77.80000305175781,17134,0.0,0.0
2024-05-09 04:50:00+00:00,77.80000305175781,77.80000305175781,77.4000015258789,77.4000015258789,169724,0.0,0.0
2024-05-09 04:55:00+00:00,77.4000015258789,77.69999694824219,77.19999694824219,77.19999694824219,175546,0.0,0.0
2024-05-09 05:00:00+00:00,77.30000305175781,77.5,77.19999694824219,77.4000015258789,89752,0.0,0.0
2024-05-09 05:05:00+00:00,77.4000015258789,77.5,77.30000305175781,77.5,60800,0.0,0.0
2024-05-09 05:10:00+00:00,77.4000015258789,77.5999984741211,77.4000015258789,77.4000015258789,57062,0.0,0.0
2024-05-09 05:15:00+00:00,77.5,77.5,77.30000305175781,77.30000305175781,112406,0.0,0.0
2024-05-09 05:20:00+00:00,77.30000305175781,77.4000015258789,77.0999984741211,77.0999984741211,210103,0.0,0.0
2024-05-10 01:00:00+00:00,77.0,77.80000305175781,76.30000305175781,76.80000305175781,0,0.0,0.0
2024-05-10 01:05:00+00:00,76.80000305175781,77.4000015258789,76.80000305175781,77.4000015258789,141000,0.0,0.0
2024-05-10 01:10:00+00:00,77.5,78.5,77.4000015258789,77.80000305175781,609208,0.0,0.0
2024-05-10 01:15:00+00:00,77.9000015258789,78.5999984741211,77.80000305175781,78.30000305175781,365639,0.0,0.0
2024-05-10 01:20:00+00:00,78.30000305175781,78.4000015258789,78.0,78.30000305175781,326075,0.0,0.0
2024-05-10 01:25:00+00:00,78.4000015258789,78.5,78.19999694824219,78.30000305175781,129721,0.0,0.0
2024-05-10 01:30:00+00:00,78.19999694824219,78.5999984741211,78.0999984741211,78.0999984741211,182865,0.0,0.0
2024-05-10 01:35:00+00:00,78.0999984741211,78.0999984741211,77.0,77.30000305175781,280662,0.0,0.0
2024-05-10 01:40:00+00:00,77.30000305175781,77.80000305175781,77.19999694824219,77.30000305175781,115081,0.0,0.0
2024-05-10 01:45:00+00:00,77.5,77.69999694824219,77.30000305175781,77.30000305175781,53129,0.0,0.0
2024-05-10 01:50:00+00:00,77.30000305175781,77.4000015258789,77.0,77.19999694824219,151254,0.0,0.0
2024-05-10 01:55:00+00:00,77.30000305175781,77.69999694824219,77.19999694824219,77.69999694824219,84600,0.0,0.0
2024-05-10 02:00:00+00:00,77.69999694824219,77.9000015258789,77.69999694824219,77.69999694824219,66954,0.0,0.0
2024-05-10 02:05:00+00:00,77.69999694824219,77.69999694824219,77.5,77.5,38092,0.0,0.0
2024-05-10 02:10:00+00:00,77.4000015258789,77.5,77.4000015258789,77.5,5000,0.0,0.0
2024-05-10 02:15:00+00:00,77.5,77.5999984741211,77.4000015258789,77.5,21300,0.0,0.0
2024-05-10 02:20:00+00:00,77.5,77.5,77.19999694824219,77.30000305175781,42000,0.0,0.0
2024-05-10 02:25:00+00:00,77.30000305175781,77.4000015258789,77.19999694824219,77.4000015258789,15000,0.0,0.0
2024-05-10 02:30:00+00:00,77.4000015258789,77.5,77.0999984741211,77.30000305175781,63550,0.0,0.0
2024-05-10 02:35:00+00:00,77.30000305175781,77.30000305175781,77.19999694824219,77.30000305175781,6130,0.0,0.0
2024-05-10 02:40:00+00:00,77.30000305175781,77.5,77.0999984741211,77.5,39852,0.0,0.0
2024-05-10 02:45:00+00:00,77.30000305175781,77.4000015258789,77.0999984741211,77.19999694824219,32900,0.0,0.0
2024-05-10 02:50:00+00:00,77.19999694824219,77.30000305175781,77.19999694824219,77.30000305175781,4044,0.0,0.0
2024-05-10 02:55:00+00:00,77.4000015258789,77.5,77.4000015258789,77.5,24001,0.0,0.0
2024-05-10 03:00:00+00:00,77.5,77.5,77.4000015258789,77.4000015258789,7214,0.0,0.0
2024-05-10 03:05:00+00:00,77.4000015258789,77.5,77.4000015258789,77.4000015258789,40356,0.0,0.0
2024-05-10 03:10:00+00:00,77.5,77.5,77.5,77.5,27067,0.0,0.0
2024-05-10 03:15:00+00:00,77.5999984741211,77.9000015258789,77.5,77.80000305175781,96118,0.0,0.0
2024-05-10 03:20:00+00:00,77.80000305175781,78.30000305175781,77.80000305175781,78.0,166295,0.0,0.0
2024-05-10 03:25:00+00:00,78.0999984741211,78.30000305175781,78.0999984741211,78.19999694824219,83063,0.0,0.0
2024-05-10 03:30:00+00:00,78.19999694824219,78.19999694824219,77.9000015258789,78.0,27637,0.0,0.0
2024-05-10 03:35:00+00:00,77.9000015258789,77.9000015258789,77.80000305175781,77.80000305175781,16799,0.0,0.0
2024-05-10 03:40:00+00:00,77.9000015258789,79.30000305175781,77.9000015258789,79.0,705224,0.0,0.0
2024-05-10 03:45:00+00:00,79.0,79.0,78.80000305175781,78.80000305175781,115876,0.0,0.0
2024-05-10 03:50:00+00:00,78.9000015258789,79.0,78.69999694824219,78.69999694824219,101343,0.0,0.0
2024-05-10 03:55:00+00:00,78.69999694824219,80.19999694824219,78.69999694824219,80.0,1118891,0.0,0.0
2024-05-10 04:00:00+00:00,80.0,80.0,79.69999694824219,79.69999694824219,192100,0.0,0.0
2024-05-10 04:05:00+00:00,79.69999694824219,80.19999694824219,79.5999984741211,80.19999694824219,322929,0.0,0.0
2024-05-10 04:10:00+00:00,80.19999694824219,80.19999694824219,79.69999694824219,79.80000305175781,189464,0.0,0.0
2024-05-10 04:15:00+00:00,79.80000305175781,79.9000015258789,79.5,79.5,88361,0.0,0.0
2024-05-10 04:20:00+00:00,79.5,80.0,79.4000015258789,79.9000015258789,234838,0.0,0.0
2024-05-10 04:25:00+00:00,79.9000015258789,79.9000015258789,79.5999984741211,79.69999694824219,54383,0.0,0.0
2024-05-10 04:30:00+00:00,79.80000305175781,79.9000015258789,79.5999984741211,79.69999694824219,111265,0.0,0.0
2024-05-10 04:35:00+00:00,79.69999694824219,79.80000305175781,79.5,79.5,72164,0.0,0.0
2024-05-10 04:40:00+00:00,79.5,79.80000305175781,79.5,79.69999694824219,31548,0.0,0.0
2024-05-10 04:45:00+00:00,79.5999984741211,79.69999694824219,79.5,79.5,103173,0.0,0.0
2024-05-10 04:50:00+00:00,79.5,79.5999984741211,79.5,79.5,29030,0.0,0.0
2024-05-10 04:55:00+00:00,79.5999984741211,79.5999984741211,79.4000015258789,79.5,61090,0.0,0.0
2024-05-10 05:00:00+00:00,79.5,79.5999984741211,79.4000015258789,79.5,87277,0.0,0.0
2024-05-10 05:05:00+00:00,79.5,79.80000305175781,79.5,79.5999984741211,113181,0.0,0.0
2024-05-10 05:10:00+00:00,79.5999984741211,79.69999694824219,79.5,79.5,65593,0.0,0.0
2024-05-10 05:15:00+00:00,79.4000015258789,79.5,79.19999694824219,79.19999694824219,109143,0.0,0.0
2024-05-10 05:20:00+00:00,79.19999694824219,79.5,79.0999984741211,79.19999694824219,174475,0.0,0.0
2024-05-13 01:00:00+00:00,81.5,82.30000305175781,80.69999694824219,81.5999984741211,0,0.0,0.0
2024-05-13 01:05:00+00:00,81.5999984741211,82.5999984741211,81.0999984741211,81.0999984741211,1260000,0.0,0.0
2024-05-13 01:10:00+00:00,81.19999694824219,81.19999694824219,79.9000015258789,79.9000015258789,757432,0.0,0.0
2024-05-13 01:15:00+00:00,79.9000015258789,80.0,79.4000015258789,79.5,298135,0.0,0.0
2024-05-13 01:20:00+00:00,79.5,80.5,79.5,80.30000305175781,212260,0.0,0.0
2024-05-13 01:25:00+00:00,80.30000305175781,80.4000015258789,79.5,79.9000015258789,192460,0.0,0.0
2024-05-13 01:30:00+00:00,79.9000015258789,80.30000305175781,79.5999984741211,80.30000305175781,143848,0.0,0.0
2024-05-13 01:35:00+00:00,80.30000305175781,80.69999694824219,80.0999984741211,80.5999984741211,202519,0.0,0.0
2024-05-13 01:40:00+00:00,80.5999984741211,80.5999984741211,80.0,80.19999694824219,94245,0.0,0.0
2024-05-13 01:45:00+00:00,80.30000305175781,80.5,80.0,80.0,66368,0.0,0.0
2024-05-13 01:50:00+00:00,80.0,80.19999694824219,79.80000305175781,80.0999984741211,135103,0.0,0.0
2024-05-13 01:55:00+00:00,80.0,80.0,79.5999984741211,79.69999694824219,111528,0.0,0.0
2024-05-13 02:00:00+00:00,79.69999694824219,79.69999694824219,79.4000015258789,79.5999984741211,173835,0.0,0.0
2024-05-13 02:05:00+00:00,79.5999984741211,79.5999984741211,79.0999984741211,79.0999984741211,164164,0.0,0.0
2024-05-13 02:10:00+00:00,79.0999984741211,79.19999694824219,79.0,79.19999694824219,149196,0.0,0.0
2024-05-13 02:15:00+00:00,79.30000305175781,79.4000015258789,79.19999694824219,79.30000305175781,46538,0.0,0.0
2024-05-13 02:20:00+00:00,79.19999694824219,79.4000015258789,79.19999694824219,79.30000305175781,45600,0.0,0.0
2024-05-13 02:25:00+00:00,79.4000015258789,79.5,79.19999694824219,79.19999694824219,70207,0.0,0.0
2024-05-13 02:30:00+00:00,79.19999694824219,79.5,79.19999694824219,79.4000015258789,32004,0.0,0.0
2024-05-13 02:35:00+00:00,79.5,79.5,79.4000015258789,79.5,28089,0.0,0.0
2024-05-13 02:40:00+00:00,79.5999984741211,79.5999984741211,79.4000015258789,79.4000015258789,36001,0.0,0.0
2024-05-13 02:45:00+00:00,79.5999984741211,80.0999984741211,79.5999984741211,80.0999984741211,97445,0.0,0.0
2024-05-13 02:50:00+00:00,80.0999984741211,80.0999984741211,79.69999694824219,79.80000305175781,59282,0.0,0.0
2024-05-13 02:55:00+00:00,79.69999694824219,79.80000305175781,79.5,79.80000305175781,45236,0.0,0.0
2024-05-13 03:00:00+00:00,79.80000305175781,81.0,79.80000305175781,80.5999984741211,392000,0.0,0.0
2024-05-13 03:05:00+00:00,80.9000015258789,81.69999694824219,80.5,81.69999694824219,477215,0.0,0.0
2024-05-13 03:10:00+00:00,81.69999694824219,81.69999694824219,81.0,81.0999984741211,302438,0.0,0.0
2024-05-13 03:15:00+00:00,81.0999984741211,81.30000305175781,80.69999694824219,81.0999984741211,160030,0.0,0.0
2024-05-13 03:20:00+00:00,81.0,81.4000015258789,80.9000015258789,81.19999694824219,156280,0.0,0.0
2024-05-13 03:25:00+00:00,81.0999984741211,81.0999984741211,80.69999694824219,80.80000305175781,45173,0.0,0.0
2024-05-13 03:30:00+00:00,80.80000305175781,80.80000305175781,80.69999694824219,80.69999694824219,25386,0.0,0.0
2024-05-13 03:35:00+00:00,80.69999694824219,80.80000305175781,80.4000015258789,80.4000015258789,81368,0.0,0.0
2024-05-13 03:40:00+00:00,80.30000305175781,81.0999984741211,80.30000305175781,81.0999984741211,135079,0.0,0.0
2024-05-13 03:45:00+00:00,81.0,81.5999984741211,81.0,81.19999694824219,427893,0.0,0.0
2024-05-13 03:50:00+00:00,81.30000305175781,81.4000015258789,81.30000305175781,81.30000305175781,50805,0.0,0.0
2024-05-13 03:55:00+00:00,81.19999694824219,81.4000015258789,81.0,81.4000015258789,125610,0.0,0.0
2024-05-13 04:00:00+00:00,81.4000015258789,81.4000015258789,81.0999984741211,81.0999984741211,40582,0.0,0.0
2024-05-13 04:05:00+00:00,81.0999984741211,81.30000305175781,81.0,81.0999984741211,143505,0.0,0.0
2024-05-13 04:10:00+00:00,81.0999984741211,81.0999984741211,80.9000015258789,80.9000015258789,76422,0.0,0.0
2024-05-13 04:15:00+00:00,80.9000015258789,81.0,80.80000305175781,81.0,45883,0.0,0.0
2024-05-13 04:20:00+00:00,81.0,81.0999984741211,80.80000305175781,80.9000015258789,57470,0.0,0.0
2024-05-13 04:25:00+00:00,80.80000305175781,80.80000305175781,80.5999984741211,80.5999984741211,55070,0.0,0.0
2024-05-13 04:30:00+00:00,80.5999984741211,80.69999694824219,80.5,80.5,47310,0.0,0.0
2024-05-13 04:35:00+00:00,80.5,80.5999984741211,80.4000015258789,80.4000015258789,40273,0.0,0.0
2024-05-13 04:40:00+00:00,80.4000015258789,80.4000015258789,80.30000305175781,80.4000015258789,83282,0.0,0.0
2024-05-13 04:45:00+00:00,80.5,81.0,80.5,80.9000015258789,152859,0.0,0.0
2024-05-13 04:50:00+00:00,80.9000015258789,80.9000015258789,80.69999694824219,80.69999694824219,24500,0.0,0.0
2024-05-13 04:55:00+00:00,80.5999984741211,80.5999984741211,80.5,80.5999984741211,59120,0.0,0.0
2024-05-13 05:00:00+00:00,80.5999984741211,80.69999694824219,80.5999984741211,80.69999694824219,36369,0.0,0.0
2024-05-13 05:05:00+00:00,80.69999694824219,80.69999694824219,80.5999984741211,80.69999694824219,24180,0.0,0.0
2024-05-13 05:10:00+00:00,80.69999694824219,80.80000305175781,80.5999984741211,80.80000305175781,102727,0.0,0.0
2024-05-13 05:15:00+00:00,80.80000305175781,81.0,80.80000305175781,81.0,99864,0.0,0.0
2024-05-13 05:20:00+00:00,80.9000015258789,81.0,80.5,80.9000015258789,162450,0.0,0.0
2024-05-14 01:00:00+00:00,81.19999694824219,81.19999694824219,80.5,80.5999984741211,0,0.0,0.0
2024-05-14 01:05:00+00:00,80.5999984741211,80.5999984741211,80.0999984741211,80.19999694824219,117000,0.0,0.0
2024-05-14 01:10:00+00:00,80.19999694824219,80.4000015258789,79.80000305175781,79.9000015258789,163636,0.0,0.0
2024-05-14 01:15:00+00:00,80.0,80.5,80.0,80.30000305175781,95277,0.0,0.0
2024-05-14 01:20:00+00:00,80.30000305175781,80.5,80.30000305175781,80.30000305175781,27000,0.0,0.0
2024-05-14 01:25:00+00:00,80.30000305175781,80.30000305175781,80.0,80.0999984741211,105300,0.0,0.0
2024-05-14 01:30:00+00:00,80.0999984741211,80.5,80.0999984741211,80.4000015258789,89532,0.0,0.0
2024-05-14 01:35:00+00:00,80.4000015258789,81.0,80.4000015258789,80.80000305175781,115008,0.0,0.0
2024-05-14 01:40:00+00:00,80.69999694824219,80.9000015258789,80.5999984741211,80.80000305175781,51956,0.0,0.0
2024-05-14 01:45:00+00:00,80.80000305175781,81.0,80.80000305175781,81.0,85352,0.0,0.0
2024-05-14 01:50:00+00:00,81.0,82.5,81.0,82.5,891277,0.0,0.0
2024-05-14 01:55:00+00:00,82.4000015258789,82.9000015258789,81.80000305175781,82.69999694824219,831072,0.0,0.0
2024-05-14 02:00:00+00:00,82.69999694824219,83.5,82.69999694824219,83.5,1183664,0.0,0.0
2024-05-14 02:05:00+00:00,83.5,83.80000305175781,83.0999984741211,83.30000305175781,930124,0.0,0.0
2024-05-14 02:10:00+00:00,83.30000305175781,83.4000015258789,82.5999984741211,82.5999984741211,270507,0.0,0.0
2024-05-14 02:15:00+00:00,82.5999984741211,83.80000305175781,82.5999984741211,83.5999984741211,607179,0.0,0.0
2024-05-14 02:20:00+00:00,83.69999694824219,83.80000305175781,83.30000305175781,83.5,422105,0.0,0.0
2024-05-14 02:25:00+00:00,83.5999984741211,84.5,83.5999984741211,84.0,1128592,0.0,0.0
2024-05-14 02:30:00+00:00,84.0,84.30000305175781,83.69999694824219,84.0999984741211,278434,0.0,0.0
2024-05-14 02:35:00+00:00,83.9000015258789,84.30000305175781,83.5999984741211,83.5999984741211,229878,0.0,0.0
2024-05-14 02:40:00+00:00,83.5999984741211,84.19999694824219,83.5999984741211,84.19999694824219,285532,0.0,0.0
2024-05-14 02:45:00+00:00,84.19999694824219,85.30000305175781,84.0999984741211,85.0999984741211,1448588,0.0,0.0
2024-05-14 02:50:00+00:00,85.0999984741211,86.19999694824219,85.0,86.0,949156,0.0,0.0
2024-05-14 02:55:00+00:00,86.19999694824219,87.0999984741211,86.0,86.9000015258789,941219,0.0,0.0
2024-05-14 03:00:00+00:00,86.5,87.80000305175781,86.4000015258789,87.5,918304,0.0,0.0
2024-05-14 03:05:00+00:00,87.5,87.69999694824219,87.19999694824219,87.4000015258789,368270,0.0,0.0
2024-05-14 03:10:00+00:00,87.4000015258789,88.5,87.30000305175781,88.0,1138477,0.0,0.0
2024-05-14 03:15:00+00:00,88.0,88.19999694824219,87.5,87.5,316130,0.0,0.0
2024-05-14 03:20:00+00:00,87.69999694824219,88.30000305175781,87.5999984741211,88.19999694824219,227345,0.0,0.0
2024-05-14 03:25:00+00:00,88.19999694824219,88.4000015258789,88.0999984741211,88.30000305175781,301820,0.0,0.0
2024-05-14 03:30:00+00:00,88.30000305175781,88.5,88.19999694824219,88.30000305175781,648100,0.0,0.0
2024-05-14 03:35:00+00:00,88.30000305175781,88.4000015258789,88.0,88.19999694824219,225333,0.0,0.0
2024-05-14 03:40:00+00:00,88.19999694824219,88.30000305175781,87.9000015258789,87.9000015258789,118232,0.0,0.0
2024-05-14 03:45:00+00:00,88.0,88.5,87.9000015258789,88.5,566416,0.0,0.0
2024-05-14 03:50:00+00:00,88.4000015258789,88.5,88.19999694824219,88.5,2133165,0.0,0.0
2024-05-14 03:55:00+00:00,88.4000015258789,88.5,88.19999694824219,88.4000015258789,130152,0.0,0.0
2024-05-14 04:00:00+00:00,88.4000015258789,88.5,88.30000305175781,88.4000015258789,263141,0.0,0.0
2024-05-14 04:05:00+00:00,88.4000015258789,88.5,88.30000305175781,88.5,553969,0.0,0.0
2024-05-14 04:10:00+00:00,88.5,88.5,88.5,88.5,74091,0.0,0.0
2024-05-14 04:15:00+00:00,88.5,88.5,88.5,88.5,36723,0.0,0.0
2024-05-14 04:20:00+00:00,88.5,88.5,88.5,88.5,61943,0.0,0.0
2024-05-14 04:25:00+00:00,88.5,88.5,88.5,88.5,44283,0.0,0.0
2024-05-14 04:30:00+00:00,88.5,88.5,88.5,88.5,34249,0.0,0.0
2024-05-14 04:35:00+00:00,88.5,88.5,88.5,88.5,51296,0.0,0.0
2024-05-14 04:40:00+00:00,88.5,88.5,88.5,88.5,67930,0.0,0.0
2024-05-14 04:45:00+00:00,88.5,88.5,88.5,88.5,59589,0.0,0.0
2024-05-14 04:50:00+00:00,88.5,88.5,88.5,88.5,28518,0.0,0.0
2024-05-14 04:55:00+00:00,88.5,88.5,88.5,88.5,33028,0.0,0.0
2024-05-14 05:00:00+00:00,88.5,88.5,88.5,88.5,74015,0.0,0.0
2024-05-14 05:05:00+00:00,88.5,88.5,88.5,88.5,40929,0.0,0.0
2024-05-14 05:10:00+00:00,88.5,88.5,88.5,88.5,33626,0.0,0.0
2024-05-14 05:15:00+00:00,88.5,88.5,88.5,88.5,22564,0.0,0.0
2024-05-14 05:20:00+00:00,88.5,88.5,88.5,88.5,49061,0.0,0.0
2024-05-15 01:00:00+00:00,89.30000305175781,92.5,89.30000305175781,91.80000305175781,0,0.0,0.0
2024-05-15 01:05:00+00:00,91.80000305175781,92.80000305175781,89.9000015258789,90.0999984741211,2749000,0.0,0.0
2024-05-15 01:10:00+00:00,90.0999984741211,90.69999694824219,88.80000305175781,90.5,1794831,0.0,0.0
2024-05-15 01:15:00+00:00,90.5,90.9000015258789,89.69999694824219,89.69999694824219,1117941,0.0,0.0
2024-05-15 01:20:00+00:00,89.69999694824219,90.69999694824219,89.5999984741211,90.5999984741211,541073,0.0,0.0
2024-05-15 01:25:00+00:00,90.5999984741211,93.0,90.4000015258789,92.80000305175781,1828415,0.0,0.0
2024-05-15 01:30:00+00:00,92.80000305175781,93.5,92.0,92.69999694824219,1698668,0.0,0.0
2024-05-15 01:35:00+00:00,92.69999694824219,93.4000015258789,92.0,92.19999694824219,838656,0.0,0.0
2024-05-15 01:40:00+00:00,92.19999694824219,93.4000015258789,92.0,92.80000305175781,538370,0.0,0.0
2024-05-15 01:45:00+00:00,92.69999694824219,92.80000305175781,92.19999694824219,92.4000015258789,294461,0.0,0.0
2024-05-15 01:50:00+00:00,92.30000305175781,92.5999984741211,92.0999984741211,92.30000305175781,241713,0.0,0.0
2024-05-15 01:55:00+00:00,92.4000015258789,92.5999984741211,91.30000305175781,92.5,603080,0.0,0.0
2024-05-15 02:00:00+00:00,92.5,92.80000305175781,92.0999984741211,92.69999694824219,427084,0.0,0.0
2024-05-15 02:05:00+00:00,92.5999984741211,92.9000015258789,92.0999984741211,92.19999694824219,220456,0.0,0.0
2024-05-15 02:10:00+00:00,92.19999694824219,92.19999694824219,91.5,91.69999694824219,262242,0.0,0.0
2024-05-15 02:15:00+00:00,91.69999694824219,92.30000305175781,91.69999694824219,92.19999694824219,105493,0.0,0.0
2024-05-15 02:20:00+00:00,92.30000305175781,92.5,92.0999984741211,92.0999984741211,116580,0.0,0.0
2024-05-15 02:25:00+00:00,92.0999984741211,92.80000305175781,91.9000015258789,92.5999984741211,322000,0.0,0.0
2024-05-15 02:30:00+00:00,92.5999984741211,92.69999694824219,92.19999694824219,92.30000305175781,160528,0.0,0.0
2024-05-15 02:35:00+00:00,92.30000305175781,92.4000015258789,91.9000015258789,91.9000015258789,124260,0.0,0.0
2024-05-15 02:40:00+00:00,92.0,92.69999694824219,92.0,92.5,163450,0.0,0.0
2024-05-15 02:45:00+00:00,92.5,92.9000015258789,92.4000015258789,92.4000015258789,375691,0.0,0.0
2024-05-15 02:50:00+00:00,92.5,92.9000015258789,92.0999984741211,92.9000015258789,316880,0.0,0.0
2024-05-15 02:55:00+00:00,92.9000015258789,92.9000015258789,92.19999694824219,92.4000015258789,225415,0.0,0.0
2024-05-15 03:00:00+00:00,92.4000015258789,92.5,92.30000305175781,92.30000305175781,60159,0.0,0.0
2024-05-15 03:05:00+00:00,92.30000305175781,92.30000305175781,91.69999694824219,91.9000015258789,269217,0.0,0.0
2024-05-15 03:10:00+00:00,92.0,92.4000015258789,91.9000015258789,92.30000305175781,143053,0.0,0.0
2024-05-15 03:15:00+00:00,92.30000305175781,92.30000305175781,91.9000015258789,91.9000015258789,38400,0.0,0.0
2024-05-15 03:20:00+00:00,91.9000015258789,91.9000015258789,90.80000305175781,91.0999984741211,669892,0.0,0.0
2024-05-15 03:25:00+00:00,91.19999694824219,91.80000305175781,91.0999984741211,91.5,138169,0.0,0.0
2024-05-15 03:30:00+00:00,91.5,92.30000305175781,91.5,92.0999984741211,189975,0.0,0.0
2024-05-15 03:35:00+00:00,92.0,92.0999984741211,91.5999984741211,92.0999984741211,104210,0.0,0.0
2024-05-15 03:40:00+00:00,92.0999984741211,92.0999984741211,91.5,91.69999694824219,85182,0.0,0.0
2024-05-15 03:45:00+00:00,91.5999984741211,91.69999694824219,91.5,91.5999984741211,46332,0.0,0.0
2024-05-15 03:50:00+00:00,91.5,91.5,90.69999694824219,91.30000305175781,370538,0.0,0.0
2024-05-15 03:55:00+00:00,91.30000305175781,91.4000015258789,91.0,91.0,91866,0.0,0.0
2024-05-15 04:00:00+00:00,91.0,91.0,90.69999694824219,90.69999694824219,247587,0.0,0.0
2024-05-15 04:05:00+00:00,90.5999984741211,90.80000305175781,90.4000015258789,90.69999694824219,305165,0.0,0.0
2024-05-15 04:10:00+00:00,90.69999694824219,90.69999694824219,90.19999694824219,90.4000015258789,320457,0.0,0.0
2024-05-15 04:15:00+00:00,90.4000015258789,91.0,90.0,90.69999694824219,308392,0.0,0.0
2024-05-15 04:20:00+00:00,90.69999694824219,91.30000305175781,90.69999694824219,91.0999984741211,161100,0.0,0.0
2024-05-15 04:25:00+00:00,91.0,91.5,90.9000015258789,91.0999984741211,158384,0.0,0.0
2024-05-15 04:30:00+00:00,91.0999984741211,91.19999694824219,90.9000015258789,90.9000015258789,61151,0.0,0.0
2024-05-15 04:35:00+00:00,90.9000015258789,91.0999984741211,90.5999984741211,91.0,115459,0.0,0.0
2024-05-15 04:40:00+00:00,91.0999984741211,91.19999694824219,90.9000015258789,90.9000015258789,82771,0.0,0.0
2024-05-15 04:45:00+00:00,90.9000015258789,90.9000015258789,90.30000305175781,90.69999694824219,184217,0.0,0.0
2024-05-15 04:50:00+00:00,90.69999694824219,90.9000015258789,90.5,90.69999694824219,144784,0.0,0.0
2024-05-15 04:55:00+00:00,90.69999694824219,91.19999694824219,90.5,90.80000305175781,198531,0.0,0.0
2024-05-15 05:00:00+00:00,90.80000305175781,91.0,90.19999694824219,90.19999694824219,231347,0.0,0.0
2024-05-15 05:05:00+00:00,90.30000305175781,90.9000015258789,90.30000305175781,90.4000015258789,142932,0.0,0.0
2024-05-15 05:10:00+00:00,90.4000015258789,90.9000015258789,90.4000015258789,90.80000305175781,354639,0.0,0.0
2024-05-15 05:15:00+00:00,90.80000305175781,91.19999694824219,90.69999694824219,91.0,450726,0.0,0.0
2024-05-15 05:20:00+00:00,91.0,91.5,90.69999694824219,91.0,542914,0.0,0.0
2024-05-16 01:00:00+00:00,91.9000015258789,92.0999984741211,90.0,91.30000305175781,0,0.0,0.0
2024-05-16 01:05:00+00:00,91.19999694824219,92.80000305175781,91.0,91.9000015258789,729000,0.0,0.0
2024-05-16 01:10:00+00:00,91.9000015258789,92.0,91.0,91.0,260087,0.0,0.0
2024-05-16 01:15:00+00:00,91.0,91.0,90.5,90.5,440248,0.0,0.0
2024-05-16 01:20:00+00:00,90.5,91.69999694824219,90.4000015258789,91.4000015258789,307679,0.0,0.0
2024-05-16 01:25:00+00:00,91.4000015258789,91.69999694824219,91.30000305175781,91.4000015258789,110445,0.0,0.0
2024-05-16 01:30:00+00:00,91.4000015258789,91.5999984741211,91.0,91.5999984741211,150677,0.0,0.0
2024-05-16 01:35:00+00:00,91.5999984741211,92.69999694824219,91.5999984741211,92.69999694824219,583001,0.0,0.0
2024-05-16 01:40:00+00:00,92.69999694824219,92.80000305175781,92.0,92.4000015258789,458991,0.0,0.0
2024-05-16 01:45:00+00:00,92.30000305175781,92.4000015258789,91.69999694824219,91.80000305175781,140850,0.0,0.0
2024-05-16 01:50:00+00:00,91.80000305175781,92.30000305175781,91.80000305175781,92.0999984741211,87252,0.0,0.0
2024-05-16 01:55:00+00:00,92.0,92.0,91.69999694824219,91.69999694824219,66342,0.0,0.0
2024-05-16 02:00:00+00:00,91.69999694824219,91.80000305175781,91.19999694824219,91.4000015258789,184200,0.0,0.0
2024-05-16 02:05:00+00:00,91.30000305175781,91.4000015258789,90.80000305175781,91.0,258051,0.0,0.0
2024-05-16 02:10:00+00:00,91.0999984741211,91.30000305175781,90.9000015258789,91.0,88173,0.0,0.0
2024-05-16 02:15:00+00:00,91.0,91.0,90.4000015258789,90.4000015258789,280214,0.0,0.0
2024-05-16 02:20:00+00:00,90.5,91.0,90.5,91.0,84807,0.0,0.0
2024-05-16 02:25:00+00:00,91.0,91.0999984741211,90.9000015258789,91.0,86027,0.0,0.0
2024-05-16 02:30:00+00:00,91.0,91.0999984741211,90.9000015258789,90.9000015258789,44140,0.0,0.0
2024-05-16 02:35:00+00:00,90.9000015258789,91.0999984741211,90.80000305175781,91.0999984741211,61000,0.0,0.0
2024-05-16 02:40:00+00:00,91.0999984741211,91.80000305175781,91.0999984741211,91.5,158841,0.0,0.0
2024-05-16 02:45:00+00:00,91.30000305175781,91.30000305175781,91.19999694824219,91.19999694824219,30180,0.0,0.0
2024-05-16 02:50:00+00:00,91.19999694824219,91.30000305175781,90.9000015258789,91.30000305175781,82661,0.0,0.0
2024-05-16 02:55:00+00:00,91.19999694824219,91.4000015258789,91.0,91.4000015258789,90452,0.0,0.0
2024-05-16 03:00:00+00:00,91.30000305175781,91.30000305175781,91.0999984741211,91.19999694824219,68845,0.0,0.0
2024-05-16 03:05:00+00:00,91.19999694824219,91.19999694824219,91.0,91.0999984741211,39200,0.0,0.0
2024-05-16 03:10:00+00:00,91.0,91.0999984741211,90.9000015258789,91.0,56448,0.0,0.0
2024-05-16 03:15:00+00:00,91.0,91.30000305175781,91.0,91.30000305175781,71438,0.0,0.0
2024-05-16 03:20:00+00:00,91.19999694824219,91.80000305175781,91.19999694824219,91.4000015258789,124148,0.0,0.0
2024-05-16 03:25:00+00:00,91.4000015258789,91.4000015258789,91.0,91.19999694824219,59300,0.0,0.0
2024-05-16 03:30:00+00:00,91.0999984741211,91.0999984741211,90.5999984741211,90.5999984741211,213872,0.0,0.0
2024-05-16 03:35:00+00:00,90.5999984741211,90.69999694824219,90.5,90.5999984741211,103610,0.0,0.0
2024-05-16 03:40:00+00:00,90.5999984741211,90.9000015258789,90.5,90.5,84092,0.0,0.0
2024-05-16 03:45:00+00:00,90.5,90.5999984741211,90.4000015258789,90.4000015258789,93847,0.0,0.0
2024-05-16 03:50:00+00:00,90.4000015258789,90.5,89.5999984741211,90.30000305175781,473890,0.0,0.0
2024-05-16 03:55:00+00:00,90.4000015258789,90.5,90.30000305175781,90.30000305175781,40011,0.0,0.0
2024-05-16 04:00:00+00:00,90.30000305175781,90.30000305175781,90.0,90.19999694824219,94500,0.0,0.0
2024-05-16 04:05:00+00:00,90.19999694824219,90.19999694824219,90.0999984741211,90.0999984741211,39069,0.0,0.0
2024-05-16 04:10:00+00:00,90.19999694824219,90.4000015258789,90.0999984741211,90.4000015258789,85113,0.0,0.0
2024-05-16 04:15:00+00:00,90.5,90.5999984741211,90.30000305175781,90.30000305175781,69209,0.0,0.0
2024-05-16 04:20:00+00:00,90.30000305175781,90.30000305175781,89.80000305175781,89.80000305175781,166240,0.0,0.0
2024-05-16 04:25:00+00:00,89.9000015258789,90.0,89.80000305175781,89.80000305175781,59728,0.0,0.0
2024-05-16 04:30:00+00:00,89.69999694824219,89.80000305175781,89.5,89.5,290317,0.0,0.0
2024-05-16 04:35:00+00:00,89.5,89.9000015258789,89.4000015258789,89.69999694824219,187498,0.0,0.0
2024-05-16 04:40:00+00:00,89.80000305175781,89.80000305175781,89.5,89.69999694824219,123297,0.0,0.0
2024-05-16 04:45:00+00:00,89.69999694824219,89.69999694824219,89.5999984741211,89.5999984741211,42397,0.0,0.0
2024-05-16 04:50:00+00:00,89.5999984741211,89.69999694824219,89.5,89.69999694824219,57328,0.0,0.0
2024-05-16 04:55:00+00:00,89.69999694824219,90.0,89.69999694824219,89.9000015258789,116600,0.0,0.0
2024-05-16 05:00:00+00:00,89.9000015258789,90.0,89.80000305175781,89.9000015258789,103235,0.0,0.0
2024-05-16 05:05:00+00:00,89.9000015258789,90.0,89.69999694824219,89.69999694824219,109238,0.0,0.0
2024-05-16 05:10:00+00:00,89.80000305175781,89.80000305175781,89.30000305175781,89.4000015258789,229702,0.0,0.0
2024-05-16 05:15:00+00:00,89.5,89.9000015258789,89.5,89.9000015258789,205979,0.0,0.0
2024-05-16 05:20:00+00:00,89.9000015258789,90.0,89.5999984741211,90.0,162357,0.0,0.0
2024-05-17 01:00:00+00:00,89.80000305175781,89.80000305175781,88.19999694824219,88.4000015258789,0,0.0,0.0
2024-05-17 01:05:00+00:00,88.30000305175781,90.69999694824219,88.30000305175781,90.69999694824219,320000,0.0,0.0
2024-05-17 01:10:00+00:00,90.80000305175781,92.9000015258789,90.5,92.9000015258789,1465345,0.0,0.0
2024-05-17 01:15:00+00:00,92.80000305175781,93.5999984741211,92.5,93.0999984741211,1342139,0.0,0.0
2024-05-17 01:20:00+00:00,93.0999984741211,93.0999984741211,92.4000015258789,92.5,530566,0.0,0.0
2024-05-17 01:25:00+00:00,92.5999984741211,94.5999984741211,92.5,94.5,1830009,0.0,0.0
2024-05-17 01:30:00+00:00,94.5,96.0,93.69999694824219,95.4000015258789,1480628,0.0,0.0
2024-05-17 01:35:00+00:00,95.4000015258789,95.5,93.0,93.19999694824219,999928,0.0,0.0
2024-05-17 01:40:00+00:00,93.19999694824219,93.5999984741211,92.69999694824219,92.80000305175781,527834,0.0,0.0
2024-05-17 01:45:00+00:00,92.80000305175781,93.5999984741211,92.80000305175781,93.0,310943,0.0,0.0
2024-05-17 01:50:00+00:00,92.9000015258789,93.19999694824219,92.80000305175781,93.0,162715,0.0,0.0
2024-05-17 01:55:00+00:00,93.0,93.69999694824219,93.0,93.5999984741211,181952,0.0,0.0
2024-05-17 02:00:00+00:00,93.5999984741211,93.5999984741211,93.30000305175781,93.5,78861,0.0,0.0
2024-05-17 02:05:00+00:00,93.4000015258789,93.4000015258789,93.0,93.0,124592,0.0,0.0
2024-05-17 02:10:00+00:00,93.0,93.0,92.69999694824219,92.9000015258789,187703,0.0,0.0
2024-05-17 02:15:00+00:00,92.9000015258789,93.19999694824219,92.5,92.5,211607,0.0,0.0
2024-05-17 02:20:00+00:00,92.5,92.9000015258789,92.19999694824219,92.9000015258789,200725,0.0,0.0
2024-05-17 02:25:00+00:00,92.9000015258789,92.9000015258789,92.5,92.5,56468,0.0,0.0
2024-05-17 02:30:00+00:00,92.5,92.5,91.9000015258789,92.30000305175781,352057,0.0,0.0
2024-05-17 02:35:00+00:00,92.30000305175781,92.4000015258789,91.9000015258789,92.4000015258789,216066,0.0,0.0
2024-05-17 02:40:00+00:00,92.4000015258789,92.4000015258789,92.19999694824219,92.30000305175781,33120,0.0,0.0
2024-05-17 02:45:00+00:00,92.19999694824219,92.19999694824219,92.0,92.0999984741211,54473,0.0,0.0
2024-05-17 02:50:00+00:00,92.19999694824219,92.30000305175781,92.0,92.0999984741211,76297,0.0,0.0
2024-05-17 02:55:00+00:00,92.0999984741211,92.0999984741211,92.0,92.0,88453,0.0,0.0
2024-05-17 03:00:00+00:00,92.0,92.9000015258789,92.0,92.69999694824219,156372,0.0,0.0
2024-05-17 03:05:00+00:00,92.69999694824219,92.69999694824219,92.19999694824219,92.19999694824219,77607,0.0,0.0
2024-05-17 03:10:00+00:00,92.19999694824219,92.4000015258789,92.19999694824219,92.4000015258789,22620,0.0,0.0
2024-05-17 03:15:00+00:00,92.4000015258789,93.30000305175781,92.30000305175781,93.19999694824219,123918,0.0,0.0
2024-05-17 03:20:00+00:00,93.0999984741211,93.19999694824219,93.0,93.0999984741211,99600,0.0,0.0
2024-05-17 03:25:00+00:00,93.0,93.30000305175781,93.0,93.30000305175781,49302,0.0,0.0
2024-05-17 03:30:00+00:00,93.30000305175781,93.30000305175781,93.0,93.19999694824219,70716,0.0,0.0
2024-05-17 03:35:00+00:00,93.0999984741211,93.19999694824219,93.0999984741211,93.19999694824219,42958,0.0,0.0
2024-05-17 03:40:00+00:00,93.19999694824219,93.19999694824219,93.0999984741211,93.19999694824219,38830,0.0,0.0
2024-05-17 03:45:00+00:00,93.19999694824219,93.19999694824219,92.80000305175781,92.80000305175781,132627,0.0,0.0
2024-05-17 03:50:00+00:00,93.0,93.0999984741211,92.5,92.5999984741211,92475,0.0,0.0
2024-05-17 03:55:00+00:00,92.5999984741211,92.5999984741211,92.5,92.5999984741211,35011,0.0,0.0
2024-05-17 04:00:00+00:00,92.5999984741211,92.5999984741211,92.4000015258789,92.5999984741211,32231,0.0,0.0
2024-05-17 04:05:00+00:00,92.5999984741211,92.5999984741211,92.4000015258789,92.5,21196,0.0,0.0
2024-05-17 04:10:00+00:00,92.5,92.9000015258789,92.5,92.9000015258789,25150,0.0,0.0
2024-05-17 04:15:00+00:00,92.9000015258789,93.19999694824219,92.9000015258789,93.0999984741211,106920,0.0,0.0
2024-05-17 04:20:00+00:00,93.0999984741211,93.0999984741211,92.80000305175781,93.0,60777,0.0,0.0
2024-05-17 04:25:00+00:00,93.0,93.0,92.80000305175781,92.80000305175781,35190,0.0,0.0
2024-05-17 04:30:00+00:00,92.69999694824219,92.80000305175781,92.5999984741211,92.5999984741211,57400,0.0,0.0
2024-05-17 04:35:00+00:00,92.5999984741211,92.80000305175781,92.5999984741211,92.80000305175781,29208,0.0,0.0
2024-05-17 04:40:00+00:00,92.80000305175781,92.80000305175781,92.4000015258789,92.4000015258789,76292,0.0,0.0
2024-05-17 04:45:00+00:00,92.5,92.69999694824219,92.5,92.5999984741211,23837,0.0,0.0
2024-05-17 04:50:00+00:00,92.5999984741211,92.5999984741211,92.4000015258789,92.4000015258789,63215,0.0,0.0
2024-05-17 04:55:00+00:00,92.30000305175781,92.4000015258789,92.0999984741211,92.19999694824219,106180,0.0,0.0
2024-05-17 05:00:00+00:00,92.19999694824219,92.69999694824219,92.19999694824219,92.69999694824219,76693,0.0,0.0
2024-05-17 05:05:00+00:00,92.5999984741211,92.9000015258789,92.5999984741211,92.5999984741211,142218,0.0,0.0
2024-05-17 05:10:00+00:00,92.69999694824219,92.80000305175781,92.5999984741211,92.69999694824219,58755,0.0,0.0
2024-05-17 05:15:00+00:00,92.69999694824219,93.0,92.5999984741211,92.80000305175781,214518,0.0,0.0
2024-05-17 05:20:00+00:00,92.80000305175781,93.30000305175781,92.69999694824219,93.0,415862,0.0,0.0
2024-05-20 01:00:00+00:00,93.9000015258789,93.9000015258789,92.5,92.69999694824219,0,0.0,0.0
2024-05-20 01:05:00+00:00,92.80000305175781,92.80000305175781,92.19999694824219,92.30000305175781,508439,0.0,0.0
2024-05-20 01:10:00+00:00,92.5,93.0999984741211,92.4000015258789,92.4000015258789,251667,0.0,0.0
2024-05-20 01:15:00+00:00,92.4000015258789,92.69999694824219,91.9000015258789,92.69999694824219,347454,0.0,0.0
2024-05-20 01:20:00+00:00,92.9000015258789,93.30000305175781,92.5,92.69999694824219,217939,0.0,0.0
2024-05-20 01:25:00+00:00,92.69999694824219,93.0,92.30000305175781,92.30000305175781,155830,0.0,0.0
2024-05-20 01:30:00+00:00,92.30000305175781,92.5999984741211,92.0,92.19999694824219,210901,0.0,0.0
2024-05-20 01:35:00+00:00,92.30000305175781,92.30000305175781,91.9000015258789,92.0,287390,0.0,0.0
2024-05-20 01:40:00+00:00,92.0,92.19999694824219,91.9000015258789,91.9000015258789,193271,0.0,0.0
2024-05-20 01:45:00+00:00,91.9000015258789,92.0999984741211,91.9000015258789,92.0999984741211,55142,0.0,0.0
2024-05-20 01:50:00+00:00,92.19999694824219,92.30000305175781,92.0999984741211,92.19999694824219,48605,0.0,0.0
2024-05-20 01:55:00+00:00,92.19999694824219,92.4000015258789,92.19999694824219,92.4000015258789,34136,0.0,0.0
2024-05-20 02:00:00+00:00,92.4000015258789,92.4000015258789,91.9000015258789,91.9000015258789,222470,0.0,0.0
2024-05-20 02:05:00+00:00,92.0,92.30000305175781,92.0,92.19999694824219,74423,0.0,0.0
2024-05-20 02:10:00+00:00,92.19999694824219,92.5,92.19999694824219,92.5,90576,0.0,0.0
2024-05-20 02:15:00+00:00,92.5,92.69999694824219,92.5,92.5,66124,0.0,0.0
2024-05-20 02:20:00+00:00,92.4000015258789,92.5,92.30000305175781,92.30000305175781,28003,0.0,0.0
2024-05-20 02:25:00+00:00,92.4000015258789,92.4000015258789,92.30000305175781,92.30000305175781,24542,0.0,0.0
2024-05-20 02:30:00+00:00,92.4000015258789,92.4000015258789,91.9000015258789,92.0,176699,0.0,0.0
2024-05-20 02:35:00+00:00,92.0,92.0999984741211,92.0,92.0999984741211,10200,0.0,0.0
2024-05-20 02:40:00+00:00,92.19999694824219,92.19999694824219,92.0999984741211,92.0999984741211,26626,0.0,0.0
2024-05-20 02:45:00+00:00,92.0999984741211,92.30000305175781,91.5999984741211,91.69999694824219,214568,0.0,0.0
2024-05-20 02:50:00+00:00,91.80000305175781,91.9000015258789,91.5,91.9000015258789,188135,0.0,0.0
2024-05-20 02:55:00+00:00,91.9000015258789,92.0,91.80000305175781,91.9000015258789,62285,0.0,0.0
2024-05-20 03:00:00+00:00,91.9000015258789,91.9000015258789,91.80000305175781,91.9000015258789,51055,0.0,0.0
2024-05-20 03:05:00+00:00,91.9000015258789,91.9000015258789,91.5999984741211,91.69999694824219,75580,0.0,0.0
2024-05-20 03:10:00+00:00,91.69999694824219,91.9000015258789,91.69999694824219,91.80000305175781,118786,0.0,0.0
2024-05-20 03:15:00+00:00,91.9000015258789,91.9000015258789,91.30000305175781,91.5,244107,0.0,0.0
2024-05-20 03:20:00+00:00,91.4000015258789,91.69999694824219,91.4000015258789,91.5999984741211,76770,0.0,0.0
2024-05-20 03:25:00+00:00,91.5999984741211,92.30000305175781,91.5,92.0999984741211,165627,0.0,0.0
2024-05-20 03:30:00+00:00,92.0999984741211,92.0999984741211,91.69999694824219,91.80000305175781,66252,0.0,0.0
2024-05-20 03:35:00+00:00,91.80000305175781,91.9000015258789,91.4000015258789,91.4000015258789,120398,0.0,0.0
2024-05-20 03:40:00+00:00,91.30000305175781,91.5,91.19999694824219,91.4000015258789,74007,0.0,0.0
2024-05-20 03:45:00+00:00,91.5,91.5,90.80000305175781,91.0,235060,0.0,0.0
2024-05-20 03:50:00+00:00,91.0,91.5,90.80000305175781,91.4000015258789,132713,0.0,0.0
2024-05-20 03:55:00+00:00,91.4000015258789,91.80000305175781,91.30000305175781,91.69999694824219,70334,0.0,0.0
2024-05-20 04:00:00+00:00,91.80000305175781,91.80000305175781,91.5,91.5,34426,0.0,0.0
2024-05-20 04:05:00+00:00,91.5,91.69999694824219,91.5,91.5999984741211,48683,0.0,0.0
2024-05-20 04:10:00+00:00,91.5,91.5,91.19999694824219,91.30000305175781,19109,0.0,0.0
2024-05-20 04:15:00+00:00,91.30000305175781,91.30000305175781,91.30000305175781,91.30000305175781,3245,0.0,0.0
2024-05-20 04:20:00+00:00,91.4000015258789,91.4000015258789,91.4000015258789,91.4000015258789,10452,0.0,0.0
2024-05-20 04:25:00+00:00,91.4000015258789,91.4000015258789,91.4000015258789,91.4000015258789,19031,0.0,0.0
2024-05-20 04:30:00+00:00,91.5,91.5999984741211,91.4000015258789,91.5,32543,0.0,0.0
2024-05-20 04:35:00+00:00,91.5,91.5999984741211,91.5,91.5,34012,0.0,0.0
2024-05-20 04:40:00+00:00,91.5,91.5999984741211,91.4000015258789,91.5,43690,0.0,0.0
2024-05-20 04:45:00+00:00,91.5999984741211,91.69999694824219,91.5,91.69999694824219,43650,0.0,0.0
2024-05-20 04:50:00+00:00,91.69999694824219,91.69999694824219,91.69999694824219,91.69999694824219,16351,0.0,0.0
2024-05-20 04:55:00+00:00,91.69999694824219,91.9000015258789,91.69999694824219,91.80000305175781,35396,0.0,0.0
2024-05-20 05:00:00+00:00,91.69999694824219,91.69999694824219,91.5999984741211,91.5999984741211,66474,0.0,0.0
2024-05-20 05:05:00+00:00,91.69999694824219,91.80000305175781,91.5,91.69999694824219,105125,0.0,0.0
2024-05-20 05:10:00+00:00,91.69999694824219,92.4000015258789,91.69999694824219,92.19999694824219,120182,0.0,0.0
2024-05-20 05:15:00+00:00,92.19999694824219,92.19999694824219,92.0,92.0999984741211,88255,0.0,0.0
2024-05-20 05:20:00+00:00,92.0999984741211,92.0999984741211,91.69999694824219,91.80000305175781,113718,0.0,0.0
2024-05-21 01:00:00+00:00,92.4000015258789,92.4000015258789,91.4000015258789,91.9000015258789,0,0.0,0.0
2024-05-21 01:05:00+00:00,91.9000015258789,92.4000015258789,91.80000305175781,91.9000015258789,70000,0.0,0.0
2024-05-21 01:10:00+00:00,92.0999984741211,92.0999984741211,91.80000305175781,91.80000305175781,94068,0.0,0.0
2024-05-21 01:15:00+00:00,91.69999694824219,91.69999694824219,91.5,91.5999984741211,49556,0.0,0.0
2024-05-21 01:20:00+00:00,91.5999984741211,92.0999984741211,91.5,91.5,137636,0.0,0.0
2024-05-21 01:25:00+00:00,91.5999984741211,91.69999694824219,91.5999984741211,91.69999694824219,31500,0.0,0.0
2024-05-21 01:30:00+00:00,91.80000305175781,91.80000305175781,91.5,91.5,35412,0.0,0.0
2024-05-21 01:35:00+00:00,91.5,91.5999984741211,91.5,91.5999984741211,27245,0.0,0.0
2024-05-21 01:40:00+00:00,91.5,91.5999984741211,91.4000015258789,91.5999984741211,38719,0.0,0.0
2024-05-21 01:45:00+00:00,91.69999694824219,92.4000015258789,91.5999984741211,92.19999694824219,143517,0.0,0.0
2024-05-21 01:50:00+00:00,92.30000305175781,92.30000305175781,92.19999694824219,92.19999694824219,35699,0.0,0.0
2024-05-21 01:55:00+00:00,92.0999984741211,92.0999984741211,91.80000305175781,91.80000305175781,40000,0.0,0.0
2024-05-21 02:00:00+00:00,91.9000015258789,91.9000015258789,91.69999694824219,91.69999694824219,34230,0.0,0.0
2024-05-21 02:05:00+00:00,91.80000305175781,91.80000305175781,91.69999694824219,91.80000305175781,14210,0.0,0.0
2024-05-21 02:10:00+00:00,91.9000015258789,92.19999694824219,91.80000305175781,91.80000305175781,127972,0.0,0.0
2024-05-21 02:15:00+00:00,91.69999694824219,91.69999694824219,91.5,91.5,27096,0.0,0.0
2024-05-21 02:20:00+00:00,91.5999984741211,91.69999694824219,91.5,91.69999694824219,32548,0.0,0.0
2024-05-21 02:25:00+00:00,91.69999694824219,91.69999694824219,91.4000015258789,91.69999694824219,84317,0.0,0.0
2024-05-21 02:30:00+00:00,91.69999694824219,91.69999694824219,91.5,91.5,10717,0.0,0.0
2024-05-21 02:35:00+00:00,91.5,91.69999694824219,91.5,91.5999984741211,23690,0.0,0.0
2024-05-21 02:40:00+00:00,91.5999984741211,91.5999984741211,91.5999984741211,91.5999984741211,6100,0.0,0.0
2024-05-21 02:45:00+00:00,91.5999984741211,91.69999694824219,91.5,91.5999984741211,27426,0.0,0.0
2024-05-21 02:50:00+00:00,91.69999694824219,91.80000305175781,91.69999694824219,91.80000305175781,11058,0.0,0.0
2024-05-21 02:55:00+00:00,91.80000305175781,92.0,91.69999694824219,92.0,35653,0.0,0.0
2024-05-21 03:00:00+00:00,92.0,92.0,92.0,92.0,42009,0.0,0.0
2024-05-21 03:05:00+00:00,92.0,92.0999984741211,92.0,92.0,36471,0.0,0.0
2024-05-21 03:10:00+00:00,92.0,92.0,91.9000015258789,91.9000015258789,43475,0.0,0.0
2024-05-21 03:15:00+00:00,92.0,92.0,91.80000305175781,91.80000305175781,21000,0.0,0.0
2024-05-21 03:20:00+00:00,91.80000305175781,91.80000305175781,91.69999694824219,91.69999694824219,31000,0.0,0.0
2024-05-21 03:25:00+00:00,91.69999694824219,91.80000305175781,91.69999694824219,91.69999694824219,35700,0.0,0.0
2024-05-21 03:30:00+00:00,91.5999984741211,91.69999694824219,91.4000015258789,91.4000015258789,48138,0.0,0.0
2024-05-21 03:35:00+00:00,91.5,91.5999984741211,91.4000015258789,91.5999984741211,16010,0.0,0.0
2024-05-21 03:40:00+00:00,91.5999984741211,91.5999984741211,91.5999984741211,91.5999984741211,8000,0.0,0.0
2024-05-21 03:45:00+00:00,91.5999984741211,91.5999984741211,90.5,90.5,362391,0.0,0.0
2024-05-21 03:50:00+00:00,90.5,90.80000305175781,90.4000015258789,90.5,104359,0.0,0.0
2024-05-21 03:55:00+00:00,90.5,91.0,90.19999694824219,91.0,172024,0.0,0.0
2024-05-21 04:00:00+00:00,91.0999984741211,91.0999984741211,90.5,90.5,144373,0.0,0.0
2024-05-21 04:05:00+00:00,90.5,90.9000015258789,90.4000015258789,90.80000305175781,109400,0.0,0.0
2024-05-21 04:10:00+00:00,90.69999694824219,90.69999694824219,90.4000015258789,90.5999984741211,64231,0.0,0.0
2024-05-21 04:15:00+00:00,90.5999984741211,90.5999984741211,90.4000015258789,90.5,60530,0.0,0.0
2024-05-21 04:20:00+00:00,90.5,90.5999984741211,90.4000015258789,90.5999984741211,71800,0.0,0.0
2024-05-21 04:25:00+00:00,90.5999984741211,90.69999694824219,90.5999984741211,90.5999984741211,44528,0.0,0.0
2024-05-21 04:30:00+00:00,90.5999984741211,90.5999984741211,90.19999694824219,90.5999984741211,123395,0.0,0.0
2024-05-21 04:35:00+00:00,90.5,90.80000305175781,90.5,90.80000305175781,58235,0.0,0.0
2024-05-21 04:40:00+00:00,90.80000305175781,90.80000305175781,90.5999984741211,90.5999984741211,42510,0.0,0.0
2024-05-21 04:45:00+00:00,90.5999984741211,90.80000305175781,90.5,90.80000305175781,74200,0.0,0.0
2024-05-21 04:50:00+00:00,90.5999984741211,90.5999984741211,90.0999984741211,90.19999694824219,341164,0.0,0.0
2024-05-21 04:55:00+00:00,90.19999694824219,90.30000305175781,89.69999694824219,89.9000015258789,344023,0.0,0.0
2024-05-21 05:00:00+00:00,89.9000015258789,90.0999984741211,89.69999694824219,89.80000305175781,421362,0.0,0.0
2024-05-21 05:05:00+00:00,89.80000305175781,89.80000305175781,89.30000305175781,89.5999984741211,331491,0.0,0.0
2024-05-21 05:10:00+00:00,89.5999984741211,90.30000305175781,89.5,90.30000305175781,295733,0.0,0.0
2024-05-21 05:15:00+00:00,90.19999694824219,90.30000305175781,90.0,90.19999694824219,110740,0.0,0.0
2024-05-21 05:20:00+00:00,90.30000305175781,90.5,90.0999984741211,90.0999984741211,135579,0.0,0.0
2024-05-22 01:00:00+00:00,90.80000305175781,91.19999694824219,90.4000015258789,90.69999694824219,0,0.0,0.0
2024-05-22 01:05:00+00:00,90.80000305175781,91.30000305175781,90.5,91.0999984741211,176000,0.0,0.0
2024-05-22 01:10:00+00:00,91.0,91.0,90.4000015258789,90.4000015258789,104015,0.0,0.0
2024-05-22 01:15:00+00:00,90.4000015258789,90.80000305175781,90.30000305175781,90.69999694824219,109200,0.0,0.0
2024-05-22 01:20:00+00:00,90.9000015258789,91.19999694824219,90.69999694824219,90.69999694824219,51092,0.0,0.0
2024-05-22 01:25:00+00:00,90.5999984741211,90.69999694824219,90.5,90.69999694824219,50878,0.0,0.0
2024-05-22 01:30:00+00:00,90.5999984741211,90.69999694824219,90.5999984741211,90.69999694824219,22500,0.0,0.0
2024-05-22 01:35:00+00:00,90.69999694824219,90.69999694824219,90.4000015258789,90.4000015258789,85197,0.0,0.0
2024-05-22 01:40:00+00:00,90.30000305175781,90.5,90.19999694824219,90.5,42200,0.0,0.0
2024-05-22 01:45:00+00:00,90.5,90.9000015258789,90.4000015258789,90.9000015258789,74531,0.0,0.0
2024-05-22 01:50:00+00:00,91.0,91.19999694824219,90.4000015258789,90.4000015258789,130974,0.0,0.0
2024-05-22 01:55:00+00:00,90.4000015258789,90.4000015258789,90.19999694824219,90.30000305175781,46200,0.0,0.0
2024-05-22 02:00:00+00:00,90.30000305175781,90.30000305175781,89.80000305175781,89.80000305175781,158315,0.0,0.0
2024-05-22 02:05:00+00:00,89.80000305175781,90.0999984741211,89.69999694824219,89.69999694824219,90089,0.0,0.0
2024-05-22 02:10:00+00:00,90.0,90.0999984741211,89.5,90.0,147934,0.0,0.0
2024-05-22 02:15:00+00:00,90.0,90.0999984741211,89.9000015258789,90.0,31168,0.0,0.0
2024-05-22 02:20:00+00:00,89.9000015258789,89.9000015258789,89.30000305175781,89.30000305175781,221681,0.0,0.0
2024-05-22 02:25:00+00:00,89.4000015258789,89.69999694824219,89.30000305175781,89.69999694824219,94458,0.0,0.0
2024-05-22 02:30:00+00:00,89.80000305175781,89.9000015258789,89.80000305175781,89.80000305175781,28500,0.0,0.0
2024-05-22 02:35:00+00:00,89.80000305175781,89.9000015258789,89.80000305175781,89.9000015258789,17300,0.0,0.0
2024-05-22 02:40:00+00:00,90.0,90.30000305175781,90.0,90.30000305175781,64201,0.0,0.0
2024-05-22 02:45:00+00:00,90.30000305175781,90.30000305175781,90.0999984741211,90.0999984741211,29000,0.0,0.0
2024-05-22 02:50:00+00:00,90.0999984741211,90.19999694824219,90.0999984741211,90.19999694824219,13200,0.0,0.0
2024-05-22 02:55:00+00:00,90.30000305175781,90.4000015258789,90.19999694824219,90.19999694824219,53101,0.0,0.0
2024-05-22 03:00:00+00:00,90.4000015258789,90.5,90.4000015258789,90.4000015258789,56440,0.0,0.0
2024-05-22 03:05:00+00:00,90.4000015258789,90.9000015258789,90.4000015258789,90.9000015258789,104430,0.0,0.0
2024-05-22 03:10:00+00:00,90.9000015258789,90.9000015258789,90.4000015258789,90.4000015258789,61076,0.0,0.0
2024-05-22 03:15:00+00:00,90.5,90.5,90.4000015258789,90.5,15272,0.0,0.0
2024-05-22 03:20:00+00:00,90.5,90.5999984741211,90.5,90.5999984741211,16320,0.0,0.0
2024-05-22 03:25:00+00:00,90.5999984741211,90.69999694824219,90.5999984741211,90.5999984741211,32400,0.0,0.0
2024-05-22 03:30:00+00:00,90.5999984741211,91.0999984741211,90.5999984741211,91.0999984741211,102310,0.0,0.0
2024-05-22 03:35:00+00:00,91.0999984741211,91.19999694824219,90.9000015258789,90.9000015258789,109568,0.0,0.0
2024-05-22 03:40:00+00:00,90.9000015258789,91.0999984741211,90.80000305175781,90.9000015258789,54607,0.0,0.0
2024-05-22 03:45:00+00:00,90.9000015258789,90.9000015258789,90.80000305175781,90.9000015258789,32528,0.0,0.0
2024-05-22 03:50:00+00:00,90.9000015258789,91.0999984741211,90.9000015258789,91.0999984741211,36550,0.0,0.0
2024-05-22 03:55:00+00:00,91.0999984741211,91.0999984741211,91.0999984741211,91.0999984741211,31035,0.0,0.0
2024-05-22 04:00:00+00:00,91.0999984741211,91.0999984741211,91.0,91.0999984741211,16288,0.0,0.0
2024-05-22 04:05:00+00:00,91.0,91.0999984741211,91.0,91.0,25308,0.0,0.0
2024-05-22 04:10:00+00:00,90.9000015258789,91.0,90.9000015258789,90.9000015258789,15000,0.0,0.0
2024-05-22 04:15:00+00:00,90.9000015258789,90.9000015258789,90.80000305175781,90.9000015258789,15110,0.0,0.0
2024-05-22 04:20:00+00:00,90.9000015258789,90.9000015258789,90.9000015258789,90.9000015258789,2000,0.0,0.0
2024-05-22 04:25:00+00:00,90.80000305175781,90.80000305175781,90.69999694824219,90.69999694824219,63368,0.0,0.0
2024-05-22 04:30:00+00:00,90.69999694824219,90.69999694824219,90.5,90.5999984741211,45426,0.0,0.0
2024-05-22 04:35:00+00:00,90.5,90.5999984741211,90.5,90.5999984741211,26400,0.0,0.0
2024-05-22 04:40:00+00:00,90.5999984741211,90.5999984741211,90.5,90.5,20000,0.0,0.0
2024-05-22 04:45:00+00:00,90.5,90.5999984741211,90.4000015258789,90.5999984741211,41097,0.0,0.0
2024-05-22 04:50:00+00:00,90.5999984741211,90.69999694824219,90.5,90.5,13009,0.0,0.0
2024-05-22 04:55:00+00:00,90.5,90.5999984741211,90.5,90.5999984741211,10000,0.0,0.0
2024-05-22 05:00:00+00:00,90.5999984741211,90.69999694824219,90.30000305175781,90.5,63001,0.0,0.0
2024-05-22 05:05:00+00:00,90.5,90.5999984741211,90.30000305175781,90.5,66158,0.0,0.0
2024-05-22 05:10:00+00:00,90.5,90.69999694824219,90.4000015258789,90.5,102440,0.0,0.0
2024-05-22 05:15:00+00:00,90.5,90.5,90.19999694824219,90.19999694824219,99239,0.0,0.0
2024-05-22 05:20:00+00:00,90.19999694824219,90.4000015258789,90.19999694824219,90.30000305175781,73122,0.0,0.0
2024-05-23 01:00:00+00:00,90.4000015258789,90.4000015258789,89.5999984741211,89.69999694824219,0,0.0,0.0
2024-05-23 01:05:00+00:00,89.69999694824219,90.30000305175781,89.69999694824219,90.30000305175781,70789,0.0,0.0
2024-05-23 01:10:00+00:00,90.19999694824219,90.30000305175781,89.5,89.5,182613,0.0,0.0
2024-05-23 01:15:00+00:00,89.5,89.5,89.0999984741211,89.19999694824219,175820,0.0,0.0
2024-05-23 01:20:00+00:00,89.0999984741211,89.4000015258789,88.5999984741211,89.30000305175781,363073,0.0,0.0
2024-05-23 01:25:00+00:00,89.4000015258789,89.5,89.30000305175781,89.5,40343,0.0,0.0
2024-05-23 01:30:00+00:00,89.5,89.80000305175781,89.4000015258789,89.80000305175781,46439,0.0,0.0
2024-05-23 01:35:00+00:00,89.69999694824219,89.69999694824219,89.0999984741211,89.4000015258789,66858,0.0,0.0
2024-05-23 01:40:00+00:00,89.4000015258789,89.5999984741211,89.19999694824219,89.5999984741211,33149,0.0,0.0
2024-05-23 01:45:00+00:00,89.5999984741211,89.69999694824219,89.19999694824219,89.30000305175781,79200,0.0,0.0
2024-05-23 01:50:00+00:00,89.4000015258789,89.4000015258789,89.19999694824219,89.19999694824219,26512,0.0,0.0
2024-05-23 01:55:00+00:00,89.19999694824219,89.30000305175781,89.0999984741211,89.19999694824219,46205,0.0,0.0
2024-05-23 02:00:00+00:00,89.19999694824219,89.30000305175781,89.0999984741211,89.19999694824219,39025,0.0,0.0
2024-05-23 02:05:00+00:00,89.19999694824219,89.19999694824219,89.0,89.19999694824219,25500,0.0,0.0
2024-05-23 02:10:00+00:00,89.19999694824219,89.4000015258789,89.0999984741211,89.4000015258789,25070,0.0,0.0
2024-05-23 02:15:00+00:00,89.30000305175781,89.80000305175781,89.30000305175781,89.5999984741211,63510,0.0,0.0
2024-05-23 02:20:00+00:00,89.69999694824219,89.80000305175781,89.30000305175781,89.30000305175781,30063,0.0,0.0
2024-05-23 02:25:00+00:00,89.4000015258789,89.4000015258789,89.4000015258789,89.4000015258789,3517,0.0,0.0
2024-05-23 02:30:00+00:00,89.30000305175781,89.30000305175781,89.19999694824219,89.19999694824219,21140,0.0,0.0
2024-05-23 02:35:00+00:00,89.30000305175781,89.4000015258789,89.30000305175781,89.4000015258789,11000,0.0,0.0
2024-05-23 02:40:00+00:00,89.30000305175781,89.5,89.19999694824219,89.4000015258789,27510,0.0,0.0
2024-05-23 02:45:00+00:00,89.4000015258789,89.4000015258789,89.0999984741211,89.0999984741211,17300,0.0,0.0
2024-05-23 02:50:00+00:00,89.19999694824219,89.19999694824219,89.0999984741211,89.0999984741211,27350,0.0,0.0
2024-05-23 02:55:00+00:00,89.0999984741211,89.0999984741211,88.9000015258789,89.0,103317,0.0,0.0
2024-05-23 03:00:00+00:00,89.0,89.0999984741211,88.9000015258789,89.0,22100,0.0,0.0
2024-05-23 03:05:00+00:00,89.0,89.0,89.0,89.0,6117,0.0,0.0
2024-05-23 03:10:00+00:00,89.0,89.0999984741211,88.80000305175781,88.80000305175781,64002,0.0,0.0
2024-05-23 03:15:00+00:00,88.9000015258789,89.30000305175781,88.80000305175781,89.0,65617,0.0,0.0
2024-05-23 03:20:00+00:00,89.0,89.0999984741211,88.9000015258789,89.0999984741211,8191,0.0,0.0
2024-05-23 03:25:00+00:00,89.19999694824219,89.30000305175781,89.19999694824219,89.30000305175781,27391,0.0,0.0
2024-05-23 03:30:00+00:00,89.19999694824219,89.30000305175781,89.19999694824219,89.19999694824219,8260,0.0,0.0
2024-05-23 03:35:00+00:00,89.19999694824219,89.19999694824219,89.19999694824219,89.19999694824219,14090,0.0,0.0
2024-05-23 03:40:00+00:00,89.0999984741211,89.19999694824219,88.9000015258789,89.0999984741211,48011,0.0,0.0
2024-05-23 03:45:00+00:00,89.0999984741211,89.19999694824219,89.0,89.0,20375,0.0,0.0
2024-05-23 03:50:00+00:00,89.0999984741211,89.19999694824219,89.0999984741211,89.19999694824219,8163,0.0,0.0
2024-05-23 03:55:00+00:00,89.30000305175781,89.5999984741211,89.30000305175781,89.4000015258789,75450,0.0,0.0
2024-05-23 04:00:00+00:00,89.4000015258789,89.5,89.4000015258789,89.4000015258789,15211,0.0,0.0
2024-05-23 04:05:00+00:00,89.5,89.80000305175781,89.5,89.69999694824219,40456,0.0,0.0
2024-05-23 04:10:00+00:00,89.69999694824219,90.0,89.69999694824219,90.0,52100,0.0,0.0
2024-05-23 04:15:00+00:00,90.0,90.5,89.9000015258789,90.5,255256,0.0,0.0
2024-05-23 04:20:00+00:00,90.4000015258789,90.4000015258789,90.19999694824219,90.30000305175781,63030,0.0,0.0
2024-05-23 04:25:00+00:00,90.19999694824219,90.19999694824219,90.0,90.0999984741211,49305,0.0,0.0
2024-05-23 04:30:00+00:00,90.0,90.0,89.5999984741211,89.80000305175781,96160,0.0,0.0
2024-05-23 04:35:00+00:00,89.80000305175781,90.0,89.69999694824219,90.0,14150,0.0,0.0
2024-05-23 04:40:00+00:00,89.9000015258789,90.0,89.80000305175781,89.80000305175781,41100,0.0,0.0
2024-05-23 04:45:00+00:00,89.80000305175781,89.9000015258789,89.80000305175781,89.80000305175781,8131,0.0,0.0
2024-05-23 04:50:00+00:00,89.80000305175781,89.9000015258789,89.80000305175781,89.9000015258789,15100,0.0,0.0
2024-05-23 04:55:00+00:00,89.9000015258789,89.9000015258789,89.5999984741211,89.69999694824219,86117,0.0,0.0
2024-05-23 05:00:00+00:00,89.80000305175781,89.80000305175781,89.69999694824219,89.69999694824219,74100,0.0,0.0
2024-05-23 05:05:00+00:00,89.69999694824219,89.69999694824219,89.5999984741211,89.5999984741211,25210,0.0,0.0
2024-05-23 05:10:00+00:00,89.69999694824219,89.80000305175781,89.4000015258789,89.4000015258789,108226,0.0,0.0
2024-05-23 05:15:00+00:00,89.5,89.5,88.9000015258789,89.0,258480,0.0,0.0
2024-05-23 05:20:00+00:00,89.0,89.80000305175781,89.0,89.80000305175781,121284,0.0,0.0
2024-05-24 01:00:00+00:00,89.19999694824219,89.5999984741211,89.0,89.30000305175781,0,0.0,0.0
2024-05-24 01:05:00+00:00,89.5,89.5999984741211,89.19999694824219,89.5999984741211,65000,0.0,0.0
2024-05-24 01:10:00+00:00,89.69999694824219,90.0999984741211,89.69999694824219,90.0,189272,0.0,0.0
2024-05-24 01:15:00+00:00,89.9000015258789,91.0999984741211,89.9000015258789,90.9000015258789,177238,0.0,0.0
2024-05-24 01:20:00+00:00,90.9000015258789,91.4000015258789,90.19999694824219,90.80000305175781,354974,0.0,0.0
2024-05-24 01:25:00+00:00,90.80000305175781,90.80000305175781,89.9000015258789,89.9000015258789,123910,0.0,0.0
2024-05-24 01:30:00+00:00,90.0,90.0,89.80000305175781,89.9000015258789,55792,0.0,0.0
2024-05-24 01:35:00+00:00,90.0,90.0999984741211,89.80000305175781,90.0999984741211,65020,0.0,0.0
2024-05-24 01:40:00+00:00,90.0,90.0999984741211,90.0,90.0,42160,0.0,0.0
2024-05-24 01:45:00+00:00,90.0,90.0,90.0,90.0,19113,0.0,0.0
2024-05-24 01:50:00+00:00,89.9000015258789,89.9000015258789,89.5,89.69999694824219,121610,0.0,0.0
2024-05-24 01:55:00+00:00,89.69999694824219,89.80000305175781,89.69999694824219,89.69999694824219,41377,0.0,0.0
2024-05-24 02:00:00+00:00,89.69999694824219,89.69999694824219,89.19999694824219,89.4000015258789,151000,0.0,0.0
2024-05-24 02:05:00+00:00,89.5,90.0999984741211,89.4000015258789,90.0,44348,0.0,0.0
2024-05-24 02:10:00+00:00,90.0,90.0,89.4000015258789,89.5,150010,0.0,0.0
2024-05-24 02:15:00+00:00,89.4000015258789,89.5,89.19999694824219,89.19999694824219,44086,0.0,0.0
2024-05-24 02:20:00+00:00,89.19999694824219,89.5,88.9000015258789,89.0999984741211,118210,0.0,0.0
2024-05-24 02:25:00+00:00,89.30000305175781,89.4000015258789,89.30000305175781,89.30000305175781,31100,0.0,0.0
2024-05-24 02:30:00+00:00,89.30000305175781,89.5,89.30000305175781,89.5,6000,0.0,0.0
2024-05-24 02:35:00+00:00,89.5999984741211,89.80000305175781,89.5999984741211,89.5999984741211,32385,0.0,0.0
2024-05-24 02:40:00+00:00,89.69999694824219,89.69999694824219,89.5999984741211,89.69999694824219,8259,0.0,0.0
2024-05-24 02:45:00+00:00,89.69999694824219,90.0,89.69999694824219,90.0,18002,0.0,0.0
2024-05-24 02:50:00+00:00,90.0,90.0,89.9000015258789,89.9000015258789,10371,0.0,0.0
2024-05-24 02:55:00+00:00,89.80000305175781,89.80000305175781,89.69999694824219,89.69999694824219,6000,0.0,0.0
2024-05-24 03:00:00+00:00,89.69999694824219,89.80000305175781,89.69999694824219,89.80000305175781,8000,0.0,0.0
2024-05-24 03:05:00+00:00,89.80000305175781,89.9000015258789,89.80000305175781,89.9000015258789,9000,0.0,0.0
2024-05-24 03:10:00+00:00,89.9000015258789,89.9000015258789,89.80000305175781,89.9000015258789,6211,0.0,0.0
2024-05-24 03:15:00+00:00,89.9000015258789,89.9000015258789,89.9000015258789,89.9000015258789,10093,0.0,0.0
2024-05-24 03:20:00+00:00,89.80000305175781,89.80000305175781,89.69999694824219,89.69999694824219,24100,0.0,0.0
2024-05-24 03:25:00+00:00,89.69999694824219,89.9000015258789,89.69999694824219,89.9000015258789,15000,0.0,0.0
2024-05-24 03:30:00+00:00,89.69999694824219,89.69999694824219,89.5,89.5,11010,0.0,0.0
2024-05-24 03:35:00+00:00,89.80000305175781,89.80000305175781,89.5,89.5,20150,0.0,0.0
2024-05-24 03:40:00+00:00,89.4000015258789,89.4000015258789,89.19999694824219,89.19999694824219,34065,0.0,0.0
2024-05-24 03:45:00+00:00,89.30000305175781,89.30000305175781,89.0999984741211,89.0999984741211,53214,0.0,0.0
2024-05-24 03:50:00+00:00,89.0999984741211,89.30000305175781,89.0999984741211,89.19999694824219,25035,0.0,0.0
2024-05-24 03:55:00+00:00,89.30000305175781,89.30000305175781,89.19999694824219,89.19999694824219,16504,0.0,0.0
2024-05-24 04:00:00+00:00,89.19999694824219,89.30000305175781,89.0999984741211,89.0999984741211,32011,0.0,0.0
2024-05-24 04:05:00+00:00,89.0999984741211,89.9000015258789,89.0999984741211,89.80000305175781,99000,0.0,0.0
2024-05-24 04:10:00+00:00,89.69999694824219,89.9000015258789,89.5999984741211,89.80000305175781,87373,0.0,0.0
2024-05-24 04:15:00+00:00,89.69999694824219,89.80000305175781,89.69999694824219,89.69999694824219,22010,0.0,0.0
2024-05-24 04:20:00+00:00,89.69999694824219,90.0,89.69999694824219,89.9000015258789,79048,0.0,0.0
2024-05-24 04:25:00+00:00,89.80000305175781,89.80000305175781,89.69999694824219,89.80000305175781,26210,0.0,0.0
2024-05-24 04:30:00+00:00,89.80000305175781,90.5999984741211,89.80000305175781,90.5,216426,0.0,0.0
2024-05-24 04:35:00+00:00,90.5,90.80000305175781,90.30000305175781,90.80000305175781,87562,0.0,0.0
2024-05-24 04:40:00+00:00,90.80000305175781,91.19999694824219,90.5999984741211,90.9000015258789,137018,0.0,0.0
2024-05-24 04:45:00+00:00,91.0999984741211,91.5999984741211,90.9000015258789,91.0,407150,0.0,0.0
2024-05-24 04:50:00+00:00,91.0,91.5,90.9000015258789,91.4000015258789,104441,0.0,0.0
2024-05-24 04:55:00+00:00,91.4000015258789,92.4000015258789,91.4000015258789,92.19999694824219,717926,0.0,0.0
2024-05-24 05:00:00+00:00,92.19999694824219,92.30000305175781,91.5,91.5999984741211,187598,0.0,0.0
2024-05-24 05:05:00+00:00,91.5999984741211,91.69999694824219,91.4000015258789,91.4000015258789,78526,0.0,0.0
2024-05-24 05:10:00+00:00,91.4000015258789,91.80000305175781,91.4000015258789,91.5999984741211,67880,0.0,0.0
2024-05-24 05:15:00+00:00,91.69999694824219,91.80000305175781,91.5999984741211,91.5999984741211,132111,0.0,0.0
2024-05-24 05:20:00+00:00,91.69999694824219,92.0,91.5999984741211,91.5999984741211,197853,0.0,0.0
2024-05-27 01:00:00+00:00,93.5,93.5,91.5,91.69999694824219,0,0.0,0.0
2024-05-27 01:05:00+00:00,91.80000305175781,91.9000015258789,91.0,91.0,379000,0.0,0.0
2024-05-27 01:10:00+00:00,91.0999984741211,91.4000015258789,90.5,91.19999694824219,275678,0.0,0.0
2024-05-27 01:15:00+00:00,91.19999694824219,91.30000305175781,90.5999984741211,91.0,213673,0.0,0.0
2024-05-27 01:20:00+00:00,91.0,91.19999694824219,90.80000305175781,91.19999694824219,160371,0.0,0.0
2024-05-27 01:25:00+00:00,91.19999694824219,91.30000305175781,91.0,91.19999694824219,96270,0.0,0.0
2024-05-27 01:30:00+00:00,91.30000305175781,91.4000015258789,90.69999694824219,90.69999694824219,131989,0.0,0.0
2024-05-27 01:35:00+00:00,90.69999694824219,90.9000015258789,90.4000015258789,90.80000305175781,315295,0.0,0.0
2024-05-27 01:40:00+00:00,90.69999694824219,91.0,90.5999984741211,90.69999694824219,86397,0.0,0.0
2024-05-27 01:45:00+00:00,90.80000305175781,90.9000015258789,90.80000305175781,90.9000015258789,19172,0.0,0.0
2024-05-27 01:50:00+00:00,90.9000015258789,91.0,90.4000015258789,91.0,140200,0.0,0.0
2024-05-27 01:55:00+00:00,91.0,91.0999984741211,90.9000015258789,91.0,31196,0.0,0.0
2024-05-27 02:00:00+00:00,90.9000015258789,92.0,90.9000015258789,91.80000305175781,167536,0.0,0.0
2024-05-27 02:05:00+00:00,91.80000305175781,92.5,91.69999694824219,91.9000015258789,419242,0.0,0.0
2024-05-27 02:10:00+00:00,91.80000305175781,91.9000015258789,91.5999984741211,91.80000305175781,54065,0.0,0.0
2024-05-27 02:15:00+00:00,91.69999694824219,91.80000305175781,91.5,91.5,52110,0.0,0.0
2024-05-27 02:20:00+00:00,91.5999984741211,91.5999984741211,91.30000305175781,91.5,36797,0.0,0.0
2024-05-27 02:25:00+00:00,91.4000015258789,91.5,91.4000015258789,91.5,28000,0.0,0.0
2024-05-27 02:30:00+00:00,91.4000015258789,91.4000015258789,91.0,91.0,29000,0.0,0.0
2024-05-27 02:35:00+00:00,91.0999984741211,91.5,91.0999984741211,91.5,21166,0.0,0.0
2024-05-27 02:40:00+00:00,91.4000015258789,91.4000015258789,91.4000015258789,91.4000015258789,4037,0.0,0.0
2024-05-27 02:45:00+00:00,91.4000015258789,91.4000015258789,91.0,91.0999984741211,63000,0.0,0.0
2024-05-27 02:50:00+00:00,91.0999984741211,91.19999694824219,91.0999984741211,91.19999694824219,15028,0.0,0.0
2024-05-27 02:55:00+00:00,91.19999694824219,91.19999694824219,91.0999984741211,91.0999984741211,8020,0.0,0.0
2024-05-27 03:00:00+00:00,91.0999984741211,91.5,91.0999984741211,91.19999694824219,28000,0.0,0.0
2024-05-27 03:05:00+00:00,91.30000305175781,91.30000305175781,91.0,91.0999984741211,30819,0.0,0.0
2024-05-27 03:10:00+00:00,91.0999984741211,91.19999694824219,91.0999984741211,91.0999984741211,16345,0.0,0.0
2024-05-27 03:15:00+00:00,91.0,91.0,90.69999694824219,91.0,100242,0.0,0.0
2024-05-27 03:20:00+00:00,90.9000015258789,90.9000015258789,90.5,90.5,138885,0.0,0.0
2024-05-27 03:25:00+00:00,90.69999694824219,90.80000305175781,90.5999984741211,90.80000305175781,29072,0.0,0.0
2024-05-27 03:30:00+00:00,90.9000015258789,90.9000015258789,90.69999694824219,90.9000015258789,16491,0.0,0.0
2024-05-27 03:35:00+00:00,91.0,91.0999984741211,90.80000305175781,90.9000015258789,27000,0.0,0.0
2024-05-27 03:40:00+00:00,90.80000305175781,90.80000305175781,90.5999984741211,90.5999984741211,104009,0.0,0.0
2024-05-27 03:45:00+00:00,90.69999694824219,90.69999694824219,90.5999984741211,90.69999694824219,31100,0.0,0.0
2024-05-27 03:50:00+00:00,90.80000305175781,90.9000015258789,90.30000305175781,90.30000305175781,168100,0.0,0.0
2024-05-27 03:55:00+00:00,90.5,90.69999694824219,90.30000305175781,90.4000015258789,81908,0.0,0.0
2024-05-27 04:00:00+00:00,90.30000305175781,90.69999694824219,90.30000305175781,90.5999984741211,55741,0.0,0.0
2024-05-27 04:05:00+00:00,90.5999984741211,90.69999694824219,90.5,90.69999694824219,14000,0.0,0.0
2024-05-27 04:10:00+00:00,90.5999984741211,90.9000015258789,90.5999984741211,90.80000305175781,23115,0.0,0.0
2024-05-27 04:15:00+00:00,90.80000305175781,90.80000305175781,90.69999694824219,90.69999694824219,14000,0.0,0.0
2024-05-27 04:20:00+00:00,90.69999694824219,90.80000305175781,90.69999694824219,90.69999694824219,42011,0.0,0.0
2024-05-27 04:25:00+00:00,90.5999984741211,90.80000305175781,90.5999984741211,90.69999694824219,33000,0.0,0.0
2024-05-27 04:30:00+00:00,90.80000305175781,90.80000305175781,90.5999984741211,90.69999694824219,18000,0.0,0.0
2024-05-27 04:35:00+00:00,90.69999694824219,90.80000305175781,90.69999694824219,90.69999694824219,18338,0.0,0.0
2024-05-27 04:40:00+00:00,90.69999694824219,90.80000305175781,90.5999984741211,90.5999984741211,49170,0.0,0.0
2024-05-27 04:45:00+00:00,90.69999694824219,90.80000305175781,90.69999694824219,90.80000305175781,33000,0.0,0.0
2024-05-27 04:50:00+00:00,90.80000305175781,90.9000015258789,90.69999694824219,90.9000015258789,16000,0.0,0.0
2024-05-27 04:55:00+00:00,90.9000015258789,91.30000305175781,90.9000015258789,91.30000305175781,105887,0.0,0.0
2024-05-27 05:00:00+00:00,91.4000015258789,91.5,91.30000305175781,91.30000305175781,91721,0.0,0.0
2024-05-27 05:05:00+00:00,91.30000305175781,91.30000305175781,91.0,91.0,56022,0.0,0.0
2024-05-27 05:10:00+00:00,91.0,91.5,91.0,91.30000305175781,124051,0.0,0.0
2024-05-27 05:15:00+00:00,91.30000305175781,91.30000305175781,91.0,91.30000305175781,146242,0.0,0.0
2024-05-27 05:20:00+00:00,91.19999694824219,91.4000015258789,91.0999984741211,91.4000015258789,166200,0.0,0.0
2024-05-28 01:00:00+00:00,91.80000305175781,92.5,91.5999984741211,91.5999984741211,0,0.0,0.0
2024-05-28 01:05:00+00:00,91.69999694824219,92.5999984741211,91.5999984741211,92.5999984741211,189000,0.0,0.0
2024-05-28 01:10:00+00:00,92.5,92.80000305175781,92.0,92.0,218591,0.0,0.0
2024-05-28 01:15:00+00:00,92.0,92.0,91.19999694824219,91.80000305175781,152814,0.0,0.0
2024-05-28 01:20:00+00:00,91.9000015258789,92.5,91.9000015258789,92.4000015258789,80403,0.0,0.0
2024-05-28 01:25:00+00:00,92.4000015258789,92.5999984741211,92.19999694824219,92.19999694824219,127440,0.0,0.0
2024-05-28 01:30:00+00:00,92.0999984741211,92.0999984741211,91.69999694824219,91.9000015258789,60508,0.0,0.0
2024-05-28 01:35:00+00:00,91.80000305175781,91.80000305175781,91.69999694824219,91.69999694824219,19001,0.0,0.0
2024-05-28 01:40:00+00:00,91.80000305175781,91.80000305175781,91.5999984741211,91.5999984741211,20076,0.0,0.0
2024-05-28 01:45:00+00:00,91.69999694824219,92.0,91.69999694824219,91.80000305175781,53060,0.0,0.0
2024-05-28 01:50:00+00:00,91.9000015258789,92.4000015258789,91.9000015258789,92.4000015258789,96707,0.0,0.0
2024-05-28 01:55:00+00:00,92.30000305175781,92.30000305175781,92.0999984741211,92.0999984741211,17219,0.0,0.0
2024-05-28 02:00:00+00:00,92.19999694824219,92.30000305175781,92.0999984741211,92.30000305175781,36210,0.0,0.0
2024-05-28 02:05:00+00:00,92.4000015258789,92.4000015258789,92.30000305175781,92.30000305175781,42513,0.0,0.0
2024-05-28 02:10:00+00:00,92.19999694824219,92.30000305175781,92.19999694824219,92.30000305175781,11000,0.0,0.0
2024-05-28 02:15:00+00:00,92.30000305175781,92.5999984741211,92.0,92.5,138192,0.0,0.0
2024-05-28 02:20:00+00:00,92.5,92.9000015258789,92.4000015258789,92.5999984741211,269440,0.0,0.0
2024-05-28 02:25:00+00:00,92.5999984741211,92.80000305175781,92.4000015258789,92.69999694824219,101180,0.0,0.0
2024-05-28 02:30:00+00:00,92.5999984741211,93.0,92.5999984741211,92.9000015258789,310149,0.0,0.0
2024-05-28 02:35:00+00:00,92.9000015258789,94.5,92.9000015258789,93.69999694824219,1331096,0.0,0.0
2024-05-28 02:40:00+00:00,93.69999694824219,93.80000305175781,93.0999984741211,93.0999984741211,223615,0.0,0.0
2024-05-28 02:45:00+00:00,93.19999694824219,93.5999984741211,93.19999694824219,93.5999984741211,78078,0.0,0.0
2024-05-28 02:50:00+00:00,93.69999694824219,93.69999694824219,93.4000015258789,93.5,102677,0.0,0.0
2024-05-28 02:55:00+00:00,93.4000015258789,93.80000305175781,93.4000015258789,93.80000305175781,92618,0.0,0.0
2024-05-28 03:00:00+00:00,93.69999694824219,93.80000305175781,93.5999984741211,93.69999694824219,72360,0.0,0.0
2024-05-28 03:05:00+00:00,93.69999694824219,94.5,93.5999984741211,94.5,535612,0.0,0.0
2024-05-28 03:10:00+00:00,94.5,94.5,94.0,94.0999984741211,206545,0.0,0.0
2024-05-28 03:15:00+00:00,94.0,94.19999694824219,93.80000305175781,94.0999984741211,102025,0.0,0.0
2024-05-28 03:20:00+00:00,94.0999984741211,94.0999984741211,93.9000015258789,93.9000015258789,43316,0.0,0.0
2024-05-28 03:25:00+00:00,93.9000015258789,94.0999984741211,93.9000015258789,93.9000015258789,84390,0.0,0.0
2024-05-28 03:30:00+00:00,93.9000015258789,94.0,93.9000015258789,93.9000015258789,61074,0.0,0.0
2024-05-28 03:35:00+00:00,93.80000305175781,93.9000015258789,93.19999694824219,93.19999694824219,258699,0.0,0.0
2024-05-28 03:40:00+00:00,93.19999694824219,93.5,93.19999694824219,93.5,41000,0.0,0.0
2024-05-28 03:45:00+00:00,93.5,93.9000015258789,93.4000015258789,93.5999984741211,60600,0.0,0.0
2024-05-28 03:50:00+00:00,93.5999984741211,93.80000305175781,93.5999984741211,93.80000305175781,38000,0.0,0.0
2024-05-28 03:55:00+00:00,93.5999984741211,93.9000015258789,93.5,93.80000305175781,64109,0.0,0.0
2024-05-28 04:00:00+00:00,93.9000015258789,94.0,93.80000305175781,93.9000015258789,23001,0.0,0.0
2024-05-28 04:05:00+00:00,93.9000015258789,93.9000015258789,93.5999984741211,93.69999694824219,22605,0.0,0.0
2024-05-28 04:10:00+00:00,93.69999694824219,93.69999694824219,93.5,93.5999984741211,52200,0.0,0.0
2024-05-28 04:15:00+00:00,93.5999984741211,93.80000305175781,93.5,93.80000305175781,29027,0.0,0.0
2024-05-28 04:20:00+00:00,93.80000305175781,94.0,93.80000305175781,93.80000305175781,81366,0.0,0.0
2024-05-28 04:25:00+00:00,93.80000305175781,93.80000305175781,93.5999984741211,93.5999984741211,38690,0.0,0.0
2024-05-28 04:30:00+00:00,93.5,93.5999984741211,93.4000015258789,93.4000015258789,58525,0.0,0.0
2024-05-28 04:35:00+00:00,93.4000015258789,93.4000015258789,93.19999694824219,93.30000305175781,79697,0.0,0.0
2024-05-28 04:40:00+00:00,93.4000015258789,93.5999984741211,93.4000015258789,93.5999984741211,38061,0.0,0.0
2024-05-28 04:45:00+00:00,93.5999984741211,93.5999984741211,93.4000015258789,93.4000015258789,34236,0.0,0.0
2024-05-28 04:50:00+00:00,93.30000305175781,93.30000305175781,93.0999984741211,93.0999984741211,46030,0.0,0.0
2024-05-28 04:55:00+00:00,93.0999984741211,93.0999984741211,92.9000015258789,92.9000015258789,115220,0.0,0.0
2024-05-28 05:00:00+00:00,92.9000015258789,93.4000015258789,92.9000015258789,93.4000015258789,86810,0.0,0.0
2024-05-28 05:05:00+00:00,93.4000015258789,93.4000015258789,93.19999694824219,93.19999694824219,47396,0.0,0.0
2024-05-28 05:10:00+00:00,93.0999984741211,93.19999694824219,92.9000015258789,93.0,66000,0.0,0.0
2024-05-28 05:15:00+00:00,92.9000015258789,93.4000015258789,92.9000015258789,93.30000305175781,121210,0.0,0.0
2024-05-28 05:20:00+00:00,93.19999694824219,93.5,93.0,93.19999694824219,116444,0.0,0.0
2024-05-29 01:00:00+00:00,93.30000305175781,94.80000305175781,93.30000305175781,94.30000305175781,518000,0.0,0.0
2024-05-29 01:05:00+00:00,94.19999694824219,94.19999694824219,93.69999694824219,93.9000015258789,144000,0.0,0.0
2024-05-29 01:10:00+00:00,93.9000015258789,93.9000015258789,93.4000015258789,93.69999694824219,146060,0.0,0.0
2024-05-29 01:15:00+00:00,93.69999694824219,95.0,93.69999694824219,94.80000305175781,369991,0.0,0.0
2024-05-29 01:20:00+00:00,94.80000305175781,96.30000305175781,94.5,96.30000305175781,975067,0.0,0.0
2024-05-29 01:25:00+00:00,96.0999984741211,96.5,95.19999694824219,96.5,907113,0.0,0.0
2024-05-29 01:30:00+00:00,96.4000015258789,96.9000015258789,95.5999984741211,96.5,636745,0.0,0.0
2024-05-29 01:35:00+00:00,96.5999984741211,97.0,95.5,95.5,703653,0.0,0.0
2024-05-29 01:40:00+00:00,95.69999694824219,95.80000305175781,94.80000305175781,95.0,620216,0.0,0.0
2024-05-29 01:45:00+00:00,95.0,95.80000305175781,94.69999694824219,95.5999984741211,355132,0.0,0.0
2024-05-29 01:50:00+00:00,95.69999694824219,96.30000305175781,95.19999694824219,96.0999984741211,270765,0.0,0.0
2024-05-29 01:55:00+00:00,96.19999694824219,97.80000305175781,96.0999984741211,97.80000305175781,953167,0.0,0.0
2024-05-29 02:00:00+00:00,97.80000305175781,99.0,97.30000305175781,98.0,1161493,0.0,0.0
2024-05-29 02:05:00+00:00,97.9000015258789,98.80000305175781,97.0999984741211,97.80000305175781,714477,0.0,0.0
2024-05-29 02:10:00+00:00,98.0,98.30000305175781,96.9000015258789,97.30000305175781,381774,0.0,0.0
2024-05-29 02:15:00+00:00,97.4000015258789,97.5,96.5,97.0999984741211,305628,0.0,0.0
2024-05-29 02:20:00+00:00,97.19999694824219,97.5999984741211,97.0,97.5,106961,0.0,0.0
2024-05-29 02:25:00+00:00,97.5,99.4000015258789,97.5,99.4000015258789,827616,0.0,0.0
2024-05-29 02:30:00+00:00,99.19999694824219,99.4000015258789,98.30000305175781,98.5,448601,0.0,0.0
2024-05-29 02:35:00+00:00,98.5,98.5999984741211,98.0,98.4000015258789,234267,0.0,0.0
2024-05-29 02:40:00+00:00,98.4000015258789,99.69999694824219,98.0,99.5,903710,0.0,0.0
2024-05-29 02:45:00+00:00,99.69999694824219,99.69999694824219,98.4000015258789,98.69999694824219,477739,0.0,0.0
2024-05-29 02:50:00+00:00,98.5999984741211,99.5,98.5,99.19999694824219,260722,0.0,0.0
2024-05-29 02:55:00+00:00,99.0999984741211,100.0,99.0999984741211,100.0,588378,0.0,0.0
2024-05-29 03:00:00+00:00,99.9000015258789,100.0,98.69999694824219,98.80000305175781,587130,0.0,0.0
2024-05-29 03:05:00+00:00,98.9000015258789,98.9000015258789,98.5,98.80000305175781,191455,0.0,0.0
2024-05-29 03:10:00+00:00,98.9000015258789,99.5999984741211,98.5999984741211,98.5999984741211,217311,0.0,0.0
2024-05-29 03:15:00+00:00,98.69999694824219,98.69999694824219,97.69999694824219,97.80000305175781,241850,0.0,0.0
2024-05-29 03:20:00+00:00,97.80000305175781,98.5,96.80000305175781,96.9000015258789,442774,0.0,0.0
2024-05-29 03:25:00+00:00,96.9000015258789,97.30000305175781,96.0999984741211,96.5,681482,0.0,0.0
2024-05-29 03:30:00+00:00,96.5,97.0999984741211,96.30000305175781,96.80000305175781,146417,0.0,0.0
2024-05-29 03:35:00+00:00,96.69999694824219,96.9000015258789,95.19999694824219,95.80000305175781,478872,0.0,0.0
2024-05-29 03:40:00+00:00,95.9000015258789,96.4000015258789,95.19999694824219,96.4000015258789,257976,0.0,0.0
2024-05-29 03:45:00+00:00,96.30000305175781,96.4000015258789,96.30000305175781,96.4000015258789,34266,0.0,0.0
2024-05-29 03:50:00+00:00,96.30000305175781,96.4000015258789,95.9000015258789,96.4000015258789,105687,0.0,0.0
2024-05-29 03:55:00+00:00,96.4000015258789,96.80000305175781,96.4000015258789,96.69999694824219,81905,0.0,0.0
2024-05-29 04:00:00+00:00,96.80000305175781,97.0,96.5,96.5999984741211,94120,0.0,0.0
2024-05-29 04:05:00+00:00,96.5999984741211,96.69999694824219,96.0,96.30000305175781,132111,0.0,0.0
2024-05-29 04:10:00+00:00,96.30000305175781,96.5,96.30000305175781,96.4000015258789,31932,0.0,0.0
2024-05-29 04:15:00+00:00,96.4000015258789,96.4000015258789,96.0999984741211,96.19999694824219,27555,0.0,0.0
2024-05-29 04:20:00+00:00,96.0999984741211,96.4000015258789,96.0999984741211,96.4000015258789,39216,0.0,0.0
2024-05-29 04:25:00+00:00,96.5,96.5,96.30000305175781,96.30000305175781,58880,0.0,0.0
2024-05-29 04:30:00+00:00,96.30000305175781,96.30000305175781,95.9000015258789,96.0,110419,0.0,0.0
2024-05-29 04:35:00+00:00,96.0999984741211,96.0999984741211,95.5,95.5999984741211,183844,0.0,0.0
2024-05-29 04:40:00+00:00,95.69999694824219,95.69999694824219,95.30000305175781,95.30000305175781,135090,0.0,0.0
2024-05-29 04:45:00+00:00,95.30000305175781,95.4000015258789,95.19999694824219,95.30000305175781,138680,0.0,0.0
2024-05-29 04:50:00+00:00,95.30000305175781,95.80000305175781,95.30000305175781,95.5,23753,0.0,0.0
2024-05-29 04:55:00+00:00,95.5,95.69999694824219,95.19999694824219,95.19999694824219,164072,0.0,0.0
2024-05-29 05:00:00+00:00,95.19999694824219,95.4000015258789,95.19999694824219,95.30000305175781,77329,0.0,0.0
2024-05-29 05:05:00+00:00,95.30000305175781,96.0999984741211,95.19999694824219,95.69999694824219,181369,0.0,0.0
2024-05-29 05:10:00+00:00,95.69999694824219,96.0,95.5,95.9000015258789,111617,0.0,0.0
2024-05-29 05:15:00+00:00,95.9000015258789,95.9000015258789,95.30000305175781,95.30000305175781,209279,0.0,0.0
2024-05-29 05:20:00+00:00,95.30000305175781,95.5,95.0999984741211,95.30000305175781,275872,0.0,0.0
2024-05-30 01:00:00+00:00,93.80000305175781,94.19999694824219,92.0999984741211,93.5999984741211,0,0.0,0.0
2024-05-30 01:05:00+00:00,93.69999694824219,94.5999984741211,93.4000015258789,94.5,187000,0.0,0.0
2024-05-30 01:10:00+00:00,94.5,94.5,93.9000015258789,94.0,208267,0.0,0.0
2024-05-30 01:15:00+00:00,94.0,94.0999984741211,93.5,93.5999984741211,203050,0.0,0.0
2024-05-30 01:20:00+00:00,93.5,96.0,93.0999984741211,95.5,711582,0.0,0.0
2024-05-30 01:25:00+00:00,95.5,96.80000305175781,95.4000015258789,95.69999694824219,602367,0.0,0.0
2024-05-30 01:30:00+00:00,95.5,95.80000305175781,94.80000305175781,94.80000305175781,202060,0.0,0.0
2024-05-30 01:35:00+00:00,94.80000305175781,95.19999694824219,94.80000305175781,95.19999694824219,57250,0.0,0.0
2024-05-30 01:40:00+00:00,95.19999694824219,95.30000305175781,94.5,94.9000015258789,152072,0.0,0.0
2024-05-30 01:45:00+00:00,94.9000015258789,95.0999984741211,94.5,94.80000305175781,107000,0.0,0.0
2024-05-30 01:50:00+00:00,94.80000305175781,95.30000305175781,94.80000305175781,95.19999694824219,59234,0.0,0.0
2024-05-30 01:55:00+00:00,95.19999694824219,95.69999694824219,94.80000305175781,94.80000305175781,83175,0.0,0.0
2024-05-30 02:00:00+00:00,94.80000305175781,95.0,94.80000305175781,94.80000305175781,67147,0.0,0.0
2024-05-30 02:05:00+00:00,94.80000305175781,94.80000305175781,94.30000305175781,94.80000305175781,120309,0.0,0.0
2024-05-30 02:10:00+00:00,94.80000305175781,94.80000305175781,94.4000015258789,94.4000015258789,39390,0.0,0.0
2024-05-30 02:15:00+00:00,94.5,94.5,94.0,94.0,77002,0.0,0.0
2024-05-30 02:20:00+00:00,94.0,94.19999694824219,93.19999694824219,93.4000015258789,461082,0.0,0.0
2024-05-30 02:25:00+00:00,93.4000015258789,94.0999984741211,93.4000015258789,93.80000305175781,188458,0.0,0.0
2024-05-30 02:30:00+00:00,93.69999694824219,93.9000015258789,93.5999984741211,93.80000305175781,120179,0.0,0.0
2024-05-30 02:35:00+00:00,93.80000305175781,93.9000015258789,93.69999694824219,93.9000015258789,28102,0.0,0.0
2024-05-30 02:40:00+00:00,93.9000015258789,93.9000015258789,93.69999694824219,93.80000305175781,40147,0.0,0.0
2024-05-30 02:45:00+00:00,93.69999694824219,93.80000305175781,93.5,93.80000305175781,68113,0.0,0.0
2024-05-30 02:50:00+00:00,93.80000305175781,94.0999984741211,93.80000305175781,94.0,37266,0.0,0.0
2024-05-30 02:55:00+00:00,94.0999984741211,94.0999984741211,93.9000015258789,93.9000015258789,22399,0.0,0.0
2024-05-30 03:00:00+00:00,93.9000015258789,93.9000015258789,93.69999694824219,93.80000305175781,30400,0.0,0.0
2024-05-30 03:05:00+00:00,93.80000305175781,93.9000015258789,93.69999694824219,93.69999694824219,10950,0.0,0.0
2024-05-30 03:10:00+00:00,93.80000305175781,93.80000305175781,93.5999984741211,93.69999694824219,42140,0.0,0.0
2024-05-30 03:15:00+00:00,93.69999694824219,93.80000305175781,93.4000015258789,93.69999694824219,125251,0.0,0.0
2024-05-30 03:20:00+00:00,94.0,94.0,93.5,93.5,30000,0.0,0.0
2024-05-30 03:25:00+00:00,93.80000305175781,94.80000305175781,93.69999694824219,94.19999694824219,146300,0.0,0.0
2024-05-30 03:30:00+00:00,94.19999694824219,94.4000015258789,94.19999694824219,94.30000305175781,16350,0.0,0.0
2024-05-30 03:35:00+00:00,94.30000305175781,94.30000305175781,94.19999694824219,94.19999694824219,14100,0.0,0.0
2024-05-30 03:40:00+00:00,94.0999984741211,94.0999984741211,93.80000305175781,93.80000305175781,21254,0.0,0.0
2024-05-30 03:45:00+00:00,93.80000305175781,93.80000305175781,93.69999694824219,93.80000305175781,23671,0.0,0.0
2024-05-30 03:50:00+00:00,93.9000015258789,94.0,93.80000305175781,93.80000305175781,17437,0.0,0.0
2024-05-30 03:55:00+00:00,93.80000305175781,93.80000305175781,93.80000305175781,93.80000305175781,9273,0.0,0.0
2024-05-30 04:00:00+00:00,93.9000015258789,94.0999984741211,93.80000305175781,94.0999984741211,32186,0.0,0.0
2024-05-30 04:05:00+00:00,94.0,94.0999984741211,94.0,94.0,16100,0.0,0.0
2024-05-30 04:10:00+00:00,94.0999984741211,94.19999694824219,93.9000015258789,94.0999984741211,52000,0.0,0.0
2024-05-30 04:15:00+00:00,94.0,94.0,93.5999984741211,93.5999984741211,136700,0.0,0.0
2024-05-30 04:20:00+00:00,93.5999984741211,94.0,93.5999984741211,94.0,36574,0.0,0.0
2024-05-30 04:25:00+00:00,93.9000015258789,93.9000015258789,93.5,93.80000305175781,85826,0.0,0.0
2024-05-30 04:30:00+00:00,93.5,94.5,93.5,94.0,131848,0.0,0.0
2024-05-30 04:35:00+00:00,93.9000015258789,93.9000015258789,93.5999984741211,93.80000305175781,92320,0.0,0.0
2024-05-30 04:40:00+00:00,93.9000015258789,93.9000015258789,93.80000305175781,93.80000305175781,19404,0.0,0.0
2024-05-30 04:45:00+00:00,93.80000305175781,94.0,93.80000305175781,93.9000015258789,43010,0.0,0.0
2024-05-30 04:50:00+00:00,94.0,94.0999984741211,94.0,94.0999984741211,32593,0.0,0.0
2024-05-30 04:55:00+00:00,94.0999984741211,94.19999694824219,94.0,94.19999694824219,41020,0.0,0.0
2024-05-30 05:00:00+00:00,94.0999984741211,94.5,94.0999984741211,94.30000305175781,85407,0.0,0.0
2024-05-30 05:05:00+00:00,94.19999694824219,94.19999694824219,94.0,94.0,56283,0.0,0.0
2024-05-30 05:10:00+00:00,94.0,94.30000305175781,93.9000015258789,94.19999694824219,57735,0.0,0.0
2024-05-30 05:15:00+00:00,94.19999694824219,94.30000305175781,94.0,94.19999694824219,107515,0.0,0.0
2024-05-30 05:20:00+00:00,94.0999984741211,94.19999694824219,93.80000305175781,93.9000015258789,171770,0.0,0.0
2024-05-31 01:00:00+00:00,94.5999984741211,96.9000015258789,94.5,96.5999984741211,0,0.0,0.0
2024-05-31 01:05:00+00:00,96.5999984741211,97.5,96.5999984741211,96.69999694824219,742000,0.0,0.0
2024-05-31 01:10:00+00:00,96.0999984741211,96.30000305175781,95.80000305175781,96.0,425225,0.0,0.0
2024-05-31 01:15:00+00:00,96.0,96.0999984741211,95.0999984741211,96.0,228303,0.0,0.0
2024-05-31 01:20:00+00:00,96.0,96.0999984741211,95.5,95.5,141100,0.0,0.0
2024-05-31 01:25:00+00:00,95.5999984741211,96.5,95.5999984741211,95.9000015258789,97296,0.0,0.0
2024-05-31 01:30:00+00:00,95.80000305175781,95.80000305175781,95.19999694824219,95.5,80400,0.0,0.0
2024-05-31 01:35:00+00:00,95.5,95.5,94.80000305175781,94.9000015258789,217200,0.0,0.0
2024-05-31 01:40:00+00:00,94.9000015258789,94.9000015258789,93.9000015258789,93.9000015258789,405967,0.0,0.0
2024-05-31 01:45:00+00:00,93.9000015258789,93.9000015258789,93.5999984741211,93.9000015258789,229513,0.0,0.0
2024-05-31 01:50:00+00:00,94.0,94.5,93.9000015258789,94.5,115904,0.0,0.0
2024-05-31 01:55:00+00:00,94.4000015258789,94.5999984741211,94.19999694824219,94.5,65412,0.0,0.0
2024-05-31 02:00:00+00:00,94.5999984741211,94.5999984741211,94.19999694824219,94.19999694824219,73070,0.0,0.0
2024-05-31 02:05:00+00:00,94.0999984741211,94.4000015258789,94.0999984741211,94.30000305175781,46126,0.0,0.0
2024-05-31 02:10:00+00:00,94.30000305175781,94.5,94.30000305175781,94.4000015258789,24000,0.0,0.0
2024-05-31 02:15:00+00:00,94.5,94.5,94.30000305175781,94.30000305175781,31000,0.0,0.0
2024-05-31 02:20:00+00:00,94.30000305175781,94.30000305175781,94.19999694824219,94.19999694824219,12246,0.0,0.0
2024-05-31 02:25:00+00:00,94.19999694824219,94.19999694824219,94.0,94.0999984741211,45829,0.0,0.0
2024-05-31 02:30:00+00:00,94.0999984741211,94.0999984741211,93.80000305175781,93.9000015258789,88348,0.0,0.0
2024-05-31 02:35:00+00:00,93.9000015258789,93.9000015258789,93.69999694824219,93.80000305175781,83000,0.0,0.0
2024-05-31 02:40:00+00:00,93.80000305175781,94.19999694824219,93.69999694824219,93.9000015258789,101000,0.0,0.0
2024-05-31 02:45:00+00:00,93.9000015258789,94.19999694824219,93.9000015258789,94.0999984741211,14120,0.0,0.0
2024-05-31 02:50:00+00:00,94.0,94.0,93.80000305175781,93.80000305175781,27530,0.0,0.0
2024-05-31 02:55:00+00:00,93.80000305175781,94.0999984741211,93.80000305175781,94.0,26162,0.0,0.0
2024-05-31 03:00:00+00:00,94.0,94.0,93.0999984741211,93.5,380649,0.0,0.0
2024-05-31 03:05:00+00:00,93.4000015258789,93.5,93.0,93.0,204648,0.0,0.0
2024-05-31 03:10:00+00:00,93.0,93.5,93.0,93.5,78550,0.0,0.0
2024-05-31 03:15:00+00:00,93.5,93.5,93.19999694824219,93.30000305175781,66220,0.0,0.0
2024-05-31 03:20:00+00:00,93.30000305175781,93.30000305175781,93.19999694824219,93.19999694824219,26050,0.0,0.0
2024-05-31 03:25:00+00:00,93.19999694824219,94.0,93.19999694824219,94.0,58291,0.0,0.0
2024-05-31 03:30:00+00:00,93.9000015258789,93.9000015258789,93.5999984741211,93.5999984741211,19000,0.0,0.0
2024-05-31 03:35:00+00:00,93.5999984741211,93.5999984741211,93.5999984741211,93.5999984741211,3000,0.0,0.0
2024-05-31 03:40:00+00:00,93.69999694824219,93.9000015258789,93.69999694824219,93.9000015258789,11985,0.0,0.0
2024-05-31 03:45:00+00:00,93.9000015258789,93.9000015258789,93.5999984741211,93.69999694824219,25000,0.0,0.0
2024-05-31 03:50:00+00:00,93.80000305175781,94.69999694824219,93.80000305175781,94.5999984741211,129085,0.0,0.0
2024-05-31 03:55:00+00:00,94.5,94.69999694824219,94.30000305175781,94.5999984741211,62047,0.0,0.0
2024-05-31 04:00:00+00:00,94.5,94.5999984741211,94.4000015258789,94.5,37000,0.0,0.0
2024-05-31 04:05:00+00:00,94.5,94.5,94.4000015258789,94.4000015258789,14144,0.0,0.0
2024-05-31 04:10:00+00:00,94.4000015258789,94.5,94.4000015258789,94.5,33038,0.0,0.0
2024-05-31 04:15:00+00:00,94.5999984741211,94.5999984741211,93.80000305175781,94.0,65101,0.0,0.0
2024-05-31 04:20:00+00:00,94.0999984741211,94.0999984741211,94.0,94.0,17017,0.0,0.0
2024-05-31 04:25:00+00:00,93.9000015258789,94.0,93.80000305175781,93.80000305175781,28130,0.0,0.0
2024-05-31 04:30:00+00:00,93.80000305175781,94.0,93.80000305175781,93.9000015258789,67020,0.0,0.0
2024-05-31 04:35:00+00:00,93.9000015258789,93.9000015258789,93.5999984741211,93.9000015258789,177143,0.0,0.0
2024-05-31 04:40:00+00:00,93.80000305175781,93.80000305175781,93.5,93.69999694824219,78040,0.0,0.0
2024-05-31 04:45:00+00:00,93.5999984741211,93.5999984741211,93.4000015258789,93.5,66510,0.0,0.0
2024-05-31 04:50:00+00:00,93.5,94.0999984741211,93.4000015258789,94.0,85181,0.0,0.0
2024-05-31 04:55:00+00:00,94.0,94.0,93.69999694824219,93.69999694824219,39000,0.0,0.0
2024-05-31 05:00:00+00:00,93.69999694824219,93.69999694824219,93.30000305175781,93.30000305175781,109457,0.0,0.0
2024-05-31 05:05:00+00:00,93.4000015258789,93.5999984741211,93.4000015258789,93.5,53050,0.0,0.0
2024-05-31 05:10:00+00:00,93.4000015258789,93.5999984741211,93.4000015258789,93.5999984741211,98254,0.0,0.0
2024-05-31 05:15:00+00:00,93.5,93.5999984741211,93.30000305175781,93.30000305175781,113149,0.0,0.0
2024-05-31 05:20:00+00:00,93.4000015258789,93.5,93.19999694824219,93.4000015258789,100322,0.0,0.0
2024-06-03 01:00:00+00:00,93.80000305175781,94.4000015258789,93.5,93.5,0,0.0,0.0
2024-06-03 01:05:00+00:00,93.5,94.0,93.4000015258789,93.80000305175781,81120,0.0,0.0
2024-06-03 01:10:00+00:00,93.69999694824219,93.80000305175781,93.5999984741211,93.5999984741211,51332,0.0,0.0
2024-06-03 01:15:00+00:00,93.5999984741211,93.5999984741211,93.0999984741211,93.0999984741211,79077,0.0,0.0
2024-06-03 01:20:00+00:00,93.0999984741211,93.30000305175781,93.0,93.30000305175781,98395,0.0,0.0
2024-06-03 01:25:00+00:00,93.30000305175781,94.4000015258789,93.30000305175781,94.4000015258789,116449,0.0,0.0
2024-06-03 01:30:00+00:00,94.4000015258789,94.5,93.80000305175781,93.80000305175781,66353,0.0,0.0
2024-06-03 01:35:00+00:00,93.69999694824219,94.30000305175781,93.69999694824219,94.30000305175781,46000,0.0,0.0
2024-06-03 01:40:00+00:00,94.30000305175781,94.30000305175781,94.0,94.0,41720,0.0,0.0
2024-06-03 01:45:00+00:00,93.9000015258789,93.9000015258789,93.19999694824219,93.30000305175781,115519,0.0,0.0
2024-06-03 01:50:00+00:00,93.5,93.80000305175781,93.5,93.80000305175781,18058,0.0,0.0
2024-06-03 01:55:00+00:00,94.0,94.0,93.69999694824219,93.69999694824219,21000,0.0,0.0
2024-06-03 02:00:00+00:00,93.69999694824219,94.0,93.69999694824219,94.0,27157,0.0,0.0
2024-06-03 02:05:00+00:00,94.0,94.0,93.80000305175781,93.80000305175781,17300,0.0,0.0
2024-06-03 02:10:00+00:00,93.80000305175781,94.0,93.69999694824219,94.0,27367,0.0,0.0
2024-06-03 02:15:00+00:00,94.0,94.4000015258789,94.0,94.30000305175781,55264,0.0,0.0
2024-06-03 02:20:00+00:00,94.30000305175781,94.30000305175781,94.0999984741211,94.0999984741211,23584,0.0,0.0
2024-06-03 02:25:00+00:00,94.0999984741211,94.0999984741211,94.0,94.0,25198,0.0,0.0
2024-06-03 02:30:00+00:00,94.0,94.0,93.9000015258789,94.0,27110,0.0,0.0
2024-06-03 02:35:00+00:00,94.0,94.69999694824219,94.0,94.69999694824219,180820,0.0,0.0
2024-06-03 02:40:00+00:00,94.69999694824219,94.80000305175781,94.5,94.69999694824219,84500,0.0,0.0
2024-06-03 02:45:00+00:00,94.5999984741211,94.5999984741211,94.5999984741211,94.5999984741211,13050,0.0,0.0
2024-06-03 02:50:00+00:00,94.5,94.5,94.4000015258789,94.4000015258789,21000,0.0,0.0
2024-06-03 02:55:00+00:00,94.30000305175781,94.30000305175781,94.19999694824219,94.19999694824219,24308,0.0,0.0
2024-06-03 03:00:00+00:00,94.19999694824219,94.30000305175781,94.19999694824219,94.30000305175781,10000,0.0,0.0
2024-06-03 03:05:00+00:00,94.30000305175781,94.30000305175781,94.0999984741211,94.0999984741211,20001,0.0,0.0
2024-06-03 03:10:00+00:00,94.0999984741211,94.30000305175781,94.0999984741211,94.30000305175781,8001,0.0,0.0
2024-06-03 03:15:00+00:00,94.4000015258789,94.5,94.4000015258789,94.4000015258789,21180,0.0,0.0
2024-06-03 03:20:00+00:00,94.4000015258789,94.5,94.4000015258789,94.5,5021,0.0,0.0
2024-06-03 03:25:00+00:00,94.5,94.69999694824219,94.5,94.5999984741211,53100,0.0,0.0
2024-06-03 03:30:00+00:00,94.5999984741211,95.30000305175781,94.5999984741211,95.0999984741211,315652,0.0,0.0
2024-06-03 03:35:00+00:00,95.0999984741211,95.4000015258789,94.9000015258789,95.30000305175781,226406,0.0,0.0
2024-06-03 03:40:00+00:00,95.4000015258789,95.4000015258789,95.0,95.0,108150,0.0,0.0
2024-06-03 03:45:00+00:00,94.9000015258789,94.9000015258789,94.69999694824219,94.69999694824219,43559,0.0,0.0
2024-06-03 03:50:00+00:00,94.69999694824219,94.80000305175781,94.69999694824219,94.69999694824219,16012,0.0,0.0
2024-06-03 03:55:00+00:00,94.69999694824219,94.69999694824219,94.5999984741211,94.5999984741211,14504,0.0,0.0
2024-06-03 04:00:00+00:00,94.5999984741211,94.5999984741211,94.0999984741211,94.0999984741211,71016,0.0,0.0
2024-06-03 04:05:00+00:00,94.0999984741211,94.0999984741211,94.0,94.0,36063,0.0,0.0
2024-06-03 04:10:00+00:00,93.9000015258789,94.19999694824219,93.80000305175781,93.9000015258789,67100,0.0,0.0
2024-06-03 04:15:00+00:00,93.9000015258789,94.0,93.9000015258789,93.9000015258789,17090,0.0,0.0
2024-06-03 04:20:00+00:00,93.9000015258789,93.9000015258789,93.80000305175781,93.80000305175781,38051,0.0,0.0
2024-06-03 04:25:00+00:00,93.80000305175781,94.4000015258789,93.69999694824219,94.4000015258789,43600,0.0,0.0
2024-06-03 04:30:00+00:00,94.4000015258789,94.4000015258789,94.0999984741211,94.0999984741211,19293,0.0,0.0
2024-06-03 04:35:00+00:00,94.0999984741211,94.0999984741211,94.0,94.0,4000,0.0,0.0
2024-06-03 04:40:00+00:00,94.0999984741211,94.0999984741211,94.0999984741211,94.0999984741211,3001,0.0,0.0
2024-06-03 04:45:00+00:00,94.0999984741211,94.0999984741211,93.80000305175781,94.0999984741211,53100,0.0,0.0
2024-06-03 04:50:00+00:00,94.0,94.0999984741211,93.80000305175781,93.9000015258789,32000,0.0,0.0
2024-06-03 04:55:00+00:00,93.9000015258789,93.9000015258789,93.80000305175781,93.9000015258789,69118,0.0,0.0
2024-06-03 05:00:00+00:00,93.9000015258789,94.0999984741211,93.9000015258789,93.9000015258789,82120,0.0,0.0
2024-06-03 05:05:00+00:00,94.0,94.19999694824219,94.0,94.0999984741211,69564,0.0,0.0
2024-06-03 05:10:00+00:00,94.0999984741211,94.0999984741211,93.9000015258789,94.0999984741211,58151,0.0,0.0
2024-06-03 05:15:00+00:00,94.0,94.0999984741211,93.9000015258789,93.9000015258789,37000,0.0,0.0
2024-06-03 05:20:00+00:00,93.9000015258789,94.4000015258789,93.80000305175781,94.30000305175781,91260,0.0,0.0
2024-06-04 01:00:00+00:00,95.0999984741211,95.0999984741211,94.30000305175781,94.9000015258789,0,0.0,0.0
2024-06-04 01:05:00+00:00,94.80000305175781,94.80000305175781,94.0,94.0,149800,0.0,0.0
2024-06-04 01:10:00+00:00,94.0,94.30000305175781,94.0,94.0999984741211,53050,0.0,0.0
2024-06-04 01:15:00+00:00,94.30000305175781,94.30000305175781,94.0999984741211,94.0999984741211,17030,0.0,0.0
2024-06-04 01:20:00+00:00,94.30000305175781,95.0,94.30000305175781,95.0,58619,0.0,0.0
2024-06-04 01:25:00+00:00,95.0,95.0,94.5999984741211,94.5999984741211,64270,0.0,0.0
2024-06-04 01:30:00+00:00,94.5,94.5,94.0999984741211,94.0999984741211,58103,0.0,0.0
2024-06-04 01:35:00+00:00,94.0999984741211,94.0999984741211,93.9000015258789,94.0,71406,0.0,0.0
2024-06-04 01:40:00+00:00,94.19999694824219,94.4000015258789,94.19999694824219,94.4000015258789,8010,0.0,0.0
2024-06-04 01:45:00+00:00,94.4000015258789,94.5,94.30000305175781,94.4000015258789,26082,0.0,0.0
2024-06-04 01:50:00+00:00,94.4000015258789,94.4000015258789,94.30000305175781,94.4000015258789,11054,0.0,0.0
2024-06-04 01:55:00+00:00,94.5,94.69999694824219,94.4000015258789,94.69999694824219,15255,0.0,0.0
2024-06-04 02:00:00+00:00,94.5999984741211,94.5999984741211,94.4000015258789,94.4000015258789,31050,0.0,0.0
2024-06-04 02:05:00+00:00,94.30000305175781,94.30000305175781,93.9000015258789,93.9000015258789,103270,0.0,0.0
2024-06-04 02:10:00+00:00,94.0,94.0999984741211,94.0,94.0,36100,0.0,0.0
2024-06-04 02:15:00+00:00,94.0,94.30000305175781,93.5,93.80000305175781,196229,0.0,0.0
2024-06-04 02:20:00+00:00,93.80000305175781,93.80000305175781,93.30000305175781,93.4000015258789,142205,0.0,0.0
2024-06-04 02:25:00+00:00,93.30000305175781,93.4000015258789,92.9000015258789,93.0,246700,0.0,0.0
2024-06-04 02:30:00+00:00,93.0,93.30000305175781,92.9000015258789,93.30000305175781,88102,0.0,0.0
2024-06-04 02:35:00+00:00,93.19999694824219,93.69999694824219,93.0999984741211,93.5999984741211,42300,0.0,0.0
2024-06-04 02:40:00+00:00,93.5999984741211,93.5999984741211,93.0,93.4000015258789,70000,0.0,0.0
2024-06-04 02:45:00+00:00,93.4000015258789,94.0999984741211,93.4000015258789,94.0999984741211,114000,0.0,0.0
2024-06-04 02:50:00+00:00,94.0,94.0,93.5999984741211,93.69999694824219,18589,0.0,0.0
2024-06-04 02:55:00+00:00,93.69999694824219,93.9000015258789,93.4000015258789,93.9000015258789,52000,0.0,0.0
2024-06-04 03:00:00+00:00,93.80000305175781,93.80000305175781,93.5,93.5999984741211,34000,0.0,0.0
2024-06-04 03:05:00+00:00,93.69999694824219,94.19999694824219,93.5,94.0,57000,0.0,0.0
2024-06-04 03:10:00+00:00,94.0999984741211,94.19999694824219,94.0,94.19999694824219,25175,0.0,0.0
2024-06-04 03:15:00+00:00,94.0999984741211,94.5,94.0999984741211,94.5,69005,0.0,0.0
2024-06-04 03:20:00+00:00,94.4000015258789,94.4000015258789,94.30000305175781,94.4000015258789,15400,0.0,0.0
2024-06-04 03:25:00+00:00,94.4000015258789,94.5999984741211,94.4000015258789,94.5999984741211,46439,0.0,0.0
2024-06-04 03:30:00+00:00,94.5999984741211,94.5999984741211,94.4000015258789,94.5,17421,0.0,0.0
2024-06-04 03:35:00+00:00,94.4000015258789,94.5,94.19999694824219,94.19999694824219,33024,0.0,0.0
2024-06-04 03:40:00+00:00,94.19999694824219,94.5,94.19999694824219,94.5,22000,0.0,0.0
2024-06-04 03:45:00+00:00,94.5,94.5,94.30000305175781,94.5,7211,0.0,0.0
2024-06-04 03:50:00+00:00,94.5,94.5,94.4000015258789,94.5,11000,0.0,0.0
2024-06-04 03:55:00+00:00,94.5,94.5,94.30000305175781,94.5,24426,0.0,0.0
2024-06-04 04:00:00+00:00,94.5,94.5,94.5,94.5,6000,0.0,0.0
2024-06-04 04:05:00+00:00,94.5,94.5,94.30000305175781,94.4000015258789,9116,0.0,0.0
2024-06-04 04:10:00+00:00,94.4000015258789,94.5,94.4000015258789,94.4000015258789,14020,0.0,0.0
2024-06-04 04:15:00+00:00,94.4000015258789,94.5999984741211,94.4000015258789,94.5999984741211,53200,0.0,0.0
2024-06-04 04:20:00+00:00,94.5999984741211,94.69999694824219,94.5,94.5,12000,0.0,0.0
2024-06-04 04:25:00+00:00,94.5999984741211,94.5999984741211,94.5,94.5999984741211,17500,0.0,0.0
2024-06-04 04:30:00+00:00,94.5,94.5999984741211,94.4000015258789,94.5,8000,0.0,0.0
2024-06-04 04:35:00+00:00,94.4000015258789,94.5,94.30000305175781,94.30000305175781,39826,0.0,0.0
2024-06-04 04:40:00+00:00,94.30000305175781,94.30000305175781,94.19999694824219,94.30000305175781,24000,0.0,0.0
2024-06-04 04:45:00+00:00,94.30000305175781,94.30000305175781,94.0,94.0999984741211,19400,0.0,0.0
2024-06-04 04:50:00+00:00,94.0,94.30000305175781,94.0,94.19999694824219,45170,0.0,0.0
2024-06-04 04:55:00+00:00,94.0999984741211,94.19999694824219,93.9000015258789,94.0999984741211,35000,0.0,0.0
2024-06-04 05:00:00+00:00,94.0999984741211,94.19999694824219,94.0,94.19999694824219,32000,0.0,0.0
2024-06-04 05:05:00+00:00,94.0999984741211,94.19999694824219,93.9000015258789,94.0999984741211,33040,0.0,0.0
2024-06-04 05:10:00+00:00,94.0999984741211,94.0999984741211,93.9000015258789,94.0,64080,0.0,0.0
2024-06-04 05:15:00+00:00,93.9000015258789,94.0999984741211,93.69999694824219,93.9000015258789,69200,0.0,0.0
2024-06-04 05:20:00+00:00,93.80000305175781,94.0,93.80000305175781,93.9000015258789,58050,0.0,0.0
2024-06-05 01:00:00+00:00,94.0999984741211,94.5999984741211,93.5,93.5,0,0.0,0.0
2024-06-05 01:05:00+00:00,93.5,94.0999984741211,93.5,94.0,39000,0.0,0.0
2024-06-05 01:10:00+00:00,93.5999984741211,93.5999984741211,93.19999694824219,93.19999694824219,88428,0.0,0.0
2024-06-05 01:15:00+00:00,93.19999694824219,93.19999694824219,92.5999984741211,92.80000305175781,344494,0.0,0.0
2024-06-05 01:20:00+00:00,92.80000305175781,93.0,92.69999694824219,92.80000305175781,83323,0.0,0.0
2024-06-05 01:25:00+00:00,92.9000015258789,93.19999694824219,92.80000305175781,93.19999694824219,61000,0.0,0.0
2024-06-05 01:30:00+00:00,93.19999694824219,93.30000305175781,93.19999694824219,93.30000305175781,10130,0.0,0.0
2024-06-05 01:35:00+00:00,93.4000015258789,93.4000015258789,93.30000305175781,93.4000015258789,23000,0.0,0.0
2024-06-05 01:40:00+00:00,93.4000015258789,93.5,93.30000305175781,93.5,18130,0.0,0.0
2024-06-05 01:45:00+00:00,93.5999984741211,94.0,93.5999984741211,93.9000015258789,35861,0.0,0.0
2024-06-05 01:50:00+00:00,93.9000015258789,93.9000015258789,93.5,93.5,30010,0.0,0.0
2024-06-05 01:55:00+00:00,93.5999984741211,93.80000305175781,93.5999984741211,93.80000305175781,5000,0.0,0.0
2024-06-05 02:00:00+00:00,93.69999694824219,93.69999694824219,93.5999984741211,93.5999984741211,4065,0.0,0.0
2024-06-05 02:05:00+00:00,93.5999984741211,93.5999984741211,93.5,93.5999984741211,18050,0.0,0.0
2024-06-05 02:10:00+00:00,93.5999984741211,93.5999984741211,93.5,93.5,3325,0.0,0.0
2024-06-05 02:15:00+00:00,93.5999984741211,93.69999694824219,93.5999984741211,93.69999694824219,4000,0.0,0.0
2024-06-05 02:20:00+00:00,93.69999694824219,93.69999694824219,93.4000015258789,93.4000015258789,34000,0.0,0.0
2024-06-05 02:25:00+00:00,93.30000305175781,93.4000015258789,93.19999694824219,93.4000015258789,36124,0.0,0.0
2024-06-05 02:30:00+00:00,93.4000015258789,93.4000015258789,93.30000305175781,93.30000305175781,12037,0.0,0.0
2024-06-05 02:35:00+00:00,93.30000305175781,93.30000305175781,93.19999694824219,93.30000305175781,25494,0.0,0.0
2024-06-05 02:40:00+00:00,93.30000305175781,93.5,93.30000305175781,93.30000305175781,13300,0.0,0.0
2024-06-05 02:45:00+00:00,93.30000305175781,93.30000305175781,93.0,93.0,37554,0.0,0.0
2024-06-05 02:50:00+00:00,93.0,93.0,92.80000305175781,92.80000305175781,85281,0.0,0.0
2024-06-05 02:55:00+00:00,92.80000305175781,93.0,92.69999694824219,92.80000305175781,57127,0.0,0.0
2024-06-05 03:00:00+00:00,92.80000305175781,92.80000305175781,92.5,92.69999694824219,182588,0.0,0.0
2024-06-05 03:05:00+00:00,92.69999694824219,92.69999694824219,92.30000305175781,92.30000305175781,148503,0.0,0.0
2024-06-05 03:10:00+00:00,92.4000015258789,92.5999984741211,92.4000015258789,92.5999984741211,25100,0.0,0.0
2024-06-05 03:15:00+00:00,92.5,92.5,92.30000305175781,92.5,36000,0.0,0.0
2024-06-05 03:20:00+00:00,92.5,92.9000015258789,92.4000015258789,92.69999694824219,34500,0.0,0.0
2024-06-05 03:25:00+00:00,92.69999694824219,92.69999694824219,92.5999984741211,92.69999694824219,22000,0.0,0.0
2024-06-05 03:30:00+00:00,92.69999694824219,92.69999694824219,92.4000015258789,92.4000015258789,93300,0.0,0.0
2024-06-05 03:35:00+00:00,92.4000015258789,92.5,92.4000015258789,92.5,23040,0.0,0.0
2024-06-05 03:40:00+00:00,92.4000015258789,92.5,92.4000015258789,92.5,26000,0.0,0.0
2024-06-05 03:45:00+00:00,92.5999984741211,92.5999984741211,92.4000015258789,92.4000015258789,18263,0.0,0.0
2024-06-05 03:50:00+00:00,92.4000015258789,92.5,92.30000305175781,92.4000015258789,67034,0.0,0.0
2024-06-05 03:55:00+00:00,92.4000015258789,92.4000015258789,92.30000305175781,92.4000015258789,17820,0.0,0.0
2024-06-05 04:00:00+00:00,92.4000015258789,92.5999984741211,92.4000015258789,92.5999984741211,29130,0.0,0.0
2024-06-05 04:05:00+00:00,92.69999694824219,92.69999694824219,92.5999984741211,92.5999984741211,18210,0.0,0.0
2024-06-05 04:10:00+00:00,92.5999984741211,92.80000305175781,92.5,92.5999984741211,27058,0.0,0.0
2024-06-05 04:15:00+00:00,92.5,92.69999694824219,92.5,92.5999984741211,21021,0.0,0.0
2024-06-05 04:20:00+00:00,92.5,92.5999984741211,92.30000305175781,92.30000305175781,57006,0.0,0.0
2024-06-05 04:25:00+00:00,92.30000305175781,92.4000015258789,92.0,92.0999984741211,275728,0.0,0.0
2024-06-05 04:30:00+00:00,92.0,92.19999694824219,91.5,92.19999694824219,173946,0.0,0.0
2024-06-05 04:35:00+00:00,92.0999984741211,92.30000305175781,91.69999694824219,91.69999694824219,89115,0.0,0.0
2024-06-05 04:40:00+00:00,92.0999984741211,92.0999984741211,91.80000305175781,91.80000305175781,41271,0.0,0.0
2024-06-05 04:45:00+00:00,91.80000305175781,91.9000015258789,91.5999984741211,91.69999694824219,60350,0.0,0.0
2024-06-05 04:50:00+00:00,91.69999694824219,91.69999694824219,91.5999984741211,91.5999984741211,69019,0.0,0.0
2024-06-05 04:55:00+00:00,91.5,91.80000305175781,91.5,91.69999694824219,118124,0.0,0.0
2024-06-05 05:00:00+00:00,91.69999694824219,91.80000305175781,91.19999694824219,91.80000305175781,167771,0.0,0.0
2024-06-05 05:05:00+00:00,91.80000305175781,92.0999984741211,91.80000305175781,92.0,53030,0.0,0.0
2024-06-05 05:10:00+00:00,91.9000015258789,92.0999984741211,91.9000015258789,92.0,65755,0.0,0.0
2024-06-05 05:15:00+00:00,92.0,92.0999984741211,91.9000015258789,91.9000015258789,81218,0.0,0.0
2024-06-05 05:20:00+00:00,91.9000015258789,92.0,91.5999984741211,91.5999984741211,158432,0.0,0.0
2024-06-06 01:00:00+00:00,93.0999984741211,93.69999694824219,92.80000305175781,93.0,0,0.0,0.0
2024-06-06 01:05:00+00:00,92.80000305175781,93.19999694824219,92.5999984741211,93.0,66000,0.0,0.0
2024-06-06 01:10:00+00:00,93.19999694824219,93.4000015258789,93.0999984741211,93.30000305175781,46426,0.0,0.0
2024-06-06 01:15:00+00:00,93.30000305175781,93.69999694824219,93.0,93.5,164486,0.0,0.0
2024-06-06 01:20:00+00:00,93.4000015258789,93.5,93.0999984741211,93.30000305175781,23090,0.0,0.0
2024-06-06 01:25:00+00:00,93.30000305175781,93.4000015258789,93.0,93.4000015258789,38730,0.0,0.0
2024-06-06 01:30:00+00:00,93.19999694824219,93.5999984741211,93.19999694824219,93.4000015258789,67000,0.0,0.0
2024-06-06 01:35:00+00:00,93.30000305175781,93.4000015258789,92.80000305175781,93.19999694824219,64500,0.0,0.0
2024-06-06 01:40:00+00:00,92.9000015258789,93.0,92.69999694824219,92.69999694824219,29200,0.0,0.0
2024-06-06 01:45:00+00:00,92.69999694824219,92.80000305175781,92.5,92.69999694824219,42300,0.0,0.0
2024-06-06 01:50:00+00:00,92.5999984741211,92.69999694824219,91.9000015258789,92.0,72550,0.0,0.0
2024-06-06 01:55:00+00:00,92.0,92.30000305175781,92.0,92.19999694824219,21104,0.0,0.0
2024-06-06 02:00:00+00:00,92.30000305175781,92.4000015258789,92.0999984741211,92.19999694824219,23000,0.0,0.0
2024-06-06 02:05:00+00:00,92.0,92.19999694824219,91.80000305175781,92.0,66000,0.0,0.0
2024-06-06 02:10:00+00:00,91.9000015258789,92.5999984741211,91.9000015258789,92.5,100604,0.0,0.0
2024-06-06 02:15:00+00:00,92.5,92.5999984741211,92.5,92.5,30116,0.0,0.0
2024-06-06 02:20:00+00:00,92.5,92.5,92.5,92.5,1000,0.0,0.0
2024-06-06 02:25:00+00:00,92.4000015258789,92.5,92.30000305175781,92.4000015258789,32000,0.0,0.0
2024-06-06 02:30:00+00:00,92.4000015258789,92.80000305175781,92.4000015258789,92.5999984741211,49003,0.0,0.0
2024-06-06 02:35:00+00:00,92.5999984741211,92.69999694824219,92.5999984741211,92.69999694824219,10151,0.0,0.0
2024-06-06 02:40:00+00:00,92.69999694824219,92.69999694824219,92.4000015258789,92.4000015258789,20205,0.0,0.0
2024-06-06 02:45:00+00:00,92.4000015258789,92.5999984741211,92.4000015258789,92.5,20249,0.0,0.0
2024-06-06 02:50:00+00:00,92.5,92.69999694824219,92.5,92.5999984741211,27031,0.0,0.0
2024-06-06 02:55:00+00:00,92.5999984741211,92.69999694824219,92.30000305175781,92.5999984741211,18000,0.0,0.0
2024-06-06 03:00:00+00:00,92.4000015258789,92.80000305175781,92.4000015258789,92.80000305175781,29100,0.0,0.0
2024-06-06 03:05:00+00:00,92.9000015258789,93.0999984741211,92.69999694824219,92.9000015258789,47592,0.0,0.0
2024-06-06 03:10:00+00:00,92.80000305175781,92.80000305175781,92.69999694824219,92.69999694824219,11000,0.0,0.0
2024-06-06 03:15:00+00:00,92.69999694824219,92.9000015258789,92.69999694824219,92.80000305175781,20000,0.0,0.0
2024-06-06 03:20:00+00:00,92.69999694824219,92.69999694824219,92.5,92.69999694824219,26005,0.0,0.0
2024-06-06 03:25:00+00:00,92.5999984741211,92.69999694824219,92.5,92.5999984741211,10000,0.0,0.0
2024-06-06 03:30:00+00:00,92.5,92.69999694824219,92.5,92.69999694824219,17169,0.0,0.0
2024-06-06 03:35:00+00:00,92.69999694824219,92.69999694824219,92.5,92.69999694824219,23000,0.0,0.0
2024-06-06 03:40:00+00:00,92.80000305175781,92.80000305175781,92.5999984741211,92.80000305175781,5132,0.0,0.0
2024-06-06 03:45:00+00:00,92.69999694824219,92.80000305175781,92.5999984741211,92.80000305175781,12100,0.0,0.0
2024-06-06 03:50:00+00:00,92.69999694824219,92.69999694824219,92.5,92.69999694824219,21030,0.0,0.0
2024-06-06 03:55:00+00:00,92.69999694824219,92.69999694824219,92.69999694824219,92.69999694824219,5000,0.0,0.0
2024-06-06 04:00:00+00:00,92.69999694824219,92.69999694824219,92.30000305175781,92.5,10005,0.0,0.0
2024-06-06 04:05:00+00:00,92.5,92.5,92.19999694824219,92.30000305175781,30244,0.0,0.0
2024-06-06 04:10:00+00:00,92.30000305175781,92.30000305175781,91.9000015258789,91.9000015258789,52235,0.0,0.0
2024-06-06 04:15:00+00:00,91.9000015258789,92.0999984741211,91.80000305175781,92.0,17132,0.0,0.0
2024-06-06 04:20:00+00:00,91.9000015258789,91.9000015258789,91.5999984741211,91.5999984741211,46397,0.0,0.0
2024-06-06 04:25:00+00:00,91.69999694824219,91.9000015258789,91.5999984741211,91.9000015258789,26373,0.0,0.0
2024-06-06 04:30:00+00:00,91.9000015258789,92.0,91.80000305175781,91.9000015258789,21050,0.0,0.0
2024-06-06 04:35:00+00:00,91.9000015258789,92.0,91.9000015258789,92.0,8234,0.0,0.0
2024-06-06 04:40:00+00:00,92.0,92.0,91.9000015258789,92.0,19235,0.0,0.0
2024-06-06 04:45:00+00:00,91.9000015258789,91.9000015258789,91.9000015258789,91.9000015258789,6000,0.0,0.0
2024-06-06 04:50:00+00:00,91.9000015258789,92.0999984741211,91.80000305175781,92.0,38000,0.0,0.0
2024-06-06 04:55:00+00:00,91.9000015258789,92.0,91.9000015258789,91.9000015258789,37387,0.0,0.0
2024-06-06 05:00:00+00:00,92.0,92.0999984741211,91.80000305175781,91.9000015258789,51010,0.0,0.0
2024-06-06 05:05:00+00:00,91.80000305175781,91.9000015258789,91.69999694824219,91.80000305175781,71700,0.0,0.0
2024-06-06 05:10:00+00:00,91.80000305175781,91.80000305175781,91.5999984741211,91.80000305175781,52300,0.0,0.0
2024-06-06 05:15:00+00:00,91.9000015258789,92.0,91.9000015258789,91.9000015258789,50550,0.0,0.0
2024-06-06 05:20:00+00:00,91.9000015258789,91.9000015258789,91.69999694824219,91.80000305175781,44200,0.0,0.0
2024-06-07 01:00:00+00:00,91.80000305175781,92.0,91.69999694824219,91.69999694824219,0,0.0,0.0
2024-06-07 01:05:00+00:00,91.69999694824219,92.19999694824219,91.69999694824219,92.19999694824219,46000,0.0,0.0
2024-06-07 01:10:00+00:00,92.4000015258789,93.0999984741211,92.30000305175781,92.5,111126,0.0,0.0
2024-06-07 01:15:00+00:00,92.5,92.5999984741211,92.19999694824219,92.19999694824219,33576,0.0,0.0
2024-06-07 01:20:00+00:00,92.30000305175781,92.5999984741211,92.30000305175781,92.5999984741211,24000,0.0,0.0
2024-06-07 01:25:00+00:00,92.5999984741211,92.80000305175781,92.5,92.5,23659,0.0,0.0
2024-06-07 01:30:00+00:00,92.5,92.5999984741211,92.5,92.5999984741211,23150,0.0,0.0
2024-06-07 01:35:00+00:00,92.5999984741211,92.5999984741211,92.5999984741211,92.5999984741211,9050,0.0,0.0
2024-06-07 01:40:00+00:00,92.69999694824219,92.69999694824219,92.5,92.5,18000,0.0,0.0
2024-06-07 01:45:00+00:00,92.5,92.9000015258789,92.5,92.80000305175781,46113,0.0,0.0
2024-06-07 01:50:00+00:00,92.69999694824219,93.5999984741211,92.69999694824219,93.5999984741211,127110,0.0,0.0
2024-06-07 01:55:00+00:00,93.5999984741211,94.19999694824219,93.5,94.0,270232,0.0,0.0
2024-06-07 02:00:00+00:00,93.80000305175781,93.80000305175781,93.30000305175781,93.5,62126,0.0,0.0
2024-06-07 02:05:00+00:00,93.5999984741211,93.69999694824219,93.5999984741211,93.69999694824219,19110,0.0,0.0
2024-06-07 02:10:00+00:00,93.69999694824219,93.9000015258789,93.5999984741211,93.80000305175781,69131,0.0,0.0
2024-06-07 02:15:00+00:00,93.80000305175781,93.80000305175781,93.5999984741211,93.5999984741211,18210,0.0,0.0
2024-06-07 02:20:00+00:00,93.5999984741211,93.69999694824219,93.5,93.5999984741211,14114,0.0,0.0
2024-06-07 02:25:00+00:00,93.5999984741211,93.5999984741211,93.5,93.5,3002,0.0,0.0
2024-06-07 02:30:00+00:00,93.5999984741211,93.69999694824219,93.5999984741211,93.5999984741211,5294,0.0,0.0
2024-06-07 02:35:00+00:00,93.5999984741211,93.80000305175781,93.5999984741211,93.80000305175781,16063,0.0,0.0
2024-06-07 02:40:00+00:00,93.9000015258789,94.80000305175781,93.9000015258789,94.4000015258789,305943,0.0,0.0
2024-06-07 02:45:00+00:00,94.30000305175781,94.4000015258789,94.19999694824219,94.30000305175781,61151,0.0,0.0
2024-06-07 02:50:00+00:00,94.4000015258789,94.5,94.30000305175781,94.4000015258789,36211,0.0,0.0
2024-06-07 02:55:00+00:00,94.4000015258789,94.4000015258789,94.0999984741211,94.19999694824219,40082,0.0,0.0
2024-06-07 03:00:00+00:00,94.0999984741211,94.19999694824219,93.5,94.0,129091,0.0,0.0
2024-06-07 03:05:00+00:00,93.69999694824219,93.9000015258789,93.5999984741211,93.9000015258789,6180,0.0,0.0
2024-06-07 03:10:00+00:00,93.80000305175781,93.9000015258789,93.69999694824219,93.9000015258789,6050,0.0,0.0
2024-06-07 03:15:00+00:00,93.80000305175781,93.80000305175781,93.5,93.80000305175781,11200,0.0,0.0
2024-06-07 03:20:00+00:00,93.80000305175781,94.0,93.80000305175781,94.0,24550,0.0,0.0
2024-06-07 03:25:00+00:00,94.0,94.0,93.9000015258789,93.9000015258789,13250,0.0,0.0
2024-06-07 03:30:00+00:00,93.80000305175781,93.80000305175781,93.69999694824219,93.80000305175781,12000,0.0,0.0
2024-06-07 03:35:00+00:00,93.69999694824219,93.69999694824219,93.69999694824219,93.69999694824219,4000,0.0,0.0
2024-06-07 03:40:00+00:00,93.80000305175781,93.80000305175781,93.69999694824219,93.69999694824219,8285,0.0,0.0
2024-06-07 03:45:00+00:00,93.80000305175781,93.80000305175781,93.5999984741211,93.5999984741211,16024,0.0,0.0
2024-06-07 03:50:00+00:00,93.80000305175781,93.80000305175781,93.5,93.5,30000,0.0,0.0
2024-06-07 03:55:00+00:00,93.5,93.5999984741211,93.5,93.5,20800,0.0,0.0
2024-06-07 04:00:00+00:00,93.5,93.5,93.30000305175781,93.30000305175781,22236,0.0,0.0
2024-06-07 04:05:00+00:00,93.19999694824219,93.30000305175781,93.19999694824219,93.19999694824219,21398,0.0,0.0
2024-06-07 04:10:00+00:00,93.19999694824219,93.19999694824219,93.0999984741211,93.19999694824219,6352,0.0,0.0
2024-06-07 04:15:00+00:00,93.19999694824219,93.5,93.0999984741211,93.30000305175781,15000,0.0,0.0
2024-06-07 04:20:00+00:00,93.30000305175781,93.30000305175781,93.19999694824219,93.19999694824219,34042,0.0,0.0
2024-06-07 04:25:00+00:00,93.19999694824219,93.30000305175781,93.19999694824219,93.19999694824219,22000,0.0,0.0
2024-06-07 04:30:00+00:00,93.19999694824219,93.5,93.19999694824219,93.30000305175781,31000,0.0,0.0
2024-06-07 04:35:00+00:00,93.30000305175781,93.30000305175781,93.0999984741211,93.0999984741211,53119,0.0,0.0
2024-06-07 04:40:00+00:00,93.0999984741211,93.0999984741211,93.0999984741211,93.0999984741211,10000,0.0,0.0
2024-06-07 04:45:00+00:00,93.0999984741211,93.0999984741211,92.5999984741211,92.80000305175781,135587,0.0,0.0
2024-06-07 04:50:00+00:00,92.9000015258789,92.9000015258789,92.5,92.5,42309,0.0,0.0
2024-06-07 04:55:00+00:00,92.5,92.9000015258789,92.4000015258789,92.9000015258789,28000,0.0,0.0
2024-06-07 05:00:00+00:00,92.9000015258789,92.9000015258789,92.5999984741211,92.80000305175781,9000,0.0,0.0
2024-06-07 05:05:00+00:00,92.80000305175781,92.80000305175781,92.69999694824219,92.69999694824219,11070,0.0,0.0
2024-06-07 05:10:00+00:00,92.9000015258789,93.0999984741211,92.80000305175781,92.80000305175781,30181,0.0,0.0
2024-06-07 05:15:00+00:00,92.69999694824219,92.69999694824219,92.5999984741211,92.5999984741211,33150,0.0,0.0
2024-06-07 05:20:00+00:00,92.5999984741211,93.0999984741211,92.30000305175781,93.0999984741211,151389,0.0,0.0
2024-06-11 01:00:00+00:00,95.5,96.9000015258789,93.80000305175781,94.4000015258789,0,0.0,0.0
2024-06-11 01:05:00+00:00,94.4000015258789,95.0999984741211,94.0999984741211,94.9000015258789,244000,0.0,0.0
2024-06-11 01:10:00+00:00,94.9000015258789,94.9000015258789,94.19999694824219,94.5,156918,0.0,0.0
2024-06-11 01:15:00+00:00,94.5,94.5,94.19999694824219,94.4000015258789,39956,0.0,0.0
2024-06-11 01:20:00+00:00,94.30000305175781,95.0999984741211,94.30000305175781,94.80000305175781,123715,0.0,0.0
2024-06-11 01:25:00+00:00,95.0,95.19999694824219,94.69999694824219,94.69999694824219,64640,0.0,0.0
2024-06-11 01:30:00+00:00,94.69999694824219,94.69999694824219,94.19999694824219,94.19999694824219,89177,0.0,0.0
2024-06-11 01:35:00+00:00,94.4000015258789,95.0,94.30000305175781,94.69999694824219,59514,0.0,0.0
2024-06-11 01:40:00+00:00,95.0,95.0999984741211,94.30000305175781,94.30000305175781,95288,0.0,0.0
2024-06-11 01:45:00+00:00,94.30000305175781,94.9000015258789,94.19999694824219,94.9000015258789,47134,0.0,0.0
2024-06-11 01:50:00+00:00,94.9000015258789,96.0999984741211,94.9000015258789,95.5999984741211,419826,0.0,0.0
2024-06-11 01:55:00+00:00,95.69999694824219,97.30000305175781,95.5999984741211,97.0999984741211,937993,0.0,0.0
2024-06-11 02:00:00+00:00,97.0,97.0999984741211,96.19999694824219,96.80000305175781,303885,0.0,0.0
2024-06-11 02:05:00+00:00,96.80000305175781,96.80000305175781,96.0999984741211,96.5999984741211,154438,0.0,0.0
2024-06-11 02:10:00+00:00,96.5,96.80000305175781,96.0999984741211,96.4000015258789,187629,0.0,0.0
2024-06-11 02:15:00+00:00,96.4000015258789,96.4000015258789,95.4000015258789,95.5,363048,0.0,0.0
2024-06-11 02:20:00+00:00,95.5999984741211,95.80000305175781,95.5,95.69999694824219,59285,0.0,0.0
2024-06-11 02:25:00+00:00,95.69999694824219,95.69999694824219,95.0999984741211,95.30000305175781,142804,0.0,0.0
2024-06-11 02:30:00+00:00,95.4000015258789,95.4000015258789,94.9000015258789,95.0999984741211,104478,0.0,0.0
2024-06-11 02:35:00+00:00,95.0999984741211,95.0999984741211,94.80000305175781,94.9000015258789,36451,0.0,0.0
2024-06-11 02:40:00+00:00,94.9000015258789,95.0999984741211,94.80000305175781,94.9000015258789,61029,0.0,0.0
2024-06-11 02:45:00+00:00,94.80000305175781,94.80000305175781,94.5,94.80000305175781,89150,0.0,0.0
2024-06-11 02:50:00+00:00,94.69999694824219,94.80000305175781,94.19999694824219,94.30000305175781,201300,0.0,0.0
2024-06-11 02:55:00+00:00,94.30000305175781,94.80000305175781,94.30000305175781,94.80000305175781,40000,0.0,0.0
2024-06-11 03:00:00+00:00,94.69999694824219,94.69999694824219,94.5999984741211,94.5999984741211,26020,0.0,0.0
2024-06-11 03:05:00+00:00,94.5999984741211,94.5999984741211,94.19999694824219,94.19999694824219,62749,0.0,0.0
2024-06-11 03:10:00+00:00,94.19999694824219,94.30000305175781,94.19999694824219,94.30000305175781,13240,0.0,0.0
2024-06-11 03:15:00+00:00,94.30000305175781,94.5,94.30000305175781,94.5,16149,0.0,0.0
2024-06-11 03:20:00+00:00,94.4000015258789,94.69999694824219,94.4000015258789,94.5999984741211,78210,0.0,0.0
2024-06-11 03:25:00+00:00,94.69999694824219,94.69999694824219,94.30000305175781,94.30000305175781,41000,0.0,0.0
2024-06-11 03:30:00+00:00,94.19999694824219,94.19999694824219,94.0999984741211,94.19999694824219,64000,0.0,0.0
2024-06-11 03:35:00+00:00,94.19999694824219,94.4000015258789,94.19999694824219,94.4000015258789,25500,0.0,0.0
2024-06-11 03:40:00+00:00,94.4000015258789,94.4000015258789,94.30000305175781,94.4000015258789,9350,0.0,0.0
2024-06-11 03:45:00+00:00,94.4000015258789,94.4000015258789,94.30000305175781,94.4000015258789,8034,0.0,0.0
2024-06-11 03:50:00+00:00,94.4000015258789,94.5,94.30000305175781,94.4000015258789,33094,0.0,0.0
2024-06-11 03:55:00+00:00,94.4000015258789,94.5,94.4000015258789,94.5,12000,0.0,0.0
2024-06-11 04:00:00+00:00,94.4000015258789,94.4000015258789,94.4000015258789,94.4000015258789,26100,0.0,0.0
2024-06-11 04:05:00+00:00,94.30000305175781,94.5,94.30000305175781,94.5,19078,0.0,0.0
2024-06-11 04:10:00+00:00,94.5,94.5,94.5,94.5,13000,0.0,0.0
2024-06-11 04:15:00+00:00,94.5999984741211,94.5999984741211,94.5,94.5,11300,0.0,0.0
2024-06-11 04:20:00+00:00,94.5,94.5,94.30000305175781,94.30000305175781,32026,0.0,0.0
2024-06-11 04:25:00+00:00,94.4000015258789,94.4000015258789,94.30000305175781,94.4000015258789,12254,0.0,0.0
2024-06-11 04:30:00+00:00,94.4000015258789,94.5,94.30000305175781,94.5,39011,0.0,0.0
2024-06-11 04:35:00+00:00,94.5,94.5,94.5,94.5,9151,0.0,0.0
2024-06-11 04:40:00+00:00,94.4000015258789,95.30000305175781,94.4000015258789,95.0999984741211,144577,0.0,0.0
2024-06-11 04:45:00+00:00,95.0999984741211,95.19999694824219,94.9000015258789,94.9000015258789,43501,0.0,0.0
2024-06-11 04:50:00+00:00,94.9000015258789,94.9000015258789,94.5999984741211,94.5999984741211,20629,0.0,0.0
2024-06-11 04:55:00+00:00,94.5999984741211,95.0,94.5999984741211,94.9000015258789,51000,0.0,0.0
2024-06-11 05:00:00+00:00,94.80000305175781,96.0999984741211,94.80000305175781,96.0999984741211,280443,0.0,0.0
2024-06-11 05:05:00+00:00,96.19999694824219,96.5,95.9000015258789,95.9000015258789,240015,0.0,0.0
2024-06-11 05:10:00+00:00,95.9000015258789,96.0,95.69999694824219,95.9000015258789,95286,0.0,0.0
2024-06-11 05:15:00+00:00,95.80000305175781,95.9000015258789,95.5,95.5,100177,0.0,0.0
2024-06-11 05:20:00+00:00,95.5999984741211,95.5999984741211,95.30000305175781,95.4000015258789,120953,0.0,0.0
2024-06-12 01:00:00+00:00,96.80000305175781,99.9000015258789,96.5,99.80000305175781,0,0.0,0.0
2024-06-12 01:05:00+00:00,99.9000015258789,99.9000015258789,98.0,98.69999694824219,846000,0.0,0.0
2024-06-12 01:10:00+00:00,97.69999694824219,98.0,96.80000305175781,97.4000015258789,919485,0.0,0.0
2024-06-12 01:15:00+00:00,97.30000305175781,97.5,96.80000305175781,96.9000015258789,374170,0.0,0.0
2024-06-12 01:20:00+00:00,96.9000015258789,98.5,96.9000015258789,98.30000305175781,401879,0.0,0.0
2024-06-12 01:25:00+00:00,98.4000015258789,98.5999984741211,97.5999984741211,98.0999984741211,365877,0.0,0.0
2024-06-12 01:30:00+00:00,98.30000305175781,99.69999694824219,98.30000305175781,99.0999984741211,1276293,0.0,0.0
2024-06-12 01:35:00+00:00,99.0999984741211,99.19999694824219,98.4000015258789,99.0999984741211,320641,0.0,0.0
2024-06-12 01:40:00+00:00,99.0,99.5,98.5999984741211,99.5,340967,0.0,0.0
2024-06-12 01:45:00+00:00,99.5,99.80000305175781,99.0,99.80000305175781,492539,0.0,0.0
2024-06-12 01:50:00+00:00,99.69999694824219,99.69999694824219,99.0,99.0,195706,0.0,0.0
2024-06-12 01:55:00+00:00,99.0999984741211,99.0999984741211,98.19999694824219,98.69999694824219,231511,0.0,0.0
2024-06-12 02:00:00+00:00,98.5999984741211,99.0,98.30000305175781,99.0,102236,0.0,0.0
2024-06-12 02:05:00+00:00,99.0,99.30000305175781,98.69999694824219,99.0,86791,0.0,0.0
2024-06-12 02:10:00+00:00,98.9000015258789,98.9000015258789,98.69999694824219,98.80000305175781,46764,0.0,0.0
2024-06-12 02:15:00+00:00,98.9000015258789,99.4000015258789,98.69999694824219,99.0,231636,0.0,0.0
2024-06-12 02:20:00+00:00,99.0,99.19999694824219,98.80000305175781,99.19999694824219,93100,0.0,0.0
2024-06-12 02:25:00+00:00,99.19999694824219,99.80000305175781,98.9000015258789,99.5,449986,0.0,0.0
2024-06-12 02:30:00+00:00,99.5,99.9000015258789,98.80000305175781,98.80000305175781,530445,0.0,0.0
2024-06-12 02:35:00+00:00,98.80000305175781,99.4000015258789,98.80000305175781,99.30000305175781,109923,0.0,0.0
2024-06-12 02:40:00+00:00,99.19999694824219,99.30000305175781,98.9000015258789,99.0999984741211,73141,0.0,0.0
2024-06-12 02:45:00+00:00,99.0,99.4000015258789,99.0,99.4000015258789,67850,0.0,0.0
2024-06-12 02:50:00+00:00,99.4000015258789,99.69999694824219,99.4000015258789,99.5999984741211,181071,0.0,0.0
2024-06-12 02:55:00+00:00,99.5,100.5,99.5,100.0,1645909,0.0,0.0
2024-06-12 03:00:00+00:00,100.5,101.0,100.0,101.0,750856,0.0,0.0
2024-06-12 03:05:00+00:00,101.0,101.0,100.0,100.0,132957,0.0,0.0
2024-06-12 03:10:00+00:00,100.5,100.5,100.0,100.0,298728,0.0,0.0
2024-06-12 03:15:00+00:00,100.0,100.5,100.0,100.0,89461,0.0,0.0
2024-06-12 03:20:00+00:00,100.0,100.5,100.0,100.0,77419,0.0,0.0
2024-06-12 03:25:00+00:00,100.5,100.5,99.9000015258789,100.0,210340,0.0,0.0
2024-06-12 03:30:00+00:00,100.0,100.5,100.0,100.5,108490,0.0,0.0
2024-06-12 03:35:00+00:00,100.5,101.0,100.5,100.5,311774,0.0,0.0
2024-06-12 03:40:00+00:00,100.5,101.0,100.5,101.0,271661,0.0,0.0
2024-06-12 03:45:00+00:00,101.5,102.0,101.0,101.5,493732,0.0,0.0
2024-06-12 03:50:00+00:00,101.5,101.5,101.0,101.5,171429,0.0,0.0
2024-06-12 03:55:00+00:00,101.0,101.5,101.0,101.0,47404,0.0,0.0
2024-06-12 04:00:00+00:00,101.0,101.0,100.5,101.0,255809,0.0,0.0
2024-06-12 04:05:00+00:00,100.5,101.0,100.0,101.0,100691,0.0,0.0
2024-06-12 04:10:00+00:00,100.5,101.5,100.5,101.5,290387,0.0,0.0
2024-06-12 04:15:00+00:00,101.5,101.5,101.0,101.5,131500,0.0,0.0
2024-06-12 04:20:00+00:00,101.5,102.0,101.5,101.5,125708,0.0,0.0
2024-06-12 04:25:00+00:00,102.0,102.0,101.5,101.5,102570,0.0,0.0
2024-06-12 04:30:00+00:00,101.5,102.0,101.5,101.5,83873,0.0,0.0
2024-06-12 04:35:00+00:00,101.5,102.0,101.5,102.0,58500,0.0,0.0
2024-06-12 04:40:00+00:00,102.0,103.5,101.5,103.5,935088,0.0,0.0
2024-06-12 04:45:00+00:00,103.5,104.5,103.0,104.0,2737471,0.0,0.0
2024-06-12 04:50:00+00:00,104.0,104.5,104.0,104.5,385072,0.0,0.0
2024-06-12 04:55:00+00:00,104.5,104.5,104.5,104.5,139891,0.0,0.0
2024-06-12 05:00:00+00:00,104.5,104.5,104.5,104.5,96342,0.0,0.0
2024-06-12 05:05:00+00:00,104.5,104.5,104.5,104.5,42415,0.0,0.0
2024-06-12 05:10:00+00:00,104.5,104.5,103.5,104.5,889912,0.0,0.0
2024-06-12 05:15:00+00:00,104.5,104.5,104.0,104.5,430810,0.0,0.0
2024-06-12 05:20:00+00:00,104.5,104.5,104.0,104.5,152576,0.0,0.0
2024-06-13 01:00:00+00:00,105.0,106.5,103.5,105.0,0,0.0,0.0
2024-06-13 01:05:00+00:00,104.5,105.5,104.5,105.5,386000,0.0,0.0
2024-06-13 01:10:00+00:00,104.5,105.0,104.0,105.0,1269953,0.0,0.0
2024-06-13 01:15:00+00:00,105.0,105.0,104.0,104.5,377744,0.0,0.0
2024-06-13 01:20:00+00:00,104.0,104.5,104.0,104.5,136022,0.0,0.0
2024-06-13 01:25:00+00:00,104.5,104.5,102.0,103.5,1222804,0.0,0.0
2024-06-13 01:30:00+00:00,103.5,104.5,103.0,103.5,461165,0.0,0.0
2024-06-13 01:35:00+00:00,103.5,104.0,103.0,103.0,129243,0.0,0.0
2024-06-13 01:40:00+00:00,103.0,104.5,103.0,104.0,136477,0.0,0.0
2024-06-13 01:45:00+00:00,104.0,105.5,104.0,105.5,814743,0.0,0.0
2024-06-13 01:50:00+00:00,105.5,107.0,105.0,107.0,984216,0.0,0.0
2024-06-13 01:55:00+00:00,106.5,108.0,106.0,107.5,1228058,0.0,0.0
2024-06-13 02:00:00+00:00,107.5,108.0,106.5,107.0,566558,0.0,0.0
2024-06-13 02:05:00+00:00,107.5,108.0,107.0,107.0,370825,0.0,0.0
2024-06-13 02:10:00+00:00,107.0,107.5,106.0,107.0,283876,0.0,0.0
2024-06-13 02:15:00+00:00,107.0,107.0,106.5,106.5,105897,0.0,0.0
2024-06-13 02:20:00+00:00,107.0,107.0,106.0,106.0,205514,0.0,0.0
2024-06-13 02:25:00+00:00,106.5,106.5,105.5,105.5,368953,0.0,0.0
2024-06-13 02:30:00+00:00,106.0,107.5,105.5,107.0,388120,0.0,0.0
2024-06-13 02:35:00+00:00,107.5,108.5,107.0,107.5,694222,0.0,0.0
2024-06-13 02:40:00+00:00,108.0,108.5,107.5,108.0,187916,0.0,0.0
2024-06-13 02:45:00+00:00,108.0,108.5,107.5,108.5,234569,0.0,0.0
2024-06-13 02:50:00+00:00,108.5,108.5,108.0,108.5,274286,0.0,0.0
2024-06-13 02:55:00+00:00,108.5,108.5,108.0,108.0,91195,0.0,0.0
2024-06-13 03:00:00+00:00,108.0,108.5,107.5,107.5,218644,0.0,0.0
2024-06-13 03:05:00+00:00,108.0,108.0,107.0,107.5,150796,0.0,0.0
2024-06-13 03:10:00+00:00,108.0,108.0,107.5,108.0,145180,0.0,0.0
2024-06-13 03:15:00+00:00,108.0,108.0,107.5,108.0,98161,0.0,0.0
2024-06-13 03:20:00+00:00,108.0,108.0,107.5,108.0,39682,0.0,0.0
2024-06-13 03:25:00+00:00,108.0,108.0,107.0,107.5,121309,0.0,0.0
2024-06-13 03:30:00+00:00,107.5,107.5,106.5,106.5,172600,0.0,0.0
2024-06-13 03:35:00+00:00,106.5,107.0,106.5,106.5,128176,0.0,0.0
2024-06-13 03:40:00+00:00,107.0,107.0,106.5,107.0,31035,0.0,0.0
2024-06-13 03:45:00+00:00,107.0,107.0,106.5,107.0,26256,0.0,0.0
2024-06-13 03:50:00+00:00,107.0,107.0,105.5,106.0,268351,0.0,0.0
2024-06-13 03:55:00+00:00,106.0,107.0,106.0,106.5,122078,0.0,0.0
2024-06-13 04:00:00+00:00,106.5,106.5,106.0,106.0,53002,0.0,0.0
2024-06-13 04:05:00+00:00,106.5,106.5,105.5,106.0,165979,0.0,0.0
2024-06-13 04:10:00+00:00,106.0,106.0,105.0,106.0,165365,0.0,0.0
2024-06-13 04:15:00+00:00,106.0,107.0,105.5,107.0,305964,0.0,0.0
2024-06-13 04:20:00+00:00,107.0,107.0,106.5,107.0,132283,0.0,0.0
2024-06-13 04:25:00+00:00,107.0,107.5,106.5,107.5,117892,0.0,0.0
2024-06-13 04:30:00+00:00,107.0,107.0,106.0,106.5,133149,0.0,0.0
2024-06-13 04:35:00+00:00,107.0,107.0,106.0,106.5,65952,0.0,0.0
2024-06-13 04:40:00+00:00,107.0,107.0,106.5,106.5,32610,0.0,0.0
2024-06-13 04:45:00+00:00,107.0,107.0,106.5,107.0,60340,0.0,0.0
2024-06-13 04:50:00+00:00,107.0,107.5,107.0,107.0,131710,0.0,0.0
2024-06-13 04:55:00+00:00,107.5,107.5,106.5,107.0,212572,0.0,0.0
2024-06-13 05:00:00+00:00,107.0,107.0,106.0,106.0,163062,0.0,0.0
2024-06-13 05:05:00+00:00,106.5,107.0,106.0,106.5,125481,0.0,0.0
2024-06-13 05:10:00+00:00,106.5,107.0,106.0,106.0,183771,0.0,0.0
2024-06-13 05:15:00+00:00,106.5,107.0,106.0,106.5,131184,0.0,0.0
2024-06-13 05:20:00+00:00,107.0,107.0,106.5,107.0,259949,0.0,0.0
2024-06-14 01:00:00+00:00,107.0,108.0,104.0,105.0,0,0.0,0.0
2024-06-14 01:05:00+00:00,105.5,106.5,105.0,106.0,227000,0.0,0.0
2024-06-14 01:10:00+00:00,106.0,106.0,104.5,105.5,307859,0.0,0.0
2024-06-14 01:15:00+00:00,105.5,106.0,105.5,105.5,51165,0.0,0.0
2024-06-14 01:20:00+00:00,105.5,106.5,105.5,106.0,57546,0.0,0.0
2024-06-14 01:25:00+00:00,106.0,106.5,104.5,104.5,323011,0.0,0.0
2024-06-14 01:30:00+00:00,104.5,105.5,104.0,105.5,211239,0.0,0.0
2024-06-14 01:35:00+00:00,105.5,105.5,105.0,105.0,62312,0.0,0.0
2024-06-14 01:40:00+00:00,105.0,105.5,105.0,105.5,50930,0.0,0.0
2024-06-14 01:45:00+00:00,105.5,105.5,105.5,105.5,47716,0.0,0.0
2024-06-14 01:50:00+00:00,105.5,105.5,105.5,105.5,73084,0.0,0.0
2024-06-14 01:55:00+00:00,106.0,106.0,105.5,106.0,20539,0.0,0.0
2024-06-14 02:00:00+00:00,106.0,106.0,105.0,105.5,111300,0.0,0.0
2024-06-14 02:05:00+00:00,105.0,105.5,105.0,105.0,25360,0.0,0.0
2024-06-14 02:10:00+00:00,105.5,105.5,105.5,105.5,47269,0.0,0.0
2024-06-14 02:15:00+00:00,105.5,105.5,104.5,105.5,245145,0.0,0.0
2024-06-14 02:20:00+00:00,105.5,105.5,105.0,105.0,35255,0.0,0.0
2024-06-14 02:25:00+00:00,105.5,105.5,105.0,105.5,64252,0.0,0.0
2024-06-14 02:30:00+00:00,105.0,105.5,105.0,105.0,24752,0.0,0.0
2024-06-14 02:35:00+00:00,105.0,105.5,105.0,105.5,61150,0.0,0.0
2024-06-14 02:40:00+00:00,105.5,105.5,105.5,105.5,70596,0.0,0.0
2024-06-14 02:45:00+00:00,105.5,105.5,105.0,105.5,82553,0.0,0.0
2024-06-14 02:50:00+00:00,105.5,105.5,105.0,105.5,70108,0.0,0.0
2024-06-14 02:55:00+00:00,105.0,105.5,104.5,105.5,177678,0.0,0.0
2024-06-14 03:00:00+00:00,105.0,105.5,105.0,105.0,27554,0.0,0.0
2024-06-14 03:05:00+00:00,105.0,105.5,105.0,105.5,86023,0.0,0.0
2024-06-14 03:10:00+00:00,105.5,105.5,105.0,105.0,106250,0.0,0.0
2024-06-14 03:15:00+00:00,105.0,105.0,105.0,105.0,49178,0.0,0.0
2024-06-14 03:20:00+00:00,105.5,105.5,104.5,105.0,95020,0.0,0.0
2024-06-14 03:25:00+00:00,105.0,105.0,104.5,105.0,17000,0.0,0.0
2024-06-14 03:30:00+00:00,105.0,105.0,105.0,105.0,23202,0.0,0.0
2024-06-14 03:35:00+00:00,105.0,105.0,104.0,104.5,123000,0.0,0.0
2024-06-14 03:40:00+00:00,104.5,104.5,104.0,104.5,119462,0.0,0.0
2024-06-14 03:45:00+00:00,104.5,104.5,104.0,104.0,30550,0.0,0.0
2024-06-14 03:50:00+00:00,104.0,104.5,104.0,104.5,16270,0.0,0.0
2024-06-14 03:55:00+00:00,104.5,104.5,104.0,104.5,16420,0.0,0.0
2024-06-14 04:00:00+00:00,104.0,105.0,104.0,105.0,86000,0.0,0.0
2024-06-14 04:05:00+00:00,104.5,105.0,104.5,104.5,70746,0.0,0.0
2024-06-14 04:10:00+00:00,104.5,105.0,104.5,105.0,74500,0.0,0.0
2024-06-14 04:15:00+00:00,105.0,105.0,104.0,104.5,110799,0.0,0.0
2024-06-14 04:20:00+00:00,104.0,104.5,104.0,104.5,44644,0.0,0.0
2024-06-14 04:25:00+00:00,104.5,104.5,104.0,104.5,32076,0.0,0.0
2024-06-14 04:30:00+00:00,104.5,105.0,104.0,104.5,35140,0.0,0.0
2024-06-14 04:35:00+00:00,104.0,104.5,104.0,104.5,23128,0.0,0.0
2024-06-14 04:40:00+00:00,104.5,104.5,104.0,104.5,62203,0.0,0.0
2024-06-14 04:45:00+00:00,104.5,105.0,104.0,104.5,59390,0.0,0.0
2024-06-14 04:50:00+00:00,104.5,105.0,104.5,105.0,17938,0.0,0.0
2024-06-14 04:55:00+00:00,104.5,105.0,104.5,104.5,14790,0.0,0.0
2024-06-14 05:00:00+00:00,104.5,105.0,104.5,105.0,43280,0.0,0.0
2024-06-14 05:05:00+00:00,105.0,105.0,104.5,104.5,43050,0.0,0.0
2024-06-14 05:10:00+00:00,104.5,105.0,104.5,105.0,78400,0.0,0.0
2024-06-14 05:15:00+00:00,104.5,105.0,104.0,104.5,196253,0.0,0.0
2024-06-14 05:20:00+00:00,104.0,104.5,104.0,104.5,168706,0.0,0.0
2024-06-17 01:00:00+00:00,106.5,109.5,106.5,108.5,0,0.0,0.0
2024-06-17 01:05:00+00:00,108.5,109.0,107.0,107.0,550000,0.0,0.0
2024-06-17 01:10:00+00:00,107.0,107.5,106.0,106.0,302304,0.0,0.0
2024-06-17 01:15:00+00:00,106.0,106.5,105.0,105.5,137265,0.0,0.0
2024-06-17 01:20:00+00:00,105.0,106.5,105.0,106.5,114751,0.0,0.0
2024-06-17 01:25:00+00:00,106.5,107.0,106.0,106.5,102745,0.0,0.0
2024-06-17 01:30:00+00:00,106.5,107.0,106.0,107.0,43681,0.0,0.0
2024-06-17 01:35:00+00:00,106.5,108.5,106.5,108.0,384969,0.0,0.0
2024-06-17 01:40:00+00:00,108.0,108.0,107.5,108.0,88475,0.0,0.0
2024-06-17 01:45:00+00:00,108.0,111.0,108.0,110.0,1081374,0.0,0.0
2024-06-17 01:50:00+00:00,110.5,110.5,108.5,109.5,171790,0.0,0.0
2024-06-17 01:55:00+00:00,110.0,110.0,109.0,109.5,182164,0.0,0.0
2024-06-17 02:00:00+00:00,109.5,110.0,109.0,109.5,69041,0.0,0.0
2024-06-17 02:05:00+00:00,109.5,110.0,109.5,109.5,95188,0.0,0.0
2024-06-17 02:10:00+00:00,109.5,110.0,109.5,110.0,106420,0.0,0.0
2024-06-17 02:15:00+00:00,109.5,110.5,109.5,110.0,315422,0.0,0.0
2024-06-17 02:20:00+00:00,110.0,110.0,108.5,109.0,217450,0.0,0.0
2024-06-17 02:25:00+00:00,108.5,108.5,108.0,108.5,131816,0.0,0.0
2024-06-17 02:30:00+00:00,108.5,109.0,108.0,108.0,59429,0.0,0.0
2024-06-17 02:35:00+00:00,108.0,108.5,108.0,108.0,23200,0.0,0.0
2024-06-17 02:40:00+00:00,108.0,108.0,108.0,108.0,35000,0.0,0.0
2024-06-17 02:45:00+00:00,108.0,108.5,108.0,108.5,54303,0.0,0.0
2024-06-17 02:50:00+00:00,108.5,108.5,108.0,108.0,16440,0.0,0.0
2024-06-17 02:55:00+00:00,108.5,108.5,108.0,108.5,46000,0.0,0.0
2024-06-17 03:00:00+00:00,108.5,108.5,108.0,108.5,15103,0.0,0.0
2024-06-17 03:05:00+00:00,108.5,108.5,108.0,108.5,24150,0.0,0.0
2024-06-17 03:10:00+00:00,108.5,108.5,108.0,108.0,13601,0.0,0.0
2024-06-17 03:15:00+00:00,108.0,108.0,107.5,108.0,94101,0.0,0.0
2024-06-17 03:20:00+00:00,107.5,108.0,107.5,108.0,81312,0.0,0.0
2024-06-17 03:25:00+00:00,108.0,108.0,107.5,108.0,37050,0.0,0.0
2024-06-17 03:30:00+00:00,108.0,108.5,108.0,108.0,39325,0.0,0.0
2024-06-17 03:35:00+00:00,108.0,108.5,108.0,108.5,8153,0.0,0.0
2024-06-17 03:40:00+00:00,108.5,108.5,108.0,108.5,25076,0.0,0.0
2024-06-17 03:45:00+00:00,108.0,108.5,108.0,108.5,59100,0.0,0.0
2024-06-17 03:50:00+00:00,108.5,108.5,107.5,108.0,85328,0.0,0.0
2024-06-17 03:55:00+00:00,107.5,108.0,107.5,108.0,27000,0.0,0.0
2024-06-17 04:00:00+00:00,107.5,108.0,107.5,107.5,38155,0.0,0.0
2024-06-17 04:05:00+00:00,107.5,107.5,107.0,107.0,32477,0.0,0.0
2024-06-17 04:10:00+00:00,107.0,108.0,107.0,107.5,37900,0.0,0.0
2024-06-17 04:15:00+00:00,107.5,107.5,107.5,107.5,13001,0.0,0.0
2024-06-17 04:20:00+00:00,107.5,107.5,107.0,107.5,67407,0.0,0.0
2024-06-17 04:25:00+00:00,107.5,107.5,107.0,107.0,52819,0.0,0.0
2024-06-17 04:30:00+00:00,107.0,107.5,107.0,107.5,27001,0.0,0.0
2024-06-17 04:35:00+00:00,107.5,108.5,107.5,108.0,97100,0.0,0.0
2024-06-17 04:40:00+00:00,108.0,108.0,107.5,108.0,16260,0.0,0.0
2024-06-17 04:45:00+00:00,108.0,108.0,108.0,108.0,19700,0.0,0.0
2024-06-17 04:50:00+00:00,108.0,108.0,107.0,107.5,126241,0.0,0.0
2024-06-17 04:55:00+00:00,107.5,108.0,107.5,107.5,69020,0.0,0.0
2024-06-17 05:00:00+00:00,107.5,108.0,107.0,107.0,37209,0.0,0.0
2024-06-17 05:05:00+00:00,107.0,108.0,107.0,107.5,50070,0.0,0.0
2024-06-17 05:10:00+00:00,107.5,108.0,107.5,108.0,100663,0.0,0.0
2024-06-17 05:15:00+00:00,107.5,108.0,107.0,107.5,80150,0.0,0.0
2024-06-17 05:20:00+00:00,107.5,107.5,107.0,107.0,142022,0.0,0.0
2024-06-18 01:00:00+00:00,111.0,113.5,111.0,112.5,0,0.0,0.0
2024-06-18 01:05:00+00:00,112.0,114.5,112.0,114.0,1055607,0.0,0.0
2024-06-18 01:10:00+00:00,114.0,115.5,113.5,115.5,1237326,0.0,0.0
2024-06-18 01:15:00+00:00,115.5,118.0,115.0,116.5,1802518,0.0,0.0
2024-06-18 01:20:00+00:00,116.5,118.0,116.0,116.5,1587359,0.0,0.0
2024-06-18 01:25:00+00:00,116.0,117.0,116.0,117.0,346926,0.0,0.0
2024-06-18 01:30:00+00:00,116.5,117.0,114.5,114.5,812375,0.0,0.0
2024-06-18 01:35:00+00:00,114.5,116.0,114.5,115.0,472766,0.0,0.0
2024-06-18 01:40:00+00:00,115.0,115.0,114.0,115.0,622735,0.0,0.0
2024-06-18 01:45:00+00:00,115.0,115.0,113.5,114.0,361938,0.0,0.0
2024-06-18 01:50:00+00:00,114.0,114.5,113.5,114.5,91099,0.0,0.0
2024-06-18 01:55:00+00:00,114.5,114.5,113.0,114.5,485631,0.0,0.0
2024-06-18 02:00:00+00:00,114.5,115.0,114.5,114.5,213681,0.0,0.0
2024-06-18 02:05:00+00:00,114.5,115.0,113.0,113.0,175950,0.0,0.0
2024-06-18 02:10:00+00:00,113.0,113.5,112.5,113.5,295342,0.0,0.0
2024-06-18 02:15:00+00:00,113.5,113.5,113.0,113.5,87836,0.0,0.0
2024-06-18 02:20:00+00:00,114.0,114.5,114.0,114.0,201902,0.0,0.0
2024-06-18 02:25:00+00:00,114.5,114.5,114.5,114.5,41020,0.0,0.0
2024-06-18 02:30:00+00:00,114.5,114.5,114.0,114.0,56325,0.0,0.0
2024-06-18 02:35:00+00:00,114.0,114.5,114.0,114.5,27240,0.0,0.0
2024-06-18 02:40:00+00:00,114.5,114.5,114.0,114.0,43455,0.0,0.0
2024-06-18 02:45:00+00:00,114.5,114.5,114.0,114.5,81413,0.0,0.0
2024-06-18 02:50:00+00:00,114.5,114.5,114.0,114.0,22225,0.0,0.0
2024-06-18 02:55:00+00:00,114.5,114.5,114.0,114.5,37783,0.0,0.0
2024-06-18 03:00:00+00:00,114.5,115.5,114.5,115.0,345570,0.0,0.0
2024-06-18 03:05:00+00:00,115.0,115.0,115.0,115.0,15007,0.0,0.0
2024-06-18 03:10:00+00:00,115.0,115.0,113.5,113.5,207206,0.0,0.0
2024-06-18 03:15:00+00:00,113.5,114.0,113.5,114.0,42460,0.0,0.0
2024-06-18 03:20:00+00:00,114.0,114.5,114.0,114.5,76000,0.0,0.0
2024-06-18 03:25:00+00:00,114.5,114.5,114.5,114.5,16200,0.0,0.0
2024-06-18 03:30:00+00:00,114.5,114.5,113.5,113.5,77112,0.0,0.0
2024-06-18 03:35:00+00:00,114.0,114.5,113.5,114.5,58525,0.0,0.0
2024-06-18 03:40:00+00:00,114.5,114.5,114.0,114.5,27068,0.0,0.0
2024-06-18 03:45:00+00:00,114.5,114.5,114.0,114.5,29255,0.0,0.0
2024-06-18 03:50:00+00:00,114.5,114.5,114.5,114.5,13115,0.0,0.0
2024-06-18 03:55:00+00:00,114.5,114.5,114.5,114.5,11552,0.0,0.0
2024-06-18 04:00:00+00:00,114.5,114.5,114.0,114.5,89010,0.0,0.0
2024-06-18 04:05:00+00:00,114.5,114.5,114.0,114.5,52101,0.0,0.0
2024-06-18 04:10:00+00:00,114.5,114.5,114.0,114.5,37152,0.0,0.0
2024-06-18 04:15:00+00:00,114.0,114.5,114.0,114.5,32385,0.0,0.0
2024-06-18 04:20:00+00:00,114.5,114.5,113.5,113.5,104078,0.0,0.0
2024-06-18 04:25:00+00:00,113.5,114.0,113.5,114.0,33850,0.0,0.0
2024-06-18 04:30:00+00:00,114.0,114.0,113.5,114.0,25301,0.0,0.0
2024-06-18 04:35:00+00:00,114.0,114.0,113.5,113.5,62428,0.0,0.0
2024-06-18 04:40:00+00:00,113.5,114.0,113.0,113.5,131071,0.0,0.0
2024-06-18 04:45:00+00:00,113.5,114.0,113.0,113.5,198444,0.0,0.0
2024-06-18 04:50:00+00:00,113.5,113.5,113.0,113.5,97440,0.0,0.0
2024-06-18 04:55:00+00:00,113.5,113.5,113.0,113.0,35448,0.0,0.0
2024-06-18 05:00:00+00:00,113.5,113.5,113.0,113.5,58209,0.0,0.0
2024-06-18 05:05:00+00:00,113.5,113.5,113.0,113.0,266640,0.0,0.0
2024-06-18 05:10:00+00:00,113.0,113.5,113.0,113.0,226824,0.0,0.0
2024-06-18 05:15:00+00:00,113.0,114.5,113.0,114.5,412226,0.0,0.0
2024-06-18 05:20:00+00:00,114.5,115.0,114.0,114.5,333148,0.0,0.0
2024-06-19 01:00:00+00:00,115.0,115.5,113.5,113.5,0,0.0,0.0
2024-06-19 01:05:00+00:00,113.5,114.0,113.0,113.5,210215,0.0,0.0
2024-06-19 01:10:00+00:00,113.5,113.5,112.5,113.0,241583,0.0,0.0
2024-06-19 01:15:00+00:00,112.5,114.0,112.5,114.0,252307,0.0,0.0
2024-06-19 01:20:00+00:00,114.0,116.0,113.5,115.0,453803,0.0,0.0
2024-06-19 01:25:00+00:00,115.0,115.0,114.5,114.5,156155,0.0,0.0
2024-06-19 01:30:00+00:00,114.5,114.5,113.0,113.0,322895,0.0,0.0
2024-06-19 01:35:00+00:00,113.0,113.5,112.5,112.5,180840,0.0,0.0
2024-06-19 01:40:00+00:00,113.0,113.5,112.5,113.5,101671,0.0,0.0
2024-06-19 01:45:00+00:00,113.5,113.5,110.5,111.5,781358,0.0,0.0
2024-06-19 01:50:00+00:00,111.5,111.5,110.0,110.5,345368,0.0,0.0
2024-06-19 01:55:00+00:00,110.5,110.5,108.5,109.5,759874,0.0,0.0
2024-06-19 02:00:00+00:00,109.5,111.0,109.5,110.0,311427,0.0,0.0
2024-06-19 02:05:00+00:00,110.0,110.5,110.0,110.0,107590,0.0,0.0
2024-06-19 02:10:00+00:00,110.0,110.0,109.5,110.0,183662,0.0,0.0
2024-06-19 02:15:00+00:00,110.0,110.5,109.0,109.0,145330,0.0,0.0
2024-06-19 02:20:00+00:00,109.0,109.5,109.0,109.5,124425,0.0,0.0
2024-06-19 02:25:00+00:00,109.5,110.0,109.5,109.5,29029,0.0,0.0
2024-06-19 02:30:00+00:00,110.0,110.0,109.5,109.5,52699,0.0,0.0
2024-06-19 02:35:00+00:00,109.5,110.0,109.0,109.0,236610,0.0,0.0
2024-06-19 02:40:00+00:00,109.5,109.5,109.0,109.0,79090,0.0,0.0
2024-06-19 02:45:00+00:00,109.5,109.5,108.5,108.5,317354,0.0,0.0
2024-06-19 02:50:00+00:00,109.0,109.0,108.5,109.0,74533,0.0,0.0
2024-06-19 02:55:00+00:00,109.0,109.5,109.0,109.5,72867,0.0,0.0
2024-06-19 03:00:00+00:00,109.5,109.5,109.0,109.5,92310,0.0,0.0
2024-06-19 03:05:00+00:00,109.5,110.0,109.0,109.0,124471,0.0,0.0
2024-06-19 03:10:00+00:00,109.0,109.5,108.5,109.0,102597,0.0,0.0
2024-06-19 03:15:00+00:00,109.0,109.0,108.5,108.5,40230,0.0,0.0
2024-06-19 03:20:00+00:00,108.5,109.0,108.5,108.5,110494,0.0,0.0
2024-06-19 03:25:00+00:00,108.5,110.0,108.5,110.0,141427,0.0,0.0
2024-06-19 03:30:00+00:00,110.0,110.0,109.5,110.0,29379,0.0,0.0
2024-06-19 03:35:00+00:00,110.0,110.0,110.0,110.0,23004,0.0,0.0
2024-06-19 03:40:00+00:00,110.0,110.0,110.0,110.0,8050,0.0,0.0
2024-06-19 03:45:00+00:00,110.0,110.0,109.5,110.0,37829,0.0,0.0
2024-06-19 03:50:00+00:00,109.5,109.5,109.0,109.5,86027,0.0,0.0
2024-06-19 03:55:00+00:00,109.5,110.5,109.5,110.5,76947,0.0,0.0
2024-06-19 04:00:00+00:00,110.5,110.5,110.0,110.5,18205,0.0,0.0
2024-06-19 04:05:00+00:00,110.5,110.5,110.0,110.0,36128,0.0,0.0
2024-06-19 04:10:00+00:00,110.0,110.0,109.5,109.5,51445,0.0,0.0
2024-06-19 04:15:00+00:00,109.5,109.5,109.5,109.5,41750,0.0,0.0
2024-06-19 04:20:00+00:00,109.5,110.0,109.5,109.5,21453,0.0,0.0
2024-06-19 04:25:00+00:00,109.5,110.0,109.5,109.5,24100,0.0,0.0
2024-06-19 04:30:00+00:00,109.5,110.0,109.5,110.0,19000,0.0,0.0
2024-06-19 04:35:00+00:00,110.0,110.0,109.5,109.5,101127,0.0,0.0
2024-06-19 04:40:00+00:00,109.5,109.5,109.5,109.5,40300,0.0,0.0
2024-06-19 04:45:00+00:00,109.5,110.0,109.5,110.0,63435,0.0,0.0
2024-06-19 04:50:00+00:00,109.5,109.5,109.5,109.5,35232,0.0,0.0
2024-06-19 04:55:00+00:00,109.5,110.0,109.5,109.5,59264,0.0,0.0
2024-06-19 05:00:00+00:00,109.5,110.0,109.5,109.5,67428,0.0,0.0
2024-06-19 05:05:00+00:00,109.5,109.5,109.0,109.5,79002,0.0,0.0
2024-06-19 05:10:00+00:00,109.5,109.5,109.0,109.5,95736,0.0,0.0
2024-06-19 05:15:00+00:00,109.5,109.5,109.0,109.0,85494,0.0,0.0
2024-06-19 05:20:00+00:00,109.0,109.5,109.0,109.5,145375,0.0,0.0
2024-06-20 01:00:00+00:00,111.0,112.0,110.5,111.5,0,0.0,0.0
2024-06-20 01:05:00+00:00,111.5,111.5,110.0,110.0,161000,0.0,0.0
2024-06-20 01:10:00+00:00,110.5,110.5,110.0,110.0,190061,0.0,0.0
2024-06-20 01:15:00+00:00,110.0,110.5,109.5,110.5,129818,0.0,0.0
2024-06-20 01:20:00+00:00,110.5,111.0,110.5,110.5,95400,0.0,0.0
2024-06-20 01:25:00+00:00,110.5,111.0,110.0,110.0,64201,0.0,0.0
2024-06-20 01:30:00+00:00,110.0,110.0,110.0,110.0,35973,0.0,0.0
2024-06-20 01:35:00+00:00,110.0,110.5,109.5,110.5,70472,0.0,0.0
2024-06-20 01:40:00+00:00,110.5,110.5,110.0,110.0,29250,0.0,0.0
2024-06-20 01:45:00+00:00,110.0,110.0,110.0,110.0,29130,0.0,0.0
2024-06-20 01:50:00+00:00,110.5,111.0,110.0,110.5,23803,0.0,0.0
2024-06-20 01:55:00+00:00,110.0,110.5,109.0,109.5,134471,0.0,0.0
2024-06-20 02:00:00+00:00,109.5,109.5,109.0,109.5,31455,0.0,0.0
2024-06-20 02:05:00+00:00,109.5,110.0,109.5,110.0,44100,0.0,0.0
2024-06-20 02:10:00+00:00,110.0,110.0,110.0,110.0,26015,0.0,0.0
2024-06-20 02:15:00+00:00,110.0,110.0,109.5,110.0,31480,0.0,0.0
2024-06-20 02:20:00+00:00,110.0,110.0,110.0,110.0,40071,0.0,0.0
2024-06-20 02:25:00+00:00,110.5,110.5,110.5,110.5,5275,0.0,0.0
2024-06-20 02:30:00+00:00,110.5,110.5,110.0,110.5,15100,0.0,0.0
2024-06-20 02:35:00+00:00,110.0,110.0,109.5,109.5,73293,0.0,0.0
2024-06-20 02:40:00+00:00,110.0,110.0,109.5,110.0,63317,0.0,0.0
2024-06-20 02:45:00+00:00,109.5,110.0,109.5,110.0,8610,0.0,0.0
2024-06-20 02:50:00+00:00,110.0,110.0,110.0,110.0,7000,0.0,0.0
2024-06-20 02:55:00+00:00,110.0,110.0,109.5,109.5,10652,0.0,0.0
2024-06-20 03:00:00+00:00,109.5,110.0,109.5,110.0,7150,0.0,0.0
2024-06-20 03:05:00+00:00,110.0,110.0,109.5,109.5,130700,0.0,0.0
2024-06-20 03:10:00+00:00,109.5,109.5,109.5,109.5,2000,0.0,0.0
2024-06-20 03:15:00+00:00,109.5,109.5,109.5,109.5,12008,0.0,0.0
2024-06-20 03:20:00+00:00,109.5,110.0,109.5,109.5,12302,0.0,0.0
2024-06-20 03:25:00+00:00,109.5,109.5,109.5,109.5,6245,0.0,0.0
2024-06-20 03:30:00+00:00,110.0,110.0,109.5,109.5,14117,0.0,0.0
2024-06-20 03:35:00+00:00,110.0,110.0,109.5,109.5,20500,0.0,0.0
2024-06-20 03:40:00+00:00,109.5,110.0,109.5,109.5,6250,0.0,0.0
2024-06-20 03:45:00+00:00,109.5,109.5,109.5,109.5,16300,0.0,0.0
2024-06-20 03:50:00+00:00,109.5,109.5,109.5,109.5,28550,0.0,0.0
2024-06-20 03:55:00+00:00,110.0,110.5,110.0,110.5,152263,0.0,0.0
2024-06-20 04:00:00+00:00,110.5,110.5,110.0,110.0,41160,0.0,0.0
2024-06-20 04:05:00+00:00,109.5,109.5,109.5,109.5,8000,0.0,0.0
2024-06-20 04:10:00+00:00,110.0,110.0,110.0,110.0,25110,0.0,0.0
2024-06-20 04:15:00+00:00,110.0,110.0,109.5,109.5,15238,0.0,0.0
2024-06-20 04:20:00+00:00,110.0,110.0,109.0,109.5,67140,0.0,0.0
2024-06-20 04:25:00+00:00,109.0,109.5,109.0,109.0,22950,0.0,0.0
2024-06-20 04:30:00+00:00,109.5,109.5,109.0,109.0,56000,0.0,0.0
2024-06-20 04:35:00+00:00,109.5,109.5,109.0,109.5,40100,0.0,0.0
2024-06-20 04:40:00+00:00,109.5,109.5,108.5,108.5,294589,0.0,0.0
2024-06-20 04:45:00+00:00,109.0,110.0,108.5,109.5,85107,0.0,0.0
2024-06-20 04:50:00+00:00,110.0,110.0,109.5,110.0,10044,0.0,0.0
2024-06-20 04:55:00+00:00,109.5,110.0,109.5,110.0,12380,0.0,0.0
2024-06-20 05:00:00+00:00,110.0,110.0,109.5,110.0,34371,0.0,0.0
2024-06-20 05:05:00+00:00,109.5,110.0,109.0,109.0,63624,0.0,0.0
2024-06-20 05:10:00+00:00,109.0,109.5,109.0,109.0,50057,0.0,0.0
2024-06-20 05:15:00+00:00,109.0,109.5,109.0,109.5,38342,0.0,0.0
2024-06-20 05:20:00+00:00,109.0,110.0,109.0,109.5,115402,0.0,0.0
2024-06-21 01:00:00+00:00,110.5,110.5,109.0,109.5,0,0.0,0.0
2024-06-21 01:05:00+00:00,109.5,109.5,109.0,109.0,88235,0.0,0.0
2024-06-21 01:10:00+00:00,109.0,109.0,107.0,107.5,358812,0.0,0.0
2024-06-21 01:15:00+00:00,107.5,108.0,107.0,107.5,221597,0.0,0.0
2024-06-21 01:20:00+00:00,107.5,108.0,107.0,107.5,84372,0.0,0.0
2024-06-21 01:25:00+00:00,107.5,107.5,107.0,107.0,53780,0.0,0.0
2024-06-21 01:30:00+00:00,107.0,107.5,107.0,107.0,158830,0.0,0.0
2024-06-21 01:35:00+00:00,106.5,107.5,106.5,107.0,164566,0.0,0.0
2024-06-21 01:40:00+00:00,107.0,107.5,107.0,107.5,53757,0.0,0.0
2024-06-21 01:45:00+00:00,107.5,108.0,107.5,107.5,21512,0.0,0.0
2024-06-21 01:50:00+00:00,108.0,108.0,107.5,107.5,88320,0.0,0.0
2024-06-21 01:55:00+00:00,107.5,107.5,107.0,107.0,57032,0.0,0.0
2024-06-21 02:00:00+00:00,107.0,107.5,107.0,107.0,47430,0.0,0.0
2024-06-21 02:05:00+00:00,107.5,108.0,107.5,108.0,85165,0.0,0.0
2024-06-21 02:10:00+00:00,108.0,108.0,107.5,108.0,35986,0.0,0.0
2024-06-21 02:15:00+00:00,108.0,108.0,108.0,108.0,40244,0.0,0.0
2024-06-21 02:20:00+00:00,108.0,108.0,107.5,108.0,29885,0.0,0.0
2024-06-21 02:25:00+00:00,108.0,108.0,107.5,107.5,6100,0.0,0.0
2024-06-21 02:30:00+00:00,107.5,108.0,107.5,108.0,13000,0.0,0.0
2024-06-21 02:35:00+00:00,107.5,107.5,107.5,107.5,15000,0.0,0.0
2024-06-21 02:40:00+00:00,108.0,108.0,107.5,107.5,7103,0.0,0.0
2024-06-21 02:45:00+00:00,107.5,108.0,107.5,108.0,12381,0.0,0.0
2024-06-21 02:50:00+00:00,107.5,108.0,107.5,108.0,14110,0.0,0.0
2024-06-21 02:55:00+00:00,107.5,108.0,107.5,108.0,9050,0.0,0.0
2024-06-21 03:00:00+00:00,108.0,108.0,107.5,107.5,37354,0.0,0.0
2024-06-21 03:05:00+00:00,107.5,107.5,107.5,107.5,5690,0.0,0.0
2024-06-21 03:10:00+00:00,107.5,107.5,107.5,107.5,31140,0.0,0.0
2024-06-21 03:15:00+00:00,107.5,108.0,107.5,108.0,5106,0.0,0.0
2024-06-21 03:20:00+00:00,107.5,107.5,107.0,107.5,107784,0.0,0.0
2024-06-21 03:25:00+00:00,107.0,107.0,107.0,107.0,47160,0.0,0.0
2024-06-21 03:30:00+00:00,107.0,107.5,107.0,107.0,26100,0.0,0.0
2024-06-21 03:35:00+00:00,107.5,107.5,107.0,107.5,9000,0.0,0.0
2024-06-21 03:40:00+00:00,107.5,107.5,107.0,107.5,18600,0.0,0.0
2024-06-21 03:45:00+00:00,107.0,107.0,107.0,107.0,4128,0.0,0.0
2024-06-21 03:50:00+00:00,107.0,107.0,107.0,107.0,15290,0.0,0.0
2024-06-21 03:55:00+00:00,107.5,107.5,107.0,107.0,13503,0.0,0.0
2024-06-21 04:00:00+00:00,107.0,107.0,106.5,107.0,154232,0.0,0.0
2024-06-21 04:05:00+00:00,107.0,107.0,106.5,107.0,12000,0.0,0.0
2024-06-21 04:10:00+00:00,106.5,107.0,106.5,106.5,49115,0.0,0.0
2024-06-21 04:15:00+00:00,106.5,107.0,106.5,107.0,19937,0.0,0.0
2024-06-21 04:20:00+00:00,107.0,107.0,106.5,107.0,22128,0.0,0.0
2024-06-21 04:25:00+00:00,106.5,106.5,106.5,106.5,12300,0.0,0.0
2024-06-21 04:30:00+00:00,107.0,107.0,106.5,106.5,81300,0.0,0.0
2024-06-21 04:35:00+00:00,106.5,106.5,106.5,106.5,10210,0.0,0.0
2024-06-21 04:40:00+00:00,107.0,107.0,106.5,107.0,14000,0.0,0.0
2024-06-21 04:45:00+00:00,107.0,107.0,106.5,106.5,17090,0.0,0.0
2024-06-21 04:50:00+00:00,107.0,107.0,106.5,106.5,56304,0.0,0.0
2024-06-21 04:55:00+00:00,106.5,107.0,106.5,107.0,39000,0.0,0.0
2024-06-21 05:00:00+00:00,106.5,107.0,106.5,106.5,45510,0.0,0.0
2024-06-21 05:05:00+00:00,106.5,107.0,106.5,107.0,33725,0.0,0.0
2024-06-21 05:10:00+00:00,107.0,107.0,106.5,107.0,39700,0.0,0.0
2024-06-21 05:15:00+00:00,107.0,107.0,106.5,107.0,75835,0.0,0.0
2024-06-21 05:20:00+00:00,107.0,107.0,106.5,106.5,149446,0.0,0.0
2024-06-24 01:00:00+00:00,106.5,107.5,105.5,106.0,0,0.0,0.0
2024-06-24 01:05:00+00:00,106.0,106.0,104.5,105.5,271000,0.0,0.0
2024-06-24 01:10:00+00:00,105.0,105.5,105.0,105.0,132932,0.0,0.0
2024-06-24 01:15:00+00:00,105.0,106.0,104.5,106.0,90028,0.0,0.0
2024-06-24 01:20:00+00:00,106.0,106.0,105.0,105.5,47242,0.0,0.0
2024-06-24 01:25:00+00:00,105.5,106.0,105.5,106.0,55028,0.0,0.0
2024-06-24 01:30:00+00:00,106.5,106.5,105.5,105.5,63165,0.0,0.0
2024-06-24 01:35:00+00:00,105.5,106.0,105.0,105.0,69485,0.0,0.0
2024-06-24 01:40:00+00:00,105.0,105.5,105.0,105.5,21050,0.0,0.0
2024-06-24 01:45:00+00:00,105.5,105.5,105.0,105.0,40220,0.0,0.0
2024-06-24 01:50:00+00:00,105.5,105.5,105.0,105.5,79200,0.0,0.0
2024-06-24 01:55:00+00:00,105.5,106.0,105.5,106.0,34580,0.0,0.0
2024-06-24 02:00:00+00:00,106.0,106.5,105.5,105.5,51100,0.0,0.0
2024-06-24 02:05:00+00:00,105.5,105.5,105.0,105.5,24070,0.0,0.0
2024-06-24 02:10:00+00:00,105.5,105.5,105.5,105.5,25630,0.0,0.0
2024-06-24 02:15:00+00:00,105.5,105.5,105.0,105.5,17780,0.0,0.0
2024-06-24 02:20:00+00:00,105.5,105.5,105.5,105.5,13062,0.0,0.0
2024-06-24 02:25:00+00:00,105.5,105.5,105.0,105.0,33260,0.0,0.0
2024-06-24 02:30:00+00:00,105.5,105.5,105.0,105.0,19420,0.0,0.0
2024-06-24 02:35:00+00:00,105.0,105.5,105.0,105.0,14246,0.0,0.0
2024-06-24 02:40:00+00:00,105.0,105.5,105.0,105.5,10261,0.0,0.0
2024-06-24 02:45:00+00:00,105.5,105.5,105.5,105.5,1154,0.0,0.0
2024-06-24 02:50:00+00:00,105.5,105.5,105.5,105.5,25330,0.0,0.0
2024-06-24 02:55:00+00:00,105.5,105.5,105.0,105.0,9220,0.0,0.0
2024-06-24 03:00:00+00:00,105.0,105.5,105.0,105.5,6260,0.0,0.0
2024-06-24 03:05:00+00:00,105.5,105.5,105.5,105.5,37100,0.0,0.0
2024-06-24 03:10:00+00:00,106.0,106.0,106.0,106.0,15650,0.0,0.0
2024-06-24 03:15:00+00:00,106.0,106.0,106.0,106.0,22396,0.0,0.0
2024-06-24 03:20:00+00:00,106.0,106.0,106.0,106.0,1050,0.0,0.0
2024-06-24 03:25:00+00:00,106.0,106.0,105.5,105.5,18150,0.0,0.0
2024-06-24 03:30:00+00:00,105.5,105.5,105.5,105.5,11400,0.0,0.0
2024-06-24 03:35:00+00:00,105.5,106.0,105.5,105.5,23000,0.0,0.0
2024-06-24 03:40:00+00:00,105.5,105.5,105.5,105.5,2050,0.0,0.0
2024-06-24 03:45:00+00:00,106.0,106.0,106.0,106.0,31685,0.0,0.0
2024-06-24 03:50:00+00:00,106.0,106.0,106.0,106.0,9125,0.0,0.0
2024-06-24 03:55:00+00:00,106.0,106.0,106.0,106.0,34036,0.0,0.0
2024-06-24 04:00:00+00:00,106.0,106.0,105.5,106.0,15051,0.0,0.0
2024-06-24 04:05:00+00:00,106.0,106.0,106.0,106.0,16000,0.0,0.0
2024-06-24 04:10:00+00:00,106.0,106.0,106.0,106.0,6130,0.0,0.0
2024-06-24 04:20:00+00:00,106.0,106.0,105.5,106.0,25096,0.0,0.0
2024-06-24 04:25:00+00:00,106.0,106.0,106.0,106.0,15159,0.0,0.0
2024-06-24 04:30:00+00:00,106.0,106.0,105.5,106.0,5061,0.0,0.0
2024-06-24 04:35:00+00:00,105.5,106.0,105.5,105.5,28000,0.0,0.0
2024-06-24 04:40:00+00:00,105.5,106.0,105.5,106.0,11210,0.0,0.0
2024-06-24 04:45:00+00:00,106.0,106.0,106.0,106.0,7010,0.0,0.0
2024-06-24 04:50:00+00:00,105.5,106.0,105.5,106.0,14050,0.0,0.0
2024-06-24 04:55:00+00:00,105.5,106.0,105.5,106.0,29540,0.0,0.0
2024-06-24 05:00:00+00:00,106.0,106.0,105.5,106.0,46520,0.0,0.0
2024-06-24 05:05:00+00:00,105.5,106.0,105.5,105.5,22195,0.0,0.0
2024-06-24 05:10:00+00:00,105.5,106.0,105.5,105.5,17150,0.0,0.0
2024-06-24 05:15:00+00:00,106.0,106.0,105.5,106.0,38223,0.0,0.0
2024-06-24 05:20:00+00:00,105.5,106.0,105.5,105.5,115336,0.0,0.0
2024-06-25 01:00:00+00:00,105.5,106.5,105.0,105.5,0,0.0,0.0
2024-06-25 01:05:00+00:00,105.5,105.5,104.5,104.5,123000,0.0,0.0
2024-06-25 01:10:00+00:00,104.5,104.5,102.5,102.5,405851,0.0,0.0
2024-06-25 01:15:00+00:00,102.5,103.5,102.5,103.5,246327,0.0,0.0
2024-06-25 01:20:00+00:00,104.0,104.5,103.5,104.0,50610,0.0,0.0
2024-06-25 01:25:00+00:00,104.0,104.5,103.5,104.5,126300,0.0,0.0
2024-06-25 01:30:00+00:00,104.5,105.0,104.5,105.0,50084,0.0,0.0
2024-06-25 01:35:00+00:00,105.0,106.5,105.0,106.0,121500,0.0,0.0
2024-06-25 01:40:00+00:00,106.5,107.0,105.5,106.0,154680,0.0,0.0
2024-06-25 01:45:00+00:00,106.0,107.0,106.0,107.0,96009,0.0,0.0
2024-06-25 01:50:00+00:00,107.0,107.0,106.0,106.0,68316,0.0,0.0
2024-06-25 01:55:00+00:00,106.0,106.5,106.0,106.0,24660,0.0,0.0
2024-06-25 02:00:00+00:00,106.0,106.0,105.0,105.0,38000,0.0,0.0
2024-06-25 02:05:00+00:00,105.0,105.5,105.0,105.0,9100,0.0,0.0
2024-06-25 02:10:00+00:00,105.5,105.5,105.0,105.5,16057,0.0,0.0
2024-06-25 02:15:00+00:00,105.0,105.5,105.0,105.5,9094,0.0,0.0
2024-06-25 02:20:00+00:00,105.0,106.0,105.0,106.0,19000,0.0,0.0
2024-06-25 02:25:00+00:00,106.0,106.0,105.5,106.0,19236,0.0,0.0
2024-06-25 02:30:00+00:00,106.0,106.0,105.5,106.0,34275,0.0,0.0
2024-06-25 02:35:00+00:00,106.0,106.0,106.0,106.0,29038,0.0,0.0
2024-06-25 02:40:00+00:00,105.5,105.5,105.5,105.5,4801,0.0,0.0
2024-06-25 02:45:00+00:00,105.5,106.0,105.5,106.0,8000,0.0,0.0
2024-06-25 02:50:00+00:00,106.0,106.0,105.5,105.5,6060,0.0,0.0
2024-06-25 02:55:00+00:00,105.5,105.5,105.5,105.5,7000,0.0,0.0
2024-06-25 03:00:00+00:00,106.0,106.0,106.0,106.0,35000,0.0,0.0
2024-06-25 03:05:00+00:00,106.0,106.0,106.0,106.0,6000,0.0,0.0
2024-06-25 03:10:00+00:00,106.0,106.0,106.0,106.0,10000,0.0,0.0
2024-06-25 03:15:00+00:00,106.0,106.0,105.5,105.5,59732,0.0,0.0
2024-06-25 03:20:00+00:00,105.5,105.5,105.0,105.0,5452,0.0,0.0
2024-06-25 03:25:00+00:00,105.0,105.0,105.0,105.0,8000,0.0,0.0
2024-06-25 03:30:00+00:00,105.0,105.5,105.0,105.5,29000,0.0,0.0
2024-06-25 03:35:00+00:00,105.5,105.5,105.5,105.5,4000,0.0,0.0
2024-06-25 03:40:00+00:00,105.5,105.5,105.5,105.5,7145,0.0,0.0
2024-06-25 03:50:00+00:00,105.5,105.5,105.5,105.5,2000,0.0,0.0
2024-06-25 03:55:00+00:00,105.5,105.5,105.5,105.5,11100,0.0,0.0
2024-06-25 04:00:00+00:00,105.5,105.5,105.5,105.5,7510,0.0,0.0
2024-06-25 04:05:00+00:00,105.5,105.5,105.0,105.0,6000,0.0,0.0
2024-06-25 04:10:00+00:00,105.5,105.5,105.5,105.5,3040,0.0,0.0
2024-06-25 04:15:00+00:00,105.5,105.5,105.0,105.0,7100,0.0,0.0
2024-06-25 04:20:00+00:00,105.0,105.0,105.0,105.0,3000,0.0,0.0
2024-06-25 04:25:00+00:00,105.5,106.0,105.5,106.0,61000,0.0,0.0
2024-06-25 04:30:00+00:00,106.0,106.0,106.0,106.0,7010,0.0,0.0
2024-06-25 04:35:00+00:00,106.0,106.0,105.5,106.0,36210,0.0,0.0
2024-06-25 04:40:00+00:00,105.5,106.0,105.5,105.5,29126,0.0,0.0
2024-06-25 04:45:00+00:00,105.5,106.0,105.5,106.0,13000,0.0,0.0
2024-06-25 04:50:00+00:00,106.0,106.0,105.5,105.5,8500,0.0,0.0
2024-06-25 04:55:00+00:00,105.5,106.0,105.5,106.0,13700,0.0,0.0
2024-06-25 05:00:00+00:00,106.0,106.5,105.5,106.0,74055,0.0,0.0
2024-06-25 05:05:00+00:00,106.0,106.0,105.5,106.0,31262,0.0,0.0
2024-06-25 05:10:00+00:00,105.5,106.0,105.5,106.0,35300,0.0,0.0
2024-06-25 05:15:00+00:00,106.0,106.0,105.5,106.0,22699,0.0,0.0
2024-06-25 05:20:00+00:00,106.0,106.5,106.0,106.5,161593,0.0,0.0
2024-06-26 01:00:00+00:00,107.0,110.5,107.0,110.5,0,0.0,0.0
2024-06-26 01:05:00+00:00,110.5,111.0,109.0,109.5,664000,0.0,0.0
2024-06-26 01:10:00+00:00,109.5,112.0,109.0,111.5,879663,0.0,0.0
2024-06-26 01:15:00+00:00,111.5,111.5,110.0,111.5,325809,0.0,0.0
2024-06-26 01:20:00+00:00,111.0,111.5,110.5,111.0,206994,0.0,0.0
2024-06-26 01:25:00+00:00,111.0,111.5,110.5,111.0,193729,0.0,0.0
2024-06-26 01:30:00+00:00,111.0,111.0,111.0,111.0,37597,0.0,0.0
2024-06-26 01:35:00+00:00,110.5,110.5,110.0,110.0,131671,0.0,0.0
2024-06-26 01:40:00+00:00,109.5,111.0,109.5,111.0,64264,0.0,0.0
2024-06-26 01:45:00+00:00,111.0,111.0,110.0,110.5,81000,0.0,0.0
2024-06-26 01:50:00+00:00,110.5,110.5,109.5,109.5,140501,0.0,0.0
2024-06-26 01:55:00+00:00,109.5,111.5,109.5,111.5,250829,0.0,0.0
2024-06-26 02:00:00+00:00,111.5,111.5,111.0,111.5,93902,0.0,0.0
2024-06-26 02:05:00+00:00,111.0,113.0,111.0,112.5,895358,0.0,0.0
2024-06-26 02:10:00+00:00,112.5,113.0,112.0,112.5,237473,0.0,0.0
2024-06-26 02:15:00+00:00,113.0,113.5,112.5,113.0,361642,0.0,0.0
2024-06-26 02:20:00+00:00,113.0,113.0,112.0,112.0,93667,0.0,0.0
2024-06-26 02:25:00+00:00,112.0,112.0,111.5,112.0,68700,0.0,0.0
2024-06-26 02:30:00+00:00,111.5,112.0,111.0,111.0,65806,0.0,0.0
2024-06-26 02:35:00+00:00,111.0,111.5,111.0,111.5,34877,0.0,0.0
2024-06-26 02:40:00+00:00,111.5,112.0,111.5,111.5,31252,0.0,0.0
2024-06-26 02:45:00+00:00,111.5,111.5,111.5,111.5,26529,0.0,0.0
2024-06-26 02:50:00+00:00,111.5,111.5,111.0,111.0,35014,0.0,0.0
2024-06-26 02:55:00+00:00,111.0,111.0,110.5,110.5,82706,0.0,0.0
2024-06-26 03:00:00+00:00,110.5,110.5,110.5,110.5,100050,0.0,0.0
2024-06-26 03:05:00+00:00,110.5,111.0,110.5,111.0,39060,0.0,0.0
2024-06-26 03:10:00+00:00,110.5,111.0,110.0,110.0,145500,0.0,0.0
2024-06-26 03:15:00+00:00,110.0,110.5,110.0,110.0,28905,0.0,0.0
2024-06-26 03:20:00+00:00,110.0,110.5,109.5,109.5,213405,0.0,0.0
2024-06-26 03:25:00+00:00,109.5,110.0,109.0,109.0,113690,0.0,0.0
2024-06-26 03:30:00+00:00,109.5,109.5,109.0,109.5,37118,0.0,0.0
2024-06-26 03:35:00+00:00,109.5,109.5,109.0,109.0,42037,0.0,0.0
2024-06-26 03:40:00+00:00,109.0,109.5,109.0,109.0,26401,0.0,0.0
2024-06-26 03:45:00+00:00,109.0,109.5,109.0,109.0,27949,0.0,0.0
2024-06-26 03:50:00+00:00,109.0,110.0,109.0,110.0,38100,0.0,0.0
2024-06-26 03:55:00+00:00,110.0,110.5,109.5,110.5,57600,0.0,0.0
2024-06-26 04:00:00+00:00,110.5,110.5,110.0,110.0,63133,0.0,0.0
2024-06-26 04:05:00+00:00,110.0,110.0,109.5,109.5,6200,0.0,0.0
2024-06-26 04:10:00+00:00,109.5,110.0,109.5,109.5,22000,0.0,0.0
2024-06-26 04:15:00+00:00,110.0,110.0,109.5,109.5,26000,0.0,0.0
2024-06-26 04:20:00+00:00,109.5,110.0,109.5,109.5,23200,0.0,0.0
2024-06-26 04:25:00+00:00,110.0,110.0,109.5,109.5,7460,0.0,0.0
2024-06-26 04:30:00+00:00,109.5,110.0,109.5,110.0,56047,0.0,0.0
2024-06-26 04:35:00+00:00,110.5,110.5,110.5,110.5,18040,0.0,0.0
2024-06-26 04:40:00+00:00,110.5,110.5,110.0,110.0,17086,0.0,0.0
2024-06-26 04:45:00+00:00,110.0,110.0,109.5,110.0,80015,0.0,0.0
2024-06-26 04:50:00+00:00,109.5,110.0,109.5,110.0,34312,0.0,0.0
2024-06-26 04:55:00+00:00,110.0,110.0,109.5,109.5,16181,0.0,0.0
2024-06-26 05:00:00+00:00,109.5,110.0,109.5,109.5,32300,0.0,0.0
2024-06-26 05:05:00+00:00,110.0,110.0,109.5,109.5,145000,0.0,0.0
2024-06-26 05:10:00+00:00,109.5,110.0,109.5,109.5,94600,0.0,0.0
2024-06-26 05:15:00+00:00,109.5,110.0,109.0,109.5,151583,0.0,0.0
2024-06-26 05:20:00+00:00,109.5,110.0,109.0,109.5,110849,0.0,0.0
2024-06-27 01:00:00+00:00,109.0,110.5,108.5,109.5,0,0.0,0.0
2024-06-27 01:05:00+00:00,109.0,109.0,108.0,108.5,169000,0.0,0.0
2024-06-27 01:10:00+00:00,108.5,108.5,107.5,108.5,177976,0.0,0.0
2024-06-27 01:15:00+00:00,108.5,109.5,108.0,109.5,169234,0.0,0.0
2024-06-27 01:20:00+00:00,109.5,111.0,109.5,110.0,175786,0.0,0.0
2024-06-27 01:25:00+00:00,110.0,110.0,109.5,109.5,16150,0.0,0.0
2024-06-27 01:30:00+00:00,109.5,109.5,109.0,109.0,78000,0.0,0.0
2024-06-27 01:35:00+00:00,109.0,109.0,108.5,108.5,45120,0.0,0.0
2024-06-27 01:40:00+00:00,108.5,109.0,108.5,109.0,13200,0.0,0.0
2024-06-27 01:45:00+00:00,109.0,109.5,108.5,109.5,49160,0.0,0.0
2024-06-27 01:50:00+00:00,109.5,109.5,109.0,109.0,28000,0.0,0.0
2024-06-27 01:55:00+00:00,109.0,109.0,109.0,109.0,31765,0.0,0.0
2024-06-27 02:00:00+00:00,109.0,109.0,108.5,108.5,34205,0.0,0.0
2024-06-27 02:05:00+00:00,109.0,109.0,108.5,109.0,15120,0.0,0.0
2024-06-27 02:10:00+00:00,109.0,109.0,109.0,109.0,17175,0.0,0.0
2024-06-27 02:15:00+00:00,109.0,109.0,108.5,109.0,31025,0.0,0.0
2024-06-27 02:20:00+00:00,109.0,109.0,108.0,108.5,115040,0.0,0.0
2024-06-27 02:25:00+00:00,108.0,108.5,108.0,108.0,17361,0.0,0.0
2024-06-27 02:30:00+00:00,108.0,109.0,108.0,109.0,38059,0.0,0.0
2024-06-27 02:35:00+00:00,109.0,109.0,108.5,108.5,14112,0.0,0.0
2024-06-27 02:40:00+00:00,109.0,109.0,109.0,109.0,3000,0.0,0.0
2024-06-27 02:45:00+00:00,109.0,109.0,108.5,109.0,13210,0.0,0.0
2024-06-27 02:50:00+00:00,109.0,111.0,108.5,110.5,492000,0.0,0.0
2024-06-27 02:55:00+00:00,110.0,110.0,109.5,110.0,64124,0.0,0.0
2024-06-27 03:00:00+00:00,110.0,110.0,109.5,109.5,13062,0.0,0.0
2024-06-27 03:05:00+00:00,109.5,109.5,109.5,109.5,29257,0.0,0.0
2024-06-27 03:10:00+00:00,109.5,110.0,109.5,109.5,14027,0.0,0.0
2024-06-27 03:15:00+00:00,109.5,110.0,109.5,110.0,10550,0.0,0.0
2024-06-27 03:20:00+00:00,110.0,110.0,109.5,109.5,6000,0.0,0.0
2024-06-27 03:25:00+00:00,110.0,110.0,109.5,110.0,21010,0.0,0.0
2024-06-27 03:30:00+00:00,109.5,110.0,109.5,109.5,19100,0.0,0.0
2024-06-27 03:35:00+00:00,110.0,110.0,109.5,109.5,3126,0.0,0.0
2024-06-27 03:40:00+00:00,110.0,110.0,109.5,109.5,59543,0.0,0.0
2024-06-27 03:45:00+00:00,109.0,109.0,109.0,109.0,1000,0.0,0.0
2024-06-27 03:50:00+00:00,109.0,109.5,109.0,109.5,28003,0.0,0.0
2024-06-27 03:55:00+00:00,109.5,109.5,109.0,109.5,24000,0.0,0.0
2024-06-27 04:00:00+00:00,109.5,110.0,109.5,110.0,10130,0.0,0.0
2024-06-27 04:05:00+00:00,110.0,110.0,109.5,110.0,14089,0.0,0.0
2024-06-27 04:10:00+00:00,110.0,110.0,109.5,109.5,19268,0.0,0.0
2024-06-27 04:15:00+00:00,109.5,110.0,109.5,110.0,9000,0.0,0.0
2024-06-27 04:20:00+00:00,110.0,110.0,109.5,110.0,38011,0.0,0.0
2024-06-27 04:25:00+00:00,109.5,110.0,109.5,110.0,18100,0.0,0.0
2024-06-27 04:30:00+00:00,110.0,110.0,109.5,109.5,25658,0.0,0.0
2024-06-27 04:35:00+00:00,109.5,109.5,109.5,109.5,35100,0.0,0.0
2024-06-27 04:40:00+00:00,109.5,109.5,109.5,109.5,56286,0.0,0.0
2024-06-27 04:45:00+00:00,109.5,109.5,109.0,109.0,25933,0.0,0.0
2024-06-27 04:50:00+00:00,109.0,109.0,109.0,109.0,1200,0.0,0.0
2024-06-27 04:55:00+00:00,109.5,109.5,109.0,109.0,17420,0.0,0.0
2024-06-27 05:00:00+00:00,109.5,109.5,109.5,109.5,29745,0.0,0.0
2024-06-27 05:05:00+00:00,109.5,109.5,109.5,109.5,36260,0.0,0.0
2024-06-27 05:10:00+00:00,109.5,109.5,109.0,109.5,34086,0.0,0.0
2024-06-27 05:15:00+00:00,109.5,109.5,109.0,109.0,64055,0.0,0.0
2024-06-27 05:20:00+00:00,109.5,109.5,109.0,109.5,85440,0.0,0.0
2024-06-28 01:00:00+00:00,109.5,111.0,109.5,111.0,0,0.0,0.0
2024-06-28 01:05:00+00:00,111.0,112.5,110.5,112.5,521000,0.0,0.0
2024-06-28 01:10:00+00:00,112.5,113.0,111.5,112.5,464581,0.0,0.0
2024-06-28 01:15:00+00:00,112.5,114.0,112.0,113.0,610139,0.0,0.0
2024-06-28 01:20:00+00:00,112.5,113.0,112.0,112.5,78703,0.0,0.0
2024-06-28 01:25:00+00:00,112.5,112.5,111.5,112.0,195783,0.0,0.0
2024-06-28 01:30:00+00:00,112.0,112.0,111.5,111.5,73400,0.0,0.0
2024-06-28 01:35:00+00:00,111.5,112.0,111.0,111.0,70794,0.0,0.0
2024-06-28 01:40:00+00:00,111.5,111.5,110.5,110.5,182462,0.0,0.0
2024-06-28 01:45:00+00:00,110.5,112.0,110.5,111.0,146340,0.0,0.0
2024-06-28 01:50:00+00:00,111.5,112.0,111.5,112.0,126399,0.0,0.0
2024-06-28 01:55:00+00:00,112.0,112.0,112.0,112.0,86380,0.0,0.0
2024-06-28 02:00:00+00:00,111.5,111.5,111.0,111.0,32625,0.0,0.0
2024-06-28 02:05:00+00:00,111.0,111.0,111.0,111.0,11000,0.0,0.0
2024-06-28 02:10:00+00:00,111.5,111.5,111.0,111.5,31000,0.0,0.0
2024-06-28 02:15:00+00:00,111.5,111.5,111.0,111.5,78514,0.0,0.0
2024-06-28 02:20:00+00:00,111.0,111.5,111.0,111.5,7149,0.0,0.0
2024-06-28 02:25:00+00:00,111.5,111.5,111.0,111.5,5000,0.0,0.0
2024-06-28 02:30:00+00:00,111.5,111.5,110.5,110.5,69405,0.0,0.0
2024-06-28 02:35:00+00:00,110.5,111.0,110.5,111.0,5000,0.0,0.0
2024-06-28 02:40:00+00:00,111.0,112.0,111.0,111.5,94100,0.0,0.0
2024-06-28 02:45:00+00:00,112.0,112.5,112.0,112.5,134964,0.0,0.0
2024-06-28 02:50:00+00:00,112.5,112.5,112.0,112.0,50034,0.0,0.0
2024-06-28 02:55:00+00:00,112.0,112.0,112.0,112.0,52019,0.0,0.0
2024-06-28 03:00:00+00:00,111.5,111.5,111.5,111.5,6250,0.0,0.0
2024-06-28 03:05:00+00:00,111.5,112.0,111.5,112.0,25335,0.0,0.0
2024-06-28 03:10:00+00:00,112.0,112.0,111.5,111.5,21128,0.0,0.0
2024-06-28 03:15:00+00:00,111.0,111.5,111.0,111.5,9000,0.0,0.0
2024-06-28 03:20:00+00:00,111.5,111.5,111.0,111.5,12090,0.0,0.0
2024-06-28 03:25:00+00:00,111.5,112.0,111.5,111.5,20240,0.0,0.0
2024-06-28 03:30:00+00:00,112.0,112.0,111.5,112.0,12200,0.0,0.0
2024-06-28 03:35:00+00:00,112.0,112.0,112.0,112.0,94100,0.0,0.0
2024-06-28 03:40:00+00:00,112.0,112.0,112.0,112.0,59334,0.0,0.0
2024-06-28 03:45:00+00:00,112.0,112.5,112.0,112.0,35000,0.0,0.0
2024-06-28 03:50:00+00:00,112.0,112.5,112.0,112.0,30188,0.0,0.0
2024-06-28 03:55:00+00:00,112.0,112.0,112.0,112.0,7200,0.0,0.0
2024-06-28 04:00:00+00:00,112.5,112.5,112.0,112.0,6653,0.0,0.0
2024-06-28 04:05:00+00:00,112.0,112.0,112.0,112.0,55334,0.0,0.0
2024-06-28 04:10:00+00:00,112.0,112.0,111.5,112.0,15200,0.0,0.0
2024-06-28 04:15:00+00:00,112.0,112.0,112.0,112.0,7000,0.0,0.0
2024-06-28 04:20:00+00:00,111.5,112.0,111.5,111.5,12449,0.0,0.0
2024-06-28 04:25:00+00:00,111.5,112.0,111.5,111.5,9058,0.0,0.0
2024-06-28 04:30:00+00:00,111.5,112.0,111.5,112.0,12510,0.0,0.0
2024-06-28 04:35:00+00:00,111.5,112.0,111.5,111.5,50000,0.0,0.0
2024-06-28 04:40:00+00:00,111.5,111.5,111.0,111.0,86879,0.0,0.0
2024-06-28 04:45:00+00:00,111.0,111.0,111.0,111.0,4010,0.0,0.0
2024-06-28 04:50:00+00:00,111.0,111.5,111.0,111.5,11000,0.0,0.0
2024-06-28 04:55:00+00:00,111.0,111.5,111.0,111.0,12500,0.0,0.0
2024-06-28 05:00:00+00:00,111.0,111.5,111.0,111.0,56578,0.0,0.0
2024-06-28 05:05:00+00:00,111.0,111.5,111.0,111.0,62000,0.0,0.0
2024-06-28 05:10:00+00:00,111.0,111.5,111.0,111.5,102302,0.0,0.0
2024-06-28 05:15:00+00:00,111.5,111.5,111.0,111.0,41000,0.0,0.0
2024-06-28 05:20:00+00:00,111.0,111.5,110.5,110.5,155406,0.0,0.0
2024-07-01 01:00:00+00:00,111.5,111.5,110.0,110.0,0,0.0,0.0
2024-07-01 01:05:00+00:00,110.0,110.5,109.5,110.0,145832,0.0,0.0
2024-07-01 01:10:00+00:00,110.0,110.0,109.5,110.0,31805,0.0,0.0
2024-07-01 01:15:00+00:00,110.0,110.5,110.0,110.0,32150,0.0,0.0
2024-07-01 01:20:00+00:00,110.0,110.5,110.0,110.5,25270,0.0,0.0
2024-07-01 01:25:00+00:00,110.5,111.0,110.0,110.5,49175,0.0,0.0
2024-07-01 01:30:00+00:00,110.5,110.5,110.0,110.5,38410,0.0,0.0
2024-07-01 01:35:00+00:00,110.5,110.5,110.5,110.5,49010,0.0,0.0
2024-07-01 01:40:00+00:00,110.5,111.0,110.5,110.5,32052,0.0,0.0
2024-07-01 01:45:00+00:00,110.5,110.5,110.5,110.5,6058,0.0,0.0
2024-07-01 01:50:00+00:00,110.5,111.0,110.5,111.0,29000,0.0,0.0
2024-07-01 01:55:00+00:00,111.0,112.0,111.0,112.0,106270,0.0,0.0
2024-07-01 02:00:00+00:00,112.0,112.0,111.5,111.5,85168,0.0,0.0
2024-07-01 02:05:00+00:00,111.5,111.5,111.5,111.5,12630,0.0,0.0
2024-07-01 02:10:00+00:00,111.5,111.5,111.0,111.5,9100,0.0,0.0
2024-07-01 02:15:00+00:00,111.5,111.5,111.5,111.5,23300,0.0,0.0
2024-07-01 02:20:00+00:00,111.5,111.5,111.0,111.0,13272,0.0,0.0
2024-07-01 02:25:00+00:00,111.5,111.5,111.0,111.5,16837,0.0,0.0
2024-07-01 02:30:00+00:00,111.5,112.0,111.5,112.0,56191,0.0,0.0
2024-07-01 02:35:00+00:00,112.0,112.0,111.5,111.5,56105,0.0,0.0
2024-07-01 02:40:00+00:00,111.5,111.5,111.5,111.5,26100,0.0,0.0
2024-07-01 02:45:00+00:00,111.5,112.0,111.0,112.0,34104,0.0,0.0
2024-07-01 02:50:00+00:00,111.5,112.0,111.5,112.0,16006,0.0,0.0
2024-07-01 02:55:00+00:00,111.5,112.5,111.5,112.0,111312,0.0,0.0
2024-07-01 03:00:00+00:00,112.0,112.0,111.0,111.0,50005,0.0,0.0
2024-07-01 03:05:00+00:00,111.0,111.5,111.0,111.5,4000,0.0,0.0
2024-07-01 03:10:00+00:00,111.0,111.5,111.0,111.0,4018,0.0,0.0
2024-07-01 03:15:00+00:00,111.0,111.5,111.0,111.5,18000,0.0,0.0
2024-07-01 03:20:00+00:00,111.5,111.5,111.0,111.0,9150,0.0,0.0
2024-07-01 03:25:00+00:00,111.0,111.0,110.5,110.5,121000,0.0,0.0
2024-07-01 03:30:00+00:00,110.5,110.5,110.5,110.5,29100,0.0,0.0
2024-07-01 03:35:00+00:00,110.5,110.5,110.0,110.0,24582,0.0,0.0
2024-07-01 03:40:00+00:00,110.0,110.5,110.0,110.5,15500,0.0,0.0
2024-07-01 03:45:00+00:00,110.5,110.5,110.5,110.5,24001,0.0,0.0
2024-07-01 03:50:00+00:00,111.0,111.0,110.5,110.5,4002,0.0,0.0
2024-07-01 03:55:00+00:00,110.5,110.5,110.5,110.5,8000,0.0,0.0
2024-07-01 04:00:00+00:00,110.5,111.0,110.5,110.5,21058,0.0,0.0
2024-07-01 04:05:00+00:00,110.5,110.5,110.0,110.0,36050,0.0,0.0
2024-07-01 04:10:00+00:00,110.0,110.0,110.0,110.0,2240,0.0,0.0
2024-07-01 04:15:00+00:00,110.0,110.5,110.0,110.0,31163,0.0,0.0
2024-07-01 04:20:00+00:00,110.0,110.5,110.0,110.0,14000,0.0,0.0
2024-07-01 04:25:00+00:00,110.0,110.0,110.0,110.0,124020,0.0,0.0
2024-07-01 04:30:00+00:00,109.5,110.0,109.5,109.5,93530,0.0,0.0
2024-07-01 04:35:00+00:00,109.5,110.0,109.5,109.5,42050,0.0,0.0
2024-07-01 04:40:00+00:00,109.5,109.5,109.5,109.5,76322,0.0,0.0
2024-07-01 04:45:00+00:00,110.0,110.0,109.5,110.0,82195,0.0,0.0
2024-07-01 04:50:00+00:00,110.0,110.0,110.0,110.0,16070,0.0,0.0
2024-07-01 04:55:00+00:00,110.0,110.5,110.0,110.0,64027,0.0,0.0
2024-07-01 05:00:00+00:00,110.5,110.5,110.0,110.5,26696,0.0,0.0
2024-07-01 05:05:00+00:00,110.0,110.5,110.0,110.0,41329,0.0,0.0
2024-07-01 05:10:00+00:00,109.5,110.0,109.5,109.5,30120,0.0,0.0
2024-07-01 05:15:00+00:00,109.5,110.0,109.5,110.0,33410,0.0,0.0
2024-07-01 05:20:00+00:00,110.0,110.0,109.5,110.0,57500,0.0,0.0
2024-07-02 01:00:00+00:00,113.0,113.5,110.5,111.0,0,0.0,0.0
2024-07-02 01:05:00+00:00,111.0,111.0,110.5,110.5,163450,0.0,0.0
2024-07-02 01:10:00+00:00,111.0,111.0,110.0,110.5,192520,0.0,0.0
2024-07-02 01:15:00+00:00,110.0,110.0,109.0,109.5,387045,0.0,0.0
2024-07-02 01:20:00+00:00,109.5,109.5,109.5,109.5,74760,0.0,0.0
2024-07-02 01:25:00+00:00,109.5,109.5,109.5,109.5,9150,0.0,0.0
2024-07-02 01:30:00+00:00,109.5,110.5,109.5,110.0,28160,0.0,0.0
2024-07-02 01:35:00+00:00,110.0,110.5,110.0,110.5,74030,0.0,0.0
2024-07-02 01:40:00+00:00,110.5,110.5,110.5,110.5,30000,0.0,0.0
2024-07-02 01:45:00+00:00,110.5,110.5,110.0,110.0,12000,0.0,0.0
2024-07-02 01:50:00+00:00,110.0,110.0,109.5,109.5,80738,0.0,0.0
2024-07-02 01:55:00+00:00,110.0,110.0,109.5,109.5,34030,0.0,0.0
2024-07-02 02:00:00+00:00,109.5,110.0,109.5,109.5,21202,0.0,0.0
2024-07-02 02:05:00+00:00,110.0,112.0,110.0,111.5,363250,0.0,0.0
2024-07-02 02:10:00+00:00,111.5,112.0,111.0,111.5,76828,0.0,0.0
2024-07-02 02:15:00+00:00,111.5,112.0,111.0,111.0,56475,0.0,0.0
2024-07-02 02:20:00+00:00,111.0,111.5,111.0,111.5,13050,0.0,0.0
2024-07-02 02:25:00+00:00,111.5,111.5,111.5,111.5,18019,0.0,0.0
2024-07-02 02:30:00+00:00,111.5,111.5,111.5,111.5,46300,0.0,0.0
2024-07-02 02:35:00+00:00,111.5,111.5,111.0,111.0,47000,0.0,0.0
2024-07-02 02:40:00+00:00,111.0,111.0,110.5,110.5,100075,0.0,0.0
2024-07-02 02:45:00+00:00,110.5,111.0,110.5,110.5,9272,0.0,0.0
2024-07-02 02:50:00+00:00,110.5,111.0,110.5,111.0,13322,0.0,0.0
2024-07-02 02:55:00+00:00,111.0,111.0,110.5,110.5,13100,0.0,0.0
2024-07-02 03:00:00+00:00,110.5,111.0,110.5,110.5,10616,0.0,0.0
2024-07-02 03:05:00+00:00,110.5,110.5,110.0,110.0,86000,0.0,0.0
2024-07-02 03:10:00+00:00,110.0,110.0,110.0,110.0,42310,0.0,0.0
2024-07-02 03:15:00+00:00,110.0,110.0,110.0,110.0,158738,0.0,0.0
2024-07-02 03:20:00+00:00,110.0,110.0,109.5,109.5,13009,0.0,0.0
2024-07-02 03:25:00+00:00,109.5,110.5,109.5,110.5,25152,0.0,0.0
2024-07-02 03:30:00+00:00,110.0,110.5,110.0,110.0,11000,0.0,0.0
2024-07-02 03:35:00+00:00,110.0,110.0,110.0,110.0,16000,0.0,0.0
2024-07-02 03:40:00+00:00,110.0,110.5,110.0,110.5,4189,0.0,0.0
2024-07-02 03:45:00+00:00,110.5,110.5,110.0,110.0,2518,0.0,0.0
2024-07-02 03:50:00+00:00,110.5,110.5,110.5,110.5,4305,0.0,0.0
2024-07-02 04:00:00+00:00,110.0,110.0,110.0,110.0,12000,0.0,0.0
2024-07-02 04:05:00+00:00,110.0,110.0,110.0,110.0,14020,0.0,0.0
2024-07-02 04:10:00+00:00,110.0,110.0,109.5,109.5,132005,0.0,0.0
2024-07-02 04:15:00+00:00,109.5,110.0,109.5,109.5,29000,0.0,0.0
2024-07-02 04:20:00+00:00,109.5,109.5,109.5,109.5,32100,0.0,0.0
2024-07-02 04:25:00+00:00,109.5,109.5,109.5,109.5,2000,0.0,0.0
2024-07-02 04:30:00+00:00,110.0,110.0,109.5,109.5,13118,0.0,0.0
2024-07-02 04:35:00+00:00,109.5,110.0,109.5,110.0,34200,0.0,0.0
2024-07-02 04:40:00+00:00,110.0,110.0,110.0,110.0,24000,0.0,0.0
2024-07-02 04:45:00+00:00,110.0,110.0,109.5,109.5,28406,0.0,0.0
2024-07-02 04:50:00+00:00,109.5,110.0,109.5,109.5,15000,0.0,0.0
2024-07-02 04:55:00+00:00,110.0,110.0,109.5,109.5,38040,0.0,0.0
2024-07-02 05:00:00+00:00,109.5,110.0,109.5,109.5,25039,0.0,0.0
2024-07-02 05:05:00+00:00,109.5,110.0,109.0,109.0,145557,0.0,0.0
2024-07-02 05:10:00+00:00,109.0,110.0,109.0,109.5,140016,0.0,0.0
2024-07-02 05:15:00+00:00,109.5,109.5,109.0,109.5,74320,0.0,0.0
2024-07-02 05:20:00+00:00,109.5,110.0,109.0,109.5,55746,0.0,0.0
2024-07-03 01:00:00+00:00,111.0,111.5,110.5,111.0,0,0.0,0.0
2024-07-03 01:05:00+00:00,111.0,112.5,110.5,112.0,243000,0.0,0.0
2024-07-03 01:10:00+00:00,111.5,112.0,111.5,111.5,115102,0.0,0.0
2024-07-03 01:15:00+00:00,111.5,112.0,111.0,111.0,95101,0.0,0.0
2024-07-03 01:20:00+00:00,111.0,111.0,109.0,109.5,222867,0.0,0.0
2024-07-03 01:25:00+00:00,109.5,109.5,108.5,109.0,215358,0.0,0.0
2024-07-03 01:30:00+00:00,109.5,109.5,108.5,109.0,85033,0.0,0.0
2024-07-03 01:35:00+00:00,109.0,109.5,109.0,109.0,66100,0.0,0.0
2024-07-03 01:40:00+00:00,109.0,109.5,108.5,109.0,78589,0.0,0.0
2024-07-03 01:45:00+00:00,109.0,109.5,108.5,109.0,92518,0.0,0.0
2024-07-03 01:50:00+00:00,109.0,109.0,108.5,109.0,65000,0.0,0.0
2024-07-03 01:55:00+00:00,109.0,111.0,109.0,110.5,202523,0.0,0.0
2024-07-03 02:00:00+00:00,110.5,110.5,110.0,110.5,13052,0.0,0.0
2024-07-03 02:05:00+00:00,110.0,111.0,110.0,111.0,54100,0.0,0.0
2024-07-03 02:10:00+00:00,111.0,111.0,110.5,110.5,37510,0.0,0.0
2024-07-03 02:15:00+00:00,110.5,110.5,110.5,110.5,19469,0.0,0.0
2024-07-03 02:20:00+00:00,110.5,112.0,110.5,111.5,384750,0.0,0.0
2024-07-03 02:25:00+00:00,111.5,111.5,111.0,111.0,22345,0.0,0.0
2024-07-03 02:30:00+00:00,111.5,111.5,111.5,111.5,6519,0.0,0.0
2024-07-03 02:35:00+00:00,111.5,111.5,111.5,111.5,15100,0.0,0.0
2024-07-03 02:40:00+00:00,111.5,111.5,111.0,111.0,13190,0.0,0.0
2024-07-03 02:45:00+00:00,111.0,111.5,111.0,111.0,35000,0.0,0.0
2024-07-03 02:50:00+00:00,111.0,111.0,111.0,111.0,65100,0.0,0.0
2024-07-03 02:55:00+00:00,110.5,111.0,110.5,111.0,18090,0.0,0.0
2024-07-03 03:00:00+00:00,111.0,111.0,111.0,111.0,7000,0.0,0.0
2024-07-03 03:05:00+00:00,110.5,110.5,110.0,110.0,36092,0.0,0.0
2024-07-03 03:10:00+00:00,110.0,110.0,110.0,110.0,33146,0.0,0.0
2024-07-03 03:15:00+00:00,110.0,110.0,109.5,110.0,38306,0.0,0.0
2024-07-03 03:20:00+00:00,110.0,110.0,110.0,110.0,10414,0.0,0.0
2024-07-03 03:25:00+00:00,110.0,110.0,109.5,109.5,21530,0.0,0.0
2024-07-03 03:30:00+00:00,109.5,110.0,109.5,109.5,19340,0.0,0.0
2024-07-03 03:35:00+00:00,109.5,109.5,109.5,109.5,59000,0.0,0.0
2024-07-03 03:40:00+00:00,109.5,109.5,109.0,109.5,35000,0.0,0.0
2024-07-03 03:45:00+00:00,109.5,109.5,109.5,109.5,10020,0.0,0.0
2024-07-03 03:50:00+00:00,109.5,109.5,109.0,109.5,11100,0.0,0.0
2024-07-03 03:55:00+00:00,109.5,109.5,109.5,109.5,14019,0.0,0.0
2024-07-03 04:00:00+00:00,109.5,109.5,109.5,109.5,3000,0.0,0.0
2024-07-03 04:05:00+00:00,109.5,109.5,108.5,109.0,263819,0.0,0.0
2024-07-03 04:10:00+00:00,109.0,109.0,108.5,108.5,94002,0.0,0.0
2024-07-03 04:15:00+00:00,108.5,109.0,108.5,109.0,11002,0.0,0.0
2024-07-03 04:20:00+00:00,109.0,109.0,108.5,109.0,29100,0.0,0.0
2024-07-03 04:25:00+00:00,109.0,109.0,109.0,109.0,10180,0.0,0.0
2024-07-03 04:30:00+00:00,109.0,109.0,108.5,109.0,11016,0.0,0.0
2024-07-03 04:35:00+00:00,109.0,109.0,108.5,108.5,9500,0.0,0.0
2024-07-03 04:40:00+00:00,109.0,109.0,109.0,109.0,48180,0.0,0.0
2024-07-03 04:45:00+00:00,109.0,109.0,108.5,108.5,81200,0.0,0.0
2024-07-03 04:50:00+00:00,109.0,109.0,108.5,109.0,28180,0.0,0.0
2024-07-03 04:55:00+00:00,108.5,109.0,108.5,108.5,44873,0.0,0.0
2024-07-03 05:00:00+00:00,108.5,109.5,108.5,109.0,151052,0.0,0.0
2024-07-03 05:05:00+00:00,109.0,109.0,108.5,108.5,25010,0.0,0.0
2024-07-03 05:10:00+00:00,109.0,109.0,108.5,108.5,33010,0.0,0.0
2024-07-03 05:15:00+00:00,109.0,109.0,108.5,108.5,34050,0.0,0.0
2024-07-03 05:20:00+00:00,108.5,109.5,108.5,109.5,91330,0.0,0.0
2024-07-04 01:00:00+00:00,111.5,111.5,109.5,110.0,0,0.0,0.0
2024-07-04 01:05:00+00:00,110.0,111.0,109.0,111.0,225000,0.0,0.0
2024-07-04 01:10:00+00:00,111.0,111.0,110.5,110.5,108420,0.0,0.0
2024-07-04 01:15:00+00:00,110.5,110.5,110.5,110.5,13200,0.0,0.0
2024-07-04 01:20:00+00:00,110.5,110.5,110.5,110.5,55662,0.0,0.0
2024-07-04 01:25:00+00:00,110.5,110.5,110.5,110.5,3135,0.0,0.0
2024-07-04 01:30:00+00:00,110.0,110.0,109.5,109.5,104528,0.0,0.0
2024-07-04 01:35:00+00:00,110.0,110.0,109.5,110.0,37105,0.0,0.0
2024-07-04 01:40:00+00:00,110.0,110.0,109.5,110.0,9295,0.0,0.0
2024-07-04 01:45:00+00:00,109.5,110.0,109.5,109.5,25150,0.0,0.0
2024-07-04 01:50:00+00:00,110.0,110.0,110.0,110.0,33070,0.0,0.0
2024-07-04 01:55:00+00:00,110.0,110.5,110.0,110.5,14030,0.0,0.0
2024-07-04 02:00:00+00:00,110.5,110.5,110.0,110.0,69052,0.0,0.0
2024-07-04 02:05:00+00:00,110.0,110.0,109.5,109.5,4050,0.0,0.0
2024-07-04 02:10:00+00:00,109.5,109.5,109.5,109.5,3110,0.0,0.0
2024-07-04 02:15:00+00:00,109.5,110.0,109.5,110.0,8108,0.0,0.0
2024-07-04 02:20:00+00:00,110.0,110.0,109.5,110.0,7019,0.0,0.0
2024-07-04 02:25:00+00:00,110.0,110.0,109.0,109.0,131528,0.0,0.0
2024-07-04 02:30:00+00:00,109.0,109.5,109.0,109.5,19100,0.0,0.0
2024-07-04 02:35:00+00:00,109.5,109.5,109.5,109.5,21203,0.0,0.0
2024-07-04 02:40:00+00:00,109.5,110.0,109.5,110.0,5329,0.0,0.0
2024-07-04 02:45:00+00:00,110.0,110.0,109.5,109.5,44430,0.0,0.0
2024-07-04 02:50:00+00:00,109.5,109.5,109.0,109.5,21060,0.0,0.0
2024-07-04 02:55:00+00:00,109.5,109.5,109.0,109.5,37202,0.0,0.0
2024-07-04 03:00:00+00:00,109.5,109.5,109.0,109.0,8168,0.0,0.0
2024-07-04 03:05:00+00:00,109.0,109.5,109.0,109.0,25655,0.0,0.0
2024-07-04 03:10:00+00:00,109.5,109.5,109.5,109.5,6410,0.0,0.0
2024-07-04 03:15:00+00:00,109.0,109.5,109.0,109.5,11350,0.0,0.0
2024-07-04 03:20:00+00:00,109.5,109.5,109.0,109.0,7313,0.0,0.0
2024-07-04 03:25:00+00:00,109.5,109.5,108.5,108.5,289000,0.0,0.0
2024-07-04 03:30:00+00:00,108.5,108.5,108.0,108.5,100265,0.0,0.0
2024-07-04 03:35:00+00:00,108.0,109.0,108.0,108.5,40060,0.0,0.0
2024-07-04 03:40:00+00:00,108.5,108.5,108.5,108.5,42123,0.0,0.0
2024-07-04 03:45:00+00:00,108.5,108.5,108.0,108.0,45300,0.0,0.0
2024-07-04 03:50:00+00:00,108.0,108.5,108.0,108.5,12000,0.0,0.0
2024-07-04 03:55:00+00:00,108.5,108.5,108.0,108.0,63000,0.0,0.0
2024-07-04 04:00:00+00:00,108.0,108.5,108.0,108.5,23446,0.0,0.0
2024-07-04 04:05:00+00:00,108.5,108.5,108.0,108.0,19855,0.0,0.0
2024-07-04 04:10:00+00:00,108.0,108.5,108.0,108.5,43400,0.0,0.0
2024-07-04 04:15:00+00:00,108.0,108.5,107.5,107.5,344908,0.0,0.0
2024-07-04 04:20:00+00:00,107.5,107.5,107.0,107.5,33289,0.0,0.0
2024-07-04 04:25:00+00:00,107.5,107.5,107.0,107.5,90411,0.0,0.0
2024-07-04 04:30:00+00:00,107.5,108.5,107.5,108.0,88960,0.0,0.0
2024-07-04 04:35:00+00:00,108.0,108.5,108.0,108.5,18069,0.0,0.0
2024-07-04 04:40:00+00:00,108.5,108.5,108.0,108.0,22070,0.0,0.0
2024-07-04 04:45:00+00:00,108.0,108.5,108.0,108.0,41178,0.0,0.0
2024-07-04 04:50:00+00:00,108.5,108.5,108.0,108.0,7005,0.0,0.0
2024-07-04 04:55:00+00:00,108.0,108.5,108.0,108.5,40000,0.0,0.0
2024-07-04 05:00:00+00:00,108.5,108.5,108.0,108.0,13100,0.0,0.0
2024-07-04 05:05:00+00:00,108.0,108.5,108.0,108.5,129050,0.0,0.0
2024-07-04 05:10:00+00:00,108.5,109.0,108.5,109.0,69806,0.0,0.0
2024-07-04 05:15:00+00:00,109.0,109.5,108.5,109.5,151286,0.0,0.0
2024-07-04 05:20:00+00:00,109.0,109.5,109.0,109.5,26807,0.0,0.0
2024-07-05 01:00:00+00:00,110.5,114.0,110.0,114.0,0,0.0,0.0
2024-07-05 01:05:00+00:00,114.0,116.5,113.5,114.5,1521000,0.0,0.0
2024-07-05 01:10:00+00:00,114.5,117.5,114.5,116.0,1052059,0.0,0.0
2024-07-05 01:15:00+00:00,116.0,116.5,115.0,115.5,420563,0.0,0.0
2024-07-05 01:20:00+00:00,115.5,115.5,113.0,114.0,569793,0.0,0.0
2024-07-05 01:25:00+00:00,114.0,117.5,114.0,116.5,1111846,0.0,0.0
2024-07-05 01:30:00+00:00,117.0,117.5,116.5,116.5,510632,0.0,0.0
2024-07-05 01:35:00+00:00,116.5,118.0,116.5,118.0,519740,0.0,0.0
2024-07-05 01:40:00+00:00,117.5,118.5,117.0,118.0,721159,0.0,0.0
2024-07-05 01:45:00+00:00,118.0,118.5,117.0,117.5,318880,0.0,0.0
2024-07-05 01:50:00+00:00,117.5,117.5,116.0,116.5,275590,0.0,0.0
2024-07-05 01:55:00+00:00,116.5,117.0,116.0,116.0,223297,0.0,0.0
2024-07-05 02:00:00+00:00,116.0,118.0,116.0,117.5,203271,0.0,0.0
2024-07-05 02:05:00+00:00,117.5,118.5,117.5,118.0,171741,0.0,0.0
2024-07-05 02:10:00+00:00,118.0,118.5,118.0,118.5,81466,0.0,0.0
2024-07-05 02:15:00+00:00,118.0,119.0,118.0,118.0,260319,0.0,0.0
2024-07-05 02:20:00+00:00,118.5,118.5,117.0,117.0,141827,0.0,0.0
2024-07-05 02:25:00+00:00,117.0,117.0,116.5,116.5,92330,0.0,0.0
2024-07-05 02:30:00+00:00,117.0,117.0,116.0,116.5,81630,0.0,0.0
2024-07-05 02:35:00+00:00,116.5,117.0,116.5,117.0,63220,0.0,0.0
2024-07-05 02:40:00+00:00,117.0,117.5,117.0,117.5,72305,0.0,0.0
2024-07-05 02:45:00+00:00,117.5,117.5,117.5,117.5,54230,0.0,0.0
2024-07-05 02:50:00+00:00,117.5,117.5,117.0,117.5,35249,0.0,0.0
2024-07-05 02:55:00+00:00,117.5,117.5,117.0,117.5,20060,0.0,0.0
2024-07-05 03:00:00+00:00,117.5,118.0,117.5,118.0,80191,0.0,0.0
2024-07-05 03:05:00+00:00,117.5,118.0,117.5,118.0,64300,0.0,0.0
2024-07-05 03:10:00+00:00,117.5,118.5,117.5,118.5,87118,0.0,0.0
2024-07-05 03:15:00+00:00,118.5,118.5,118.0,118.0,75867,0.0,0.0
2024-07-05 03:20:00+00:00,118.0,118.0,118.0,118.0,93765,0.0,0.0
2024-07-05 03:25:00+00:00,118.0,118.5,117.5,118.5,42413,0.0,0.0
2024-07-05 03:30:00+00:00,118.5,118.5,118.0,118.0,59065,0.0,0.0
2024-07-05 03:35:00+00:00,118.0,118.5,118.0,118.5,52614,0.0,0.0
2024-07-05 03:40:00+00:00,118.5,118.5,118.0,118.5,9300,0.0,0.0
2024-07-05 03:45:00+00:00,118.5,118.5,118.0,118.0,21008,0.0,0.0
2024-07-05 03:50:00+00:00,118.0,118.5,118.0,118.0,29130,0.0,0.0
2024-07-05 03:55:00+00:00,118.0,118.5,118.0,118.0,94955,0.0,0.0
2024-07-05 04:00:00+00:00,118.5,118.5,118.0,118.0,31200,0.0,0.0
2024-07-05 04:05:00+00:00,118.0,118.0,116.5,117.0,275211,0.0,0.0
2024-07-05 04:10:00+00:00,117.0,117.5,116.5,117.0,133280,0.0,0.0
2024-07-05 04:15:00+00:00,117.0,117.0,117.0,117.0,35154,0.0,0.0
2024-07-05 04:20:00+00:00,117.0,117.0,116.5,116.5,20370,0.0,0.0
2024-07-05 04:25:00+00:00,116.5,117.0,116.5,117.0,14780,0.0,0.0
2024-07-05 04:30:00+00:00,117.0,117.5,117.0,117.0,54307,0.0,0.0
2024-07-05 04:35:00+00:00,117.5,117.5,117.0,117.0,23210,0.0,0.0
2024-07-05 04:40:00+00:00,117.0,117.5,117.0,117.5,19870,0.0,0.0
2024-07-05 04:45:00+00:00,117.0,117.5,117.0,117.0,16207,0.0,0.0
2024-07-05 04:50:00+00:00,117.0,117.5,117.0,117.5,51050,0.0,0.0
2024-07-05 04:55:00+00:00,117.5,117.5,117.0,117.5,46506,0.0,0.0
2024-07-05 05:00:00+00:00,117.5,117.5,117.0,117.5,42955,0.0,0.0
2024-07-05 05:05:00+00:00,117.0,117.5,117.0,117.0,122140,0.0,0.0
2024-07-05 05:10:00+00:00,117.0,117.5,117.0,117.5,56764,0.0,0.0
2024-07-05 05:15:00+00:00,117.5,117.5,117.0,117.0,54784,0.0,0.0
2024-07-05 05:20:00+00:00,117.5,117.5,117.0,117.0,176091,0.0,0.0
2024-07-08 01:00:00+00:00,118.0,118.0,116.0,116.0,0,0.0,0.0
2024-07-08 01:05:00+00:00,116.0,116.5,114.0,115.5,372000,0.0,0.0
2024-07-08 01:10:00+00:00,115.0,115.0,114.5,114.5,205477,0.0,0.0
2024-07-08 01:15:00+00:00,115.0,115.5,113.0,113.5,417413,0.0,0.0
2024-07-08 01:20:00+00:00,113.5,114.0,112.5,112.5,330672,0.0,0.0
2024-07-08 01:25:00+00:00,112.5,113.5,112.0,112.5,332312,0.0,0.0
2024-07-08 01:30:00+00:00,112.5,113.0,112.0,112.5,247145,0.0,0.0
2024-07-08 01:35:00+00:00,112.5,113.0,112.0,113.0,181955,0.0,0.0
2024-07-08 01:40:00+00:00,113.0,113.5,112.5,113.0,88846,0.0,0.0
2024-07-08 01:45:00+00:00,113.0,114.0,113.0,113.5,36288,0.0,0.0
2024-07-08 01:50:00+00:00,113.5,113.5,113.0,113.0,57120,0.0,0.0
2024-07-08 01:55:00+00:00,113.0,113.5,113.0,113.0,23470,0.0,0.0
2024-07-08 02:00:00+00:00,113.5,114.0,113.0,113.0,47779,0.0,0.0
2024-07-08 02:05:00+00:00,113.0,113.5,113.0,113.5,25275,0.0,0.0
2024-07-08 02:10:00+00:00,113.5,113.5,113.5,113.5,5520,0.0,0.0
2024-07-08 02:15:00+00:00,113.5,113.5,113.0,113.5,101000,0.0,0.0
2024-07-08 02:20:00+00:00,113.0,113.5,113.0,113.5,72210,0.0,0.0
2024-07-08 02:25:00+00:00,114.0,114.0,114.0,114.0,57000,0.0,0.0
2024-07-08 02:30:00+00:00,113.5,114.0,113.5,114.0,10259,0.0,0.0
2024-07-08 02:35:00+00:00,114.0,114.0,114.0,114.0,28060,0.0,0.0
2024-07-08 02:40:00+00:00,114.0,114.5,114.0,114.0,21050,0.0,0.0
2024-07-08 02:45:00+00:00,114.0,114.5,114.0,114.5,35008,0.0,0.0
2024-07-08 02:50:00+00:00,114.5,114.5,114.0,114.0,20185,0.0,0.0
2024-07-08 02:55:00+00:00,114.0,114.0,113.5,113.5,60693,0.0,0.0
2024-07-08 03:00:00+00:00,113.5,114.0,113.5,113.5,14253,0.0,0.0
2024-07-08 03:05:00+00:00,113.5,113.5,113.5,113.5,50344,0.0,0.0
2024-07-08 03:10:00+00:00,113.5,113.5,113.0,113.5,10300,0.0,0.0
2024-07-08 03:15:00+00:00,113.5,113.5,113.0,113.0,22037,0.0,0.0
2024-07-08 03:20:00+00:00,113.0,113.5,113.0,113.0,29834,0.0,0.0
2024-07-08 03:25:00+00:00,113.5,113.5,113.0,113.0,9031,0.0,0.0
2024-07-08 03:30:00+00:00,113.0,113.0,112.5,113.0,218480,0.0,0.0
2024-07-08 03:35:00+00:00,112.5,113.0,112.5,113.0,15638,0.0,0.0
2024-07-08 03:40:00+00:00,112.5,112.5,112.0,112.0,71367,0.0,0.0
2024-07-08 03:45:00+00:00,112.5,112.5,112.0,112.0,52028,0.0,0.0
2024-07-08 03:50:00+00:00,112.0,112.5,112.0,112.0,116645,0.0,0.0
2024-07-08 03:55:00+00:00,112.5,112.5,112.0,112.5,22300,0.0,0.0
2024-07-08 04:00:00+00:00,112.5,112.5,112.0,112.5,9200,0.0,0.0
2024-07-08 04:05:00+00:00,112.0,112.5,111.5,112.0,356281,0.0,0.0
2024-07-08 04:10:00+00:00,112.0,112.0,111.5,111.5,29990,0.0,0.0
2024-07-08 04:15:00+00:00,111.5,112.5,111.5,112.5,140170,0.0,0.0
2024-07-08 04:20:00+00:00,112.5,113.0,112.5,112.5,7629,0.0,0.0
2024-07-08 04:25:00+00:00,112.5,112.5,112.0,112.0,42009,0.0,0.0
2024-07-08 04:30:00+00:00,112.0,112.5,112.0,112.0,56692,0.0,0.0
2024-07-08 04:35:00+00:00,112.0,112.5,112.0,112.0,13430,0.0,0.0
2024-07-08 04:40:00+00:00,112.0,112.5,112.0,112.0,35959,0.0,0.0
2024-07-08 04:45:00+00:00,112.0,112.5,112.0,112.5,34738,0.0,0.0
2024-07-08 04:50:00+00:00,112.0,112.5,112.0,112.0,37450,0.0,0.0
2024-07-08 04:55:00+00:00,112.0,113.0,112.0,112.5,138060,0.0,0.0
2024-07-08 05:00:00+00:00,112.5,112.5,112.0,112.0,84133,0.0,0.0
2024-07-08 05:05:00+00:00,112.0,112.0,111.5,111.5,73837,0.0,0.0
2024-07-08 05:10:00+00:00,112.0,112.0,111.5,111.5,78850,0.0,0.0
2024-07-08 05:15:00+00:00,111.5,112.0,111.5,111.5,110303,0.0,0.0
2024-07-08 05:20:00+00:00,111.5,112.0,111.0,111.0,118877,0.0,0.0
2024-07-09 01:00:00+00:00,110.0,111.0,110.0,110.5,175000,0.0,0.0
2024-07-09 01:05:00+00:00,110.5,111.0,110.0,110.5,42000,0.0,0.0
2024-07-09 01:10:00+00:00,109.0,110.5,109.0,110.0,210302,0.0,0.0
2024-07-09 01:15:00+00:00,109.5,110.0,109.5,109.5,55529,0.0,0.0
2024-07-09 01:20:00+00:00,109.5,110.0,109.5,109.5,20974,0.0,0.0
2024-07-09 01:25:00+00:00,110.0,111.0,110.0,111.0,114658,0.0,0.0
2024-07-09 01:30:00+00:00,111.0,112.0,110.5,111.5,284340,0.0,0.0
2024-07-09 01:35:00+00:00,111.5,111.5,110.5,110.5,41200,0.0,0.0
2024-07-09 01:40:00+00:00,110.5,111.0,110.5,111.0,58250,0.0,0.0
2024-07-09 01:45:00+00:00,111.0,111.0,110.0,110.0,39787,0.0,0.0
2024-07-09 01:50:00+00:00,110.0,110.5,109.5,110.0,214135,0.0,0.0
2024-07-09 01:55:00+00:00,110.0,110.0,109.0,109.0,209694,0.0,0.0
2024-07-09 02:00:00+00:00,109.5,110.0,109.0,109.0,43380,0.0,0.0
2024-07-09 02:05:00+00:00,109.0,109.0,108.5,108.5,235272,0.0,0.0
2024-07-09 02:10:00+00:00,109.0,110.0,108.5,110.0,70428,0.0,0.0
2024-07-09 02:15:00+00:00,110.0,111.0,110.0,110.5,130560,0.0,0.0
2024-07-09 02:20:00+00:00,110.5,110.5,109.5,110.0,31554,0.0,0.0
2024-07-09 02:25:00+00:00,110.5,110.5,109.5,109.5,22000,0.0,0.0
2024-07-09 02:30:00+00:00,109.5,110.5,109.5,110.0,38080,0.0,0.0
2024-07-09 02:35:00+00:00,110.0,110.0,109.5,109.5,36150,0.0,0.0
2024-07-09 02:40:00+00:00,109.5,109.5,109.0,109.5,38303,0.0,0.0
2024-07-09 02:45:00+00:00,109.5,109.5,108.5,109.0,115142,0.0,0.0
2024-07-09 02:50:00+00:00,109.0,109.0,109.0,109.0,6507,0.0,0.0
2024-07-09 02:55:00+00:00,109.5,109.5,109.0,109.0,47010,0.0,0.0
2024-07-09 03:00:00+00:00,109.0,109.5,109.0,109.5,14000,0.0,0.0
2024-07-09 03:05:00+00:00,109.5,109.5,109.0,109.0,28482,0.0,0.0
2024-07-09 03:10:00+00:00,109.0,109.0,108.5,108.5,48288,0.0,0.0
2024-07-09 03:15:00+00:00,108.5,109.0,108.5,109.0,40100,0.0,0.0
2024-07-09 03:20:00+00:00,108.5,109.0,108.5,108.5,8214,0.0,0.0
2024-07-09 03:25:00+00:00,108.5,109.0,108.5,108.5,14045,0.0,0.0
2024-07-09 03:30:00+00:00,108.5,109.0,108.5,108.5,17574,0.0,0.0
2024-07-09 03:35:00+00:00,109.0,109.0,108.5,109.0,3190,0.0,0.0
2024-07-09 03:40:00+00:00,109.0,109.0,109.0,109.0,22327,0.0,0.0
2024-07-09 03:45:00+00:00,109.0,109.5,109.0,109.0,7000,0.0,0.0
2024-07-09 03:50:00+00:00,109.0,109.0,109.0,109.0,26100,0.0,0.0
2024-07-09 03:55:00+00:00,109.0,109.0,109.0,109.0,6058,0.0,0.0
2024-07-09 04:00:00+00:00,109.0,109.5,109.0,109.0,8000,0.0,0.0
2024-07-09 04:05:00+00:00,109.0,109.0,108.5,108.5,20522,0.0,0.0
2024-07-09 04:10:00+00:00,109.0,109.0,108.5,108.5,16330,0.0,0.0
2024-07-09 04:15:00+00:00,109.0,109.0,108.5,108.5,19420,0.0,0.0
2024-07-09 04:20:00+00:00,108.5,109.0,108.5,108.5,20130,0.0,0.0
2024-07-09 04:25:00+00:00,108.5,109.0,108.5,109.0,25660,0.0,0.0
2024-07-09 04:30:00+00:00,109.0,109.5,109.0,109.5,69440,0.0,0.0
2024-07-09 04:35:00+00:00,109.0,109.5,109.0,109.5,17264,0.0,0.0
2024-07-09 04:40:00+00:00,109.0,109.5,109.0,109.0,17400,0.0,0.0
2024-07-09 04:45:00+00:00,109.0,110.0,109.0,109.5,77878,0.0,0.0
2024-07-09 04:50:00+00:00,110.0,110.5,110.0,110.0,37370,0.0,0.0
2024-07-09 04:55:00+00:00,110.5,110.5,110.0,110.5,8110,0.0,0.0
2024-07-09 05:00:00+00:00,110.5,110.5,110.0,110.0,12100,0.0,0.0
2024-07-09 05:05:00+00:00,110.5,110.5,110.0,110.0,20240,0.0,0.0
2024-07-09 05:10:00+00:00,110.0,110.5,110.0,110.0,31178,0.0,0.0
2024-07-09 05:15:00+00:00,110.5,110.5,110.0,110.0,49550,0.0,0.0
2024-07-09 05:20:00+00:00,110.0,110.5,110.0,110.5,95577,0.0,0.0
2024-07-10 01:00:00+00:00,110.5,111.5,109.5,109.5,0,0.0,0.0
2024-07-10 01:05:00+00:00,109.5,109.5,109.5,109.5,50000,0.0,0.0
2024-07-10 01:10:00+00:00,110.0,110.0,109.5,110.0,110527,0.0,0.0
2024-07-10 01:15:00+00:00,110.0,110.5,110.0,110.5,39088,0.0,0.0
2024-07-10 01:20:00+00:00,110.5,111.0,110.5,110.5,35434,0.0,0.0
2024-07-10 01:25:00+00:00,110.5,110.5,110.0,110.5,87000,0.0,0.0
2024-07-10 01:30:00+00:00,110.0,112.5,110.0,112.5,181350,0.0,0.0
2024-07-10 01:35:00+00:00,112.5,113.5,112.0,113.0,310628,0.0,0.0
2024-07-10 01:40:00+00:00,113.0,113.0,112.5,112.5,49217,0.0,0.0
2024-07-10 01:45:00+00:00,112.5,113.0,112.0,112.5,48330,0.0,0.0
2024-07-10 01:50:00+00:00,112.5,112.5,112.0,112.5,20086,0.0,0.0
2024-07-10 01:55:00+00:00,112.5,112.5,112.0,112.0,23200,0.0,0.0
2024-07-10 02:00:00+00:00,112.0,112.0,111.5,111.5,74684,0.0,0.0
2024-07-10 02:05:00+00:00,111.5,112.0,111.5,111.5,18208,0.0,0.0
2024-07-10 02:10:00+00:00,111.5,112.0,111.5,112.0,10050,0.0,0.0
2024-07-10 02:15:00+00:00,112.0,112.0,111.5,112.0,14030,0.0,0.0
2024-07-10 02:20:00+00:00,112.0,112.0,111.5,112.0,73025,0.0,0.0
2024-07-10 02:25:00+00:00,111.5,111.5,111.0,111.5,78026,0.0,0.0
2024-07-10 02:30:00+00:00,111.5,111.5,111.0,111.0,20109,0.0,0.0
2024-07-10 02:35:00+00:00,111.0,111.5,111.0,111.0,16225,0.0,0.0
2024-07-10 02:40:00+00:00,111.0,111.5,111.0,111.5,6804,0.0,0.0
2024-07-10 02:45:00+00:00,111.5,111.5,111.5,111.5,13213,0.0,0.0
2024-07-10 02:50:00+00:00,111.5,111.5,111.0,111.5,16050,0.0,0.0
2024-07-10 02:55:00+00:00,111.0,111.5,111.0,111.0,17021,0.0,0.0
2024-07-10 03:00:00+00:00,111.0,111.5,111.0,111.5,14020,0.0,0.0
2024-07-10 03:05:00+00:00,111.5,111.5,111.0,111.0,25407,0.0,0.0
2024-07-10 03:10:00+00:00,111.0,111.0,110.5,110.5,64690,0.0,0.0
2024-07-10 03:15:00+00:00,110.5,111.0,110.0,110.5,89500,0.0,0.0
2024-07-10 03:20:00+00:00,110.0,110.0,110.0,110.0,12009,0.0,0.0
2024-07-10 03:25:00+00:00,110.0,110.5,110.0,110.5,42080,0.0,0.0
2024-07-10 03:30:00+00:00,110.5,110.5,110.5,110.5,9000,0.0,0.0
2024-07-10 03:35:00+00:00,110.5,110.5,110.0,110.5,39000,0.0,0.0
2024-07-10 03:40:00+00:00,110.5,110.5,110.5,110.5,10200,0.0,0.0
2024-07-10 03:45:00+00:00,110.5,110.5,110.5,110.5,4659,0.0,0.0
2024-07-10 03:50:00+00:00,110.5,110.5,110.0,110.0,7500,0.0,0.0
2024-07-10 03:55:00+00:00,110.0,110.5,110.0,110.5,15320,0.0,0.0
2024-07-10 04:00:00+00:00,110.0,110.5,110.0,110.5,5001,0.0,0.0
2024-07-10 04:05:00+00:00,110.0,110.5,110.0,110.5,16100,0.0,0.0
2024-07-10 04:10:00+00:00,110.0,110.0,109.5,110.0,174193,0.0,0.0
2024-07-10 04:15:00+00:00,109.5,110.0,109.5,109.5,17000,0.0,0.0
2024-07-10 04:20:00+00:00,109.5,109.5,109.5,109.5,16160,0.0,0.0
2024-07-10 04:25:00+00:00,109.5,110.0,109.5,110.0,13002,0.0,0.0
2024-07-10 04:30:00+00:00,110.0,110.0,109.5,109.5,26690,0.0,0.0
2024-07-10 04:35:00+00:00,109.5,109.5,109.5,109.5,2050,0.0,0.0
2024-07-10 04:40:00+00:00,110.0,110.0,110.0,110.0,91514,0.0,0.0
2024-07-10 04:45:00+00:00,110.5,110.5,110.0,110.5,13000,0.0,0.0
2024-07-10 04:50:00+00:00,110.5,110.5,110.0,110.0,25110,0.0,0.0
2024-07-10 04:55:00+00:00,110.0,110.0,110.0,110.0,8400,0.0,0.0
2024-07-10 05:00:00+00:00,110.0,110.5,110.0,110.5,22720,0.0,0.0
2024-07-10 05:05:00+00:00,110.5,110.5,110.0,110.0,22045,0.0,0.0
2024-07-10 05:10:00+00:00,110.0,110.5,110.0,110.0,52425,0.0,0.0
2024-07-10 05:15:00+00:00,110.0,110.0,109.5,110.0,90737,0.0,0.0
2024-07-10 05:20:00+00:00,110.0,110.0,109.5,110.0,143179,0.0,0.0
2024-07-11 01:00:00+00:00,110.5,113.5,110.5,113.0,0,0.0,0.0
2024-07-11 01:05:00+00:00,113.0,114.5,112.5,113.0,342000,0.0,0.0
2024-07-11 01:10:00+00:00,113.0,113.0,112.5,113.0,72041,0.0,0.0
2024-07-11 01:15:00+00:00,113.0,113.0,112.5,113.0,76601,0.0,0.0
2024-07-11 01:20:00+00:00,112.5,112.5,112.5,112.5,28153,0.0,0.0
2024-07-11 01:25:00+00:00,112.5,114.0,112.5,113.5,161284,0.0,0.0
2024-07-11 01:30:00+00:00,113.5,114.5,113.5,114.0,342999,0.0,0.0
2024-07-11 01:35:00+00:00,114.0,114.0,113.5,113.5,32360,0.0,0.0
2024-07-11 01:40:00+00:00,113.5,115.0,113.5,115.0,668748,0.0,0.0
2024-07-11 01:45:00+00:00,115.0,115.0,114.0,114.0,107834,0.0,0.0
2024-07-11 01:50:00+00:00,114.0,114.5,114.0,114.5,62081,0.0,0.0
2024-07-11 01:55:00+00:00,114.0,114.5,114.0,114.0,28006,0.0,0.0
2024-07-11 02:00:00+00:00,114.5,115.5,114.0,115.0,384958,0.0,0.0
2024-07-11 02:05:00+00:00,115.0,115.0,114.0,114.5,130391,0.0,0.0
2024-07-11 02:10:00+00:00,114.0,114.5,114.0,114.5,25239,0.0,0.0
2024-07-11 02:15:00+00:00,114.5,114.5,114.0,114.0,12035,0.0,0.0
2024-07-11 02:20:00+00:00,114.0,114.5,114.0,114.0,28000,0.0,0.0
2024-07-11 02:25:00+00:00,114.0,114.0,114.0,114.0,14249,0.0,0.0
2024-07-11 02:30:00+00:00,114.0,114.0,113.5,113.5,30826,0.0,0.0
2024-07-11 02:35:00+00:00,113.5,114.0,113.5,113.5,10817,0.0,0.0
2024-07-11 02:40:00+00:00,113.5,113.5,113.0,113.0,58582,0.0,0.0
2024-07-11 02:45:00+00:00,113.0,113.5,113.0,113.0,17306,0.0,0.0
2024-07-11 02:50:00+00:00,113.0,113.0,113.0,113.0,17100,0.0,0.0
2024-07-11 02:55:00+00:00,113.0,113.5,113.0,113.5,4200,0.0,0.0
2024-07-11 03:00:00+00:00,113.0,113.0,113.0,113.0,14224,0.0,0.0
2024-07-11 03:05:00+00:00,113.0,113.5,113.0,113.0,10506,0.0,0.0
2024-07-11 03:10:00+00:00,113.0,113.0,113.0,113.0,20210,0.0,0.0
2024-07-11 03:15:00+00:00,113.0,113.0,113.0,113.0,8189,0.0,0.0
2024-07-11 03:20:00+00:00,112.5,113.0,112.5,113.0,12615,0.0,0.0
2024-07-11 03:25:00+00:00,113.0,113.0,112.5,112.5,19020,0.0,0.0
2024-07-11 03:30:00+00:00,112.5,112.5,112.5,112.5,13060,0.0,0.0
2024-07-11 03:35:00+00:00,113.0,113.0,113.0,113.0,7020,0.0,0.0
2024-07-11 03:40:00+00:00,113.0,113.0,112.5,112.5,67124,0.0,0.0
2024-07-11 03:45:00+00:00,112.5,112.5,112.5,112.5,12090,0.0,0.0
2024-07-11 03:50:00+00:00,112.5,112.5,112.5,112.5,2019,0.0,0.0
2024-07-11 03:55:00+00:00,112.5,112.5,112.5,112.5,5080,0.0,0.0
2024-07-11 04:05:00+00:00,112.5,112.5,112.0,112.0,58200,0.0,0.0
2024-07-11 04:10:00+00:00,112.0,112.0,112.0,112.0,16566,0.0,0.0
2024-07-11 04:15:00+00:00,112.0,112.5,112.0,112.5,37279,0.0,0.0
2024-07-11 04:20:00+00:00,112.0,112.0,112.0,112.0,9020,0.0,0.0
2024-07-11 04:25:00+00:00,112.0,112.5,112.0,112.0,20401,0.0,0.0
2024-07-11 04:30:00+00:00,112.0,112.5,112.0,112.5,14035,0.0,0.0
2024-07-11 04:35:00+00:00,112.5,112.5,112.5,112.5,57000,0.0,0.0
2024-07-11 04:40:00+00:00,112.5,112.5,112.0,112.0,10151,0.0,0.0
2024-07-11 04:45:00+00:00,112.0,112.5,112.0,112.5,6594,0.0,0.0
2024-07-11 04:50:00+00:00,112.0,112.5,111.5,112.0,106110,0.0,0.0
2024-07-11 04:55:00+00:00,111.5,112.0,111.5,111.5,26118,0.0,0.0
2024-07-11 05:00:00+00:00,111.5,112.0,111.5,112.0,44000,0.0,0.0
2024-07-11 05:05:00+00:00,112.0,112.0,111.5,111.5,17300,0.0,0.0
2024-07-11 05:10:00+00:00,111.5,112.0,111.5,112.0,45000,0.0,0.0
2024-07-11 05:15:00+00:00,111.5,111.5,111.5,111.5,83207,0.0,0.0
2024-07-11 05:20:00+00:00,111.5,112.5,111.5,111.5,121186,0.0,0.0
2024-07-12 01:00:00+00:00,111.0,111.0,109.0,109.5,0,0.0,0.0
2024-07-12 01:05:00+00:00,109.5,109.5,109.0,109.5,154469,0.0,0.0
2024-07-12 01:10:00+00:00,109.5,110.0,109.5,110.0,55376,0.0,0.0
2024-07-12 01:15:00+00:00,110.0,110.0,109.5,109.5,60864,0.0,0.0
2024-07-12 01:20:00+00:00,109.5,109.5,108.5,108.5,307200,0.0,0.0
2024-07-12 01:25:00+00:00,108.5,109.0,107.0,108.0,501149,0.0,0.0
2024-07-12 01:30:00+00:00,108.0,109.0,108.0,108.5,118638,0.0,0.0
2024-07-12 01:35:00+00:00,108.5,109.0,108.0,108.5,108500,0.0,0.0
2024-07-12 01:40:00+00:00,108.5,109.5,108.5,109.5,78225,0.0,0.0
2024-07-12 01:45:00+00:00,109.0,109.0,109.0,109.0,36989,0.0,0.0
2024-07-12 01:50:00+00:00,109.0,109.0,109.0,109.0,3200,0.0,0.0
2024-07-12 01:55:00+00:00,109.0,109.0,108.5,109.0,31675,0.0,0.0
2024-07-12 02:00:00+00:00,108.5,108.5,107.5,108.0,190523,0.0,0.0
2024-07-12 02:05:00+00:00,108.0,108.0,108.0,108.0,68650,0.0,0.0
2024-07-12 02:10:00+00:00,108.0,108.5,108.0,108.5,44818,0.0,0.0
2024-07-12 02:15:00+00:00,108.5,109.0,108.5,108.5,79550,0.0,0.0
2024-07-12 02:20:00+00:00,109.0,111.0,108.5,111.0,273524,0.0,0.0
2024-07-12 02:25:00+00:00,111.0,112.0,111.0,111.5,314668,0.0,0.0
2024-07-12 02:30:00+00:00,112.0,112.0,111.5,111.5,112343,0.0,0.0
2024-07-12 02:35:00+00:00,111.5,111.5,111.0,111.0,60335,0.0,0.0
2024-07-12 02:40:00+00:00,111.0,111.5,111.0,111.0,37500,0.0,0.0
2024-07-12 02:45:00+00:00,111.5,112.0,111.0,111.0,33100,0.0,0.0
2024-07-12 02:50:00+00:00,111.0,111.0,110.5,110.5,19000,0.0,0.0
2024-07-12 02:55:00+00:00,110.5,111.0,110.5,111.0,24574,0.0,0.0
2024-07-12 03:00:00+00:00,111.0,111.5,111.0,111.5,10034,0.0,0.0
2024-07-12 03:05:00+00:00,111.5,112.0,111.5,112.0,25040,0.0,0.0
2024-07-12 03:10:00+00:00,112.0,112.5,111.5,112.0,151107,0.0,0.0
2024-07-12 03:15:00+00:00,112.5,112.5,112.0,112.0,119060,0.0,0.0
2024-07-12 03:20:00+00:00,112.0,113.0,112.0,112.5,133222,0.0,0.0
2024-07-12 03:25:00+00:00,112.5,113.0,112.5,113.0,73604,0.0,0.0
2024-07-12 03:30:00+00:00,113.0,113.0,112.5,112.5,34252,0.0,0.0
2024-07-12 03:35:00+00:00,112.5,113.0,112.5,112.5,45270,0.0,0.0
2024-07-12 03:40:00+00:00,112.5,113.5,112.5,113.0,85001,0.0,0.0
2024-07-12 03:45:00+00:00,113.0,113.5,113.0,113.0,44009,0.0,0.0
2024-07-12 03:50:00+00:00,113.0,113.0,112.5,112.5,10326,0.0,0.0
2024-07-12 03:55:00+00:00,113.0,113.0,113.0,113.0,14180,0.0,0.0
2024-07-12 04:00:00+00:00,113.0,113.0,113.0,113.0,40000,0.0,0.0
2024-07-12 04:05:00+00:00,112.5,113.0,112.5,112.5,21000,0.0,0.0
2024-07-12 04:10:00+00:00,112.5,113.0,112.5,113.0,11600,0.0,0.0
2024-07-12 04:15:00+00:00,113.0,113.0,112.0,112.0,2000,0.0,0.0
2024-07-12 04:20:00+00:00,112.0,112.0,112.0,112.0,4000,0.0,0.0
2024-07-12 04:25:00+00:00,112.0,112.0,112.0,112.0,18973,0.0,0.0
2024-07-12 04:30:00+00:00,112.0,112.0,112.0,112.0,19000,0.0,0.0
2024-07-12 04:35:00+00:00,112.0,112.0,111.5,112.0,41402,0.0,0.0
2024-07-12 04:40:00+00:00,112.0,112.0,112.0,112.0,4000,0.0,0.0
2024-07-12 04:45:00+00:00,111.5,112.0,111.5,111.5,17009,0.0,0.0
2024-07-12 04:50:00+00:00,111.5,111.5,111.5,111.5,23523,0.0,0.0
2024-07-12 04:55:00+00:00,111.5,111.5,111.5,111.5,18061,0.0,0.0
2024-07-12 05:00:00+00:00,111.5,111.5,111.5,111.5,9000,0.0,0.0
2024-07-12 05:05:00+00:00,112.0,112.0,111.5,111.5,42047,0.0,0.0
2024-07-12 05:10:00+00:00,111.5,111.5,111.0,111.0,44450,0.0,0.0
2024-07-12 05:15:00+00:00,111.0,111.5,111.0,111.0,47850,0.0,0.0
2024-07-12 05:20:00+00:00,111.0,111.5,111.0,111.0,45252,0.0,0.0
2024-07-15 01:00:00+00:00,113.0,114.5,111.5,114.0,0,0.0,0.0
2024-07-15 01:05:00+00:00,114.0,114.0,113.0,113.0,131100,0.0,0.0
2024-07-15 01:10:00+00:00,113.0,113.0,112.5,112.5,59906,0.0,0.0
2024-07-15 01:15:00+00:00,113.0,113.0,111.0,111.5,140462,0.0,0.0
2024-07-15 01:20:00+00:00,111.5,111.5,111.0,111.5,60005,0.0,0.0
2024-07-15 01:25:00+00:00,111.5,111.5,110.5,111.0,91467,0.0,0.0
2024-07-15 01:30:00+00:00,111.5,112.5,111.5,112.5,69261,0.0,0.0
2024-07-15 01:35:00+00:00,112.5,113.0,112.5,112.5,43055,0.0,0.0
2024-07-15 01:40:00+00:00,112.5,112.5,112.5,112.5,26009,0.0,0.0
2024-07-15 01:45:00+00:00,112.5,112.5,112.0,112.0,8265,0.0,0.0
2024-07-15 01:50:00+00:00,112.0,112.0,112.0,112.0,47519,0.0,0.0
2024-07-15 01:55:00+00:00,112.0,112.5,112.0,112.5,51000,0.0,0.0
2024-07-15 02:00:00+00:00,113.0,113.0,113.0,113.0,11050,0.0,0.0
2024-07-15 02:05:00+00:00,112.5,113.0,112.0,112.0,29027,0.0,0.0
2024-07-15 02:10:00+00:00,112.0,112.0,111.5,112.0,53269,0.0,0.0
2024-07-15 02:15:00+00:00,112.0,112.0,112.0,112.0,9040,0.0,0.0
2024-07-15 02:20:00+00:00,112.0,112.0,112.0,112.0,5000,0.0,0.0
2024-07-15 02:25:00+00:00,112.0,112.0,112.0,112.0,6000,0.0,0.0
2024-07-15 02:30:00+00:00,112.0,112.0,111.5,112.0,8000,0.0,0.0
2024-07-15 02:35:00+00:00,112.0,112.0,112.0,112.0,3000,0.0,0.0
2024-07-15 02:40:00+00:00,112.0,112.0,111.5,111.5,55014,0.0,0.0
2024-07-15 02:45:00+00:00,111.5,112.0,111.5,112.0,35000,0.0,0.0
2024-07-15 02:50:00+00:00,112.5,112.5,112.0,112.0,19000,0.0,0.0
2024-07-15 02:55:00+00:00,112.0,112.0,112.0,112.0,3345,0.0,0.0
2024-07-15 03:00:00+00:00,112.0,112.0,112.0,112.0,1000,0.0,0.0
2024-07-15 03:05:00+00:00,112.0,112.0,111.5,111.5,46181,0.0,0.0
2024-07-15 03:10:00+00:00,111.5,111.5,111.5,111.5,11000,0.0,0.0
2024-07-15 03:15:00+00:00,111.5,111.5,111.5,111.5,6100,0.0,0.0
2024-07-15 03:20:00+00:00,111.5,111.5,111.0,111.5,27000,0.0,0.0
2024-07-15 03:25:00+00:00,111.5,112.0,111.5,111.5,6100,0.0,0.0
2024-07-15 03:30:00+00:00,112.0,112.0,111.5,112.0,22020,0.0,0.0
2024-07-15 03:35:00+00:00,112.0,112.0,112.0,112.0,3000,0.0,0.0
2024-07-15 03:40:00+00:00,112.0,112.0,111.5,112.0,7000,0.0,0.0
2024-07-15 03:45:00+00:00,111.5,112.0,111.5,112.0,4342,0.0,0.0
2024-07-15 03:50:00+00:00,111.5,111.5,111.5,111.5,8379,0.0,0.0
2024-07-15 03:55:00+00:00,111.5,111.5,111.5,111.5,1000,0.0,0.0
2024-07-15 04:00:00+00:00,111.5,112.0,111.5,112.0,6000,0.0,0.0
2024-07-15 04:05:00+00:00,111.5,111.5,111.0,111.5,59400,0.0,0.0
2024-07-15 04:10:00+00:00,111.5,111.5,111.5,111.5,6020,0.0,0.0
2024-07-15 04:15:00+00:00,112.0,112.0,111.0,111.5,19000,0.0,0.0
2024-07-15 04:20:00+00:00,111.0,111.5,111.0,111.5,4045,0.0,0.0
2024-07-15 04:25:00+00:00,111.0,111.5,111.0,111.0,6568,0.0,0.0
2024-07-15 04:30:00+00:00,111.0,111.5,111.0,111.0,11000,0.0,0.0
2024-07-15 04:35:00+00:00,111.5,111.5,111.0,111.5,14050,0.0,0.0
2024-07-15 04:40:00+00:00,111.5,111.5,111.0,111.5,6200,0.0,0.0
2024-07-15 04:45:00+00:00,111.5,111.5,111.0,111.0,16310,0.0,0.0
2024-07-15 04:50:00+00:00,111.0,111.5,111.0,111.5,8250,0.0,0.0
2024-07-15 04:55:00+00:00,111.5,111.5,111.0,111.5,11074,0.0,0.0
2024-07-15 05:00:00+00:00,111.5,111.5,111.0,111.0,25245,0.0,0.0
2024-07-15 05:05:00+00:00,111.0,111.5,111.0,111.0,12402,0.0,0.0
2024-07-15 05:10:00+00:00,111.5,111.5,111.0,111.5,50000,0.0,0.0
2024-07-15 05:15:00+00:00,111.5,111.5,111.0,111.5,56925,0.0,0.0
2024-07-15 05:20:00+00:00,111.5,111.5,111.0,111.0,108590,0.0,0.0
2024-07-16 01:00:00+00:00,111.5,112.0,111.5,111.5,0,0.0,0.0
2024-07-16 01:05:00+00:00,112.0,112.0,111.0,111.0,19000,0.0,0.0
2024-07-16 01:10:00+00:00,111.5,111.5,111.5,111.5,12267,0.0,0.0
2024-07-16 01:15:00+00:00,111.5,111.5,111.0,111.0,20023,0.0,0.0
2024-07-16 01:20:00+00:00,111.0,111.5,111.0,111.5,19200,0.0,0.0
2024-07-16 01:25:00+00:00,111.5,111.5,111.0,111.0,13529,0.0,0.0
2024-07-16 01:30:00+00:00,111.5,111.5,110.0,110.5,96004,0.0,0.0
2024-07-16 01:35:00+00:00,110.5,111.0,110.5,111.0,29000,0.0,0.0
2024-07-16 01:40:00+00:00,111.0,111.0,110.5,110.5,13161,0.0,0.0
2024-07-16 01:45:00+00:00,110.5,111.0,110.5,110.5,41001,0.0,0.0
2024-07-16 01:50:00+00:00,110.5,110.5,110.5,110.5,28858,0.0,0.0
2024-07-16 01:55:00+00:00,110.5,110.5,109.5,109.5,288505,0.0,0.0
2024-07-16 02:00:00+00:00,109.5,110.0,109.5,110.0,29407,0.0,0.0
2024-07-16 02:05:00+00:00,110.0,110.5,110.0,110.0,7010,0.0,0.0
2024-07-16 02:10:00+00:00,110.5,110.5,110.0,110.0,41033,0.0,0.0
2024-07-16 02:15:00+00:00,110.0,110.5,109.5,110.0,49746,0.0,0.0
2024-07-16 02:20:00+00:00,109.5,109.5,109.0,109.0,119315,0.0,0.0
2024-07-16 02:25:00+00:00,109.0,110.0,109.0,109.0,199010,0.0,0.0
2024-07-16 02:30:00+00:00,109.5,109.5,109.5,109.5,32100,0.0,0.0
2024-07-16 02:35:00+00:00,109.5,109.5,109.5,109.5,29040,0.0,0.0
2024-07-16 02:40:00+00:00,109.5,109.5,109.5,109.5,22523,0.0,0.0
2024-07-16 02:45:00+00:00,109.0,109.5,109.0,109.5,23550,0.0,0.0
2024-07-16 02:50:00+00:00,109.5,109.5,109.0,109.0,5448,0.0,0.0
2024-07-16 02:55:00+00:00,109.0,109.5,109.0,109.5,31010,0.0,0.0
2024-07-16 03:00:00+00:00,109.0,109.5,109.0,109.5,16000,0.0,0.0
2024-07-16 03:05:00+00:00,109.5,109.5,109.0,109.5,7955,0.0,0.0
2024-07-16 03:10:00+00:00,109.0,109.0,108.5,108.5,282902,0.0,0.0
2024-07-16 03:15:00+00:00,108.0,108.5,108.0,108.5,151384,0.0,0.0
2024-07-16 03:20:00+00:00,108.5,108.5,108.5,108.5,36530,0.0,0.0
2024-07-16 03:25:00+00:00,108.5,108.5,108.0,108.5,29250,0.0,0.0
2024-07-16 03:30:00+00:00,108.5,109.0,108.5,109.0,20235,0.0,0.0
2024-07-16 03:35:00+00:00,109.0,109.0,109.0,109.0,5150,0.0,0.0
2024-07-16 03:40:00+00:00,109.0,109.0,108.0,108.0,111719,0.0,0.0
2024-07-16 03:45:00+00:00,108.0,108.5,108.0,108.5,3105,0.0,0.0
2024-07-16 03:50:00+00:00,108.0,108.5,108.0,108.0,19500,0.0,0.0
2024-07-16 03:55:00+00:00,108.0,108.5,108.0,108.5,14500,0.0,0.0
2024-07-16 04:00:00+00:00,108.5,108.5,108.0,108.5,23000,0.0,0.0
2024-07-16 04:05:00+00:00,108.0,108.5,108.0,108.5,108500,0.0,0.0
2024-07-16 04:10:00+00:00,108.5,108.5,108.0,108.5,19608,0.0,0.0
2024-07-16 04:15:00+00:00,108.5,109.0,108.5,108.5,32504,0.0,0.0
2024-07-16 04:20:00+00:00,109.0,109.0,108.5,108.5,6310,0.0,0.0
2024-07-16 04:25:00+00:00,108.5,108.5,108.0,108.0,38006,0.0,0.0
2024-07-16 04:30:00+00:00,108.5,108.5,108.0,108.0,23000,0.0,0.0
2024-07-16 04:35:00+00:00,108.5,108.5,108.0,108.5,8200,0.0,0.0
2024-07-16 04:40:00+00:00,108.5,109.5,108.0,109.5,166605,0.0,0.0
2024-07-16 04:45:00+00:00,109.5,109.5,109.0,109.0,7161,0.0,0.0
2024-07-16 04:50:00+00:00,109.0,109.0,109.0,109.0,34200,0.0,0.0
2024-07-16 04:55:00+00:00,109.0,109.0,109.0,109.0,1000,0.0,0.0
2024-07-16 05:00:00+00:00,109.0,109.0,109.0,109.0,12429,0.0,0.0
2024-07-16 05:05:00+00:00,109.0,109.0,109.0,109.0,28040,0.0,0.0
2024-07-16 05:10:00+00:00,109.0,109.5,108.5,108.5,83220,0.0,0.0
2024-07-16 05:15:00+00:00,108.5,109.0,108.5,109.0,16680,0.0,0.0
2024-07-16 05:20:00+00:00,109.0,109.0,108.0,108.5,182809,0.0,0.0
2024-07-17 01:00:00+00:00,111.0,111.0,110.0,110.5,0,0.0,0.0
2024-07-17 01:05:00+00:00,111.0,112.5,111.0,112.0,425299,0.0,0.0
2024-07-17 01:10:00+00:00,112.0,113.0,111.5,112.0,304669,0.0,0.0
2024-07-17 01:15:00+00:00,112.0,112.0,111.0,112.0,133218,0.0,0.0
2024-07-17 01:20:00+00:00,112.5,112.5,112.0,112.5,122100,0.0,0.0
2024-07-17 01:25:00+00:00,112.5,113.0,112.0,112.0,126140,0.0,0.0
2024-07-17 01:30:00+00:00,112.0,112.5,112.0,112.0,112471,0.0,0.0
2024-07-17 01:35:00+00:00,112.0,112.0,112.0,112.0,18049,0.0,0.0
2024-07-17 01:40:00+00:00,112.0,112.5,111.5,111.5,29714,0.0,0.0
2024-07-17 01:45:00+00:00,111.5,112.0,111.5,111.5,25005,0.0,0.0
2024-07-17 01:50:00+00:00,111.5,111.5,111.5,111.5,17002,0.0,0.0
2024-07-17 01:55:00+00:00,111.5,112.0,111.0,111.0,35090,0.0,0.0
2024-07-17 02:00:00+00:00,111.0,111.5,111.0,111.5,35195,0.0,0.0
2024-07-17 02:05:00+00:00,111.0,111.0,110.5,110.5,32781,0.0,0.0
2024-07-17 02:10:00+00:00,110.5,110.5,110.5,110.5,22000,0.0,0.0
2024-07-17 02:15:00+00:00,110.5,110.5,110.0,110.0,41335,0.0,0.0
2024-07-17 02:20:00+00:00,110.0,110.0,109.5,109.5,83900,0.0,0.0
2024-07-17 02:25:00+00:00,110.0,110.0,109.5,110.0,71317,0.0,0.0
2024-07-17 02:30:00+00:00,109.5,110.0,109.5,110.0,21070,0.0,0.0
2024-07-17 02:35:00+00:00,110.0,110.5,110.0,110.5,3000,0.0,0.0
2024-07-17 02:40:00+00:00,110.5,110.5,110.0,110.0,13000,0.0,0.0
2024-07-17 02:45:00+00:00,110.5,110.5,110.5,110.5,14032,0.0,0.0
2024-07-17 02:50:00+00:00,110.0,110.5,110.0,110.5,12000,0.0,0.0
2024-07-17 02:55:00+00:00,110.5,110.5,110.5,110.5,4000,0.0,0.0
2024-07-17 03:00:00+00:00,110.5,110.5,110.5,110.5,4168,0.0,0.0
2024-07-17 03:05:00+00:00,110.5,110.5,110.0,110.0,5000,0.0,0.0
2024-07-17 03:10:00+00:00,110.0,110.5,110.0,110.5,14000,0.0,0.0
2024-07-17 03:15:00+00:00,110.5,110.5,110.5,110.5,4170,0.0,0.0
2024-07-17 03:20:00+00:00,110.0,110.5,110.0,110.0,77648,0.0,0.0
2024-07-17 03:25:00+00:00,109.5,110.0,109.5,110.0,6555,0.0,0.0
2024-07-17 03:30:00+00:00,109.5,110.0,109.5,110.0,5200,0.0,0.0
2024-07-17 03:35:00+00:00,110.0,110.0,110.0,110.0,28000,0.0,0.0
2024-07-17 03:40:00+00:00,110.0,110.5,110.0,110.5,2000,0.0,0.0
2024-07-17 03:45:00+00:00,110.5,110.5,110.5,110.5,1000,0.0,0.0
2024-07-17 03:50:00+00:00,110.0,110.5,110.0,110.5,4000,0.0,0.0
2024-07-17 03:55:00+00:00,110.5,110.5,110.5,110.5,1000,0.0,0.0
2024-07-17 04:00:00+00:00,110.5,110.5,110.5,110.5,18005,0.0,0.0
2024-07-17 04:05:00+00:00,110.5,110.5,110.0,110.0,11000,0.0,0.0
2024-07-17 04:10:00+00:00,110.0,110.5,110.0,110.5,13300,0.0,0.0
2024-07-17 04:15:00+00:00,110.5,110.5,110.0,110.0,8025,0.0,0.0
2024-07-17 04:20:00+00:00,110.5,110.5,110.0,110.0,5100,0.0,0.0
2024-07-17 04:25:00+00:00,110.0,110.5,110.0,110.5,6250,0.0,0.0
2024-07-17 04:30:00+00:00,110.5,110.5,110.0,110.0,5451,0.0,0.0
2024-07-17 04:35:00+00:00,110.0,110.5,110.0,110.0,13500,0.0,0.0
2024-07-17 04:40:00+00:00,110.0,111.0,110.0,111.0,107050,0.0,0.0
2024-07-17 04:45:00+00:00,111.0,111.0,111.0,111.0,12050,0.0,0.0
2024-07-17 04:50:00+00:00,110.5,110.5,110.5,110.5,42210,0.0,0.0
2024-07-17 04:55:00+00:00,110.5,110.5,110.0,110.0,9006,0.0,0.0
2024-07-17 05:00:00+00:00,110.0,110.5,110.0,110.5,11042,0.0,0.0
2024-07-17 05:05:00+00:00,110.0,110.5,110.0,110.0,13110,0.0,0.0
2024-07-17 05:10:00+00:00,110.0,110.5,110.0,110.0,13100,0.0,0.0
2024-07-17 05:15:00+00:00,110.5,110.5,110.0,110.0,50290,0.0,0.0
2024-07-17 05:20:00+00:00,110.5,110.5,110.0,110.5,88426,0.0,0.0
2024-07-18 01:00:00+00:00,109.5,109.5,107.5,108.0,0,0.0,0.0
2024-07-18 01:05:00+00:00,108.0,109.5,107.5,109.5,129000,0.0,0.0
2024-07-18 01:10:00+00:00,109.5,109.5,109.0,109.0,83095,0.0,0.0
2024-07-18 01:15:00+00:00,109.0,110.0,109.0,109.5,53472,0.0,0.0
2024-07-18 01:20:00+00:00,110.0,110.0,109.5,109.5,54546,0.0,0.0
2024-07-18 01:25:00+00:00,109.5,109.5,109.5,109.5,15605,0.0,0.0
2024-07-18 01:30:00+00:00,109.5,109.5,109.0,109.0,38500,0.0,0.0
2024-07-18 01:35:00+00:00,109.0,109.5,108.5,108.5,55345,0.0,0.0
2024-07-18 01:40:00+00:00,108.5,109.5,108.5,109.0,23140,0.0,0.0
2024-07-18 01:45:00+00:00,109.0,109.0,108.5,109.0,12430,0.0,0.0
2024-07-18 01:50:00+00:00,109.0,109.0,108.5,108.5,21384,0.0,0.0
2024-07-18 01:55:00+00:00,108.5,109.0,108.5,109.0,19747,0.0,0.0
2024-07-18 02:00:00+00:00,109.0,109.0,108.5,109.0,11200,0.0,0.0
2024-07-18 02:05:00+00:00,108.5,108.5,108.0,108.0,69385,0.0,0.0
2024-07-18 02:10:00+00:00,108.0,109.0,108.0,109.0,129760,0.0,0.0
2024-07-18 02:15:00+00:00,108.0,108.5,108.0,108.5,15350,0.0,0.0
2024-07-18 02:20:00+00:00,108.5,108.5,108.0,108.0,26050,0.0,0.0
2024-07-18 02:25:00+00:00,108.0,108.0,107.0,107.5,300132,0.0,0.0
2024-07-18 02:30:00+00:00,107.5,107.5,107.5,107.5,65416,0.0,0.0
2024-07-18 02:35:00+00:00,107.5,108.0,107.5,108.0,54630,0.0,0.0
2024-07-18 02:40:00+00:00,108.0,108.0,108.0,108.0,40291,0.0,0.0
2024-07-18 02:45:00+00:00,108.5,108.5,108.5,108.5,5438,0.0,0.0
2024-07-18 02:50:00+00:00,108.5,108.5,108.0,108.5,31045,0.0,0.0
2024-07-18 02:55:00+00:00,108.5,108.5,108.0,108.0,12016,0.0,0.0
2024-07-18 03:00:00+00:00,108.0,108.5,108.0,108.0,22080,0.0,0.0
2024-07-18 03:05:00+00:00,108.5,108.5,108.5,108.5,6471,0.0,0.0
2024-07-18 03:10:00+00:00,108.5,108.5,108.0,108.5,6100,0.0,0.0
2024-07-18 03:15:00+00:00,108.5,108.5,108.5,108.5,3898,0.0,0.0
2024-07-18 03:20:00+00:00,108.5,108.5,108.0,108.0,16000,0.0,0.0
2024-07-18 03:25:00+00:00,108.0,108.0,108.0,108.0,40000,0.0,0.0
2024-07-18 03:30:00+00:00,108.0,108.0,107.5,107.5,13200,0.0,0.0
2024-07-18 03:35:00+00:00,108.0,108.0,108.0,108.0,44100,0.0,0.0
2024-07-18 03:40:00+00:00,108.0,108.0,108.0,108.0,5200,0.0,0.0
2024-07-18 03:45:00+00:00,108.5,109.5,108.5,109.0,80826,0.0,0.0
2024-07-18 03:50:00+00:00,109.0,109.0,109.0,109.0,1000,0.0,0.0
2024-07-18 03:55:00+00:00,109.0,109.0,108.5,109.0,9119,0.0,0.0
2024-07-18 04:00:00+00:00,109.0,109.0,109.0,109.0,6000,0.0,0.0
2024-07-18 04:05:00+00:00,109.0,109.0,109.0,109.0,11414,0.0,0.0
2024-07-18 04:10:00+00:00,108.5,108.5,108.5,108.5,20001,0.0,0.0
2024-07-18 04:15:00+00:00,108.5,108.5,108.5,108.5,8000,0.0,0.0
2024-07-18 04:20:00+00:00,108.5,108.5,108.5,108.5,5105,0.0,0.0
2024-07-18 04:25:00+00:00,108.5,108.5,108.5,108.5,3162,0.0,0.0
2024-07-18 04:30:00+00:00,108.5,108.5,108.5,108.5,9000,0.0,0.0
2024-07-18 04:35:00+00:00,108.5,108.5,108.5,108.5,3750,0.0,0.0
2024-07-18 04:40:00+00:00,109.0,109.0,108.5,108.5,4000,0.0,0.0
2024-07-18 04:45:00+00:00,108.5,109.0,108.5,109.0,9150,0.0,0.0
2024-07-18 04:50:00+00:00,109.0,109.0,108.5,108.5,11215,0.0,0.0
2024-07-18 04:55:00+00:00,108.5,109.0,108.5,108.5,16000,0.0,0.0
2024-07-18 05:00:00+00:00,108.5,109.5,108.5,109.0,65600,0.0,0.0
2024-07-18 05:05:00+00:00,109.0,109.0,109.0,109.0,20000,0.0,0.0
2024-07-18 05:10:00+00:00,109.0,109.0,108.5,108.5,19212,0.0,0.0
2024-07-18 05:15:00+00:00,108.5,108.5,108.5,108.5,45150,0.0,0.0
2024-07-18 05:20:00+00:00,109.0,109.0,108.5,108.5,33206,0.0,0.0
2024-07-19 01:00:00+00:00,110.0,110.0,109.0,109.5,0,0.0,0.0
2024-07-19 01:05:00+00:00,109.0,109.0,108.5,108.5,57059,0.0,0.0
2024-07-19 01:10:00+00:00,108.5,109.0,108.5,109.0,52127,0.0,0.0
2024-07-19 01:15:00+00:00,109.0,109.0,109.0,109.0,5010,0.0,0.0
2024-07-19 01:20:00+00:00,109.0,109.0,108.5,109.0,43444,0.0,0.0
2024-07-19 01:25:00+00:00,109.5,109.5,109.0,109.0,4208,0.0,0.0
2024-07-19 01:30:00+00:00,109.0,109.0,109.0,109.0,10010,0.0,0.0
2024-07-19 01:35:00+00:00,109.0,109.0,109.0,109.0,3201,0.0,0.0
2024-07-19 01:40:00+00:00,109.0,109.5,109.0,109.5,28000,0.0,0.0
2024-07-19 01:45:00+00:00,109.0,109.5,109.0,109.5,53284,0.0,0.0
2024-07-19 01:50:00+00:00,109.0,109.5,109.0,109.0,30075,0.0,0.0
2024-07-19 01:55:00+00:00,109.0,109.0,108.5,108.5,14020,0.0,0.0
2024-07-19 02:00:00+00:00,109.0,109.0,108.0,108.0,113307,0.0,0.0
2024-07-19 02:05:00+00:00,108.0,109.0,108.0,109.0,118050,0.0,0.0
2024-07-19 02:10:00+00:00,109.0,109.0,108.5,108.5,20140,0.0,0.0
2024-07-19 02:15:00+00:00,109.0,109.0,108.5,109.0,7176,0.0,0.0
2024-07-19 02:20:00+00:00,108.5,109.0,108.5,108.5,31000,0.0,0.0
2024-07-19 02:25:00+00:00,108.5,108.5,108.0,108.0,82659,0.0,0.0
2024-07-19 02:30:00+00:00,108.5,108.5,108.0,108.0,15747,0.0,0.0
2024-07-19 02:35:00+00:00,108.0,108.5,108.0,108.5,35000,0.0,0.0
2024-07-19 02:40:00+00:00,109.0,110.0,109.0,109.5,139610,0.0,0.0
2024-07-19 02:45:00+00:00,109.5,109.5,109.5,109.5,2000,0.0,0.0
2024-07-19 02:50:00+00:00,109.5,109.5,109.5,109.5,7070,0.0,0.0
2024-07-19 02:55:00+00:00,109.5,109.5,109.5,109.5,9000,0.0,0.0
2024-07-19 03:00:00+00:00,109.5,109.5,109.5,109.5,11144,0.0,0.0
2024-07-19 03:05:00+00:00,109.0,109.5,109.0,109.5,5300,0.0,0.0
2024-07-19 03:10:00+00:00,109.0,109.0,109.0,109.0,6000,0.0,0.0
2024-07-19 03:15:00+00:00,109.0,109.0,109.0,109.0,42021,0.0,0.0
2024-07-19 03:20:00+00:00,109.0,109.0,108.5,109.0,7470,0.0,0.0
2024-07-19 03:25:00+00:00,108.5,108.5,108.5,108.5,4138,0.0,0.0
2024-07-19 03:30:00+00:00,108.5,109.0,108.5,109.0,13000,0.0,0.0
2024-07-19 03:35:00+00:00,109.0,109.0,109.0,109.0,9216,0.0,0.0
2024-07-19 03:40:00+00:00,109.0,109.5,109.0,109.0,13000,0.0,0.0
2024-07-19 03:45:00+00:00,109.0,109.0,108.5,108.5,6110,0.0,0.0
2024-07-19 03:50:00+00:00,108.5,108.5,108.5,108.5,32001,0.0,0.0
2024-07-19 03:55:00+00:00,108.5,108.5,108.5,108.5,34200,0.0,0.0
2024-07-19 04:00:00+00:00,108.5,108.5,108.5,108.5,2000,0.0,0.0
2024-07-19 04:05:00+00:00,108.5,109.0,108.5,108.5,21000,0.0,0.0
2024-07-19 04:10:00+00:00,108.5,108.5,108.5,108.5,2000,0.0,0.0
2024-07-19 04:15:00+00:00,108.5,109.0,108.5,108.5,15000,0.0,0.0
2024-07-19 04:20:00+00:00,109.0,109.0,108.5,109.0,52300,0.0,0.0
2024-07-19 04:25:00+00:00,109.0,109.0,109.0,109.0,6259,0.0,0.0
2024-07-19 04:30:00+00:00,108.5,108.5,108.5,108.5,10000,0.0,0.0
2024-07-19 04:35:00+00:00,109.0,109.0,108.5,109.0,6126,0.0,0.0
2024-07-19 04:40:00+00:00,108.5,108.5,108.5,108.5,8733,0.0,0.0
2024-07-19 04:45:00+00:00,108.5,108.5,108.5,108.5,21000,0.0,0.0
2024-07-19 04:50:00+00:00,108.5,108.5,108.0,108.0,12116,0.0,0.0
2024-07-19 04:55:00+00:00,108.5,108.5,108.0,108.0,50850,0.0,0.0
2024-07-19 05:00:00+00:00,108.5,108.5,108.0,108.0,14860,0.0,0.0
2024-07-19 05:05:00+00:00,108.0,108.5,108.0,108.0,27050,0.0,0.0
2024-07-19 05:10:00+00:00,108.0,108.5,108.0,108.0,20247,0.0,0.0
2024-07-19 05:15:00+00:00,108.0,108.5,108.0,108.5,37693,0.0,0.0
2024-07-19 05:20:00+00:00,108.0,108.5,108.0,108.5,70082,0.0,0.0
2024-07-22 01:00:00+00:00,106.5,108.0,106.0,106.5,0,0.0,0.0
2024-07-22 01:05:00+00:00,106.0,106.0,105.0,105.0,208000,0.0,0.0
2024-07-22 01:10:00+00:00,105.0,105.0,103.5,104.5,385722,0.0,0.0
2024-07-22 01:15:00+00:00,104.5,104.5,103.0,104.0,286580,0.0,0.0
2024-07-22 01:20:00+00:00,104.0,104.5,103.5,104.0,137322,0.0,0.0
2024-07-22 01:25:00+00:00,104.5,104.5,103.0,103.0,153068,0.0,0.0
2024-07-22 01:30:00+00:00,103.0,103.5,101.5,102.0,565874,0.0,0.0
2024-07-22 01:35:00+00:00,102.0,103.0,101.5,102.5,179340,0.0,0.0
2024-07-22 01:40:00+00:00,102.5,104.0,102.5,103.5,139850,0.0,0.0
2024-07-22 01:45:00+00:00,104.0,104.0,103.0,103.0,44050,0.0,0.0
2024-07-22 01:50:00+00:00,103.0,103.0,102.0,102.0,175065,0.0,0.0
2024-07-22 01:55:00+00:00,102.0,103.0,102.0,102.5,123070,0.0,0.0
2024-07-22 02:00:00+00:00,102.5,102.5,101.5,101.5,261610,0.0,0.0
2024-07-22 02:05:00+00:00,101.5,102.5,101.5,102.0,28845,0.0,0.0
2024-07-22 02:10:00+00:00,102.0,102.0,101.5,101.5,85468,0.0,0.0
2024-07-22 02:15:00+00:00,101.5,101.5,101.0,101.0,88000,0.0,0.0
2024-07-22 02:20:00+00:00,101.0,101.5,101.0,101.0,61697,0.0,0.0
2024-07-22 02:25:00+00:00,101.0,101.0,99.9000015258789,100.5,492632,0.0,0.0
2024-07-22 02:30:00+00:00,100.0,101.0,99.9000015258789,101.0,155858,0.0,0.0
2024-07-22 02:35:00+00:00,100.5,101.5,100.5,101.5,168656,0.0,0.0
2024-07-22 02:40:00+00:00,101.5,102.0,101.5,102.0,82054,0.0,0.0
2024-07-22 02:45:00+00:00,102.0,102.5,102.0,102.5,66283,0.0,0.0
2024-07-22 02:50:00+00:00,102.0,102.0,101.5,102.0,26010,0.0,0.0
2024-07-22 02:55:00+00:00,102.0,102.0,101.5,101.5,25000,0.0,0.0
2024-07-22 03:00:00+00:00,101.0,101.5,101.0,101.5,63012,0.0,0.0
2024-07-22 03:05:00+00:00,101.5,102.0,101.5,101.5,51175,0.0,0.0
2024-07-22 03:10:00+00:00,101.5,101.5,101.0,101.0,22503,0.0,0.0
2024-07-22 03:15:00+00:00,101.5,102.0,101.5,102.0,55150,0.0,0.0
2024-07-22 03:20:00+00:00,102.0,102.0,102.0,102.0,34351,0.0,0.0
2024-07-22 03:25:00+00:00,101.5,101.5,101.5,101.5,15431,0.0,0.0
2024-07-22 03:30:00+00:00,101.5,101.5,101.0,101.0,10391,0.0,0.0
2024-07-22 03:35:00+00:00,101.0,101.5,101.0,101.0,79848,0.0,0.0
2024-07-22 03:40:00+00:00,101.0,101.0,100.5,101.0,59110,0.0,0.0
2024-07-22 03:45:00+00:00,101.0,101.5,101.0,101.5,48550,0.0,0.0
2024-07-22 03:50:00+00:00,101.5,101.5,101.0,101.0,21277,0.0,0.0
2024-07-22 03:55:00+00:00,101.5,101.5,101.0,101.0,3105,0.0,0.0
2024-07-22 04:00:00+00:00,101.0,101.0,101.0,101.0,3019,0.0,0.0
2024-07-22 04:05:00+00:00,101.0,101.0,101.0,101.0,40090,0.0,0.0
2024-07-22 04:10:00+00:00,101.5,101.5,101.0,101.5,3110,0.0,0.0
2024-07-22 04:15:00+00:00,101.5,102.0,101.0,101.0,68583,0.0,0.0
2024-07-22 04:20:00+00:00,101.5,101.5,101.0,101.5,16658,0.0,0.0
2024-07-22 04:25:00+00:00,101.5,101.5,101.0,101.5,9334,0.0,0.0
2024-07-22 04:30:00+00:00,101.0,101.5,101.0,101.5,24172,0.0,0.0
2024-07-22 04:35:00+00:00,101.5,101.5,101.0,101.0,18105,0.0,0.0
2024-07-22 04:40:00+00:00,101.0,101.5,101.0,101.5,31174,0.0,0.0
2024-07-22 04:45:00+00:00,101.5,101.5,101.0,101.0,17997,0.0,0.0
2024-07-22 04:50:00+00:00,101.5,101.5,101.0,101.5,44071,0.0,0.0
2024-07-22 04:55:00+00:00,101.5,102.0,101.5,101.5,42082,0.0,0.0
2024-07-22 05:00:00+00:00,102.0,102.0,102.0,102.0,61100,0.0,0.0
2024-07-22 05:05:00+00:00,102.0,102.0,101.5,101.5,31050,0.0,0.0
2024-07-22 05:10:00+00:00,101.5,101.5,101.0,101.0,48150,0.0,0.0
2024-07-22 05:15:00+00:00,101.5,101.5,101.0,101.0,62191,0.0,0.0
2024-07-22 05:20:00+00:00,101.0,101.5,100.5,101.0,44181,0.0,0.0
2024-07-23 01:00:00+00:00,104.0,104.5,103.0,103.0,0,0.0,0.0
2024-07-23 01:05:00+00:00,103.0,103.5,103.0,103.0,132000,0.0,0.0
2024-07-23 01:10:00+00:00,103.0,103.0,102.5,103.0,74202,0.0,0.0
2024-07-23 01:15:00+00:00,103.0,103.0,102.5,102.5,75235,0.0,0.0
2024-07-23 01:20:00+00:00,102.5,103.0,102.5,103.0,68100,0.0,0.0
2024-07-23 01:25:00+00:00,103.0,103.5,103.0,103.0,27207,0.0,0.0
2024-07-23 01:30:00+00:00,103.5,103.5,103.0,103.0,18378,0.0,0.0
2024-07-23 01:35:00+00:00,103.0,103.0,102.5,103.0,18100,0.0,0.0
2024-07-23 01:40:00+00:00,103.0,103.0,102.0,102.5,63591,0.0,0.0
2024-07-23 01:45:00+00:00,103.0,103.0,102.0,102.5,23000,0.0,0.0
2024-07-23 01:50:00+00:00,102.5,102.5,102.0,102.0,75170,0.0,0.0
2024-07-23 01:55:00+00:00,102.0,102.5,102.0,102.5,16110,0.0,0.0
2024-07-23 02:00:00+00:00,102.5,102.5,102.0,102.5,37402,0.0,0.0
2024-07-23 02:05:00+00:00,102.5,102.5,102.0,102.5,20120,0.0,0.0
2024-07-23 02:10:00+00:00,102.5,102.5,102.5,102.5,12000,0.0,0.0
2024-07-23 02:15:00+00:00,102.5,102.5,101.5,101.5,96266,0.0,0.0
2024-07-23 02:20:00+00:00,102.0,102.0,102.0,102.0,14005,0.0,0.0
2024-07-23 02:25:00+00:00,101.5,102.5,101.5,102.5,43740,0.0,0.0
2024-07-23 02:30:00+00:00,102.0,102.5,102.0,102.5,12294,0.0,0.0
2024-07-23 02:35:00+00:00,102.5,102.5,102.0,102.5,6012,0.0,0.0
2024-07-23 02:40:00+00:00,102.5,102.5,102.0,102.5,7000,0.0,0.0
2024-07-23 02:45:00+00:00,102.5,102.5,102.0,102.0,6020,0.0,0.0
2024-07-23 02:50:00+00:00,102.0,102.0,101.5,102.0,105322,0.0,0.0
2024-07-23 02:55:00+00:00,102.0,102.0,102.0,102.0,18000,0.0,0.0
2024-07-23 03:00:00+00:00,102.0,102.0,102.0,102.0,19200,0.0,0.0
2024-07-23 03:05:00+00:00,102.0,102.0,102.0,102.0,2000,0.0,0.0
2024-07-23 03:10:00+00:00,102.0,102.5,102.0,102.5,3001,0.0,0.0
2024-07-23 03:15:00+00:00,102.0,102.0,102.0,102.0,2000,0.0,0.0
2024-07-23 03:20:00+00:00,102.0,102.5,102.0,102.5,14204,0.0,0.0
2024-07-23 03:25:00+00:00,102.5,102.5,102.5,102.5,12010,0.0,0.0
2024-07-23 03:30:00+00:00,102.0,102.0,102.0,102.0,1000,0.0,0.0
2024-07-23 03:35:00+00:00,102.0,102.5,102.0,102.5,2254,0.0,0.0
2024-07-23 03:40:00+00:00,102.5,102.5,102.0,102.0,20020,0.0,0.0
2024-07-23 03:45:00+00:00,102.5,102.5,102.5,102.5,14025,0.0,0.0
2024-07-23 03:50:00+00:00,102.5,102.5,102.0,102.5,13120,0.0,0.0
2024-07-23 03:55:00+00:00,102.5,102.5,102.5,102.5,39600,0.0,0.0
2024-07-23 04:00:00+00:00,102.5,102.5,102.5,102.5,29525,0.0,0.0
2024-07-23 04:05:00+00:00,102.5,102.5,102.5,102.5,13134,0.0,0.0
2024-07-23 04:15:00+00:00,102.5,103.0,102.5,103.0,5020,0.0,0.0
2024-07-23 04:20:00+00:00,103.0,103.0,103.0,103.0,2270,0.0,0.0
2024-07-23 04:25:00+00:00,103.0,103.0,102.5,103.0,3030,0.0,0.0
2024-07-23 04:30:00+00:00,103.0,103.0,102.5,102.5,13100,0.0,0.0
2024-07-23 04:35:00+00:00,102.0,102.0,102.0,102.0,3030,0.0,0.0
2024-07-23 04:40:00+00:00,102.5,102.5,102.0,102.5,8907,0.0,0.0
2024-07-23 04:45:00+00:00,102.5,102.5,102.0,102.0,7297,0.0,0.0
2024-07-23 04:50:00+00:00,102.5,102.5,102.0,102.0,9200,0.0,0.0
2024-07-23 04:55:00+00:00,102.0,102.5,102.0,102.0,15050,0.0,0.0
2024-07-23 05:00:00+00:00,102.5,103.0,102.0,103.0,95000,0.0,0.0
2024-07-23 05:05:00+00:00,103.0,103.0,103.0,103.0,2270,0.0,0.0
2024-07-23 05:10:00+00:00,103.0,103.0,103.0,103.0,12400,0.0,0.0
2024-07-23 05:15:00+00:00,103.0,103.0,102.5,103.0,24000,0.0,0.0
2024-07-23 05:20:00+00:00,103.0,103.0,102.5,102.5,89078,0.0,0.0
2024-07-26 01:00:00+00:00,99.5,100.5,98.30000305175781,99.9000015258789,0,0.0,0.0
2024-07-26 01:05:00+00:00,100.0,101.0,100.0,100.5,120228,0.0,0.0
2024-07-26 01:10:00+00:00,100.5,100.5,100.0,100.0,108840,0.0,0.0
2024-07-26 01:15:00+00:00,100.0,100.5,100.0,100.5,40226,0.0,0.0
2024-07-26 01:20:00+00:00,100.0,100.5,99.19999694824219,99.9000015258789,104208,0.0,0.0
2024-07-26 01:25:00+00:00,99.80000305175781,100.5,99.30000305175781,99.30000305175781,75053,0.0,0.0
2024-07-26 01:30:00+00:00,99.30000305175781,100.0,99.0999984741211,99.9000015258789,99515,0.0,0.0
2024-07-26 01:35:00+00:00,99.9000015258789,100.0,99.9000015258789,100.0,54229,0.0,0.0
2024-07-26 01:40:00+00:00,100.5,100.5,100.0,100.5,55200,0.0,0.0
2024-07-26 01:45:00+00:00,100.5,100.5,100.5,100.5,13067,0.0,0.0
2024-07-26 01:50:00+00:00,100.5,100.5,100.5,100.5,6010,0.0,0.0
2024-07-26 01:55:00+00:00,100.5,100.5,100.0,100.0,31166,0.0,0.0
2024-07-26 02:00:00+00:00,100.0,100.5,100.0,100.5,9099,0.0,0.0
2024-07-26 02:05:00+00:00,100.5,101.0,100.5,101.0,46000,0.0,0.0
2024-07-26 02:10:00+00:00,101.0,101.5,101.0,101.5,90026,0.0,0.0
2024-07-26 02:15:00+00:00,101.5,102.0,101.5,102.0,15103,0.0,0.0
2024-07-26 02:20:00+00:00,102.0,102.0,102.0,102.0,48329,0.0,0.0
2024-07-26 02:25:00+00:00,102.0,102.0,101.0,101.5,39130,0.0,0.0
2024-07-26 02:30:00+00:00,101.5,101.5,101.5,101.5,2369,0.0,0.0
2024-07-26 02:35:00+00:00,101.5,101.5,101.5,101.5,8674,0.0,0.0
2024-07-26 02:40:00+00:00,102.0,103.0,102.0,102.0,143611,0.0,0.0
2024-07-26 02:45:00+00:00,102.0,102.5,102.0,102.5,12110,0.0,0.0
2024-07-26 02:50:00+00:00,102.5,102.5,102.5,102.5,4062,0.0,0.0
2024-07-26 02:55:00+00:00,102.5,102.5,102.5,102.5,7000,0.0,0.0
2024-07-26 03:00:00+00:00,102.0,102.5,102.0,102.0,36010,0.0,0.0
2024-07-26 03:05:00+00:00,102.0,102.5,102.0,102.5,6127,0.0,0.0
2024-07-26 03:10:00+00:00,102.0,102.0,102.0,102.0,41073,0.0,0.0
2024-07-26 03:15:00+00:00,102.0,102.0,102.0,102.0,1000,0.0,0.0
2024-07-26 03:20:00+00:00,101.5,102.0,101.5,101.5,8090,0.0,0.0
2024-07-26 03:25:00+00:00,101.5,101.5,101.5,101.5,18000,0.0,0.0
2024-07-26 03:30:00+00:00,102.0,102.0,102.0,102.0,10190,0.0,0.0
2024-07-26 03:35:00+00:00,102.0,102.0,102.0,102.0,20200,0.0,0.0
2024-07-26 03:40:00+00:00,102.0,102.5,102.0,102.0,13016,0.0,0.0
2024-07-26 03:45:00+00:00,102.0,102.5,102.0,102.5,15197,0.0,0.0
2024-07-26 03:50:00+00:00,102.5,102.5,102.5,102.5,16053,0.0,0.0
2024-07-26 03:55:00+00:00,102.5,102.5,102.0,102.0,15097,0.0,0.0
2024-07-26 04:00:00+00:00,102.5,102.5,102.5,102.5,2000,0.0,0.0
2024-07-26 04:05:00+00:00,102.5,102.5,102.5,102.5,15505,0.0,0.0
2024-07-26 04:10:00+00:00,102.5,102.5,102.0,102.0,11487,0.0,0.0
2024-07-26 04:15:00+00:00,102.5,102.5,102.0,102.0,33133,0.0,0.0
2024-07-26 04:20:00+00:00,102.0,102.0,102.0,102.0,2000,0.0,0.0
2024-07-26 04:25:00+00:00,102.0,102.0,102.0,102.0,8030,0.0,0.0
2024-07-26 04:30:00+00:00,102.5,103.0,102.5,103.0,82284,0.0,0.0
2024-07-26 04:35:00+00:00,103.0,103.0,102.5,102.5,37150,0.0,0.0
2024-07-26 04:40:00+00:00,102.5,102.5,102.0,102.0,10018,0.0,0.0
2024-07-26 04:45:00+00:00,102.5,102.5,102.5,102.5,4000,0.0,0.0
2024-07-26 04:50:00+00:00,102.5,102.5,102.0,102.0,11105,0.0,0.0
2024-07-26 04:55:00+00:00,102.0,102.5,102.0,102.0,25226,0.0,0.0
2024-07-26 05:00:00+00:00,102.5,102.5,102.0,102.0,16110,0.0,0.0
2024-07-26 05:05:00+00:00,102.0,102.0,102.0,102.0,63294,0.0,0.0
2024-07-26 05:10:00+00:00,101.5,101.5,101.5,101.5,20674,0.0,0.0
2024-07-26 05:15:00+00:00,101.5,102.0,101.5,101.5,57000,0.0,0.0
2024-07-26 05:20:00+00:00,101.5,102.5,101.5,101.5,51000,0.0,0.0
2024-07-29 01:00:00+00:00,103.5,103.5,102.0,102.5,0,0.0,0.0
2024-07-29 01:05:00+00:00,102.5,103.0,102.0,102.0,38005,0.0,0.0
2024-07-29 01:10:00+00:00,102.5,102.5,101.5,102.0,98680,0.0,0.0
2024-07-29 01:15:00+00:00,102.0,102.0,101.0,101.5,65569,0.0,0.0
2024-07-29 01:20:00+00:00,101.5,101.5,101.5,101.5,5131,0.0,0.0
2024-07-29 01:25:00+00:00,101.5,101.5,101.0,101.0,32100,0.0,0.0
2024-07-29 01:30:00+00:00,101.5,102.0,101.5,102.0,17514,0.0,0.0
2024-07-29 01:35:00+00:00,102.0,102.0,101.5,102.0,16000,0.0,0.0
2024-07-29 01:40:00+00:00,101.5,102.0,101.5,102.0,30000,0.0,0.0
2024-07-29 01:45:00+00:00,102.0,102.0,102.0,102.0,8000,0.0,0.0
2024-07-29 01:50:00+00:00,102.0,102.0,101.0,101.0,65200,0.0,0.0
2024-07-29 01:55:00+00:00,101.0,101.5,101.0,101.5,18117,0.0,0.0
2024-07-29 02:00:00+00:00,101.5,101.5,100.5,100.5,40123,0.0,0.0
2024-07-29 02:05:00+00:00,100.5,100.5,100.5,100.5,31101,0.0,0.0
2024-07-29 02:10:00+00:00,100.5,101.0,100.0,101.0,57238,0.0,0.0
2024-07-29 02:15:00+00:00,101.0,101.0,100.0,100.5,19521,0.0,0.0
2024-07-29 02:20:00+00:00,100.0,100.0,99.5999984741211,99.80000305175781,270215,0.0,0.0
2024-07-29 02:25:00+00:00,99.80000305175781,99.80000305175781,99.4000015258789,99.5999984741211,79860,0.0,0.0
2024-07-29 02:30:00+00:00,99.5999984741211,99.80000305175781,99.30000305175781,99.30000305175781,105275,0.0,0.0
2024-07-29 02:35:00+00:00,99.30000305175781,99.5,99.19999694824219,99.30000305175781,76313,0.0,0.0
2024-07-29 02:40:00+00:00,99.30000305175781,99.5,99.0999984741211,99.0999984741211,71323,0.0,0.0
2024-07-29 02:45:00+00:00,99.0999984741211,99.0999984741211,98.5,98.80000305175781,238015,0.0,0.0
2024-07-29 02:50:00+00:00,98.9000015258789,99.69999694824219,98.9000015258789,99.69999694824219,25752,0.0,0.0
2024-07-29 02:55:00+00:00,99.69999694824219,99.69999694824219,99.30000305175781,99.30000305175781,9161,0.0,0.0
2024-07-29 03:00:00+00:00,99.30000305175781,99.30000305175781,99.30000305175781,99.30000305175781,6000,0.0,0.0
2024-07-29 03:05:00+00:00,99.30000305175781,99.5999984741211,99.19999694824219,99.4000015258789,35000,0.0,0.0
2024-07-29 03:10:00+00:00,99.4000015258789,100.0,99.4000015258789,100.0,42987,0.0,0.0
2024-07-29 03:15:00+00:00,100.0,100.0,99.9000015258789,99.9000015258789,11009,0.0,0.0
2024-07-29 03:20:00+00:00,99.9000015258789,99.9000015258789,99.80000305175781,99.80000305175781,9013,0.0,0.0
2024-07-29 03:25:00+00:00,100.0,100.0,99.5999984741211,99.5999984741211,11000,0.0,0.0
2024-07-29 03:30:00+00:00,99.80000305175781,99.80000305175781,99.69999694824219,99.69999694824219,5060,0.0,0.0
2024-07-29 03:35:00+00:00,99.80000305175781,99.80000305175781,99.5999984741211,99.5999984741211,8000,0.0,0.0
2024-07-29 03:40:00+00:00,99.5999984741211,99.5999984741211,99.5,99.5,32000,0.0,0.0
2024-07-29 03:45:00+00:00,99.5,99.5,99.5,99.5,2400,0.0,0.0
2024-07-29 03:50:00+00:00,99.5,99.80000305175781,99.5,99.80000305175781,10000,0.0,0.0
2024-07-29 04:00:00+00:00,99.80000305175781,99.80000305175781,99.69999694824219,99.69999694824219,14470,0.0,0.0
2024-07-29 04:05:00+00:00,99.69999694824219,99.80000305175781,99.69999694824219,99.69999694824219,16060,0.0,0.0
2024-07-29 04:10:00+00:00,99.80000305175781,99.80000305175781,99.5999984741211,99.5999984741211,17050,0.0,0.0
2024-07-29 04:15:00+00:00,99.5999984741211,99.5999984741211,99.5999984741211,99.5999984741211,7050,0.0,0.0
2024-07-29 04:20:00+00:00,99.5999984741211,99.5999984741211,99.19999694824219,99.19999694824219,55310,0.0,0.0
2024-07-29 04:25:00+00:00,99.30000305175781,99.30000305175781,99.19999694824219,99.19999694824219,17125,0.0,0.0
2024-07-29 04:30:00+00:00,99.19999694824219,99.4000015258789,99.0999984741211,99.19999694824219,26370,0.0,0.0
2024-07-29 04:35:00+00:00,99.19999694824219,99.30000305175781,99.0999984741211,99.30000305175781,34349,0.0,0.0
2024-07-29 04:40:00+00:00,99.30000305175781,99.30000305175781,99.0999984741211,99.19999694824219,37400,0.0,0.0
2024-07-29 04:45:00+00:00,99.19999694824219,99.19999694824219,99.19999694824219,99.19999694824219,14101,0.0,0.0
2024-07-29 04:50:00+00:00,99.19999694824219,99.19999694824219,99.0999984741211,99.19999694824219,6650,0.0,0.0
2024-07-29 04:55:00+00:00,99.19999694824219,99.19999694824219,99.0,99.0,21600,0.0,0.0
2024-07-29 05:00:00+00:00,99.0999984741211,99.19999694824219,99.0999984741211,99.0999984741211,35184,0.0,0.0
2024-07-29 05:05:00+00:00,99.0999984741211,99.0999984741211,98.80000305175781,98.9000015258789,107400,0.0,0.0
2024-07-29 05:10:00+00:00,98.80000305175781,99.0999984741211,98.80000305175781,99.0999984741211,71588,0.0,0.0
2024-07-29 05:15:00+00:00,99.0,99.0999984741211,98.9000015258789,99.0,64944,0.0,0.0
2024-07-29 05:20:00+00:00,99.0,99.0,98.80000305175781,98.9000015258789,59369,0.0,0.0
2024-07-30 01:00:00+00:00,96.19999694824219,98.30000305175781,96.19999694824219,96.5999984741211,0,0.0,0.0
2024-07-30 01:05:00+00:00,97.0,98.0999984741211,96.69999694824219,97.9000015258789,148000,0.0,0.0
2024-07-30 01:10:00+00:00,97.9000015258789,98.69999694824219,97.9000015258789,98.5,167979,0.0,0.0
2024-07-30 01:15:00+00:00,98.5,99.19999694824219,97.80000305175781,97.80000305175781,259334,0.0,0.0
2024-07-30 01:20:00+00:00,97.9000015258789,98.0,97.9000015258789,98.0,10210,0.0,0.0
2024-07-30 01:25:00+00:00,98.0999984741211,98.5999984741211,98.0,98.4000015258789,132000,0.0,0.0
2024-07-30 01:30:00+00:00,98.5,98.69999694824219,97.80000305175781,98.69999694824219,87693,0.0,0.0
2024-07-30 01:35:00+00:00,98.5,98.5,97.9000015258789,98.30000305175781,64080,0.0,0.0
2024-07-30 01:40:00+00:00,98.0999984741211,98.0999984741211,97.80000305175781,97.9000015258789,30776,0.0,0.0
2024-07-30 01:45:00+00:00,97.9000015258789,98.0999984741211,97.80000305175781,97.80000305175781,30091,0.0,0.0
2024-07-30 01:50:00+00:00,97.80000305175781,97.9000015258789,97.5,97.9000015258789,112246,0.0,0.0
2024-07-30 01:55:00+00:00,97.9000015258789,97.9000015258789,97.80000305175781,97.80000305175781,6567,0.0,0.0
2024-07-30 02:00:00+00:00,97.80000305175781,97.80000305175781,97.30000305175781,97.5999984741211,65150,0.0,0.0
2024-07-30 02:05:00+00:00,97.69999694824219,98.30000305175781,97.69999694824219,98.0,53022,0.0,0.0
2024-07-30 02:10:00+00:00,98.0,98.0,97.30000305175781,97.69999694824219,20063,0.0,0.0
2024-07-30 02:15:00+00:00,97.69999694824219,98.0,97.4000015258789,97.5,52795,0.0,0.0
2024-07-30 02:20:00+00:00,97.5,97.5999984741211,97.0999984741211,97.30000305175781,66320,0.0,0.0
2024-07-30 02:25:00+00:00,97.19999694824219,98.0999984741211,97.0999984741211,97.4000015258789,116930,0.0,0.0
2024-07-30 02:30:00+00:00,97.4000015258789,97.4000015258789,96.5999984741211,96.80000305175781,216640,0.0,0.0
2024-07-30 02:35:00+00:00,97.0,97.0,96.9000015258789,97.0,29876,0.0,0.0
2024-07-30 02:40:00+00:00,97.0,97.0999984741211,97.0,97.0,24117,0.0,0.0
2024-07-30 02:45:00+00:00,97.0,97.0999984741211,96.9000015258789,97.0,55249,0.0,0.0
2024-07-30 02:50:00+00:00,97.0,97.0,97.0,97.0,9000,0.0,0.0
2024-07-30 02:55:00+00:00,97.0,97.4000015258789,96.80000305175781,97.0999984741211,115541,0.0,0.0
2024-07-30 03:00:00+00:00,97.0,97.0999984741211,96.9000015258789,97.0,30030,0.0,0.0
2024-07-30 03:05:00+00:00,97.0,97.19999694824219,97.0,97.19999694824219,62129,0.0,0.0
2024-07-30 03:10:00+00:00,97.0999984741211,97.19999694824219,97.0,97.0999984741211,14030,0.0,0.0
2024-07-30 03:15:00+00:00,97.0,97.5999984741211,97.0,97.5,91380,0.0,0.0
2024-07-30 03:20:00+00:00,97.5,97.5,97.4000015258789,97.4000015258789,43140,0.0,0.0
2024-07-30 03:25:00+00:00,97.4000015258789,97.4000015258789,97.4000015258789,97.4000015258789,1492,0.0,0.0
2024-07-30 03:30:00+00:00,97.4000015258789,97.4000015258789,97.4000015258789,97.4000015258789,1012,0.0,0.0
2024-07-30 03:35:00+00:00,97.30000305175781,98.0,97.30000305175781,98.0,97066,0.0,0.0
2024-07-30 03:40:00+00:00,98.0,98.0,97.9000015258789,98.0,4000,0.0,0.0
2024-07-30 03:45:00+00:00,98.0,98.0,97.80000305175781,97.80000305175781,36140,0.0,0.0
2024-07-30 03:50:00+00:00,98.0,98.19999694824219,98.0,98.0999984741211,90438,0.0,0.0
2024-07-30 03:55:00+00:00,98.0999984741211,98.0999984741211,98.0999984741211,98.0999984741211,1000,0.0,0.0
2024-07-30 04:00:00+00:00,98.0,98.30000305175781,97.80000305175781,98.30000305175781,53500,0.0,0.0
2024-07-30 04:05:00+00:00,98.30000305175781,98.5,98.19999694824219,98.5,44875,0.0,0.0
2024-07-30 04:10:00+00:00,98.4000015258789,98.5999984741211,98.4000015258789,98.4000015258789,39050,0.0,0.0
2024-07-30 04:15:00+00:00,98.4000015258789,98.5,98.4000015258789,98.5,60100,0.0,0.0
2024-07-30 04:20:00+00:00,98.5999984741211,98.69999694824219,98.5,98.5999984741211,119110,0.0,0.0
2024-07-30 04:25:00+00:00,98.5999984741211,98.5999984741211,98.4000015258789,98.5,54100,0.0,0.0
2024-07-30 04:30:00+00:00,98.5,99.0,98.5,99.0,121290,0.0,0.0
2024-07-30 04:35:00+00:00,99.0,99.0,98.80000305175781,98.80000305175781,15166,0.0,0.0
2024-07-30 04:40:00+00:00,98.9000015258789,98.9000015258789,98.5,98.9000015258789,14000,0.0,0.0
2024-07-30 04:45:00+00:00,98.80000305175781,98.80000305175781,98.69999694824219,98.80000305175781,17120,0.0,0.0
2024-07-30 04:50:00+00:00,98.80000305175781,99.30000305175781,98.80000305175781,99.30000305175781,92200,0.0,0.0
2024-07-30 04:55:00+00:00,99.19999694824219,99.4000015258789,99.19999694824219,99.4000015258789,34090,0.0,0.0
2024-07-30 05:00:00+00:00,99.4000015258789,100.0,99.4000015258789,100.0,95820,0.0,0.0
2024-07-30 05:05:00+00:00,99.9000015258789,100.5,99.9000015258789,100.5,54682,0.0,0.0
2024-07-30 05:10:00+00:00,100.0,100.0,99.80000305175781,99.80000305175781,49275,0.0,0.0
2024-07-30 05:15:00+00:00,99.80000305175781,100.5,99.80000305175781,100.5,44117,0.0,0.0
2024-07-30 05:20:00+00:00,100.5,100.5,99.9000015258789,100.0,34064,0.0,0.0
2024-07-31 01:00:00+00:00,99.0,99.9000015258789,99.0,99.69999694824219,0,0.0,0.0
2024-07-31 01:05:00+00:00,99.69999694824219,99.69999694824219,99.0999984741211,99.69999694824219,26193,0.0,0.0
2024-07-31 01:10:00+00:00,99.80000305175781,100.0,99.80000305175781,100.0,19000,0.0,0.0
2024-07-31 01:15:00+00:00,100.0,100.0,99.30000305175781,99.30000305175781,37020,0.0,0.0
2024-07-31 01:20:00+00:00,99.30000305175781,99.5999984741211,99.30000305175781,99.5,9131,0.0,0.0
2024-07-31 01:25:00+00:00,99.5,99.80000305175781,99.4000015258789,99.80000305175781,15178,0.0,0.0
2024-07-31 01:30:00+00:00,99.9000015258789,99.9000015258789,99.4000015258789,99.5999984741211,38750,0.0,0.0
2024-07-31 01:35:00+00:00,99.5,99.5,99.30000305175781,99.30000305175781,28413,0.0,0.0
2024-07-31 01:40:00+00:00,99.30000305175781,99.30000305175781,99.0,99.19999694824219,21291,0.0,0.0
2024-07-31 01:45:00+00:00,99.19999694824219,99.4000015258789,99.19999694824219,99.30000305175781,5065,0.0,0.0
2024-07-31 01:50:00+00:00,99.30000305175781,99.30000305175781,99.0,99.0,41002,0.0,0.0
2024-07-31 01:55:00+00:00,99.0,99.0,98.5,99.0,23737,0.0,0.0
2024-07-31 02:00:00+00:00,99.0,99.0,98.80000305175781,99.0,10110,0.0,0.0
2024-07-31 02:05:00+00:00,98.80000305175781,99.30000305175781,98.80000305175781,99.19999694824219,11474,0.0,0.0
2024-07-31 02:10:00+00:00,99.30000305175781,99.5,99.30000305175781,99.5,12543,0.0,0.0
2024-07-31 02:15:00+00:00,99.5,99.5,99.4000015258789,99.4000015258789,7004,0.0,0.0
2024-07-31 02:20:00+00:00,99.19999694824219,99.19999694824219,99.19999694824219,99.19999694824219,3298,0.0,0.0
2024-07-31 02:25:00+00:00,99.30000305175781,99.5999984741211,99.30000305175781,99.5999984741211,17130,0.0,0.0
2024-07-31 02:30:00+00:00,99.69999694824219,100.5,99.69999694824219,100.5,96604,0.0,0.0
2024-07-31 02:35:00+00:00,100.5,100.5,100.5,100.5,12000,0.0,0.0
2024-07-31 02:40:00+00:00,100.0,100.5,99.80000305175781,99.80000305175781,37400,0.0,0.0
2024-07-31 02:45:00+00:00,100.0,100.5,100.0,100.0,12018,0.0,0.0
2024-07-31 02:50:00+00:00,100.0,100.0,99.9000015258789,99.9000015258789,8000,0.0,0.0
2024-07-31 02:55:00+00:00,99.80000305175781,99.80000305175781,99.4000015258789,99.4000015258789,35070,0.0,0.0
2024-07-31 03:00:00+00:00,99.4000015258789,99.4000015258789,99.4000015258789,99.4000015258789,1489,0.0,0.0
2024-07-31 03:05:00+00:00,99.4000015258789,99.4000015258789,99.0999984741211,99.0999984741211,17373,0.0,0.0
2024-07-31 03:10:00+00:00,99.0999984741211,99.0999984741211,99.0,99.0999984741211,4241,0.0,0.0
2024-07-31 03:15:00+00:00,99.19999694824219,99.19999694824219,99.0999984741211,99.0999984741211,3050,0.0,0.0
2024-07-31 03:20:00+00:00,99.0999984741211,99.0999984741211,99.0999984741211,99.0999984741211,1020,0.0,0.0
2024-07-31 03:25:00+00:00,99.0999984741211,99.0999984741211,98.9000015258789,98.9000015258789,44408,0.0,0.0
2024-07-31 03:30:00+00:00,98.9000015258789,98.9000015258789,98.69999694824219,98.69999694824219,23200,0.0,0.0
2024-07-31 03:35:00+00:00,98.69999694824219,98.80000305175781,98.69999694824219,98.80000305175781,5000,0.0,0.0
2024-07-31 03:40:00+00:00,98.9000015258789,98.9000015258789,98.80000305175781,98.80000305175781,11543,0.0,0.0
2024-07-31 03:45:00+00:00,98.80000305175781,98.9000015258789,98.80000305175781,98.9000015258789,10000,0.0,0.0
2024-07-31 03:50:00+00:00,98.80000305175781,98.80000305175781,98.80000305175781,98.80000305175781,12000,0.0,0.0
2024-07-31 03:55:00+00:00,98.80000305175781,98.80000305175781,98.69999694824219,98.69999694824219,18063,0.0,0.0
2024-07-31 04:00:00+00:00,98.69999694824219,98.69999694824219,98.69999694824219,98.69999694824219,2052,0.0,0.0
2024-07-31 04:05:00+00:00,98.80000305175781,98.80000305175781,98.69999694824219,98.80000305175781,7065,0.0,0.0
2024-07-31 04:10:00+00:00,98.9000015258789,99.0,98.9000015258789,99.0,9000,0.0,0.0
2024-07-31 04:15:00+00:00,98.9000015258789,98.9000015258789,98.9000015258789,98.9000015258789,10005,0.0,0.0
2024-07-31 04:20:00+00:00,98.80000305175781,98.80000305175781,98.69999694824219,98.69999694824219,37000,0.0,0.0
2024-07-31 04:25:00+00:00,98.9000015258789,98.9000015258789,98.5999984741211,98.69999694824219,57049,0.0,0.0
2024-07-31 04:30:00+00:00,98.69999694824219,98.69999694824219,98.69999694824219,98.69999694824219,3292,0.0,0.0
2024-07-31 04:35:00+00:00,98.80000305175781,98.80000305175781,98.80000305175781,98.80000305175781,8104,0.0,0.0
2024-07-31 04:40:00+00:00,98.69999694824219,98.69999694824219,98.69999694824219,98.69999694824219,1000,0.0,0.0
2024-07-31 04:45:00+00:00,98.80000305175781,98.9000015258789,98.80000305175781,98.9000015258789,6000,0.0,0.0
2024-07-31 04:50:00+00:00,98.9000015258789,98.9000015258789,98.9000015258789,98.9000015258789,1050,0.0,0.0
2024-07-31 04:55:00+00:00,98.9000015258789,98.9000015258789,98.80000305175781,98.80000305175781,5000,0.0,0.0
2024-07-31 05:00:00+00:00,98.9000015258789,98.9000015258789,98.5,98.5,31300,0.0,0.0
2024-07-31 05:05:00+00:00,98.5,98.5999984741211,98.5,98.5999984741211,22527,0.0,0.0
2024-07-31 05:10:00+00:00,98.5999984741211,98.69999694824219,98.5999984741211,98.69999694824219,10200,0.0,0.0
2024-07-31 05:15:00+00:00,98.5999984741211,98.69999694824219,98.5,98.69999694824219,29000,0.0,0.0
2024-07-31 05:20:00+00:00,98.69999694824219,98.69999694824219,98.5,98.69999694824219,46586,0.0,0.0
2024-08-01 01:00:00+00:00,100.0,101.0,100.0,101.0,0,0.0,0.0
2024-08-01 01:05:00+00:00,101.0,101.5,100.5,100.5,110423,0.0,0.0
2024-08-01 01:10:00+00:00,100.5,100.5,100.5,100.5,22100,0.0,0.0
2024-08-01 01:15:00+00:00,100.0,100.0,99.9000015258789,100.0,46000,0.0,0.0
2024-08-01 01:20:00+00:00,100.0,100.5,100.0,100.5,93100,0.0,0.0
2024-08-01 01:25:00+00:00,100.5,100.5,100.5,100.5,8106,0.0,0.0
2024-08-01 01:30:00+00:00,100.5,100.5,100.5,100.5,5000,0.0,0.0
2024-08-01 01:35:00+00:00,100.0,100.5,100.0,100.5,12000,0.0,0.0
2024-08-01 01:40:00+00:00,100.0,100.0,99.5999984741211,99.80000305175781,177837,0.0,0.0
2024-08-01 01:45:00+00:00,99.80000305175781,99.9000015258789,99.5999984741211,99.5999984741211,38603,0.0,0.0
2024-08-01 01:50:00+00:00,99.5,99.5,99.0999984741211,99.0999984741211,63479,0.0,0.0
2024-08-01 01:55:00+00:00,99.19999694824219,99.19999694824219,99.0,99.0,21210,0.0,0.0
2024-08-01 02:00:00+00:00,99.0999984741211,99.19999694824219,99.0999984741211,99.0999984741211,19070,0.0,0.0
2024-08-01 02:05:00+00:00,99.0999984741211,99.0999984741211,99.0,99.0999984741211,21037,0.0,0.0
2024-08-01 02:10:00+00:00,99.0,99.0,98.69999694824219,98.69999694824219,48100,0.0,0.0
2024-08-01 02:15:00+00:00,98.69999694824219,98.80000305175781,98.69999694824219,98.80000305175781,12050,0.0,0.0
2024-08-01 02:20:00+00:00,98.9000015258789,99.30000305175781,98.9000015258789,99.0999984741211,14100,0.0,0.0
2024-08-01 02:25:00+00:00,99.30000305175781,99.5,99.30000305175781,99.5,20296,0.0,0.0
2024-08-01 02:30:00+00:00,99.5,99.5999984741211,99.30000305175781,99.30000305175781,7030,0.0,0.0
2024-08-01 02:35:00+00:00,99.30000305175781,99.30000305175781,99.19999694824219,99.19999694824219,8000,0.0,0.0
2024-08-01 02:40:00+00:00,99.19999694824219,99.30000305175781,99.19999694824219,99.30000305175781,15000,0.0,0.0
2024-08-01 02:45:00+00:00,99.4000015258789,99.5999984741211,99.4000015258789,99.5,17020,0.0,0.0
2024-08-01 02:50:00+00:00,99.5,99.5,99.4000015258789,99.4000015258789,11010,0.0,0.0
2024-08-01 02:55:00+00:00,99.4000015258789,99.4000015258789,99.30000305175781,99.30000305175781,10001,0.0,0.0
2024-08-01 03:00:00+00:00,99.19999694824219,99.19999694824219,99.0,99.0,15090,0.0,0.0
2024-08-01 03:05:00+00:00,99.0,99.0,98.9000015258789,99.0,8018,0.0,0.0
2024-08-01 03:10:00+00:00,99.0,99.30000305175781,99.0,99.30000305175781,20022,0.0,0.0
2024-08-01 03:15:00+00:00,99.30000305175781,99.30000305175781,99.19999694824219,99.19999694824219,14240,0.0,0.0
2024-08-01 03:25:00+00:00,99.30000305175781,99.4000015258789,99.19999694824219,99.4000015258789,30220,0.0,0.0
2024-08-01 03:30:00+00:00,99.4000015258789,99.4000015258789,99.30000305175781,99.30000305175781,4000,0.0,0.0
2024-08-01 03:35:00+00:00,99.5,99.5,99.4000015258789,99.4000015258789,28483,0.0,0.0
2024-08-01 03:40:00+00:00,99.4000015258789,99.5,99.4000015258789,99.5,5157,0.0,0.0
2024-08-01 03:45:00+00:00,99.5,99.5,99.5,99.5,10100,0.0,0.0
2024-08-01 03:50:00+00:00,99.4000015258789,99.5999984741211,99.4000015258789,99.5999984741211,22000,0.0,0.0
2024-08-01 03:55:00+00:00,99.5,99.5,99.5,99.5,9000,0.0,0.0
2024-08-01 04:00:00+00:00,99.5999984741211,99.5999984741211,99.5999984741211,99.5999984741211,3000,0.0,0.0
2024-08-01 04:05:00+00:00,99.5,99.5,99.5,99.5,15564,0.0,0.0
2024-08-01 04:10:00+00:00,99.5,99.5,99.5,99.5,1000,0.0,0.0
2024-08-01 04:15:00+00:00,99.5999984741211,99.5999984741211,99.5999984741211,99.5999984741211,4000,0.0,0.0
2024-08-01 04:20:00+00:00,99.5,99.5,99.5,99.5,1000,0.0,0.0
2024-08-01 04:25:00+00:00,99.5999984741211,99.9000015258789,99.5999984741211,99.9000015258789,39050,0.0,0.0
2024-08-01 04:30:00+00:00,99.80000305175781,99.80000305175781,99.69999694824219,99.80000305175781,13477,0.0,0.0
2024-08-01 04:35:00+00:00,99.9000015258789,99.9000015258789,99.80000305175781,99.80000305175781,14361,0.0,0.0
2024-08-01 04:40:00+00:00,99.80000305175781,99.9000015258789,99.80000305175781,99.9000015258789,11000,0.0,0.0
2024-08-01 04:45:00+00:00,99.9000015258789,99.9000015258789,99.69999694824219,99.69999694824219,13003,0.0,0.0
2024-08-01 04:50:00+00:00,99.80000305175781,99.80000305175781,99.80000305175781,99.80000305175781,2000,0.0,0.0
2024-08-01 04:55:00+00:00,99.69999694824219,99.69999694824219,99.69999694824219,99.69999694824219,18163,0.0,0.0
2024-08-01 05:00:00+00:00,99.80000305175781,99.80000305175781,99.69999694824219,99.80000305175781,15116,0.0,0.0
2024-08-01 05:05:00+00:00,99.80000305175781,99.80000305175781,99.80000305175781,99.80000305175781,18477,0.0,0.0
2024-08-01 05:10:00+00:00,99.80000305175781,99.80000305175781,99.80000305175781,99.80000305175781,1000,0.0,0.0
2024-08-01 05:15:00+00:00,99.80000305175781,99.80000305175781,99.69999694824219,99.69999694824219,43000,0.0,0.0
2024-08-01 05:20:00+00:00,99.69999694824219,99.69999694824219,99.5999984741211,99.5999984741211,45660,0.0,0.0
2024-08-02 01:00:00+00:00,97.5,97.80000305175781,97.0999984741211,97.19999694824219,0,0.0,0.0
2024-08-02 01:05:00+00:00,97.19999694824219,97.30000305175781,96.69999694824219,97.0,227000,0.0,0.0
2024-08-02 01:10:00+00:00,97.0,97.0999984741211,96.5999984741211,97.0,102201,0.0,0.0
2024-08-02 01:15:00+00:00,97.0999984741211,97.19999694824219,96.5,97.0,57100,0.0,0.0
2024-08-02 01:20:00+00:00,97.0,97.19999694824219,96.80000305175781,96.80000305175781,23075,0.0,0.0
2024-08-02 01:25:00+00:00,96.80000305175781,97.69999694824219,96.80000305175781,97.69999694824219,71716,0.0,0.0
2024-08-02 01:30:00+00:00,97.69999694824219,97.69999694824219,97.5999984741211,97.69999694824219,37684,0.0,0.0
2024-08-02 01:35:00+00:00,97.5999984741211,97.5999984741211,97.30000305175781,97.30000305175781,27100,0.0,0.0
2024-08-02 01:40:00+00:00,97.69999694824219,98.19999694824219,97.69999694824219,98.0999984741211,39143,0.0,0.0
2024-08-02 01:45:00+00:00,98.0999984741211,98.0999984741211,98.0999984741211,98.0999984741211,9000,0.0,0.0
2024-08-02 01:50:00+00:00,98.0,98.0,97.80000305175781,97.80000305175781,10105,0.0,0.0
2024-08-02 01:55:00+00:00,97.69999694824219,97.80000305175781,97.69999694824219,97.80000305175781,9245,0.0,0.0
2024-08-02 02:00:00+00:00,97.9000015258789,97.9000015258789,97.0999984741211,97.0999984741211,22804,0.0,0.0
2024-08-02 02:05:00+00:00,97.0999984741211,97.0999984741211,97.0,97.0,10003,0.0,0.0
2024-08-02 02:10:00+00:00,97.0,97.0999984741211,97.0,97.0999984741211,16245,0.0,0.0
2024-08-02 02:15:00+00:00,97.19999694824219,97.19999694824219,97.0999984741211,97.0999984741211,12684,0.0,0.0
2024-08-02 02:20:00+00:00,97.0999984741211,97.0999984741211,96.9000015258789,96.9000015258789,22131,0.0,0.0
2024-08-02 02:25:00+00:00,96.9000015258789,96.9000015258789,96.0999984741211,96.19999694824219,212239,0.0,0.0
2024-08-02 02:30:00+00:00,96.4000015258789,96.4000015258789,96.30000305175781,96.30000305175781,8950,0.0,0.0
2024-08-02 02:35:00+00:00,96.30000305175781,96.4000015258789,96.0,96.19999694824219,92820,0.0,0.0
2024-08-02 02:40:00+00:00,96.19999694824219,96.5999984741211,96.0999984741211,96.5999984741211,22150,0.0,0.0
2024-08-02 02:45:00+00:00,96.5999984741211,96.5999984741211,96.30000305175781,96.30000305175781,3000,0.0,0.0
2024-08-02 02:50:00+00:00,96.4000015258789,96.5,96.30000305175781,96.30000305175781,42200,0.0,0.0
2024-08-02 02:55:00+00:00,96.30000305175781,96.30000305175781,96.19999694824219,96.19999694824219,5001,0.0,0.0
2024-08-02 03:00:00+00:00,96.19999694824219,96.69999694824219,96.0999984741211,96.69999694824219,39260,0.0,0.0
2024-08-02 03:05:00+00:00,96.69999694824219,96.69999694824219,96.5999984741211,96.5999984741211,10100,0.0,0.0
2024-08-02 03:10:00+00:00,96.5,96.5,96.19999694824219,96.19999694824219,17595,0.0,0.0
2024-08-02 03:15:00+00:00,96.19999694824219,96.19999694824219,96.0,96.0999984741211,29276,0.0,0.0
2024-08-02 03:20:00+00:00,96.0999984741211,96.19999694824219,95.9000015258789,95.9000015258789,163626,0.0,0.0
2024-08-02 03:25:00+00:00,95.9000015258789,95.9000015258789,95.80000305175781,95.9000015258789,36701,0.0,0.0
2024-08-02 03:30:00+00:00,96.0,96.0,95.9000015258789,95.9000015258789,7109,0.0,0.0
2024-08-02 03:35:00+00:00,96.0,96.0,95.9000015258789,96.0,8901,0.0,0.0
2024-08-02 03:40:00+00:00,95.9000015258789,96.0,95.9000015258789,96.0,8094,0.0,0.0
2024-08-02 03:45:00+00:00,95.9000015258789,95.9000015258789,95.80000305175781,95.80000305175781,61099,0.0,0.0
2024-08-02 03:50:00+00:00,95.80000305175781,95.80000305175781,95.5999984741211,95.5999984741211,47100,0.0,0.0
2024-08-02 03:55:00+00:00,95.5999984741211,95.5999984741211,95.0999984741211,95.0999984741211,133090,0.0,0.0
2024-08-02 04:00:00+00:00,95.0999984741211,95.4000015258789,94.69999694824219,95.0,126294,0.0,0.0
2024-08-02 04:05:00+00:00,95.0,95.19999694824219,95.0,95.19999694824219,37132,0.0,0.0
2024-08-02 04:10:00+00:00,95.19999694824219,95.19999694824219,95.0,95.0999984741211,31600,0.0,0.0
2024-08-02 04:15:00+00:00,95.0999984741211,95.30000305175781,95.0999984741211,95.0999984741211,27616,0.0,0.0
2024-08-02 04:20:00+00:00,95.0999984741211,95.4000015258789,95.0999984741211,95.4000015258789,40300,0.0,0.0
2024-08-02 04:25:00+00:00,95.4000015258789,95.5999984741211,95.30000305175781,95.30000305175781,21268,0.0,0.0
2024-08-02 04:30:00+00:00,95.4000015258789,95.4000015258789,95.30000305175781,95.30000305175781,11000,0.0,0.0
2024-08-02 04:35:00+00:00,95.30000305175781,95.4000015258789,95.30000305175781,95.30000305175781,15000,0.0,0.0
2024-08-02 04:40:00+00:00,95.30000305175781,95.30000305175781,95.19999694824219,95.30000305175781,13075,0.0,0.0
2024-08-02 04:45:00+00:00,95.30000305175781,95.5,95.0999984741211,95.5,44170,0.0,0.0
2024-08-02 04:50:00+00:00,95.4000015258789,95.4000015258789,95.19999694824219,95.19999694824219,28164,0.0,0.0
2024-08-02 04:55:00+00:00,95.19999694824219,95.19999694824219,95.0999984741211,95.0999984741211,37100,0.0,0.0
2024-08-02 05:00:00+00:00,95.0,95.19999694824219,95.0,95.0,64243,0.0,0.0
2024-08-02 05:05:00+00:00,95.0,95.0,94.5,94.5999984741211,79835,0.0,0.0
2024-08-02 05:10:00+00:00,94.5,95.0,94.5,94.69999694824219,38270,0.0,0.0
2024-08-02 05:15:00+00:00,94.69999694824219,94.80000305175781,94.5999984741211,94.5999984741211,24347,0.0,0.0
2024-08-02 05:20:00+00:00,94.5999984741211,94.69999694824219,94.5999984741211,94.5999984741211,57859,0.0,0.0
2024-08-05 01:00:00+00:00,85.69999694824219,88.5999984741211,85.30000305175781,85.5,0,0.0,0.0
2024-08-05 01:05:00+00:00,85.5,86.0999984741211,85.19999694824219,85.19999694824219,758673,0.0,0.0
2024-08-05 01:10:00+00:00,85.19999694824219,85.5,85.19999694824219,85.19999694824219,215215,0.0,0.0
2024-08-05 01:15:00+00:00,85.19999694824219,85.4000015258789,85.19999694824219,85.19999694824219,389585,0.0,0.0
2024-08-05 01:20:00+00:00,85.19999694824219,85.19999694824219,85.19999694824219,85.19999694824219,36539,0.0,0.0
2024-08-05 01:25:00+00:00,85.19999694824219,85.19999694824219,85.19999694824219,85.19999694824219,26256,0.0,0.0
2024-08-05 01:30:00+00:00,85.19999694824219,85.19999694824219,85.19999694824219,85.19999694824219,230738,0.0,0.0
2024-08-05 01:35:00+00:00,85.19999694824219,85.19999694824219,85.19999694824219,85.19999694824219,21054,0.0,0.0
2024-08-05 01:40:00+00:00,85.19999694824219,85.19999694824219,85.19999694824219,85.19999694824219,19269,0.0,0.0
2024-08-05 01:45:00+00:00,85.19999694824219,85.19999694824219,85.19999694824219,85.19999694824219,115582,0.0,0.0
2024-08-05 01:50:00+00:00,85.19999694824219,85.19999694824219,85.19999694824219,85.19999694824219,8330,0.0,0.0
2024-08-05 01:55:00+00:00,85.19999694824219,85.19999694824219,85.19999694824219,85.19999694824219,4100,0.0,0.0
2024-08-05 02:00:00+00:00,85.19999694824219,85.19999694824219,85.19999694824219,85.19999694824219,83187,0.0,0.0
2024-08-05 02:05:00+00:00,85.19999694824219,85.19999694824219,85.19999694824219,85.19999694824219,36100,0.0,0.0
2024-08-05 02:10:00+00:00,85.19999694824219,85.19999694824219,85.19999694824219,85.19999694824219,7371,0.0,0.0
2024-08-05 02:15:00+00:00,85.19999694824219,85.19999694824219,85.19999694824219,85.19999694824219,69213,0.0,0.0
2024-08-05 02:20:00+00:00,85.19999694824219,85.19999694824219,85.19999694824219,85.19999694824219,11720,0.0,0.0
2024-08-05 02:25:00+00:00,85.19999694824219,85.19999694824219,85.19999694824219,85.19999694824219,27565,0.0,0.0
2024-08-05 02:30:00+00:00,85.19999694824219,85.19999694824219,85.19999694824219,85.19999694824219,81370,0.0,0.0
2024-08-05 02:35:00+00:00,85.19999694824219,85.19999694824219,85.19999694824219,85.19999694824219,7400,0.0,0.0
2024-08-05 02:40:00+00:00,85.19999694824219,85.19999694824219,85.19999694824219,85.19999694824219,5502,0.0,0.0
2024-08-05 02:45:00+00:00,85.19999694824219,85.19999694824219,85.19999694824219,85.19999694824219,68150,0.0,0.0
2024-08-05 02:50:00+00:00,85.19999694824219,85.19999694824219,85.19999694824219,85.19999694824219,3025,0.0,0.0
2024-08-05 02:55:00+00:00,85.19999694824219,85.19999694824219,85.19999694824219,85.19999694824219,7370,0.0,0.0
2024-08-05 03:00:00+00:00,85.19999694824219,85.19999694824219,85.19999694824219,85.19999694824219,38362,0.0,0.0
2024-08-05 03:05:00+00:00,85.19999694824219,85.19999694824219,85.19999694824219,85.19999694824219,3020,0.0,0.0
2024-08-05 03:10:00+00:00,85.19999694824219,85.19999694824219,85.19999694824219,85.19999694824219,17030,0.0,0.0
2024-08-05 03:15:00+00:00,85.19999694824219,85.19999694824219,85.19999694824219,85.19999694824219,33270,0.0,0.0
2024-08-05 03:20:00+00:00,85.19999694824219,85.19999694824219,85.19999694824219,85.19999694824219,1000,0.0,0.0
2024-08-05 03:25:00+00:00,85.19999694824219,85.19999694824219,85.19999694824219,85.19999694824219,4480,0.0,0.0
2024-08-05 03:30:00+00:00,85.19999694824219,85.19999694824219,85.19999694824219,85.19999694824219,23170,0.0,0.0
2024-08-05 03:35:00+00:00,85.19999694824219,85.19999694824219,85.19999694824219,85.19999694824219,1000,0.0,0.0
2024-08-05 03:40:00+00:00,85.19999694824219,85.19999694824219,85.19999694824219,85.19999694824219,4010,0.0,0.0
2024-08-05 03:45:00+00:00,85.19999694824219,85.19999694824219,85.19999694824219,85.19999694824219,4135,0.0,0.0
2024-08-05 03:50:00+00:00,85.19999694824219,85.19999694824219,85.19999694824219,85.19999694824219,37039,0.0,0.0
2024-08-05 03:55:00+00:00,85.19999694824219,85.19999694824219,85.19999694824219,85.19999694824219,15000,0.0,0.0
2024-08-05 04:00:00+00:00,85.19999694824219,85.19999694824219,85.19999694824219,85.19999694824219,2600,0.0,0.0
2024-08-05 04:05:00+00:00,85.19999694824219,85.19999694824219,85.19999694824219,85.19999694824219,2000,0.0,0.0
2024-08-05 04:10:00+00:00,85.19999694824219,85.19999694824219,85.19999694824219,85.19999694824219,2010,0.0,0.0
2024-08-05 04:15:00+00:00,85.19999694824219,85.19999694824219,85.19999694824219,85.19999694824219,2210,0.0,0.0
2024-08-05 04:20:00+00:00,85.19999694824219,85.19999694824219,85.19999694824219,85.19999694824219,6000,0.0,0.0
2024-08-05 04:25:00+00:00,85.19999694824219,85.19999694824219,85.19999694824219,85.19999694824219,3526,0.0,0.0
2024-08-05 04:30:00+00:00,85.19999694824219,85.19999694824219,85.19999694824219,85.19999694824219,1017,0.0,0.0
2024-08-05 04:35:00+00:00,85.19999694824219,85.19999694824219,85.19999694824219,85.19999694824219,1740,0.0,0.0
2024-08-05 04:40:00+00:00,85.19999694824219,85.19999694824219,85.19999694824219,85.19999694824219,8112,0.0,0.0
2024-08-05 04:45:00+00:00,85.19999694824219,85.19999694824219,85.19999694824219,85.19999694824219,5202,0.0,0.0
2024-08-05 04:50:00+00:00,85.19999694824219,85.19999694824219,85.19999694824219,85.19999694824219,4000,0.0,0.0
2024-08-05 04:55:00+00:00,85.19999694824219,85.19999694824219,85.19999694824219,85.19999694824219,5000,0.0,0.0
2024-08-05 05:00:00+00:00,85.19999694824219,85.19999694824219,85.19999694824219,85.19999694824219,3002,0.0,0.0
2024-08-05 05:05:00+00:00,85.19999694824219,85.19999694824219,85.19999694824219,85.19999694824219,4100,0.0,0.0
2024-08-05 05:10:00+00:00,85.19999694824219,85.19999694824219,85.19999694824219,85.19999694824219,5100,0.0,0.0
2024-08-05 05:15:00+00:00,85.19999694824219,85.19999694824219,85.19999694824219,85.19999694824219,19050,0.0,0.0
2024-08-05 05:20:00+00:00,85.19999694824219,85.19999694824219,85.19999694824219,85.19999694824219,13827,0.0,0.0
2024-08-06 01:00:00+00:00,83.0,85.9000015258789,83.0,84.5999984741211,0,0.0,0.0
2024-08-06 01:05:00+00:00,84.5,86.0,84.0999984741211,84.0999984741211,475000,0.0,0.0
2024-08-06 01:10:00+00:00,84.0999984741211,84.4000015258789,83.5,83.5,425410,0.0,0.0
2024-08-06 01:15:00+00:00,83.5,83.9000015258789,82.5999984741211,82.69999694824219,393640,0.0,0.0
2024-08-06 01:20:00+00:00,82.80000305175781,82.9000015258789,81.5,81.5,393759,0.0,0.0
2024-08-06 01:25:00+00:00,81.5,81.69999694824219,80.69999694824219,81.69999694824219,569685,0.0,0.0
2024-08-06 01:30:00+00:00,81.9000015258789,81.9000015258789,79.9000015258789,79.9000015258789,365515,0.0,0.0
2024-08-06 01:35:00+00:00,79.9000015258789,79.9000015258789,77.69999694824219,77.9000015258789,893247,0.0,0.0
2024-08-06 01:40:00+00:00,77.9000015258789,78.5999984741211,77.0,77.4000015258789,661847,0.0,0.0
2024-08-06 01:45:00+00:00,77.4000015258789,79.0,76.80000305175781,78.80000305175781,661429,0.0,0.0
2024-08-06 01:50:00+00:00,79.0,80.30000305175781,78.80000305175781,79.9000015258789,471155,0.0,0.0
2024-08-06 01:55:00+00:00,80.30000305175781,80.5999984741211,79.5999984741211,79.5999984741211,105440,0.0,0.0
2024-08-06 02:00:00+00:00,79.9000015258789,82.0999984741211,79.5999984741211,80.30000305175781,280535,0.0,0.0
2024-08-06 02:05:00+00:00,80.80000305175781,82.0999984741211,80.80000305175781,81.30000305175781,287445,0.0,0.0
2024-08-06 02:10:00+00:00,81.30000305175781,81.69999694824219,80.9000015258789,81.0999984741211,159005,0.0,0.0
2024-08-06 02:15:00+00:00,81.0999984741211,81.5999984741211,81.0,81.0999984741211,152968,0.0,0.0
2024-08-06 02:20:00+00:00,81.0999984741211,81.80000305175781,80.69999694824219,81.80000305175781,107489,0.0,0.0
2024-08-06 02:25:00+00:00,81.9000015258789,82.0,81.30000305175781,81.9000015258789,119166,0.0,0.0
2024-08-06 02:30:00+00:00,82.0,83.0999984741211,82.0,83.0999984741211,149235,0.0,0.0
2024-08-06 02:35:00+00:00,83.0999984741211,83.4000015258789,82.80000305175781,83.4000015258789,117207,0.0,0.0
2024-08-06 02:40:00+00:00,83.19999694824219,84.0,83.19999694824219,84.0,169202,0.0,0.0
2024-08-06 02:45:00+00:00,84.0999984741211,84.80000305175781,84.0999984741211,84.5999984741211,134088,0.0,0.0
2024-08-06 02:50:00+00:00,84.5,84.5,83.9000015258789,84.0999984741211,71137,0.0,0.0
2024-08-06 02:55:00+00:00,84.0,84.0,83.5999984741211,83.5999984741211,35374,0.0,0.0
2024-08-06 03:00:00+00:00,83.69999694824219,84.0999984741211,83.5999984741211,84.0999984741211,64000,0.0,0.0
2024-08-06 03:05:00+00:00,84.19999694824219,85.0999984741211,84.19999694824219,85.0999984741211,191124,0.0,0.0
2024-08-06 03:10:00+00:00,85.0999984741211,85.0999984741211,84.69999694824219,84.69999694824219,54001,0.0,0.0
2024-08-06 03:15:00+00:00,84.5999984741211,85.0,84.5,85.0,84300,0.0,0.0
2024-08-06 03:20:00+00:00,85.0,85.19999694824219,84.80000305175781,85.0999984741211,53110,0.0,0.0
2024-08-06 03:25:00+00:00,85.0999984741211,85.9000015258789,85.0999984741211,85.69999694824219,169164,0.0,0.0
2024-08-06 03:30:00+00:00,85.69999694824219,86.19999694824219,85.69999694824219,86.0,117516,0.0,0.0
2024-08-06 03:35:00+00:00,86.0999984741211,86.80000305175781,86.0999984741211,86.69999694824219,136390,0.0,0.0
2024-08-06 03:40:00+00:00,86.80000305175781,87.5,86.80000305175781,87.5,233011,0.0,0.0
2024-08-06 03:45:00+00:00,87.5,87.80000305175781,87.30000305175781,87.5,128022,0.0,0.0
2024-08-06 03:50:00+00:00,87.5999984741211,88.19999694824219,87.5,87.69999694824219,145708,0.0,0.0
2024-08-06 03:55:00+00:00,87.69999694824219,87.69999694824219,86.9000015258789,86.9000015258789,164939,0.0,0.0
2024-08-06 04:00:00+00:00,87.0,87.4000015258789,86.80000305175781,86.80000305175781,48363,0.0,0.0
2024-08-06 04:05:00+00:00,86.69999694824219,86.69999694824219,86.5,86.5,67596,0.0,0.0
2024-08-06 04:10:00+00:00,86.5,86.69999694824219,86.30000305175781,86.30000305175781,34020,0.0,0.0
2024-08-06 04:15:00+00:00,86.4000015258789,87.19999694824219,86.30000305175781,87.19999694824219,59111,0.0,0.0
2024-08-06 04:20:00+00:00,87.19999694824219,87.5,87.0999984741211,87.0999984741211,57699,0.0,0.0
2024-08-06 04:25:00+00:00,87.0999984741211,87.5,87.0999984741211,87.4000015258789,32016,0.0,0.0
2024-08-06 04:30:00+00:00,87.5,87.9000015258789,87.0999984741211,87.19999694824219,76531,0.0,0.0
2024-08-06 04:35:00+00:00,87.19999694824219,88.0,87.19999694824219,87.5,58281,0.0,0.0
2024-08-06 04:40:00+00:00,87.69999694824219,87.80000305175781,87.5999984741211,87.69999694824219,27000,0.0,0.0
2024-08-06 04:45:00+00:00,87.69999694824219,87.80000305175781,87.5,87.5999984741211,61090,0.0,0.0
2024-08-06 04:50:00+00:00,87.5,87.5,87.0999984741211,87.0999984741211,23650,0.0,0.0
2024-08-06 04:55:00+00:00,87.0999984741211,87.0999984741211,86.5,86.5999984741211,65424,0.0,0.0
2024-08-06 05:00:00+00:00,86.5999984741211,86.80000305175781,86.5,86.69999694824219,32109,0.0,0.0
2024-08-06 05:05:00+00:00,86.69999694824219,86.80000305175781,86.4000015258789,86.5,41893,0.0,0.0
2024-08-06 05:10:00+00:00,86.5,86.69999694824219,86.4000015258789,86.69999694824219,42000,0.0,0.0
2024-08-06 05:15:00+00:00,86.5999984741211,87.19999694824219,86.5999984741211,87.0,138020,0.0,0.0
2024-08-06 05:20:00+00:00,87.0999984741211,87.0999984741211,86.80000305175781,87.0,138315,0.0,0.0
2024-08-07 01:00:00+00:00,86.0,89.80000305175781,86.0,89.0999984741211,0,0.0,0.0
2024-08-07 01:05:00+00:00,89.0999984741211,89.80000305175781,88.0,89.5999984741211,453000,0.0,0.0
2024-08-07 01:10:00+00:00,89.69999694824219,90.80000305175781,89.5999984741211,90.69999694824219,279313,0.0,0.0
2024-08-07 01:15:00+00:00,90.69999694824219,91.5999984741211,90.69999694824219,91.0999984741211,247508,0.0,0.0
2024-08-07 01:20:00+00:00,91.0999984741211,91.30000305175781,90.4000015258789,90.5999984741211,150598,0.0,0.0
2024-08-07 01:25:00+00:00,90.30000305175781,91.0999984741211,90.19999694824219,91.0,96941,0.0,0.0
2024-08-07 01:30:00+00:00,91.19999694824219,91.5,91.0999984741211,91.5,95000,0.0,0.0
2024-08-07 01:35:00+00:00,91.5999984741211,92.0,91.4000015258789,91.9000015258789,87200,0.0,0.0
2024-08-07 01:40:00+00:00,91.80000305175781,92.5,91.5999984741211,92.5,141055,0.0,0.0
2024-08-07 01:45:00+00:00,92.5,93.0,92.30000305175781,92.5,146960,0.0,0.0
2024-08-07 01:50:00+00:00,92.69999694824219,92.69999694824219,91.5,92.30000305175781,69300,0.0,0.0
2024-08-07 01:55:00+00:00,92.4000015258789,92.80000305175781,92.4000015258789,92.80000305175781,23216,0.0,0.0
2024-08-07 02:00:00+00:00,92.9000015258789,92.9000015258789,91.5,91.5999984741211,99394,0.0,0.0
2024-08-07 02:05:00+00:00,91.80000305175781,92.5,91.69999694824219,92.5,33100,0.0,0.0
2024-08-07 02:10:00+00:00,92.5,92.69999694824219,92.4000015258789,92.4000015258789,23150,0.0,0.0
2024-08-07 02:15:00+00:00,92.4000015258789,92.4000015258789,91.9000015258789,92.19999694824219,31795,0.0,0.0
2024-08-07 02:20:00+00:00,92.19999694824219,92.5999984741211,92.19999694824219,92.5999984741211,21000,0.0,0.0
2024-08-07 02:25:00+00:00,92.80000305175781,93.0,92.69999694824219,93.0,31100,0.0,0.0
2024-08-07 02:30:00+00:00,93.0,95.0,93.0,94.4000015258789,326106,0.0,0.0
2024-08-07 02:35:00+00:00,94.30000305175781,94.80000305175781,93.9000015258789,94.19999694824219,135250,0.0,0.0
2024-08-07 02:40:00+00:00,94.0999984741211,94.0999984741211,93.80000305175781,94.0,65392,0.0,0.0
2024-08-07 02:45:00+00:00,94.0,94.9000015258789,94.0,94.5,60000,0.0,0.0
2024-08-07 02:50:00+00:00,94.4000015258789,94.5,93.4000015258789,93.4000015258789,85500,0.0,0.0
2024-08-07 02:55:00+00:00,93.4000015258789,93.4000015258789,93.19999694824219,93.30000305175781,28675,0.0,0.0
2024-08-07 03:00:00+00:00,93.30000305175781,93.69999694824219,93.19999694824219,93.69999694824219,27085,0.0,0.0
2024-08-07 03:05:00+00:00,93.80000305175781,93.80000305175781,93.69999694824219,93.69999694824219,7013,0.0,0.0
2024-08-07 03:10:00+00:00,93.69999694824219,94.0999984741211,93.69999694824219,94.0999984741211,26200,0.0,0.0
2024-08-07 03:15:00+00:00,93.9000015258789,94.0,93.69999694824219,93.69999694824219,43000,0.0,0.0
2024-08-07 03:20:00+00:00,93.69999694824219,93.69999694824219,93.69999694824219,93.69999694824219,7036,0.0,0.0
2024-08-07 03:25:00+00:00,93.69999694824219,93.80000305175781,93.19999694824219,93.19999694824219,25000,0.0,0.0
2024-08-07 03:30:00+00:00,93.4000015258789,93.4000015258789,93.19999694824219,93.19999694824219,10000,0.0,0.0
2024-08-07 03:35:00+00:00,93.0999984741211,93.0999984741211,92.69999694824219,92.9000015258789,68354,0.0,0.0
2024-08-07 03:40:00+00:00,92.9000015258789,93.0999984741211,92.9000015258789,93.0999984741211,18129,0.0,0.0
2024-08-07 03:45:00+00:00,93.30000305175781,93.4000015258789,93.30000305175781,93.4000015258789,18000,0.0,0.0
2024-08-07 03:50:00+00:00,93.19999694824219,93.19999694824219,93.0,93.19999694824219,14000,0.0,0.0
2024-08-07 03:55:00+00:00,93.0999984741211,93.0999984741211,93.0999984741211,93.0999984741211,15020,0.0,0.0
2024-08-07 04:00:00+00:00,93.19999694824219,93.19999694824219,93.0999984741211,93.19999694824219,41500,0.0,0.0
2024-08-07 04:05:00+00:00,93.30000305175781,93.30000305175781,93.19999694824219,93.19999694824219,5601,0.0,0.0
2024-08-07 04:10:00+00:00,93.19999694824219,93.30000305175781,93.19999694824219,93.30000305175781,15000,0.0,0.0
2024-08-07 04:15:00+00:00,93.30000305175781,93.30000305175781,92.69999694824219,92.80000305175781,70410,0.0,0.0
2024-08-07 04:20:00+00:00,92.80000305175781,93.0,92.80000305175781,93.0,10000,0.0,0.0
2024-08-07 04:25:00+00:00,93.0,93.0,93.0,93.0,3050,0.0,0.0
2024-08-07 04:30:00+00:00,93.0,93.0,92.9000015258789,92.9000015258789,3150,0.0,0.0
2024-08-07 04:35:00+00:00,93.0,93.30000305175781,92.9000015258789,93.0,32000,0.0,0.0
2024-08-07 04:40:00+00:00,93.0,93.0,92.9000015258789,93.0,15000,0.0,0.0
2024-08-07 04:45:00+00:00,93.0,93.0,93.0,93.0,11062,0.0,0.0
2024-08-07 04:50:00+00:00,93.0,93.0,93.0,93.0,13538,0.0,0.0
2024-08-07 04:55:00+00:00,93.0,93.0,92.5999984741211,92.80000305175781,57110,0.0,0.0
2024-08-07 05:00:00+00:00,92.69999694824219,92.69999694824219,92.0999984741211,92.0999984741211,107033,0.0,0.0
2024-08-07 05:05:00+00:00,92.30000305175781,92.5,92.19999694824219,92.5,17030,0.0,0.0
2024-08-07 05:10:00+00:00,92.5,92.80000305175781,92.5,92.5999984741211,42443,0.0,0.0
2024-08-07 05:15:00+00:00,92.5999984741211,92.80000305175781,92.5,92.5,47050,0.0,0.0
2024-08-07 05:20:00+00:00,92.5,93.0,92.4000015258789,92.80000305175781,97202,0.0,0.0
2024-08-08 01:00:00+00:00,93.0,95.9000015258789,92.9000015258789,95.0999984741211,0,0.0,0.0
2024-08-08 01:05:00+00:00,94.5,94.9000015258789,93.30000305175781,93.5999984741211,463692,0.0,0.0
2024-08-08 01:10:00+00:00,93.80000305175781,95.9000015258789,93.69999694824219,95.80000305175781,279428,0.0,0.0
2024-08-08 01:15:00+00:00,95.69999694824219,95.69999694824219,93.80000305175781,95.19999694824219,161726,0.0,0.0
2024-08-08 01:20:00+00:00,95.5999984741211,95.69999694824219,94.5999984741211,94.69999694824219,191536,0.0,0.0
2024-08-08 01:25:00+00:00,94.80000305175781,95.19999694824219,94.5,95.19999694824219,164331,0.0,0.0
2024-08-08 01:30:00+00:00,95.19999694824219,95.5,94.80000305175781,95.0,113534,0.0,0.0
2024-08-08 01:35:00+00:00,95.0999984741211,95.19999694824219,94.19999694824219,94.5999984741211,137645,0.0,0.0
2024-08-08 01:40:00+00:00,94.5999984741211,94.5999984741211,94.30000305175781,94.5999984741211,38000,0.0,0.0
2024-08-08 01:45:00+00:00,94.5,94.9000015258789,94.4000015258789,94.5999984741211,37340,0.0,0.0
2024-08-08 01:50:00+00:00,94.80000305175781,95.19999694824219,94.80000305175781,95.19999694824219,67155,0.0,0.0
2024-08-08 01:55:00+00:00,95.19999694824219,95.5,95.19999694824219,95.5,56262,0.0,0.0
2024-08-08 02:00:00+00:00,95.5,97.4000015258789,95.5,97.0,333956,0.0,0.0
2024-08-08 02:05:00+00:00,96.9000015258789,97.30000305175781,96.5,97.0,86543,0.0,0.0
2024-08-08 02:10:00+00:00,97.0999984741211,97.19999694824219,97.0999984741211,97.19999694824219,21571,0.0,0.0
2024-08-08 02:15:00+00:00,97.19999694824219,97.9000015258789,96.80000305175781,97.9000015258789,114160,0.0,0.0
2024-08-08 02:20:00+00:00,97.80000305175781,98.5999984741211,97.69999694824219,98.5,142598,0.0,0.0
2024-08-08 02:25:00+00:00,98.4000015258789,98.5,97.0,97.19999694824219,135705,0.0,0.0
2024-08-08 02:30:00+00:00,97.4000015258789,97.9000015258789,97.30000305175781,97.5,62548,0.0,0.0
2024-08-08 02:35:00+00:00,97.5,97.5999984741211,97.30000305175781,97.4000015258789,60535,0.0,0.0
2024-08-08 02:40:00+00:00,97.19999694824219,97.4000015258789,97.19999694824219,97.30000305175781,35336,0.0,0.0
2024-08-08 02:45:00+00:00,97.19999694824219,98.0,97.19999694824219,97.80000305175781,45809,0.0,0.0
2024-08-08 02:50:00+00:00,97.9000015258789,97.9000015258789,97.5,97.9000015258789,64405,0.0,0.0
2024-08-08 02:55:00+00:00,97.69999694824219,98.5,97.5999984741211,98.5,79366,0.0,0.0
2024-08-08 03:00:00+00:00,98.5,98.80000305175781,98.19999694824219,98.19999694824219,68407,0.0,0.0
2024-08-08 03:05:00+00:00,98.19999694824219,98.19999694824219,97.69999694824219,97.69999694824219,60031,0.0,0.0
2024-08-08 03:10:00+00:00,97.69999694824219,98.69999694824219,97.5999984741211,97.9000015258789,115270,0.0,0.0
2024-08-08 03:15:00+00:00,98.0,98.30000305175781,97.5,98.30000305175781,82180,0.0,0.0
2024-08-08 03:20:00+00:00,98.0,99.19999694824219,97.9000015258789,99.19999694824219,156264,0.0,0.0
2024-08-08 03:25:00+00:00,99.0,99.5,98.9000015258789,99.0999984741211,180880,0.0,0.0
2024-08-08 03:30:00+00:00,99.0999984741211,99.4000015258789,99.0999984741211,99.4000015258789,61101,0.0,0.0
2024-08-08 03:35:00+00:00,99.30000305175781,99.4000015258789,99.30000305175781,99.4000015258789,36002,0.0,0.0
2024-08-08 03:40:00+00:00,99.4000015258789,99.5,98.9000015258789,98.9000015258789,108492,0.0,0.0
2024-08-08 03:45:00+00:00,99.0,99.4000015258789,99.0,99.30000305175781,50000,0.0,0.0
2024-08-08 03:50:00+00:00,99.30000305175781,99.30000305175781,98.9000015258789,99.0,68119,0.0,0.0
2024-08-08 03:55:00+00:00,99.0,99.0,98.5,98.5999984741211,48226,0.0,0.0
2024-08-08 04:00:00+00:00,98.5999984741211,98.80000305175781,98.4000015258789,98.4000015258789,42000,0.0,0.0
2024-08-08 04:05:00+00:00,98.4000015258789,98.4000015258789,97.9000015258789,98.0999984741211,83045,0.0,0.0
2024-08-08 04:10:00+00:00,98.19999694824219,98.69999694824219,98.19999694824219,98.69999694824219,10050,0.0,0.0
2024-08-08 04:15:00+00:00,98.5999984741211,98.5999984741211,98.30000305175781,98.30000305175781,22007,0.0,0.0
2024-08-08 04:20:00+00:00,98.30000305175781,98.30000305175781,97.69999694824219,97.69999694824219,46395,0.0,0.0
2024-08-08 04:25:00+00:00,97.69999694824219,97.69999694824219,97.30000305175781,97.30000305175781,86477,0.0,0.0
2024-08-08 04:30:00+00:00,97.30000305175781,97.30000305175781,97.0,97.19999694824219,79221,0.0,0.0
2024-08-08 04:35:00+00:00,97.19999694824219,97.19999694824219,96.69999694824219,96.80000305175781,77240,0.0,0.0
2024-08-08 04:40:00+00:00,96.80000305175781,97.0,96.69999694824219,96.9000015258789,21620,0.0,0.0
2024-08-08 04:45:00+00:00,96.9000015258789,97.0999984741211,96.9000015258789,96.9000015258789,36700,0.0,0.0
2024-08-08 04:50:00+00:00,96.9000015258789,97.0,96.9000015258789,97.0,16030,0.0,0.0
2024-08-08 04:55:00+00:00,97.0999984741211,97.0999984741211,96.9000015258789,97.0,18010,0.0,0.0
2024-08-08 05:00:00+00:00,97.0,97.5999984741211,97.0,97.5999984741211,31690,0.0,0.0
2024-08-08 05:05:00+00:00,97.5999984741211,97.5999984741211,97.30000305175781,97.4000015258789,30427,0.0,0.0
2024-08-08 05:10:00+00:00,97.30000305175781,97.30000305175781,96.69999694824219,97.30000305175781,131000,0.0,0.0
2024-08-08 05:15:00+00:00,97.30000305175781,97.4000015258789,97.0999984741211,97.0999984741211,33065,0.0,0.0
2024-08-08 05:20:00+00:00,97.19999694824219,97.19999694824219,96.69999694824219,96.9000015258789,99696,0.0,0.0
2024-08-09 01:00:00+00:00,100.0,101.0,99.5,99.69999694824219,0,0.0,0.0
2024-08-09 01:05:00+00:00,99.80000305175781,101.0,99.80000305175781,100.5,179000,0.0,0.0
2024-08-09 01:10:00+00:00,100.5,100.5,99.4000015258789,99.4000015258789,262845,0.0,0.0
2024-08-09 01:15:00+00:00,99.4000015258789,100.5,99.4000015258789,100.0,125998,0.0,0.0
2024-08-09 01:20:00+00:00,100.0,101.0,99.80000305175781,100.5,208136,0.0,0.0
2024-08-09 01:25:00+00:00,101.0,102.0,100.5,101.5,463265,0.0,0.0
2024-08-09 01:30:00+00:00,101.5,103.5,101.5,102.0,677177,0.0,0.0
2024-08-09 01:35:00+00:00,102.0,102.0,101.5,101.5,24966,0.0,0.0
2024-08-09 01:40:00+00:00,102.0,102.5,101.5,102.5,88400,0.0,0.0
2024-08-09 01:45:00+00:00,102.5,103.0,102.0,102.5,160482,0.0,0.0
2024-08-09 01:50:00+00:00,102.5,103.0,102.0,102.5,92220,0.0,0.0
2024-08-09 01:55:00+00:00,102.5,102.5,102.0,102.5,55075,0.0,0.0
2024-08-09 02:00:00+00:00,102.5,102.5,101.5,101.5,42216,0.0,0.0
2024-08-09 02:05:00+00:00,102.0,102.0,101.5,102.0,21333,0.0,0.0
2024-08-09 02:10:00+00:00,102.0,105.0,102.0,104.0,819803,0.0,0.0
2024-08-09 02:15:00+00:00,104.5,104.5,103.5,103.5,113194,0.0,0.0
2024-08-09 02:20:00+00:00,103.5,104.0,103.0,104.0,54045,0.0,0.0
2024-08-09 02:25:00+00:00,104.0,104.0,104.0,104.0,70429,0.0,0.0
2024-08-09 02:30:00+00:00,104.0,104.0,104.0,104.0,27467,0.0,0.0
2024-08-09 02:35:00+00:00,104.0,104.0,103.5,103.5,57174,0.0,0.0
2024-08-09 02:40:00+00:00,103.0,103.5,103.0,103.0,48354,0.0,0.0
2024-08-09 02:45:00+00:00,103.0,103.0,102.5,103.0,24221,0.0,0.0
2024-08-09 02:50:00+00:00,103.0,103.0,102.5,103.0,84657,0.0,0.0
2024-08-09 02:55:00+00:00,103.0,103.0,102.5,103.0,18274,0.0,0.0
2024-08-09 03:00:00+00:00,103.0,103.0,103.0,103.0,18000,0.0,0.0
2024-08-09 03:05:00+00:00,103.0,103.0,102.5,102.5,30100,0.0,0.0
2024-08-09 03:10:00+00:00,103.0,103.0,102.5,103.0,14205,0.0,0.0
2024-08-09 03:15:00+00:00,103.0,103.0,102.0,102.0,42017,0.0,0.0
2024-08-09 03:20:00+00:00,102.0,103.0,102.0,103.0,38106,0.0,0.0
2024-08-09 03:25:00+00:00,103.0,103.0,101.0,101.5,169575,0.0,0.0
2024-08-09 03:30:00+00:00,102.5,102.5,102.0,102.5,20058,0.0,0.0
2024-08-09 03:35:00+00:00,102.5,102.5,102.0,102.5,32100,0.0,0.0
2024-08-09 03:40:00+00:00,102.5,103.0,102.5,103.0,16301,0.0,0.0
2024-08-09 03:45:00+00:00,103.0,103.0,102.0,102.5,40120,0.0,0.0
2024-08-09 03:50:00+00:00,102.5,102.5,102.0,102.5,20233,0.0,0.0
2024-08-09 03:55:00+00:00,102.5,102.5,102.5,102.5,10050,0.0,0.0
2024-08-09 04:00:00+00:00,102.5,102.5,102.0,102.5,22230,0.0,0.0
2024-08-09 04:05:00+00:00,102.5,102.5,101.5,102.0,48326,0.0,0.0
2024-08-09 04:10:00+00:00,102.0,102.0,102.0,102.0,17000,0.0,0.0
2024-08-09 04:15:00+00:00,102.0,102.0,102.0,102.0,11015,0.0,0.0
2024-08-09 04:20:00+00:00,101.5,102.0,101.5,102.0,27273,0.0,0.0
2024-08-09 04:25:00+00:00,102.0,102.0,101.5,102.0,37356,0.0,0.0
2024-08-09 04:30:00+00:00,102.0,102.0,101.5,102.0,22832,0.0,0.0
2024-08-09 04:35:00+00:00,102.0,102.0,101.5,102.0,12310,0.0,0.0
2024-08-09 04:40:00+00:00,102.0,102.0,101.0,101.5,57480,0.0,0.0
2024-08-09 04:45:00+00:00,101.5,101.5,101.0,101.5,25300,0.0,0.0
2024-08-09 04:50:00+00:00,101.0,101.5,101.0,101.0,111644,0.0,0.0
2024-08-09 04:55:00+00:00,101.5,101.5,100.5,101.0,141361,0.0,0.0
2024-08-09 05:00:00+00:00,101.0,101.0,100.5,100.5,93506,0.0,0.0
2024-08-09 05:05:00+00:00,100.5,101.0,100.0,100.5,117210,0.0,0.0
2024-08-09 05:10:00+00:00,100.5,101.0,100.5,101.0,44000,0.0,0.0
2024-08-09 05:15:00+00:00,101.0,101.0,100.0,100.0,41145,0.0,0.0
2024-08-09 05:20:00+00:00,100.0,101.0,100.0,101.0,141769,0.0,0.0
2024-08-12 01:00:00+00:00,103.0,103.0,101.5,102.5,0,0.0,0.0
2024-08-12 01:05:00+00:00,102.5,103.0,101.5,102.0,238000,0.0,0.0
2024-08-12 01:10:00+00:00,102.0,103.0,101.5,102.0,167339,0.0,0.0
2024-08-12 01:15:00+00:00,102.5,103.0,102.0,102.5,45998,0.0,0.0
2024-08-12 01:20:00+00:00,103.0,105.0,102.0,104.5,782063,0.0,0.0
2024-08-12 01:25:00+00:00,104.5,105.0,104.0,104.5,295685,0.0,0.0
2024-08-12 01:30:00+00:00,104.5,105.0,104.0,105.0,79930,0.0,0.0
2024-08-12 01:35:00+00:00,105.0,106.0,104.5,105.5,544371,0.0,0.0
2024-08-12 01:40:00+00:00,105.5,105.5,104.5,104.5,122606,0.0,0.0
2024-08-12 01:45:00+00:00,104.5,105.0,104.5,104.5,69186,0.0,0.0
2024-08-12 01:50:00+00:00,104.5,104.5,104.5,104.5,29016,0.0,0.0
2024-08-12 01:55:00+00:00,105.0,105.0,104.0,104.0,72000,0.0,0.0
2024-08-12 02:00:00+00:00,104.0,104.5,104.0,104.5,60853,0.0,0.0
2024-08-12 02:05:00+00:00,104.5,105.0,104.5,105.0,18764,0.0,0.0
2024-08-12 02:10:00+00:00,105.0,106.0,105.0,105.5,288969,0.0,0.0
2024-08-12 02:15:00+00:00,105.5,106.0,105.0,105.5,140786,0.0,0.0
2024-08-12 02:20:00+00:00,105.0,105.0,104.5,104.5,74452,0.0,0.0
2024-08-12 02:25:00+00:00,104.5,105.0,104.5,105.0,29100,0.0,0.0
2024-08-12 02:30:00+00:00,104.5,104.5,104.5,104.5,41337,0.0,0.0
2024-08-12 02:35:00+00:00,104.5,104.5,104.0,104.0,47555,0.0,0.0
2024-08-12 02:40:00+00:00,104.0,104.5,104.0,104.5,59400,0.0,0.0
2024-08-12 02:45:00+00:00,104.5,105.0,104.5,105.0,19500,0.0,0.0
2024-08-12 02:50:00+00:00,105.0,105.0,105.0,105.0,10005,0.0,0.0
2024-08-12 02:55:00+00:00,104.5,105.0,104.5,104.5,53000,0.0,0.0
2024-08-12 03:00:00+00:00,104.5,104.5,104.5,104.5,41475,0.0,0.0
2024-08-12 03:05:00+00:00,104.5,104.5,104.5,104.5,13225,0.0,0.0
2024-08-12 03:10:00+00:00,104.5,105.0,104.5,105.0,28000,0.0,0.0
2024-08-12 03:15:00+00:00,105.0,105.0,104.5,105.0,7034,0.0,0.0
2024-08-12 03:20:00+00:00,104.5,105.0,104.5,105.0,13100,0.0,0.0
2024-08-12 03:25:00+00:00,104.5,104.5,104.5,104.5,12450,0.0,0.0
2024-08-12 03:30:00+00:00,104.5,105.0,103.5,103.5,132016,0.0,0.0
2024-08-12 03:35:00+00:00,103.5,104.0,103.5,103.5,21659,0.0,0.0
2024-08-12 03:40:00+00:00,103.5,104.0,103.5,104.0,10345,0.0,0.0
2024-08-12 03:45:00+00:00,103.5,103.5,103.5,103.5,15100,0.0,0.0
2024-08-12 03:50:00+00:00,103.5,104.0,103.5,104.0,9000,0.0,0.0
2024-08-12 03:55:00+00:00,104.0,104.0,103.5,103.5,8210,0.0,0.0
2024-08-12 04:00:00+00:00,103.5,104.0,103.5,104.0,51000,0.0,0.0
2024-08-12 04:05:00+00:00,104.0,104.0,104.0,104.0,5021,0.0,0.0
2024-08-12 04:10:00+00:00,104.0,104.5,104.0,104.0,21569,0.0,0.0
2024-08-12 04:15:00+00:00,104.0,104.0,103.5,104.0,59000,0.0,0.0
2024-08-12 04:20:00+00:00,104.0,104.0,104.0,104.0,10055,0.0,0.0
2024-08-12 04:25:00+00:00,103.5,103.5,103.5,103.5,16700,0.0,0.0
2024-08-12 04:30:00+00:00,104.0,104.0,104.0,104.0,11106,0.0,0.0
2024-08-12 04:35:00+00:00,104.0,104.0,103.5,103.5,9000,0.0,0.0
2024-08-12 04:40:00+00:00,103.5,104.0,103.5,103.5,29200,0.0,0.0
2024-08-12 04:45:00+00:00,103.5,104.0,103.5,103.5,20437,0.0,0.0
2024-08-12 04:50:00+00:00,103.5,104.0,103.5,104.0,26056,0.0,0.0
2024-08-12 04:55:00+00:00,104.0,104.0,103.0,103.5,155404,0.0,0.0
2024-08-12 05:00:00+00:00,103.0,103.5,103.0,103.0,31000,0.0,0.0
2024-08-12 05:05:00+00:00,103.0,103.5,103.0,103.0,165369,0.0,0.0
2024-08-12 05:10:00+00:00,103.0,103.0,103.0,103.0,26342,0.0,0.0
2024-08-12 05:15:00+00:00,103.5,104.0,103.0,103.5,115415,0.0,0.0
2024-08-12 05:20:00+00:00,104.0,104.0,103.5,104.0,147212,0.0,0.0
2024-08-13 01:00:00+00:00,104.5,107.0,103.5,106.0,0,2.5,0.0
2024-08-13 01:05:00+00:00,106.0,107.0,103.0,104.0,940000,0.0,0.0
2024-08-13 01:10:00+00:00,103.5,106.0,103.5,106.0,242107,0.0,0.0
2024-08-13 01:15:00+00:00,106.0,106.0,104.0,104.5,205438,0.0,0.0
2024-08-13 01:20:00+00:00,104.5,104.5,103.0,103.0,157977,0.0,0.0
2024-08-13 01:25:00+00:00,103.0,103.5,102.5,103.5,154659,0.0,0.0
2024-08-13 01:30:00+00:00,103.5,104.0,103.5,103.5,59638,0.0,0.0
2024-08-13 01:35:00+00:00,103.5,103.5,103.5,103.5,33100,0.0,0.0
2024-08-13 01:40:00+00:00,103.5,103.5,103.0,103.5,53179,0.0,0.0
2024-08-13 01:45:00+00:00,103.5,104.0,103.5,103.5,36200,0.0,0.0
2024-08-13 01:50:00+00:00,104.0,104.0,103.0,103.5,39010,0.0,0.0
2024-08-13 01:55:00+00:00,103.5,103.5,103.0,103.5,57128,0.0,0.0
2024-08-13 02:00:00+00:00,103.5,104.0,103.5,104.0,39599,0.0,0.0
2024-08-13 02:05:00+00:00,104.0,104.5,104.0,104.0,22116,0.0,0.0
2024-08-13 02:10:00+00:00,104.0,104.0,103.0,103.5,111331,0.0,0.0
2024-08-13 02:15:00+00:00,103.5,103.5,103.0,103.0,6008,0.0,0.0
2024-08-13 02:20:00+00:00,103.0,103.0,103.0,103.0,4003,0.0,0.0
2024-08-13 02:25:00+00:00,103.0,103.5,103.0,103.5,23100,0.0,0.0
2024-08-13 02:30:00+00:00,103.5,103.5,103.0,103.0,33110,0.0,0.0
2024-08-13 02:35:00+00:00,103.0,103.5,103.0,103.5,21140,0.0,0.0
2024-08-13 02:40:00+00:00,103.0,104.0,103.0,104.0,67153,0.0,0.0
2024-08-13 02:45:00+00:00,103.5,104.0,103.5,104.0,8080,0.0,0.0
2024-08-13 02:50:00+00:00,104.0,104.5,104.0,104.5,125147,0.0,0.0
2024-08-13 02:55:00+00:00,104.5,105.0,104.5,104.5,98372,0.0,0.0
2024-08-13 03:00:00+00:00,104.5,105.0,104.5,105.0,20080,0.0,0.0
2024-08-13 03:05:00+00:00,105.0,105.5,105.0,105.5,200119,0.0,0.0
2024-08-13 03:10:00+00:00,105.5,105.5,105.0,105.0,213976,0.0,0.0
2024-08-13 03:15:00+00:00,105.0,105.0,105.0,105.0,57605,0.0,0.0
2024-08-13 03:20:00+00:00,105.0,105.0,104.5,104.5,45290,0.0,0.0
2024-08-13 03:25:00+00:00,104.5,104.5,104.5,104.5,53000,0.0,0.0
2024-08-13 03:30:00+00:00,104.5,104.5,104.5,104.5,18000,0.0,0.0
2024-08-13 03:35:00+00:00,104.5,104.5,104.0,104.0,24100,0.0,0.0
2024-08-13 03:40:00+00:00,104.5,104.5,104.5,104.5,13000,0.0,0.0
2024-08-13 03:45:00+00:00,104.5,104.5,104.0,104.0,29200,0.0,0.0
2024-08-13 03:50:00+00:00,104.0,104.5,104.0,104.5,9000,0.0,0.0
2024-08-13 03:55:00+00:00,104.5,104.5,104.0,104.5,35002,0.0,0.0
2024-08-13 04:00:00+00:00,104.5,105.0,104.0,105.0,67010,0.0,0.0
2024-08-13 04:05:00+00:00,104.5,104.5,104.0,104.5,54010,0.0,0.0
2024-08-13 04:10:00+00:00,104.5,104.5,104.0,104.5,78600,0.0,0.0
2024-08-13 04:15:00+00:00,104.5,104.5,104.5,104.5,24000,0.0,0.0
2024-08-13 04:20:00+00:00,104.5,104.5,104.5,104.5,7352,0.0,0.0
2024-08-13 04:25:00+00:00,104.0,104.0,104.0,104.0,6200,0.0,0.0
2024-08-13 04:30:00+00:00,104.0,104.0,103.5,104.0,70736,0.0,0.0
2024-08-13 04:35:00+00:00,103.5,103.5,103.5,103.5,6000,0.0,0.0
2024-08-13 04:40:00+00:00,103.5,103.5,103.5,103.5,55000,0.0,0.0
2024-08-13 04:45:00+00:00,104.0,104.5,104.0,104.5,54110,0.0,0.0
2024-08-13 04:50:00+00:00,104.5,104.5,104.0,104.5,29220,0.0,0.0
2024-08-13 04:55:00+00:00,104.5,104.5,104.0,104.0,23334,0.0,0.0
2024-08-13 05:00:00+00:00,104.0,104.5,104.0,104.0,53000,0.0,0.0
2024-08-13 05:05:00+00:00,104.0,104.0,103.5,103.5,94003,0.0,0.0
2024-08-13 05:10:00+00:00,103.5,104.0,103.5,104.0,23955,0.0,0.0
2024-08-13 05:15:00+00:00,104.0,104.0,103.5,104.0,72090,0.0,0.0
2024-08-13 05:20:00+00:00,104.5,104.5,103.5,104.0,79037,0.0,0.0
2024-08-14 01:00:00+00:00,107.0,107.5,106.0,107.0,0,0.0,0.0
2024-08-14 01:05:00+00:00,106.5,107.5,106.0,106.5,547000,0.0,0.0
2024-08-14 01:10:00+00:00,106.5,106.5,105.5,105.5,241918,0.0,0.0
2024-08-14 01:15:00+00:00,106.0,106.0,105.0,105.5,287111,0.0,0.0
2024-08-14 01:20:00+00:00,105.0,105.0,104.5,105.0,263884,0.0,0.0
2024-08-14 01:25:00+00:00,105.0,105.5,104.5,105.0,40037,0.0,0.0
2024-08-14 01:30:00+00:00,105.5,105.5,105.0,105.0,17060,0.0,0.0
2024-08-14 01:35:00+00:00,105.0,105.5,105.0,105.5,29039,0.0,0.0
2024-08-14 01:40:00+00:00,105.5,105.5,104.5,104.5,128015,0.0,0.0
2024-08-14 01:45:00+00:00,104.5,104.5,104.0,104.5,76299,0.0,0.0
2024-08-14 01:50:00+00:00,105.0,105.0,104.5,105.0,16151,0.0,0.0
2024-08-14 01:55:00+00:00,105.0,105.0,103.5,103.5,188995,0.0,0.0
2024-08-14 02:00:00+00:00,103.5,104.0,103.5,104.0,63655,0.0,0.0
2024-08-14 02:05:00+00:00,104.0,104.0,103.5,103.5,118970,0.0,0.0
2024-08-14 02:10:00+00:00,103.5,103.5,103.0,103.0,68316,0.0,0.0
2024-08-14 02:15:00+00:00,103.0,103.0,103.0,103.0,68650,0.0,0.0
2024-08-14 02:20:00+00:00,103.0,103.0,102.5,103.0,119011,0.0,0.0
2024-08-14 02:25:00+00:00,103.0,103.0,102.5,103.0,42821,0.0,0.0
2024-08-14 02:30:00+00:00,103.0,103.0,102.5,103.0,25458,0.0,0.0
2024-08-14 02:35:00+00:00,102.5,103.5,102.5,103.5,13097,0.0,0.0
2024-08-14 02:40:00+00:00,103.5,103.5,103.5,103.5,25388,0.0,0.0
2024-08-14 02:45:00+00:00,103.5,104.0,103.5,104.0,49270,0.0,0.0
2024-08-14 02:50:00+00:00,103.5,104.0,103.5,104.0,9305,0.0,0.0
2024-08-14 02:55:00+00:00,104.0,104.0,104.0,104.0,4000,0.0,0.0
2024-08-14 03:00:00+00:00,103.5,103.5,103.5,103.5,4624,0.0,0.0
2024-08-14 03:05:00+00:00,103.5,104.0,103.5,103.5,8001,0.0,0.0
2024-08-14 03:10:00+00:00,104.0,104.0,103.5,103.5,50102,0.0,0.0
2024-08-14 03:15:00+00:00,103.5,103.5,103.0,103.5,10000,0.0,0.0
2024-08-14 03:20:00+00:00,103.0,103.0,103.0,103.0,4117,0.0,0.0
2024-08-14 03:25:00+00:00,103.5,103.5,103.0,103.5,16058,0.0,0.0
2024-08-14 03:30:00+00:00,103.5,103.5,103.5,103.5,2000,0.0,0.0
2024-08-14 03:35:00+00:00,103.5,103.5,103.0,103.0,6113,0.0,0.0
2024-08-14 03:40:00+00:00,103.5,103.5,103.0,103.5,13000,0.0,0.0
2024-08-14 03:45:00+00:00,103.5,103.5,103.5,103.5,8001,0.0,0.0
2024-08-14 03:50:00+00:00,103.5,103.5,103.5,103.5,3251,0.0,0.0
2024-08-14 03:55:00+00:00,103.5,103.5,103.5,103.5,1100,0.0,0.0
2024-08-14 04:00:00+00:00,103.5,103.5,103.0,103.0,5000,0.0,0.0
2024-08-14 04:05:00+00:00,103.0,103.0,103.0,103.0,3024,0.0,0.0
2024-08-14 04:10:00+00:00,103.0,103.0,103.0,103.0,2031,0.0,0.0
2024-08-14 04:15:00+00:00,103.0,103.5,103.0,103.5,22210,0.0,0.0
2024-08-14 04:20:00+00:00,103.5,103.5,103.0,103.0,7897,0.0,0.0
2024-08-14 04:25:00+00:00,103.0,103.5,103.0,103.0,34421,0.0,0.0
2024-08-14 04:30:00+00:00,103.0,103.5,103.0,103.5,39010,0.0,0.0
2024-08-14 04:35:00+00:00,103.0,103.5,103.0,103.5,22221,0.0,0.0
2024-08-14 04:40:00+00:00,103.5,103.5,103.0,103.5,6162,0.0,0.0
2024-08-14 04:45:00+00:00,103.0,103.5,103.0,103.0,10101,0.0,0.0
2024-08-14 04:50:00+00:00,103.0,103.0,103.0,103.0,14050,0.0,0.0
2024-08-14 04:55:00+00:00,103.0,103.5,103.0,103.0,24929,0.0,0.0
2024-08-14 05:00:00+00:00,103.5,103.5,102.5,102.5,143240,0.0,0.0
2024-08-14 05:05:00+00:00,103.0,103.0,102.5,103.0,33711,0.0,0.0
2024-08-14 05:10:00+00:00,102.5,102.5,102.5,102.5,106409,0.0,0.0
2024-08-14 05:15:00+00:00,102.0,102.5,102.0,102.0,96797,0.0,0.0
2024-08-14 05:20:00+00:00,102.0,103.0,102.0,103.0,170254,0.0,0.0
2024-08-15 01:00:00+00:00,102.5,104.0,102.5,103.0,0,0.0,0.0
2024-08-15 01:05:00+00:00,103.5,103.5,103.0,103.5,105239,0.0,0.0
2024-08-15 01:10:00+00:00,103.5,104.0,103.0,103.5,71001,0.0,0.0
2024-08-15 01:15:00+00:00,103.5,103.5,103.0,103.0,45033,0.0,0.0
2024-08-15 01:20:00+00:00,103.0,103.0,103.0,103.0,23270,0.0,0.0
2024-08-15 01:25:00+00:00,103.0,103.0,102.5,102.5,28000,0.0,0.0
2024-08-15 01:30:00+00:00,102.5,103.0,102.0,103.0,72079,0.0,0.0
2024-08-15 01:35:00+00:00,103.0,103.5,103.0,103.5,75431,0.0,0.0
2024-08-15 01:40:00+00:00,103.5,103.5,103.5,103.5,1600,0.0,0.0
2024-08-15 01:45:00+00:00,103.5,103.5,103.5,103.5,6100,0.0,0.0
2024-08-15 01:50:00+00:00,103.5,103.5,103.0,103.5,15100,0.0,0.0
2024-08-15 01:55:00+00:00,103.5,104.0,103.5,104.0,79081,0.0,0.0
2024-08-15 02:00:00+00:00,103.5,103.5,102.5,102.5,88192,0.0,0.0
2024-08-15 02:05:00+00:00,103.0,103.0,103.0,103.0,2200,0.0,0.0
2024-08-15 02:10:00+00:00,103.0,103.5,103.0,103.5,2000,0.0,0.0
2024-08-15 02:15:00+00:00,103.0,103.0,103.0,103.0,27841,0.0,0.0
2024-08-15 02:20:00+00:00,103.0,103.5,103.0,103.5,13500,0.0,0.0
2024-08-15 02:25:00+00:00,103.5,103.5,103.5,103.5,7154,0.0,0.0
2024-08-15 02:35:00+00:00,103.5,103.5,103.5,103.5,14011,0.0,0.0
2024-08-15 02:40:00+00:00,103.0,103.0,103.0,103.0,2000,0.0,0.0
2024-08-15 02:45:00+00:00,103.5,103.5,102.5,103.5,197371,0.0,0.0
2024-08-15 02:50:00+00:00,103.0,103.5,103.0,103.5,72010,0.0,0.0
2024-08-15 02:55:00+00:00,103.5,103.5,103.5,103.5,6200,0.0,0.0
2024-08-15 03:00:00+00:00,103.5,103.5,103.5,103.5,2000,0.0,0.0
2024-08-15 03:05:00+00:00,103.5,103.5,103.5,103.5,1000,0.0,0.0
2024-08-15 03:10:00+00:00,103.0,103.0,103.0,103.0,24002,0.0,0.0
2024-08-15 03:15:00+00:00,103.0,103.0,103.0,103.0,3100,0.0,0.0
2024-08-15 03:20:00+00:00,103.0,103.0,102.5,103.0,22000,0.0,0.0
2024-08-15 03:25:00+00:00,103.0,103.0,103.0,103.0,8345,0.0,0.0
2024-08-15 03:30:00+00:00,103.0,103.5,103.0,103.0,51726,0.0,0.0
2024-08-15 03:35:00+00:00,103.0,103.0,103.0,103.0,17096,0.0,0.0
2024-08-15 03:40:00+00:00,103.0,103.0,103.0,103.0,5103,0.0,0.0
2024-08-15 03:45:00+00:00,103.0,103.5,103.0,103.5,9002,0.0,0.0
2024-08-15 03:50:00+00:00,103.0,103.5,103.0,103.0,9000,0.0,0.0
2024-08-15 03:55:00+00:00,103.0,103.0,103.0,103.0,8000,0.0,0.0
2024-08-15 04:00:00+00:00,103.0,103.0,103.0,103.0,13822,0.0,0.0
2024-08-15 04:05:00+00:00,103.0,103.0,103.0,103.0,9220,0.0,0.0
2024-08-15 04:10:00+00:00,103.0,103.0,103.0,103.0,2000,0.0,0.0
2024-08-15 04:15:00+00:00,103.0,103.0,103.0,103.0,1217,0.0,0.0
2024-08-15 04:20:00+00:00,103.0,103.0,103.0,103.0,31120,0.0,0.0
2024-08-15 04:25:00+00:00,103.0,103.5,102.5,102.5,84000,0.0,0.0
2024-08-15 04:30:00+00:00,102.5,103.5,102.5,103.0,34000,0.0,0.0
2024-08-15 04:35:00+00:00,103.0,103.0,103.0,103.0,6530,0.0,0.0
2024-08-15 04:40:00+00:00,103.0,103.0,102.5,102.5,50100,0.0,0.0
2024-08-15 04:45:00+00:00,102.5,103.0,102.0,102.5,50482,0.0,0.0
2024-08-15 04:50:00+00:00,102.5,102.5,102.5,102.5,17000,0.0,0.0
2024-08-15 04:55:00+00:00,102.5,102.5,102.0,102.0,13668,0.0,0.0
2024-08-15 05:00:00+00:00,102.5,103.0,102.5,102.5,3000,0.0,0.0
2024-08-15 05:05:00+00:00,102.5,102.5,102.5,102.5,9330,0.0,0.0
2024-08-15 05:10:00+00:00,102.5,102.5,102.5,102.5,8208,0.0,0.0
2024-08-15 05:15:00+00:00,102.5,103.0,102.5,103.0,30268,0.0,0.0
2024-08-15 05:20:00+00:00,102.5,103.0,102.5,102.5,58628,0.0,0.0
2024-08-16 01:00:00+00:00,104.5,105.5,104.0,104.5,0,0.0,0.0
2024-08-16 01:05:00+00:00,104.5,104.5,103.5,104.0,130000,0.0,0.0
2024-08-16 01:10:00+00:00,104.0,105.0,104.0,104.5,71129,0.0,0.0
2024-08-16 01:15:00+00:00,105.0,105.0,104.0,104.0,168600,0.0,0.0
2024-08-16 01:20:00+00:00,104.0,104.5,103.5,104.0,139338,0.0,0.0
2024-08-16 01:25:00+00:00,104.0,104.0,104.0,104.0,39200,0.0,0.0
2024-08-16 01:30:00+00:00,104.0,104.0,104.0,104.0,43275,0.0,0.0
2024-08-16 01:35:00+00:00,103.5,103.5,103.0,103.0,105101,0.0,0.0
2024-08-16 01:40:00+00:00,103.5,103.5,103.5,103.5,60500,0.0,0.0
2024-08-16 01:45:00+00:00,103.0,103.5,103.0,103.5,16400,0.0,0.0
2024-08-16 01:50:00+00:00,103.5,103.5,103.5,103.5,11050,0.0,0.0
2024-08-16 01:55:00+00:00,103.0,103.0,102.5,103.0,154659,0.0,0.0
2024-08-16 02:00:00+00:00,103.0,103.0,103.0,103.0,39012,0.0,0.0
2024-08-16 02:05:00+00:00,103.0,103.0,103.0,103.0,22502,0.0,0.0
2024-08-16 02:10:00+00:00,103.0,103.0,103.0,103.0,8000,0.0,0.0
2024-08-16 02:15:00+00:00,103.0,103.0,103.0,103.0,9000,0.0,0.0
2024-08-16 02:20:00+00:00,103.0,103.5,103.0,103.0,26000,0.0,0.0
2024-08-16 02:25:00+00:00,103.0,103.0,103.0,103.0,18013,0.0,0.0
2024-08-16 02:30:00+00:00,103.0,103.5,103.0,103.5,11124,0.0,0.0
2024-08-16 02:35:00+00:00,103.5,103.5,103.5,103.5,14000,0.0,0.0
2024-08-16 02:40:00+00:00,103.0,103.5,103.0,103.5,41510,0.0,0.0
2024-08-16 02:45:00+00:00,103.5,103.5,103.5,103.5,3000,0.0,0.0
2024-08-16 02:50:00+00:00,103.5,103.5,103.0,103.5,7318,0.0,0.0
2024-08-16 02:55:00+00:00,103.5,103.5,103.5,103.5,3000,0.0,0.0
2024-08-16 03:00:00+00:00,103.0,103.5,103.0,103.5,2140,0.0,0.0
2024-08-16 03:05:00+00:00,103.5,103.5,103.0,103.0,12080,0.0,0.0
2024-08-16 03:15:00+00:00,103.0,103.5,103.0,103.5,8000,0.0,0.0
2024-08-16 03:20:00+00:00,103.0,103.5,103.0,103.5,5012,0.0,0.0
2024-08-16 03:25:00+00:00,103.0,103.5,103.0,103.0,85003,0.0,0.0
2024-08-16 03:30:00+00:00,103.0,103.0,102.5,102.5,123159,0.0,0.0
2024-08-16 03:35:00+00:00,102.5,103.0,102.5,102.5,13159,0.0,0.0
2024-08-16 03:40:00+00:00,102.5,102.5,102.5,102.5,1010,0.0,0.0
2024-08-16 03:45:00+00:00,102.5,103.0,102.5,103.0,9025,0.0,0.0
2024-08-16 03:50:00+00:00,103.0,103.0,103.0,103.0,5200,0.0,0.0
2024-08-16 03:55:00+00:00,103.0,103.0,102.5,103.0,47000,0.0,0.0
2024-08-16 04:00:00+00:00,103.0,103.5,103.0,103.0,17048,0.0,0.0
2024-08-16 04:05:00+00:00,103.0,103.0,103.0,103.0,30000,0.0,0.0
2024-08-16 04:10:00+00:00,103.5,103.5,103.5,103.5,11059,0.0,0.0
2024-08-16 04:15:00+00:00,103.5,103.5,103.0,103.5,5010,0.0,0.0
2024-08-16 04:20:00+00:00,103.5,103.5,103.5,103.5,6331,0.0,0.0
2024-08-16 04:25:00+00:00,103.5,103.5,103.0,103.0,8022,0.0,0.0
2024-08-16 04:30:00+00:00,103.0,103.0,103.0,103.0,48350,0.0,0.0
2024-08-16 04:35:00+00:00,103.0,103.0,103.0,103.0,42451,0.0,0.0
2024-08-16 04:40:00+00:00,103.0,103.0,103.0,103.0,6008,0.0,0.0
2024-08-16 04:45:00+00:00,103.0,103.0,102.5,102.5,54021,0.0,0.0
2024-08-16 04:50:00+00:00,102.5,102.5,102.0,102.5,73215,0.0,0.0
2024-08-16 04:55:00+00:00,102.5,102.5,102.5,102.5,35010,0.0,0.0
2024-08-16 05:00:00+00:00,102.5,102.5,102.0,102.5,21283,0.0,0.0
2024-08-16 05:05:00+00:00,102.5,102.5,102.0,102.5,59432,0.0,0.0
2024-08-16 05:10:00+00:00,102.5,103.0,102.5,102.5,21535,0.0,0.0
2024-08-16 05:15:00+00:00,102.5,102.5,102.5,102.5,21381,0.0,0.0
2024-08-16 05:20:00+00:00,102.5,103.0,102.5,102.5,63606,0.0,0.0
2024-08-19 01:00:00+00:00,103.5,103.5,102.0,102.5,0,0.0,0.0
2024-08-19 01:05:00+00:00,102.5,102.5,102.0,102.5,72736,0.0,0.0
2024-08-19 01:10:00+00:00,102.5,102.5,102.0,102.0,32010,0.0,0.0
2024-08-19 01:15:00+00:00,102.0,102.5,102.0,102.5,39501,0.0,0.0
2024-08-19 01:20:00+00:00,102.5,103.0,102.5,102.5,28100,0.0,0.0
2024-08-19 01:25:00+00:00,102.5,102.5,102.5,102.5,23247,0.0,0.0
2024-08-19 01:30:00+00:00,102.5,102.5,102.0,102.0,21380,0.0,0.0
2024-08-19 01:35:00+00:00,102.0,102.5,102.0,102.5,5417,0.0,0.0
2024-08-19 01:40:00+00:00,102.5,102.5,102.0,102.0,6003,0.0,0.0
2024-08-19 01:45:00+00:00,102.5,102.5,101.5,102.0,85234,0.0,0.0
2024-08-19 01:50:00+00:00,102.0,102.0,102.0,102.0,17002,0.0,0.0
2024-08-19 01:55:00+00:00,102.0,102.0,102.0,102.0,4011,0.0,0.0
2024-08-19 02:00:00+00:00,102.0,102.5,102.0,102.0,26001,0.0,0.0
2024-08-19 02:05:00+00:00,102.5,102.5,102.0,102.0,5149,0.0,0.0
2024-08-19 02:10:00+00:00,102.5,103.0,102.5,103.0,76650,0.0,0.0
2024-08-19 02:15:00+00:00,103.0,103.0,102.5,103.0,13008,0.0,0.0
2024-08-19 02:20:00+00:00,103.0,103.0,103.0,103.0,4000,0.0,0.0
2024-08-19 02:25:00+00:00,103.0,103.0,103.0,103.0,6147,0.0,0.0
2024-08-19 02:30:00+00:00,103.0,103.0,103.0,103.0,21280,0.0,0.0
2024-08-19 02:35:00+00:00,103.0,103.0,103.0,103.0,17007,0.0,0.0
2024-08-19 02:40:00+00:00,103.0,103.0,102.5,102.5,3010,0.0,0.0
2024-08-19 02:45:00+00:00,103.0,103.0,102.5,102.5,10000,0.0,0.0
2024-08-19 02:50:00+00:00,103.0,103.0,103.0,103.0,12150,0.0,0.0
2024-08-19 02:55:00+00:00,103.0,103.0,102.5,103.0,32050,0.0,0.0
2024-08-19 03:00:00+00:00,103.0,103.0,103.0,103.0,13100,0.0,0.0
2024-08-19 03:05:00+00:00,102.5,103.0,102.5,103.0,30000,0.0,0.0
2024-08-19 03:10:00+00:00,102.5,103.0,102.5,102.5,9181,0.0,0.0
2024-08-19 03:15:00+00:00,102.5,103.0,102.5,102.5,9300,0.0,0.0
2024-08-19 03:20:00+00:00,103.0,103.0,103.0,103.0,5000,0.0,0.0
2024-08-19 03:25:00+00:00,102.5,102.5,102.5,102.5,3050,0.0,0.0
2024-08-19 03:30:00+00:00,102.5,102.5,102.5,102.5,6500,0.0,0.0
2024-08-19 03:35:00+00:00,103.0,103.0,102.5,102.5,6000,0.0,0.0
2024-08-19 03:40:00+00:00,102.5,102.5,102.5,102.5,1000,0.0,0.0
2024-08-19 03:45:00+00:00,102.5,103.0,102.5,103.0,5010,0.0,0.0
2024-08-19 03:50:00+00:00,102.5,103.0,102.5,102.5,4250,0.0,0.0
2024-08-19 03:55:00+00:00,102.5,102.5,102.5,102.5,4000,0.0,0.0
2024-08-19 04:00:00+00:00,102.5,103.0,102.5,102.5,11060,0.0,0.0
2024-08-19 04:05:00+00:00,102.5,102.5,102.5,102.5,22300,0.0,0.0
2024-08-19 04:10:00+00:00,103.0,103.0,103.0,103.0,5134,0.0,0.0
2024-08-19 04:15:00+00:00,102.5,102.5,102.5,102.5,1000,0.0,0.0
2024-08-19 04:20:00+00:00,102.5,102.5,102.5,102.5,3000,0.0,0.0
2024-08-19 04:25:00+00:00,102.5,103.0,102.5,103.0,10050,0.0,0.0
2024-08-19 04:30:00+00:00,102.5,102.5,102.5,102.5,38000,0.0,0.0
2024-08-19 04:35:00+00:00,102.5,102.5,102.5,102.5,17300,0.0,0.0
2024-08-19 04:40:00+00:00,102.5,103.0,102.5,102.5,57000,0.0,0.0
2024-08-19 04:45:00+00:00,102.5,102.5,102.0,102.0,70329,0.0,0.0
2024-08-19 04:50:00+00:00,102.5,102.5,102.0,102.0,2070,0.0,0.0
2024-08-19 04:55:00+00:00,102.5,103.0,102.5,103.0,41235,0.0,0.0
2024-08-19 05:00:00+00:00,102.5,102.5,102.5,102.5,1000,0.0,0.0
2024-08-19 05:05:00+00:00,102.5,102.5,102.5,102.5,9027,0.0,0.0
2024-08-19 05:10:00+00:00,103.0,103.0,102.5,103.0,51050,0.0,0.0
2024-08-19 05:15:00+00:00,102.5,103.0,102.5,103.0,25255,0.0,0.0
2024-08-19 05:20:00+00:00,103.0,103.0,102.5,103.0,71348,0.0,0.0
2024-08-20 01:00:00+00:00,104.0,106.0,103.5,105.5,0,0.0,0.0
2024-08-20 01:05:00+00:00,105.5,107.5,105.5,107.5,762000,0.0,0.0
2024-08-20 01:10:00+00:00,107.5,108.5,106.5,106.5,817266,0.0,0.0
2024-08-20 01:15:00+00:00,106.5,107.5,106.5,106.5,206078,0.0,0.0
2024-08-20 01:20:00+00:00,106.5,106.5,105.5,106.0,228784,0.0,0.0
2024-08-20 01:25:00+00:00,106.0,106.5,106.0,106.0,68313,0.0,0.0
2024-08-20 01:30:00+00:00,106.0,106.0,106.0,106.0,26393,0.0,0.0
2024-08-20 01:35:00+00:00,106.0,106.5,106.0,106.5,76642,0.0,0.0
2024-08-20 01:40:00+00:00,106.5,106.5,106.5,106.5,34815,0.0,0.0
2024-08-20 01:45:00+00:00,106.5,106.5,106.0,106.0,34440,0.0,0.0
2024-08-20 01:50:00+00:00,106.0,106.5,105.5,106.0,130200,0.0,0.0
2024-08-20 01:55:00+00:00,106.0,106.5,106.0,106.0,37301,0.0,0.0
2024-08-20 02:00:00+00:00,106.5,107.5,106.5,107.0,307280,0.0,0.0
2024-08-20 02:05:00+00:00,107.0,107.0,106.5,106.5,7605,0.0,0.0
2024-08-20 02:10:00+00:00,106.5,107.5,106.5,107.5,112286,0.0,0.0
2024-08-20 02:15:00+00:00,107.5,107.5,107.0,107.0,40420,0.0,0.0
2024-08-20 02:20:00+00:00,107.5,107.5,107.0,107.0,146000,0.0,0.0
2024-08-20 02:25:00+00:00,107.0,107.0,107.0,107.0,25254,0.0,0.0
2024-08-20 02:30:00+00:00,107.0,107.0,107.0,107.0,3005,0.0,0.0
2024-08-20 02:35:00+00:00,107.0,107.0,106.0,106.5,90000,0.0,0.0
2024-08-20 02:40:00+00:00,106.0,106.5,106.0,106.0,16600,0.0,0.0
2024-08-20 02:45:00+00:00,106.0,106.0,105.5,106.0,132019,0.0,0.0
2024-08-20 02:50:00+00:00,106.0,106.0,105.5,106.0,47000,0.0,0.0
2024-08-20 02:55:00+00:00,106.0,106.0,105.5,105.5,8000,0.0,0.0
2024-08-20 03:00:00+00:00,105.5,106.0,105.0,105.5,97040,0.0,0.0
2024-08-20 03:05:00+00:00,105.0,105.5,104.5,105.0,144013,0.0,0.0
2024-08-20 03:10:00+00:00,105.0,105.0,105.0,105.0,42105,0.0,0.0
2024-08-20 03:15:00+00:00,105.0,105.0,104.5,104.5,45150,0.0,0.0
2024-08-20 03:20:00+00:00,104.5,105.0,104.5,105.0,65100,0.0,0.0
2024-08-20 03:25:00+00:00,105.0,105.5,105.0,105.0,87000,0.0,0.0
2024-08-20 03:30:00+00:00,105.0,105.0,105.0,105.0,49000,0.0,0.0
2024-08-20 03:35:00+00:00,105.0,105.0,104.5,104.5,19102,0.0,0.0
2024-08-20 03:40:00+00:00,104.5,105.0,104.5,104.5,4988,0.0,0.0
2024-08-20 03:45:00+00:00,105.0,105.0,104.5,104.5,13000,0.0,0.0
2024-08-20 03:50:00+00:00,105.0,106.0,105.0,105.5,103100,0.0,0.0
2024-08-20 03:55:00+00:00,105.5,105.5,105.0,105.0,43000,0.0,0.0
2024-08-20 04:00:00+00:00,105.0,105.5,105.0,105.0,113022,0.0,0.0
2024-08-20 04:05:00+00:00,105.5,106.0,105.5,106.0,87437,0.0,0.0
2024-08-20 04:10:00+00:00,106.0,106.0,105.5,105.5,5191,0.0,0.0
2024-08-20 04:15:00+00:00,105.5,106.0,105.5,106.0,92570,0.0,0.0
2024-08-20 04:20:00+00:00,106.0,106.5,106.0,106.0,17020,0.0,0.0
2024-08-20 04:25:00+00:00,106.5,106.5,106.0,106.0,25000,0.0,0.0
2024-08-20 04:30:00+00:00,106.0,107.0,106.0,107.0,127100,0.0,0.0
2024-08-20 04:35:00+00:00,107.0,107.0,106.5,106.5,94826,0.0,0.0
2024-08-20 04:40:00+00:00,106.5,106.5,106.0,106.0,15648,0.0,0.0
2024-08-20 04:45:00+00:00,106.0,106.5,106.0,106.0,8200,0.0,0.0
2024-08-20 04:50:00+00:00,106.5,106.5,106.5,106.5,10010,0.0,0.0
2024-08-20 04:55:00+00:00,106.5,106.5,106.0,106.0,27000,0.0,0.0
2024-08-20 05:00:00+00:00,106.5,106.5,106.0,106.0,77000,0.0,0.0
2024-08-20 05:05:00+00:00,106.0,106.0,105.5,105.5,26102,0.0,0.0
2024-08-20 05:10:00+00:00,105.5,106.0,105.5,105.5,10010,0.0,0.0
2024-08-20 05:15:00+00:00,105.5,106.0,105.5,105.5,18200,0.0,0.0
2024-08-20 05:20:00+00:00,105.5,106.0,105.5,106.0,105163,0.0,0.0
2024-08-21 01:00:00+00:00,105.0,106.0,105.0,105.5,0,0.0,0.0
2024-08-21 01:05:00+00:00,105.5,105.5,104.5,104.5,92000,0.0,0.0
2024-08-21 01:10:00+00:00,104.5,106.0,104.0,106.0,198082,0.0,0.0
2024-08-21 01:15:00+00:00,106.5,106.5,105.5,106.0,92060,0.0,0.0
2024-08-21 01:20:00+00:00,105.5,106.0,105.5,106.0,90179,0.0,0.0
2024-08-21 01:25:00+00:00,106.0,106.0,106.0,106.0,18275,0.0,0.0
2024-08-21 01:30:00+00:00,106.0,106.0,105.0,105.5,49100,0.0,0.0
2024-08-21 01:35:00+00:00,105.5,106.5,105.5,106.5,112000,0.0,0.0
2024-08-21 01:40:00+00:00,106.5,107.0,106.5,106.5,106502,0.0,0.0
2024-08-21 01:45:00+00:00,106.5,108.5,106.5,108.5,679577,0.0,0.0
2024-08-21 01:50:00+00:00,108.5,109.0,107.5,109.0,630701,0.0,0.0
2024-08-21 01:55:00+00:00,109.0,109.0,108.0,108.5,404614,0.0,0.0
2024-08-21 02:00:00+00:00,109.0,109.0,108.0,108.5,124950,0.0,0.0
2024-08-21 02:05:00+00:00,108.0,108.0,107.5,107.5,88697,0.0,0.0
2024-08-21 02:10:00+00:00,107.5,107.5,107.0,107.0,60652,0.0,0.0
2024-08-21 02:15:00+00:00,107.0,107.5,107.0,107.5,66110,0.0,0.0
2024-08-21 02:20:00+00:00,108.0,108.5,107.5,107.5,132061,0.0,0.0
2024-08-21 02:25:00+00:00,107.5,107.5,107.5,107.5,17044,0.0,0.0
2024-08-21 02:30:00+00:00,107.5,108.0,107.5,107.5,25200,0.0,0.0
2024-08-21 02:35:00+00:00,107.5,108.5,107.5,108.0,45294,0.0,0.0
2024-08-21 02:40:00+00:00,108.5,108.5,108.0,108.0,32632,0.0,0.0
2024-08-21 02:45:00+00:00,108.5,110.0,108.5,110.0,738497,0.0,0.0
2024-08-21 02:50:00+00:00,110.0,110.0,109.0,109.0,242412,0.0,0.0
2024-08-21 02:55:00+00:00,109.0,110.0,109.0,109.5,126754,0.0,0.0
2024-08-21 03:00:00+00:00,109.5,109.5,108.5,109.0,173300,0.0,0.0
2024-08-21 03:05:00+00:00,109.0,109.0,109.0,109.0,87243,0.0,0.0
2024-08-21 03:10:00+00:00,109.0,110.5,109.0,109.5,821892,0.0,0.0
2024-08-21 03:15:00+00:00,109.5,110.0,109.5,110.0,14047,0.0,0.0
2024-08-21 03:20:00+00:00,109.5,110.0,109.5,109.5,26217,0.0,0.0
2024-08-21 03:25:00+00:00,109.5,110.0,109.0,109.0,93916,0.0,0.0
2024-08-21 03:30:00+00:00,109.0,109.5,109.0,109.0,35357,0.0,0.0
2024-08-21 03:35:00+00:00,109.0,109.5,108.5,109.0,151165,0.0,0.0
2024-08-21 03:40:00+00:00,109.0,109.0,109.0,109.0,49125,0.0,0.0
2024-08-21 03:45:00+00:00,109.0,109.0,109.0,109.0,41037,0.0,0.0
2024-08-21 03:50:00+00:00,109.5,109.5,109.0,109.5,78757,0.0,0.0
2024-08-21 03:55:00+00:00,109.5,109.5,109.5,109.5,91120,0.0,0.0
2024-08-21 04:00:00+00:00,109.5,110.0,109.5,109.5,60718,0.0,0.0
2024-08-21 04:05:00+00:00,109.5,109.5,109.0,109.5,111278,0.0,0.0
2024-08-21 04:10:00+00:00,109.5,109.5,109.0,109.5,56796,0.0,0.0
2024-08-21 04:15:00+00:00,109.0,110.0,109.0,109.5,112000,0.0,0.0
2024-08-21 04:20:00+00:00,110.0,110.0,110.0,110.0,31093,0.0,0.0
2024-08-21 04:25:00+00:00,110.0,110.0,109.5,109.5,24950,0.0,0.0
2024-08-21 04:30:00+00:00,109.5,110.0,109.5,109.5,55695,0.0,0.0
2024-08-21 04:35:00+00:00,109.5,109.5,109.0,109.0,55170,0.0,0.0
2024-08-21 04:40:00+00:00,109.0,109.0,109.0,109.0,45060,0.0,0.0
2024-08-21 04:45:00+00:00,109.0,109.0,109.0,109.0,74520,0.0,0.0
2024-08-21 04:50:00+00:00,109.0,109.5,109.0,109.0,43408,0.0,0.0
2024-08-21 04:55:00+00:00,109.0,109.0,108.5,109.0,70039,0.0,0.0
2024-08-21 05:00:00+00:00,109.0,109.5,109.0,109.5,70380,0.0,0.0
2024-08-21 05:05:00+00:00,109.5,109.5,109.0,109.0,64642,0.0,0.0
2024-08-21 05:10:00+00:00,109.0,109.5,109.0,109.5,180509,0.0,0.0
2024-08-21 05:15:00+00:00,109.5,110.0,109.5,110.0,109092,0.0,0.0
2024-08-21 05:20:00+00:00,110.0,110.0,109.5,110.0,156120,0.0,0.0
2024-08-22 01:00:00+00:00,109.5,110.5,109.0,110.0,0,0.0,0.0
2024-08-22 01:05:00+00:00,110.0,110.5,109.5,110.0,180781,0.0,0.0
2024-08-22 01:10:00+00:00,110.0,110.0,108.5,109.5,409584,0.0,0.0
2024-08-22 01:15:00+00:00,109.0,109.0,108.0,108.0,173849,0.0,0.0
2024-08-22 01:20:00+00:00,108.5,109.0,108.5,109.0,103625,0.0,0.0
2024-08-22 01:25:00+00:00,108.5,109.0,108.5,108.5,89323,0.0,0.0
2024-08-22 01:30:00+00:00,108.5,108.5,108.0,108.5,53120,0.0,0.0
2024-08-22 01:35:00+00:00,108.0,108.5,107.5,107.5,228915,0.0,0.0
2024-08-22 01:40:00+00:00,107.5,107.5,107.5,107.5,53050,0.0,0.0
2024-08-22 01:45:00+00:00,108.0,108.0,107.0,107.5,121579,0.0,0.0
2024-08-22 01:50:00+00:00,107.0,108.0,107.0,107.5,102000,0.0,0.0
2024-08-22 01:55:00+00:00,108.0,108.5,108.0,108.0,62400,0.0,0.0
2024-08-22 02:00:00+00:00,108.0,108.0,107.5,107.5,72099,0.0,0.0
2024-08-22 02:05:00+00:00,107.5,108.0,107.5,107.5,24056,0.0,0.0
2024-08-22 02:10:00+00:00,107.5,107.5,107.0,107.0,18300,0.0,0.0
2024-08-22 02:15:00+00:00,107.0,107.0,106.5,107.0,132151,0.0,0.0
2024-08-22 02:20:00+00:00,106.5,106.5,106.0,106.5,197726,0.0,0.0
2024-08-22 02:25:00+00:00,106.5,106.5,106.0,106.5,47746,0.0,0.0
2024-08-22 02:30:00+00:00,106.5,107.0,106.5,107.0,20050,0.0,0.0
2024-08-22 02:35:00+00:00,107.0,107.0,106.5,106.5,57148,0.0,0.0
2024-08-22 02:40:00+00:00,106.5,107.0,106.5,106.5,22151,0.0,0.0
2024-08-22 02:50:00+00:00,107.0,107.0,107.0,107.0,4284,0.0,0.0
2024-08-22 02:55:00+00:00,106.5,106.5,106.5,106.5,2201,0.0,0.0
2024-08-22 03:00:00+00:00,106.5,107.5,106.5,107.5,69224,0.0,0.0
2024-08-22 03:05:00+00:00,107.5,107.5,107.0,107.0,7000,0.0,0.0
2024-08-22 03:10:00+00:00,107.0,107.0,107.0,107.0,7012,0.0,0.0
2024-08-22 03:15:00+00:00,107.0,107.0,106.5,107.0,23295,0.0,0.0
2024-08-22 03:20:00+00:00,107.0,107.0,107.0,107.0,38077,0.0,0.0
2024-08-22 03:25:00+00:00,107.0,107.0,107.0,107.0,27197,0.0,0.0
2024-08-22 03:30:00+00:00,107.0,107.0,106.5,106.5,4020,0.0,0.0
2024-08-22 03:35:00+00:00,106.5,107.0,106.5,107.0,7270,0.0,0.0
2024-08-22 03:45:00+00:00,107.0,107.0,106.0,106.5,109446,0.0,0.0
2024-08-22 03:50:00+00:00,106.5,106.5,106.0,106.5,27050,0.0,0.0
2024-08-22 03:55:00+00:00,106.0,106.5,106.0,106.0,13300,0.0,0.0
2024-08-22 04:00:00+00:00,106.5,106.5,106.5,106.5,12001,0.0,0.0
2024-08-22 04:05:00+00:00,106.5,106.5,106.5,106.5,27100,0.0,0.0
2024-08-22 04:10:00+00:00,106.5,106.5,106.5,106.5,24049,0.0,0.0
2024-08-22 04:15:00+00:00,106.5,106.5,106.0,106.0,19635,0.0,0.0
2024-08-22 04:20:00+00:00,106.5,106.5,105.5,106.0,122471,0.0,0.0
2024-08-22 04:25:00+00:00,106.0,106.0,105.5,105.5,23100,0.0,0.0
2024-08-22 04:30:00+00:00,106.0,106.5,105.5,106.0,123200,0.0,0.0
2024-08-22 04:35:00+00:00,106.0,106.0,106.0,106.0,18010,0.0,0.0
2024-08-22 04:40:00+00:00,106.0,106.5,106.0,106.5,12121,0.0,0.0
2024-08-22 04:45:00+00:00,106.5,106.5,106.5,106.5,5060,0.0,0.0
2024-08-22 04:50:00+00:00,106.0,107.0,106.0,106.5,130690,0.0,0.0
2024-08-22 04:55:00+00:00,106.5,106.5,106.5,106.5,29090,0.0,0.0
2024-08-22 05:00:00+00:00,106.5,106.5,106.5,106.5,25676,0.0,0.0
2024-08-22 05:05:00+00:00,106.5,107.0,106.5,107.0,25020,0.0,0.0
2024-08-22 05:10:00+00:00,107.0,107.0,106.5,107.0,48248,0.0,0.0
2024-08-22 05:15:00+00:00,106.5,107.0,106.0,106.5,116000,0.0,0.0
2024-08-22 05:20:00+00:00,106.5,107.0,106.0,106.5,61961,0.0,0.0
2024-08-23 01:00:00+00:00,105.0,106.0,104.5,105.5,0,0.0,0.0
2024-08-23 01:05:00+00:00,106.0,106.0,105.5,105.5,94600,0.0,0.0
2024-08-23 01:10:00+00:00,105.5,105.5,104.5,104.5,79200,0.0,0.0
2024-08-23 01:15:00+00:00,104.5,104.5,104.0,104.0,133472,0.0,0.0
2024-08-23 01:20:00+00:00,105.0,105.0,104.5,105.0,51043,0.0,0.0
2024-08-23 01:25:00+00:00,105.0,105.0,104.0,104.0,72000,0.0,0.0
2024-08-23 01:30:00+00:00,104.0,105.0,104.0,104.5,42255,0.0,0.0
2024-08-23 01:35:00+00:00,104.5,104.5,104.5,104.5,12350,0.0,0.0
2024-08-23 01:40:00+00:00,105.0,105.0,105.0,105.0,42817,0.0,0.0
2024-08-23 01:45:00+00:00,105.0,105.5,105.0,105.0,24270,0.0,0.0
2024-08-23 01:50:00+00:00,104.5,104.5,104.0,104.5,94120,0.0,0.0
2024-08-23 01:55:00+00:00,104.5,104.5,104.0,104.5,26020,0.0,0.0
2024-08-23 02:00:00+00:00,104.5,104.5,104.5,104.5,16750,0.0,0.0
2024-08-23 02:05:00+00:00,104.5,104.5,104.5,104.5,33101,0.0,0.0
2024-08-23 02:15:00+00:00,104.5,104.5,104.5,104.5,4433,0.0,0.0
2024-08-23 02:20:00+00:00,104.5,105.0,104.5,104.5,8100,0.0,0.0
2024-08-23 02:25:00+00:00,104.5,105.0,104.0,104.5,53518,0.0,0.0
2024-08-23 02:30:00+00:00,104.5,104.5,104.0,104.5,17033,0.0,0.0
2024-08-23 02:35:00+00:00,104.5,105.0,104.5,105.0,26250,0.0,0.0
2024-08-23 02:40:00+00:00,105.0,105.0,105.0,105.0,2099,0.0,0.0
2024-08-23 02:45:00+00:00,104.5,105.0,104.5,104.5,30000,0.0,0.0
2024-08-23 02:50:00+00:00,104.5,105.0,104.5,104.5,4000,0.0,0.0
2024-08-23 02:55:00+00:00,105.0,105.0,105.0,105.0,3874,0.0,0.0
2024-08-23 03:05:00+00:00,105.0,105.0,105.0,105.0,2000,0.0,0.0
2024-08-23 03:15:00+00:00,104.5,104.5,104.5,104.5,1813,0.0,0.0
2024-08-23 03:20:00+00:00,104.5,105.0,104.5,104.5,8500,0.0,0.0
2024-08-23 03:25:00+00:00,104.5,104.5,104.5,104.5,23770,0.0,0.0
2024-08-23 03:30:00+00:00,104.5,104.5,104.0,104.0,28341,0.0,0.0
2024-08-23 03:35:00+00:00,104.5,104.5,104.5,104.5,46409,0.0,0.0
2024-08-23 03:40:00+00:00,104.5,104.5,104.5,104.5,8361,0.0,0.0
2024-08-23 03:45:00+00:00,105.0,105.0,105.0,105.0,4000,0.0,0.0
2024-08-23 03:50:00+00:00,105.0,106.5,105.0,106.0,243231,0.0,0.0
2024-08-23 03:55:00+00:00,106.0,106.0,105.5,106.0,18075,0.0,0.0
2024-08-23 04:00:00+00:00,106.0,106.5,105.5,106.0,66000,0.0,0.0
2024-08-23 04:05:00+00:00,106.0,106.0,106.0,106.0,4554,0.0,0.0
2024-08-23 04:10:00+00:00,106.0,106.5,105.5,106.0,67583,0.0,0.0
2024-08-23 04:15:00+00:00,106.0,106.5,106.0,106.0,44649,0.0,0.0
2024-08-23 04:25:00+00:00,106.0,106.0,106.0,106.0,5000,0.0,0.0
2024-08-23 04:30:00+00:00,105.5,106.0,105.5,106.0,6000,0.0,0.0
2024-08-23 04:35:00+00:00,106.0,106.0,106.0,106.0,30100,0.0,0.0
2024-08-23 04:40:00+00:00,106.0,106.5,106.0,106.5,11223,0.0,0.0
2024-08-23 04:45:00+00:00,106.5,106.5,106.0,106.5,11236,0.0,0.0
2024-08-23 04:50:00+00:00,106.5,106.5,106.0,106.0,7000,0.0,0.0
2024-08-23 04:55:00+00:00,106.0,106.0,106.0,106.0,1160,0.0,0.0
2024-08-23 05:00:00+00:00,106.5,106.5,106.0,106.5,12001,0.0,0.0
2024-08-23 05:05:00+00:00,106.5,106.5,106.0,106.5,21000,0.0,0.0
2024-08-23 05:10:00+00:00,106.0,106.5,106.0,106.0,13256,0.0,0.0
2024-08-23 05:15:00+00:00,106.0,106.5,106.0,106.5,58757,0.0,0.0
2024-08-23 05:20:00+00:00,106.5,106.5,106.0,106.5,53960,0.0,0.0
2024-08-26 01:00:00+00:00,107.5,108.0,105.5,105.5,0,0.0,0.0
2024-08-26 01:05:00+00:00,106.5,107.5,106.0,107.0,77000,0.0,0.0
2024-08-26 01:10:00+00:00,107.0,107.0,106.5,107.0,74373,0.0,0.0
2024-08-26 01:15:00+00:00,107.0,107.0,106.5,106.5,55130,0.0,0.0
2024-08-26 01:20:00+00:00,106.5,107.5,106.0,107.0,119000,0.0,0.0
2024-08-26 01:25:00+00:00,107.0,107.0,107.0,107.0,48750,0.0,0.0
2024-08-26 01:30:00+00:00,107.0,107.0,107.0,107.0,22120,0.0,0.0
2024-08-26 01:35:00+00:00,107.0,107.0,106.5,107.0,19947,0.0,0.0
2024-08-26 01:40:00+00:00,107.0,107.0,107.0,107.0,14010,0.0,0.0
2024-08-26 01:45:00+00:00,107.0,107.5,107.0,107.0,28500,0.0,0.0
2024-08-26 01:50:00+00:00,107.0,107.0,107.0,107.0,40000,0.0,0.0
2024-08-26 01:55:00+00:00,107.0,108.0,107.0,108.0,112440,0.0,0.0
2024-08-26 02:00:00+00:00,108.0,108.0,107.5,107.5,20020,0.0,0.0
2024-08-26 02:05:00+00:00,107.5,107.5,107.0,107.0,27147,0.0,0.0
2024-08-26 02:10:00+00:00,107.0,107.0,107.0,107.0,7213,0.0,0.0
2024-08-26 02:15:00+00:00,107.0,107.0,107.0,107.0,7550,0.0,0.0
2024-08-26 02:20:00+00:00,107.0,107.0,106.5,106.5,101482,0.0,0.0
2024-08-26 02:25:00+00:00,106.5,106.5,106.5,106.5,14020,0.0,0.0
2024-08-26 02:30:00+00:00,106.5,106.5,106.5,106.5,2000,0.0,0.0
2024-08-26 02:35:00+00:00,106.5,106.5,106.5,106.5,13000,0.0,0.0
2024-08-26 02:40:00+00:00,106.5,106.5,106.0,106.0,18092,0.0,0.0
2024-08-26 02:45:00+00:00,106.0,106.0,106.0,106.0,3080,0.0,0.0
2024-08-26 02:50:00+00:00,106.0,106.0,106.0,106.0,3001,0.0,0.0
2024-08-26 02:55:00+00:00,106.5,106.5,106.0,106.5,10103,0.0,0.0
2024-08-26 03:00:00+00:00,106.5,106.5,106.5,106.5,11000,0.0,0.0
2024-08-26 03:05:00+00:00,106.5,106.5,106.5,106.5,16000,0.0,0.0
2024-08-26 03:10:00+00:00,106.5,106.5,106.5,106.5,8003,0.0,0.0
2024-08-26 03:15:00+00:00,106.5,106.5,106.5,106.5,17000,0.0,0.0
2024-08-26 03:20:00+00:00,106.5,106.5,106.5,106.5,1010,0.0,0.0
2024-08-26 03:25:00+00:00,106.5,107.0,106.5,107.0,14073,0.0,0.0
2024-08-26 03:30:00+00:00,107.0,107.0,107.0,107.0,22000,0.0,0.0
2024-08-26 03:35:00+00:00,107.0,107.0,106.5,106.5,21400,0.0,0.0
2024-08-26 03:40:00+00:00,106.5,106.5,106.5,106.5,23436,0.0,0.0
2024-08-26 03:45:00+00:00,106.5,106.5,106.5,106.5,19250,0.0,0.0
2024-08-26 03:50:00+00:00,106.5,106.5,106.5,106.5,3100,0.0,0.0
2024-08-26 03:55:00+00:00,106.5,106.5,106.0,106.0,19000,0.0,0.0
2024-08-26 04:00:00+00:00,106.5,106.5,106.5,106.5,7050,0.0,0.0
2024-08-26 04:05:00+00:00,106.5,106.5,106.5,106.5,4000,0.0,0.0
2024-08-26 04:10:00+00:00,106.5,106.5,106.5,106.5,13027,0.0,0.0
2024-08-26 04:15:00+00:00,106.5,106.5,106.5,106.5,16028,0.0,0.0
2024-08-26 04:20:00+00:00,106.5,106.5,106.5,106.5,22000,0.0,0.0
2024-08-26 04:25:00+00:00,106.5,106.5,106.5,106.5,15655,0.0,0.0
2024-08-26 04:40:00+00:00,106.5,106.5,106.5,106.5,1034,0.0,0.0
2024-08-26 04:45:00+00:00,106.0,106.0,105.5,105.5,194932,0.0,0.0
2024-08-26 04:50:00+00:00,105.5,105.5,105.5,105.5,7000,0.0,0.0
2024-08-26 04:55:00+00:00,105.5,106.0,105.5,106.0,22095,0.0,0.0
2024-08-26 05:00:00+00:00,105.5,105.5,105.5,105.5,33000,0.0,0.0
2024-08-26 05:05:00+00:00,105.5,105.5,105.0,105.5,31436,0.0,0.0
2024-08-26 05:10:00+00:00,105.5,105.5,105.0,105.5,61151,0.0,0.0
2024-08-26 05:15:00+00:00,105.5,105.5,105.0,105.0,19828,0.0,0.0
2024-08-26 05:20:00+00:00,105.0,105.5,105.0,105.5,51468,0.0,0.0
2024-08-27 01:00:00+00:00,106.0,106.0,105.0,106.0,0,0.0,0.0
2024-08-27 01:05:00+00:00,106.0,106.5,105.0,106.5,38337,0.0,0.0
2024-08-27 01:10:00+00:00,106.0,106.5,106.0,106.5,17050,0.0,0.0
2024-08-27 01:15:00+00:00,106.5,106.5,106.0,106.0,19294,0.0,0.0
2024-08-27 01:20:00+00:00,106.0,107.5,106.0,107.0,126000,0.0,0.0
2024-08-27 01:25:00+00:00,107.5,107.5,107.0,107.0,36020,0.0,0.0
2024-08-27 01:30:00+00:00,107.0,107.0,106.0,106.5,52028,0.0,0.0
2024-08-27 01:35:00+00:00,106.5,107.0,106.5,107.0,58709,0.0,0.0
2024-08-27 01:40:00+00:00,107.0,108.5,107.0,108.0,315099,0.0,0.0
2024-08-27 01:45:00+00:00,108.0,108.0,108.0,108.0,50046,0.0,0.0
2024-08-27 01:50:00+00:00,108.0,108.0,107.5,107.5,84370,0.0,0.0
2024-08-27 01:55:00+00:00,107.5,108.5,107.5,108.0,101250,0.0,0.0
2024-08-27 02:00:00+00:00,107.5,108.0,107.5,108.0,135230,0.0,0.0
2024-08-27 02:05:00+00:00,108.0,108.0,108.0,108.0,42415,0.0,0.0
2024-08-27 02:10:00+00:00,108.0,108.0,108.0,108.0,35334,0.0,0.0
2024-08-27 02:15:00+00:00,108.0,108.0,107.5,107.5,52000,0.0,0.0
2024-08-27 02:20:00+00:00,107.5,108.0,107.5,107.5,39009,0.0,0.0
2024-08-27 02:25:00+00:00,107.5,108.0,107.0,107.5,33030,0.0,0.0
2024-08-27 02:30:00+00:00,107.5,108.0,107.0,107.5,44005,0.0,0.0
2024-08-27 02:35:00+00:00,107.5,107.5,107.5,107.5,46403,0.0,0.0
2024-08-27 02:40:00+00:00,107.5,107.5,107.0,107.5,10005,0.0,0.0
2024-08-27 02:45:00+00:00,107.0,107.0,107.0,107.0,107100,0.0,0.0
2024-08-27 02:50:00+00:00,107.0,107.0,106.5,107.0,3000,0.0,0.0
2024-08-27 02:55:00+00:00,106.5,106.5,106.5,106.5,5000,0.0,0.0
2024-08-27 03:00:00+00:00,106.5,107.0,106.5,107.0,17001,0.0,0.0
2024-08-27 03:05:00+00:00,107.0,107.0,107.0,107.0,18000,0.0,0.0
2024-08-27 03:10:00+00:00,106.5,106.5,106.0,106.0,153164,0.0,0.0
2024-08-27 03:15:00+00:00,106.0,106.0,106.0,106.0,6058,0.0,0.0
2024-08-27 03:20:00+00:00,106.5,106.5,106.5,106.5,5042,0.0,0.0
2024-08-27 03:25:00+00:00,106.5,106.5,106.5,106.5,120058,0.0,0.0
2024-08-27 03:30:00+00:00,106.5,106.5,106.5,106.5,2000,0.0,0.0
2024-08-27 03:40:00+00:00,106.5,106.5,106.5,106.5,5115,0.0,0.0
2024-08-27 03:45:00+00:00,106.5,106.5,106.5,106.5,5000,0.0,0.0
2024-08-27 03:50:00+00:00,106.5,106.5,106.5,106.5,2000,0.0,0.0
2024-08-27 03:55:00+00:00,107.0,107.0,106.5,106.5,2000,0.0,0.0
2024-08-27 04:00:00+00:00,106.5,106.5,106.5,106.5,21100,0.0,0.0
2024-08-27 04:05:00+00:00,106.5,107.0,106.5,107.0,39000,0.0,0.0
2024-08-27 04:10:00+00:00,107.0,107.0,107.0,107.0,8000,0.0,0.0
2024-08-27 04:15:00+00:00,107.0,107.0,107.0,107.0,4310,0.0,0.0
2024-08-27 04:20:00+00:00,106.5,107.0,106.5,107.0,10011,0.0,0.0
2024-08-27 04:25:00+00:00,107.0,107.0,106.5,106.5,6000,0.0,0.0
2024-08-27 04:30:00+00:00,106.5,107.0,106.5,107.0,2020,0.0,0.0
2024-08-27 04:35:00+00:00,106.5,106.5,106.0,106.0,53047,0.0,0.0
2024-08-27 04:40:00+00:00,106.0,106.5,106.0,106.5,46176,0.0,0.0
2024-08-27 04:45:00+00:00,106.5,106.5,106.5,106.5,5000,0.0,0.0
2024-08-27 04:50:00+00:00,106.5,106.5,106.0,106.5,19010,0.0,0.0
2024-08-27 04:55:00+00:00,106.5,108.0,106.5,107.5,242740,0.0,0.0
2024-08-27 05:00:00+00:00,108.0,108.0,107.5,108.0,119823,0.0,0.0
2024-08-27 05:05:00+00:00,107.5,108.5,107.5,108.5,86550,0.0,0.0
2024-08-27 05:10:00+00:00,108.0,108.5,108.0,108.0,56968,0.0,0.0
2024-08-27 05:15:00+00:00,108.0,108.5,108.0,108.5,46229,0.0,0.0
2024-08-27 05:20:00+00:00,108.5,108.5,108.0,108.5,172173,0.0,0.0
2024-08-28 01:00:00+00:00,108.5,108.5,107.0,107.5,0,0.0,0.0
2024-08-28 01:05:00+00:00,107.5,108.0,107.5,107.5,49266,0.0,0.0
2024-08-28 01:10:00+00:00,107.5,108.0,107.0,108.0,45570,0.0,0.0
2024-08-28 01:15:00+00:00,108.0,108.0,107.0,107.0,54810,0.0,0.0
2024-08-28 01:20:00+00:00,107.5,107.5,107.5,107.5,43040,0.0,0.0
2024-08-28 01:25:00+00:00,107.5,108.0,107.5,107.5,24100,0.0,0.0
2024-08-28 01:30:00+00:00,107.5,108.0,107.5,107.5,20340,0.0,0.0
2024-08-28 01:35:00+00:00,107.5,107.5,107.0,107.5,83070,0.0,0.0
2024-08-28 01:40:00+00:00,107.5,108.5,107.5,108.5,75586,0.0,0.0
2024-08-28 01:45:00+00:00,108.0,108.5,108.0,108.5,32000,0.0,0.0
2024-08-28 01:50:00+00:00,108.0,108.5,108.0,108.5,19168,0.0,0.0
2024-08-28 01:55:00+00:00,108.5,108.5,108.0,108.0,5000,0.0,0.0
2024-08-28 02:00:00+00:00,108.0,108.0,107.5,108.0,45285,0.0,0.0
2024-08-28 02:05:00+00:00,107.5,107.5,107.0,107.0,131200,0.0,0.0
2024-08-28 02:10:00+00:00,107.0,107.5,107.0,107.5,37000,0.0,0.0
2024-08-28 02:15:00+00:00,107.5,107.5,107.5,107.5,19366,0.0,0.0
2024-08-28 02:20:00+00:00,107.5,107.5,107.5,107.5,31000,0.0,0.0
2024-08-28 02:25:00+00:00,107.0,107.5,107.0,107.5,4008,0.0,0.0
2024-08-28 02:30:00+00:00,107.5,107.5,106.5,106.5,114000,0.0,0.0
2024-08-28 02:35:00+00:00,106.5,107.0,106.5,107.0,29120,0.0,0.0
2024-08-28 02:40:00+00:00,107.5,107.5,107.5,107.5,24000,0.0,0.0
2024-08-28 02:45:00+00:00,107.5,107.5,107.5,107.5,2530,0.0,0.0
2024-08-28 02:50:00+00:00,107.5,107.5,107.5,107.5,2000,0.0,0.0
2024-08-28 02:55:00+00:00,107.5,107.5,107.5,107.5,1001,0.0,0.0
2024-08-28 03:00:00+00:00,107.5,107.5,107.5,107.5,6147,0.0,0.0
2024-08-28 03:05:00+00:00,107.5,107.5,107.5,107.5,3205,0.0,0.0
2024-08-28 03:10:00+00:00,107.5,107.5,107.5,107.5,9005,0.0,0.0
2024-08-28 03:20:00+00:00,107.5,107.5,107.5,107.5,1260,0.0,0.0
2024-08-28 03:25:00+00:00,107.5,107.5,107.5,107.5,2000,0.0,0.0
2024-08-28 03:30:00+00:00,107.5,107.5,107.5,107.5,14008,0.0,0.0
2024-08-28 03:35:00+00:00,107.5,107.5,107.5,107.5,17105,0.0,0.0
2024-08-28 03:40:00+00:00,107.5,107.5,107.5,107.5,11202,0.0,0.0
2024-08-28 03:45:00+00:00,107.5,107.5,107.5,107.5,13000,0.0,0.0
2024-08-28 03:50:00+00:00,107.5,108.0,107.5,107.5,5100,0.0,0.0
2024-08-28 03:55:00+00:00,107.5,107.5,107.5,107.5,2101,0.0,0.0
2024-08-28 04:00:00+00:00,108.0,108.0,107.5,107.5,29000,0.0,0.0
2024-08-28 04:05:00+00:00,107.0,107.5,107.0,107.5,17181,0.0,0.0
2024-08-28 04:10:00+00:00,107.5,107.5,107.5,107.5,4000,0.0,0.0
2024-08-28 04:15:00+00:00,107.5,107.5,107.0,107.5,15160,0.0,0.0
2024-08-28 04:20:00+00:00,107.5,107.5,107.5,107.5,3501,0.0,0.0
2024-08-28 04:25:00+00:00,107.5,107.5,107.5,107.5,9300,0.0,0.0
2024-08-28 04:30:00+00:00,107.5,107.5,107.0,107.5,42072,0.0,0.0
2024-08-28 04:35:00+00:00,107.0,107.5,107.0,107.5,4001,0.0,0.0
2024-08-28 04:40:00+00:00,107.0,107.0,107.0,107.0,45162,0.0,0.0
2024-08-28 04:45:00+00:00,107.0,107.0,107.0,107.0,8360,0.0,0.0
2024-08-28 04:50:00+00:00,107.0,107.5,107.0,107.5,5100,0.0,0.0
2024-08-28 04:55:00+00:00,107.0,107.5,107.0,107.5,14075,0.0,0.0
2024-08-28 05:00:00+00:00,107.5,107.5,107.0,107.5,48103,0.0,0.0
2024-08-28 05:05:00+00:00,107.0,107.5,107.0,107.0,19042,0.0,0.0
2024-08-28 05:10:00+00:00,107.5,107.5,107.0,107.0,11200,0.0,0.0
2024-08-28 05:15:00+00:00,107.0,108.0,107.0,107.5,177050,0.0,0.0
2024-08-28 05:20:00+00:00,107.5,108.0,107.0,108.0,94549,0.0,0.0
2024-08-29 01:00:00+00:00,106.0,107.5,106.0,107.5,0,0.0,0.0
2024-08-29 01:05:00+00:00,107.0,108.0,107.0,108.0,88000,0.0,0.0
2024-08-29 01:10:00+00:00,107.5,108.0,107.0,107.0,68305,0.0,0.0
2024-08-29 01:15:00+00:00,107.0,108.0,107.0,107.0,21100,0.0,0.0
2024-08-29 01:20:00+00:00,107.5,108.5,107.5,108.5,160186,0.0,0.0
2024-08-29 01:25:00+00:00,108.5,109.0,108.5,108.5,65006,0.0,0.0
2024-08-29 01:30:00+00:00,108.0,108.5,107.5,108.0,46000,0.0,0.0
2024-08-29 01:35:00+00:00,108.0,108.5,108.0,108.0,38145,0.0,0.0
2024-08-29 01:40:00+00:00,108.0,108.0,108.0,108.0,14000,0.0,0.0
2024-08-29 01:45:00+00:00,108.5,108.5,108.0,108.5,31433,0.0,0.0
2024-08-29 01:50:00+00:00,108.0,108.5,108.0,108.5,9030,0.0,0.0
2024-08-29 01:55:00+00:00,108.0,108.0,108.0,108.0,19000,0.0,0.0
2024-08-29 02:00:00+00:00,108.0,108.0,107.5,108.0,5000,0.0,0.0
2024-08-29 02:05:00+00:00,108.0,108.0,108.0,108.0,27040,0.0,0.0
2024-08-29 02:10:00+00:00,108.0,108.5,108.0,108.0,41008,0.0,0.0
2024-08-29 02:15:00+00:00,108.0,108.0,107.5,108.0,18000,0.0,0.0
2024-08-29 02:20:00+00:00,108.5,108.5,108.0,108.0,16000,0.0,0.0
2024-08-29 02:25:00+00:00,108.0,109.0,108.0,109.0,137000,0.0,0.0
2024-08-29 02:30:00+00:00,109.0,109.0,108.0,108.5,60322,0.0,0.0
2024-08-29 02:35:00+00:00,108.5,109.0,108.0,108.5,21000,0.0,0.0
2024-08-29 02:40:00+00:00,108.5,110.0,108.5,110.0,302027,0.0,0.0
2024-08-29 02:45:00+00:00,110.0,110.0,109.5,109.5,110125,0.0,0.0
2024-08-29 02:50:00+00:00,109.5,109.5,109.0,109.5,32664,0.0,0.0
2024-08-29 02:55:00+00:00,109.5,110.0,109.0,110.0,131234,0.0,0.0
2024-08-29 03:00:00+00:00,110.0,110.0,109.5,109.5,129115,0.0,0.0
2024-08-29 03:05:00+00:00,109.5,109.5,109.5,109.5,49705,0.0,0.0
2024-08-29 03:10:00+00:00,109.5,109.5,109.0,109.0,15213,0.0,0.0
2024-08-29 03:15:00+00:00,109.0,109.5,109.0,109.0,22100,0.0,0.0
2024-08-29 03:20:00+00:00,109.0,109.5,109.0,109.0,35503,0.0,0.0
2024-08-29 03:25:00+00:00,109.0,109.0,109.0,109.0,54501,0.0,0.0
2024-08-29 03:30:00+00:00,109.0,109.5,109.0,109.0,18030,0.0,0.0
2024-08-29 03:35:00+00:00,109.0,109.0,109.0,109.0,16700,0.0,0.0
2024-08-29 03:40:00+00:00,109.0,109.0,109.0,109.0,12350,0.0,0.0
2024-08-29 03:45:00+00:00,109.0,109.0,109.0,109.0,7638,0.0,0.0
2024-08-29 03:50:00+00:00,109.0,109.0,109.0,109.0,5000,0.0,0.0
2024-08-29 03:55:00+00:00,109.0,109.0,109.0,109.0,4300,0.0,0.0
2024-08-29 04:00:00+00:00,109.0,109.5,109.0,109.0,56100,0.0,0.0
2024-08-29 04:05:00+00:00,109.5,109.5,109.0,109.5,8410,0.0,0.0
2024-08-29 04:10:00+00:00,109.0,109.0,109.0,109.0,3000,0.0,0.0
2024-08-29 04:15:00+00:00,109.0,109.0,109.0,109.0,7010,0.0,0.0
2024-08-29 04:20:00+00:00,109.5,109.5,109.0,109.5,13002,0.0,0.0
2024-08-29 04:25:00+00:00,109.0,109.5,109.0,109.5,165100,0.0,0.0
2024-08-29 04:30:00+00:00,109.5,110.0,109.5,109.5,24731,0.0,0.0
2024-08-29 04:35:00+00:00,109.5,110.0,109.5,109.5,97106,0.0,0.0
2024-08-29 04:40:00+00:00,109.5,110.0,109.5,109.5,36000,0.0,0.0
2024-08-29 04:45:00+00:00,109.5,109.5,109.5,109.5,73200,0.0,0.0
2024-08-29 04:50:00+00:00,109.5,110.0,109.5,109.5,104000,0.0,0.0
2024-08-29 04:55:00+00:00,109.5,110.0,109.5,109.5,187643,0.0,0.0
2024-08-29 05:00:00+00:00,109.5,110.0,109.5,109.5,20225,0.0,0.0
2024-08-29 05:05:00+00:00,109.5,110.5,109.5,110.0,343047,0.0,0.0
2024-08-29 05:10:00+00:00,110.0,110.0,109.5,109.5,145595,0.0,0.0
2024-08-29 05:15:00+00:00,110.0,110.0,109.5,109.5,24047,0.0,0.0
2024-08-29 05:20:00+00:00,109.5,110.5,109.5,110.0,159185,0.0,0.0
2024-08-30 01:00:00+00:00,110.5,111.0,109.5,110.5,0,0.0,0.0
2024-08-30 01:05:00+00:00,110.5,110.5,109.0,110.0,210318,0.0,0.0
2024-08-30 01:10:00+00:00,110.0,110.0,109.5,110.0,27130,0.0,0.0
2024-08-30 01:15:00+00:00,110.0,110.0,109.5,109.5,20165,0.0,0.0
2024-08-30 01:20:00+00:00,109.5,110.0,109.5,110.0,28519,0.0,0.0
2024-08-30 01:25:00+00:00,110.0,110.0,109.5,109.5,76002,0.0,0.0
2024-08-30 01:30:00+00:00,109.5,110.0,109.0,110.0,117321,0.0,0.0
2024-08-30 01:35:00+00:00,110.0,110.0,109.5,110.0,23014,0.0,0.0
2024-08-30 01:40:00+00:00,110.0,110.0,109.5,109.5,12000,0.0,0.0
2024-08-30 01:45:00+00:00,109.5,109.5,109.5,109.5,22060,0.0,0.0
2024-08-30 01:50:00+00:00,109.5,109.5,109.0,109.0,76001,0.0,0.0
2024-08-30 01:55:00+00:00,109.0,109.0,109.0,109.0,26700,0.0,0.0
2024-08-30 02:00:00+00:00,109.0,109.5,108.5,109.0,133301,0.0,0.0
2024-08-30 02:05:00+00:00,109.0,109.0,108.5,108.5,93500,0.0,0.0
2024-08-30 02:10:00+00:00,108.0,108.5,108.0,108.5,23010,0.0,0.0
2024-08-30 02:15:00+00:00,108.5,108.5,108.0,108.5,17200,0.0,0.0
2024-08-30 02:20:00+00:00,108.5,108.5,108.5,108.5,13050,0.0,0.0
2024-08-30 02:25:00+00:00,108.0,108.5,108.0,108.5,34100,0.0,0.0
2024-08-30 02:30:00+00:00,108.5,108.5,108.0,108.5,157709,0.0,0.0
2024-08-30 02:35:00+00:00,108.0,108.5,108.0,108.5,208103,0.0,0.0
2024-08-30 02:40:00+00:00,108.0,108.0,108.0,108.0,45055,0.0,0.0
2024-08-30 02:45:00+00:00,108.0,108.0,108.0,108.0,2000,0.0,0.0
2024-08-30 02:50:00+00:00,108.5,109.0,108.5,109.0,94000,0.0,0.0
2024-08-30 02:55:00+00:00,109.0,109.5,109.0,109.0,56120,0.0,0.0
2024-08-30 03:00:00+00:00,109.0,109.0,108.5,108.5,4000,0.0,0.0
2024-08-30 03:05:00+00:00,108.5,108.5,108.5,108.5,17002,0.0,0.0
2024-08-30 03:10:00+00:00,108.5,108.5,108.5,108.5,27165,0.0,0.0
2024-08-30 03:15:00+00:00,108.5,108.5,108.5,108.5,6000,0.0,0.0
2024-08-30 03:20:00+00:00,108.0,108.0,108.0,108.0,3507,0.0,0.0
2024-08-30 03:25:00+00:00,108.0,108.5,108.0,108.0,125000,0.0,0.0
2024-08-30 03:30:00+00:00,107.5,108.0,107.5,107.5,113232,0.0,0.0
2024-08-30 03:35:00+00:00,107.5,108.0,107.5,108.0,33012,0.0,0.0
2024-08-30 03:40:00+00:00,108.0,108.0,107.5,108.0,67083,0.0,0.0
2024-08-30 03:45:00+00:00,108.0,108.0,107.5,107.5,5070,0.0,0.0
2024-08-30 03:50:00+00:00,108.0,108.0,107.5,108.0,7698,0.0,0.0
2024-08-30 03:55:00+00:00,107.5,108.0,107.5,107.5,16000,0.0,0.0
2024-08-30 04:00:00+00:00,108.0,108.0,107.5,108.0,17000,0.0,0.0
2024-08-30 04:05:00+00:00,108.0,108.0,108.0,108.0,6400,0.0,0.0
2024-08-30 04:10:00+00:00,108.0,108.0,108.0,108.0,32000,0.0,0.0
2024-08-30 04:15:00+00:00,108.0,108.0,107.5,108.0,23000,0.0,0.0
2024-08-30 04:20:00+00:00,107.5,108.5,107.5,108.5,98360,0.0,0.0
2024-08-30 04:25:00+00:00,108.5,109.0,108.5,108.5,85338,0.0,0.0
2024-08-30 04:30:00+00:00,108.5,109.0,108.5,109.0,13259,0.0,0.0
2024-08-30 04:35:00+00:00,108.5,109.0,108.5,108.5,32230,0.0,0.0
2024-08-30 04:40:00+00:00,109.0,109.0,108.5,108.5,11115,0.0,0.0
2024-08-30 04:45:00+00:00,108.5,109.0,108.5,109.0,15000,0.0,0.0
2024-08-30 04:50:00+00:00,108.5,109.0,108.5,108.5,18110,0.0,0.0
2024-08-30 04:55:00+00:00,109.0,109.0,108.5,108.5,46150,0.0,0.0
2024-08-30 05:00:00+00:00,108.5,109.0,108.5,108.5,18650,0.0,0.0
2024-08-30 05:05:00+00:00,108.5,109.0,108.5,109.0,41030,0.0,0.0
2024-08-30 05:10:00+00:00,109.0,109.0,108.5,108.5,66322,0.0,0.0
2024-08-30 05:15:00+00:00,109.0,109.0,108.5,108.5,56301,0.0,0.0
2024-08-30 05:20:00+00:00,108.5,109.0,108.0,108.0,164288,0.0,0.0
2024-09-02 01:00:00+00:00,108.0,110.5,108.0,109.5,0,0.0,0.0
2024-09-02 01:05:00+00:00,109.5,110.0,108.5,108.5,179545,0.0,0.0
2024-09-02 01:10:00+00:00,108.5,108.5,108.0,108.5,67050,0.0,0.0
2024-09-02 01:15:00+00:00,108.0,108.0,107.5,108.0,104530,0.0,0.0
2024-09-02 01:20:00+00:00,108.0,108.0,107.5,107.5,116003,0.0,0.0
2024-09-02 01:25:00+00:00,107.5,108.0,107.0,107.5,182045,0.0,0.0
2024-09-02 01:30:00+00:00,107.5,107.5,106.5,106.5,132018,0.0,0.0
2024-09-02 01:35:00+00:00,106.5,107.0,106.0,107.0,100478,0.0,0.0
2024-09-02 01:40:00+00:00,107.0,107.5,107.0,107.5,32075,0.0,0.0
2024-09-02 01:45:00+00:00,107.5,107.5,107.0,107.0,16640,0.0,0.0
2024-09-02 01:50:00+00:00,107.0,107.0,107.0,107.0,36000,0.0,0.0
2024-09-02 01:55:00+00:00,107.0,107.5,107.0,107.5,13000,0.0,0.0
2024-09-02 02:00:00+00:00,107.0,107.5,107.0,107.0,25263,0.0,0.0
2024-09-02 02:05:00+00:00,107.5,107.5,107.5,107.5,46102,0.0,0.0
2024-09-02 02:10:00+00:00,107.5,108.0,107.5,107.5,7000,0.0,0.0
2024-09-02 02:15:00+00:00,107.5,107.5,107.5,107.5,23100,0.0,0.0
2024-09-02 02:20:00+00:00,107.5,107.5,107.5,107.5,16000,0.0,0.0
2024-09-02 02:25:00+00:00,107.5,108.0,107.5,108.0,6050,0.0,0.0
2024-09-02 02:30:00+00:00,108.0,108.0,107.5,107.5,37205,0.0,0.0
2024-09-02 02:35:00+00:00,107.5,107.5,107.5,107.5,6165,0.0,0.0
2024-09-02 02:40:00+00:00,107.5,107.5,107.5,107.5,4030,0.0,0.0
2024-09-02 02:45:00+00:00,107.5,107.5,107.5,107.5,11007,0.0,0.0
2024-09-02 02:50:00+00:00,107.5,107.5,107.5,107.5,4000,0.0,0.0
2024-09-02 02:55:00+00:00,107.5,107.5,107.5,107.5,2050,0.0,0.0
2024-09-02 03:00:00+00:00,107.0,107.5,107.0,107.5,21200,0.0,0.0
2024-09-02 03:05:00+00:00,107.5,107.5,107.5,107.5,55110,0.0,0.0
2024-09-02 03:10:00+00:00,107.5,107.5,107.5,107.5,4000,0.0,0.0
2024-09-02 03:15:00+00:00,107.5,107.5,107.5,107.5,3000,0.0,0.0
2024-09-02 03:20:00+00:00,107.5,107.5,107.5,107.5,10050,0.0,0.0
2024-09-02 03:25:00+00:00,107.5,107.5,107.0,107.5,87690,0.0,0.0
2024-09-02 03:30:00+00:00,107.5,107.5,107.5,107.5,23010,0.0,0.0
2024-09-02 03:35:00+00:00,107.5,107.5,107.0,107.0,16000,0.0,0.0
2024-09-02 03:40:00+00:00,107.0,107.0,107.0,107.0,2204,0.0,0.0
2024-09-02 03:45:00+00:00,107.0,107.5,107.0,107.5,47110,0.0,0.0
2024-09-02 03:50:00+00:00,107.5,107.5,107.5,107.5,25140,0.0,0.0
2024-09-02 03:55:00+00:00,107.5,107.5,107.5,107.5,23000,0.0,0.0
2024-09-02 04:00:00+00:00,107.5,107.5,107.5,107.5,4000,0.0,0.0
2024-09-02 04:05:00+00:00,108.0,108.0,107.5,107.5,26000,0.0,0.0
2024-09-02 04:10:00+00:00,107.5,108.0,107.5,108.0,4160,0.0,0.0
2024-09-02 04:20:00+00:00,108.0,108.0,107.5,107.5,5000,0.0,0.0
2024-09-02 04:25:00+00:00,108.0,108.0,108.0,108.0,5070,0.0,0.0
2024-09-02 04:30:00+00:00,108.0,108.0,108.0,108.0,3050,0.0,0.0
2024-09-02 04:35:00+00:00,107.5,108.0,107.5,108.0,9077,0.0,0.0
2024-09-02 04:40:00+00:00,107.5,108.0,107.5,108.0,20120,0.0,0.0
2024-09-02 04:45:00+00:00,108.0,108.0,107.5,108.0,7000,0.0,0.0
2024-09-02 04:50:00+00:00,107.5,108.0,107.5,108.0,26000,0.0,0.0
2024-09-02 04:55:00+00:00,108.0,108.0,107.5,107.5,22179,0.0,0.0
2024-09-02 05:00:00+00:00,108.0,108.0,107.5,107.5,47198,0.0,0.0
2024-09-02 05:05:00+00:00,107.5,108.0,107.0,107.0,115220,0.0,0.0
2024-09-02 05:10:00+00:00,107.5,107.5,107.0,107.0,17500,0.0,0.0
2024-09-02 05:15:00+00:00,107.0,107.5,107.0,107.0,35198,0.0,0.0
2024-09-02 05:20:00+00:00,107.0,107.5,107.0,107.0,50579,0.0,0.0
2024-09-03 01:00:00+00:00,108.0,108.5,107.0,107.5,0,0.0,0.0
2024-09-03 01:05:00+00:00,107.5,107.5,107.0,107.5,28000,0.0,0.0
2024-09-03 01:10:00+00:00,107.5,107.5,107.5,107.5,20112,0.0,0.0
2024-09-03 01:15:00+00:00,107.5,107.5,107.0,107.0,59022,0.0,0.0
2024-09-03 01:20:00+00:00,107.0,107.5,107.0,107.5,117318,0.0,0.0
2024-09-03 01:25:00+00:00,107.5,107.5,107.5,107.5,17067,0.0,0.0
2024-09-03 01:30:00+00:00,108.0,108.0,107.5,107.5,19000,0.0,0.0
2024-09-03 01:35:00+00:00,107.5,108.5,107.5,108.0,186400,0.0,0.0
2024-09-03 01:40:00+00:00,107.5,108.0,107.0,107.0,57115,0.0,0.0
2024-09-03 01:45:00+00:00,107.0,107.0,107.0,107.0,4000,0.0,0.0
2024-09-03 01:50:00+00:00,107.5,107.5,107.0,107.0,37001,0.0,0.0
2024-09-03 01:55:00+00:00,107.5,107.5,107.0,107.5,30000,0.0,0.0
2024-09-03 02:00:00+00:00,107.5,107.5,107.5,107.5,3004,0.0,0.0
2024-09-03 02:05:00+00:00,107.0,107.0,106.5,107.0,104435,0.0,0.0
2024-09-03 02:10:00+00:00,107.0,107.0,107.0,107.0,1000,0.0,0.0
2024-09-03 02:15:00+00:00,106.5,106.5,106.0,106.0,123570,0.0,0.0
2024-09-03 02:20:00+00:00,106.0,106.5,106.0,106.5,17001,0.0,0.0
2024-09-03 02:25:00+00:00,106.5,106.5,106.5,106.5,7000,0.0,0.0
2024-09-03 02:30:00+00:00,106.5,106.5,106.5,106.5,3000,0.0,0.0
2024-09-03 02:35:00+00:00,106.5,106.5,105.5,105.5,277763,0.0,0.0
2024-09-03 02:40:00+00:00,105.5,105.5,105.0,105.0,136186,0.0,0.0
2024-09-03 02:45:00+00:00,105.0,105.0,104.5,105.0,135607,0.0,0.0
2024-09-03 02:50:00+00:00,105.0,105.0,105.0,105.0,53350,0.0,0.0
2024-09-03 02:55:00+00:00,105.0,105.5,105.0,105.0,42155,0.0,0.0
2024-09-03 03:00:00+00:00,105.0,105.5,104.5,105.0,38522,0.0,0.0
2024-09-03 03:05:00+00:00,104.5,104.5,102.5,103.5,589754,0.0,0.0
2024-09-03 03:10:00+00:00,103.5,104.0,103.5,103.5,73282,0.0,0.0
2024-09-03 03:15:00+00:00,103.0,103.5,103.0,103.5,126010,0.0,0.0
2024-09-03 03:20:00+00:00,103.5,104.0,103.5,103.5,68106,0.0,0.0
2024-09-03 03:25:00+00:00,103.5,104.0,103.5,104.0,62185,0.0,0.0
2024-09-03 03:30:00+00:00,104.0,104.0,104.0,104.0,16314,0.0,0.0
2024-09-03 03:35:00+00:00,104.0,104.5,104.0,104.5,40000,0.0,0.0
2024-09-03 03:40:00+00:00,104.5,104.5,104.0,104.0,24002,0.0,0.0
2024-09-03 03:45:00+00:00,104.5,104.5,104.5,104.5,16015,0.0,0.0
2024-09-03 03:50:00+00:00,104.5,104.5,104.5,104.5,27002,0.0,0.0
2024-09-03 03:55:00+00:00,104.5,104.5,104.0,104.0,11000,0.0,0.0
2024-09-03 04:00:00+00:00,104.0,104.0,104.0,104.0,9200,0.0,0.0
2024-09-03 04:05:00+00:00,104.0,104.0,104.0,104.0,7454,0.0,0.0
2024-09-03 04:10:00+00:00,104.0,104.5,104.0,104.5,6000,0.0,0.0
2024-09-03 04:15:00+00:00,104.5,104.5,104.0,104.0,9025,0.0,0.0
2024-09-03 04:20:00+00:00,104.0,104.5,104.0,104.5,33342,0.0,0.0
2024-09-03 04:25:00+00:00,104.5,104.5,104.0,104.0,23005,0.0,0.0
2024-09-03 04:30:00+00:00,104.5,104.5,104.5,104.5,31324,0.0,0.0
2024-09-03 04:35:00+00:00,104.5,105.0,104.5,105.0,16300,0.0,0.0
2024-09-03 04:40:00+00:00,105.0,105.0,105.0,105.0,7116,0.0,0.0
2024-09-03 04:45:00+00:00,105.0,105.0,104.5,104.5,16076,0.0,0.0
2024-09-03 04:50:00+00:00,105.0,105.0,104.5,104.5,20020,0.0,0.0
2024-09-03 04:55:00+00:00,104.5,105.0,104.5,104.5,22729,0.0,0.0
2024-09-03 05:00:00+00:00,104.5,104.5,104.5,104.5,66771,0.0,0.0
2024-09-03 05:05:00+00:00,104.5,104.5,104.0,104.0,29050,0.0,0.0
2024-09-03 05:10:00+00:00,104.0,104.5,104.0,104.5,40043,0.0,0.0
2024-09-03 05:15:00+00:00,104.5,104.5,104.0,104.0,42050,0.0,0.0
2024-09-03 05:20:00+00:00,104.5,104.5,104.0,104.5,89953,0.0,0.0
2024-09-04 01:00:00+00:00,98.5,98.9000015258789,95.0999984741211,95.0999984741211,0,0.0,0.0
2024-09-04 01:05:00+00:00,95.9000015258789,98.4000015258789,95.80000305175781,97.5999984741211,572549,0.0,0.0
2024-09-04 01:10:00+00:00,97.69999694824219,98.0,97.19999694824219,97.9000015258789,378401,0.0,0.0
2024-09-04 01:15:00+00:00,97.80000305175781,99.30000305175781,97.80000305175781,99.0,413929,0.0,0.0
2024-09-04 01:20:00+00:00,99.0,101.0,98.9000015258789,99.30000305175781,281815,0.0,0.0
2024-09-04 01:25:00+00:00,99.4000015258789,100.5,99.4000015258789,100.5,104714,0.0,0.0
2024-09-04 01:30:00+00:00,100.5,101.0,100.0,100.0,110610,0.0,0.0
2024-09-04 01:35:00+00:00,100.5,101.5,99.4000015258789,99.69999694824219,233598,0.0,0.0
2024-09-04 01:40:00+00:00,99.69999694824219,99.80000305175781,99.30000305175781,99.4000015258789,77600,0.0,0.0
2024-09-04 01:45:00+00:00,99.4000015258789,100.5,99.4000015258789,100.0,81495,0.0,0.0
2024-09-04 01:50:00+00:00,100.5,101.0,100.0,100.5,78530,0.0,0.0
2024-09-04 01:55:00+00:00,100.5,100.5,100.5,100.5,55421,0.0,0.0
2024-09-04 02:00:00+00:00,100.5,100.5,99.4000015258789,100.0,117979,0.0,0.0
2024-09-04 02:05:00+00:00,99.69999694824219,99.9000015258789,99.5,99.69999694824219,44215,0.0,0.0
2024-09-04 02:10:00+00:00,99.69999694824219,99.80000305175781,99.5999984741211,99.80000305175781,45254,0.0,0.0
2024-09-04 02:15:00+00:00,99.9000015258789,100.0,99.9000015258789,100.0,34400,0.0,0.0
2024-09-04 02:20:00+00:00,100.0,100.5,100.0,100.5,9025,0.0,0.0
2024-09-04 02:25:00+00:00,100.5,100.5,100.5,100.5,47000,0.0,0.0
2024-09-04 02:30:00+00:00,100.5,100.5,100.5,100.5,5156,0.0,0.0
2024-09-04 02:35:00+00:00,100.5,100.5,100.0,100.0,17045,0.0,0.0
2024-09-04 02:40:00+00:00,100.0,100.0,99.80000305175781,99.9000015258789,56175,0.0,0.0
2024-09-04 02:45:00+00:00,99.9000015258789,100.0,99.69999694824219,99.69999694824219,53419,0.0,0.0
2024-09-04 02:50:00+00:00,99.69999694824219,99.69999694824219,99.5,99.5999984741211,28145,0.0,0.0
2024-09-04 02:55:00+00:00,99.5,99.5,99.19999694824219,99.30000305175781,69183,0.0,0.0
2024-09-04 03:00:00+00:00,99.5,99.5999984741211,99.4000015258789,99.5,16000,0.0,0.0
2024-09-04 03:05:00+00:00,99.4000015258789,99.5,99.0999984741211,99.0999984741211,58508,0.0,0.0
2024-09-04 03:10:00+00:00,99.0999984741211,99.4000015258789,98.5999984741211,98.5999984741211,135036,0.0,0.0
2024-09-04 03:15:00+00:00,98.5999984741211,98.69999694824219,98.4000015258789,98.69999694824219,48706,0.0,0.0
2024-09-04 03:20:00+00:00,98.5999984741211,98.80000305175781,98.5,98.5,61210,0.0,0.0
2024-09-04 03:25:00+00:00,98.5,98.5999984741211,98.4000015258789,98.5,22629,0.0,0.0
2024-09-04 03:30:00+00:00,98.5,98.5999984741211,98.0,98.5999984741211,148014,0.0,0.0
2024-09-04 03:35:00+00:00,98.5,98.5,98.30000305175781,98.30000305175781,44300,0.0,0.0
2024-09-04 03:40:00+00:00,98.4000015258789,98.5,98.30000305175781,98.30000305175781,22601,0.0,0.0
2024-09-04 03:45:00+00:00,98.4000015258789,98.5999984741211,98.4000015258789,98.5999984741211,12014,0.0,0.0
2024-09-04 03:50:00+00:00,98.5999984741211,99.0999984741211,98.5999984741211,98.9000015258789,33010,0.0,0.0
2024-09-04 03:55:00+00:00,98.9000015258789,99.5,98.9000015258789,99.4000015258789,31107,0.0,0.0
2024-09-04 04:00:00+00:00,99.4000015258789,99.4000015258789,99.0,99.0,30000,0.0,0.0
2024-09-04 04:05:00+00:00,99.19999694824219,99.5999984741211,99.19999694824219,99.5999984741211,37500,0.0,0.0
2024-09-04 04:10:00+00:00,99.5,99.5999984741211,99.30000305175781,99.5,34110,0.0,0.0
2024-09-04 04:15:00+00:00,99.4000015258789,99.4000015258789,99.4000015258789,99.4000015258789,21001,0.0,0.0
2024-09-04 04:20:00+00:00,99.30000305175781,99.30000305175781,99.19999694824219,99.19999694824219,20000,0.0,0.0
2024-09-04 04:25:00+00:00,99.30000305175781,99.4000015258789,99.19999694824219,99.19999694824219,30280,0.0,0.0
2024-09-04 04:30:00+00:00,99.30000305175781,99.4000015258789,99.30000305175781,99.4000015258789,28030,0.0,0.0
2024-09-04 04:35:00+00:00,99.5,99.5,99.30000305175781,99.30000305175781,18200,0.0,0.0
2024-09-04 04:40:00+00:00,99.30000305175781,99.30000305175781,99.19999694824219,99.19999694824219,21450,0.0,0.0
2024-09-04 04:45:00+00:00,99.30000305175781,99.30000305175781,99.19999694824219,99.30000305175781,15051,0.0,0.0
2024-09-04 04:50:00+00:00,99.30000305175781,99.30000305175781,99.0,99.0999984741211,60470,0.0,0.0
2024-09-04 04:55:00+00:00,99.0999984741211,99.19999694824219,99.0,99.0999984741211,48241,0.0,0.0
2024-09-04 05:00:00+00:00,99.0,99.0,98.5999984741211,98.5999984741211,84949,0.0,0.0
2024-09-04 05:05:00+00:00,98.5999984741211,98.69999694824219,98.19999694824219,98.30000305175781,60690,0.0,0.0
2024-09-04 05:10:00+00:00,98.30000305175781,98.30000305175781,98.0,98.0,77464,0.0,0.0
2024-09-04 05:15:00+00:00,98.0,98.0999984741211,97.5,97.80000305175781,285204,0.0,0.0
2024-09-04 05:20:00+00:00,97.80000305175781,97.80000305175781,97.5,97.80000305175781,145265,0.0,0.0
2024-09-05 01:00:00+00:00,100.0,100.0,98.5,98.5,0,0.0,0.0
2024-09-05 01:05:00+00:00,98.5999984741211,98.9000015258789,97.69999694824219,98.5,285000,0.0,0.0
2024-09-05 01:10:00+00:00,98.5,99.0,98.0999984741211,98.9000015258789,118336,0.0,0.0
2024-09-05 01:15:00+00:00,99.0,99.0,99.0,99.0,22465,0.0,0.0
2024-09-05 01:20:00+00:00,98.9000015258789,99.0,98.30000305175781,98.9000015258789,106210,0.0,0.0
2024-09-05 01:25:00+00:00,99.0,99.30000305175781,99.0,99.30000305175781,53169,0.0,0.0
2024-09-05 01:30:00+00:00,99.30000305175781,99.30000305175781,98.80000305175781,98.9000015258789,78343,0.0,0.0
2024-09-05 01:35:00+00:00,98.80000305175781,99.0999984741211,98.69999694824219,99.0999984741211,27395,0.0,0.0
2024-09-05 01:40:00+00:00,99.19999694824219,99.19999694824219,98.80000305175781,98.9000015258789,19215,0.0,0.0
2024-09-05 01:45:00+00:00,98.9000015258789,98.9000015258789,98.4000015258789,98.5999984741211,53046,0.0,0.0
2024-09-05 01:50:00+00:00,98.5,98.5,97.9000015258789,98.19999694824219,177376,0.0,0.0
2024-09-05 01:55:00+00:00,98.30000305175781,98.5999984741211,98.19999694824219,98.4000015258789,46525,0.0,0.0
2024-09-05 02:00:00+00:00,98.4000015258789,98.5999984741211,98.4000015258789,98.5999984741211,11225,0.0,0.0
2024-09-05 02:05:00+00:00,98.69999694824219,98.69999694824219,98.0,98.0,52205,0.0,0.0
2024-09-05 02:10:00+00:00,98.0999984741211,98.0999984741211,97.5,97.80000305175781,167945,0.0,0.0
2024-09-05 02:15:00+00:00,97.5999984741211,97.5999984741211,96.5,96.69999694824219,195083,0.0,0.0
2024-09-05 02:20:00+00:00,96.69999694824219,97.80000305175781,96.5999984741211,97.80000305175781,109028,0.0,0.0
2024-09-05 02:25:00+00:00,97.69999694824219,97.9000015258789,97.5999984741211,97.9000015258789,48997,0.0,0.0
2024-09-05 02:30:00+00:00,97.9000015258789,98.0,97.5999984741211,97.69999694824219,35070,0.0,0.0
2024-09-05 02:35:00+00:00,97.69999694824219,97.9000015258789,97.5999984741211,97.80000305175781,42410,0.0,0.0
2024-09-05 02:40:00+00:00,97.69999694824219,97.69999694824219,97.30000305175781,97.5,17103,0.0,0.0
2024-09-05 02:45:00+00:00,97.4000015258789,97.5,97.4000015258789,97.4000015258789,12005,0.0,0.0
2024-09-05 02:50:00+00:00,97.5,97.5,97.5,97.5,5001,0.0,0.0
2024-09-05 02:55:00+00:00,97.5999984741211,97.69999694824219,97.5,97.5,10250,0.0,0.0
2024-09-05 03:00:00+00:00,97.5999984741211,97.5999984741211,97.5999984741211,97.5999984741211,1200,0.0,0.0
2024-09-05 03:05:00+00:00,97.5999984741211,97.5999984741211,97.0999984741211,97.0999984741211,49479,0.0,0.0
2024-09-05 03:10:00+00:00,97.19999694824219,97.30000305175781,97.19999694824219,97.30000305175781,19142,0.0,0.0
2024-09-05 03:15:00+00:00,97.30000305175781,97.5999984741211,97.30000305175781,97.5,32180,0.0,0.0
2024-09-05 03:20:00+00:00,97.5,97.5,97.30000305175781,97.30000305175781,15689,0.0,0.0
2024-09-05 03:25:00+00:00,97.4000015258789,97.4000015258789,97.30000305175781,97.4000015258789,16000,0.0,0.0
2024-09-05 03:30:00+00:00,97.4000015258789,97.5,97.4000015258789,97.5,0,0.0,0.0
2024-09-05 03:35:00+00:00,97.4000015258789,97.4000015258789,97.0999984741211,97.0999984741211,2192342,0.0,0.0
2024-09-05 03:40:00+00:00,97.0999984741211,97.19999694824219,97.0,97.19999694824219,31725,0.0,0.0
2024-09-05 03:45:00+00:00,97.0999984741211,97.19999694824219,96.9000015258789,96.9000015258789,90304,0.0,0.0
2024-09-05 03:50:00+00:00,96.9000015258789,97.0,96.69999694824219,96.69999694824219,41152,0.0,0.0
2024-09-05 03:55:00+00:00,96.69999694824219,96.80000305175781,96.5999984741211,96.69999694824219,43254,0.0,0.0
2024-09-05 04:00:00+00:00,96.69999694824219,96.69999694824219,96.4000015258789,96.4000015258789,82751,0.0,0.0
2024-09-05 04:05:00+00:00,96.4000015258789,96.4000015258789,96.19999694824219,96.30000305175781,24685,0.0,0.0
2024-09-05 04:10:00+00:00,96.30000305175781,96.5999984741211,96.30000305175781,96.5999984741211,41794,0.0,0.0
2024-09-05 04:15:00+00:00,96.5999984741211,96.5999984741211,96.5,96.5999984741211,19182,0.0,0.0
2024-09-05 04:20:00+00:00,96.5999984741211,96.5999984741211,96.30000305175781,96.30000305175781,56928,0.0,0.0
2024-09-05 04:25:00+00:00,96.5,96.5,96.19999694824219,96.30000305175781,35000,0.0,0.0
2024-09-05 04:30:00+00:00,96.19999694824219,96.30000305175781,96.0999984741211,96.19999694824219,34417,0.0,0.0
2024-09-05 04:35:00+00:00,96.19999694824219,96.19999694824219,96.0999984741211,96.19999694824219,29933,0.0,0.0
2024-09-05 04:40:00+00:00,96.0999984741211,96.0999984741211,95.69999694824219,95.69999694824219,95525,0.0,0.0
2024-09-05 04:45:00+00:00,95.69999694824219,95.69999694824219,95.19999694824219,95.4000015258789,92496,0.0,0.0
2024-09-05 04:50:00+00:00,95.30000305175781,95.80000305175781,95.30000305175781,95.69999694824219,66023,0.0,0.0
2024-09-05 04:55:00+00:00,95.69999694824219,95.9000015258789,95.5999984741211,95.80000305175781,44005,0.0,0.0
2024-09-05 05:00:00+00:00,95.69999694824219,95.69999694824219,95.4000015258789,95.4000015258789,80001,0.0,0.0
2024-09-05 05:05:00+00:00,95.5,95.5,95.19999694824219,95.19999694824219,58199,0.0,0.0
2024-09-05 05:10:00+00:00,95.30000305175781,95.69999694824219,95.30000305175781,95.69999694824219,78384,0.0,0.0
2024-09-05 05:15:00+00:00,95.80000305175781,96.19999694824219,95.69999694824219,96.19999694824219,56825,0.0,0.0
2024-09-05 05:20:00+00:00,96.30000305175781,96.4000015258789,95.69999694824219,95.69999694824219,65708,0.0,0.0
2024-09-06 01:00:00+00:00,96.19999694824219,96.9000015258789,96.0999984741211,96.0999984741211,0,0.0,0.0
2024-09-06 01:05:00+00:00,96.0999984741211,96.0999984741211,95.5,95.69999694824219,54185,0.0,0.0
2024-09-06 01:10:00+00:00,95.9000015258789,96.4000015258789,95.9000015258789,96.30000305175781,31183,0.0,0.0
2024-09-06 01:15:00+00:00,96.4000015258789,97.30000305175781,96.30000305175781,97.0,44083,0.0,0.0
2024-09-06 01:20:00+00:00,97.19999694824219,97.5999984741211,96.80000305175781,97.5,39026,0.0,0.0
2024-09-06 01:25:00+00:00,97.4000015258789,97.5,97.19999694824219,97.19999694824219,25102,0.0,0.0
2024-09-06 01:30:00+00:00,97.0999984741211,97.0999984741211,96.69999694824219,96.69999694824219,39593,0.0,0.0
2024-09-06 01:35:00+00:00,96.9000015258789,96.9000015258789,96.5999984741211,96.9000015258789,14110,0.0,0.0
2024-09-06 01:40:00+00:00,96.9000015258789,97.5,96.9000015258789,97.5,23178,0.0,0.0
2024-09-06 01:45:00+00:00,97.4000015258789,97.4000015258789,97.30000305175781,97.4000015258789,10015,0.0,0.0
2024-09-06 01:50:00+00:00,97.30000305175781,97.5,97.19999694824219,97.5,13310,0.0,0.0
2024-09-06 01:55:00+00:00,97.4000015258789,97.4000015258789,97.19999694824219,97.30000305175781,10400,0.0,0.0
2024-09-06 02:00:00+00:00,97.19999694824219,97.30000305175781,97.19999694824219,97.30000305175781,5001,0.0,0.0
2024-09-06 02:05:00+00:00,97.30000305175781,97.4000015258789,97.30000305175781,97.4000015258789,3000,0.0,0.0
2024-09-06 02:10:00+00:00,97.4000015258789,98.30000305175781,97.4000015258789,98.0999984741211,134727,0.0,0.0
2024-09-06 02:15:00+00:00,98.19999694824219,99.5999984741211,98.0999984741211,99.30000305175781,212750,0.0,0.0
2024-09-06 02:20:00+00:00,99.30000305175781,99.5,98.0999984741211,98.5,57370,0.0,0.0
2024-09-06 02:25:00+00:00,98.5,98.80000305175781,98.30000305175781,98.69999694824219,42300,0.0,0.0
2024-09-06 02:30:00+00:00,98.9000015258789,98.9000015258789,98.4000015258789,98.4000015258789,30162,0.0,0.0
2024-09-06 02:35:00+00:00,98.4000015258789,98.5999984741211,98.19999694824219,98.5999984741211,27510,0.0,0.0
2024-09-06 02:40:00+00:00,98.5,98.5,98.30000305175781,98.5,9480,0.0,0.0
2024-09-06 02:45:00+00:00,98.5,98.5,98.30000305175781,98.30000305175781,11097,0.0,0.0
2024-09-06 02:50:00+00:00,98.19999694824219,98.19999694824219,98.0,98.0,19005,0.0,0.0
2024-09-06 02:55:00+00:00,98.0,98.0,97.9000015258789,98.0,20656,0.0,0.0
2024-09-06 03:00:00+00:00,98.0,98.0,97.9000015258789,98.0,6030,0.0,0.0
2024-09-06 03:05:00+00:00,98.0,98.5,98.0,98.4000015258789,39229,0.0,0.0
2024-09-06 03:10:00+00:00,98.30000305175781,98.5999984741211,98.30000305175781,98.30000305175781,18001,0.0,0.0
2024-09-06 03:15:00+00:00,98.19999694824219,98.4000015258789,98.19999694824219,98.30000305175781,10100,0.0,0.0
2024-09-06 03:20:00+00:00,98.0999984741211,98.19999694824219,98.0999984741211,98.0999984741211,10237,0.0,0.0
2024-09-06 03:25:00+00:00,98.0999984741211,98.0999984741211,98.0999984741211,98.0999984741211,2050,0.0,0.0
2024-09-06 03:30:00+00:00,98.19999694824219,98.19999694824219,98.19999694824219,98.19999694824219,1000,0.0,0.0
2024-09-06 03:35:00+00:00,98.0999984741211,98.0999984741211,98.0,98.0,5500,0.0,0.0
2024-09-06 03:40:00+00:00,98.0,98.0999984741211,98.0,98.0,11000,0.0,0.0
2024-09-06 03:45:00+00:00,98.0,98.0,97.9000015258789,97.9000015258789,6101,0.0,0.0
2024-09-06 03:50:00+00:00,97.9000015258789,97.9000015258789,97.9000015258789,97.9000015258789,6000,0.0,0.0
2024-09-06 03:55:00+00:00,97.80000305175781,97.80000305175781,97.69999694824219,97.69999694824219,17250,0.0,0.0
2024-09-06 04:00:00+00:00,97.69999694824219,97.69999694824219,97.69999694824219,97.69999694824219,1000,0.0,0.0
2024-09-06 04:05:00+00:00,97.69999694824219,98.30000305175781,97.69999694824219,98.30000305175781,42000,0.0,0.0
2024-09-06 04:10:00+00:00,98.30000305175781,98.30000305175781,98.30000305175781,98.30000305175781,10335,0.0,0.0
2024-09-06 04:15:00+00:00,98.19999694824219,98.30000305175781,98.19999694824219,98.30000305175781,4000,0.0,0.0
2024-09-06 04:20:00+00:00,98.0999984741211,98.19999694824219,97.69999694824219,97.69999694824219,18714,0.0,0.0
2024-09-06 04:25:00+00:00,98.0,98.0,98.0,98.0,1000,0.0,0.0
2024-09-06 04:30:00+00:00,97.80000305175781,97.80000305175781,97.69999694824219,97.69999694824219,11200,0.0,0.0
2024-09-06 04:35:00+00:00,97.69999694824219,98.5,97.69999694824219,98.5,59000,0.0,0.0
2024-09-06 04:40:00+00:00,98.5999984741211,98.5999984741211,98.4000015258789,98.4000015258789,6338,0.0,0.0
2024-09-06 04:45:00+00:00,98.4000015258789,98.4000015258789,98.30000305175781,98.30000305175781,10020,0.0,0.0
2024-09-06 04:50:00+00:00,98.19999694824219,98.4000015258789,98.19999694824219,98.4000015258789,12000,0.0,0.0
2024-09-06 04:55:00+00:00,98.4000015258789,98.69999694824219,98.4000015258789,98.69999694824219,28119,0.0,0.0
2024-09-06 05:00:00+00:00,98.69999694824219,98.69999694824219,98.4000015258789,98.69999694824219,22110,0.0,0.0
2024-09-06 05:05:00+00:00,98.5,98.5,98.30000305175781,98.30000305175781,11013,0.0,0.0
2024-09-06 05:10:00+00:00,98.19999694824219,98.30000305175781,98.0,98.0999984741211,39396,0.0,0.0
2024-09-06 05:15:00+00:00,98.30000305175781,98.5,98.0,98.4000015258789,46020,0.0,0.0
2024-09-06 05:20:00+00:00,98.4000015258789,98.69999694824219,98.0999984741211,98.0999984741211,36344,0.0,0.0
2024-09-09 01:00:00+00:00,95.0999984741211,97.19999694824219,95.0999984741211,97.19999694824219,0,0.0,0.0
2024-09-09 01:05:00+00:00,97.0,97.0999984741211,96.5999984741211,97.0999984741211,117000,0.0,0.0
2024-09-09 01:10:00+00:00,97.0999984741211,98.5999984741211,97.0,98.30000305175781,123074,0.0,0.0
2024-09-09 01:15:00+00:00,98.30000305175781,98.30000305175781,97.80000305175781,98.0999984741211,46646,0.0,0.0
2024-09-09 01:20:00+00:00,98.0999984741211,98.30000305175781,97.30000305175781,97.30000305175781,35600,0.0,0.0
2024-09-09 01:25:00+00:00,97.30000305175781,97.4000015258789,97.0,97.4000015258789,46586,0.0,0.0
2024-09-09 01:30:00+00:00,97.4000015258789,97.69999694824219,97.30000305175781,97.30000305175781,12065,0.0,0.0
2024-09-09 01:35:00+00:00,97.0999984741211,97.0999984741211,96.19999694824219,96.19999694824219,78886,0.0,0.0
2024-09-09 01:40:00+00:00,96.19999694824219,96.69999694824219,96.0999984741211,96.19999694824219,48194,0.0,0.0
2024-09-09 01:45:00+00:00,96.19999694824219,97.19999694824219,96.19999694824219,97.0999984741211,24000,0.0,0.0
2024-09-09 01:50:00+00:00,97.19999694824219,97.5,97.0999984741211,97.4000015258789,36000,0.0,0.0
2024-09-09 01:55:00+00:00,97.30000305175781,97.4000015258789,97.30000305175781,97.4000015258789,14000,0.0,0.0
2024-09-09 02:00:00+00:00,97.19999694824219,97.19999694824219,96.5999984741211,96.5999984741211,40352,0.0,0.0
2024-09-09 02:05:00+00:00,96.69999694824219,96.9000015258789,96.5999984741211,96.5999984741211,6107,0.0,0.0
2024-09-09 02:10:00+00:00,96.5999984741211,96.5999984741211,96.4000015258789,96.4000015258789,21000,0.0,0.0
2024-09-09 02:15:00+00:00,96.4000015258789,96.5,96.19999694824219,96.19999694824219,25312,0.0,0.0
2024-09-09 02:20:00+00:00,96.19999694824219,96.19999694824219,96.0999984741211,96.19999694824219,34780,0.0,0.0
2024-09-09 02:25:00+00:00,96.19999694824219,96.30000305175781,96.19999694824219,96.19999694824219,8050,0.0,0.0
2024-09-09 02:30:00+00:00,96.19999694824219,96.5999984741211,95.9000015258789,96.4000015258789,64155,0.0,0.0
2024-09-09 02:35:00+00:00,96.30000305175781,96.30000305175781,96.0999984741211,96.0999984741211,10000,0.0,0.0
2024-09-09 02:40:00+00:00,96.0,96.30000305175781,96.0,96.30000305175781,9133,0.0,0.0
2024-09-09 02:45:00+00:00,96.30000305175781,96.5999984741211,96.30000305175781,96.5999984741211,5490,0.0,0.0
2024-09-09 02:50:00+00:00,96.5999984741211,96.5999984741211,96.5999984741211,96.5999984741211,2085,0.0,0.0
2024-09-09 02:55:00+00:00,96.5999984741211,96.5999984741211,96.5999984741211,96.5999984741211,6000,0.0,0.0
2024-09-09 03:00:00+00:00,96.5999984741211,96.5999984741211,96.4000015258789,96.5,10000,0.0,0.0
2024-09-09 03:05:00+00:00,96.5,96.5999984741211,96.5,96.5999984741211,5004,0.0,0.0
2024-09-09 03:10:00+00:00,96.69999694824219,96.69999694824219,96.5999984741211,96.5999984741211,6125,0.0,0.0
2024-09-09 03:15:00+00:00,96.5999984741211,96.80000305175781,96.5999984741211,96.80000305175781,14000,0.0,0.0
2024-09-09 03:20:00+00:00,96.5999984741211,96.5999984741211,96.4000015258789,96.4000015258789,23004,0.0,0.0
2024-09-09 03:25:00+00:00,96.4000015258789,96.4000015258789,96.4000015258789,96.4000015258789,8046,0.0,0.0
2024-09-09 03:30:00+00:00,96.30000305175781,96.30000305175781,96.30000305175781,96.30000305175781,2000,0.0,0.0
2024-09-09 03:35:00+00:00,96.30000305175781,96.30000305175781,96.30000305175781,96.30000305175781,1050,0.0,0.0
2024-09-09 03:40:00+00:00,95.9000015258789,96.0,95.9000015258789,96.0,27326,0.0,0.0
2024-09-09 03:45:00+00:00,96.0,96.0,96.0,96.0,3358,0.0,0.0
2024-09-09 03:50:00+00:00,96.0999984741211,96.30000305175781,96.0999984741211,96.30000305175781,14000,0.0,0.0
2024-09-09 03:55:00+00:00,96.30000305175781,96.30000305175781,96.30000305175781,96.30000305175781,1000,0.0,0.0
2024-09-09 04:00:00+00:00,96.30000305175781,96.30000305175781,96.19999694824219,96.19999694824219,11200,0.0,0.0
2024-09-09 04:05:00+00:00,96.30000305175781,96.30000305175781,96.30000305175781,96.30000305175781,4000,0.0,0.0
2024-09-09 04:10:00+00:00,96.4000015258789,96.80000305175781,96.30000305175781,96.80000305175781,17030,0.0,0.0
2024-09-09 04:15:00+00:00,96.80000305175781,97.0999984741211,96.80000305175781,97.0999984741211,100630,0.0,0.0
2024-09-09 04:20:00+00:00,97.0,97.0,96.80000305175781,96.9000015258789,34282,0.0,0.0
2024-09-09 04:25:00+00:00,96.69999694824219,96.80000305175781,96.69999694824219,96.80000305175781,11150,0.0,0.0
2024-09-09 04:30:00+00:00,96.80000305175781,97.19999694824219,96.80000305175781,97.19999694824219,29103,0.0,0.0
2024-09-09 04:35:00+00:00,97.0999984741211,97.19999694824219,97.0999984741211,97.19999694824219,6200,0.0,0.0
2024-09-09 04:40:00+00:00,97.19999694824219,97.69999694824219,97.19999694824219,97.69999694824219,24123,0.0,0.0
2024-09-09 04:45:00+00:00,97.80000305175781,98.0,97.80000305175781,97.9000015258789,19654,0.0,0.0
2024-09-09 04:50:00+00:00,97.9000015258789,98.19999694824219,97.9000015258789,98.0,17095,0.0,0.0
2024-09-09 04:55:00+00:00,97.9000015258789,98.0,97.9000015258789,98.0,12105,0.0,0.0
2024-09-09 05:00:00+00:00,98.0999984741211,98.0999984741211,98.0,98.0999984741211,16300,0.0,0.0
2024-09-09 05:05:00+00:00,98.0999984741211,98.19999694824219,97.9000015258789,98.0,39050,0.0,0.0
2024-09-09 05:10:00+00:00,98.0,98.0999984741211,98.0,98.0,7004,0.0,0.0
2024-09-09 05:15:00+00:00,97.9000015258789,98.0,97.80000305175781,97.9000015258789,18004,0.0,0.0
2024-09-09 05:20:00+00:00,97.9000015258789,98.30000305175781,97.80000305175781,97.9000015258789,38157,0.0,0.0
2024-09-10 01:00:00+00:00,98.80000305175781,99.19999694824219,98.5,99.0999984741211,0,0.0,0.0
2024-09-10 01:05:00+00:00,99.0999984741211,99.4000015258789,98.5,98.80000305175781,0,0.0,0.0
2024-09-10 01:10:00+00:00,98.4000015258789,98.4000015258789,97.9000015258789,98.0,221900,0.0,0.0
2024-09-10 01:15:00+00:00,98.0,98.0999984741211,97.5999984741211,97.5999984741211,21133,0.0,0.0
2024-09-10 01:20:00+00:00,97.5999984741211,97.80000305175781,97.5,97.80000305175781,35001,0.0,0.0
2024-09-10 01:25:00+00:00,97.80000305175781,97.80000305175781,96.80000305175781,96.80000305175781,68094,0.0,0.0
2024-09-10 01:30:00+00:00,97.0,97.0,96.30000305175781,96.5,72196,0.0,0.0
2024-09-10 01:35:00+00:00,96.5999984741211,96.69999694824219,96.5,96.5,52128,0.0,0.0
2024-09-10 01:40:00+00:00,96.5999984741211,96.5999984741211,95.80000305175781,95.9000015258789,90331,0.0,0.0
2024-09-10 01:45:00+00:00,95.80000305175781,96.4000015258789,95.80000305175781,96.0999984741211,55090,0.0,0.0
2024-09-10 01:50:00+00:00,96.0999984741211,96.5,96.0,96.5,27110,0.0,0.0
2024-09-10 01:55:00+00:00,96.30000305175781,96.5,96.30000305175781,96.4000015258789,19000,0.0,0.0
2024-09-10 02:00:00+00:00,96.4000015258789,96.4000015258789,96.0999984741211,96.19999694824219,45000,0.0,0.0
2024-09-10 02:05:00+00:00,96.0999984741211,96.0999984741211,96.0,96.0999984741211,44298,0.0,0.0
2024-09-10 02:10:00+00:00,96.19999694824219,96.30000305175781,96.19999694824219,96.30000305175781,11200,0.0,0.0
2024-09-10 02:15:00+00:00,96.4000015258789,96.4000015258789,96.30000305175781,96.4000015258789,3000,0.0,0.0
2024-09-10 02:20:00+00:00,96.5,96.5999984741211,96.5,96.5,19015,0.0,0.0
2024-09-10 02:25:00+00:00,96.4000015258789,96.4000015258789,96.4000015258789,96.4000015258789,5000,0.0,0.0
2024-09-10 02:30:00+00:00,96.30000305175781,96.4000015258789,96.0999984741211,96.30000305175781,9000,0.0,0.0
2024-09-10 02:35:00+00:00,96.30000305175781,96.30000305175781,96.30000305175781,96.30000305175781,6050,0.0,0.0
2024-09-10 02:40:00+00:00,96.4000015258789,97.0,96.4000015258789,97.0,59004,0.0,0.0
2024-09-10 02:45:00+00:00,97.0,97.0,96.4000015258789,96.4000015258789,22000,0.0,0.0
2024-09-10 02:50:00+00:00,96.5999984741211,96.69999694824219,96.5,96.5,13050,0.0,0.0
2024-09-10 02:55:00+00:00,96.5,96.5,96.4000015258789,96.4000015258789,3000,0.0,0.0
2024-09-10 03:00:00+00:00,96.5999984741211,96.69999694824219,96.5999984741211,96.69999694824219,11640,0.0,0.0
2024-09-10 03:05:00+00:00,96.69999694824219,96.69999694824219,96.30000305175781,96.30000305175781,18030,0.0,0.0
2024-09-10 03:10:00+00:00,96.5,96.5,96.4000015258789,96.4000015258789,13000,0.0,0.0
2024-09-10 03:15:00+00:00,96.4000015258789,96.4000015258789,95.9000015258789,96.0,48178,0.0,0.0
2024-09-10 03:20:00+00:00,96.0,96.0999984741211,96.0,96.0,20560,0.0,0.0
2024-09-10 03:25:00+00:00,96.0999984741211,96.19999694824219,96.0,96.19999694824219,7080,0.0,0.0
2024-09-10 03:30:00+00:00,96.0999984741211,96.19999694824219,96.0999984741211,96.19999694824219,6001,0.0,0.0
2024-09-10 03:35:00+00:00,96.4000015258789,96.4000015258789,96.19999694824219,96.19999694824219,6000,0.0,0.0
2024-09-10 03:40:00+00:00,96.30000305175781,96.30000305175781,96.0999984741211,96.0999984741211,8000,0.0,0.0
2024-09-10 03:45:00+00:00,96.19999694824219,96.19999694824219,96.0,96.19999694824219,37628,0.0,0.0
2024-09-10 03:50:00+00:00,96.0,96.0999984741211,96.0,96.0999984741211,24100,0.0,0.0
2024-09-10 03:55:00+00:00,96.0,96.0,95.9000015258789,95.9000015258789,11599,0.0,0.0
2024-09-10 04:00:00+00:00,95.9000015258789,96.0,95.80000305175781,95.80000305175781,56000,0.0,0.0
2024-09-10 04:05:00+00:00,95.80000305175781,96.0,95.69999694824219,96.0,34116,0.0,0.0
2024-09-10 04:10:00+00:00,95.80000305175781,95.80000305175781,95.80000305175781,95.80000305175781,8000,0.0,0.0
2024-09-10 04:15:00+00:00,95.69999694824219,95.69999694824219,94.9000015258789,95.0999984741211,202226,0.0,0.0
2024-09-10 04:20:00+00:00,95.0999984741211,95.0999984741211,94.9000015258789,95.0,32283,0.0,0.0
2024-09-10 04:25:00+00:00,95.0,95.0,94.5,94.69999694824219,78812,0.0,0.0
2024-09-10 04:30:00+00:00,94.69999694824219,94.80000305175781,93.19999694824219,94.0999984741211,207272,0.0,0.0
2024-09-10 04:35:00+00:00,94.0999984741211,94.4000015258789,93.80000305175781,94.0,141624,0.0,0.0
2024-09-10 04:40:00+00:00,94.19999694824219,94.5,94.19999694824219,94.5,53000,0.0,0.0
2024-09-10 04:45:00+00:00,94.5999984741211,94.80000305175781,94.5999984741211,94.80000305175781,29001,0.0,0.0
2024-09-10 04:50:00+00:00,94.80000305175781,95.0,94.80000305175781,95.0,30119,0.0,0.0
2024-09-10 04:55:00+00:00,95.0,95.0,94.80000305175781,94.80000305175781,28030,0.0,0.0
2024-09-10 05:00:00+00:00,94.80000305175781,95.5,94.80000305175781,95.5,57148,0.0,0.0
2024-09-10 05:05:00+00:00,95.5999984741211,96.30000305175781,95.5,95.69999694824219,63136,0.0,0.0
2024-09-10 05:10:00+00:00,95.69999694824219,96.0999984741211,95.69999694824219,95.69999694824219,24200,0.0,0.0
2024-09-10 05:15:00+00:00,95.69999694824219,96.19999694824219,95.69999694824219,96.0999984741211,55031,0.0,0.0
2024-09-10 05:20:00+00:00,96.19999694824219,96.19999694824219,95.4000015258789,96.0,63501,0.0,0.0
2024-09-11 01:00:00+00:00,94.5,95.9000015258789,94.5,95.0999984741211,0,0.0,0.0
2024-09-11 01:05:00+00:00,95.30000305175781,95.5,95.19999694824219,95.4000015258789,36724,0.0,0.0
2024-09-11 01:10:00+00:00,95.30000305175781,95.4000015258789,93.9000015258789,95.4000015258789,219146,0.0,0.0
2024-09-11 01:15:00+00:00,95.4000015258789,95.4000015258789,95.0999984741211,95.30000305175781,14610,0.0,0.0
2024-09-11 01:20:00+00:00,95.30000305175781,95.80000305175781,95.30000305175781,95.80000305175781,17000,0.0,0.0
2024-09-11 01:25:00+00:00,95.80000305175781,95.80000305175781,95.5999984741211,95.69999694824219,10300,0.0,0.0
2024-09-11 01:30:00+00:00,95.69999694824219,95.80000305175781,95.0999984741211,95.4000015258789,71243,0.0,0.0
2024-09-11 01:35:00+00:00,95.4000015258789,95.4000015258789,95.0999984741211,95.0999984741211,23055,0.0,0.0
2024-09-11 01:40:00+00:00,95.0,95.5,95.0,95.5,15000,0.0,0.0
2024-09-11 01:45:00+00:00,95.69999694824219,95.80000305175781,95.69999694824219,95.69999694824219,18018,0.0,0.0
2024-09-11 01:50:00+00:00,95.69999694824219,95.69999694824219,95.5,95.5,3000,0.0,0.0
2024-09-11 01:55:00+00:00,95.5,95.5,95.5,95.5,3000,0.0,0.0
2024-09-11 02:00:00+00:00,95.5,95.5,94.80000305175781,94.80000305175781,40357,0.0,0.0
2024-09-11 02:05:00+00:00,94.80000305175781,95.0,94.80000305175781,95.0,22671,0.0,0.0
2024-09-11 02:15:00+00:00,94.9000015258789,94.9000015258789,94.69999694824219,94.80000305175781,14946,0.0,0.0
2024-09-11 02:20:00+00:00,94.80000305175781,95.5,94.69999694824219,95.5,47532,0.0,0.0
2024-09-11 02:25:00+00:00,95.5,95.5,95.19999694824219,95.19999694824219,21446,0.0,0.0
2024-09-11 02:30:00+00:00,95.30000305175781,95.30000305175781,95.19999694824219,95.19999694824219,5000,0.0,0.0
2024-09-11 02:35:00+00:00,95.19999694824219,95.30000305175781,95.19999694824219,95.30000305175781,10016,0.0,0.0
2024-09-11 02:40:00+00:00,95.30000305175781,95.5,95.30000305175781,95.5,8364,0.0,0.0
2024-09-11 02:45:00+00:00,95.5,95.5,95.4000015258789,95.4000015258789,3317,0.0,0.0
2024-09-11 02:50:00+00:00,95.4000015258789,95.4000015258789,95.30000305175781,95.30000305175781,8127,0.0,0.0
2024-09-11 03:00:00+00:00,95.4000015258789,95.4000015258789,95.30000305175781,95.30000305175781,6316,0.0,0.0
2024-09-11 03:05:00+00:00,95.19999694824219,95.19999694824219,95.0999984741211,95.19999694824219,22058,0.0,0.0
2024-09-11 03:10:00+00:00,95.19999694824219,95.30000305175781,95.19999694824219,95.30000305175781,10343,0.0,0.0
2024-09-11 03:15:00+00:00,95.4000015258789,95.4000015258789,95.4000015258789,95.4000015258789,1018,0.0,0.0
2024-09-11 03:25:00+00:00,95.4000015258789,95.4000015258789,95.4000015258789,95.4000015258789,1000,0.0,0.0
2024-09-11 03:30:00+00:00,95.19999694824219,95.30000305175781,95.19999694824219,95.30000305175781,21050,0.0,0.0
2024-09-11 03:35:00+00:00,95.0999984741211,95.0999984741211,95.0999984741211,95.0999984741211,6252,0.0,0.0
2024-09-11 03:40:00+00:00,95.0999984741211,95.19999694824219,95.0999984741211,95.19999694824219,7050,0.0,0.0
2024-09-11 03:45:00+00:00,95.0999984741211,95.0999984741211,95.0999984741211,95.0999984741211,1100,0.0,0.0
2024-09-11 03:50:00+00:00,95.19999694824219,95.19999694824219,95.19999694824219,95.19999694824219,1074,0.0,0.0
2024-09-11 03:55:00+00:00,95.19999694824219,95.4000015258789,95.19999694824219,95.4000015258789,18000,0.0,0.0
2024-09-11 04:05:00+00:00,95.5,95.5,95.5,95.5,1100,0.0,0.0
2024-09-11 04:10:00+00:00,95.5,95.5,95.30000305175781,95.30000305175781,4096,0.0,0.0
2024-09-11 04:15:00+00:00,95.4000015258789,95.4000015258789,95.4000015258789,95.4000015258789,4000,0.0,0.0
2024-09-11 04:25:00+00:00,95.4000015258789,95.4000015258789,95.4000015258789,95.4000015258789,1000,0.0,0.0
2024-09-11 04:30:00+00:00,95.4000015258789,95.5,95.30000305175781,95.5,26000,0.0,0.0
2024-09-11 04:35:00+00:00,95.5,95.5,95.5,95.5,6000,0.0,0.0
2024-09-11 04:40:00+00:00,95.5999984741211,95.5999984741211,95.5999984741211,95.5999984741211,2002,0.0,0.0
2024-09-11 04:45:00+00:00,95.5,95.5999984741211,95.5,95.5999984741211,43130,0.0,0.0
2024-09-11 04:50:00+00:00,95.5999984741211,95.5999984741211,95.5,95.5,6060,0.0,0.0
2024-09-11 04:55:00+00:00,95.5,95.5999984741211,95.5,95.5999984741211,5001,0.0,0.0
2024-09-11 05:00:00+00:00,95.5,95.69999694824219,95.5,95.69999694824219,18200,0.0,0.0
2024-09-11 05:05:00+00:00,95.69999694824219,95.80000305175781,95.69999694824219,95.80000305175781,14282,0.0,0.0
2024-09-11 05:10:00+00:00,95.80000305175781,95.80000305175781,95.69999694824219,95.69999694824219,7040,0.0,0.0
2024-09-11 05:15:00+00:00,95.69999694824219,95.80000305175781,95.69999694824219,95.80000305175781,13099,0.0,0.0
2024-09-11 05:20:00+00:00,95.69999694824219,95.69999694824219,95.4000015258789,95.4000015258789,39530,0.0,0.0
2024-09-12 01:00:00+00:00,96.69999694824219,97.30000305175781,96.69999694824219,96.69999694824219,0,0.0,0.0
2024-09-12 01:05:00+00:00,97.0,97.0,96.0999984741211,96.0999984741211,41074,0.0,0.0
2024-09-12 01:10:00+00:00,96.19999694824219,96.30000305175781,95.80000305175781,95.9000015258789,32600,0.0,0.0
2024-09-12 01:15:00+00:00,95.9000015258789,96.5999984741211,95.9000015258789,96.5999984741211,34400,0.0,0.0
2024-09-12 01:20:00+00:00,96.5999984741211,96.5999984741211,96.5,96.5,6016,0.0,0.0
2024-09-12 01:25:00+00:00,96.4000015258789,96.4000015258789,95.80000305175781,96.0999984741211,35927,0.0,0.0
2024-09-12 01:30:00+00:00,96.0,96.30000305175781,96.0,96.30000305175781,21055,0.0,0.0
2024-09-12 01:35:00+00:00,96.30000305175781,96.30000305175781,96.0,96.30000305175781,15151,0.0,0.0
2024-09-12 01:40:00+00:00,96.19999694824219,96.19999694824219,95.80000305175781,96.0,25064,0.0,0.0
2024-09-12 01:45:00+00:00,96.0,96.0999984741211,95.80000305175781,95.80000305175781,19263,0.0,0.0
2024-09-12 01:50:00+00:00,95.9000015258789,96.30000305175781,95.9000015258789,96.30000305175781,24277,0.0,0.0
2024-09-12 01:55:00+00:00,96.30000305175781,96.30000305175781,96.30000305175781,96.30000305175781,14023,0.0,0.0
2024-09-12 02:00:00+00:00,96.4000015258789,96.4000015258789,96.0,96.0,35000,0.0,0.0
2024-09-12 02:05:00+00:00,96.0,96.0999984741211,95.9000015258789,96.0,9100,0.0,0.0
2024-09-12 02:10:00+00:00,96.0,96.19999694824219,96.0,96.0999984741211,21100,0.0,0.0
2024-09-12 02:15:00+00:00,96.19999694824219,96.19999694824219,96.19999694824219,96.19999694824219,5000,0.0,0.0
2024-09-12 02:20:00+00:00,96.19999694824219,96.19999694824219,96.19999694824219,96.19999694824219,12000,0.0,0.0
2024-09-12 02:25:00+00:00,96.19999694824219,96.30000305175781,96.0999984741211,96.19999694824219,11000,0.0,0.0
2024-09-12 02:30:00+00:00,96.19999694824219,96.5999984741211,96.19999694824219,96.5,34000,0.0,0.0
2024-09-12 02:35:00+00:00,96.5,96.5,96.30000305175781,96.5,18193,0.0,0.0
2024-09-12 02:40:00+00:00,96.5,96.5,96.4000015258789,96.5,9000,0.0,0.0
2024-09-12 02:45:00+00:00,96.5,96.80000305175781,96.5,96.80000305175781,43003,0.0,0.0
2024-09-12 02:50:00+00:00,96.80000305175781,96.80000305175781,96.5,96.5,28614,0.0,0.0
2024-09-12 02:55:00+00:00,96.69999694824219,96.69999694824219,96.69999694824219,96.69999694824219,4300,0.0,0.0
2024-09-12 03:00:00+00:00,96.80000305175781,96.80000305175781,96.80000305175781,96.80000305175781,3135,0.0,0.0
2024-09-12 03:05:00+00:00,96.69999694824219,96.69999694824219,96.5999984741211,96.69999694824219,9457,0.0,0.0
2024-09-12 03:10:00+00:00,96.69999694824219,96.69999694824219,96.5,96.69999694824219,21285,0.0,0.0
2024-09-12 03:20:00+00:00,96.69999694824219,96.69999694824219,96.5999984741211,96.5999984741211,8200,0.0,0.0
2024-09-12 03:25:00+00:00,96.69999694824219,96.80000305175781,96.69999694824219,96.69999694824219,17000,0.0,0.0
2024-09-12 03:30:00+00:00,96.80000305175781,96.9000015258789,96.80000305175781,96.80000305175781,12363,0.0,0.0
2024-09-12 03:35:00+00:00,96.80000305175781,96.9000015258789,96.80000305175781,96.9000015258789,8000,0.0,0.0
2024-09-12 03:40:00+00:00,96.80000305175781,96.80000305175781,96.69999694824219,96.69999694824219,8000,0.0,0.0
2024-09-12 03:45:00+00:00,96.80000305175781,96.80000305175781,96.4000015258789,96.4000015258789,23024,0.0,0.0
2024-09-12 03:50:00+00:00,96.4000015258789,96.5,96.19999694824219,96.19999694824219,19020,0.0,0.0
2024-09-12 03:55:00+00:00,96.19999694824219,96.4000015258789,96.0999984741211,96.30000305175781,16026,0.0,0.0
2024-09-12 04:00:00+00:00,96.30000305175781,96.30000305175781,96.30000305175781,96.30000305175781,6058,0.0,0.0
2024-09-12 04:05:00+00:00,96.30000305175781,96.4000015258789,96.30000305175781,96.4000015258789,11010,0.0,0.0
2024-09-12 04:10:00+00:00,96.5,96.5,96.4000015258789,96.4000015258789,9410,0.0,0.0
2024-09-12 04:15:00+00:00,96.5999984741211,96.69999694824219,96.4000015258789,96.4000015258789,12211,0.0,0.0
2024-09-12 04:20:00+00:00,96.4000015258789,96.5,96.4000015258789,96.5,18028,0.0,0.0
2024-09-12 04:25:00+00:00,96.4000015258789,96.4000015258789,96.30000305175781,96.4000015258789,7036,0.0,0.0
2024-09-12 04:30:00+00:00,96.4000015258789,96.4000015258789,96.30000305175781,96.4000015258789,13000,0.0,0.0
2024-09-12 04:35:00+00:00,96.4000015258789,96.5999984741211,96.4000015258789,96.5,18207,0.0,0.0
2024-09-12 04:40:00+00:00,96.5,96.5999984741211,96.4000015258789,96.4000015258789,33133,0.0,0.0
2024-09-12 04:45:00+00:00,96.5999984741211,96.5999984741211,96.4000015258789,96.4000015258789,2014,0.0,0.0
2024-09-12 04:50:00+00:00,96.5,96.5999984741211,96.5,96.5,18244,0.0,0.0
2024-09-12 04:55:00+00:00,96.5,96.5,96.5,96.5,8002,0.0,0.0
2024-09-12 05:00:00+00:00,96.5,96.5,96.4000015258789,96.4000015258789,14110,0.0,0.0
2024-09-12 05:05:00+00:00,96.30000305175781,96.30000305175781,96.19999694824219,96.19999694824219,33050,0.0,0.0
2024-09-12 05:10:00+00:00,96.19999694824219,96.19999694824219,96.0999984741211,96.19999694824219,8515,0.0,0.0
2024-09-12 05:15:00+00:00,96.0999984741211,96.30000305175781,96.0999984741211,96.30000305175781,21035,0.0,0.0
2024-09-12 05:20:00+00:00,96.19999694824219,96.4000015258789,96.0,96.30000305175781,70048,0.0,0.0
2024-09-13 01:00:00+00:00,96.69999694824219,96.80000305175781,96.0999984741211,96.30000305175781,0,0.0,0.0
2024-09-13 01:05:00+00:00,96.0999984741211,96.69999694824219,96.0999984741211,96.0999984741211,22000,0.0,0.0
2024-09-13 01:10:00+00:00,96.4000015258789,96.69999694824219,96.0999984741211,96.69999694824219,17324,0.0,0.0
2024-09-13 01:15:00+00:00,96.5999984741211,96.5999984741211,96.30000305175781,96.30000305175781,15234,0.0,0.0
2024-09-13 01:20:00+00:00,96.30000305175781,96.4000015258789,96.30000305175781,96.4000015258789,5001,0.0,0.0
2024-09-13 01:25:00+00:00,96.19999694824219,96.30000305175781,96.19999694824219,96.19999694824219,10105,0.0,0.0
2024-09-13 01:30:00+00:00,96.4000015258789,96.4000015258789,96.0999984741211,96.0999984741211,8050,0.0,0.0
2024-09-13 01:35:00+00:00,96.0999984741211,96.30000305175781,96.0999984741211,96.30000305175781,5000,0.0,0.0
2024-09-13 01:40:00+00:00,96.30000305175781,96.5,95.5999984741211,96.30000305175781,22211,0.0,0.0
2024-09-13 01:45:00+00:00,96.19999694824219,96.19999694824219,95.80000305175781,95.9000015258789,16901,0.0,0.0
2024-09-13 01:50:00+00:00,96.0,96.30000305175781,96.0,96.30000305175781,17379,0.0,0.0
2024-09-13 01:55:00+00:00,96.0999984741211,96.0999984741211,95.30000305175781,95.80000305175781,49116,0.0,0.0
2024-09-13 02:00:00+00:00,95.5,95.69999694824219,95.5,95.5999984741211,5155,0.0,0.0
2024-09-13 02:05:00+00:00,95.5999984741211,95.80000305175781,95.5999984741211,95.80000305175781,12000,0.0,0.0
2024-09-13 02:10:00+00:00,96.0,96.0,96.0,96.0,3000,0.0,0.0
2024-09-13 02:15:00+00:00,96.0,96.0999984741211,96.0,96.0999984741211,12000,0.0,0.0
2024-09-13 02:20:00+00:00,96.0999984741211,96.0999984741211,96.0999984741211,96.0999984741211,2012,0.0,0.0
2024-09-13 02:25:00+00:00,96.19999694824219,96.30000305175781,96.19999694824219,96.30000305175781,4000,0.0,0.0
2024-09-13 02:30:00+00:00,96.0999984741211,96.19999694824219,96.0999984741211,96.19999694824219,7000,0.0,0.0
2024-09-13 02:35:00+00:00,96.19999694824219,96.30000305175781,96.19999694824219,96.30000305175781,4000,0.0,0.0
2024-09-13 02:40:00+00:00,96.19999694824219,96.19999694824219,95.9000015258789,95.9000015258789,26000,0.0,0.0
2024-09-13 02:45:00+00:00,96.0999984741211,96.19999694824219,96.0999984741211,96.19999694824219,10000,0.0,0.0
2024-09-13 02:55:00+00:00,96.0999984741211,96.0999984741211,95.80000305175781,96.0,15010,0.0,0.0
2024-09-13 03:00:00+00:00,95.69999694824219,96.0,95.5999984741211,96.0,13018,0.0,0.0
2024-09-13 03:05:00+00:00,96.0,96.30000305175781,96.0,96.30000305175781,16000,0.0,0.0
2024-09-13 03:10:00+00:00,96.30000305175781,96.30000305175781,96.19999694824219,96.19999694824219,3000,0.0,0.0
2024-09-13 03:15:00+00:00,96.30000305175781,96.4000015258789,96.30000305175781,96.4000015258789,7020,0.0,0.0
2024-09-13 03:20:00+00:00,96.4000015258789,96.5,96.19999694824219,96.19999694824219,24000,0.0,0.0
2024-09-13 03:25:00+00:00,96.19999694824219,96.4000015258789,96.0,96.4000015258789,21001,0.0,0.0
2024-09-13 03:30:00+00:00,96.0,96.0,96.0,96.0,11367,0.0,0.0
2024-09-13 03:35:00+00:00,96.0,96.30000305175781,96.0,96.30000305175781,8300,0.0,0.0
2024-09-13 03:40:00+00:00,96.30000305175781,96.4000015258789,96.30000305175781,96.4000015258789,5175,0.0,0.0
2024-09-13 03:45:00+00:00,96.4000015258789,96.5,96.4000015258789,96.5,4000,0.0,0.0
2024-09-13 03:50:00+00:00,96.5,96.69999694824219,96.5,96.69999694824219,14000,0.0,0.0
2024-09-13 03:55:00+00:00,96.5999984741211,96.80000305175781,96.5999984741211,96.80000305175781,11020,0.0,0.0
2024-09-13 04:00:00+00:00,96.80000305175781,96.80000305175781,96.5999984741211,96.5999984741211,5170,0.0,0.0
2024-09-13 04:05:00+00:00,96.69999694824219,96.69999694824219,96.5999984741211,96.69999694824219,8100,0.0,0.0
2024-09-13 04:10:00+00:00,96.69999694824219,96.69999694824219,96.69999694824219,96.69999694824219,6075,0.0,0.0
2024-09-13 04:15:00+00:00,96.69999694824219,96.80000305175781,96.5999984741211,96.80000305175781,10100,0.0,0.0
2024-09-13 04:20:00+00:00,96.80000305175781,96.80000305175781,96.69999694824219,96.69999694824219,4218,0.0,0.0
2024-09-13 04:25:00+00:00,96.5999984741211,96.69999694824219,96.5,96.69999694824219,8100,0.0,0.0
2024-09-13 04:30:00+00:00,96.5999984741211,96.5999984741211,96.5,96.5,7000,0.0,0.0
2024-09-13 04:35:00+00:00,96.4000015258789,96.5,96.4000015258789,96.5,3000,0.0,0.0
2024-09-13 04:40:00+00:00,96.5,96.5999984741211,96.5,96.5999984741211,13000,0.0,0.0
2024-09-13 04:45:00+00:00,96.5999984741211,96.5999984741211,96.5999984741211,96.5999984741211,7000,0.0,0.0
2024-09-13 04:50:00+00:00,96.5999984741211,96.5999984741211,96.5,96.5,4005,0.0,0.0
2024-09-13 04:55:00+00:00,96.5,96.5,96.5,96.5,3200,0.0,0.0
2024-09-13 05:05:00+00:00,96.5999984741211,96.5999984741211,96.5999984741211,96.5999984741211,8300,0.0,0.0
2024-09-13 05:10:00+00:00,96.5999984741211,96.69999694824219,96.5999984741211,96.5999984741211,17002,0.0,0.0
2024-09-13 05:15:00+00:00,96.5999984741211,96.80000305175781,96.5999984741211,96.69999694824219,50130,0.0,0.0
2024-09-13 05:20:00+00:00,96.5999984741211,96.69999694824219,96.0,96.0,30311,0.0,0.0
2024-09-16 01:00:00+00:00,95.5,96.4000015258789,95.19999694824219,96.4000015258789,0,0.0,0.0
2024-09-16 01:05:00+00:00,96.4000015258789,96.5,96.0,96.0,23444,0.0,0.0
2024-09-16 01:10:00+00:00,95.80000305175781,95.80000305175781,95.19999694824219,95.19999694824219,64752,0.0,0.0
2024-09-16 01:15:00+00:00,95.19999694824219,95.19999694824219,94.19999694824219,94.9000015258789,126180,0.0,0.0
2024-09-16 01:20:00+00:00,94.9000015258789,95.0999984741211,94.80000305175781,94.80000305175781,115153,0.0,0.0
2024-09-16 01:25:00+00:00,95.0,95.0,95.0,95.0,8500,0.0,0.0
2024-09-16 01:30:00+00:00,95.0999984741211,95.0999984741211,95.0,95.0,9722,0.0,0.0
2024-09-16 01:35:00+00:00,95.0999984741211,95.30000305175781,95.0999984741211,95.19999694824219,13000,0.0,0.0
2024-09-16 01:40:00+00:00,95.19999694824219,95.19999694824219,95.19999694824219,95.19999694824219,6000,0.0,0.0
2024-09-16 01:45:00+00:00,95.19999694824219,95.30000305175781,95.0,95.30000305175781,18095,0.0,0.0
2024-09-16 01:50:00+00:00,95.30000305175781,95.30000305175781,95.19999694824219,95.19999694824219,11005,0.0,0.0
2024-09-16 01:55:00+00:00,95.19999694824219,95.4000015258789,95.19999694824219,95.4000015258789,13200,0.0,0.0
2024-09-16 02:00:00+00:00,95.5,95.69999694824219,95.5,95.69999694824219,13000,0.0,0.0
2024-09-16 02:05:00+00:00,95.5999984741211,95.5999984741211,95.4000015258789,95.4000015258789,9200,0.0,0.0
2024-09-16 02:10:00+00:00,95.4000015258789,95.5999984741211,95.4000015258789,95.5999984741211,8000,0.0,0.0
2024-09-16 02:15:00+00:00,95.5999984741211,95.9000015258789,95.5999984741211,95.9000015258789,8250,0.0,0.0
2024-09-16 02:20:00+00:00,95.9000015258789,95.9000015258789,95.9000015258789,95.9000015258789,4100,0.0,0.0
2024-09-16 02:25:00+00:00,95.9000015258789,95.9000015258789,95.9000015258789,95.9000015258789,6100,0.0,0.0
2024-09-16 02:30:00+00:00,96.0,96.0,96.0,96.0,1000,0.0,0.0
2024-09-16 02:35:00+00:00,96.0,96.0999984741211,96.0,96.0999984741211,19205,0.0,0.0
2024-09-16 02:40:00+00:00,95.9000015258789,95.9000015258789,95.80000305175781,95.9000015258789,9000,0.0,0.0
2024-09-16 02:45:00+00:00,95.69999694824219,96.0,95.69999694824219,96.0,5000,0.0,0.0
2024-09-16 02:50:00+00:00,95.69999694824219,95.69999694824219,95.5,95.5,22000,0.0,0.0
2024-09-16 02:55:00+00:00,95.5,95.5,95.5,95.5,3000,0.0,0.0
2024-09-16 03:00:00+00:00,95.4000015258789,95.4000015258789,95.30000305175781,95.30000305175781,8000,0.0,0.0
2024-09-16 03:05:00+00:00,95.19999694824219,95.19999694824219,95.19999694824219,95.19999694824219,5000,0.0,0.0
2024-09-16 03:10:00+00:00,95.4000015258789,95.5,95.30000305175781,95.5,7275,0.0,0.0
2024-09-16 03:20:00+00:00,95.5,95.80000305175781,95.5,95.80000305175781,10000,0.0,0.0
2024-09-16 03:25:00+00:00,95.69999694824219,95.69999694824219,95.69999694824219,95.69999694824219,6100,0.0,0.0
2024-09-16 03:30:00+00:00,95.69999694824219,95.69999694824219,95.5999984741211,95.69999694824219,5000,0.0,0.0
2024-09-16 03:35:00+00:00,95.5999984741211,95.69999694824219,95.5999984741211,95.69999694824219,2778,0.0,0.0
2024-09-16 03:40:00+00:00,95.69999694824219,95.69999694824219,95.5999984741211,95.5999984741211,2005,0.0,0.0
2024-09-16 03:45:00+00:00,95.5999984741211,95.69999694824219,95.5999984741211,95.69999694824219,5000,0.0,0.0
2024-09-16 03:50:00+00:00,95.5999984741211,95.5999984741211,95.5,95.5,19117,0.0,0.0
2024-09-16 03:55:00+00:00,95.5,95.5,95.4000015258789,95.4000015258789,12000,0.0,0.0
2024-09-16 04:00:00+00:00,95.30000305175781,95.30000305175781,95.30000305175781,95.30000305175781,5000,0.0,0.0
2024-09-16 04:05:00+00:00,95.30000305175781,95.5999984741211,95.30000305175781,95.5999984741211,12000,0.0,0.0
2024-09-16 04:10:00+00:00,95.69999694824219,95.69999694824219,95.5999984741211,95.5999984741211,11000,0.0,0.0
2024-09-16 04:15:00+00:00,95.5,95.5999984741211,95.5,95.5,6050,0.0,0.0
2024-09-16 04:20:00+00:00,95.4000015258789,95.4000015258789,95.4000015258789,95.4000015258789,1000,0.0,0.0
2024-09-16 04:25:00+00:00,95.4000015258789,95.5999984741211,95.4000015258789,95.5999984741211,11000,0.0,0.0
2024-09-16 04:30:00+00:00,95.5999984741211,95.69999694824219,95.4000015258789,95.5999984741211,38061,0.0,0.0
2024-09-16 04:35:00+00:00,95.5999984741211,95.5999984741211,95.5,95.5999984741211,7067,0.0,0.0
2024-09-16 04:40:00+00:00,95.5999984741211,95.5999984741211,95.5,95.5,3070,0.0,0.0
2024-09-16 04:45:00+00:00,95.5,95.5,95.5,95.5,10492,0.0,0.0
2024-09-16 04:50:00+00:00,95.5,95.5,95.5,95.5,2000,0.0,0.0
2024-09-16 04:55:00+00:00,95.5,95.69999694824219,95.5,95.69999694824219,12250,0.0,0.0
2024-09-16 05:00:00+00:00,95.69999694824219,95.9000015258789,95.69999694824219,95.69999694824219,35050,0.0,0.0
2024-09-16 05:05:00+00:00,95.69999694824219,95.69999694824219,95.4000015258789,95.5,32000,0.0,0.0
2024-09-16 05:10:00+00:00,95.5,95.5999984741211,95.5,95.5999984741211,10451,0.0,0.0
2024-09-16 05:15:00+00:00,95.5999984741211,95.5999984741211,95.5,95.5999984741211,8000,0.0,0.0
2024-09-16 05:20:00+00:00,95.5999984741211,95.5999984741211,95.4000015258789,95.5999984741211,19551,0.0,0.0
2024-09-18 01:00:00+00:00,95.0,95.5,95.0,95.30000305175781,0,0.0,0.0
2024-09-18 01:05:00+00:00,95.19999694824219,95.30000305175781,94.9000015258789,95.0,44000,0.0,0.0
2024-09-18 01:10:00+00:00,95.0,95.0999984741211,94.69999694824219,95.0,46335,0.0,0.0
2024-09-18 01:15:00+00:00,95.0,95.0,94.80000305175781,95.0,5281,0.0,0.0
2024-09-18 01:20:00+00:00,95.0999984741211,95.0999984741211,94.9000015258789,94.9000015258789,12100,0.0,0.0
2024-09-18 01:25:00+00:00,94.9000015258789,94.9000015258789,94.80000305175781,94.9000015258789,13028,0.0,0.0
2024-09-18 01:30:00+00:00,94.9000015258789,95.0999984741211,94.9000015258789,95.0999984741211,13010,0.0,0.0
2024-09-18 01:35:00+00:00,95.0,95.0,94.69999694824219,94.69999694824219,54260,0.0,0.0
2024-09-18 01:40:00+00:00,94.5999984741211,94.9000015258789,94.5,94.80000305175781,37030,0.0,0.0
2024-09-18 01:45:00+00:00,94.69999694824219,95.30000305175781,94.69999694824219,95.30000305175781,43000,0.0,0.0
2024-09-18 01:50:00+00:00,95.30000305175781,95.4000015258789,95.30000305175781,95.4000015258789,12000,0.0,0.0
2024-09-18 01:55:00+00:00,95.5,95.5,95.30000305175781,95.30000305175781,43000,0.0,0.0
2024-09-18 02:00:00+00:00,95.4000015258789,95.5,95.4000015258789,95.4000015258789,31000,0.0,0.0
2024-09-18 02:05:00+00:00,95.4000015258789,95.4000015258789,95.30000305175781,95.30000305175781,19015,0.0,0.0
2024-09-18 02:10:00+00:00,95.30000305175781,95.4000015258789,95.19999694824219,95.19999694824219,18000,0.0,0.0
2024-09-18 02:15:00+00:00,95.30000305175781,95.30000305175781,94.69999694824219,94.69999694824219,38028,0.0,0.0
2024-09-18 02:20:00+00:00,94.69999694824219,94.9000015258789,94.69999694824219,94.80000305175781,13141,0.0,0.0
2024-09-18 02:25:00+00:00,94.80000305175781,95.0,94.80000305175781,94.9000015258789,7000,0.0,0.0
2024-09-18 02:30:00+00:00,94.9000015258789,95.0999984741211,94.9000015258789,95.0999984741211,17046,0.0,0.0
2024-09-18 02:35:00+00:00,95.19999694824219,95.30000305175781,95.19999694824219,95.30000305175781,9000,0.0,0.0
2024-09-18 02:40:00+00:00,95.30000305175781,95.30000305175781,95.0,95.0,22110,0.0,0.0
2024-09-18 02:45:00+00:00,94.9000015258789,95.0,94.9000015258789,95.0,4050,0.0,0.0
2024-09-18 02:50:00+00:00,95.0,95.0,95.0,95.0,6000,0.0,0.0
2024-09-18 02:55:00+00:00,95.0,95.0999984741211,95.0,95.0999984741211,27100,0.0,0.0
2024-09-18 03:00:00+00:00,95.0,95.0,95.0,95.0,6050,0.0,0.0
2024-09-18 03:05:00+00:00,94.9000015258789,94.9000015258789,94.69999694824219,94.80000305175781,39112,0.0,0.0
2024-09-18 03:10:00+00:00,94.9000015258789,94.9000015258789,94.5,94.5,61843,0.0,0.0
2024-09-18 03:15:00+00:00,94.5,94.5999984741211,94.19999694824219,94.4000015258789,72349,0.0,0.0
2024-09-18 03:20:00+00:00,94.4000015258789,94.4000015258789,94.19999694824219,94.4000015258789,37544,0.0,0.0
2024-09-18 03:25:00+00:00,94.4000015258789,94.4000015258789,94.30000305175781,94.4000015258789,18235,0.0,0.0
2024-09-18 03:30:00+00:00,94.30000305175781,94.30000305175781,93.9000015258789,94.0,109038,0.0,0.0
2024-09-18 03:35:00+00:00,93.9000015258789,93.9000015258789,93.5,93.5999984741211,56511,0.0,0.0
2024-09-18 03:40:00+00:00,93.5,93.9000015258789,93.5,93.9000015258789,42013,0.0,0.0
2024-09-18 03:45:00+00:00,94.0,94.19999694824219,94.0,94.19999694824219,19491,0.0,0.0
2024-09-18 03:50:00+00:00,94.19999694824219,94.19999694824219,93.5,93.5,53120,0.0,0.0
2024-09-18 03:55:00+00:00,93.80000305175781,93.9000015258789,93.69999694824219,93.80000305175781,11000,0.0,0.0
2024-09-18 04:00:00+00:00,93.80000305175781,93.80000305175781,93.69999694824219,93.69999694824219,6634,0.0,0.0
2024-09-18 04:05:00+00:00,93.80000305175781,93.80000305175781,93.80000305175781,93.80000305175781,9100,0.0,0.0
2024-09-18 04:10:00+00:00,93.69999694824219,93.69999694824219,93.5999984741211,93.5999984741211,14296,0.0,0.0
2024-09-18 04:15:00+00:00,93.69999694824219,93.69999694824219,93.5999984741211,93.5999984741211,7088,0.0,0.0
2024-09-18 04:20:00+00:00,93.5999984741211,93.80000305175781,93.5999984741211,93.69999694824219,28350,0.0,0.0
2024-09-18 04:25:00+00:00,93.80000305175781,93.80000305175781,93.69999694824219,93.69999694824219,2127,0.0,0.0
2024-09-18 04:30:00+00:00,93.69999694824219,93.80000305175781,93.5999984741211,93.5999984741211,30556,0.0,0.0
2024-09-18 04:35:00+00:00,93.5999984741211,93.5999984741211,93.4000015258789,93.5,37000,0.0,0.0
2024-09-18 04:40:00+00:00,93.4000015258789,93.69999694824219,93.4000015258789,93.69999694824219,15549,0.0,0.0
2024-09-18 04:45:00+00:00,93.69999694824219,93.69999694824219,93.5999984741211,93.5999984741211,19350,0.0,0.0
2024-09-18 04:50:00+00:00,93.5999984741211,93.5999984741211,93.4000015258789,93.4000015258789,26000,0.0,0.0
2024-09-18 04:55:00+00:00,93.4000015258789,93.4000015258789,92.80000305175781,93.0,227976,0.0,0.0
2024-09-18 05:00:00+00:00,93.0,93.5,92.19999694824219,93.4000015258789,124865,0.0,0.0
2024-09-18 05:05:00+00:00,93.4000015258789,93.4000015258789,92.9000015258789,93.0999984741211,38000,0.0,0.0
2024-09-18 05:10:00+00:00,93.0999984741211,93.19999694824219,93.0,93.19999694824219,24050,0.0,0.0
2024-09-18 05:15:00+00:00,93.19999694824219,93.30000305175781,93.0999984741211,93.30000305175781,31110,0.0,0.0
2024-09-18 05:20:00+00:00,93.19999694824219,93.30000305175781,92.9000015258789,93.19999694824219,49231,0.0,0.0
2024-09-19 01:00:00+00:00,93.4000015258789,94.19999694824219,93.4000015258789,93.80000305175781,0,0.0,0.0
2024-09-19 01:05:00+00:00,93.9000015258789,94.0,92.80000305175781,92.80000305175781,110000,0.0,0.0
2024-09-19 01:10:00+00:00,92.80000305175781,92.80000305175781,91.80000305175781,91.9000015258789,200252,0.0,0.0
2024-09-19 01:15:00+00:00,91.9000015258789,92.30000305175781,91.80000305175781,91.80000305175781,97630,0.0,0.0
2024-09-19 01:20:00+00:00,91.80000305175781,92.5,91.80000305175781,92.5,67395,0.0,0.0
2024-09-19 01:25:00+00:00,92.5,92.5999984741211,92.5,92.5,15290,0.0,0.0
2024-09-19 01:30:00+00:00,92.5,92.5999984741211,92.5,92.5999984741211,20599,0.0,0.0
2024-09-19 01:35:00+00:00,92.5,92.5,92.19999694824219,92.4000015258789,45360,0.0,0.0
2024-09-19 01:40:00+00:00,92.30000305175781,92.30000305175781,92.0999984741211,92.30000305175781,33140,0.0,0.0
2024-09-19 01:45:00+00:00,92.30000305175781,92.4000015258789,92.30000305175781,92.30000305175781,25072,0.0,0.0
2024-09-19 01:50:00+00:00,92.30000305175781,92.5,92.30000305175781,92.5,33595,0.0,0.0
2024-09-19 01:55:00+00:00,92.5,92.80000305175781,92.4000015258789,92.80000305175781,69000,0.0,0.0
2024-09-19 02:00:00+00:00,92.80000305175781,93.69999694824219,92.80000305175781,93.5999984741211,83286,0.0,0.0
2024-09-19 02:05:00+00:00,93.69999694824219,93.69999694824219,93.0999984741211,93.4000015258789,33077,0.0,0.0
2024-09-19 02:10:00+00:00,93.5,93.5999984741211,93.0999984741211,93.19999694824219,27381,0.0,0.0
2024-09-19 02:15:00+00:00,93.30000305175781,93.80000305175781,93.19999694824219,93.80000305175781,29468,0.0,0.0
2024-09-19 02:20:00+00:00,93.69999694824219,93.80000305175781,93.4000015258789,93.4000015258789,36206,0.0,0.0
2024-09-19 02:25:00+00:00,93.4000015258789,93.4000015258789,93.4000015258789,93.4000015258789,1003,0.0,0.0
2024-09-19 02:30:00+00:00,93.30000305175781,93.30000305175781,93.19999694824219,93.30000305175781,14100,0.0,0.0
2024-09-19 02:35:00+00:00,93.30000305175781,93.30000305175781,93.0999984741211,93.19999694824219,8188,0.0,0.0
2024-09-19 02:40:00+00:00,93.19999694824219,93.80000305175781,93.19999694824219,93.80000305175781,54055,0.0,0.0
2024-09-19 02:45:00+00:00,93.69999694824219,93.69999694824219,93.69999694824219,93.69999694824219,11400,0.0,0.0
2024-09-19 02:50:00+00:00,93.5999984741211,93.69999694824219,93.5999984741211,93.69999694824219,5011,0.0,0.0
2024-09-19 02:55:00+00:00,93.69999694824219,93.69999694824219,93.69999694824219,93.69999694824219,5128,0.0,0.0
2024-09-19 03:00:00+00:00,93.5999984741211,93.5999984741211,93.4000015258789,93.4000015258789,23799,0.0,0.0
2024-09-19 03:05:00+00:00,93.30000305175781,93.30000305175781,93.19999694824219,93.19999694824219,15073,0.0,0.0
2024-09-19 03:10:00+00:00,93.19999694824219,93.69999694824219,93.0999984741211,93.69999694824219,58455,0.0,0.0
2024-09-19 03:15:00+00:00,93.69999694824219,93.69999694824219,93.4000015258789,93.4000015258789,29000,0.0,0.0
2024-09-19 03:20:00+00:00,93.4000015258789,93.4000015258789,93.4000015258789,93.4000015258789,3000,0.0,0.0
2024-09-19 03:25:00+00:00,93.30000305175781,93.4000015258789,93.30000305175781,93.4000015258789,25350,0.0,0.0
2024-09-19 03:30:00+00:00,93.5,93.69999694824219,93.5,93.69999694824219,6147,0.0,0.0
2024-09-19 03:35:00+00:00,93.69999694824219,93.80000305175781,93.69999694824219,93.80000305175781,8095,0.0,0.0
2024-09-19 03:40:00+00:00,93.80000305175781,93.80000305175781,93.80000305175781,93.80000305175781,3030,0.0,0.0
2024-09-19 03:45:00+00:00,93.9000015258789,94.0,93.9000015258789,94.0,29200,0.0,0.0
2024-09-19 03:50:00+00:00,94.0999984741211,94.19999694824219,94.0,94.0,31313,0.0,0.0
2024-09-19 03:55:00+00:00,94.19999694824219,94.19999694824219,94.0,94.0,21000,0.0,0.0
2024-09-19 04:00:00+00:00,94.0999984741211,94.0999984741211,94.0,94.0,5000,0.0,0.0
2024-09-19 04:05:00+00:00,93.9000015258789,93.9000015258789,93.80000305175781,93.9000015258789,6500,0.0,0.0
2024-09-19 04:10:00+00:00,93.9000015258789,93.9000015258789,93.80000305175781,93.80000305175781,11210,0.0,0.0
2024-09-19 04:15:00+00:00,93.9000015258789,94.80000305175781,93.9000015258789,94.5999984741211,77030,0.0,0.0
2024-09-19 04:20:00+00:00,94.5999984741211,95.0999984741211,94.5999984741211,94.80000305175781,71100,0.0,0.0
2024-09-19 04:25:00+00:00,94.80000305175781,95.19999694824219,94.80000305175781,95.19999694824219,44563,0.0,0.0
2024-09-19 04:30:00+00:00,95.0999984741211,95.0999984741211,95.0,95.0,20007,0.0,0.0
2024-09-19 04:35:00+00:00,95.0,95.19999694824219,95.0,95.19999694824219,27025,0.0,0.0
2024-09-19 04:40:00+00:00,95.19999694824219,95.30000305175781,95.19999694824219,95.19999694824219,12000,0.0,0.0
2024-09-19 04:45:00+00:00,95.30000305175781,95.5999984741211,95.30000305175781,95.5,86358,0.0,0.0
2024-09-19 04:50:00+00:00,95.5,95.5999984741211,95.4000015258789,95.5,50000,0.0,0.0
2024-09-19 04:55:00+00:00,95.5,95.5,95.4000015258789,95.5,22000,0.0,0.0
2024-09-19 05:00:00+00:00,95.5,97.30000305175781,95.5,97.30000305175781,317501,0.0,0.0
2024-09-19 05:05:00+00:00,97.0999984741211,97.0999984741211,96.80000305175781,97.0,96270,0.0,0.0
2024-09-19 05:10:00+00:00,97.0,97.0999984741211,96.9000015258789,97.0999984741211,87004,0.0,0.0
2024-09-19 05:15:00+00:00,97.0999984741211,97.69999694824219,97.0999984741211,97.5999984741211,107491,0.0,0.0
2024-09-19 05:20:00+00:00,97.5999984741211,98.4000015258789,97.0,97.0999984741211,328962,0.0,0.0
2024-09-20 01:00:00+00:00,97.5,99.0999984741211,97.19999694824219,98.0999984741211,0,0.0,0.0
2024-09-20 01:05:00+00:00,98.0999984741211,98.19999694824219,97.5999984741211,97.69999694824219,95000,0.0,0.0
2024-09-20 01:10:00+00:00,97.69999694824219,97.69999694824219,97.30000305175781,97.4000015258789,60994,0.0,0.0
2024-09-20 01:15:00+00:00,97.30000305175781,97.4000015258789,96.5,96.5999984741211,138924,0.0,0.0
2024-09-20 01:20:00+00:00,96.5999984741211,96.80000305175781,95.5999984741211,95.5999984741211,148700,0.0,0.0
2024-09-20 01:25:00+00:00,96.0,96.30000305175781,95.5999984741211,96.30000305175781,70200,0.0,0.0
2024-09-20 01:30:00+00:00,96.30000305175781,96.30000305175781,96.0,96.0,50030,0.0,0.0
2024-09-20 01:35:00+00:00,96.0,96.9000015258789,95.9000015258789,96.9000015258789,84325,0.0,0.0
2024-09-20 01:40:00+00:00,96.9000015258789,96.9000015258789,96.69999694824219,96.69999694824219,27300,0.0,0.0
2024-09-20 01:45:00+00:00,96.69999694824219,96.9000015258789,96.69999694824219,96.80000305175781,39115,0.0,0.0
2024-09-20 01:50:00+00:00,96.5999984741211,96.5999984741211,96.30000305175781,96.30000305175781,58419,0.0,0.0
2024-09-20 01:55:00+00:00,96.30000305175781,96.5,96.19999694824219,96.5,56050,0.0,0.0
2024-09-20 02:00:00+00:00,96.5,96.5,96.4000015258789,96.4000015258789,9137,0.0,0.0
2024-09-20 02:05:00+00:00,96.4000015258789,96.5,96.4000015258789,96.4000015258789,10200,0.0,0.0
2024-09-20 02:10:00+00:00,96.30000305175781,96.5,96.30000305175781,96.5,14500,0.0,0.0
2024-09-20 02:15:00+00:00,96.5,96.5999984741211,96.30000305175781,96.5,25350,0.0,0.0
2024-09-20 02:20:00+00:00,96.69999694824219,96.69999694824219,96.5999984741211,96.5999984741211,18164,0.0,0.0
2024-09-20 02:25:00+00:00,96.5,96.5,96.19999694824219,96.30000305175781,33305,0.0,0.0
2024-09-20 02:30:00+00:00,96.4000015258789,96.4000015258789,96.30000305175781,96.30000305175781,8161,0.0,0.0
2024-09-20 02:35:00+00:00,96.19999694824219,96.19999694824219,96.0,96.0999984741211,23000,0.0,0.0
2024-09-20 02:40:00+00:00,96.0,96.0999984741211,96.0,96.0,9751,0.0,0.0
2024-09-20 02:45:00+00:00,96.0,96.4000015258789,95.69999694824219,96.4000015258789,132000,0.0,0.0
2024-09-20 02:50:00+00:00,96.4000015258789,96.4000015258789,96.4000015258789,96.4000015258789,24005,0.0,0.0
2024-09-20 02:55:00+00:00,96.30000305175781,96.30000305175781,96.30000305175781,96.30000305175781,6024,0.0,0.0
2024-09-20 03:00:00+00:00,96.30000305175781,96.30000305175781,96.19999694824219,96.30000305175781,7000,0.0,0.0
2024-09-20 03:05:00+00:00,96.19999694824219,96.19999694824219,96.19999694824219,96.19999694824219,8032,0.0,0.0
2024-09-20 03:10:00+00:00,96.0,96.0,96.0,96.0,3056,0.0,0.0
2024-09-20 03:15:00+00:00,96.0999984741211,96.0999984741211,96.0,96.0,17000,0.0,0.0
2024-09-20 03:20:00+00:00,96.0,96.0999984741211,96.0,96.0999984741211,4300,0.0,0.0
2024-09-20 03:25:00+00:00,96.0999984741211,96.4000015258789,96.0999984741211,96.4000015258789,40250,0.0,0.0
2024-09-20 03:30:00+00:00,96.4000015258789,96.4000015258789,96.4000015258789,96.4000015258789,3070,0.0,0.0
2024-09-20 03:35:00+00:00,96.30000305175781,96.4000015258789,96.30000305175781,96.4000015258789,21040,0.0,0.0
2024-09-20 03:40:00+00:00,96.4000015258789,96.5,96.4000015258789,96.5,3000,0.0,0.0
2024-09-20 03:45:00+00:00,96.5,96.5,96.19999694824219,96.19999694824219,18285,0.0,0.0
2024-09-20 03:50:00+00:00,96.0999984741211,96.0999984741211,96.0,96.0999984741211,27370,0.0,0.0
2024-09-20 03:55:00+00:00,96.0,96.0999984741211,96.0,96.0,26248,0.0,0.0
2024-09-20 04:00:00+00:00,95.9000015258789,95.9000015258789,95.9000015258789,95.9000015258789,20300,0.0,0.0
2024-09-20 04:05:00+00:00,95.80000305175781,95.80000305175781,95.80000305175781,95.80000305175781,11837,0.0,0.0
2024-09-20 04:10:00+00:00,95.80000305175781,95.9000015258789,95.80000305175781,95.9000015258789,7370,0.0,0.0
2024-09-20 04:15:00+00:00,95.80000305175781,95.80000305175781,95.80000305175781,95.80000305175781,14127,0.0,0.0
2024-09-20 04:20:00+00:00,95.80000305175781,96.0,95.69999694824219,96.0,34900,0.0,0.0
2024-09-20 04:25:00+00:00,96.0,96.0999984741211,96.0,96.0,27009,0.0,0.0
2024-09-20 04:30:00+00:00,96.0,96.0,95.9000015258789,96.0,10000,0.0,0.0
2024-09-20 04:35:00+00:00,95.9000015258789,95.9000015258789,95.80000305175781,95.80000305175781,22010,0.0,0.0
2024-09-20 04:40:00+00:00,95.80000305175781,95.80000305175781,95.80000305175781,95.80000305175781,6000,0.0,0.0
2024-09-20 04:45:00+00:00,95.9000015258789,95.9000015258789,95.9000015258789,95.9000015258789,6120,0.0,0.0
2024-09-20 04:50:00+00:00,95.9000015258789,95.9000015258789,95.80000305175781,95.80000305175781,11365,0.0,0.0
2024-09-20 04:55:00+00:00,95.69999694824219,95.69999694824219,95.69999694824219,95.69999694824219,16377,0.0,0.0
2024-09-20 05:00:00+00:00,95.69999694824219,95.80000305175781,95.30000305175781,95.5999984741211,123449,0.0,0.0
2024-09-20 05:05:00+00:00,95.5999984741211,95.69999694824219,95.5,95.5,29942,0.0,0.0
2024-09-20 05:10:00+00:00,95.4000015258789,95.4000015258789,95.19999694824219,95.30000305175781,73858,0.0,0.0
2024-09-20 05:15:00+00:00,95.30000305175781,95.4000015258789,95.19999694824219,95.4000015258789,42450,0.0,0.0
2024-09-20 05:20:00+00:00,95.4000015258789,96.0,95.30000305175781,96.0,84640,0.0,0.0
2024-09-23 01:00:00+00:00,96.0,96.19999694824219,95.5,95.80000305175781,0,0.0,0.0
2024-09-23 01:05:00+00:00,95.69999694824219,96.0999984741211,95.69999694824219,96.0999984741211,16000,0.0,0.0
2024-09-23 01:10:00+00:00,96.0999984741211,96.4000015258789,96.0,96.4000015258789,31301,0.0,0.0
2024-09-23 01:15:00+00:00,96.30000305175781,96.4000015258789,96.30000305175781,96.4000015258789,22150,0.0,0.0
2024-09-23 01:20:00+00:00,96.4000015258789,98.0,96.4000015258789,97.80000305175781,94985,0.0,0.0
2024-09-23 01:25:00+00:00,97.80000305175781,98.5,97.5,98.0999984741211,135350,0.0,0.0
2024-09-23 01:30:00+00:00,98.0,98.0999984741211,97.4000015258789,97.4000015258789,25218,0.0,0.0
2024-09-23 01:35:00+00:00,97.5,97.5,97.30000305175781,97.30000305175781,22000,0.0,0.0
2024-09-23 01:40:00+00:00,97.30000305175781,97.30000305175781,97.0999984741211,97.0999984741211,25000,0.0,0.0
2024-09-23 01:45:00+00:00,97.0999984741211,97.0999984741211,96.5999984741211,96.5999984741211,27200,0.0,0.0
2024-09-23 01:50:00+00:00,96.5999984741211,96.5999984741211,96.4000015258789,96.4000015258789,26030,0.0,0.0
2024-09-23 01:55:00+00:00,96.5,96.5,96.4000015258789,96.5,13015,0.0,0.0
2024-09-23 02:00:00+00:00,96.5,96.5,96.30000305175781,96.30000305175781,16489,0.0,0.0
2024-09-23 02:05:00+00:00,96.30000305175781,96.4000015258789,96.0999984741211,96.30000305175781,40270,0.0,0.0
2024-09-23 02:10:00+00:00,96.5999984741211,96.5999984741211,96.19999694824219,96.30000305175781,32000,0.0,0.0
2024-09-23 02:15:00+00:00,96.30000305175781,96.5,96.30000305175781,96.4000015258789,9000,0.0,0.0
2024-09-23 02:20:00+00:00,96.4000015258789,96.5,96.4000015258789,96.5,9000,0.0,0.0
2024-09-23 02:25:00+00:00,96.5,96.5,96.4000015258789,96.4000015258789,8020,0.0,0.0
2024-09-23 02:30:00+00:00,96.30000305175781,96.30000305175781,96.0999984741211,96.19999694824219,33000,0.0,0.0
2024-09-23 02:35:00+00:00,96.0999984741211,96.4000015258789,96.0999984741211,96.4000015258789,19005,0.0,0.0
2024-09-23 02:40:00+00:00,96.4000015258789,96.5,96.0,96.0,57000,0.0,0.0
2024-09-23 02:45:00+00:00,96.30000305175781,96.30000305175781,96.19999694824219,96.30000305175781,12000,0.0,0.0
2024-09-23 02:50:00+00:00,96.5,96.5999984741211,96.5,96.5,8015,0.0,0.0
2024-09-23 02:55:00+00:00,96.5,96.5,96.0,96.0999984741211,106050,0.0,0.0
2024-09-23 03:00:00+00:00,96.0999984741211,96.0999984741211,96.0,96.0,11704,0.0,0.0
2024-09-23 03:05:00+00:00,96.0,96.0,95.69999694824219,95.69999694824219,28000,0.0,0.0
2024-09-23 03:10:00+00:00,95.69999694824219,95.69999694824219,95.0999984741211,95.30000305175781,143318,0.0,0.0
2024-09-23 03:15:00+00:00,95.30000305175781,95.4000015258789,94.69999694824219,94.9000015258789,79450,0.0,0.0
2024-09-23 03:20:00+00:00,95.0999984741211,95.30000305175781,95.0,95.0999984741211,31000,0.0,0.0
2024-09-23 03:25:00+00:00,95.19999694824219,95.19999694824219,95.0999984741211,95.19999694824219,14000,0.0,0.0
2024-09-23 03:30:00+00:00,95.0999984741211,95.0999984741211,95.0999984741211,95.0999984741211,7001,0.0,0.0
2024-09-23 03:35:00+00:00,95.0999984741211,95.19999694824219,94.4000015258789,94.5,140660,0.0,0.0
2024-09-23 03:40:00+00:00,94.5,94.69999694824219,94.5,94.69999694824219,36203,0.0,0.0
2024-09-23 03:45:00+00:00,94.5999984741211,94.80000305175781,94.5999984741211,94.80000305175781,40210,0.0,0.0
2024-09-23 03:50:00+00:00,94.80000305175781,94.80000305175781,94.5999984741211,94.69999694824219,20279,0.0,0.0
2024-09-23 03:55:00+00:00,94.69999694824219,94.69999694824219,94.5,94.5999984741211,35010,0.0,0.0
2024-09-23 04:00:00+00:00,94.69999694824219,94.69999694824219,94.5999984741211,94.5999984741211,30261,0.0,0.0
2024-09-23 04:05:00+00:00,94.5,94.5999984741211,94.5,94.5999984741211,7000,0.0,0.0
2024-09-23 04:10:00+00:00,94.5,94.5,94.4000015258789,94.5,48210,0.0,0.0
2024-09-23 04:15:00+00:00,94.5,94.5999984741211,94.5,94.5,6320,0.0,0.0
2024-09-23 04:20:00+00:00,94.5,94.5999984741211,94.5,94.5,17000,0.0,0.0
2024-09-23 04:25:00+00:00,94.5,94.5,94.4000015258789,94.5,14100,0.0,0.0
2024-09-23 04:30:00+00:00,94.5,94.5,94.4000015258789,94.4000015258789,20033,0.0,0.0
2024-09-23 04:35:00+00:00,94.4000015258789,94.4000015258789,94.19999694824219,94.19999694824219,40734,0.0,0.0
2024-09-23 04:40:00+00:00,94.0999984741211,94.19999694824219,94.0,94.0,60226,0.0,0.0
2024-09-23 04:45:00+00:00,94.0,94.19999694824219,94.0,94.0999984741211,101082,0.0,0.0
2024-09-23 04:50:00+00:00,94.0999984741211,94.0999984741211,93.5999984741211,93.69999694824219,117980,0.0,0.0
2024-09-23 04:55:00+00:00,93.80000305175781,93.80000305175781,93.69999694824219,93.80000305175781,29955,0.0,0.0
2024-09-23 05:00:00+00:00,93.80000305175781,94.0,93.80000305175781,93.9000015258789,29508,0.0,0.0
2024-09-23 05:05:00+00:00,93.80000305175781,93.80000305175781,93.69999694824219,93.80000305175781,37595,0.0,0.0
2024-09-23 05:10:00+00:00,93.69999694824219,93.69999694824219,93.30000305175781,93.4000015258789,125051,0.0,0.0
2024-09-23 05:15:00+00:00,93.4000015258789,94.0,93.4000015258789,93.80000305175781,78200,0.0,0.0
2024-09-23 05:20:00+00:00,93.69999694824219,93.80000305175781,93.5,93.5,39252,0.0,0.0
2024-09-24 01:00:00+00:00,94.0999984741211,94.19999694824219,94.0999984741211,94.0999984741211,0,0.0,0.0
2024-09-24 01:05:00+00:00,94.19999694824219,94.4000015258789,94.19999694824219,94.4000015258789,9001,0.0,0.0
2024-09-24 01:10:00+00:00,93.9000015258789,94.0,93.80000305175781,93.9000015258789,46163,0.0,0.0
2024-09-24 01:15:00+00:00,93.9000015258789,94.19999694824219,93.30000305175781,93.80000305175781,74297,0.0,0.0
2024-09-24 01:20:00+00:00,93.9000015258789,93.9000015258789,92.9000015258789,93.0,117524,0.0,0.0
2024-09-24 01:25:00+00:00,93.0,93.0,92.5,92.5999984741211,72012,0.0,0.0
2024-09-24 01:30:00+00:00,92.5999984741211,92.5999984741211,91.30000305175781,91.5999984741211,209475,0.0,0.0
2024-09-24 01:35:00+00:00,91.80000305175781,92.0999984741211,91.69999694824219,92.0,95465,0.0,0.0
2024-09-24 01:40:00+00:00,92.0999984741211,92.0999984741211,91.80000305175781,92.0,34770,0.0,0.0
2024-09-24 01:45:00+00:00,92.0,92.0999984741211,91.69999694824219,91.80000305175781,44414,0.0,0.0
2024-09-24 01:50:00+00:00,91.80000305175781,91.80000305175781,91.69999694824219,91.80000305175781,27332,0.0,0.0
2024-09-24 01:55:00+00:00,91.80000305175781,91.80000305175781,91.5,91.5999984741211,91126,0.0,0.0
2024-09-24 02:00:00+00:00,91.5999984741211,91.5999984741211,91.19999694824219,91.30000305175781,88235,0.0,0.0
2024-09-24 02:05:00+00:00,91.19999694824219,91.4000015258789,91.0,91.30000305175781,127264,0.0,0.0
2024-09-24 02:10:00+00:00,91.30000305175781,91.5,91.19999694824219,91.5,28108,0.0,0.0
2024-09-24 02:15:00+00:00,91.5,91.69999694824219,91.5,91.69999694824219,14333,0.0,0.0
2024-09-24 02:20:00+00:00,91.80000305175781,91.9000015258789,91.80000305175781,91.80000305175781,27200,0.0,0.0
2024-09-24 02:25:00+00:00,91.80000305175781,91.9000015258789,91.80000305175781,91.9000015258789,32320,0.0,0.0
2024-09-24 02:30:00+00:00,91.9000015258789,92.19999694824219,91.9000015258789,92.19999694824219,28458,0.0,0.0
2024-09-24 02:35:00+00:00,92.19999694824219,92.19999694824219,92.0999984741211,92.19999694824219,11220,0.0,0.0
2024-09-24 02:40:00+00:00,92.0999984741211,92.30000305175781,91.9000015258789,91.9000015258789,43115,0.0,0.0
2024-09-24 02:45:00+00:00,91.9000015258789,91.9000015258789,91.80000305175781,91.80000305175781,6000,0.0,0.0
2024-09-24 02:50:00+00:00,92.0,92.0,91.9000015258789,92.0,4011,0.0,0.0
2024-09-24 02:55:00+00:00,92.0,92.0999984741211,91.9000015258789,92.0999984741211,28144,0.0,0.0
2024-09-24 03:00:00+00:00,92.19999694824219,92.19999694824219,92.19999694824219,92.19999694824219,7198,0.0,0.0
2024-09-24 03:05:00+00:00,92.19999694824219,92.4000015258789,92.19999694824219,92.4000015258789,5010,0.0,0.0
2024-09-24 03:10:00+00:00,92.30000305175781,92.30000305175781,92.0999984741211,92.19999694824219,5025,0.0,0.0
2024-09-24 03:15:00+00:00,92.30000305175781,92.30000305175781,92.19999694824219,92.19999694824219,4200,0.0,0.0
2024-09-24 03:20:00+00:00,92.4000015258789,92.5,92.4000015258789,92.5,24100,0.0,0.0
2024-09-24 03:25:00+00:00,92.5999984741211,92.69999694824219,92.5999984741211,92.69999694824219,15730,0.0,0.0
2024-09-24 03:30:00+00:00,92.80000305175781,92.9000015258789,92.80000305175781,92.80000305175781,69000,0.0,0.0
2024-09-24 03:35:00+00:00,92.80000305175781,92.80000305175781,92.5,92.5,24000,0.0,0.0
2024-09-24 03:40:00+00:00,92.4000015258789,92.4000015258789,92.19999694824219,92.4000015258789,12314,0.0,0.0
2024-09-24 03:45:00+00:00,92.4000015258789,92.4000015258789,92.30000305175781,92.30000305175781,3143,0.0,0.0
2024-09-24 03:50:00+00:00,92.19999694824219,92.19999694824219,92.19999694824219,92.19999694824219,4000,0.0,0.0
2024-09-24 03:55:00+00:00,92.0999984741211,92.19999694824219,92.0999984741211,92.0999984741211,7169,0.0,0.0
2024-09-24 04:00:00+00:00,92.0999984741211,92.0999984741211,92.0999984741211,92.0999984741211,3000,0.0,0.0
2024-09-24 04:05:00+00:00,92.19999694824219,92.4000015258789,92.0999984741211,92.4000015258789,18161,0.0,0.0
2024-09-24 04:10:00+00:00,92.5,92.80000305175781,92.5,92.69999694824219,10040,0.0,0.0
2024-09-24 04:15:00+00:00,92.5999984741211,92.5999984741211,92.5,92.5,9042,0.0,0.0
2024-09-24 04:20:00+00:00,92.4000015258789,92.5999984741211,92.4000015258789,92.5999984741211,15000,0.0,0.0
2024-09-24 04:25:00+00:00,92.5999984741211,92.5999984741211,92.5999984741211,92.5999984741211,5000,0.0,0.0
2024-09-24 04:30:00+00:00,92.69999694824219,93.0,92.69999694824219,93.0,28130,0.0,0.0
2024-09-24 04:35:00+00:00,93.0,93.0999984741211,93.0,93.0,18251,0.0,0.0
2024-09-24 04:40:00+00:00,92.9000015258789,92.9000015258789,92.80000305175781,92.80000305175781,14270,0.0,0.0
2024-09-24 04:45:00+00:00,92.69999694824219,92.69999694824219,92.5999984741211,92.5999984741211,8472,0.0,0.0
2024-09-24 04:50:00+00:00,92.5999984741211,92.5999984741211,92.5,92.5999984741211,16300,0.0,0.0
2024-09-24 04:55:00+00:00,92.5,92.5999984741211,92.5,92.5999984741211,19043,0.0,0.0
2024-09-24 05:00:00+00:00,92.69999694824219,92.80000305175781,92.69999694824219,92.80000305175781,12000,0.0,0.0
2024-09-24 05:05:00+00:00,92.80000305175781,92.80000305175781,92.5,92.5999984741211,42020,0.0,0.0
2024-09-24 05:10:00+00:00,92.5999984741211,92.69999694824219,92.4000015258789,92.5,115581,0.0,0.0
2024-09-24 05:15:00+00:00,92.5999984741211,92.80000305175781,92.5999984741211,92.80000305175781,23114,0.0,0.0
2024-09-24 05:20:00+00:00,92.69999694824219,92.80000305175781,92.5,92.5,23120,0.0,0.0
2024-09-25 01:00:00+00:00,94.19999694824219,94.5,93.5999984741211,94.4000015258789,0,0.0,0.0
2024-09-25 01:05:00+00:00,94.4000015258789,94.80000305175781,94.19999694824219,94.30000305175781,212000,0.0,0.0
2024-09-25 01:10:00+00:00,94.30000305175781,95.0,94.30000305175781,94.5999984741211,60696,0.0,0.0
2024-09-25 01:15:00+00:00,94.5,94.5,94.19999694824219,94.19999694824219,16600,0.0,0.0
2024-09-25 01:20:00+00:00,94.19999694824219,94.4000015258789,94.19999694824219,94.4000015258789,21127,0.0,0.0
2024-09-25 01:25:00+00:00,94.4000015258789,94.4000015258789,94.30000305175781,94.4000015258789,22010,0.0,0.0
2024-09-25 01:30:00+00:00,94.4000015258789,94.5999984741211,94.4000015258789,94.5999984741211,53022,0.0,0.0
2024-09-25 01:35:00+00:00,94.5,94.5,93.9000015258789,93.9000015258789,31011,0.0,0.0
2024-09-25 01:40:00+00:00,93.9000015258789,94.0999984741211,93.80000305175781,93.80000305175781,8818,0.0,0.0
2024-09-25 01:45:00+00:00,93.80000305175781,94.0,93.80000305175781,94.0,11000,0.0,0.0
2024-09-25 01:50:00+00:00,93.9000015258789,94.0,93.80000305175781,93.9000015258789,17104,0.0,0.0
2024-09-25 01:55:00+00:00,94.0,94.0,93.5999984741211,93.5999984741211,15696,0.0,0.0
2024-09-25 02:00:00+00:00,93.5999984741211,93.80000305175781,93.5,93.80000305175781,19258,0.0,0.0
2024-09-25 02:05:00+00:00,93.80000305175781,93.80000305175781,93.80000305175781,93.80000305175781,2022,0.0,0.0
2024-09-25 02:10:00+00:00,93.9000015258789,94.0,93.5999984741211,93.5999984741211,34405,0.0,0.0
2024-09-25 02:15:00+00:00,93.5999984741211,94.9000015258789,93.5999984741211,94.30000305175781,77262,0.0,0.0
2024-09-25 02:20:00+00:00,94.19999694824219,94.69999694824219,94.0999984741211,94.5,52201,0.0,0.0
2024-09-25 02:25:00+00:00,94.5,94.80000305175781,94.5,94.80000305175781,63499,0.0,0.0
2024-09-25 02:30:00+00:00,94.69999694824219,95.4000015258789,94.69999694824219,95.0,194067,0.0,0.0
2024-09-25 02:35:00+00:00,95.0,95.0,94.69999694824219,94.80000305175781,13613,0.0,0.0
2024-09-25 02:40:00+00:00,94.9000015258789,95.19999694824219,94.9000015258789,95.0,36393,0.0,0.0
2024-09-25 02:45:00+00:00,95.0,96.5,95.0,96.5,206277,0.0,0.0
2024-09-25 02:50:00+00:00,96.4000015258789,96.5,96.0999984741211,96.30000305175781,58179,0.0,0.0
2024-09-25 02:55:00+00:00,96.30000305175781,97.0999984741211,96.0999984741211,96.4000015258789,203727,0.0,0.0
2024-09-25 03:00:00+00:00,96.80000305175781,97.30000305175781,96.5,97.0999984741211,116961,0.0,0.0
2024-09-25 03:05:00+00:00,97.0999984741211,97.30000305175781,96.69999694824219,96.80000305175781,49183,0.0,0.0
2024-09-25 03:10:00+00:00,96.69999694824219,96.80000305175781,96.69999694824219,96.69999694824219,20200,0.0,0.0
2024-09-25 03:15:00+00:00,96.5999984741211,96.69999694824219,96.4000015258789,96.4000015258789,38020,0.0,0.0
2024-09-25 03:20:00+00:00,96.5,96.80000305175781,96.5,96.69999694824219,32250,0.0,0.0
2024-09-25 03:25:00+00:00,96.69999694824219,96.69999694824219,96.4000015258789,96.4000015258789,35208,0.0,0.0
2024-09-25 03:30:00+00:00,96.5,96.5999984741211,96.4000015258789,96.5999984741211,19000,0.0,0.0
2024-09-25 03:35:00+00:00,96.5999984741211,96.69999694824219,96.5999984741211,96.69999694824219,7000,0.0,0.0
2024-09-25 03:40:00+00:00,96.69999694824219,96.69999694824219,96.5,96.5,19114,0.0,0.0
2024-09-25 03:45:00+00:00,96.69999694824219,96.69999694824219,96.30000305175781,96.5,19336,0.0,0.0
2024-09-25 03:50:00+00:00,96.5,96.5999984741211,96.5,96.5999984741211,17058,0.0,0.0
2024-09-25 03:55:00+00:00,96.5,96.5,96.4000015258789,96.4000015258789,10300,0.0,0.0
2024-09-25 04:00:00+00:00,96.5,96.5,96.4000015258789,96.4000015258789,7000,0.0,0.0
2024-09-25 04:05:00+00:00,96.4000015258789,96.4000015258789,96.4000015258789,96.4000015258789,6000,0.0,0.0
2024-09-25 04:10:00+00:00,96.30000305175781,96.30000305175781,96.30000305175781,96.30000305175781,16000,0.0,0.0
2024-09-25 04:15:00+00:00,96.30000305175781,96.30000305175781,96.19999694824219,96.19999694824219,19160,0.0,0.0
2024-09-25 04:20:00+00:00,96.30000305175781,96.30000305175781,96.0,96.0,60141,0.0,0.0
2024-09-25 04:25:00+00:00,96.0,96.0,95.80000305175781,95.9000015258789,9100,0.0,0.0
2024-09-25 04:30:00+00:00,95.9000015258789,95.9000015258789,95.80000305175781,95.9000015258789,7037,0.0,0.0
2024-09-25 04:35:00+00:00,95.80000305175781,95.80000305175781,95.5999984741211,95.5999984741211,18250,0.0,0.0
2024-09-25 04:40:00+00:00,95.5,95.5999984741211,95.4000015258789,95.5,17994,0.0,0.0
2024-09-25 04:45:00+00:00,95.5999984741211,95.5999984741211,95.0999984741211,95.0999984741211,32030,0.0,0.0
2024-09-25 04:50:00+00:00,95.0999984741211,95.30000305175781,95.0,95.19999694824219,40000,0.0,0.0
2024-09-25 04:55:00+00:00,95.19999694824219,95.4000015258789,95.19999694824219,95.30000305175781,5700,0.0,0.0
2024-09-25 05:00:00+00:00,95.4000015258789,95.80000305175781,95.4000015258789,95.80000305175781,23010,0.0,0.0
2024-09-25 05:05:00+00:00,95.69999694824219,95.69999694824219,95.5,95.5999984741211,13040,0.0,0.0
2024-09-25 05:10:00+00:00,95.5,95.69999694824219,95.5,95.5,22052,0.0,0.0
2024-09-25 05:15:00+00:00,95.5,95.5999984741211,95.5,95.5999984741211,22100,0.0,0.0
2024-09-25 05:20:00+00:00,95.5999984741211,95.5999984741211,95.19999694824219,95.19999694824219,30304,0.0,0.0
2024-09-26 01:00:00+00:00,95.19999694824219,96.30000305175781,95.19999694824219,95.5,0,0.0,0.0
2024-09-26 01:05:00+00:00,95.5,95.5,95.0999984741211,95.19999694824219,57030,0.0,0.0
2024-09-26 01:10:00+00:00,95.30000305175781,95.9000015258789,95.30000305175781,95.5,37000,0.0,0.0
2024-09-26 01:15:00+00:00,95.4000015258789,95.5,95.0999984741211,95.19999694824219,22630,0.0,0.0
2024-09-26 01:20:00+00:00,95.30000305175781,95.30000305175781,95.0,95.19999694824219,63000,0.0,0.0
2024-09-26 01:25:00+00:00,95.19999694824219,95.30000305175781,95.19999694824219,95.19999694824219,4000,0.0,0.0
2024-09-26 01:30:00+00:00,95.19999694824219,95.19999694824219,95.0,95.0,29689,0.0,0.0
2024-09-26 01:35:00+00:00,95.0,95.0,94.9000015258789,94.9000015258789,11348,0.0,0.0
2024-09-26 01:40:00+00:00,94.80000305175781,94.9000015258789,94.80000305175781,94.9000015258789,15005,0.0,0.0
2024-09-26 01:45:00+00:00,94.69999694824219,95.0,94.69999694824219,95.0,15300,0.0,0.0
2024-09-26 01:50:00+00:00,95.19999694824219,95.5999984741211,95.19999694824219,95.30000305175781,20000,0.0,0.0
2024-09-26 01:55:00+00:00,95.0,95.0,95.0,95.0,1000,0.0,0.0
2024-09-26 02:00:00+00:00,95.19999694824219,95.19999694824219,94.30000305175781,94.5999984741211,103880,0.0,0.0
2024-09-26 02:05:00+00:00,94.5999984741211,94.5999984741211,94.4000015258789,94.4000015258789,20338,0.0,0.0
2024-09-26 02:10:00+00:00,94.30000305175781,94.5,94.19999694824219,94.5,31000,0.0,0.0
2024-09-26 02:15:00+00:00,94.5999984741211,94.80000305175781,94.5999984741211,94.69999694824219,6225,0.0,0.0
2024-09-26 02:20:00+00:00,94.5999984741211,94.69999694824219,94.5999984741211,94.5999984741211,3000,0.0,0.0
2024-09-26 02:25:00+00:00,94.5999984741211,94.5999984741211,94.5,94.5,18000,0.0,0.0
2024-09-26 02:30:00+00:00,94.5,94.5999984741211,94.5,94.5,5031,0.0,0.0
2024-09-26 02:35:00+00:00,94.5999984741211,94.5999984741211,94.5999984741211,94.5999984741211,18000,0.0,0.0
2024-09-26 02:40:00+00:00,94.5999984741211,94.5999984741211,94.5999984741211,94.5999984741211,4000,0.0,0.0
2024-09-26 02:45:00+00:00,94.5,94.5,94.4000015258789,94.4000015258789,12100,0.0,0.0
2024-09-26 02:50:00+00:00,94.5,94.5,94.0999984741211,94.19999694824219,60001,0.0,0.0
2024-09-26 02:55:00+00:00,94.19999694824219,94.30000305175781,94.19999694824219,94.30000305175781,9823,0.0,0.0
2024-09-26 03:05:00+00:00,94.19999694824219,94.19999694824219,94.0999984741211,94.0999984741211,14000,0.0,0.0
2024-09-26 03:10:00+00:00,94.0999984741211,94.0999984741211,94.0999984741211,94.0999984741211,2000,0.0,0.0
2024-09-26 03:15:00+00:00,94.19999694824219,94.19999694824219,94.19999694824219,94.19999694824219,11000,0.0,0.0
2024-09-26 03:20:00+00:00,94.30000305175781,94.4000015258789,94.30000305175781,94.4000015258789,14000,0.0,0.0
2024-09-26 03:25:00+00:00,94.4000015258789,94.4000015258789,94.19999694824219,94.19999694824219,9005,0.0,0.0
2024-09-26 03:30:00+00:00,94.30000305175781,94.30000305175781,94.0999984741211,94.0999984741211,13001,0.0,0.0
2024-09-26 03:35:00+00:00,94.19999694824219,94.4000015258789,94.19999694824219,94.4000015258789,10000,0.0,0.0
2024-09-26 03:40:00+00:00,94.4000015258789,94.4000015258789,94.4000015258789,94.4000015258789,5000,0.0,0.0
2024-09-26 03:45:00+00:00,94.30000305175781,94.5,94.30000305175781,94.5,16200,0.0,0.0
2024-09-26 03:50:00+00:00,94.5,94.5,94.4000015258789,94.4000015258789,10001,0.0,0.0
2024-09-26 03:55:00+00:00,94.5,94.5,94.4000015258789,94.4000015258789,2303,0.0,0.0
2024-09-26 04:05:00+00:00,94.5,94.5,94.5,94.5,5000,0.0,0.0
2024-09-26 04:10:00+00:00,94.4000015258789,94.4000015258789,94.30000305175781,94.30000305175781,3000,0.0,0.0
2024-09-26 04:15:00+00:00,94.4000015258789,94.4000015258789,94.19999694824219,94.19999694824219,7100,0.0,0.0
2024-09-26 04:20:00+00:00,94.19999694824219,94.19999694824219,94.0999984741211,94.0999984741211,34270,0.0,0.0
2024-09-26 04:25:00+00:00,94.0,94.0,94.0,94.0,9373,0.0,0.0
2024-09-26 04:30:00+00:00,94.0999984741211,94.19999694824219,93.69999694824219,93.69999694824219,133563,0.0,0.0
2024-09-26 04:35:00+00:00,93.69999694824219,93.80000305175781,93.69999694824219,93.69999694824219,20313,0.0,0.0
2024-09-26 04:40:00+00:00,93.69999694824219,94.0999984741211,93.69999694824219,94.0999984741211,24120,0.0,0.0
2024-09-26 04:45:00+00:00,94.0999984741211,94.0999984741211,94.0,94.0,13001,0.0,0.0
2024-09-26 04:50:00+00:00,94.0,94.0,93.9000015258789,93.9000015258789,11499,0.0,0.0
2024-09-26 04:55:00+00:00,93.80000305175781,93.80000305175781,93.5,93.5,44450,0.0,0.0
2024-09-26 05:00:00+00:00,93.5999984741211,93.5999984741211,93.5999984741211,93.5999984741211,7017,0.0,0.0
2024-09-26 05:05:00+00:00,93.69999694824219,94.5,93.5999984741211,94.5,25807,0.0,0.0
2024-09-26 05:10:00+00:00,94.0999984741211,94.0999984741211,93.80000305175781,94.0,46000,0.0,0.0
2024-09-26 05:15:00+00:00,93.9000015258789,94.0999984741211,93.30000305175781,94.0,86031,0.0,0.0
2024-09-26 05:20:00+00:00,93.9000015258789,93.9000015258789,93.5,93.5999984741211,45437,0.0,0.0
2024-09-27 01:00:00+00:00,94.80000305175781,94.80000305175781,94.0,94.4000015258789,0,0.0,0.0
2024-09-27 01:05:00+00:00,94.4000015258789,94.4000015258789,94.19999694824219,94.19999694824219,10000,0.0,0.0
2024-09-27 01:10:00+00:00,94.0999984741211,94.0999984741211,93.5,93.5999984741211,32210,0.0,0.0
2024-09-27 01:15:00+00:00,93.69999694824219,93.9000015258789,93.69999694824219,93.9000015258789,11001,0.0,0.0
2024-09-27 01:20:00+00:00,93.9000015258789,93.9000015258789,93.80000305175781,93.9000015258789,17420,0.0,0.0
2024-09-27 01:25:00+00:00,93.9000015258789,93.9000015258789,93.9000015258789,93.9000015258789,1110,0.0,0.0
2024-09-27 01:30:00+00:00,94.0,94.69999694824219,94.0,94.0,35000,0.0,0.0
2024-09-27 01:35:00+00:00,94.0,94.5999984741211,93.9000015258789,94.0999984741211,23569,0.0,0.0
2024-09-27 01:45:00+00:00,94.5,94.5,94.19999694824219,94.19999694824219,4000,0.0,0.0
2024-09-27 01:50:00+00:00,94.30000305175781,94.4000015258789,94.19999694824219,94.4000015258789,5000,0.0,0.0
2024-09-27 01:55:00+00:00,94.4000015258789,94.5,94.19999694824219,94.30000305175781,10170,0.0,0.0
2024-09-27 02:00:00+00:00,94.19999694824219,94.30000305175781,94.19999694824219,94.30000305175781,7000,0.0,0.0
2024-09-27 02:05:00+00:00,94.19999694824219,94.30000305175781,94.19999694824219,94.30000305175781,21000,0.0,0.0
2024-09-27 02:10:00+00:00,94.30000305175781,94.69999694824219,94.30000305175781,94.69999694824219,14100,0.0,0.0
2024-09-27 02:15:00+00:00,94.5999984741211,94.5999984741211,94.5,94.5,6020,0.0,0.0
2024-09-27 02:20:00+00:00,94.4000015258789,94.4000015258789,94.4000015258789,94.4000015258789,1050,0.0,0.0
2024-09-27 02:25:00+00:00,94.4000015258789,94.4000015258789,94.19999694824219,94.30000305175781,19300,0.0,0.0
2024-09-27 02:30:00+00:00,94.19999694824219,94.19999694824219,94.0999984741211,94.19999694824219,23400,0.0,0.0
2024-09-27 02:35:00+00:00,94.0999984741211,94.30000305175781,94.0999984741211,94.30000305175781,30000,0.0,0.0
2024-09-27 02:40:00+00:00,94.30000305175781,94.30000305175781,94.30000305175781,94.30000305175781,2020,0.0,0.0
2024-09-27 02:45:00+00:00,94.30000305175781,94.4000015258789,94.30000305175781,94.4000015258789,12000,0.0,0.0
2024-09-27 02:50:00+00:00,94.30000305175781,94.30000305175781,94.0999984741211,94.0999984741211,30007,0.0,0.0
2024-09-27 02:55:00+00:00,94.0999984741211,94.19999694824219,94.0999984741211,94.19999694824219,13141,0.0,0.0
2024-09-27 03:00:00+00:00,94.19999694824219,94.19999694824219,94.19999694824219,94.19999694824219,2000,0.0,0.0
2024-09-27 03:05:00+00:00,94.19999694824219,94.19999694824219,94.19999694824219,94.19999694824219,4005,0.0,0.0
2024-09-27 03:10:00+00:00,94.0999984741211,94.0999984741211,94.0,94.0,24050,0.0,0.0
2024-09-27 03:15:00+00:00,94.0,94.0,93.9000015258789,94.0,16000,0.0,0.0
2024-09-27 03:20:00+00:00,93.9000015258789,93.9000015258789,93.80000305175781,93.80000305175781,31095,0.0,0.0
2024-09-27 03:25:00+00:00,93.80000305175781,93.80000305175781,93.80000305175781,93.80000305175781,6000,0.0,0.0
2024-09-27 03:30:00+00:00,93.80000305175781,93.80000305175781,93.80000305175781,93.80000305175781,9000,0.0,0.0
2024-09-27 03:35:00+00:00,93.80000305175781,93.80000305175781,93.80000305175781,93.80000305175781,4000,0.0,0.0
2024-09-27 03:40:00+00:00,93.80000305175781,93.80000305175781,93.69999694824219,93.69999694824219,4700,0.0,0.0
2024-09-27 03:45:00+00:00,93.69999694824219,93.80000305175781,93.5999984741211,93.5999984741211,31256,0.0,0.0
2024-09-27 03:50:00+00:00,93.5999984741211,93.5999984741211,93.5999984741211,93.5999984741211,15205,0.0,0.0
2024-09-27 03:55:00+00:00,93.5999984741211,93.5999984741211,93.0,93.0,79725,0.0,0.0
2024-09-27 04:00:00+00:00,93.0,93.0,93.0,93.0,20685,0.0,0.0
2024-09-27 04:05:00+00:00,93.0,93.19999694824219,93.0,93.0999984741211,11050,0.0,0.0
2024-09-27 04:10:00+00:00,93.0999984741211,93.30000305175781,93.0,93.30000305175781,35165,0.0,0.0
2024-09-27 04:15:00+00:00,93.19999694824219,93.30000305175781,93.0,93.0999984741211,29550,0.0,0.0
2024-09-27 04:20:00+00:00,93.0,93.0,92.9000015258789,93.0,14140,0.0,0.0
2024-09-27 04:25:00+00:00,93.0,93.0,92.9000015258789,93.0,18000,0.0,0.0
2024-09-27 04:30:00+00:00,93.0999984741211,93.30000305175781,93.0999984741211,93.19999694824219,13000,0.0,0.0
2024-09-27 04:35:00+00:00,93.19999694824219,93.19999694824219,93.19999694824219,93.19999694824219,2500,0.0,0.0
2024-09-27 04:40:00+00:00,93.19999694824219,93.5,93.19999694824219,93.4000015258789,16100,0.0,0.0
2024-09-27 04:45:00+00:00,93.4000015258789,93.4000015258789,93.4000015258789,93.4000015258789,3334,0.0,0.0
2024-09-27 04:50:00+00:00,93.5,93.5,93.4000015258789,93.5,4050,0.0,0.0
2024-09-27 04:55:00+00:00,93.5,93.5,93.5,93.5,3120,0.0,0.0
2024-09-27 05:00:00+00:00,93.5,93.69999694824219,93.5,93.69999694824219,17085,0.0,0.0
2024-09-27 05:05:00+00:00,93.69999694824219,93.80000305175781,93.69999694824219,93.69999694824219,9161,0.0,0.0
2024-09-27 05:10:00+00:00,93.69999694824219,93.69999694824219,93.5,93.5,20120,0.0,0.0
2024-09-27 05:15:00+00:00,93.4000015258789,93.5,93.4000015258789,93.4000015258789,15217,0.0,0.0
2024-09-27 05:20:00+00:00,93.5,93.5999984741211,93.0999984741211,93.19999694824219,39426,0.0,0.0
2024-09-30 01:00:00+00:00,93.0999984741211,93.0999984741211,92.0999984741211,92.4000015258789,0,0.0,0.0
2024-09-30 01:05:00+00:00,92.4000015258789,92.69999694824219,92.19999694824219,92.30000305175781,61067,0.0,0.0
2024-09-30 01:10:00+00:00,92.4000015258789,92.5,92.0999984741211,92.30000305175781,55030,0.0,0.0
2024-09-30 01:15:00+00:00,92.30000305175781,92.5,92.19999694824219,92.4000015258789,56211,0.0,0.0
2024-09-30 01:20:00+00:00,92.5999984741211,92.9000015258789,92.4000015258789,92.4000015258789,32020,0.0,0.0
2024-09-30 01:25:00+00:00,92.4000015258789,92.5999984741211,92.4000015258789,92.5999984741211,28000,0.0,0.0
2024-09-30 01:30:00+00:00,92.69999694824219,93.0999984741211,92.69999694824219,93.0,72030,0.0,0.0
2024-09-30 01:35:00+00:00,93.0,93.30000305175781,93.0,93.0,33003,0.0,0.0
2024-09-30 01:40:00+00:00,93.0999984741211,93.0999984741211,92.80000305175781,92.80000305175781,13060,0.0,0.0
2024-09-30 01:45:00+00:00,92.80000305175781,92.80000305175781,92.30000305175781,92.30000305175781,21266,0.0,0.0
2024-09-30 01:50:00+00:00,92.19999694824219,92.4000015258789,92.19999694824219,92.30000305175781,26143,0.0,0.0
2024-09-30 01:55:00+00:00,92.30000305175781,92.5,92.30000305175781,92.5,19818,0.0,0.0
2024-09-30 02:00:00+00:00,92.30000305175781,92.5,92.30000305175781,92.30000305175781,14031,0.0,0.0
2024-09-30 02:05:00+00:00,92.19999694824219,92.30000305175781,92.19999694824219,92.30000305175781,3199,0.0,0.0
2024-09-30 02:10:00+00:00,92.30000305175781,92.4000015258789,92.30000305175781,92.4000015258789,4351,0.0,0.0
2024-09-30 02:15:00+00:00,92.30000305175781,92.4000015258789,92.30000305175781,92.4000015258789,3000,0.0,0.0
2024-09-30 02:20:00+00:00,92.30000305175781,92.30000305175781,92.0999984741211,92.0999984741211,17156,0.0,0.0
2024-09-30 02:25:00+00:00,92.19999694824219,92.30000305175781,92.19999694824219,92.30000305175781,3539,0.0,0.0
2024-09-30 02:30:00+00:00,92.19999694824219,92.19999694824219,92.19999694824219,92.19999694824219,6325,0.0,0.0
2024-09-30 02:35:00+00:00,92.19999694824219,92.19999694824219,92.19999694824219,92.19999694824219,12000,0.0,0.0
2024-09-30 02:40:00+00:00,92.19999694824219,92.19999694824219,92.19999694824219,92.19999694824219,1250,0.0,0.0
2024-09-30 02:45:00+00:00,92.30000305175781,92.5,92.30000305175781,92.4000015258789,28000,0.0,0.0
2024-09-30 02:50:00+00:00,92.5,92.5,92.5,92.5,8200,0.0,0.0
2024-09-30 02:55:00+00:00,92.4000015258789,92.4000015258789,92.4000015258789,92.4000015258789,2000,0.0,0.0
2024-09-30 03:00:00+00:00,92.4000015258789,92.4000015258789,92.4000015258789,92.4000015258789,6000,0.0,0.0
2024-09-30 03:05:00+00:00,92.30000305175781,92.5,92.0,92.4000015258789,86010,0.0,0.0
2024-09-30 03:15:00+00:00,92.19999694824219,92.19999694824219,92.19999694824219,92.19999694824219,1713,0.0,0.0
2024-09-30 03:20:00+00:00,92.30000305175781,92.30000305175781,92.30000305175781,92.30000305175781,1024,0.0,0.0
2024-09-30 03:25:00+00:00,92.4000015258789,92.4000015258789,92.30000305175781,92.30000305175781,6000,0.0,0.0
2024-09-30 03:30:00+00:00,92.30000305175781,92.30000305175781,92.30000305175781,92.30000305175781,1026,0.0,0.0
2024-09-30 03:35:00+00:00,92.30000305175781,92.30000305175781,92.30000305175781,92.30000305175781,7124,0.0,0.0
2024-09-30 03:40:00+00:00,92.30000305175781,92.30000305175781,92.19999694824219,92.19999694824219,34052,0.0,0.0
2024-09-30 03:45:00+00:00,92.19999694824219,92.30000305175781,92.19999694824219,92.19999694824219,11000,0.0,0.0
2024-09-30 03:50:00+00:00,92.30000305175781,92.30000305175781,92.30000305175781,92.30000305175781,6118,0.0,0.0
2024-09-30 03:55:00+00:00,92.19999694824219,92.19999694824219,92.19999694824219,92.19999694824219,15155,0.0,0.0
2024-09-30 04:05:00+00:00,92.19999694824219,92.19999694824219,91.9000015258789,91.9000015258789,97011,0.0,0.0
2024-09-30 04:10:00+00:00,92.0,92.0,92.0,92.0,10520,0.0,0.0
2024-09-30 04:15:00+00:00,92.0,92.0,91.69999694824219,91.80000305175781,54370,0.0,0.0
2024-09-30 04:20:00+00:00,91.80000305175781,91.80000305175781,91.80000305175781,91.80000305175781,5999,0.0,0.0
2024-09-30 04:25:00+00:00,91.9000015258789,91.9000015258789,91.80000305175781,91.80000305175781,3001,0.0,0.0
2024-09-30 04:30:00+00:00,91.80000305175781,91.80000305175781,91.4000015258789,91.4000015258789,99568,0.0,0.0
2024-09-30 04:35:00+00:00,91.4000015258789,91.5,90.80000305175781,90.80000305175781,140352,0.0,0.0
2024-09-30 04:40:00+00:00,91.0,91.5999984741211,91.0,91.5999984741211,25859,0.0,0.0
2024-09-30 04:45:00+00:00,91.5999984741211,91.69999694824219,91.4000015258789,91.5999984741211,27139,0.0,0.0
2024-09-30 04:50:00+00:00,91.30000305175781,91.30000305175781,91.19999694824219,91.19999694824219,12195,0.0,0.0
2024-09-30 04:55:00+00:00,91.19999694824219,91.30000305175781,91.19999694824219,91.19999694824219,13910,0.0,0.0
2024-09-30 05:00:00+00:00,91.19999694824219,91.30000305175781,91.0999984741211,91.19999694824219,7212,0.0,0.0
2024-09-30 05:05:00+00:00,91.30000305175781,91.30000305175781,91.19999694824219,91.19999694824219,19500,0.0,0.0
2024-09-30 05:10:00+00:00,91.19999694824219,91.30000305175781,91.0999984741211,91.0999984741211,26013,0.0,0.0
2024-09-30 05:15:00+00:00,91.0,91.19999694824219,91.0,91.0999984741211,39999,0.0,0.0
2024-09-30 05:20:00+00:00,91.0,91.30000305175781,91.0,91.0999984741211,96769,0.0,0.0
2024-10-01 01:00:00+00:00,91.69999694824219,92.30000305175781,91.69999694824219,92.30000305175781,0,0.0,0.0
2024-10-01 01:05:00+00:00,92.4000015258789,92.5,91.30000305175781,91.80000305175781,38000,0.0,0.0
2024-10-01 01:10:00+00:00,91.5,91.69999694824219,91.19999694824219,91.4000015258789,57043,0.0,0.0
2024-10-01 01:15:00+00:00,91.19999694824219,91.19999694824219,90.80000305175781,90.9000015258789,54133,0.0,0.0
2024-10-01 01:20:00+00:00,91.0,91.0999984741211,91.0,91.0999984741211,6295,0.0,0.0
2024-10-01 01:25:00+00:00,91.0999984741211,91.19999694824219,90.9000015258789,91.0,35261,0.0,0.0
2024-10-01 01:30:00+00:00,91.0,91.19999694824219,91.0,91.19999694824219,22681,0.0,0.0
2024-10-01 01:35:00+00:00,91.19999694824219,91.30000305175781,91.0999984741211,91.30000305175781,9040,0.0,0.0
2024-10-01 01:40:00+00:00,91.30000305175781,91.5,91.0999984741211,91.0999984741211,10318,0.0,0.0
2024-10-01 01:45:00+00:00,91.30000305175781,91.30000305175781,91.19999694824219,91.30000305175781,6701,0.0,0.0
2024-10-01 01:50:00+00:00,91.30000305175781,91.30000305175781,91.30000305175781,91.30000305175781,6000,0.0,0.0
2024-10-01 01:55:00+00:00,91.19999694824219,91.19999694824219,91.0999984741211,91.0999984741211,7000,0.0,0.0
2024-10-01 02:00:00+00:00,91.0999984741211,91.19999694824219,90.80000305175781,90.80000305175781,32420,0.0,0.0
2024-10-01 02:05:00+00:00,90.80000305175781,90.80000305175781,90.80000305175781,90.80000305175781,8001,0.0,0.0
2024-10-01 02:10:00+00:00,90.80000305175781,90.80000305175781,90.4000015258789,90.4000015258789,79668,0.0,0.0
2024-10-01 02:15:00+00:00,90.5,90.5,90.0999984741211,90.0999984741211,55942,0.0,0.0
2024-10-01 02:20:00+00:00,90.30000305175781,90.5,90.30000305175781,90.4000015258789,31170,0.0,0.0
2024-10-01 02:25:00+00:00,90.30000305175781,90.4000015258789,90.19999694824219,90.4000015258789,30041,0.0,0.0
2024-10-01 02:30:00+00:00,90.4000015258789,90.5999984741211,90.4000015258789,90.5999984741211,18080,0.0,0.0
2024-10-01 02:35:00+00:00,90.69999694824219,91.0999984741211,90.69999694824219,91.0999984741211,26030,0.0,0.0
2024-10-01 02:40:00+00:00,91.0,91.19999694824219,91.0,91.0,19760,0.0,0.0
2024-10-01 02:45:00+00:00,91.0,91.0,91.0,91.0,3131,0.0,0.0
2024-10-01 02:55:00+00:00,91.0,91.0,91.0,91.0,1030,0.0,0.0
2024-10-01 03:00:00+00:00,91.0999984741211,91.0999984741211,90.9000015258789,90.9000015258789,17020,0.0,0.0
2024-10-01 03:05:00+00:00,90.9000015258789,90.9000015258789,90.9000015258789,90.9000015258789,2000,0.0,0.0
2024-10-01 03:10:00+00:00,90.9000015258789,91.30000305175781,90.9000015258789,91.30000305175781,24100,0.0,0.0
2024-10-01 03:15:00+00:00,91.30000305175781,91.30000305175781,91.30000305175781,91.30000305175781,1325,0.0,0.0
2024-10-01 03:20:00+00:00,91.19999694824219,91.19999694824219,91.19999694824219,91.19999694824219,2318,0.0,0.0
2024-10-01 03:25:00+00:00,91.19999694824219,91.19999694824219,91.19999694824219,91.19999694824219,1000,0.0,0.0
2024-10-01 03:30:00+00:00,91.19999694824219,91.19999694824219,91.0999984741211,91.19999694824219,18000,0.0,0.0
2024-10-01 03:35:00+00:00,91.30000305175781,91.30000305175781,91.30000305175781,91.30000305175781,16220,0.0,0.0
2024-10-01 03:45:00+00:00,91.4000015258789,91.4000015258789,91.30000305175781,91.30000305175781,10560,0.0,0.0
2024-10-01 03:50:00+00:00,91.30000305175781,91.30000305175781,91.30000305175781,91.30000305175781,3000,0.0,0.0
2024-10-01 04:00:00+00:00,91.19999694824219,91.19999694824219,91.0999984741211,91.0999984741211,4001,0.0,0.0
2024-10-01 04:05:00+00:00,91.19999694824219,91.19999694824219,91.19999694824219,91.19999694824219,3200,0.0,0.0
2024-10-01 04:10:00+00:00,91.19999694824219,91.19999694824219,91.19999694824219,91.19999694824219,10000,0.0,0.0
2024-10-01 04:15:00+00:00,91.0999984741211,91.0999984741211,91.0999984741211,91.0999984741211,1000,0.0,0.0
2024-10-01 04:20:00+00:00,91.0999984741211,91.19999694824219,91.0999984741211,91.19999694824219,8000,0.0,0.0
2024-10-01 04:25:00+00:00,91.19999694824219,91.19999694824219,90.9000015258789,90.9000015258789,23388,0.0,0.0
2024-10-01 04:30:00+00:00,90.9000015258789,91.0,90.80000305175781,91.0,8020,0.0,0.0
2024-10-01 04:40:00+00:00,90.9000015258789,90.9000015258789,90.80000305175781,90.80000305175781,3082,0.0,0.0
2024-10-01 04:45:00+00:00,90.80000305175781,91.0,90.69999694824219,91.0,18259,0.0,0.0
2024-10-01 04:50:00+00:00,91.0,91.0999984741211,91.0,91.0999984741211,33003,0.0,0.0
2024-10-01 04:55:00+00:00,91.0999984741211,91.4000015258789,91.0999984741211,91.30000305175781,42000,0.0,0.0
2024-10-01 05:00:00+00:00,91.4000015258789,91.4000015258789,91.30000305175781,91.4000015258789,15200,0.0,0.0
2024-10-01 05:05:00+00:00,91.30000305175781,91.30000305175781,91.30000305175781,91.30000305175781,1000,0.0,0.0
2024-10-01 05:10:00+00:00,91.19999694824219,91.30000305175781,91.0,91.0,29155,0.0,0.0
2024-10-01 05:15:00+00:00,91.0999984741211,91.0999984741211,91.0,91.0,22040,0.0,0.0
2024-10-01 05:20:00+00:00,91.0,91.0,90.80000305175781,90.80000305175781,35180,0.0,0.0
2024-10-04 01:00:00+00:00,92.5,92.5,90.5,91.0999984741211,0,0.0,0.0
2024-10-04 01:05:00+00:00,91.0,91.19999694824219,90.80000305175781,90.9000015258789,28000,0.0,0.0
2024-10-04 01:10:00+00:00,90.9000015258789,90.9000015258789,90.69999694824219,90.9000015258789,15258,0.0,0.0
2024-10-04 01:15:00+00:00,91.0,91.0,90.30000305175781,90.30000305175781,83762,0.0,0.0
2024-10-04 01:20:00+00:00,90.19999694824219,90.30000305175781,90.0999984741211,90.30000305175781,30589,0.0,0.0
2024-10-04 01:25:00+00:00,90.30000305175781,90.9000015258789,90.19999694824219,90.19999694824219,24025,0.0,0.0
2024-10-04 01:30:00+00:00,90.19999694824219,90.30000305175781,90.0999984741211,90.19999694824219,23060,0.0,0.0
2024-10-04 01:35:00+00:00,90.19999694824219,90.19999694824219,90.0999984741211,90.0999984741211,14200,0.0,0.0
2024-10-04 01:40:00+00:00,90.0999984741211,90.5,89.80000305175781,90.4000015258789,190267,0.0,0.0
2024-10-04 01:45:00+00:00,90.4000015258789,90.4000015258789,90.19999694824219,90.19999694824219,11300,0.0,0.0
2024-10-04 01:50:00+00:00,90.0999984741211,90.0999984741211,89.9000015258789,89.9000015258789,29016,0.0,0.0
2024-10-04 01:55:00+00:00,89.9000015258789,90.0,89.5,89.5999984741211,81668,0.0,0.0
2024-10-04 02:00:00+00:00,89.69999694824219,89.69999694824219,89.30000305175781,89.30000305175781,50850,0.0,0.0
2024-10-04 02:05:00+00:00,89.30000305175781,89.30000305175781,89.19999694824219,89.19999694824219,21784,0.0,0.0
2024-10-04 02:10:00+00:00,89.19999694824219,89.4000015258789,89.0999984741211,89.4000015258789,54401,0.0,0.0
2024-10-04 02:15:00+00:00,89.30000305175781,89.4000015258789,89.19999694824219,89.4000015258789,17203,0.0,0.0
2024-10-04 02:20:00+00:00,89.5,89.5,89.30000305175781,89.5,29305,0.0,0.0
2024-10-04 02:25:00+00:00,89.5,89.69999694824219,89.5,89.5,11450,0.0,0.0
2024-10-04 02:30:00+00:00,89.5999984741211,89.5999984741211,89.5,89.5,29120,0.0,0.0
2024-10-04 02:35:00+00:00,89.5,89.69999694824219,89.4000015258789,89.69999694824219,23572,0.0,0.0
2024-10-04 02:40:00+00:00,89.5999984741211,89.69999694824219,89.5999984741211,89.69999694824219,10182,0.0,0.0
2024-10-04 02:45:00+00:00,89.69999694824219,89.80000305175781,89.5999984741211,89.80000305175781,17400,0.0,0.0
2024-10-04 02:50:00+00:00,89.5999984741211,89.5999984741211,89.5,89.5,10070,0.0,0.0
2024-10-04 02:55:00+00:00,89.5,89.5,89.4000015258789,89.5,11035,0.0,0.0
2024-10-04 03:00:00+00:00,89.4000015258789,89.5,89.4000015258789,89.5,2140,0.0,0.0
2024-10-04 03:05:00+00:00,89.5,89.5,89.19999694824219,89.19999694824219,36141,0.0,0.0
2024-10-04 03:10:00+00:00,89.30000305175781,89.30000305175781,89.0999984741211,89.19999694824219,34843,0.0,0.0
2024-10-04 03:15:00+00:00,89.19999694824219,89.19999694824219,89.0999984741211,89.0999984741211,23000,0.0,0.0
2024-10-04 03:20:00+00:00,89.0999984741211,89.19999694824219,89.0,89.19999694824219,19005,0.0,0.0
2024-10-04 03:25:00+00:00,89.0999984741211,89.19999694824219,89.0999984741211,89.19999694824219,5005,0.0,0.0
2024-10-04 03:30:00+00:00,89.0999984741211,89.19999694824219,89.0999984741211,89.19999694824219,0,0.0,0.0
2024-10-04 03:35:00+00:00,89.30000305175781,89.30000305175781,89.30000305175781,89.30000305175781,1007851,0.0,0.0
2024-10-04 03:40:00+00:00,89.30000305175781,89.30000305175781,89.19999694824219,89.19999694824219,8125,0.0,0.0
2024-10-04 03:45:00+00:00,89.19999694824219,89.19999694824219,89.19999694824219,89.19999694824219,13150,0.0,0.0
2024-10-04 03:50:00+00:00,89.30000305175781,89.30000305175781,89.19999694824219,89.30000305175781,8300,0.0,0.0
2024-10-04 03:55:00+00:00,89.30000305175781,89.30000305175781,89.19999694824219,89.19999694824219,22050,0.0,0.0
2024-10-04 04:00:00+00:00,89.19999694824219,89.19999694824219,89.19999694824219,89.19999694824219,2000,0.0,0.0
2024-10-04 04:05:00+00:00,89.19999694824219,89.19999694824219,89.19999694824219,89.19999694824219,5100,0.0,0.0
2024-10-04 04:10:00+00:00,89.0999984741211,89.19999694824219,89.0999984741211,89.0999984741211,34239,0.0,0.0
2024-10-04 04:15:00+00:00,89.0999984741211,89.19999694824219,89.0,89.0999984741211,42057,0.0,0.0
2024-10-04 04:20:00+00:00,89.0999984741211,89.19999694824219,89.0999984741211,89.19999694824219,19243,0.0,0.0
2024-10-04 04:25:00+00:00,89.19999694824219,89.19999694824219,89.19999694824219,89.19999694824219,16231,0.0,0.0
2024-10-04 04:30:00+00:00,89.30000305175781,89.5,89.19999694824219,89.5,51050,0.0,0.0
2024-10-04 04:35:00+00:00,89.5,89.5,89.5,89.5,1325,0.0,0.0
2024-10-04 04:40:00+00:00,89.69999694824219,89.69999694824219,89.5999984741211,89.5999984741211,8032,0.0,0.0
2024-10-04 04:45:00+00:00,89.5,89.5,89.19999694824219,89.30000305175781,20133,0.0,0.0
2024-10-04 04:50:00+00:00,89.30000305175781,89.30000305175781,89.30000305175781,89.30000305175781,21583,0.0,0.0
2024-10-04 04:55:00+00:00,89.30000305175781,89.30000305175781,89.0,89.0,129726,0.0,0.0
2024-10-04 05:00:00+00:00,89.0,89.0,88.80000305175781,88.80000305175781,70275,0.0,0.0
2024-10-04 05:05:00+00:00,88.9000015258789,88.9000015258789,88.4000015258789,88.4000015258789,121080,0.0,0.0
2024-10-04 05:10:00+00:00,88.5,88.5,88.4000015258789,88.4000015258789,93276,0.0,0.0
2024-10-04 05:15:00+00:00,88.4000015258789,88.69999694824219,88.30000305175781,88.5,105440,0.0,0.0
2024-10-04 05:20:00+00:00,88.5,88.69999694824219,88.4000015258789,88.5999984741211,115110,0.0,0.0
2024-10-07 01:00:00+00:00,89.80000305175781,90.19999694824219,89.69999694824219,89.9000015258789,0,0.0,0.0
2024-10-07 01:05:00+00:00,90.0,90.19999694824219,90.0,90.0,36248,0.0,0.0
2024-10-07 01:10:00+00:00,90.0,90.19999694824219,90.0,90.19999694824219,13600,0.0,0.0
2024-10-07 01:15:00+00:00,90.0999984741211,90.0999984741211,89.9000015258789,89.9000015258789,6260,0.0,0.0
2024-10-07 01:20:00+00:00,89.80000305175781,89.9000015258789,89.69999694824219,89.69999694824219,17400,0.0,0.0
2024-10-07 01:25:00+00:00,89.5999984741211,89.69999694824219,89.5,89.5,14117,0.0,0.0
2024-10-07 01:30:00+00:00,89.5,89.5,89.30000305175781,89.5,33050,0.0,0.0
2024-10-07 01:35:00+00:00,89.5,90.0999984741211,89.30000305175781,90.0999984741211,70532,0.0,0.0
2024-10-07 01:40:00+00:00,89.9000015258789,90.0999984741211,89.80000305175781,89.80000305175781,19860,0.0,0.0
2024-10-07 01:45:00+00:00,89.9000015258789,90.30000305175781,89.9000015258789,90.0,58100,0.0,0.0
2024-10-07 01:50:00+00:00,89.5999984741211,89.5999984741211,89.5999984741211,89.5999984741211,3000,0.0,0.0
2024-10-07 01:55:00+00:00,89.5999984741211,89.69999694824219,89.5999984741211,89.69999694824219,33250,0.0,0.0
2024-10-07 02:05:00+00:00,89.80000305175781,89.80000305175781,89.80000305175781,89.80000305175781,4000,0.0,0.0
2024-10-07 02:10:00+00:00,89.69999694824219,89.69999694824219,89.4000015258789,89.5,21000,0.0,0.0
2024-10-07 02:15:00+00:00,89.5,89.5,89.5,89.5,6000,0.0,0.0
2024-10-07 02:20:00+00:00,89.5,89.5,89.5,89.5,1000,0.0,0.0
2024-10-07 02:25:00+00:00,89.4000015258789,89.4000015258789,89.4000015258789,89.4000015258789,4060,0.0,0.0
2024-10-07 02:30:00+00:00,89.5,89.5,89.30000305175781,89.5,12080,0.0,0.0
2024-10-07 02:35:00+00:00,89.5,89.5,89.30000305175781,89.4000015258789,13000,0.0,0.0
2024-10-07 02:40:00+00:00,89.4000015258789,89.5,89.4000015258789,89.5,3010,0.0,0.0
2024-10-07 02:45:00+00:00,89.5,89.80000305175781,89.5,89.80000305175781,15518,0.0,0.0
2024-10-07 02:50:00+00:00,89.80000305175781,89.80000305175781,89.80000305175781,89.80000305175781,7207,0.0,0.0
2024-10-07 02:55:00+00:00,89.69999694824219,89.69999694824219,89.5999984741211,89.5999984741211,16007,0.0,0.0
2024-10-07 03:00:00+00:00,89.5999984741211,89.5999984741211,89.5,89.5999984741211,21030,0.0,0.0
2024-10-07 03:05:00+00:00,89.5,89.5,89.4000015258789,89.4000015258789,6614,0.0,0.0
2024-10-07 03:10:00+00:00,89.4000015258789,89.4000015258789,89.4000015258789,89.4000015258789,3050,0.0,0.0
2024-10-07 03:15:00+00:00,89.4000015258789,89.4000015258789,89.0999984741211,89.0999984741211,31001,0.0,0.0
2024-10-07 03:20:00+00:00,89.0999984741211,89.19999694824219,89.0,89.19999694824219,63014,0.0,0.0
2024-10-07 03:25:00+00:00,89.19999694824219,89.19999694824219,88.9000015258789,88.9000015258789,12637,0.0,0.0
2024-10-07 03:30:00+00:00,88.9000015258789,89.0,88.9000015258789,89.0,9483,0.0,0.0
2024-10-07 03:35:00+00:00,88.9000015258789,89.0,88.9000015258789,89.0,5434,0.0,0.0
2024-10-07 03:40:00+00:00,89.0,89.19999694824219,89.0,89.19999694824219,21004,0.0,0.0
2024-10-07 03:45:00+00:00,89.30000305175781,89.30000305175781,89.0999984741211,89.0999984741211,3034,0.0,0.0
2024-10-07 03:50:00+00:00,89.19999694824219,89.19999694824219,89.19999694824219,89.19999694824219,1000,0.0,0.0
2024-10-07 03:55:00+00:00,89.0999984741211,89.19999694824219,89.0999984741211,89.19999694824219,2000,0.0,0.0
2024-10-07 04:00:00+00:00,89.19999694824219,89.19999694824219,89.0999984741211,89.19999694824219,5000,0.0,0.0
2024-10-07 04:05:00+00:00,89.19999694824219,89.19999694824219,89.0,89.0999984741211,15035,0.0,0.0
2024-10-07 04:10:00+00:00,89.0,89.0,89.0,89.0,1150,0.0,0.0
2024-10-07 04:15:00+00:00,89.19999694824219,89.19999694824219,89.19999694824219,89.19999694824219,7023,0.0,0.0
2024-10-07 04:20:00+00:00,89.19999694824219,89.19999694824219,89.0999984741211,89.0999984741211,3050,0.0,0.0
2024-10-07 04:25:00+00:00,89.19999694824219,89.19999694824219,89.19999694824219,89.19999694824219,1000,0.0,0.0
2024-10-07 04:30:00+00:00,89.19999694824219,89.19999694824219,89.19999694824219,89.19999694824219,6000,0.0,0.0
2024-10-07 04:35:00+00:00,89.19999694824219,89.30000305175781,89.19999694824219,89.30000305175781,5000,0.0,0.0
2024-10-07 04:40:00+00:00,89.30000305175781,89.30000305175781,89.30000305175781,89.30000305175781,1000,0.0,0.0
2024-10-07 04:45:00+00:00,89.19999694824219,89.4000015258789,89.19999694824219,89.4000015258789,55167,0.0,0.0
2024-10-07 04:50:00+00:00,89.30000305175781,89.30000305175781,89.19999694824219,89.30000305175781,20000,0.0,0.0
2024-10-07 04:55:00+00:00,89.30000305175781,89.30000305175781,89.30000305175781,89.30000305175781,2000,0.0,0.0
2024-10-07 05:00:00+00:00,89.30000305175781,89.4000015258789,89.30000305175781,89.4000015258789,6000,0.0,0.0
2024-10-07 05:05:00+00:00,89.30000305175781,89.30000305175781,89.19999694824219,89.19999694824219,18020,0.0,0.0
2024-10-07 05:10:00+00:00,89.19999694824219,89.30000305175781,89.19999694824219,89.30000305175781,15194,0.0,0.0
2024-10-07 05:15:00+00:00,89.30000305175781,89.30000305175781,89.19999694824219,89.30000305175781,6000,0.0,0.0
2024-10-07 05:20:00+00:00,89.30000305175781,89.4000015258789,89.30000305175781,89.30000305175781,31020,0.0,0.0
2024-10-08 01:00:00+00:00,89.4000015258789,89.4000015258789,88.5,88.69999694824219,0,0.0,0.0
2024-10-08 01:05:00+00:00,88.5999984741211,88.80000305175781,88.4000015258789,88.5,97577,0.0,0.0
2024-10-08 01:10:00+00:00,88.5999984741211,88.5999984741211,88.0,88.5,135816,0.0,0.0
2024-10-08 01:15:00+00:00,88.30000305175781,88.30000305175781,87.5,87.5,136343,0.0,0.0
2024-10-08 01:20:00+00:00,87.5,87.80000305175781,87.4000015258789,87.80000305175781,107471,0.0,0.0
2024-10-08 01:25:00+00:00,87.80000305175781,87.9000015258789,87.5,87.9000015258789,87402,0.0,0.0
2024-10-08 01:30:00+00:00,87.9000015258789,87.9000015258789,87.5,87.5,52942,0.0,0.0
2024-10-08 01:35:00+00:00,87.5,87.69999694824219,87.5,87.69999694824219,21755,0.0,0.0
2024-10-08 01:40:00+00:00,87.5999984741211,87.5999984741211,87.4000015258789,87.4000015258789,53340,0.0,0.0
2024-10-08 01:45:00+00:00,87.4000015258789,87.4000015258789,87.19999694824219,87.30000305175781,32435,0.0,0.0
2024-10-08 01:50:00+00:00,87.19999694824219,87.19999694824219,86.9000015258789,86.9000015258789,125620,0.0,0.0
2024-10-08 01:55:00+00:00,86.9000015258789,86.9000015258789,86.4000015258789,86.5999984741211,160375,0.0,0.0
2024-10-08 02:00:00+00:00,86.5999984741211,86.5999984741211,86.30000305175781,86.30000305175781,77349,0.0,0.0
2024-10-08 02:05:00+00:00,86.19999694824219,86.19999694824219,85.69999694824219,86.0,202535,0.0,0.0
2024-10-08 02:10:00+00:00,86.0,86.5,86.0,86.19999694824219,48415,0.0,0.0
2024-10-08 02:15:00+00:00,86.19999694824219,86.5,86.0,86.5,67300,0.0,0.0
2024-10-08 02:20:00+00:00,86.5,86.5,86.19999694824219,86.19999694824219,16280,0.0,0.0
2024-10-08 02:25:00+00:00,86.19999694824219,86.30000305175781,86.0999984741211,86.30000305175781,45725,0.0,0.0
2024-10-08 02:30:00+00:00,86.4000015258789,86.4000015258789,86.4000015258789,86.4000015258789,6474,0.0,0.0
2024-10-08 02:35:00+00:00,86.30000305175781,86.30000305175781,86.19999694824219,86.30000305175781,27425,0.0,0.0
2024-10-08 02:40:00+00:00,86.30000305175781,86.5999984741211,86.30000305175781,86.5999984741211,33165,0.0,0.0
2024-10-08 02:45:00+00:00,86.69999694824219,87.0999984741211,86.5999984741211,87.0999984741211,32911,0.0,0.0
2024-10-08 02:50:00+00:00,87.0,87.0,86.80000305175781,86.80000305175781,16010,0.0,0.0
2024-10-08 02:55:00+00:00,86.80000305175781,86.80000305175781,86.69999694824219,86.80000305175781,6000,0.0,0.0
2024-10-08 03:00:00+00:00,86.69999694824219,86.80000305175781,86.69999694824219,86.80000305175781,2188,0.0,0.0
2024-10-08 03:05:00+00:00,86.80000305175781,86.80000305175781,86.80000305175781,86.80000305175781,6302,0.0,0.0
2024-10-08 03:10:00+00:00,86.80000305175781,86.9000015258789,86.80000305175781,86.9000015258789,4000,0.0,0.0
2024-10-08 03:15:00+00:00,86.9000015258789,87.19999694824219,86.9000015258789,87.19999694824219,24388,0.0,0.0
2024-10-08 03:20:00+00:00,87.19999694824219,87.19999694824219,87.0,87.0,10221,0.0,0.0
2024-10-08 03:25:00+00:00,86.9000015258789,86.9000015258789,86.9000015258789,86.9000015258789,6260,0.0,0.0
2024-10-08 03:30:00+00:00,86.9000015258789,86.9000015258789,86.9000015258789,86.9000015258789,13405,0.0,0.0
2024-10-08 03:35:00+00:00,86.9000015258789,86.9000015258789,86.9000015258789,86.9000015258789,5100,0.0,0.0
2024-10-08 03:40:00+00:00,86.80000305175781,86.9000015258789,86.80000305175781,86.80000305175781,9709,0.0,0.0
2024-10-08 03:45:00+00:00,86.9000015258789,86.9000015258789,86.9000015258789,86.9000015258789,2423,0.0,0.0
2024-10-08 03:50:00+00:00,86.9000015258789,86.9000015258789,86.9000015258789,86.9000015258789,1140,0.0,0.0
2024-10-08 03:55:00+00:00,86.80000305175781,86.80000305175781,86.80000305175781,86.80000305175781,1081,0.0,0.0
2024-10-08 04:00:00+00:00,86.9000015258789,87.19999694824219,86.9000015258789,87.0,20126,0.0,0.0
2024-10-08 04:05:00+00:00,87.0,87.0,87.0,87.0,2020,0.0,0.0
2024-10-08 04:10:00+00:00,87.0,87.0999984741211,87.0,87.0,9050,0.0,0.0
2024-10-08 04:20:00+00:00,87.0,87.0,86.9000015258789,86.9000015258789,3250,0.0,0.0
2024-10-08 04:25:00+00:00,86.9000015258789,87.0,86.9000015258789,86.9000015258789,8556,0.0,0.0
2024-10-08 04:30:00+00:00,86.9000015258789,87.5,86.9000015258789,87.5,64100,0.0,0.0
2024-10-08 04:35:00+00:00,87.5,87.5999984741211,87.4000015258789,87.4000015258789,14000,0.0,0.0
2024-10-08 04:40:00+00:00,87.4000015258789,87.5999984741211,87.30000305175781,87.5999984741211,43050,0.0,0.0
2024-10-08 04:45:00+00:00,87.5,87.5999984741211,87.5,87.5999984741211,11500,0.0,0.0
2024-10-08 04:50:00+00:00,87.4000015258789,87.5999984741211,87.4000015258789,87.5999984741211,23300,0.0,0.0
2024-10-08 04:55:00+00:00,87.5999984741211,87.69999694824219,87.5999984741211,87.69999694824219,14100,0.0,0.0
2024-10-08 05:00:00+00:00,87.5999984741211,87.80000305175781,87.5999984741211,87.69999694824219,39700,0.0,0.0
2024-10-08 05:05:00+00:00,87.5,87.5999984741211,87.5,87.5999984741211,18390,0.0,0.0
2024-10-08 05:10:00+00:00,87.5,87.69999694824219,87.5,87.5,27055,0.0,0.0
2024-10-08 05:15:00+00:00,87.5,87.5,87.30000305175781,87.30000305175781,40154,0.0,0.0
2024-10-08 05:20:00+00:00,87.30000305175781,87.30000305175781,87.0,87.19999694824219,58694,0.0,0.0
2024-10-09 01:00:00+00:00,88.5,89.5,88.5,89.5,0,0.0,0.0
2024-10-09 01:05:00+00:00,89.5999984741211,90.0,88.9000015258789,89.0,240435,0.0,0.0
2024-10-09 01:10:00+00:00,89.0,89.0,88.5,88.5,55136,0.0,0.0
2024-10-09 01:15:00+00:00,88.69999694824219,88.69999694824219,88.4000015258789,88.5,30150,0.0,0.0
2024-10-09 01:20:00+00:00,88.30000305175781,88.4000015258789,88.30000305175781,88.4000015258789,12250,0.0,0.0
2024-10-09 01:25:00+00:00,88.4000015258789,88.80000305175781,88.4000015258789,88.80000305175781,43043,0.0,0.0
2024-10-09 01:30:00+00:00,88.5999984741211,88.5999984741211,88.19999694824219,88.5,44388,0.0,0.0
2024-10-09 01:35:00+00:00,88.5,88.5,88.19999694824219,88.19999694824219,15060,0.0,0.0
2024-10-09 01:40:00+00:00,88.19999694824219,88.4000015258789,88.19999694824219,88.4000015258789,6040,0.0,0.0
2024-10-09 01:45:00+00:00,88.4000015258789,88.5,88.30000305175781,88.30000305175781,9064,0.0,0.0
2024-10-09 01:50:00+00:00,88.30000305175781,88.30000305175781,88.0,88.19999694824219,39158,0.0,0.0
2024-10-09 01:55:00+00:00,88.4000015258789,88.80000305175781,88.4000015258789,88.80000305175781,32541,0.0,0.0
2024-10-09 02:00:00+00:00,88.69999694824219,88.69999694824219,88.30000305175781,88.30000305175781,29015,0.0,0.0
2024-10-09 02:05:00+00:00,88.30000305175781,88.30000305175781,88.30000305175781,88.30000305175781,12092,0.0,0.0
2024-10-09 02:10:00+00:00,88.30000305175781,88.30000305175781,88.19999694824219,88.19999694824219,15275,0.0,0.0
2024-10-09 02:15:00+00:00,88.19999694824219,88.19999694824219,88.0,88.0,35100,0.0,0.0
2024-10-09 02:20:00+00:00,88.0,88.0,88.0,88.0,3300,0.0,0.0
2024-10-09 02:25:00+00:00,88.0,88.0,88.0,88.0,3000,0.0,0.0
2024-10-09 02:30:00+00:00,88.0999984741211,88.0999984741211,88.0,88.0,26000,0.0,0.0
2024-10-09 02:35:00+00:00,88.0,88.0999984741211,87.80000305175781,88.0,60185,0.0,0.0
2024-10-09 02:40:00+00:00,88.0,88.0,88.0,88.0,15160,0.0,0.0
2024-10-09 02:45:00+00:00,88.19999694824219,88.5,88.19999694824219,88.5,11186,0.0,0.0
2024-10-09 02:55:00+00:00,88.5,88.80000305175781,88.5,88.69999694824219,12000,0.0,0.0
2024-10-09 03:00:00+00:00,88.5,88.5,88.5,88.5,4001,0.0,0.0
2024-10-09 03:05:00+00:00,88.5,88.5,88.5,88.5,1010,0.0,0.0
2024-10-09 03:10:00+00:00,88.30000305175781,88.30000305175781,88.19999694824219,88.19999694824219,12070,0.0,0.0
2024-10-09 03:15:00+00:00,88.19999694824219,88.19999694824219,88.19999694824219,88.19999694824219,3000,0.0,0.0
2024-10-09 03:20:00+00:00,88.0999984741211,88.0999984741211,88.0999984741211,88.0999984741211,4090,0.0,0.0
2024-10-09 03:30:00+00:00,88.0999984741211,88.0999984741211,88.0999984741211,88.0999984741211,1523,0.0,0.0
2024-10-09 03:40:00+00:00,88.0999984741211,88.19999694824219,88.0999984741211,88.19999694824219,22000,0.0,0.0
2024-10-09 03:45:00+00:00,88.0999984741211,88.19999694824219,88.0999984741211,88.19999694824219,4000,0.0,0.0
2024-10-09 03:50:00+00:00,88.19999694824219,88.4000015258789,88.0999984741211,88.4000015258789,28000,0.0,0.0
2024-10-09 03:55:00+00:00,88.30000305175781,88.4000015258789,88.19999694824219,88.4000015258789,11072,0.0,0.0
2024-10-09 04:05:00+00:00,88.30000305175781,88.30000305175781,88.19999694824219,88.30000305175781,3030,0.0,0.0
2024-10-09 04:10:00+00:00,88.19999694824219,88.19999694824219,88.19999694824219,88.19999694824219,5000,0.0,0.0
2024-10-09 04:15:00+00:00,88.19999694824219,88.30000305175781,88.19999694824219,88.30000305175781,7000,0.0,0.0
2024-10-09 04:20:00+00:00,88.30000305175781,88.30000305175781,88.30000305175781,88.30000305175781,4208,0.0,0.0
2024-10-09 04:25:00+00:00,88.4000015258789,88.4000015258789,88.4000015258789,88.4000015258789,5000,0.0,0.0
2024-10-09 04:30:00+00:00,88.4000015258789,88.5,88.4000015258789,88.5,10000,0.0,0.0
2024-10-09 04:35:00+00:00,88.4000015258789,88.5,88.4000015258789,88.5,4151,0.0,0.0
2024-10-09 04:40:00+00:00,88.5,88.5999984741211,88.5,88.5,7000,0.0,0.0
2024-10-09 04:45:00+00:00,88.5,88.5999984741211,88.4000015258789,88.5999984741211,8715,0.0,0.0
2024-10-09 04:50:00+00:00,88.5999984741211,88.5999984741211,88.4000015258789,88.4000015258789,21010,0.0,0.0
2024-10-09 04:55:00+00:00,88.30000305175781,88.30000305175781,88.30000305175781,88.30000305175781,13968,0.0,0.0
2024-10-09 05:00:00+00:00,88.19999694824219,88.19999694824219,88.0999984741211,88.19999694824219,20032,0.0,0.0
2024-10-09 05:05:00+00:00,88.19999694824219,88.30000305175781,88.0999984741211,88.30000305175781,21000,0.0,0.0
2024-10-09 05:10:00+00:00,88.4000015258789,88.5999984741211,88.30000305175781,88.5999984741211,32040,0.0,0.0
2024-10-09 05:15:00+00:00,88.5,88.5,88.4000015258789,88.5,17234,0.0,0.0
2024-10-09 05:20:00+00:00,88.5,88.80000305175781,88.4000015258789,88.80000305175781,46279,0.0,0.0
2024-10-11 01:00:00+00:00,88.80000305175781,89.4000015258789,88.80000305175781,89.0999984741211,0,0.0,0.0
2024-10-11 01:05:00+00:00,88.9000015258789,88.9000015258789,88.69999694824219,88.80000305175781,32211,0.0,0.0
2024-10-11 01:10:00+00:00,88.80000305175781,88.80000305175781,88.5,88.5,45620,0.0,0.0
2024-10-11 01:15:00+00:00,88.5,88.5,88.19999694824219,88.4000015258789,28255,0.0,0.0
2024-10-11 01:20:00+00:00,88.4000015258789,88.5,88.19999694824219,88.19999694824219,15000,0.0,0.0
2024-10-11 01:25:00+00:00,88.19999694824219,88.30000305175781,88.19999694824219,88.30000305175781,6625,0.0,0.0
2024-10-11 01:30:00+00:00,88.4000015258789,88.4000015258789,88.19999694824219,88.30000305175781,12072,0.0,0.0
2024-10-11 01:35:00+00:00,88.19999694824219,88.19999694824219,88.0,88.0,51075,0.0,0.0
2024-10-11 01:40:00+00:00,87.9000015258789,87.9000015258789,87.69999694824219,87.69999694824219,22542,0.0,0.0
2024-10-11 01:45:00+00:00,87.69999694824219,87.69999694824219,87.69999694824219,87.69999694824219,5000,0.0,0.0
2024-10-11 01:50:00+00:00,87.5999984741211,87.5999984741211,87.0999984741211,87.19999694824219,85177,0.0,0.0
2024-10-11 01:55:00+00:00,87.0,87.0,86.4000015258789,86.5999984741211,105798,0.0,0.0
2024-10-11 02:00:00+00:00,86.5999984741211,87.19999694824219,86.5999984741211,87.0999984741211,32258,0.0,0.0
2024-10-11 02:05:00+00:00,87.0999984741211,87.19999694824219,86.9000015258789,87.0999984741211,15000,0.0,0.0
2024-10-11 02:10:00+00:00,87.0999984741211,87.19999694824219,87.0,87.19999694824219,24000,0.0,0.0
2024-10-11 02:15:00+00:00,87.4000015258789,87.5999984741211,87.4000015258789,87.5999984741211,19460,0.0,0.0
2024-10-11 02:20:00+00:00,87.5999984741211,88.0,87.5,87.9000015258789,21504,0.0,0.0
2024-10-11 02:25:00+00:00,87.9000015258789,87.9000015258789,87.69999694824219,87.69999694824219,10151,0.0,0.0
2024-10-11 02:30:00+00:00,87.5999984741211,87.5999984741211,87.5,87.5,6013,0.0,0.0
2024-10-11 02:35:00+00:00,87.5,87.5,87.5,87.5,1256,0.0,0.0
2024-10-11 02:40:00+00:00,87.5,87.5,87.5,87.5,6200,0.0,0.0
2024-10-11 02:50:00+00:00,87.4000015258789,87.4000015258789,87.4000015258789,87.4000015258789,5131,0.0,0.0
2024-10-11 02:55:00+00:00,87.30000305175781,87.30000305175781,87.0999984741211,87.30000305175781,19076,0.0,0.0
2024-10-11 03:00:00+00:00,87.30000305175781,87.30000305175781,87.30000305175781,87.30000305175781,4000,0.0,0.0
2024-10-11 03:05:00+00:00,87.19999694824219,87.19999694824219,87.0,87.0,12020,0.0,0.0
2024-10-11 03:10:00+00:00,87.0999984741211,87.19999694824219,87.0999984741211,87.19999694824219,3345,0.0,0.0
2024-10-11 03:15:00+00:00,87.19999694824219,87.19999694824219,87.19999694824219,87.19999694824219,8116,0.0,0.0
2024-10-11 03:20:00+00:00,87.19999694824219,87.19999694824219,87.19999694824219,87.19999694824219,5193,0.0,0.0
2024-10-11 03:25:00+00:00,87.19999694824219,87.19999694824219,87.0999984741211,87.0999984741211,8005,0.0,0.0
2024-10-11 03:30:00+00:00,87.19999694824219,87.19999694824219,87.0999984741211,87.0999984741211,5180,0.0,0.0
2024-10-11 03:35:00+00:00,87.0999984741211,87.0999984741211,87.0999984741211,87.0999984741211,3015,0.0,0.0
2024-10-11 03:40:00+00:00,87.0999984741211,87.19999694824219,87.0999984741211,87.0999984741211,23050,0.0,0.0
2024-10-11 03:45:00+00:00,87.0999984741211,87.0999984741211,86.80000305175781,86.80000305175781,80541,0.0,0.0
2024-10-11 03:50:00+00:00,86.80000305175781,86.80000305175781,86.80000305175781,86.80000305175781,15000,0.0,0.0
2024-10-11 03:55:00+00:00,86.69999694824219,86.9000015258789,86.69999694824219,86.9000015258789,20143,0.0,0.0
2024-10-11 04:00:00+00:00,87.0,87.0,87.0,87.0,1050,0.0,0.0
2024-10-11 04:05:00+00:00,87.0,87.0,87.0,87.0,2010,0.0,0.0
2024-10-11 04:10:00+00:00,87.0,87.0,87.0,87.0,14100,0.0,0.0
2024-10-11 04:15:00+00:00,87.0,87.0,87.0,87.0,7160,0.0,0.0
2024-10-11 04:20:00+00:00,87.0,87.0,87.0,87.0,7027,0.0,0.0
2024-10-11 04:25:00+00:00,86.9000015258789,86.9000015258789,86.9000015258789,86.9000015258789,10020,0.0,0.0
2024-10-11 04:30:00+00:00,86.9000015258789,86.9000015258789,86.80000305175781,86.9000015258789,14300,0.0,0.0
2024-10-11 04:35:00+00:00,86.80000305175781,86.80000305175781,86.80000305175781,86.80000305175781,2000,0.0,0.0
2024-10-11 04:40:00+00:00,86.9000015258789,86.9000015258789,86.9000015258789,86.9000015258789,7003,0.0,0.0
2024-10-11 04:45:00+00:00,86.9000015258789,87.0,86.80000305175781,86.9000015258789,34115,0.0,0.0
2024-10-11 04:50:00+00:00,86.9000015258789,86.9000015258789,86.80000305175781,86.80000305175781,8325,0.0,0.0
2024-10-11 04:55:00+00:00,86.69999694824219,86.80000305175781,86.69999694824219,86.80000305175781,10075,0.0,0.0
2024-10-11 05:00:00+00:00,86.80000305175781,86.9000015258789,86.80000305175781,86.80000305175781,12050,0.0,0.0
2024-10-11 05:05:00+00:00,86.80000305175781,86.9000015258789,86.80000305175781,86.9000015258789,15100,0.0,0.0
2024-10-11 05:10:00+00:00,86.9000015258789,86.9000015258789,86.9000015258789,86.9000015258789,19100,0.0,0.0
2024-10-11 05:15:00+00:00,87.0,87.0,86.80000305175781,86.9000015258789,27434,0.0,0.0
2024-10-11 05:20:00+00:00,86.80000305175781,87.0,86.69999694824219,86.80000305175781,45100,0.0,0.0
2024-10-14 01:00:00+00:00,87.0,87.4000015258789,86.69999694824219,87.19999694824219,0,0.0,0.0
2024-10-14 01:05:00+00:00,87.0999984741211,87.30000305175781,86.9000015258789,86.9000015258789,41329,0.0,0.0
2024-10-14 01:10:00+00:00,86.9000015258789,87.4000015258789,86.80000305175781,87.4000015258789,27389,0.0,0.0
2024-10-14 01:15:00+00:00,87.4000015258789,87.69999694824219,87.4000015258789,87.69999694824219,17186,0.0,0.0
2024-10-14 01:20:00+00:00,87.69999694824219,87.80000305175781,87.69999694824219,87.69999694824219,14100,0.0,0.0
2024-10-14 01:25:00+00:00,87.5999984741211,87.5999984741211,87.30000305175781,87.30000305175781,9000,0.0,0.0
2024-10-14 01:30:00+00:00,87.4000015258789,87.4000015258789,87.0,87.0,23200,0.0,0.0
2024-10-14 01:35:00+00:00,86.9000015258789,87.0999984741211,86.9000015258789,87.0,8160,0.0,0.0
2024-10-14 01:40:00+00:00,87.30000305175781,87.30000305175781,87.30000305175781,87.30000305175781,6050,0.0,0.0
2024-10-14 01:45:00+00:00,87.4000015258789,87.4000015258789,87.4000015258789,87.4000015258789,1103,0.0,0.0
2024-10-14 01:50:00+00:00,87.19999694824219,87.19999694824219,87.0,87.0,17000,0.0,0.0
2024-10-14 01:55:00+00:00,87.0999984741211,87.0999984741211,87.0,87.0,11000,0.0,0.0
2024-10-14 02:00:00+00:00,87.0999984741211,87.19999694824219,87.0999984741211,87.19999694824219,12000,0.0,0.0
2024-10-14 02:05:00+00:00,87.19999694824219,87.5,87.19999694824219,87.5,16000,0.0,0.0
2024-10-14 02:10:00+00:00,87.4000015258789,88.0,87.4000015258789,88.0,45559,0.0,0.0
2024-10-14 02:15:00+00:00,87.9000015258789,88.0,87.9000015258789,88.0,19614,0.0,0.0
2024-10-14 02:20:00+00:00,88.0,88.4000015258789,88.0,88.4000015258789,47015,0.0,0.0
2024-10-14 02:25:00+00:00,88.4000015258789,88.4000015258789,88.0999984741211,88.30000305175781,19099,0.0,0.0
2024-10-14 02:30:00+00:00,88.0,88.19999694824219,88.0,88.0999984741211,12020,0.0,0.0
2024-10-14 02:40:00+00:00,88.0999984741211,88.0999984741211,88.0,88.0,11278,0.0,0.0
2024-10-14 02:45:00+00:00,88.0,88.69999694824219,88.0,88.69999694824219,60439,0.0,0.0
2024-10-14 02:50:00+00:00,88.5999984741211,89.0999984741211,88.5999984741211,89.0999984741211,68228,0.0,0.0
2024-10-14 02:55:00+00:00,89.0999984741211,89.5,89.0,89.5,56230,0.0,0.0
2024-10-14 03:00:00+00:00,89.5,89.69999694824219,89.4000015258789,89.4000015258789,22468,0.0,0.0
2024-10-14 03:05:00+00:00,89.4000015258789,89.4000015258789,89.30000305175781,89.4000015258789,12218,0.0,0.0
2024-10-14 03:10:00+00:00,89.30000305175781,89.5999984741211,89.30000305175781,89.5999984741211,12050,0.0,0.0
2024-10-14 03:15:00+00:00,89.5,90.5999984741211,89.4000015258789,90.4000015258789,171570,0.0,0.0
2024-10-14 03:20:00+00:00,90.4000015258789,90.80000305175781,90.0,90.5999984741211,74297,0.0,0.0
2024-10-14 03:25:00+00:00,90.5999984741211,91.0999984741211,90.5999984741211,90.69999694824219,93450,0.0,0.0
2024-10-14 03:30:00+00:00,90.80000305175781,91.0,90.5999984741211,90.80000305175781,51080,0.0,0.0
2024-10-14 03:35:00+00:00,90.9000015258789,91.80000305175781,90.9000015258789,91.4000015258789,131244,0.0,0.0
2024-10-14 03:40:00+00:00,91.30000305175781,91.69999694824219,91.0,91.19999694824219,65318,0.0,0.0
2024-10-14 03:45:00+00:00,91.19999694824219,91.19999694824219,90.69999694824219,90.80000305175781,83142,0.0,0.0
2024-10-14 03:50:00+00:00,91.0,91.0,90.69999694824219,90.80000305175781,22644,0.0,0.0
2024-10-14 03:55:00+00:00,91.0,91.0,91.0,91.0,14100,0.0,0.0
2024-10-14 04:00:00+00:00,91.0,91.19999694824219,91.0,91.19999694824219,22650,0.0,0.0
2024-10-14 04:05:00+00:00,91.19999694824219,91.19999694824219,91.0999984741211,91.0999984741211,13205,0.0,0.0
2024-10-14 04:10:00+00:00,91.19999694824219,91.19999694824219,91.19999694824219,91.19999694824219,14010,0.0,0.0
2024-10-14 04:15:00+00:00,91.19999694824219,91.19999694824219,91.0,91.0,30130,0.0,0.0
2024-10-14 04:20:00+00:00,91.0,91.0,90.69999694824219,90.9000015258789,33800,0.0,0.0
2024-10-14 04:25:00+00:00,91.0,91.0999984741211,90.9000015258789,91.0999984741211,36000,0.0,0.0
2024-10-14 04:30:00+00:00,91.0999984741211,91.30000305175781,91.0999984741211,91.30000305175781,22000,0.0,0.0
2024-10-14 04:35:00+00:00,91.19999694824219,91.5,91.0,91.19999694824219,66609,0.0,0.0
2024-10-14 04:40:00+00:00,91.19999694824219,91.19999694824219,91.19999694824219,91.19999694824219,9011,0.0,0.0
2024-10-14 04:45:00+00:00,91.19999694824219,91.5,91.19999694824219,91.30000305175781,43001,0.0,0.0
2024-10-14 04:50:00+00:00,91.4000015258789,91.4000015258789,91.19999694824219,91.19999694824219,14480,0.0,0.0
2024-10-14 04:55:00+00:00,91.30000305175781,91.4000015258789,91.30000305175781,91.30000305175781,7498,0.0,0.0
2024-10-14 05:00:00+00:00,91.30000305175781,91.30000305175781,91.0999984741211,91.0999984741211,22269,0.0,0.0
2024-10-14 05:05:00+00:00,91.0999984741211,91.0999984741211,90.9000015258789,91.0,46309,0.0,0.0
2024-10-14 05:10:00+00:00,91.0,91.0,90.9000015258789,91.0,14316,0.0,0.0
2024-10-14 05:15:00+00:00,91.0,91.0999984741211,91.0,91.0999984741211,17000,0.0,0.0
2024-10-14 05:20:00+00:00,91.0,91.19999694824219,91.0,91.0,30108,0.0,0.0
2024-10-15 01:00:00+00:00,91.0,91.5,91.0,91.4000015258789,0,0.0,0.0
2024-10-15 01:05:00+00:00,91.4000015258789,91.5999984741211,91.30000305175781,91.4000015258789,31311,0.0,0.0
2024-10-15 01:10:00+00:00,91.5,92.19999694824219,91.5,92.0999984741211,74287,0.0,0.0
2024-10-15 01:15:00+00:00,92.0999984741211,92.0999984741211,91.0999984741211,91.69999694824219,125700,0.0,0.0
2024-10-15 01:20:00+00:00,91.69999694824219,91.69999694824219,91.5999984741211,91.69999694824219,12102,0.0,0.0
2024-10-15 01:25:00+00:00,91.80000305175781,91.9000015258789,91.69999694824219,91.69999694824219,31000,0.0,0.0
2024-10-15 01:30:00+00:00,91.5999984741211,91.5999984741211,91.5,91.5999984741211,36035,0.0,0.0
2024-10-15 01:35:00+00:00,91.69999694824219,91.9000015258789,91.69999694824219,91.9000015258789,35411,0.0,0.0
2024-10-15 01:40:00+00:00,91.80000305175781,92.0,91.5999984741211,91.80000305175781,77120,0.0,0.0
2024-10-15 01:45:00+00:00,91.9000015258789,91.9000015258789,91.4000015258789,91.5,55288,0.0,0.0
2024-10-15 01:50:00+00:00,91.4000015258789,91.5,91.19999694824219,91.30000305175781,34017,0.0,0.0
2024-10-15 01:55:00+00:00,91.30000305175781,91.30000305175781,91.19999694824219,91.30000305175781,12000,0.0,0.0
2024-10-15 02:00:00+00:00,91.30000305175781,91.30000305175781,91.0999984741211,91.19999694824219,35000,0.0,0.0
2024-10-15 02:05:00+00:00,91.19999694824219,91.19999694824219,91.0999984741211,91.0999984741211,17050,0.0,0.0
2024-10-15 02:10:00+00:00,91.0999984741211,91.30000305175781,91.0999984741211,91.19999694824219,21011,0.0,0.0
2024-10-15 02:15:00+00:00,91.19999694824219,91.19999694824219,91.0,91.0,44818,0.0,0.0
2024-10-15 02:20:00+00:00,91.19999694824219,91.19999694824219,90.5999984741211,90.69999694824219,54280,0.0,0.0
2024-10-15 02:25:00+00:00,90.80000305175781,91.0,90.80000305175781,91.0,18000,0.0,0.0
2024-10-15 02:30:00+00:00,91.0,91.0999984741211,91.0,91.0999984741211,3219,0.0,0.0
2024-10-15 02:35:00+00:00,91.0999984741211,91.19999694824219,90.9000015258789,90.9000015258789,18020,0.0,0.0
2024-10-15 02:40:00+00:00,91.0,91.0999984741211,90.9000015258789,91.0,14500,0.0,0.0
2024-10-15 02:45:00+00:00,91.0,91.0,91.0,91.0,10000,0.0,0.0
2024-10-15 02:50:00+00:00,91.0,91.0,90.80000305175781,90.80000305175781,20458,0.0,0.0
2024-10-15 02:55:00+00:00,90.80000305175781,90.9000015258789,90.80000305175781,90.9000015258789,4049,0.0,0.0
2024-10-15 03:00:00+00:00,90.9000015258789,90.9000015258789,90.69999694824219,90.69999694824219,35100,0.0,0.0
2024-10-15 03:05:00+00:00,90.69999694824219,90.69999694824219,90.5999984741211,90.5999984741211,6531,0.0,0.0
2024-10-15 03:10:00+00:00,90.5999984741211,90.69999694824219,90.5999984741211,90.69999694824219,5000,0.0,0.0
2024-10-15 03:15:00+00:00,90.5999984741211,90.5999984741211,90.5999984741211,90.5999984741211,4303,0.0,0.0
2024-10-15 03:20:00+00:00,90.5999984741211,90.69999694824219,90.5999984741211,90.5999984741211,3110,0.0,0.0
2024-10-15 03:25:00+00:00,90.5999984741211,90.5999984741211,90.5999984741211,90.5999984741211,4000,0.0,0.0
2024-10-15 03:30:00+00:00,90.5999984741211,90.69999694824219,90.5999984741211,90.69999694824219,2000,0.0,0.0
2024-10-15 03:35:00+00:00,90.69999694824219,90.69999694824219,90.5999984741211,90.69999694824219,7004,0.0,0.0
2024-10-15 03:40:00+00:00,90.69999694824219,90.69999694824219,90.69999694824219,90.69999694824219,6000,0.0,0.0
2024-10-15 03:45:00+00:00,90.69999694824219,90.69999694824219,90.5999984741211,90.5999984741211,16000,0.0,0.0
2024-10-15 03:50:00+00:00,90.5999984741211,90.69999694824219,90.5999984741211,90.69999694824219,10000,0.0,0.0
2024-10-15 03:55:00+00:00,90.80000305175781,90.80000305175781,90.80000305175781,90.80000305175781,1069,0.0,0.0
2024-10-15 04:00:00+00:00,90.80000305175781,90.80000305175781,90.80000305175781,90.80000305175781,1100,0.0,0.0
2024-10-15 04:05:00+00:00,90.80000305175781,90.9000015258789,90.80000305175781,90.9000015258789,4089,0.0,0.0
2024-10-15 04:10:00+00:00,90.9000015258789,90.9000015258789,90.69999694824219,90.80000305175781,58000,0.0,0.0
2024-10-15 04:15:00+00:00,90.80000305175781,90.80000305175781,90.80000305175781,90.80000305175781,11235,0.0,0.0
2024-10-15 04:20:00+00:00,90.80000305175781,90.80000305175781,90.80000305175781,90.80000305175781,11100,0.0,0.0
2024-10-15 04:25:00+00:00,90.80000305175781,90.9000015258789,90.80000305175781,90.9000015258789,2075,0.0,0.0
2024-10-15 04:30:00+00:00,90.80000305175781,90.9000015258789,90.80000305175781,90.9000015258789,6000,0.0,0.0
2024-10-15 04:40:00+00:00,90.80000305175781,90.80000305175781,90.5,90.5,55811,0.0,0.0
2024-10-15 04:45:00+00:00,90.5999984741211,90.69999694824219,90.5999984741211,90.5999984741211,30029,0.0,0.0
2024-10-15 04:50:00+00:00,90.5999984741211,90.5999984741211,90.5,90.5,7500,0.0,0.0
2024-10-15 04:55:00+00:00,90.5999984741211,90.5999984741211,90.5999984741211,90.5999984741211,3141,0.0,0.0
2024-10-15 05:00:00+00:00,90.5999984741211,90.5999984741211,90.5,90.5,22100,0.0,0.0
2024-10-15 05:05:00+00:00,90.5,90.5,90.4000015258789,90.4000015258789,22081,0.0,0.0
2024-10-15 05:10:00+00:00,90.30000305175781,90.30000305175781,90.19999694824219,90.19999694824219,16893,0.0,0.0
2024-10-15 05:15:00+00:00,90.19999694824219,90.30000305175781,90.19999694824219,90.30000305175781,26992,0.0,0.0
2024-10-15 05:20:00+00:00,90.4000015258789,90.4000015258789,90.0999984741211,90.19999694824219,39105,0.0,0.0
2024-10-16 01:00:00+00:00,89.9000015258789,91.9000015258789,89.9000015258789,91.30000305175781,0,0.0,0.0
2024-10-16 01:05:00+00:00,91.30000305175781,91.30000305175781,90.69999694824219,91.0999984741211,98310,0.0,0.0
2024-10-16 01:10:00+00:00,91.19999694824219,92.19999694824219,91.0999984741211,92.19999694824219,129357,0.0,0.0
2024-10-16 01:15:00+00:00,92.19999694824219,92.30000305175781,91.9000015258789,91.9000015258789,90398,0.0,0.0
2024-10-16 01:20:00+00:00,92.0,92.4000015258789,91.9000015258789,91.9000015258789,75855,0.0,0.0
2024-10-16 01:25:00+00:00,91.9000015258789,92.5,91.9000015258789,92.4000015258789,77875,0.0,0.0
2024-10-16 01:30:00+00:00,92.4000015258789,94.19999694824219,92.4000015258789,93.80000305175781,636300,0.0,0.0
2024-10-16 01:35:00+00:00,93.9000015258789,94.5,93.80000305175781,94.30000305175781,294355,0.0,0.0
2024-10-16 01:40:00+00:00,94.30000305175781,94.9000015258789,94.0,94.69999694824219,257032,0.0,0.0
2024-10-16 01:45:00+00:00,94.69999694824219,95.0,94.30000305175781,94.69999694824219,188574,0.0,0.0
2024-10-16 01:50:00+00:00,94.69999694824219,94.69999694824219,94.4000015258789,94.5,38583,0.0,0.0
2024-10-16 01:55:00+00:00,94.4000015258789,94.4000015258789,94.0,94.0,50518,0.0,0.0
2024-10-16 02:00:00+00:00,94.0,94.19999694824219,93.9000015258789,94.19999694824219,90580,0.0,0.0
2024-10-16 02:05:00+00:00,94.19999694824219,94.5,93.9000015258789,94.5,143844,0.0,0.0
2024-10-16 02:10:00+00:00,94.5,94.5,94.19999694824219,94.19999694824219,35135,0.0,0.0
2024-10-16 02:15:00+00:00,94.19999694824219,94.30000305175781,94.19999694824219,94.19999694824219,23052,0.0,0.0
2024-10-16 02:20:00+00:00,94.30000305175781,94.30000305175781,94.0999984741211,94.0999984741211,16090,0.0,0.0
2024-10-16 02:25:00+00:00,94.0999984741211,94.19999694824219,93.9000015258789,94.0,41010,0.0,0.0
2024-10-16 02:30:00+00:00,94.0999984741211,94.0999984741211,93.69999694824219,93.69999694824219,31100,0.0,0.0
2024-10-16 02:35:00+00:00,93.5999984741211,93.9000015258789,93.4000015258789,93.9000015258789,55236,0.0,0.0
2024-10-16 02:40:00+00:00,93.9000015258789,93.9000015258789,93.5,93.80000305175781,38100,0.0,0.0
2024-10-16 02:45:00+00:00,93.80000305175781,93.80000305175781,93.69999694824219,93.80000305175781,9050,0.0,0.0
2024-10-16 02:50:00+00:00,93.69999694824219,93.80000305175781,93.69999694824219,93.80000305175781,22350,0.0,0.0
2024-10-16 02:55:00+00:00,93.80000305175781,94.30000305175781,93.80000305175781,94.30000305175781,38121,0.0,0.0
2024-10-16 03:00:00+00:00,94.30000305175781,94.4000015258789,93.9000015258789,94.0,31486,0.0,0.0
2024-10-16 03:05:00+00:00,93.9000015258789,93.9000015258789,93.30000305175781,93.4000015258789,47023,0.0,0.0
2024-10-16 03:10:00+00:00,93.30000305175781,93.5,93.0999984741211,93.5,71641,0.0,0.0
2024-10-16 03:15:00+00:00,93.5999984741211,93.5999984741211,93.5,93.5,8001,0.0,0.0
2024-10-16 03:20:00+00:00,93.5999984741211,93.69999694824219,93.5999984741211,93.69999694824219,7000,0.0,0.0
2024-10-16 03:25:00+00:00,93.5999984741211,93.69999694824219,93.5999984741211,93.69999694824219,16000,0.0,0.0
2024-10-16 03:30:00+00:00,93.5999984741211,93.5999984741211,93.5999984741211,93.5999984741211,6004,0.0,0.0
2024-10-16 03:35:00+00:00,93.5999984741211,93.9000015258789,93.5999984741211,93.5999984741211,31065,0.0,0.0
2024-10-16 03:40:00+00:00,93.80000305175781,93.80000305175781,93.69999694824219,93.69999694824219,3150,0.0,0.0
2024-10-16 03:45:00+00:00,93.69999694824219,94.0,93.5999984741211,93.5999984741211,16412,0.0,0.0
2024-10-16 03:50:00+00:00,93.69999694824219,93.9000015258789,93.69999694824219,93.9000015258789,11200,0.0,0.0
2024-10-16 03:55:00+00:00,93.80000305175781,93.9000015258789,93.80000305175781,93.9000015258789,17250,0.0,0.0
2024-10-16 04:00:00+00:00,93.9000015258789,94.0,93.5999984741211,93.5999984741211,54054,0.0,0.0
2024-10-16 04:05:00+00:00,93.5999984741211,93.69999694824219,93.5999984741211,93.69999694824219,2100,0.0,0.0
2024-10-16 04:10:00+00:00,93.69999694824219,93.69999694824219,93.30000305175781,93.5,43249,0.0,0.0
2024-10-16 04:15:00+00:00,93.5,93.5,93.30000305175781,93.30000305175781,14725,0.0,0.0
2024-10-16 04:20:00+00:00,93.30000305175781,93.4000015258789,93.19999694824219,93.30000305175781,33440,0.0,0.0
2024-10-16 04:25:00+00:00,93.30000305175781,93.30000305175781,93.19999694824219,93.19999694824219,28880,0.0,0.0
2024-10-16 04:30:00+00:00,93.19999694824219,93.5,93.19999694824219,93.5,46103,0.0,0.0
2024-10-16 04:35:00+00:00,93.5,93.5,93.19999694824219,93.19999694824219,19459,0.0,0.0
2024-10-16 04:40:00+00:00,93.19999694824219,93.19999694824219,93.0999984741211,93.0999984741211,26120,0.0,0.0
2024-10-16 04:45:00+00:00,93.0999984741211,93.0999984741211,92.80000305175781,93.0,139300,0.0,0.0
2024-10-16 04:50:00+00:00,93.0,93.19999694824219,93.0,93.0,10339,0.0,0.0
2024-10-16 04:55:00+00:00,93.0,93.0,92.69999694824219,92.9000015258789,80236,0.0,0.0
2024-10-16 05:00:00+00:00,92.9000015258789,93.0,92.80000305175781,93.0,24000,0.0,0.0
2024-10-16 05:05:00+00:00,93.0,93.0,92.5,92.69999694824219,75567,0.0,0.0
2024-10-16 05:10:00+00:00,92.69999694824219,92.9000015258789,92.69999694824219,92.80000305175781,22000,0.0,0.0
2024-10-16 05:15:00+00:00,92.80000305175781,92.80000305175781,92.69999694824219,92.80000305175781,24000,0.0,0.0
2024-10-16 05:20:00+00:00,92.80000305175781,93.0,92.80000305175781,92.80000305175781,31670,0.0,0.0
2024-10-17 01:00:00+00:00,94.19999694824219,94.5,93.0999984741211,94.5,0,0.0,0.0
2024-10-17 01:05:00+00:00,94.5,95.0,93.9000015258789,94.5,313101,0.0,0.0
2024-10-17 01:10:00+00:00,94.5,94.69999694824219,94.19999694824219,94.4000015258789,137354,0.0,0.0
2024-10-17 01:15:00+00:00,94.4000015258789,94.9000015258789,94.4000015258789,94.5999984741211,130552,0.0,0.0
2024-10-17 01:20:00+00:00,94.5,95.0,94.4000015258789,94.4000015258789,146520,0.0,0.0
2024-10-17 01:25:00+00:00,94.4000015258789,94.5999984741211,93.80000305175781,93.80000305175781,108230,0.0,0.0
2024-10-17 01:30:00+00:00,93.69999694824219,94.19999694824219,93.69999694824219,94.0999984741211,99100,0.0,0.0
2024-10-17 01:35:00+00:00,94.0999984741211,94.0999984741211,94.0,94.0999984741211,26194,0.0,0.0
2024-10-17 01:40:00+00:00,94.0999984741211,94.0999984741211,93.69999694824219,93.9000015258789,91750,0.0,0.0
2024-10-17 01:45:00+00:00,94.0,94.0,94.0,94.0,7025,0.0,0.0
2024-10-17 01:50:00+00:00,94.0999984741211,94.0999984741211,93.80000305175781,93.9000015258789,48250,0.0,0.0
2024-10-17 01:55:00+00:00,94.0,94.0,93.9000015258789,94.0,7000,0.0,0.0
2024-10-17 02:00:00+00:00,94.0,94.0999984741211,93.80000305175781,93.9000015258789,31000,0.0,0.0
2024-10-17 02:05:00+00:00,93.80000305175781,93.80000305175781,93.5,93.5,99181,0.0,0.0
2024-10-17 02:10:00+00:00,93.5,93.5999984741211,93.5,93.5999984741211,9050,0.0,0.0
2024-10-17 02:15:00+00:00,93.5,93.5,92.9000015258789,93.0,141035,0.0,0.0
2024-10-17 02:20:00+00:00,93.0,93.0999984741211,93.0,93.0999984741211,33000,0.0,0.0
2024-10-17 02:25:00+00:00,93.0,93.0,92.69999694824219,92.69999694824219,50852,0.0,0.0
2024-10-17 02:30:00+00:00,92.80000305175781,92.80000305175781,92.69999694824219,92.69999694824219,33188,0.0,0.0
2024-10-17 02:35:00+00:00,92.5999984741211,92.5999984741211,92.0999984741211,92.5,112292,0.0,0.0
2024-10-17 02:40:00+00:00,92.4000015258789,92.4000015258789,92.19999694824219,92.30000305175781,37010,0.0,0.0
2024-10-17 02:45:00+00:00,92.30000305175781,92.30000305175781,92.30000305175781,92.30000305175781,13118,0.0,0.0
2024-10-17 02:50:00+00:00,92.30000305175781,92.4000015258789,92.30000305175781,92.4000015258789,23013,0.0,0.0
2024-10-17 02:55:00+00:00,92.4000015258789,92.80000305175781,92.4000015258789,92.4000015258789,30110,0.0,0.0
2024-10-17 03:00:00+00:00,92.5999984741211,93.19999694824219,92.5999984741211,93.19999694824219,32006,0.0,0.0
2024-10-17 03:05:00+00:00,93.19999694824219,93.19999694824219,92.80000305175781,92.80000305175781,51610,0.0,0.0
2024-10-17 03:10:00+00:00,92.69999694824219,92.69999694824219,92.5,92.5,27568,0.0,0.0
2024-10-17 03:15:00+00:00,92.5,92.80000305175781,92.4000015258789,92.69999694824219,38032,0.0,0.0
2024-10-17 03:20:00+00:00,92.69999694824219,92.69999694824219,92.5,92.5,22000,0.0,0.0
2024-10-17 03:25:00+00:00,92.5999984741211,92.5999984741211,92.5,92.5999984741211,6463,0.0,0.0
2024-10-17 03:30:00+00:00,92.69999694824219,92.69999694824219,92.69999694824219,92.69999694824219,4000,0.0,0.0
2024-10-17 03:35:00+00:00,92.69999694824219,92.69999694824219,92.5999984741211,92.5999984741211,4000,0.0,0.0
2024-10-17 03:40:00+00:00,92.5999984741211,92.5999984741211,92.4000015258789,92.4000015258789,50010,0.0,0.0
2024-10-17 03:50:00+00:00,92.4000015258789,92.4000015258789,92.4000015258789,92.4000015258789,1401,0.0,0.0
2024-10-17 03:55:00+00:00,92.4000015258789,92.4000015258789,92.30000305175781,92.30000305175781,3100,0.0,0.0
2024-10-17 04:00:00+00:00,92.4000015258789,92.5,92.4000015258789,92.4000015258789,19000,0.0,0.0
2024-10-17 04:05:00+00:00,92.5,92.5,92.4000015258789,92.4000015258789,8000,0.0,0.0
2024-10-17 04:10:00+00:00,92.4000015258789,92.4000015258789,92.30000305175781,92.4000015258789,12979,0.0,0.0
2024-10-17 04:15:00+00:00,92.30000305175781,92.30000305175781,92.0999984741211,92.0999984741211,79737,0.0,0.0
2024-10-17 04:20:00+00:00,92.0999984741211,92.19999694824219,92.0999984741211,92.19999694824219,35000,0.0,0.0
2024-10-17 04:25:00+00:00,92.19999694824219,92.19999694824219,92.0999984741211,92.19999694824219,19050,0.0,0.0
2024-10-17 04:30:00+00:00,92.19999694824219,92.19999694824219,92.19999694824219,92.19999694824219,13921,0.0,0.0
2024-10-17 04:35:00+00:00,92.30000305175781,92.30000305175781,92.19999694824219,92.19999694824219,5000,0.0,0.0
2024-10-17 04:40:00+00:00,92.19999694824219,92.19999694824219,92.19999694824219,92.19999694824219,15000,0.0,0.0
2024-10-17 04:45:00+00:00,92.19999694824219,92.30000305175781,92.0999984741211,92.0999984741211,18000,0.0,0.0
2024-10-17 04:50:00+00:00,92.0999984741211,92.0999984741211,92.0999984741211,92.0999984741211,25000,0.0,0.0
2024-10-17 04:55:00+00:00,92.0999984741211,92.0999984741211,92.0,92.0,52500,0.0,0.0
2024-10-17 05:00:00+00:00,92.0999984741211,92.0999984741211,92.0,92.0,37294,0.0,0.0
2024-10-17 05:05:00+00:00,91.9000015258789,91.9000015258789,91.69999694824219,91.69999694824219,46658,0.0,0.0
2024-10-17 05:10:00+00:00,91.80000305175781,91.80000305175781,91.5,91.80000305175781,82458,0.0,0.0
2024-10-17 05:15:00+00:00,91.69999694824219,91.69999694824219,91.5,91.5999984741211,48332,0.0,0.0
2024-10-17 05:20:00+00:00,91.5,91.5999984741211,91.4000015258789,91.4000015258789,87153,0.0,0.0
2024-10-18 01:00:00+00:00,91.9000015258789,92.5,91.80000305175781,91.9000015258789,0,0.0,0.0
2024-10-18 01:05:00+00:00,91.9000015258789,92.9000015258789,91.9000015258789,92.5999984741211,62000,0.0,0.0
2024-10-18 01:10:00+00:00,92.5,92.5,92.19999694824219,92.30000305175781,21700,0.0,0.0
2024-10-18 01:15:00+00:00,92.30000305175781,92.4000015258789,91.69999694824219,92.30000305175781,52850,0.0,0.0
2024-10-18 01:20:00+00:00,91.80000305175781,91.9000015258789,91.5999984741211,91.5999984741211,15000,0.0,0.0
2024-10-18 01:25:00+00:00,91.69999694824219,92.19999694824219,91.30000305175781,91.69999694824219,62156,0.0,0.0
2024-10-18 01:30:00+00:00,92.0,92.30000305175781,92.0,92.0999984741211,13000,0.0,0.0
2024-10-18 01:35:00+00:00,92.0,92.0,92.0,92.0,2000,0.0,0.0
2024-10-18 01:40:00+00:00,91.9000015258789,91.9000015258789,91.9000015258789,91.9000015258789,3000,0.0,0.0
2024-10-18 01:45:00+00:00,91.9000015258789,92.0999984741211,91.9000015258789,92.0999984741211,18090,0.0,0.0
2024-10-18 01:50:00+00:00,92.0999984741211,92.0999984741211,91.9000015258789,91.9000015258789,4020,0.0,0.0
2024-10-18 01:55:00+00:00,91.9000015258789,91.9000015258789,91.69999694824219,91.69999694824219,5000,0.0,0.0
2024-10-18 02:00:00+00:00,91.80000305175781,91.80000305175781,91.5999984741211,91.5999984741211,17105,0.0,0.0
2024-10-18 02:05:00+00:00,91.5999984741211,91.5999984741211,91.5,91.5,6386,0.0,0.0
2024-10-18 02:10:00+00:00,91.5,91.5,91.5,91.5,7010,0.0,0.0
2024-10-18 02:15:00+00:00,91.5,91.5,91.5,91.5,6120,0.0,0.0
2024-10-18 02:20:00+00:00,91.5,91.5,91.5,91.5,5084,0.0,0.0
2024-10-18 02:25:00+00:00,91.5,91.5,91.19999694824219,91.5,41001,0.0,0.0
2024-10-18 02:30:00+00:00,91.4000015258789,91.4000015258789,91.19999694824219,91.19999694824219,7491,0.0,0.0
2024-10-18 02:35:00+00:00,91.30000305175781,91.69999694824219,91.30000305175781,91.69999694824219,27030,0.0,0.0
2024-10-18 02:40:00+00:00,91.69999694824219,91.69999694824219,91.5999984741211,91.5999984741211,6300,0.0,0.0
2024-10-18 02:45:00+00:00,91.5,91.69999694824219,91.5,91.69999694824219,25050,0.0,0.0
2024-10-18 02:50:00+00:00,91.5999984741211,91.5999984741211,91.5999984741211,91.5999984741211,1100,0.0,0.0
2024-10-18 02:55:00+00:00,91.69999694824219,91.9000015258789,91.5999984741211,91.9000015258789,16000,0.0,0.0
2024-10-18 03:00:00+00:00,91.69999694824219,91.80000305175781,91.5999984741211,91.80000305175781,7094,0.0,0.0
2024-10-18 03:05:00+00:00,91.69999694824219,92.5,91.69999694824219,92.5,36011,0.0,0.0
2024-10-18 03:10:00+00:00,92.4000015258789,92.4000015258789,92.0999984741211,92.0999984741211,15490,0.0,0.0
2024-10-18 03:15:00+00:00,92.0999984741211,92.5,92.0999984741211,92.5,14030,0.0,0.0
2024-10-18 03:20:00+00:00,92.4000015258789,92.4000015258789,92.30000305175781,92.30000305175781,7000,0.0,0.0
2024-10-18 03:25:00+00:00,92.30000305175781,92.5,92.30000305175781,92.5,4094,0.0,0.0
2024-10-18 03:30:00+00:00,92.19999694824219,92.30000305175781,92.0999984741211,92.0999984741211,9000,0.0,0.0
2024-10-18 03:35:00+00:00,92.0,92.0999984741211,91.80000305175781,91.80000305175781,9060,0.0,0.0
2024-10-18 03:40:00+00:00,91.80000305175781,91.80000305175781,91.69999694824219,91.69999694824219,6010,0.0,0.0
2024-10-18 03:50:00+00:00,91.5999984741211,91.5999984741211,91.5999984741211,91.5999984741211,4010,0.0,0.0
2024-10-18 03:55:00+00:00,91.5,91.5,91.5,91.5,2000,0.0,0.0
2024-10-18 04:00:00+00:00,91.5999984741211,91.5999984741211,91.5999984741211,91.5999984741211,2010,0.0,0.0
2024-10-18 04:05:00+00:00,91.5,91.5,91.30000305175781,91.30000305175781,29000,0.0,0.0
2024-10-18 04:10:00+00:00,91.19999694824219,91.19999694824219,91.0999984741211,91.0999984741211,22471,0.0,0.0
2024-10-18 04:15:00+00:00,91.0999984741211,91.19999694824219,91.0999984741211,91.19999694824219,5502,0.0,0.0
2024-10-18 04:20:00+00:00,91.19999694824219,91.19999694824219,91.19999694824219,91.19999694824219,2000,0.0,0.0
2024-10-18 04:25:00+00:00,91.19999694824219,91.5,91.19999694824219,91.5,12183,0.0,0.0
2024-10-18 04:35:00+00:00,91.30000305175781,91.30000305175781,91.19999694824219,91.19999694824219,5261,0.0,0.0
2024-10-18 04:40:00+00:00,91.19999694824219,91.19999694824219,91.19999694824219,91.19999694824219,5000,0.0,0.0
2024-10-18 04:45:00+00:00,91.19999694824219,91.19999694824219,91.0999984741211,91.19999694824219,15451,0.0,0.0
2024-10-18 04:50:00+00:00,91.19999694824219,91.19999694824219,91.19999694824219,91.19999694824219,2044,0.0,0.0
2024-10-18 04:55:00+00:00,91.0999984741211,91.30000305175781,91.0999984741211,91.19999694824219,3000,0.0,0.0
2024-10-18 05:00:00+00:00,91.30000305175781,91.5999984741211,91.30000305175781,91.5,11400,0.0,0.0
2024-10-18 05:05:00+00:00,91.4000015258789,91.4000015258789,91.4000015258789,91.4000015258789,3000,0.0,0.0
2024-10-18 05:10:00+00:00,91.4000015258789,91.5,91.4000015258789,91.5,18454,0.0,0.0
2024-10-18 05:15:00+00:00,91.30000305175781,91.4000015258789,91.19999694824219,91.19999694824219,16176,0.0,0.0
2024-10-18 05:20:00+00:00,91.19999694824219,91.30000305175781,91.0999984741211,91.30000305175781,17490,0.0,0.0
2024-10-21 01:00:00+00:00,91.80000305175781,92.4000015258789,91.4000015258789,92.19999694824219,0,0.0,0.0
2024-10-21 01:05:00+00:00,92.19999694824219,92.30000305175781,92.0,92.0,35023,0.0,0.0
2024-10-21 01:10:00+00:00,92.0,92.19999694824219,92.0,92.0,15270,0.0,0.0
2024-10-21 01:15:00+00:00,92.0,92.19999694824219,92.0,92.0,36054,0.0,0.0
2024-10-21 01:20:00+00:00,91.80000305175781,91.80000305175781,91.69999694824219,91.69999694824219,9172,0.0,0.0
2024-10-21 01:25:00+00:00,91.5999984741211,91.69999694824219,91.4000015258789,91.69999694824219,17276,0.0,0.0
2024-10-21 01:30:00+00:00,91.5999984741211,91.5999984741211,91.5,91.5999984741211,11000,0.0,0.0
2024-10-21 01:35:00+00:00,91.5999984741211,91.5999984741211,91.5999984741211,91.5999984741211,1050,0.0,0.0
2024-10-21 01:40:00+00:00,91.69999694824219,91.69999694824219,91.69999694824219,91.69999694824219,4000,0.0,0.0
2024-10-21 01:45:00+00:00,91.69999694824219,91.69999694824219,91.4000015258789,91.4000015258789,25351,0.0,0.0
2024-10-21 01:50:00+00:00,91.30000305175781,91.30000305175781,91.0,91.0,30116,0.0,0.0
2024-10-21 01:55:00+00:00,91.0999984741211,91.19999694824219,91.0999984741211,91.19999694824219,7010,0.0,0.0
2024-10-21 02:00:00+00:00,91.30000305175781,91.4000015258789,91.0999984741211,91.0999984741211,18009,0.0,0.0
2024-10-21 02:05:00+00:00,91.0,91.0,91.0,91.0,4050,0.0,0.0
2024-10-21 02:10:00+00:00,91.0,91.0,91.0,91.0,4022,0.0,0.0
2024-10-21 02:15:00+00:00,91.0999984741211,91.0999984741211,91.0999984741211,91.0999984741211,14000,0.0,0.0
2024-10-21 02:20:00+00:00,91.0999984741211,91.0999984741211,91.0,91.0,26310,0.0,0.0
2024-10-21 02:25:00+00:00,90.9000015258789,91.19999694824219,90.9000015258789,91.19999694824219,8073,0.0,0.0
2024-10-21 02:35:00+00:00,91.19999694824219,91.19999694824219,91.19999694824219,91.19999694824219,3000,0.0,0.0
2024-10-21 02:40:00+00:00,91.19999694824219,91.19999694824219,91.19999694824219,91.19999694824219,6000,0.0,0.0
2024-10-21 02:45:00+00:00,91.0999984741211,91.19999694824219,91.0999984741211,91.19999694824219,5000,0.0,0.0
2024-10-21 02:50:00+00:00,91.19999694824219,91.19999694824219,91.19999694824219,91.19999694824219,1000,0.0,0.0
2024-10-21 02:55:00+00:00,91.0999984741211,91.5,91.0999984741211,91.5,25008,0.0,0.0
2024-10-21 03:00:00+00:00,91.5,91.69999694824219,91.5,91.69999694824219,4317,0.0,0.0
2024-10-21 03:05:00+00:00,91.80000305175781,91.80000305175781,91.80000305175781,91.80000305175781,1000,0.0,0.0
2024-10-21 03:10:00+00:00,91.80000305175781,91.9000015258789,91.80000305175781,91.9000015258789,9350,0.0,0.0
2024-10-21 03:15:00+00:00,91.80000305175781,91.80000305175781,91.80000305175781,91.80000305175781,4000,0.0,0.0
2024-10-21 03:20:00+00:00,91.80000305175781,91.80000305175781,91.80000305175781,91.80000305175781,0,0.0,0.0
2024-10-21 03:25:00+00:00,91.69999694824219,91.69999694824219,91.69999694824219,91.69999694824219,385461,0.0,0.0
2024-10-21 03:30:00+00:00,91.5999984741211,91.5999984741211,91.5999984741211,91.5999984741211,1000,0.0,0.0
2024-10-21 03:35:00+00:00,91.5,91.5999984741211,91.4000015258789,91.5999984741211,17100,0.0,0.0
2024-10-21 03:40:00+00:00,91.5999984741211,91.69999694824219,91.5999984741211,91.69999694824219,12000,0.0,0.0
2024-10-21 03:45:00+00:00,91.5,91.5999984741211,91.5,91.5999984741211,3000,0.0,0.0
2024-10-21 03:50:00+00:00,91.5,91.5,91.5,91.5,5000,0.0,0.0
2024-10-21 03:55:00+00:00,91.5999984741211,91.69999694824219,91.5999984741211,91.69999694824219,3000,0.0,0.0
2024-10-21 04:05:00+00:00,91.69999694824219,91.69999694824219,91.69999694824219,91.69999694824219,1000,0.0,0.0
2024-10-21 04:10:00+00:00,91.5999984741211,91.5999984741211,91.0999984741211,91.4000015258789,43052,0.0,0.0
2024-10-21 04:15:00+00:00,91.5,91.5,91.5,91.5,2038,0.0,0.0
2024-10-21 04:25:00+00:00,91.5,91.5,91.5,91.5,4000,0.0,0.0
2024-10-21 04:30:00+00:00,91.5,91.5,91.4000015258789,91.4000015258789,4000,0.0,0.0
2024-10-21 04:35:00+00:00,91.4000015258789,91.5,91.4000015258789,91.5,3265,0.0,0.0
2024-10-21 04:40:00+00:00,91.4000015258789,91.4000015258789,91.30000305175781,91.30000305175781,6000,0.0,0.0
2024-10-21 04:45:00+00:00,91.4000015258789,91.4000015258789,91.30000305175781,91.4000015258789,27400,0.0,0.0
2024-10-21 04:50:00+00:00,91.30000305175781,91.30000305175781,91.19999694824219,91.19999694824219,10117,0.0,0.0
2024-10-21 04:55:00+00:00,91.30000305175781,91.4000015258789,91.30000305175781,91.4000015258789,13000,0.0,0.0
2024-10-21 05:00:00+00:00,91.19999694824219,91.30000305175781,91.0,91.0,54000,0.0,0.0
2024-10-21 05:05:00+00:00,91.0,91.0,90.19999694824219,90.30000305175781,103136,0.0,0.0
2024-10-21 05:10:00+00:00,90.5999984741211,90.80000305175781,90.4000015258789,90.80000305175781,77085,0.0,0.0
2024-10-21 05:15:00+00:00,90.5999984741211,90.9000015258789,90.5,90.5999984741211,58000,0.0,0.0
2024-10-21 05:20:00+00:00,90.5999984741211,90.80000305175781,90.30000305175781,90.30000305175781,82677,0.0,0.0
2024-10-22 01:00:00+00:00,93.4000015258789,94.5,93.0,93.69999694824219,0,0.0,0.0
2024-10-22 01:05:00+00:00,93.69999694824219,93.9000015258789,92.9000015258789,92.9000015258789,118350,0.0,0.0
2024-10-22 01:10:00+00:00,92.80000305175781,92.9000015258789,92.0,92.69999694824219,123067,0.0,0.0
2024-10-22 01:15:00+00:00,92.80000305175781,93.4000015258789,92.69999694824219,92.9000015258789,65491,0.0,0.0
2024-10-22 01:20:00+00:00,92.80000305175781,92.80000305175781,91.69999694824219,91.69999694824219,122243,0.0,0.0
2024-10-22 01:25:00+00:00,91.9000015258789,92.19999694824219,91.80000305175781,92.0,92202,0.0,0.0
2024-10-22 01:30:00+00:00,92.0,92.0999984741211,91.5999984741211,91.69999694824219,75119,0.0,0.0
2024-10-22 01:35:00+00:00,91.80000305175781,91.80000305175781,91.5999984741211,91.80000305175781,60043,0.0,0.0
2024-10-22 01:40:00+00:00,91.80000305175781,92.30000305175781,91.5,92.30000305175781,69288,0.0,0.0
2024-10-22 01:45:00+00:00,92.0999984741211,92.0999984741211,91.9000015258789,92.0999984741211,28135,0.0,0.0
2024-10-22 01:50:00+00:00,91.9000015258789,91.9000015258789,91.4000015258789,91.5,100602,0.0,0.0
2024-10-22 01:55:00+00:00,91.4000015258789,91.5,91.0999984741211,91.30000305175781,129882,0.0,0.0
2024-10-22 02:00:00+00:00,91.4000015258789,91.5999984741211,91.30000305175781,91.5,14000,0.0,0.0
2024-10-22 02:05:00+00:00,91.5,91.5999984741211,91.4000015258789,91.5999984741211,18010,0.0,0.0
2024-10-22 02:10:00+00:00,91.5999984741211,91.69999694824219,91.5999984741211,91.69999694824219,4000,0.0,0.0
2024-10-22 02:15:00+00:00,91.69999694824219,91.9000015258789,91.69999694824219,91.69999694824219,22110,0.0,0.0
2024-10-22 02:20:00+00:00,91.9000015258789,91.9000015258789,91.80000305175781,91.80000305175781,8737,0.0,0.0
2024-10-22 02:25:00+00:00,91.80000305175781,91.80000305175781,91.80000305175781,91.80000305175781,9000,0.0,0.0
2024-10-22 02:30:00+00:00,91.80000305175781,91.9000015258789,91.80000305175781,91.9000015258789,8464,0.0,0.0
2024-10-22 02:35:00+00:00,91.9000015258789,91.9000015258789,91.69999694824219,91.69999694824219,9060,0.0,0.0
2024-10-22 02:40:00+00:00,91.69999694824219,91.69999694824219,91.69999694824219,91.69999694824219,8170,0.0,0.0
2024-10-22 02:50:00+00:00,91.80000305175781,91.80000305175781,91.69999694824219,91.80000305175781,4370,0.0,0.0
2024-10-22 02:55:00+00:00,91.80000305175781,91.80000305175781,91.69999694824219,91.69999694824219,21056,0.0,0.0
2024-10-22 03:00:00+00:00,91.69999694824219,91.69999694824219,91.5999984741211,91.5999984741211,31055,0.0,0.0
2024-10-22 03:05:00+00:00,91.69999694824219,92.4000015258789,91.69999694824219,92.4000015258789,80317,0.0,0.0
2024-10-22 03:10:00+00:00,92.30000305175781,92.4000015258789,92.0999984741211,92.19999694824219,7180,0.0,0.0
2024-10-22 03:15:00+00:00,92.0,92.0999984741211,92.0,92.0999984741211,6020,0.0,0.0
2024-10-22 03:20:00+00:00,92.19999694824219,92.19999694824219,92.0,92.0,2000,0.0,0.0
2024-10-22 03:25:00+00:00,92.0999984741211,92.0999984741211,92.0,92.0,5000,0.0,0.0
2024-10-22 03:30:00+00:00,92.0,92.0,92.0,92.0,8000,0.0,0.0
2024-10-22 03:40:00+00:00,91.9000015258789,92.0999984741211,91.9000015258789,92.0,48000,0.0,0.0
2024-10-22 03:45:00+00:00,91.9000015258789,92.0999984741211,91.9000015258789,92.0,11216,0.0,0.0
2024-10-22 03:50:00+00:00,92.0,92.0999984741211,92.0,92.0999984741211,3100,0.0,0.0
2024-10-22 03:55:00+00:00,92.0999984741211,92.0999984741211,92.0,92.0,5000,0.0,0.0
2024-10-22 04:00:00+00:00,92.0,92.0,91.9000015258789,92.0,7350,0.0,0.0
2024-10-22 04:05:00+00:00,92.0,92.0,92.0,92.0,6050,0.0,0.0
2024-10-22 04:10:00+00:00,91.9000015258789,92.0,91.9000015258789,92.0,20012,0.0,0.0
2024-10-22 04:15:00+00:00,92.0999984741211,92.0999984741211,91.69999694824219,91.69999694824219,45215,0.0,0.0
2024-10-22 04:20:00+00:00,91.69999694824219,91.69999694824219,91.5999984741211,91.5999984741211,20000,0.0,0.0
2024-10-22 04:25:00+00:00,91.69999694824219,91.69999694824219,91.5999984741211,91.69999694824219,7740,0.0,0.0
2024-10-22 04:30:00+00:00,91.5999984741211,91.5999984741211,91.5,91.5,11000,0.0,0.0
2024-10-22 04:35:00+00:00,91.5,91.5999984741211,91.5,91.5999984741211,5000,0.0,0.0
2024-10-22 04:45:00+00:00,91.5999984741211,91.5999984741211,91.5999984741211,91.5999984741211,20000,0.0,0.0
2024-10-22 04:50:00+00:00,91.5999984741211,91.5999984741211,91.5999984741211,91.5999984741211,3000,0.0,0.0
2024-10-22 04:55:00+00:00,91.5999984741211,91.5999984741211,91.5,91.5999984741211,54020,0.0,0.0
2024-10-22 05:00:00+00:00,91.5,91.5,90.9000015258789,90.9000015258789,186072,0.0,0.0
2024-10-22 05:05:00+00:00,90.9000015258789,90.9000015258789,90.5999984741211,90.5999984741211,76065,0.0,0.0
2024-10-22 05:10:00+00:00,90.5999984741211,90.5999984741211,90.19999694824219,90.4000015258789,100917,0.0,0.0
2024-10-22 05:15:00+00:00,90.30000305175781,90.5999984741211,90.30000305175781,90.4000015258789,71133,0.0,0.0
2024-10-22 05:20:00+00:00,90.4000015258789,90.80000305175781,90.30000305175781,90.5,77508,0.0,0.0
2024-10-23 01:00:00+00:00,91.0,91.30000305175781,90.5999984741211,91.0999984741211,0,0.0,0.0
2024-10-23 01:05:00+00:00,91.0,91.0,91.0,91.0,7630,0.0,0.0
2024-10-23 01:10:00+00:00,91.0,91.0999984741211,91.0,91.0,5000,0.0,0.0
2024-10-23 01:15:00+00:00,91.0999984741211,91.0999984741211,90.9000015258789,90.9000015258789,8100,0.0,0.0
2024-10-23 01:20:00+00:00,90.9000015258789,91.0,90.80000305175781,90.9000015258789,8000,0.0,0.0
2024-10-23 01:25:00+00:00,90.9000015258789,90.9000015258789,90.5999984741211,90.5999984741211,19110,0.0,0.0
2024-10-23 01:30:00+00:00,90.5999984741211,90.5999984741211,90.5,90.5,25009,0.0,0.0
2024-10-23 01:35:00+00:00,90.5,90.5999984741211,90.5,90.5999984741211,23134,0.0,0.0
2024-10-23 01:40:00+00:00,90.5999984741211,90.5999984741211,90.5999984741211,90.5999984741211,2510,0.0,0.0
2024-10-23 01:45:00+00:00,90.5999984741211,90.5999984741211,90.5999984741211,90.5999984741211,4000,0.0,0.0
2024-10-23 01:50:00+00:00,90.69999694824219,90.69999694824219,90.5,90.5,7100,0.0,0.0
2024-10-23 01:55:00+00:00,90.5999984741211,90.5999984741211,90.5,90.5999984741211,16225,0.0,0.0
2024-10-23 02:00:00+00:00,90.5999984741211,90.5999984741211,90.5,90.5999984741211,4060,0.0,0.0
2024-10-23 02:05:00+00:00,90.5999984741211,90.5999984741211,90.30000305175781,90.5,33150,0.0,0.0
2024-10-23 02:10:00+00:00,90.5,90.5999984741211,90.5,90.5999984741211,2088,0.0,0.0
2024-10-23 02:15:00+00:00,90.5999984741211,90.5999984741211,90.5,90.5,2005,0.0,0.0
2024-10-23 02:20:00+00:00,90.5,90.5999984741211,90.5,90.5999984741211,3103,0.0,0.0
2024-10-23 02:25:00+00:00,90.5999984741211,90.69999694824219,90.5999984741211,90.5999984741211,5010,0.0,0.0
2024-10-23 02:30:00+00:00,90.5999984741211,90.5999984741211,90.5999984741211,90.5999984741211,12148,0.0,0.0
2024-10-23 02:35:00+00:00,90.5,90.5,90.5,90.5,4000,0.0,0.0
2024-10-23 02:40:00+00:00,90.5,90.5999984741211,90.5,90.5999984741211,2036,0.0,0.0
2024-10-23 02:45:00+00:00,90.5,90.5,90.5,90.5,5032,0.0,0.0
2024-10-23 02:55:00+00:00,90.5,90.5,90.5,90.5,2136,0.0,0.0
2024-10-23 03:00:00+00:00,90.5,90.5,90.4000015258789,90.4000015258789,8100,0.0,0.0
2024-10-23 03:05:00+00:00,90.5,90.5,90.4000015258789,90.5,9025,0.0,0.0
2024-10-23 03:10:00+00:00,90.5,90.5,90.4000015258789,90.5,6000,0.0,0.0
2024-10-23 03:15:00+00:00,90.5,90.5,90.4000015258789,90.4000015258789,11313,0.0,0.0
2024-10-23 03:20:00+00:00,90.5,90.5,90.30000305175781,90.30000305175781,26625,0.0,0.0
2024-10-23 03:25:00+00:00,90.30000305175781,90.30000305175781,89.9000015258789,90.0,128233,0.0,0.0
2024-10-23 03:30:00+00:00,89.9000015258789,89.9000015258789,89.9000015258789,89.9000015258789,26750,0.0,0.0
2024-10-23 03:35:00+00:00,89.9000015258789,89.9000015258789,89.5,89.5,51516,0.0,0.0
2024-10-23 03:40:00+00:00,89.69999694824219,89.80000305175781,89.5999984741211,89.69999694824219,24060,0.0,0.0
2024-10-23 03:45:00+00:00,89.69999694824219,89.80000305175781,89.69999694824219,89.80000305175781,15000,0.0,0.0
2024-10-23 03:50:00+00:00,89.80000305175781,89.80000305175781,89.80000305175781,89.80000305175781,10088,0.0,0.0
2024-10-23 03:55:00+00:00,89.9000015258789,90.0999984741211,89.9000015258789,90.0999984741211,29244,0.0,0.0
2024-10-23 04:05:00+00:00,90.0999984741211,90.19999694824219,90.0999984741211,90.19999694824219,16542,0.0,0.0
2024-10-23 04:10:00+00:00,90.19999694824219,90.19999694824219,90.19999694824219,90.19999694824219,3300,0.0,0.0
2024-10-23 04:15:00+00:00,90.0999984741211,90.0999984741211,90.0999984741211,90.0999984741211,3000,0.0,0.0
2024-10-23 04:20:00+00:00,90.0999984741211,90.0999984741211,90.0999984741211,90.0999984741211,7091,0.0,0.0
2024-10-23 04:30:00+00:00,90.19999694824219,90.19999694824219,90.0999984741211,90.0999984741211,5000,0.0,0.0
2024-10-23 04:35:00+00:00,90.0999984741211,90.0999984741211,90.0,90.0999984741211,17915,0.0,0.0
2024-10-23 04:40:00+00:00,90.0999984741211,90.0999984741211,90.0,90.0,7250,0.0,0.0
2024-10-23 04:45:00+00:00,90.0,90.0,90.0,90.0,7000,0.0,0.0
2024-10-23 04:50:00+00:00,90.0,90.0999984741211,90.0,90.0999984741211,12375,0.0,0.0
2024-10-23 05:00:00+00:00,90.0,90.0,89.69999694824219,89.69999694824219,68351,0.0,0.0
2024-10-23 05:05:00+00:00,89.69999694824219,89.80000305175781,89.5999984741211,89.69999694824219,56803,0.0,0.0
2024-10-23 05:10:00+00:00,89.69999694824219,89.80000305175781,89.5999984741211,89.69999694824219,60610,0.0,0.0
2024-10-23 05:15:00+00:00,89.69999694824219,89.80000305175781,89.5999984741211,89.5999984741211,62058,0.0,0.0
2024-10-23 05:20:00+00:00,89.5999984741211,90.0999984741211,89.5999984741211,89.80000305175781,63095,0.0,0.0
2024-10-24 01:00:00+00:00,90.5,90.5,89.69999694824219,90.0999984741211,0,0.0,0.0
2024-10-24 01:05:00+00:00,90.0,90.0,89.5999984741211,89.5999984741211,28200,0.0,0.0
2024-10-24 01:10:00+00:00,89.80000305175781,89.9000015258789,89.80000305175781,89.9000015258789,2120,0.0,0.0
2024-10-24 01:15:00+00:00,89.9000015258789,90.0,89.80000305175781,89.80000305175781,12565,0.0,0.0
2024-10-24 01:20:00+00:00,89.80000305175781,89.9000015258789,89.80000305175781,89.80000305175781,42130,0.0,0.0
2024-10-24 01:25:00+00:00,89.80000305175781,89.80000305175781,89.80000305175781,89.80000305175781,10000,0.0,0.0
2024-10-24 01:30:00+00:00,89.9000015258789,90.30000305175781,89.9000015258789,90.30000305175781,30520,0.0,0.0
2024-10-24 01:35:00+00:00,90.30000305175781,90.30000305175781,90.30000305175781,90.30000305175781,8320,0.0,0.0
2024-10-24 01:40:00+00:00,90.19999694824219,90.19999694824219,90.0,90.0,20010,0.0,0.0
2024-10-24 01:45:00+00:00,89.9000015258789,89.9000015258789,89.80000305175781,89.80000305175781,7211,0.0,0.0
2024-10-24 01:50:00+00:00,89.80000305175781,89.80000305175781,89.80000305175781,89.80000305175781,1162,0.0,0.0
2024-10-24 01:55:00+00:00,89.9000015258789,89.9000015258789,89.80000305175781,89.80000305175781,9000,0.0,0.0
2024-10-24 02:00:00+00:00,89.69999694824219,89.69999694824219,89.5999984741211,89.5999984741211,21190,0.0,0.0
2024-10-24 02:05:00+00:00,89.5999984741211,89.5999984741211,89.30000305175781,89.4000015258789,47506,0.0,0.0
2024-10-24 02:10:00+00:00,89.5,89.5999984741211,89.4000015258789,89.4000015258789,6000,0.0,0.0
2024-10-24 02:15:00+00:00,89.4000015258789,89.5999984741211,89.4000015258789,89.5999984741211,6010,0.0,0.0
2024-10-24 02:20:00+00:00,89.5,89.5,89.5,89.5,5260,0.0,0.0
2024-10-24 02:25:00+00:00,89.5999984741211,89.69999694824219,89.5999984741211,89.69999694824219,13000,0.0,0.0
2024-10-24 02:30:00+00:00,89.69999694824219,89.69999694824219,89.69999694824219,89.69999694824219,1051,0.0,0.0
2024-10-24 02:35:00+00:00,89.69999694824219,89.69999694824219,89.5999984741211,89.5999984741211,6025,0.0,0.0
2024-10-24 02:40:00+00:00,89.69999694824219,89.69999694824219,89.5999984741211,89.5999984741211,2000,0.0,0.0
2024-10-24 02:45:00+00:00,89.5,89.5999984741211,89.5,89.5999984741211,6000,0.0,0.0
2024-10-24 02:50:00+00:00,89.5,89.69999694824219,89.5,89.69999694824219,5000,0.0,0.0
2024-10-24 03:00:00+00:00,89.69999694824219,89.69999694824219,89.69999694824219,89.69999694824219,3517,0.0,0.0
2024-10-24 03:05:00+00:00,89.69999694824219,89.69999694824219,89.69999694824219,89.69999694824219,3004,0.0,0.0
2024-10-24 03:10:00+00:00,89.5999984741211,89.5999984741211,89.5999984741211,89.5999984741211,5000,0.0,0.0
2024-10-24 03:15:00+00:00,89.5999984741211,89.5999984741211,89.5999984741211,89.5999984741211,2033,0.0,0.0
2024-10-24 03:20:00+00:00,89.5999984741211,89.5999984741211,89.5,89.5,4001,0.0,0.0
2024-10-24 03:25:00+00:00,89.5,89.5,89.4000015258789,89.4000015258789,32518,0.0,0.0
2024-10-24 03:30:00+00:00,89.4000015258789,89.4000015258789,89.4000015258789,89.4000015258789,8217,0.0,0.0
2024-10-24 03:35:00+00:00,89.4000015258789,89.4000015258789,89.4000015258789,89.4000015258789,7000,0.0,0.0
2024-10-24 03:40:00+00:00,89.4000015258789,89.4000015258789,89.30000305175781,89.30000305175781,28302,0.0,0.0
2024-10-24 03:45:00+00:00,89.30000305175781,89.30000305175781,89.19999694824219,89.19999694824219,12010,0.0,0.0
2024-10-24 03:50:00+00:00,89.19999694824219,89.30000305175781,89.0,89.0,63851,0.0,0.0
2024-10-24 03:55:00+00:00,89.0,89.0,88.69999694824219,88.80000305175781,84986,0.0,0.0
2024-10-24 04:00:00+00:00,88.69999694824219,88.80000305175781,88.69999694824219,88.80000305175781,13435,0.0,0.0
2024-10-24 04:05:00+00:00,88.69999694824219,88.69999694824219,88.30000305175781,88.4000015258789,75335,0.0,0.0
2024-10-24 04:10:00+00:00,88.5,88.5999984741211,88.30000305175781,88.5999984741211,75364,0.0,0.0
2024-10-24 04:15:00+00:00,88.5,88.80000305175781,88.5,88.80000305175781,9007,0.0,0.0
2024-10-24 04:20:00+00:00,88.80000305175781,89.0,88.80000305175781,89.0,12315,0.0,0.0
2024-10-24 04:25:00+00:00,88.9000015258789,88.9000015258789,88.80000305175781,88.80000305175781,5005,0.0,0.0
2024-10-24 04:30:00+00:00,88.80000305175781,88.9000015258789,88.80000305175781,88.9000015258789,6100,0.0,0.0
2024-10-24 04:35:00+00:00,88.9000015258789,88.9000015258789,88.9000015258789,88.9000015258789,7025,0.0,0.0
2024-10-24 04:40:00+00:00,88.9000015258789,88.9000015258789,88.80000305175781,88.80000305175781,8314,0.0,0.0
2024-10-24 04:45:00+00:00,88.80000305175781,88.9000015258789,88.80000305175781,88.9000015258789,4000,0.0,0.0
2024-10-24 04:50:00+00:00,88.80000305175781,88.80000305175781,88.69999694824219,88.80000305175781,29110,0.0,0.0
2024-10-24 04:55:00+00:00,88.80000305175781,88.9000015258789,88.69999694824219,88.80000305175781,6210,0.0,0.0
2024-10-24 05:00:00+00:00,88.69999694824219,88.80000305175781,88.5,88.5,55100,0.0,0.0
2024-10-24 05:05:00+00:00,88.5,88.9000015258789,88.5,88.5,94440,0.0,0.0
2024-10-24 05:10:00+00:00,88.5,89.0,88.4000015258789,88.80000305175781,73025,0.0,0.0
2024-10-24 05:15:00+00:00,88.5,88.80000305175781,88.4000015258789,88.4000015258789,111805,0.0,0.0
2024-10-24 05:20:00+00:00,88.5,88.80000305175781,88.30000305175781,88.4000015258789,123973,0.0,0.0
2024-10-25 01:00:00+00:00,89.5,90.0,89.5,89.5,0,0.0,0.0
2024-10-25 01:05:00+00:00,89.69999694824219,89.80000305175781,89.5999984741211,89.5999984741211,17000,0.0,0.0
2024-10-25 01:10:00+00:00,89.5999984741211,89.69999694824219,89.0,89.0,19101,0.0,0.0
2024-10-25 01:15:00+00:00,89.0999984741211,89.19999694824219,89.0999984741211,89.19999694824219,6520,0.0,0.0
2024-10-25 01:20:00+00:00,89.19999694824219,89.30000305175781,89.0999984741211,89.0999984741211,19040,0.0,0.0
2024-10-25 01:25:00+00:00,89.0,89.0,88.80000305175781,88.9000015258789,13055,0.0,0.0
2024-10-25 01:30:00+00:00,89.0,89.30000305175781,89.0,89.19999694824219,8100,0.0,0.0
2024-10-25 01:35:00+00:00,89.0999984741211,89.30000305175781,89.0999984741211,89.30000305175781,9000,0.0,0.0
2024-10-25 01:40:00+00:00,89.30000305175781,89.5999984741211,89.30000305175781,89.30000305175781,15017,0.0,0.0
2024-10-25 01:45:00+00:00,89.30000305175781,89.30000305175781,89.30000305175781,89.30000305175781,2262,0.0,0.0
2024-10-25 01:50:00+00:00,89.19999694824219,89.19999694824219,89.19999694824219,89.19999694824219,2040,0.0,0.0
2024-10-25 01:55:00+00:00,89.19999694824219,89.30000305175781,89.0999984741211,89.30000305175781,21160,0.0,0.0
2024-10-25 02:00:00+00:00,89.4000015258789,89.4000015258789,89.4000015258789,89.4000015258789,3000,0.0,0.0
2024-10-25 02:05:00+00:00,89.30000305175781,89.30000305175781,89.19999694824219,89.19999694824219,8150,0.0,0.0
2024-10-25 02:10:00+00:00,89.30000305175781,89.30000305175781,89.0999984741211,89.0999984741211,6005,0.0,0.0
2024-10-25 02:15:00+00:00,89.0999984741211,89.0999984741211,89.0999984741211,89.0999984741211,1100,0.0,0.0
2024-10-25 02:25:00+00:00,89.0999984741211,89.19999694824219,89.0999984741211,89.19999694824219,14679,0.0,0.0
2024-10-25 02:30:00+00:00,89.30000305175781,89.30000305175781,89.30000305175781,89.30000305175781,1100,0.0,0.0
2024-10-25 02:40:00+00:00,89.30000305175781,89.30000305175781,89.19999694824219,89.30000305175781,4070,0.0,0.0
2024-10-25 02:45:00+00:00,89.30000305175781,89.30000305175781,89.30000305175781,89.30000305175781,2000,0.0,0.0
2024-10-25 02:55:00+00:00,89.30000305175781,89.30000305175781,89.30000305175781,89.30000305175781,1000,0.0,0.0
2024-10-25 03:00:00+00:00,89.19999694824219,89.19999694824219,89.19999694824219,89.19999694824219,7000,0.0,0.0
2024-10-25 03:05:00+00:00,89.0999984741211,89.0999984741211,89.0999984741211,89.0999984741211,2000,0.0,0.0
2024-10-25 03:15:00+00:00,89.0999984741211,89.0999984741211,89.0999984741211,89.0999984741211,3000,0.0,0.0
2024-10-25 03:20:00+00:00,89.0999984741211,89.19999694824219,89.0999984741211,89.0999984741211,6000,0.0,0.0
2024-10-25 03:25:00+00:00,89.0999984741211,89.0999984741211,89.0,89.0,21000,0.0,0.0
2024-10-25 03:35:00+00:00,88.9000015258789,88.9000015258789,88.80000305175781,88.80000305175781,32000,0.0,0.0
2024-10-25 03:40:00+00:00,88.69999694824219,89.0999984741211,88.69999694824219,89.0999984741211,14000,0.0,0.0
2024-10-25 03:45:00+00:00,88.9000015258789,88.9000015258789,88.9000015258789,88.9000015258789,6450,0.0,0.0
2024-10-25 03:50:00+00:00,88.9000015258789,88.9000015258789,88.9000015258789,88.9000015258789,2000,0.0,0.0
2024-10-25 03:55:00+00:00,88.69999694824219,88.69999694824219,88.69999694824219,88.69999694824219,2000,0.0,0.0
2024-10-25 04:00:00+00:00,88.9000015258789,88.9000015258789,88.9000015258789,88.9000015258789,3162,0.0,0.0
2024-10-25 04:10:00+00:00,89.0,89.5999984741211,89.0,89.5999984741211,24616,0.0,0.0
2024-10-25 04:25:00+00:00,89.4000015258789,89.4000015258789,89.4000015258789,89.4000015258789,4300,0.0,0.0
2024-10-25 04:30:00+00:00,89.30000305175781,89.30000305175781,89.0,89.0,15000,0.0,0.0
2024-10-25 04:35:00+00:00,89.30000305175781,89.30000305175781,89.30000305175781,89.30000305175781,2020,0.0,0.0
2024-10-25 04:40:00+00:00,89.0,89.30000305175781,89.0,89.30000305175781,9100,0.0,0.0
2024-10-25 04:45:00+00:00,89.30000305175781,89.30000305175781,89.30000305175781,89.30000305175781,2000,0.0,0.0
2024-10-25 04:50:00+00:00,89.19999694824219,89.30000305175781,89.19999694824219,89.30000305175781,8086,0.0,0.0
2024-10-25 04:55:00+00:00,89.30000305175781,89.30000305175781,89.30000305175781,89.30000305175781,1000,0.0,0.0
2024-10-25 05:00:00+00:00,89.19999694824219,89.30000305175781,88.80000305175781,88.80000305175781,54001,0.0,0.0
2024-10-25 05:05:00+00:00,88.80000305175781,89.0,88.69999694824219,88.69999694824219,61204,0.0,0.0
2024-10-25 05:10:00+00:00,88.69999694824219,89.0999984741211,88.5999984741211,88.80000305175781,51020,0.0,0.0
2024-10-25 05:15:00+00:00,88.80000305175781,89.19999694824219,88.80000305175781,88.9000015258789,55305,0.0,0.0
2024-10-25 05:20:00+00:00,88.9000015258789,89.5,88.80000305175781,89.0,62012,0.0,0.0
2024-10-28 01:00:00+00:00,90.0,90.80000305175781,90.0,90.5999984741211,0,0.0,0.0
2024-10-28 01:05:00+00:00,90.5999984741211,90.5999984741211,89.9000015258789,90.19999694824219,54197,0.0,0.0
2024-10-28 01:10:00+00:00,90.0,90.0999984741211,90.0,90.0999984741211,7100,0.0,0.0
2024-10-28 01:15:00+00:00,90.0,90.0,89.69999694824219,89.80000305175781,12300,0.0,0.0
2024-10-28 01:20:00+00:00,89.69999694824219,89.69999694824219,89.4000015258789,89.69999694824219,16175,0.0,0.0
2024-10-28 01:25:00+00:00,89.5999984741211,89.5999984741211,89.5999984741211,89.5999984741211,10000,0.0,0.0
2024-10-28 01:30:00+00:00,89.5999984741211,89.5999984741211,89.4000015258789,89.4000015258789,10110,0.0,0.0
2024-10-28 01:35:00+00:00,89.4000015258789,89.4000015258789,89.0999984741211,89.0999984741211,11058,0.0,0.0
2024-10-28 01:40:00+00:00,89.19999694824219,89.19999694824219,89.0,89.0,16306,0.0,0.0
2024-10-28 01:45:00+00:00,89.0,89.0,88.5999984741211,88.80000305175781,22661,0.0,0.0
2024-10-28 01:50:00+00:00,88.80000305175781,89.0999984741211,88.80000305175781,89.0999984741211,25000,0.0,0.0
2024-10-28 01:55:00+00:00,89.19999694824219,89.19999694824219,89.0999984741211,89.19999694824219,6029,0.0,0.0
2024-10-28 02:00:00+00:00,89.19999694824219,89.19999694824219,88.9000015258789,88.9000015258789,17661,0.0,0.0
2024-10-28 02:05:00+00:00,88.80000305175781,88.80000305175781,88.5999984741211,88.69999694824219,10000,0.0,0.0
2024-10-28 02:10:00+00:00,88.69999694824219,88.69999694824219,88.5999984741211,88.5999984741211,6100,0.0,0.0
2024-10-28 02:15:00+00:00,88.5999984741211,88.80000305175781,88.5999984741211,88.80000305175781,6761,0.0,0.0
2024-10-28 02:20:00+00:00,88.80000305175781,88.80000305175781,88.69999694824219,88.69999694824219,5300,0.0,0.0
2024-10-28 02:25:00+00:00,88.80000305175781,88.80000305175781,88.80000305175781,88.80000305175781,1661,0.0,0.0
2024-10-28 02:35:00+00:00,88.80000305175781,89.0,88.80000305175781,88.9000015258789,12005,0.0,0.0
2024-10-28 02:40:00+00:00,89.0,89.0,88.9000015258789,88.9000015258789,13192,0.0,0.0
2024-10-28 02:45:00+00:00,88.9000015258789,88.9000015258789,88.80000305175781,88.80000305175781,4026,0.0,0.0
2024-10-28 02:50:00+00:00,88.9000015258789,89.0999984741211,88.9000015258789,89.0999984741211,4277,0.0,0.0
2024-10-28 02:55:00+00:00,89.19999694824219,89.19999694824219,89.19999694824219,89.19999694824219,1000,0.0,0.0
2024-10-28 03:00:00+00:00,89.0,89.0,89.0,89.0,7200,0.0,0.0
2024-10-28 03:05:00+00:00,89.0,89.0,89.0,89.0,1000,0.0,0.0
2024-10-28 03:10:00+00:00,89.0,89.0,89.0,89.0,2000,0.0,0.0
2024-10-28 03:20:00+00:00,89.0,89.0,89.0,89.0,1000,0.0,0.0
2024-10-28 03:25:00+00:00,89.0,89.0,89.0,89.0,3000,0.0,0.0
2024-10-28 03:30:00+00:00,89.0,89.0,88.9000015258789,88.9000015258789,3000,0.0,0.0
2024-10-28 03:40:00+00:00,88.9000015258789,88.9000015258789,88.69999694824219,88.69999694824219,41015,0.0,0.0
2024-10-28 03:45:00+00:00,88.69999694824219,88.69999694824219,88.69999694824219,88.69999694824219,9280,0.0,0.0
2024-10-28 03:55:00+00:00,88.69999694824219,88.80000305175781,88.5,88.5,47511,0.0,0.0
2024-10-28 04:00:00+00:00,88.5,88.5999984741211,88.5,88.5999984741211,10497,0.0,0.0
2024-10-28 04:05:00+00:00,88.80000305175781,88.80000305175781,88.69999694824219,88.69999694824219,5635,0.0,0.0
2024-10-28 04:10:00+00:00,88.69999694824219,88.9000015258789,88.5999984741211,88.9000015258789,16002,0.0,0.0
2024-10-28 04:15:00+00:00,88.80000305175781,88.80000305175781,88.5,88.5,7000,0.0,0.0
2024-10-28 04:20:00+00:00,88.69999694824219,89.0999984741211,88.69999694824219,89.0999984741211,6105,0.0,0.0
2024-10-28 04:25:00+00:00,89.0,89.0,89.0,89.0,1000,0.0,0.0
2024-10-28 04:30:00+00:00,88.80000305175781,89.19999694824219,88.80000305175781,89.19999694824219,11073,0.0,0.0
2024-10-28 04:35:00+00:00,89.30000305175781,89.30000305175781,89.30000305175781,89.30000305175781,2003,0.0,0.0
2024-10-28 04:40:00+00:00,89.19999694824219,89.19999694824219,89.0999984741211,89.0999984741211,6000,0.0,0.0
2024-10-28 04:45:00+00:00,89.0999984741211,89.19999694824219,89.0999984741211,89.19999694824219,4000,0.0,0.0
2024-10-28 04:50:00+00:00,89.19999694824219,89.30000305175781,89.19999694824219,89.30000305175781,6000,0.0,0.0
2024-10-28 04:55:00+00:00,89.30000305175781,89.5999984741211,89.30000305175781,89.5,18000,0.0,0.0
2024-10-28 05:00:00+00:00,89.5,89.5,89.4000015258789,89.5,6000,0.0,0.0
2024-10-28 05:05:00+00:00,89.30000305175781,89.5,89.30000305175781,89.4000015258789,6200,0.0,0.0
2024-10-28 05:10:00+00:00,89.4000015258789,89.4000015258789,89.0999984741211,89.19999694824219,23055,0.0,0.0
2024-10-28 05:15:00+00:00,89.30000305175781,89.4000015258789,89.30000305175781,89.4000015258789,10004,0.0,0.0
2024-10-28 05:20:00+00:00,89.4000015258789,90.0999984741211,89.4000015258789,89.9000015258789,73177,0.0,0.0
2024-10-29 01:00:00+00:00,90.0,90.0,89.4000015258789,89.4000015258789,0,0.0,0.0
2024-10-29 01:05:00+00:00,89.4000015258789,89.4000015258789,89.0999984741211,89.0999984741211,14000,0.0,0.0
2024-10-29 01:10:00+00:00,89.30000305175781,89.30000305175781,89.30000305175781,89.30000305175781,30130,0.0,0.0
2024-10-29 01:15:00+00:00,89.4000015258789,89.5,89.4000015258789,89.5,2000,0.0,0.0
2024-10-29 01:20:00+00:00,89.80000305175781,89.80000305175781,89.5999984741211,89.5999984741211,8058,0.0,0.0
2024-10-29 01:25:00+00:00,89.5999984741211,89.69999694824219,89.5999984741211,89.69999694824219,4000,0.0,0.0
2024-10-29 01:30:00+00:00,89.69999694824219,89.69999694824219,89.5,89.5,22111,0.0,0.0
2024-10-29 01:35:00+00:00,89.4000015258789,89.4000015258789,89.0,89.0,16152,0.0,0.0
2024-10-29 01:40:00+00:00,89.0,89.0,88.80000305175781,88.80000305175781,9124,0.0,0.0
2024-10-29 01:45:00+00:00,88.80000305175781,88.80000305175781,88.80000305175781,88.80000305175781,9193,0.0,0.0
2024-10-29 01:50:00+00:00,88.5,88.5,88.5,88.5,68215,0.0,0.0
2024-10-29 01:55:00+00:00,88.4000015258789,88.5,88.30000305175781,88.30000305175781,55248,0.0,0.0
2024-10-29 02:00:00+00:00,88.30000305175781,88.30000305175781,88.0999984741211,88.19999694824219,37177,0.0,0.0
2024-10-29 02:05:00+00:00,88.30000305175781,88.30000305175781,88.0999984741211,88.19999694824219,46433,0.0,0.0
2024-10-29 02:10:00+00:00,88.30000305175781,88.30000305175781,88.30000305175781,88.30000305175781,3919,0.0,0.0
2024-10-29 02:15:00+00:00,88.30000305175781,88.30000305175781,88.19999694824219,88.19999694824219,9114,0.0,0.0
2024-10-29 02:20:00+00:00,88.19999694824219,88.30000305175781,88.19999694824219,88.19999694824219,15150,0.0,0.0
2024-10-29 02:25:00+00:00,88.19999694824219,88.19999694824219,87.9000015258789,88.0999984741211,110080,0.0,0.0
2024-10-29 02:30:00+00:00,88.0,88.0,88.0,88.0,25090,0.0,0.0
2024-10-29 02:35:00+00:00,88.0,88.0999984741211,88.0,88.0,7312,0.0,0.0
2024-10-29 02:40:00+00:00,88.0999984741211,88.0999984741211,87.80000305175781,87.80000305175781,49035,0.0,0.0
2024-10-29 02:45:00+00:00,87.80000305175781,87.9000015258789,87.80000305175781,87.9000015258789,6000,0.0,0.0
2024-10-29 02:50:00+00:00,87.9000015258789,88.19999694824219,87.9000015258789,88.19999694824219,51036,0.0,0.0
2024-10-29 02:55:00+00:00,88.0999984741211,88.0999984741211,87.9000015258789,87.9000015258789,18304,0.0,0.0
2024-10-29 03:00:00+00:00,87.9000015258789,88.0,87.80000305175781,88.0,17164,0.0,0.0
2024-10-29 03:05:00+00:00,88.0,88.19999694824219,88.0,88.19999694824219,4115,0.0,0.0
2024-10-29 03:10:00+00:00,88.19999694824219,88.19999694824219,88.19999694824219,88.19999694824219,6051,0.0,0.0
2024-10-29 03:15:00+00:00,88.0999984741211,88.19999694824219,88.0999984741211,88.19999694824219,2050,0.0,0.0
2024-10-29 03:20:00+00:00,88.0999984741211,88.0999984741211,88.0,88.0,13184,0.0,0.0
2024-10-29 03:25:00+00:00,88.0,88.0,88.0,88.0,1270,0.0,0.0
2024-10-29 03:30:00+00:00,88.0999984741211,88.0999984741211,88.0999984741211,88.0999984741211,3600,0.0,0.0
2024-10-29 03:35:00+00:00,88.0999984741211,88.0999984741211,88.0999984741211,88.0999984741211,5400,0.0,0.0
2024-10-29 03:40:00+00:00,88.0999984741211,88.19999694824219,88.0999984741211,88.19999694824219,7000,0.0,0.0
2024-10-29 03:45:00+00:00,88.19999694824219,88.19999694824219,88.0,88.0,21052,0.0,0.0
2024-10-29 03:50:00+00:00,88.19999694824219,88.19999694824219,88.0,88.0,7373,0.0,0.0
2024-10-29 03:55:00+00:00,88.0,88.0,87.80000305175781,87.80000305175781,110000,0.0,0.0
2024-10-29 04:00:00+00:00,87.80000305175781,87.80000305175781,87.69999694824219,87.80000305175781,17653,0.0,0.0
2024-10-29 04:05:00+00:00,87.80000305175781,87.9000015258789,87.80000305175781,87.9000015258789,23000,0.0,0.0
2024-10-29 04:10:00+00:00,88.19999694824219,88.5999984741211,88.19999694824219,88.5999984741211,27604,0.0,0.0
2024-10-29 04:15:00+00:00,88.5,88.5,88.5,88.5,3094,0.0,0.0
2024-10-29 04:20:00+00:00,88.5,88.69999694824219,88.5,88.5999984741211,18622,0.0,0.0
2024-10-29 04:25:00+00:00,88.5,88.5,88.30000305175781,88.30000305175781,6000,0.0,0.0
2024-10-29 04:30:00+00:00,88.30000305175781,88.4000015258789,88.30000305175781,88.4000015258789,6000,0.0,0.0
2024-10-29 04:35:00+00:00,88.4000015258789,88.5,88.4000015258789,88.4000015258789,8100,0.0,0.0
2024-10-29 04:40:00+00:00,88.30000305175781,88.30000305175781,88.30000305175781,88.30000305175781,4000,0.0,0.0
2024-10-29 04:45:00+00:00,88.4000015258789,88.4000015258789,88.4000015258789,88.4000015258789,8050,0.0,0.0
2024-10-29 04:50:00+00:00,88.4000015258789,88.5,88.4000015258789,88.5,5000,0.0,0.0
2024-10-29 04:55:00+00:00,88.4000015258789,88.5999984741211,88.4000015258789,88.4000015258789,22000,0.0,0.0
2024-10-29 05:00:00+00:00,88.4000015258789,88.4000015258789,88.30000305175781,88.4000015258789,27000,0.0,0.0
2024-10-29 05:05:00+00:00,88.5999984741211,88.5999984741211,88.4000015258789,88.4000015258789,5116,0.0,0.0
2024-10-29 05:10:00+00:00,88.4000015258789,88.5,88.4000015258789,88.4000015258789,11105,0.0,0.0
2024-10-29 05:15:00+00:00,88.4000015258789,88.4000015258789,88.30000305175781,88.30000305175781,14297,0.0,0.0
2024-10-29 05:20:00+00:00,88.30000305175781,88.4000015258789,88.19999694824219,88.4000015258789,24123,0.0,0.0
2024-10-30 01:00:00+00:00,88.4000015258789,88.5999984741211,88.30000305175781,88.5,0,0.0,0.0
2024-10-30 01:05:00+00:00,88.4000015258789,88.5,88.30000305175781,88.30000305175781,5000,0.0,0.0
2024-10-30 01:10:00+00:00,88.19999694824219,88.19999694824219,88.0,88.0,24307,0.0,0.0
2024-10-30 01:15:00+00:00,88.0,88.0999984741211,87.9000015258789,88.0999984741211,5004,0.0,0.0
2024-10-30 01:20:00+00:00,88.19999694824219,88.19999694824219,88.0,88.0,9050,0.0,0.0
2024-10-30 01:25:00+00:00,88.0,88.0,87.9000015258789,87.9000015258789,13100,0.0,0.0
2024-10-30 01:30:00+00:00,88.0,88.19999694824219,88.0,88.19999694824219,11000,0.0,0.0
2024-10-30 01:40:00+00:00,88.5,88.69999694824219,88.5,88.69999694824219,13384,0.0,0.0
2024-10-30 01:45:00+00:00,88.69999694824219,88.80000305175781,88.69999694824219,88.69999694824219,5000,0.0,0.0
2024-10-30 01:50:00+00:00,88.69999694824219,88.69999694824219,88.69999694824219,88.69999694824219,8000,0.0,0.0
2024-10-30 01:55:00+00:00,88.69999694824219,88.69999694824219,88.69999694824219,88.69999694824219,10300,0.0,0.0
2024-10-30 02:00:00+00:00,88.5999984741211,88.80000305175781,88.4000015258789,88.4000015258789,13000,0.0,0.0
2024-10-30 02:05:00+00:00,88.4000015258789,88.4000015258789,88.4000015258789,88.4000015258789,1015,0.0,0.0
2024-10-30 02:10:00+00:00,88.4000015258789,88.4000015258789,88.4000015258789,88.4000015258789,4000,0.0,0.0
2024-10-30 02:15:00+00:00,88.30000305175781,88.5,88.30000305175781,88.30000305175781,6585,0.0,0.0
2024-10-30 02:20:00+00:00,88.30000305175781,88.30000305175781,88.30000305175781,88.30000305175781,1000,0.0,0.0
2024-10-30 02:30:00+00:00,88.30000305175781,88.30000305175781,88.19999694824219,88.19999694824219,6004,0.0,0.0
2024-10-30 02:45:00+00:00,88.30000305175781,88.5,88.30000305175781,88.5,18002,0.0,0.0
2024-10-30 02:50:00+00:00,88.4000015258789,88.4000015258789,88.4000015258789,88.4000015258789,1260,0.0,0.0
2024-10-30 03:00:00+00:00,88.30000305175781,88.30000305175781,88.30000305175781,88.30000305175781,1000,0.0,0.0
2024-10-30 03:05:00+00:00,88.30000305175781,88.30000305175781,88.30000305175781,88.30000305175781,1000,0.0,0.0
2024-10-30 03:10:00+00:00,88.19999694824219,88.19999694824219,88.19999694824219,88.19999694824219,5020,0.0,0.0
2024-10-30 03:15:00+00:00,88.19999694824219,88.19999694824219,88.0,88.0,12120,0.0,0.0
2024-10-30 03:25:00+00:00,88.0,88.0,88.0,88.0,2230,0.0,0.0
2024-10-30 03:30:00+00:00,88.0999984741211,88.0999984741211,87.9000015258789,87.9000015258789,24000,0.0,0.0
2024-10-30 03:35:00+00:00,87.9000015258789,87.9000015258789,87.80000305175781,87.80000305175781,11000,0.0,0.0
2024-10-30 03:40:00+00:00,87.80000305175781,87.80000305175781,87.80000305175781,87.80000305175781,5000,0.0,0.0
2024-10-30 03:45:00+00:00,87.80000305175781,87.80000305175781,87.80000305175781,87.80000305175781,2000,0.0,0.0
2024-10-30 03:50:00+00:00,87.80000305175781,87.9000015258789,87.80000305175781,87.9000015258789,13103,0.0,0.0
2024-10-30 03:55:00+00:00,87.9000015258789,87.9000015258789,87.9000015258789,87.9000015258789,8000,0.0,0.0
2024-10-30 04:05:00+00:00,87.9000015258789,87.9000015258789,87.80000305175781,87.80000305175781,4000,0.0,0.0
2024-10-30 04:10:00+00:00,87.80000305175781,87.80000305175781,87.80000305175781,87.80000305175781,1200,0.0,0.0
2024-10-30 04:15:00+00:00,87.80000305175781,87.80000305175781,87.69999694824219,87.69999694824219,8134,0.0,0.0
2024-10-30 04:20:00+00:00,87.5999984741211,87.5999984741211,87.5,87.5,11538,0.0,0.0
2024-10-30 04:25:00+00:00,87.5,87.5999984741211,87.0,87.5999984741211,101511,0.0,0.0
2024-10-30 04:30:00+00:00,87.4000015258789,87.69999694824219,87.4000015258789,87.69999694824219,3000,0.0,0.0
2024-10-30 04:45:00+00:00,87.5999984741211,87.5999984741211,87.30000305175781,87.30000305175781,7212,0.0,0.0
2024-10-30 04:50:00+00:00,87.19999694824219,87.5999984741211,87.19999694824219,87.5999984741211,15319,0.0,0.0
2024-10-30 04:55:00+00:00,87.5999984741211,87.69999694824219,87.30000305175781,87.69999694824219,9290,0.0,0.0
2024-10-30 05:00:00+00:00,87.4000015258789,87.69999694824219,87.4000015258789,87.5999984741211,5040,0.0,0.0
2024-10-30 05:05:00+00:00,87.5999984741211,88.0,87.5999984741211,88.0,18338,0.0,0.0
2024-10-30 05:10:00+00:00,87.9000015258789,87.9000015258789,87.9000015258789,87.9000015258789,2100,0.0,0.0
2024-10-30 05:15:00+00:00,87.5999984741211,87.5999984741211,87.5999984741211,87.5999984741211,2000,0.0,0.0
2024-10-30 05:20:00+00:00,87.5999984741211,87.69999694824219,87.4000015258789,87.4000015258789,8701,0.0,0.0
2024-11-01 01:00:00+00:00,86.19999694824219,87.0,85.5,86.5,0,0.0,0.0
2024-11-01 01:05:00+00:00,86.4000015258789,86.69999694824219,85.9000015258789,86.19999694824219,88395,0.0,0.0
2024-11-01 01:10:00+00:00,86.0999984741211,86.0999984741211,86.0999984741211,86.0999984741211,16065,0.0,0.0
2024-11-01 01:15:00+00:00,86.4000015258789,86.80000305175781,86.4000015258789,86.5,38617,0.0,0.0
2024-11-01 01:20:00+00:00,86.5,86.80000305175781,86.5,86.80000305175781,37000,0.0,0.0
2024-11-01 01:25:00+00:00,86.69999694824219,86.69999694824219,86.5999984741211,86.5999984741211,5000,0.0,0.0
2024-11-01 01:30:00+00:00,86.9000015258789,87.0999984741211,86.9000015258789,87.0999984741211,58000,0.0,0.0
2024-11-01 01:35:00+00:00,87.0999984741211,87.4000015258789,87.0999984741211,87.4000015258789,13200,0.0,0.0
2024-11-01 01:40:00+00:00,87.4000015258789,87.5,87.4000015258789,87.4000015258789,5222,0.0,0.0
2024-11-01 01:45:00+00:00,87.5,87.80000305175781,87.5,87.80000305175781,14050,0.0,0.0
2024-11-01 01:50:00+00:00,87.69999694824219,87.69999694824219,87.69999694824219,87.69999694824219,7222,0.0,0.0
2024-11-01 01:55:00+00:00,87.5999984741211,87.5999984741211,87.5999984741211,87.5999984741211,4080,0.0,0.0
2024-11-01 02:00:00+00:00,87.5,87.5,87.19999694824219,87.19999694824219,13000,0.0,0.0
2024-11-01 02:05:00+00:00,87.19999694824219,87.19999694824219,87.19999694824219,87.19999694824219,5032,0.0,0.0
2024-11-01 02:10:00+00:00,87.0999984741211,87.0999984741211,87.0999984741211,87.0999984741211,1101,0.0,0.0
2024-11-01 02:15:00+00:00,87.19999694824219,87.19999694824219,87.19999694824219,87.19999694824219,10030,0.0,0.0
2024-11-01 02:20:00+00:00,87.4000015258789,87.4000015258789,87.19999694824219,87.19999694824219,8000,0.0,0.0
2024-11-01 02:25:00+00:00,87.5,87.5,87.4000015258789,87.4000015258789,3000,0.0,0.0
2024-11-01 02:30:00+00:00,87.30000305175781,87.30000305175781,87.0,87.0,8500,0.0,0.0
2024-11-01 02:35:00+00:00,87.0,87.0,87.0,87.0,1000,0.0,0.0
2024-11-01 02:40:00+00:00,87.30000305175781,87.30000305175781,87.30000305175781,87.30000305175781,2200,0.0,0.0
2024-11-01 02:45:00+00:00,87.0999984741211,87.0999984741211,87.0999984741211,87.0999984741211,2000,0.0,0.0
2024-11-01 02:50:00+00:00,87.0999984741211,87.0999984741211,87.0999984741211,87.0999984741211,1000,0.0,0.0
2024-11-01 02:55:00+00:00,87.19999694824219,87.19999694824219,87.19999694824219,87.19999694824219,1000,0.0,0.0
2024-11-01 03:00:00+00:00,87.30000305175781,87.4000015258789,87.30000305175781,87.4000015258789,7000,0.0,0.0
2024-11-01 03:10:00+00:00,87.30000305175781,87.4000015258789,87.30000305175781,87.4000015258789,2100,0.0,0.0
2024-11-01 03:20:00+00:00,87.30000305175781,87.30000305175781,87.30000305175781,87.30000305175781,2200,0.0,0.0
2024-11-01 03:25:00+00:00,87.30000305175781,87.30000305175781,87.19999694824219,87.30000305175781,5000,0.0,0.0
2024-11-01 03:30:00+00:00,87.30000305175781,87.30000305175781,87.30000305175781,87.30000305175781,1000,0.0,0.0
2024-11-01 03:35:00+00:00,87.30000305175781,87.30000305175781,87.19999694824219,87.19999694824219,3000,0.0,0.0
2024-11-01 03:40:00+00:00,87.19999694824219,87.19999694824219,87.0,87.0,10074,0.0,0.0
2024-11-01 03:45:00+00:00,87.0999984741211,87.0999984741211,87.0,87.0999984741211,4000,0.0,0.0
2024-11-01 03:50:00+00:00,87.0999984741211,87.0999984741211,87.0999984741211,87.0999984741211,3010,0.0,0.0
2024-11-01 03:55:00+00:00,87.0999984741211,87.0999984741211,87.0999984741211,87.0999984741211,1000,0.0,0.0
2024-11-01 04:00:00+00:00,87.0999984741211,87.0999984741211,87.0999984741211,87.0999984741211,1016,0.0,0.0
2024-11-01 04:05:00+00:00,87.19999694824219,87.19999694824219,87.19999694824219,87.19999694824219,1000,0.0,0.0
2024-11-01 04:10:00+00:00,87.0999984741211,87.19999694824219,87.0999984741211,87.19999694824219,7120,0.0,0.0
2024-11-01 04:20:00+00:00,87.19999694824219,87.30000305175781,87.19999694824219,87.30000305175781,5000,0.0,0.0
2024-11-01 04:25:00+00:00,87.30000305175781,87.30000305175781,87.19999694824219,87.19999694824219,2050,0.0,0.0
2024-11-01 04:30:00+00:00,87.19999694824219,87.19999694824219,87.19999694824219,87.19999694824219,2050,0.0,0.0
2024-11-01 04:35:00+00:00,87.30000305175781,87.30000305175781,87.19999694824219,87.19999694824219,3020,0.0,0.0
2024-11-01 04:40:00+00:00,87.19999694824219,87.19999694824219,87.19999694824219,87.19999694824219,2102,0.0,0.0
2024-11-01 04:45:00+00:00,87.19999694824219,87.4000015258789,87.19999694824219,87.4000015258789,24083,0.0,0.0
2024-11-01 04:50:00+00:00,87.5,87.5,87.30000305175781,87.5,10050,0.0,0.0
2024-11-01 04:55:00+00:00,87.5999984741211,87.69999694824219,87.5999984741211,87.5999984741211,17055,0.0,0.0
2024-11-01 05:00:00+00:00,87.69999694824219,87.9000015258789,87.69999694824219,87.69999694824219,6120,0.0,0.0
2024-11-01 05:05:00+00:00,87.9000015258789,87.9000015258789,87.80000305175781,87.80000305175781,4000,0.0,0.0
2024-11-01 05:10:00+00:00,87.80000305175781,87.9000015258789,87.80000305175781,87.80000305175781,5005,0.0,0.0
2024-11-01 05:15:00+00:00,87.80000305175781,87.80000305175781,87.69999694824219,87.80000305175781,4000,0.0,0.0
2024-11-01 05:20:00+00:00,87.69999694824219,87.9000015258789,87.5,87.80000305175781,29043,0.0,0.0
2024-11-04 01:00:00+00:00,87.9000015258789,87.9000015258789,87.0,87.4000015258789,0,0.0,0.0
2024-11-04 01:05:00+00:00,87.30000305175781,87.30000305175781,87.0,87.0,10431,0.0,0.0
2024-11-04 01:10:00+00:00,87.0,87.0,86.5999984741211,86.80000305175781,49435,0.0,0.0
2024-11-04 01:15:00+00:00,86.9000015258789,87.0,86.9000015258789,87.0,18695,0.0,0.0
2024-11-04 01:20:00+00:00,87.19999694824219,87.19999694824219,87.0,87.0,6700,0.0,0.0
2024-11-04 01:25:00+00:00,87.0,87.0999984741211,87.0,87.0999984741211,6000,0.0,0.0
2024-11-04 01:30:00+00:00,87.0999984741211,87.0999984741211,87.0999984741211,87.0999984741211,1081,0.0,0.0
2024-11-04 01:40:00+00:00,87.0999984741211,87.19999694824219,87.0999984741211,87.19999694824219,7050,0.0,0.0
2024-11-04 01:45:00+00:00,87.19999694824219,87.19999694824219,87.19999694824219,87.19999694824219,1100,0.0,0.0
2024-11-04 01:50:00+00:00,87.30000305175781,87.30000305175781,87.30000305175781,87.30000305175781,2010,0.0,0.0
2024-11-04 01:55:00+00:00,87.30000305175781,87.30000305175781,87.30000305175781,87.30000305175781,1013,0.0,0.0
2024-11-04 02:00:00+00:00,87.30000305175781,87.30000305175781,87.19999694824219,87.19999694824219,5000,0.0,0.0
2024-11-04 02:05:00+00:00,87.0999984741211,87.0999984741211,87.0,87.0,7000,0.0,0.0
2024-11-04 02:10:00+00:00,87.0,87.0,86.80000305175781,86.80000305175781,24600,0.0,0.0
2024-11-04 02:15:00+00:00,86.9000015258789,86.9000015258789,86.9000015258789,86.9000015258789,3208,0.0,0.0
2024-11-04 02:20:00+00:00,86.9000015258789,86.9000015258789,86.9000015258789,86.9000015258789,1000,0.0,0.0
2024-11-04 02:25:00+00:00,86.9000015258789,86.9000015258789,86.9000015258789,86.9000015258789,3002,0.0,0.0
2024-11-04 02:30:00+00:00,86.9000015258789,86.9000015258789,86.9000015258789,86.9000015258789,1000,0.0,0.0
2024-11-04 02:35:00+00:00,86.9000015258789,86.9000015258789,86.9000015258789,86.9000015258789,1002,0.0,0.0
2024-11-04 02:40:00+00:00,86.80000305175781,86.80000305175781,86.80000305175781,86.80000305175781,18621,0.0,0.0
2024-11-04 02:45:00+00:00,86.69999694824219,86.69999694824219,86.5,86.5,34046,0.0,0.0
2024-11-04 02:50:00+00:00,86.5,86.5,86.30000305175781,86.5,36821,0.0,0.0
2024-11-04 02:55:00+00:00,86.5,86.5,86.5,86.5,2121,0.0,0.0
2024-11-04 03:00:00+00:00,86.5,86.5,86.5,86.5,3411,0.0,0.0
2024-11-04 03:05:00+00:00,86.5,86.5,86.5,86.5,1235,0.0,0.0
2024-11-04 03:10:00+00:00,86.5,86.5999984741211,86.4000015258789,86.5999984741211,20020,0.0,0.0
2024-11-04 03:15:00+00:00,86.5999984741211,86.5999984741211,86.5,86.5,5000,0.0,0.0
2024-11-04 03:20:00+00:00,86.5999984741211,86.5999984741211,86.5,86.5,10101,0.0,0.0
2024-11-04 03:25:00+00:00,86.5,86.5,86.30000305175781,86.30000305175781,23000,0.0,0.0
2024-11-04 03:30:00+00:00,86.5,86.5,86.5,86.5,5000,0.0,0.0
2024-11-04 03:35:00+00:00,86.5,86.5,86.5,86.5,3364,0.0,0.0
2024-11-04 03:40:00+00:00,86.5,86.69999694824219,86.5,86.69999694824219,6000,0.0,0.0
2024-11-04 03:45:00+00:00,86.69999694824219,86.80000305175781,86.69999694824219,86.80000305175781,7060,0.0,0.0
2024-11-04 03:50:00+00:00,86.9000015258789,86.9000015258789,86.9000015258789,86.9000015258789,1000,0.0,0.0
2024-11-04 03:55:00+00:00,86.9000015258789,86.9000015258789,86.9000015258789,86.9000015258789,5025,0.0,0.0
2024-11-04 04:00:00+00:00,86.9000015258789,86.9000015258789,86.9000015258789,86.9000015258789,6000,0.0,0.0
2024-11-04 04:05:00+00:00,86.9000015258789,86.9000015258789,86.9000015258789,86.9000015258789,1200,0.0,0.0
2024-11-04 04:10:00+00:00,86.9000015258789,86.9000015258789,86.9000015258789,86.9000015258789,1293,0.0,0.0
2024-11-04 04:15:00+00:00,86.80000305175781,86.80000305175781,86.80000305175781,86.80000305175781,3000,0.0,0.0
2024-11-04 04:20:00+00:00,86.69999694824219,86.69999694824219,86.5999984741211,86.5999984741211,3029,0.0,0.0
2024-11-04 04:25:00+00:00,86.80000305175781,86.80000305175781,86.80000305175781,86.80000305175781,7000,0.0,0.0
2024-11-04 04:30:00+00:00,86.9000015258789,86.9000015258789,86.80000305175781,86.9000015258789,5000,0.0,0.0
2024-11-04 04:35:00+00:00,86.9000015258789,87.0999984741211,86.9000015258789,87.0999984741211,19432,0.0,0.0
2024-11-04 04:40:00+00:00,87.0999984741211,87.0999984741211,87.0,87.0,2002,0.0,0.0
2024-11-04 04:45:00+00:00,87.0,87.0,86.9000015258789,86.9000015258789,11000,0.0,0.0
2024-11-04 04:50:00+00:00,86.9000015258789,87.0,86.5999984741211,87.0,21050,0.0,0.0
2024-11-04 04:55:00+00:00,87.0999984741211,87.0999984741211,87.0,87.0,6100,0.0,0.0
2024-11-04 05:00:00+00:00,87.0,87.0,87.0,87.0,8151,0.0,0.0
2024-11-04 05:05:00+00:00,86.9000015258789,86.9000015258789,86.9000015258789,86.9000015258789,12000,0.0,0.0
2024-11-04 05:10:00+00:00,86.9000015258789,87.0,86.9000015258789,87.0,20116,0.0,0.0
2024-11-04 05:15:00+00:00,86.9000015258789,86.9000015258789,86.80000305175781,86.80000305175781,6050,0.0,0.0
2024-11-04 05:20:00+00:00,86.80000305175781,87.0999984741211,86.80000305175781,87.0,29649,0.0,0.0
2024-11-05 01:00:00+00:00,87.9000015258789,89.80000305175781,87.9000015258789,88.19999694824219,0,0.0,0.0
2024-11-05 01:05:00+00:00,88.30000305175781,88.30000305175781,87.5999984741211,87.5999984741211,49144,0.0,0.0
2024-11-05 01:10:00+00:00,87.5999984741211,87.9000015258789,87.5,87.80000305175781,37350,0.0,0.0
2024-11-05 01:15:00+00:00,87.80000305175781,88.5,87.80000305175781,88.5,25095,0.0,0.0
2024-11-05 01:20:00+00:00,88.19999694824219,88.19999694824219,88.0999984741211,88.19999694824219,9005,0.0,0.0
2024-11-05 01:25:00+00:00,88.19999694824219,88.4000015258789,88.19999694824219,88.4000015258789,12309,0.0,0.0
2024-11-05 01:30:00+00:00,88.5,88.80000305175781,88.5,88.80000305175781,41065,0.0,0.0
2024-11-05 01:35:00+00:00,88.80000305175781,89.0,88.80000305175781,88.80000305175781,42690,0.0,0.0
2024-11-05 01:40:00+00:00,88.80000305175781,89.0,88.69999694824219,88.9000015258789,44284,0.0,0.0
2024-11-05 01:45:00+00:00,88.5999984741211,88.5999984741211,88.5,88.5,20080,0.0,0.0
2024-11-05 01:50:00+00:00,88.5999984741211,88.80000305175781,88.5999984741211,88.80000305175781,13000,0.0,0.0
2024-11-05 01:55:00+00:00,88.9000015258789,89.0999984741211,88.69999694824219,88.69999694824219,37020,0.0,0.0
2024-11-05 02:00:00+00:00,88.5999984741211,88.69999694824219,88.4000015258789,88.4000015258789,15460,0.0,0.0
2024-11-05 02:05:00+00:00,88.30000305175781,88.30000305175781,88.0,88.0,24493,0.0,0.0
2024-11-05 02:10:00+00:00,88.0,88.0999984741211,88.0,88.0999984741211,17000,0.0,0.0
2024-11-05 02:15:00+00:00,88.0999984741211,88.0999984741211,87.9000015258789,87.9000015258789,19020,0.0,0.0
2024-11-05 02:20:00+00:00,88.0,88.0,88.0,88.0,3000,0.0,0.0
2024-11-05 02:25:00+00:00,88.0,88.0,87.5999984741211,87.80000305175781,75319,0.0,0.0
2024-11-05 02:30:00+00:00,87.80000305175781,88.5,87.80000305175781,88.5,32199,0.0,0.0
2024-11-05 02:35:00+00:00,88.30000305175781,88.30000305175781,88.0999984741211,88.0999984741211,5000,0.0,0.0
2024-11-05 02:40:00+00:00,88.0999984741211,88.0999984741211,88.0999984741211,88.0999984741211,1000,0.0,0.0
2024-11-05 02:45:00+00:00,88.0999984741211,88.19999694824219,88.0999984741211,88.19999694824219,9041,0.0,0.0
2024-11-05 02:50:00+00:00,88.30000305175781,88.30000305175781,88.30000305175781,88.30000305175781,2100,0.0,0.0
2024-11-05 03:05:00+00:00,88.30000305175781,88.30000305175781,88.30000305175781,88.30000305175781,2159,0.0,0.0
2024-11-05 03:10:00+00:00,88.19999694824219,88.19999694824219,88.19999694824219,88.19999694824219,2000,0.0,0.0
2024-11-05 03:15:00+00:00,88.30000305175781,88.4000015258789,88.30000305175781,88.4000015258789,10000,0.0,0.0
2024-11-05 03:25:00+00:00,88.4000015258789,88.5999984741211,88.4000015258789,88.5999984741211,7000,0.0,0.0
2024-11-05 03:30:00+00:00,88.5999984741211,88.5999984741211,88.5,88.5,9106,0.0,0.0
2024-11-05 03:35:00+00:00,88.5,88.80000305175781,88.5,88.80000305175781,15000,0.0,0.0
2024-11-05 03:40:00+00:00,88.80000305175781,88.9000015258789,88.80000305175781,88.9000015258789,8094,0.0,0.0
2024-11-05 03:45:00+00:00,88.9000015258789,89.0,88.9000015258789,89.0,14036,0.0,0.0
2024-11-05 03:50:00+00:00,89.0,89.0,89.0,89.0,2000,0.0,0.0
2024-11-05 03:55:00+00:00,89.0,90.80000305175781,89.0,90.80000305175781,234800,0.0,0.0
2024-11-05 04:00:00+00:00,90.5999984741211,90.69999694824219,90.0,90.0,49140,0.0,0.0
2024-11-05 04:05:00+00:00,90.0,90.5999984741211,90.0,90.5999984741211,57086,0.0,0.0
2024-11-05 04:10:00+00:00,90.5,90.5,89.9000015258789,89.9000015258789,20254,0.0,0.0
2024-11-05 04:15:00+00:00,89.80000305175781,89.80000305175781,89.69999694824219,89.69999694824219,11066,0.0,0.0
2024-11-05 04:20:00+00:00,89.69999694824219,90.0,89.69999694824219,90.0,15115,0.0,0.0
2024-11-05 04:25:00+00:00,89.9000015258789,89.9000015258789,89.9000015258789,89.9000015258789,2420,0.0,0.0
2024-11-05 04:30:00+00:00,89.9000015258789,90.0,89.9000015258789,89.9000015258789,3176,0.0,0.0
2024-11-05 04:35:00+00:00,89.9000015258789,89.9000015258789,89.5,89.5,36362,0.0,0.0
2024-11-05 04:40:00+00:00,89.5,89.5,89.5,89.5,1333,0.0,0.0
2024-11-05 04:45:00+00:00,89.4000015258789,89.69999694824219,89.4000015258789,89.69999694824219,42200,0.0,0.0
2024-11-05 04:50:00+00:00,89.80000305175781,89.80000305175781,89.80000305175781,89.80000305175781,12002,0.0,0.0
2024-11-05 04:55:00+00:00,89.69999694824219,89.69999694824219,89.69999694824219,89.69999694824219,6000,0.0,0.0
2024-11-05 05:00:00+00:00,89.5999984741211,89.5999984741211,89.5999984741211,89.5999984741211,9000,0.0,0.0
2024-11-05 05:05:00+00:00,89.5999984741211,89.5999984741211,89.5,89.5999984741211,14100,0.0,0.0
2024-11-05 05:10:00+00:00,89.5999984741211,89.5999984741211,89.5,89.5,5085,0.0,0.0
2024-11-05 05:15:00+00:00,89.5,89.69999694824219,89.5,89.69999694824219,15078,0.0,0.0
2024-11-05 05:20:00+00:00,89.5999984741211,89.69999694824219,89.5,89.5999984741211,23112,0.0,0.0
2024-11-06 01:00:00+00:00,89.5999984741211,90.5999984741211,89.5,89.80000305175781,0,0.0,0.0
2024-11-06 01:05:00+00:00,89.9000015258789,90.19999694824219,89.9000015258789,90.0999984741211,26200,0.0,0.0
2024-11-06 01:10:00+00:00,90.19999694824219,90.30000305175781,90.19999694824219,90.19999694824219,19016,0.0,0.0
2024-11-06 01:15:00+00:00,90.19999694824219,90.19999694824219,90.19999694824219,90.19999694824219,11000,0.0,0.0
2024-11-06 01:20:00+00:00,90.0999984741211,90.0999984741211,90.0999984741211,90.0999984741211,8100,0.0,0.0
2024-11-06 01:25:00+00:00,90.0999984741211,90.19999694824219,89.9000015258789,89.9000015258789,35220,0.0,0.0
2024-11-06 01:30:00+00:00,89.9000015258789,90.0,89.80000305175781,89.9000015258789,21497,0.0,0.0
2024-11-06 01:35:00+00:00,89.5999984741211,89.80000305175781,89.5999984741211,89.80000305175781,3001,0.0,0.0
2024-11-06 01:40:00+00:00,89.80000305175781,89.80000305175781,89.5999984741211,89.5999984741211,4061,0.0,0.0
2024-11-06 01:45:00+00:00,89.5,89.5,89.19999694824219,89.5,28553,0.0,0.0
2024-11-06 01:50:00+00:00,89.5,89.5,89.5,89.5,11000,0.0,0.0
2024-11-06 01:55:00+00:00,89.4000015258789,89.4000015258789,89.19999694824219,89.4000015258789,17012,0.0,0.0
2024-11-06 02:00:00+00:00,89.4000015258789,89.4000015258789,89.4000015258789,89.4000015258789,3006,0.0,0.0
2024-11-06 02:05:00+00:00,89.30000305175781,89.30000305175781,89.30000305175781,89.30000305175781,5000,0.0,0.0
2024-11-06 02:10:00+00:00,89.30000305175781,89.30000305175781,89.30000305175781,89.30000305175781,4000,0.0,0.0
2024-11-06 02:15:00+00:00,89.4000015258789,89.4000015258789,89.30000305175781,89.30000305175781,7100,0.0,0.0
2024-11-06 02:20:00+00:00,89.30000305175781,89.30000305175781,89.30000305175781,89.30000305175781,5509,0.0,0.0
2024-11-06 02:25:00+00:00,89.30000305175781,89.30000305175781,89.30000305175781,89.30000305175781,5099,0.0,0.0
2024-11-06 02:30:00+00:00,89.30000305175781,89.4000015258789,89.30000305175781,89.4000015258789,7000,0.0,0.0
2024-11-06 02:35:00+00:00,89.5,89.5,89.30000305175781,89.30000305175781,5000,0.0,0.0
2024-11-06 02:40:00+00:00,89.4000015258789,89.69999694824219,89.4000015258789,89.69999694824219,10000,0.0,0.0
2024-11-06 02:45:00+00:00,89.69999694824219,89.80000305175781,89.69999694824219,89.80000305175781,4000,0.0,0.0
2024-11-06 02:50:00+00:00,90.0,90.30000305175781,90.0,90.19999694824219,33050,0.0,0.0
2024-11-06 02:55:00+00:00,90.19999694824219,90.30000305175781,90.19999694824219,90.30000305175781,8000,0.0,0.0
2024-11-06 03:00:00+00:00,90.19999694824219,90.30000305175781,90.0999984741211,90.0999984741211,13350,0.0,0.0
2024-11-06 03:05:00+00:00,90.0,90.0,89.9000015258789,89.9000015258789,5000,0.0,0.0
2024-11-06 03:10:00+00:00,89.9000015258789,89.9000015258789,89.9000015258789,89.9000015258789,3000,0.0,0.0
2024-11-06 03:15:00+00:00,89.9000015258789,89.9000015258789,89.9000015258789,89.9000015258789,1000,0.0,0.0
2024-11-06 03:20:00+00:00,89.80000305175781,89.80000305175781,89.69999694824219,89.69999694824219,13000,0.0,0.0
2024-11-06 03:30:00+00:00,89.5999984741211,89.5999984741211,89.5999984741211,89.5999984741211,3000,0.0,0.0
2024-11-06 03:35:00+00:00,89.5999984741211,89.5999984741211,89.5999984741211,89.5999984741211,1340,0.0,0.0
2024-11-06 03:40:00+00:00,89.5999984741211,89.5999984741211,89.5999984741211,89.5999984741211,1179,0.0,0.0
2024-11-06 03:45:00+00:00,89.5999984741211,89.5999984741211,89.5,89.5,4150,0.0,0.0
2024-11-06 03:50:00+00:00,89.5,89.5999984741211,89.5,89.5999984741211,5171,0.0,0.0
2024-11-06 03:55:00+00:00,89.69999694824219,89.69999694824219,89.69999694824219,89.69999694824219,2000,0.0,0.0
2024-11-06 04:00:00+00:00,89.80000305175781,89.80000305175781,89.80000305175781,89.80000305175781,1000,0.0,0.0
2024-11-06 04:15:00+00:00,89.80000305175781,89.9000015258789,89.80000305175781,89.80000305175781,5010,0.0,0.0
2024-11-06 04:20:00+00:00,89.9000015258789,89.9000015258789,89.9000015258789,89.9000015258789,2083,0.0,0.0
2024-11-06 04:25:00+00:00,89.9000015258789,90.0,89.9000015258789,90.0,3010,0.0,0.0
2024-11-06 04:30:00+00:00,90.0,90.0999984741211,90.0,90.0999984741211,13182,0.0,0.0
2024-11-06 04:35:00+00:00,90.0999984741211,90.0999984741211,90.0,90.0999984741211,11323,0.0,0.0
2024-11-06 04:45:00+00:00,90.0,90.0999984741211,90.0,90.0,6000,0.0,0.0
2024-11-06 04:50:00+00:00,90.0999984741211,90.0999984741211,90.0,90.0999984741211,30030,0.0,0.0
2024-11-06 04:55:00+00:00,90.0,90.0999984741211,90.0,90.0999984741211,12054,0.0,0.0
2024-11-06 05:00:00+00:00,90.19999694824219,90.19999694824219,90.19999694824219,90.19999694824219,3013,0.0,0.0
2024-11-06 05:05:00+00:00,90.0,90.0,89.9000015258789,89.9000015258789,10000,0.0,0.0
2024-11-06 05:10:00+00:00,89.80000305175781,89.9000015258789,89.69999694824219,89.9000015258789,17002,0.0,0.0
2024-11-06 05:15:00+00:00,89.9000015258789,89.9000015258789,89.9000015258789,89.9000015258789,14428,0.0,0.0
2024-11-06 05:20:00+00:00,89.9000015258789,90.0,89.5999984741211,90.0,33374,0.0,0.0
2024-11-07 01:00:00+00:00,89.5999984741211,90.5999984741211,89.5999984741211,90.5999984741211,0,0.0,0.0
2024-11-07 01:05:00+00:00,90.5,91.19999694824219,90.5,91.19999694824219,160187,0.0,0.0
2024-11-07 01:10:00+00:00,91.19999694824219,91.19999694824219,90.9000015258789,91.0,46137,0.0,0.0
2024-11-07 01:15:00+00:00,91.0999984741211,91.9000015258789,91.0999984741211,91.9000015258789,139727,0.0,0.0
2024-11-07 01:20:00+00:00,91.9000015258789,92.69999694824219,91.5999984741211,92.0,228105,0.0,0.0
2024-11-07 01:25:00+00:00,92.0,92.0999984741211,91.5999984741211,91.5999984741211,41371,0.0,0.0
2024-11-07 01:30:00+00:00,91.5999984741211,91.69999694824219,91.5,91.5999984741211,30632,0.0,0.0
2024-11-07 01:35:00+00:00,91.5999984741211,91.5999984741211,91.5999984741211,91.5999984741211,3401,0.0,0.0
2024-11-07 01:40:00+00:00,91.5,91.5999984741211,91.30000305175781,91.5999984741211,23000,0.0,0.0
2024-11-07 01:45:00+00:00,91.5999984741211,91.80000305175781,91.5999984741211,91.80000305175781,21762,0.0,0.0
2024-11-07 01:50:00+00:00,91.80000305175781,91.9000015258789,91.69999694824219,91.80000305175781,9375,0.0,0.0
2024-11-07 01:55:00+00:00,91.5999984741211,91.5999984741211,91.30000305175781,91.30000305175781,13960,0.0,0.0
2024-11-07 02:00:00+00:00,91.4000015258789,91.5,91.4000015258789,91.5,18000,0.0,0.0
2024-11-07 02:05:00+00:00,91.5,91.5999984741211,91.5,91.5999984741211,10020,0.0,0.0
2024-11-07 02:10:00+00:00,91.5999984741211,91.69999694824219,91.4000015258789,91.69999694824219,8058,0.0,0.0
2024-11-07 02:15:00+00:00,91.69999694824219,91.69999694824219,91.69999694824219,91.69999694824219,3000,0.0,0.0
2024-11-07 02:20:00+00:00,91.9000015258789,92.0999984741211,91.9000015258789,92.0,42172,0.0,0.0
2024-11-07 02:25:00+00:00,92.0,92.0999984741211,92.0,92.0,25216,0.0,0.0
2024-11-07 02:30:00+00:00,92.0,92.19999694824219,92.0,92.19999694824219,39182,0.0,0.0
2024-11-07 02:35:00+00:00,92.0999984741211,92.4000015258789,92.0999984741211,92.4000015258789,41142,0.0,0.0
2024-11-07 02:40:00+00:00,92.4000015258789,92.80000305175781,92.4000015258789,92.80000305175781,169294,0.0,0.0
2024-11-07 02:45:00+00:00,92.69999694824219,92.69999694824219,92.5,92.5999984741211,40406,0.0,0.0
2024-11-07 02:50:00+00:00,92.5,92.5,92.4000015258789,92.4000015258789,19061,0.0,0.0
2024-11-07 02:55:00+00:00,92.4000015258789,92.5,92.30000305175781,92.5,17084,0.0,0.0
2024-11-07 03:00:00+00:00,92.30000305175781,92.30000305175781,92.0999984741211,92.0999984741211,18020,0.0,0.0
2024-11-07 03:05:00+00:00,92.0999984741211,92.19999694824219,92.0999984741211,92.0999984741211,12000,0.0,0.0
2024-11-07 03:10:00+00:00,92.0999984741211,92.19999694824219,92.0999984741211,92.19999694824219,4000,0.0,0.0
2024-11-07 03:15:00+00:00,92.0999984741211,92.0999984741211,92.0999984741211,92.0999984741211,8035,0.0,0.0
2024-11-07 03:20:00+00:00,92.0,92.0999984741211,92.0,92.0999984741211,10020,0.0,0.0
2024-11-07 03:25:00+00:00,92.0,92.0,91.80000305175781,91.9000015258789,35159,0.0,0.0
2024-11-07 03:30:00+00:00,91.9000015258789,91.9000015258789,91.80000305175781,91.80000305175781,4232,0.0,0.0
2024-11-07 03:35:00+00:00,91.80000305175781,91.80000305175781,91.80000305175781,91.80000305175781,9000,0.0,0.0
2024-11-07 03:40:00+00:00,91.80000305175781,91.80000305175781,91.80000305175781,91.80000305175781,4065,0.0,0.0
2024-11-07 03:45:00+00:00,91.80000305175781,91.80000305175781,91.80000305175781,91.80000305175781,4223,0.0,0.0
2024-11-07 03:55:00+00:00,91.9000015258789,91.9000015258789,91.9000015258789,91.9000015258789,2002,0.0,0.0
2024-11-07 04:00:00+00:00,91.9000015258789,91.9000015258789,91.9000015258789,91.9000015258789,2083,0.0,0.0
2024-11-07 04:05:00+00:00,91.9000015258789,91.9000015258789,91.9000015258789,91.9000015258789,3165,0.0,0.0
2024-11-07 04:10:00+00:00,91.80000305175781,91.80000305175781,91.80000305175781,91.80000305175781,1000,0.0,0.0
2024-11-07 04:15:00+00:00,91.80000305175781,91.80000305175781,91.80000305175781,91.80000305175781,1150,0.0,0.0
2024-11-07 04:20:00+00:00,91.80000305175781,91.80000305175781,91.69999694824219,91.69999694824219,24104,0.0,0.0
2024-11-07 04:25:00+00:00,91.69999694824219,91.69999694824219,91.69999694824219,91.69999694824219,4139,0.0,0.0
2024-11-07 04:30:00+00:00,91.69999694824219,91.69999694824219,91.69999694824219,91.69999694824219,6000,0.0,0.0
2024-11-07 04:35:00+00:00,91.69999694824219,91.69999694824219,91.69999694824219,91.69999694824219,3221,0.0,0.0
2024-11-07 04:40:00+00:00,91.69999694824219,91.9000015258789,91.69999694824219,91.80000305175781,26000,0.0,0.0
2024-11-07 04:45:00+00:00,91.69999694824219,91.69999694824219,91.5999984741211,91.5999984741211,25360,0.0,0.0
2024-11-07 04:50:00+00:00,91.5999984741211,91.80000305175781,91.5999984741211,91.80000305175781,0,0.0,0.0
2024-11-07 04:55:00+00:00,91.69999694824219,91.69999694824219,91.5999984741211,91.69999694824219,1444370,0.0,0.0
2024-11-07 05:00:00+00:00,91.69999694824219,91.80000305175781,91.69999694824219,91.80000305175781,13020,0.0,0.0
2024-11-07 05:05:00+00:00,91.80000305175781,91.9000015258789,91.69999694824219,91.80000305175781,14030,0.0,0.0
2024-11-07 05:10:00+00:00,91.9000015258789,91.9000015258789,91.69999694824219,91.69999694824219,23050,0.0,0.0
2024-11-07 05:15:00+00:00,91.80000305175781,91.9000015258789,91.69999694824219,91.80000305175781,19010,0.0,0.0
2024-11-07 05:20:00+00:00,91.69999694824219,91.80000305175781,91.5999984741211,91.69999694824219,30230,0.0,0.0
2024-11-08 01:00:00+00:00,91.4000015258789,91.69999694824219,90.9000015258789,91.0999984741211,0,0.0,0.0
2024-11-08 01:05:00+00:00,91.0999984741211,91.4000015258789,90.9000015258789,91.0999984741211,27389,0.0,0.0
2024-11-08 01:10:00+00:00,91.30000305175781,91.80000305175781,91.30000305175781,91.5,14110,0.0,0.0
2024-11-08 01:15:00+00:00,91.5,91.5,91.5,91.5,1000,0.0,0.0
2024-11-08 01:20:00+00:00,91.5999984741211,91.5999984741211,91.5,91.5,12140,0.0,0.0
2024-11-08 01:25:00+00:00,91.5,91.5,91.5,91.5,11750,0.0,0.0
2024-11-08 01:30:00+00:00,91.4000015258789,91.4000015258789,91.19999694824219,91.19999694824219,16136,0.0,0.0
2024-11-08 01:35:00+00:00,91.19999694824219,91.19999694824219,91.19999694824219,91.19999694824219,3040,0.0,0.0
2024-11-08 01:40:00+00:00,91.19999694824219,91.19999694824219,91.19999694824219,91.19999694824219,3030,0.0,0.0
2024-11-08 01:45:00+00:00,91.30000305175781,91.30000305175781,91.19999694824219,91.30000305175781,15065,0.0,0.0
2024-11-08 01:50:00+00:00,91.30000305175781,91.30000305175781,91.0999984741211,91.19999694824219,13050,0.0,0.0
2024-11-08 01:55:00+00:00,91.30000305175781,91.30000305175781,91.19999694824219,91.19999694824219,6055,0.0,0.0
2024-11-08 02:00:00+00:00,91.19999694824219,91.19999694824219,90.80000305175781,90.9000015258789,92463,0.0,0.0
2024-11-08 02:05:00+00:00,90.9000015258789,90.9000015258789,90.80000305175781,90.80000305175781,12258,0.0,0.0
2024-11-08 02:10:00+00:00,90.80000305175781,90.80000305175781,90.69999694824219,90.69999694824219,16059,0.0,0.0
2024-11-08 02:15:00+00:00,90.80000305175781,90.80000305175781,90.69999694824219,90.80000305175781,9025,0.0,0.0
2024-11-08 02:20:00+00:00,90.69999694824219,90.69999694824219,90.30000305175781,90.30000305175781,56121,0.0,0.0
2024-11-08 02:25:00+00:00,90.4000015258789,90.5999984741211,90.30000305175781,90.5999984741211,37510,0.0,0.0
2024-11-08 02:30:00+00:00,90.5999984741211,90.69999694824219,90.5999984741211,90.69999694824219,4000,0.0,0.0
2024-11-08 02:35:00+00:00,90.69999694824219,90.69999694824219,90.69999694824219,90.69999694824219,1170,0.0,0.0
2024-11-08 02:45:00+00:00,90.5999984741211,90.5999984741211,90.5,90.5,21013,0.0,0.0
2024-11-08 02:50:00+00:00,90.4000015258789,90.4000015258789,90.4000015258789,90.4000015258789,5020,0.0,0.0
2024-11-08 02:55:00+00:00,90.5,90.5,90.4000015258789,90.4000015258789,4150,0.0,0.0
2024-11-08 03:00:00+00:00,90.4000015258789,90.4000015258789,90.4000015258789,90.4000015258789,1000,0.0,0.0
2024-11-08 03:05:00+00:00,90.5,90.5999984741211,90.5,90.5999984741211,5323,0.0,0.0
2024-11-08 03:10:00+00:00,90.69999694824219,90.69999694824219,90.69999694824219,90.69999694824219,1010,0.0,0.0
2024-11-08 03:15:00+00:00,90.80000305175781,90.80000305175781,90.69999694824219,90.69999694824219,3030,0.0,0.0
2024-11-08 03:20:00+00:00,90.5999984741211,90.5999984741211,90.5,90.5,3000,0.0,0.0
2024-11-08 03:25:00+00:00,90.5,90.5,90.5,90.5,4097,0.0,0.0
2024-11-08 03:30:00+00:00,90.5,90.5,90.5,90.5,10100,0.0,0.0
2024-11-08 03:35:00+00:00,90.4000015258789,90.4000015258789,90.30000305175781,90.30000305175781,24331,0.0,0.0
2024-11-08 03:40:00+00:00,90.19999694824219,90.30000305175781,90.19999694824219,90.19999694824219,11100,0.0,0.0
2024-11-08 03:50:00+00:00,90.19999694824219,90.19999694824219,90.19999694824219,90.19999694824219,5000,0.0,0.0
2024-11-08 03:55:00+00:00,90.19999694824219,90.19999694824219,90.0999984741211,90.0999984741211,24370,0.0,0.0
2024-11-08 04:00:00+00:00,90.19999694824219,90.19999694824219,89.9000015258789,89.9000015258789,70410,0.0,0.0
2024-11-08 04:05:00+00:00,89.9000015258789,89.9000015258789,89.80000305175781,89.9000015258789,14123,0.0,0.0
2024-11-08 04:10:00+00:00,89.9000015258789,90.0999984741211,89.80000305175781,90.0,17200,0.0,0.0
2024-11-08 04:15:00+00:00,90.0,90.0,90.0,90.0,2000,0.0,0.0
2024-11-08 04:20:00+00:00,90.0,90.0,90.0,90.0,1130,0.0,0.0
2024-11-08 04:25:00+00:00,90.0,90.0,90.0,90.0,1046,0.0,0.0
2024-11-08 04:30:00+00:00,90.0999984741211,90.0999984741211,90.0999984741211,90.0999984741211,5505,0.0,0.0
2024-11-08 04:35:00+00:00,90.30000305175781,90.30000305175781,90.30000305175781,90.30000305175781,2200,0.0,0.0
2024-11-08 04:40:00+00:00,90.30000305175781,90.30000305175781,90.0999984741211,90.0999984741211,7000,0.0,0.0
2024-11-08 04:45:00+00:00,90.0999984741211,90.0999984741211,90.0999984741211,90.0999984741211,5020,0.0,0.0
2024-11-08 04:50:00+00:00,90.0,90.0,90.0,90.0,3219,0.0,0.0
2024-11-08 04:55:00+00:00,90.0,90.0,90.0,90.0,1000,0.0,0.0
2024-11-08 05:00:00+00:00,90.0999984741211,90.0999984741211,89.9000015258789,89.9000015258789,28020,0.0,0.0
2024-11-08 05:05:00+00:00,89.9000015258789,90.0,89.9000015258789,90.0,8200,0.0,0.0
2024-11-08 05:10:00+00:00,90.0999984741211,90.30000305175781,90.0999984741211,90.0999984741211,21343,0.0,0.0
2024-11-08 05:15:00+00:00,90.19999694824219,90.19999694824219,90.0,90.0999984741211,15029,0.0,0.0
2024-11-08 05:20:00+00:00,90.0,90.0999984741211,90.0,90.0,12675,0.0,0.0
2024-11-11 01:00:00+00:00,90.19999694824219,90.69999694824219,90.19999694824219,90.5,0,0.0,0.0
2024-11-11 01:05:00+00:00,90.19999694824219,90.30000305175781,90.0999984741211,90.19999694824219,31006,0.0,0.0
2024-11-11 01:10:00+00:00,90.19999694824219,90.19999694824219,90.0,90.19999694824219,51112,0.0,0.0
2024-11-11 01:15:00+00:00,90.30000305175781,90.69999694824219,90.19999694824219,90.69999694824219,15001,0.0,0.0
2024-11-11 01:20:00+00:00,90.69999694824219,91.0999984741211,90.69999694824219,91.0,27001,0.0,0.0
2024-11-11 01:25:00+00:00,90.9000015258789,90.9000015258789,90.30000305175781,90.30000305175781,18020,0.0,0.0
2024-11-11 01:30:00+00:00,90.30000305175781,90.30000305175781,89.9000015258789,90.0,53025,0.0,0.0
2024-11-11 01:35:00+00:00,89.9000015258789,90.19999694824219,89.9000015258789,90.19999694824219,13022,0.0,0.0
2024-11-11 01:45:00+00:00,90.30000305175781,90.4000015258789,90.30000305175781,90.4000015258789,4050,0.0,0.0
2024-11-11 01:50:00+00:00,90.5,90.5999984741211,90.4000015258789,90.4000015258789,4000,0.0,0.0
2024-11-11 01:55:00+00:00,90.30000305175781,90.30000305175781,90.0999984741211,90.0999984741211,12000,0.0,0.0
2024-11-11 02:00:00+00:00,90.0999984741211,90.0999984741211,89.69999694824219,89.80000305175781,46240,0.0,0.0
2024-11-11 02:05:00+00:00,89.9000015258789,89.9000015258789,89.69999694824219,89.69999694824219,55000,0.0,0.0
2024-11-11 02:10:00+00:00,89.9000015258789,90.0999984741211,89.19999694824219,90.0999984741211,150000,0.0,0.0
2024-11-11 02:15:00+00:00,90.19999694824219,90.30000305175781,90.19999694824219,90.19999694824219,8011,0.0,0.0
2024-11-11 02:20:00+00:00,90.19999694824219,90.19999694824219,90.0,90.0999984741211,17062,0.0,0.0
2024-11-11 02:25:00+00:00,90.0999984741211,90.19999694824219,90.0999984741211,90.19999694824219,19150,0.0,0.0
2024-11-11 02:30:00+00:00,90.0999984741211,90.0999984741211,89.80000305175781,89.80000305175781,11195,0.0,0.0
2024-11-11 02:35:00+00:00,90.0,90.19999694824219,89.30000305175781,90.19999694824219,118000,0.0,0.0
2024-11-11 02:40:00+00:00,90.30000305175781,90.30000305175781,90.19999694824219,90.30000305175781,7000,0.0,0.0
2024-11-11 02:45:00+00:00,90.19999694824219,90.19999694824219,90.19999694824219,90.19999694824219,1000,0.0,0.0
2024-11-11 02:50:00+00:00,90.19999694824219,90.30000305175781,90.19999694824219,90.30000305175781,0,0.0,0.0
2024-11-11 02:55:00+00:00,90.19999694824219,90.19999694824219,90.19999694824219,90.19999694824219,698895,0.0,0.0
2024-11-11 03:00:00+00:00,90.19999694824219,90.30000305175781,90.0999984741211,90.0999984741211,7070,0.0,0.0
2024-11-11 03:05:00+00:00,90.0999984741211,90.0999984741211,90.0999984741211,90.0999984741211,2000,0.0,0.0
2024-11-11 03:15:00+00:00,90.0999984741211,90.19999694824219,90.0999984741211,90.19999694824219,7000,0.0,0.0
2024-11-11 03:20:00+00:00,90.19999694824219,90.19999694824219,90.0,90.0,8000,0.0,0.0
2024-11-11 03:25:00+00:00,89.9000015258789,89.9000015258789,89.80000305175781,89.9000015258789,13050,0.0,0.0
2024-11-11 03:30:00+00:00,89.9000015258789,90.0,89.9000015258789,90.0,3010,0.0,0.0
2024-11-11 03:35:00+00:00,90.0999984741211,90.0999984741211,89.80000305175781,89.80000305175781,11075,0.0,0.0
2024-11-11 03:40:00+00:00,89.80000305175781,89.80000305175781,89.80000305175781,89.80000305175781,8020,0.0,0.0
2024-11-11 03:45:00+00:00,89.80000305175781,89.80000305175781,89.80000305175781,89.80000305175781,10000,0.0,0.0
2024-11-11 03:50:00+00:00,89.80000305175781,89.9000015258789,89.80000305175781,89.9000015258789,6129,0.0,0.0
2024-11-11 03:55:00+00:00,89.80000305175781,89.9000015258789,89.80000305175781,89.80000305175781,5000,0.0,0.0
2024-11-11 04:00:00+00:00,89.9000015258789,89.9000015258789,89.9000015258789,89.9000015258789,5075,0.0,0.0
2024-11-11 04:05:00+00:00,89.9000015258789,89.9000015258789,89.9000015258789,89.9000015258789,2000,0.0,0.0
2024-11-11 04:10:00+00:00,89.80000305175781,89.9000015258789,89.80000305175781,89.9000015258789,4000,0.0,0.0
2024-11-11 04:15:00+00:00,89.9000015258789,89.9000015258789,89.9000015258789,89.9000015258789,2200,0.0,0.0
2024-11-11 04:20:00+00:00,89.9000015258789,89.9000015258789,89.80000305175781,89.80000305175781,5149,0.0,0.0
2024-11-11 04:25:00+00:00,90.0,90.0,89.9000015258789,90.0,5000,0.0,0.0
2024-11-11 04:30:00+00:00,89.9000015258789,89.9000015258789,89.9000015258789,89.9000015258789,3803,0.0,0.0
2024-11-11 04:35:00+00:00,89.9000015258789,89.9000015258789,89.9000015258789,89.9000015258789,4087,0.0,0.0
2024-11-11 04:45:00+00:00,89.9000015258789,89.9000015258789,89.5,89.80000305175781,51500,0.0,0.0
2024-11-11 04:50:00+00:00,89.80000305175781,90.0,89.80000305175781,90.0,10533,0.0,0.0
2024-11-11 05:00:00+00:00,90.0,90.0,89.80000305175781,89.80000305175781,16514,0.0,0.0
2024-11-11 05:05:00+00:00,89.80000305175781,89.9000015258789,89.80000305175781,89.9000015258789,14000,0.0,0.0
2024-11-11 05:10:00+00:00,90.0,90.0,90.0,90.0,6000,0.0,0.0
2024-11-11 05:15:00+00:00,90.0,90.19999694824219,90.0,90.19999694824219,936110,0.0,0.0
2024-11-11 05:20:00+00:00,90.19999694824219,90.19999694824219,90.0999984741211,90.0999984741211,14015,0.0,0.0
2024-11-12 01:00:00+00:00,90.0,90.0,88.5999984741211,88.9000015258789,0,0.0,0.0
2024-11-12 01:05:00+00:00,89.0999984741211,89.0999984741211,88.0,88.0999984741211,113000,0.0,0.0
2024-11-12 01:10:00+00:00,88.0999984741211,88.5,88.0,88.4000015258789,21377,0.0,0.0
2024-11-12 01:15:00+00:00,88.4000015258789,88.69999694824219,88.30000305175781,88.5,35129,0.0,0.0
2024-11-12 01:20:00+00:00,88.5999984741211,88.5999984741211,88.30000305175781,88.4000015258789,28113,0.0,0.0
2024-11-12 01:25:00+00:00,88.4000015258789,88.5,88.0999984741211,88.0999984741211,44880,0.0,0.0
2024-11-12 01:30:00+00:00,88.0,88.0,87.80000305175781,88.0,77282,0.0,0.0
2024-11-12 01:35:00+00:00,88.0,88.0,87.9000015258789,87.9000015258789,10100,0.0,0.0
2024-11-12 01:40:00+00:00,88.0999984741211,88.30000305175781,88.0999984741211,88.30000305175781,13623,0.0,0.0
2024-11-12 01:45:00+00:00,88.19999694824219,88.19999694824219,88.19999694824219,88.19999694824219,1010,0.0,0.0
2024-11-12 01:50:00+00:00,88.0999984741211,88.0999984741211,87.9000015258789,88.0,31012,0.0,0.0
2024-11-12 01:55:00+00:00,87.9000015258789,88.0,87.9000015258789,88.0,11605,0.0,0.0
2024-11-12 02:00:00+00:00,88.0,88.0,88.0,88.0,6189,0.0,0.0
2024-11-12 02:05:00+00:00,88.0,88.0,87.9000015258789,87.9000015258789,5000,0.0,0.0
2024-11-12 02:10:00+00:00,87.9000015258789,88.0,87.19999694824219,87.19999694824219,115347,0.0,0.0
2024-11-12 02:15:00+00:00,87.30000305175781,87.4000015258789,87.19999694824219,87.19999694824219,30170,0.0,0.0
2024-11-12 02:20:00+00:00,87.30000305175781,87.5,87.30000305175781,87.30000305175781,29177,0.0,0.0
2024-11-12 02:25:00+00:00,87.30000305175781,87.4000015258789,87.19999694824219,87.19999694824219,73482,0.0,0.0
2024-11-12 02:30:00+00:00,87.19999694824219,87.19999694824219,86.9000015258789,86.9000015258789,61219,0.0,0.0
2024-11-12 02:35:00+00:00,87.0,87.19999694824219,86.9000015258789,87.19999694824219,29315,0.0,0.0
2024-11-12 02:40:00+00:00,87.19999694824219,87.19999694824219,87.0999984741211,87.0999984741211,10150,0.0,0.0
2024-11-12 02:45:00+00:00,87.0,87.19999694824219,87.0,87.0999984741211,9383,0.0,0.0
2024-11-12 02:50:00+00:00,87.0,87.0,86.80000305175781,86.80000305175781,70186,0.0,0.0
2024-11-12 02:55:00+00:00,86.69999694824219,87.0,86.69999694824219,87.0,28872,0.0,0.0
2024-11-12 03:00:00+00:00,87.0,87.30000305175781,87.0,87.30000305175781,18011,0.0,0.0
2024-11-12 03:05:00+00:00,87.19999694824219,87.30000305175781,87.19999694824219,87.19999694824219,11000,0.0,0.0
2024-11-12 03:10:00+00:00,87.30000305175781,87.30000305175781,87.19999694824219,87.19999694824219,2579,0.0,0.0
2024-11-12 03:15:00+00:00,87.0999984741211,87.0999984741211,87.0,87.0,3285,0.0,0.0
2024-11-12 03:20:00+00:00,87.0999984741211,87.0999984741211,87.0999984741211,87.0999984741211,3000,0.0,0.0
2024-11-12 03:25:00+00:00,87.0999984741211,87.0999984741211,87.0999984741211,87.0999984741211,1010,0.0,0.0
2024-11-12 03:30:00+00:00,87.19999694824219,87.19999694824219,87.0999984741211,87.0999984741211,10527,0.0,0.0
2024-11-12 03:40:00+00:00,87.0999984741211,87.0999984741211,87.0999984741211,87.0999984741211,2200,0.0,0.0
2024-11-12 03:45:00+00:00,87.19999694824219,87.19999694824219,87.19999694824219,87.19999694824219,10000,0.0,0.0
2024-11-12 03:50:00+00:00,87.19999694824219,87.19999694824219,87.0,87.0,15310,0.0,0.0
2024-11-12 04:00:00+00:00,87.0,87.0,87.0,87.0,1610,0.0,0.0
2024-11-12 04:10:00+00:00,87.0,87.19999694824219,87.0,87.19999694824219,29704,0.0,0.0
2024-11-12 04:15:00+00:00,87.0999984741211,87.0999984741211,87.0,87.0,10500,0.0,0.0
2024-11-12 04:20:00+00:00,87.0,87.0,87.0,87.0,3000,0.0,0.0
2024-11-12 04:30:00+00:00,87.0999984741211,87.0999984741211,87.0,87.0999984741211,14517,0.0,0.0
2024-11-12 04:35:00+00:00,87.19999694824219,87.30000305175781,87.19999694824219,87.30000305175781,9285,0.0,0.0
2024-11-12 04:40:00+00:00,87.19999694824219,87.19999694824219,87.0999984741211,87.19999694824219,12000,0.0,0.0
2024-11-12 04:45:00+00:00,87.19999694824219,87.19999694824219,87.0999984741211,87.19999694824219,32427,0.0,0.0
2024-11-12 04:50:00+00:00,87.19999694824219,87.19999694824219,87.0999984741211,87.0999984741211,24040,0.0,0.0
2024-11-12 04:55:00+00:00,87.0999984741211,87.19999694824219,87.0999984741211,87.19999694824219,9710,0.0,0.0
2024-11-12 05:00:00+00:00,87.19999694824219,87.19999694824219,87.19999694824219,87.19999694824219,7280,0.0,0.0
2024-11-12 05:05:00+00:00,87.19999694824219,87.19999694824219,87.0999984741211,87.19999694824219,20119,0.0,0.0
2024-11-12 05:10:00+00:00,87.19999694824219,87.19999694824219,87.0,87.0,42955,0.0,0.0
2024-11-12 05:15:00+00:00,87.0999984741211,87.0999984741211,87.0,87.0,32580,0.0,0.0
2024-11-12 05:20:00+00:00,87.0,87.0,86.80000305175781,86.9000015258789,67653,0.0,0.0
2024-11-13 01:00:00+00:00,86.69999694824219,87.0,86.30000305175781,86.5,0,0.0,0.0
2024-11-13 01:05:00+00:00,86.5,86.5,86.19999694824219,86.30000305175781,15160,0.0,0.0
2024-11-13 01:10:00+00:00,86.30000305175781,86.69999694824219,86.19999694824219,86.69999694824219,33000,0.0,0.0
2024-11-13 01:15:00+00:00,86.5999984741211,86.69999694824219,86.5,86.5,22450,0.0,0.0
2024-11-13 01:20:00+00:00,86.5999984741211,86.80000305175781,86.5999984741211,86.69999694824219,25030,0.0,0.0
2024-11-13 01:25:00+00:00,86.80000305175781,87.0,86.69999694824219,87.0,28150,0.0,0.0
2024-11-13 01:30:00+00:00,87.0,87.19999694824219,86.80000305175781,87.19999694824219,25200,0.0,0.0
2024-11-13 01:35:00+00:00,87.19999694824219,90.80000305175781,87.0,89.69999694824219,451215,0.0,0.0
2024-11-13 01:40:00+00:00,89.9000015258789,91.80000305175781,89.9000015258789,91.80000305175781,523469,0.0,0.0
2024-11-13 01:45:00+00:00,91.69999694824219,92.80000305175781,91.5,92.19999694824219,409898,0.0,0.0
2024-11-13 01:50:00+00:00,92.0999984741211,93.30000305175781,91.5,93.0999984741211,605989,0.0,0.0
2024-11-13 01:55:00+00:00,93.0,93.19999694824219,92.4000015258789,92.4000015258789,248815,0.0,0.0
2024-11-13 02:00:00+00:00,92.5,92.80000305175781,92.19999694824219,92.69999694824219,150385,0.0,0.0
2024-11-13 02:05:00+00:00,92.69999694824219,93.5,92.5999984741211,92.5999984741211,371511,0.0,0.0
2024-11-13 02:10:00+00:00,92.69999694824219,93.5,92.5,93.19999694824219,235805,0.0,0.0
2024-11-13 02:15:00+00:00,93.4000015258789,93.69999694824219,93.19999694824219,93.19999694824219,153951,0.0,0.0
2024-11-13 02:20:00+00:00,93.19999694824219,94.80000305175781,92.9000015258789,93.5,462224,0.0,0.0
2024-11-13 02:25:00+00:00,93.5,93.69999694824219,93.0999984741211,93.4000015258789,68030,0.0,0.0
2024-11-13 02:30:00+00:00,93.30000305175781,93.30000305175781,92.5,92.9000015258789,100070,0.0,0.0
2024-11-13 02:35:00+00:00,92.80000305175781,92.80000305175781,92.19999694824219,92.4000015258789,84140,0.0,0.0
2024-11-13 02:40:00+00:00,92.4000015258789,92.9000015258789,92.4000015258789,92.5999984741211,39277,0.0,0.0
2024-11-13 02:45:00+00:00,92.5999984741211,92.9000015258789,92.5999984741211,92.9000015258789,33409,0.0,0.0
2024-11-13 02:50:00+00:00,93.0,93.0999984741211,92.80000305175781,92.80000305175781,40350,0.0,0.0
2024-11-13 02:55:00+00:00,92.9000015258789,93.5,92.9000015258789,93.4000015258789,89863,0.0,0.0
2024-11-13 03:00:00+00:00,93.4000015258789,93.5,93.30000305175781,93.4000015258789,34895,0.0,0.0
2024-11-13 03:05:00+00:00,93.4000015258789,93.4000015258789,93.0999984741211,93.0999984741211,13405,0.0,0.0
2024-11-13 03:10:00+00:00,93.0,93.0,92.9000015258789,92.9000015258789,14000,0.0,0.0
2024-11-13 03:15:00+00:00,92.80000305175781,93.0,92.69999694824219,92.9000015258789,24151,0.0,0.0
2024-11-13 03:20:00+00:00,92.9000015258789,93.5999984741211,92.80000305175781,93.5999984741211,145874,0.0,0.0
2024-11-13 03:25:00+00:00,93.5999984741211,93.5999984741211,93.0999984741211,93.0999984741211,88861,0.0,0.0
2024-11-13 03:30:00+00:00,93.0999984741211,93.30000305175781,93.0999984741211,93.19999694824219,14061,0.0,0.0
2024-11-13 03:35:00+00:00,93.0999984741211,93.30000305175781,93.0999984741211,93.0999984741211,15000,0.0,0.0
2024-11-13 03:40:00+00:00,93.19999694824219,93.19999694824219,92.5999984741211,92.9000015258789,127147,0.0,0.0
2024-11-13 03:45:00+00:00,92.9000015258789,93.19999694824219,92.80000305175781,93.19999694824219,15500,0.0,0.0
2024-11-13 03:50:00+00:00,93.0,93.0,92.80000305175781,92.80000305175781,33066,0.0,0.0
2024-11-13 03:55:00+00:00,92.80000305175781,92.80000305175781,92.5,92.5999984741211,43052,0.0,0.0
2024-11-13 04:00:00+00:00,92.69999694824219,92.80000305175781,92.30000305175781,92.30000305175781,150200,0.0,0.0
2024-11-13 04:05:00+00:00,92.30000305175781,92.5999984741211,92.19999694824219,92.5999984741211,59145,0.0,0.0
2024-11-13 04:10:00+00:00,92.5,92.5999984741211,92.4000015258789,92.5999984741211,27262,0.0,0.0
2024-11-13 04:15:00+00:00,92.5999984741211,92.80000305175781,92.5,92.80000305175781,56510,0.0,0.0
2024-11-13 04:20:00+00:00,92.69999694824219,93.0,92.5,93.0,77350,0.0,0.0
2024-11-13 04:25:00+00:00,92.9000015258789,92.9000015258789,92.69999694824219,92.69999694824219,8020,0.0,0.0
2024-11-13 04:30:00+00:00,92.9000015258789,93.0999984741211,92.80000305175781,92.80000305175781,50000,0.0,0.0
2024-11-13 04:35:00+00:00,92.80000305175781,92.80000305175781,92.80000305175781,92.80000305175781,25400,0.0,0.0
2024-11-13 04:40:00+00:00,92.80000305175781,92.80000305175781,92.69999694824219,92.69999694824219,26001,0.0,0.0
2024-11-13 04:45:00+00:00,92.69999694824219,92.69999694824219,92.5999984741211,92.5999984741211,15351,0.0,0.0
2024-11-13 04:50:00+00:00,92.69999694824219,92.69999694824219,92.5999984741211,92.5999984741211,13020,0.0,0.0
2024-11-13 04:55:00+00:00,92.5999984741211,92.69999694824219,92.5999984741211,92.69999694824219,10100,0.0,0.0
2024-11-13 05:00:00+00:00,92.5999984741211,92.69999694824219,92.30000305175781,92.5,84251,0.0,0.0
2024-11-13 05:05:00+00:00,92.4000015258789,92.5,91.9000015258789,92.30000305175781,115374,0.0,0.0
2024-11-13 05:10:00+00:00,92.30000305175781,92.30000305175781,91.9000015258789,92.0,120037,0.0,0.0
2024-11-13 05:15:00+00:00,92.0,92.19999694824219,91.5999984741211,92.19999694824219,83040,0.0,0.0
2024-11-13 05:20:00+00:00,92.19999694824219,92.19999694824219,91.80000305175781,92.19999694824219,61275,0.0,0.0
2024-11-14 01:00:00+00:00,94.4000015258789,94.69999694824219,93.19999694824219,93.9000015258789,0,0.0,0.0
2024-11-14 01:05:00+00:00,94.0,95.19999694824219,93.69999694824219,94.0999984741211,1105000,0.0,0.0
2024-11-14 01:10:00+00:00,94.0999984741211,94.5999984741211,93.5,93.69999694824219,439113,0.0,0.0
2024-11-14 01:15:00+00:00,93.80000305175781,93.9000015258789,92.9000015258789,92.9000015258789,522498,0.0,0.0
2024-11-14 01:20:00+00:00,93.0,93.0,92.30000305175781,92.69999694824219,289703,0.0,0.0
2024-11-14 01:25:00+00:00,92.69999694824219,92.69999694824219,92.0999984741211,92.30000305175781,279350,0.0,0.0
2024-11-14 01:30:00+00:00,92.4000015258789,92.5,91.19999694824219,91.80000305175781,451431,0.0,0.0
2024-11-14 01:35:00+00:00,91.9000015258789,92.4000015258789,91.80000305175781,92.19999694824219,214383,0.0,0.0
2024-11-14 01:40:00+00:00,92.19999694824219,92.80000305175781,91.9000015258789,92.5,169400,0.0,0.0
2024-11-14 01:45:00+00:00,92.5,93.4000015258789,92.4000015258789,93.30000305175781,174914,0.0,0.0
2024-11-14 01:50:00+00:00,93.30000305175781,93.30000305175781,92.69999694824219,93.0,126210,0.0,0.0
2024-11-14 01:55:00+00:00,92.80000305175781,93.0,92.5999984741211,92.5999984741211,65049,0.0,0.0
2024-11-14 02:00:00+00:00,92.5999984741211,92.5999984741211,92.19999694824219,92.19999694824219,123421,0.0,0.0
2024-11-14 02:05:00+00:00,92.19999694824219,92.4000015258789,92.0999984741211,92.19999694824219,60208,0.0,0.0
2024-11-14 02:10:00+00:00,92.19999694824219,92.5,91.69999694824219,92.5,159247,0.0,0.0
2024-11-14 02:15:00+00:00,92.5,92.5,91.5,91.69999694824219,188253,0.0,0.0
2024-11-14 02:20:00+00:00,91.9000015258789,92.19999694824219,91.80000305175781,92.19999694824219,38850,0.0,0.0
2024-11-14 02:25:00+00:00,92.19999694824219,92.30000305175781,92.19999694824219,92.19999694824219,17585,0.0,0.0
2024-11-14 02:30:00+00:00,92.19999694824219,92.19999694824219,92.0,92.19999694824219,72307,0.0,0.0
2024-11-14 02:35:00+00:00,92.19999694824219,92.9000015258789,92.19999694824219,92.5,101923,0.0,0.0
2024-11-14 02:40:00+00:00,92.5,92.5,92.0,92.0999984741211,56030,0.0,0.0
2024-11-14 02:45:00+00:00,92.19999694824219,92.19999694824219,91.9000015258789,91.9000015258789,50279,0.0,0.0
2024-11-14 02:50:00+00:00,91.9000015258789,92.0,91.80000305175781,92.0,47150,0.0,0.0
2024-11-14 02:55:00+00:00,92.0,92.0,91.80000305175781,91.80000305175781,60060,0.0,0.0
2024-11-14 03:00:00+00:00,91.69999694824219,91.69999694824219,91.5,91.5,129151,0.0,0.0
2024-11-14 03:05:00+00:00,91.5,91.9000015258789,91.4000015258789,91.80000305175781,90679,0.0,0.0
2024-11-14 03:10:00+00:00,91.80000305175781,92.0999984741211,91.80000305175781,91.9000015258789,67607,0.0,0.0
2024-11-14 03:15:00+00:00,91.9000015258789,91.9000015258789,91.5999984741211,91.69999694824219,28000,0.0,0.0
2024-11-14 03:20:00+00:00,91.80000305175781,91.80000305175781,91.30000305175781,91.4000015258789,120189,0.0,0.0
2024-11-14 03:25:00+00:00,91.4000015258789,91.4000015258789,91.19999694824219,91.19999694824219,124050,0.0,0.0
2024-11-14 03:30:00+00:00,91.19999694824219,91.30000305175781,91.0999984741211,91.19999694824219,63488,0.0,0.0
2024-11-14 03:35:00+00:00,91.19999694824219,91.19999694824219,91.19999694824219,91.19999694824219,17000,0.0,0.0
2024-11-14 03:40:00+00:00,91.30000305175781,91.4000015258789,91.0,91.0999984741211,91220,0.0,0.0
2024-11-14 03:45:00+00:00,91.0999984741211,91.19999694824219,91.0,91.19999694824219,72310,0.0,0.0
2024-11-14 03:50:00+00:00,91.19999694824219,91.19999694824219,91.0,91.0999984741211,43200,0.0,0.0
2024-11-14 03:55:00+00:00,91.0999984741211,91.0999984741211,90.9000015258789,90.9000015258789,79105,0.0,0.0
2024-11-14 04:00:00+00:00,90.80000305175781,90.80000305175781,90.5,90.69999694824219,119932,0.0,0.0
2024-11-14 04:05:00+00:00,90.69999694824219,91.0,90.5,91.0,82000,0.0,0.0
2024-11-14 04:10:00+00:00,91.0,91.0,90.4000015258789,90.5999984741211,80372,0.0,0.0
2024-11-14 04:15:00+00:00,90.69999694824219,90.9000015258789,90.5999984741211,90.80000305175781,22030,0.0,0.0
2024-11-14 04:20:00+00:00,90.69999694824219,91.19999694824219,90.69999694824219,91.19999694824219,49325,0.0,0.0
2024-11-14 04:25:00+00:00,91.19999694824219,91.4000015258789,90.9000015258789,91.4000015258789,40016,0.0,0.0
2024-11-14 04:30:00+00:00,91.19999694824219,91.19999694824219,91.0,91.0999984741211,23222,0.0,0.0
2024-11-14 04:35:00+00:00,91.0999984741211,91.0999984741211,90.80000305175781,90.9000015258789,53257,0.0,0.0
2024-11-14 04:40:00+00:00,90.80000305175781,90.80000305175781,90.4000015258789,90.5,115032,0.0,0.0
2024-11-14 04:45:00+00:00,90.5,90.5,90.4000015258789,90.4000015258789,45085,0.0,0.0
2024-11-14 04:50:00+00:00,90.4000015258789,90.4000015258789,90.0999984741211,90.30000305175781,134423,0.0,0.0
2024-11-14 04:55:00+00:00,90.30000305175781,90.30000305175781,90.0999984741211,90.0999984741211,51650,0.0,0.0
2024-11-14 05:00:00+00:00,90.0999984741211,90.4000015258789,90.0999984741211,90.4000015258789,49180,0.0,0.0
2024-11-14 05:05:00+00:00,90.19999694824219,90.19999694824219,90.0,90.0,102500,0.0,0.0
2024-11-14 05:10:00+00:00,90.0,90.0999984741211,89.9000015258789,90.0,130715,0.0,0.0
2024-11-14 05:15:00+00:00,89.9000015258789,90.0,89.5999984741211,89.9000015258789,248605,0.0,0.0
2024-11-14 05:20:00+00:00,90.0,90.0,89.5,89.5,279500,0.0,0.0
2024-11-15 01:00:00+00:00,90.5,91.80000305175781,90.30000305175781,91.5,0,0.0,0.0
2024-11-15 01:05:00+00:00,91.5999984741211,91.5999984741211,90.5999984741211,91.30000305175781,185456,0.0,0.0
2024-11-15 01:10:00+00:00,91.19999694824219,92.4000015258789,90.80000305175781,92.4000015258789,293670,0.0,0.0
2024-11-15 01:15:00+00:00,92.4000015258789,92.5999984741211,91.9000015258789,92.0,416923,0.0,0.0
2024-11-15 01:20:00+00:00,92.0999984741211,92.0999984741211,91.30000305175781,91.5999984741211,110850,0.0,0.0
2024-11-15 01:25:00+00:00,91.5,91.5999984741211,91.30000305175781,91.30000305175781,50194,0.0,0.0
2024-11-15 01:30:00+00:00,91.19999694824219,91.5,91.0999984741211,91.0999984741211,57075,0.0,0.0
2024-11-15 01:35:00+00:00,91.0,91.0999984741211,90.80000305175781,90.80000305175781,105237,0.0,0.0
2024-11-15 01:40:00+00:00,90.80000305175781,91.0,90.5,90.9000015258789,80514,0.0,0.0
2024-11-15 01:45:00+00:00,90.9000015258789,91.0,90.80000305175781,90.80000305175781,42583,0.0,0.0
2024-11-15 01:50:00+00:00,90.80000305175781,90.80000305175781,90.0999984741211,90.0999984741211,169834,0.0,0.0
2024-11-15 01:55:00+00:00,90.0999984741211,90.30000305175781,89.9000015258789,90.19999694824219,269141,0.0,0.0
2024-11-15 02:00:00+00:00,90.0999984741211,90.19999694824219,90.0999984741211,90.0999984741211,37500,0.0,0.0
2024-11-15 02:05:00+00:00,90.0999984741211,90.5,90.0999984741211,90.4000015258789,135087,0.0,0.0
2024-11-15 02:10:00+00:00,90.5,90.5,90.0,90.0,89091,0.0,0.0
2024-11-15 02:15:00+00:00,90.0,90.0999984741211,90.0,90.0999984741211,38898,0.0,0.0
2024-11-15 02:20:00+00:00,90.0999984741211,90.0999984741211,89.9000015258789,90.0,43120,0.0,0.0
2024-11-15 02:25:00+00:00,90.0,90.0,89.9000015258789,90.0,16006,0.0,0.0
2024-11-15 02:30:00+00:00,90.0,90.0999984741211,89.4000015258789,89.5999984741211,173110,0.0,0.0
2024-11-15 02:35:00+00:00,89.69999694824219,90.0,89.5999984741211,90.0,72519,0.0,0.0
2024-11-15 02:40:00+00:00,90.0,90.19999694824219,89.69999694824219,89.69999694824219,20795,0.0,0.0
2024-11-15 02:45:00+00:00,89.80000305175781,89.80000305175781,89.5999984741211,89.80000305175781,29215,0.0,0.0
2024-11-15 02:50:00+00:00,89.9000015258789,90.0,89.9000015258789,90.0,6000,0.0,0.0
2024-11-15 02:55:00+00:00,90.0,90.0,89.80000305175781,89.9000015258789,8000,0.0,0.0
2024-11-15 03:00:00+00:00,89.9000015258789,90.0,89.80000305175781,89.9000015258789,17100,0.0,0.0
2024-11-15 03:05:00+00:00,89.9000015258789,90.0999984741211,89.9000015258789,90.0999984741211,22000,0.0,0.0
2024-11-15 03:10:00+00:00,90.0999984741211,90.0999984741211,89.9000015258789,89.9000015258789,20140,0.0,0.0
2024-11-15 03:15:00+00:00,89.9000015258789,90.0,89.9000015258789,89.9000015258789,4170,0.0,0.0
2024-11-15 03:20:00+00:00,90.0,90.30000305175781,90.0,90.30000305175781,26029,0.0,0.0
2024-11-15 03:25:00+00:00,90.30000305175781,90.30000305175781,90.0,90.0,11000,0.0,0.0
2024-11-15 03:30:00+00:00,90.0,90.0,90.0,90.0,8060,0.0,0.0
2024-11-15 03:35:00+00:00,90.0,90.0,90.0,90.0,10225,0.0,0.0
2024-11-15 03:40:00+00:00,90.0,90.4000015258789,90.0,90.4000015258789,10373,0.0,0.0
2024-11-15 03:45:00+00:00,90.4000015258789,90.4000015258789,90.0999984741211,90.0999984741211,19001,0.0,0.0
2024-11-15 03:50:00+00:00,90.0999984741211,90.4000015258789,90.0999984741211,90.4000015258789,9022,0.0,0.0
2024-11-15 03:55:00+00:00,90.19999694824219,90.19999694824219,89.69999694824219,89.9000015258789,43000,0.0,0.0
2024-11-15 04:00:00+00:00,89.9000015258789,89.9000015258789,89.69999694824219,89.69999694824219,12088,0.0,0.0
2024-11-15 04:05:00+00:00,89.80000305175781,89.80000305175781,89.69999694824219,89.69999694824219,18303,0.0,0.0
2024-11-15 04:10:00+00:00,89.69999694824219,89.69999694824219,89.30000305175781,89.69999694824219,107200,0.0,0.0
2024-11-15 04:15:00+00:00,89.69999694824219,89.69999694824219,89.4000015258789,89.5,26702,0.0,0.0
2024-11-15 04:20:00+00:00,89.5,89.5999984741211,89.5,89.5999984741211,19000,0.0,0.0
2024-11-15 04:25:00+00:00,89.69999694824219,89.80000305175781,89.69999694824219,89.80000305175781,11000,0.0,0.0
2024-11-15 04:30:00+00:00,89.80000305175781,89.9000015258789,89.80000305175781,89.9000015258789,17140,0.0,0.0
2024-11-15 04:35:00+00:00,90.0,90.0999984741211,89.9000015258789,90.0999984741211,31000,0.0,0.0
2024-11-15 04:40:00+00:00,90.0999984741211,90.0999984741211,89.80000305175781,89.9000015258789,42217,0.0,0.0
2024-11-15 04:45:00+00:00,89.9000015258789,90.0,89.80000305175781,89.80000305175781,15100,0.0,0.0
2024-11-15 04:50:00+00:00,89.80000305175781,89.80000305175781,89.5,89.5,57460,0.0,0.0
2024-11-15 04:55:00+00:00,89.5999984741211,89.69999694824219,89.5999984741211,89.5999984741211,16105,0.0,0.0
2024-11-15 05:00:00+00:00,89.5,89.69999694824219,89.5,89.69999694824219,21150,0.0,0.0
2024-11-15 05:05:00+00:00,89.69999694824219,89.69999694824219,89.5999984741211,89.69999694824219,22165,0.0,0.0
2024-11-15 05:10:00+00:00,89.69999694824219,89.69999694824219,89.4000015258789,89.4000015258789,74300,0.0,0.0
2024-11-15 05:15:00+00:00,89.5,89.5,89.4000015258789,89.5,74110,0.0,0.0
2024-11-15 05:20:00+00:00,89.5,89.69999694824219,89.4000015258789,89.5999984741211,100155,0.0,0.0
2024-11-18 01:00:00+00:00,89.0,90.4000015258789,89.0,89.5999984741211,0,0.0,0.0
2024-11-18 01:05:00+00:00,89.5999984741211,89.5999984741211,88.80000305175781,88.80000305175781,71082,0.0,0.0
2024-11-18 01:10:00+00:00,88.80000305175781,88.80000305175781,88.5,88.69999694824219,66274,0.0,0.0
2024-11-18 01:15:00+00:00,88.5999984741211,88.80000305175781,88.5999984741211,88.80000305175781,34352,0.0,0.0
2024-11-18 01:20:00+00:00,88.80000305175781,89.19999694824219,88.69999694824219,89.0999984741211,51300,0.0,0.0
2024-11-18 01:25:00+00:00,89.0999984741211,89.0999984741211,88.9000015258789,89.0,23000,0.0,0.0
2024-11-18 01:30:00+00:00,88.9000015258789,89.0,88.30000305175781,88.30000305175781,158010,0.0,0.0
2024-11-18 01:35:00+00:00,88.30000305175781,88.80000305175781,88.30000305175781,88.80000305175781,84933,0.0,0.0
2024-11-18 01:40:00+00:00,88.69999694824219,88.69999694824219,87.80000305175781,87.80000305175781,131188,0.0,0.0
2024-11-18 01:45:00+00:00,88.0,88.0999984741211,87.9000015258789,88.0,42334,0.0,0.0
2024-11-18 01:50:00+00:00,88.0,88.0,87.5999984741211,87.5999984741211,58115,0.0,0.0
2024-11-18 01:55:00+00:00,87.69999694824219,87.80000305175781,87.5999984741211,87.80000305175781,30610,0.0,0.0
2024-11-18 02:00:00+00:00,87.80000305175781,87.9000015258789,87.80000305175781,87.9000015258789,20058,0.0,0.0
2024-11-18 02:05:00+00:00,87.69999694824219,87.69999694824219,87.0,87.0,189232,0.0,0.0
2024-11-18 02:10:00+00:00,87.0999984741211,87.19999694824219,86.9000015258789,87.0,102454,0.0,0.0
2024-11-18 02:15:00+00:00,87.0999984741211,87.9000015258789,87.0,87.80000305175781,55250,0.0,0.0
2024-11-18 02:20:00+00:00,87.80000305175781,87.80000305175781,87.4000015258789,87.4000015258789,44000,0.0,0.0
2024-11-18 02:25:00+00:00,87.30000305175781,87.30000305175781,86.9000015258789,86.9000015258789,113300,0.0,0.0
2024-11-18 02:30:00+00:00,87.0,87.19999694824219,86.80000305175781,86.80000305175781,79150,0.0,0.0
2024-11-18 02:35:00+00:00,86.9000015258789,86.9000015258789,86.30000305175781,86.5,241867,0.0,0.0
2024-11-18 02:40:00+00:00,86.5,86.80000305175781,86.4000015258789,86.4000015258789,117485,0.0,0.0
2024-11-18 02:45:00+00:00,86.4000015258789,86.5999984741211,86.4000015258789,86.5,12765,0.0,0.0
2024-11-18 02:50:00+00:00,86.5,86.5,86.19999694824219,86.19999694824219,90151,0.0,0.0
2024-11-18 02:55:00+00:00,86.30000305175781,86.5999984741211,86.30000305175781,86.5,21090,0.0,0.0
2024-11-18 03:00:00+00:00,86.5,86.69999694824219,86.5,86.5,22280,0.0,0.0
2024-11-18 03:05:00+00:00,86.69999694824219,86.9000015258789,86.69999694824219,86.80000305175781,13112,0.0,0.0
2024-11-18 03:10:00+00:00,86.80000305175781,86.9000015258789,86.5,86.5,41015,0.0,0.0
2024-11-18 03:15:00+00:00,86.5999984741211,86.5999984741211,86.19999694824219,86.30000305175781,96010,0.0,0.0
2024-11-18 03:20:00+00:00,86.30000305175781,86.30000305175781,86.30000305175781,86.30000305175781,36230,0.0,0.0
2024-11-18 03:25:00+00:00,86.19999694824219,86.19999694824219,85.69999694824219,85.69999694824219,229557,0.0,0.0
2024-11-18 03:30:00+00:00,85.69999694824219,85.80000305175781,85.5999984741211,85.80000305175781,77264,0.0,0.0
2024-11-18 03:35:00+00:00,85.9000015258789,86.0,85.80000305175781,85.9000015258789,39215,0.0,0.0
2024-11-18 03:40:00+00:00,85.9000015258789,85.9000015258789,85.69999694824219,85.80000305175781,52310,0.0,0.0
2024-11-18 03:45:00+00:00,85.80000305175781,85.80000305175781,85.5999984741211,85.69999694824219,44370,0.0,0.0
2024-11-18 03:50:00+00:00,85.69999694824219,85.69999694824219,85.5999984741211,85.5999984741211,35331,0.0,0.0
2024-11-18 03:55:00+00:00,85.69999694824219,85.69999694824219,85.5999984741211,85.5999984741211,28061,0.0,0.0
2024-11-18 04:00:00+00:00,85.80000305175781,85.80000305175781,85.5999984741211,85.80000305175781,34420,0.0,0.0
2024-11-18 04:05:00+00:00,85.80000305175781,85.80000305175781,85.69999694824219,85.69999694824219,54055,0.0,0.0
2024-11-18 04:10:00+00:00,85.69999694824219,85.9000015258789,85.69999694824219,85.9000015258789,29240,0.0,0.0
2024-11-18 04:15:00+00:00,85.9000015258789,86.19999694824219,85.9000015258789,86.19999694824219,36100,0.0,0.0
2024-11-18 04:20:00+00:00,86.0999984741211,86.19999694824219,86.0,86.0999984741211,23274,0.0,0.0
2024-11-18 04:25:00+00:00,86.0999984741211,86.4000015258789,86.0,86.4000015258789,42150,0.0,0.0
2024-11-18 04:30:00+00:00,86.4000015258789,86.5999984741211,86.30000305175781,86.5999984741211,38015,0.0,0.0
2024-11-18 04:35:00+00:00,86.5999984741211,86.69999694824219,86.4000015258789,86.4000015258789,42005,0.0,0.0
2024-11-18 04:40:00+00:00,86.4000015258789,86.4000015258789,86.0,86.0999984741211,47518,0.0,0.0
2024-11-18 04:45:00+00:00,86.19999694824219,86.30000305175781,86.0999984741211,86.30000305175781,29000,0.0,0.0
2024-11-18 04:50:00+00:00,86.30000305175781,86.4000015258789,86.19999694824219,86.30000305175781,20272,0.0,0.0
2024-11-18 04:55:00+00:00,86.30000305175781,86.5,86.19999694824219,86.19999694824219,31200,0.0,0.0
2024-11-18 05:00:00+00:00,86.30000305175781,86.4000015258789,86.0999984741211,86.0999984741211,34862,0.0,0.0
2024-11-18 05:05:00+00:00,86.0999984741211,86.19999694824219,86.0999984741211,86.0999984741211,31132,0.0,0.0
2024-11-18 05:10:00+00:00,86.0999984741211,87.80000305175781,86.0,87.80000305175781,221950,0.0,0.0
2024-11-18 05:15:00+00:00,87.69999694824219,87.9000015258789,87.0,87.0,264228,0.0,0.0
2024-11-18 05:20:00+00:00,86.9000015258789,87.19999694824219,86.5,86.5999984741211,269570,0.0,0.0
2024-11-19 01:00:00+00:00,88.0,88.4000015258789,86.69999694824219,86.80000305175781,0,0.0,0.0
2024-11-19 01:05:00+00:00,86.69999694824219,87.5999984741211,86.5,87.5999984741211,252000,0.0,0.0
2024-11-19 01:10:00+00:00,87.5999984741211,87.69999694824219,87.0,87.19999694824219,255808,0.0,0.0
2024-11-19 01:15:00+00:00,87.0999984741211,87.5,87.0999984741211,87.30000305175781,56060,0.0,0.0
2024-11-19 01:20:00+00:00,87.30000305175781,87.9000015258789,87.30000305175781,87.9000015258789,89603,0.0,0.0
2024-11-19 01:25:00+00:00,87.9000015258789,87.9000015258789,87.5999984741211,87.80000305175781,78100,0.0,0.0
2024-11-19 01:30:00+00:00,87.80000305175781,88.5999984741211,87.69999694824219,88.5,303274,0.0,0.0
2024-11-19 01:35:00+00:00,88.5999984741211,89.80000305175781,88.5999984741211,89.4000015258789,515310,0.0,0.0
2024-11-19 01:40:00+00:00,89.4000015258789,89.5999984741211,88.5999984741211,88.5999984741211,309928,0.0,0.0
2024-11-19 01:45:00+00:00,88.5999984741211,88.5999984741211,88.30000305175781,88.4000015258789,82713,0.0,0.0
2024-11-19 01:50:00+00:00,88.30000305175781,88.5,88.19999694824219,88.5,68000,0.0,0.0
2024-11-19 01:55:00+00:00,88.5,88.5999984741211,88.0999984741211,88.0999984741211,92020,0.0,0.0
2024-11-19 02:00:00+00:00,88.0999984741211,88.0999984741211,87.5999984741211,88.0,149484,0.0,0.0
2024-11-19 02:05:00+00:00,87.9000015258789,88.0,87.5999984741211,87.5999984741211,94460,0.0,0.0
2024-11-19 02:10:00+00:00,87.5999984741211,87.80000305175781,87.5,87.80000305175781,39005,0.0,0.0
2024-11-19 02:15:00+00:00,87.80000305175781,87.9000015258789,87.80000305175781,87.9000015258789,6045,0.0,0.0
2024-11-19 02:20:00+00:00,87.9000015258789,87.9000015258789,87.80000305175781,87.80000305175781,10000,0.0,0.0
2024-11-19 02:25:00+00:00,87.80000305175781,87.9000015258789,87.80000305175781,87.9000015258789,9000,0.0,0.0
2024-11-19 02:30:00+00:00,87.80000305175781,88.0,87.80000305175781,87.9000015258789,16199,0.0,0.0
2024-11-19 02:35:00+00:00,87.9000015258789,89.0,87.9000015258789,88.80000305175781,147436,0.0,0.0
2024-11-19 02:40:00+00:00,88.80000305175781,89.30000305175781,88.69999694824219,88.69999694824219,106225,0.0,0.0
2024-11-19 02:45:00+00:00,88.69999694824219,88.69999694824219,88.30000305175781,88.5,38144,0.0,0.0
2024-11-19 02:50:00+00:00,88.30000305175781,88.30000305175781,88.30000305175781,88.30000305175781,4003,0.0,0.0
2024-11-19 02:55:00+00:00,88.5,88.5999984741211,88.4000015258789,88.5,52347,0.0,0.0
2024-11-19 03:00:00+00:00,88.5999984741211,88.5999984741211,88.19999694824219,88.19999694824219,22040,0.0,0.0
2024-11-19 03:05:00+00:00,88.19999694824219,88.19999694824219,88.0999984741211,88.0999984741211,20010,0.0,0.0
2024-11-19 03:10:00+00:00,88.0999984741211,88.0999984741211,88.0,88.0,21793,0.0,0.0
2024-11-19 03:15:00+00:00,88.0,88.19999694824219,88.0,88.19999694824219,14000,0.0,0.0
2024-11-19 03:20:00+00:00,88.19999694824219,88.5,88.0999984741211,88.5,19100,0.0,0.0
2024-11-19 03:25:00+00:00,88.5999984741211,88.5999984741211,88.4000015258789,88.5,11000,0.0,0.0
2024-11-19 03:30:00+00:00,88.30000305175781,88.5999984741211,88.30000305175781,88.5,26300,0.0,0.0
2024-11-19 03:35:00+00:00,88.5,88.5,88.5,88.5,7010,0.0,0.0
2024-11-19 03:40:00+00:00,88.4000015258789,88.4000015258789,88.19999694824219,88.19999694824219,32025,0.0,0.0
2024-11-19 03:45:00+00:00,88.30000305175781,88.30000305175781,88.19999694824219,88.19999694824219,18035,0.0,0.0
2024-11-19 03:50:00+00:00,88.30000305175781,88.30000305175781,88.30000305175781,88.30000305175781,2000,0.0,0.0
2024-11-19 03:55:00+00:00,88.30000305175781,88.30000305175781,88.19999694824219,88.19999694824219,7000,0.0,0.0
2024-11-19 04:00:00+00:00,88.19999694824219,88.30000305175781,88.0999984741211,88.19999694824219,17028,0.0,0.0
2024-11-19 04:05:00+00:00,88.19999694824219,88.19999694824219,88.0999984741211,88.0999984741211,16102,0.0,0.0
2024-11-19 04:10:00+00:00,88.0999984741211,88.0999984741211,88.0,88.0999984741211,24371,0.0,0.0
2024-11-19 04:15:00+00:00,88.0999984741211,88.19999694824219,88.0,88.0999984741211,13000,0.0,0.0
2024-11-19 04:20:00+00:00,88.0999984741211,88.19999694824219,88.0999984741211,88.19999694824219,12000,0.0,0.0
2024-11-19 04:25:00+00:00,88.19999694824219,88.30000305175781,88.19999694824219,88.19999694824219,15000,0.0,0.0
2024-11-19 04:30:00+00:00,88.19999694824219,88.19999694824219,88.19999694824219,88.19999694824219,6055,0.0,0.0
2024-11-19 04:35:00+00:00,88.19999694824219,88.19999694824219,88.19999694824219,88.19999694824219,9100,0.0,0.0
2024-11-19 04:40:00+00:00,88.30000305175781,88.30000305175781,88.0999984741211,88.0999984741211,37228,0.0,0.0
2024-11-19 04:45:00+00:00,88.0999984741211,88.0999984741211,88.0999984741211,88.0999984741211,21020,0.0,0.0
2024-11-19 04:50:00+00:00,88.19999694824219,88.30000305175781,88.19999694824219,88.30000305175781,50001,0.0,0.0
2024-11-19 04:55:00+00:00,88.30000305175781,88.30000305175781,88.0,88.0999984741211,40300,0.0,0.0
2024-11-19 05:00:00+00:00,88.0,88.0999984741211,87.80000305175781,87.80000305175781,88697,0.0,0.0
2024-11-19 05:05:00+00:00,87.69999694824219,87.9000015258789,87.69999694824219,87.80000305175781,62110,0.0,0.0
2024-11-19 05:10:00+00:00,87.80000305175781,87.80000305175781,87.5999984741211,87.5999984741211,66715,0.0,0.0
2024-11-19 05:15:00+00:00,87.5999984741211,87.5999984741211,87.4000015258789,87.5,89314,0.0,0.0
2024-11-19 05:20:00+00:00,87.5,87.5999984741211,87.4000015258789,87.5,97505,0.0,0.0
2024-11-20 01:00:00+00:00,88.5,88.69999694824219,87.80000305175781,88.4000015258789,0,0.0,0.0
2024-11-20 01:05:00+00:00,88.30000305175781,88.80000305175781,88.19999694824219,88.30000305175781,113000,0.0,0.0
2024-11-20 01:10:00+00:00,88.30000305175781,88.30000305175781,87.9000015258789,88.0,48521,0.0,0.0
2024-11-20 01:15:00+00:00,88.0999984741211,88.19999694824219,87.9000015258789,87.9000015258789,33695,0.0,0.0
2024-11-20 01:20:00+00:00,87.80000305175781,87.9000015258789,87.69999694824219,87.9000015258789,49980,0.0,0.0
2024-11-20 01:25:00+00:00,87.80000305175781,87.80000305175781,87.5,87.69999694824219,36178,0.0,0.0
2024-11-20 01:30:00+00:00,87.5999984741211,87.5999984741211,87.30000305175781,87.4000015258789,68400,0.0,0.0
2024-11-20 01:35:00+00:00,87.4000015258789,87.5,87.30000305175781,87.5,21010,0.0,0.0
2024-11-20 01:40:00+00:00,87.5,87.5,87.19999694824219,87.19999694824219,33090,0.0,0.0
2024-11-20 01:45:00+00:00,87.19999694824219,87.30000305175781,87.0,87.0999984741211,91261,0.0,0.0
2024-11-20 01:50:00+00:00,87.0999984741211,87.30000305175781,87.0,87.19999694824219,47680,0.0,0.0
2024-11-20 01:55:00+00:00,87.19999694824219,87.19999694824219,87.19999694824219,87.19999694824219,5039,0.0,0.0
2024-11-20 02:00:00+00:00,87.30000305175781,87.4000015258789,87.30000305175781,87.4000015258789,9000,0.0,0.0
2024-11-20 02:05:00+00:00,87.4000015258789,87.5999984741211,87.4000015258789,87.5,25115,0.0,0.0
2024-11-20 02:10:00+00:00,87.5999984741211,87.80000305175781,87.30000305175781,87.69999694824219,30100,0.0,0.0
2024-11-20 02:15:00+00:00,87.69999694824219,87.69999694824219,87.5,87.5,11005,0.0,0.0
2024-11-20 02:20:00+00:00,87.5,87.5,87.5,87.5,2000,0.0,0.0
2024-11-20 02:25:00+00:00,87.5,87.5,87.4000015258789,87.4000015258789,9000,0.0,0.0
2024-11-20 02:30:00+00:00,87.5,87.5,87.19999694824219,87.4000015258789,26000,0.0,0.0
2024-11-20 02:35:00+00:00,87.5,87.5,87.4000015258789,87.4000015258789,6250,0.0,0.0
2024-11-20 02:40:00+00:00,87.4000015258789,87.4000015258789,87.30000305175781,87.4000015258789,7045,0.0,0.0
2024-11-20 02:45:00+00:00,87.4000015258789,87.5999984741211,87.4000015258789,87.5,7226,0.0,0.0
2024-11-20 02:50:00+00:00,87.5,87.5,87.5,87.5,2000,0.0,0.0
2024-11-20 02:55:00+00:00,87.5999984741211,87.5999984741211,87.5,87.5,5055,0.0,0.0
2024-11-20 03:00:00+00:00,87.4000015258789,87.4000015258789,87.4000015258789,87.4000015258789,1100,0.0,0.0
2024-11-20 03:05:00+00:00,87.4000015258789,87.4000015258789,87.4000015258789,87.4000015258789,6185,0.0,0.0
2024-11-20 03:15:00+00:00,87.4000015258789,87.4000015258789,87.19999694824219,87.19999694824219,31000,0.0,0.0
2024-11-20 03:20:00+00:00,87.19999694824219,87.19999694824219,87.0999984741211,87.0999984741211,6115,0.0,0.0
2024-11-20 03:25:00+00:00,87.0999984741211,87.19999694824219,87.0999984741211,87.0999984741211,9011,0.0,0.0
2024-11-20 03:30:00+00:00,87.19999694824219,87.19999694824219,87.19999694824219,87.19999694824219,1000,0.0,0.0
2024-11-20 03:35:00+00:00,87.19999694824219,87.30000305175781,87.0999984741211,87.30000305175781,9000,0.0,0.0
2024-11-20 03:40:00+00:00,87.19999694824219,87.19999694824219,87.19999694824219,87.19999694824219,8339,0.0,0.0
2024-11-20 03:45:00+00:00,87.19999694824219,87.19999694824219,87.19999694824219,87.19999694824219,6015,0.0,0.0
2024-11-20 03:50:00+00:00,87.19999694824219,87.30000305175781,87.0999984741211,87.0999984741211,4000,0.0,0.0
2024-11-20 03:55:00+00:00,87.19999694824219,87.19999694824219,87.0999984741211,87.19999694824219,20000,0.0,0.0
2024-11-20 04:00:00+00:00,87.19999694824219,87.19999694824219,86.9000015258789,86.9000015258789,111015,0.0,0.0
2024-11-20 04:05:00+00:00,86.9000015258789,87.0,86.80000305175781,86.80000305175781,19181,0.0,0.0
2024-11-20 04:10:00+00:00,86.9000015258789,87.0,86.9000015258789,86.9000015258789,13172,0.0,0.0
2024-11-20 04:15:00+00:00,86.80000305175781,86.9000015258789,86.69999694824219,86.69999694824219,67000,0.0,0.0
2024-11-20 04:20:00+00:00,86.69999694824219,86.69999694824219,86.5999984741211,86.5999984741211,37281,0.0,0.0
2024-11-20 04:25:00+00:00,86.5999984741211,86.5999984741211,86.5999984741211,86.5999984741211,9802,0.0,0.0
2024-11-20 04:30:00+00:00,86.69999694824219,86.69999694824219,86.5999984741211,86.69999694824219,20020,0.0,0.0
2024-11-20 04:35:00+00:00,86.69999694824219,86.80000305175781,86.5999984741211,86.80000305175781,36780,0.0,0.0
2024-11-20 04:40:00+00:00,86.69999694824219,86.69999694824219,86.5999984741211,86.69999694824219,36230,0.0,0.0
2024-11-20 04:45:00+00:00,86.69999694824219,86.80000305175781,86.5999984741211,86.80000305175781,11550,0.0,0.0
2024-11-20 04:50:00+00:00,86.80000305175781,86.80000305175781,86.69999694824219,86.69999694824219,12217,0.0,0.0
2024-11-20 04:55:00+00:00,86.69999694824219,86.69999694824219,86.69999694824219,86.69999694824219,19000,0.0,0.0
2024-11-20 05:00:00+00:00,86.80000305175781,87.0,86.80000305175781,86.80000305175781,29657,0.0,0.0
2024-11-20 05:05:00+00:00,86.80000305175781,87.0999984741211,86.80000305175781,86.9000015258789,20180,0.0,0.0
2024-11-20 05:10:00+00:00,86.80000305175781,87.0,86.69999694824219,86.80000305175781,59169,0.0,0.0
2024-11-20 05:15:00+00:00,86.80000305175781,86.80000305175781,86.69999694824219,86.80000305175781,48286,0.0,0.0
2024-11-20 05:20:00+00:00,86.80000305175781,87.0,86.69999694824219,86.9000015258789,70409,0.0,0.0
2024-11-21 01:00:00+00:00,87.0999984741211,87.19999694824219,86.80000305175781,87.19999694824219,0,0.0,0.0
2024-11-21 01:05:00+00:00,87.0999984741211,87.19999694824219,86.9000015258789,87.0999984741211,61175,0.0,0.0
2024-11-21 01:10:00+00:00,87.0999984741211,87.0999984741211,86.9000015258789,87.0,40070,0.0,0.0
2024-11-21 01:15:00+00:00,87.0,89.30000305175781,87.0,89.0999984741211,342050,0.0,0.0
2024-11-21 01:20:00+00:00,89.19999694824219,89.69999694824219,88.5,88.69999694824219,485376,0.0,0.0
2024-11-21 01:25:00+00:00,88.69999694824219,88.80000305175781,88.4000015258789,88.5999984741211,89800,0.0,0.0
2024-11-21 01:30:00+00:00,88.69999694824219,89.19999694824219,88.69999694824219,88.80000305175781,151334,0.0,0.0
2024-11-21 01:35:00+00:00,88.69999694824219,88.69999694824219,88.0999984741211,88.0999984741211,46302,0.0,0.0
2024-11-21 01:40:00+00:00,88.0999984741211,88.4000015258789,88.0999984741211,88.30000305175781,22200,0.0,0.0
2024-11-21 01:45:00+00:00,88.30000305175781,88.4000015258789,88.30000305175781,88.4000015258789,24000,0.0,0.0
2024-11-21 01:50:00+00:00,88.4000015258789,88.5,88.19999694824219,88.19999694824219,42051,0.0,0.0
2024-11-21 01:55:00+00:00,88.19999694824219,88.19999694824219,87.80000305175781,87.9000015258789,85156,0.0,0.0
2024-11-21 02:00:00+00:00,87.80000305175781,87.80000305175781,87.5999984741211,87.5999984741211,30510,0.0,0.0
2024-11-21 02:05:00+00:00,87.5999984741211,87.69999694824219,87.5,87.69999694824219,21000,0.0,0.0
2024-11-21 02:10:00+00:00,87.69999694824219,87.69999694824219,87.4000015258789,87.4000015258789,49000,0.0,0.0
2024-11-21 02:15:00+00:00,87.5,87.5,87.4000015258789,87.5,16000,0.0,0.0
2024-11-21 02:20:00+00:00,87.5,87.5,87.30000305175781,87.5,44000,0.0,0.0
2024-11-21 02:25:00+00:00,87.5,87.69999694824219,87.4000015258789,87.69999694824219,9060,0.0,0.0
2024-11-21 02:30:00+00:00,87.69999694824219,87.69999694824219,87.4000015258789,87.4000015258789,30081,0.0,0.0
2024-11-21 02:35:00+00:00,87.4000015258789,87.69999694824219,87.4000015258789,87.5999984741211,6040,0.0,0.0
2024-11-21 02:40:00+00:00,87.5999984741211,87.5999984741211,87.4000015258789,87.4000015258789,10000,0.0,0.0
2024-11-21 02:45:00+00:00,87.5,87.5,87.30000305175781,87.30000305175781,18000,0.0,0.0
2024-11-21 02:50:00+00:00,87.30000305175781,87.4000015258789,87.19999694824219,87.19999694824219,26620,0.0,0.0
2024-11-21 02:55:00+00:00,87.19999694824219,87.19999694824219,87.0999984741211,87.0999984741211,28260,0.0,0.0
2024-11-21 03:00:00+00:00,87.19999694824219,87.5,87.19999694824219,87.4000015258789,16184,0.0,0.0
2024-11-21 03:05:00+00:00,87.5,87.5999984741211,87.4000015258789,87.5999984741211,8000,0.0,0.0
2024-11-21 03:10:00+00:00,87.5999984741211,87.69999694824219,87.5999984741211,87.69999694824219,8053,0.0,0.0
2024-11-21 03:15:00+00:00,87.69999694824219,87.9000015258789,87.69999694824219,87.9000015258789,10100,0.0,0.0
2024-11-21 03:20:00+00:00,87.9000015258789,88.5,87.9000015258789,88.4000015258789,94380,0.0,0.0
2024-11-21 03:25:00+00:00,88.4000015258789,88.5999984741211,88.30000305175781,88.30000305175781,47274,0.0,0.0
2024-11-21 03:30:00+00:00,88.0999984741211,88.19999694824219,88.0999984741211,88.0999984741211,13025,0.0,0.0
2024-11-21 03:35:00+00:00,88.0,88.0,87.9000015258789,87.9000015258789,17100,0.0,0.0
2024-11-21 03:40:00+00:00,87.80000305175781,87.80000305175781,87.80000305175781,87.80000305175781,10000,0.0,0.0
2024-11-21 03:50:00+00:00,87.80000305175781,87.9000015258789,87.80000305175781,87.80000305175781,19050,0.0,0.0
2024-11-21 03:55:00+00:00,87.80000305175781,87.9000015258789,87.80000305175781,87.9000015258789,2000,0.0,0.0
2024-11-21 04:00:00+00:00,87.9000015258789,87.9000015258789,87.80000305175781,87.80000305175781,16017,0.0,0.0
2024-11-21 04:05:00+00:00,87.80000305175781,87.80000305175781,87.80000305175781,87.80000305175781,4000,0.0,0.0
2024-11-21 04:10:00+00:00,87.80000305175781,87.80000305175781,87.69999694824219,87.69999694824219,30000,0.0,0.0
2024-11-21 04:15:00+00:00,87.69999694824219,87.69999694824219,87.4000015258789,87.4000015258789,46323,0.0,0.0
2024-11-21 04:20:00+00:00,87.4000015258789,87.5,87.4000015258789,87.5,7206,0.0,0.0
2024-11-21 04:25:00+00:00,87.5,87.5999984741211,87.5,87.5,16000,0.0,0.0
2024-11-21 04:30:00+00:00,87.5999984741211,87.5999984741211,87.5,87.5,12020,0.0,0.0
2024-11-21 04:35:00+00:00,87.4000015258789,87.5999984741211,87.4000015258789,87.4000015258789,19140,0.0,0.0
2024-11-21 04:40:00+00:00,87.4000015258789,87.5,87.4000015258789,87.4000015258789,20264,0.0,0.0
2024-11-21 04:45:00+00:00,87.4000015258789,87.4000015258789,87.0999984741211,87.19999694824219,88067,0.0,0.0
2024-11-21 04:50:00+00:00,87.19999694824219,87.4000015258789,87.19999694824219,87.19999694824219,28000,0.0,0.0
2024-11-21 04:55:00+00:00,87.19999694824219,87.30000305175781,87.19999694824219,87.19999694824219,12125,0.0,0.0
2024-11-21 05:00:00+00:00,87.19999694824219,87.30000305175781,87.19999694824219,87.30000305175781,21050,0.0,0.0
2024-11-21 05:05:00+00:00,87.30000305175781,87.30000305175781,87.30000305175781,87.30000305175781,8100,0.0,0.0
2024-11-21 05:10:00+00:00,87.30000305175781,87.4000015258789,87.19999694824219,87.19999694824219,20075,0.0,0.0
2024-11-21 05:15:00+00:00,87.19999694824219,87.19999694824219,87.0999984741211,87.0999984741211,72010,0.0,0.0
2024-11-21 05:20:00+00:00,87.0999984741211,87.30000305175781,87.0999984741211,87.19999694824219,43355,0.0,0.0
2024-11-22 01:00:00+00:00,88.19999694824219,88.19999694824219,87.9000015258789,88.0999984741211,0,0.0,0.0
2024-11-22 01:05:00+00:00,88.19999694824219,89.4000015258789,88.19999694824219,89.19999694824219,330000,0.0,0.0
2024-11-22 01:10:00+00:00,89.19999694824219,89.5999984741211,89.0,89.0999984741211,141701,0.0,0.0
2024-11-22 01:15:00+00:00,89.0,89.0,88.5999984741211,88.69999694824219,104160,0.0,0.0
2024-11-22 01:20:00+00:00,88.5999984741211,88.69999694824219,88.5999984741211,88.5999984741211,43520,0.0,0.0
2024-11-22 01:25:00+00:00,88.5,88.5999984741211,88.5,88.5999984741211,23610,0.0,0.0
2024-11-22 01:30:00+00:00,88.5,88.9000015258789,88.5,88.9000015258789,31025,0.0,0.0
2024-11-22 01:35:00+00:00,88.9000015258789,89.19999694824219,88.80000305175781,89.0999984741211,86304,0.0,0.0
2024-11-22 01:40:00+00:00,89.0,89.0,88.80000305175781,88.80000305175781,21058,0.0,0.0
2024-11-22 01:45:00+00:00,88.80000305175781,88.80000305175781,88.5,88.5,19362,0.0,0.0
2024-11-22 01:50:00+00:00,88.4000015258789,88.5,88.19999694824219,88.30000305175781,42087,0.0,0.0
2024-11-22 01:55:00+00:00,88.30000305175781,88.4000015258789,88.30000305175781,88.4000015258789,19000,0.0,0.0
2024-11-22 02:00:00+00:00,88.4000015258789,88.4000015258789,88.4000015258789,88.4000015258789,4050,0.0,0.0
2024-11-22 02:05:00+00:00,88.4000015258789,88.4000015258789,88.4000015258789,88.4000015258789,6000,0.0,0.0
2024-11-22 02:10:00+00:00,88.4000015258789,88.5,88.4000015258789,88.5,6030,0.0,0.0
2024-11-22 02:15:00+00:00,88.4000015258789,88.69999694824219,88.4000015258789,88.69999694824219,9180,0.0,0.0
2024-11-22 02:20:00+00:00,88.69999694824219,88.80000305175781,88.69999694824219,88.69999694824219,21020,0.0,0.0
2024-11-22 02:25:00+00:00,88.69999694824219,88.69999694824219,88.69999694824219,88.69999694824219,5000,0.0,0.0
2024-11-22 02:30:00+00:00,88.69999694824219,88.69999694824219,88.5999984741211,88.5999984741211,6000,0.0,0.0
2024-11-22 02:35:00+00:00,88.5999984741211,88.69999694824219,88.5999984741211,88.5999984741211,13000,0.0,0.0
2024-11-22 02:40:00+00:00,88.69999694824219,88.80000305175781,88.69999694824219,88.80000305175781,9000,0.0,0.0
2024-11-22 02:45:00+00:00,88.80000305175781,88.80000305175781,88.69999694824219,88.69999694824219,6000,0.0,0.0
2024-11-22 02:50:00+00:00,88.5999984741211,88.69999694824219,88.5999984741211,88.5999984741211,6000,0.0,0.0
2024-11-22 02:55:00+00:00,88.5999984741211,88.5999984741211,88.5,88.5,6000,0.0,0.0
2024-11-22 03:00:00+00:00,88.5999984741211,88.5999984741211,88.5,88.5999984741211,12050,0.0,0.0
2024-11-22 03:05:00+00:00,88.5999984741211,88.5999984741211,88.5,88.5999984741211,5039,0.0,0.0
2024-11-22 03:10:00+00:00,88.5,88.5999984741211,88.5,88.5999984741211,4075,0.0,0.0
2024-11-22 03:15:00+00:00,88.5999984741211,88.5999984741211,88.5999984741211,88.5999984741211,1100,0.0,0.0
2024-11-22 03:20:00+00:00,88.5,88.69999694824219,88.5,88.69999694824219,10004,0.0,0.0
2024-11-22 03:25:00+00:00,88.5999984741211,88.5999984741211,88.5999984741211,88.5999984741211,16000,0.0,0.0
2024-11-22 03:30:00+00:00,88.5,88.5,88.30000305175781,88.30000305175781,46105,0.0,0.0
2024-11-22 03:35:00+00:00,88.30000305175781,88.30000305175781,88.30000305175781,88.30000305175781,3230,0.0,0.0
2024-11-22 03:40:00+00:00,88.30000305175781,88.30000305175781,88.19999694824219,88.19999694824219,9000,0.0,0.0
2024-11-22 03:45:00+00:00,88.19999694824219,88.19999694824219,88.19999694824219,88.19999694824219,4002,0.0,0.0
2024-11-22 03:50:00+00:00,88.19999694824219,88.30000305175781,88.19999694824219,88.30000305175781,10000,0.0,0.0
2024-11-22 03:55:00+00:00,88.30000305175781,88.30000305175781,88.30000305175781,88.30000305175781,1000,0.0,0.0
2024-11-22 04:00:00+00:00,88.30000305175781,88.4000015258789,88.30000305175781,88.4000015258789,10000,0.0,0.0
2024-11-22 04:05:00+00:00,88.4000015258789,88.4000015258789,88.4000015258789,88.4000015258789,4000,0.0,0.0
2024-11-22 04:10:00+00:00,88.4000015258789,88.4000015258789,88.4000015258789,88.4000015258789,1100,0.0,0.0
2024-11-22 04:15:00+00:00,88.30000305175781,88.30000305175781,88.30000305175781,88.30000305175781,8300,0.0,0.0
2024-11-22 04:20:00+00:00,88.30000305175781,88.30000305175781,88.19999694824219,88.19999694824219,12000,0.0,0.0
2024-11-22 04:25:00+00:00,88.19999694824219,88.19999694824219,88.19999694824219,88.19999694824219,3099,0.0,0.0
2024-11-22 04:30:00+00:00,88.19999694824219,88.4000015258789,88.19999694824219,88.4000015258789,28150,0.0,0.0
2024-11-22 04:35:00+00:00,88.5,88.5999984741211,88.4000015258789,88.5,25100,0.0,0.0
2024-11-22 04:40:00+00:00,88.5,88.69999694824219,88.4000015258789,88.69999694824219,44000,0.0,0.0
2024-11-22 04:45:00+00:00,88.69999694824219,88.69999694824219,88.5,88.5,32000,0.0,0.0
2024-11-22 04:50:00+00:00,88.5,88.5999984741211,88.5,88.5,32140,0.0,0.0
2024-11-22 04:55:00+00:00,88.5,88.5,88.30000305175781,88.30000305175781,27000,0.0,0.0
2024-11-22 05:00:00+00:00,88.30000305175781,88.4000015258789,88.30000305175781,88.4000015258789,9126,0.0,0.0
2024-11-22 05:05:00+00:00,88.4000015258789,88.5,88.30000305175781,88.5,33300,0.0,0.0
2024-11-22 05:10:00+00:00,88.5,88.5,88.4000015258789,88.4000015258789,17174,0.0,0.0
2024-11-22 05:15:00+00:00,88.5,88.5,88.4000015258789,88.5,26000,0.0,0.0
2024-11-22 05:20:00+00:00,88.4000015258789,88.5,88.30000305175781,88.5,51340,0.0,0.0
2024-11-25 01:00:00+00:00,89.5,89.5,89.0,89.0,0,0.0,0.0
2024-11-25 01:05:00+00:00,89.0999984741211,89.9000015258789,89.0999984741211,89.80000305175781,145000,0.0,0.0
2024-11-25 01:10:00+00:00,89.80000305175781,90.5999984741211,89.80000305175781,90.4000015258789,282019,0.0,0.0
2024-11-25 01:15:00+00:00,90.30000305175781,90.30000305175781,89.69999694824219,89.69999694824219,87175,0.0,0.0
2024-11-25 01:20:00+00:00,89.69999694824219,90.0,89.5999984741211,90.0,49000,0.0,0.0
2024-11-25 01:25:00+00:00,89.9000015258789,90.0,89.69999694824219,90.0,46011,0.0,0.0
2024-11-25 01:30:00+00:00,90.0999984741211,90.30000305175781,90.0,90.0999984741211,59898,0.0,0.0
2024-11-25 01:35:00+00:00,90.0,90.0,89.80000305175781,89.9000015258789,20199,0.0,0.0
2024-11-25 01:40:00+00:00,89.80000305175781,89.9000015258789,89.80000305175781,89.80000305175781,26221,0.0,0.0
2024-11-25 01:45:00+00:00,89.80000305175781,89.80000305175781,89.5999984741211,89.80000305175781,30215,0.0,0.0
2024-11-25 01:50:00+00:00,89.9000015258789,90.0999984741211,89.80000305175781,89.80000305175781,63326,0.0,0.0
2024-11-25 01:55:00+00:00,89.80000305175781,89.80000305175781,89.69999694824219,89.80000305175781,34075,0.0,0.0
2024-11-25 02:00:00+00:00,89.80000305175781,90.19999694824219,89.69999694824219,90.19999694824219,48411,0.0,0.0
2024-11-25 02:05:00+00:00,90.19999694824219,90.19999694824219,90.0999984741211,90.0999984741211,34000,0.0,0.0
2024-11-25 02:10:00+00:00,90.0,90.5,90.0,90.5,88150,0.0,0.0
2024-11-25 02:15:00+00:00,90.5,90.80000305175781,90.19999694824219,90.4000015258789,294186,0.0,0.0
2024-11-25 02:20:00+00:00,90.4000015258789,90.4000015258789,90.19999694824219,90.19999694824219,16359,0.0,0.0
2024-11-25 02:25:00+00:00,90.30000305175781,90.4000015258789,90.0999984741211,90.30000305175781,36000,0.0,0.0
2024-11-25 02:30:00+00:00,90.30000305175781,90.4000015258789,90.30000305175781,90.4000015258789,24480,0.0,0.0
2024-11-25 02:35:00+00:00,90.30000305175781,90.4000015258789,90.30000305175781,90.30000305175781,14307,0.0,0.0
2024-11-25 02:40:00+00:00,90.30000305175781,90.30000305175781,90.19999694824219,90.19999694824219,12087,0.0,0.0
2024-11-25 02:45:00+00:00,90.0999984741211,90.0999984741211,90.0,90.0999984741211,28255,0.0,0.0
2024-11-25 02:50:00+00:00,90.0999984741211,90.0999984741211,89.9000015258789,89.9000015258789,48248,0.0,0.0
2024-11-25 02:55:00+00:00,90.0,90.0,89.9000015258789,89.9000015258789,13030,0.0,0.0
2024-11-25 03:00:00+00:00,89.9000015258789,90.0,89.9000015258789,90.0,5000,0.0,0.0
2024-11-25 03:05:00+00:00,90.0,90.0,89.9000015258789,90.0,4115,0.0,0.0
2024-11-25 03:10:00+00:00,90.0,90.0999984741211,90.0,90.0,29053,0.0,0.0
2024-11-25 03:15:00+00:00,90.0,90.0,90.0,90.0,7060,0.0,0.0
2024-11-25 03:20:00+00:00,90.0,90.0,89.9000015258789,89.9000015258789,21000,0.0,0.0
2024-11-25 03:25:00+00:00,89.9000015258789,89.9000015258789,89.9000015258789,89.9000015258789,10000,0.0,0.0
2024-11-25 03:30:00+00:00,89.9000015258789,89.9000015258789,89.5999984741211,89.69999694824219,33577,0.0,0.0
2024-11-25 03:35:00+00:00,89.69999694824219,89.69999694824219,89.69999694824219,89.69999694824219,15200,0.0,0.0
2024-11-25 03:40:00+00:00,89.69999694824219,90.4000015258789,89.69999694824219,90.19999694824219,80231,0.0,0.0
2024-11-25 03:45:00+00:00,90.19999694824219,90.4000015258789,90.0999984741211,90.4000015258789,32000,0.0,0.0
2024-11-25 03:50:00+00:00,90.4000015258789,90.5,90.30000305175781,90.30000305175781,30000,0.0,0.0
2024-11-25 03:55:00+00:00,90.30000305175781,90.30000305175781,90.19999694824219,90.19999694824219,20000,0.0,0.0
2024-11-25 04:00:00+00:00,90.30000305175781,90.69999694824219,90.30000305175781,90.69999694824219,113943,0.0,0.0
2024-11-25 04:05:00+00:00,90.69999694824219,90.69999694824219,90.30000305175781,90.30000305175781,21171,0.0,0.0
2024-11-25 04:10:00+00:00,90.30000305175781,90.30000305175781,90.0999984741211,90.30000305175781,23060,0.0,0.0
2024-11-25 04:15:00+00:00,90.19999694824219,90.5,90.19999694824219,90.4000015258789,29100,0.0,0.0
2024-11-25 04:20:00+00:00,90.4000015258789,90.5,90.4000015258789,90.5,35110,0.0,0.0
2024-11-25 04:25:00+00:00,90.5,90.5,90.30000305175781,90.30000305175781,30000,0.0,0.0
2024-11-25 04:30:00+00:00,90.30000305175781,90.30000305175781,90.19999694824219,90.19999694824219,18125,0.0,0.0
2024-11-25 04:35:00+00:00,90.19999694824219,90.30000305175781,90.19999694824219,90.30000305175781,9000,0.0,0.0
2024-11-25 04:40:00+00:00,90.30000305175781,90.30000305175781,90.19999694824219,90.30000305175781,16180,0.0,0.0
2024-11-25 04:45:00+00:00,90.30000305175781,90.30000305175781,90.19999694824219,90.30000305175781,25055,0.0,0.0
2024-11-25 04:50:00+00:00,90.19999694824219,90.30000305175781,90.19999694824219,90.19999694824219,16050,0.0,0.0
2024-11-25 04:55:00+00:00,90.19999694824219,90.30000305175781,90.0999984741211,90.19999694824219,30065,0.0,0.0
2024-11-25 05:00:00+00:00,90.19999694824219,90.4000015258789,90.0999984741211,90.30000305175781,21000,0.0,0.0
2024-11-25 05:05:00+00:00,90.30000305175781,90.30000305175781,90.30000305175781,90.30000305175781,23200,0.0,0.0
2024-11-25 05:10:00+00:00,90.19999694824219,90.30000305175781,90.19999694824219,90.30000305175781,28482,0.0,0.0
2024-11-25 05:15:00+00:00,90.30000305175781,90.30000305175781,90.30000305175781,90.30000305175781,27101,0.0,0.0
2024-11-25 05:20:00+00:00,90.30000305175781,90.4000015258789,90.19999694824219,90.30000305175781,52495,0.0,0.0
2024-11-26 01:00:00+00:00,91.0999984741211,91.0999984741211,89.9000015258789,90.5999984741211,0,0.0,0.0
2024-11-26 01:05:00+00:00,90.5999984741211,90.5999984741211,89.30000305175781,89.5,111806,0.0,0.0
2024-11-26 01:10:00+00:00,89.5999984741211,89.80000305175781,89.5,89.80000305175781,22012,0.0,0.0
2024-11-26 01:15:00+00:00,89.80000305175781,89.80000305175781,89.5999984741211,89.69999694824219,42345,0.0,0.0
2024-11-26 01:20:00+00:00,89.69999694824219,89.69999694824219,89.5,89.69999694824219,18080,0.0,0.0
2024-11-26 01:25:00+00:00,89.5999984741211,89.9000015258789,89.5999984741211,89.9000015258789,34102,0.0,0.0
2024-11-26 01:30:00+00:00,89.9000015258789,90.0,89.80000305175781,90.0,24149,0.0,0.0
2024-11-26 01:35:00+00:00,90.0,90.0,89.69999694824219,89.69999694824219,19308,0.0,0.0
2024-11-26 01:40:00+00:00,89.69999694824219,89.69999694824219,89.69999694824219,89.69999694824219,5120,0.0,0.0
2024-11-26 01:45:00+00:00,89.69999694824219,90.80000305175781,89.5999984741211,90.19999694824219,153481,0.0,0.0
2024-11-26 01:50:00+00:00,90.19999694824219,90.5,89.80000305175781,90.0999984741211,130651,0.0,0.0
2024-11-26 01:55:00+00:00,90.0999984741211,90.19999694824219,89.80000305175781,89.80000305175781,14691,0.0,0.0
2024-11-26 02:00:00+00:00,89.80000305175781,89.9000015258789,89.69999694824219,89.69999694824219,31011,0.0,0.0
2024-11-26 02:05:00+00:00,89.80000305175781,89.80000305175781,89.69999694824219,89.80000305175781,16090,0.0,0.0
2024-11-26 02:10:00+00:00,89.9000015258789,89.9000015258789,89.69999694824219,89.80000305175781,14000,0.0,0.0
2024-11-26 02:15:00+00:00,89.80000305175781,89.80000305175781,89.5999984741211,89.5999984741211,32837,0.0,0.0
2024-11-26 02:20:00+00:00,89.5999984741211,89.69999694824219,89.5999984741211,89.69999694824219,5000,0.0,0.0
2024-11-26 02:25:00+00:00,89.69999694824219,89.80000305175781,89.69999694824219,89.69999694824219,14025,0.0,0.0
2024-11-26 02:30:00+00:00,89.80000305175781,89.80000305175781,89.5999984741211,89.69999694824219,25000,0.0,0.0
2024-11-26 02:35:00+00:00,89.69999694824219,89.69999694824219,89.5999984741211,89.5999984741211,5009,0.0,0.0
2024-11-26 02:40:00+00:00,89.5999984741211,89.5999984741211,89.5999984741211,89.5999984741211,3366,0.0,0.0
2024-11-26 02:45:00+00:00,89.5999984741211,89.5999984741211,89.5999984741211,89.5999984741211,7000,0.0,0.0
2024-11-26 02:50:00+00:00,89.5999984741211,89.5999984741211,89.5,89.5,40464,0.0,0.0
2024-11-26 02:55:00+00:00,89.5,89.5,89.4000015258789,89.5,12363,0.0,0.0
2024-11-26 03:00:00+00:00,89.5,89.69999694824219,89.5,89.69999694824219,6040,0.0,0.0
2024-11-26 03:05:00+00:00,89.5999984741211,89.5999984741211,89.5,89.5,15002,0.0,0.0
2024-11-26 03:10:00+00:00,89.5,89.5999984741211,89.4000015258789,89.5999984741211,12000,0.0,0.0
2024-11-26 03:15:00+00:00,89.5,89.5,89.4000015258789,89.4000015258789,16000,0.0,0.0
2024-11-26 03:20:00+00:00,89.5,89.5,89.5,89.5,4348,0.0,0.0
2024-11-26 03:25:00+00:00,89.5,89.5999984741211,89.5,89.5999984741211,4000,0.0,0.0
2024-11-26 03:30:00+00:00,89.5999984741211,89.69999694824219,89.5999984741211,89.69999694824219,17200,0.0,0.0
2024-11-26 03:35:00+00:00,89.69999694824219,89.69999694824219,89.69999694824219,89.69999694824219,6002,0.0,0.0
2024-11-26 03:40:00+00:00,89.69999694824219,89.69999694824219,89.5999984741211,89.69999694824219,3000,0.0,0.0
2024-11-26 03:45:00+00:00,89.69999694824219,89.69999694824219,89.69999694824219,89.69999694824219,7000,0.0,0.0
2024-11-26 03:50:00+00:00,89.69999694824219,89.69999694824219,89.5999984741211,89.5999984741211,17000,0.0,0.0
2024-11-26 03:55:00+00:00,89.5,89.5,89.5,89.5,3000,0.0,0.0
2024-11-26 04:00:00+00:00,89.5,89.5999984741211,89.5,89.5,6222,0.0,0.0
2024-11-26 04:05:00+00:00,89.5,89.5,89.5,89.5,7000,0.0,0.0
2024-11-26 04:10:00+00:00,89.5,89.69999694824219,89.5,89.69999694824219,8000,0.0,0.0
2024-11-26 04:15:00+00:00,89.5999984741211,89.5999984741211,89.30000305175781,89.30000305175781,57012,0.0,0.0
2024-11-26 04:20:00+00:00,89.4000015258789,89.5,89.4000015258789,89.5,18193,0.0,0.0
2024-11-26 04:25:00+00:00,89.5,89.5,89.5,89.5,6000,0.0,0.0
2024-11-26 04:30:00+00:00,89.4000015258789,89.5,89.4000015258789,89.5,9010,0.0,0.0
2024-11-26 04:35:00+00:00,89.5,89.5,89.30000305175781,89.4000015258789,26200,0.0,0.0
2024-11-26 04:40:00+00:00,89.30000305175781,89.4000015258789,89.30000305175781,89.4000015258789,45115,0.0,0.0
2024-11-26 04:45:00+00:00,89.4000015258789,89.4000015258789,89.4000015258789,89.4000015258789,11100,0.0,0.0
2024-11-26 04:50:00+00:00,89.30000305175781,89.4000015258789,89.30000305175781,89.4000015258789,19102,0.0,0.0
2024-11-26 04:55:00+00:00,89.30000305175781,89.30000305175781,89.30000305175781,89.30000305175781,23000,0.0,0.0
2024-11-26 05:00:00+00:00,89.19999694824219,89.30000305175781,89.19999694824219,89.30000305175781,14300,0.0,0.0
2024-11-26 05:05:00+00:00,89.19999694824219,89.30000305175781,89.19999694824219,89.19999694824219,32268,0.0,0.0
2024-11-26 05:10:00+00:00,89.19999694824219,89.19999694824219,89.0,89.0,55857,0.0,0.0
2024-11-26 05:15:00+00:00,89.0,89.0999984741211,89.0,89.0999984741211,67567,0.0,0.0
2024-11-26 05:20:00+00:00,89.0999984741211,89.30000305175781,88.9000015258789,88.9000015258789,100820,0.0,0.0
2024-11-27 01:00:00+00:00,89.0,89.0999984741211,88.9000015258789,88.9000015258789,0,0.0,0.0
2024-11-27 01:05:00+00:00,88.9000015258789,88.9000015258789,88.4000015258789,88.4000015258789,86000,0.0,0.0
2024-11-27 01:10:00+00:00,88.5,88.80000305175781,88.5,88.69999694824219,21809,0.0,0.0
2024-11-27 01:15:00+00:00,88.69999694824219,88.80000305175781,88.5,88.5,19358,0.0,0.0
2024-11-27 01:20:00+00:00,88.5,88.5,87.9000015258789,88.19999694824219,127498,0.0,0.0
2024-11-27 01:25:00+00:00,88.19999694824219,88.19999694824219,87.9000015258789,88.0,58078,0.0,0.0
2024-11-27 01:30:00+00:00,87.9000015258789,87.9000015258789,87.80000305175781,87.80000305175781,71394,0.0,0.0
2024-11-27 01:35:00+00:00,87.80000305175781,87.80000305175781,87.4000015258789,87.4000015258789,60523,0.0,0.0
2024-11-27 01:40:00+00:00,87.4000015258789,87.5999984741211,87.4000015258789,87.5,24345,0.0,0.0
2024-11-27 01:45:00+00:00,87.5999984741211,87.5999984741211,87.30000305175781,87.30000305175781,64000,0.0,0.0
2024-11-27 01:50:00+00:00,87.30000305175781,87.5999984741211,87.19999694824219,87.5999984741211,39356,0.0,0.0
2024-11-27 01:55:00+00:00,87.5,87.5,87.19999694824219,87.30000305175781,28533,0.0,0.0
2024-11-27 02:00:00+00:00,87.30000305175781,87.30000305175781,87.30000305175781,87.30000305175781,11084,0.0,0.0
2024-11-27 02:05:00+00:00,87.30000305175781,87.80000305175781,87.19999694824219,87.30000305175781,66360,0.0,0.0
2024-11-27 02:10:00+00:00,87.30000305175781,87.5,87.30000305175781,87.4000015258789,17070,0.0,0.0
2024-11-27 02:15:00+00:00,87.5,87.69999694824219,87.5,87.69999694824219,22030,0.0,0.0
2024-11-27 02:20:00+00:00,87.80000305175781,87.80000305175781,87.5999984741211,87.69999694824219,10170,0.0,0.0
2024-11-27 02:25:00+00:00,87.69999694824219,87.69999694824219,87.5999984741211,87.5999984741211,3230,0.0,0.0
2024-11-27 02:30:00+00:00,87.69999694824219,87.69999694824219,87.5999984741211,87.5999984741211,5100,0.0,0.0
2024-11-27 02:35:00+00:00,87.5999984741211,87.5999984741211,87.5999984741211,87.5999984741211,14151,0.0,0.0
2024-11-27 02:40:00+00:00,87.5999984741211,87.5999984741211,87.4000015258789,87.4000015258789,41000,0.0,0.0
2024-11-27 02:45:00+00:00,87.5,87.80000305175781,87.4000015258789,87.80000305175781,15330,0.0,0.0
2024-11-27 02:50:00+00:00,87.80000305175781,87.80000305175781,87.80000305175781,87.80000305175781,7000,0.0,0.0
2024-11-27 02:55:00+00:00,87.80000305175781,87.9000015258789,87.80000305175781,87.80000305175781,12000,0.0,0.0
2024-11-27 03:00:00+00:00,87.69999694824219,87.69999694824219,87.69999694824219,87.69999694824219,1050,0.0,0.0
2024-11-27 03:05:00+00:00,87.69999694824219,87.80000305175781,87.69999694824219,87.69999694824219,12348,0.0,0.0
2024-11-27 03:10:00+00:00,87.5999984741211,87.80000305175781,87.5999984741211,87.80000305175781,10000,0.0,0.0
2024-11-27 03:15:00+00:00,87.69999694824219,87.80000305175781,87.69999694824219,87.80000305175781,2000,0.0,0.0
2024-11-27 03:20:00+00:00,87.80000305175781,87.80000305175781,87.5999984741211,87.5999984741211,11014,0.0,0.0
2024-11-27 03:25:00+00:00,87.5,87.5,87.4000015258789,87.4000015258789,18314,0.0,0.0
2024-11-27 03:30:00+00:00,87.4000015258789,87.4000015258789,87.4000015258789,87.4000015258789,4000,0.0,0.0
2024-11-27 03:35:00+00:00,87.4000015258789,87.4000015258789,87.30000305175781,87.4000015258789,9448,0.0,0.0
2024-11-27 03:40:00+00:00,87.4000015258789,87.4000015258789,87.4000015258789,87.4000015258789,4000,0.0,0.0
2024-11-27 03:45:00+00:00,87.4000015258789,87.4000015258789,87.4000015258789,87.4000015258789,17087,0.0,0.0
2024-11-27 03:50:00+00:00,87.4000015258789,87.4000015258789,87.4000015258789,87.4000015258789,18000,0.0,0.0
2024-11-27 03:55:00+00:00,87.4000015258789,87.4000015258789,87.30000305175781,87.4000015258789,8000,0.0,0.0
2024-11-27 04:00:00+00:00,87.4000015258789,87.5,87.4000015258789,87.5,3237,0.0,0.0
2024-11-27 04:05:00+00:00,87.4000015258789,87.4000015258789,87.30000305175781,87.30000305175781,23030,0.0,0.0
2024-11-27 04:10:00+00:00,87.4000015258789,87.4000015258789,87.0,87.0,155139,0.0,0.0
2024-11-27 04:15:00+00:00,86.9000015258789,86.9000015258789,86.80000305175781,86.9000015258789,38147,0.0,0.0
2024-11-27 04:20:00+00:00,86.80000305175781,86.9000015258789,86.69999694824219,86.69999694824219,42198,0.0,0.0
2024-11-27 04:25:00+00:00,86.69999694824219,86.69999694824219,86.5,86.5,80054,0.0,0.0
2024-11-27 04:30:00+00:00,86.5,86.5999984741211,86.5,86.5,23250,0.0,0.0
2024-11-27 04:35:00+00:00,86.5,86.5999984741211,86.0999984741211,86.19999694824219,169970,0.0,0.0
2024-11-27 04:40:00+00:00,86.19999694824219,86.30000305175781,86.0,86.19999694824219,40144,0.0,0.0
2024-11-27 04:45:00+00:00,86.30000305175781,86.30000305175781,86.0999984741211,86.19999694824219,60200,0.0,0.0
2024-11-27 04:50:00+00:00,86.0999984741211,86.30000305175781,86.0999984741211,86.0999984741211,45675,0.0,0.0
2024-11-27 04:55:00+00:00,86.19999694824219,86.19999694824219,86.0999984741211,86.0999984741211,45155,0.0,0.0
2024-11-27 05:00:00+00:00,86.19999694824219,86.19999694824219,86.0999984741211,86.19999694824219,17400,0.0,0.0
2024-11-27 05:05:00+00:00,86.0999984741211,86.19999694824219,86.0,86.0999984741211,77411,0.0,0.0
2024-11-27 05:10:00+00:00,86.0,86.0999984741211,85.80000305175781,86.0,148656,0.0,0.0
2024-11-27 05:15:00+00:00,85.9000015258789,86.0,85.80000305175781,85.9000015258789,68673,0.0,0.0
2024-11-27 05:20:00+00:00,85.9000015258789,85.9000015258789,85.5,85.5,224261,0.0,0.0
2024-11-28 01:00:00+00:00,85.9000015258789,85.9000015258789,84.80000305175781,85.0,0,0.0,0.0
2024-11-28 01:05:00+00:00,85.0,85.0,84.30000305175781,84.9000015258789,135544,0.0,0.0
2024-11-28 01:10:00+00:00,84.9000015258789,85.5,84.80000305175781,85.0,97754,0.0,0.0
2024-11-28 01:15:00+00:00,85.0,85.19999694824219,85.0,85.0999984741211,20300,0.0,0.0
2024-11-28 01:20:00+00:00,85.0999984741211,85.0999984741211,84.80000305175781,84.80000305175781,51330,0.0,0.0
2024-11-28 01:25:00+00:00,84.80000305175781,84.80000305175781,84.4000015258789,84.5,103913,0.0,0.0
2024-11-28 01:30:00+00:00,84.4000015258789,84.69999694824219,84.19999694824219,84.30000305175781,80141,0.0,0.0
2024-11-28 01:35:00+00:00,84.19999694824219,84.19999694824219,83.80000305175781,83.9000015258789,119327,0.0,0.0
2024-11-28 01:40:00+00:00,83.80000305175781,83.9000015258789,83.0,83.5999984741211,161274,0.0,0.0
2024-11-28 01:45:00+00:00,83.69999694824219,83.9000015258789,83.0,83.9000015258789,351603,0.0,0.0
2024-11-28 01:50:00+00:00,84.0,84.0,83.19999694824219,83.19999694824219,288840,0.0,0.0
2024-11-28 01:55:00+00:00,83.19999694824219,83.4000015258789,82.5,82.69999694824219,189757,0.0,0.0
2024-11-28 02:00:00+00:00,82.69999694824219,83.0,82.5,82.9000015258789,93660,0.0,0.0
2024-11-28 02:05:00+00:00,83.0999984741211,83.30000305175781,82.80000305175781,83.30000305175781,36557,0.0,0.0
2024-11-28 02:10:00+00:00,83.30000305175781,83.4000015258789,83.0,83.30000305175781,66866,0.0,0.0
2024-11-28 02:15:00+00:00,83.19999694824219,83.30000305175781,83.19999694824219,83.19999694824219,13000,0.0,0.0
2024-11-28 02:20:00+00:00,83.19999694824219,83.19999694824219,83.0,83.0,35429,0.0,0.0
2024-11-28 02:25:00+00:00,83.0,83.30000305175781,82.9000015258789,83.30000305175781,103580,0.0,0.0
2024-11-28 02:30:00+00:00,83.30000305175781,83.5,83.30000305175781,83.4000015258789,33132,0.0,0.0
2024-11-28 02:35:00+00:00,83.30000305175781,83.30000305175781,83.30000305175781,83.30000305175781,4015,0.0,0.0
2024-11-28 02:40:00+00:00,83.4000015258789,83.4000015258789,83.30000305175781,83.30000305175781,7063,0.0,0.0
2024-11-28 02:45:00+00:00,83.4000015258789,83.69999694824219,83.4000015258789,83.5999984741211,35174,0.0,0.0
2024-11-28 02:50:00+00:00,83.5999984741211,84.0999984741211,83.5999984741211,84.0999984741211,43745,0.0,0.0
2024-11-28 02:55:00+00:00,84.19999694824219,84.5,84.0,84.0,30436,0.0,0.0
2024-11-28 03:00:00+00:00,83.9000015258789,84.0,83.80000305175781,84.0,10100,0.0,0.0
2024-11-28 03:05:00+00:00,84.0999984741211,84.19999694824219,84.0999984741211,84.19999694824219,8000,0.0,0.0
2024-11-28 03:10:00+00:00,84.0999984741211,84.19999694824219,84.0999984741211,84.0999984741211,13003,0.0,0.0
2024-11-28 03:15:00+00:00,84.0,84.0,83.9000015258789,83.9000015258789,10337,0.0,0.0
2024-11-28 03:20:00+00:00,83.9000015258789,83.9000015258789,83.5,83.5,18257,0.0,0.0
2024-11-28 03:25:00+00:00,83.5,83.5999984741211,83.5,83.5,7007,0.0,0.0
2024-11-28 03:30:00+00:00,83.5999984741211,83.5999984741211,83.5999984741211,83.5999984741211,7720,0.0,0.0
2024-11-28 03:35:00+00:00,83.5999984741211,83.5999984741211,83.5,83.5999984741211,7020,0.0,0.0
2024-11-28 03:40:00+00:00,83.5999984741211,83.69999694824219,83.5999984741211,83.69999694824219,4037,0.0,0.0
2024-11-28 03:45:00+00:00,83.69999694824219,83.80000305175781,83.69999694824219,83.80000305175781,5050,0.0,0.0
2024-11-28 03:50:00+00:00,83.80000305175781,83.80000305175781,83.5,83.5,30150,0.0,0.0
2024-11-28 03:55:00+00:00,83.5,83.5,83.5,83.5,16565,0.0,0.0
2024-11-28 04:00:00+00:00,83.4000015258789,83.4000015258789,83.30000305175781,83.30000305175781,7000,0.0,0.0
2024-11-28 04:05:00+00:00,83.30000305175781,83.4000015258789,83.30000305175781,83.4000015258789,9846,0.0,0.0
2024-11-28 04:10:00+00:00,83.4000015258789,83.4000015258789,83.30000305175781,83.4000015258789,5610,0.0,0.0
2024-11-28 04:15:00+00:00,83.30000305175781,83.4000015258789,83.30000305175781,83.30000305175781,4100,0.0,0.0
2024-11-28 04:20:00+00:00,83.19999694824219,83.80000305175781,83.19999694824219,83.80000305175781,55202,0.0,0.0
2024-11-28 04:25:00+00:00,83.69999694824219,83.69999694824219,83.4000015258789,83.69999694824219,16088,0.0,0.0
2024-11-28 04:30:00+00:00,83.5,83.69999694824219,83.5,83.69999694824219,27150,0.0,0.0
2024-11-28 04:35:00+00:00,83.69999694824219,83.69999694824219,83.69999694824219,83.69999694824219,6000,0.0,0.0
2024-11-28 04:40:00+00:00,83.69999694824219,83.69999694824219,83.5999984741211,83.5999984741211,10274,0.0,0.0
2024-11-28 04:45:00+00:00,83.5999984741211,83.5999984741211,83.5999984741211,83.5999984741211,11900,0.0,0.0
2024-11-28 04:50:00+00:00,83.5,83.69999694824219,83.5,83.5999984741211,65300,0.0,0.0
2024-11-28 04:55:00+00:00,83.5,83.69999694824219,83.5,83.5999984741211,24235,0.0,0.0
2024-11-28 05:00:00+00:00,83.69999694824219,83.69999694824219,83.5999984741211,83.69999694824219,5269,0.0,0.0
2024-11-28 05:05:00+00:00,83.69999694824219,83.80000305175781,83.69999694824219,83.80000305175781,8200,0.0,0.0
2024-11-28 05:10:00+00:00,83.80000305175781,84.0,83.80000305175781,83.9000015258789,38005,0.0,0.0
2024-11-28 05:15:00+00:00,83.9000015258789,84.0,83.80000305175781,83.9000015258789,53016,0.0,0.0
2024-11-28 05:20:00+00:00,83.9000015258789,84.0,83.9000015258789,83.9000015258789,37257,0.0,0.0
2024-11-29 01:00:00+00:00,83.69999694824219,83.69999694824219,83.0,83.0,0,0.0,0.0
2024-11-29 01:05:00+00:00,82.9000015258789,83.80000305175781,82.9000015258789,83.80000305175781,68422,0.0,0.0
2024-11-29 01:10:00+00:00,83.9000015258789,84.0,83.5999984741211,84.0,46025,0.0,0.0
2024-11-29 01:15:00+00:00,84.19999694824219,84.5,84.19999694824219,84.4000015258789,57200,0.0,0.0
2024-11-29 01:20:00+00:00,84.4000015258789,84.4000015258789,84.0,84.0999984741211,20185,0.0,0.0
2024-11-29 01:25:00+00:00,84.0999984741211,84.0999984741211,84.0999984741211,84.0999984741211,11106,0.0,0.0
2024-11-29 01:30:00+00:00,84.19999694824219,84.4000015258789,84.19999694824219,84.19999694824219,24050,0.0,0.0
2024-11-29 01:35:00+00:00,84.30000305175781,84.69999694824219,84.30000305175781,84.5999984741211,28188,0.0,0.0
2024-11-29 01:40:00+00:00,84.69999694824219,84.69999694824219,84.19999694824219,84.19999694824219,17061,0.0,0.0
2024-11-29 01:45:00+00:00,84.0999984741211,84.0999984741211,84.0999984741211,84.0999984741211,1151,0.0,0.0
2024-11-29 01:50:00+00:00,84.0999984741211,84.19999694824219,84.0999984741211,84.19999694824219,14000,0.0,0.0
2024-11-29 01:55:00+00:00,84.19999694824219,84.5999984741211,84.19999694824219,84.5999984741211,44430,0.0,0.0
2024-11-29 02:00:00+00:00,84.5999984741211,84.5999984741211,84.30000305175781,84.5999984741211,7000,0.0,0.0
2024-11-29 02:05:00+00:00,84.5999984741211,84.80000305175781,84.5999984741211,84.69999694824219,10454,0.0,0.0
2024-11-29 02:10:00+00:00,84.69999694824219,85.5999984741211,84.5999984741211,85.4000015258789,86702,0.0,0.0
2024-11-29 02:15:00+00:00,85.4000015258789,85.5,85.0999984741211,85.4000015258789,37020,0.0,0.0
2024-11-29 02:20:00+00:00,85.30000305175781,85.5,85.30000305175781,85.4000015258789,14259,0.0,0.0
2024-11-29 02:25:00+00:00,85.5,85.5999984741211,85.4000015258789,85.5999984741211,13199,0.0,0.0
2024-11-29 02:30:00+00:00,85.5999984741211,85.5999984741211,85.4000015258789,85.4000015258789,8111,0.0,0.0
2024-11-29 02:35:00+00:00,85.4000015258789,85.4000015258789,85.30000305175781,85.30000305175781,4000,0.0,0.0
2024-11-29 02:40:00+00:00,85.30000305175781,85.4000015258789,85.30000305175781,85.4000015258789,11517,0.0,0.0
2024-11-29 02:45:00+00:00,85.4000015258789,85.4000015258789,85.30000305175781,85.30000305175781,3000,0.0,0.0
2024-11-29 02:50:00+00:00,85.30000305175781,85.30000305175781,85.0999984741211,85.0999984741211,10746,0.0,0.0
2024-11-29 02:55:00+00:00,85.19999694824219,85.5,85.19999694824219,85.5,8000,0.0,0.0
2024-11-29 03:00:00+00:00,85.5,86.0,85.5,86.0,86032,0.0,0.0
2024-11-29 03:05:00+00:00,85.69999694824219,86.5,85.69999694824219,86.30000305175781,114597,0.0,0.0
2024-11-29 03:10:00+00:00,86.30000305175781,86.5999984741211,86.19999694824219,86.5,37103,0.0,0.0
2024-11-29 03:15:00+00:00,86.5,86.5,86.30000305175781,86.30000305175781,21395,0.0,0.0
2024-11-29 03:20:00+00:00,86.30000305175781,86.30000305175781,86.0,86.0,28205,0.0,0.0
2024-11-29 03:25:00+00:00,86.0,86.0,85.4000015258789,85.69999694824219,31200,0.0,0.0
2024-11-29 03:30:00+00:00,85.4000015258789,85.4000015258789,85.30000305175781,85.30000305175781,11200,0.0,0.0
2024-11-29 03:35:00+00:00,85.30000305175781,85.4000015258789,84.9000015258789,85.0,30160,0.0,0.0
2024-11-29 03:40:00+00:00,85.30000305175781,85.4000015258789,85.0,85.4000015258789,33000,0.0,0.0
2024-11-29 03:45:00+00:00,85.4000015258789,85.5,85.4000015258789,85.5,11000,0.0,0.0
2024-11-29 03:50:00+00:00,85.4000015258789,85.5999984741211,85.19999694824219,85.5999984741211,10000,0.0,0.0
2024-11-29 03:55:00+00:00,85.5999984741211,85.80000305175781,85.5999984741211,85.80000305175781,17000,0.0,0.0
2024-11-29 04:00:00+00:00,85.69999694824219,85.80000305175781,85.5999984741211,85.5999984741211,7032,0.0,0.0
2024-11-29 04:05:00+00:00,85.5999984741211,85.5999984741211,85.5,85.5,10110,0.0,0.0
2024-11-29 04:10:00+00:00,85.5,85.69999694824219,85.5,85.69999694824219,5050,0.0,0.0
2024-11-29 04:15:00+00:00,85.69999694824219,85.80000305175781,85.69999694824219,85.80000305175781,14583,0.0,0.0
2024-11-29 04:20:00+00:00,85.80000305175781,85.9000015258789,85.80000305175781,85.9000015258789,6000,0.0,0.0
2024-11-29 04:25:00+00:00,85.80000305175781,86.19999694824219,85.80000305175781,85.9000015258789,48140,0.0,0.0
2024-11-29 04:30:00+00:00,85.9000015258789,86.19999694824219,85.9000015258789,86.0999984741211,14000,0.0,0.0
2024-11-29 04:35:00+00:00,86.0999984741211,86.30000305175781,86.0,86.30000305175781,23000,0.0,0.0
2024-11-29 04:40:00+00:00,86.30000305175781,86.5,86.30000305175781,86.4000015258789,36269,0.0,0.0
2024-11-29 04:45:00+00:00,86.4000015258789,86.4000015258789,86.0999984741211,86.30000305175781,28103,0.0,0.0
2024-11-29 04:50:00+00:00,86.19999694824219,86.5,86.0999984741211,86.4000015258789,21000,0.0,0.0
2024-11-29 04:55:00+00:00,86.4000015258789,86.5,86.4000015258789,86.4000015258789,28420,0.0,0.0
2024-11-29 05:00:00+00:00,86.4000015258789,86.4000015258789,86.30000305175781,86.30000305175781,22050,0.0,0.0
2024-11-29 05:05:00+00:00,86.30000305175781,86.30000305175781,86.30000305175781,86.30000305175781,9015,0.0,0.0
2024-11-29 05:10:00+00:00,86.30000305175781,86.5,86.19999694824219,86.5,38010,0.0,0.0
2024-11-29 05:15:00+00:00,86.30000305175781,86.4000015258789,86.30000305175781,86.4000015258789,18050,0.0,0.0
2024-11-29 05:20:00+00:00,86.4000015258789,86.5,86.19999694824219,86.4000015258789,54236,0.0,0.0
2024-12-02 01:00:00+00:00,86.9000015258789,87.30000305175781,86.5,86.9000015258789,0,0.0,0.0
2024-12-02 01:05:00+00:00,86.80000305175781,86.80000305175781,86.0999984741211,86.69999694824219,38631,0.0,0.0
2024-12-02 01:10:00+00:00,86.69999694824219,86.69999694824219,86.5,86.5999984741211,19496,0.0,0.0
2024-12-02 01:15:00+00:00,86.5,86.5,86.30000305175781,86.30000305175781,10719,0.0,0.0
2024-12-02 01:20:00+00:00,86.30000305175781,86.30000305175781,85.80000305175781,85.9000015258789,74346,0.0,0.0
2024-12-02 01:25:00+00:00,86.0,86.19999694824219,86.0,86.0999984741211,49188,0.0,0.0
2024-12-02 01:30:00+00:00,86.30000305175781,86.30000305175781,86.0,86.30000305175781,22000,0.0,0.0
2024-12-02 01:35:00+00:00,86.4000015258789,86.80000305175781,86.4000015258789,86.5999984741211,47200,0.0,0.0
2024-12-02 01:40:00+00:00,86.5999984741211,86.69999694824219,86.5999984741211,86.5999984741211,20106,0.0,0.0
2024-12-02 01:45:00+00:00,86.5999984741211,86.69999694824219,86.5999984741211,86.69999694824219,4088,0.0,0.0
2024-12-02 01:50:00+00:00,86.69999694824219,86.9000015258789,86.69999694824219,86.80000305175781,43126,0.0,0.0
2024-12-02 01:55:00+00:00,86.69999694824219,86.69999694824219,86.69999694824219,86.69999694824219,3240,0.0,0.0
2024-12-02 02:00:00+00:00,86.69999694824219,87.0999984741211,86.69999694824219,87.0,71390,0.0,0.0
2024-12-02 02:05:00+00:00,87.0,87.0,86.5999984741211,86.80000305175781,25116,0.0,0.0
2024-12-02 02:10:00+00:00,86.69999694824219,86.80000305175781,86.5999984741211,86.5999984741211,5200,0.0,0.0
2024-12-02 02:15:00+00:00,86.5999984741211,86.69999694824219,86.5999984741211,86.69999694824219,7020,0.0,0.0
2024-12-02 02:20:00+00:00,86.80000305175781,86.80000305175781,86.80000305175781,86.80000305175781,3564,0.0,0.0
2024-12-02 02:25:00+00:00,86.9000015258789,87.0,86.80000305175781,86.80000305175781,6000,0.0,0.0
2024-12-02 02:30:00+00:00,86.80000305175781,86.9000015258789,86.80000305175781,86.9000015258789,10100,0.0,0.0
2024-12-02 02:35:00+00:00,86.9000015258789,87.30000305175781,86.9000015258789,87.30000305175781,40000,0.0,0.0
2024-12-02 02:40:00+00:00,87.19999694824219,87.4000015258789,87.0,87.4000015258789,55050,0.0,0.0
2024-12-02 02:45:00+00:00,87.5,87.5,87.30000305175781,87.30000305175781,23015,0.0,0.0
2024-12-02 02:50:00+00:00,87.30000305175781,87.4000015258789,87.19999694824219,87.4000015258789,8030,0.0,0.0
2024-12-02 02:55:00+00:00,87.4000015258789,87.5,87.4000015258789,87.4000015258789,12200,0.0,0.0
2024-12-02 03:00:00+00:00,87.4000015258789,87.4000015258789,87.30000305175781,87.30000305175781,14000,0.0,0.0
2024-12-02 03:05:00+00:00,87.30000305175781,87.30000305175781,87.30000305175781,87.30000305175781,10100,0.0,0.0
2024-12-02 03:10:00+00:00,87.30000305175781,87.5,87.30000305175781,87.4000015258789,23011,0.0,0.0
2024-12-02 03:15:00+00:00,87.4000015258789,87.5,87.4000015258789,87.4000015258789,11000,0.0,0.0
2024-12-02 03:20:00+00:00,87.4000015258789,87.4000015258789,87.19999694824219,87.19999694824219,14215,0.0,0.0
2024-12-02 03:25:00+00:00,87.19999694824219,87.4000015258789,87.19999694824219,87.4000015258789,9200,0.0,0.0
2024-12-02 03:30:00+00:00,87.30000305175781,87.30000305175781,87.30000305175781,87.30000305175781,2000,0.0,0.0
2024-12-02 03:35:00+00:00,87.30000305175781,87.30000305175781,87.30000305175781,87.30000305175781,6200,0.0,0.0
2024-12-02 03:40:00+00:00,87.30000305175781,87.30000305175781,87.19999694824219,87.19999694824219,7539,0.0,0.0
2024-12-02 03:45:00+00:00,87.19999694824219,87.19999694824219,87.0999984741211,87.0999984741211,28000,0.0,0.0
2024-12-02 03:50:00+00:00,87.19999694824219,87.30000305175781,87.19999694824219,87.19999694824219,29050,0.0,0.0
2024-12-02 03:55:00+00:00,87.19999694824219,87.19999694824219,87.19999694824219,87.19999694824219,5000,0.0,0.0
2024-12-02 04:00:00+00:00,87.19999694824219,87.19999694824219,87.0999984741211,87.19999694824219,6005,0.0,0.0
2024-12-02 04:05:00+00:00,87.30000305175781,87.4000015258789,87.19999694824219,87.4000015258789,17006,0.0,0.0
2024-12-02 04:10:00+00:00,87.19999694824219,87.19999694824219,87.19999694824219,87.19999694824219,10120,0.0,0.0
2024-12-02 04:15:00+00:00,87.0999984741211,87.19999694824219,87.0999984741211,87.19999694824219,9212,0.0,0.0
2024-12-02 04:20:00+00:00,87.0999984741211,87.19999694824219,87.0999984741211,87.19999694824219,13000,0.0,0.0
2024-12-02 04:25:00+00:00,87.19999694824219,87.19999694824219,87.0999984741211,87.19999694824219,9000,0.0,0.0
2024-12-02 04:30:00+00:00,87.19999694824219,87.19999694824219,87.19999694824219,87.19999694824219,6219,0.0,0.0
2024-12-02 04:35:00+00:00,87.19999694824219,87.19999694824219,87.19999694824219,87.19999694824219,8075,0.0,0.0
2024-12-02 04:40:00+00:00,87.19999694824219,87.5,87.19999694824219,87.5,26000,0.0,0.0
2024-12-02 04:45:00+00:00,87.4000015258789,87.5,87.4000015258789,87.4000015258789,15000,0.0,0.0
2024-12-02 04:50:00+00:00,87.4000015258789,87.5,87.4000015258789,87.5,3000,0.0,0.0
2024-12-02 04:55:00+00:00,87.4000015258789,87.5,87.30000305175781,87.30000305175781,35085,0.0,0.0
2024-12-02 05:00:00+00:00,87.30000305175781,87.4000015258789,87.30000305175781,87.30000305175781,15037,0.0,0.0
2024-12-02 05:05:00+00:00,87.19999694824219,87.19999694824219,87.19999694824219,87.19999694824219,20007,0.0,0.0
2024-12-02 05:10:00+00:00,87.19999694824219,87.30000305175781,87.19999694824219,87.30000305175781,29000,0.0,0.0
2024-12-02 05:15:00+00:00,87.30000305175781,87.30000305175781,87.19999694824219,87.19999694824219,38027,0.0,0.0
2024-12-02 05:20:00+00:00,87.19999694824219,87.19999694824219,87.19999694824219,87.19999694824219,8794,0.0,0.0
2024-12-03 01:00:00+00:00,89.0,91.0,89.0,89.5999984741211,0,0.0,0.0
2024-12-03 01:05:00+00:00,89.80000305175781,90.4000015258789,89.19999694824219,90.30000305175781,451590,0.0,0.0
2024-12-03 01:10:00+00:00,90.30000305175781,90.80000305175781,90.0,90.0,338188,0.0,0.0
2024-12-03 01:15:00+00:00,90.0,90.0999984741211,89.9000015258789,90.0,69833,0.0,0.0
2024-12-03 01:20:00+00:00,90.0999984741211,90.19999694824219,89.5999984741211,89.5999984741211,95280,0.0,0.0
2024-12-03 01:25:00+00:00,89.5999984741211,90.0,89.5999984741211,89.5999984741211,47505,0.0,0.0
2024-12-03 01:30:00+00:00,89.5999984741211,89.69999694824219,89.19999694824219,89.4000015258789,144224,0.0,0.0
2024-12-03 01:35:00+00:00,89.4000015258789,89.4000015258789,89.0,89.0999984741211,126414,0.0,0.0
2024-12-03 01:40:00+00:00,89.19999694824219,89.4000015258789,89.0999984741211,89.4000015258789,38386,0.0,0.0
2024-12-03 01:45:00+00:00,89.30000305175781,89.4000015258789,89.0999984741211,89.0999984741211,37312,0.0,0.0
2024-12-03 01:50:00+00:00,89.0999984741211,89.0999984741211,88.9000015258789,89.0,102350,0.0,0.0
2024-12-03 01:55:00+00:00,89.0,89.0,88.80000305175781,88.9000015258789,42390,0.0,0.0
2024-12-03 02:00:00+00:00,88.9000015258789,89.0,88.80000305175781,88.9000015258789,24100,0.0,0.0
2024-12-03 02:05:00+00:00,88.9000015258789,88.9000015258789,88.80000305175781,88.9000015258789,22024,0.0,0.0
2024-12-03 02:10:00+00:00,88.9000015258789,89.0,88.9000015258789,89.0,28200,0.0,0.0
2024-12-03 02:15:00+00:00,88.9000015258789,89.30000305175781,88.9000015258789,89.19999694824219,23000,0.0,0.0
2024-12-03 02:20:00+00:00,89.19999694824219,89.19999694824219,89.0,89.0999984741211,19100,0.0,0.0
2024-12-03 02:25:00+00:00,89.0999984741211,89.0999984741211,89.0999984741211,89.0999984741211,1000,0.0,0.0
2024-12-03 02:30:00+00:00,89.0999984741211,89.0999984741211,89.0,89.0,30403,0.0,0.0
2024-12-03 02:35:00+00:00,89.0999984741211,89.0999984741211,89.0,89.0,7044,0.0,0.0
2024-12-03 02:40:00+00:00,89.0,89.0999984741211,89.0,89.0999984741211,12380,0.0,0.0
2024-12-03 02:45:00+00:00,89.0,89.0999984741211,89.0,89.0999984741211,13258,0.0,0.0
2024-12-03 02:50:00+00:00,89.0999984741211,89.19999694824219,89.0999984741211,89.19999694824219,13000,0.0,0.0
2024-12-03 02:55:00+00:00,89.19999694824219,89.30000305175781,89.0,89.0999984741211,25000,0.0,0.0
2024-12-03 03:00:00+00:00,89.0,89.0,88.9000015258789,89.0,7000,0.0,0.0
2024-12-03 03:05:00+00:00,89.0,89.0999984741211,89.0,89.0999984741211,12000,0.0,0.0
2024-12-03 03:10:00+00:00,89.0,89.0,89.0,89.0,6988,0.0,0.0
2024-12-03 03:15:00+00:00,89.0,89.0,88.9000015258789,88.9000015258789,4500,0.0,0.0
2024-12-03 03:20:00+00:00,89.0,89.0,89.0,89.0,2000,0.0,0.0
2024-12-03 03:25:00+00:00,89.0,89.0,89.0,89.0,3200,0.0,0.0
2024-12-03 03:30:00+00:00,89.0,89.0999984741211,89.0,89.0999984741211,8300,0.0,0.0
2024-12-03 03:35:00+00:00,89.0999984741211,89.0999984741211,89.0,89.0,3002,0.0,0.0
2024-12-03 03:40:00+00:00,89.0999984741211,89.0999984741211,89.0,89.0,3060,0.0,0.0
2024-12-03 03:45:00+00:00,89.0,89.0999984741211,89.0,89.0,25000,0.0,0.0
2024-12-03 03:50:00+00:00,88.9000015258789,89.0,88.9000015258789,89.0,14000,0.0,0.0
2024-12-03 03:55:00+00:00,89.0,89.0,88.9000015258789,88.9000015258789,48209,0.0,0.0
2024-12-03 04:00:00+00:00,88.80000305175781,88.9000015258789,88.69999694824219,88.69999694824219,74244,0.0,0.0
2024-12-03 04:05:00+00:00,88.5999984741211,88.5999984741211,88.5999984741211,88.5999984741211,1000,0.0,0.0
2024-12-03 04:10:00+00:00,88.5999984741211,88.69999694824219,88.5999984741211,88.69999694824219,22000,0.0,0.0
2024-12-03 04:15:00+00:00,88.69999694824219,88.69999694824219,88.5999984741211,88.5999984741211,8253,0.0,0.0
2024-12-03 04:20:00+00:00,88.5999984741211,88.5999984741211,88.5,88.5,8454,0.0,0.0
2024-12-03 04:25:00+00:00,88.5,88.5,88.30000305175781,88.4000015258789,76110,0.0,0.0
2024-12-03 04:30:00+00:00,88.30000305175781,88.30000305175781,88.30000305175781,88.30000305175781,3030,0.0,0.0
2024-12-03 04:35:00+00:00,88.30000305175781,88.4000015258789,88.30000305175781,88.30000305175781,33050,0.0,0.0
2024-12-03 04:40:00+00:00,88.30000305175781,88.30000305175781,88.0999984741211,88.19999694824219,47713,0.0,0.0
2024-12-03 04:45:00+00:00,88.19999694824219,88.4000015258789,88.0999984741211,88.4000015258789,15040,0.0,0.0
2024-12-03 04:50:00+00:00,88.4000015258789,88.5,88.4000015258789,88.4000015258789,14009,0.0,0.0
2024-12-03 04:55:00+00:00,88.4000015258789,88.5,88.30000305175781,88.30000305175781,19051,0.0,0.0
2024-12-03 05:00:00+00:00,88.30000305175781,88.4000015258789,88.30000305175781,88.30000305175781,15079,0.0,0.0
2024-12-03 05:05:00+00:00,88.30000305175781,88.5,88.30000305175781,88.4000015258789,29070,0.0,0.0
2024-12-03 05:10:00+00:00,88.5,88.69999694824219,88.5,88.5999984741211,22241,0.0,0.0
2024-12-03 05:15:00+00:00,88.69999694824219,88.80000305175781,88.69999694824219,88.69999694824219,35389,0.0,0.0
2024-12-03 05:20:00+00:00,88.69999694824219,88.80000305175781,88.4000015258789,88.69999694824219,76271,0.0,0.0
2024-12-04 01:00:00+00:00,88.30000305175781,88.80000305175781,88.30000305175781,88.80000305175781,0,0.0,0.0
2024-12-04 01:05:00+00:00,88.80000305175781,88.9000015258789,88.80000305175781,88.80000305175781,14110,0.0,0.0
2024-12-04 01:10:00+00:00,88.80000305175781,88.80000305175781,88.4000015258789,88.5999984741211,50300,0.0,0.0
2024-12-04 01:15:00+00:00,88.5,88.80000305175781,88.5,88.69999694824219,45200,0.0,0.0
2024-12-04 01:20:00+00:00,88.69999694824219,88.80000305175781,88.5999984741211,88.80000305175781,11200,0.0,0.0
2024-12-04 01:25:00+00:00,88.80000305175781,88.80000305175781,88.4000015258789,88.4000015258789,22432,0.0,0.0
2024-12-04 01:30:00+00:00,88.5999984741211,88.5999984741211,88.5999984741211,88.5999984741211,7110,0.0,0.0
2024-12-04 01:35:00+00:00,88.5999984741211,88.5999984741211,88.4000015258789,88.4000015258789,25600,0.0,0.0
2024-12-04 01:40:00+00:00,88.30000305175781,88.30000305175781,88.0,88.0999984741211,48828,0.0,0.0
2024-12-04 01:45:00+00:00,88.0999984741211,88.30000305175781,88.0,88.0999984741211,28000,0.0,0.0
2024-12-04 01:50:00+00:00,88.19999694824219,88.19999694824219,88.19999694824219,88.19999694824219,4100,0.0,0.0
2024-12-04 01:55:00+00:00,88.30000305175781,88.4000015258789,88.19999694824219,88.4000015258789,21005,0.0,0.0
2024-12-04 02:00:00+00:00,88.4000015258789,88.9000015258789,88.4000015258789,88.80000305175781,82337,0.0,0.0
2024-12-04 02:05:00+00:00,88.80000305175781,88.80000305175781,88.30000305175781,88.30000305175781,13160,0.0,0.0
2024-12-04 02:10:00+00:00,88.4000015258789,88.4000015258789,88.30000305175781,88.4000015258789,4080,0.0,0.0
2024-12-04 02:15:00+00:00,88.5,88.5,88.4000015258789,88.5,5150,0.0,0.0
2024-12-04 02:20:00+00:00,88.4000015258789,88.5,88.30000305175781,88.5,11170,0.0,0.0
2024-12-04 02:25:00+00:00,88.5,88.5,88.5,88.5,3000,0.0,0.0
2024-12-04 02:30:00+00:00,88.5,88.5,88.4000015258789,88.4000015258789,7050,0.0,0.0
2024-12-04 02:35:00+00:00,88.5,88.5,88.5,88.5,13130,0.0,0.0
2024-12-04 02:40:00+00:00,88.5,88.5,88.5,88.5,9200,0.0,0.0
2024-12-04 02:45:00+00:00,88.4000015258789,88.4000015258789,88.4000015258789,88.4000015258789,10000,0.0,0.0
2024-12-04 02:50:00+00:00,88.30000305175781,88.69999694824219,88.30000305175781,88.5999984741211,49230,0.0,0.0
2024-12-04 02:55:00+00:00,88.5999984741211,89.4000015258789,88.5999984741211,89.19999694824219,84926,0.0,0.0
2024-12-04 03:00:00+00:00,89.30000305175781,89.30000305175781,89.0,89.0999984741211,27050,0.0,0.0
2024-12-04 03:05:00+00:00,89.0999984741211,89.30000305175781,89.0999984741211,89.19999694824219,46236,0.0,0.0
2024-12-04 03:10:00+00:00,89.30000305175781,89.30000305175781,89.0999984741211,89.30000305175781,32150,0.0,0.0
2024-12-04 03:15:00+00:00,89.19999694824219,89.19999694824219,89.19999694824219,89.19999694824219,6060,0.0,0.0
2024-12-04 03:20:00+00:00,89.0999984741211,89.30000305175781,89.0999984741211,89.0999984741211,23050,0.0,0.0
2024-12-04 03:25:00+00:00,89.19999694824219,89.19999694824219,89.19999694824219,89.19999694824219,12510,0.0,0.0
2024-12-04 03:30:00+00:00,89.30000305175781,89.5999984741211,89.30000305175781,89.5,80266,0.0,0.0
2024-12-04 03:35:00+00:00,89.4000015258789,89.5999984741211,89.4000015258789,89.5,32120,0.0,0.0
2024-12-04 03:40:00+00:00,89.5,89.5,89.4000015258789,89.5,20119,0.0,0.0
2024-12-04 03:45:00+00:00,89.5,89.9000015258789,89.5,89.9000015258789,66001,0.0,0.0
2024-12-04 03:50:00+00:00,89.9000015258789,89.9000015258789,89.80000305175781,89.80000305175781,33250,0.0,0.0
2024-12-04 03:55:00+00:00,89.80000305175781,90.80000305175781,89.80000305175781,90.30000305175781,381684,0.0,0.0
2024-12-04 04:00:00+00:00,90.19999694824219,92.19999694824219,90.19999694824219,92.19999694824219,868903,0.0,0.0
2024-12-04 04:05:00+00:00,92.19999694824219,92.80000305175781,91.9000015258789,92.5999984741211,582223,0.0,0.0
2024-12-04 04:10:00+00:00,92.5999984741211,93.4000015258789,91.69999694824219,93.30000305175781,612078,0.0,0.0
2024-12-04 04:15:00+00:00,93.30000305175781,93.30000305175781,92.5999984741211,92.5999984741211,146476,0.0,0.0
2024-12-04 04:20:00+00:00,92.69999694824219,93.80000305175781,92.5999984741211,92.9000015258789,464688,0.0,0.0
2024-12-04 04:25:00+00:00,93.0,93.4000015258789,92.80000305175781,92.9000015258789,222425,0.0,0.0
2024-12-04 04:30:00+00:00,92.9000015258789,93.0,92.5,92.69999694824219,146535,0.0,0.0
2024-12-04 04:35:00+00:00,92.5999984741211,92.69999694824219,92.30000305175781,92.5,108120,0.0,0.0
2024-12-04 04:40:00+00:00,92.4000015258789,92.5,92.0999984741211,92.4000015258789,116610,0.0,0.0
2024-12-04 04:45:00+00:00,92.5,92.5999984741211,92.30000305175781,92.30000305175781,62321,0.0,0.0
2024-12-04 04:50:00+00:00,92.5,92.69999694824219,92.5,92.69999694824219,62148,0.0,0.0
2024-12-04 04:55:00+00:00,92.5999984741211,92.80000305175781,92.5,92.69999694824219,44224,0.0,0.0
2024-12-04 05:00:00+00:00,92.69999694824219,92.9000015258789,92.69999694824219,92.9000015258789,104860,0.0,0.0
2024-12-04 05:05:00+00:00,92.80000305175781,93.0,92.80000305175781,92.80000305175781,100610,0.0,0.0
2024-12-04 05:10:00+00:00,92.9000015258789,92.9000015258789,92.30000305175781,92.9000015258789,209821,0.0,0.0
2024-12-04 05:15:00+00:00,92.69999694824219,92.80000305175781,92.5999984741211,92.5999984741211,49320,0.0,0.0
2024-12-04 05:20:00+00:00,92.69999694824219,92.80000305175781,92.5999984741211,92.69999694824219,109183,0.0,0.0
2024-12-05 01:00:00+00:00,93.80000305175781,93.80000305175781,92.5,93.19999694824219,0,0.0,0.0
2024-12-05 01:05:00+00:00,93.19999694824219,93.19999694824219,92.0,92.4000015258789,543861,0.0,0.0
2024-12-05 01:10:00+00:00,92.4000015258789,92.5,91.5999984741211,91.69999694824219,354163,0.0,0.0
2024-12-05 01:15:00+00:00,91.69999694824219,91.80000305175781,91.4000015258789,91.69999694824219,318448,0.0,0.0
2024-12-05 01:20:00+00:00,91.5999984741211,91.69999694824219,91.4000015258789,91.5999984741211,121889,0.0,0.0
2024-12-05 01:25:00+00:00,91.69999694824219,92.0,91.5999984741211,91.5999984741211,89690,0.0,0.0
2024-12-05 01:30:00+00:00,91.5999984741211,91.5999984741211,91.0999984741211,91.30000305175781,211559,0.0,0.0
2024-12-05 01:35:00+00:00,91.30000305175781,91.4000015258789,91.0999984741211,91.4000015258789,93200,0.0,0.0
2024-12-05 01:40:00+00:00,91.30000305175781,91.4000015258789,91.30000305175781,91.30000305175781,40420,0.0,0.0
2024-12-05 01:45:00+00:00,91.30000305175781,91.4000015258789,90.9000015258789,90.9000015258789,192528,0.0,0.0
2024-12-05 01:50:00+00:00,90.9000015258789,90.9000015258789,90.5999984741211,90.69999694824219,119263,0.0,0.0
2024-12-05 01:55:00+00:00,90.80000305175781,91.19999694824219,90.80000305175781,90.9000015258789,97251,0.0,0.0
2024-12-05 02:00:00+00:00,90.9000015258789,91.0999984741211,90.69999694824219,91.0999984741211,52397,0.0,0.0
2024-12-05 02:05:00+00:00,91.0999984741211,91.30000305175781,91.0999984741211,91.30000305175781,26469,0.0,0.0
2024-12-05 02:10:00+00:00,91.30000305175781,91.30000305175781,91.19999694824219,91.30000305175781,15200,0.0,0.0
2024-12-05 02:15:00+00:00,91.30000305175781,91.30000305175781,91.19999694824219,91.19999694824219,16300,0.0,0.0
2024-12-05 02:20:00+00:00,91.19999694824219,91.19999694824219,91.0999984741211,91.19999694824219,11125,0.0,0.0
2024-12-05 02:25:00+00:00,91.0999984741211,91.19999694824219,91.0999984741211,91.19999694824219,14353,0.0,0.0
2024-12-05 02:30:00+00:00,91.19999694824219,91.19999694824219,91.0999984741211,91.0999984741211,7070,0.0,0.0
2024-12-05 02:35:00+00:00,91.19999694824219,91.19999694824219,91.0999984741211,91.0999984741211,26040,0.0,0.0
2024-12-05 02:40:00+00:00,91.19999694824219,91.69999694824219,91.19999694824219,91.5,56282,0.0,0.0
2024-12-05 02:45:00+00:00,91.5,91.5,91.4000015258789,91.4000015258789,9060,0.0,0.0
2024-12-05 02:50:00+00:00,91.4000015258789,91.5999984741211,91.4000015258789,91.4000015258789,29295,0.0,0.0
2024-12-05 02:55:00+00:00,91.4000015258789,91.5,91.19999694824219,91.19999694824219,40131,0.0,0.0
2024-12-05 03:00:00+00:00,91.19999694824219,91.30000305175781,90.9000015258789,90.9000015258789,79821,0.0,0.0
2024-12-05 03:05:00+00:00,91.0,91.19999694824219,91.0,91.0999984741211,18000,0.0,0.0
2024-12-05 03:10:00+00:00,91.0999984741211,91.19999694824219,91.0999984741211,91.19999694824219,2000,0.0,0.0
2024-12-05 03:15:00+00:00,91.19999694824219,91.19999694824219,91.0999984741211,91.0999984741211,5024,0.0,0.0
2024-12-05 03:20:00+00:00,91.0,91.0999984741211,91.0,91.0999984741211,26172,0.0,0.0
2024-12-05 03:25:00+00:00,91.19999694824219,91.69999694824219,91.19999694824219,91.69999694824219,68276,0.0,0.0
2024-12-05 03:30:00+00:00,91.80000305175781,92.0,91.5999984741211,91.80000305175781,96236,0.0,0.0
2024-12-05 03:35:00+00:00,91.69999694824219,91.80000305175781,91.30000305175781,91.30000305175781,29196,0.0,0.0
2024-12-05 03:40:00+00:00,91.30000305175781,91.4000015258789,91.30000305175781,91.30000305175781,20397,0.0,0.0
2024-12-05 03:45:00+00:00,91.30000305175781,91.30000305175781,91.0999984741211,91.0999984741211,24281,0.0,0.0
2024-12-05 03:50:00+00:00,91.0999984741211,91.0999984741211,91.0,91.0999984741211,19009,0.0,0.0
2024-12-05 03:55:00+00:00,91.19999694824219,91.30000305175781,91.19999694824219,91.30000305175781,13138,0.0,0.0
2024-12-05 04:00:00+00:00,91.30000305175781,91.30000305175781,91.0999984741211,91.19999694824219,40260,0.0,0.0
2024-12-05 04:05:00+00:00,91.19999694824219,91.30000305175781,91.0999984741211,91.30000305175781,18000,0.0,0.0
2024-12-05 04:10:00+00:00,91.30000305175781,91.30000305175781,91.0,91.0999984741211,25344,0.0,0.0
2024-12-05 04:15:00+00:00,91.0,91.0,90.69999694824219,90.80000305175781,113220,0.0,0.0
2024-12-05 04:20:00+00:00,90.80000305175781,90.80000305175781,90.80000305175781,90.80000305175781,59030,0.0,0.0
2024-12-05 04:25:00+00:00,90.80000305175781,91.0,90.80000305175781,90.9000015258789,15061,0.0,0.0
2024-12-05 04:30:00+00:00,90.9000015258789,91.0,90.9000015258789,90.9000015258789,16500,0.0,0.0
2024-12-05 04:35:00+00:00,90.9000015258789,90.9000015258789,90.80000305175781,90.9000015258789,34000,0.0,0.0
2024-12-05 04:40:00+00:00,90.9000015258789,91.0,90.9000015258789,90.9000015258789,10000,0.0,0.0
2024-12-05 04:45:00+00:00,90.9000015258789,90.9000015258789,90.9000015258789,90.9000015258789,21005,0.0,0.0
2024-12-05 04:50:00+00:00,90.9000015258789,90.9000015258789,90.80000305175781,90.80000305175781,18000,0.0,0.0
2024-12-05 04:55:00+00:00,90.80000305175781,90.9000015258789,90.80000305175781,90.80000305175781,62253,0.0,0.0
2024-12-05 05:00:00+00:00,90.80000305175781,90.80000305175781,90.69999694824219,90.69999694824219,73130,0.0,0.0
2024-12-05 05:05:00+00:00,90.69999694824219,90.69999694824219,90.5999984741211,90.69999694824219,65578,0.0,0.0
2024-12-05 05:10:00+00:00,90.69999694824219,90.80000305175781,90.69999694824219,90.69999694824219,32118,0.0,0.0
2024-12-05 05:15:00+00:00,90.69999694824219,90.80000305175781,90.5999984741211,90.5999984741211,61181,0.0,0.0
2024-12-05 05:20:00+00:00,90.5999984741211,90.9000015258789,90.5999984741211,90.80000305175781,122300,0.0,0.0
2024-12-06 01:00:00+00:00,90.9000015258789,91.19999694824219,90.30000305175781,90.80000305175781,0,0.0,0.0
2024-12-06 01:05:00+00:00,90.9000015258789,90.9000015258789,90.5,90.5,41383,0.0,0.0
2024-12-06 01:10:00+00:00,90.5,90.80000305175781,90.30000305175781,90.80000305175781,65323,0.0,0.0
2024-12-06 01:15:00+00:00,90.80000305175781,90.9000015258789,90.5,90.5,21040,0.0,0.0
2024-12-06 01:20:00+00:00,90.5,90.5,90.4000015258789,90.5,25670,0.0,0.0
2024-12-06 01:25:00+00:00,90.5,90.5,90.30000305175781,90.30000305175781,44765,0.0,0.0
2024-12-06 01:30:00+00:00,90.30000305175781,90.5,90.30000305175781,90.4000015258789,30985,0.0,0.0
2024-12-06 01:35:00+00:00,90.4000015258789,90.4000015258789,90.30000305175781,90.30000305175781,13315,0.0,0.0
2024-12-06 01:40:00+00:00,90.30000305175781,90.30000305175781,90.19999694824219,90.30000305175781,37064,0.0,0.0
2024-12-06 01:45:00+00:00,90.30000305175781,90.30000305175781,89.80000305175781,89.80000305175781,140978,0.0,0.0
2024-12-06 01:50:00+00:00,89.80000305175781,89.80000305175781,89.5,89.80000305175781,70704,0.0,0.0
2024-12-06 01:55:00+00:00,89.80000305175781,89.9000015258789,89.80000305175781,89.80000305175781,12812,0.0,0.0
2024-12-06 02:00:00+00:00,89.80000305175781,89.9000015258789,89.80000305175781,89.80000305175781,17639,0.0,0.0
2024-12-06 02:05:00+00:00,89.80000305175781,90.19999694824219,89.80000305175781,90.19999694824219,53216,0.0,0.0
2024-12-06 02:10:00+00:00,90.30000305175781,90.4000015258789,90.19999694824219,90.4000015258789,10052,0.0,0.0
2024-12-06 02:15:00+00:00,90.19999694824219,90.19999694824219,90.0999984741211,90.0999984741211,12120,0.0,0.0
2024-12-06 02:20:00+00:00,90.0999984741211,90.0999984741211,90.0999984741211,90.0999984741211,1000,0.0,0.0
2024-12-06 02:25:00+00:00,90.0999984741211,90.0999984741211,90.0,90.0,6010,0.0,0.0
2024-12-06 02:30:00+00:00,90.0999984741211,90.0999984741211,90.0,90.0,12398,0.0,0.0
2024-12-06 02:35:00+00:00,90.0,90.0,89.9000015258789,89.9000015258789,14519,0.0,0.0
2024-12-06 02:40:00+00:00,89.9000015258789,89.9000015258789,89.9000015258789,89.9000015258789,7659,0.0,0.0
2024-12-06 02:45:00+00:00,89.9000015258789,89.9000015258789,89.69999694824219,89.69999694824219,26000,0.0,0.0
2024-12-06 02:50:00+00:00,89.69999694824219,89.69999694824219,89.5,89.5,102756,0.0,0.0
2024-12-06 02:55:00+00:00,89.5,89.69999694824219,89.5,89.5999984741211,23400,0.0,0.0
2024-12-06 03:00:00+00:00,89.5,89.5,89.4000015258789,89.4000015258789,19080,0.0,0.0
2024-12-06 03:05:00+00:00,89.4000015258789,89.5999984741211,89.4000015258789,89.5,18470,0.0,0.0
2024-12-06 03:10:00+00:00,89.5999984741211,89.5999984741211,89.5,89.5,27170,0.0,0.0
2024-12-06 03:15:00+00:00,89.5,89.5999984741211,89.5,89.5999984741211,12155,0.0,0.0
2024-12-06 03:20:00+00:00,89.5,89.5,89.4000015258789,89.4000015258789,16252,0.0,0.0
2024-12-06 03:25:00+00:00,89.4000015258789,89.5,89.4000015258789,89.4000015258789,14389,0.0,0.0
2024-12-06 03:30:00+00:00,89.4000015258789,89.4000015258789,89.4000015258789,89.4000015258789,6142,0.0,0.0
2024-12-06 03:35:00+00:00,89.5,91.0999984741211,89.5,90.69999694824219,181109,0.0,0.0
2024-12-06 03:40:00+00:00,90.4000015258789,90.9000015258789,90.4000015258789,90.5,51600,0.0,0.0
2024-12-06 03:45:00+00:00,90.5,90.5999984741211,90.30000305175781,90.30000305175781,8040,0.0,0.0
2024-12-06 03:50:00+00:00,90.19999694824219,90.30000305175781,90.0999984741211,90.19999694824219,9003,0.0,0.0
2024-12-06 03:55:00+00:00,90.19999694824219,90.19999694824219,89.9000015258789,89.9000015258789,16000,0.0,0.0
2024-12-06 04:00:00+00:00,89.9000015258789,89.9000015258789,89.80000305175781,89.9000015258789,15650,0.0,0.0
2024-12-06 04:05:00+00:00,89.9000015258789,89.9000015258789,89.9000015258789,89.9000015258789,1020,0.0,0.0
2024-12-06 04:10:00+00:00,89.9000015258789,89.9000015258789,89.9000015258789,89.9000015258789,6772,0.0,0.0
2024-12-06 04:15:00+00:00,89.80000305175781,89.80000305175781,89.5999984741211,89.69999694824219,24410,0.0,0.0
2024-12-06 04:20:00+00:00,89.5999984741211,89.69999694824219,89.5,89.5,55426,0.0,0.0
2024-12-06 04:25:00+00:00,89.4000015258789,89.4000015258789,89.30000305175781,89.30000305175781,33916,0.0,0.0
2024-12-06 04:30:00+00:00,89.19999694824219,89.30000305175781,89.19999694824219,89.30000305175781,17501,0.0,0.0
2024-12-06 04:35:00+00:00,89.30000305175781,89.30000305175781,89.19999694824219,89.19999694824219,17029,0.0,0.0
2024-12-06 04:40:00+00:00,89.30000305175781,89.69999694824219,89.19999694824219,89.69999694824219,36001,0.0,0.0
2024-12-06 04:45:00+00:00,89.69999694824219,89.9000015258789,89.69999694824219,89.80000305175781,21050,0.0,0.0
2024-12-06 04:50:00+00:00,90.0,90.0,89.80000305175781,89.80000305175781,6248,0.0,0.0
2024-12-06 04:55:00+00:00,89.80000305175781,89.80000305175781,89.80000305175781,89.80000305175781,2100,0.0,0.0
2024-12-06 05:00:00+00:00,89.9000015258789,90.0,89.69999694824219,89.69999694824219,19000,0.0,0.0
2024-12-06 05:05:00+00:00,89.69999694824219,89.80000305175781,89.69999694824219,89.69999694824219,19050,0.0,0.0
2024-12-06 05:10:00+00:00,89.69999694824219,89.9000015258789,89.69999694824219,89.9000015258789,14100,0.0,0.0
2024-12-06 05:15:00+00:00,89.80000305175781,89.80000305175781,89.69999694824219,89.69999694824219,21250,0.0,0.0
2024-12-06 05:20:00+00:00,89.69999694824219,89.69999694824219,89.5999984741211,89.69999694824219,27470,0.0,0.0
2024-12-09 01:00:00+00:00,90.5,91.30000305175781,90.4000015258789,91.0999984741211,0,0.0,0.0
2024-12-09 01:05:00+00:00,91.19999694824219,91.19999694824219,90.5,90.5999984741211,106000,0.0,0.0
2024-12-09 01:10:00+00:00,90.5,91.0,90.0,90.69999694824219,103855,0.0,0.0
2024-12-09 01:15:00+00:00,90.69999694824219,91.0,90.5999984741211,90.5999984741211,82130,0.0,0.0
2024-12-09 01:20:00+00:00,90.69999694824219,90.69999694824219,90.0,90.30000305175781,97206,0.0,0.0
2024-12-09 01:25:00+00:00,90.30000305175781,90.4000015258789,89.5,89.69999694824219,160059,0.0,0.0
2024-12-09 01:30:00+00:00,89.80000305175781,89.80000305175781,89.0,89.0999984741211,105219,0.0,0.0
2024-12-09 01:35:00+00:00,89.19999694824219,89.5,88.80000305175781,89.4000015258789,98340,0.0,0.0
2024-12-09 01:40:00+00:00,89.30000305175781,89.4000015258789,89.0,89.0999984741211,46160,0.0,0.0
2024-12-09 01:45:00+00:00,89.0,89.0999984741211,88.5,89.0,115624,0.0,0.0
2024-12-09 01:50:00+00:00,88.80000305175781,89.0,88.69999694824219,89.0,17000,0.0,0.0
2024-12-09 01:55:00+00:00,89.0999984741211,89.4000015258789,89.0999984741211,89.30000305175781,23000,0.0,0.0
2024-12-09 02:00:00+00:00,89.30000305175781,89.30000305175781,89.30000305175781,89.30000305175781,2000,0.0,0.0
2024-12-09 02:05:00+00:00,89.4000015258789,89.5999984741211,89.4000015258789,89.5,15061,0.0,0.0
2024-12-09 02:10:00+00:00,89.4000015258789,89.5,89.4000015258789,89.5,10010,0.0,0.0
2024-12-09 02:15:00+00:00,89.4000015258789,89.5,89.30000305175781,89.30000305175781,11017,0.0,0.0
2024-12-09 02:20:00+00:00,89.4000015258789,89.4000015258789,89.4000015258789,89.4000015258789,3220,0.0,0.0
2024-12-09 02:25:00+00:00,89.4000015258789,89.4000015258789,89.19999694824219,89.19999694824219,22841,0.0,0.0
2024-12-09 02:30:00+00:00,89.0999984741211,89.0999984741211,89.0,89.0999984741211,22070,0.0,0.0
2024-12-09 02:35:00+00:00,89.0999984741211,89.30000305175781,89.0999984741211,89.30000305175781,7100,0.0,0.0
2024-12-09 02:40:00+00:00,89.30000305175781,89.30000305175781,89.19999694824219,89.30000305175781,4158,0.0,0.0
2024-12-09 02:45:00+00:00,89.0999984741211,89.19999694824219,89.0999984741211,89.19999694824219,3000,0.0,0.0
2024-12-09 02:50:00+00:00,89.0999984741211,89.19999694824219,89.0999984741211,89.0999984741211,5010,0.0,0.0
2024-12-09 02:55:00+00:00,89.19999694824219,89.19999694824219,89.0,89.0,12370,0.0,0.0
2024-12-09 03:00:00+00:00,89.0999984741211,89.0999984741211,89.0,89.0999984741211,11000,0.0,0.0
2024-12-09 03:05:00+00:00,89.0999984741211,89.0999984741211,89.0999984741211,89.0999984741211,6090,0.0,0.0
2024-12-09 03:15:00+00:00,89.0,89.0,88.69999694824219,88.69999694824219,74492,0.0,0.0
2024-12-09 03:20:00+00:00,88.80000305175781,89.0,88.80000305175781,89.0,18171,0.0,0.0
2024-12-09 03:25:00+00:00,89.0999984741211,89.19999694824219,89.0,89.19999694824219,6000,0.0,0.0
2024-12-09 03:30:00+00:00,89.30000305175781,89.30000305175781,89.0,89.0,18120,0.0,0.0
2024-12-09 03:35:00+00:00,89.0,89.0,89.0,89.0,1160,0.0,0.0
2024-12-09 03:40:00+00:00,89.0,89.0,88.80000305175781,88.80000305175781,9919,0.0,0.0
2024-12-09 03:45:00+00:00,88.80000305175781,88.80000305175781,88.80000305175781,88.80000305175781,7051,0.0,0.0
2024-12-09 03:50:00+00:00,88.80000305175781,89.0,88.80000305175781,88.9000015258789,11108,0.0,0.0
2024-12-09 03:55:00+00:00,88.9000015258789,89.0,88.9000015258789,89.0,6000,0.0,0.0
2024-12-09 04:00:00+00:00,89.0999984741211,89.0999984741211,89.0999984741211,89.0999984741211,1000,0.0,0.0
2024-12-09 04:05:00+00:00,89.0999984741211,89.0999984741211,89.0,89.0999984741211,8163,0.0,0.0
2024-12-09 04:15:00+00:00,89.0999984741211,89.0999984741211,89.0999984741211,89.0999984741211,4545,0.0,0.0
2024-12-09 04:20:00+00:00,89.0,89.0,88.9000015258789,88.9000015258789,17010,0.0,0.0
2024-12-09 04:25:00+00:00,88.9000015258789,88.9000015258789,88.9000015258789,88.9000015258789,3510,0.0,0.0
2024-12-09 04:30:00+00:00,88.80000305175781,88.80000305175781,88.80000305175781,88.80000305175781,19480,0.0,0.0
2024-12-09 04:35:00+00:00,88.9000015258789,88.9000015258789,88.80000305175781,88.80000305175781,9000,0.0,0.0
2024-12-09 04:40:00+00:00,88.9000015258789,88.9000015258789,88.80000305175781,88.80000305175781,6289,0.0,0.0
2024-12-09 04:45:00+00:00,88.80000305175781,88.80000305175781,88.80000305175781,88.80000305175781,2000,0.0,0.0
2024-12-09 04:50:00+00:00,88.80000305175781,88.80000305175781,88.80000305175781,88.80000305175781,9000,0.0,0.0
2024-12-09 04:55:00+00:00,88.80000305175781,88.80000305175781,88.69999694824219,88.69999694824219,37020,0.0,0.0
2024-12-09 05:00:00+00:00,88.69999694824219,88.80000305175781,88.5999984741211,88.80000305175781,49218,0.0,0.0
2024-12-09 05:05:00+00:00,88.80000305175781,89.19999694824219,88.80000305175781,89.19999694824219,25000,0.0,0.0
2024-12-09 05:10:00+00:00,89.19999694824219,89.30000305175781,89.19999694824219,89.19999694824219,12247,0.0,0.0
2024-12-09 05:15:00+00:00,89.19999694824219,89.19999694824219,89.0,89.0,20002,0.0,0.0
2024-12-09 05:20:00+00:00,89.0,89.0,88.80000305175781,89.0,34198,0.0,0.0
2024-12-10 01:00:00+00:00,89.19999694824219,89.19999694824219,88.69999694824219,89.0,0,0.0,0.0
2024-12-10 01:05:00+00:00,89.0,89.5,89.0,89.30000305175781,34085,0.0,0.0
2024-12-10 01:10:00+00:00,89.19999694824219,89.19999694824219,89.0,89.0,14000,0.0,0.0
2024-12-10 01:15:00+00:00,89.0,89.0,88.5999984741211,88.5999984741211,29050,0.0,0.0
2024-12-10 01:20:00+00:00,88.69999694824219,88.69999694824219,88.5,88.5,41180,0.0,0.0
2024-12-10 01:25:00+00:00,88.5,88.5999984741211,88.5,88.5,23121,0.0,0.0
2024-12-10 01:30:00+00:00,88.5,88.5,87.80000305175781,87.80000305175781,132691,0.0,0.0
2024-12-10 01:35:00+00:00,87.9000015258789,88.0,87.69999694824219,87.69999694824219,58789,0.0,0.0
2024-12-10 01:40:00+00:00,87.5999984741211,87.69999694824219,87.5,87.5999984741211,44920,0.0,0.0
2024-12-10 01:45:00+00:00,87.69999694824219,87.9000015258789,87.5999984741211,87.80000305175781,36331,0.0,0.0
2024-12-10 01:50:00+00:00,87.69999694824219,87.9000015258789,87.5999984741211,87.80000305175781,18346,0.0,0.0
2024-12-10 01:55:00+00:00,87.9000015258789,87.9000015258789,87.80000305175781,87.9000015258789,4001,0.0,0.0
2024-12-10 02:00:00+00:00,87.9000015258789,87.9000015258789,87.9000015258789,87.9000015258789,12050,0.0,0.0
2024-12-10 02:05:00+00:00,87.80000305175781,87.9000015258789,87.80000305175781,87.9000015258789,6110,0.0,0.0
2024-12-10 02:10:00+00:00,87.80000305175781,87.9000015258789,87.80000305175781,87.9000015258789,9312,0.0,0.0
2024-12-10 02:15:00+00:00,87.9000015258789,87.9000015258789,87.5999984741211,87.80000305175781,64020,0.0,0.0
2024-12-10 02:20:00+00:00,87.9000015258789,87.9000015258789,87.9000015258789,87.9000015258789,8129,0.0,0.0
2024-12-10 02:25:00+00:00,87.80000305175781,87.80000305175781,87.4000015258789,87.5,93359,0.0,0.0
2024-12-10 02:30:00+00:00,87.5,87.5,87.4000015258789,87.4000015258789,17150,0.0,0.0
2024-12-10 02:35:00+00:00,87.5,87.5,87.5,87.5,2075,0.0,0.0
2024-12-10 02:40:00+00:00,87.5,87.5,87.5,87.5,3270,0.0,0.0
2024-12-10 02:45:00+00:00,87.5,87.9000015258789,87.5,87.9000015258789,31075,0.0,0.0
2024-12-10 02:50:00+00:00,87.69999694824219,87.69999694824219,87.5999984741211,87.5999984741211,6050,0.0,0.0
2024-12-10 02:55:00+00:00,87.5,87.5,87.5,87.5,7110,0.0,0.0
2024-12-10 03:00:00+00:00,87.5,87.5,87.5,87.5,2150,0.0,0.0
2024-12-10 03:05:00+00:00,87.5999984741211,87.5999984741211,87.5,87.5,4040,0.0,0.0
2024-12-10 03:10:00+00:00,87.5,87.5,87.30000305175781,87.30000305175781,60965,0.0,0.0
2024-12-10 03:15:00+00:00,87.30000305175781,87.4000015258789,87.19999694824219,87.19999694824219,43255,0.0,0.0
2024-12-10 03:20:00+00:00,87.30000305175781,87.30000305175781,87.19999694824219,87.19999694824219,7010,0.0,0.0
2024-12-10 03:25:00+00:00,87.19999694824219,87.30000305175781,87.19999694824219,87.30000305175781,22030,0.0,0.0
2024-12-10 03:30:00+00:00,87.19999694824219,87.19999694824219,87.0,87.0,60522,0.0,0.0
2024-12-10 03:35:00+00:00,87.0,87.0,86.5,86.80000305175781,244530,0.0,0.0
2024-12-10 03:40:00+00:00,86.5999984741211,87.0,86.5999984741211,87.0,18823,0.0,0.0
2024-12-10 03:45:00+00:00,86.80000305175781,86.9000015258789,86.69999694824219,86.69999694824219,9519,0.0,0.0
2024-12-10 03:50:00+00:00,86.9000015258789,87.0,86.9000015258789,87.0,6117,0.0,0.0
2024-12-10 03:55:00+00:00,87.0,87.0999984741211,87.0,87.0999984741211,40250,0.0,0.0
2024-12-10 04:00:00+00:00,87.0999984741211,87.0999984741211,87.0999984741211,87.0999984741211,3100,0.0,0.0
2024-12-10 04:05:00+00:00,87.30000305175781,87.30000305175781,87.0,87.0,102000,0.0,0.0
2024-12-10 04:10:00+00:00,87.19999694824219,87.19999694824219,87.19999694824219,87.19999694824219,1000,0.0,0.0
2024-12-10 04:15:00+00:00,87.19999694824219,87.19999694824219,87.0999984741211,87.0999984741211,7130,0.0,0.0
2024-12-10 04:20:00+00:00,87.0,87.0999984741211,87.0,87.0999984741211,4000,0.0,0.0
2024-12-10 04:25:00+00:00,87.0,87.0999984741211,87.0,87.0999984741211,8020,0.0,0.0
2024-12-10 04:30:00+00:00,87.0,87.0999984741211,87.0,87.0999984741211,5180,0.0,0.0
2024-12-10 04:35:00+00:00,87.0,87.0,86.69999694824219,86.80000305175781,54973,0.0,0.0
2024-12-10 04:40:00+00:00,86.80000305175781,86.9000015258789,86.80000305175781,86.9000015258789,7132,0.0,0.0
2024-12-10 04:45:00+00:00,87.0,87.0,86.9000015258789,86.9000015258789,14010,0.0,0.0
2024-12-10 04:50:00+00:00,86.9000015258789,86.9000015258789,86.80000305175781,86.9000015258789,15100,0.0,0.0
2024-12-10 04:55:00+00:00,87.0,87.0,87.0,87.0,3500,0.0,0.0
2024-12-10 05:00:00+00:00,86.9000015258789,87.0,86.80000305175781,86.80000305175781,18320,0.0,0.0
2024-12-10 05:05:00+00:00,87.0,87.0999984741211,86.9000015258789,87.0,13334,0.0,0.0
2024-12-10 05:10:00+00:00,87.0,87.0,86.80000305175781,86.9000015258789,24629,0.0,0.0
2024-12-10 05:15:00+00:00,86.9000015258789,86.9000015258789,86.80000305175781,86.9000015258789,28350,0.0,0.0
2024-12-10 05:20:00+00:00,86.80000305175781,86.9000015258789,86.80000305175781,86.9000015258789,47025,0.0,0.0
2024-12-11 01:00:00+00:00,86.5,87.30000305175781,86.4000015258789,86.4000015258789,0,0.0,0.0
2024-12-11 01:05:00+00:00,86.5,86.5999984741211,86.4000015258789,86.5,25000,0.0,0.0
2024-12-11 01:10:00+00:00,86.5999984741211,87.0,86.5999984741211,87.0,28854,0.0,0.0
2024-12-11 01:15:00+00:00,87.0,87.0,86.5,86.5,30402,0.0,0.0
2024-12-11 01:20:00+00:00,86.5999984741211,86.9000015258789,86.5999984741211,86.69999694824219,22000,0.0,0.0
2024-12-11 01:25:00+00:00,86.5999984741211,86.5999984741211,86.30000305175781,86.5,65152,0.0,0.0
2024-12-11 01:30:00+00:00,86.5,86.5999984741211,86.4000015258789,86.5999984741211,5111,0.0,0.0
2024-12-11 01:35:00+00:00,86.5,86.69999694824219,86.5,86.5999984741211,23018,0.0,0.0
2024-12-11 01:40:00+00:00,86.5,86.9000015258789,86.5,86.9000015258789,30100,0.0,0.0
2024-12-11 01:45:00+00:00,87.0,87.30000305175781,87.0,87.30000305175781,35150,0.0,0.0
2024-12-11 01:50:00+00:00,87.30000305175781,87.30000305175781,87.0999984741211,87.0999984741211,21519,0.0,0.0
2024-12-11 01:55:00+00:00,87.0999984741211,87.30000305175781,87.0999984741211,87.30000305175781,14000,0.0,0.0
2024-12-11 02:00:00+00:00,87.30000305175781,87.30000305175781,87.0999984741211,87.0999984741211,13000,0.0,0.0
2024-12-11 02:05:00+00:00,87.30000305175781,87.30000305175781,87.0999984741211,87.19999694824219,10015,0.0,0.0
2024-12-11 02:10:00+00:00,87.19999694824219,87.19999694824219,87.0999984741211,87.0999984741211,4025,0.0,0.0
2024-12-11 02:15:00+00:00,87.0999984741211,87.19999694824219,87.0,87.0,30000,0.0,0.0
2024-12-11 02:20:00+00:00,86.9000015258789,87.0,86.9000015258789,86.9000015258789,15036,0.0,0.0
2024-12-11 02:25:00+00:00,86.80000305175781,86.80000305175781,86.80000305175781,86.80000305175781,3536,0.0,0.0
2024-12-11 02:30:00+00:00,86.80000305175781,86.80000305175781,86.80000305175781,86.80000305175781,4550,0.0,0.0
2024-12-11 02:35:00+00:00,86.69999694824219,86.69999694824219,86.5999984741211,86.5999984741211,19701,0.0,0.0
2024-12-11 02:40:00+00:00,86.5999984741211,86.5999984741211,86.5,86.5,16115,0.0,0.0
2024-12-11 02:45:00+00:00,86.5,86.69999694824219,86.5,86.5,5611,0.0,0.0
2024-12-11 02:50:00+00:00,86.69999694824219,86.69999694824219,86.5,86.5,5000,0.0,0.0
2024-12-11 02:55:00+00:00,86.69999694824219,86.69999694824219,86.5999984741211,86.5999984741211,15100,0.0,0.0
2024-12-11 03:00:00+00:00,86.80000305175781,86.80000305175781,86.5999984741211,86.5999984741211,4009,0.0,0.0
2024-12-11 03:05:00+00:00,86.5999984741211,86.80000305175781,86.5999984741211,86.5999984741211,6025,0.0,0.0
2024-12-11 03:10:00+00:00,86.5999984741211,86.5999984741211,86.5999984741211,86.5999984741211,2000,0.0,0.0
2024-12-11 03:15:00+00:00,86.5999984741211,86.5999984741211,86.5999984741211,86.5999984741211,3500,0.0,0.0
2024-12-11 03:20:00+00:00,86.5999984741211,86.5999984741211,86.5999984741211,86.5999984741211,4000,0.0,0.0
2024-12-11 03:25:00+00:00,86.5999984741211,86.69999694824219,86.5999984741211,86.5999984741211,9100,0.0,0.0
2024-12-11 03:30:00+00:00,86.5999984741211,86.5999984741211,86.5,86.5,20000,0.0,0.0
2024-12-11 03:35:00+00:00,86.5,86.5,86.5,86.5,5080,0.0,0.0
2024-12-11 03:40:00+00:00,86.5999984741211,86.5999984741211,86.5,86.5,4000,0.0,0.0
2024-12-11 03:45:00+00:00,86.5,86.5999984741211,86.5,86.5,7850,0.0,0.0
2024-12-11 03:50:00+00:00,86.5,86.5,86.5,86.5,4000,0.0,0.0
2024-12-11 03:55:00+00:00,86.5,86.69999694824219,86.5,86.5999984741211,27300,0.0,0.0
2024-12-11 04:00:00+00:00,86.5999984741211,86.5999984741211,86.5999984741211,86.5999984741211,3000,0.0,0.0
2024-12-11 04:05:00+00:00,86.5999984741211,86.9000015258789,86.5999984741211,86.5999984741211,17000,0.0,0.0
2024-12-11 04:10:00+00:00,86.5999984741211,86.5999984741211,86.5999984741211,86.5999984741211,6160,0.0,0.0
2024-12-11 04:15:00+00:00,86.5,86.5,86.5,86.5,26436,0.0,0.0
2024-12-11 04:20:00+00:00,86.5,86.5,86.30000305175781,86.30000305175781,43963,0.0,0.0
2024-12-11 04:25:00+00:00,86.30000305175781,86.30000305175781,86.0,86.0999984741211,150815,0.0,0.0
2024-12-11 04:30:00+00:00,86.0999984741211,86.19999694824219,86.0999984741211,86.19999694824219,9370,0.0,0.0
2024-12-11 04:35:00+00:00,86.0999984741211,86.19999694824219,86.0,86.0,30247,0.0,0.0
2024-12-11 04:40:00+00:00,86.0,86.19999694824219,86.0,86.0,15140,0.0,0.0
2024-12-11 04:45:00+00:00,86.0,86.19999694824219,86.0,86.0999984741211,23823,0.0,0.0
2024-12-11 04:50:00+00:00,86.0999984741211,86.19999694824219,86.0999984741211,86.0999984741211,7600,0.0,0.0
2024-12-11 04:55:00+00:00,86.19999694824219,86.19999694824219,86.0999984741211,86.19999694824219,13050,0.0,0.0
2024-12-11 05:00:00+00:00,86.19999694824219,86.5,86.0999984741211,86.30000305175781,41000,0.0,0.0
2024-12-11 05:05:00+00:00,86.4000015258789,86.5,86.30000305175781,86.30000305175781,12010,0.0,0.0
2024-12-11 05:10:00+00:00,86.30000305175781,86.4000015258789,86.30000305175781,86.30000305175781,7000,0.0,0.0
2024-12-11 05:15:00+00:00,86.30000305175781,86.4000015258789,86.19999694824219,86.19999694824219,25140,0.0,0.0
2024-12-11 05:20:00+00:00,86.19999694824219,86.4000015258789,86.19999694824219,86.30000305175781,24601,0.0,0.0
2024-12-12 01:00:00+00:00,86.80000305175781,87.19999694824219,86.80000305175781,86.9000015258789,0,0.0,0.0
2024-12-12 01:05:00+00:00,86.9000015258789,87.0999984741211,86.9000015258789,86.9000015258789,56295,0.0,0.0
2024-12-12 01:10:00+00:00,87.19999694824219,87.19999694824219,87.0999984741211,87.19999694824219,30536,0.0,0.0
2024-12-12 01:15:00+00:00,87.19999694824219,87.19999694824219,87.19999694824219,87.19999694824219,1000,0.0,0.0
2024-12-12 01:20:00+00:00,87.0999984741211,87.0999984741211,87.0,87.0,10030,0.0,0.0
2024-12-12 01:25:00+00:00,87.0999984741211,87.4000015258789,87.0999984741211,87.30000305175781,36320,0.0,0.0
2024-12-12 01:30:00+00:00,87.4000015258789,87.4000015258789,87.0,87.0,21050,0.0,0.0
2024-12-12 01:35:00+00:00,87.0,87.0,86.9000015258789,86.9000015258789,4000,0.0,0.0
2024-12-12 01:40:00+00:00,86.9000015258789,86.9000015258789,86.9000015258789,86.9000015258789,12003,0.0,0.0
2024-12-12 01:45:00+00:00,86.9000015258789,86.9000015258789,86.80000305175781,86.80000305175781,9000,0.0,0.0
2024-12-12 01:50:00+00:00,86.80000305175781,86.80000305175781,86.5,86.5999984741211,23963,0.0,0.0
2024-12-12 01:55:00+00:00,86.69999694824219,86.69999694824219,86.5999984741211,86.5999984741211,10000,0.0,0.0
2024-12-12 02:00:00+00:00,86.69999694824219,86.69999694824219,86.69999694824219,86.69999694824219,1000,0.0,0.0
2024-12-12 02:05:00+00:00,86.69999694824219,86.69999694824219,86.69999694824219,86.69999694824219,2060,0.0,0.0
2024-12-12 02:10:00+00:00,86.69999694824219,86.80000305175781,86.69999694824219,86.80000305175781,4000,0.0,0.0
2024-12-12 02:15:00+00:00,86.80000305175781,86.80000305175781,86.80000305175781,86.80000305175781,7020,0.0,0.0
2024-12-12 02:20:00+00:00,86.80000305175781,86.80000305175781,86.69999694824219,86.69999694824219,17142,0.0,0.0
2024-12-12 02:25:00+00:00,86.5999984741211,86.5999984741211,86.5999984741211,86.5999984741211,5000,0.0,0.0
2024-12-12 02:30:00+00:00,86.5999984741211,86.5999984741211,86.5999984741211,86.5999984741211,3020,0.0,0.0
2024-12-12 02:35:00+00:00,86.5999984741211,86.5999984741211,86.5999984741211,86.5999984741211,1000,0.0,0.0
2024-12-12 02:40:00+00:00,86.5999984741211,86.5999984741211,86.30000305175781,86.30000305175781,26302,0.0,0.0
2024-12-12 02:45:00+00:00,86.30000305175781,86.30000305175781,86.19999694824219,86.19999694824219,15170,0.0,0.0
2024-12-12 02:50:00+00:00,86.19999694824219,86.19999694824219,86.0999984741211,86.0999984741211,16546,0.0,0.0
2024-12-12 02:55:00+00:00,86.0999984741211,86.19999694824219,86.0999984741211,86.19999694824219,19400,0.0,0.0
2024-12-12 03:00:00+00:00,86.30000305175781,86.5,86.30000305175781,86.5,5000,0.0,0.0
2024-12-12 03:05:00+00:00,86.5,86.5,86.0,86.19999694824219,90000,0.0,0.0
2024-12-12 03:10:00+00:00,86.0999984741211,86.0999984741211,85.9000015258789,86.0,60328,0.0,0.0
2024-12-12 03:15:00+00:00,86.0,86.19999694824219,86.0,86.19999694824219,3220,0.0,0.0
2024-12-12 03:20:00+00:00,86.19999694824219,86.19999694824219,86.0999984741211,86.0999984741211,17060,0.0,0.0
2024-12-12 03:25:00+00:00,86.0999984741211,86.19999694824219,86.0999984741211,86.0999984741211,3000,0.0,0.0
2024-12-12 03:30:00+00:00,86.0999984741211,86.0999984741211,86.0999984741211,86.0999984741211,3300,0.0,0.0
2024-12-12 03:35:00+00:00,86.0999984741211,86.0999984741211,86.0999984741211,86.0999984741211,23000,0.0,0.0
2024-12-12 03:40:00+00:00,86.0,86.0999984741211,86.0,86.0999984741211,2353,0.0,0.0
2024-12-12 03:45:00+00:00,86.0,86.0,85.9000015258789,85.9000015258789,49650,0.0,0.0
2024-12-12 03:50:00+00:00,85.9000015258789,85.9000015258789,85.80000305175781,85.80000305175781,6010,0.0,0.0
2024-12-12 03:55:00+00:00,85.80000305175781,85.9000015258789,85.80000305175781,85.80000305175781,22254,0.0,0.0
2024-12-12 04:00:00+00:00,85.9000015258789,85.9000015258789,85.80000305175781,85.9000015258789,10025,0.0,0.0
2024-12-12 04:05:00+00:00,85.9000015258789,85.9000015258789,85.9000015258789,85.9000015258789,5231,0.0,0.0
2024-12-12 04:10:00+00:00,85.9000015258789,86.0,85.9000015258789,85.9000015258789,7108,0.0,0.0
2024-12-12 04:15:00+00:00,85.9000015258789,85.9000015258789,85.9000015258789,85.9000015258789,1010,0.0,0.0
2024-12-12 04:20:00+00:00,85.9000015258789,85.9000015258789,85.9000015258789,85.9000015258789,4000,0.0,0.0
2024-12-12 04:25:00+00:00,85.9000015258789,85.9000015258789,85.9000015258789,85.9000015258789,5200,0.0,0.0
2024-12-12 04:30:00+00:00,85.9000015258789,85.9000015258789,85.69999694824219,85.80000305175781,84754,0.0,0.0
2024-12-12 04:35:00+00:00,85.80000305175781,85.80000305175781,85.69999694824219,85.69999694824219,12361,0.0,0.0
2024-12-12 04:40:00+00:00,85.69999694824219,85.80000305175781,85.69999694824219,85.80000305175781,13200,0.0,0.0
2024-12-12 04:45:00+00:00,85.80000305175781,85.80000305175781,85.80000305175781,85.80000305175781,17000,0.0,0.0
2024-12-12 04:50:00+00:00,85.80000305175781,85.80000305175781,85.80000305175781,85.80000305175781,8500,0.0,0.0
2024-12-12 04:55:00+00:00,85.69999694824219,85.69999694824219,85.30000305175781,85.5,104976,0.0,0.0
2024-12-12 05:00:00+00:00,85.5,85.5,85.4000015258789,85.4000015258789,10400,0.0,0.0
2024-12-12 05:05:00+00:00,85.5,85.5999984741211,85.4000015258789,85.5,28000,0.0,0.0
2024-12-12 05:10:00+00:00,85.5,85.5,85.4000015258789,85.4000015258789,22374,0.0,0.0
2024-12-12 05:15:00+00:00,85.4000015258789,85.5999984741211,85.4000015258789,85.5999984741211,23100,0.0,0.0
2024-12-12 05:20:00+00:00,85.5999984741211,85.80000305175781,85.5999984741211,85.69999694824219,31170,0.0,0.0
2024-12-13 01:00:00+00:00,85.5,86.0999984741211,85.4000015258789,85.4000015258789,0,0.0,0.0
2024-12-13 01:05:00+00:00,85.5999984741211,85.9000015258789,85.4000015258789,85.69999694824219,47000,0.0,0.0
2024-12-13 01:10:00+00:00,85.80000305175781,86.5999984741211,85.5999984741211,86.0999984741211,68203,0.0,0.0
2024-12-13 01:15:00+00:00,86.0999984741211,86.0999984741211,85.9000015258789,85.9000015258789,15243,0.0,0.0
2024-12-13 01:20:00+00:00,85.9000015258789,85.9000015258789,85.80000305175781,85.80000305175781,51324,0.0,0.0
2024-12-13 01:25:00+00:00,85.69999694824219,85.80000305175781,85.5,85.5,17034,0.0,0.0
2024-12-13 01:30:00+00:00,85.5,85.5,85.4000015258789,85.5,29152,0.0,0.0
2024-12-13 01:35:00+00:00,85.5999984741211,85.69999694824219,85.4000015258789,85.4000015258789,23000,0.0,0.0
2024-12-13 01:40:00+00:00,85.4000015258789,85.69999694824219,85.4000015258789,85.69999694824219,12010,0.0,0.0
2024-12-13 01:45:00+00:00,85.5999984741211,85.5999984741211,85.5999984741211,85.5999984741211,1000,0.0,0.0
2024-12-13 01:50:00+00:00,85.5999984741211,85.5999984741211,85.5,85.5,13100,0.0,0.0
2024-12-13 01:55:00+00:00,85.5,85.5999984741211,85.5,85.5999984741211,5000,0.0,0.0
2024-12-13 02:00:00+00:00,85.5,85.5,85.0,85.0,76951,0.0,0.0
2024-12-13 02:05:00+00:00,85.0,85.0999984741211,84.80000305175781,84.80000305175781,98042,0.0,0.0
2024-12-13 02:10:00+00:00,84.80000305175781,85.0,84.80000305175781,84.9000015258789,39330,0.0,0.0
2024-12-13 02:15:00+00:00,84.9000015258789,85.0,84.80000305175781,85.0,19363,0.0,0.0
2024-12-13 02:20:00+00:00,85.0999984741211,85.4000015258789,85.0999984741211,85.30000305175781,20097,0.0,0.0
2024-12-13 02:25:00+00:00,85.30000305175781,85.5999984741211,85.30000305175781,85.5,10229,0.0,0.0
2024-12-13 02:30:00+00:00,85.5,85.9000015258789,85.5,85.9000015258789,16300,0.0,0.0
2024-12-13 02:35:00+00:00,85.9000015258789,85.9000015258789,85.9000015258789,85.9000015258789,13000,0.0,0.0
2024-12-13 02:40:00+00:00,85.80000305175781,85.80000305175781,85.69999694824219,85.69999694824219,9003,0.0,0.0
2024-12-13 02:45:00+00:00,85.80000305175781,85.9000015258789,85.5,85.5,19000,0.0,0.0
2024-12-13 02:50:00+00:00,85.80000305175781,85.9000015258789,85.80000305175781,85.9000015258789,5200,0.0,0.0
2024-12-13 02:55:00+00:00,85.69999694824219,85.69999694824219,85.69999694824219,85.69999694824219,6025,0.0,0.0
2024-12-13 03:00:00+00:00,85.80000305175781,85.80000305175781,85.5999984741211,85.5999984741211,6075,0.0,0.0
2024-12-13 03:05:00+00:00,85.69999694824219,85.69999694824219,85.5999984741211,85.5999984741211,3420,0.0,0.0
2024-12-13 03:10:00+00:00,85.69999694824219,85.69999694824219,85.69999694824219,85.69999694824219,5480,0.0,0.0
2024-12-13 03:15:00+00:00,85.5999984741211,85.5999984741211,85.5,85.5,13500,0.0,0.0
2024-12-13 03:25:00+00:00,85.5,85.5,85.5,85.5,3300,0.0,0.0
2024-12-13 03:30:00+00:00,85.5,85.5,85.4000015258789,85.4000015258789,11543,0.0,0.0
2024-12-13 03:35:00+00:00,85.4000015258789,85.4000015258789,85.4000015258789,85.4000015258789,6000,0.0,0.0
2024-12-13 03:40:00+00:00,85.4000015258789,85.4000015258789,85.4000015258789,85.4000015258789,6030,0.0,0.0
2024-12-13 03:45:00+00:00,85.30000305175781,85.5,85.30000305175781,85.5,8400,0.0,0.0
2024-12-13 03:50:00+00:00,85.4000015258789,85.4000015258789,85.30000305175781,85.30000305175781,2000,0.0,0.0
2024-12-13 03:55:00+00:00,85.30000305175781,85.30000305175781,85.30000305175781,85.30000305175781,1141,0.0,0.0
2024-12-13 04:00:00+00:00,85.30000305175781,85.30000305175781,85.19999694824219,85.19999694824219,3369,0.0,0.0
2024-12-13 04:05:00+00:00,85.30000305175781,85.30000305175781,85.30000305175781,85.30000305175781,10055,0.0,0.0
2024-12-13 04:10:00+00:00,85.4000015258789,85.5,85.0999984741211,85.0999984741211,38100,0.0,0.0
2024-12-13 04:15:00+00:00,85.19999694824219,85.19999694824219,85.0,85.0,58040,0.0,0.0
2024-12-13 04:20:00+00:00,84.9000015258789,84.9000015258789,84.80000305175781,84.9000015258789,18100,0.0,0.0
2024-12-13 04:25:00+00:00,84.9000015258789,84.9000015258789,84.80000305175781,84.80000305175781,23600,0.0,0.0
2024-12-13 04:30:00+00:00,84.80000305175781,84.80000305175781,84.69999694824219,84.69999694824219,18300,0.0,0.0
2024-12-13 04:35:00+00:00,84.69999694824219,84.9000015258789,84.69999694824219,84.9000015258789,41100,0.0,0.0
2024-12-13 04:40:00+00:00,84.80000305175781,84.80000305175781,84.80000305175781,84.80000305175781,1349,0.0,0.0
2024-12-13 04:45:00+00:00,84.80000305175781,84.9000015258789,84.80000305175781,84.80000305175781,7288,0.0,0.0
2024-12-13 04:50:00+00:00,84.9000015258789,85.0,84.9000015258789,85.0,7000,0.0,0.0
2024-12-13 04:55:00+00:00,85.0,85.0,85.0,85.0,9025,0.0,0.0
2024-12-13 05:00:00+00:00,85.0,85.0,84.9000015258789,84.9000015258789,26050,0.0,0.0
2024-12-13 05:05:00+00:00,84.80000305175781,84.9000015258789,84.80000305175781,84.9000015258789,26657,0.0,0.0
2024-12-13 05:10:00+00:00,84.9000015258789,85.0,84.9000015258789,85.0,17000,0.0,0.0
2024-12-13 05:15:00+00:00,85.0,85.0,84.9000015258789,84.9000015258789,16193,0.0,0.0
2024-12-13 05:20:00+00:00,84.9000015258789,85.0,84.9000015258789,84.9000015258789,18529,0.0,0.0
2024-12-16 01:00:00+00:00,85.19999694824219,85.5,85.19999694824219,85.4000015258789,0,0.0,0.0
2024-12-16 01:05:00+00:00,85.30000305175781,85.30000305175781,84.80000305175781,84.80000305175781,39000,0.0,0.0
2024-12-16 01:10:00+00:00,84.80000305175781,84.9000015258789,84.30000305175781,84.80000305175781,83139,0.0,0.0
2024-12-16 01:15:00+00:00,84.9000015258789,85.0,84.5999984741211,84.9000015258789,22301,0.0,0.0
2024-12-16 01:20:00+00:00,84.69999694824219,84.80000305175781,84.5999984741211,84.5999984741211,9643,0.0,0.0
2024-12-16 01:25:00+00:00,84.5999984741211,84.69999694824219,84.5999984741211,84.5999984741211,19592,0.0,0.0
2024-12-16 01:30:00+00:00,84.5999984741211,84.69999694824219,84.5999984741211,84.69999694824219,5055,0.0,0.0
2024-12-16 01:35:00+00:00,84.80000305175781,84.80000305175781,84.69999694824219,84.80000305175781,12576,0.0,0.0
2024-12-16 01:40:00+00:00,84.80000305175781,84.80000305175781,84.69999694824219,84.80000305175781,19045,0.0,0.0
2024-12-16 01:45:00+00:00,84.80000305175781,84.80000305175781,84.69999694824219,84.80000305175781,8546,0.0,0.0
2024-12-16 01:50:00+00:00,84.9000015258789,85.0999984741211,84.9000015258789,85.0999984741211,20122,0.0,0.0
2024-12-16 01:55:00+00:00,85.19999694824219,85.19999694824219,85.19999694824219,85.19999694824219,12482,0.0,0.0
2024-12-16 02:00:00+00:00,85.19999694824219,85.19999694824219,85.0,85.0,14200,0.0,0.0
2024-12-16 02:05:00+00:00,85.0,85.0,84.9000015258789,84.9000015258789,7000,0.0,0.0
2024-12-16 02:10:00+00:00,84.80000305175781,84.80000305175781,84.69999694824219,84.80000305175781,8150,0.0,0.0
2024-12-16 02:15:00+00:00,84.69999694824219,84.69999694824219,84.5999984741211,84.5999984741211,21945,0.0,0.0
2024-12-16 02:20:00+00:00,84.5999984741211,84.5999984741211,84.19999694824219,84.30000305175781,58255,0.0,0.0
2024-12-16 02:25:00+00:00,84.30000305175781,84.4000015258789,84.30000305175781,84.4000015258789,16000,0.0,0.0
2024-12-16 02:30:00+00:00,84.4000015258789,84.4000015258789,84.30000305175781,84.30000305175781,9230,0.0,0.0
2024-12-16 02:35:00+00:00,84.19999694824219,84.19999694824219,84.0999984741211,84.19999694824219,18581,0.0,0.0
2024-12-16 02:40:00+00:00,84.19999694824219,84.19999694824219,84.19999694824219,84.19999694824219,10015,0.0,0.0
2024-12-16 02:45:00+00:00,84.19999694824219,84.19999694824219,84.19999694824219,84.19999694824219,7345,0.0,0.0
2024-12-16 02:50:00+00:00,84.0999984741211,84.0999984741211,84.0,84.0999984741211,40128,0.0,0.0
2024-12-16 02:55:00+00:00,84.19999694824219,84.19999694824219,83.80000305175781,83.80000305175781,85849,0.0,0.0
2024-12-16 03:00:00+00:00,83.80000305175781,83.9000015258789,83.80000305175781,83.80000305175781,10313,0.0,0.0
2024-12-16 03:05:00+00:00,83.9000015258789,83.9000015258789,83.80000305175781,83.9000015258789,27335,0.0,0.0
2024-12-16 03:10:00+00:00,83.9000015258789,84.0,83.9000015258789,83.9000015258789,13170,0.0,0.0
2024-12-16 03:15:00+00:00,83.9000015258789,83.9000015258789,83.5999984741211,83.5999984741211,68279,0.0,0.0
2024-12-16 03:20:00+00:00,83.5999984741211,83.5999984741211,83.4000015258789,83.4000015258789,61936,0.0,0.0
2024-12-16 03:25:00+00:00,83.4000015258789,83.4000015258789,83.19999694824219,83.19999694824219,64905,0.0,0.0
2024-12-16 03:30:00+00:00,83.19999694824219,83.19999694824219,82.69999694824219,83.0,157950,0.0,0.0
2024-12-16 03:35:00+00:00,82.80000305175781,83.0,82.69999694824219,82.80000305175781,53680,0.0,0.0
2024-12-16 03:40:00+00:00,82.80000305175781,83.0,82.69999694824219,82.9000015258789,26107,0.0,0.0
2024-12-16 03:45:00+00:00,82.9000015258789,82.9000015258789,82.80000305175781,82.9000015258789,16500,0.0,0.0
2024-12-16 03:50:00+00:00,82.9000015258789,83.0,82.80000305175781,82.80000305175781,51758,0.0,0.0
2024-12-16 03:55:00+00:00,82.9000015258789,83.0,82.9000015258789,83.0,16670,0.0,0.0
2024-12-16 04:00:00+00:00,83.0,83.0,82.9000015258789,83.0,18080,0.0,0.0
2024-12-16 04:05:00+00:00,83.0,83.0,82.9000015258789,82.9000015258789,24000,0.0,0.0
2024-12-16 04:10:00+00:00,82.9000015258789,82.9000015258789,82.69999694824219,82.80000305175781,37089,0.0,0.0
2024-12-16 04:15:00+00:00,82.80000305175781,82.80000305175781,82.5999984741211,82.5999984741211,41335,0.0,0.0
2024-12-16 04:20:00+00:00,82.5999984741211,82.80000305175781,82.5999984741211,82.80000305175781,27105,0.0,0.0
2024-12-16 04:25:00+00:00,82.69999694824219,82.80000305175781,82.5999984741211,82.80000305175781,33282,0.0,0.0
2024-12-16 04:30:00+00:00,82.69999694824219,83.0,82.5999984741211,83.0,31145,0.0,0.0
2024-12-16 04:35:00+00:00,82.9000015258789,83.19999694824219,82.9000015258789,83.0,27003,0.0,0.0
2024-12-16 04:40:00+00:00,83.0,83.0,82.80000305175781,82.80000305175781,29215,0.0,0.0
2024-12-16 04:45:00+00:00,82.69999694824219,82.69999694824219,82.5,82.69999694824219,94646,0.0,0.0
2024-12-16 04:50:00+00:00,82.69999694824219,82.69999694824219,82.19999694824219,82.30000305175781,136050,0.0,0.0
2024-12-16 04:55:00+00:00,82.30000305175781,82.5,82.30000305175781,82.5,12563,0.0,0.0
2024-12-16 05:00:00+00:00,82.5,82.5,82.19999694824219,82.30000305175781,52774,0.0,0.0
2024-12-16 05:05:00+00:00,82.30000305175781,82.5,82.30000305175781,82.4000015258789,44321,0.0,0.0
2024-12-16 05:10:00+00:00,82.5,82.5999984741211,82.19999694824219,82.19999694824219,62303,0.0,0.0
2024-12-16 05:15:00+00:00,82.19999694824219,82.30000305175781,82.0999984741211,82.0999984741211,46456,0.0,0.0
2024-12-16 05:20:00+00:00,82.0999984741211,82.30000305175781,82.0999984741211,82.0999984741211,62574,0.0,0.0
2024-12-17 01:00:00+00:00,82.19999694824219,82.69999694824219,82.19999694824219,82.5999984741211,0,0.0,0.0
2024-12-17 01:05:00+00:00,82.5999984741211,82.5999984741211,82.5,82.5999984741211,33338,0.0,0.0
2024-12-17 01:10:00+00:00,82.5999984741211,82.9000015258789,82.5999984741211,82.80000305175781,36000,0.0,0.0
2024-12-17 01:15:00+00:00,82.80000305175781,82.9000015258789,82.80000305175781,82.9000015258789,6058,0.0,0.0
2024-12-17 01:20:00+00:00,82.9000015258789,83.30000305175781,82.9000015258789,83.19999694824219,43164,0.0,0.0
2024-12-17 01:25:00+00:00,83.19999694824219,83.4000015258789,83.0999984741211,83.4000015258789,39135,0.0,0.0
2024-12-17 01:30:00+00:00,83.30000305175781,83.4000015258789,83.19999694824219,83.4000015258789,35267,0.0,0.0
2024-12-17 01:35:00+00:00,83.4000015258789,83.5,83.30000305175781,83.30000305175781,34104,0.0,0.0
2024-12-17 01:40:00+00:00,83.30000305175781,83.5999984741211,83.30000305175781,83.5999984741211,37215,0.0,0.0
2024-12-17 01:45:00+00:00,83.5,83.80000305175781,83.5,83.80000305175781,22130,0.0,0.0
2024-12-17 01:50:00+00:00,83.9000015258789,84.0,83.80000305175781,83.9000015258789,15250,0.0,0.0
2024-12-17 01:55:00+00:00,83.80000305175781,83.80000305175781,83.5999984741211,83.5999984741211,19229,0.0,0.0
2024-12-17 02:00:00+00:00,83.5999984741211,83.69999694824219,83.5999984741211,83.5999984741211,12153,0.0,0.0
2024-12-17 02:05:00+00:00,83.5999984741211,83.5999984741211,83.5999984741211,83.5999984741211,4062,0.0,0.0
2024-12-17 02:10:00+00:00,83.5999984741211,84.0999984741211,83.5,84.0999984741211,62427,0.0,0.0
2024-12-17 02:15:00+00:00,84.0,84.0999984741211,83.80000305175781,83.9000015258789,18110,0.0,0.0
2024-12-17 02:20:00+00:00,84.0,84.30000305175781,84.0,84.19999694824219,43311,0.0,0.0
2024-12-17 02:25:00+00:00,84.19999694824219,84.19999694824219,84.0,84.0999984741211,6220,0.0,0.0
2024-12-17 02:30:00+00:00,83.9000015258789,83.9000015258789,83.9000015258789,83.9000015258789,3527,0.0,0.0
2024-12-17 02:35:00+00:00,83.80000305175781,83.80000305175781,83.80000305175781,83.80000305175781,9726,0.0,0.0
2024-12-17 02:40:00+00:00,83.69999694824219,83.9000015258789,83.19999694824219,83.9000015258789,79365,0.0,0.0
2024-12-17 02:45:00+00:00,83.9000015258789,83.9000015258789,83.9000015258789,83.9000015258789,7000,0.0,0.0
2024-12-17 02:50:00+00:00,83.9000015258789,83.9000015258789,83.80000305175781,83.80000305175781,20010,0.0,0.0
2024-12-17 02:55:00+00:00,83.80000305175781,83.80000305175781,83.80000305175781,83.80000305175781,3016,0.0,0.0
2024-12-17 03:05:00+00:00,83.80000305175781,83.80000305175781,83.80000305175781,83.80000305175781,10000,0.0,0.0
2024-12-17 03:10:00+00:00,83.80000305175781,84.19999694824219,83.80000305175781,84.19999694824219,32371,0.0,0.0
2024-12-17 03:15:00+00:00,84.30000305175781,84.30000305175781,84.19999694824219,84.19999694824219,11173,0.0,0.0
2024-12-17 03:20:00+00:00,84.19999694824219,84.19999694824219,84.19999694824219,84.19999694824219,8000,0.0,0.0
2024-12-17 03:25:00+00:00,84.19999694824219,84.30000305175781,84.19999694824219,84.30000305175781,18200,0.0,0.0
2024-12-17 03:30:00+00:00,84.4000015258789,84.4000015258789,84.30000305175781,84.30000305175781,10220,0.0,0.0
2024-12-17 03:35:00+00:00,84.4000015258789,84.4000015258789,84.30000305175781,84.30000305175781,5500,0.0,0.0
2024-12-17 03:40:00+00:00,84.30000305175781,84.30000305175781,84.30000305175781,84.30000305175781,3040,0.0,0.0
2024-12-17 03:45:00+00:00,84.30000305175781,84.30000305175781,84.30000305175781,84.30000305175781,2050,0.0,0.0
2024-12-17 03:50:00+00:00,84.19999694824219,84.19999694824219,84.19999694824219,84.19999694824219,3000,0.0,0.0
2024-12-17 03:55:00+00:00,84.19999694824219,84.19999694824219,84.19999694824219,84.19999694824219,3340,0.0,0.0
2024-12-17 04:10:00+00:00,84.0999984741211,84.0999984741211,84.0999984741211,84.0999984741211,10000,0.0,0.0
2024-12-17 04:15:00+00:00,84.0999984741211,84.0999984741211,84.0,84.0,16293,0.0,0.0
2024-12-17 04:20:00+00:00,83.9000015258789,83.9000015258789,83.9000015258789,83.9000015258789,11000,0.0,0.0
2024-12-17 04:25:00+00:00,83.9000015258789,83.9000015258789,83.9000015258789,83.9000015258789,2000,0.0,0.0
2024-12-17 04:30:00+00:00,84.0,84.0,83.9000015258789,83.9000015258789,13192,0.0,0.0
2024-12-17 04:40:00+00:00,83.9000015258789,83.9000015258789,83.9000015258789,83.9000015258789,6342,0.0,0.0
2024-12-17 04:45:00+00:00,84.0,84.0,84.0,84.0,2000,0.0,0.0
2024-12-17 04:50:00+00:00,83.9000015258789,83.9000015258789,83.9000015258789,83.9000015258789,3400,0.0,0.0
2024-12-17 04:55:00+00:00,83.9000015258789,83.9000015258789,83.9000015258789,83.9000015258789,2000,0.0,0.0
2024-12-17 05:00:00+00:00,83.9000015258789,83.9000015258789,83.80000305175781,83.80000305175781,30100,0.0,0.0
2024-12-17 05:05:00+00:00,83.9000015258789,84.0,83.80000305175781,84.0,7000,0.0,0.0
2024-12-17 05:10:00+00:00,83.80000305175781,84.0,83.80000305175781,84.0,3000,0.0,0.0
2024-12-17 05:15:00+00:00,84.0,84.0,84.0,84.0,10250,0.0,0.0
2024-12-17 05:20:00+00:00,84.0,84.0999984741211,84.0,84.0,9002,0.0,0.0
2024-12-18 01:00:00+00:00,83.4000015258789,83.4000015258789,83.0999984741211,83.30000305175781,0,0.0,0.0
2024-12-18 01:05:00+00:00,83.30000305175781,83.30000305175781,82.9000015258789,82.9000015258789,34000,0.0,0.0
2024-12-18 01:10:00+00:00,83.0999984741211,83.5,83.0999984741211,83.19999694824219,16287,0.0,0.0
2024-12-18 01:15:00+00:00,83.19999694824219,83.19999694824219,82.80000305175781,82.80000305175781,27513,0.0,0.0
2024-12-18 01:20:00+00:00,82.80000305175781,82.80000305175781,82.4000015258789,82.69999694824219,51549,0.0,0.0
2024-12-18 01:25:00+00:00,82.69999694824219,82.80000305175781,82.69999694824219,82.80000305175781,12001,0.0,0.0
2024-12-18 01:30:00+00:00,82.80000305175781,83.0999984741211,82.80000305175781,83.0999984741211,14000,0.0,0.0
2024-12-18 01:35:00+00:00,83.0999984741211,83.0999984741211,82.9000015258789,82.9000015258789,12000,0.0,0.0
2024-12-18 01:40:00+00:00,83.0999984741211,83.80000305175781,83.0999984741211,83.5,28675,0.0,0.0
2024-12-18 01:45:00+00:00,83.69999694824219,83.80000305175781,83.69999694824219,83.80000305175781,5252,0.0,0.0
2024-12-18 01:50:00+00:00,83.80000305175781,84.0,83.69999694824219,83.9000015258789,28050,0.0,0.0
2024-12-18 01:55:00+00:00,83.80000305175781,83.80000305175781,83.69999694824219,83.80000305175781,13500,0.0,0.0
2024-12-18 02:00:00+00:00,83.80000305175781,83.80000305175781,83.80000305175781,83.80000305175781,3000,0.0,0.0
2024-12-18 02:05:00+00:00,83.80000305175781,83.80000305175781,83.5999984741211,83.5999984741211,8000,0.0,0.0
2024-12-18 02:10:00+00:00,83.5999984741211,83.5999984741211,83.5999984741211,83.5999984741211,13700,0.0,0.0
2024-12-18 02:15:00+00:00,83.5999984741211,83.69999694824219,83.5999984741211,83.69999694824219,4276,0.0,0.0
2024-12-18 02:20:00+00:00,83.69999694824219,83.80000305175781,83.69999694824219,83.80000305175781,2000,0.0,0.0
2024-12-18 02:25:00+00:00,83.69999694824219,83.80000305175781,83.5999984741211,83.5999984741211,8000,0.0,0.0
2024-12-18 02:30:00+00:00,83.69999694824219,83.69999694824219,83.69999694824219,83.69999694824219,1000,0.0,0.0
2024-12-18 02:35:00+00:00,83.80000305175781,83.80000305175781,83.69999694824219,83.80000305175781,4000,0.0,0.0
2024-12-18 02:40:00+00:00,83.80000305175781,83.80000305175781,83.80000305175781,83.80000305175781,6000,0.0,0.0
2024-12-18 02:45:00+00:00,83.80000305175781,84.0,83.80000305175781,83.80000305175781,13050,0.0,0.0
2024-12-18 02:50:00+00:00,83.80000305175781,83.80000305175781,83.69999694824219,83.69999694824219,7000,0.0,0.0
2024-12-18 02:55:00+00:00,83.69999694824219,83.69999694824219,83.69999694824219,83.69999694824219,2000,0.0,0.0
2024-12-18 03:00:00+00:00,83.80000305175781,83.80000305175781,83.69999694824219,83.80000305175781,6000,0.0,0.0
2024-12-18 03:05:00+00:00,83.80000305175781,83.80000305175781,83.80000305175781,83.80000305175781,2000,0.0,0.0
2024-12-18 03:10:00+00:00,83.80000305175781,83.80000305175781,83.80000305175781,83.80000305175781,4000,0.0,0.0
2024-12-18 03:15:00+00:00,83.80000305175781,83.80000305175781,83.5999984741211,83.69999694824219,17087,0.0,0.0
2024-12-18 03:20:00+00:00,83.5999984741211,83.5999984741211,83.4000015258789,83.4000015258789,43300,0.0,0.0
2024-12-18 03:25:00+00:00,83.4000015258789,83.4000015258789,83.0999984741211,83.0999984741211,23433,0.0,0.0
2024-12-18 03:30:00+00:00,83.19999694824219,83.19999694824219,83.19999694824219,83.19999694824219,3000,0.0,0.0
2024-12-18 03:35:00+00:00,83.19999694824219,83.19999694824219,83.19999694824219,83.19999694824219,5066,0.0,0.0
2024-12-18 03:40:00+00:00,83.19999694824219,83.19999694824219,83.19999694824219,83.19999694824219,3043,0.0,0.0
2024-12-18 03:45:00+00:00,83.19999694824219,83.19999694824219,83.19999694824219,83.19999694824219,2000,0.0,0.0
2024-12-18 03:50:00+00:00,83.19999694824219,83.30000305175781,83.19999694824219,83.30000305175781,6226,0.0,0.0
2024-12-18 03:55:00+00:00,83.30000305175781,83.30000305175781,83.30000305175781,83.30000305175781,4121,0.0,0.0
2024-12-18 04:00:00+00:00,83.19999694824219,83.19999694824219,83.19999694824219,83.19999694824219,14000,0.0,0.0
2024-12-18 04:05:00+00:00,83.30000305175781,83.80000305175781,83.30000305175781,83.5,39270,0.0,0.0
2024-12-18 04:10:00+00:00,83.5,83.5,83.30000305175781,83.30000305175781,5003,0.0,0.0
2024-12-18 04:15:00+00:00,83.4000015258789,83.5,83.30000305175781,83.5,18200,0.0,0.0
2024-12-18 04:20:00+00:00,83.5,83.69999694824219,83.5,83.69999694824219,11110,0.0,0.0
2024-12-18 04:25:00+00:00,83.80000305175781,83.9000015258789,83.69999694824219,83.9000015258789,9000,0.0,0.0
2024-12-18 04:30:00+00:00,84.0,84.0,83.9000015258789,84.0,18190,0.0,0.0
2024-12-18 04:35:00+00:00,84.0999984741211,84.19999694824219,84.0,84.19999694824219,19000,0.0,0.0
2024-12-18 04:40:00+00:00,84.19999694824219,84.30000305175781,84.0999984741211,84.30000305175781,10250,0.0,0.0
2024-12-18 04:45:00+00:00,84.0999984741211,84.0999984741211,84.0999984741211,84.0999984741211,2000,0.0,0.0
2024-12-18 04:50:00+00:00,84.0999984741211,84.19999694824219,84.0999984741211,84.19999694824219,3850,0.0,0.0
2024-12-18 04:55:00+00:00,84.19999694824219,84.19999694824219,84.19999694824219,84.19999694824219,8235,0.0,0.0
2024-12-18 05:00:00+00:00,84.0999984741211,84.19999694824219,84.0999984741211,84.19999694824219,7100,0.0,0.0
2024-12-18 05:05:00+00:00,84.30000305175781,84.30000305175781,84.0999984741211,84.0999984741211,8100,0.0,0.0
2024-12-18 05:10:00+00:00,84.19999694824219,84.30000305175781,84.19999694824219,84.19999694824219,7000,0.0,0.0
2024-12-18 05:15:00+00:00,84.19999694824219,84.19999694824219,84.0999984741211,84.0999984741211,19373,0.0,0.0
2024-12-18 05:20:00+00:00,84.30000305175781,84.30000305175781,84.19999694824219,84.19999694824219,21268,0.0,0.0
2024-12-19 01:00:00+00:00,82.5999984741211,83.80000305175781,82.5999984741211,83.80000305175781,0,0.0,0.0
2024-12-19 01:05:00+00:00,83.80000305175781,83.80000305175781,83.0999984741211,83.0999984741211,19000,0.0,0.0
2024-12-19 01:10:00+00:00,83.0999984741211,83.5,82.9000015258789,83.5,46734,0.0,0.0
2024-12-19 01:15:00+00:00,83.5,83.5999984741211,83.5,83.5999984741211,5000,0.0,0.0
2024-12-19 01:20:00+00:00,83.5,83.5,83.30000305175781,83.5,21300,0.0,0.0
2024-12-19 01:25:00+00:00,83.5,83.5999984741211,83.5,83.5,10100,0.0,0.0
2024-12-19 01:30:00+00:00,83.4000015258789,83.4000015258789,83.0999984741211,83.0999984741211,32170,0.0,0.0
2024-12-19 01:35:00+00:00,83.0999984741211,83.4000015258789,83.0,83.30000305175781,27000,0.0,0.0
2024-12-19 01:40:00+00:00,83.4000015258789,83.4000015258789,83.30000305175781,83.30000305175781,6000,0.0,0.0
2024-12-19 01:50:00+00:00,83.4000015258789,83.4000015258789,83.30000305175781,83.30000305175781,11500,0.0,0.0
2024-12-19 01:55:00+00:00,83.30000305175781,83.4000015258789,83.30000305175781,83.30000305175781,6000,0.0,0.0
2024-12-19 02:00:00+00:00,83.30000305175781,83.30000305175781,83.19999694824219,83.19999694824219,7110,0.0,0.0
2024-12-19 02:05:00+00:00,83.30000305175781,83.30000305175781,83.19999694824219,83.30000305175781,17000,0.0,0.0
2024-12-19 02:10:00+00:00,83.4000015258789,83.4000015258789,83.19999694824219,83.19999694824219,4100,0.0,0.0
2024-12-19 02:15:00+00:00,83.4000015258789,83.5999984741211,83.4000015258789,83.5999984741211,16000,0.0,0.0
2024-12-19 02:20:00+00:00,83.5,83.5,83.4000015258789,83.5,27000,0.0,0.0
2024-12-19 02:25:00+00:00,83.5,83.5,83.4000015258789,83.5,33015,0.0,0.0
2024-12-19 02:30:00+00:00,83.5999984741211,83.9000015258789,83.5999984741211,83.9000015258789,24485,0.0,0.0
2024-12-19 02:35:00+00:00,83.9000015258789,84.4000015258789,83.9000015258789,84.0,61000,0.0,0.0
2024-12-19 02:40:00+00:00,83.9000015258789,83.9000015258789,83.80000305175781,83.80000305175781,14000,0.0,0.0
2024-12-19 02:45:00+00:00,83.80000305175781,83.80000305175781,83.5999984741211,83.5999984741211,4000,0.0,0.0
2024-12-19 02:50:00+00:00,83.5999984741211,83.5999984741211,83.5999984741211,83.5999984741211,1000,0.0,0.0
2024-12-19 02:55:00+00:00,83.69999694824219,84.19999694824219,83.69999694824219,84.0,24000,0.0,0.0
2024-12-19 03:00:00+00:00,84.30000305175781,84.4000015258789,84.19999694824219,84.19999694824219,11050,0.0,0.0
2024-12-19 03:05:00+00:00,84.0999984741211,84.0999984741211,84.0,84.0,4030,0.0,0.0
2024-12-19 03:10:00+00:00,84.0999984741211,84.19999694824219,84.0999984741211,84.19999694824219,7000,0.0,0.0
2024-12-19 03:15:00+00:00,84.19999694824219,84.19999694824219,84.0999984741211,84.0999984741211,3000,0.0,0.0
2024-12-19 03:20:00+00:00,84.0999984741211,84.0999984741211,84.0999984741211,84.0999984741211,2001,0.0,0.0
2024-12-19 03:25:00+00:00,84.0999984741211,84.0999984741211,83.5999984741211,83.5999984741211,87099,0.0,0.0
2024-12-19 03:30:00+00:00,83.5999984741211,83.5999984741211,83.5999984741211,83.5999984741211,8000,0.0,0.0
2024-12-19 03:35:00+00:00,83.5999984741211,83.69999694824219,83.5999984741211,83.69999694824219,2000,0.0,0.0
2024-12-19 03:40:00+00:00,83.69999694824219,83.69999694824219,83.5999984741211,83.5999984741211,3060,0.0,0.0
2024-12-19 03:45:00+00:00,83.5,83.5,83.5,83.5,1000,0.0,0.0
2024-12-19 03:50:00+00:00,83.5,83.5999984741211,83.5,83.5999984741211,5011,0.0,0.0
2024-12-19 03:55:00+00:00,83.5999984741211,83.5999984741211,83.5999984741211,83.5999984741211,1000,0.0,0.0
2024-12-19 04:00:00+00:00,83.5999984741211,83.5999984741211,83.5,83.5,2000,0.0,0.0
2024-12-19 04:05:00+00:00,83.5999984741211,83.5999984741211,83.5999984741211,83.5999984741211,2000,0.0,0.0
2024-12-19 04:10:00+00:00,83.5999984741211,83.5999984741211,83.5999984741211,83.5999984741211,1500,0.0,0.0
2024-12-19 04:20:00+00:00,83.5,83.5,83.5,83.5,3000,0.0,0.0
2024-12-19 04:25:00+00:00,83.5,83.9000015258789,83.5,83.80000305175781,18000,0.0,0.0
2024-12-19 04:30:00+00:00,83.80000305175781,83.9000015258789,83.80000305175781,83.80000305175781,4000,0.0,0.0
2024-12-19 04:35:00+00:00,83.9000015258789,83.9000015258789,83.9000015258789,83.9000015258789,3000,0.0,0.0
2024-12-19 04:40:00+00:00,83.9000015258789,83.9000015258789,83.9000015258789,83.9000015258789,2060,0.0,0.0
2024-12-19 04:45:00+00:00,84.0,84.0,83.9000015258789,84.0,4010,0.0,0.0
2024-12-19 04:50:00+00:00,84.0999984741211,84.19999694824219,84.0999984741211,84.19999694824219,9000,0.0,0.0
2024-12-19 04:55:00+00:00,84.19999694824219,84.19999694824219,84.0999984741211,84.19999694824219,18060,0.0,0.0
2024-12-19 05:00:00+00:00,84.0999984741211,84.30000305175781,84.0999984741211,84.19999694824219,4100,0.0,0.0
2024-12-19 05:05:00+00:00,84.19999694824219,84.19999694824219,84.0999984741211,84.19999694824219,12020,0.0,0.0
2024-12-19 05:10:00+00:00,84.0999984741211,84.30000305175781,84.0999984741211,84.30000305175781,23000,0.0,0.0
2024-12-19 05:15:00+00:00,84.19999694824219,84.19999694824219,84.0999984741211,84.19999694824219,9346,0.0,0.0
2024-12-19 05:20:00+00:00,84.30000305175781,84.30000305175781,84.0,84.0,17450,0.0,0.0
2024-12-20 01:00:00+00:00,84.0,84.19999694824219,84.0,84.19999694824219,0,0.0,0.0
2024-12-20 01:05:00+00:00,84.19999694824219,84.5,84.19999694824219,84.30000305175781,23823,0.0,0.0
2024-12-20 01:10:00+00:00,84.30000305175781,84.30000305175781,83.80000305175781,83.80000305175781,37041,0.0,0.0
2024-12-20 01:15:00+00:00,83.80000305175781,83.9000015258789,83.5,83.80000305175781,103215,0.0,0.0
2024-12-20 01:20:00+00:00,83.69999694824219,83.80000305175781,83.5,83.80000305175781,76400,0.0,0.0
2024-12-20 01:25:00+00:00,83.9000015258789,84.0999984741211,83.9000015258789,84.0,21000,0.0,0.0
2024-12-20 01:30:00+00:00,84.0,84.30000305175781,84.0,84.30000305175781,17000,0.0,0.0
2024-12-20 01:35:00+00:00,84.4000015258789,84.9000015258789,84.4000015258789,84.9000015258789,31015,0.0,0.0
2024-12-20 01:40:00+00:00,84.9000015258789,85.0999984741211,84.5,84.5999984741211,59550,0.0,0.0
2024-12-20 01:45:00+00:00,84.69999694824219,84.69999694824219,84.4000015258789,84.4000015258789,34271,0.0,0.0
2024-12-20 01:50:00+00:00,84.30000305175781,84.4000015258789,84.30000305175781,84.4000015258789,8168,0.0,0.0
2024-12-20 01:55:00+00:00,84.4000015258789,85.19999694824219,84.4000015258789,85.19999694824219,54033,0.0,0.0
2024-12-20 02:00:00+00:00,85.19999694824219,85.19999694824219,84.80000305175781,84.9000015258789,11330,0.0,0.0
2024-12-20 02:05:00+00:00,85.0,85.0999984741211,84.9000015258789,85.0999984741211,11015,0.0,0.0
2024-12-20 02:10:00+00:00,85.0,85.0,84.80000305175781,84.80000305175781,8079,0.0,0.0
2024-12-20 02:15:00+00:00,84.80000305175781,84.80000305175781,84.5,84.5,15049,0.0,0.0
2024-12-20 02:20:00+00:00,84.4000015258789,84.4000015258789,84.19999694824219,84.19999694824219,20050,0.0,0.0
2024-12-20 02:25:00+00:00,84.30000305175781,84.5,84.30000305175781,84.5,13000,0.0,0.0
2024-12-20 02:30:00+00:00,84.5,84.69999694824219,84.5,84.69999694824219,8000,0.0,0.0
2024-12-20 02:35:00+00:00,84.80000305175781,85.0999984741211,84.5999984741211,85.0999984741211,31234,0.0,0.0
2024-12-20 02:40:00+00:00,85.0999984741211,85.80000305175781,85.0,85.5,62040,0.0,0.0
2024-12-20 02:45:00+00:00,85.5,85.5,85.30000305175781,85.30000305175781,13270,0.0,0.0
2024-12-20 02:50:00+00:00,85.19999694824219,85.19999694824219,85.0,85.0,18000,0.0,0.0
2024-12-20 02:55:00+00:00,85.0,85.0,84.80000305175781,84.80000305175781,11135,0.0,0.0
2024-12-20 03:00:00+00:00,84.80000305175781,84.80000305175781,84.5999984741211,84.5999984741211,17311,0.0,0.0
2024-12-20 03:05:00+00:00,84.69999694824219,84.69999694824219,84.69999694824219,84.69999694824219,3050,0.0,0.0
2024-12-20 03:10:00+00:00,84.69999694824219,84.69999694824219,84.5999984741211,84.69999694824219,8000,0.0,0.0
2024-12-20 03:15:00+00:00,84.5999984741211,84.5999984741211,84.30000305175781,84.30000305175781,32175,0.0,0.0
2024-12-20 03:20:00+00:00,84.4000015258789,84.5999984741211,84.30000305175781,84.5,22000,0.0,0.0
2024-12-20 03:25:00+00:00,84.5,84.5999984741211,84.5,84.5999984741211,4000,0.0,0.0
2024-12-20 03:30:00+00:00,84.69999694824219,84.69999694824219,84.5,84.5,10000,0.0,0.0
2024-12-20 03:35:00+00:00,84.5,84.5,84.4000015258789,84.4000015258789,6090,0.0,0.0
2024-12-20 03:40:00+00:00,84.4000015258789,84.4000015258789,84.4000015258789,84.4000015258789,12160,0.0,0.0
2024-12-20 03:45:00+00:00,84.30000305175781,84.4000015258789,84.30000305175781,84.30000305175781,24041,0.0,0.0
2024-12-20 03:50:00+00:00,84.19999694824219,84.19999694824219,84.0,84.0,21214,0.0,0.0
2024-12-20 03:55:00+00:00,84.0,84.0999984741211,84.0,84.0,7000,0.0,0.0
2024-12-20 04:00:00+00:00,84.0,84.0,84.0,84.0,3500,0.0,0.0
2024-12-20 04:05:00+00:00,84.0,84.0,84.0,84.0,20000,0.0,0.0
2024-12-20 04:10:00+00:00,83.9000015258789,84.0,83.9000015258789,84.0,8150,0.0,0.0
2024-12-20 04:15:00+00:00,84.0,84.0,83.80000305175781,83.9000015258789,29510,0.0,0.0
2024-12-20 04:20:00+00:00,83.9000015258789,83.9000015258789,83.9000015258789,83.9000015258789,4550,0.0,0.0
2024-12-20 04:25:00+00:00,83.9000015258789,83.9000015258789,83.80000305175781,83.9000015258789,13121,0.0,0.0
2024-12-20 04:30:00+00:00,83.9000015258789,83.9000015258789,83.5999984741211,83.5999984741211,21415,0.0,0.0
2024-12-20 04:35:00+00:00,83.5999984741211,83.5999984741211,83.5999984741211,83.5999984741211,3125,0.0,0.0
2024-12-20 04:40:00+00:00,83.5999984741211,83.5999984741211,83.5,83.5,17230,0.0,0.0
2024-12-20 04:45:00+00:00,83.5999984741211,83.5999984741211,83.5999984741211,83.5999984741211,11010,0.0,0.0
2024-12-20 04:50:00+00:00,83.69999694824219,83.9000015258789,83.5999984741211,83.9000015258789,13115,0.0,0.0
2024-12-20 04:55:00+00:00,84.0,84.0,84.0,84.0,14090,0.0,0.0
2024-12-20 05:00:00+00:00,83.9000015258789,84.19999694824219,83.9000015258789,84.19999694824219,23031,0.0,0.0
2024-12-20 05:05:00+00:00,84.19999694824219,84.4000015258789,84.19999694824219,84.4000015258789,18000,0.0,0.0
2024-12-20 05:10:00+00:00,84.30000305175781,84.4000015258789,84.30000305175781,84.4000015258789,20008,0.0,0.0
2024-12-20 05:15:00+00:00,84.4000015258789,84.5,84.30000305175781,84.30000305175781,17069,0.0,0.0
2024-12-20 05:20:00+00:00,84.30000305175781,84.4000015258789,84.30000305175781,84.4000015258789,16100,0.0,0.0
2024-12-23 01:00:00+00:00,84.69999694824219,86.30000305175781,84.69999694824219,86.0,0,0.0,0.0
2024-12-23 01:05:00+00:00,86.0,86.0999984741211,85.5999984741211,85.5999984741211,60066,0.0,0.0
2024-12-23 01:10:00+00:00,85.69999694824219,87.69999694824219,85.69999694824219,86.9000015258789,366797,0.0,0.0
2024-12-23 01:15:00+00:00,86.80000305175781,86.80000305175781,86.0999984741211,86.0999984741211,73030,0.0,0.0
2024-12-23 01:20:00+00:00,86.0,86.19999694824219,85.4000015258789,85.80000305175781,59040,0.0,0.0
2024-12-23 01:25:00+00:00,85.80000305175781,85.80000305175781,85.5999984741211,85.80000305175781,54114,0.0,0.0
2024-12-23 01:30:00+00:00,85.9000015258789,86.0999984741211,85.9000015258789,85.9000015258789,12106,0.0,0.0
2024-12-23 01:35:00+00:00,86.0,86.0999984741211,86.0,86.0999984741211,10480,0.0,0.0
2024-12-23 01:40:00+00:00,86.0,86.19999694824219,85.9000015258789,86.0999984741211,24036,0.0,0.0
2024-12-23 01:45:00+00:00,86.0,86.0,85.80000305175781,85.80000305175781,13000,0.0,0.0
2024-12-23 01:50:00+00:00,85.80000305175781,85.9000015258789,85.69999694824219,85.80000305175781,9036,0.0,0.0
2024-12-23 01:55:00+00:00,85.80000305175781,85.80000305175781,85.80000305175781,85.80000305175781,14500,0.0,0.0
2024-12-23 02:00:00+00:00,85.80000305175781,86.0,85.80000305175781,86.0,21000,0.0,0.0
2024-12-23 02:05:00+00:00,86.0,86.0,86.0,86.0,16020,0.0,0.0
2024-12-23 02:10:00+00:00,86.0,86.0999984741211,85.69999694824219,85.69999694824219,9130,0.0,0.0
2024-12-23 02:15:00+00:00,85.80000305175781,85.80000305175781,85.5999984741211,85.69999694824219,11610,0.0,0.0
2024-12-23 02:20:00+00:00,85.69999694824219,85.69999694824219,85.19999694824219,85.30000305175781,96325,0.0,0.0
2024-12-23 02:25:00+00:00,85.30000305175781,85.5,85.30000305175781,85.4000015258789,8068,0.0,0.0
2024-12-23 02:30:00+00:00,85.4000015258789,85.5,85.4000015258789,85.5,8000,0.0,0.0
2024-12-23 02:35:00+00:00,85.5,85.5999984741211,85.5,85.5999984741211,3408,0.0,0.0
2024-12-23 02:40:00+00:00,85.69999694824219,85.80000305175781,85.69999694824219,85.80000305175781,4349,0.0,0.0
2024-12-23 02:45:00+00:00,85.80000305175781,85.80000305175781,85.80000305175781,85.80000305175781,2779,0.0,0.0
2024-12-23 02:50:00+00:00,85.69999694824219,85.69999694824219,85.69999694824219,85.69999694824219,3241,0.0,0.0
2024-12-23 02:55:00+00:00,85.5999984741211,85.69999694824219,85.5999984741211,85.5999984741211,4211,0.0,0.0
2024-12-23 03:00:00+00:00,85.5,85.5,85.4000015258789,85.5,11000,0.0,0.0
2024-12-23 03:05:00+00:00,85.5,85.5,85.4000015258789,85.4000015258789,11000,0.0,0.0
2024-12-23 03:10:00+00:00,85.4000015258789,85.69999694824219,85.4000015258789,85.69999694824219,9000,0.0,0.0
2024-12-23 03:15:00+00:00,85.5999984741211,85.5999984741211,85.5999984741211,85.5999984741211,2000,0.0,0.0
2024-12-23 03:20:00+00:00,85.5999984741211,85.5999984741211,85.5999984741211,85.5999984741211,7487,0.0,0.0
2024-12-23 03:25:00+00:00,85.5,85.5,85.5,85.5,2262,0.0,0.0
2024-12-23 03:30:00+00:00,85.5,85.5,85.5,85.5,3000,0.0,0.0
2024-12-23 03:35:00+00:00,85.5,85.5,85.5,85.5,3000,0.0,0.0
2024-12-23 03:40:00+00:00,85.5,85.69999694824219,85.5,85.69999694824219,12250,0.0,0.0
2024-12-23 03:45:00+00:00,85.5999984741211,85.69999694824219,85.5999984741211,85.69999694824219,9000,0.0,0.0
2024-12-23 03:50:00+00:00,85.5999984741211,85.5999984741211,85.5999984741211,85.5999984741211,6000,0.0,0.0
2024-12-23 03:55:00+00:00,85.5999984741211,85.5999984741211,85.5,85.5,3000,0.0,0.0
2024-12-23 04:00:00+00:00,85.5,85.5,85.5,85.5,8000,0.0,0.0
2024-12-23 04:05:00+00:00,85.5,85.5,85.5,85.5,4050,0.0,0.0
2024-12-23 04:10:00+00:00,85.5,85.5,85.5,85.5,10100,0.0,0.0
2024-12-23 04:15:00+00:00,85.5,85.5,85.4000015258789,85.4000015258789,11509,0.0,0.0
2024-12-23 04:20:00+00:00,85.4000015258789,85.4000015258789,85.4000015258789,85.4000015258789,6000,0.0,0.0
2024-12-23 04:25:00+00:00,85.4000015258789,85.4000015258789,85.4000015258789,85.4000015258789,1001,0.0,0.0
2024-12-23 04:30:00+00:00,85.4000015258789,85.4000015258789,85.19999694824219,85.30000305175781,37497,0.0,0.0
2024-12-23 04:35:00+00:00,85.30000305175781,85.30000305175781,85.0999984741211,85.0999984741211,19840,0.0,0.0
2024-12-23 04:40:00+00:00,85.0999984741211,85.19999694824219,85.0999984741211,85.0999984741211,4326,0.0,0.0
2024-12-23 04:45:00+00:00,85.0999984741211,85.0999984741211,85.0,85.0,31117,0.0,0.0
2024-12-23 04:50:00+00:00,85.0999984741211,85.0999984741211,85.0,85.0,9164,0.0,0.0
2024-12-23 04:55:00+00:00,85.0,85.0999984741211,85.0,85.0,6602,0.0,0.0
2024-12-23 05:00:00+00:00,85.19999694824219,85.19999694824219,85.0,85.0999984741211,19050,0.0,0.0
2024-12-23 05:05:00+00:00,85.0999984741211,85.19999694824219,85.0999984741211,85.0999984741211,9080,0.0,0.0
2024-12-23 05:10:00+00:00,85.19999694824219,85.19999694824219,85.0999984741211,85.0999984741211,10000,0.0,0.0
2024-12-23 05:15:00+00:00,85.0999984741211,85.4000015258789,85.0,85.30000305175781,46279,0.0,0.0
2024-12-23 05:20:00+00:00,85.4000015258789,85.5,85.30000305175781,85.30000305175781,54210,0.0,0.0
2024-12-24 01:00:00+00:00,86.19999694824219,86.4000015258789,85.0999984741211,86.0,0,0.0,0.0
2024-12-24 01:05:00+00:00,86.0999984741211,86.30000305175781,86.0999984741211,86.0999984741211,33354,0.0,0.0
2024-12-24 01:10:00+00:00,86.0,86.0,85.80000305175781,86.0,30000,0.0,0.0
2024-12-24 01:15:00+00:00,85.80000305175781,85.80000305175781,85.69999694824219,85.69999694824219,7000,0.0,0.0
2024-12-24 01:20:00+00:00,85.5999984741211,85.9000015258789,85.5999984741211,85.80000305175781,8000,0.0,0.0
2024-12-24 01:25:00+00:00,85.9000015258789,85.9000015258789,85.80000305175781,85.9000015258789,9000,0.0,0.0
2024-12-24 01:30:00+00:00,85.80000305175781,85.80000305175781,85.69999694824219,85.69999694824219,5000,0.0,0.0
2024-12-24 01:35:00+00:00,85.69999694824219,85.69999694824219,85.69999694824219,85.69999694824219,3000,0.0,0.0
2024-12-24 01:40:00+00:00,85.5999984741211,85.69999694824219,85.5999984741211,85.69999694824219,13778,0.0,0.0
2024-12-24 01:45:00+00:00,85.5999984741211,85.5999984741211,85.5999984741211,85.5999984741211,7020,0.0,0.0
2024-12-24 01:50:00+00:00,85.5,85.5,85.4000015258789,85.4000015258789,9201,0.0,0.0
2024-12-24 01:55:00+00:00,85.4000015258789,85.5,85.30000305175781,85.4000015258789,30431,0.0,0.0
2024-12-24 02:00:00+00:00,85.4000015258789,85.5,85.4000015258789,85.5,14000,0.0,0.0
2024-12-24 02:05:00+00:00,85.5,85.5999984741211,85.5,85.5,6000,0.0,0.0
2024-12-24 02:10:00+00:00,85.5999984741211,85.69999694824219,85.5,85.5999984741211,22017,0.0,0.0
2024-12-24 02:15:00+00:00,85.5999984741211,85.69999694824219,85.5,85.69999694824219,14000,0.0,0.0
2024-12-24 02:20:00+00:00,85.5999984741211,85.5999984741211,85.5,85.5,9000,0.0,0.0
2024-12-24 02:25:00+00:00,85.5,85.5,85.5,85.5,2000,0.0,0.0
2024-12-24 02:30:00+00:00,85.5,85.5,85.5,85.5,2000,0.0,0.0
2024-12-24 02:35:00+00:00,85.5,85.5,85.4000015258789,85.4000015258789,23135,0.0,0.0
2024-12-24 02:40:00+00:00,85.4000015258789,85.4000015258789,85.4000015258789,85.4000015258789,2560,0.0,0.0
2024-12-24 02:45:00+00:00,85.4000015258789,85.4000015258789,85.4000015258789,85.4000015258789,8100,0.0,0.0
2024-12-24 02:50:00+00:00,85.30000305175781,85.4000015258789,85.30000305175781,85.30000305175781,5200,0.0,0.0
2024-12-24 02:55:00+00:00,85.30000305175781,85.30000305175781,85.0999984741211,85.0999984741211,43555,0.0,0.0
2024-12-24 03:00:00+00:00,85.0,85.0,84.80000305175781,84.9000015258789,36590,0.0,0.0
2024-12-24 03:05:00+00:00,84.9000015258789,85.0,84.9000015258789,85.0,10000,0.0,0.0
2024-12-24 03:10:00+00:00,84.9000015258789,84.9000015258789,84.9000015258789,84.9000015258789,4000,0.0,0.0
2024-12-24 03:15:00+00:00,84.9000015258789,85.0,84.9000015258789,85.0,5000,0.0,0.0
2024-12-24 03:20:00+00:00,85.0,85.0,84.9000015258789,84.9000015258789,9000,0.0,0.0
2024-12-24 03:25:00+00:00,84.9000015258789,85.0,84.9000015258789,84.9000015258789,11500,0.0,0.0
2024-12-24 03:30:00+00:00,84.9000015258789,84.9000015258789,84.80000305175781,84.80000305175781,7205,0.0,0.0
2024-12-24 03:35:00+00:00,84.80000305175781,85.0,84.80000305175781,84.9000015258789,5030,0.0,0.0
2024-12-24 03:40:00+00:00,84.9000015258789,85.0,84.9000015258789,84.9000015258789,5100,0.0,0.0
2024-12-24 03:45:00+00:00,84.9000015258789,84.9000015258789,84.80000305175781,84.80000305175781,11003,0.0,0.0
2024-12-24 03:50:00+00:00,84.80000305175781,84.80000305175781,84.69999694824219,84.69999694824219,26106,0.0,0.0
2024-12-24 03:55:00+00:00,84.80000305175781,84.80000305175781,84.5999984741211,84.69999694824219,6321,0.0,0.0
2024-12-24 04:00:00+00:00,84.5999984741211,84.69999694824219,84.5999984741211,84.5999984741211,11200,0.0,0.0
2024-12-24 04:05:00+00:00,84.5999984741211,84.69999694824219,84.5999984741211,84.5999984741211,15150,0.0,0.0
2024-12-24 04:10:00+00:00,84.5,84.69999694824219,84.4000015258789,84.69999694824219,52499,0.0,0.0
2024-12-24 04:15:00+00:00,84.69999694824219,84.69999694824219,84.5999984741211,84.5999984741211,13268,0.0,0.0
2024-12-24 04:20:00+00:00,84.5999984741211,84.5999984741211,84.5,84.5999984741211,6160,0.0,0.0
2024-12-24 04:25:00+00:00,84.5999984741211,84.5999984741211,84.5,84.5,13000,0.0,0.0
2024-12-24 04:30:00+00:00,84.4000015258789,84.5,84.4000015258789,84.5,18463,0.0,0.0
2024-12-24 04:35:00+00:00,84.5,84.5,84.4000015258789,84.4000015258789,9000,0.0,0.0
2024-12-24 04:40:00+00:00,84.4000015258789,84.80000305175781,84.4000015258789,84.80000305175781,47000,0.0,0.0
2024-12-24 04:45:00+00:00,84.69999694824219,84.9000015258789,84.69999694824219,84.69999694824219,4000,0.0,0.0
2024-12-24 04:50:00+00:00,84.69999694824219,84.80000305175781,84.5999984741211,84.5999984741211,11000,0.0,0.0
2024-12-24 04:55:00+00:00,84.69999694824219,84.69999694824219,84.5999984741211,84.5999984741211,7000,0.0,0.0
2024-12-24 05:00:00+00:00,84.5999984741211,84.9000015258789,84.5999984741211,84.80000305175781,19041,0.0,0.0
2024-12-24 05:05:00+00:00,84.69999694824219,84.69999694824219,84.5999984741211,84.69999694824219,7000,0.0,0.0
2024-12-24 05:10:00+00:00,84.69999694824219,84.80000305175781,84.5999984741211,84.69999694824219,21000,0.0,0.0
2024-12-24 05:15:00+00:00,84.69999694824219,84.80000305175781,84.69999694824219,84.80000305175781,22015,0.0,0.0
2024-12-24 05:20:00+00:00,84.9000015258789,84.9000015258789,84.5999984741211,84.5999984741211,31500,0.0,0.0
2024-12-25 01:00:00+00:00,84.5999984741211,85.69999694824219,84.5999984741211,85.5,0,0.0,0.0
2024-12-25 01:05:00+00:00,85.30000305175781,85.30000305175781,85.19999694824219,85.30000305175781,8300,0.0,0.0
2024-12-25 01:10:00+00:00,85.19999694824219,85.30000305175781,85.19999694824219,85.30000305175781,29030,0.0,0.0
2024-12-25 01:15:00+00:00,85.30000305175781,85.5,85.30000305175781,85.30000305175781,28050,0.0,0.0
2024-12-25 01:20:00+00:00,85.30000305175781,85.4000015258789,85.30000305175781,85.4000015258789,7040,0.0,0.0
2024-12-25 01:25:00+00:00,85.4000015258789,85.4000015258789,85.30000305175781,85.30000305175781,2000,0.0,0.0
2024-12-25 01:30:00+00:00,85.30000305175781,85.30000305175781,85.30000305175781,85.30000305175781,5000,0.0,0.0
2024-12-25 01:35:00+00:00,85.19999694824219,85.19999694824219,84.9000015258789,84.9000015258789,25100,0.0,0.0
2024-12-25 01:40:00+00:00,85.0,85.30000305175781,85.0,85.0,24100,0.0,0.0
2024-12-25 01:45:00+00:00,85.0,85.0,85.0,85.0,4000,0.0,0.0
2024-12-25 01:50:00+00:00,85.0,85.0999984741211,85.0,85.0999984741211,8375,0.0,0.0
2024-12-25 02:00:00+00:00,85.0999984741211,85.19999694824219,85.0999984741211,85.0999984741211,5540,0.0,0.0
2024-12-25 02:05:00+00:00,85.0,85.0999984741211,85.0,85.0999984741211,6150,0.0,0.0
2024-12-25 02:10:00+00:00,85.0,85.0,84.9000015258789,84.9000015258789,30000,0.0,0.0
2024-12-25 02:15:00+00:00,84.80000305175781,84.80000305175781,84.5999984741211,84.69999694824219,11115,0.0,0.0
2024-12-25 02:20:00+00:00,84.80000305175781,84.9000015258789,84.80000305175781,84.9000015258789,7000,0.0,0.0
2024-12-25 02:25:00+00:00,85.0,85.4000015258789,85.0,85.4000015258789,25055,0.0,0.0
2024-12-25 02:30:00+00:00,85.30000305175781,85.4000015258789,85.30000305175781,85.30000305175781,5000,0.0,0.0
2024-12-25 02:35:00+00:00,85.4000015258789,85.5,85.30000305175781,85.30000305175781,12112,0.0,0.0
2024-12-25 02:40:00+00:00,85.4000015258789,85.5999984741211,85.4000015258789,85.4000015258789,22942,0.0,0.0
2024-12-25 02:45:00+00:00,85.5,85.5,85.19999694824219,85.19999694824219,15000,0.0,0.0
2024-12-25 02:50:00+00:00,85.30000305175781,85.30000305175781,85.19999694824219,85.19999694824219,7150,0.0,0.0
2024-12-25 02:55:00+00:00,85.0999984741211,85.0999984741211,85.0999984741211,85.0999984741211,3025,0.0,0.0
2024-12-25 03:00:00+00:00,85.19999694824219,85.4000015258789,85.19999694824219,85.30000305175781,15000,0.0,0.0
2024-12-25 03:05:00+00:00,85.19999694824219,85.5,85.19999694824219,85.5,40200,0.0,0.0
2024-12-25 03:10:00+00:00,85.5999984741211,86.0,85.5999984741211,86.0,50505,0.0,0.0
2024-12-25 03:15:00+00:00,85.9000015258789,86.0,85.9000015258789,85.9000015258789,10000,0.0,0.0
2024-12-25 03:20:00+00:00,85.9000015258789,86.19999694824219,85.80000305175781,86.0999984741211,64390,0.0,0.0
2024-12-25 03:25:00+00:00,86.0999984741211,86.9000015258789,86.0999984741211,86.9000015258789,243405,0.0,0.0
2024-12-25 03:30:00+00:00,86.80000305175781,86.80000305175781,86.5,86.5999984741211,32000,0.0,0.0
2024-12-25 03:35:00+00:00,86.5999984741211,86.80000305175781,86.5999984741211,86.80000305175781,58121,0.0,0.0
2024-12-25 03:40:00+00:00,86.80000305175781,87.0999984741211,86.5999984741211,87.0999984741211,108328,0.0,0.0
2024-12-25 03:45:00+00:00,87.0999984741211,87.0999984741211,86.5999984741211,86.69999694824219,69161,0.0,0.0
2024-12-25 03:50:00+00:00,86.5,86.69999694824219,86.30000305175781,86.69999694824219,48480,0.0,0.0
2024-12-25 03:55:00+00:00,86.80000305175781,86.80000305175781,86.69999694824219,86.69999694824219,15050,0.0,0.0
2024-12-25 04:00:00+00:00,86.5999984741211,86.5999984741211,86.5999984741211,86.5999984741211,5050,0.0,0.0
2024-12-25 04:05:00+00:00,86.5,86.69999694824219,86.5,86.69999694824219,26000,0.0,0.0
2024-12-25 04:10:00+00:00,86.5999984741211,86.69999694824219,86.5,86.5999984741211,20125,0.0,0.0
2024-12-25 04:15:00+00:00,86.5,86.5999984741211,86.5,86.5,6055,0.0,0.0
2024-12-25 04:20:00+00:00,86.5,86.5999984741211,86.5,86.5,13330,0.0,0.0
2024-12-25 04:25:00+00:00,86.4000015258789,86.5,86.4000015258789,86.5,20000,0.0,0.0
2024-12-25 04:30:00+00:00,86.5,86.5,86.4000015258789,86.4000015258789,8031,0.0,0.0
2024-12-25 04:35:00+00:00,86.4000015258789,86.4000015258789,86.19999694824219,86.30000305175781,19361,0.0,0.0
2024-12-25 04:40:00+00:00,86.30000305175781,86.5,86.30000305175781,86.4000015258789,37573,0.0,0.0
2024-12-25 04:45:00+00:00,86.5,86.5,86.4000015258789,86.4000015258789,13105,0.0,0.0
2024-12-25 04:50:00+00:00,86.4000015258789,86.4000015258789,86.4000015258789,86.4000015258789,3007,0.0,0.0
2024-12-25 04:55:00+00:00,86.4000015258789,86.5,86.4000015258789,86.4000015258789,10100,0.0,0.0
2024-12-25 05:00:00+00:00,86.5,86.5,86.5,86.5,4000,0.0,0.0
2024-12-25 05:05:00+00:00,86.5,86.5999984741211,86.4000015258789,86.5,33200,0.0,0.0
2024-12-25 05:10:00+00:00,86.5999984741211,86.5999984741211,86.19999694824219,86.4000015258789,52105,0.0,0.0
2024-12-25 05:15:00+00:00,86.4000015258789,86.5,86.4000015258789,86.5,8117,0.0,0.0
2024-12-25 05:20:00+00:00,86.5999984741211,86.5999984741211,86.4000015258789,86.5,18598,0.0,0.0
2024-12-26 01:00:00+00:00,87.0,87.0,86.4000015258789,86.80000305175781,0,0.0,0.0
2024-12-26 01:05:00+00:00,86.80000305175781,87.0999984741211,86.4000015258789,86.9000015258789,88212,0.0,0.0
2024-12-26 01:10:00+00:00,87.0,87.19999694824219,87.0,87.0999984741211,9000,0.0,0.0
2024-12-26 01:15:00+00:00,87.0999984741211,87.0999984741211,86.9000015258789,86.9000015258789,16141,0.0,0.0
2024-12-26 01:20:00+00:00,87.0,87.69999694824219,87.0,87.69999694824219,75830,0.0,0.0
2024-12-26 01:25:00+00:00,87.69999694824219,87.69999694824219,87.5,87.5999984741211,26875,0.0,0.0
2024-12-26 01:30:00+00:00,87.5,87.5,87.0,87.0,56363,0.0,0.0
2024-12-26 01:35:00+00:00,87.0,87.19999694824219,86.9000015258789,86.9000015258789,35598,0.0,0.0
2024-12-26 01:40:00+00:00,87.0,87.69999694824219,86.9000015258789,87.69999694824219,84270,0.0,0.0
2024-12-26 01:45:00+00:00,87.69999694824219,87.69999694824219,87.5,87.5,20100,0.0,0.0
2024-12-26 01:50:00+00:00,87.5,87.9000015258789,87.5,87.9000015258789,100280,0.0,0.0
2024-12-26 01:55:00+00:00,87.9000015258789,88.5,87.80000305175781,88.5,255591,0.0,0.0
2024-12-26 02:00:00+00:00,88.5,88.5999984741211,88.0999984741211,88.0999984741211,62030,0.0,0.0
2024-12-26 02:05:00+00:00,88.0999984741211,88.19999694824219,88.0,88.0,19190,0.0,0.0
2024-12-26 02:10:00+00:00,88.0,88.0999984741211,87.9000015258789,88.0,22300,0.0,0.0
2024-12-26 02:15:00+00:00,87.9000015258789,87.9000015258789,87.69999694824219,87.69999694824219,50185,0.0,0.0
2024-12-26 02:20:00+00:00,87.9000015258789,88.19999694824219,87.80000305175781,88.19999694824219,55000,0.0,0.0
2024-12-26 02:25:00+00:00,88.0,88.0,88.0,88.0,6009,0.0,0.0
2024-12-26 02:30:00+00:00,87.9000015258789,88.0,87.80000305175781,87.80000305175781,51480,0.0,0.0
2024-12-26 02:35:00+00:00,87.80000305175781,87.80000305175781,87.69999694824219,87.69999694824219,5015,0.0,0.0
2024-12-26 02:40:00+00:00,87.69999694824219,87.69999694824219,87.5,87.5999984741211,18240,0.0,0.0
2024-12-26 02:45:00+00:00,87.69999694824219,87.69999694824219,87.5999984741211,87.69999694824219,3000,0.0,0.0
2024-12-26 02:50:00+00:00,87.80000305175781,87.80000305175781,87.80000305175781,87.80000305175781,6000,0.0,0.0
2024-12-26 02:55:00+00:00,87.9000015258789,88.0,87.9000015258789,87.9000015258789,7100,0.0,0.0
2024-12-26 03:00:00+00:00,87.9000015258789,88.0999984741211,87.9000015258789,88.0999984741211,36050,0.0,0.0
2024-12-26 03:05:00+00:00,88.19999694824219,88.30000305175781,88.19999694824219,88.19999694824219,67327,0.0,0.0
2024-12-26 03:10:00+00:00,88.19999694824219,88.19999694824219,88.0,88.0,13140,0.0,0.0
2024-12-26 03:15:00+00:00,88.0,88.0,87.69999694824219,87.9000015258789,34687,0.0,0.0
2024-12-26 03:20:00+00:00,87.80000305175781,88.0,87.80000305175781,88.0,18254,0.0,0.0
2024-12-26 03:25:00+00:00,88.0,88.0999984741211,87.9000015258789,87.9000015258789,17125,0.0,0.0
2024-12-26 03:30:00+00:00,87.80000305175781,87.80000305175781,87.5,87.5,15426,0.0,0.0
2024-12-26 03:35:00+00:00,87.5,87.5999984741211,87.5,87.5999984741211,5000,0.0,0.0
2024-12-26 03:40:00+00:00,87.69999694824219,87.69999694824219,87.69999694824219,87.69999694824219,3000,0.0,0.0
2024-12-26 03:45:00+00:00,87.69999694824219,87.69999694824219,87.5999984741211,87.5999984741211,9415,0.0,0.0
2024-12-26 03:50:00+00:00,87.5999984741211,87.69999694824219,87.5999984741211,87.69999694824219,6150,0.0,0.0
2024-12-26 03:55:00+00:00,87.80000305175781,88.0,87.80000305175781,88.0,19033,0.0,0.0
2024-12-26 04:00:00+00:00,87.9000015258789,87.9000015258789,87.80000305175781,87.9000015258789,4000,0.0,0.0
2024-12-26 04:05:00+00:00,87.69999694824219,87.69999694824219,87.69999694824219,87.69999694824219,6000,0.0,0.0
2024-12-26 04:10:00+00:00,87.80000305175781,87.80000305175781,87.5999984741211,87.5999984741211,6130,0.0,0.0
2024-12-26 04:15:00+00:00,87.80000305175781,87.9000015258789,87.80000305175781,87.9000015258789,4000,0.0,0.0
2024-12-26 04:20:00+00:00,87.69999694824219,87.80000305175781,87.69999694824219,87.80000305175781,2092,0.0,0.0
2024-12-26 04:25:00+00:00,87.9000015258789,87.9000015258789,87.9000015258789,87.9000015258789,5038,0.0,0.0
2024-12-26 04:30:00+00:00,87.80000305175781,87.80000305175781,87.80000305175781,87.80000305175781,2000,0.0,0.0
2024-12-26 04:35:00+00:00,87.80000305175781,87.9000015258789,87.80000305175781,87.9000015258789,8050,0.0,0.0
2024-12-26 04:40:00+00:00,87.9000015258789,87.9000015258789,87.80000305175781,87.80000305175781,16050,0.0,0.0
2024-12-26 04:45:00+00:00,87.9000015258789,87.9000015258789,87.80000305175781,87.80000305175781,6000,0.0,0.0
2024-12-26 04:50:00+00:00,87.80000305175781,87.80000305175781,87.80000305175781,87.80000305175781,2000,0.0,0.0
2024-12-26 04:55:00+00:00,87.80000305175781,87.80000305175781,87.5999984741211,87.69999694824219,36000,0.0,0.0
2024-12-26 05:00:00+00:00,87.5999984741211,87.69999694824219,87.5,87.69999694824219,26050,0.0,0.0
2024-12-26 05:05:00+00:00,87.69999694824219,87.69999694824219,87.5999984741211,87.5999984741211,28275,0.0,0.0
2024-12-26 05:10:00+00:00,87.5999984741211,87.69999694824219,87.5999984741211,87.69999694824219,5025,0.0,0.0
2024-12-26 05:15:00+00:00,87.69999694824219,87.69999694824219,87.5,87.5,29015,0.0,0.0
2024-12-26 05:20:00+00:00,87.5,87.69999694824219,87.5,87.69999694824219,33140,0.0,0.0
2024-12-27 01:00:00+00:00,88.0,88.0,87.5,87.9000015258789,0,0.0,0.0
2024-12-27 01:05:00+00:00,87.5999984741211,87.5999984741211,87.30000305175781,87.5,18040,0.0,0.0
2024-12-27 01:10:00+00:00,87.5,87.5,87.0999984741211,87.0999984741211,24000,0.0,0.0
2024-12-27 01:15:00+00:00,87.0999984741211,87.19999694824219,87.0999984741211,87.19999694824219,9000,0.0,0.0
2024-12-27 01:20:00+00:00,87.30000305175781,87.30000305175781,87.19999694824219,87.30000305175781,6012,0.0,0.0
2024-12-27 01:25:00+00:00,87.30000305175781,87.30000305175781,87.19999694824219,87.19999694824219,10000,0.0,0.0
2024-12-27 01:30:00+00:00,87.19999694824219,87.19999694824219,86.80000305175781,86.80000305175781,52134,0.0,0.0
2024-12-27 01:35:00+00:00,86.80000305175781,86.9000015258789,86.69999694824219,86.9000015258789,22145,0.0,0.0
2024-12-27 01:40:00+00:00,86.9000015258789,86.9000015258789,86.69999694824219,86.69999694824219,5167,0.0,0.0
2024-12-27 01:45:00+00:00,86.69999694824219,86.80000305175781,86.5999984741211,86.80000305175781,25057,0.0,0.0
2024-12-27 01:50:00+00:00,86.9000015258789,86.9000015258789,86.80000305175781,86.80000305175781,20000,0.0,0.0
2024-12-27 01:55:00+00:00,86.80000305175781,86.80000305175781,86.80000305175781,86.80000305175781,10111,0.0,0.0
2024-12-27 02:00:00+00:00,86.69999694824219,86.69999694824219,86.30000305175781,86.5,99279,0.0,0.0
2024-12-27 02:05:00+00:00,86.5,86.5,86.4000015258789,86.4000015258789,12125,0.0,0.0
2024-12-27 02:10:00+00:00,86.4000015258789,86.5,86.30000305175781,86.30000305175781,11570,0.0,0.0
2024-12-27 02:15:00+00:00,86.30000305175781,86.4000015258789,86.19999694824219,86.19999694824219,17713,0.0,0.0
2024-12-27 02:20:00+00:00,86.19999694824219,86.19999694824219,86.0999984741211,86.19999694824219,23000,0.0,0.0
2024-12-27 02:25:00+00:00,86.19999694824219,86.69999694824219,86.19999694824219,86.5,61040,0.0,0.0
2024-12-27 02:30:00+00:00,86.5999984741211,86.5999984741211,86.4000015258789,86.4000015258789,7000,0.0,0.0
2024-12-27 02:35:00+00:00,86.30000305175781,86.5,86.30000305175781,86.4000015258789,16000,0.0,0.0
2024-12-27 02:40:00+00:00,86.4000015258789,86.4000015258789,86.19999694824219,86.19999694824219,12075,0.0,0.0
2024-12-27 02:50:00+00:00,86.19999694824219,86.19999694824219,86.19999694824219,86.19999694824219,7633,0.0,0.0
2024-12-27 02:55:00+00:00,86.19999694824219,86.19999694824219,86.0999984741211,86.0999984741211,21435,0.0,0.0
2024-12-27 03:00:00+00:00,86.0,86.0999984741211,85.9000015258789,86.0999984741211,26859,0.0,0.0
2024-12-27 03:05:00+00:00,86.19999694824219,86.19999694824219,86.0,86.0,13051,0.0,0.0
2024-12-27 03:10:00+00:00,86.0,86.5,86.0,86.5,13000,0.0,0.0
2024-12-27 03:15:00+00:00,86.4000015258789,86.4000015258789,86.4000015258789,86.4000015258789,1000,0.0,0.0
2024-12-27 03:20:00+00:00,86.30000305175781,86.30000305175781,86.0,86.0999984741211,12030,0.0,0.0
2024-12-27 03:25:00+00:00,86.30000305175781,86.9000015258789,86.30000305175781,86.9000015258789,32129,0.0,0.0
2024-12-27 03:30:00+00:00,86.80000305175781,86.80000305175781,86.80000305175781,86.80000305175781,1000,0.0,0.0
2024-12-27 03:35:00+00:00,86.69999694824219,86.69999694824219,86.30000305175781,86.30000305175781,9400,0.0,0.0
2024-12-27 03:40:00+00:00,86.30000305175781,86.30000305175781,86.30000305175781,86.30000305175781,18150,0.0,0.0
2024-12-27 03:45:00+00:00,86.4000015258789,86.4000015258789,86.4000015258789,86.4000015258789,2010,0.0,0.0
2024-12-27 03:50:00+00:00,86.4000015258789,86.4000015258789,86.4000015258789,86.4000015258789,1001,0.0,0.0
2024-12-27 03:55:00+00:00,86.4000015258789,86.4000015258789,86.4000015258789,86.4000015258789,2000,0.0,0.0
2024-12-27 04:00:00+00:00,86.30000305175781,86.30000305175781,86.30000305175781,86.30000305175781,2000,0.0,0.0
2024-12-27 04:05:00+00:00,86.19999694824219,86.30000305175781,86.19999694824219,86.19999694824219,13029,0.0,0.0
2024-12-27 04:10:00+00:00,86.19999694824219,86.4000015258789,86.19999694824219,86.4000015258789,12200,0.0,0.0
2024-12-27 04:20:00+00:00,86.30000305175781,86.4000015258789,86.30000305175781,86.4000015258789,9530,0.0,0.0
2024-12-27 04:25:00+00:00,86.4000015258789,86.4000015258789,86.4000015258789,86.4000015258789,1000,0.0,0.0
2024-12-27 04:30:00+00:00,86.30000305175781,86.4000015258789,86.30000305175781,86.4000015258789,6110,0.0,0.0
2024-12-27 04:35:00+00:00,86.30000305175781,86.4000015258789,86.30000305175781,86.30000305175781,5000,0.0,0.0
2024-12-27 04:40:00+00:00,86.30000305175781,86.30000305175781,86.30000305175781,86.30000305175781,4000,0.0,0.0
2024-12-27 04:45:00+00:00,86.30000305175781,86.4000015258789,86.30000305175781,86.4000015258789,8199,0.0,0.0
2024-12-27 04:50:00+00:00,86.30000305175781,86.4000015258789,86.19999694824219,86.4000015258789,4100,0.0,0.0
2024-12-27 04:55:00+00:00,86.30000305175781,86.4000015258789,86.19999694824219,86.4000015258789,20166,0.0,0.0
2024-12-27 05:00:00+00:00,86.30000305175781,86.4000015258789,86.30000305175781,86.4000015258789,14095,0.0,0.0
2024-12-27 05:05:00+00:00,86.19999694824219,86.30000305175781,86.19999694824219,86.30000305175781,17070,0.0,0.0
2024-12-27 05:10:00+00:00,86.4000015258789,86.9000015258789,86.4000015258789,86.69999694824219,58294,0.0,0.0
2024-12-27 05:15:00+00:00,86.5999984741211,86.5999984741211,86.4000015258789,86.4000015258789,8746,0.0,0.0
2024-12-27 05:20:00+00:00,86.4000015258789,86.69999694824219,86.30000305175781,86.69999694824219,13000,0.0,0.0
2024-12-30 01:00:00+00:00,86.69999694824219,86.69999694824219,86.19999694824219,86.4000015258789,0,0.0,0.0
2024-12-30 01:05:00+00:00,86.4000015258789,86.4000015258789,86.19999694824219,86.19999694824219,11136,0.0,0.0
2024-12-30 01:10:00+00:00,86.0999984741211,86.19999694824219,86.0999984741211,86.0999984741211,12024,0.0,0.0
2024-12-30 01:15:00+00:00,86.0999984741211,86.0999984741211,85.9000015258789,85.9000015258789,18000,0.0,0.0
2024-12-30 01:20:00+00:00,85.9000015258789,86.0,85.9000015258789,86.0,4021,0.0,0.0
2024-12-30 01:25:00+00:00,86.0,86.0,86.0,86.0,1000,0.0,0.0
2024-12-30 01:30:00+00:00,86.0,86.0,85.9000015258789,85.9000015258789,5000,0.0,0.0
2024-12-30 01:35:00+00:00,85.80000305175781,85.80000305175781,85.5,85.5999984741211,35259,0.0,0.0
2024-12-30 01:40:00+00:00,85.5,85.5999984741211,85.5,85.5999984741211,12093,0.0,0.0
2024-12-30 01:45:00+00:00,85.69999694824219,85.69999694824219,85.5999984741211,85.5999984741211,8000,0.0,0.0
2024-12-30 01:50:00+00:00,85.5999984741211,85.5999984741211,85.5999984741211,85.5999984741211,3000,0.0,0.0
2024-12-30 01:55:00+00:00,85.5999984741211,85.69999694824219,85.5999984741211,85.69999694824219,9000,0.0,0.0
2024-12-30 02:00:00+00:00,85.80000305175781,85.80000305175781,85.5999984741211,85.69999694824219,9005,0.0,0.0
2024-12-30 02:05:00+00:00,85.5,85.5,85.30000305175781,85.30000305175781,19030,0.0,0.0
2024-12-30 02:10:00+00:00,85.30000305175781,85.5,85.30000305175781,85.30000305175781,11530,0.0,0.0
2024-12-30 02:15:00+00:00,85.30000305175781,85.30000305175781,85.30000305175781,85.30000305175781,5120,0.0,0.0
2024-12-30 02:20:00+00:00,85.30000305175781,85.30000305175781,85.30000305175781,85.30000305175781,2000,0.0,0.0
2024-12-30 02:25:00+00:00,85.30000305175781,85.30000305175781,85.30000305175781,85.30000305175781,3326,0.0,0.0
2024-12-30 02:30:00+00:00,85.30000305175781,85.30000305175781,85.30000305175781,85.30000305175781,5000,0.0,0.0
2024-12-30 02:35:00+00:00,85.5,85.5,85.4000015258789,85.4000015258789,3040,0.0,0.0
2024-12-30 02:40:00+00:00,85.30000305175781,85.30000305175781,85.30000305175781,85.30000305175781,1110,0.0,0.0
2024-12-30 02:45:00+00:00,85.5,85.5,85.5,85.5,4080,0.0,0.0
2024-12-30 02:50:00+00:00,85.5999984741211,85.69999694824219,85.5999984741211,85.69999694824219,5100,0.0,0.0
2024-12-30 02:55:00+00:00,85.69999694824219,85.69999694824219,85.69999694824219,85.69999694824219,7013,0.0,0.0
2024-12-30 03:10:00+00:00,85.5999984741211,85.5999984741211,85.5999984741211,85.5999984741211,1046,0.0,0.0
2024-12-30 03:15:00+00:00,85.5999984741211,86.0,85.5,86.0,28010,0.0,0.0
2024-12-30 03:20:00+00:00,85.9000015258789,86.0,85.9000015258789,86.0,9110,0.0,0.0
2024-12-30 03:35:00+00:00,85.9000015258789,86.0,85.9000015258789,86.0,9439,0.0,0.0
2024-12-30 03:40:00+00:00,86.0,86.0,86.0,86.0,1090,0.0,0.0
2024-12-30 03:50:00+00:00,86.0,86.0,85.9000015258789,85.9000015258789,2000,0.0,0.0
2024-12-30 03:55:00+00:00,85.80000305175781,85.80000305175781,85.69999694824219,85.69999694824219,9000,0.0,0.0
2024-12-30 04:00:00+00:00,85.69999694824219,85.69999694824219,85.69999694824219,85.69999694824219,3000,0.0,0.0
2024-12-30 04:05:00+00:00,85.69999694824219,85.69999694824219,85.69999694824219,85.69999694824219,2100,0.0,0.0
2024-12-30 04:10:00+00:00,85.5999984741211,85.69999694824219,85.5999984741211,85.69999694824219,2000,0.0,0.0
2024-12-30 04:15:00+00:00,85.69999694824219,85.69999694824219,85.5999984741211,85.5999984741211,3321,0.0,0.0
2024-12-30 04:20:00+00:00,85.69999694824219,85.80000305175781,85.69999694824219,85.80000305175781,3012,0.0,0.0
2024-12-30 04:30:00+00:00,85.69999694824219,85.69999694824219,85.69999694824219,85.69999694824219,2000,0.0,0.0
2024-12-30 04:35:00+00:00,85.80000305175781,85.9000015258789,85.80000305175781,85.9000015258789,9050,0.0,0.0
2024-12-30 04:40:00+00:00,85.9000015258789,86.0,85.9000015258789,85.9000015258789,7560,0.0,0.0
2024-12-30 04:45:00+00:00,85.9000015258789,85.9000015258789,85.9000015258789,85.9000015258789,1090,0.0,0.0
2024-12-30 04:50:00+00:00,85.80000305175781,85.80000305175781,85.80000305175781,85.80000305175781,6000,0.0,0.0
2024-12-30 04:55:00+00:00,85.80000305175781,85.80000305175781,85.80000305175781,85.80000305175781,1010,0.0,0.0
2024-12-30 05:00:00+00:00,85.80000305175781,85.80000305175781,85.80000305175781,85.80000305175781,11000,0.0,0.0
2024-12-30 05:05:00+00:00,85.69999694824219,85.69999694824219,85.5999984741211,85.69999694824219,9000,0.0,0.0
2024-12-30 05:10:00+00:00,85.69999694824219,85.69999694824219,85.5999984741211,85.5999984741211,3200,0.0,0.0
2024-12-30 05:15:00+00:00,85.5999984741211,85.5999984741211,85.5999984741211,85.5999984741211,18435,0.0,0.0
2024-12-30 05:20:00+00:00,85.5999984741211,85.80000305175781,85.5,85.80000305175781,18077,0.0,0.0
2024-12-31 01:00:00+00:00,85.30000305175781,85.5,85.0999984741211,85.0999984741211,0,0.0,0.0
2024-12-31 01:05:00+00:00,85.19999694824219,85.4000015258789,85.0,85.19999694824219,25020,0.0,0.0
2024-12-31 01:10:00+00:00,85.19999694824219,85.30000305175781,85.19999694824219,85.19999694824219,5910,0.0,0.0
2024-12-31 01:15:00+00:00,85.0999984741211,85.5,85.0999984741211,85.5,12118,0.0,0.0
2024-12-31 01:20:00+00:00,85.5,85.5,85.4000015258789,85.4000015258789,2000,0.0,0.0
2024-12-31 01:25:00+00:00,85.0999984741211,85.0999984741211,84.9000015258789,85.0,23010,0.0,0.0
2024-12-31 01:30:00+00:00,85.0,85.0,85.0,85.0,6005,0.0,0.0
2024-12-31 01:35:00+00:00,85.0999984741211,85.0999984741211,85.0999984741211,85.0999984741211,3000,0.0,0.0
2024-12-31 01:40:00+00:00,85.0999984741211,85.0999984741211,85.0,85.0,14085,0.0,0.0
2024-12-31 01:45:00+00:00,84.9000015258789,85.0,84.9000015258789,85.0,6022,0.0,0.0
2024-12-31 01:50:00+00:00,85.0,85.0,85.0,85.0,3260,0.0,0.0
2024-12-31 01:55:00+00:00,85.0,85.0,84.80000305175781,84.80000305175781,11141,0.0,0.0
2024-12-31 02:00:00+00:00,84.80000305175781,84.80000305175781,84.5999984741211,84.5999984741211,17585,0.0,0.0
2024-12-31 02:05:00+00:00,84.5999984741211,84.69999694824219,84.5999984741211,84.69999694824219,5000,0.0,0.0
2024-12-31 02:10:00+00:00,84.80000305175781,84.80000305175781,84.80000305175781,84.80000305175781,1000,0.0,0.0
2024-12-31 02:15:00+00:00,84.80000305175781,85.0,84.80000305175781,85.0,8147,0.0,0.0
2024-12-31 02:25:00+00:00,85.0999984741211,85.5999984741211,85.0999984741211,85.5999984741211,18345,0.0,0.0
2024-12-31 02:30:00+00:00,85.5999984741211,85.5999984741211,85.5,85.5,7000,0.0,0.0
2024-12-31 02:35:00+00:00,85.5999984741211,85.5999984741211,85.5,85.5,4000,0.0,0.0
2024-12-31 02:40:00+00:00,85.4000015258789,85.4000015258789,85.19999694824219,85.30000305175781,21000,0.0,0.0
2024-12-31 02:45:00+00:00,85.0999984741211,85.0999984741211,85.0999984741211,85.0999984741211,7000,0.0,0.0
2024-12-31 02:50:00+00:00,85.0999984741211,85.0999984741211,85.0999984741211,85.0999984741211,1277,0.0,0.0
2024-12-31 02:55:00+00:00,85.0,85.0,85.0,85.0,4000,0.0,0.0
2024-12-31 03:00:00+00:00,85.0999984741211,85.19999694824219,85.0,85.0,28000,0.0,0.0
2024-12-31 03:05:00+00:00,85.0,85.0,85.0,85.0,7000,0.0,0.0
2024-12-31 03:10:00+00:00,85.0,85.19999694824219,85.0,85.19999694824219,15000,0.0,0.0
2024-12-31 03:15:00+00:00,85.0999984741211,85.0999984741211,85.0999984741211,85.0999984741211,1054,0.0,0.0
2024-12-31 03:20:00+00:00,84.9000015258789,84.9000015258789,84.80000305175781,84.80000305175781,2000,0.0,0.0
2024-12-31 03:25:00+00:00,84.9000015258789,84.9000015258789,84.80000305175781,84.80000305175781,6000,0.0,0.0
2024-12-31 03:30:00+00:00,84.69999694824219,84.69999694824219,84.69999694824219,84.69999694824219,5000,0.0,0.0
2024-12-31 03:35:00+00:00,85.0,85.0999984741211,85.0,85.0999984741211,11000,0.0,0.0
2024-12-31 03:40:00+00:00,85.0999984741211,85.0999984741211,85.0,85.0,8179,0.0,0.0
2024-12-31 04:00:00+00:00,85.0,85.0,85.0,85.0,3200,0.0,0.0
2024-12-31 04:05:00+00:00,85.0,85.0,85.0,85.0,4200,0.0,0.0
2024-12-31 04:10:00+00:00,85.0,85.0,85.0,85.0,4367,0.0,0.0
2024-12-31 04:15:00+00:00,85.0,85.0,84.9000015258789,84.9000015258789,4000,0.0,0.0
2024-12-31 04:20:00+00:00,84.9000015258789,85.0,84.9000015258789,85.0,41249,0.0,0.0
2024-12-31 04:25:00+00:00,85.0999984741211,85.0999984741211,85.0,85.0,3000,0.0,0.0
2024-12-31 04:30:00+00:00,85.19999694824219,85.5,85.19999694824219,85.5,40121,0.0,0.0
2024-12-31 04:35:00+00:00,85.5999984741211,85.5999984741211,85.4000015258789,85.5,14402,0.0,0.0
2024-12-31 04:40:00+00:00,85.5,86.0,85.5,85.69999694824219,24998,0.0,0.0
2024-12-31 04:45:00+00:00,85.69999694824219,85.69999694824219,85.69999694824219,85.69999694824219,1065,0.0,0.0
2024-12-31 04:50:00+00:00,85.80000305175781,85.9000015258789,85.80000305175781,85.9000015258789,7000,0.0,0.0
2024-12-31 04:55:00+00:00,86.0,86.5,86.0,86.5,34155,0.0,0.0
2024-12-31 05:00:00+00:00,86.30000305175781,86.30000305175781,86.19999694824219,86.19999694824219,4590,0.0,0.0
2024-12-31 05:05:00+00:00,86.19999694824219,86.19999694824219,86.0999984741211,86.0999984741211,7004,0.0,0.0
2024-12-31 05:10:00+00:00,86.19999694824219,86.19999694824219,86.0,86.0,7000,0.0,0.0
2024-12-31 05:15:00+00:00,86.0999984741211,86.0999984741211,86.0999984741211,86.0999984741211,10050,0.0,0.0
2024-12-31 05:20:00+00:00,86.0,86.19999694824219,86.0,86.0,13000,0.0,0.0
2025-01-02 01:00:00+00:00,85.30000305175781,85.5999984741211,85.30000305175781,85.5,0,0.0,0.0
2025-01-02 01:05:00+00:00,85.5,85.80000305175781,85.5,85.80000305175781,12100,0.0,0.0
2025-01-02 01:10:00+00:00,85.80000305175781,85.80000305175781,85.5,85.5999984741211,12000,0.0,0.0
2025-01-02 01:15:00+00:00,85.5999984741211,85.5999984741211,85.5,85.5999984741211,6000,0.0,0.0
2025-01-02 01:20:00+00:00,85.5999984741211,85.5999984741211,85.5999984741211,85.5999984741211,4000,0.0,0.0
2025-01-02 01:25:00+00:00,85.5999984741211,85.80000305175781,85.5999984741211,85.5999984741211,14000,0.0,0.0
2025-01-02 01:30:00+00:00,85.80000305175781,85.80000305175781,85.30000305175781,85.30000305175781,23411,0.0,0.0
2025-01-02 01:35:00+00:00,85.5,85.5,85.5,85.5,3000,0.0,0.0
2025-01-02 01:40:00+00:00,85.5999984741211,85.5999984741211,85.5999984741211,85.5999984741211,1000,0.0,0.0
2025-01-02 01:45:00+00:00,85.5999984741211,85.69999694824219,85.5,85.5,6063,0.0,0.0
2025-01-02 01:50:00+00:00,85.5,85.5,85.4000015258789,85.5,7079,0.0,0.0
2025-01-02 01:55:00+00:00,85.4000015258789,85.4000015258789,85.0999984741211,85.0999984741211,16298,0.0,0.0
2025-01-02 02:00:00+00:00,85.19999694824219,85.5999984741211,85.0999984741211,85.5,17020,0.0,0.0
2025-01-02 02:05:00+00:00,85.5,85.5,85.5,85.5,3003,0.0,0.0
2025-01-02 02:10:00+00:00,85.5,85.5999984741211,85.5,85.5,8000,0.0,0.0
2025-01-02 02:15:00+00:00,85.5,85.5,85.5,85.5,4300,0.0,0.0
2025-01-02 02:20:00+00:00,85.4000015258789,85.4000015258789,85.4000015258789,85.4000015258789,1000,0.0,0.0
2025-01-02 02:25:00+00:00,85.30000305175781,85.30000305175781,85.30000305175781,85.30000305175781,9020,0.0,0.0
2025-01-02 02:30:00+00:00,85.30000305175781,85.30000305175781,85.19999694824219,85.19999694824219,4050,0.0,0.0
2025-01-02 02:35:00+00:00,85.19999694824219,85.30000305175781,85.19999694824219,85.30000305175781,20100,0.0,0.0
2025-01-02 02:40:00+00:00,85.19999694824219,85.19999694824219,85.19999694824219,85.19999694824219,11000,0.0,0.0
2025-01-02 02:45:00+00:00,85.19999694824219,85.5,85.19999694824219,85.4000015258789,15117,0.0,0.0
2025-01-02 02:50:00+00:00,85.5,85.69999694824219,85.5,85.5999984741211,16063,0.0,0.0
2025-01-02 02:55:00+00:00,85.5999984741211,85.5999984741211,85.4000015258789,85.4000015258789,10000,0.0,0.0
2025-01-02 03:00:00+00:00,85.4000015258789,85.4000015258789,85.30000305175781,85.30000305175781,31000,0.0,0.0
2025-01-02 03:05:00+00:00,85.30000305175781,85.30000305175781,85.30000305175781,85.30000305175781,8000,0.0,0.0
2025-01-02 03:10:00+00:00,85.19999694824219,85.19999694824219,85.0999984741211,85.0999984741211,19015,0.0,0.0
2025-01-02 03:15:00+00:00,85.0999984741211,85.0999984741211,85.0,85.0,5235,0.0,0.0
2025-01-02 03:20:00+00:00,85.0,85.0,85.0,85.0,2500,0.0,0.0
2025-01-02 03:25:00+00:00,85.0,85.0999984741211,85.0,85.0,12102,0.0,0.0
2025-01-02 03:30:00+00:00,85.0,85.0,85.0,85.0,18215,0.0,0.0
2025-01-02 03:35:00+00:00,84.9000015258789,84.9000015258789,84.5999984741211,84.5999984741211,44100,0.0,0.0
2025-01-02 03:40:00+00:00,84.69999694824219,84.69999694824219,84.69999694824219,84.69999694824219,4000,0.0,0.0
2025-01-02 03:45:00+00:00,84.69999694824219,84.69999694824219,84.69999694824219,84.69999694824219,11000,0.0,0.0
2025-01-02 03:50:00+00:00,84.69999694824219,84.80000305175781,84.69999694824219,84.80000305175781,4000,0.0,0.0
2025-01-02 03:55:00+00:00,84.80000305175781,84.80000305175781,84.5999984741211,84.69999694824219,16137,0.0,0.0
2025-01-02 04:00:00+00:00,84.5999984741211,84.5999984741211,84.5999984741211,84.5999984741211,7713,0.0,0.0
2025-01-02 04:05:00+00:00,84.5999984741211,84.5999984741211,84.5,84.5,35390,0.0,0.0
2025-01-02 04:10:00+00:00,84.5,84.5,84.5,84.5,10350,0.0,0.0
2025-01-02 04:15:00+00:00,84.5,84.5,84.30000305175781,84.4000015258789,20740,0.0,0.0
2025-01-02 04:20:00+00:00,84.5,84.80000305175781,84.5,84.69999694824219,33070,0.0,0.0
2025-01-02 04:25:00+00:00,84.5999984741211,84.5999984741211,84.5999984741211,84.5999984741211,4000,0.0,0.0
2025-01-02 04:30:00+00:00,84.5999984741211,84.5999984741211,84.5,84.5,7410,0.0,0.0
2025-01-02 04:35:00+00:00,84.5999984741211,84.5999984741211,84.4000015258789,84.4000015258789,25097,0.0,0.0
2025-01-02 04:40:00+00:00,84.5,84.5,84.4000015258789,84.4000015258789,4146,0.0,0.0
2025-01-02 04:45:00+00:00,84.4000015258789,84.4000015258789,84.4000015258789,84.4000015258789,9000,0.0,0.0
2025-01-02 04:50:00+00:00,84.30000305175781,84.30000305175781,84.0999984741211,84.0999984741211,117556,0.0,0.0
2025-01-02 04:55:00+00:00,84.0999984741211,84.19999694824219,84.0,84.19999694824219,45328,0.0,0.0
2025-01-02 05:00:00+00:00,84.19999694824219,84.30000305175781,84.19999694824219,84.19999694824219,14003,0.0,0.0
2025-01-02 05:05:00+00:00,84.19999694824219,84.30000305175781,84.0999984741211,84.0999984741211,9309,0.0,0.0
2025-01-02 05:10:00+00:00,84.19999694824219,84.5,84.19999694824219,84.4000015258789,27130,0.0,0.0
2025-01-02 05:15:00+00:00,84.4000015258789,84.69999694824219,84.4000015258789,84.4000015258789,89000,0.0,0.0
2025-01-02 05:20:00+00:00,84.4000015258789,84.4000015258789,84.30000305175781,84.4000015258789,16000,0.0,0.0
2025-01-03 01:00:00+00:00,84.5,85.0,84.5,84.9000015258789,0,0.0,0.0
2025-01-03 01:05:00+00:00,84.9000015258789,84.9000015258789,84.80000305175781,84.80000305175781,18100,0.0,0.0
2025-01-03 01:10:00+00:00,84.80000305175781,85.5999984741211,84.80000305175781,85.5999984741211,55000,0.0,0.0
2025-01-03 01:15:00+00:00,85.5,85.5999984741211,85.4000015258789,85.4000015258789,10000,0.0,0.0
2025-01-03 01:20:00+00:00,85.4000015258789,85.4000015258789,85.30000305175781,85.30000305175781,13004,0.0,0.0
2025-01-03 01:25:00+00:00,85.30000305175781,85.4000015258789,85.30000305175781,85.4000015258789,6100,0.0,0.0
2025-01-03 01:30:00+00:00,85.19999694824219,85.30000305175781,85.19999694824219,85.19999694824219,7020,0.0,0.0
2025-01-03 01:35:00+00:00,85.19999694824219,85.19999694824219,84.9000015258789,84.9000015258789,16160,0.0,0.0
2025-01-03 01:40:00+00:00,84.80000305175781,84.80000305175781,84.30000305175781,84.30000305175781,35330,0.0,0.0
2025-01-03 01:45:00+00:00,84.30000305175781,84.30000305175781,84.0999984741211,84.0999984741211,16010,0.0,0.0
2025-01-03 01:50:00+00:00,84.0999984741211,84.4000015258789,84.0999984741211,84.0999984741211,24810,0.0,0.0
2025-01-03 01:55:00+00:00,84.0999984741211,84.30000305175781,84.0999984741211,84.0999984741211,9000,0.0,0.0
2025-01-03 02:00:00+00:00,84.0999984741211,84.0999984741211,83.9000015258789,83.9000015258789,25842,0.0,0.0
2025-01-03 02:05:00+00:00,83.9000015258789,83.9000015258789,83.69999694824219,83.80000305175781,24121,0.0,0.0
2025-01-03 02:10:00+00:00,83.69999694824219,83.80000305175781,83.69999694824219,83.80000305175781,18005,0.0,0.0
2025-01-03 02:15:00+00:00,83.80000305175781,84.0999984741211,83.80000305175781,84.0999984741211,9000,0.0,0.0
2025-01-03 02:20:00+00:00,84.0999984741211,84.0999984741211,84.0,84.0,6000,0.0,0.0
2025-01-03 02:25:00+00:00,84.0,84.0999984741211,84.0,84.0999984741211,5000,0.0,0.0
2025-01-03 02:30:00+00:00,84.0,84.0,84.0,84.0,5030,0.0,0.0
2025-01-03 02:35:00+00:00,84.0,84.0999984741211,84.0,84.0,3030,0.0,0.0
2025-01-03 02:40:00+00:00,84.0999984741211,84.0999984741211,84.0,84.0,8100,0.0,0.0
2025-01-03 02:45:00+00:00,84.0,84.0,83.9000015258789,83.9000015258789,7382,0.0,0.0
2025-01-03 02:50:00+00:00,83.9000015258789,84.0,83.9000015258789,84.0,12074,0.0,0.0
2025-01-03 02:55:00+00:00,84.0999984741211,84.0999984741211,84.0,84.0,4030,0.0,0.0
2025-01-03 03:00:00+00:00,84.0,84.0999984741211,83.9000015258789,83.9000015258789,6000,0.0,0.0
2025-01-03 03:05:00+00:00,84.0999984741211,84.80000305175781,84.0,84.80000305175781,43079,0.0,0.0
2025-01-03 03:10:00+00:00,84.80000305175781,84.80000305175781,84.30000305175781,84.30000305175781,5000,0.0,0.0
2025-01-03 03:15:00+00:00,84.69999694824219,84.69999694824219,84.30000305175781,84.30000305175781,6000,0.0,0.0
2025-01-03 03:20:00+00:00,84.30000305175781,85.19999694824219,84.30000305175781,85.0,52250,0.0,0.0
2025-01-03 03:25:00+00:00,84.9000015258789,85.0999984741211,84.80000305175781,84.80000305175781,20000,0.0,0.0
2025-01-03 03:30:00+00:00,84.80000305175781,84.80000305175781,84.69999694824219,84.69999694824219,14368,0.0,0.0
2025-01-03 03:35:00+00:00,84.5,85.19999694824219,84.5,84.5,24000,0.0,0.0
2025-01-03 03:40:00+00:00,84.5,84.5999984741211,84.30000305175781,84.30000305175781,9000,0.0,0.0
2025-01-03 03:45:00+00:00,84.4000015258789,84.4000015258789,84.30000305175781,84.30000305175781,3002,0.0,0.0
2025-01-03 03:50:00+00:00,84.30000305175781,84.4000015258789,84.30000305175781,84.30000305175781,5000,0.0,0.0
2025-01-03 03:55:00+00:00,84.30000305175781,84.5999984741211,84.30000305175781,84.30000305175781,12000,0.0,0.0
2025-01-03 04:00:00+00:00,84.30000305175781,84.4000015258789,84.30000305175781,84.4000015258789,2184,0.0,0.0
2025-01-03 04:05:00+00:00,84.30000305175781,84.30000305175781,84.30000305175781,84.30000305175781,2179,0.0,0.0
2025-01-03 04:10:00+00:00,84.30000305175781,84.30000305175781,84.30000305175781,84.30000305175781,3000,0.0,0.0
2025-01-03 04:15:00+00:00,84.30000305175781,84.30000305175781,84.19999694824219,84.19999694824219,3000,0.0,0.0
2025-01-03 04:20:00+00:00,84.19999694824219,84.19999694824219,84.19999694824219,84.19999694824219,3000,0.0,0.0
2025-01-03 04:25:00+00:00,84.19999694824219,84.19999694824219,84.19999694824219,84.19999694824219,3131,0.0,0.0
2025-01-03 04:30:00+00:00,84.19999694824219,84.19999694824219,84.0999984741211,84.0999984741211,15022,0.0,0.0
2025-01-03 04:35:00+00:00,84.0999984741211,84.0999984741211,84.0,84.0,34010,0.0,0.0
2025-01-03 04:40:00+00:00,84.0,84.0,83.9000015258789,84.0,11150,0.0,0.0
2025-01-03 04:45:00+00:00,83.9000015258789,84.0,83.9000015258789,84.0,12005,0.0,0.0
2025-01-03 04:50:00+00:00,83.9000015258789,83.9000015258789,83.9000015258789,83.9000015258789,3000,0.0,0.0
2025-01-03 04:55:00+00:00,83.9000015258789,84.0,83.9000015258789,84.0,10000,0.0,0.0
2025-01-03 05:00:00+00:00,84.0,84.0,83.9000015258789,84.0,6050,0.0,0.0
2025-01-03 05:05:00+00:00,83.9000015258789,84.0,83.80000305175781,84.0,49000,0.0,0.0
2025-01-03 05:10:00+00:00,83.9000015258789,84.0,83.80000305175781,83.9000015258789,24100,0.0,0.0
2025-01-03 05:15:00+00:00,83.80000305175781,84.0999984741211,83.80000305175781,84.0,6058,0.0,0.0
2025-01-03 05:20:00+00:00,84.19999694824219,84.30000305175781,84.0,84.0,19136,0.0,0.0
2025-01-06 01:00:00+00:00,84.69999694824219,84.69999694824219,84.19999694824219,84.30000305175781,0,0.0,0.0
2025-01-06 01:05:00+00:00,84.30000305175781,84.30000305175781,83.9000015258789,83.9000015258789,46000,0.0,0.0
2025-01-06 01:10:00+00:00,83.80000305175781,84.0,83.80000305175781,84.0,10163,0.0,0.0
2025-01-06 01:15:00+00:00,84.0,84.9000015258789,84.0,84.9000015258789,48100,0.0,0.0
2025-01-06 01:20:00+00:00,84.9000015258789,84.9000015258789,84.4000015258789,84.5,9200,0.0,0.0
2025-01-06 01:25:00+00:00,84.5999984741211,84.5999984741211,84.5999984741211,84.5999984741211,4100,0.0,0.0
2025-01-06 01:30:00+00:00,84.4000015258789,84.4000015258789,84.4000015258789,84.4000015258789,2000,0.0,0.0
2025-01-06 01:35:00+00:00,84.30000305175781,84.30000305175781,83.9000015258789,83.9000015258789,39159,0.0,0.0
2025-01-06 01:40:00+00:00,83.9000015258789,83.9000015258789,83.80000305175781,83.80000305175781,19020,0.0,0.0
2025-01-06 01:45:00+00:00,84.0,84.0,83.9000015258789,83.9000015258789,5100,0.0,0.0
2025-01-06 01:50:00+00:00,84.0,84.0999984741211,84.0,84.0999984741211,6213,0.0,0.0
2025-01-06 01:55:00+00:00,84.0999984741211,84.0999984741211,84.0999984741211,84.0999984741211,2157,0.0,0.0
2025-01-06 02:00:00+00:00,84.0999984741211,84.19999694824219,84.0999984741211,84.19999694824219,14000,0.0,0.0
2025-01-06 02:05:00+00:00,84.19999694824219,84.4000015258789,84.19999694824219,84.4000015258789,10494,0.0,0.0
2025-01-06 02:10:00+00:00,84.4000015258789,84.4000015258789,84.4000015258789,84.4000015258789,6000,0.0,0.0
2025-01-06 02:15:00+00:00,84.5,84.80000305175781,84.5,84.69999694824219,37003,0.0,0.0
2025-01-06 02:20:00+00:00,84.80000305175781,85.19999694824219,84.69999694824219,85.0999984741211,49200,0.0,0.0
2025-01-06 02:25:00+00:00,84.9000015258789,85.19999694824219,84.9000015258789,85.19999694824219,28844,0.0,0.0
2025-01-06 02:30:00+00:00,85.19999694824219,85.9000015258789,85.0999984741211,85.69999694824219,82020,0.0,0.0
2025-01-06 02:35:00+00:00,85.80000305175781,85.9000015258789,85.69999694824219,85.80000305175781,60425,0.0,0.0
2025-01-06 02:40:00+00:00,85.9000015258789,86.0,85.80000305175781,85.80000305175781,48530,0.0,0.0
2025-01-06 02:45:00+00:00,85.69999694824219,85.80000305175781,85.69999694824219,85.69999694824219,15132,0.0,0.0
2025-01-06 02:50:00+00:00,85.80000305175781,85.80000305175781,85.69999694824219,85.69999694824219,24017,0.0,0.0
2025-01-06 02:55:00+00:00,85.5999984741211,86.19999694824219,85.5999984741211,85.9000015258789,51687,0.0,0.0
2025-01-06 03:00:00+00:00,85.80000305175781,85.80000305175781,85.5999984741211,85.69999694824219,5051,0.0,0.0
2025-01-06 03:05:00+00:00,85.69999694824219,85.80000305175781,85.5999984741211,85.80000305175781,15020,0.0,0.0
2025-01-06 03:10:00+00:00,85.80000305175781,85.9000015258789,85.80000305175781,85.80000305175781,13020,0.0,0.0
2025-01-06 03:15:00+00:00,85.80000305175781,86.0999984741211,85.80000305175781,86.0,27043,0.0,0.0
2025-01-06 03:20:00+00:00,86.0,86.30000305175781,85.9000015258789,86.30000305175781,56009,0.0,0.0
2025-01-06 03:25:00+00:00,86.30000305175781,86.5,86.0999984741211,86.30000305175781,45320,0.0,0.0
2025-01-06 03:30:00+00:00,86.19999694824219,86.5999984741211,86.19999694824219,86.5,64410,0.0,0.0
2025-01-06 03:35:00+00:00,86.5999984741211,86.69999694824219,86.5,86.5999984741211,48399,0.0,0.0
2025-01-06 03:40:00+00:00,86.5999984741211,86.69999694824219,86.5,86.5,14009,0.0,0.0
2025-01-06 03:45:00+00:00,86.5,86.69999694824219,86.5,86.5,67550,0.0,0.0
2025-01-06 03:50:00+00:00,86.5,86.5,86.5,86.5,9000,0.0,0.0
2025-01-06 03:55:00+00:00,86.5,86.5,86.5,86.5,11200,0.0,0.0
2025-01-06 04:00:00+00:00,86.5,86.5999984741211,86.30000305175781,86.30000305175781,58000,0.0,0.0
2025-01-06 04:05:00+00:00,86.30000305175781,86.5,86.0,86.4000015258789,41000,0.0,0.0
2025-01-06 04:10:00+00:00,86.4000015258789,86.69999694824219,86.4000015258789,86.69999694824219,32136,0.0,0.0
2025-01-06 04:15:00+00:00,86.5,86.5,86.4000015258789,86.4000015258789,7086,0.0,0.0
2025-01-06 04:20:00+00:00,86.4000015258789,86.4000015258789,86.19999694824219,86.19999694824219,8050,0.0,0.0
2025-01-06 04:25:00+00:00,86.30000305175781,86.4000015258789,86.30000305175781,86.30000305175781,12064,0.0,0.0
2025-01-06 04:30:00+00:00,86.30000305175781,86.30000305175781,86.19999694824219,86.30000305175781,10000,0.0,0.0
2025-01-06 04:35:00+00:00,86.30000305175781,86.30000305175781,86.30000305175781,86.30000305175781,5000,0.0,0.0
2025-01-06 04:40:00+00:00,86.30000305175781,86.4000015258789,86.30000305175781,86.30000305175781,9352,0.0,0.0
2025-01-06 04:45:00+00:00,86.30000305175781,86.30000305175781,86.30000305175781,86.30000305175781,9000,0.0,0.0
2025-01-06 04:50:00+00:00,86.30000305175781,86.4000015258789,86.19999694824219,86.4000015258789,17014,0.0,0.0
2025-01-06 04:55:00+00:00,86.19999694824219,86.5,86.19999694824219,86.4000015258789,23000,0.0,0.0
2025-01-06 05:00:00+00:00,86.5,86.5,86.4000015258789,86.4000015258789,7426,0.0,0.0
2025-01-06 05:05:00+00:00,86.4000015258789,86.5,86.30000305175781,86.5,34112,0.0,0.0
2025-01-06 05:10:00+00:00,86.5,86.5999984741211,86.4000015258789,86.5999984741211,42020,0.0,0.0
2025-01-06 05:15:00+00:00,86.4000015258789,86.5,86.30000305175781,86.30000305175781,16020,0.0,0.0
2025-01-06 05:20:00+00:00,86.30000305175781,86.4000015258789,86.19999694824219,86.30000305175781,20085,0.0,0.0
2025-01-07 01:00:00+00:00,87.19999694824219,87.19999694824219,86.30000305175781,86.30000305175781,0,0.0,0.0
2025-01-07 01:05:00+00:00,86.30000305175781,86.4000015258789,86.19999694824219,86.4000015258789,23100,0.0,0.0
2025-01-07 01:10:00+00:00,86.4000015258789,86.4000015258789,86.30000305175781,86.30000305175781,27150,0.0,0.0
2025-01-07 01:15:00+00:00,86.4000015258789,86.5,86.4000015258789,86.5,15694,0.0,0.0
2025-01-07 01:20:00+00:00,86.4000015258789,86.5,86.30000305175781,86.5,5000,0.0,0.0
2025-01-07 01:25:00+00:00,86.4000015258789,86.5,86.4000015258789,86.4000015258789,12501,0.0,0.0
2025-01-07 01:30:00+00:00,86.4000015258789,86.4000015258789,85.9000015258789,85.9000015258789,50264,0.0,0.0
2025-01-07 01:35:00+00:00,86.0,86.0999984741211,86.0,86.0999984741211,5000,0.0,0.0
2025-01-07 01:40:00+00:00,86.0,86.0,86.0,86.0,4122,0.0,0.0
2025-01-07 01:45:00+00:00,85.9000015258789,86.0,85.69999694824219,85.80000305175781,19134,0.0,0.0
2025-01-07 01:50:00+00:00,85.9000015258789,85.9000015258789,85.9000015258789,85.9000015258789,9000,0.0,0.0
2025-01-07 01:55:00+00:00,85.9000015258789,86.19999694824219,85.9000015258789,86.0,16034,0.0,0.0
2025-01-07 02:00:00+00:00,86.0,86.4000015258789,86.0,86.4000015258789,17143,0.0,0.0
2025-01-07 02:05:00+00:00,86.0999984741211,86.0999984741211,86.0,86.0,5000,0.0,0.0
2025-01-07 02:10:00+00:00,86.0,86.80000305175781,86.0,86.69999694824219,65050,0.0,0.0
2025-01-07 02:15:00+00:00,86.5,86.80000305175781,86.4000015258789,86.80000305175781,18000,0.0,0.0
2025-01-07 02:20:00+00:00,86.80000305175781,86.80000305175781,86.69999694824219,86.69999694824219,5000,0.0,0.0
2025-01-07 02:25:00+00:00,86.69999694824219,86.80000305175781,86.69999694824219,86.69999694824219,23059,0.0,0.0
2025-01-07 02:30:00+00:00,86.69999694824219,86.69999694824219,86.4000015258789,86.5,14241,0.0,0.0
2025-01-07 02:35:00+00:00,86.4000015258789,86.4000015258789,86.30000305175781,86.30000305175781,3030,0.0,0.0
2025-01-07 02:40:00+00:00,86.30000305175781,86.4000015258789,86.30000305175781,86.4000015258789,3042,0.0,0.0
2025-01-07 02:45:00+00:00,86.4000015258789,86.4000015258789,86.0999984741211,86.19999694824219,16005,0.0,0.0
2025-01-07 02:50:00+00:00,86.0999984741211,86.4000015258789,86.0,86.30000305175781,12034,0.0,0.0
2025-01-07 02:55:00+00:00,86.0999984741211,86.0999984741211,86.0,86.0,2520,0.0,0.0
2025-01-07 03:00:00+00:00,86.0,86.0999984741211,86.0,86.0999984741211,4000,0.0,0.0
2025-01-07 03:05:00+00:00,86.0999984741211,86.0999984741211,85.9000015258789,86.0999984741211,5000,0.0,0.0
2025-01-07 03:10:00+00:00,86.0,86.0,85.9000015258789,86.0,3000,0.0,0.0
2025-01-07 03:15:00+00:00,85.9000015258789,86.19999694824219,85.9000015258789,86.0999984741211,6000,0.0,0.0
2025-01-07 03:20:00+00:00,86.0,86.0999984741211,86.0,86.0999984741211,22160,0.0,0.0
2025-01-07 03:25:00+00:00,86.0,86.0,86.0,86.0,6000,0.0,0.0
2025-01-07 03:30:00+00:00,86.0,86.0,86.0,86.0,1180,0.0,0.0
2025-01-07 03:35:00+00:00,86.0999984741211,86.19999694824219,86.0,86.19999694824219,10000,0.0,0.0
2025-01-07 03:40:00+00:00,86.0,86.0,86.0,86.0,3000,0.0,0.0
2025-01-07 03:45:00+00:00,86.0,86.19999694824219,86.0,86.0999984741211,5010,0.0,0.0
2025-01-07 03:50:00+00:00,86.0999984741211,86.0999984741211,86.0999984741211,86.0999984741211,1000,0.0,0.0
2025-01-07 03:55:00+00:00,86.0,86.0,85.5999984741211,85.5999984741211,56000,0.0,0.0
2025-01-07 04:00:00+00:00,85.5999984741211,85.5999984741211,85.5999984741211,85.5999984741211,6228,0.0,0.0
2025-01-07 04:05:00+00:00,85.5999984741211,85.80000305175781,85.5999984741211,85.5999984741211,6010,0.0,0.0
2025-01-07 04:10:00+00:00,85.5999984741211,85.5999984741211,85.5999984741211,85.5999984741211,2000,0.0,0.0
2025-01-07 04:15:00+00:00,85.5999984741211,85.80000305175781,85.5999984741211,85.5999984741211,12767,0.0,0.0
2025-01-07 04:20:00+00:00,85.5999984741211,85.5999984741211,85.5999984741211,85.5999984741211,7205,0.0,0.0
2025-01-07 04:25:00+00:00,85.5999984741211,85.5999984741211,85.5,85.5999984741211,37043,0.0,0.0
2025-01-07 04:30:00+00:00,85.5,85.5,85.4000015258789,85.4000015258789,9350,0.0,0.0
2025-01-07 04:35:00+00:00,85.4000015258789,85.5999984741211,85.4000015258789,85.4000015258789,19120,0.0,0.0
2025-01-07 04:40:00+00:00,85.5999984741211,86.0,85.5999984741211,86.0,21092,0.0,0.0
2025-01-07 04:45:00+00:00,85.9000015258789,86.19999694824219,85.9000015258789,86.0,8000,0.0,0.0
2025-01-07 04:50:00+00:00,86.0,86.0999984741211,86.0,86.0999984741211,10155,0.0,0.0
2025-01-07 04:55:00+00:00,86.0,86.0,86.0,86.0,3030,0.0,0.0
2025-01-07 05:00:00+00:00,86.0,86.0999984741211,85.9000015258789,86.0999984741211,17000,0.0,0.0
2025-01-07 05:05:00+00:00,86.0,86.0999984741211,86.0,86.0999984741211,6010,0.0,0.0
2025-01-07 05:10:00+00:00,86.0,86.0999984741211,85.80000305175781,86.0999984741211,51205,0.0,0.0
2025-01-07 05:15:00+00:00,86.0,86.0,86.0,86.0,2000,0.0,0.0
2025-01-07 05:20:00+00:00,86.0,86.19999694824219,86.0,86.0999984741211,17175,0.0,0.0
2025-01-08 01:00:00+00:00,86.4000015258789,86.5999984741211,86.0999984741211,86.5999984741211,0,0.0,0.0
2025-01-08 01:05:00+00:00,86.5,86.5999984741211,86.19999694824219,86.19999694824219,18012,0.0,0.0
2025-01-08 01:10:00+00:00,86.4000015258789,86.4000015258789,86.4000015258789,86.4000015258789,10000,0.0,0.0
2025-01-08 01:15:00+00:00,86.4000015258789,86.4000015258789,86.4000015258789,86.4000015258789,4100,0.0,0.0
2025-01-08 01:20:00+00:00,86.4000015258789,86.69999694824219,86.0999984741211,86.5999984741211,62901,0.0,0.0
2025-01-08 01:25:00+00:00,86.4000015258789,86.4000015258789,86.4000015258789,86.4000015258789,1000,0.0,0.0
2025-01-08 01:30:00+00:00,86.4000015258789,87.0999984741211,86.4000015258789,87.0999984741211,106563,0.0,0.0
2025-01-08 01:35:00+00:00,87.19999694824219,87.4000015258789,86.80000305175781,87.0,72333,0.0,0.0
2025-01-08 01:40:00+00:00,87.0,87.30000305175781,86.9000015258789,86.9000015258789,41100,0.0,0.0
2025-01-08 01:45:00+00:00,87.0,87.0,86.69999694824219,86.69999694824219,14000,0.0,0.0
2025-01-08 01:50:00+00:00,86.69999694824219,86.9000015258789,86.5999984741211,86.9000015258789,12082,0.0,0.0
2025-01-08 01:55:00+00:00,86.9000015258789,86.9000015258789,86.69999694824219,86.80000305175781,10022,0.0,0.0
2025-01-08 02:00:00+00:00,86.69999694824219,86.9000015258789,86.69999694824219,86.69999694824219,10000,0.0,0.0
2025-01-08 02:05:00+00:00,86.69999694824219,86.80000305175781,86.69999694824219,86.69999694824219,3000,0.0,0.0
2025-01-08 02:10:00+00:00,86.69999694824219,86.69999694824219,86.69999694824219,86.69999694824219,14000,0.0,0.0
2025-01-08 02:15:00+00:00,86.5999984741211,86.80000305175781,86.5999984741211,86.80000305175781,7005,0.0,0.0
2025-01-08 02:20:00+00:00,86.9000015258789,86.9000015258789,86.80000305175781,86.9000015258789,13190,0.0,0.0
2025-01-08 02:25:00+00:00,86.9000015258789,86.9000015258789,86.69999694824219,86.69999694824219,10000,0.0,0.0
2025-01-08 02:30:00+00:00,86.69999694824219,86.80000305175781,86.69999694824219,86.69999694824219,7000,0.0,0.0
2025-01-08 02:35:00+00:00,86.5999984741211,86.69999694824219,86.5999984741211,86.5999984741211,11000,0.0,0.0
2025-01-08 02:40:00+00:00,86.5,86.5,86.5,86.5,4200,0.0,0.0
2025-01-08 02:45:00+00:00,86.5,86.5,86.4000015258789,86.5,21530,0.0,0.0
2025-01-08 02:50:00+00:00,86.4000015258789,86.5999984741211,86.4000015258789,86.4000015258789,6000,0.0,0.0
2025-01-08 02:55:00+00:00,86.5999984741211,86.80000305175781,86.5999984741211,86.5999984741211,4000,0.0,0.0
2025-01-08 03:00:00+00:00,86.5999984741211,86.5999984741211,86.4000015258789,86.4000015258789,9000,0.0,0.0
2025-01-08 03:05:00+00:00,86.4000015258789,86.4000015258789,86.30000305175781,86.30000305175781,7000,0.0,0.0
2025-01-08 03:10:00+00:00,86.30000305175781,86.30000305175781,86.30000305175781,86.30000305175781,10050,0.0,0.0
2025-01-08 03:15:00+00:00,86.19999694824219,86.19999694824219,86.19999694824219,86.19999694824219,16194,0.0,0.0
2025-01-08 03:20:00+00:00,86.19999694824219,86.5,86.19999694824219,86.5,11527,0.0,0.0
2025-01-08 03:25:00+00:00,86.5999984741211,86.5999984741211,86.5,86.5,4000,0.0,0.0
2025-01-08 03:30:00+00:00,86.5,86.5,86.5,86.5,5020,0.0,0.0
2025-01-08 03:35:00+00:00,86.5,86.5999984741211,86.4000015258789,86.4000015258789,4000,0.0,0.0
2025-01-08 03:40:00+00:00,86.4000015258789,86.4000015258789,86.30000305175781,86.30000305175781,8200,0.0,0.0
2025-01-08 03:45:00+00:00,86.4000015258789,86.5,86.30000305175781,86.4000015258789,11010,0.0,0.0
2025-01-08 03:50:00+00:00,86.4000015258789,86.5,86.4000015258789,86.5,2050,0.0,0.0
2025-01-08 03:55:00+00:00,86.5,86.5999984741211,86.5,86.5,4000,0.0,0.0
2025-01-08 04:00:00+00:00,86.5,86.9000015258789,86.5,86.69999694824219,20100,0.0,0.0
2025-01-08 04:05:00+00:00,86.69999694824219,86.69999694824219,86.5999984741211,86.69999694824219,9000,0.0,0.0
2025-01-08 04:10:00+00:00,86.69999694824219,86.69999694824219,86.5999984741211,86.5999984741211,4264,0.0,0.0
2025-01-08 04:15:00+00:00,86.5999984741211,86.69999694824219,86.5999984741211,86.5999984741211,8112,0.0,0.0
2025-01-08 04:20:00+00:00,86.5999984741211,86.5999984741211,86.5,86.5999984741211,9000,0.0,0.0
2025-01-08 04:25:00+00:00,86.5,86.5,86.4000015258789,86.4000015258789,15170,0.0,0.0
2025-01-08 04:30:00+00:00,86.4000015258789,86.5,86.4000015258789,86.4000015258789,6000,0.0,0.0
2025-01-08 04:35:00+00:00,86.4000015258789,86.4000015258789,86.4000015258789,86.4000015258789,7058,0.0,0.0
2025-01-08 04:40:00+00:00,86.4000015258789,86.5999984741211,86.4000015258789,86.5,9030,0.0,0.0
2025-01-08 04:45:00+00:00,86.5,86.5,86.4000015258789,86.4000015258789,10003,0.0,0.0
2025-01-08 04:50:00+00:00,86.4000015258789,86.5999984741211,86.4000015258789,86.5,12020,0.0,0.0
2025-01-08 04:55:00+00:00,86.5,86.69999694824219,86.5,86.5999984741211,17333,0.0,0.0
2025-01-08 05:00:00+00:00,86.5999984741211,86.80000305175781,86.5999984741211,86.69999694824219,22000,0.0,0.0
2025-01-08 05:05:00+00:00,86.80000305175781,86.9000015258789,86.69999694824219,86.69999694824219,12049,0.0,0.0
2025-01-08 05:10:00+00:00,86.69999694824219,86.69999694824219,86.5,86.5,12005,0.0,0.0
2025-01-08 05:15:00+00:00,86.5,86.5999984741211,86.5,86.5999984741211,17361,0.0,0.0
2025-01-08 05:20:00+00:00,86.4000015258789,86.5999984741211,86.30000305175781,86.5999984741211,20084,0.0,0.0
2025-01-09 01:00:00+00:00,86.80000305175781,86.80000305175781,86.19999694824219,86.19999694824219,0,0.0,0.0
2025-01-09 01:05:00+00:00,86.19999694824219,86.30000305175781,86.0,86.0,10000,0.0,0.0
2025-01-09 01:10:00+00:00,86.0,86.0999984741211,85.80000305175781,86.0999984741211,21120,0.0,0.0
2025-01-09 01:15:00+00:00,86.0999984741211,86.19999694824219,86.0,86.19999694824219,16000,0.0,0.0
2025-01-09 01:20:00+00:00,86.30000305175781,86.30000305175781,86.30000305175781,86.30000305175781,12300,0.0,0.0
2025-01-09 01:25:00+00:00,86.30000305175781,86.30000305175781,85.9000015258789,85.9000015258789,16360,0.0,0.0
2025-01-09 01:30:00+00:00,85.9000015258789,85.9000015258789,85.4000015258789,85.4000015258789,40330,0.0,0.0
2025-01-09 01:35:00+00:00,85.5,85.5,85.4000015258789,85.4000015258789,14150,0.0,0.0
2025-01-09 01:40:00+00:00,85.5999984741211,85.80000305175781,85.5,85.5,11330,0.0,0.0
2025-01-09 01:45:00+00:00,85.5999984741211,85.69999694824219,85.4000015258789,85.4000015258789,21000,0.0,0.0
2025-01-09 01:50:00+00:00,85.5,85.5999984741211,85.5,85.5999984741211,6000,0.0,0.0
2025-01-09 01:55:00+00:00,85.5,85.5,85.19999694824219,85.19999694824219,34946,0.0,0.0
2025-01-09 02:00:00+00:00,85.19999694824219,85.4000015258789,85.0999984741211,85.4000015258789,17100,0.0,0.0
2025-01-09 02:05:00+00:00,85.30000305175781,85.30000305175781,85.0999984741211,85.19999694824219,14110,0.0,0.0
2025-01-09 02:10:00+00:00,85.0999984741211,85.19999694824219,85.0,85.0999984741211,24015,0.0,0.0
2025-01-09 02:15:00+00:00,85.0999984741211,85.30000305175781,85.0,85.0,22006,0.0,0.0
2025-01-09 02:20:00+00:00,85.0999984741211,85.0999984741211,84.80000305175781,85.0,33489,0.0,0.0
2025-01-09 02:25:00+00:00,85.0,85.80000305175781,84.9000015258789,85.4000015258789,28000,0.0,0.0
2025-01-09 02:30:00+00:00,85.30000305175781,85.30000305175781,85.0999984741211,85.19999694824219,22000,0.0,0.0
2025-01-09 02:35:00+00:00,85.19999694824219,85.30000305175781,85.0999984741211,85.30000305175781,9100,0.0,0.0
2025-01-09 02:40:00+00:00,85.0999984741211,85.0999984741211,85.0999984741211,85.0999984741211,9000,0.0,0.0
2025-01-09 02:45:00+00:00,85.0,85.0,85.0,85.0,2240,0.0,0.0
2025-01-09 02:50:00+00:00,85.0,85.0999984741211,85.0,85.0,28400,0.0,0.0
2025-01-09 02:55:00+00:00,84.9000015258789,85.0,84.80000305175781,85.0,8438,0.0,0.0
2025-01-09 03:00:00+00:00,85.0,85.0,85.0,85.0,13055,0.0,0.0
2025-01-09 03:05:00+00:00,84.9000015258789,85.0,84.9000015258789,84.9000015258789,16051,0.0,0.0
2025-01-09 03:10:00+00:00,84.9000015258789,84.9000015258789,84.69999694824219,84.69999694824219,28389,0.0,0.0
2025-01-09 03:15:00+00:00,84.80000305175781,84.80000305175781,84.80000305175781,84.80000305175781,13000,0.0,0.0
2025-01-09 03:20:00+00:00,84.80000305175781,84.80000305175781,84.80000305175781,84.80000305175781,6100,0.0,0.0
2025-01-09 03:25:00+00:00,84.80000305175781,84.80000305175781,84.69999694824219,84.69999694824219,9200,0.0,0.0
2025-01-09 03:30:00+00:00,84.69999694824219,84.9000015258789,84.69999694824219,84.69999694824219,23000,0.0,0.0
2025-01-09 03:35:00+00:00,84.80000305175781,84.9000015258789,84.80000305175781,84.80000305175781,16000,0.0,0.0
2025-01-09 03:40:00+00:00,84.9000015258789,84.9000015258789,84.69999694824219,84.69999694824219,13000,0.0,0.0
2025-01-09 03:45:00+00:00,84.69999694824219,84.9000015258789,84.5999984741211,84.5999984741211,36667,0.0,0.0
2025-01-09 03:50:00+00:00,84.5999984741211,84.5999984741211,84.4000015258789,84.4000015258789,100313,0.0,0.0
2025-01-09 03:55:00+00:00,84.30000305175781,84.5,84.30000305175781,84.30000305175781,28097,0.0,0.0
2025-01-09 04:00:00+00:00,84.4000015258789,84.5999984741211,84.4000015258789,84.4000015258789,30200,0.0,0.0
2025-01-09 04:05:00+00:00,84.4000015258789,84.5,84.0,84.0,55823,0.0,0.0
2025-01-09 04:10:00+00:00,84.0,84.0999984741211,84.0,84.0999984741211,44005,0.0,0.0
2025-01-09 04:15:00+00:00,84.0999984741211,84.0999984741211,83.9000015258789,83.9000015258789,38000,0.0,0.0
2025-01-09 04:20:00+00:00,83.9000015258789,83.9000015258789,83.69999694824219,83.9000015258789,46665,0.0,0.0
2025-01-09 04:25:00+00:00,83.9000015258789,84.0,83.5999984741211,83.5999984741211,69020,0.0,0.0
2025-01-09 04:30:00+00:00,83.5999984741211,83.69999694824219,83.5,83.5,41449,0.0,0.0
2025-01-09 04:35:00+00:00,83.5,83.5999984741211,83.30000305175781,83.4000015258789,34571,0.0,0.0
2025-01-09 04:40:00+00:00,83.4000015258789,83.5,83.30000305175781,83.4000015258789,25208,0.0,0.0
2025-01-09 04:45:00+00:00,83.5,84.4000015258789,83.4000015258789,84.19999694824219,43548,0.0,0.0
2025-01-09 04:50:00+00:00,84.0,84.0,83.80000305175781,84.0,10000,0.0,0.0
2025-01-09 04:55:00+00:00,84.0,84.19999694824219,84.0,84.0,14000,0.0,0.0
2025-01-09 05:00:00+00:00,84.0,84.0,83.9000015258789,83.9000015258789,17030,0.0,0.0
2025-01-09 05:05:00+00:00,83.9000015258789,83.9000015258789,83.0,83.5,222833,0.0,0.0
2025-01-09 05:10:00+00:00,83.5999984741211,83.5999984741211,83.5,83.5,20000,0.0,0.0
2025-01-09 05:15:00+00:00,83.5,83.5999984741211,83.5,83.5999984741211,15005,0.0,0.0
2025-01-09 05:20:00+00:00,83.5,83.5999984741211,83.5,83.5,16110,0.0,0.0
2025-01-10 01:00:00+00:00,84.0,84.69999694824219,83.80000305175781,84.69999694824219,0,0.0,0.0
2025-01-10 01:05:00+00:00,84.5999984741211,85.69999694824219,84.5999984741211,84.80000305175781,137017,0.0,0.0
2025-01-10 01:10:00+00:00,84.9000015258789,85.0,84.9000015258789,84.9000015258789,12000,0.0,0.0
2025-01-10 01:15:00+00:00,84.80000305175781,84.9000015258789,84.69999694824219,84.9000015258789,17222,0.0,0.0
2025-01-10 01:20:00+00:00,84.69999694824219,84.69999694824219,83.9000015258789,84.30000305175781,69301,0.0,0.0
2025-01-10 01:25:00+00:00,84.4000015258789,84.4000015258789,83.80000305175781,83.80000305175781,33140,0.0,0.0
2025-01-10 01:30:00+00:00,83.80000305175781,83.80000305175781,83.5,83.5,42050,0.0,0.0
2025-01-10 01:35:00+00:00,83.5999984741211,83.5999984741211,83.5999984741211,83.5999984741211,15260,0.0,0.0
2025-01-10 01:40:00+00:00,83.5,84.0,83.5,84.0,22000,0.0,0.0
2025-01-10 01:45:00+00:00,83.69999694824219,83.80000305175781,83.5,83.5999984741211,29498,0.0,0.0
2025-01-10 01:50:00+00:00,83.80000305175781,84.0999984741211,83.69999694824219,83.80000305175781,48456,0.0,0.0
2025-01-10 01:55:00+00:00,83.80000305175781,83.80000305175781,83.5,83.5,12310,0.0,0.0
2025-01-10 02:00:00+00:00,83.5999984741211,83.69999694824219,83.5,83.5,28000,0.0,0.0
2025-01-10 02:05:00+00:00,83.4000015258789,83.5,83.4000015258789,83.4000015258789,15240,0.0,0.0
2025-01-10 02:10:00+00:00,83.4000015258789,83.69999694824219,83.4000015258789,83.5,11000,0.0,0.0
2025-01-10 02:15:00+00:00,83.69999694824219,83.69999694824219,83.5999984741211,83.69999694824219,4000,0.0,0.0
2025-01-10 02:20:00+00:00,83.5999984741211,84.19999694824219,83.5999984741211,84.0999984741211,15110,0.0,0.0
2025-01-10 02:25:00+00:00,84.0,84.0,83.9000015258789,83.9000015258789,3000,0.0,0.0
2025-01-10 02:30:00+00:00,83.80000305175781,83.80000305175781,83.80000305175781,83.80000305175781,1000,0.0,0.0
2025-01-10 02:35:00+00:00,83.80000305175781,83.80000305175781,83.5999984741211,83.5999984741211,8020,0.0,0.0
2025-01-10 02:40:00+00:00,83.5999984741211,83.80000305175781,83.5999984741211,83.5999984741211,11000,0.0,0.0
2025-01-10 02:45:00+00:00,83.5999984741211,83.80000305175781,83.5999984741211,83.5999984741211,5000,0.0,0.0
2025-01-10 02:50:00+00:00,83.5999984741211,83.80000305175781,83.5999984741211,83.69999694824219,6000,0.0,0.0
2025-01-10 02:55:00+00:00,83.69999694824219,83.80000305175781,83.5999984741211,83.69999694824219,26040,0.0,0.0
2025-01-10 03:00:00+00:00,83.69999694824219,83.69999694824219,83.69999694824219,83.69999694824219,2000,0.0,0.0
2025-01-10 03:05:00+00:00,83.80000305175781,84.0,83.80000305175781,84.0,13200,0.0,0.0
2025-01-10 03:10:00+00:00,83.80000305175781,83.80000305175781,83.80000305175781,83.80000305175781,2000,0.0,0.0
2025-01-10 03:15:00+00:00,83.80000305175781,84.0,83.80000305175781,83.80000305175781,6000,0.0,0.0
2025-01-10 03:20:00+00:00,83.80000305175781,83.80000305175781,83.69999694824219,83.69999694824219,6000,0.0,0.0
2025-01-10 03:25:00+00:00,83.69999694824219,84.0,83.69999694824219,83.9000015258789,10000,0.0,0.0
2025-01-10 03:30:00+00:00,83.80000305175781,83.9000015258789,83.80000305175781,83.9000015258789,4000,0.0,0.0
2025-01-10 03:35:00+00:00,83.9000015258789,84.0,83.9000015258789,83.9000015258789,13000,0.0,0.0
2025-01-10 03:40:00+00:00,83.9000015258789,83.9000015258789,83.80000305175781,83.80000305175781,8000,0.0,0.0
2025-01-10 03:45:00+00:00,83.80000305175781,83.9000015258789,83.80000305175781,83.9000015258789,3000,0.0,0.0
2025-01-10 03:50:00+00:00,83.9000015258789,83.9000015258789,83.80000305175781,83.80000305175781,2000,0.0,0.0
2025-01-10 03:55:00+00:00,83.80000305175781,83.9000015258789,83.80000305175781,83.9000015258789,6000,0.0,0.0
2025-01-10 04:00:00+00:00,83.80000305175781,84.0,83.80000305175781,83.9000015258789,7000,0.0,0.0
2025-01-10 04:05:00+00:00,83.9000015258789,83.9000015258789,83.80000305175781,83.80000305175781,9000,0.0,0.0
2025-01-10 04:10:00+00:00,83.69999694824219,83.80000305175781,83.69999694824219,83.80000305175781,16000,0.0,0.0
2025-01-10 04:15:00+00:00,83.5999984741211,83.5999984741211,83.5999984741211,83.5999984741211,12000,0.0,0.0
2025-01-10 04:20:00+00:00,83.5999984741211,83.5999984741211,83.5999984741211,83.5999984741211,3003,0.0,0.0
2025-01-10 04:25:00+00:00,83.5999984741211,83.80000305175781,83.5999984741211,83.80000305175781,17000,0.0,0.0
2025-01-10 04:30:00+00:00,83.69999694824219,83.69999694824219,83.5999984741211,83.5999984741211,3000,0.0,0.0
2025-01-10 04:35:00+00:00,83.69999694824219,83.80000305175781,83.69999694824219,83.69999694824219,12000,0.0,0.0
2025-01-10 04:40:00+00:00,83.69999694824219,83.80000305175781,83.69999694824219,83.69999694824219,14000,0.0,0.0
2025-01-10 04:45:00+00:00,83.69999694824219,83.9000015258789,83.5999984741211,83.69999694824219,18069,0.0,0.0
2025-01-10 04:50:00+00:00,83.69999694824219,83.9000015258789,83.69999694824219,83.69999694824219,4597,0.0,0.0
2025-01-10 04:55:00+00:00,83.9000015258789,83.9000015258789,83.69999694824219,83.69999694824219,14020,0.0,0.0
2025-01-10 05:00:00+00:00,83.69999694824219,83.9000015258789,83.69999694824219,83.80000305175781,6200,0.0,0.0
2025-01-10 05:05:00+00:00,83.80000305175781,83.80000305175781,83.69999694824219,83.80000305175781,12018,0.0,0.0
2025-01-10 05:10:00+00:00,83.69999694824219,84.0,83.69999694824219,84.0,23000,0.0,0.0
2025-01-10 05:15:00+00:00,83.80000305175781,84.0,83.69999694824219,83.69999694824219,19012,0.0,0.0
2025-01-10 05:20:00+00:00,83.80000305175781,83.80000305175781,83.69999694824219,83.80000305175781,19501,0.0,0.0
2025-01-13 01:00:00+00:00,83.4000015258789,83.4000015258789,82.4000015258789,82.80000305175781,0,0.0,0.0
2025-01-13 01:05:00+00:00,82.5999984741211,82.69999694824219,81.80000305175781,82.0,134955,0.0,0.0
2025-01-13 01:10:00+00:00,82.0,82.0999984741211,81.69999694824219,81.69999694824219,58546,0.0,0.0
2025-01-13 01:15:00+00:00,81.69999694824219,82.0,81.69999694824219,81.9000015258789,25000,0.0,0.0
2025-01-13 01:20:00+00:00,81.9000015258789,82.0,80.80000305175781,80.80000305175781,158171,0.0,0.0
2025-01-13 01:25:00+00:00,80.80000305175781,80.80000305175781,80.0,80.69999694824219,127776,0.0,0.0
2025-01-13 01:30:00+00:00,80.5,81.0,80.5,81.0,23500,0.0,0.0
2025-01-13 01:35:00+00:00,80.9000015258789,81.0,80.69999694824219,80.9000015258789,46659,0.0,0.0
2025-01-13 01:40:00+00:00,80.9000015258789,80.9000015258789,80.30000305175781,80.30000305175781,38695,0.0,0.0
2025-01-13 01:45:00+00:00,80.30000305175781,80.5999984741211,80.19999694824219,80.5999984741211,62550,0.0,0.0
2025-01-13 01:50:00+00:00,80.69999694824219,81.0,80.69999694824219,81.0,46273,0.0,0.0
2025-01-13 01:55:00+00:00,81.0,81.0,80.80000305175781,80.80000305175781,39020,0.0,0.0
2025-01-13 02:00:00+00:00,80.80000305175781,80.80000305175781,80.69999694824219,80.69999694824219,4266,0.0,0.0
2025-01-13 02:05:00+00:00,80.9000015258789,81.0999984741211,80.9000015258789,81.0999984741211,9800,0.0,0.0
2025-01-13 02:10:00+00:00,81.0999984741211,81.0999984741211,80.69999694824219,80.69999694824219,28013,0.0,0.0
2025-01-13 02:15:00+00:00,80.9000015258789,81.0,80.9000015258789,81.0,2005,0.0,0.0
2025-01-13 02:20:00+00:00,81.0,81.4000015258789,81.0,81.4000015258789,24188,0.0,0.0
2025-01-13 02:25:00+00:00,81.4000015258789,81.4000015258789,81.0,81.0,7277,0.0,0.0
2025-01-13 02:30:00+00:00,81.0,81.0,80.9000015258789,81.0,8000,0.0,0.0
2025-01-13 02:35:00+00:00,81.0999984741211,82.5,81.0999984741211,81.80000305175781,51050,0.0,0.0
2025-01-13 02:40:00+00:00,81.9000015258789,81.9000015258789,81.69999694824219,81.80000305175781,4803,0.0,0.0
2025-01-13 02:45:00+00:00,81.69999694824219,81.80000305175781,81.19999694824219,81.19999694824219,41226,0.0,0.0
2025-01-13 02:50:00+00:00,81.0999984741211,81.0999984741211,81.0999984741211,81.0999984741211,1050,0.0,0.0
2025-01-13 02:55:00+00:00,81.30000305175781,81.4000015258789,81.30000305175781,81.4000015258789,4000,0.0,0.0
2025-01-13 03:00:00+00:00,81.4000015258789,81.4000015258789,81.30000305175781,81.30000305175781,10020,0.0,0.0
2025-01-13 03:05:00+00:00,81.19999694824219,81.19999694824219,81.0,81.0999984741211,13139,0.0,0.0
2025-01-13 03:10:00+00:00,81.0999984741211,81.69999694824219,81.0999984741211,81.30000305175781,16000,0.0,0.0
2025-01-13 03:15:00+00:00,81.4000015258789,81.4000015258789,81.30000305175781,81.30000305175781,2100,0.0,0.0
2025-01-13 03:20:00+00:00,81.30000305175781,81.30000305175781,81.30000305175781,81.30000305175781,9011,0.0,0.0
2025-01-13 03:25:00+00:00,81.30000305175781,81.4000015258789,81.30000305175781,81.4000015258789,14003,0.0,0.0
2025-01-13 03:30:00+00:00,81.4000015258789,81.4000015258789,81.4000015258789,81.4000015258789,5117,0.0,0.0
2025-01-13 03:35:00+00:00,81.4000015258789,81.4000015258789,81.19999694824219,81.19999694824219,6018,0.0,0.0
2025-01-13 03:40:00+00:00,81.19999694824219,81.19999694824219,81.19999694824219,81.19999694824219,4000,0.0,0.0
2025-01-13 03:45:00+00:00,81.30000305175781,81.4000015258789,81.30000305175781,81.4000015258789,4000,0.0,0.0
2025-01-13 03:50:00+00:00,81.30000305175781,81.30000305175781,81.30000305175781,81.30000305175781,6272,0.0,0.0
2025-01-13 03:55:00+00:00,81.30000305175781,81.4000015258789,81.19999694824219,81.4000015258789,37800,0.0,0.0
2025-01-13 04:00:00+00:00,81.4000015258789,81.9000015258789,81.4000015258789,81.9000015258789,13084,0.0,0.0
2025-01-13 04:05:00+00:00,81.9000015258789,81.9000015258789,81.9000015258789,81.9000015258789,1175,0.0,0.0
2025-01-13 04:10:00+00:00,81.69999694824219,81.69999694824219,81.5,81.5,6098,0.0,0.0
2025-01-13 04:15:00+00:00,81.19999694824219,81.80000305175781,81.19999694824219,81.80000305175781,7002,0.0,0.0
2025-01-13 04:20:00+00:00,81.5,81.5,81.4000015258789,81.4000015258789,4090,0.0,0.0
2025-01-13 04:25:00+00:00,81.30000305175781,81.30000305175781,81.30000305175781,81.30000305175781,7030,0.0,0.0
2025-01-13 04:30:00+00:00,81.19999694824219,81.30000305175781,81.19999694824219,81.30000305175781,6069,0.0,0.0
2025-01-13 04:35:00+00:00,81.4000015258789,81.4000015258789,81.30000305175781,81.4000015258789,5417,0.0,0.0
2025-01-13 04:40:00+00:00,81.30000305175781,81.30000305175781,81.30000305175781,81.30000305175781,9084,0.0,0.0
2025-01-13 04:45:00+00:00,81.19999694824219,81.30000305175781,81.19999694824219,81.30000305175781,10216,0.0,0.0
2025-01-13 04:50:00+00:00,81.4000015258789,81.5999984741211,81.4000015258789,81.5999984741211,9005,0.0,0.0
2025-01-13 04:55:00+00:00,81.5999984741211,81.69999694824219,81.5999984741211,81.69999694824219,8000,0.0,0.0
2025-01-13 05:00:00+00:00,81.5999984741211,81.5999984741211,81.5,81.5,19021,0.0,0.0
2025-01-13 05:05:00+00:00,81.4000015258789,81.5,81.4000015258789,81.4000015258789,9070,0.0,0.0
2025-01-13 05:10:00+00:00,81.4000015258789,81.5999984741211,81.0,81.19999694824219,105885,0.0,0.0
2025-01-13 05:15:00+00:00,81.0999984741211,81.0999984741211,80.5,81.0999984741211,173148,0.0,0.0
2025-01-13 05:20:00+00:00,80.80000305175781,81.0999984741211,80.0,80.5999984741211,194768,0.0,0.0
2025-01-14 01:00:00+00:00,81.5,81.5,80.80000305175781,80.9000015258789,0,0.0,0.0
2025-01-14 01:05:00+00:00,80.9000015258789,81.0,80.69999694824219,80.80000305175781,21150,0.0,0.0
2025-01-14 01:10:00+00:00,81.0999984741211,81.0999984741211,81.0,81.0999984741211,10484,0.0,0.0
2025-01-14 01:15:00+00:00,81.0999984741211,81.30000305175781,81.0,81.0999984741211,45501,0.0,0.0
2025-01-14 01:20:00+00:00,81.0999984741211,81.0999984741211,80.80000305175781,80.80000305175781,15281,0.0,0.0
2025-01-14 01:25:00+00:00,80.9000015258789,80.9000015258789,80.5999984741211,80.5999984741211,29382,0.0,0.0
2025-01-14 01:30:00+00:00,80.5999984741211,81.0,80.5,80.80000305175781,40091,0.0,0.0
2025-01-14 01:35:00+00:00,80.80000305175781,81.4000015258789,80.80000305175781,81.4000015258789,27000,0.0,0.0
2025-01-14 01:40:00+00:00,81.30000305175781,81.30000305175781,81.30000305175781,81.30000305175781,1000,0.0,0.0
2025-01-14 01:45:00+00:00,81.19999694824219,81.19999694824219,81.0,81.0999984741211,10100,0.0,0.0
2025-01-14 01:50:00+00:00,81.0,81.0,81.0,81.0,3000,0.0,0.0
2025-01-14 01:55:00+00:00,81.0,81.0,81.0,81.0,1000,0.0,0.0
2025-01-14 02:00:00+00:00,81.0,81.0,81.0,81.0,1000,0.0,0.0
2025-01-14 02:05:00+00:00,81.0,81.0,81.0,81.0,6006,0.0,0.0
2025-01-14 02:10:00+00:00,81.0,81.0,81.0,81.0,4000,0.0,0.0
2025-01-14 02:20:00+00:00,81.0,81.0,81.0,81.0,7000,0.0,0.0
2025-01-14 02:25:00+00:00,81.0,81.0999984741211,81.0,81.0999984741211,11250,0.0,0.0
2025-01-14 02:35:00+00:00,81.0999984741211,81.0999984741211,81.0999984741211,81.0999984741211,3000,0.0,0.0
2025-01-14 02:40:00+00:00,81.0999984741211,81.0999984741211,81.0999984741211,81.0999984741211,6000,0.0,0.0
2025-01-14 02:45:00+00:00,81.0999984741211,81.0999984741211,81.0999984741211,81.0999984741211,2000,0.0,0.0
2025-01-14 02:50:00+00:00,81.19999694824219,81.5999984741211,81.19999694824219,81.4000015258789,33020,0.0,0.0
2025-01-14 02:55:00+00:00,81.30000305175781,81.4000015258789,81.30000305175781,81.4000015258789,2000,0.0,0.0
2025-01-14 03:00:00+00:00,81.30000305175781,81.5,81.30000305175781,81.5,7000,0.0,0.0
2025-01-14 03:05:00+00:00,81.5,81.5,81.4000015258789,81.5,7000,0.0,0.0
2025-01-14 03:10:00+00:00,81.4000015258789,81.80000305175781,81.4000015258789,81.80000305175781,11046,0.0,0.0
2025-01-14 03:20:00+00:00,81.69999694824219,81.69999694824219,81.69999694824219,81.69999694824219,2000,0.0,0.0
2025-01-14 03:25:00+00:00,81.69999694824219,81.69999694824219,81.69999694824219,81.69999694824219,9575,0.0,0.0
2025-01-14 03:30:00+00:00,81.69999694824219,81.80000305175781,81.69999694824219,81.80000305175781,4028,0.0,0.0
2025-01-14 03:35:00+00:00,81.69999694824219,82.0,81.69999694824219,82.0,14056,0.0,0.0
2025-01-14 03:40:00+00:00,82.0,82.0,82.0,82.0,2000,0.0,0.0
2025-01-14 03:45:00+00:00,81.80000305175781,81.80000305175781,81.80000305175781,81.80000305175781,1000,0.0,0.0
2025-01-14 03:50:00+00:00,81.80000305175781,81.9000015258789,81.80000305175781,81.9000015258789,8000,0.0,0.0
2025-01-14 03:55:00+00:00,81.9000015258789,81.9000015258789,81.80000305175781,81.9000015258789,3100,0.0,0.0
2025-01-14 04:00:00+00:00,81.80000305175781,82.30000305175781,81.80000305175781,82.30000305175781,22530,0.0,0.0
2025-01-14 04:05:00+00:00,82.30000305175781,82.30000305175781,82.19999694824219,82.19999694824219,2000,0.0,0.0
2025-01-14 04:10:00+00:00,82.0999984741211,82.0999984741211,82.0999984741211,82.0999984741211,7000,0.0,0.0
2025-01-14 04:15:00+00:00,82.0999984741211,82.19999694824219,82.0999984741211,82.0999984741211,6000,0.0,0.0
2025-01-14 04:20:00+00:00,82.0999984741211,82.0999984741211,82.0999984741211,82.0999984741211,15290,0.0,0.0
2025-01-14 04:25:00+00:00,81.80000305175781,81.80000305175781,81.80000305175781,81.80000305175781,12000,0.0,0.0
2025-01-14 04:30:00+00:00,81.9000015258789,82.0,81.9000015258789,82.0,11013,0.0,0.0
2025-01-14 04:35:00+00:00,82.0999984741211,82.19999694824219,82.0999984741211,82.0999984741211,21558,0.0,0.0
2025-01-14 04:40:00+00:00,82.0999984741211,82.19999694824219,82.0,82.0,6000,0.0,0.0
2025-01-14 04:45:00+00:00,82.0,82.0999984741211,82.0,82.0999984741211,5000,0.0,0.0
2025-01-14 04:50:00+00:00,82.0,82.19999694824219,82.0,82.19999694824219,10000,0.0,0.0
2025-01-14 04:55:00+00:00,82.0999984741211,82.19999694824219,82.0999984741211,82.19999694824219,5150,0.0,0.0
2025-01-14 05:00:00+00:00,82.19999694824219,82.30000305175781,82.0999984741211,82.19999694824219,10133,0.0,0.0
2025-01-14 05:05:00+00:00,82.0999984741211,82.4000015258789,82.0999984741211,82.4000015258789,34000,0.0,0.0
2025-01-14 05:10:00+00:00,82.4000015258789,82.4000015258789,82.30000305175781,82.4000015258789,11000,0.0,0.0
2025-01-14 05:15:00+00:00,82.30000305175781,82.4000015258789,82.30000305175781,82.30000305175781,4000,0.0,0.0
2025-01-14 05:20:00+00:00,82.30000305175781,82.4000015258789,82.30000305175781,82.4000015258789,12202,0.0,0.0
2025-01-15 01:00:00+00:00,81.69999694824219,82.5999984741211,81.69999694824219,82.5999984741211,0,0.0,0.0
2025-01-15 01:05:00+00:00,82.69999694824219,83.0,82.5999984741211,82.5999984741211,23000,0.0,0.0
2025-01-15 01:10:00+00:00,82.5,82.69999694824219,82.4000015258789,82.4000015258789,23520,0.0,0.0
2025-01-15 01:15:00+00:00,82.4000015258789,82.4000015258789,81.80000305175781,82.0,17078,0.0,0.0
2025-01-15 01:20:00+00:00,82.0,82.0,82.0,82.0,1000,0.0,0.0
2025-01-15 01:25:00+00:00,82.0,82.0,81.80000305175781,81.9000015258789,13000,0.0,0.0
2025-01-15 01:30:00+00:00,81.80000305175781,81.80000305175781,81.30000305175781,81.30000305175781,24125,0.0,0.0
2025-01-15 01:35:00+00:00,81.5,81.5,81.5,81.5,5100,0.0,0.0
2025-01-15 01:40:00+00:00,81.5,81.5,81.5,81.5,6450,0.0,0.0
2025-01-15 01:45:00+00:00,81.5,81.5,81.5,81.5,9159,0.0,0.0
2025-01-15 01:50:00+00:00,81.5,81.9000015258789,81.5,81.9000015258789,16265,0.0,0.0
2025-01-15 01:55:00+00:00,82.0,82.0,82.0,82.0,1000,0.0,0.0
2025-01-15 02:00:00+00:00,82.0,82.0,82.0,82.0,2020,0.0,0.0
2025-01-15 02:05:00+00:00,81.80000305175781,81.80000305175781,81.5,81.80000305175781,35650,0.0,0.0
2025-01-15 02:15:00+00:00,81.69999694824219,81.69999694824219,81.69999694824219,81.69999694824219,1000,0.0,0.0
2025-01-15 02:20:00+00:00,81.69999694824219,81.9000015258789,81.5,81.9000015258789,18000,0.0,0.0
2025-01-15 02:25:00+00:00,82.0,82.0,82.0,82.0,1015,0.0,0.0
2025-01-15 02:30:00+00:00,81.9000015258789,81.9000015258789,81.80000305175781,81.80000305175781,12035,0.0,0.0
2025-01-15 02:40:00+00:00,81.80000305175781,81.80000305175781,81.80000305175781,81.80000305175781,4000,0.0,0.0
2025-01-15 02:45:00+00:00,81.69999694824219,81.80000305175781,81.5999984741211,81.69999694824219,21240,0.0,0.0
2025-01-15 02:55:00+00:00,81.5999984741211,81.69999694824219,81.5999984741211,81.69999694824219,7000,0.0,0.0
2025-01-15 03:00:00+00:00,81.69999694824219,81.69999694824219,81.69999694824219,81.69999694824219,3021,0.0,0.0
2025-01-15 03:10:00+00:00,81.5999984741211,81.69999694824219,81.5999984741211,81.5999984741211,18000,0.0,0.0
2025-01-15 03:15:00+00:00,81.5999984741211,81.5999984741211,81.5,81.5,27080,0.0,0.0
2025-01-15 03:20:00+00:00,81.5,81.5,81.5,81.5,2030,0.0,0.0
2025-01-15 03:25:00+00:00,81.4000015258789,81.4000015258789,81.4000015258789,81.4000015258789,1000,0.0,0.0
2025-01-15 03:30:00+00:00,81.5,81.5,81.5,81.5,12000,0.0,0.0
2025-01-15 03:35:00+00:00,81.5,81.5,81.5,81.5,8364,0.0,0.0
2025-01-15 03:40:00+00:00,81.5,81.5999984741211,81.5,81.5999984741211,7000,0.0,0.0
2025-01-15 03:45:00+00:00,81.5,81.5,81.4000015258789,81.4000015258789,17305,0.0,0.0
2025-01-15 03:50:00+00:00,81.4000015258789,81.5,81.4000015258789,81.5,12000,0.0,0.0
2025-01-15 03:55:00+00:00,81.5999984741211,81.5999984741211,81.5999984741211,81.5999984741211,1020,0.0,0.0
2025-01-15 04:00:00+00:00,81.69999694824219,81.69999694824219,81.69999694824219,81.69999694824219,1000,0.0,0.0
2025-01-15 04:05:00+00:00,81.69999694824219,81.69999694824219,81.5999984741211,81.69999694824219,16000,0.0,0.0
2025-01-15 04:10:00+00:00,81.80000305175781,81.80000305175781,81.80000305175781,81.80000305175781,2000,0.0,0.0
2025-01-15 04:15:00+00:00,81.5999984741211,81.5999984741211,81.5999984741211,81.5999984741211,1000,0.0,0.0
2025-01-15 04:20:00+00:00,81.69999694824219,81.69999694824219,81.69999694824219,81.69999694824219,1000,0.0,0.0
2025-01-15 04:25:00+00:00,81.5999984741211,81.5999984741211,81.5999984741211,81.5999984741211,10144,0.0,0.0
2025-01-15 04:30:00+00:00,81.5999984741211,81.5999984741211,81.5999984741211,81.5999984741211,2031,0.0,0.0
2025-01-15 04:35:00+00:00,81.5,81.5,81.5,81.5,1122,0.0,0.0
2025-01-15 04:40:00+00:00,81.5,81.5,81.5,81.5,1300,0.0,0.0
2025-01-15 04:45:00+00:00,81.5,81.5,81.4000015258789,81.4000015258789,21234,0.0,0.0
2025-01-15 04:50:00+00:00,81.4000015258789,81.4000015258789,81.30000305175781,81.30000305175781,3185,0.0,0.0
2025-01-15 04:55:00+00:00,81.30000305175781,81.30000305175781,81.30000305175781,81.30000305175781,23000,0.0,0.0
2025-01-15 05:00:00+00:00,81.19999694824219,81.19999694824219,81.0999984741211,81.0999984741211,21060,0.0,0.0
2025-01-15 05:05:00+00:00,81.0999984741211,81.5999984741211,81.0,81.0,40020,0.0,0.0
2025-01-15 05:10:00+00:00,81.0999984741211,81.30000305175781,81.0,81.0999984741211,26038,0.0,0.0
2025-01-15 05:15:00+00:00,81.0,81.0,81.0,81.0,13060,0.0,0.0
2025-01-15 05:20:00+00:00,81.0999984741211,81.19999694824219,81.0,81.0999984741211,29185,0.0,0.0
2025-01-16 01:00:00+00:00,83.0,83.0,82.19999694824219,82.19999694824219,0,0.0,0.0
2025-01-16 01:05:00+00:00,82.19999694824219,82.69999694824219,82.19999694824219,82.5999984741211,9000,0.0,0.0
2025-01-16 01:10:00+00:00,82.5,82.5,82.19999694824219,82.30000305175781,43875,0.0,0.0
2025-01-16 01:15:00+00:00,82.30000305175781,82.5,82.19999694824219,82.5,8029,0.0,0.0
2025-01-16 01:20:00+00:00,82.5,82.5999984741211,82.5,82.5,7004,0.0,0.0
2025-01-16 01:25:00+00:00,82.4000015258789,82.4000015258789,82.4000015258789,82.4000015258789,14100,0.0,0.0
2025-01-16 01:30:00+00:00,82.30000305175781,82.30000305175781,82.19999694824219,82.19999694824219,12121,0.0,0.0
2025-01-16 01:35:00+00:00,82.0999984741211,82.0999984741211,82.0,82.0,7002,0.0,0.0
2025-01-16 01:40:00+00:00,82.30000305175781,82.30000305175781,82.19999694824219,82.19999694824219,4223,0.0,0.0
2025-01-16 01:45:00+00:00,82.19999694824219,82.19999694824219,82.0,82.0,6310,0.0,0.0
2025-01-16 01:50:00+00:00,82.0999984741211,82.0999984741211,82.0999984741211,82.0999984741211,3107,0.0,0.0
2025-01-16 01:55:00+00:00,82.0,82.0,82.0,82.0,3163,0.0,0.0
2025-01-16 02:00:00+00:00,82.0999984741211,82.0999984741211,82.0999984741211,82.0999984741211,3000,0.0,0.0
2025-01-16 02:05:00+00:00,82.0999984741211,82.0999984741211,82.0999984741211,82.0999984741211,4000,0.0,0.0
2025-01-16 02:10:00+00:00,82.0999984741211,82.0999984741211,82.0999984741211,82.0999984741211,1000,0.0,0.0
2025-01-16 02:15:00+00:00,82.0999984741211,82.0999984741211,82.0999984741211,82.0999984741211,1143,0.0,0.0
2025-01-16 02:20:00+00:00,82.0999984741211,82.19999694824219,82.0999984741211,82.19999694824219,2000,0.0,0.0
2025-01-16 02:25:00+00:00,82.19999694824219,82.19999694824219,82.0999984741211,82.19999694824219,4067,0.0,0.0
2025-01-16 02:35:00+00:00,82.19999694824219,82.19999694824219,81.80000305175781,81.80000305175781,47285,0.0,0.0
2025-01-16 02:40:00+00:00,81.80000305175781,81.80000305175781,81.80000305175781,81.80000305175781,2000,0.0,0.0
2025-01-16 02:50:00+00:00,81.9000015258789,81.9000015258789,81.9000015258789,81.9000015258789,2000,0.0,0.0
2025-01-16 02:55:00+00:00,82.0,82.0999984741211,82.0,82.0999984741211,6000,0.0,0.0
2025-01-16 03:00:00+00:00,82.0999984741211,82.0999984741211,82.0,82.0,8020,0.0,0.0
2025-01-16 03:05:00+00:00,82.0999984741211,82.0999984741211,82.0999984741211,82.0999984741211,1000,0.0,0.0
2025-01-16 03:10:00+00:00,82.0999984741211,82.0999984741211,82.0,82.0,4000,0.0,0.0
2025-01-16 03:15:00+00:00,82.0,82.0,82.0,82.0,1010,0.0,0.0
2025-01-16 03:20:00+00:00,82.0,82.0,82.0,82.0,1000,0.0,0.0
2025-01-16 03:25:00+00:00,82.0,82.0,82.0,82.0,1000,0.0,0.0
2025-01-16 03:30:00+00:00,81.9000015258789,82.0,81.9000015258789,82.0,4000,0.0,0.0
2025-01-16 03:35:00+00:00,82.0999984741211,82.19999694824219,82.0999984741211,82.19999694824219,20000,0.0,0.0
2025-01-16 03:40:00+00:00,82.30000305175781,82.5,82.30000305175781,82.30000305175781,25043,0.0,0.0
2025-01-16 03:45:00+00:00,82.30000305175781,82.5,82.30000305175781,82.5,4040,0.0,0.0
2025-01-16 03:50:00+00:00,82.5,82.5,82.5,82.5,13000,0.0,0.0
2025-01-16 03:55:00+00:00,82.4000015258789,82.69999694824219,82.4000015258789,82.5,29000,0.0,0.0
2025-01-16 04:00:00+00:00,82.5,82.5,82.5,82.5,3020,0.0,0.0
2025-01-16 04:10:00+00:00,82.30000305175781,82.4000015258789,82.30000305175781,82.30000305175781,14012,0.0,0.0
2025-01-16 04:15:00+00:00,82.5,82.5,82.5,82.5,4000,0.0,0.0
2025-01-16 04:25:00+00:00,82.4000015258789,82.4000015258789,82.4000015258789,82.4000015258789,2000,0.0,0.0
2025-01-16 04:30:00+00:00,82.4000015258789,82.4000015258789,82.4000015258789,82.4000015258789,3100,0.0,0.0
2025-01-16 04:35:00+00:00,82.5,82.5,82.5,82.5,6000,0.0,0.0
2025-01-16 04:40:00+00:00,82.5,82.5,82.4000015258789,82.4000015258789,5001,0.0,0.0
2025-01-16 04:45:00+00:00,82.4000015258789,82.4000015258789,82.4000015258789,82.4000015258789,6000,0.0,0.0
2025-01-16 04:50:00+00:00,82.4000015258789,82.5999984741211,82.4000015258789,82.5,30200,0.0,0.0
2025-01-16 04:55:00+00:00,82.4000015258789,82.4000015258789,82.30000305175781,82.30000305175781,14025,0.0,0.0
2025-01-16 05:00:00+00:00,82.30000305175781,82.30000305175781,82.30000305175781,82.30000305175781,1000,0.0,0.0
2025-01-16 05:05:00+00:00,82.30000305175781,82.4000015258789,82.30000305175781,82.4000015258789,7000,0.0,0.0
2025-01-16 05:10:00+00:00,82.30000305175781,82.30000305175781,82.30000305175781,82.30000305175781,2000,0.0,0.0
2025-01-16 05:15:00+00:00,82.30000305175781,82.30000305175781,82.19999694824219,82.19999694824219,11338,0.0,0.0
2025-01-16 05:20:00+00:00,82.19999694824219,82.19999694824219,82.0999984741211,82.0999984741211,13052,0.0,0.0
2025-01-17 01:00:00+00:00,82.5,82.5999984741211,81.9000015258789,81.9000015258789,0,0.0,0.0
2025-01-17 01:05:00+00:00,82.19999694824219,82.19999694824219,82.0999984741211,82.0999984741211,4331,0.0,0.0
2025-01-17 01:10:00+00:00,82.0999984741211,82.0999984741211,82.0,82.0,13100,0.0,0.0
2025-01-17 01:20:00+00:00,82.0,82.0,81.69999694824219,81.69999694824219,22322,0.0,0.0
2025-01-17 01:25:00+00:00,81.69999694824219,81.69999694824219,81.69999694824219,81.69999694824219,2120,0.0,0.0
2025-01-17 01:30:00+00:00,81.69999694824219,81.69999694824219,81.69999694824219,81.69999694824219,1000,0.0,0.0
2025-01-17 01:35:00+00:00,81.69999694824219,81.69999694824219,81.69999694824219,81.69999694824219,1010,0.0,0.0
2025-01-17 01:40:00+00:00,81.80000305175781,82.0999984741211,81.80000305175781,82.0999984741211,6370,0.0,0.0
2025-01-17 01:45:00+00:00,82.0999984741211,82.0999984741211,81.80000305175781,81.80000305175781,5000,0.0,0.0
2025-01-17 01:50:00+00:00,81.69999694824219,81.69999694824219,81.4000015258789,81.4000015258789,19260,0.0,0.0
2025-01-17 01:55:00+00:00,81.4000015258789,81.5,81.4000015258789,81.5,7081,0.0,0.0
2025-01-17 02:00:00+00:00,81.5,81.5,81.4000015258789,81.4000015258789,4030,0.0,0.0
2025-01-17 02:05:00+00:00,81.5,81.9000015258789,81.5,81.9000015258789,18200,0.0,0.0
2025-01-17 02:10:00+00:00,82.0,82.0,81.9000015258789,81.9000015258789,3200,0.0,0.0
2025-01-17 02:15:00+00:00,81.9000015258789,82.0,81.9000015258789,82.0,6220,0.0,0.0
2025-01-17 02:20:00+00:00,81.80000305175781,81.80000305175781,81.69999694824219,81.69999694824219,2049,0.0,0.0
2025-01-17 02:25:00+00:00,81.69999694824219,81.69999694824219,81.69999694824219,81.69999694824219,1000,0.0,0.0
2025-01-17 02:30:00+00:00,81.69999694824219,81.69999694824219,81.69999694824219,81.69999694824219,3002,0.0,0.0
2025-01-17 02:35:00+00:00,81.69999694824219,81.69999694824219,81.69999694824219,81.69999694824219,2000,0.0,0.0
2025-01-17 02:45:00+00:00,81.69999694824219,81.69999694824219,81.69999694824219,81.69999694824219,4000,0.0,0.0
2025-01-17 02:50:00+00:00,81.69999694824219,81.69999694824219,81.69999694824219,81.69999694824219,1000,0.0,0.0
2025-01-17 02:55:00+00:00,81.9000015258789,81.9000015258789,81.9000015258789,81.9000015258789,5000,0.0,0.0
2025-01-17 03:00:00+00:00,81.9000015258789,81.9000015258789,81.9000015258789,81.9000015258789,8015,0.0,0.0
2025-01-17 03:05:00+00:00,81.9000015258789,82.19999694824219,81.9000015258789,82.19999694824219,41578,0.0,0.0
2025-01-17 03:10:00+00:00,82.30000305175781,82.4000015258789,82.19999694824219,82.19999694824219,24907,0.0,0.0
2025-01-17 03:20:00+00:00,82.0,82.0,82.0,82.0,1061,0.0,0.0
2025-01-17 03:25:00+00:00,82.0,82.0,82.0,82.0,4100,0.0,0.0
2025-01-17 03:35:00+00:00,82.30000305175781,82.30000305175781,82.30000305175781,82.30000305175781,1000,0.0,0.0
2025-01-17 03:40:00+00:00,82.30000305175781,82.30000305175781,82.30000305175781,82.30000305175781,17234,0.0,0.0
2025-01-17 03:45:00+00:00,82.30000305175781,82.30000305175781,82.19999694824219,82.19999694824219,2000,0.0,0.0
2025-01-17 03:50:00+00:00,82.19999694824219,82.19999694824219,82.19999694824219,82.19999694824219,6000,0.0,0.0
2025-01-17 03:55:00+00:00,82.19999694824219,82.80000305175781,82.19999694824219,82.80000305175781,32866,0.0,0.0
2025-01-17 04:00:00+00:00,82.69999694824219,82.69999694824219,82.69999694824219,82.69999694824219,3084,0.0,0.0
2025-01-17 04:05:00+00:00,82.5999984741211,82.69999694824219,82.5999984741211,82.69999694824219,4000,0.0,0.0
2025-01-17 04:10:00+00:00,82.69999694824219,82.80000305175781,82.69999694824219,82.69999694824219,13100,0.0,0.0
2025-01-17 04:15:00+00:00,82.69999694824219,82.69999694824219,82.5999984741211,82.5999984741211,6000,0.0,0.0
2025-01-17 04:20:00+00:00,82.5999984741211,82.5999984741211,82.5,82.5,8000,0.0,0.0
2025-01-17 04:25:00+00:00,82.5,82.5,82.5,82.5,1000,0.0,0.0
2025-01-17 04:40:00+00:00,82.4000015258789,82.5,82.4000015258789,82.4000015258789,8050,0.0,0.0
2025-01-17 04:45:00+00:00,82.4000015258789,82.5,82.4000015258789,82.5,5000,0.0,0.0
2025-01-17 04:50:00+00:00,82.4000015258789,82.4000015258789,82.4000015258789,82.4000015258789,1000,0.0,0.0
2025-01-17 04:55:00+00:00,82.5,82.5,82.5,82.5,1000,0.0,0.0
2025-01-17 05:00:00+00:00,82.30000305175781,82.30000305175781,82.30000305175781,82.30000305175781,4113,0.0,0.0
2025-01-17 05:05:00+00:00,82.19999694824219,82.19999694824219,82.0999984741211,82.19999694824219,12032,0.0,0.0
2025-01-17 05:10:00+00:00,82.0999984741211,82.0999984741211,82.0999984741211,82.0999984741211,8000,0.0,0.0
2025-01-17 05:15:00+00:00,82.19999694824219,82.19999694824219,82.19999694824219,82.19999694824219,2000,0.0,0.0
2025-01-17 05:20:00+00:00,82.19999694824219,82.19999694824219,82.0999984741211,82.0999984741211,14000,0.0,0.0
2025-01-20 01:00:00+00:00,83.4000015258789,83.4000015258789,82.30000305175781,82.30000305175781,0,0.0,0.0
2025-01-20 01:05:00+00:00,82.30000305175781,82.4000015258789,82.30000305175781,82.4000015258789,3000,0.0,0.0
2025-01-20 01:10:00+00:00,82.30000305175781,82.5,82.30000305175781,82.4000015258789,16391,0.0,0.0
2025-01-20 01:15:00+00:00,82.5,82.5,82.30000305175781,82.30000305175781,39182,0.0,0.0
2025-01-20 01:20:00+00:00,82.19999694824219,82.4000015258789,81.9000015258789,82.19999694824219,46491,0.0,0.0
2025-01-20 01:25:00+00:00,82.0999984741211,82.0999984741211,82.0,82.0999984741211,11000,0.0,0.0
2025-01-20 01:30:00+00:00,82.19999694824219,82.19999694824219,82.19999694824219,82.19999694824219,1000,0.0,0.0
2025-01-20 01:35:00+00:00,82.4000015258789,82.69999694824219,82.4000015258789,82.5999984741211,88010,0.0,0.0
2025-01-20 01:40:00+00:00,82.5999984741211,82.9000015258789,82.5999984741211,82.9000015258789,54000,0.0,0.0
2025-01-20 01:45:00+00:00,82.80000305175781,82.80000305175781,82.5999984741211,82.5999984741211,24013,0.0,0.0
2025-01-20 01:50:00+00:00,82.5,82.5,82.5,82.5,2020,0.0,0.0
2025-01-20 02:00:00+00:00,82.69999694824219,82.9000015258789,82.69999694824219,82.9000015258789,70657,0.0,0.0
2025-01-20 02:05:00+00:00,82.9000015258789,83.0,82.9000015258789,82.9000015258789,3000,0.0,0.0
2025-01-20 02:10:00+00:00,82.80000305175781,82.80000305175781,82.80000305175781,82.80000305175781,4010,0.0,0.0
2025-01-20 02:15:00+00:00,82.69999694824219,82.69999694824219,82.69999694824219,82.69999694824219,1000,0.0,0.0
2025-01-20 02:20:00+00:00,82.69999694824219,82.69999694824219,82.69999694824219,82.69999694824219,5651,0.0,0.0
2025-01-20 02:40:00+00:00,82.69999694824219,82.69999694824219,82.69999694824219,82.69999694824219,1035,0.0,0.0
2025-01-20 02:50:00+00:00,82.69999694824219,82.69999694824219,82.69999694824219,82.69999694824219,1100,0.0,0.0
2025-01-20 03:05:00+00:00,82.69999694824219,82.80000305175781,82.69999694824219,82.80000305175781,35100,0.0,0.0
2025-01-20 03:10:00+00:00,82.80000305175781,83.30000305175781,82.80000305175781,83.19999694824219,122071,0.0,0.0
2025-01-20 03:15:00+00:00,83.0,83.0999984741211,83.0,83.0999984741211,3000,0.0,0.0
2025-01-20 03:20:00+00:00,83.0999984741211,83.19999694824219,83.0999984741211,83.0999984741211,8300,0.0,0.0
2025-01-20 03:25:00+00:00,83.0999984741211,83.0999984741211,83.0999984741211,83.0999984741211,1000,0.0,0.0
2025-01-20 03:30:00+00:00,83.0999984741211,83.19999694824219,83.0999984741211,83.19999694824219,8120,0.0,0.0
2025-01-20 03:40:00+00:00,83.19999694824219,83.30000305175781,83.19999694824219,83.19999694824219,13200,0.0,0.0
2025-01-20 03:45:00+00:00,83.19999694824219,83.19999694824219,83.19999694824219,83.19999694824219,14017,0.0,0.0
2025-01-20 03:50:00+00:00,83.0999984741211,83.0999984741211,83.0999984741211,83.0999984741211,3100,0.0,0.0
2025-01-20 03:55:00+00:00,83.0,83.0999984741211,83.0,83.0999984741211,3063,0.0,0.0
2025-01-20 04:00:00+00:00,83.0999984741211,83.30000305175781,83.0999984741211,83.30000305175781,14018,0.0,0.0
2025-01-20 04:10:00+00:00,83.30000305175781,83.30000305175781,83.0999984741211,83.0999984741211,3000,0.0,0.0
2025-01-20 04:15:00+00:00,83.19999694824219,83.4000015258789,83.19999694824219,83.19999694824219,22137,0.0,0.0
2025-01-20 04:20:00+00:00,83.19999694824219,83.19999694824219,83.0999984741211,83.19999694824219,9020,0.0,0.0
2025-01-20 04:25:00+00:00,83.0999984741211,83.0999984741211,83.0999984741211,83.0999984741211,1000,0.0,0.0
2025-01-20 04:30:00+00:00,83.0999984741211,83.19999694824219,83.0999984741211,83.19999694824219,4000,0.0,0.0
2025-01-20 04:35:00+00:00,83.19999694824219,83.5,83.19999694824219,83.5,77901,0.0,0.0
2025-01-20 04:40:00+00:00,83.5,83.5,83.4000015258789,83.4000015258789,10304,0.0,0.0
2025-01-20 04:45:00+00:00,83.4000015258789,83.4000015258789,83.4000015258789,83.4000015258789,6001,0.0,0.0
2025-01-20 04:50:00+00:00,83.30000305175781,83.30000305175781,83.30000305175781,83.30000305175781,1350,0.0,0.0
2025-01-20 04:55:00+00:00,83.30000305175781,83.5,83.30000305175781,83.5,18112,0.0,0.0
2025-01-20 05:00:00+00:00,83.5,83.5,83.5,83.5,1005,0.0,0.0
2025-01-20 05:05:00+00:00,83.4000015258789,83.4000015258789,83.4000015258789,83.4000015258789,8100,0.0,0.0
2025-01-20 05:10:00+00:00,83.5,83.5,83.4000015258789,83.4000015258789,13445,0.0,0.0
2025-01-20 05:15:00+00:00,83.4000015258789,83.4000015258789,83.30000305175781,83.30000305175781,2020,0.0,0.0
2025-01-20 05:20:00+00:00,83.30000305175781,83.5999984741211,83.30000305175781,83.4000015258789,32000,0.0,0.0
2025-01-21 01:00:00+00:00,83.0,83.80000305175781,83.0,83.5,25000,0.0,0.0
2025-01-21 01:05:00+00:00,83.30000305175781,83.69999694824219,83.30000305175781,83.30000305175781,19060,0.0,0.0
2025-01-21 01:10:00+00:00,83.5999984741211,83.5999984741211,83.5999984741211,83.5999984741211,5216,0.0,0.0
2025-01-21 01:15:00+00:00,83.5,83.5,83.0999984741211,83.0999984741211,18058,0.0,0.0
2025-01-21 01:20:00+00:00,83.19999694824219,83.30000305175781,83.0999984741211,83.30000305175781,9000,0.0,0.0
2025-01-21 01:25:00+00:00,83.30000305175781,83.4000015258789,83.30000305175781,83.30000305175781,4000,0.0,0.0
2025-01-21 01:30:00+00:00,83.30000305175781,83.30000305175781,83.19999694824219,83.19999694824219,11083,0.0,0.0
2025-01-21 01:35:00+00:00,83.4000015258789,83.5,83.4000015258789,83.5,8457,0.0,0.0
2025-01-21 01:40:00+00:00,83.30000305175781,83.4000015258789,83.19999694824219,83.19999694824219,7104,0.0,0.0
2025-01-21 01:45:00+00:00,83.0,83.0,82.69999694824219,82.9000015258789,22679,0.0,0.0
2025-01-21 01:50:00+00:00,82.9000015258789,82.9000015258789,82.9000015258789,82.9000015258789,1030,0.0,0.0
2025-01-21 01:55:00+00:00,82.9000015258789,83.0999984741211,82.5999984741211,83.0999984741211,21130,0.0,0.0
2025-01-21 02:00:00+00:00,83.0999984741211,83.0999984741211,83.0999984741211,83.0999984741211,1020,0.0,0.0
2025-01-21 02:15:00+00:00,83.0,83.0,82.80000305175781,82.80000305175781,3455,0.0,0.0
2025-01-21 02:25:00+00:00,82.9000015258789,82.9000015258789,82.80000305175781,82.80000305175781,2000,0.0,0.0
2025-01-21 02:30:00+00:00,82.80000305175781,82.80000305175781,82.80000305175781,82.80000305175781,8000,0.0,0.0
2025-01-21 02:35:00+00:00,82.69999694824219,82.69999694824219,82.69999694824219,82.69999694824219,1000,0.0,0.0
2025-01-21 02:40:00+00:00,82.80000305175781,82.9000015258789,82.80000305175781,82.9000015258789,6000,0.0,0.0
2025-01-21 02:45:00+00:00,83.0999984741211,83.0999984741211,83.0999984741211,83.0999984741211,4008,0.0,0.0
2025-01-21 02:55:00+00:00,83.0999984741211,83.0999984741211,83.0999984741211,83.0999984741211,3000,0.0,0.0
2025-01-21 03:00:00+00:00,83.0999984741211,83.0999984741211,83.0999984741211,83.0999984741211,1014,0.0,0.0
2025-01-21 03:10:00+00:00,83.0999984741211,83.19999694824219,83.0999984741211,83.19999694824219,6012,0.0,0.0
2025-01-21 03:20:00+00:00,83.19999694824219,83.19999694824219,83.19999694824219,83.19999694824219,1364,0.0,0.0
2025-01-21 03:35:00+00:00,83.19999694824219,83.19999694824219,83.0999984741211,83.0999984741211,2000,0.0,0.0
2025-01-21 03:45:00+00:00,83.0999984741211,83.0999984741211,83.0999984741211,83.0999984741211,3058,0.0,0.0
2025-01-21 03:50:00+00:00,83.0,83.0,83.0,83.0,0,0.0,0.0
2025-01-22 01:00:00+00:00,83.5,83.69999694824219,83.5,83.69999694824219,0,0.0,0.0
2025-01-22 01:05:00+00:00,83.5999984741211,83.80000305175781,83.5,83.80000305175781,32040,0.0,0.0
2025-01-22 01:10:00+00:00,83.69999694824219,83.69999694824219,83.5,83.5,27000,0.0,0.0
2025-01-22 01:15:00+00:00,83.69999694824219,83.69999694824219,83.69999694824219,83.69999694824219,8296,0.0,0.0
2025-01-22 01:20:00+00:00,83.80000305175781,83.80000305175781,83.80000305175781,83.80000305175781,8000,0.0,0.0
2025-01-22 01:25:00+00:00,83.69999694824219,83.69999694824219,83.5999984741211,83.5999984741211,8000,0.0,0.0
2025-01-22 01:30:00+00:00,83.5,83.5,83.19999694824219,83.19999694824219,23366,0.0,0.0
2025-01-22 01:35:00+00:00,83.19999694824219,83.19999694824219,83.0999984741211,83.0999984741211,10322,0.0,0.0
2025-01-22 01:40:00+00:00,83.0999984741211,83.0999984741211,83.0,83.0,8120,0.0,0.0
2025-01-22 01:45:00+00:00,83.0999984741211,83.19999694824219,83.0999984741211,83.19999694824219,14000,0.0,0.0
2025-01-22 01:50:00+00:00,83.19999694824219,83.19999694824219,83.0999984741211,83.0999984741211,5197,0.0,0.0
2025-01-22 01:55:00+00:00,83.0999984741211,83.0999984741211,83.0999984741211,83.0999984741211,3000,0.0,0.0
2025-01-22 02:00:00+00:00,83.19999694824219,83.5,83.19999694824219,83.4000015258789,23112,0.0,0.0
2025-01-22 02:05:00+00:00,83.4000015258789,83.5,83.4000015258789,83.5,6000,0.0,0.0
2025-01-22 02:10:00+00:00,83.5,83.5999984741211,83.5,83.5,22050,0.0,0.0
2025-01-22 02:15:00+00:00,83.5999984741211,83.69999694824219,83.5999984741211,83.69999694824219,11308,0.0,0.0
2025-01-22 02:20:00+00:00,83.69999694824219,83.80000305175781,83.69999694824219,83.80000305175781,6000,0.0,0.0
2025-01-22 02:25:00+00:00,83.69999694824219,84.0999984741211,83.69999694824219,84.0999984741211,45122,0.0,0.0
2025-01-22 02:30:00+00:00,84.0,84.80000305175781,84.0,84.5999984741211,82220,0.0,0.0
2025-01-22 02:35:00+00:00,84.5999984741211,84.5999984741211,84.30000305175781,84.30000305175781,48916,0.0,0.0
2025-01-22 02:40:00+00:00,84.19999694824219,84.19999694824219,84.0,84.19999694824219,10038,0.0,0.0
2025-01-22 02:45:00+00:00,84.0999984741211,84.19999694824219,84.0999984741211,84.19999694824219,19160,0.0,0.0
2025-01-22 02:50:00+00:00,84.19999694824219,84.19999694824219,84.19999694824219,84.19999694824219,1092,0.0,0.0
2025-01-22 02:55:00+00:00,84.0999984741211,84.5,84.0,84.5,42230,0.0,0.0
2025-01-22 03:00:00+00:00,84.5,84.5,84.4000015258789,84.4000015258789,4072,0.0,0.0
2025-01-22 03:05:00+00:00,84.4000015258789,84.4000015258789,84.4000015258789,84.4000015258789,4188,0.0,0.0
2025-01-22 03:10:00+00:00,84.4000015258789,84.4000015258789,84.4000015258789,84.4000015258789,5000,0.0,0.0
2025-01-22 03:15:00+00:00,84.4000015258789,84.80000305175781,84.4000015258789,84.80000305175781,35024,0.0,0.0
2025-01-22 03:20:00+00:00,84.80000305175781,84.9000015258789,84.5,84.69999694824219,55000,0.0,0.0
2025-01-22 03:25:00+00:00,84.69999694824219,85.0,84.69999694824219,85.0,100816,0.0,0.0
2025-01-22 03:30:00+00:00,85.0,85.0,84.69999694824219,84.69999694824219,29167,0.0,0.0
2025-01-22 03:35:00+00:00,84.80000305175781,85.0,84.80000305175781,85.0,22306,0.0,0.0
2025-01-22 03:40:00+00:00,85.0,85.0,84.9000015258789,84.9000015258789,12290,0.0,0.0
2025-01-22 03:45:00+00:00,84.9000015258789,84.9000015258789,84.80000305175781,84.80000305175781,9150,0.0,0.0
2025-01-22 03:50:00+00:00,84.80000305175781,84.80000305175781,84.80000305175781,84.80000305175781,2000,0.0,0.0
2025-01-22 03:55:00+00:00,84.80000305175781,84.80000305175781,84.69999694824219,84.69999694824219,4000,0.0,0.0
2025-01-22 04:00:00+00:00,84.69999694824219,84.69999694824219,84.69999694824219,84.69999694824219,2080,0.0,0.0
2025-01-22 04:05:00+00:00,84.69999694824219,84.80000305175781,84.69999694824219,84.80000305175781,6000,0.0,0.0
2025-01-22 04:10:00+00:00,84.80000305175781,84.80000305175781,84.80000305175781,84.80000305175781,1000,0.0,0.0
2025-01-22 04:15:00+00:00,84.80000305175781,84.80000305175781,84.5999984741211,84.80000305175781,14130,0.0,0.0
2025-01-22 04:25:00+00:00,84.80000305175781,84.80000305175781,84.80000305175781,84.80000305175781,5000,0.0,0.0
2025-01-22 04:30:00+00:00,84.80000305175781,84.80000305175781,84.80000305175781,84.80000305175781,4121,0.0,0.0
2025-01-22 04:35:00+00:00,84.5999984741211,84.5999984741211,84.5999984741211,84.5999984741211,5024,0.0,0.0
2025-01-22 04:40:00+00:00,84.5999984741211,84.69999694824219,84.5999984741211,84.69999694824219,10000,0.0,0.0
2025-01-22 04:45:00+00:00,84.69999694824219,84.80000305175781,84.69999694824219,84.80000305175781,10000,0.0,0.0
2025-01-22 04:50:00+00:00,84.69999694824219,84.69999694824219,84.69999694824219,84.69999694824219,6660,0.0,0.0
2025-01-22 04:55:00+00:00,84.5999984741211,84.5999984741211,84.5,84.5,14020,0.0,0.0
2025-01-22 05:00:00+00:00,84.5,84.5999984741211,84.5,84.5,14006,0.0,0.0
2025-01-22 05:05:00+00:00,84.5,84.5999984741211,84.5,84.5999984741211,7000,0.0,0.0
2025-01-22 05:10:00+00:00,84.5,84.80000305175781,84.5,84.80000305175781,31100,0.0,0.0
2025-01-22 05:15:00+00:00,84.69999694824219,84.80000305175781,84.5999984741211,84.80000305175781,16719,0.0,0.0
2025-01-22 05:20:00+00:00,84.69999694824219,84.9000015258789,84.69999694824219,84.9000015258789,34250,0.0,0.0
2025-02-03 01:00:00+00:00,83.0,83.0,81.69999694824219,81.80000305175781,0,0.0,0.0
2025-02-03 01:05:00+00:00,81.80000305175781,82.69999694824219,81.4000015258789,82.69999694824219,81396,0.0,0.0
2025-02-03 01:10:00+00:00,82.5,83.69999694824219,82.5,83.5,38130,0.0,0.0
2025-02-03 01:15:00+00:00,83.4000015258789,83.69999694824219,83.4000015258789,83.5,45310,0.0,0.0
2025-02-03 01:20:00+00:00,83.5,84.0,83.4000015258789,84.0,27310,0.0,0.0
2025-02-03 01:25:00+00:00,84.0,84.19999694824219,83.80000305175781,83.9000015258789,19779,0.0,0.0
2025-02-03 01:30:00+00:00,83.9000015258789,83.9000015258789,83.69999694824219,83.69999694824219,36102,0.0,0.0
2025-02-03 01:35:00+00:00,83.69999694824219,83.69999694824219,83.5,83.5999984741211,13000,0.0,0.0
2025-02-03 01:40:00+00:00,83.5,83.5,83.4000015258789,83.4000015258789,32198,0.0,0.0
2025-02-03 01:45:00+00:00,83.4000015258789,83.5,83.30000305175781,83.30000305175781,6300,0.0,0.0
2025-02-03 01:50:00+00:00,83.5,83.5,83.5,83.5,1450,0.0,0.0
2025-02-03 01:55:00+00:00,83.5,83.5,83.30000305175781,83.30000305175781,13120,0.0,0.0
2025-02-03 02:00:00+00:00,83.19999694824219,83.19999694824219,82.69999694824219,83.0,43040,0.0,0.0
2025-02-03 02:05:00+00:00,82.80000305175781,82.80000305175781,82.5999984741211,82.5999984741211,3285,0.0,0.0
2025-02-03 02:10:00+00:00,82.5999984741211,82.5999984741211,82.5999984741211,82.5999984741211,1000,0.0,0.0
2025-02-03 02:15:00+00:00,82.80000305175781,82.80000305175781,82.5,82.5,11000,0.0,0.0
2025-02-03 02:20:00+00:00,82.5999984741211,82.5999984741211,82.5,82.5,13060,0.0,0.0
2025-02-03 02:25:00+00:00,82.5,82.5999984741211,82.5,82.5999984741211,7132,0.0,0.0
2025-02-03 02:30:00+00:00,82.5999984741211,82.5999984741211,82.5999984741211,82.5999984741211,3292,0.0,0.0
2025-02-03 02:35:00+00:00,82.5999984741211,82.5999984741211,82.5999984741211,82.5999984741211,1010,0.0,0.0
2025-02-03 02:40:00+00:00,82.5999984741211,82.5999984741211,82.5,82.5,35000,0.0,0.0
2025-02-03 02:45:00+00:00,82.4000015258789,82.5,82.4000015258789,82.5,12030,0.0,0.0
2025-02-03 02:50:00+00:00,82.5999984741211,82.5999984741211,82.5,82.5,3071,0.0,0.0
2025-02-03 02:55:00+00:00,82.4000015258789,82.4000015258789,82.30000305175781,82.30000305175781,6372,0.0,0.0
2025-02-03 03:05:00+00:00,82.4000015258789,82.5,82.0999984741211,82.5,32058,0.0,0.0
2025-02-03 03:10:00+00:00,82.5999984741211,82.5999984741211,82.5999984741211,82.5999984741211,2002,0.0,0.0
2025-02-03 03:15:00+00:00,82.5,82.5,82.5,82.5,5122,0.0,0.0
2025-02-03 03:25:00+00:00,82.69999694824219,82.69999694824219,82.69999694824219,82.69999694824219,3059,0.0,0.0
2025-02-03 03:30:00+00:00,82.69999694824219,82.80000305175781,82.69999694824219,82.80000305175781,23000,0.0,0.0
2025-02-03 03:35:00+00:00,82.69999694824219,82.69999694824219,82.69999694824219,82.69999694824219,7000,0.0,0.0
2025-02-03 03:40:00+00:00,82.80000305175781,82.80000305175781,82.69999694824219,82.69999694824219,2000,0.0,0.0
2025-02-03 03:45:00+00:00,82.80000305175781,82.80000305175781,82.80000305175781,82.80000305175781,3000,0.0,0.0
2025-02-03 03:50:00+00:00,82.80000305175781,82.80000305175781,82.80000305175781,82.80000305175781,2050,0.0,0.0
2025-02-03 03:55:00+00:00,82.80000305175781,82.80000305175781,82.69999694824219,82.80000305175781,5000,0.0,0.0
2025-02-03 04:00:00+00:00,82.80000305175781,82.80000305175781,82.5999984741211,82.5999984741211,9200,0.0,0.0
2025-02-03 04:05:00+00:00,82.80000305175781,82.9000015258789,82.80000305175781,82.9000015258789,3000,0.0,0.0
2025-02-03 04:10:00+00:00,83.0,83.0,83.0,83.0,4150,0.0,0.0
2025-02-03 04:15:00+00:00,83.0,83.0999984741211,83.0,83.0999984741211,14132,0.0,0.0
2025-02-03 04:20:00+00:00,83.0999984741211,83.19999694824219,83.0999984741211,83.19999694824219,3141,0.0,0.0
2025-02-03 04:25:00+00:00,83.19999694824219,83.19999694824219,83.19999694824219,83.19999694824219,2000,0.0,0.0
2025-02-03 04:30:00+00:00,83.19999694824219,83.19999694824219,83.19999694824219,83.19999694824219,3000,0.0,0.0
2025-02-03 04:35:00+00:00,83.0,83.19999694824219,83.0,83.0,3150,0.0,0.0
2025-02-03 04:40:00+00:00,83.19999694824219,83.4000015258789,83.19999694824219,83.4000015258789,21600,0.0,0.0
2025-02-03 04:45:00+00:00,83.5999984741211,83.69999694824219,83.5,83.5,21500,0.0,0.0
2025-02-03 04:50:00+00:00,83.5,83.5999984741211,83.5,83.5,7000,0.0,0.0
2025-02-03 04:55:00+00:00,83.5,83.5999984741211,83.5,83.5,3130,0.0,0.0
2025-02-03 05:00:00+00:00,83.5999984741211,83.69999694824219,83.5,83.69999694824219,12031,0.0,0.0
2025-02-03 05:05:00+00:00,83.69999694824219,83.80000305175781,83.5999984741211,83.80000305175781,8005,0.0,0.0
2025-02-03 05:10:00+00:00,83.69999694824219,83.69999694824219,83.69999694824219,83.69999694824219,2000,0.0,0.0
2025-02-03 05:15:00+00:00,83.80000305175781,83.9000015258789,83.80000305175781,83.80000305175781,25400,0.0,0.0
2025-02-03 05:20:00+00:00,83.69999694824219,83.9000015258789,83.5999984741211,83.9000015258789,10393,0.0,0.0
2025-02-04 01:00:00+00:00,84.4000015258789,84.4000015258789,83.0999984741211,83.0999984741211,0,0.0,0.0
2025-02-04 01:05:00+00:00,83.0999984741211,83.0999984741211,82.69999694824219,82.9000015258789,31100,0.0,0.0
2025-02-04 01:10:00+00:00,82.9000015258789,83.19999694824219,82.5,83.19999694824219,42475,0.0,0.0
2025-02-04 01:15:00+00:00,83.0999984741211,83.0999984741211,83.0,83.0,7200,0.0,0.0
2025-02-04 01:20:00+00:00,82.80000305175781,82.80000305175781,82.69999694824219,82.69999694824219,5139,0.0,0.0
2025-02-04 01:25:00+00:00,83.0999984741211,83.19999694824219,83.0999984741211,83.0999984741211,5000,0.0,0.0
2025-02-04 01:30:00+00:00,83.0,83.0,83.0,83.0,3003,0.0,0.0
2025-02-04 01:35:00+00:00,83.0,83.19999694824219,83.0,83.0999984741211,25049,0.0,0.0
2025-02-04 01:40:00+00:00,82.9000015258789,82.9000015258789,82.69999694824219,82.80000305175781,38069,0.0,0.0
2025-02-04 01:45:00+00:00,82.80000305175781,82.9000015258789,82.80000305175781,82.9000015258789,8408,0.0,0.0
2025-02-04 01:50:00+00:00,82.9000015258789,82.9000015258789,82.69999694824219,82.9000015258789,24050,0.0,0.0
2025-02-04 01:55:00+00:00,82.69999694824219,82.80000305175781,82.69999694824219,82.80000305175781,2300,0.0,0.0
2025-02-04 02:00:00+00:00,82.80000305175781,82.80000305175781,82.80000305175781,82.80000305175781,7021,0.0,0.0
2025-02-04 02:05:00+00:00,82.69999694824219,82.80000305175781,82.69999694824219,82.80000305175781,13100,0.0,0.0
2025-02-04 02:10:00+00:00,82.69999694824219,83.0,82.5999984741211,83.0,45226,0.0,0.0
2025-02-04 02:20:00+00:00,83.0,83.0,83.0,83.0,4000,0.0,0.0
2025-02-04 02:30:00+00:00,82.9000015258789,82.9000015258789,82.9000015258789,82.9000015258789,3000,0.0,0.0
2025-02-04 02:35:00+00:00,82.9000015258789,83.0999984741211,82.9000015258789,83.0999984741211,12030,0.0,0.0
2025-02-04 02:40:00+00:00,83.19999694824219,83.5999984741211,83.19999694824219,83.19999694824219,17904,0.0,0.0
2025-02-04 02:45:00+00:00,83.0999984741211,83.30000305175781,83.0,83.30000305175781,9008,0.0,0.0
2025-02-04 02:50:00+00:00,83.0999984741211,83.0999984741211,82.9000015258789,82.9000015258789,2000,0.0,0.0
2025-02-04 02:55:00+00:00,82.9000015258789,82.9000015258789,82.9000015258789,82.9000015258789,2000,0.0,0.0
2025-02-04 03:00:00+00:00,82.9000015258789,82.9000015258789,82.9000015258789,82.9000015258789,1289,0.0,0.0
2025-02-04 03:05:00+00:00,82.9000015258789,83.0,82.9000015258789,83.0,2259,0.0,0.0
2025-02-04 03:15:00+00:00,82.80000305175781,83.19999694824219,82.80000305175781,83.19999694824219,24100,0.0,0.0
2025-02-04 03:25:00+00:00,83.0,83.0999984741211,83.0,83.0,15012,0.0,0.0
2025-02-04 03:30:00+00:00,83.0,83.0,83.0,83.0,3000,0.0,0.0
2025-02-04 03:35:00+00:00,83.0,83.0,83.0,83.0,1000,0.0,0.0
2025-02-04 03:40:00+00:00,82.9000015258789,82.9000015258789,82.80000305175781,82.9000015258789,4000,0.0,0.0
2025-02-04 03:45:00+00:00,83.0,83.19999694824219,83.0,83.19999694824219,20031,0.0,0.0
2025-02-04 03:55:00+00:00,83.0999984741211,83.0999984741211,83.0999984741211,83.0999984741211,7002,0.0,0.0
2025-02-04 04:00:00+00:00,83.0,83.19999694824219,83.0,83.19999694824219,11000,0.0,0.0
2025-02-04 04:10:00+00:00,83.0999984741211,83.19999694824219,83.0999984741211,83.19999694824219,2000,0.0,0.0
2025-02-04 04:15:00+00:00,83.0999984741211,83.0999984741211,83.0999984741211,83.0999984741211,2000,0.0,0.0
2025-02-04 04:20:00+00:00,83.0999984741211,83.19999694824219,83.0999984741211,83.19999694824219,3301,0.0,0.0
2025-02-04 04:25:00+00:00,83.19999694824219,83.30000305175781,83.19999694824219,83.30000305175781,24089,0.0,0.0
2025-02-04 04:30:00+00:00,83.30000305175781,83.30000305175781,83.30000305175781,83.30000305175781,3000,0.0,0.0
2025-02-04 04:35:00+00:00,83.19999694824219,83.19999694824219,83.0999984741211,83.0999984741211,5200,0.0,0.0
2025-02-04 04:40:00+00:00,83.0,83.5,83.0,83.5,57340,0.0,0.0
2025-02-04 04:45:00+00:00,83.0999984741211,83.4000015258789,83.0,83.4000015258789,37011,0.0,0.0
2025-02-04 04:50:00+00:00,83.4000015258789,83.4000015258789,83.4000015258789,83.4000015258789,1000,0.0,0.0
2025-02-04 04:55:00+00:00,83.30000305175781,83.4000015258789,83.30000305175781,83.4000015258789,16058,0.0,0.0
2025-02-04 05:00:00+00:00,83.5,83.5,83.4000015258789,83.4000015258789,13000,0.0,0.0
2025-02-04 05:05:00+00:00,83.4000015258789,83.4000015258789,83.30000305175781,83.30000305175781,4462,0.0,0.0
2025-02-04 05:10:00+00:00,83.19999694824219,83.30000305175781,83.0999984741211,83.30000305175781,26272,0.0,0.0
2025-02-04 05:15:00+00:00,83.30000305175781,83.4000015258789,83.30000305175781,83.4000015258789,2000,0.0,0.0
2025-02-04 05:20:00+00:00,83.19999694824219,83.30000305175781,82.9000015258789,83.30000305175781,22370,0.0,0.0
2025-02-05 01:00:00+00:00,83.69999694824219,83.80000305175781,83.0,83.80000305175781,0,0.0,0.0
2025-02-05 01:05:00+00:00,83.69999694824219,83.69999694824219,83.69999694824219,83.69999694824219,4035,0.0,0.0
2025-02-05 01:10:00+00:00,83.69999694824219,83.69999694824219,83.5999984741211,83.69999694824219,5000,0.0,0.0
2025-02-05 01:15:00+00:00,83.69999694824219,83.69999694824219,83.5,83.5,18000,0.0,0.0
2025-02-05 01:20:00+00:00,83.5,83.9000015258789,83.5,83.9000015258789,15100,0.0,0.0
2025-02-05 01:25:00+00:00,83.69999694824219,83.69999694824219,83.69999694824219,83.69999694824219,1000,0.0,0.0
2025-02-05 01:30:00+00:00,83.80000305175781,83.80000305175781,83.80000305175781,83.80000305175781,5000,0.0,0.0
2025-02-05 01:35:00+00:00,83.80000305175781,84.30000305175781,83.80000305175781,84.30000305175781,33700,0.0,0.0
2025-02-05 01:40:00+00:00,84.30000305175781,84.30000305175781,84.19999694824219,84.19999694824219,15020,0.0,0.0
2025-02-05 01:45:00+00:00,84.0999984741211,84.80000305175781,84.0999984741211,84.80000305175781,42053,0.0,0.0
2025-02-05 01:50:00+00:00,84.80000305175781,85.5,84.80000305175781,85.30000305175781,162712,0.0,0.0
2025-02-05 01:55:00+00:00,85.0999984741211,85.30000305175781,85.0,85.19999694824219,17050,0.0,0.0
2025-02-05 02:00:00+00:00,85.0,85.0999984741211,84.80000305175781,84.80000305175781,14930,0.0,0.0
2025-02-05 02:05:00+00:00,84.80000305175781,85.0,84.69999694824219,85.0,23020,0.0,0.0
2025-02-05 02:10:00+00:00,84.9000015258789,85.0,84.80000305175781,84.80000305175781,18440,0.0,0.0
2025-02-05 02:15:00+00:00,84.9000015258789,84.9000015258789,84.69999694824219,84.69999694824219,17020,0.0,0.0
2025-02-05 02:20:00+00:00,84.5999984741211,84.69999694824219,84.5999984741211,84.69999694824219,7000,0.0,0.0
2025-02-05 02:25:00+00:00,84.69999694824219,84.69999694824219,84.69999694824219,84.69999694824219,11116,0.0,0.0
2025-02-05 02:30:00+00:00,84.69999694824219,84.80000305175781,84.69999694824219,84.80000305175781,5000,0.0,0.0
2025-02-05 02:35:00+00:00,84.80000305175781,84.9000015258789,84.80000305175781,84.9000015258789,7000,0.0,0.0
2025-02-05 02:40:00+00:00,84.9000015258789,84.9000015258789,84.9000015258789,84.9000015258789,2848,0.0,0.0
2025-02-05 02:45:00+00:00,84.9000015258789,84.9000015258789,84.9000015258789,84.9000015258789,8220,0.0,0.0
2025-02-05 02:50:00+00:00,85.0,85.0,85.0,85.0,1350,0.0,0.0
2025-02-05 02:55:00+00:00,85.0,85.0,85.0,85.0,6000,0.0,0.0
2025-02-05 03:00:00+00:00,85.0,85.0,84.9000015258789,84.9000015258789,5000,0.0,0.0
2025-02-05 03:05:00+00:00,85.0,85.0,84.9000015258789,84.9000015258789,15308,0.0,0.0
2025-02-05 03:10:00+00:00,84.9000015258789,84.9000015258789,84.9000015258789,84.9000015258789,1000,0.0,0.0
2025-02-05 03:15:00+00:00,85.0,85.0,84.9000015258789,84.9000015258789,5000,0.0,0.0
2025-02-05 03:20:00+00:00,85.0,85.0,85.0,85.0,2000,0.0,0.0
2025-02-05 03:25:00+00:00,84.9000015258789,85.0,84.80000305175781,84.80000305175781,10120,0.0,0.0
2025-02-05 03:30:00+00:00,84.80000305175781,84.9000015258789,84.80000305175781,84.80000305175781,15117,0.0,0.0
2025-02-05 03:50:00+00:00,84.80000305175781,84.80000305175781,84.80000305175781,84.80000305175781,3000,0.0,0.0
2025-02-05 03:55:00+00:00,84.9000015258789,84.9000015258789,84.9000015258789,84.9000015258789,6443,0.0,0.0
2025-02-05 04:05:00+00:00,85.0,85.0,84.80000305175781,84.80000305175781,18000,0.0,0.0
2025-02-05 04:10:00+00:00,84.80000305175781,84.80000305175781,84.80000305175781,84.80000305175781,3000,0.0,0.0
2025-02-05 04:15:00+00:00,84.80000305175781,84.9000015258789,84.80000305175781,84.80000305175781,3000,0.0,0.0
2025-02-05 04:20:00+00:00,84.80000305175781,84.80000305175781,84.69999694824219,84.69999694824219,7175,0.0,0.0
2025-02-05 04:25:00+00:00,84.69999694824219,84.80000305175781,84.69999694824219,84.69999694824219,6018,0.0,0.0
2025-02-05 04:35:00+00:00,84.80000305175781,84.9000015258789,84.80000305175781,84.9000015258789,9100,0.0,0.0
2025-02-05 04:40:00+00:00,84.80000305175781,84.80000305175781,84.80000305175781,84.80000305175781,5000,0.0,0.0
2025-02-05 04:45:00+00:00,84.80000305175781,84.80000305175781,84.80000305175781,84.80000305175781,3183,0.0,0.0
2025-02-05 04:55:00+00:00,84.80000305175781,84.9000015258789,84.80000305175781,84.9000015258789,19000,0.0,0.0
2025-02-05 05:00:00+00:00,84.9000015258789,85.0,84.9000015258789,85.0,6003,0.0,0.0
2025-02-05 05:05:00+00:00,85.0,85.0,84.80000305175781,84.80000305175781,11000,0.0,0.0
2025-02-05 05:10:00+00:00,84.69999694824219,85.0,84.69999694824219,84.80000305175781,28100,0.0,0.0
2025-02-05 05:15:00+00:00,84.80000305175781,85.0,84.5999984741211,84.5999984741211,48028,0.0,0.0
2025-02-05 05:20:00+00:00,84.80000305175781,84.80000305175781,84.5999984741211,84.5999984741211,18444,0.0,0.0
2025-02-06 01:00:00+00:00,85.5,85.5,85.19999694824219,85.4000015258789,0,0.0,0.0
2025-02-06 01:05:00+00:00,85.4000015258789,85.4000015258789,85.30000305175781,85.30000305175781,12000,0.0,0.0
2025-02-06 01:10:00+00:00,85.30000305175781,85.4000015258789,85.19999694824219,85.4000015258789,8155,0.0,0.0
2025-02-06 01:15:00+00:00,85.0,85.30000305175781,85.0,85.30000305175781,3000,0.0,0.0
2025-02-06 01:20:00+00:00,85.30000305175781,85.5,85.19999694824219,85.5,21262,0.0,0.0
2025-02-06 01:25:00+00:00,85.4000015258789,85.5999984741211,85.4000015258789,85.5,27428,0.0,0.0
2025-02-06 01:30:00+00:00,85.5,85.69999694824219,85.4000015258789,85.5,29259,0.0,0.0
2025-02-06 01:35:00+00:00,85.5,85.5,85.4000015258789,85.4000015258789,9150,0.0,0.0
2025-02-06 01:40:00+00:00,85.30000305175781,85.30000305175781,85.0999984741211,85.30000305175781,8500,0.0,0.0
2025-02-06 01:45:00+00:00,85.0999984741211,85.0999984741211,85.0,85.0,4008,0.0,0.0
2025-02-06 01:50:00+00:00,85.0999984741211,85.0999984741211,85.0,85.0,8250,0.0,0.0
2025-02-06 01:55:00+00:00,85.0,85.0,85.0,85.0,7005,0.0,0.0
2025-02-06 02:00:00+00:00,85.0,85.0,85.0,85.0,6375,0.0,0.0
2025-02-06 02:05:00+00:00,85.0,85.19999694824219,85.0,85.19999694824219,3000,0.0,0.0
2025-02-06 02:10:00+00:00,85.0,85.0,84.9000015258789,84.9000015258789,18300,0.0,0.0
2025-02-06 02:15:00+00:00,84.9000015258789,84.9000015258789,84.80000305175781,84.80000305175781,7199,0.0,0.0
2025-02-06 02:20:00+00:00,84.80000305175781,84.80000305175781,84.80000305175781,84.80000305175781,4000,0.0,0.0
2025-02-06 02:25:00+00:00,84.80000305175781,84.80000305175781,84.80000305175781,84.80000305175781,2101,0.0,0.0
2025-02-06 02:30:00+00:00,84.9000015258789,84.9000015258789,84.9000015258789,84.9000015258789,2000,0.0,0.0
2025-02-06 02:35:00+00:00,84.9000015258789,84.9000015258789,84.9000015258789,84.9000015258789,2090,0.0,0.0
2025-02-06 02:40:00+00:00,84.9000015258789,84.9000015258789,84.9000015258789,84.9000015258789,4000,0.0,0.0
2025-02-06 02:45:00+00:00,84.80000305175781,84.80000305175781,84.69999694824219,84.69999694824219,9000,0.0,0.0
2025-02-06 02:50:00+00:00,84.69999694824219,84.69999694824219,84.5999984741211,84.5999984741211,26541,0.0,0.0
2025-02-06 03:00:00+00:00,84.69999694824219,84.80000305175781,84.69999694824219,84.80000305175781,5000,0.0,0.0
2025-02-06 03:05:00+00:00,84.9000015258789,85.0,84.9000015258789,85.0,8114,0.0,0.0
2025-02-06 03:10:00+00:00,85.0,85.0,85.0,85.0,6000,0.0,0.0
2025-02-06 03:25:00+00:00,85.0,85.0,84.9000015258789,84.9000015258789,4117,0.0,0.0
2025-02-06 03:30:00+00:00,84.9000015258789,85.5,84.9000015258789,85.5,68000,0.0,0.0
2025-02-06 03:35:00+00:00,85.5,86.30000305175781,85.5,86.0,101599,0.0,0.0
2025-02-06 03:40:00+00:00,85.9000015258789,86.69999694824219,85.9000015258789,86.5999984741211,96249,0.0,0.0
2025-02-06 03:45:00+00:00,86.5999984741211,86.69999694824219,86.5,86.5,20430,0.0,0.0
2025-02-06 03:50:00+00:00,86.5,86.5,86.4000015258789,86.4000015258789,16080,0.0,0.0
2025-02-06 03:55:00+00:00,86.30000305175781,86.4000015258789,86.0999984741211,86.19999694824219,44000,0.0,0.0
2025-02-06 04:00:00+00:00,86.19999694824219,86.5999984741211,86.19999694824219,86.5,54000,0.0,0.0
2025-02-06 04:05:00+00:00,86.5999984741211,87.0,86.5999984741211,86.9000015258789,140311,0.0,0.0
2025-02-06 04:10:00+00:00,86.9000015258789,87.19999694824219,86.80000305175781,87.0,74975,0.0,0.0
2025-02-06 04:15:00+00:00,87.0,88.5,87.0,88.19999694824219,343539,0.0,0.0
2025-02-06 04:20:00+00:00,88.19999694824219,88.19999694824219,87.80000305175781,88.0999984741211,85257,0.0,0.0
2025-02-06 04:25:00+00:00,88.0999984741211,88.0999984741211,87.80000305175781,87.9000015258789,38450,0.0,0.0
2025-02-06 04:30:00+00:00,87.9000015258789,88.0,87.80000305175781,87.9000015258789,49051,0.0,0.0
2025-02-06 04:35:00+00:00,87.9000015258789,87.9000015258789,87.80000305175781,87.9000015258789,20195,0.0,0.0
2025-02-06 04:40:00+00:00,87.80000305175781,88.4000015258789,87.80000305175781,88.4000015258789,209210,0.0,0.0
2025-02-06 04:45:00+00:00,88.30000305175781,88.5,88.19999694824219,88.19999694824219,58905,0.0,0.0
2025-02-06 04:50:00+00:00,88.19999694824219,88.19999694824219,88.0,88.0,25398,0.0,0.0
2025-02-06 04:55:00+00:00,88.0,88.0,87.9000015258789,88.0,11525,0.0,0.0
2025-02-06 05:00:00+00:00,88.0,88.0999984741211,87.9000015258789,87.9000015258789,26443,0.0,0.0
2025-02-06 05:05:00+00:00,87.9000015258789,88.0,87.80000305175781,87.80000305175781,22145,0.0,0.0
2025-02-06 05:10:00+00:00,87.80000305175781,87.9000015258789,87.80000305175781,87.9000015258789,23260,0.0,0.0
2025-02-06 05:15:00+00:00,87.80000305175781,88.19999694824219,87.69999694824219,88.0,84116,0.0,0.0
2025-02-06 05:20:00+00:00,88.0,88.0999984741211,87.80000305175781,87.9000015258789,36070,0.0,0.0
2025-02-07 01:00:00+00:00,88.69999694824219,88.69999694824219,87.5999984741211,87.9000015258789,0,0.0,0.0
2025-02-07 01:05:00+00:00,87.9000015258789,88.30000305175781,87.69999694824219,88.30000305175781,37000,0.0,0.0
2025-02-07 01:10:00+00:00,88.30000305175781,88.5999984741211,88.0999984741211,88.19999694824219,80124,0.0,0.0
2025-02-07 01:15:00+00:00,88.19999694824219,89.0,88.0999984741211,88.80000305175781,158240,0.0,0.0
2025-02-07 01:20:00+00:00,88.80000305175781,89.69999694824219,88.5999984741211,89.5,261958,0.0,0.0
2025-02-07 01:25:00+00:00,89.5,89.5999984741211,89.19999694824219,89.4000015258789,83629,0.0,0.0
2025-02-07 01:30:00+00:00,89.5,89.5999984741211,89.19999694824219,89.30000305175781,82436,0.0,0.0
2025-02-07 01:35:00+00:00,89.4000015258789,89.5999984741211,89.19999694824219,89.5999984741211,51447,0.0,0.0
2025-02-07 01:40:00+00:00,89.5999984741211,89.5999984741211,89.0999984741211,89.19999694824219,44239,0.0,0.0
2025-02-07 01:45:00+00:00,89.19999694824219,89.19999694824219,89.0999984741211,89.19999694824219,36440,0.0,0.0
2025-02-07 01:50:00+00:00,89.19999694824219,89.5,89.19999694824219,89.5,46303,0.0,0.0
2025-02-07 01:55:00+00:00,89.4000015258789,89.5,89.4000015258789,89.5,22266,0.0,0.0
2025-02-07 02:00:00+00:00,89.5,91.0,89.5,91.0,676235,0.0,0.0
2025-02-07 02:05:00+00:00,90.9000015258789,91.30000305175781,90.0999984741211,90.0999984741211,365561,0.0,0.0
2025-02-07 02:10:00+00:00,90.0,90.5999984741211,89.9000015258789,90.0,176458,0.0,0.0
2025-02-07 02:15:00+00:00,90.0999984741211,90.0999984741211,89.80000305175781,89.80000305175781,131220,0.0,0.0
2025-02-07 02:20:00+00:00,89.9000015258789,89.9000015258789,89.69999694824219,89.69999694824219,39292,0.0,0.0
2025-02-07 02:25:00+00:00,89.69999694824219,90.19999694824219,89.69999694824219,90.19999694824219,39688,0.0,0.0
2025-02-07 02:30:00+00:00,90.30000305175781,90.5,90.0999984741211,90.30000305175781,104650,0.0,0.0
2025-02-07 02:35:00+00:00,90.19999694824219,90.5,90.19999694824219,90.5,21336,0.0,0.0
2025-02-07 02:40:00+00:00,90.5,90.5,89.9000015258789,90.0,134652,0.0,0.0
2025-02-07 02:45:00+00:00,90.0,90.0999984741211,90.0,90.0999984741211,17192,0.0,0.0
2025-02-07 02:50:00+00:00,90.19999694824219,90.4000015258789,90.0999984741211,90.0999984741211,25380,0.0,0.0
2025-02-07 02:55:00+00:00,90.19999694824219,90.19999694824219,90.19999694824219,90.19999694824219,8494,0.0,0.0
2025-02-07 03:00:00+00:00,90.0999984741211,90.0999984741211,90.0,90.0,49617,0.0,0.0
2025-02-07 03:05:00+00:00,90.0,90.0,90.0,90.0,11722,0.0,0.0
2025-02-07 03:10:00+00:00,90.0,90.0,89.9000015258789,90.0,11432,0.0,0.0
2025-02-07 03:15:00+00:00,90.0,90.0,90.0,90.0,7245,0.0,0.0
2025-02-07 03:20:00+00:00,89.9000015258789,90.19999694824219,89.9000015258789,90.0999984741211,42000,0.0,0.0
2025-02-07 03:25:00+00:00,90.0,90.0,90.0,90.0,23280,0.0,0.0
2025-02-07 03:30:00+00:00,89.9000015258789,89.9000015258789,89.4000015258789,89.5999984741211,144482,0.0,0.0
2025-02-07 03:35:00+00:00,89.69999694824219,89.69999694824219,89.5,89.5,28535,0.0,0.0
2025-02-07 03:40:00+00:00,89.5,89.5,89.5,89.5,10156,0.0,0.0
2025-02-07 03:45:00+00:00,89.5,89.5999984741211,89.0,89.19999694824219,161497,0.0,0.0
2025-02-07 03:50:00+00:00,89.19999694824219,89.30000305175781,88.69999694824219,89.0,165110,0.0,0.0
2025-02-07 03:55:00+00:00,89.0,89.5,88.69999694824219,89.5,183241,0.0,0.0
2025-02-07 04:00:00+00:00,89.5999984741211,89.5999984741211,89.19999694824219,89.19999694824219,10400,0.0,0.0
2025-02-07 04:05:00+00:00,89.19999694824219,89.30000305175781,89.19999694824219,89.30000305175781,15140,0.0,0.0
2025-02-07 04:10:00+00:00,89.19999694824219,89.5,89.19999694824219,89.5,24120,0.0,0.0
2025-02-07 04:15:00+00:00,89.5999984741211,90.30000305175781,89.5999984741211,90.19999694824219,313183,0.0,0.0
2025-02-07 04:20:00+00:00,90.19999694824219,90.19999694824219,89.9000015258789,90.0999984741211,163807,0.0,0.0
2025-02-07 04:25:00+00:00,90.0999984741211,90.0999984741211,89.69999694824219,89.69999694824219,48726,0.0,0.0
2025-02-07 04:30:00+00:00,89.69999694824219,89.69999694824219,89.4000015258789,89.5,34152,0.0,0.0
2025-02-07 04:35:00+00:00,89.5999984741211,89.5999984741211,89.4000015258789,89.4000015258789,19300,0.0,0.0
2025-02-07 04:40:00+00:00,89.4000015258789,89.4000015258789,89.4000015258789,89.4000015258789,8053,0.0,0.0
2025-02-07 04:45:00+00:00,89.4000015258789,89.4000015258789,89.30000305175781,89.30000305175781,6053,0.0,0.0
2025-02-07 04:50:00+00:00,89.30000305175781,89.4000015258789,89.30000305175781,89.4000015258789,21135,0.0,0.0
2025-02-07 04:55:00+00:00,89.4000015258789,89.5,89.30000305175781,89.5,10756,0.0,0.0
2025-02-07 05:00:00+00:00,89.5,89.5,89.19999694824219,89.19999694824219,59300,0.0,0.0
2025-02-07 05:05:00+00:00,89.0999984741211,89.19999694824219,89.0,89.0,35855,0.0,0.0
2025-02-07 05:10:00+00:00,89.0999984741211,89.19999694824219,89.0999984741211,89.19999694824219,29190,0.0,0.0
2025-02-07 05:15:00+00:00,89.30000305175781,89.5,89.0999984741211,89.0999984741211,49000,0.0,0.0
2025-02-07 05:20:00+00:00,89.0999984741211,89.4000015258789,89.0999984741211,89.4000015258789,55680,0.0,0.0
2025-02-10 01:00:00+00:00,89.19999694824219,89.5,88.80000305175781,89.4000015258789,0,0.0,0.0
2025-02-10 01:05:00+00:00,89.30000305175781,90.19999694824219,89.30000305175781,89.5999984741211,165670,0.0,0.0
2025-02-10 01:10:00+00:00,89.5999984741211,89.69999694824219,89.4000015258789,89.4000015258789,31059,0.0,0.0
2025-02-10 01:15:00+00:00,89.4000015258789,89.5999984741211,89.30000305175781,89.4000015258789,36242,0.0,0.0
2025-02-10 01:20:00+00:00,89.5,89.5,89.4000015258789,89.4000015258789,18147,0.0,0.0
2025-02-10 01:25:00+00:00,89.4000015258789,90.4000015258789,89.4000015258789,90.0,149797,0.0,0.0
2025-02-10 01:30:00+00:00,90.19999694824219,90.4000015258789,90.0,90.0,59480,0.0,0.0
2025-02-10 01:35:00+00:00,89.9000015258789,90.19999694824219,89.5999984741211,89.5999984741211,49234,0.0,0.0
2025-02-10 01:40:00+00:00,89.69999694824219,89.69999694824219,89.5999984741211,89.5999984741211,7005,0.0,0.0
2025-02-10 01:45:00+00:00,89.5999984741211,89.80000305175781,89.5999984741211,89.80000305175781,8259,0.0,0.0
2025-02-10 01:50:00+00:00,89.80000305175781,89.80000305175781,89.69999694824219,89.80000305175781,9210,0.0,0.0
2025-02-10 01:55:00+00:00,89.80000305175781,89.80000305175781,89.5999984741211,89.5999984741211,29550,0.0,0.0
2025-02-10 02:00:00+00:00,89.5999984741211,89.69999694824219,89.5999984741211,89.5999984741211,4000,0.0,0.0
2025-02-10 02:05:00+00:00,89.5999984741211,89.80000305175781,89.5999984741211,89.80000305175781,10026,0.0,0.0
2025-02-10 02:10:00+00:00,89.80000305175781,89.9000015258789,89.80000305175781,89.80000305175781,13000,0.0,0.0
2025-02-10 02:15:00+00:00,89.9000015258789,89.9000015258789,89.80000305175781,89.80000305175781,16010,0.0,0.0
2025-02-10 02:20:00+00:00,89.80000305175781,89.80000305175781,89.5,89.5,58050,0.0,0.0
2025-02-10 02:25:00+00:00,89.5,89.5999984741211,89.5,89.5999984741211,6000,0.0,0.0
2025-02-10 02:30:00+00:00,89.69999694824219,89.69999694824219,89.5999984741211,89.5999984741211,3592,0.0,0.0
2025-02-10 02:35:00+00:00,89.5999984741211,89.69999694824219,89.5999984741211,89.69999694824219,16150,0.0,0.0
2025-02-10 02:40:00+00:00,89.69999694824219,89.80000305175781,89.69999694824219,89.80000305175781,6001,0.0,0.0
2025-02-10 02:45:00+00:00,89.80000305175781,89.80000305175781,89.69999694824219,89.69999694824219,14002,0.0,0.0
2025-02-10 02:50:00+00:00,89.69999694824219,90.19999694824219,89.69999694824219,89.9000015258789,186934,0.0,0.0
2025-02-10 02:55:00+00:00,90.0,90.5,90.0,90.19999694824219,87001,0.0,0.0
2025-02-10 03:00:00+00:00,90.30000305175781,90.9000015258789,90.0999984741211,90.69999694824219,186609,0.0,0.0
2025-02-10 03:05:00+00:00,90.69999694824219,91.0,90.5999984741211,90.80000305175781,99050,0.0,0.0
2025-02-10 03:10:00+00:00,90.80000305175781,90.9000015258789,90.5999984741211,90.5999984741211,60600,0.0,0.0
2025-02-10 03:15:00+00:00,90.80000305175781,90.80000305175781,90.5999984741211,90.5999984741211,16020,0.0,0.0
2025-02-10 03:20:00+00:00,90.5999984741211,90.69999694824219,90.5999984741211,90.5999984741211,17016,0.0,0.0
2025-02-10 03:25:00+00:00,90.5999984741211,90.5999984741211,90.5999984741211,90.5999984741211,17002,0.0,0.0
2025-02-10 03:30:00+00:00,90.5999984741211,90.69999694824219,90.5999984741211,90.69999694824219,28024,0.0,0.0
2025-02-10 03:35:00+00:00,90.69999694824219,91.4000015258789,90.5999984741211,91.30000305175781,277098,0.0,0.0
2025-02-10 03:40:00+00:00,91.30000305175781,91.30000305175781,90.80000305175781,90.9000015258789,32192,0.0,0.0
2025-02-10 03:45:00+00:00,91.0,92.30000305175781,91.0,92.19999694824219,427060,0.0,0.0
2025-02-10 03:50:00+00:00,92.19999694824219,92.30000305175781,92.0,92.0,116271,0.0,0.0
2025-02-10 03:55:00+00:00,91.9000015258789,92.0,91.80000305175781,91.80000305175781,43475,0.0,0.0
2025-02-10 04:00:00+00:00,91.80000305175781,92.0,91.80000305175781,91.80000305175781,40600,0.0,0.0
2025-02-10 04:05:00+00:00,91.80000305175781,92.19999694824219,91.80000305175781,92.0,107482,0.0,0.0
2025-02-10 04:10:00+00:00,92.0,92.0,91.9000015258789,91.9000015258789,23326,0.0,0.0
2025-02-10 04:15:00+00:00,91.9000015258789,92.19999694824219,91.80000305175781,92.19999694824219,94775,0.0,0.0
2025-02-10 04:20:00+00:00,92.19999694824219,92.19999694824219,92.0,92.0,27219,0.0,0.0
2025-02-10 04:25:00+00:00,92.0,92.0,91.80000305175781,91.80000305175781,66220,0.0,0.0
2025-02-10 04:30:00+00:00,91.80000305175781,91.9000015258789,91.80000305175781,91.80000305175781,24337,0.0,0.0
2025-02-10 04:35:00+00:00,91.80000305175781,91.9000015258789,91.80000305175781,91.9000015258789,16451,0.0,0.0
2025-02-10 04:40:00+00:00,91.80000305175781,91.9000015258789,91.80000305175781,91.80000305175781,42220,0.0,0.0
2025-02-10 04:45:00+00:00,91.80000305175781,91.80000305175781,91.69999694824219,91.80000305175781,12290,0.0,0.0
2025-02-10 04:50:00+00:00,91.80000305175781,91.80000305175781,91.19999694824219,91.30000305175781,228546,0.0,0.0
2025-02-10 04:55:00+00:00,91.30000305175781,91.69999694824219,91.30000305175781,91.69999694824219,85615,0.0,0.0
2025-02-10 05:00:00+00:00,91.69999694824219,91.80000305175781,91.5,91.69999694824219,67060,0.0,0.0
2025-02-10 05:05:00+00:00,91.69999694824219,91.69999694824219,91.5,91.5,64386,0.0,0.0
2025-02-10 05:10:00+00:00,91.5,91.69999694824219,91.4000015258789,91.69999694824219,34911,0.0,0.0
2025-02-10 05:15:00+00:00,91.5999984741211,91.5999984741211,91.5,91.5999984741211,42973,0.0,0.0
2025-02-10 05:20:00+00:00,91.5999984741211,91.80000305175781,91.4000015258789,91.80000305175781,96468,0.0,0.0
2025-02-11 01:00:00+00:00,92.0,92.4000015258789,91.5999984741211,92.19999694824219,0,0.0,0.0
2025-02-11 01:05:00+00:00,92.19999694824219,92.80000305175781,91.80000305175781,92.30000305175781,436000,0.0,0.0
2025-02-11 01:10:00+00:00,92.4000015258789,92.4000015258789,91.9000015258789,92.0,202036,0.0,0.0
2025-02-11 01:15:00+00:00,92.0,92.0,91.30000305175781,91.5999984741211,388052,0.0,0.0
2025-02-11 01:20:00+00:00,91.5,91.80000305175781,91.5,91.80000305175781,39457,0.0,0.0
2025-02-11 01:25:00+00:00,91.80000305175781,92.0999984741211,91.69999694824219,91.69999694824219,85732,0.0,0.0
2025-02-11 01:30:00+00:00,91.80000305175781,91.80000305175781,91.4000015258789,91.4000015258789,124434,0.0,0.0
2025-02-11 01:35:00+00:00,91.4000015258789,91.9000015258789,91.4000015258789,91.9000015258789,42223,0.0,0.0
2025-02-11 01:40:00+00:00,91.9000015258789,91.9000015258789,91.69999694824219,91.69999694824219,33176,0.0,0.0
2025-02-11 01:45:00+00:00,91.80000305175781,91.9000015258789,91.80000305175781,91.9000015258789,29730,0.0,0.0
2025-02-11 01:50:00+00:00,91.9000015258789,92.19999694824219,91.69999694824219,92.19999694824219,66800,0.0,0.0
2025-02-11 01:55:00+00:00,92.0999984741211,92.19999694824219,91.9000015258789,92.19999694824219,26756,0.0,0.0
2025-02-11 02:00:00+00:00,92.19999694824219,92.19999694824219,92.0,92.19999694824219,54767,0.0,0.0
2025-02-11 02:05:00+00:00,92.19999694824219,92.19999694824219,92.0,92.0999984741211,52570,0.0,0.0
2025-02-11 02:10:00+00:00,92.0999984741211,92.30000305175781,92.0,92.19999694824219,28151,0.0,0.0
2025-02-11 02:15:00+00:00,92.19999694824219,92.4000015258789,92.0,92.4000015258789,104549,0.0,0.0
2025-02-11 02:20:00+00:00,92.4000015258789,93.0,92.4000015258789,92.5,423966,0.0,0.0
2025-02-11 02:25:00+00:00,92.5,92.5999984741211,92.4000015258789,92.5,44318,0.0,0.0
2025-02-11 02:30:00+00:00,92.4000015258789,92.5999984741211,92.4000015258789,92.5,53656,0.0,0.0
2025-02-11 02:35:00+00:00,92.5,92.80000305175781,92.4000015258789,92.80000305175781,99328,0.0,0.0
2025-02-11 02:40:00+00:00,92.80000305175781,92.80000305175781,92.4000015258789,92.4000015258789,71080,0.0,0.0
2025-02-11 02:45:00+00:00,92.30000305175781,92.4000015258789,92.30000305175781,92.30000305175781,48208,0.0,0.0
2025-02-11 02:50:00+00:00,92.30000305175781,92.30000305175781,92.0,92.0,52600,0.0,0.0
2025-02-11 02:55:00+00:00,92.0,92.19999694824219,92.0,92.19999694824219,16220,0.0,0.0
2025-02-11 03:00:00+00:00,92.0999984741211,92.19999694824219,92.0,92.19999694824219,56346,0.0,0.0
2025-02-11 03:05:00+00:00,91.9000015258789,92.19999694824219,91.9000015258789,92.19999694824219,13151,0.0,0.0
2025-02-11 03:10:00+00:00,92.0999984741211,92.30000305175781,92.0,92.0999984741211,13550,0.0,0.0
2025-02-11 03:15:00+00:00,92.0999984741211,92.19999694824219,92.0,92.19999694824219,16000,0.0,0.0
2025-02-11 03:20:00+00:00,92.0999984741211,92.0999984741211,92.0999984741211,92.0999984741211,30100,0.0,0.0
2025-02-11 03:25:00+00:00,92.0999984741211,92.19999694824219,92.0999984741211,92.0999984741211,20580,0.0,0.0
2025-02-11 03:30:00+00:00,92.0999984741211,92.0999984741211,92.0,92.0,11500,0.0,0.0
2025-02-11 03:35:00+00:00,92.0,92.0999984741211,91.80000305175781,91.80000305175781,88946,0.0,0.0
2025-02-11 03:40:00+00:00,91.80000305175781,91.9000015258789,91.80000305175781,91.80000305175781,9151,0.0,0.0
2025-02-11 03:45:00+00:00,91.80000305175781,91.80000305175781,91.69999694824219,91.69999694824219,40625,0.0,0.0
2025-02-11 03:50:00+00:00,91.69999694824219,91.69999694824219,91.4000015258789,91.5,76122,0.0,0.0
2025-02-11 03:55:00+00:00,91.5,91.5999984741211,91.4000015258789,91.5999984741211,33450,0.0,0.0
2025-02-11 04:00:00+00:00,91.5999984741211,91.69999694824219,91.5999984741211,91.69999694824219,27355,0.0,0.0
2025-02-11 04:05:00+00:00,91.69999694824219,91.69999694824219,91.5999984741211,91.5999984741211,23000,0.0,0.0
2025-02-11 04:10:00+00:00,91.5,91.5,91.30000305175781,91.30000305175781,70100,0.0,0.0
2025-02-11 04:15:00+00:00,91.30000305175781,91.4000015258789,91.0999984741211,91.4000015258789,100421,0.0,0.0
2025-02-11 04:20:00+00:00,91.4000015258789,91.4000015258789,91.30000305175781,91.4000015258789,16156,0.0,0.0
2025-02-11 04:25:00+00:00,91.30000305175781,91.5,91.30000305175781,91.5,26330,0.0,0.0
2025-02-11 04:30:00+00:00,91.5,91.5999984741211,91.5,91.5,8630,0.0,0.0
2025-02-11 04:35:00+00:00,91.5,91.5,91.30000305175781,91.30000305175781,54082,0.0,0.0
2025-02-11 04:40:00+00:00,91.30000305175781,91.4000015258789,91.30000305175781,91.30000305175781,13350,0.0,0.0
2025-02-11 04:45:00+00:00,91.30000305175781,91.30000305175781,91.0,91.0,103464,0.0,0.0
2025-02-11 04:50:00+00:00,91.0999984741211,91.0999984741211,90.5999984741211,90.9000015258789,148046,0.0,0.0
2025-02-11 04:55:00+00:00,90.9000015258789,91.0,90.80000305175781,91.0,52389,0.0,0.0
2025-02-11 05:00:00+00:00,91.0,91.0999984741211,91.0,91.0999984741211,19565,0.0,0.0
2025-02-11 05:05:00+00:00,91.0999984741211,91.0999984741211,90.9000015258789,90.9000015258789,57995,0.0,0.0
2025-02-11 05:10:00+00:00,91.0,91.0999984741211,90.9000015258789,91.0,63989,0.0,0.0
2025-02-11 05:15:00+00:00,91.0,91.5,91.0,91.4000015258789,112967,0.0,0.0
2025-02-11 05:20:00+00:00,91.4000015258789,91.5,91.19999694824219,91.30000305175781,55400,0.0,0.0
2025-02-12 01:00:00+00:00,91.19999694824219,92.0,91.19999694824219,91.5,0,0.0,0.0
2025-02-12 01:05:00+00:00,91.9000015258789,92.0999984741211,91.80000305175781,91.80000305175781,70972,0.0,0.0
2025-02-12 01:10:00+00:00,92.0,93.0999984741211,92.0,92.9000015258789,472226,0.0,0.0
2025-02-12 01:15:00+00:00,92.80000305175781,92.9000015258789,92.4000015258789,92.5,90519,0.0,0.0
2025-02-12 01:20:00+00:00,92.5,92.80000305175781,92.5,92.80000305175781,70254,0.0,0.0
2025-02-12 01:25:00+00:00,92.80000305175781,93.0999984741211,92.69999694824219,93.0,176694,0.0,0.0
2025-02-12 01:30:00+00:00,93.0,93.0,92.69999694824219,92.80000305175781,85400,0.0,0.0
2025-02-12 01:35:00+00:00,92.69999694824219,92.69999694824219,92.4000015258789,92.4000015258789,71610,0.0,0.0
2025-02-12 01:40:00+00:00,92.4000015258789,92.5,92.30000305175781,92.4000015258789,59078,0.0,0.0
2025-02-12 01:45:00+00:00,92.4000015258789,92.5,92.4000015258789,92.4000015258789,65300,0.0,0.0
2025-02-12 01:50:00+00:00,92.4000015258789,92.4000015258789,91.9000015258789,91.9000015258789,118630,0.0,0.0
2025-02-12 01:55:00+00:00,92.0,92.0,91.9000015258789,91.9000015258789,25200,0.0,0.0
2025-02-12 02:00:00+00:00,91.9000015258789,92.0,91.9000015258789,92.0,31829,0.0,0.0
2025-02-12 02:05:00+00:00,92.0999984741211,92.19999694824219,92.0,92.0999984741211,48107,0.0,0.0
2025-02-12 02:10:00+00:00,92.0999984741211,92.0999984741211,92.0,92.0999984741211,8750,0.0,0.0
2025-02-12 02:15:00+00:00,92.0999984741211,92.0999984741211,92.0,92.0,11036,0.0,0.0
2025-02-12 02:20:00+00:00,92.0,92.0,91.69999694824219,92.0,141604,0.0,0.0
2025-02-12 02:25:00+00:00,91.9000015258789,91.9000015258789,91.9000015258789,91.9000015258789,11100,0.0,0.0
2025-02-12 02:30:00+00:00,92.0,92.19999694824219,92.0,92.19999694824219,15015,0.0,0.0
2025-02-12 02:35:00+00:00,92.0,92.0999984741211,92.0,92.0,29108,0.0,0.0
2025-02-12 02:40:00+00:00,92.0,92.0999984741211,91.5999984741211,91.5999984741211,109692,0.0,0.0
2025-02-12 02:45:00+00:00,91.5,91.5999984741211,91.4000015258789,91.5,58662,0.0,0.0
2025-02-12 02:50:00+00:00,91.5,91.5,90.5999984741211,90.5999984741211,169711,0.0,0.0
2025-02-12 02:55:00+00:00,90.5999984741211,90.69999694824219,90.0999984741211,90.5999984741211,132100,0.0,0.0
2025-02-12 03:00:00+00:00,90.80000305175781,91.4000015258789,90.80000305175781,90.80000305175781,73002,0.0,0.0
2025-02-12 03:05:00+00:00,91.0,91.0,90.9000015258789,91.0,11320,0.0,0.0
2025-02-12 03:10:00+00:00,91.0,91.0,90.9000015258789,90.9000015258789,10715,0.0,0.0
2025-02-12 03:15:00+00:00,91.0,91.0,90.9000015258789,90.9000015258789,15040,0.0,0.0
2025-02-12 03:20:00+00:00,90.9000015258789,91.0999984741211,90.80000305175781,91.0999984741211,41200,0.0,0.0
2025-02-12 03:25:00+00:00,91.19999694824219,92.0,91.19999694824219,91.9000015258789,96400,0.0,0.0
2025-02-12 03:30:00+00:00,91.80000305175781,91.80000305175781,91.30000305175781,91.30000305175781,36000,0.0,0.0
2025-02-12 03:35:00+00:00,91.4000015258789,91.5999984741211,91.19999694824219,91.5999984741211,38218,0.0,0.0
2025-02-12 03:40:00+00:00,91.5999984741211,91.5999984741211,91.30000305175781,91.30000305175781,30500,0.0,0.0
2025-02-12 03:45:00+00:00,91.30000305175781,91.30000305175781,91.30000305175781,91.30000305175781,4050,0.0,0.0
2025-02-12 03:50:00+00:00,91.4000015258789,91.4000015258789,91.4000015258789,91.4000015258789,4000,0.0,0.0
2025-02-12 03:55:00+00:00,91.5,91.5999984741211,91.5,91.5999984741211,9000,0.0,0.0
2025-02-12 04:00:00+00:00,91.5,91.5,91.5,91.5,4000,0.0,0.0
2025-02-12 04:05:00+00:00,91.5,91.5,91.4000015258789,91.4000015258789,7300,0.0,0.0
2025-02-12 04:10:00+00:00,91.4000015258789,91.5999984741211,91.4000015258789,91.5999984741211,22100,0.0,0.0
2025-02-12 04:15:00+00:00,91.5999984741211,91.5999984741211,91.5999984741211,91.5999984741211,4059,0.0,0.0
2025-02-12 04:20:00+00:00,91.5,91.5999984741211,91.5,91.5,27030,0.0,0.0
2025-02-12 04:25:00+00:00,91.5,91.5,91.4000015258789,91.5,25030,0.0,0.0
2025-02-12 04:30:00+00:00,91.4000015258789,91.4000015258789,91.30000305175781,91.30000305175781,4010,0.0,0.0
2025-02-12 04:35:00+00:00,91.30000305175781,91.5,91.30000305175781,91.30000305175781,31349,0.0,0.0
2025-02-12 04:40:00+00:00,91.30000305175781,91.30000305175781,91.30000305175781,91.30000305175781,5000,0.0,0.0
2025-02-12 04:45:00+00:00,91.4000015258789,91.4000015258789,91.30000305175781,91.30000305175781,3004,0.0,0.0
2025-02-12 04:50:00+00:00,91.4000015258789,91.5,91.30000305175781,91.5,13000,0.0,0.0
2025-02-12 04:55:00+00:00,91.5,91.5,91.30000305175781,91.4000015258789,6500,0.0,0.0
2025-02-12 05:00:00+00:00,91.5,91.5,91.4000015258789,91.4000015258789,16210,0.0,0.0
2025-02-12 05:05:00+00:00,91.30000305175781,91.30000305175781,91.19999694824219,91.19999694824219,31300,0.0,0.0
2025-02-12 05:10:00+00:00,91.19999694824219,91.30000305175781,91.0,91.19999694824219,98148,0.0,0.0
2025-02-12 05:15:00+00:00,91.19999694824219,91.5,91.19999694824219,91.5,42510,0.0,0.0
2025-02-12 05:20:00+00:00,91.5,91.5,91.19999694824219,91.19999694824219,49150,0.0,0.0
2025-02-13 01:00:00+00:00,91.80000305175781,92.69999694824219,91.69999694824219,92.5999984741211,0,0.0,0.0
2025-02-13 01:05:00+00:00,92.5999984741211,93.5,92.5999984741211,92.80000305175781,519614,0.0,0.0
2025-02-13 01:10:00+00:00,92.80000305175781,92.80000305175781,92.4000015258789,92.4000015258789,64112,0.0,0.0
2025-02-13 01:15:00+00:00,92.4000015258789,92.4000015258789,92.19999694824219,92.19999694824219,33310,0.0,0.0
2025-02-13 01:20:00+00:00,92.0999984741211,92.5,92.0999984741211,92.19999694824219,90547,0.0,0.0
2025-02-13 01:25:00+00:00,92.19999694824219,92.19999694824219,92.0,92.0999984741211,35300,0.0,0.0
2025-02-13 01:30:00+00:00,92.19999694824219,92.30000305175781,91.9000015258789,92.0,45337,0.0,0.0
2025-02-13 01:35:00+00:00,92.0,92.19999694824219,92.0,92.19999694824219,42763,0.0,0.0
2025-02-13 01:40:00+00:00,92.19999694824219,92.19999694824219,92.0999984741211,92.0999984741211,12070,0.0,0.0
2025-02-13 01:45:00+00:00,92.0,92.0,91.5,91.5999984741211,130396,0.0,0.0
2025-02-13 01:50:00+00:00,91.5999984741211,91.5999984741211,91.0,91.30000305175781,113319,0.0,0.0
2025-02-13 01:55:00+00:00,91.30000305175781,91.30000305175781,91.0999984741211,91.30000305175781,22495,0.0,0.0
2025-02-13 02:00:00+00:00,91.4000015258789,91.4000015258789,91.19999694824219,91.19999694824219,27058,0.0,0.0
2025-02-13 02:05:00+00:00,91.19999694824219,91.5,91.19999694824219,91.30000305175781,28000,0.0,0.0
2025-02-13 02:10:00+00:00,91.30000305175781,91.5999984741211,91.30000305175781,91.4000015258789,17010,0.0,0.0
2025-02-13 02:15:00+00:00,91.5999984741211,91.5999984741211,91.5,91.5,6231,0.0,0.0
2025-02-13 02:20:00+00:00,91.4000015258789,91.4000015258789,91.0,91.0,124720,0.0,0.0
2025-02-13 02:25:00+00:00,90.9000015258789,91.0,90.9000015258789,91.0,13111,0.0,0.0
2025-02-13 02:30:00+00:00,91.0999984741211,91.30000305175781,91.0999984741211,91.30000305175781,7001,0.0,0.0
2025-02-13 02:35:00+00:00,91.4000015258789,91.4000015258789,91.19999694824219,91.19999694824219,15100,0.0,0.0
2025-02-13 02:40:00+00:00,91.0999984741211,91.19999694824219,91.0999984741211,91.19999694824219,6209,0.0,0.0
2025-02-13 02:45:00+00:00,91.19999694824219,91.19999694824219,91.19999694824219,91.19999694824219,6230,0.0,0.0
2025-02-13 02:50:00+00:00,91.30000305175781,91.30000305175781,91.19999694824219,91.19999694824219,25000,0.0,0.0
2025-02-13 02:55:00+00:00,91.30000305175781,91.30000305175781,91.19999694824219,91.30000305175781,5105,0.0,0.0
2025-02-13 03:00:00+00:00,91.30000305175781,91.4000015258789,91.30000305175781,91.30000305175781,14180,0.0,0.0
2025-02-13 03:05:00+00:00,91.19999694824219,91.19999694824219,91.0999984741211,91.0999984741211,47400,0.0,0.0
2025-02-13 03:10:00+00:00,91.0999984741211,91.0999984741211,91.0,91.0999984741211,19050,0.0,0.0
2025-02-13 03:15:00+00:00,91.0,91.19999694824219,91.0,91.19999694824219,30380,0.0,0.0
2025-02-13 03:20:00+00:00,91.19999694824219,91.19999694824219,91.19999694824219,91.19999694824219,2000,0.0,0.0
2025-02-13 03:25:00+00:00,91.19999694824219,91.19999694824219,90.80000305175781,91.0,122302,0.0,0.0
2025-02-13 03:30:00+00:00,91.0,91.0,91.0,91.0,17000,0.0,0.0
2025-02-13 03:35:00+00:00,91.0,91.0999984741211,91.0,91.0999984741211,7336,0.0,0.0
2025-02-13 03:40:00+00:00,91.19999694824219,91.19999694824219,91.0999984741211,91.0999984741211,33010,0.0,0.0
2025-02-13 03:45:00+00:00,91.0999984741211,91.19999694824219,91.0999984741211,91.19999694824219,3144,0.0,0.0
2025-02-13 03:50:00+00:00,91.19999694824219,91.19999694824219,91.19999694824219,91.19999694824219,10450,0.0,0.0
2025-02-13 03:55:00+00:00,91.30000305175781,91.30000305175781,91.19999694824219,91.19999694824219,5200,0.0,0.0
2025-02-13 04:00:00+00:00,91.30000305175781,91.30000305175781,91.19999694824219,91.19999694824219,27386,0.0,0.0
2025-02-13 04:05:00+00:00,91.0999984741211,91.0999984741211,91.0,91.0,44100,0.0,0.0
2025-02-13 04:10:00+00:00,91.0,91.0,91.0,91.0,4000,0.0,0.0
2025-02-13 04:15:00+00:00,91.0999984741211,91.0999984741211,91.0999984741211,91.0999984741211,3000,0.0,0.0
2025-02-13 04:20:00+00:00,91.0999984741211,91.0999984741211,91.0999984741211,91.0999984741211,5000,0.0,0.0
2025-02-13 04:25:00+00:00,91.0999984741211,91.0999984741211,91.0,91.0999984741211,15000,0.0,0.0
2025-02-13 04:30:00+00:00,91.0999984741211,91.0999984741211,91.0,91.0999984741211,16399,0.0,0.0
2025-02-13 04:35:00+00:00,91.0999984741211,91.0999984741211,90.9000015258789,90.9000015258789,47049,0.0,0.0
2025-02-13 04:40:00+00:00,90.9000015258789,91.0,90.9000015258789,91.0,36901,0.0,0.0
2025-02-13 04:45:00+00:00,90.9000015258789,91.0,90.9000015258789,91.0,5269,0.0,0.0
2025-02-13 04:50:00+00:00,91.0,91.0,90.9000015258789,90.9000015258789,23300,0.0,0.0
2025-02-13 04:55:00+00:00,90.9000015258789,91.0,90.80000305175781,90.9000015258789,34300,0.0,0.0
2025-02-13 05:00:00+00:00,90.9000015258789,90.9000015258789,90.80000305175781,90.80000305175781,58111,0.0,0.0
2025-02-13 05:05:00+00:00,90.80000305175781,91.30000305175781,90.80000305175781,91.30000305175781,90698,0.0,0.0
2025-02-13 05:10:00+00:00,91.30000305175781,91.30000305175781,91.19999694824219,91.19999694824219,32364,0.0,0.0
2025-02-13 05:15:00+00:00,91.0999984741211,91.19999694824219,91.0999984741211,91.19999694824219,9289,0.0,0.0
2025-02-13 05:20:00+00:00,91.0999984741211,91.30000305175781,91.0,91.19999694824219,51413,0.0,0.0
2025-02-14 01:00:00+00:00,91.5,91.80000305175781,91.0999984741211,91.0999984741211,0,0.0,0.0
2025-02-14 01:05:00+00:00,91.19999694824219,91.19999694824219,91.0999984741211,91.19999694824219,14501,0.0,0.0
2025-02-14 01:10:00+00:00,91.0999984741211,91.0999984741211,90.4000015258789,90.9000015258789,107336,0.0,0.0
2025-02-14 01:15:00+00:00,90.80000305175781,91.0999984741211,90.80000305175781,91.0999984741211,20120,0.0,0.0
2025-02-14 01:20:00+00:00,91.0,91.30000305175781,91.0,91.0999984741211,20313,0.0,0.0
2025-02-14 01:25:00+00:00,91.0999984741211,91.4000015258789,91.0999984741211,91.4000015258789,18388,0.0,0.0
2025-02-14 01:30:00+00:00,91.19999694824219,91.19999694824219,90.9000015258789,90.9000015258789,29500,0.0,0.0
2025-02-14 01:35:00+00:00,90.80000305175781,90.80000305175781,90.4000015258789,90.5999984741211,75735,0.0,0.0
2025-02-14 01:40:00+00:00,90.5999984741211,90.9000015258789,90.5,90.80000305175781,20031,0.0,0.0
2025-02-14 01:45:00+00:00,90.69999694824219,90.69999694824219,90.4000015258789,90.5,65320,0.0,0.0
2025-02-14 01:50:00+00:00,90.4000015258789,90.9000015258789,90.4000015258789,90.80000305175781,47500,0.0,0.0
2025-02-14 01:55:00+00:00,90.80000305175781,91.0,90.80000305175781,91.0,5020,0.0,0.0
2025-02-14 02:00:00+00:00,91.0,91.0,91.0,91.0,24389,0.0,0.0
2025-02-14 02:05:00+00:00,91.0999984741211,91.0999984741211,91.0,91.0,5340,0.0,0.0
2025-02-14 02:10:00+00:00,91.0,91.19999694824219,91.0,91.19999694824219,7000,0.0,0.0
2025-02-14 02:15:00+00:00,91.0999984741211,91.30000305175781,91.0999984741211,91.19999694824219,9000,0.0,0.0
2025-02-14 02:20:00+00:00,91.19999694824219,91.19999694824219,91.19999694824219,91.19999694824219,4443,0.0,0.0
2025-02-14 02:25:00+00:00,91.19999694824219,91.19999694824219,91.19999694824219,91.19999694824219,4000,0.0,0.0
2025-02-14 02:30:00+00:00,91.0999984741211,91.0999984741211,91.0,91.0,22030,0.0,0.0
2025-02-14 02:35:00+00:00,91.0999984741211,91.19999694824219,91.0,91.0999984741211,24000,0.0,0.0
2025-02-14 02:40:00+00:00,91.0999984741211,91.0999984741211,91.0,91.0,9318,0.0,0.0
2025-02-14 02:45:00+00:00,91.0,91.0,91.0,91.0,1000,0.0,0.0
2025-02-14 02:50:00+00:00,91.0,91.0999984741211,91.0,91.0,45100,0.0,0.0
2025-02-14 02:55:00+00:00,91.0,91.0999984741211,91.0,91.0999984741211,7000,0.0,0.0
2025-02-14 03:00:00+00:00,91.0999984741211,91.19999694824219,91.0999984741211,91.0999984741211,10082,0.0,0.0
2025-02-14 03:05:00+00:00,91.0999984741211,91.0999984741211,91.0,91.0999984741211,9034,0.0,0.0
2025-02-14 03:10:00+00:00,91.0999984741211,91.30000305175781,91.0999984741211,91.30000305175781,33000,0.0,0.0
2025-02-14 03:15:00+00:00,91.19999694824219,91.69999694824219,91.19999694824219,91.69999694824219,56518,0.0,0.0
2025-02-14 03:20:00+00:00,91.69999694824219,91.80000305175781,91.30000305175781,91.30000305175781,44000,0.0,0.0
2025-02-14 03:25:00+00:00,91.4000015258789,91.69999694824219,91.30000305175781,91.69999694824219,36100,0.0,0.0
2025-02-14 03:30:00+00:00,91.69999694824219,91.9000015258789,91.69999694824219,91.80000305175781,52000,0.0,0.0
2025-02-14 03:35:00+00:00,91.80000305175781,91.80000305175781,91.5,91.5,14000,0.0,0.0
2025-02-14 03:40:00+00:00,91.4000015258789,91.4000015258789,91.4000015258789,91.4000015258789,8100,0.0,0.0
2025-02-14 03:45:00+00:00,91.4000015258789,91.5,91.4000015258789,91.5,10020,0.0,0.0
2025-02-14 03:50:00+00:00,91.4000015258789,91.4000015258789,91.30000305175781,91.30000305175781,10000,0.0,0.0
2025-02-14 03:55:00+00:00,91.30000305175781,91.30000305175781,91.30000305175781,91.30000305175781,11040,0.0,0.0
2025-02-14 04:00:00+00:00,91.30000305175781,91.30000305175781,91.30000305175781,91.30000305175781,7000,0.0,0.0
2025-02-14 04:05:00+00:00,91.30000305175781,91.30000305175781,91.19999694824219,91.19999694824219,8000,0.0,0.0
2025-02-14 04:10:00+00:00,91.19999694824219,91.19999694824219,91.19999694824219,91.19999694824219,2000,0.0,0.0
2025-02-14 04:15:00+00:00,91.19999694824219,91.19999694824219,91.0999984741211,91.19999694824219,23890,0.0,0.0
2025-02-14 04:20:00+00:00,91.0999984741211,91.0999984741211,91.0999984741211,91.0999984741211,3000,0.0,0.0
2025-02-14 04:25:00+00:00,91.0999984741211,91.19999694824219,91.0999984741211,91.19999694824219,2000,0.0,0.0
2025-02-14 04:30:00+00:00,91.0999984741211,91.0999984741211,91.0,91.0,37305,0.0,0.0
2025-02-14 04:35:00+00:00,91.0,91.19999694824219,90.9000015258789,91.0,33000,0.0,0.0
2025-02-14 04:40:00+00:00,91.0999984741211,91.19999694824219,91.0999984741211,91.19999694824219,7205,0.0,0.0
2025-02-14 04:45:00+00:00,91.19999694824219,91.19999694824219,91.0999984741211,91.0999984741211,6000,0.0,0.0
2025-02-14 04:50:00+00:00,91.0,91.0999984741211,91.0,91.0999984741211,12020,0.0,0.0
2025-02-14 05:00:00+00:00,91.0,91.0999984741211,91.0,91.0,17020,0.0,0.0
2025-02-14 05:05:00+00:00,91.0999984741211,91.0999984741211,91.0,91.0999984741211,22380,0.0,0.0
2025-02-14 05:10:00+00:00,91.0999984741211,91.0999984741211,91.0999984741211,91.0999984741211,13006,0.0,0.0
2025-02-14 05:15:00+00:00,91.0,91.19999694824219,91.0,91.19999694824219,38095,0.0,0.0
2025-02-14 05:20:00+00:00,91.0999984741211,91.0999984741211,91.0,91.0,15000,0.0,0.0
2025-02-17 01:00:00+00:00,92.0,92.69999694824219,91.5999984741211,92.69999694824219,0,0.0,0.0
2025-02-17 01:05:00+00:00,92.5999984741211,92.80000305175781,92.0,92.0999984741211,230000,0.0,0.0
2025-02-17 01:10:00+00:00,92.0,92.19999694824219,91.9000015258789,91.9000015258789,61808,0.0,0.0
2025-02-17 01:15:00+00:00,91.9000015258789,91.9000015258789,91.5999984741211,91.69999694824219,96388,0.0,0.0
2025-02-17 01:20:00+00:00,91.69999694824219,91.80000305175781,91.5999984741211,91.69999694824219,31150,0.0,0.0
2025-02-17 01:25:00+00:00,91.69999694824219,92.0,91.5999984741211,91.80000305175781,57092,0.0,0.0
2025-02-17 01:30:00+00:00,91.69999694824219,91.69999694824219,91.4000015258789,91.4000015258789,67850,0.0,0.0
2025-02-17 01:35:00+00:00,91.5999984741211,91.5999984741211,91.4000015258789,91.4000015258789,83705,0.0,0.0
2025-02-17 01:40:00+00:00,91.4000015258789,91.80000305175781,91.19999694824219,91.80000305175781,84329,0.0,0.0
2025-02-17 01:45:00+00:00,91.80000305175781,91.9000015258789,91.5999984741211,91.5999984741211,28326,0.0,0.0
2025-02-17 01:50:00+00:00,91.5999984741211,91.9000015258789,91.5999984741211,91.69999694824219,28600,0.0,0.0
2025-02-17 01:55:00+00:00,91.5999984741211,91.69999694824219,91.5999984741211,91.5999984741211,19268,0.0,0.0
2025-02-17 02:00:00+00:00,91.5999984741211,91.5999984741211,91.5,91.5999984741211,10400,0.0,0.0
2025-02-17 02:05:00+00:00,91.5999984741211,91.5999984741211,91.5999984741211,91.5999984741211,13327,0.0,0.0
2025-02-17 02:10:00+00:00,91.5999984741211,91.5999984741211,91.5,91.5,20000,0.0,0.0
2025-02-17 02:15:00+00:00,91.5999984741211,91.69999694824219,91.5999984741211,91.69999694824219,11578,0.0,0.0
2025-02-17 02:20:00+00:00,91.5999984741211,92.5,91.5,92.5,176653,0.0,0.0
2025-02-17 02:25:00+00:00,92.4000015258789,92.5999984741211,92.19999694824219,92.19999694824219,134483,0.0,0.0
2025-02-17 02:30:00+00:00,92.19999694824219,92.19999694824219,92.0,92.0999984741211,31114,0.0,0.0
2025-02-17 02:35:00+00:00,92.0,92.19999694824219,92.0,92.19999694824219,29001,0.0,0.0
2025-02-17 02:40:00+00:00,92.30000305175781,92.5,92.30000305175781,92.4000015258789,49253,0.0,0.0
2025-02-17 02:45:00+00:00,92.5,92.5999984741211,92.4000015258789,92.5,71181,0.0,0.0
2025-02-17 02:50:00+00:00,92.5,92.5,92.30000305175781,92.30000305175781,15050,0.0,0.0
2025-02-17 02:55:00+00:00,92.30000305175781,92.30000305175781,92.0,92.0,31309,0.0,0.0
2025-02-17 03:00:00+00:00,92.0,92.0999984741211,92.0,92.0999984741211,18058,0.0,0.0
2025-02-17 03:05:00+00:00,92.19999694824219,92.4000015258789,92.19999694824219,92.4000015258789,33009,0.0,0.0
2025-02-17 03:10:00+00:00,92.4000015258789,92.5,92.4000015258789,92.5,19000,0.0,0.0
2025-02-17 03:15:00+00:00,92.5,92.5,92.4000015258789,92.4000015258789,24116,0.0,0.0
2025-02-17 03:20:00+00:00,92.5,93.0,92.5,92.80000305175781,294543,0.0,0.0
2025-02-17 03:25:00+00:00,92.80000305175781,92.9000015258789,92.69999694824219,92.9000015258789,47863,0.0,0.0
2025-02-17 03:30:00+00:00,92.9000015258789,92.9000015258789,92.5,92.5,34287,0.0,0.0
2025-02-17 03:35:00+00:00,92.5999984741211,92.69999694824219,92.5999984741211,92.69999694824219,8201,0.0,0.0
2025-02-17 03:40:00+00:00,92.69999694824219,92.80000305175781,92.69999694824219,92.69999694824219,11004,0.0,0.0
2025-02-17 03:45:00+00:00,92.69999694824219,92.80000305175781,92.69999694824219,92.69999694824219,30151,0.0,0.0
2025-02-17 03:50:00+00:00,92.5999984741211,92.69999694824219,92.5999984741211,92.5999984741211,10025,0.0,0.0
2025-02-17 03:55:00+00:00,92.69999694824219,92.69999694824219,92.5999984741211,92.5999984741211,17124,0.0,0.0
2025-02-17 04:00:00+00:00,92.5999984741211,92.69999694824219,92.5999984741211,92.69999694824219,5251,0.0,0.0
2025-02-17 04:05:00+00:00,92.69999694824219,92.69999694824219,92.5,92.5,25044,0.0,0.0
2025-02-17 04:10:00+00:00,92.5,92.5999984741211,92.5,92.5,18560,0.0,0.0
2025-02-17 04:15:00+00:00,92.4000015258789,93.0999984741211,92.30000305175781,93.0,339423,0.0,0.0
2025-02-17 04:20:00+00:00,93.0,93.0,92.80000305175781,92.80000305175781,29100,0.0,0.0
2025-02-17 04:25:00+00:00,92.80000305175781,92.80000305175781,92.5999984741211,92.5999984741211,29250,0.0,0.0
2025-02-17 04:30:00+00:00,92.5999984741211,93.0,92.5999984741211,93.0,106463,0.0,0.0
2025-02-17 04:35:00+00:00,93.0,93.19999694824219,92.9000015258789,93.0,141974,0.0,0.0
2025-02-17 04:40:00+00:00,93.0,93.5999984741211,93.0,93.5,398368,0.0,0.0
2025-02-17 04:45:00+00:00,93.5,94.0,93.5,93.5999984741211,478228,0.0,0.0
2025-02-17 04:50:00+00:00,93.69999694824219,93.9000015258789,93.5999984741211,93.5999984741211,66904,0.0,0.0
2025-02-17 04:55:00+00:00,93.5999984741211,93.5999984741211,93.5,93.5,45667,0.0,0.0
2025-02-17 05:00:00+00:00,93.5,93.5999984741211,93.5,93.5,36502,0.0,0.0
2025-02-17 05:05:00+00:00,93.5,93.5999984741211,93.4000015258789,93.4000015258789,137186,0.0,0.0
2025-02-17 05:10:00+00:00,93.4000015258789,93.69999694824219,93.30000305175781,93.69999694824219,84541,0.0,0.0
2025-02-17 05:15:00+00:00,93.69999694824219,94.19999694824219,93.69999694824219,94.0999984741211,449911,0.0,0.0
2025-02-17 05:20:00+00:00,94.0,94.0999984741211,93.9000015258789,94.0,141771,0.0,0.0
2025-02-18 01:00:00+00:00,94.19999694824219,94.30000305175781,93.30000305175781,93.30000305175781,0,0.0,0.0
2025-02-18 01:05:00+00:00,93.30000305175781,93.80000305175781,93.0,93.30000305175781,168514,0.0,0.0
2025-02-18 01:10:00+00:00,93.4000015258789,93.4000015258789,93.0999984741211,93.30000305175781,49724,0.0,0.0
2025-02-18 01:15:00+00:00,93.30000305175781,93.30000305175781,92.9000015258789,93.19999694824219,159267,0.0,0.0
2025-02-18 01:20:00+00:00,93.30000305175781,93.80000305175781,93.30000305175781,93.80000305175781,67625,0.0,0.0
2025-02-18 01:25:00+00:00,93.80000305175781,93.9000015258789,93.5,93.69999694824219,59156,0.0,0.0
2025-02-18 01:30:00+00:00,93.69999694824219,93.69999694824219,93.4000015258789,93.5,42194,0.0,0.0
2025-02-18 01:35:00+00:00,93.5,93.5999984741211,93.5,93.5999984741211,11592,0.0,0.0
2025-02-18 01:40:00+00:00,93.5999984741211,94.5,93.5,94.0999984741211,168069,0.0,0.0
2025-02-18 01:45:00+00:00,94.0999984741211,94.0999984741211,93.69999694824219,93.69999694824219,118320,0.0,0.0
2025-02-18 01:50:00+00:00,93.80000305175781,93.9000015258789,93.69999694824219,93.9000015258789,30200,0.0,0.0
2025-02-18 01:55:00+00:00,93.9000015258789,93.9000015258789,93.9000015258789,93.9000015258789,5221,0.0,0.0
2025-02-18 02:00:00+00:00,93.9000015258789,94.0,93.69999694824219,93.80000305175781,44380,0.0,0.0
2025-02-18 02:05:00+00:00,93.80000305175781,93.80000305175781,93.69999694824219,93.69999694824219,27000,0.0,0.0
2025-02-18 02:10:00+00:00,93.80000305175781,94.0999984741211,93.80000305175781,93.80000305175781,82100,0.0,0.0
2025-02-18 02:15:00+00:00,93.80000305175781,93.9000015258789,93.69999694824219,93.69999694824219,25000,0.0,0.0
2025-02-18 02:20:00+00:00,93.69999694824219,93.69999694824219,93.5,93.5999984741211,45749,0.0,0.0
2025-02-18 02:25:00+00:00,93.80000305175781,93.9000015258789,93.80000305175781,93.9000015258789,19520,0.0,0.0
2025-02-18 02:30:00+00:00,93.80000305175781,93.80000305175781,93.5999984741211,93.5999984741211,26288,0.0,0.0
2025-02-18 02:35:00+00:00,93.5999984741211,93.5999984741211,93.5,93.5,38051,0.0,0.0
2025-02-18 02:40:00+00:00,93.5,93.5,93.19999694824219,93.30000305175781,63287,0.0,0.0
2025-02-18 02:45:00+00:00,93.5,93.5,93.4000015258789,93.4000015258789,12300,0.0,0.0
2025-02-18 02:50:00+00:00,93.30000305175781,93.4000015258789,93.19999694824219,93.30000305175781,30430,0.0,0.0
2025-02-18 02:55:00+00:00,93.19999694824219,93.30000305175781,93.19999694824219,93.19999694824219,35475,0.0,0.0
2025-02-18 03:00:00+00:00,93.19999694824219,93.19999694824219,93.0,93.0,59000,0.0,0.0
2025-02-18 03:05:00+00:00,93.0999984741211,93.30000305175781,93.0,93.0999984741211,72599,0.0,0.0
2025-02-18 03:10:00+00:00,93.0999984741211,93.0999984741211,93.0999984741211,93.0999984741211,5460,0.0,0.0
2025-02-18 03:15:00+00:00,93.0999984741211,93.19999694824219,92.80000305175781,92.80000305175781,100057,0.0,0.0
2025-02-18 03:20:00+00:00,92.80000305175781,93.0999984741211,92.80000305175781,93.0999984741211,17400,0.0,0.0
2025-02-18 03:25:00+00:00,93.19999694824219,93.19999694824219,92.9000015258789,93.0,35822,0.0,0.0
2025-02-18 03:30:00+00:00,93.0999984741211,93.4000015258789,93.0,93.4000015258789,32026,0.0,0.0
2025-02-18 03:35:00+00:00,93.30000305175781,93.30000305175781,93.19999694824219,93.19999694824219,7000,0.0,0.0
2025-02-18 03:40:00+00:00,93.0999984741211,93.0999984741211,93.0,93.0,14270,0.0,0.0
2025-02-18 03:45:00+00:00,93.0999984741211,93.30000305175781,92.5999984741211,92.69999694824219,146811,0.0,0.0
2025-02-18 03:50:00+00:00,92.80000305175781,92.9000015258789,92.80000305175781,92.80000305175781,58030,0.0,0.0
2025-02-18 03:55:00+00:00,92.80000305175781,93.0,92.69999694824219,93.0,68015,0.0,0.0
2025-02-18 04:00:00+00:00,93.0999984741211,93.19999694824219,93.0999984741211,93.19999694824219,10656,0.0,0.0
2025-02-18 04:05:00+00:00,93.0999984741211,93.19999694824219,93.0999984741211,93.0999984741211,30192,0.0,0.0
2025-02-18 04:10:00+00:00,93.0,93.0999984741211,93.0,93.0999984741211,2100,0.0,0.0
2025-02-18 04:15:00+00:00,93.0999984741211,93.0999984741211,93.0,93.0,12000,0.0,0.0
2025-02-18 04:20:00+00:00,93.0,93.0999984741211,93.0,93.0999984741211,20000,0.0,0.0
2025-02-18 04:25:00+00:00,93.0999984741211,93.0999984741211,93.0,93.0,12070,0.0,0.0
2025-02-18 04:30:00+00:00,93.0999984741211,93.0999984741211,93.0,93.0999984741211,9160,0.0,0.0
2025-02-18 04:35:00+00:00,93.0999984741211,93.0999984741211,93.0,93.0999984741211,8020,0.0,0.0
2025-02-18 04:40:00+00:00,93.0999984741211,93.0999984741211,93.0,93.0999984741211,17350,0.0,0.0
2025-02-18 04:45:00+00:00,93.0,93.0,93.0,93.0,6250,0.0,0.0
2025-02-18 04:50:00+00:00,93.0,93.0999984741211,93.0,93.0999984741211,16113,0.0,0.0
2025-02-18 04:55:00+00:00,93.0999984741211,93.0999984741211,93.0999984741211,93.0999984741211,14400,0.0,0.0
2025-02-18 05:00:00+00:00,93.19999694824219,93.19999694824219,93.0999984741211,93.0999984741211,26625,0.0,0.0
2025-02-18 05:05:00+00:00,93.19999694824219,93.4000015258789,93.0999984741211,93.4000015258789,65061,0.0,0.0
2025-02-18 05:10:00+00:00,93.30000305175781,93.4000015258789,93.19999694824219,93.30000305175781,38000,0.0,0.0
2025-02-18 05:15:00+00:00,93.30000305175781,93.30000305175781,93.19999694824219,93.19999694824219,25382,0.0,0.0
2025-02-18 05:20:00+00:00,93.19999694824219,93.30000305175781,93.0,93.19999694824219,75735,0.0,0.0
2025-02-19 01:00:00+00:00,93.5,93.5,92.69999694824219,93.0,0,0.0,0.0
2025-02-19 01:05:00+00:00,92.9000015258789,93.0999984741211,92.80000305175781,93.0999984741211,11000,0.0,0.0
2025-02-19 01:10:00+00:00,93.19999694824219,93.19999694824219,93.0,93.0,30340,0.0,0.0
2025-02-19 01:15:00+00:00,93.0,93.0,92.9000015258789,93.0,28130,0.0,0.0
2025-02-19 01:20:00+00:00,93.0999984741211,93.30000305175781,93.0999984741211,93.30000305175781,25020,0.0,0.0
2025-02-19 01:25:00+00:00,93.30000305175781,94.5,93.19999694824219,94.5,191923,0.0,0.0
2025-02-19 01:30:00+00:00,94.4000015258789,94.4000015258789,93.80000305175781,93.9000015258789,100605,0.0,0.0
2025-02-19 01:35:00+00:00,94.0,94.19999694824219,93.80000305175781,93.80000305175781,45140,0.0,0.0
2025-02-19 01:40:00+00:00,93.80000305175781,94.19999694824219,93.80000305175781,94.19999694824219,76744,0.0,0.0
2025-02-19 01:45:00+00:00,94.0999984741211,94.0999984741211,93.80000305175781,93.9000015258789,43189,0.0,0.0
2025-02-19 01:50:00+00:00,94.0,94.30000305175781,93.9000015258789,94.0999984741211,102198,0.0,0.0
2025-02-19 01:55:00+00:00,94.0,94.0,93.5999984741211,93.5999984741211,50424,0.0,0.0
2025-02-19 02:00:00+00:00,93.5999984741211,93.80000305175781,93.5999984741211,93.5999984741211,17739,0.0,0.0
2025-02-19 02:05:00+00:00,93.69999694824219,93.80000305175781,93.5,93.5,9070,0.0,0.0
2025-02-19 02:10:00+00:00,93.5,93.5,93.5,93.5,18088,0.0,0.0
2025-02-19 02:15:00+00:00,93.5,93.5999984741211,93.5,93.5999984741211,11356,0.0,0.0
2025-02-19 02:20:00+00:00,93.5,93.69999694824219,93.19999694824219,93.19999694824219,54000,0.0,0.0
2025-02-19 02:25:00+00:00,93.19999694824219,93.19999694824219,93.0,93.0999984741211,86000,0.0,0.0
2025-02-19 02:30:00+00:00,93.0,93.19999694824219,93.0,93.0999984741211,8100,0.0,0.0
2025-02-19 02:35:00+00:00,93.0999984741211,93.0999984741211,93.0999984741211,93.0999984741211,13000,0.0,0.0
2025-02-19 02:40:00+00:00,93.0999984741211,93.0999984741211,93.0999984741211,93.0999984741211,6080,0.0,0.0
2025-02-19 02:45:00+00:00,93.0,93.0999984741211,93.0,93.0,11135,0.0,0.0
2025-02-19 02:50:00+00:00,93.0,93.19999694824219,93.0,93.19999694824219,13100,0.0,0.0
2025-02-19 02:55:00+00:00,93.4000015258789,93.69999694824219,93.4000015258789,93.69999694824219,47422,0.0,0.0
2025-02-19 03:00:00+00:00,93.5999984741211,93.5999984741211,93.4000015258789,93.4000015258789,54067,0.0,0.0
2025-02-19 03:05:00+00:00,93.30000305175781,93.30000305175781,93.30000305175781,93.30000305175781,10005,0.0,0.0
2025-02-19 03:10:00+00:00,93.30000305175781,93.30000305175781,93.19999694824219,93.19999694824219,6070,0.0,0.0
2025-02-19 03:15:00+00:00,93.19999694824219,93.19999694824219,92.9000015258789,92.9000015258789,68065,0.0,0.0
2025-02-19 03:20:00+00:00,92.9000015258789,93.0,92.9000015258789,93.0,15005,0.0,0.0
2025-02-19 03:25:00+00:00,93.0999984741211,93.0999984741211,93.0,93.0,6272,0.0,0.0
2025-02-19 03:30:00+00:00,93.0,93.0999984741211,93.0,93.0999984741211,16060,0.0,0.0
2025-02-19 03:35:00+00:00,93.0999984741211,93.0999984741211,93.0999984741211,93.0999984741211,2850,0.0,0.0
2025-02-19 03:40:00+00:00,93.0,93.19999694824219,93.0,93.19999694824219,5434,0.0,0.0
2025-02-19 03:45:00+00:00,93.19999694824219,93.4000015258789,93.19999694824219,93.4000015258789,28005,0.0,0.0
2025-02-19 03:50:00+00:00,93.4000015258789,93.4000015258789,93.30000305175781,93.4000015258789,8095,0.0,0.0
2025-02-19 03:55:00+00:00,93.4000015258789,93.4000015258789,93.30000305175781,93.30000305175781,12000,0.0,0.0
2025-02-19 04:00:00+00:00,93.30000305175781,93.5,93.30000305175781,93.5,16280,0.0,0.0
2025-02-19 04:05:00+00:00,93.4000015258789,93.4000015258789,93.30000305175781,93.30000305175781,5050,0.0,0.0
2025-02-19 04:10:00+00:00,93.4000015258789,93.4000015258789,93.4000015258789,93.4000015258789,2050,0.0,0.0
2025-02-19 04:15:00+00:00,93.4000015258789,93.5,93.30000305175781,93.4000015258789,48100,0.0,0.0
2025-02-19 04:20:00+00:00,93.4000015258789,93.4000015258789,93.4000015258789,93.4000015258789,23000,0.0,0.0
2025-02-19 04:25:00+00:00,93.4000015258789,93.4000015258789,93.4000015258789,93.4000015258789,14160,0.0,0.0
2025-02-19 04:30:00+00:00,93.4000015258789,93.4000015258789,93.4000015258789,93.4000015258789,11181,0.0,0.0
2025-02-19 04:35:00+00:00,93.4000015258789,93.4000015258789,93.4000015258789,93.4000015258789,4010,0.0,0.0
2025-02-19 04:40:00+00:00,93.30000305175781,93.30000305175781,93.30000305175781,93.30000305175781,60046,0.0,0.0
2025-02-19 04:45:00+00:00,93.19999694824219,93.19999694824219,93.19999694824219,93.19999694824219,6114,0.0,0.0
2025-02-19 04:50:00+00:00,93.30000305175781,93.30000305175781,93.30000305175781,93.30000305175781,10000,0.0,0.0
2025-02-19 04:55:00+00:00,93.30000305175781,93.4000015258789,93.30000305175781,93.30000305175781,12538,0.0,0.0
2025-02-19 05:00:00+00:00,93.30000305175781,93.5,93.30000305175781,93.4000015258789,34005,0.0,0.0
2025-02-19 05:05:00+00:00,93.30000305175781,93.5999984741211,93.30000305175781,93.5999984741211,49347,0.0,0.0
2025-02-19 05:10:00+00:00,93.5999984741211,93.5999984741211,93.5,93.5,21952,0.0,0.0
2025-02-19 05:15:00+00:00,93.5,93.5999984741211,93.30000305175781,93.30000305175781,35175,0.0,0.0
2025-02-19 05:20:00+00:00,93.30000305175781,93.69999694824219,93.30000305175781,93.69999694824219,59410,0.0,0.0
2025-02-20 01:00:00+00:00,93.9000015258789,94.80000305175781,93.80000305175781,93.80000305175781,0,0.0,0.0
2025-02-20 01:05:00+00:00,93.80000305175781,93.80000305175781,93.5999984741211,93.80000305175781,53000,0.0,0.0
2025-02-20 01:10:00+00:00,93.9000015258789,93.9000015258789,93.5999984741211,93.9000015258789,65619,0.0,0.0
2025-02-20 01:15:00+00:00,93.9000015258789,94.0999984741211,93.69999694824219,94.0,70658,0.0,0.0
2025-02-20 01:20:00+00:00,94.0,94.0,93.69999694824219,94.0,47189,0.0,0.0
2025-02-20 01:25:00+00:00,93.80000305175781,93.80000305175781,93.5,93.5999984741211,28121,0.0,0.0
2025-02-20 01:30:00+00:00,93.5999984741211,93.69999694824219,93.5,93.5,22575,0.0,0.0
2025-02-20 01:35:00+00:00,93.5,93.5,93.19999694824219,93.30000305175781,100820,0.0,0.0
2025-02-20 01:40:00+00:00,93.30000305175781,93.30000305175781,93.19999694824219,93.30000305175781,30000,0.0,0.0
2025-02-20 01:45:00+00:00,93.30000305175781,93.30000305175781,93.30000305175781,93.30000305175781,11350,0.0,0.0
2025-02-20 01:50:00+00:00,93.19999694824219,93.19999694824219,93.19999694824219,93.19999694824219,38400,0.0,0.0
2025-02-20 01:55:00+00:00,93.0999984741211,93.0999984741211,92.80000305175781,92.9000015258789,160872,0.0,0.0
2025-02-20 02:00:00+00:00,92.9000015258789,92.9000015258789,92.9000015258789,92.9000015258789,10556,0.0,0.0
2025-02-20 02:05:00+00:00,92.9000015258789,92.9000015258789,92.80000305175781,92.80000305175781,11000,0.0,0.0
2025-02-20 02:10:00+00:00,92.80000305175781,93.0,92.80000305175781,93.0,21000,0.0,0.0
2025-02-20 02:15:00+00:00,93.0,93.0,93.0,93.0,1010,0.0,0.0
2025-02-20 02:20:00+00:00,93.0,93.30000305175781,93.0,93.30000305175781,11200,0.0,0.0
2025-02-20 02:25:00+00:00,93.30000305175781,93.30000305175781,93.0999984741211,93.0999984741211,52440,0.0,0.0
2025-02-20 02:30:00+00:00,93.19999694824219,93.30000305175781,93.19999694824219,93.30000305175781,3020,0.0,0.0
2025-02-20 02:35:00+00:00,93.19999694824219,93.19999694824219,93.19999694824219,93.19999694824219,3000,0.0,0.0
2025-02-20 02:40:00+00:00,93.19999694824219,93.19999694824219,93.19999694824219,93.19999694824219,2030,0.0,0.0
2025-02-20 02:45:00+00:00,93.19999694824219,93.19999694824219,93.19999694824219,93.19999694824219,7000,0.0,0.0
2025-02-20 02:50:00+00:00,93.0999984741211,93.5999984741211,93.0999984741211,93.5999984741211,39235,0.0,0.0
2025-02-20 02:55:00+00:00,93.69999694824219,94.0,93.69999694824219,93.80000305175781,72986,0.0,0.0
2025-02-20 03:00:00+00:00,93.80000305175781,93.9000015258789,93.69999694824219,93.80000305175781,6010,0.0,0.0
2025-02-20 03:05:00+00:00,93.9000015258789,93.9000015258789,93.80000305175781,93.80000305175781,12300,0.0,0.0
2025-02-20 03:10:00+00:00,93.69999694824219,93.69999694824219,93.69999694824219,93.69999694824219,8000,0.0,0.0
2025-02-20 03:15:00+00:00,93.69999694824219,93.69999694824219,93.5999984741211,93.5999984741211,4035,0.0,0.0
2025-02-20 03:20:00+00:00,93.69999694824219,93.80000305175781,93.69999694824219,93.69999694824219,7450,0.0,0.0
2025-02-20 03:25:00+00:00,93.5999984741211,93.5999984741211,93.5999984741211,93.5999984741211,5000,0.0,0.0
2025-02-20 03:30:00+00:00,93.5999984741211,93.5999984741211,93.5999984741211,93.5999984741211,4000,0.0,0.0
2025-02-20 03:40:00+00:00,93.5999984741211,93.69999694824219,93.5999984741211,93.69999694824219,11020,0.0,0.0
2025-02-20 03:45:00+00:00,93.5,93.5,93.5,93.5,7440,0.0,0.0
2025-02-20 03:50:00+00:00,93.5,93.5999984741211,93.5,93.5999984741211,7000,0.0,0.0
2025-02-20 03:55:00+00:00,93.5,93.5,93.5,93.5,3000,0.0,0.0
2025-02-20 04:00:00+00:00,93.5,93.5,93.4000015258789,93.4000015258789,11420,0.0,0.0
2025-02-20 04:05:00+00:00,93.4000015258789,93.4000015258789,93.4000015258789,93.4000015258789,2000,0.0,0.0
2025-02-20 04:10:00+00:00,93.4000015258789,93.4000015258789,93.30000305175781,93.30000305175781,19499,0.0,0.0
2025-02-20 04:15:00+00:00,93.30000305175781,93.30000305175781,93.0999984741211,93.0999984741211,47461,0.0,0.0
2025-02-20 04:20:00+00:00,93.30000305175781,93.30000305175781,93.30000305175781,93.30000305175781,4000,0.0,0.0
2025-02-20 04:25:00+00:00,93.30000305175781,93.30000305175781,93.19999694824219,93.19999694824219,10849,0.0,0.0
2025-02-20 04:30:00+00:00,93.19999694824219,93.30000305175781,93.19999694824219,93.30000305175781,8000,0.0,0.0
2025-02-20 04:35:00+00:00,93.30000305175781,93.30000305175781,93.19999694824219,93.30000305175781,20150,0.0,0.0
2025-02-20 04:40:00+00:00,93.30000305175781,93.4000015258789,93.30000305175781,93.4000015258789,17660,0.0,0.0
2025-02-20 04:45:00+00:00,93.4000015258789,93.5,93.4000015258789,93.5,15551,0.0,0.0
2025-02-20 04:50:00+00:00,93.5,93.5,93.5,93.5,6000,0.0,0.0
2025-02-20 04:55:00+00:00,93.5,93.5,93.5,93.5,9004,0.0,0.0
2025-02-20 05:00:00+00:00,93.4000015258789,93.5,93.4000015258789,93.4000015258789,38176,0.0,0.0
2025-02-20 05:05:00+00:00,93.30000305175781,93.4000015258789,93.30000305175781,93.4000015258789,22074,0.0,0.0
2025-02-20 05:10:00+00:00,93.4000015258789,93.5,93.30000305175781,93.5,17255,0.0,0.0
2025-02-20 05:15:00+00:00,93.5,93.5,93.4000015258789,93.4000015258789,24235,0.0,0.0
2025-02-20 05:20:00+00:00,93.4000015258789,93.5,93.30000305175781,93.4000015258789,52617,0.0,0.0
2025-02-21 01:00:00+00:00,93.19999694824219,93.5,93.0999984741211,93.0999984741211,0,0.0,0.0
2025-02-21 01:05:00+00:00,93.0999984741211,93.0999984741211,92.80000305175781,92.9000015258789,64157,0.0,0.0
2025-02-21 01:10:00+00:00,92.9000015258789,93.30000305175781,92.69999694824219,93.30000305175781,67380,0.0,0.0
2025-02-21 01:15:00+00:00,93.30000305175781,93.5,93.30000305175781,93.4000015258789,13000,0.0,0.0
2025-02-21 01:20:00+00:00,93.19999694824219,93.19999694824219,92.9000015258789,93.0999984741211,47057,0.0,0.0
2025-02-21 01:25:00+00:00,93.19999694824219,93.4000015258789,93.19999694824219,93.30000305175781,4000,0.0,0.0
2025-02-21 01:30:00+00:00,93.0,93.0,92.80000305175781,92.80000305175781,14180,0.0,0.0
2025-02-21 01:35:00+00:00,92.9000015258789,93.0,92.9000015258789,92.9000015258789,15148,0.0,0.0
2025-02-21 01:40:00+00:00,92.9000015258789,93.30000305175781,92.9000015258789,93.30000305175781,25557,0.0,0.0
2025-02-21 01:45:00+00:00,93.0999984741211,93.0999984741211,93.0,93.0,8000,0.0,0.0
2025-02-21 01:50:00+00:00,93.19999694824219,93.19999694824219,93.0,93.0999984741211,9000,0.0,0.0
2025-02-21 01:55:00+00:00,93.0999984741211,93.0999984741211,93.0999984741211,93.0999984741211,8686,0.0,0.0
2025-02-21 02:00:00+00:00,93.0,93.19999694824219,93.0,93.19999694824219,15000,0.0,0.0
2025-02-21 02:05:00+00:00,93.19999694824219,93.30000305175781,93.19999694824219,93.30000305175781,15001,0.0,0.0
2025-02-21 02:10:00+00:00,93.30000305175781,93.4000015258789,93.19999694824219,93.30000305175781,18355,0.0,0.0
2025-02-21 02:15:00+00:00,93.30000305175781,93.30000305175781,93.30000305175781,93.30000305175781,5110,0.0,0.0
2025-02-21 02:20:00+00:00,93.19999694824219,93.19999694824219,93.19999694824219,93.19999694824219,3013,0.0,0.0
2025-02-21 02:25:00+00:00,93.0999984741211,93.0999984741211,93.0,93.0,2055,0.0,0.0
2025-02-21 02:30:00+00:00,93.0,93.0999984741211,92.9000015258789,92.9000015258789,38216,0.0,0.0
2025-02-21 02:35:00+00:00,92.9000015258789,92.9000015258789,92.9000015258789,92.9000015258789,9590,0.0,0.0
2025-02-21 02:40:00+00:00,93.0,93.0999984741211,93.0,93.0999984741211,7560,0.0,0.0
2025-02-21 02:50:00+00:00,93.0,93.0,93.0,93.0,1100,0.0,0.0
2025-02-21 02:55:00+00:00,93.0,93.0999984741211,93.0,93.0,21000,0.0,0.0
2025-02-21 03:00:00+00:00,92.9000015258789,93.0,92.80000305175781,92.80000305175781,58932,0.0,0.0
2025-02-21 03:05:00+00:00,92.80000305175781,92.9000015258789,92.80000305175781,92.80000305175781,19000,0.0,0.0
2025-02-21 03:10:00+00:00,92.80000305175781,93.0999984741211,92.80000305175781,93.0999984741211,42794,0.0,0.0
2025-02-21 03:15:00+00:00,93.0999984741211,93.0999984741211,92.9000015258789,92.9000015258789,26475,0.0,0.0
2025-02-21 03:20:00+00:00,92.9000015258789,93.0,92.9000015258789,93.0,2040,0.0,0.0
2025-02-21 03:25:00+00:00,93.0,93.0,93.0,93.0,3000,0.0,0.0
2025-02-21 03:30:00+00:00,93.0,93.0,92.9000015258789,92.9000015258789,14000,0.0,0.0
2025-02-21 03:35:00+00:00,92.9000015258789,92.9000015258789,92.5999984741211,92.5999984741211,73723,0.0,0.0
2025-02-21 03:40:00+00:00,92.5999984741211,92.69999694824219,92.5999984741211,92.5999984741211,25036,0.0,0.0
2025-02-21 03:45:00+00:00,92.5,92.69999694824219,92.5,92.69999694824219,44429,0.0,0.0
2025-02-21 03:50:00+00:00,92.69999694824219,92.80000305175781,92.69999694824219,92.80000305175781,41559,0.0,0.0
2025-02-21 03:55:00+00:00,92.80000305175781,92.80000305175781,92.80000305175781,92.80000305175781,17000,0.0,0.0
2025-02-21 04:00:00+00:00,92.80000305175781,92.80000305175781,92.69999694824219,92.69999694824219,16020,0.0,0.0
2025-02-21 04:05:00+00:00,92.5999984741211,92.80000305175781,92.5,92.80000305175781,51769,0.0,0.0
2025-02-21 04:10:00+00:00,92.80000305175781,92.80000305175781,92.69999694824219,92.80000305175781,6405,0.0,0.0
2025-02-21 04:15:00+00:00,92.80000305175781,92.80000305175781,92.80000305175781,92.80000305175781,1264,0.0,0.0
2025-02-21 04:20:00+00:00,92.69999694824219,92.69999694824219,92.5999984741211,92.69999694824219,13667,0.0,0.0
2025-02-21 04:25:00+00:00,92.69999694824219,92.69999694824219,92.69999694824219,92.69999694824219,6000,0.0,0.0
2025-02-21 04:30:00+00:00,92.5999984741211,92.5999984741211,92.5999984741211,92.5999984741211,4280,0.0,0.0
2025-02-21 04:35:00+00:00,92.5999984741211,92.5999984741211,92.5999984741211,92.5999984741211,14251,0.0,0.0
2025-02-21 04:40:00+00:00,92.5999984741211,92.5999984741211,92.5,92.5999984741211,20749,0.0,0.0
2025-02-21 04:45:00+00:00,92.5999984741211,92.69999694824219,92.5999984741211,92.69999694824219,15000,0.0,0.0
2025-02-21 04:50:00+00:00,92.69999694824219,92.69999694824219,92.69999694824219,92.69999694824219,15488,0.0,0.0
2025-02-21 04:55:00+00:00,92.69999694824219,92.9000015258789,92.69999694824219,92.80000305175781,42168,0.0,0.0
2025-02-21 05:00:00+00:00,92.80000305175781,93.0,92.80000305175781,93.0,43080,0.0,0.0
2025-02-21 05:05:00+00:00,93.0999984741211,93.0999984741211,93.0,93.0,3250,0.0,0.0
2025-02-21 05:10:00+00:00,92.9000015258789,93.0,92.9000015258789,93.0,8000,0.0,0.0
2025-02-21 05:15:00+00:00,92.9000015258789,92.9000015258789,92.80000305175781,92.80000305175781,22529,0.0,0.0
2025-02-21 05:20:00+00:00,92.80000305175781,93.0,92.80000305175781,92.9000015258789,40315,0.0,0.0
2025-02-24 01:00:00+00:00,93.5999984741211,94.5999984741211,93.5999984741211,94.0,0,0.0,0.0
2025-02-24 01:05:00+00:00,94.0,94.5,93.9000015258789,94.0,189900,0.0,0.0
2025-02-24 01:10:00+00:00,93.9000015258789,94.0,93.19999694824219,93.30000305175781,189273,0.0,0.0
2025-02-24 01:15:00+00:00,93.5,93.80000305175781,93.4000015258789,93.69999694824219,71248,0.0,0.0
2025-02-24 01:20:00+00:00,93.69999694824219,93.69999694824219,93.5,93.69999694824219,22631,0.0,0.0
2025-02-24 01:25:00+00:00,93.69999694824219,93.69999694824219,93.30000305175781,93.30000305175781,74840,0.0,0.0
2025-02-24 01:30:00+00:00,93.30000305175781,93.30000305175781,93.0,93.0999984741211,116123,0.0,0.0
2025-02-24 01:35:00+00:00,93.19999694824219,93.30000305175781,93.0,93.30000305175781,43036,0.0,0.0
2025-02-24 01:40:00+00:00,93.30000305175781,93.5,93.19999694824219,93.4000015258789,20561,0.0,0.0
2025-02-24 01:45:00+00:00,93.4000015258789,93.5,93.4000015258789,93.5,5120,0.0,0.0
2025-02-24 01:50:00+00:00,93.5,93.5999984741211,93.4000015258789,93.4000015258789,45430,0.0,0.0
2025-02-24 01:55:00+00:00,93.30000305175781,93.30000305175781,93.30000305175781,93.30000305175781,9147,0.0,0.0
2025-02-24 02:00:00+00:00,93.30000305175781,93.30000305175781,93.19999694824219,93.19999694824219,7156,0.0,0.0
2025-02-24 02:05:00+00:00,93.19999694824219,93.5,93.19999694824219,93.4000015258789,20050,0.0,0.0
2025-02-24 02:10:00+00:00,93.5,93.5,93.4000015258789,93.4000015258789,15080,0.0,0.0
2025-02-24 02:15:00+00:00,93.4000015258789,93.5,93.4000015258789,93.5,3000,0.0,0.0
2025-02-24 02:20:00+00:00,93.5,93.69999694824219,93.5,93.69999694824219,11088,0.0,0.0
2025-02-24 02:25:00+00:00,93.69999694824219,93.69999694824219,93.69999694824219,93.69999694824219,6875,0.0,0.0
2025-02-24 02:30:00+00:00,93.69999694824219,93.9000015258789,93.69999694824219,93.9000015258789,26200,0.0,0.0
2025-02-24 02:35:00+00:00,93.9000015258789,93.9000015258789,93.9000015258789,93.9000015258789,19712,0.0,0.0
2025-02-24 02:40:00+00:00,93.80000305175781,93.9000015258789,93.80000305175781,93.9000015258789,19324,0.0,0.0
2025-02-24 02:45:00+00:00,93.9000015258789,93.9000015258789,93.80000305175781,93.80000305175781,21145,0.0,0.0
2025-02-24 02:50:00+00:00,93.80000305175781,93.9000015258789,93.69999694824219,93.9000015258789,49730,0.0,0.0
2025-02-24 02:55:00+00:00,93.9000015258789,94.0,93.9000015258789,94.0,11260,0.0,0.0
2025-02-24 03:00:00+00:00,93.9000015258789,94.0,93.9000015258789,93.9000015258789,17000,0.0,0.0
2025-02-24 03:05:00+00:00,93.9000015258789,93.9000015258789,93.80000305175781,93.9000015258789,3068,0.0,0.0
2025-02-24 03:10:00+00:00,93.9000015258789,93.9000015258789,93.80000305175781,93.80000305175781,7001,0.0,0.0
2025-02-24 03:15:00+00:00,93.9000015258789,94.0,93.9000015258789,93.9000015258789,18100,0.0,0.0
2025-02-24 03:20:00+00:00,94.0,94.0999984741211,94.0,94.0999984741211,76115,0.0,0.0
2025-02-24 03:25:00+00:00,94.0999984741211,94.19999694824219,94.0,94.19999694824219,29470,0.0,0.0
2025-02-24 03:30:00+00:00,94.0999984741211,94.0999984741211,94.0999984741211,94.0999984741211,5115,0.0,0.0
2025-02-24 03:35:00+00:00,94.0999984741211,94.0999984741211,93.9000015258789,93.9000015258789,19100,0.0,0.0
2025-02-24 03:40:00+00:00,93.9000015258789,94.0,93.9000015258789,94.0,16000,0.0,0.0
2025-02-24 03:45:00+00:00,94.0,94.0,93.9000015258789,93.9000015258789,8500,0.0,0.0
2025-02-24 03:50:00+00:00,94.0,94.0,93.9000015258789,93.9000015258789,27301,0.0,0.0
2025-02-24 03:55:00+00:00,93.80000305175781,93.80000305175781,93.69999694824219,93.69999694824219,37216,0.0,0.0
2025-02-24 04:00:00+00:00,93.5999984741211,93.69999694824219,93.5999984741211,93.69999694824219,9271,0.0,0.0
2025-02-24 04:05:00+00:00,93.69999694824219,93.69999694824219,93.69999694824219,93.69999694824219,1000,0.0,0.0
2025-02-24 04:10:00+00:00,93.69999694824219,93.69999694824219,93.69999694824219,93.69999694824219,4673,0.0,0.0
2025-02-24 04:15:00+00:00,93.5999984741211,93.5999984741211,93.5999984741211,93.5999984741211,2000,0.0,0.0
2025-02-24 04:20:00+00:00,93.5999984741211,93.80000305175781,93.5999984741211,93.80000305175781,20094,0.0,0.0
2025-02-24 04:25:00+00:00,93.80000305175781,93.9000015258789,93.80000305175781,93.9000015258789,8567,0.0,0.0
2025-02-24 04:30:00+00:00,93.80000305175781,93.80000305175781,93.80000305175781,93.80000305175781,2252,0.0,0.0
2025-02-24 04:35:00+00:00,93.80000305175781,93.9000015258789,93.80000305175781,93.80000305175781,14000,0.0,0.0
2025-02-24 04:40:00+00:00,93.80000305175781,93.80000305175781,93.69999694824219,93.69999694824219,29000,0.0,0.0
2025-02-24 04:45:00+00:00,93.69999694824219,93.69999694824219,93.5999984741211,93.5999984741211,14118,0.0,0.0
2025-02-24 04:50:00+00:00,93.69999694824219,93.69999694824219,93.5999984741211,93.5999984741211,10368,0.0,0.0
2025-02-24 04:55:00+00:00,93.5999984741211,93.69999694824219,93.5999984741211,93.69999694824219,12000,0.0,0.0
2025-02-24 05:00:00+00:00,93.69999694824219,93.69999694824219,93.5999984741211,93.69999694824219,13155,0.0,0.0
2025-02-24 05:05:00+00:00,93.5999984741211,93.69999694824219,93.5999984741211,93.69999694824219,25216,0.0,0.0
2025-02-24 05:10:00+00:00,93.5999984741211,93.69999694824219,93.5999984741211,93.69999694824219,20000,0.0,0.0
2025-02-24 05:15:00+00:00,93.69999694824219,93.80000305175781,93.5999984741211,93.80000305175781,21618,0.0,0.0
2025-02-24 05:20:00+00:00,93.69999694824219,93.80000305175781,93.5999984741211,93.5999984741211,60802,0.0,0.0
2025-02-25 01:00:00+00:00,93.0,93.4000015258789,92.80000305175781,93.4000015258789,0,0.0,0.0
2025-02-25 01:05:00+00:00,93.5,93.5,92.69999694824219,92.9000015258789,96000,0.0,0.0
2025-02-25 01:10:00+00:00,92.80000305175781,93.0,92.5999984741211,93.0,50331,0.0,0.0
2025-02-25 01:15:00+00:00,93.0999984741211,93.0999984741211,93.0999984741211,93.0999984741211,5000,0.0,0.0
2025-02-25 01:20:00+00:00,93.0,93.0,92.5999984741211,93.0,54555,0.0,0.0
2025-02-25 01:25:00+00:00,92.9000015258789,93.30000305175781,92.9000015258789,93.30000305175781,17820,0.0,0.0
2025-02-25 01:30:00+00:00,93.4000015258789,93.5,93.19999694824219,93.19999694824219,28434,0.0,0.0
2025-02-25 01:35:00+00:00,93.19999694824219,93.19999694824219,93.0999984741211,93.0999984741211,4000,0.0,0.0
2025-02-25 01:40:00+00:00,93.19999694824219,93.30000305175781,93.0,93.19999694824219,22025,0.0,0.0
2025-02-25 01:50:00+00:00,93.19999694824219,93.30000305175781,93.0999984741211,93.0999984741211,12496,0.0,0.0
2025-02-25 01:55:00+00:00,93.0999984741211,93.19999694824219,93.0,93.0999984741211,14060,0.0,0.0
2025-02-25 02:00:00+00:00,93.0,93.0,92.69999694824219,92.80000305175781,53494,0.0,0.0
2025-02-25 02:05:00+00:00,92.69999694824219,92.80000305175781,92.69999694824219,92.80000305175781,15782,0.0,0.0
2025-02-25 02:10:00+00:00,92.80000305175781,92.9000015258789,92.69999694824219,92.69999694824219,38609,0.0,0.0
2025-02-25 02:15:00+00:00,92.80000305175781,92.80000305175781,92.69999694824219,92.69999694824219,43000,0.0,0.0
2025-02-25 02:20:00+00:00,92.69999694824219,92.69999694824219,92.5,92.5,77049,0.0,0.0
2025-02-25 02:25:00+00:00,92.5,92.69999694824219,92.4000015258789,92.69999694824219,16046,0.0,0.0
2025-02-25 02:35:00+00:00,92.80000305175781,93.0,92.69999694824219,93.0,32090,0.0,0.0
2025-02-25 02:40:00+00:00,93.0,93.0,93.0,93.0,7100,0.0,0.0
2025-02-25 02:45:00+00:00,92.9000015258789,93.0999984741211,92.9000015258789,93.0999984741211,17300,0.0,0.0
2025-02-25 02:50:00+00:00,93.0999984741211,93.4000015258789,93.0999984741211,93.4000015258789,35110,0.0,0.0
2025-02-25 02:55:00+00:00,93.30000305175781,93.30000305175781,93.0999984741211,93.0999984741211,7271,0.0,0.0
2025-02-25 03:00:00+00:00,93.0999984741211,93.0999984741211,93.0999984741211,93.0999984741211,3000,0.0,0.0
2025-02-25 03:05:00+00:00,93.0999984741211,93.0999984741211,93.0,93.0,9469,0.0,0.0
2025-02-25 03:20:00+00:00,93.0,93.0999984741211,93.0,93.0999984741211,5200,0.0,0.0
2025-02-25 03:25:00+00:00,93.0,93.0,93.0,93.0,10000,0.0,0.0
2025-02-25 03:30:00+00:00,93.0,93.0,92.80000305175781,93.0,26139,0.0,0.0
2025-02-25 03:35:00+00:00,92.80000305175781,92.80000305175781,92.80000305175781,92.80000305175781,1060,0.0,0.0
2025-02-25 03:40:00+00:00,92.80000305175781,93.30000305175781,92.69999694824219,93.30000305175781,57152,0.0,0.0
2025-02-25 03:45:00+00:00,93.19999694824219,93.19999694824219,93.19999694824219,93.19999694824219,5024,0.0,0.0
2025-02-25 03:50:00+00:00,93.19999694824219,93.19999694824219,93.0999984741211,93.0999984741211,7000,0.0,0.0
2025-02-25 03:55:00+00:00,93.0999984741211,93.19999694824219,93.0999984741211,93.19999694824219,6108,0.0,0.0
2025-02-25 04:00:00+00:00,93.19999694824219,93.19999694824219,93.19999694824219,93.19999694824219,5010,0.0,0.0
2025-02-25 04:05:00+00:00,93.0999984741211,93.0999984741211,93.0,93.0999984741211,14000,0.0,0.0
2025-02-25 04:10:00+00:00,93.0999984741211,93.4000015258789,93.0,93.19999694824219,11000,0.0,0.0
2025-02-25 04:15:00+00:00,93.0999984741211,93.0999984741211,93.0,93.0,2000,0.0,0.0
2025-02-25 04:20:00+00:00,93.0,93.0,93.0,93.0,5002,0.0,0.0
2025-02-25 04:25:00+00:00,93.0,93.0999984741211,92.9000015258789,92.9000015258789,7115,0.0,0.0
2025-02-25 04:30:00+00:00,93.0,93.0,93.0,93.0,4295,0.0,0.0
2025-02-25 04:35:00+00:00,92.9000015258789,92.9000015258789,92.80000305175781,92.80000305175781,16371,0.0,0.0
2025-02-25 04:40:00+00:00,92.80000305175781,92.80000305175781,92.69999694824219,92.69999694824219,20041,0.0,0.0
2025-02-25 04:45:00+00:00,92.69999694824219,92.69999694824219,92.69999694824219,92.69999694824219,14050,0.0,0.0
2025-02-25 04:50:00+00:00,92.69999694824219,92.69999694824219,92.69999694824219,92.69999694824219,9000,0.0,0.0
2025-02-25 04:55:00+00:00,92.5999984741211,92.5999984741211,92.5,92.5,42100,0.0,0.0
2025-02-25 05:00:00+00:00,92.5999984741211,92.69999694824219,92.5999984741211,92.69999694824219,28507,0.0,0.0
2025-02-25 05:05:00+00:00,92.69999694824219,93.0,92.69999694824219,93.0,43475,0.0,0.0
2025-02-25 05:10:00+00:00,92.9000015258789,93.0,92.9000015258789,92.9000015258789,6225,0.0,0.0
2025-02-25 05:15:00+00:00,92.9000015258789,93.0,92.80000305175781,92.9000015258789,18130,0.0,0.0
2025-02-25 05:20:00+00:00,92.9000015258789,93.0,92.80000305175781,93.0,36216,0.0,0.0
2025-02-26 01:00:00+00:00,92.5999984741211,93.4000015258789,92.5999984741211,92.9000015258789,0,0.0,0.0
2025-02-26 01:05:00+00:00,92.9000015258789,93.0,92.80000305175781,92.80000305175781,6000,0.0,0.0
2025-02-26 01:10:00+00:00,92.9000015258789,93.19999694824219,92.9000015258789,93.19999694824219,10508,0.0,0.0
2025-02-26 01:15:00+00:00,93.19999694824219,93.19999694824219,93.0999984741211,93.0999984741211,13000,0.0,0.0
2025-02-26 01:20:00+00:00,93.19999694824219,93.9000015258789,93.0999984741211,93.80000305175781,77639,0.0,0.0
2025-02-26 01:25:00+00:00,93.80000305175781,94.19999694824219,93.5999984741211,93.9000015258789,94501,0.0,0.0
2025-02-26 01:30:00+00:00,93.9000015258789,93.9000015258789,93.69999694824219,93.69999694824219,22085,0.0,0.0
2025-02-26 01:35:00+00:00,93.69999694824219,93.80000305175781,93.69999694824219,93.80000305175781,22405,0.0,0.0
2025-02-26 01:40:00+00:00,93.80000305175781,93.80000305175781,93.5,93.5,41742,0.0,0.0
2025-02-26 01:45:00+00:00,93.4000015258789,93.4000015258789,93.19999694824219,93.4000015258789,68291,0.0,0.0
2025-02-26 01:50:00+00:00,93.4000015258789,93.4000015258789,93.30000305175781,93.30000305175781,6100,0.0,0.0
2025-02-26 01:55:00+00:00,93.30000305175781,93.30000305175781,93.30000305175781,93.30000305175781,6000,0.0,0.0
2025-02-26 02:00:00+00:00,93.19999694824219,93.19999694824219,93.0999984741211,93.0999984741211,22100,0.0,0.0
2025-02-26 02:05:00+00:00,93.19999694824219,93.19999694824219,93.0999984741211,93.0999984741211,15330,0.0,0.0
2025-02-26 02:10:00+00:00,93.0999984741211,93.30000305175781,93.0999984741211,93.19999694824219,8100,0.0,0.0
2025-02-26 02:15:00+00:00,93.19999694824219,93.19999694824219,93.0999984741211,93.0999984741211,21500,0.0,0.0
2025-02-26 02:20:00+00:00,93.0999984741211,93.19999694824219,93.0999984741211,93.0999984741211,8045,0.0,0.0
2025-02-26 02:25:00+00:00,93.0,93.19999694824219,93.0,93.19999694824219,16581,0.0,0.0
2025-02-26 02:30:00+00:00,93.19999694824219,93.30000305175781,93.19999694824219,93.30000305175781,4000,0.0,0.0
2025-02-26 02:35:00+00:00,93.30000305175781,93.30000305175781,93.19999694824219,93.19999694824219,19000,0.0,0.0
2025-02-26 02:40:00+00:00,93.30000305175781,93.30000305175781,93.19999694824219,93.19999694824219,4040,0.0,0.0
2025-02-26 02:45:00+00:00,93.30000305175781,93.5,93.30000305175781,93.5,79460,0.0,0.0
2025-02-26 02:50:00+00:00,93.5999984741211,93.5999984741211,93.5,93.5,20400,0.0,0.0
2025-02-26 02:55:00+00:00,93.4000015258789,93.4000015258789,93.4000015258789,93.4000015258789,7000,0.0,0.0
2025-02-26 03:00:00+00:00,93.4000015258789,93.4000015258789,93.30000305175781,93.30000305175781,2000,0.0,0.0
2025-02-26 03:05:00+00:00,93.30000305175781,93.4000015258789,93.30000305175781,93.4000015258789,13500,0.0,0.0
2025-02-26 03:10:00+00:00,93.4000015258789,93.4000015258789,93.4000015258789,93.4000015258789,2300,0.0,0.0
2025-02-26 03:15:00+00:00,93.4000015258789,93.4000015258789,93.4000015258789,93.4000015258789,1100,0.0,0.0
2025-02-26 03:20:00+00:00,93.4000015258789,93.4000015258789,93.4000015258789,93.4000015258789,5011,0.0,0.0
2025-02-26 03:25:00+00:00,93.30000305175781,93.30000305175781,93.30000305175781,93.30000305175781,1000,0.0,0.0
2025-02-26 03:30:00+00:00,93.30000305175781,93.4000015258789,93.30000305175781,93.4000015258789,2000,0.0,0.0
2025-02-26 03:35:00+00:00,93.4000015258789,93.4000015258789,93.30000305175781,93.30000305175781,3000,0.0,0.0
2025-02-26 03:40:00+00:00,93.30000305175781,93.30000305175781,93.19999694824219,93.19999694824219,11117,0.0,0.0
2025-02-26 03:45:00+00:00,93.19999694824219,93.30000305175781,93.19999694824219,93.19999694824219,27000,0.0,0.0
2025-02-26 03:50:00+00:00,93.19999694824219,93.30000305175781,93.19999694824219,93.30000305175781,16149,0.0,0.0
2025-02-26 03:55:00+00:00,93.19999694824219,93.19999694824219,93.19999694824219,93.19999694824219,10018,0.0,0.0
2025-02-26 04:00:00+00:00,93.19999694824219,93.19999694824219,93.19999694824219,93.19999694824219,7152,0.0,0.0
2025-02-26 04:05:00+00:00,93.19999694824219,93.19999694824219,93.19999694824219,93.19999694824219,1000,0.0,0.0
2025-02-26 04:10:00+00:00,93.19999694824219,93.19999694824219,93.19999694824219,93.19999694824219,3000,0.0,0.0
2025-02-26 04:15:00+00:00,93.19999694824219,93.19999694824219,93.19999694824219,93.19999694824219,19045,0.0,0.0
2025-02-26 04:20:00+00:00,93.0999984741211,93.0999984741211,93.0999984741211,93.0999984741211,5118,0.0,0.0
2025-02-26 04:25:00+00:00,93.19999694824219,93.19999694824219,93.0999984741211,93.0999984741211,9000,0.0,0.0
2025-02-26 04:30:00+00:00,93.0999984741211,93.0999984741211,93.0,93.0,60805,0.0,0.0
2025-02-26 04:35:00+00:00,93.0,93.0999984741211,93.0,93.0,7000,0.0,0.0
2025-02-26 04:40:00+00:00,93.0,93.0,93.0,93.0,19013,0.0,0.0
2025-02-26 04:45:00+00:00,93.0,93.0999984741211,93.0,93.0999984741211,16000,0.0,0.0
2025-02-26 04:50:00+00:00,93.0999984741211,93.0999984741211,93.0999984741211,93.0999984741211,2168,0.0,0.0
2025-02-26 04:55:00+00:00,93.0999984741211,93.0999984741211,92.9000015258789,92.9000015258789,19615,0.0,0.0
2025-02-26 05:00:00+00:00,92.9000015258789,93.0999984741211,92.9000015258789,93.0999984741211,75000,0.0,0.0
2025-02-26 05:05:00+00:00,93.19999694824219,93.4000015258789,93.19999694824219,93.19999694824219,33450,0.0,0.0
2025-02-26 05:10:00+00:00,93.30000305175781,93.30000305175781,93.0,93.0,45400,0.0,0.0
2025-02-26 05:15:00+00:00,93.0,93.0999984741211,93.0,93.0,27083,0.0,0.0
2025-02-26 05:20:00+00:00,93.0999984741211,93.19999694824219,93.0,93.0,38419,0.0,0.0
2025-02-27 01:00:00+00:00,93.0,93.69999694824219,93.0,93.69999694824219,0,0.0,0.0
2025-02-27 01:05:00+00:00,93.69999694824219,93.9000015258789,93.5,93.9000015258789,124396,0.0,0.0
2025-02-27 01:10:00+00:00,93.9000015258789,94.0999984741211,93.80000305175781,93.9000015258789,109000,0.0,0.0
2025-02-27 01:15:00+00:00,93.80000305175781,93.80000305175781,93.5,93.5,38000,0.0,0.0
2025-02-27 01:20:00+00:00,93.5,93.5,93.4000015258789,93.4000015258789,39615,0.0,0.0
2025-02-27 01:25:00+00:00,93.5,93.5,93.4000015258789,93.4000015258789,7000,0.0,0.0
2025-02-27 01:30:00+00:00,93.4000015258789,93.4000015258789,93.30000305175781,93.4000015258789,10198,0.0,0.0
2025-02-27 01:35:00+00:00,93.4000015258789,93.4000015258789,93.30000305175781,93.30000305175781,4000,0.0,0.0
2025-02-27 01:40:00+00:00,93.30000305175781,93.4000015258789,93.30000305175781,93.4000015258789,9087,0.0,0.0
2025-02-27 01:45:00+00:00,93.4000015258789,93.4000015258789,93.30000305175781,93.4000015258789,14312,0.0,0.0
2025-02-27 01:50:00+00:00,93.30000305175781,93.30000305175781,93.0,93.0,104397,0.0,0.0
2025-02-27 01:55:00+00:00,93.0,93.0,93.0,93.0,12656,0.0,0.0
2025-02-27 02:00:00+00:00,93.0,93.0,92.69999694824219,92.69999694824219,63517,0.0,0.0
2025-02-27 02:05:00+00:00,92.69999694824219,92.69999694824219,92.0,92.0,150071,0.0,0.0
2025-02-27 02:10:00+00:00,92.0,92.30000305175781,92.0,92.19999694824219,51029,0.0,0.0
2025-02-27 02:15:00+00:00,92.19999694824219,92.19999694824219,91.69999694824219,91.9000015258789,103882,0.0,0.0
2025-02-27 02:20:00+00:00,91.80000305175781,92.5,91.80000305175781,92.30000305175781,40317,0.0,0.0
2025-02-27 02:25:00+00:00,92.30000305175781,92.30000305175781,92.0,92.0,15509,0.0,0.0
2025-02-27 02:30:00+00:00,92.0,92.19999694824219,92.0,92.0,7515,0.0,0.0
2025-02-27 02:35:00+00:00,92.0999984741211,92.0999984741211,91.9000015258789,91.9000015258789,14202,0.0,0.0
2025-02-27 02:40:00+00:00,91.9000015258789,91.9000015258789,91.9000015258789,91.9000015258789,10000,0.0,0.0
2025-02-27 02:45:00+00:00,91.9000015258789,91.9000015258789,91.80000305175781,91.80000305175781,15090,0.0,0.0
2025-02-27 02:50:00+00:00,91.80000305175781,92.0999984741211,91.80000305175781,92.0999984741211,12050,0.0,0.0
2025-02-27 02:55:00+00:00,92.0999984741211,92.19999694824219,91.9000015258789,91.9000015258789,21000,0.0,0.0
2025-02-27 03:00:00+00:00,92.0,92.19999694824219,92.0,92.19999694824219,14004,0.0,0.0
2025-02-27 03:05:00+00:00,92.19999694824219,92.5999984741211,92.19999694824219,92.5999984741211,52000,0.0,0.0
2025-02-27 03:10:00+00:00,92.5999984741211,92.5999984741211,92.19999694824219,92.19999694824219,6324,0.0,0.0
2025-02-27 03:15:00+00:00,92.30000305175781,92.4000015258789,92.30000305175781,92.4000015258789,2097,0.0,0.0
2025-02-27 03:20:00+00:00,92.4000015258789,92.4000015258789,92.4000015258789,92.4000015258789,1000,0.0,0.0
2025-02-27 03:30:00+00:00,92.30000305175781,92.30000305175781,92.19999694824219,92.19999694824219,3040,0.0,0.0
2025-02-27 03:35:00+00:00,92.19999694824219,92.30000305175781,92.19999694824219,92.30000305175781,5020,0.0,0.0
2025-02-27 03:40:00+00:00,92.0999984741211,92.0999984741211,92.0999984741211,92.0999984741211,5100,0.0,0.0
2025-02-27 03:45:00+00:00,92.0999984741211,92.0999984741211,92.0,92.0,12000,0.0,0.0
2025-02-27 03:50:00+00:00,91.9000015258789,91.9000015258789,91.9000015258789,91.9000015258789,15130,0.0,0.0
2025-02-27 03:55:00+00:00,91.9000015258789,91.9000015258789,91.80000305175781,91.80000305175781,9060,0.0,0.0
2025-02-27 04:00:00+00:00,91.80000305175781,91.9000015258789,91.80000305175781,91.9000015258789,7000,0.0,0.0
2025-02-27 04:05:00+00:00,91.9000015258789,91.9000015258789,91.80000305175781,91.9000015258789,6000,0.0,0.0
2025-02-27 04:10:00+00:00,91.9000015258789,92.0,91.9000015258789,92.0,3046,0.0,0.0
2025-02-27 04:15:00+00:00,92.0,92.0,91.9000015258789,91.9000015258789,8130,0.0,0.0
2025-02-27 04:20:00+00:00,91.80000305175781,91.80000305175781,91.80000305175781,91.80000305175781,24666,0.0,0.0
2025-02-27 04:25:00+00:00,91.69999694824219,91.69999694824219,91.69999694824219,91.69999694824219,10176,0.0,0.0
2025-02-27 04:30:00+00:00,91.69999694824219,91.80000305175781,91.69999694824219,91.80000305175781,7321,0.0,0.0
2025-02-27 04:35:00+00:00,91.80000305175781,91.9000015258789,91.69999694824219,91.9000015258789,74010,0.0,0.0
2025-02-27 04:40:00+00:00,91.9000015258789,91.9000015258789,91.80000305175781,91.80000305175781,7190,0.0,0.0
2025-02-27 04:45:00+00:00,91.80000305175781,91.9000015258789,91.80000305175781,91.9000015258789,4000,0.0,0.0
2025-02-27 04:50:00+00:00,91.9000015258789,91.9000015258789,91.80000305175781,91.9000015258789,18100,0.0,0.0
2025-02-27 04:55:00+00:00,91.80000305175781,91.9000015258789,91.69999694824219,91.9000015258789,28744,0.0,0.0
2025-02-27 05:00:00+00:00,92.0,92.0999984741211,92.0,92.0999984741211,20080,0.0,0.0
2025-02-27 05:05:00+00:00,92.0,92.0,91.80000305175781,91.80000305175781,10194,0.0,0.0
2025-02-27 05:10:00+00:00,91.80000305175781,91.80000305175781,91.69999694824219,91.69999694824219,27032,0.0,0.0
2025-02-27 05:15:00+00:00,91.69999694824219,91.80000305175781,91.5999984741211,91.5999984741211,26300,0.0,0.0
2025-02-27 05:20:00+00:00,91.5999984741211,91.69999694824219,91.5,91.69999694824219,54983,0.0,0.0
2025-03-03 01:00:00+00:00,90.80000305175781,92.30000305175781,90.69999694824219,92.30000305175781,0,0.0,0.0
2025-03-03 01:05:00+00:00,92.5,93.0,92.0999984741211,92.30000305175781,146000,0.0,0.0
2025-03-03 01:10:00+00:00,92.30000305175781,92.80000305175781,92.30000305175781,92.5999984741211,60725,0.0,0.0
2025-03-03 01:15:00+00:00,92.5999984741211,92.5999984741211,91.19999694824219,91.5,114881,0.0,0.0
2025-03-03 01:20:00+00:00,91.4000015258789,92.30000305175781,91.4000015258789,91.9000015258789,89050,0.0,0.0
2025-03-03 01:25:00+00:00,91.9000015258789,92.30000305175781,91.80000305175781,91.80000305175781,43550,0.0,0.0
2025-03-03 01:30:00+00:00,91.69999694824219,91.69999694824219,91.5999984741211,91.5999984741211,16133,0.0,0.0
2025-03-03 01:35:00+00:00,91.69999694824219,91.9000015258789,91.5999984741211,91.9000015258789,24270,0.0,0.0
2025-03-03 01:40:00+00:00,91.9000015258789,91.9000015258789,91.5999984741211,91.5999984741211,25320,0.0,0.0
2025-03-03 01:45:00+00:00,91.5,92.30000305175781,91.5,92.30000305175781,49320,0.0,0.0
2025-03-03 01:50:00+00:00,92.19999694824219,92.19999694824219,91.80000305175781,91.80000305175781,11070,0.0,0.0
2025-03-03 01:55:00+00:00,91.80000305175781,91.9000015258789,91.69999694824219,91.9000015258789,6100,0.0,0.0
2025-03-03 02:00:00+00:00,91.9000015258789,91.9000015258789,91.5,91.80000305175781,39266,0.0,0.0
2025-03-03 02:05:00+00:00,91.69999694824219,91.69999694824219,91.69999694824219,91.69999694824219,5021,0.0,0.0
2025-03-03 02:10:00+00:00,91.69999694824219,92.19999694824219,91.69999694824219,92.19999694824219,29500,0.0,0.0
2025-03-03 02:15:00+00:00,92.19999694824219,92.4000015258789,91.69999694824219,91.69999694824219,25243,0.0,0.0
2025-03-03 02:20:00+00:00,92.0,92.0999984741211,91.80000305175781,91.80000305175781,7000,0.0,0.0
2025-03-03 02:25:00+00:00,92.0999984741211,92.19999694824219,92.0999984741211,92.19999694824219,12022,0.0,0.0
2025-03-03 02:30:00+00:00,92.19999694824219,92.19999694824219,92.0,92.19999694824219,16000,0.0,0.0
2025-03-03 02:35:00+00:00,92.19999694824219,92.5,92.19999694824219,92.4000015258789,26163,0.0,0.0
2025-03-03 02:40:00+00:00,92.4000015258789,93.80000305175781,92.4000015258789,93.4000015258789,265126,0.0,0.0
2025-03-03 02:45:00+00:00,93.4000015258789,93.5999984741211,93.30000305175781,93.5,50048,0.0,0.0
2025-03-03 02:50:00+00:00,93.5,93.5,93.0999984741211,93.30000305175781,53114,0.0,0.0
2025-03-03 02:55:00+00:00,93.30000305175781,93.30000305175781,93.0,93.19999694824219,22158,0.0,0.0
2025-03-03 03:00:00+00:00,93.0999984741211,93.19999694824219,93.0999984741211,93.19999694824219,9023,0.0,0.0
2025-03-03 03:05:00+00:00,93.0999984741211,93.0999984741211,92.9000015258789,92.9000015258789,29109,0.0,0.0
2025-03-03 03:10:00+00:00,92.80000305175781,92.80000305175781,92.80000305175781,92.80000305175781,20015,0.0,0.0
2025-03-03 03:15:00+00:00,92.80000305175781,92.80000305175781,92.5,92.5,54410,0.0,0.0
2025-03-03 03:20:00+00:00,92.5999984741211,92.5999984741211,92.4000015258789,92.5,24200,0.0,0.0
2025-03-03 03:25:00+00:00,92.5999984741211,92.5999984741211,92.4000015258789,92.5,11020,0.0,0.0
2025-03-03 03:30:00+00:00,92.4000015258789,92.80000305175781,92.4000015258789,92.5,14305,0.0,0.0
2025-03-03 03:35:00+00:00,92.5999984741211,92.5999984741211,92.5999984741211,92.5999984741211,1056,0.0,0.0
2025-03-03 03:40:00+00:00,92.69999694824219,93.30000305175781,92.69999694824219,93.30000305175781,61624,0.0,0.0
2025-03-03 03:45:00+00:00,93.30000305175781,93.4000015258789,93.19999694824219,93.19999694824219,22100,0.0,0.0
2025-03-03 03:50:00+00:00,93.19999694824219,93.30000305175781,93.0999984741211,93.19999694824219,37050,0.0,0.0
2025-03-03 03:55:00+00:00,93.0999984741211,93.19999694824219,93.0,93.19999694824219,19000,0.0,0.0
2025-03-03 04:00:00+00:00,93.19999694824219,93.19999694824219,93.0999984741211,93.0999984741211,6031,0.0,0.0
2025-03-03 04:05:00+00:00,93.0,93.0999984741211,92.9000015258789,92.9000015258789,16180,0.0,0.0
2025-03-03 04:10:00+00:00,92.9000015258789,93.0999984741211,92.9000015258789,93.0999984741211,11271,0.0,0.0
2025-03-03 04:15:00+00:00,93.0,93.30000305175781,93.0,93.19999694824219,33242,0.0,0.0
2025-03-03 04:20:00+00:00,93.30000305175781,93.30000305175781,93.19999694824219,93.19999694824219,6000,0.0,0.0
2025-03-03 04:25:00+00:00,93.30000305175781,93.5,93.30000305175781,93.4000015258789,96217,0.0,0.0
2025-03-03 04:30:00+00:00,93.4000015258789,93.5,93.4000015258789,93.4000015258789,17201,0.0,0.0
2025-03-03 04:35:00+00:00,93.30000305175781,93.5,93.30000305175781,93.5,18205,0.0,0.0
2025-03-03 04:40:00+00:00,93.4000015258789,93.4000015258789,93.19999694824219,93.19999694824219,21264,0.0,0.0
2025-03-03 04:45:00+00:00,93.19999694824219,93.19999694824219,93.0999984741211,93.0999984741211,7183,0.0,0.0
2025-03-03 04:50:00+00:00,93.19999694824219,93.30000305175781,93.19999694824219,93.19999694824219,17047,0.0,0.0
2025-03-03 04:55:00+00:00,93.30000305175781,93.30000305175781,93.30000305175781,93.30000305175781,1000,0.0,0.0
2025-03-03 05:00:00+00:00,93.30000305175781,93.30000305175781,93.19999694824219,93.19999694824219,17500,0.0,0.0
2025-03-03 05:05:00+00:00,93.0999984741211,93.19999694824219,93.0999984741211,93.19999694824219,15225,0.0,0.0
2025-03-03 05:10:00+00:00,93.0,93.30000305175781,92.9000015258789,93.30000305175781,50407,0.0,0.0
2025-03-03 05:15:00+00:00,93.30000305175781,93.30000305175781,93.0,93.0999984741211,28117,0.0,0.0
2025-03-03 05:20:00+00:00,93.0,93.0999984741211,92.9000015258789,93.0,46296,0.0,0.0
2025-03-04 01:00:00+00:00,92.5,92.5,91.5999984741211,91.80000305175781,0,0.0,0.0
2025-03-04 01:05:00+00:00,92.0,92.4000015258789,91.9000015258789,92.0,34000,0.0,0.0
2025-03-04 01:10:00+00:00,92.19999694824219,92.5,92.0999984741211,92.5,24545,0.0,0.0
2025-03-04 01:15:00+00:00,92.19999694824219,92.69999694824219,92.0999984741211,92.5999984741211,76119,0.0,0.0
2025-03-04 01:20:00+00:00,92.80000305175781,92.80000305175781,92.5999984741211,92.5999984741211,12140,0.0,0.0
2025-03-04 01:25:00+00:00,92.5999984741211,92.80000305175781,92.5999984741211,92.80000305175781,50110,0.0,0.0
2025-03-04 01:30:00+00:00,92.80000305175781,93.19999694824219,92.80000305175781,92.9000015258789,68505,0.0,0.0
2025-03-04 01:35:00+00:00,92.80000305175781,92.9000015258789,92.80000305175781,92.9000015258789,6030,0.0,0.0
2025-03-04 01:40:00+00:00,92.9000015258789,93.0,92.9000015258789,93.0,20450,0.0,0.0
2025-03-04 01:45:00+00:00,93.0,93.30000305175781,93.0,93.30000305175781,115216,0.0,0.0
2025-03-04 01:50:00+00:00,93.0999984741211,93.0999984741211,92.80000305175781,92.80000305175781,32301,0.0,0.0
2025-03-04 01:55:00+00:00,92.80000305175781,92.80000305175781,92.19999694824219,92.5999984741211,55719,0.0,0.0
2025-03-04 02:00:00+00:00,92.5999984741211,93.0999984741211,92.4000015258789,92.9000015258789,30170,0.0,0.0
2025-03-04 02:10:00+00:00,93.0,93.0999984741211,92.9000015258789,93.0999984741211,27020,0.0,0.0
2025-03-04 02:15:00+00:00,93.0,93.0,93.0,93.0,6030,0.0,0.0
2025-03-04 02:20:00+00:00,93.0,93.0999984741211,93.0,93.0999984741211,11100,0.0,0.0
2025-03-04 02:25:00+00:00,93.0999984741211,93.19999694824219,93.0,93.0,17100,0.0,0.0
2025-03-04 02:30:00+00:00,93.0,93.0,92.80000305175781,93.0,16076,0.0,0.0
2025-03-04 02:35:00+00:00,93.0,93.19999694824219,93.0,93.19999694824219,19100,0.0,0.0
2025-03-04 02:40:00+00:00,93.19999694824219,93.5,93.19999694824219,93.4000015258789,51470,0.0,0.0
2025-03-04 02:45:00+00:00,93.4000015258789,93.5,93.30000305175781,93.4000015258789,51009,0.0,0.0
2025-03-04 02:50:00+00:00,93.4000015258789,93.5999984741211,93.4000015258789,93.4000015258789,23800,0.0,0.0
2025-03-04 02:55:00+00:00,93.4000015258789,93.4000015258789,93.30000305175781,93.30000305175781,12000,0.0,0.0
2025-03-04 03:00:00+00:00,93.30000305175781,93.30000305175781,92.80000305175781,92.80000305175781,75497,0.0,0.0
2025-03-04 03:05:00+00:00,93.0,93.0,93.0,93.0,3364,0.0,0.0
2025-03-04 03:10:00+00:00,93.0,93.0,93.0,93.0,1000,0.0,0.0
2025-03-04 03:15:00+00:00,93.0,93.0999984741211,93.0,93.0999984741211,3000,0.0,0.0
2025-03-04 03:20:00+00:00,93.0999984741211,93.0999984741211,93.0,93.0,3004,0.0,0.0
2025-03-04 03:25:00+00:00,93.0999984741211,93.0999984741211,93.0,93.0999984741211,14015,0.0,0.0
2025-03-04 03:30:00+00:00,93.0999984741211,93.0999984741211,93.0,93.0,11000,0.0,0.0
2025-03-04 03:35:00+00:00,93.0,93.19999694824219,93.0,93.19999694824219,7070,0.0,0.0
2025-03-04 03:40:00+00:00,93.0,93.0999984741211,93.0,93.0999984741211,17000,0.0,0.0
2025-03-04 03:45:00+00:00,93.19999694824219,93.4000015258789,93.19999694824219,93.4000015258789,11251,0.0,0.0
2025-03-04 03:50:00+00:00,93.30000305175781,93.30000305175781,93.19999694824219,93.19999694824219,7030,0.0,0.0
2025-03-04 03:55:00+00:00,93.0999984741211,93.19999694824219,93.0999984741211,93.19999694824219,14016,0.0,0.0
2025-03-04 04:00:00+00:00,93.19999694824219,93.19999694824219,93.0999984741211,93.0999984741211,9034,0.0,0.0
2025-03-04 04:05:00+00:00,93.0999984741211,93.19999694824219,93.0,93.19999694824219,13157,0.0,0.0
2025-03-04 04:10:00+00:00,93.19999694824219,93.30000305175781,93.19999694824219,93.30000305175781,6042,0.0,0.0
2025-03-04 04:15:00+00:00,93.30000305175781,93.30000305175781,93.0,93.0,24300,0.0,0.0
2025-03-04 04:20:00+00:00,93.0999984741211,93.0999984741211,93.0,93.0999984741211,14001,0.0,0.0
2025-03-04 04:25:00+00:00,93.19999694824219,93.19999694824219,93.0999984741211,93.0999984741211,20100,0.0,0.0
2025-03-04 04:30:00+00:00,93.0999984741211,93.19999694824219,93.0,93.0999984741211,62085,0.0,0.0
2025-03-04 04:35:00+00:00,93.0999984741211,93.0999984741211,93.0,93.0999984741211,25061,0.0,0.0
2025-03-04 04:40:00+00:00,93.19999694824219,93.30000305175781,93.0999984741211,93.30000305175781,32146,0.0,0.0
2025-03-04 04:45:00+00:00,93.19999694824219,93.4000015258789,93.19999694824219,93.30000305175781,24001,0.0,0.0
2025-03-04 04:50:00+00:00,93.30000305175781,93.4000015258789,93.19999694824219,93.4000015258789,22075,0.0,0.0
2025-03-04 04:55:00+00:00,93.4000015258789,93.5,93.4000015258789,93.4000015258789,70389,0.0,0.0
2025-03-04 05:00:00+00:00,93.4000015258789,93.4000015258789,93.4000015258789,93.4000015258789,13100,0.0,0.0
2025-03-04 05:05:00+00:00,93.5,93.80000305175781,93.5,93.80000305175781,207147,0.0,0.0
2025-03-04 05:10:00+00:00,93.80000305175781,93.9000015258789,93.69999694824219,93.9000015258789,173539,0.0,0.0
2025-03-04 05:15:00+00:00,93.9000015258789,93.9000015258789,93.69999694824219,93.9000015258789,36680,0.0,0.0
2025-03-04 05:20:00+00:00,93.9000015258789,93.9000015258789,93.69999694824219,93.69999694824219,77453,0.0,0.0
2025-03-05 01:00:00+00:00,94.0,94.19999694824219,93.19999694824219,93.19999694824219,0,0.0,0.0
2025-03-05 01:05:00+00:00,93.19999694824219,93.4000015258789,92.9000015258789,93.0,79745,0.0,0.0
2025-03-05 01:10:00+00:00,93.0,93.5,92.9000015258789,93.5,78664,0.0,0.0
2025-03-05 01:15:00+00:00,93.4000015258789,93.5,93.4000015258789,93.5,10450,0.0,0.0
2025-03-05 01:20:00+00:00,93.5,93.5,93.0,93.0999984741211,79278,0.0,0.0
2025-03-05 01:25:00+00:00,93.19999694824219,93.5,93.19999694824219,93.5,13250,0.0,0.0
2025-03-05 01:30:00+00:00,93.5,93.5,93.30000305175781,93.30000305175781,18250,0.0,0.0
2025-03-05 01:35:00+00:00,93.4000015258789,93.5,93.30000305175781,93.5,10220,0.0,0.0
2025-03-05 01:40:00+00:00,93.5,93.5,93.5,93.5,3045,0.0,0.0
2025-03-05 01:45:00+00:00,93.5999984741211,93.9000015258789,93.5999984741211,93.80000305175781,34875,0.0,0.0
2025-03-05 01:50:00+00:00,93.9000015258789,93.9000015258789,93.80000305175781,93.80000305175781,22000,0.0,0.0
2025-03-05 01:55:00+00:00,93.80000305175781,93.80000305175781,93.69999694824219,93.80000305175781,10105,0.0,0.0
2025-03-05 02:00:00+00:00,93.80000305175781,93.80000305175781,93.5999984741211,93.5999984741211,25700,0.0,0.0
2025-03-05 02:05:00+00:00,93.5999984741211,93.5999984741211,93.5,93.5999984741211,9000,0.0,0.0
2025-03-05 02:10:00+00:00,93.5,93.5,93.5,93.5,14700,0.0,0.0
2025-03-05 02:15:00+00:00,93.5,93.5,93.4000015258789,93.5,13250,0.0,0.0
2025-03-05 02:20:00+00:00,93.4000015258789,93.5999984741211,93.4000015258789,93.5999984741211,6000,0.0,0.0
2025-03-05 02:25:00+00:00,93.69999694824219,93.69999694824219,93.5999984741211,93.5999984741211,6010,0.0,0.0
2025-03-05 02:30:00+00:00,93.5999984741211,93.5999984741211,93.5,93.5,5050,0.0,0.0
2025-03-05 02:35:00+00:00,93.5,93.5,93.5,93.5,1030,0.0,0.0
2025-03-05 02:40:00+00:00,93.5,93.5,93.5,93.5,3000,0.0,0.0
2025-03-05 02:45:00+00:00,93.5999984741211,93.5999984741211,93.5999984741211,93.5999984741211,4350,0.0,0.0
2025-03-05 02:50:00+00:00,93.5999984741211,93.5999984741211,93.5,93.5,12000,0.0,0.0
2025-03-05 02:55:00+00:00,93.5,93.5,93.5,93.5,1000,0.0,0.0
2025-03-05 03:00:00+00:00,93.5999984741211,93.5999984741211,93.5,93.5999984741211,5000,0.0,0.0
2025-03-05 03:05:00+00:00,93.5999984741211,93.5999984741211,93.5999984741211,93.5999984741211,1048,0.0,0.0
2025-03-05 03:10:00+00:00,93.5999984741211,93.5999984741211,93.5,93.5,7010,0.0,0.0
2025-03-05 03:15:00+00:00,93.5,93.5,93.30000305175781,93.4000015258789,25010,0.0,0.0
2025-03-05 03:20:00+00:00,93.4000015258789,93.4000015258789,93.30000305175781,93.30000305175781,15100,0.0,0.0
2025-03-05 03:25:00+00:00,93.4000015258789,93.4000015258789,93.30000305175781,93.4000015258789,9000,0.0,0.0
2025-03-05 03:30:00+00:00,93.30000305175781,93.5,93.30000305175781,93.5,13301,0.0,0.0
2025-03-05 03:35:00+00:00,93.5,93.5999984741211,93.5,93.5999984741211,5000,0.0,0.0
2025-03-05 03:40:00+00:00,93.5999984741211,93.69999694824219,93.5999984741211,93.69999694824219,30639,0.0,0.0
2025-03-05 03:45:00+00:00,93.69999694824219,93.69999694824219,93.5,93.5,24118,0.0,0.0
2025-03-05 03:50:00+00:00,93.5999984741211,93.5999984741211,93.5999984741211,93.5999984741211,2100,0.0,0.0
2025-03-05 03:55:00+00:00,93.5999984741211,93.5999984741211,93.5999984741211,93.5999984741211,1000,0.0,0.0
2025-03-05 04:00:00+00:00,93.5,93.5,93.5,93.5,14000,0.0,0.0
2025-03-05 04:05:00+00:00,93.4000015258789,93.4000015258789,93.4000015258789,93.4000015258789,1032,0.0,0.0
2025-03-05 04:10:00+00:00,93.4000015258789,93.5,93.4000015258789,93.5,22000,0.0,0.0
2025-03-05 04:15:00+00:00,93.5999984741211,93.5999984741211,93.5999984741211,93.5999984741211,1050,0.0,0.0
2025-03-05 04:20:00+00:00,93.5,93.5999984741211,93.5,93.5999984741211,7000,0.0,0.0
2025-03-05 04:25:00+00:00,93.5999984741211,93.80000305175781,93.5999984741211,93.69999694824219,27120,0.0,0.0
2025-03-05 04:30:00+00:00,93.69999694824219,93.69999694824219,93.5999984741211,93.5999984741211,8484,0.0,0.0
2025-03-05 04:35:00+00:00,93.5999984741211,94.0999984741211,93.5999984741211,94.0999984741211,95079,0.0,0.0
2025-03-05 04:40:00+00:00,94.0999984741211,94.19999694824219,93.9000015258789,94.19999694824219,60500,0.0,0.0
2025-03-05 04:45:00+00:00,94.19999694824219,94.30000305175781,94.0,94.0999984741211,58230,0.0,0.0
2025-03-05 04:50:00+00:00,94.0999984741211,94.0999984741211,94.0999984741211,94.0999984741211,49026,0.0,0.0
2025-03-05 04:55:00+00:00,94.0999984741211,94.0999984741211,94.0,94.0,16076,0.0,0.0
2025-03-05 05:00:00+00:00,94.0,94.0999984741211,94.0,94.0999984741211,24210,0.0,0.0
2025-03-05 05:05:00+00:00,94.0999984741211,94.0999984741211,94.0999984741211,94.0999984741211,33140,0.0,0.0
2025-03-05 05:10:00+00:00,94.0999984741211,94.0999984741211,94.0,94.0,45131,0.0,0.0
2025-03-05 05:15:00+00:00,93.9000015258789,94.0,93.80000305175781,93.9000015258789,36204,0.0,0.0
2025-03-05 05:20:00+00:00,93.9000015258789,94.0,93.80000305175781,93.80000305175781,32260,0.0,0.0
2025-03-06 01:00:00+00:00,94.19999694824219,94.30000305175781,93.5,93.5,0,0.0,0.0
2025-03-06 01:05:00+00:00,93.5,93.5,93.19999694824219,93.5,52004,0.0,0.0
2025-03-06 01:10:00+00:00,93.5999984741211,93.5999984741211,93.4000015258789,93.4000015258789,11220,0.0,0.0
2025-03-06 01:15:00+00:00,93.5999984741211,93.69999694824219,93.5,93.5,11330,0.0,0.0
2025-03-06 01:20:00+00:00,93.5,93.5,93.19999694824219,93.19999694824219,31820,0.0,0.0
2025-03-06 01:25:00+00:00,93.19999694824219,93.30000305175781,93.19999694824219,93.30000305175781,26024,0.0,0.0
2025-03-06 01:30:00+00:00,93.30000305175781,93.69999694824219,93.30000305175781,93.4000015258789,40551,0.0,0.0
2025-03-06 01:35:00+00:00,93.4000015258789,93.5,93.4000015258789,93.4000015258789,12100,0.0,0.0
2025-03-06 01:40:00+00:00,93.30000305175781,93.69999694824219,93.30000305175781,93.4000015258789,22100,0.0,0.0
2025-03-06 01:45:00+00:00,93.4000015258789,93.69999694824219,93.4000015258789,93.5999984741211,12086,0.0,0.0
2025-03-06 01:50:00+00:00,93.5,94.19999694824219,93.5,94.0,51178,0.0,0.0
2025-03-06 01:55:00+00:00,93.9000015258789,95.80000305175781,93.9000015258789,95.5999984741211,808850,0.0,0.0
2025-03-06 02:00:00+00:00,95.5999984741211,95.80000305175781,95.0999984741211,95.5,483661,0.0,0.0
2025-03-06 02:05:00+00:00,95.5999984741211,96.5999984741211,95.5,96.5999984741211,868186,0.0,0.0
2025-03-06 02:10:00+00:00,96.5999984741211,98.5,96.30000305175781,97.9000015258789,1140110,0.0,0.0
2025-03-06 02:15:00+00:00,97.9000015258789,99.0,97.69999694824219,97.9000015258789,733360,0.0,0.0
2025-03-06 02:20:00+00:00,98.0,98.0,96.9000015258789,97.4000015258789,333853,0.0,0.0
2025-03-06 02:25:00+00:00,97.5,97.80000305175781,96.9000015258789,97.19999694824219,232577,0.0,0.0
2025-03-06 02:30:00+00:00,97.0999984741211,97.4000015258789,96.80000305175781,96.80000305175781,191140,0.0,0.0
2025-03-06 02:35:00+00:00,96.80000305175781,96.9000015258789,96.0,96.30000305175781,305503,0.0,0.0
2025-03-06 02:40:00+00:00,96.30000305175781,96.4000015258789,96.0,96.0999984741211,86470,0.0,0.0
2025-03-06 02:45:00+00:00,96.0999984741211,96.5,96.0,96.5,83856,0.0,0.0
2025-03-06 02:50:00+00:00,96.5,97.19999694824219,96.4000015258789,96.9000015258789,201400,0.0,0.0
2025-03-06 02:55:00+00:00,97.0,97.0,96.5,96.5,52980,0.0,0.0
2025-03-06 03:00:00+00:00,96.5999984741211,96.69999694824219,96.30000305175781,96.30000305175781,37410,0.0,0.0
2025-03-06 03:05:00+00:00,96.30000305175781,96.5,96.0999984741211,96.0999984741211,58854,0.0,0.0
2025-03-06 03:10:00+00:00,96.0999984741211,96.19999694824219,95.5999984741211,95.80000305175781,159063,0.0,0.0
2025-03-06 03:15:00+00:00,95.80000305175781,96.0,95.5999984741211,96.0,87065,0.0,0.0
2025-03-06 03:20:00+00:00,96.0,96.0,95.69999694824219,95.69999694824219,37225,0.0,0.0
2025-03-06 03:25:00+00:00,95.69999694824219,95.9000015258789,95.69999694824219,95.9000015258789,45300,0.0,0.0
2025-03-06 03:30:00+00:00,95.9000015258789,96.0,95.80000305175781,96.0,56343,0.0,0.0
2025-03-06 03:35:00+00:00,95.9000015258789,96.0999984741211,95.80000305175781,95.80000305175781,32110,0.0,0.0
2025-03-06 03:40:00+00:00,95.80000305175781,96.0,95.80000305175781,95.9000015258789,49841,0.0,0.0
2025-03-06 03:45:00+00:00,95.80000305175781,95.80000305175781,95.4000015258789,95.5,99845,0.0,0.0
2025-03-06 03:50:00+00:00,95.5,95.5999984741211,95.4000015258789,95.5,37615,0.0,0.0
2025-03-06 03:55:00+00:00,95.5,95.5,95.30000305175781,95.30000305175781,75247,0.0,0.0
2025-03-06 04:00:00+00:00,95.4000015258789,96.0,95.30000305175781,96.0,74506,0.0,0.0
2025-03-06 04:05:00+00:00,95.9000015258789,96.0,95.69999694824219,95.9000015258789,39432,0.0,0.0
2025-03-06 04:10:00+00:00,95.80000305175781,95.80000305175781,95.19999694824219,95.30000305175781,99396,0.0,0.0
2025-03-06 04:15:00+00:00,95.4000015258789,95.4000015258789,95.30000305175781,95.30000305175781,16081,0.0,0.0
2025-03-06 04:20:00+00:00,95.30000305175781,95.5,95.0999984741211,95.19999694824219,92569,0.0,0.0
2025-03-06 04:25:00+00:00,95.19999694824219,95.19999694824219,94.80000305175781,94.80000305175781,171470,0.0,0.0
2025-03-06 04:30:00+00:00,94.9000015258789,95.0,94.69999694824219,94.9000015258789,66535,0.0,0.0
2025-03-06 04:35:00+00:00,94.9000015258789,95.19999694824219,94.9000015258789,95.0999984741211,46320,0.0,0.0
2025-03-06 04:40:00+00:00,95.0999984741211,95.30000305175781,95.0,95.19999694824219,28015,0.0,0.0
2025-03-06 04:45:00+00:00,95.30000305175781,95.4000015258789,95.0999984741211,95.0999984741211,44050,0.0,0.0
2025-03-06 04:50:00+00:00,95.19999694824219,95.4000015258789,95.0999984741211,95.30000305175781,30472,0.0,0.0
2025-03-06 04:55:00+00:00,95.30000305175781,95.4000015258789,95.19999694824219,95.19999694824219,33647,0.0,0.0
2025-03-06 05:00:00+00:00,95.19999694824219,95.4000015258789,95.19999694824219,95.30000305175781,36301,0.0,0.0
2025-03-06 05:05:00+00:00,95.30000305175781,95.30000305175781,95.0999984741211,95.19999694824219,33200,0.0,0.0
2025-03-06 05:10:00+00:00,95.19999694824219,95.4000015258789,95.0999984741211,95.4000015258789,52490,0.0,0.0
2025-03-06 05:15:00+00:00,95.4000015258789,96.0999984741211,95.4000015258789,96.0,186256,0.0,0.0
2025-03-06 05:20:00+00:00,96.0,96.0,95.5,95.9000015258789,132739,0.0,0.0
2025-03-07 01:00:00+00:00,95.0,95.69999694824219,94.5,94.9000015258789,0,0.0,0.0
2025-03-07 01:05:00+00:00,94.9000015258789,95.4000015258789,94.9000015258789,95.19999694824219,113216,0.0,0.0
2025-03-07 01:10:00+00:00,95.30000305175781,96.80000305175781,95.30000305175781,96.69999694824219,261137,0.0,0.0
2025-03-07 01:15:00+00:00,96.5999984741211,96.5999984741211,95.69999694824219,95.69999694824219,208222,0.0,0.0
2025-03-07 01:20:00+00:00,95.80000305175781,95.80000305175781,94.9000015258789,95.0999984741211,212749,0.0,0.0
2025-03-07 01:25:00+00:00,95.0999984741211,95.5999984741211,95.0,95.4000015258789,85347,0.0,0.0
2025-03-07 01:30:00+00:00,95.4000015258789,95.5,95.0999984741211,95.19999694824219,34154,0.0,0.0
2025-03-07 01:35:00+00:00,95.30000305175781,95.4000015258789,95.19999694824219,95.19999694824219,18580,0.0,0.0
2025-03-07 01:40:00+00:00,95.19999694824219,95.19999694824219,94.9000015258789,94.9000015258789,75060,0.0,0.0
2025-03-07 01:45:00+00:00,94.9000015258789,95.19999694824219,94.5999984741211,94.9000015258789,101912,0.0,0.0
2025-03-07 01:50:00+00:00,94.9000015258789,95.0,94.0,94.19999694824219,265221,0.0,0.0
2025-03-07 01:55:00+00:00,94.19999694824219,94.30000305175781,93.5,93.9000015258789,177403,0.0,0.0
2025-03-07 02:00:00+00:00,93.80000305175781,94.30000305175781,93.0999984741211,94.30000305175781,254336,0.0,0.0
2025-03-07 02:05:00+00:00,94.30000305175781,94.69999694824219,94.0999984741211,94.0999984741211,84065,0.0,0.0
2025-03-07 02:10:00+00:00,94.30000305175781,94.5999984741211,94.19999694824219,94.30000305175781,37070,0.0,0.0
2025-03-07 02:15:00+00:00,94.30000305175781,94.5999984741211,94.19999694824219,94.4000015258789,37264,0.0,0.0
2025-03-07 02:20:00+00:00,94.4000015258789,94.4000015258789,94.0999984741211,94.0999984741211,17254,0.0,0.0
2025-03-07 02:25:00+00:00,94.0999984741211,94.19999694824219,94.0999984741211,94.0999984741211,11500,0.0,0.0
2025-03-07 02:30:00+00:00,94.0999984741211,94.19999694824219,93.80000305175781,93.9000015258789,79505,0.0,0.0
2025-03-07 02:35:00+00:00,94.0999984741211,94.5999984741211,94.0999984741211,94.5999984741211,27030,0.0,0.0
2025-03-07 02:40:00+00:00,94.5999984741211,94.5999984741211,94.5,94.5,5090,0.0,0.0
2025-03-07 02:45:00+00:00,94.5,94.5999984741211,94.5,94.5,15005,0.0,0.0
2025-03-07 02:50:00+00:00,94.5,94.5,94.19999694824219,94.19999694824219,31655,0.0,0.0
2025-03-07 02:55:00+00:00,94.19999694824219,94.19999694824219,94.0,94.0,49006,0.0,0.0
2025-03-07 03:00:00+00:00,94.0,94.19999694824219,93.9000015258789,94.0,57040,0.0,0.0
2025-03-07 03:05:00+00:00,94.0,94.0,93.80000305175781,93.9000015258789,47307,0.0,0.0
2025-03-07 03:10:00+00:00,93.9000015258789,94.0,93.9000015258789,94.0,5000,0.0,0.0
2025-03-07 03:15:00+00:00,94.0,94.0999984741211,94.0,94.0,8032,0.0,0.0
2025-03-07 03:20:00+00:00,93.9000015258789,93.9000015258789,93.69999694824219,93.9000015258789,37318,0.0,0.0
2025-03-07 03:25:00+00:00,93.9000015258789,94.0,93.80000305175781,93.80000305175781,8051,0.0,0.0
2025-03-07 03:30:00+00:00,93.80000305175781,93.9000015258789,93.80000305175781,93.9000015258789,16228,0.0,0.0
2025-03-07 03:35:00+00:00,93.9000015258789,94.0,93.9000015258789,94.0,23794,0.0,0.0
2025-03-07 03:40:00+00:00,93.9000015258789,94.4000015258789,93.9000015258789,94.4000015258789,34840,0.0,0.0
2025-03-07 03:45:00+00:00,94.19999694824219,94.19999694824219,94.19999694824219,94.19999694824219,4045,0.0,0.0
2025-03-07 03:50:00+00:00,94.19999694824219,94.19999694824219,94.19999694824219,94.19999694824219,2006,0.0,0.0
2025-03-07 03:55:00+00:00,94.0999984741211,94.0999984741211,94.0,94.0,18276,0.0,0.0
2025-03-07 04:00:00+00:00,94.0999984741211,94.30000305175781,94.0999984741211,94.0999984741211,31140,0.0,0.0
2025-03-07 04:05:00+00:00,94.0999984741211,94.0999984741211,94.0,94.0,26200,0.0,0.0
2025-03-07 04:10:00+00:00,94.0999984741211,94.0999984741211,94.0,94.0999984741211,22030,0.0,0.0
2025-03-07 04:15:00+00:00,94.0,94.0,93.9000015258789,94.0,32000,0.0,0.0
2025-03-07 04:20:00+00:00,94.0,94.0,93.9000015258789,93.9000015258789,70550,0.0,0.0
2025-03-07 04:25:00+00:00,94.0,94.0,93.80000305175781,93.9000015258789,47000,0.0,0.0
2025-03-07 04:30:00+00:00,93.80000305175781,93.9000015258789,93.5,93.5999984741211,73709,0.0,0.0
2025-03-07 04:35:00+00:00,93.5,93.5,93.19999694824219,93.30000305175781,161862,0.0,0.0
2025-03-07 04:40:00+00:00,93.30000305175781,93.30000305175781,92.4000015258789,93.0,334428,0.0,0.0
2025-03-07 04:45:00+00:00,92.80000305175781,93.0,92.69999694824219,92.80000305175781,67270,0.0,0.0
2025-03-07 04:50:00+00:00,92.80000305175781,92.80000305175781,92.5,92.80000305175781,115335,0.0,0.0
2025-03-07 04:55:00+00:00,92.69999694824219,92.80000305175781,92.69999694824219,92.69999694824219,43023,0.0,0.0
2025-03-07 05:00:00+00:00,92.69999694824219,92.80000305175781,92.69999694824219,92.80000305175781,53808,0.0,0.0
2025-03-07 05:05:00+00:00,92.69999694824219,92.9000015258789,92.5999984741211,92.69999694824219,90663,0.0,0.0
2025-03-07 05:10:00+00:00,92.80000305175781,92.9000015258789,92.69999694824219,92.69999694824219,52816,0.0,0.0
2025-03-07 05:15:00+00:00,92.80000305175781,92.80000305175781,92.5,92.5,88178,0.0,0.0
2025-03-07 05:20:00+00:00,92.5,92.5999984741211,92.0999984741211,92.0999984741211,218757,0.0,0.0
2025-03-10 01:00:00+00:00,92.30000305175781,93.19999694824219,92.30000305175781,92.5999984741211,0,0.0,0.0
2025-03-10 01:05:00+00:00,92.5,93.4000015258789,92.5,92.80000305175781,120005,0.0,0.0
2025-03-10 01:10:00+00:00,92.80000305175781,92.9000015258789,92.0999984741211,92.9000015258789,88598,0.0,0.0
2025-03-10 01:15:00+00:00,92.5999984741211,93.0,92.5,92.5999984741211,39272,0.0,0.0
2025-03-10 01:20:00+00:00,92.5999984741211,92.5999984741211,92.4000015258789,92.5,22032,0.0,0.0
2025-03-10 01:25:00+00:00,92.5,92.5999984741211,92.5,92.5,9340,0.0,0.0
2025-03-10 01:30:00+00:00,92.4000015258789,92.80000305175781,92.4000015258789,92.4000015258789,23943,0.0,0.0
2025-03-10 01:35:00+00:00,92.30000305175781,92.9000015258789,92.30000305175781,92.9000015258789,27480,0.0,0.0
2025-03-10 01:40:00+00:00,92.9000015258789,93.0999984741211,92.69999694824219,92.69999694824219,21280,0.0,0.0
2025-03-10 01:45:00+00:00,92.69999694824219,92.69999694824219,92.30000305175781,92.30000305175781,41990,0.0,0.0
2025-03-10 01:50:00+00:00,92.30000305175781,92.5999984741211,92.0999984741211,92.5999984741211,89115,0.0,0.0
2025-03-10 01:55:00+00:00,92.9000015258789,93.19999694824219,92.9000015258789,93.19999694824219,36629,0.0,0.0
2025-03-10 02:00:00+00:00,93.0999984741211,93.0999984741211,92.9000015258789,93.0,17050,0.0,0.0
2025-03-10 02:05:00+00:00,92.80000305175781,93.0,92.5,93.0,15000,0.0,0.0
2025-03-10 02:10:00+00:00,92.80000305175781,92.80000305175781,92.80000305175781,92.80000305175781,3125,0.0,0.0
2025-03-10 02:15:00+00:00,92.9000015258789,92.9000015258789,92.5,92.5,4000,0.0,0.0
2025-03-10 02:20:00+00:00,92.5999984741211,92.9000015258789,92.5999984741211,92.9000015258789,5000,0.0,0.0
2025-03-10 02:25:00+00:00,92.9000015258789,92.9000015258789,92.80000305175781,92.80000305175781,5056,0.0,0.0
2025-03-10 02:30:00+00:00,92.80000305175781,92.80000305175781,92.80000305175781,92.80000305175781,4001,0.0,0.0
2025-03-10 02:35:00+00:00,93.0,93.80000305175781,93.0,93.69999694824219,134003,0.0,0.0
2025-03-10 02:40:00+00:00,93.69999694824219,93.69999694824219,93.4000015258789,93.4000015258789,21125,0.0,0.0
2025-03-10 02:45:00+00:00,93.30000305175781,93.4000015258789,93.30000305175781,93.4000015258789,8000,0.0,0.0
2025-03-10 02:50:00+00:00,93.5,93.5,93.19999694824219,93.30000305175781,6001,0.0,0.0
2025-03-10 02:55:00+00:00,93.30000305175781,93.30000305175781,93.0999984741211,93.0999984741211,10092,0.0,0.0
2025-03-10 03:00:00+00:00,93.0,93.0,92.80000305175781,92.9000015258789,20472,0.0,0.0
2025-03-10 03:05:00+00:00,93.0,93.0,93.0,93.0,4075,0.0,0.0
2025-03-10 03:10:00+00:00,93.0,93.0,92.5,92.5,49122,0.0,0.0
2025-03-10 03:15:00+00:00,92.5999984741211,92.5999984741211,92.5,92.5,11006,0.0,0.0
2025-03-10 03:20:00+00:00,92.9000015258789,92.9000015258789,92.9000015258789,92.9000015258789,5050,0.0,0.0
2025-03-10 03:25:00+00:00,92.80000305175781,92.80000305175781,92.80000305175781,92.80000305175781,6100,0.0,0.0
2025-03-10 03:30:00+00:00,92.9000015258789,92.9000015258789,92.9000015258789,92.9000015258789,1000,0.0,0.0
2025-03-10 03:40:00+00:00,92.9000015258789,92.9000015258789,92.9000015258789,92.9000015258789,3025,0.0,0.0
2025-03-10 03:45:00+00:00,92.80000305175781,92.80000305175781,92.80000305175781,92.80000305175781,1154,0.0,0.0
2025-03-10 03:50:00+00:00,92.69999694824219,92.80000305175781,92.69999694824219,92.80000305175781,3496,0.0,0.0
2025-03-10 03:55:00+00:00,92.80000305175781,92.9000015258789,92.80000305175781,92.9000015258789,16100,0.0,0.0
2025-03-10 04:00:00+00:00,92.9000015258789,93.0,92.9000015258789,93.0,4000,0.0,0.0
2025-03-10 04:05:00+00:00,93.0,93.0,93.0,93.0,10020,0.0,0.0
2025-03-10 04:10:00+00:00,92.9000015258789,92.9000015258789,92.9000015258789,92.9000015258789,2000,0.0,0.0
2025-03-10 04:15:00+00:00,92.80000305175781,92.80000305175781,92.80000305175781,92.80000305175781,5000,0.0,0.0
2025-03-10 04:20:00+00:00,92.69999694824219,93.0,92.5999984741211,93.0,72020,0.0,0.0
2025-03-10 04:25:00+00:00,93.0,93.0,93.0,93.0,6050,0.0,0.0
2025-03-10 04:30:00+00:00,92.9000015258789,93.19999694824219,92.9000015258789,93.19999694824219,24048,0.0,0.0
2025-03-10 04:35:00+00:00,93.19999694824219,93.19999694824219,92.9000015258789,92.9000015258789,15070,0.0,0.0
2025-03-10 04:40:00+00:00,93.0,93.0,93.0,93.0,4000,0.0,0.0
2025-03-10 04:45:00+00:00,93.0999984741211,93.0999984741211,92.69999694824219,92.69999694824219,31030,0.0,0.0
2025-03-10 04:50:00+00:00,92.69999694824219,92.80000305175781,92.4000015258789,92.4000015258789,71428,0.0,0.0
2025-03-10 04:55:00+00:00,92.4000015258789,92.4000015258789,92.0999984741211,92.19999694824219,123261,0.0,0.0
2025-03-10 05:00:00+00:00,92.30000305175781,92.5,92.30000305175781,92.30000305175781,4000,0.0,0.0
2025-03-10 05:05:00+00:00,92.30000305175781,92.30000305175781,92.0999984741211,92.19999694824219,25179,0.0,0.0
2025-03-10 05:10:00+00:00,92.30000305175781,92.4000015258789,92.19999694824219,92.19999694824219,23451,0.0,0.0
2025-03-10 05:15:00+00:00,92.19999694824219,92.5999984741211,92.19999694824219,92.5999984741211,36000,0.0,0.0
2025-03-10 05:20:00+00:00,92.5,92.5,92.19999694824219,92.30000305175781,23332,0.0,0.0
2025-03-11 01:00:00+00:00,89.5,89.5,87.5,88.4000015258789,0,0.0,0.0
2025-03-11 01:05:00+00:00,88.5,88.5999984741211,86.9000015258789,87.80000305175781,435000,0.0,0.0
2025-03-11 01:10:00+00:00,87.69999694824219,88.30000305175781,87.30000305175781,87.9000015258789,190826,0.0,0.0
2025-03-11 01:15:00+00:00,87.69999694824219,88.4000015258789,87.5,88.4000015258789,71952,0.0,0.0
2025-03-11 01:20:00+00:00,88.4000015258789,89.0999984741211,88.30000305175781,89.0999984741211,81418,0.0,0.0
2025-03-11 01:25:00+00:00,89.0999984741211,89.4000015258789,88.5,88.5,136507,0.0,0.0
2025-03-11 01:30:00+00:00,88.9000015258789,89.0999984741211,88.80000305175781,88.80000305175781,26400,0.0,0.0
2025-03-11 01:35:00+00:00,88.80000305175781,89.69999694824219,88.80000305175781,89.69999694824219,61189,0.0,0.0
2025-03-11 01:40:00+00:00,89.69999694824219,89.9000015258789,89.69999694824219,89.69999694824219,47100,0.0,0.0
2025-03-11 01:45:00+00:00,89.69999694824219,89.69999694824219,89.5,89.69999694824219,18337,0.0,0.0
2025-03-11 01:50:00+00:00,89.69999694824219,89.9000015258789,89.69999694824219,89.80000305175781,23000,0.0,0.0
2025-03-11 01:55:00+00:00,89.69999694824219,89.69999694824219,89.5,89.5,16479,0.0,0.0
2025-03-11 02:00:00+00:00,89.5,89.5999984741211,89.30000305175781,89.30000305175781,16348,0.0,0.0
2025-03-11 02:05:00+00:00,89.0999984741211,89.4000015258789,89.0999984741211,89.4000015258789,7301,0.0,0.0
2025-03-11 02:10:00+00:00,89.30000305175781,89.30000305175781,89.19999694824219,89.19999694824219,7590,0.0,0.0
2025-03-11 02:15:00+00:00,89.19999694824219,89.19999694824219,89.0999984741211,89.19999694824219,13200,0.0,0.0
2025-03-11 02:20:00+00:00,89.19999694824219,89.5,89.19999694824219,89.5,27000,0.0,0.0
2025-03-11 02:25:00+00:00,89.30000305175781,89.69999694824219,89.30000305175781,89.5,48053,0.0,0.0
2025-03-11 02:30:00+00:00,89.4000015258789,89.5999984741211,89.4000015258789,89.5,13120,0.0,0.0
2025-03-11 02:35:00+00:00,89.4000015258789,89.4000015258789,89.19999694824219,89.19999694824219,12228,0.0,0.0
2025-03-11 02:40:00+00:00,89.19999694824219,89.30000305175781,89.19999694824219,89.19999694824219,23100,0.0,0.0
2025-03-11 02:45:00+00:00,89.19999694824219,89.19999694824219,89.19999694824219,89.19999694824219,3100,0.0,0.0
2025-03-11 02:50:00+00:00,89.19999694824219,89.19999694824219,88.5999984741211,88.5999984741211,160598,0.0,0.0
2025-03-11 02:55:00+00:00,88.80000305175781,88.80000305175781,88.5999984741211,88.5999984741211,20773,0.0,0.0
2025-03-11 03:00:00+00:00,88.5999984741211,88.69999694824219,88.5,88.69999694824219,16150,0.0,0.0
2025-03-11 03:05:00+00:00,88.69999694824219,88.9000015258789,88.69999694824219,88.9000015258789,9049,0.0,0.0
2025-03-11 03:10:00+00:00,88.80000305175781,88.9000015258789,88.80000305175781,88.80000305175781,9000,0.0,0.0
2025-03-11 03:15:00+00:00,88.80000305175781,88.80000305175781,88.80000305175781,88.80000305175781,4129,0.0,0.0
2025-03-11 03:20:00+00:00,88.9000015258789,88.9000015258789,88.5,88.5999984741211,38902,0.0,0.0
2025-03-11 03:25:00+00:00,88.69999694824219,88.80000305175781,88.69999694824219,88.80000305175781,9000,0.0,0.0
2025-03-11 03:30:00+00:00,88.9000015258789,88.9000015258789,88.9000015258789,88.9000015258789,6000,0.0,0.0
2025-03-11 03:35:00+00:00,88.9000015258789,88.9000015258789,88.9000015258789,88.9000015258789,2315,0.0,0.0
2025-03-11 03:40:00+00:00,88.80000305175781,89.4000015258789,88.80000305175781,89.4000015258789,45300,0.0,0.0
2025-03-11 03:45:00+00:00,89.4000015258789,89.5,89.4000015258789,89.5,3050,0.0,0.0
2025-03-11 03:50:00+00:00,89.5,89.5,89.30000305175781,89.30000305175781,3015,0.0,0.0
2025-03-11 03:55:00+00:00,89.30000305175781,89.30000305175781,89.0999984741211,89.0999984741211,8100,0.0,0.0
2025-03-11 04:00:00+00:00,89.0999984741211,89.0999984741211,89.0,89.0,17125,0.0,0.0
2025-03-11 04:05:00+00:00,89.0,89.19999694824219,89.0,89.19999694824219,8043,0.0,0.0
2025-03-11 04:10:00+00:00,89.19999694824219,89.19999694824219,89.0999984741211,89.0999984741211,4503,0.0,0.0
2025-03-11 04:15:00+00:00,89.0999984741211,89.19999694824219,89.0999984741211,89.19999694824219,6337,0.0,0.0
2025-03-11 04:20:00+00:00,89.30000305175781,89.30000305175781,89.19999694824219,89.30000305175781,17050,0.0,0.0
2025-03-11 04:25:00+00:00,89.4000015258789,89.5999984741211,89.4000015258789,89.5999984741211,71788,0.0,0.0
2025-03-11 04:30:00+00:00,89.69999694824219,89.80000305175781,89.5999984741211,89.80000305175781,38010,0.0,0.0
2025-03-11 04:35:00+00:00,89.80000305175781,89.80000305175781,89.80000305175781,89.80000305175781,6145,0.0,0.0
2025-03-11 04:40:00+00:00,89.80000305175781,90.0,89.80000305175781,90.0,14370,0.0,0.0
2025-03-11 04:45:00+00:00,89.9000015258789,89.9000015258789,89.9000015258789,89.9000015258789,4756,0.0,0.0
2025-03-11 04:50:00+00:00,89.80000305175781,89.80000305175781,89.5999984741211,89.5999984741211,20946,0.0,0.0
2025-03-11 04:55:00+00:00,89.5,89.69999694824219,89.5,89.5999984741211,17212,0.0,0.0
2025-03-11 05:00:00+00:00,89.5999984741211,89.5999984741211,89.5,89.5,19060,0.0,0.0
2025-03-11 05:05:00+00:00,89.5,89.5999984741211,89.5,89.5999984741211,5000,0.0,0.0
2025-03-11 05:10:00+00:00,89.5,89.80000305175781,89.5,89.80000305175781,40418,0.0,0.0
2025-03-11 05:15:00+00:00,89.80000305175781,89.9000015258789,89.80000305175781,89.80000305175781,54492,0.0,0.0
2025-03-11 05:20:00+00:00,89.80000305175781,89.9000015258789,89.80000305175781,89.80000305175781,21041,0.0,0.0
2025-03-12 01:00:00+00:00,91.0,91.0,89.9000015258789,90.0999984741211,0,0.0,0.0
2025-03-12 01:05:00+00:00,90.0999984741211,90.5999984741211,90.0,90.19999694824219,37320,0.0,0.0
2025-03-12 01:10:00+00:00,90.19999694824219,90.30000305175781,90.0999984741211,90.0999984741211,24210,0.0,0.0
2025-03-12 01:15:00+00:00,90.19999694824219,90.19999694824219,90.0999984741211,90.19999694824219,14468,0.0,0.0
2025-03-12 01:20:00+00:00,90.19999694824219,90.5,90.19999694824219,90.4000015258789,16275,0.0,0.0
2025-03-12 01:25:00+00:00,90.4000015258789,90.80000305175781,90.4000015258789,90.80000305175781,41563,0.0,0.0
2025-03-12 01:30:00+00:00,90.5999984741211,90.5999984741211,90.30000305175781,90.30000305175781,21111,0.0,0.0
2025-03-12 01:35:00+00:00,90.4000015258789,90.4000015258789,90.30000305175781,90.30000305175781,3000,0.0,0.0
2025-03-12 01:40:00+00:00,90.30000305175781,90.30000305175781,90.19999694824219,90.19999694824219,18000,0.0,0.0
2025-03-12 01:45:00+00:00,90.19999694824219,90.30000305175781,90.0999984741211,90.0999984741211,42382,0.0,0.0
2025-03-12 01:50:00+00:00,90.0999984741211,90.0999984741211,90.0999984741211,90.0999984741211,2200,0.0,0.0
2025-03-12 01:55:00+00:00,90.30000305175781,91.0,90.30000305175781,91.0,61000,0.0,0.0
2025-03-12 02:00:00+00:00,90.80000305175781,90.80000305175781,90.4000015258789,90.5,27000,0.0,0.0
2025-03-12 02:05:00+00:00,90.5,90.69999694824219,90.4000015258789,90.69999694824219,12596,0.0,0.0
2025-03-12 02:10:00+00:00,90.69999694824219,90.69999694824219,90.69999694824219,90.69999694824219,4171,0.0,0.0
2025-03-12 02:15:00+00:00,90.5999984741211,90.5999984741211,90.5999984741211,90.5999984741211,3055,0.0,0.0
2025-03-12 02:20:00+00:00,90.69999694824219,90.80000305175781,90.69999694824219,90.80000305175781,19006,0.0,0.0
2025-03-12 02:25:00+00:00,90.69999694824219,90.69999694824219,90.69999694824219,90.69999694824219,1151,0.0,0.0
2025-03-12 02:30:00+00:00,90.5999984741211,90.5999984741211,90.5999984741211,90.5999984741211,5510,0.0,0.0
2025-03-12 02:35:00+00:00,90.5999984741211,90.5999984741211,90.5999984741211,90.5999984741211,2000,0.0,0.0
2025-03-12 02:40:00+00:00,90.5,90.5,90.5,90.5,7000,0.0,0.0
2025-03-12 02:45:00+00:00,90.5,90.69999694824219,90.5,90.69999694824219,21000,0.0,0.0
2025-03-12 02:50:00+00:00,90.80000305175781,90.80000305175781,90.80000305175781,90.80000305175781,3050,0.0,0.0
2025-03-12 02:55:00+00:00,90.80000305175781,90.80000305175781,90.69999694824219,90.80000305175781,8050,0.0,0.0
2025-03-12 03:00:00+00:00,90.9000015258789,91.0,90.9000015258789,91.0,9000,0.0,0.0
2025-03-12 03:05:00+00:00,90.9000015258789,90.9000015258789,90.80000305175781,90.9000015258789,5200,0.0,0.0
2025-03-12 03:10:00+00:00,90.9000015258789,91.0,90.80000305175781,91.0,8110,0.0,0.0
2025-03-12 03:15:00+00:00,90.80000305175781,90.80000305175781,90.80000305175781,90.80000305175781,5090,0.0,0.0
2025-03-12 03:20:00+00:00,90.80000305175781,90.80000305175781,90.80000305175781,90.80000305175781,9000,0.0,0.0
2025-03-12 03:25:00+00:00,90.9000015258789,90.9000015258789,90.69999694824219,90.69999694824219,7035,0.0,0.0
2025-03-12 03:30:00+00:00,90.69999694824219,90.69999694824219,90.69999694824219,90.69999694824219,1015,0.0,0.0
2025-03-12 03:35:00+00:00,90.80000305175781,90.80000305175781,90.80000305175781,90.80000305175781,16005,0.0,0.0
2025-03-12 03:40:00+00:00,90.80000305175781,90.80000305175781,90.80000305175781,90.80000305175781,1045,0.0,0.0
2025-03-12 03:45:00+00:00,90.80000305175781,90.80000305175781,90.80000305175781,90.80000305175781,3000,0.0,0.0
2025-03-12 03:50:00+00:00,90.69999694824219,91.0999984741211,90.69999694824219,91.0999984741211,46299,0.0,0.0
2025-03-12 03:55:00+00:00,91.0999984741211,91.4000015258789,91.0999984741211,91.0999984741211,32321,0.0,0.0
2025-03-12 04:00:00+00:00,91.0,91.0,90.9000015258789,90.9000015258789,10050,0.0,0.0
2025-03-12 04:05:00+00:00,90.9000015258789,90.9000015258789,90.69999694824219,90.69999694824219,19156,0.0,0.0
2025-03-12 04:10:00+00:00,90.69999694824219,90.69999694824219,90.5999984741211,90.5999984741211,5000,0.0,0.0
2025-03-12 04:15:00+00:00,90.69999694824219,90.69999694824219,90.5999984741211,90.5999984741211,3055,0.0,0.0
2025-03-12 04:25:00+00:00,90.69999694824219,90.69999694824219,90.5999984741211,90.5999984741211,6011,0.0,0.0
2025-03-12 04:30:00+00:00,90.69999694824219,90.69999694824219,90.69999694824219,90.69999694824219,2000,0.0,0.0
2025-03-12 04:35:00+00:00,90.5999984741211,90.5999984741211,90.5,90.5,17100,0.0,0.0
2025-03-12 04:40:00+00:00,90.5,90.5,90.4000015258789,90.4000015258789,25211,0.0,0.0
2025-03-12 04:45:00+00:00,90.30000305175781,90.30000305175781,90.0999984741211,90.0999984741211,30340,0.0,0.0
2025-03-12 04:50:00+00:00,90.0999984741211,90.19999694824219,90.0999984741211,90.19999694824219,8054,0.0,0.0
2025-03-12 04:55:00+00:00,90.0999984741211,90.0999984741211,90.0999984741211,90.0999984741211,20000,0.0,0.0
2025-03-12 05:00:00+00:00,90.0999984741211,90.19999694824219,90.0999984741211,90.19999694824219,9046,0.0,0.0
2025-03-12 05:05:00+00:00,90.19999694824219,90.4000015258789,90.19999694824219,90.19999694824219,11150,0.0,0.0
2025-03-12 05:10:00+00:00,90.30000305175781,90.5,90.19999694824219,90.5,17130,0.0,0.0
2025-03-12 05:15:00+00:00,90.4000015258789,90.5,90.4000015258789,90.4000015258789,13037,0.0,0.0
2025-03-12 05:20:00+00:00,90.4000015258789,90.4000015258789,90.19999694824219,90.30000305175781,31251,0.0,0.0
2025-03-13 01:00:00+00:00,91.5,92.0999984741211,91.5,92.0,0,0.0,0.0
2025-03-13 01:05:00+00:00,92.0,93.19999694824219,92.0,92.5,248000,0.0,0.0
2025-03-13 01:10:00+00:00,92.5,92.5,91.9000015258789,91.9000015258789,60604,0.0,0.0
2025-03-13 01:15:00+00:00,91.9000015258789,92.19999694824219,91.9000015258789,92.0,15449,0.0,0.0
2025-03-13 01:20:00+00:00,91.9000015258789,92.0999984741211,91.9000015258789,92.0,11533,0.0,0.0
2025-03-13 01:25:00+00:00,92.0,92.0999984741211,91.69999694824219,91.69999694824219,54053,0.0,0.0
2025-03-13 01:30:00+00:00,91.5999984741211,91.5999984741211,91.5999984741211,91.5999984741211,10000,0.0,0.0
2025-03-13 01:35:00+00:00,91.5999984741211,91.5999984741211,91.5999984741211,91.5999984741211,3007,0.0,0.0
2025-03-13 01:40:00+00:00,91.5999984741211,91.5999984741211,91.4000015258789,91.4000015258789,22120,0.0,0.0
2025-03-13 01:45:00+00:00,91.30000305175781,91.30000305175781,91.19999694824219,91.30000305175781,17000,0.0,0.0
2025-03-13 01:50:00+00:00,91.30000305175781,91.30000305175781,91.19999694824219,91.30000305175781,16000,0.0,0.0
2025-03-13 01:55:00+00:00,91.30000305175781,91.4000015258789,91.30000305175781,91.4000015258789,11000,0.0,0.0
2025-03-13 02:00:00+00:00,91.4000015258789,91.5,91.30000305175781,91.30000305175781,7101,0.0,0.0
2025-03-13 02:05:00+00:00,91.30000305175781,91.30000305175781,91.0999984741211,91.19999694824219,20000,0.0,0.0
2025-03-13 02:10:00+00:00,91.0999984741211,91.0999984741211,90.80000305175781,90.9000015258789,39857,0.0,0.0
2025-03-13 02:15:00+00:00,91.0,91.0,91.0,91.0,5000,0.0,0.0
2025-03-13 02:20:00+00:00,91.0999984741211,91.0999984741211,91.0,91.0,15015,0.0,0.0
2025-03-13 02:25:00+00:00,91.0,91.0999984741211,91.0,91.0999984741211,5000,0.0,0.0
2025-03-13 02:30:00+00:00,91.0,91.0,90.69999694824219,90.69999694824219,39220,0.0,0.0
2025-03-13 02:35:00+00:00,90.69999694824219,90.69999694824219,90.69999694824219,90.69999694824219,13068,0.0,0.0
2025-03-13 02:40:00+00:00,90.9000015258789,90.9000015258789,90.9000015258789,90.9000015258789,10000,0.0,0.0
2025-03-13 02:45:00+00:00,90.80000305175781,90.80000305175781,90.69999694824219,90.69999694824219,31128,0.0,0.0
2025-03-13 02:50:00+00:00,90.5999984741211,90.5999984741211,90.30000305175781,90.30000305175781,70562,0.0,0.0
2025-03-13 02:55:00+00:00,90.19999694824219,90.30000305175781,90.0999984741211,90.0999984741211,18270,0.0,0.0
2025-03-13 03:00:00+00:00,90.19999694824219,90.19999694824219,89.80000305175781,90.19999694824219,47000,0.0,0.0
2025-03-13 03:05:00+00:00,90.19999694824219,90.4000015258789,90.19999694824219,90.4000015258789,9070,0.0,0.0
2025-03-13 03:10:00+00:00,90.19999694824219,90.4000015258789,90.19999694824219,90.30000305175781,4000,0.0,0.0
2025-03-13 03:15:00+00:00,90.30000305175781,90.30000305175781,90.19999694824219,90.19999694824219,18950,0.0,0.0
2025-03-13 03:20:00+00:00,90.19999694824219,90.19999694824219,90.0999984741211,90.0999984741211,14122,0.0,0.0
2025-03-13 03:25:00+00:00,90.0,90.0,89.9000015258789,89.9000015258789,34323,0.0,0.0
2025-03-13 03:30:00+00:00,89.9000015258789,90.0,89.9000015258789,89.9000015258789,20520,0.0,0.0
2025-03-13 03:35:00+00:00,89.80000305175781,89.9000015258789,89.69999694824219,89.9000015258789,55473,0.0,0.0
2025-03-13 03:40:00+00:00,89.80000305175781,90.0,89.69999694824219,89.69999694824219,20000,0.0,0.0
2025-03-13 03:45:00+00:00,89.9000015258789,89.9000015258789,89.5999984741211,89.5999984741211,29340,0.0,0.0
2025-03-13 03:50:00+00:00,89.5999984741211,89.69999694824219,89.5,89.5,27203,0.0,0.0
2025-03-13 03:55:00+00:00,89.5,89.80000305175781,89.5,89.5999984741211,47262,0.0,0.0
2025-03-13 04:00:00+00:00,89.5999984741211,89.69999694824219,89.5999984741211,89.69999694824219,11000,0.0,0.0
2025-03-13 04:05:00+00:00,89.80000305175781,89.80000305175781,89.80000305175781,89.80000305175781,3311,0.0,0.0
2025-03-13 04:10:00+00:00,89.80000305175781,89.80000305175781,89.80000305175781,89.80000305175781,5039,0.0,0.0
2025-03-13 04:15:00+00:00,89.80000305175781,89.80000305175781,89.69999694824219,89.69999694824219,6020,0.0,0.0
2025-03-13 04:20:00+00:00,89.69999694824219,89.69999694824219,89.5999984741211,89.5999984741211,10014,0.0,0.0
2025-03-13 04:25:00+00:00,89.5999984741211,89.5999984741211,89.5,89.5999984741211,15061,0.0,0.0
2025-03-13 04:30:00+00:00,89.5999984741211,89.5999984741211,89.5,89.5,52600,0.0,0.0
2025-03-13 04:35:00+00:00,89.4000015258789,89.4000015258789,89.0999984741211,89.0999984741211,45490,0.0,0.0
2025-03-13 04:40:00+00:00,89.0999984741211,89.30000305175781,89.0999984741211,89.30000305175781,18657,0.0,0.0
2025-03-13 04:45:00+00:00,89.30000305175781,89.30000305175781,89.19999694824219,89.19999694824219,9367,0.0,0.0
2025-03-13 04:50:00+00:00,89.19999694824219,89.30000305175781,89.19999694824219,89.30000305175781,4020,0.0,0.0
2025-03-13 04:55:00+00:00,89.30000305175781,89.30000305175781,89.19999694824219,89.30000305175781,21226,0.0,0.0
2025-03-13 05:00:00+00:00,89.19999694824219,89.5,89.19999694824219,89.4000015258789,37141,0.0,0.0
2025-03-13 05:05:00+00:00,89.4000015258789,89.4000015258789,89.30000305175781,89.30000305175781,20686,0.0,0.0
2025-03-13 05:10:00+00:00,89.19999694824219,89.19999694824219,89.19999694824219,89.19999694824219,37583,0.0,0.0
2025-03-13 05:15:00+00:00,89.19999694824219,89.19999694824219,89.0999984741211,89.19999694824219,12250,0.0,0.0
2025-03-13 05:20:00+00:00,89.19999694824219,89.19999694824219,89.0999984741211,89.0999984741211,27349,0.0,0.0
2025-03-14 01:00:00+00:00,88.9000015258789,89.80000305175781,88.5999984741211,88.80000305175781,0,0.0,0.0
2025-03-14 01:05:00+00:00,88.80000305175781,88.80000305175781,88.5999984741211,88.80000305175781,29000,0.0,0.0
2025-03-14 01:10:00+00:00,88.69999694824219,89.30000305175781,88.5,88.5999984741211,59518,0.0,0.0
2025-03-14 01:15:00+00:00,88.69999694824219,88.9000015258789,88.4000015258789,88.9000015258789,26734,0.0,0.0
2025-03-14 01:20:00+00:00,88.9000015258789,88.9000015258789,88.80000305175781,88.80000305175781,11890,0.0,0.0
2025-03-14 01:25:00+00:00,88.80000305175781,88.80000305175781,88.80000305175781,88.80000305175781,8118,0.0,0.0
2025-03-14 01:30:00+00:00,88.80000305175781,88.80000305175781,88.69999694824219,88.69999694824219,16283,0.0,0.0
2025-03-14 01:35:00+00:00,88.5999984741211,88.5999984741211,88.30000305175781,88.4000015258789,44073,0.0,0.0
2025-03-14 01:40:00+00:00,88.4000015258789,88.9000015258789,88.4000015258789,88.9000015258789,21160,0.0,0.0
2025-03-14 01:45:00+00:00,88.80000305175781,88.80000305175781,88.4000015258789,88.4000015258789,14000,0.0,0.0
2025-03-14 01:50:00+00:00,88.4000015258789,88.5,88.4000015258789,88.4000015258789,11060,0.0,0.0
2025-03-14 01:55:00+00:00,88.4000015258789,88.4000015258789,88.30000305175781,88.30000305175781,27007,0.0,0.0
2025-03-14 02:00:00+00:00,88.19999694824219,88.19999694824219,88.0,88.0,49877,0.0,0.0
2025-03-14 02:05:00+00:00,88.0,88.0,87.5,87.5,163832,0.0,0.0
2025-03-14 02:10:00+00:00,87.5,87.69999694824219,86.80000305175781,87.19999694824219,177938,0.0,0.0
2025-03-14 02:15:00+00:00,87.19999694824219,87.5999984741211,87.0,87.0,51638,0.0,0.0
2025-03-14 02:20:00+00:00,87.0,87.9000015258789,86.69999694824219,87.19999694824219,160798,0.0,0.0
2025-03-14 02:25:00+00:00,87.0999984741211,87.69999694824219,87.0,87.69999694824219,76318,0.0,0.0
2025-03-14 02:30:00+00:00,87.80000305175781,87.9000015258789,87.4000015258789,87.4000015258789,15360,0.0,0.0
2025-03-14 02:35:00+00:00,87.5,87.5,87.4000015258789,87.4000015258789,3216,0.0,0.0
2025-03-14 02:40:00+00:00,87.4000015258789,87.5,87.30000305175781,87.5,33395,0.0,0.0
2025-03-14 02:45:00+00:00,87.30000305175781,87.30000305175781,87.19999694824219,87.30000305175781,12183,0.0,0.0
2025-03-14 02:50:00+00:00,87.4000015258789,87.5999984741211,87.30000305175781,87.5999984741211,9569,0.0,0.0
2025-03-14 02:55:00+00:00,87.69999694824219,88.19999694824219,87.69999694824219,88.0999984741211,34477,0.0,0.0
2025-03-14 03:00:00+00:00,88.0,88.5,88.0,88.5,26060,0.0,0.0
2025-03-14 03:05:00+00:00,88.5,88.5,88.4000015258789,88.4000015258789,22282,0.0,0.0
2025-03-14 03:10:00+00:00,88.4000015258789,88.4000015258789,88.4000015258789,88.4000015258789,11150,0.0,0.0
2025-03-14 03:15:00+00:00,88.30000305175781,88.4000015258789,88.19999694824219,88.4000015258789,23209,0.0,0.0
2025-03-14 03:20:00+00:00,88.5,88.5999984741211,88.4000015258789,88.5,24040,0.0,0.0
2025-03-14 03:25:00+00:00,88.5999984741211,88.69999694824219,88.5999984741211,88.69999694824219,23770,0.0,0.0
2025-03-14 03:30:00+00:00,88.69999694824219,88.80000305175781,88.69999694824219,88.80000305175781,5000,0.0,0.0
2025-03-14 03:35:00+00:00,88.80000305175781,89.30000305175781,88.80000305175781,89.30000305175781,64240,0.0,0.0
2025-03-14 03:40:00+00:00,89.19999694824219,89.30000305175781,89.0999984741211,89.0999984741211,7000,0.0,0.0
2025-03-14 03:45:00+00:00,89.0,89.0,88.9000015258789,88.9000015258789,8006,0.0,0.0
2025-03-14 03:55:00+00:00,88.80000305175781,88.80000305175781,88.69999694824219,88.69999694824219,3000,0.0,0.0
2025-03-14 04:00:00+00:00,88.69999694824219,88.69999694824219,88.5999984741211,88.5999984741211,16000,0.0,0.0
2025-03-14 04:05:00+00:00,88.5999984741211,88.5999984741211,88.5999984741211,88.5999984741211,8016,0.0,0.0
2025-03-14 04:10:00+00:00,88.5,88.5999984741211,88.5,88.5,13081,0.0,0.0
2025-03-14 04:15:00+00:00,88.5999984741211,88.69999694824219,88.5999984741211,88.69999694824219,14010,0.0,0.0
2025-03-14 04:20:00+00:00,88.80000305175781,88.80000305175781,88.80000305175781,88.80000305175781,4200,0.0,0.0
2025-03-14 04:30:00+00:00,88.9000015258789,89.0,88.9000015258789,89.0,9090,0.0,0.0
2025-03-14 04:35:00+00:00,89.0,89.0,88.69999694824219,88.69999694824219,18000,0.0,0.0
2025-03-14 04:40:00+00:00,88.69999694824219,88.80000305175781,88.69999694824219,88.69999694824219,5100,0.0,0.0
2025-03-14 04:45:00+00:00,88.80000305175781,88.9000015258789,88.69999694824219,88.80000305175781,22071,0.0,0.0
2025-03-14 04:50:00+00:00,88.9000015258789,88.9000015258789,88.69999694824219,88.69999694824219,5000,0.0,0.0
2025-03-14 04:55:00+00:00,88.80000305175781,89.19999694824219,88.80000305175781,89.19999694824219,9242,0.0,0.0
2025-03-14 05:00:00+00:00,89.0999984741211,89.19999694824219,89.0,89.0,19000,0.0,0.0
2025-03-14 05:05:00+00:00,89.0999984741211,89.19999694824219,89.0999984741211,89.19999694824219,7091,0.0,0.0
2025-03-14 05:10:00+00:00,89.0999984741211,89.0999984741211,89.0999984741211,89.0999984741211,4050,0.0,0.0
2025-03-14 05:15:00+00:00,89.0999984741211,89.0999984741211,88.9000015258789,88.9000015258789,21320,0.0,0.0
2025-03-14 05:20:00+00:00,88.9000015258789,89.0,88.80000305175781,88.80000305175781,18981,0.0,0.0
2025-03-17 01:00:00+00:00,89.5999984741211,89.80000305175781,89.5,89.5999984741211,0,0.0,0.0
2025-03-17 01:05:00+00:00,89.5999984741211,89.69999694824219,89.5999984741211,89.69999694824219,6489,0.0,0.0
2025-03-17 01:10:00+00:00,89.5999984741211,90.0,89.5,90.0,25782,0.0,0.0
2025-03-17 01:15:00+00:00,90.0,90.30000305175781,89.9000015258789,90.30000305175781,41000,0.0,0.0
2025-03-17 01:20:00+00:00,90.30000305175781,90.30000305175781,90.0999984741211,90.0999984741211,9201,0.0,0.0
2025-03-17 01:25:00+00:00,90.0999984741211,90.0999984741211,89.5,89.5,17354,0.0,0.0
2025-03-17 01:30:00+00:00,89.5999984741211,89.5999984741211,89.5,89.5,8000,0.0,0.0
2025-03-17 01:35:00+00:00,89.5,89.5,89.19999694824219,89.30000305175781,14003,0.0,0.0
2025-03-17 01:40:00+00:00,89.5,89.80000305175781,89.5,89.80000305175781,41000,0.0,0.0
2025-03-17 01:45:00+00:00,90.0,90.0,90.0,90.0,8004,0.0,0.0
2025-03-17 01:50:00+00:00,90.0999984741211,90.0999984741211,89.9000015258789,89.9000015258789,16059,0.0,0.0
2025-03-17 01:55:00+00:00,90.0,90.0,90.0,90.0,4005,0.0,0.0
2025-03-17 02:00:00+00:00,90.0,90.0999984741211,89.9000015258789,89.9000015258789,16037,0.0,0.0
2025-03-17 02:05:00+00:00,89.9000015258789,89.9000015258789,89.9000015258789,89.9000015258789,7877,0.0,0.0
2025-03-17 02:10:00+00:00,89.9000015258789,89.9000015258789,89.9000015258789,89.9000015258789,11000,0.0,0.0
2025-03-17 02:15:00+00:00,89.9000015258789,90.19999694824219,89.9000015258789,90.19999694824219,19236,0.0,0.0
2025-03-17 02:20:00+00:00,90.0999984741211,90.0999984741211,90.0,90.0,7080,0.0,0.0
2025-03-17 02:25:00+00:00,90.0,90.19999694824219,90.0,90.19999694824219,21714,0.0,0.0
2025-03-17 02:30:00+00:00,90.19999694824219,90.5,90.19999694824219,90.4000015258789,51355,0.0,0.0
2025-03-17 02:35:00+00:00,90.4000015258789,90.69999694824219,90.4000015258789,90.5,47430,0.0,0.0
2025-03-17 02:40:00+00:00,90.5,90.5,90.30000305175781,90.30000305175781,12000,0.0,0.0
2025-03-17 02:45:00+00:00,90.19999694824219,90.19999694824219,90.19999694824219,90.19999694824219,2133,0.0,0.0
2025-03-17 03:00:00+00:00,90.0999984741211,90.19999694824219,89.80000305175781,89.80000305175781,16000,0.0,0.0
2025-03-17 03:05:00+00:00,89.9000015258789,89.9000015258789,89.9000015258789,89.9000015258789,4000,0.0,0.0
2025-03-17 03:10:00+00:00,89.80000305175781,89.9000015258789,89.80000305175781,89.9000015258789,3011,0.0,0.0
2025-03-17 03:15:00+00:00,89.80000305175781,89.80000305175781,89.5,89.5,19065,0.0,0.0
2025-03-17 03:20:00+00:00,89.5999984741211,89.5999984741211,89.5999984741211,89.5999984741211,12016,0.0,0.0
2025-03-17 03:25:00+00:00,89.69999694824219,89.69999694824219,89.5999984741211,89.5999984741211,19137,0.0,0.0
2025-03-17 03:30:00+00:00,89.5,89.5999984741211,89.5,89.5999984741211,6150,0.0,0.0
2025-03-17 03:35:00+00:00,89.5,89.5,89.5,89.5,1000,0.0,0.0
2025-03-17 03:40:00+00:00,89.5999984741211,89.5999984741211,89.5999984741211,89.5999984741211,2000,0.0,0.0
2025-03-17 03:45:00+00:00,89.5999984741211,89.5999984741211,89.5999984741211,89.5999984741211,10060,0.0,0.0
2025-03-17 03:50:00+00:00,89.5999984741211,89.5999984741211,89.5999984741211,89.5999984741211,3170,0.0,0.0
2025-03-17 03:55:00+00:00,89.5999984741211,89.69999694824219,89.5999984741211,89.5999984741211,11170,0.0,0.0
2025-03-17 04:00:00+00:00,89.5999984741211,89.5999984741211,89.5999984741211,89.5999984741211,2096,0.0,0.0
2025-03-17 04:05:00+00:00,89.5999984741211,89.5999984741211,89.5999984741211,89.5999984741211,2000,0.0,0.0
2025-03-17 04:10:00+00:00,89.5999984741211,89.5999984741211,89.5999984741211,89.5999984741211,2030,0.0,0.0
2025-03-17 04:15:00+00:00,89.5999984741211,89.69999694824219,89.5999984741211,89.5999984741211,9050,0.0,0.0
2025-03-17 04:20:00+00:00,89.5,89.5,89.5,89.5,6006,0.0,0.0
2025-03-17 04:25:00+00:00,89.5,89.5999984741211,89.5,89.5999984741211,6010,0.0,0.0
2025-03-17 04:30:00+00:00,89.5999984741211,89.5999984741211,89.5,89.5,2006,0.0,0.0
2025-03-17 04:35:00+00:00,89.5,89.5999984741211,89.5,89.5999984741211,3060,0.0,0.0
2025-03-17 04:40:00+00:00,89.5999984741211,89.5999984741211,89.5,89.5,2016,0.0,0.0
2025-03-17 04:45:00+00:00,89.5,89.5,89.4000015258789,89.4000015258789,13162,0.0,0.0
2025-03-17 04:50:00+00:00,89.4000015258789,89.5,89.4000015258789,89.5,8075,0.0,0.0
2025-03-17 04:55:00+00:00,89.4000015258789,89.4000015258789,89.4000015258789,89.4000015258789,14869,0.0,0.0
2025-03-17 05:05:00+00:00,89.4000015258789,89.4000015258789,89.30000305175781,89.30000305175781,13010,0.0,0.0
2025-03-17 05:10:00+00:00,89.4000015258789,89.4000015258789,89.4000015258789,89.4000015258789,6000,0.0,0.0
2025-03-17 05:15:00+00:00,89.4000015258789,89.5,89.30000305175781,89.5,16070,0.0,0.0
2025-03-17 05:20:00+00:00,89.4000015258789,89.4000015258789,89.30000305175781,89.30000305175781,28214,0.0,0.0
2025-03-18 01:00:00+00:00,90.19999694824219,90.4000015258789,90.0,90.30000305175781,0,0.0,0.0
2025-03-18 01:05:00+00:00,90.30000305175781,90.80000305175781,90.19999694824219,90.80000305175781,79000,0.0,0.0
2025-03-18 01:10:00+00:00,90.5999984741211,91.19999694824219,90.5999984741211,91.0,150336,0.0,0.0
2025-03-18 01:15:00+00:00,91.0,91.4000015258789,91.0,91.0,111446,0.0,0.0
2025-03-18 01:20:00+00:00,91.0999984741211,91.4000015258789,91.0,91.0999984741211,106372,0.0,0.0
2025-03-18 01:25:00+00:00,91.19999694824219,91.30000305175781,91.0999984741211,91.0999984741211,10095,0.0,0.0
2025-03-18 01:30:00+00:00,91.0999984741211,91.30000305175781,91.0,91.19999694824219,36329,0.0,0.0
2025-03-18 01:35:00+00:00,91.19999694824219,91.19999694824219,91.0,91.0,30102,0.0,0.0
2025-03-18 01:40:00+00:00,90.9000015258789,90.9000015258789,90.69999694824219,90.69999694824219,19159,0.0,0.0
2025-03-18 01:45:00+00:00,90.69999694824219,91.0999984741211,90.69999694824219,90.9000015258789,21010,0.0,0.0
2025-03-18 01:50:00+00:00,90.9000015258789,91.0,90.9000015258789,90.9000015258789,13176,0.0,0.0
2025-03-18 01:55:00+00:00,91.0,91.0999984741211,91.0,91.0999984741211,34005,0.0,0.0
2025-03-18 02:00:00+00:00,91.19999694824219,91.19999694824219,91.0999984741211,91.19999694824219,52088,0.0,0.0
2025-03-18 02:05:00+00:00,91.19999694824219,91.5,91.19999694824219,91.5,56085,0.0,0.0
2025-03-18 02:10:00+00:00,91.4000015258789,91.5999984741211,91.30000305175781,91.5,75522,0.0,0.0
2025-03-18 02:15:00+00:00,91.5,91.5,91.30000305175781,91.30000305175781,14090,0.0,0.0
2025-03-18 02:20:00+00:00,91.30000305175781,91.30000305175781,91.0999984741211,91.0999984741211,18112,0.0,0.0
2025-03-18 02:25:00+00:00,91.19999694824219,91.19999694824219,91.0,91.0,14216,0.0,0.0
2025-03-18 02:30:00+00:00,91.0,91.0999984741211,90.9000015258789,91.0999984741211,12154,0.0,0.0
2025-03-18 02:35:00+00:00,91.0,91.0,91.0,91.0,2006,0.0,0.0
2025-03-18 02:40:00+00:00,91.0,91.0999984741211,91.0,91.0999984741211,3060,0.0,0.0
2025-03-18 02:45:00+00:00,91.0999984741211,91.19999694824219,91.0999984741211,91.0999984741211,7620,0.0,0.0
2025-03-18 02:50:00+00:00,91.0999984741211,91.4000015258789,91.0999984741211,91.30000305175781,26594,0.0,0.0
2025-03-18 02:55:00+00:00,91.30000305175781,91.5,91.30000305175781,91.4000015258789,64650,0.0,0.0
2025-03-18 03:00:00+00:00,91.4000015258789,91.4000015258789,91.4000015258789,91.4000015258789,1114,0.0,0.0
2025-03-18 03:05:00+00:00,91.4000015258789,91.4000015258789,91.4000015258789,91.4000015258789,5016,0.0,0.0
2025-03-18 03:10:00+00:00,91.30000305175781,91.30000305175781,91.19999694824219,91.19999694824219,15022,0.0,0.0
2025-03-18 03:15:00+00:00,91.0999984741211,91.0999984741211,91.0999984741211,91.0999984741211,5401,0.0,0.0
2025-03-18 03:20:00+00:00,91.0999984741211,91.0999984741211,91.0999984741211,91.0999984741211,3000,0.0,0.0
2025-03-18 03:25:00+00:00,91.0999984741211,91.0999984741211,91.0999984741211,91.0999984741211,5000,0.0,0.0
2025-03-18 03:35:00+00:00,91.30000305175781,91.30000305175781,91.30000305175781,91.30000305175781,2000,0.0,0.0
2025-03-18 03:40:00+00:00,91.19999694824219,91.30000305175781,91.19999694824219,91.30000305175781,6056,0.0,0.0
2025-03-18 03:45:00+00:00,91.19999694824219,91.19999694824219,91.0999984741211,91.0999984741211,20150,0.0,0.0
2025-03-18 03:50:00+00:00,91.0,91.0,90.80000305175781,90.80000305175781,48000,0.0,0.0
2025-03-18 03:55:00+00:00,90.80000305175781,90.80000305175781,90.80000305175781,90.80000305175781,2000,0.0,0.0
2025-03-18 04:00:00+00:00,90.69999694824219,90.69999694824219,90.69999694824219,90.69999694824219,8200,0.0,0.0
2025-03-18 04:05:00+00:00,90.80000305175781,90.80000305175781,90.69999694824219,90.80000305175781,6021,0.0,0.0
2025-03-18 04:10:00+00:00,90.80000305175781,90.80000305175781,90.69999694824219,90.69999694824219,12126,0.0,0.0
2025-03-18 04:15:00+00:00,90.80000305175781,90.80000305175781,90.69999694824219,90.69999694824219,10040,0.0,0.0
2025-03-18 04:20:00+00:00,90.69999694824219,90.69999694824219,90.69999694824219,90.69999694824219,8098,0.0,0.0
2025-03-18 04:25:00+00:00,90.69999694824219,90.69999694824219,90.69999694824219,90.69999694824219,7200,0.0,0.0
2025-03-18 04:30:00+00:00,90.69999694824219,90.69999694824219,90.69999694824219,90.69999694824219,4700,0.0,0.0
2025-03-18 04:35:00+00:00,90.69999694824219,90.80000305175781,90.69999694824219,90.80000305175781,21202,0.0,0.0
2025-03-18 04:40:00+00:00,90.69999694824219,90.80000305175781,90.69999694824219,90.80000305175781,10000,0.0,0.0
2025-03-18 04:45:00+00:00,90.80000305175781,90.80000305175781,90.69999694824219,90.69999694824219,4350,0.0,0.0
2025-03-18 04:50:00+00:00,90.69999694824219,90.69999694824219,90.69999694824219,90.69999694824219,15000,0.0,0.0
2025-03-18 04:55:00+00:00,90.69999694824219,90.69999694824219,90.69999694824219,90.69999694824219,4000,0.0,0.0
2025-03-18 05:00:00+00:00,90.80000305175781,90.9000015258789,90.80000305175781,90.9000015258789,52680,0.0,0.0
2025-03-18 05:05:00+00:00,90.9000015258789,91.0999984741211,90.9000015258789,91.0999984741211,18000,0.0,0.0
2025-03-18 05:10:00+00:00,91.0999984741211,91.0999984741211,91.0,91.0,17075,0.0,0.0
2025-03-18 05:15:00+00:00,91.0,91.0,91.0,91.0,2417,0.0,0.0
2025-03-18 05:20:00+00:00,91.0,91.0999984741211,90.80000305175781,91.0999984741211,24440,0.0,0.0
2025-03-19 01:00:00+00:00,91.0,91.5,91.0,91.0,0,0.0,0.0
2025-03-19 01:05:00+00:00,91.0999984741211,91.0999984741211,90.80000305175781,90.80000305175781,12486,0.0,0.0
2025-03-19 01:10:00+00:00,90.9000015258789,90.9000015258789,90.19999694824219,90.80000305175781,27158,0.0,0.0
2025-03-19 01:15:00+00:00,90.80000305175781,90.80000305175781,90.80000305175781,90.80000305175781,2070,0.0,0.0
2025-03-19 01:20:00+00:00,90.80000305175781,91.0,90.80000305175781,91.0,8370,0.0,0.0
2025-03-19 01:25:00+00:00,91.0999984741211,91.0999984741211,91.0,91.0,14160,0.0,0.0
2025-03-19 01:30:00+00:00,91.19999694824219,91.19999694824219,91.0,91.0,6000,0.0,0.0
2025-03-19 01:35:00+00:00,91.0,91.0999984741211,91.0,91.0999984741211,6000,0.0,0.0
2025-03-19 01:40:00+00:00,90.9000015258789,90.9000015258789,90.69999694824219,90.69999694824219,13348,0.0,0.0
2025-03-19 01:45:00+00:00,90.69999694824219,90.69999694824219,90.5999984741211,90.69999694824219,9000,0.0,0.0
2025-03-19 01:50:00+00:00,90.69999694824219,90.69999694824219,90.69999694824219,90.69999694824219,3041,0.0,0.0
2025-03-19 01:55:00+00:00,90.69999694824219,90.69999694824219,90.69999694824219,90.69999694824219,2006,0.0,0.0
2025-03-19 02:00:00+00:00,90.69999694824219,90.69999694824219,90.5999984741211,90.5999984741211,9122,0.0,0.0
2025-03-19 02:05:00+00:00,90.5,90.5,90.30000305175781,90.4000015258789,18985,0.0,0.0
2025-03-19 02:10:00+00:00,90.30000305175781,90.30000305175781,90.19999694824219,90.19999694824219,20071,0.0,0.0
2025-03-19 02:15:00+00:00,90.30000305175781,90.30000305175781,90.19999694824219,90.30000305175781,15102,0.0,0.0
2025-03-19 02:20:00+00:00,90.30000305175781,90.4000015258789,90.0999984741211,90.4000015258789,25001,0.0,0.0
2025-03-19 02:25:00+00:00,90.4000015258789,90.5,90.30000305175781,90.30000305175781,7052,0.0,0.0
2025-03-19 02:30:00+00:00,90.30000305175781,90.30000305175781,90.30000305175781,90.30000305175781,3000,0.0,0.0
2025-03-19 02:35:00+00:00,90.4000015258789,90.4000015258789,90.19999694824219,90.30000305175781,11000,0.0,0.0
2025-03-19 02:40:00+00:00,90.19999694824219,90.19999694824219,90.19999694824219,90.19999694824219,2146,0.0,0.0
2025-03-19 02:45:00+00:00,90.19999694824219,90.30000305175781,90.19999694824219,90.30000305175781,10056,0.0,0.0
2025-03-19 02:50:00+00:00,90.30000305175781,90.4000015258789,90.30000305175781,90.4000015258789,5000,0.0,0.0
2025-03-19 02:55:00+00:00,90.4000015258789,90.4000015258789,90.4000015258789,90.4000015258789,2000,0.0,0.0
2025-03-19 03:00:00+00:00,90.5,90.5,90.5,90.5,2005,0.0,0.0
2025-03-19 03:05:00+00:00,90.5,90.5,90.4000015258789,90.4000015258789,6076,0.0,0.0
2025-03-19 03:10:00+00:00,90.5,90.5,90.5,90.5,2030,0.0,0.0
2025-03-19 03:15:00+00:00,90.5,90.5,90.5,90.5,3000,0.0,0.0
2025-03-19 03:20:00+00:00,90.5,90.5999984741211,90.4000015258789,90.4000015258789,10002,0.0,0.0
2025-03-19 03:25:00+00:00,90.4000015258789,90.4000015258789,90.4000015258789,90.4000015258789,4000,0.0,0.0
2025-03-19 03:30:00+00:00,90.4000015258789,90.4000015258789,90.4000015258789,90.4000015258789,2022,0.0,0.0
2025-03-19 03:35:00+00:00,90.4000015258789,90.4000015258789,90.4000015258789,90.4000015258789,1190,0.0,0.0
2025-03-19 03:45:00+00:00,90.30000305175781,90.30000305175781,90.19999694824219,90.30000305175781,35000,0.0,0.0
2025-03-19 03:50:00+00:00,90.30000305175781,90.30000305175781,90.19999694824219,90.19999694824219,14010,0.0,0.0
2025-03-19 03:55:00+00:00,90.19999694824219,90.19999694824219,90.0999984741211,90.0999984741211,7095,0.0,0.0
2025-03-19 04:00:00+00:00,90.19999694824219,90.19999694824219,90.19999694824219,90.19999694824219,5300,0.0,0.0
2025-03-19 04:05:00+00:00,90.19999694824219,90.19999694824219,90.0999984741211,90.19999694824219,37000,0.0,0.0
2025-03-19 04:10:00+00:00,90.19999694824219,90.19999694824219,90.0,90.0,30580,0.0,0.0
2025-03-19 04:15:00+00:00,90.0,90.0999984741211,90.0,90.0999984741211,11071,0.0,0.0
2025-03-19 04:20:00+00:00,90.0999984741211,90.0999984741211,89.80000305175781,89.80000305175781,34330,0.0,0.0
2025-03-19 04:25:00+00:00,89.80000305175781,89.80000305175781,89.5,89.5999984741211,77472,0.0,0.0
2025-03-19 04:30:00+00:00,89.5999984741211,89.69999694824219,89.5,89.69999694824219,17030,0.0,0.0
2025-03-19 04:35:00+00:00,89.80000305175781,89.80000305175781,89.69999694824219,89.69999694824219,17011,0.0,0.0
2025-03-19 04:40:00+00:00,89.69999694824219,89.69999694824219,89.69999694824219,89.69999694824219,7004,0.0,0.0
2025-03-19 04:45:00+00:00,89.80000305175781,89.80000305175781,89.80000305175781,89.80000305175781,17000,0.0,0.0
2025-03-19 04:50:00+00:00,89.9000015258789,89.9000015258789,89.69999694824219,89.80000305175781,11360,0.0,0.0
2025-03-19 04:55:00+00:00,89.80000305175781,89.80000305175781,89.69999694824219,89.69999694824219,24003,0.0,0.0
2025-03-19 05:00:00+00:00,89.69999694824219,89.69999694824219,89.5999984741211,89.5999984741211,16048,0.0,0.0
2025-03-19 05:05:00+00:00,89.5999984741211,89.5999984741211,89.5,89.5999984741211,36328,0.0,0.0
2025-03-19 05:10:00+00:00,89.5999984741211,89.80000305175781,89.5,89.5,20696,0.0,0.0
2025-03-19 05:15:00+00:00,89.5,90.0,89.5,90.0,25608,0.0,0.0
2025-03-19 05:20:00+00:00,90.0,90.0999984741211,89.80000305175781,90.0,48415,0.0,0.0
2025-03-20 01:00:00+00:00,90.69999694824219,90.69999694824219,89.9000015258789,90.5999984741211,0,0.0,0.0
2025-03-20 01:05:00+00:00,90.5999984741211,90.80000305175781,90.5999984741211,90.69999694824219,22195,0.0,0.0
2025-03-20 01:10:00+00:00,90.80000305175781,90.80000305175781,90.80000305175781,90.80000305175781,2010,0.0,0.0
2025-03-20 01:15:00+00:00,90.69999694824219,90.69999694824219,90.5999984741211,90.5999984741211,6000,0.0,0.0
2025-03-20 01:20:00+00:00,90.5,90.5,90.30000305175781,90.30000305175781,26059,0.0,0.0
2025-03-20 01:25:00+00:00,90.30000305175781,90.4000015258789,89.80000305175781,90.0999984741211,43226,0.0,0.0
2025-03-20 01:30:00+00:00,90.0999984741211,90.30000305175781,90.0999984741211,90.0999984741211,18006,0.0,0.0
2025-03-20 01:35:00+00:00,90.0999984741211,90.30000305175781,90.0999984741211,90.30000305175781,8170,0.0,0.0
2025-03-20 01:40:00+00:00,90.30000305175781,90.30000305175781,90.19999694824219,90.30000305175781,9010,0.0,0.0
2025-03-20 01:45:00+00:00,90.30000305175781,90.4000015258789,90.30000305175781,90.30000305175781,21350,0.0,0.0
2025-03-20 01:50:00+00:00,90.30000305175781,90.30000305175781,90.19999694824219,90.19999694824219,6055,0.0,0.0
2025-03-20 01:55:00+00:00,90.19999694824219,90.19999694824219,90.19999694824219,90.19999694824219,1000,0.0,0.0
2025-03-20 02:00:00+00:00,90.30000305175781,90.30000305175781,90.30000305175781,90.30000305175781,2068,0.0,0.0
2025-03-20 02:05:00+00:00,90.19999694824219,90.19999694824219,90.0999984741211,90.0999984741211,3202,0.0,0.0
2025-03-20 02:10:00+00:00,90.19999694824219,90.19999694824219,90.19999694824219,90.19999694824219,2131,0.0,0.0
2025-03-20 02:15:00+00:00,90.0999984741211,90.0999984741211,90.0999984741211,90.0999984741211,14100,0.0,0.0
2025-03-20 02:20:00+00:00,90.0999984741211,90.0999984741211,90.0999984741211,90.0999984741211,7105,0.0,0.0
2025-03-20 02:25:00+00:00,90.0999984741211,90.0999984741211,90.0,90.0,33150,0.0,0.0
2025-03-20 02:30:00+00:00,90.0,90.19999694824219,90.0,90.19999694824219,6050,0.0,0.0
2025-03-20 02:35:00+00:00,90.19999694824219,90.19999694824219,90.19999694824219,90.19999694824219,2001,0.0,0.0
2025-03-20 02:40:00+00:00,90.19999694824219,90.19999694824219,90.0999984741211,90.0999984741211,4009,0.0,0.0
2025-03-20 02:45:00+00:00,90.0999984741211,90.0999984741211,90.0999984741211,90.0999984741211,10027,0.0,0.0
2025-03-20 02:55:00+00:00,90.0999984741211,90.0999984741211,90.0999984741211,90.0999984741211,1000,0.0,0.0
2025-03-20 03:00:00+00:00,90.0999984741211,90.0999984741211,90.0999984741211,90.0999984741211,1110,0.0,0.0
2025-03-20 03:05:00+00:00,90.19999694824219,90.19999694824219,90.0999984741211,90.0999984741211,4000,0.0,0.0
2025-03-20 03:10:00+00:00,90.19999694824219,90.19999694824219,90.19999694824219,90.19999694824219,18110,0.0,0.0
2025-03-20 03:15:00+00:00,90.19999694824219,90.19999694824219,90.19999694824219,90.19999694824219,4000,0.0,0.0
2025-03-20 03:20:00+00:00,90.19999694824219,90.19999694824219,90.19999694824219,90.19999694824219,5000,0.0,0.0
2025-03-20 03:25:00+00:00,90.19999694824219,90.19999694824219,90.19999694824219,90.19999694824219,8200,0.0,0.0
2025-03-20 03:30:00+00:00,90.19999694824219,90.5999984741211,90.19999694824219,90.5999984741211,96200,0.0,0.0
2025-03-20 03:35:00+00:00,90.5999984741211,90.5999984741211,90.5999984741211,90.5999984741211,14236,0.0,0.0
2025-03-20 03:40:00+00:00,90.5999984741211,90.69999694824219,90.5999984741211,90.5999984741211,6101,0.0,0.0
2025-03-20 03:45:00+00:00,90.5999984741211,90.9000015258789,90.5999984741211,90.9000015258789,36091,0.0,0.0
2025-03-20 03:50:00+00:00,90.9000015258789,91.0,90.9000015258789,90.9000015258789,16213,0.0,0.0
2025-03-20 03:55:00+00:00,90.9000015258789,90.9000015258789,90.80000305175781,90.80000305175781,8000,0.0,0.0
2025-03-20 04:00:00+00:00,90.80000305175781,90.80000305175781,90.4000015258789,90.4000015258789,17337,0.0,0.0
2025-03-20 04:05:00+00:00,90.4000015258789,90.5,90.4000015258789,90.5,16017,0.0,0.0
2025-03-20 04:10:00+00:00,90.69999694824219,90.69999694824219,90.69999694824219,90.69999694824219,6012,0.0,0.0
2025-03-20 04:15:00+00:00,90.5999984741211,90.69999694824219,90.5999984741211,90.69999694824219,6183,0.0,0.0
2025-03-20 04:20:00+00:00,90.5999984741211,90.5999984741211,90.5,90.5,2000,0.0,0.0
2025-03-20 04:25:00+00:00,90.4000015258789,90.4000015258789,90.30000305175781,90.4000015258789,13000,0.0,0.0
2025-03-20 04:30:00+00:00,90.5,90.5,90.5,90.5,4011,0.0,0.0
2025-03-20 04:35:00+00:00,90.5,90.5,90.4000015258789,90.4000015258789,5006,0.0,0.0
2025-03-20 04:40:00+00:00,90.4000015258789,90.4000015258789,90.30000305175781,90.30000305175781,2246,0.0,0.0
2025-03-20 04:45:00+00:00,90.30000305175781,90.30000305175781,90.30000305175781,90.30000305175781,15003,0.0,0.0
2025-03-20 04:50:00+00:00,90.30000305175781,90.4000015258789,90.30000305175781,90.4000015258789,21088,0.0,0.0
2025-03-20 04:55:00+00:00,90.5,90.5999984741211,90.5,90.5999984741211,6087,0.0,0.0
2025-03-20 05:00:00+00:00,90.5999984741211,90.5999984741211,90.5999984741211,90.5999984741211,1000,0.0,0.0
2025-03-20 05:05:00+00:00,90.5999984741211,90.5999984741211,90.5,90.5,12002,0.0,0.0
2025-03-20 05:10:00+00:00,90.4000015258789,90.4000015258789,90.4000015258789,90.4000015258789,2000,0.0,0.0
2025-03-20 05:15:00+00:00,90.5,90.5,90.19999694824219,90.30000305175781,63070,0.0,0.0
2025-03-20 05:20:00+00:00,90.30000305175781,90.4000015258789,90.30000305175781,90.30000305175781,10407,0.0,0.0
2025-03-21 01:00:00+00:00,90.4000015258789,90.4000015258789,89.9000015258789,89.9000015258789,0,0.0,0.0
2025-03-21 01:05:00+00:00,89.9000015258789,90.0,89.5999984741211,90.0,38518,0.0,0.0
2025-03-21 01:10:00+00:00,90.0,90.0,89.9000015258789,89.9000015258789,8757,0.0,0.0
2025-03-21 01:15:00+00:00,89.9000015258789,89.9000015258789,89.9000015258789,89.9000015258789,7030,0.0,0.0
2025-03-21 01:20:00+00:00,89.9000015258789,90.0,89.80000305175781,89.80000305175781,13016,0.0,0.0
2025-03-21 01:25:00+00:00,89.9000015258789,89.9000015258789,89.5999984741211,89.5999984741211,34804,0.0,0.0
2025-03-21 01:30:00+00:00,89.5999984741211,89.69999694824219,89.5999984741211,89.69999694824219,7053,0.0,0.0
2025-03-21 01:35:00+00:00,89.80000305175781,89.80000305175781,89.5999984741211,89.5999984741211,5100,0.0,0.0
2025-03-21 01:40:00+00:00,89.69999694824219,89.69999694824219,89.5999984741211,89.5999984741211,12029,0.0,0.0
2025-03-21 01:45:00+00:00,89.5999984741211,89.5999984741211,89.5999984741211,89.5999984741211,5000,0.0,0.0
2025-03-21 01:50:00+00:00,89.5999984741211,89.80000305175781,89.5999984741211,89.80000305175781,11000,0.0,0.0
2025-03-21 01:55:00+00:00,89.80000305175781,89.80000305175781,89.69999694824219,89.69999694824219,5000,0.0,0.0
2025-03-21 02:00:00+00:00,89.80000305175781,90.0,89.80000305175781,89.9000015258789,13001,0.0,0.0
2025-03-21 02:05:00+00:00,90.0,90.0,90.0,90.0,6000,0.0,0.0
2025-03-21 02:10:00+00:00,90.0,90.0,89.9000015258789,89.9000015258789,4000,0.0,0.0
2025-03-21 02:15:00+00:00,89.9000015258789,89.9000015258789,89.9000015258789,89.9000015258789,1050,0.0,0.0
2025-03-21 02:20:00+00:00,89.9000015258789,90.19999694824219,89.9000015258789,90.0999984741211,10322,0.0,0.0
2025-03-21 02:25:00+00:00,90.0,90.0,89.9000015258789,89.9000015258789,10372,0.0,0.0
2025-03-21 02:30:00+00:00,90.0999984741211,90.0999984741211,90.0,90.0999984741211,7538,0.0,0.0
2025-03-21 02:40:00+00:00,90.0,90.0,89.9000015258789,89.9000015258789,15000,0.0,0.0
2025-03-21 02:45:00+00:00,89.9000015258789,89.9000015258789,89.9000015258789,89.9000015258789,1000,0.0,0.0
2025-03-21 02:50:00+00:00,90.0,90.0,90.0,90.0,4000,0.0,0.0
2025-03-21 02:55:00+00:00,90.0,90.0,89.9000015258789,89.9000015258789,4274,0.0,0.0
2025-03-21 03:00:00+00:00,90.0,90.0999984741211,90.0,90.0999984741211,8024,0.0,0.0
2025-03-21 03:05:00+00:00,90.0,90.0,90.0,90.0,5007,0.0,0.0
2025-03-21 03:10:00+00:00,90.0999984741211,90.0999984741211,90.0999984741211,90.0999984741211,1000,0.0,0.0
2025-03-21 03:15:00+00:00,90.0999984741211,90.0999984741211,90.0999984741211,90.0999984741211,9000,0.0,0.0
2025-03-21 03:25:00+00:00,90.0999984741211,90.0999984741211,90.0,90.0,5052,0.0,0.0
2025-03-21 03:30:00+00:00,90.0,90.0,90.0,90.0,1000,0.0,0.0
2025-03-21 03:35:00+00:00,90.0999984741211,90.0999984741211,90.0999984741211,90.0999984741211,1000,0.0,0.0
2025-03-21 03:40:00+00:00,90.0999984741211,90.0999984741211,90.0999984741211,90.0999984741211,1100,0.0,0.0
2025-03-21 03:45:00+00:00,90.0999984741211,90.0999984741211,90.0999984741211,90.0999984741211,3000,0.0,0.0
2025-03-21 03:50:00+00:00,90.0999984741211,90.0999984741211,90.0999984741211,90.0999984741211,5000,0.0,0.0
2025-03-21 03:55:00+00:00,90.0,90.0999984741211,90.0,90.0999984741211,12112,0.0,0.0
2025-03-21 04:10:00+00:00,90.0999984741211,90.0999984741211,90.0999984741211,90.0999984741211,9041,0.0,0.0
2025-03-21 04:15:00+00:00,90.0999984741211,90.0999984741211,90.0999984741211,90.0999984741211,7039,0.0,0.0
2025-03-21 04:20:00+00:00,90.19999694824219,90.5999984741211,90.19999694824219,90.5999984741211,29393,0.0,0.0
2025-03-21 04:25:00+00:00,90.5,90.5,90.4000015258789,90.4000015258789,3060,0.0,0.0
2025-03-21 04:30:00+00:00,90.30000305175781,90.4000015258789,90.30000305175781,90.4000015258789,3005,0.0,0.0
2025-03-21 04:35:00+00:00,90.4000015258789,90.5,90.4000015258789,90.5,4090,0.0,0.0
2025-03-21 04:40:00+00:00,90.5,90.5,90.5,90.5,2011,0.0,0.0
2025-03-21 04:45:00+00:00,90.5,90.5,90.5,90.5,1100,0.0,0.0
2025-03-21 04:50:00+00:00,90.5,90.5,90.19999694824219,90.19999694824219,9497,0.0,0.0
2025-03-21 04:55:00+00:00,90.30000305175781,90.30000305175781,90.30000305175781,90.30000305175781,2040,0.0,0.0
2025-03-21 05:00:00+00:00,90.30000305175781,90.30000305175781,90.30000305175781,90.30000305175781,9002,0.0,0.0
2025-03-21 05:05:00+00:00,90.19999694824219,90.30000305175781,90.19999694824219,90.19999694824219,13140,0.0,0.0
2025-03-21 05:10:00+00:00,90.19999694824219,90.19999694824219,90.0999984741211,90.0999984741211,3000,0.0,0.0
2025-03-21 05:15:00+00:00,90.0999984741211,90.0999984741211,90.0,90.0,31045,0.0,0.0
2025-03-21 05:20:00+00:00,90.0999984741211,90.0999984741211,90.0,90.0,14670,0.0,0.0
2025-03-24 01:00:00+00:00,91.0,91.19999694824219,90.69999694824219,90.69999694824219,0,0.0,0.0
2025-03-24 01:05:00+00:00,90.80000305175781,90.9000015258789,90.30000305175781,90.9000015258789,30232,0.0,0.0
2025-03-24 01:10:00+00:00,90.9000015258789,90.9000015258789,90.9000015258789,90.9000015258789,1000,0.0,0.0
2025-03-24 01:15:00+00:00,90.80000305175781,90.9000015258789,90.80000305175781,90.9000015258789,11101,0.0,0.0
2025-03-24 01:20:00+00:00,90.9000015258789,90.9000015258789,90.80000305175781,90.9000015258789,6199,0.0,0.0
2025-03-24 01:25:00+00:00,90.69999694824219,90.69999694824219,90.5,90.5999984741211,11101,0.0,0.0
2025-03-24 01:30:00+00:00,90.5,90.5,90.5,90.5,13123,0.0,0.0
2025-03-24 01:35:00+00:00,90.69999694824219,91.0,90.69999694824219,90.80000305175781,18400,0.0,0.0
2025-03-24 01:40:00+00:00,90.80000305175781,90.9000015258789,90.80000305175781,90.9000015258789,10000,0.0,0.0
2025-03-24 01:45:00+00:00,90.9000015258789,90.9000015258789,90.9000015258789,90.9000015258789,2000,0.0,0.0
2025-03-24 01:50:00+00:00,90.80000305175781,90.80000305175781,90.69999694824219,90.69999694824219,7152,0.0,0.0
2025-03-24 01:55:00+00:00,90.69999694824219,90.69999694824219,90.5999984741211,90.69999694824219,11000,0.0,0.0
2025-03-24 02:00:00+00:00,90.69999694824219,90.69999694824219,90.69999694824219,90.69999694824219,3000,0.0,0.0
2025-03-24 02:05:00+00:00,90.5999984741211,90.5999984741211,90.5999984741211,90.5999984741211,6000,0.0,0.0
2025-03-24 02:10:00+00:00,90.5999984741211,90.5999984741211,90.5999984741211,90.5999984741211,2020,0.0,0.0
2025-03-24 02:15:00+00:00,90.5999984741211,90.5999984741211,90.5999984741211,90.5999984741211,6060,0.0,0.0
2025-03-24 02:20:00+00:00,90.5999984741211,90.5999984741211,90.5999984741211,90.5999984741211,1140,0.0,0.0
2025-03-24 02:25:00+00:00,90.69999694824219,90.80000305175781,90.69999694824219,90.80000305175781,5120,0.0,0.0
2025-03-24 02:30:00+00:00,90.80000305175781,90.80000305175781,90.80000305175781,90.80000305175781,1000,0.0,0.0
2025-03-24 02:35:00+00:00,90.5999984741211,90.80000305175781,90.5,90.80000305175781,31080,0.0,0.0
2025-03-24 02:40:00+00:00,90.9000015258789,91.0999984741211,90.9000015258789,91.0999984741211,20205,0.0,0.0
2025-03-24 02:45:00+00:00,91.0999984741211,91.4000015258789,91.0,91.30000305175781,46685,0.0,0.0
2025-03-24 02:50:00+00:00,91.19999694824219,91.4000015258789,91.0999984741211,91.4000015258789,24000,0.0,0.0
2025-03-24 02:55:00+00:00,91.19999694824219,91.19999694824219,91.0,91.0999984741211,14001,0.0,0.0
2025-03-24 03:00:00+00:00,91.0999984741211,91.0999984741211,91.0,91.0,8114,0.0,0.0
2025-03-24 03:05:00+00:00,91.0,91.0,91.0,91.0,4020,0.0,0.0
2025-03-24 03:10:00+00:00,90.9000015258789,91.0999984741211,90.9000015258789,91.0999984741211,10000,0.0,0.0
2025-03-24 03:15:00+00:00,90.9000015258789,90.9000015258789,90.9000015258789,90.9000015258789,7180,0.0,0.0
2025-03-24 03:20:00+00:00,91.0,91.0,91.0,91.0,3000,0.0,0.0
2025-03-24 03:25:00+00:00,90.9000015258789,90.9000015258789,90.80000305175781,90.80000305175781,2040,0.0,0.0
2025-03-24 03:30:00+00:00,90.80000305175781,90.80000305175781,90.69999694824219,90.69999694824219,12100,0.0,0.0
2025-03-24 03:35:00+00:00,90.69999694824219,90.80000305175781,90.69999694824219,90.80000305175781,3050,0.0,0.0
2025-03-24 03:40:00+00:00,90.80000305175781,90.80000305175781,90.80000305175781,90.80000305175781,2000,0.0,0.0
2025-03-24 03:45:00+00:00,90.80000305175781,90.80000305175781,90.5999984741211,90.69999694824219,32000,0.0,0.0
2025-03-24 03:50:00+00:00,90.69999694824219,90.69999694824219,90.69999694824219,90.69999694824219,2008,0.0,0.0
2025-03-24 03:55:00+00:00,90.69999694824219,90.80000305175781,90.69999694824219,90.80000305175781,6000,0.0,0.0
2025-03-24 04:00:00+00:00,90.80000305175781,91.0,90.80000305175781,91.0,18200,0.0,0.0
2025-03-24 04:05:00+00:00,91.0,91.0,91.0,91.0,2010,0.0,0.0
2025-03-24 04:10:00+00:00,90.9000015258789,90.9000015258789,90.9000015258789,90.9000015258789,4000,0.0,0.0
2025-03-24 04:15:00+00:00,90.69999694824219,90.69999694824219,90.69999694824219,90.69999694824219,12190,0.0,0.0
2025-03-24 04:20:00+00:00,90.5999984741211,90.5999984741211,90.5999984741211,90.5999984741211,4220,0.0,0.0
2025-03-24 04:25:00+00:00,90.5999984741211,90.5999984741211,90.5999984741211,90.5999984741211,11100,0.0,0.0
2025-03-24 04:30:00+00:00,90.80000305175781,90.9000015258789,90.80000305175781,90.9000015258789,8320,0.0,0.0
2025-03-24 04:40:00+00:00,90.69999694824219,90.69999694824219,90.69999694824219,90.69999694824219,1000,0.0,0.0
2025-03-24 04:45:00+00:00,90.5999984741211,90.5999984741211,90.5999984741211,90.5999984741211,4000,0.0,0.0
2025-03-24 04:50:00+00:00,90.5999984741211,90.5999984741211,90.5999984741211,90.5999984741211,4000,0.0,0.0
2025-03-24 04:55:00+00:00,90.5999984741211,90.69999694824219,90.5999984741211,90.69999694824219,8000,0.0,0.0
2025-03-24 05:00:00+00:00,90.5999984741211,90.80000305175781,90.5999984741211,90.5999984741211,22000,0.0,0.0
2025-03-24 05:05:00+00:00,90.80000305175781,90.80000305175781,90.69999694824219,90.69999694824219,3000,0.0,0.0
2025-03-24 05:10:00+00:00,90.5999984741211,90.5999984741211,90.5999984741211,90.5999984741211,2000,0.0,0.0
2025-03-24 05:15:00+00:00,90.69999694824219,90.69999694824219,90.5999984741211,90.5999984741211,7005,0.0,0.0
2025-03-24 05:20:00+00:00,90.5999984741211,90.69999694824219,90.5,90.5999984741211,44137,0.0,0.0
2025-03-25 01:00:00+00:00,90.80000305175781,91.19999694824219,90.80000305175781,91.0,35000,0.0,0.0
2025-03-25 01:05:00+00:00,91.0,91.0,90.80000305175781,90.80000305175781,10035,0.0,0.0
2025-03-25 01:10:00+00:00,90.80000305175781,90.80000305175781,90.5,90.5,57100,0.0,0.0
2025-03-25 01:20:00+00:00,90.5999984741211,90.5999984741211,90.5,90.5,11000,0.0,0.0
2025-03-25 01:25:00+00:00,90.69999694824219,90.9000015258789,90.69999694824219,90.9000015258789,7000,0.0,0.0
2025-03-25 01:30:00+00:00,90.9000015258789,90.9000015258789,90.80000305175781,90.9000015258789,5000,0.0,0.0
2025-03-25 01:35:00+00:00,90.80000305175781,91.0,90.80000305175781,90.80000305175781,10157,0.0,0.0
2025-03-25 01:40:00+00:00,90.69999694824219,90.69999694824219,90.69999694824219,90.69999694824219,15005,0.0,0.0
2025-03-25 01:45:00+00:00,90.5999984741211,90.5999984741211,90.5999984741211,90.5999984741211,8060,0.0,0.0
2025-03-25 01:50:00+00:00,90.5999984741211,90.80000305175781,90.5,90.5999984741211,51240,0.0,0.0
2025-03-25 01:55:00+00:00,90.5999984741211,90.80000305175781,90.4000015258789,90.5,26000,0.0,0.0
2025-03-25 02:00:00+00:00,90.5,90.5,90.4000015258789,90.4000015258789,12670,0.0,0.0
2025-03-25 02:05:00+00:00,90.30000305175781,90.30000305175781,90.0999984741211,90.19999694824219,30990,0.0,0.0
2025-03-25 02:10:00+00:00,90.19999694824219,90.4000015258789,90.19999694824219,90.4000015258789,13010,0.0,0.0
2025-03-25 02:15:00+00:00,90.30000305175781,90.30000305175781,90.30000305175781,90.30000305175781,3000,0.0,0.0
2025-03-25 02:20:00+00:00,90.4000015258789,90.4000015258789,90.4000015258789,90.4000015258789,11000,0.0,0.0
2025-03-25 02:25:00+00:00,90.30000305175781,90.30000305175781,90.0999984741211,90.0999984741211,28000,0.0,0.0
2025-03-25 02:30:00+00:00,90.0999984741211,90.30000305175781,90.0999984741211,90.19999694824219,17000,0.0,0.0
2025-03-25 02:35:00+00:00,90.30000305175781,90.30000305175781,90.30000305175781,90.30000305175781,3300,0.0,0.0
2025-03-25 02:40:00+00:00,90.30000305175781,90.5,90.30000305175781,90.4000015258789,14000,0.0,0.0
2025-03-25 02:45:00+00:00,90.30000305175781,90.30000305175781,90.30000305175781,90.30000305175781,11030,0.0,0.0
2025-03-25 02:50:00+00:00,90.19999694824219,90.30000305175781,90.0999984741211,90.0999984741211,19015,0.0,0.0
2025-03-25 02:55:00+00:00,90.0999984741211,90.0999984741211,90.0999984741211,90.0999984741211,3000,0.0,0.0
2025-03-25 03:00:00+00:00,90.19999694824219,90.30000305175781,90.19999694824219,90.30000305175781,6000,0.0,0.0
2025-03-25 03:05:00+00:00,90.30000305175781,90.30000305175781,90.30000305175781,90.30000305175781,2500,0.0,0.0
2025-03-25 03:10:00+00:00,90.19999694824219,90.19999694824219,90.19999694824219,90.19999694824219,2040,0.0,0.0
2025-03-25 03:15:00+00:00,90.19999694824219,90.19999694824219,90.19999694824219,90.19999694824219,1000,0.0,0.0
2025-03-25 03:20:00+00:00,90.0999984741211,90.0999984741211,90.0,90.0,21100,0.0,0.0
2025-03-25 03:25:00+00:00,90.0,90.19999694824219,89.9000015258789,90.0999984741211,20000,0.0,0.0
2025-03-25 03:30:00+00:00,90.0999984741211,90.0999984741211,90.0999984741211,90.0999984741211,2050,0.0,0.0
2025-03-25 03:40:00+00:00,90.0999984741211,90.0999984741211,90.0999984741211,90.0999984741211,3300,0.0,0.0
2025-03-25 03:45:00+00:00,90.0999984741211,90.0999984741211,90.0999984741211,90.0999984741211,5000,0.0,0.0
2025-03-25 03:55:00+00:00,90.0999984741211,90.0999984741211,90.0,90.0,12000,0.0,0.0
2025-03-25 04:00:00+00:00,90.0,90.0,90.0,90.0,5175,0.0,0.0
2025-03-25 04:05:00+00:00,89.9000015258789,89.9000015258789,89.80000305175781,89.80000305175781,28526,0.0,0.0
2025-03-25 04:10:00+00:00,89.69999694824219,89.69999694824219,89.69999694824219,89.69999694824219,18999,0.0,0.0
2025-03-25 04:15:00+00:00,89.69999694824219,89.80000305175781,89.69999694824219,89.80000305175781,13057,0.0,0.0
2025-03-25 04:20:00+00:00,89.9000015258789,89.9000015258789,89.80000305175781,89.9000015258789,16008,0.0,0.0
2025-03-25 04:25:00+00:00,89.69999694824219,89.9000015258789,89.69999694824219,89.9000015258789,5000,0.0,0.0
2025-03-25 04:35:00+00:00,89.80000305175781,89.80000305175781,89.80000305175781,89.80000305175781,3442,0.0,0.0
2025-03-25 04:40:00+00:00,89.80000305175781,89.80000305175781,89.80000305175781,89.80000305175781,3000,0.0,0.0
2025-03-25 04:45:00+00:00,89.80000305175781,90.0,89.69999694824219,90.0,37100,0.0,0.0
2025-03-25 04:50:00+00:00,89.9000015258789,89.9000015258789,89.80000305175781,89.9000015258789,7015,0.0,0.0
2025-03-25 04:55:00+00:00,89.80000305175781,89.80000305175781,89.80000305175781,89.80000305175781,1050,0.0,0.0
2025-03-25 05:00:00+00:00,89.9000015258789,89.9000015258789,89.9000015258789,89.9000015258789,5110,0.0,0.0
2025-03-25 05:05:00+00:00,89.9000015258789,90.0999984741211,89.9000015258789,89.9000015258789,21285,0.0,0.0
2025-03-25 05:10:00+00:00,89.9000015258789,89.9000015258789,89.9000015258789,89.9000015258789,2000,0.0,0.0
2025-03-25 05:15:00+00:00,89.9000015258789,90.0,89.9000015258789,89.9000015258789,15000,0.0,0.0
2025-03-25 05:20:00+00:00,89.9000015258789,90.0,89.9000015258789,89.9000015258789,19212,0.0,0.0
2025-03-26 01:00:00+00:00,90.30000305175781,90.5999984741211,90.19999694824219,90.5,0,0.0,0.0
2025-03-26 01:05:00+00:00,90.5,91.0,90.5,90.9000015258789,69300,0.0,0.0
2025-03-26 01:10:00+00:00,90.80000305175781,91.0999984741211,90.69999694824219,91.0999984741211,98100,0.0,0.0
2025-03-26 01:15:00+00:00,91.19999694824219,91.30000305175781,91.0999984741211,91.19999694824219,81000,0.0,0.0
2025-03-26 01:20:00+00:00,91.19999694824219,91.19999694824219,90.9000015258789,91.0,37750,0.0,0.0
2025-03-26 01:25:00+00:00,91.0999984741211,91.0999984741211,90.9000015258789,90.9000015258789,8000,0.0,0.0
2025-03-26 01:30:00+00:00,90.80000305175781,90.80000305175781,90.69999694824219,90.69999694824219,18000,0.0,0.0
2025-03-26 01:35:00+00:00,90.69999694824219,90.69999694824219,90.69999694824219,90.69999694824219,6003,0.0,0.0
2025-03-26 01:40:00+00:00,90.80000305175781,91.30000305175781,90.80000305175781,91.30000305175781,70100,0.0,0.0
2025-03-26 01:45:00+00:00,91.30000305175781,91.4000015258789,91.19999694824219,91.19999694824219,60703,0.0,0.0
2025-03-26 01:50:00+00:00,91.19999694824219,91.19999694824219,91.0,91.0999984741211,8350,0.0,0.0
2025-03-26 01:55:00+00:00,91.19999694824219,91.30000305175781,91.19999694824219,91.30000305175781,33050,0.0,0.0
2025-03-26 02:00:00+00:00,91.30000305175781,91.5,91.30000305175781,91.5,64388,0.0,0.0
2025-03-26 02:05:00+00:00,91.4000015258789,91.4000015258789,91.30000305175781,91.30000305175781,11101,0.0,0.0
2025-03-26 02:10:00+00:00,91.0999984741211,91.0999984741211,91.0,91.0,7000,0.0,0.0
2025-03-26 02:15:00+00:00,91.0,91.0,91.0,91.0,4414,0.0,0.0
2025-03-26 02:20:00+00:00,91.0,91.0,90.9000015258789,90.9000015258789,2008,0.0,0.0
2025-03-26 02:25:00+00:00,90.9000015258789,91.0999984741211,90.9000015258789,91.0,16200,0.0,0.0
2025-03-26 02:30:00+00:00,91.0,91.0,90.80000305175781,90.80000305175781,14100,0.0,0.0
2025-03-26 02:35:00+00:00,90.80000305175781,90.80000305175781,90.69999694824219,90.69999694824219,28282,0.0,0.0
2025-03-26 02:40:00+00:00,90.80000305175781,90.80000305175781,90.80000305175781,90.80000305175781,4040,0.0,0.0
2025-03-26 02:45:00+00:00,90.69999694824219,90.80000305175781,90.69999694824219,90.80000305175781,7000,0.0,0.0
2025-03-26 02:50:00+00:00,90.80000305175781,90.9000015258789,90.80000305175781,90.9000015258789,2000,0.0,0.0
2025-03-26 02:55:00+00:00,90.9000015258789,90.9000015258789,90.80000305175781,90.80000305175781,6000,0.0,0.0
2025-03-26 03:05:00+00:00,90.80000305175781,90.80000305175781,90.80000305175781,90.80000305175781,1090,0.0,0.0
2025-03-26 03:10:00+00:00,90.80000305175781,90.80000305175781,90.80000305175781,90.80000305175781,8011,0.0,0.0
2025-03-26 03:15:00+00:00,90.69999694824219,90.69999694824219,90.69999694824219,90.69999694824219,8000,0.0,0.0
2025-03-26 03:20:00+00:00,90.5999984741211,90.5999984741211,90.5,90.5,13602,0.0,0.0
2025-03-26 03:25:00+00:00,90.5,90.5999984741211,90.5,90.5999984741211,10000,0.0,0.0
2025-03-26 03:30:00+00:00,90.69999694824219,90.69999694824219,90.69999694824219,90.69999694824219,2200,0.0,0.0
2025-03-26 03:45:00+00:00,90.69999694824219,90.69999694824219,90.5999984741211,90.5999984741211,9301,0.0,0.0
2025-03-26 03:55:00+00:00,90.5999984741211,90.69999694824219,90.4000015258789,90.69999694824219,11000,0.0,0.0
2025-03-26 04:05:00+00:00,90.69999694824219,90.69999694824219,90.69999694824219,90.69999694824219,3000,0.0,0.0
2025-03-26 04:15:00+00:00,90.5999984741211,90.5999984741211,90.5999984741211,90.5999984741211,3045,0.0,0.0
2025-03-26 04:20:00+00:00,90.5999984741211,90.5999984741211,90.5999984741211,90.5999984741211,2000,0.0,0.0
2025-03-26 04:25:00+00:00,90.69999694824219,90.69999694824219,90.19999694824219,90.19999694824219,27004,0.0,0.0
2025-03-26 04:30:00+00:00,90.4000015258789,90.4000015258789,90.19999694824219,90.19999694824219,11670,0.0,0.0
2025-03-26 04:35:00+00:00,90.30000305175781,90.4000015258789,90.30000305175781,90.4000015258789,2000,0.0,0.0
2025-03-26 04:40:00+00:00,90.4000015258789,90.5,90.4000015258789,90.5,2000,0.0,0.0
2025-03-26 04:45:00+00:00,90.5,90.5,90.30000305175781,90.30000305175781,9000,0.0,0.0
2025-03-26 04:50:00+00:00,90.30000305175781,90.5,90.30000305175781,90.5,5000,0.0,0.0
2025-03-26 04:55:00+00:00,90.5,90.5999984741211,90.5,90.5,8121,0.0,0.0
2025-03-26 05:00:00+00:00,90.5999984741211,90.80000305175781,90.19999694824219,90.30000305175781,23088,0.0,0.0
2025-03-26 05:05:00+00:00,90.30000305175781,90.4000015258789,90.30000305175781,90.4000015258789,4000,0.0,0.0
2025-03-26 05:10:00+00:00,90.5999984741211,90.5999984741211,90.5,90.5,4000,0.0,0.0
2025-03-26 05:15:00+00:00,90.5,90.5,90.4000015258789,90.4000015258789,16231,0.0,0.0
2025-03-26 05:20:00+00:00,90.5,90.5999984741211,90.5,90.5,4189,0.0,0.0
2025-03-27 01:00:00+00:00,89.9000015258789,90.0,89.5,89.9000015258789,0,0.0,0.0
2025-03-27 01:05:00+00:00,89.9000015258789,89.9000015258789,89.19999694824219,89.30000305175781,50810,0.0,0.0
2025-03-27 01:10:00+00:00,89.30000305175781,89.80000305175781,89.30000305175781,89.80000305175781,26586,0.0,0.0
2025-03-27 01:15:00+00:00,89.80000305175781,89.9000015258789,89.80000305175781,89.9000015258789,9000,0.0,0.0
2025-03-27 01:20:00+00:00,89.9000015258789,90.0,89.9000015258789,89.9000015258789,9100,0.0,0.0
2025-03-27 01:25:00+00:00,89.80000305175781,89.9000015258789,89.80000305175781,89.9000015258789,4140,0.0,0.0
2025-03-27 01:30:00+00:00,89.80000305175781,89.80000305175781,89.4000015258789,89.4000015258789,31234,0.0,0.0
2025-03-27 01:35:00+00:00,89.5,89.80000305175781,88.4000015258789,89.4000015258789,251742,0.0,0.0
2025-03-27 01:40:00+00:00,89.4000015258789,89.5,89.30000305175781,89.5,8170,0.0,0.0
2025-03-27 01:45:00+00:00,89.30000305175781,89.30000305175781,89.19999694824219,89.30000305175781,4260,0.0,0.0
2025-03-27 01:50:00+00:00,89.4000015258789,89.5,89.4000015258789,89.5,3107,0.0,0.0
2025-03-27 01:55:00+00:00,89.4000015258789,89.4000015258789,89.0999984741211,89.0999984741211,16050,0.0,0.0
2025-03-27 02:00:00+00:00,89.0999984741211,89.0999984741211,89.0999984741211,89.0999984741211,1072,0.0,0.0
2025-03-27 02:05:00+00:00,89.19999694824219,89.4000015258789,89.19999694824219,89.30000305175781,7100,0.0,0.0
2025-03-27 02:10:00+00:00,89.30000305175781,89.30000305175781,89.19999694824219,89.19999694824219,5127,0.0,0.0
2025-03-27 02:15:00+00:00,89.0999984741211,89.30000305175781,89.0999984741211,89.30000305175781,5000,0.0,0.0
2025-03-27 02:25:00+00:00,89.19999694824219,89.19999694824219,89.0999984741211,89.0999984741211,9100,0.0,0.0
2025-03-27 02:30:00+00:00,89.19999694824219,89.19999694824219,89.19999694824219,89.19999694824219,2000,0.0,0.0
2025-03-27 02:35:00+00:00,89.0999984741211,89.19999694824219,89.0999984741211,89.19999694824219,4100,0.0,0.0
2025-03-27 02:40:00+00:00,89.19999694824219,89.5999984741211,89.19999694824219,89.5,11000,0.0,0.0
2025-03-27 02:45:00+00:00,89.5,89.5,89.5,89.5,1000,0.0,0.0
2025-03-27 02:50:00+00:00,89.5,89.5,89.5,89.5,7000,0.0,0.0
2025-03-27 02:55:00+00:00,89.5,89.5,89.30000305175781,89.30000305175781,13000,0.0,0.0
2025-03-27 03:05:00+00:00,89.19999694824219,89.30000305175781,89.19999694824219,89.30000305175781,12000,0.0,0.0
2025-03-27 03:10:00+00:00,89.19999694824219,89.19999694824219,89.0999984741211,89.0999984741211,13287,0.0,0.0
2025-03-27 03:15:00+00:00,89.0999984741211,89.0999984741211,89.0999984741211,89.0999984741211,1000,0.0,0.0
2025-03-27 03:20:00+00:00,89.19999694824219,89.30000305175781,89.0999984741211,89.19999694824219,7000,0.0,0.0
2025-03-27 03:25:00+00:00,89.0999984741211,89.19999694824219,89.0999984741211,89.0999984741211,9000,0.0,0.0
2025-03-27 03:30:00+00:00,89.0999984741211,89.0999984741211,89.0999984741211,89.0999984741211,6000,0.0,0.0
2025-03-27 03:35:00+00:00,89.0,89.0999984741211,88.9000015258789,88.9000015258789,43130,0.0,0.0
2025-03-27 03:40:00+00:00,89.0,89.0,88.9000015258789,88.9000015258789,2500,0.0,0.0
2025-03-27 03:45:00+00:00,89.0,89.0,89.0,89.0,2000,0.0,0.0
2025-03-27 03:50:00+00:00,89.0,89.0,89.0,89.0,2001,0.0,0.0
2025-03-27 03:55:00+00:00,89.0,89.0,88.9000015258789,88.9000015258789,14000,0.0,0.0
2025-03-27 04:00:00+00:00,88.9000015258789,89.0,88.80000305175781,89.0,20210,0.0,0.0
2025-03-27 04:05:00+00:00,89.0,89.0,88.80000305175781,88.9000015258789,13399,0.0,0.0
2025-03-27 04:10:00+00:00,88.80000305175781,88.80000305175781,88.80000305175781,88.80000305175781,1592,0.0,0.0
2025-03-27 04:20:00+00:00,88.9000015258789,89.0,88.9000015258789,89.0,4099,0.0,0.0
2025-03-27 04:25:00+00:00,89.0,89.0,88.9000015258789,89.0,7000,0.0,0.0
2025-03-27 04:30:00+00:00,88.9000015258789,88.9000015258789,88.9000015258789,88.9000015258789,8011,0.0,0.0
2025-03-27 04:35:00+00:00,89.0,89.0,88.9000015258789,88.9000015258789,3000,0.0,0.0
2025-03-27 04:40:00+00:00,88.9000015258789,89.0,88.9000015258789,89.0,4000,0.0,0.0
2025-03-27 04:45:00+00:00,88.9000015258789,89.5,88.9000015258789,89.30000305175781,53002,0.0,0.0
2025-03-27 04:50:00+00:00,89.4000015258789,89.4000015258789,89.4000015258789,89.4000015258789,5000,0.0,0.0
2025-03-27 04:55:00+00:00,89.4000015258789,89.5,89.4000015258789,89.5,7000,0.0,0.0
2025-03-27 05:00:00+00:00,89.30000305175781,89.30000305175781,89.30000305175781,89.30000305175781,5020,0.0,0.0
2025-03-27 05:05:00+00:00,89.4000015258789,89.5,89.4000015258789,89.5,9037,0.0,0.0
2025-03-27 05:15:00+00:00,89.4000015258789,89.4000015258789,89.30000305175781,89.30000305175781,2013,0.0,0.0
2025-03-27 05:20:00+00:00,89.30000305175781,89.5,89.19999694824219,89.5,20040,0.0,0.0
2025-03-28 01:00:00+00:00,89.0,89.0,87.5,87.5999984741211,0,0.0,0.0
2025-03-28 01:05:00+00:00,87.5999984741211,87.9000015258789,87.5,87.5,45000,0.0,0.0
2025-03-28 01:10:00+00:00,87.5,88.4000015258789,87.4000015258789,88.4000015258789,55772,0.0,0.0
2025-03-28 01:15:00+00:00,88.0999984741211,88.0999984741211,87.80000305175781,87.9000015258789,17200,0.0,0.0
2025-03-28 01:20:00+00:00,87.9000015258789,87.9000015258789,87.80000305175781,87.80000305175781,13200,0.0,0.0
2025-03-28 01:25:00+00:00,87.69999694824219,87.69999694824219,87.5,87.5,23066,0.0,0.0
2025-03-28 01:30:00+00:00,87.5,87.5,87.0999984741211,87.30000305175781,71767,0.0,0.0
2025-03-28 01:35:00+00:00,87.30000305175781,87.30000305175781,87.0999984741211,87.0999984741211,23080,0.0,0.0
2025-03-28 01:40:00+00:00,87.30000305175781,87.30000305175781,86.9000015258789,86.9000015258789,95645,0.0,0.0
2025-03-28 01:45:00+00:00,86.9000015258789,86.9000015258789,86.5999984741211,86.80000305175781,87747,0.0,0.0
2025-03-28 01:50:00+00:00,86.80000305175781,86.80000305175781,86.5,86.5999984741211,49100,0.0,0.0
2025-03-28 01:55:00+00:00,86.5,86.5,85.80000305175781,86.0999984741211,141436,0.0,0.0
2025-03-28 02:00:00+00:00,86.30000305175781,86.5999984741211,86.0999984741211,86.5999984741211,17100,0.0,0.0
2025-03-28 02:05:00+00:00,86.5999984741211,86.5999984741211,86.0,86.0,27160,0.0,0.0
2025-03-28 02:10:00+00:00,86.0,86.0,85.5999984741211,85.69999694824219,69447,0.0,0.0
2025-03-28 02:15:00+00:00,85.80000305175781,85.80000305175781,85.5999984741211,85.69999694824219,41220,0.0,0.0
2025-03-28 02:20:00+00:00,85.69999694824219,85.69999694824219,85.4000015258789,85.5,85750,0.0,0.0
2025-03-28 02:25:00+00:00,85.5,85.80000305175781,85.4000015258789,85.5,27170,0.0,0.0
2025-03-28 02:30:00+00:00,85.4000015258789,85.4000015258789,85.4000015258789,85.4000015258789,11972,0.0,0.0
2025-03-28 02:35:00+00:00,85.4000015258789,85.4000015258789,85.19999694824219,85.19999694824219,41332,0.0,0.0
2025-03-28 02:40:00+00:00,85.30000305175781,85.4000015258789,85.19999694824219,85.30000305175781,79125,0.0,0.0
2025-03-28 02:45:00+00:00,85.30000305175781,85.30000305175781,84.80000305175781,84.80000305175781,151749,0.0,0.0
2025-03-28 02:50:00+00:00,84.80000305175781,85.0999984741211,84.80000305175781,85.0,48225,0.0,0.0
2025-03-28 02:55:00+00:00,85.0,85.0999984741211,84.80000305175781,84.80000305175781,32316,0.0,0.0
2025-03-28 03:00:00+00:00,84.80000305175781,84.80000305175781,84.69999694824219,84.69999694824219,25718,0.0,0.0
2025-03-28 03:05:00+00:00,84.80000305175781,85.0,84.80000305175781,84.80000305175781,41581,0.0,0.0
2025-03-28 03:10:00+00:00,84.80000305175781,85.0,84.69999694824219,84.9000015258789,29050,0.0,0.0
2025-03-28 03:15:00+00:00,85.0,85.19999694824219,84.9000015258789,84.9000015258789,41100,0.0,0.0
2025-03-28 03:20:00+00:00,84.80000305175781,84.80000305175781,84.5999984741211,84.5999984741211,110834,0.0,0.0
2025-03-28 03:25:00+00:00,84.5999984741211,84.69999694824219,84.5999984741211,84.5999984741211,39402,0.0,0.0
2025-03-28 03:30:00+00:00,84.5999984741211,85.0,84.5999984741211,85.0,11250,0.0,0.0
2025-03-28 03:35:00+00:00,85.0,85.0,84.69999694824219,84.69999694824219,24482,0.0,0.0
2025-03-28 03:40:00+00:00,84.69999694824219,84.80000305175781,84.5999984741211,84.5999984741211,18895,0.0,0.0
2025-03-28 03:45:00+00:00,84.69999694824219,84.80000305175781,84.69999694824219,84.69999694824219,5100,0.0,0.0
2025-03-28 03:50:00+00:00,84.80000305175781,84.80000305175781,84.69999694824219,84.69999694824219,34000,0.0,0.0
2025-03-28 03:55:00+00:00,84.69999694824219,84.80000305175781,84.5,84.5,41102,0.0,0.0
2025-03-28 04:00:00+00:00,84.5,84.69999694824219,84.4000015258789,84.69999694824219,100172,0.0,0.0
2025-03-28 04:05:00+00:00,84.80000305175781,85.0,84.80000305175781,84.9000015258789,19189,0.0,0.0
2025-03-28 04:10:00+00:00,84.80000305175781,84.80000305175781,84.80000305175781,84.80000305175781,2300,0.0,0.0
2025-03-28 04:15:00+00:00,84.80000305175781,84.9000015258789,84.80000305175781,84.9000015258789,26000,0.0,0.0
2025-03-28 04:20:00+00:00,85.0,85.0999984741211,85.0,85.0999984741211,6472,0.0,0.0
2025-03-28 04:25:00+00:00,85.0999984741211,85.19999694824219,84.80000305175781,85.0,37346,0.0,0.0
2025-03-28 04:30:00+00:00,84.80000305175781,85.0999984741211,84.80000305175781,85.0999984741211,27000,0.0,0.0
2025-03-28 04:35:00+00:00,85.19999694824219,85.4000015258789,85.0999984741211,85.30000305175781,63000,0.0,0.0
2025-03-28 04:40:00+00:00,85.30000305175781,85.4000015258789,85.30000305175781,85.4000015258789,15067,0.0,0.0
2025-03-28 04:45:00+00:00,85.4000015258789,85.5,85.19999694824219,85.19999694824219,19066,0.0,0.0
2025-03-28 04:50:00+00:00,85.30000305175781,85.30000305175781,85.0999984741211,85.19999694824219,19140,0.0,0.0
2025-03-28 04:55:00+00:00,85.30000305175781,85.30000305175781,85.0999984741211,85.0999984741211,18372,0.0,0.0
2025-03-28 05:00:00+00:00,85.19999694824219,85.5,85.0999984741211,85.5,33720,0.0,0.0
2025-03-28 05:05:00+00:00,85.5999984741211,85.69999694824219,85.5999984741211,85.5999984741211,16273,0.0,0.0
2025-03-28 05:10:00+00:00,85.5999984741211,85.9000015258789,85.5,85.9000015258789,39211,0.0,0.0
2025-03-28 05:15:00+00:00,85.80000305175781,86.0,85.80000305175781,85.80000305175781,27702,0.0,0.0
2025-03-28 05:20:00+00:00,85.80000305175781,85.80000305175781,85.5999984741211,85.5999984741211,32313,0.0,0.0
2025-03-31 01:00:00+00:00,81.80000305175781,83.0,81.80000305175781,82.80000305175781,0,0.0,0.0
2025-03-31 01:05:00+00:00,82.69999694824219,82.69999694824219,81.5,82.0,230669,0.0,0.0
2025-03-31 01:10:00+00:00,82.0,82.5,81.9000015258789,82.0999984741211,108907,0.0,0.0
2025-03-31 01:15:00+00:00,82.19999694824219,82.4000015258789,82.0,82.19999694824219,71143,0.0,0.0
2025-03-31 01:20:00+00:00,82.19999694824219,83.0,82.19999694824219,83.0,105753,0.0,0.0
2025-03-31 01:25:00+00:00,83.0,83.4000015258789,83.0,83.19999694824219,39030,0.0,0.0
2025-03-31 01:30:00+00:00,83.19999694824219,83.4000015258789,83.0999984741211,83.30000305175781,24725,0.0,0.0
2025-03-31 01:35:00+00:00,83.30000305175781,83.4000015258789,83.0,83.0,39040,0.0,0.0
2025-03-31 01:40:00+00:00,83.0,83.0,82.9000015258789,83.0,8105,0.0,0.0
2025-03-31 01:45:00+00:00,82.9000015258789,83.0,82.80000305175781,82.9000015258789,15320,0.0,0.0
2025-03-31 01:50:00+00:00,82.9000015258789,82.9000015258789,82.5999984741211,82.80000305175781,31354,0.0,0.0
2025-03-31 01:55:00+00:00,82.80000305175781,82.80000305175781,82.69999694824219,82.69999694824219,11091,0.0,0.0
2025-03-31 02:00:00+00:00,82.69999694824219,82.80000305175781,82.69999694824219,82.80000305175781,10001,0.0,0.0
2025-03-31 02:05:00+00:00,82.69999694824219,82.69999694824219,82.5,82.5,38333,0.0,0.0
2025-03-31 02:10:00+00:00,82.4000015258789,82.5999984741211,82.19999694824219,82.19999694824219,56045,0.0,0.0
2025-03-31 02:15:00+00:00,82.19999694824219,82.19999694824219,82.0,82.0,21515,0.0,0.0
2025-03-31 02:20:00+00:00,82.0,82.0,81.69999694824219,81.69999694824219,134002,0.0,0.0
2025-03-31 02:25:00+00:00,81.5999984741211,82.0,81.5999984741211,81.9000015258789,36578,0.0,0.0
2025-03-31 02:30:00+00:00,81.9000015258789,82.0999984741211,81.9000015258789,82.0999984741211,18003,0.0,0.0
2025-03-31 02:35:00+00:00,82.0999984741211,82.19999694824219,82.0,82.0,8038,0.0,0.0
2025-03-31 02:40:00+00:00,82.0999984741211,82.19999694824219,82.0,82.0,19022,0.0,0.0
2025-03-31 02:45:00+00:00,82.0,82.0999984741211,82.0,82.0,35190,0.0,0.0
2025-03-31 02:50:00+00:00,82.0,82.0,81.5,81.5,55204,0.0,0.0
2025-03-31 02:55:00+00:00,81.5,81.69999694824219,81.5,81.69999694824219,46000,0.0,0.0
2025-03-31 03:00:00+00:00,81.9000015258789,82.5,81.9000015258789,82.5,37000,0.0,0.0
2025-03-31 03:05:00+00:00,82.5999984741211,82.69999694824219,82.5,82.5999984741211,33200,0.0,0.0
2025-03-31 03:10:00+00:00,82.5,82.5999984741211,81.9000015258789,82.0,60250,0.0,0.0
2025-03-31 03:15:00+00:00,82.0,82.0999984741211,81.5999984741211,82.0999984741211,35700,0.0,0.0
2025-03-31 03:20:00+00:00,82.0999984741211,82.5,82.0,82.5,10656,0.0,0.0
2025-03-31 03:25:00+00:00,82.5999984741211,83.0,82.5999984741211,82.9000015258789,54682,0.0,0.0
2025-03-31 03:35:00+00:00,82.69999694824219,82.69999694824219,82.30000305175781,82.30000305175781,7000,0.0,0.0
2025-03-31 03:40:00+00:00,82.4000015258789,82.4000015258789,82.4000015258789,82.4000015258789,1020,0.0,0.0
2025-03-31 03:45:00+00:00,82.30000305175781,82.4000015258789,82.30000305175781,82.30000305175781,4250,0.0,0.0
2025-03-31 03:50:00+00:00,82.4000015258789,82.4000015258789,82.0,82.0,21302,0.0,0.0
2025-03-31 03:55:00+00:00,82.0,82.0,82.0,82.0,12103,0.0,0.0
2025-03-31 04:00:00+00:00,82.0,82.0,81.9000015258789,81.9000015258789,6000,0.0,0.0
2025-03-31 04:05:00+00:00,81.9000015258789,81.9000015258789,81.19999694824219,81.19999694824219,133304,0.0,0.0
2025-03-31 04:10:00+00:00,81.19999694824219,81.30000305175781,81.19999694824219,81.19999694824219,16117,0.0,0.0
2025-03-31 04:15:00+00:00,81.30000305175781,81.30000305175781,81.19999694824219,81.30000305175781,22447,0.0,0.0
2025-03-31 04:20:00+00:00,81.19999694824219,81.19999694824219,80.9000015258789,81.0,142530,0.0,0.0
2025-03-31 04:25:00+00:00,81.0,81.30000305175781,81.0,81.30000305175781,36022,0.0,0.0
2025-03-31 04:30:00+00:00,81.4000015258789,81.80000305175781,81.19999694824219,81.80000305175781,23004,0.0,0.0
2025-03-31 04:35:00+00:00,81.80000305175781,81.9000015258789,81.80000305175781,81.80000305175781,27068,0.0,0.0
2025-03-31 04:40:00+00:00,81.69999694824219,81.69999694824219,81.5,81.5999984741211,16285,0.0,0.0
2025-03-31 04:45:00+00:00,81.5999984741211,81.5999984741211,81.5,81.5,18061,0.0,0.0
2025-03-31 04:50:00+00:00,81.4000015258789,81.4000015258789,81.19999694824219,81.19999694824219,29300,0.0,0.0
2025-03-31 04:55:00+00:00,81.30000305175781,81.4000015258789,81.30000305175781,81.4000015258789,19100,0.0,0.0
2025-03-31 05:00:00+00:00,81.4000015258789,81.4000015258789,81.4000015258789,81.4000015258789,8537,0.0,0.0
2025-03-31 05:05:00+00:00,81.4000015258789,81.5,81.4000015258789,81.4000015258789,11250,0.0,0.0
2025-03-31 05:10:00+00:00,81.5,81.5999984741211,81.5,81.5999984741211,9012,0.0,0.0
2025-03-31 05:15:00+00:00,81.5999984741211,81.5999984741211,81.5,81.5,29030,0.0,0.0
2025-03-31 05:20:00+00:00,81.5,81.5,81.19999694824219,81.30000305175781,72529,0.0,0.0
2025-04-01 01:00:00+00:00,82.19999694824219,82.5999984741211,81.80000305175781,82.0,0,0.0,0.0
2025-04-01 01:05:00+00:00,82.0,82.30000305175781,82.0,82.30000305175781,41079,0.0,0.0
2025-04-01 01:10:00+00:00,82.30000305175781,82.30000305175781,82.19999694824219,82.19999694824219,11000,0.0,0.0
2025-04-01 01:15:00+00:00,82.0999984741211,82.0999984741211,81.9000015258789,81.9000015258789,18075,0.0,0.0
2025-04-01 01:20:00+00:00,81.9000015258789,82.0,81.9000015258789,82.0,10056,0.0,0.0
2025-04-01 01:25:00+00:00,82.0999984741211,82.19999694824219,82.0999984741211,82.19999694824219,10000,0.0,0.0
2025-04-01 01:30:00+00:00,82.19999694824219,82.5,82.19999694824219,82.4000015258789,24250,0.0,0.0
2025-04-01 01:35:00+00:00,82.19999694824219,82.5999984741211,82.19999694824219,82.5999984741211,23484,0.0,0.0
2025-04-01 01:40:00+00:00,82.5999984741211,82.5999984741211,82.5,82.5999984741211,19020,0.0,0.0
2025-04-01 01:45:00+00:00,82.5999984741211,82.69999694824219,82.5999984741211,82.5999984741211,14400,0.0,0.0
2025-04-01 01:50:00+00:00,82.5,82.5999984741211,82.5,82.5999984741211,8000,0.0,0.0
2025-04-01 01:55:00+00:00,82.5999984741211,82.5999984741211,82.4000015258789,82.4000015258789,9050,0.0,0.0
2025-04-01 02:00:00+00:00,82.5,82.5,82.5,82.5,4117,0.0,0.0
2025-04-01 02:05:00+00:00,82.5,82.5999984741211,82.5,82.5999984741211,14000,0.0,0.0
2025-04-01 02:10:00+00:00,82.69999694824219,83.0,82.69999694824219,83.0,34052,0.0,0.0
2025-04-01 02:15:00+00:00,82.80000305175781,82.9000015258789,82.80000305175781,82.9000015258789,5100,0.0,0.0
2025-04-01 02:20:00+00:00,82.9000015258789,82.9000015258789,82.69999694824219,82.69999694824219,4100,0.0,0.0
2025-04-01 02:25:00+00:00,82.69999694824219,82.69999694824219,82.5,82.5,12000,0.0,0.0
2025-04-01 02:30:00+00:00,82.4000015258789,82.4000015258789,82.4000015258789,82.4000015258789,6645,0.0,0.0
2025-04-01 02:35:00+00:00,82.4000015258789,82.9000015258789,82.4000015258789,82.9000015258789,28112,0.0,0.0
2025-04-01 02:50:00+00:00,82.5999984741211,82.5999984741211,82.5999984741211,82.5999984741211,6023,0.0,0.0
2025-04-01 02:55:00+00:00,82.5,82.69999694824219,82.5,82.5999984741211,6000,0.0,0.0
2025-04-01 03:00:00+00:00,82.5,82.5,82.5,82.5,4230,0.0,0.0
2025-04-01 03:05:00+00:00,82.5,82.5999984741211,82.4000015258789,82.5999984741211,6242,0.0,0.0
2025-04-01 03:10:00+00:00,82.5999984741211,82.5999984741211,82.5,82.5999984741211,11030,0.0,0.0
2025-04-01 03:15:00+00:00,82.80000305175781,82.80000305175781,82.80000305175781,82.80000305175781,5176,0.0,0.0
2025-04-01 03:20:00+00:00,82.80000305175781,82.80000305175781,82.80000305175781,82.80000305175781,1000,0.0,0.0
2025-04-01 03:25:00+00:00,82.69999694824219,82.69999694824219,82.69999694824219,82.69999694824219,1203,0.0,0.0
2025-04-01 03:35:00+00:00,82.5999984741211,82.5999984741211,82.5999984741211,82.5999984741211,1010,0.0,0.0
2025-04-01 03:40:00+00:00,82.69999694824219,82.69999694824219,82.69999694824219,82.69999694824219,1004,0.0,0.0
2025-04-01 03:45:00+00:00,82.5,82.5999984741211,82.5,82.5999984741211,6030,0.0,0.0
2025-04-01 03:50:00+00:00,82.5999984741211,82.5999984741211,82.5,82.5,9003,0.0,0.0
2025-04-01 03:55:00+00:00,82.5999984741211,82.5999984741211,82.5999984741211,82.5999984741211,2100,0.0,0.0
2025-04-01 04:00:00+00:00,82.5999984741211,82.5999984741211,82.4000015258789,82.4000015258789,23095,0.0,0.0
2025-04-01 04:05:00+00:00,82.30000305175781,82.30000305175781,82.0999984741211,82.19999694824219,25056,0.0,0.0
2025-04-01 04:10:00+00:00,82.30000305175781,82.30000305175781,82.30000305175781,82.30000305175781,6000,0.0,0.0
2025-04-01 04:15:00+00:00,82.19999694824219,82.19999694824219,82.19999694824219,82.19999694824219,7195,0.0,0.0
2025-04-01 04:20:00+00:00,82.0999984741211,82.0999984741211,82.0999984741211,82.0999984741211,15799,0.0,0.0
2025-04-01 04:25:00+00:00,82.0,82.0,82.0,82.0,7099,0.0,0.0
2025-04-01 04:30:00+00:00,82.0,82.0,82.0,82.0,1501,0.0,0.0
2025-04-01 04:40:00+00:00,82.0999984741211,82.0999984741211,82.0999984741211,82.0999984741211,3559,0.0,0.0
2025-04-01 04:45:00+00:00,82.0,82.0,82.0,82.0,12799,0.0,0.0
2025-04-01 04:50:00+00:00,81.9000015258789,81.9000015258789,81.5999984741211,81.80000305175781,86635,0.0,0.0
2025-04-01 04:55:00+00:00,81.80000305175781,81.80000305175781,81.69999694824219,81.69999694824219,9167,0.0,0.0
2025-04-01 05:00:00+00:00,81.69999694824219,81.9000015258789,81.5,81.69999694824219,55781,0.0,0.0
2025-04-01 05:05:00+00:00,81.80000305175781,81.9000015258789,81.80000305175781,81.9000015258789,14263,0.0,0.0
2025-04-01 05:10:00+00:00,81.80000305175781,81.9000015258789,81.80000305175781,81.9000015258789,24000,0.0,0.0
2025-04-01 05:15:00+00:00,81.9000015258789,82.0,81.80000305175781,81.9000015258789,29020,0.0,0.0
2025-04-01 05:20:00+00:00,81.80000305175781,82.0,81.5,82.0,78017,0.0,0.0
2025-04-02 01:00:00+00:00,82.5999984741211,82.5999984741211,80.80000305175781,80.80000305175781,0,0.0,0.0
2025-04-02 01:05:00+00:00,81.0,81.5999984741211,80.9000015258789,81.4000015258789,31000,0.0,0.0
2025-04-02 01:10:00+00:00,81.4000015258789,81.5,81.30000305175781,81.30000305175781,19141,0.0,0.0
2025-04-02 01:15:00+00:00,81.4000015258789,81.5999984741211,81.4000015258789,81.5999984741211,15100,0.0,0.0
2025-04-02 01:20:00+00:00,81.5999984741211,81.80000305175781,81.5999984741211,81.80000305175781,13945,0.0,0.0
2025-04-02 01:25:00+00:00,81.9000015258789,82.19999694824219,81.9000015258789,82.0,11000,0.0,0.0
2025-04-02 01:30:00+00:00,82.0999984741211,82.30000305175781,82.0,82.19999694824219,21102,0.0,0.0
2025-04-02 01:35:00+00:00,82.19999694824219,82.5,82.19999694824219,82.5,13103,0.0,0.0
2025-04-02 01:40:00+00:00,82.4000015258789,82.4000015258789,82.30000305175781,82.30000305175781,10000,0.0,0.0
2025-04-02 01:45:00+00:00,82.19999694824219,82.19999694824219,82.19999694824219,82.19999694824219,1001,0.0,0.0
2025-04-02 01:50:00+00:00,82.0999984741211,82.0999984741211,81.80000305175781,81.80000305175781,10000,0.0,0.0
2025-04-02 01:55:00+00:00,81.80000305175781,81.80000305175781,81.69999694824219,81.80000305175781,9134,0.0,0.0
2025-04-02 02:00:00+00:00,81.9000015258789,81.9000015258789,81.69999694824219,81.69999694824219,8244,0.0,0.0
2025-04-02 02:05:00+00:00,81.69999694824219,81.69999694824219,81.5999984741211,81.5999984741211,25419,0.0,0.0
2025-04-02 02:10:00+00:00,81.5,81.5,81.5,81.5,16005,0.0,0.0
2025-04-02 02:15:00+00:00,81.5,81.5999984741211,81.5,81.5999984741211,2155,0.0,0.0
2025-04-02 02:25:00+00:00,81.5,81.80000305175781,81.5,81.80000305175781,8000,0.0,0.0
2025-04-02 02:35:00+00:00,81.80000305175781,81.80000305175781,81.69999694824219,81.69999694824219,3000,0.0,0.0
2025-04-02 02:40:00+00:00,81.80000305175781,81.9000015258789,81.80000305175781,81.9000015258789,7000,0.0,0.0
2025-04-02 02:45:00+00:00,81.9000015258789,81.9000015258789,81.80000305175781,81.80000305175781,7020,0.0,0.0
2025-04-02 02:50:00+00:00,81.80000305175781,82.0,81.80000305175781,82.0,7000,0.0,0.0
2025-04-02 02:55:00+00:00,82.0,82.0,82.0,82.0,2123,0.0,0.0
2025-04-02 03:05:00+00:00,82.0,82.0,82.0,82.0,4017,0.0,0.0
2025-04-02 03:10:00+00:00,82.0999984741211,82.0999984741211,82.0,82.0,5000,0.0,0.0
2025-04-02 03:15:00+00:00,82.0999984741211,82.19999694824219,82.0999984741211,82.19999694824219,5168,0.0,0.0
2025-04-02 03:25:00+00:00,82.0999984741211,82.0999984741211,82.0999984741211,82.0999984741211,1052,0.0,0.0
2025-04-02 03:30:00+00:00,82.19999694824219,82.4000015258789,82.19999694824219,82.4000015258789,23014,0.0,0.0
2025-04-02 03:35:00+00:00,82.30000305175781,82.30000305175781,82.19999694824219,82.19999694824219,2000,0.0,0.0
2025-04-02 03:40:00+00:00,82.19999694824219,82.19999694824219,82.19999694824219,82.19999694824219,2000,0.0,0.0
2025-04-02 03:45:00+00:00,82.0999984741211,82.0999984741211,82.0999984741211,82.0999984741211,2000,0.0,0.0
2025-04-02 03:50:00+00:00,82.0999984741211,82.0999984741211,82.0,82.0,2000,0.0,0.0
2025-04-02 03:55:00+00:00,81.9000015258789,82.0,81.9000015258789,82.0,7107,0.0,0.0
2025-04-02 04:05:00+00:00,81.9000015258789,81.9000015258789,81.9000015258789,81.9000015258789,1000,0.0,0.0
2025-04-02 04:10:00+00:00,81.9000015258789,82.0,81.9000015258789,82.0,3000,0.0,0.0
2025-04-02 04:15:00+00:00,82.0,82.0999984741211,82.0,82.0999984741211,7000,0.0,0.0
2025-04-02 04:20:00+00:00,82.0999984741211,82.0999984741211,82.0,82.0999984741211,4000,0.0,0.0
2025-04-02 04:25:00+00:00,82.0,82.0,82.0,82.0,5000,0.0,0.0
2025-04-02 04:30:00+00:00,82.0,82.0,82.0,82.0,1000,0.0,0.0
2025-04-02 04:35:00+00:00,82.0,82.0,81.80000305175781,81.80000305175781,3000,0.0,0.0
2025-04-02 04:40:00+00:00,81.80000305175781,81.80000305175781,81.69999694824219,81.69999694824219,17000,0.0,0.0
2025-04-02 04:45:00+00:00,81.9000015258789,81.9000015258789,81.9000015258789,81.9000015258789,7000,0.0,0.0
2025-04-02 04:50:00+00:00,81.9000015258789,81.9000015258789,81.69999694824219,81.80000305175781,19042,0.0,0.0
2025-04-02 04:55:00+00:00,81.9000015258789,82.0999984741211,81.9000015258789,82.0999984741211,21000,0.0,0.0
2025-04-02 05:00:00+00:00,82.0999984741211,82.19999694824219,82.0999984741211,82.19999694824219,9000,0.0,0.0
2025-04-02 05:05:00+00:00,82.0,82.0,81.69999694824219,81.69999694824219,18000,0.0,0.0
2025-04-02 05:10:00+00:00,81.80000305175781,82.0,81.80000305175781,81.80000305175781,24000,0.0,0.0
2025-04-02 05:15:00+00:00,81.9000015258789,82.0,81.9000015258789,82.0,13099,0.0,0.0
2025-04-02 05:20:00+00:00,82.0,82.0,81.5999984741211,82.0,41958,0.0,0.0
2025-04-07 01:00:00+00:00,73.9000015258789,73.9000015258789,73.9000015258789,73.9000015258789,0,0.0,0.0
2025-04-07 01:05:00+00:00,73.9000015258789,73.9000015258789,73.9000015258789,73.9000015258789,9298,0.0,0.0
2025-04-07 01:10:00+00:00,73.9000015258789,73.9000015258789,73.9000015258789,73.9000015258789,22440,0.0,0.0
2025-04-07 01:15:00+00:00,73.9000015258789,73.9000015258789,73.9000015258789,73.9000015258789,3335,0.0,0.0
2025-04-07 01:20:00+00:00,73.9000015258789,73.9000015258789,73.9000015258789,73.9000015258789,4310,0.0,0.0
2025-04-07 01:25:00+00:00,73.9000015258789,73.9000015258789,73.9000015258789,73.9000015258789,10040,0.0,0.0
2025-04-07 01:30:00+00:00,73.9000015258789,73.9000015258789,73.9000015258789,73.9000015258789,21351,0.0,0.0
2025-04-07 01:35:00+00:00,73.9000015258789,73.9000015258789,73.9000015258789,73.9000015258789,1000,0.0,0.0
2025-04-07 01:40:00+00:00,73.9000015258789,73.9000015258789,73.9000015258789,73.9000015258789,2100,0.0,0.0
2025-04-07 01:45:00+00:00,73.9000015258789,73.9000015258789,73.9000015258789,73.9000015258789,11100,0.0,0.0
2025-04-07 01:50:00+00:00,73.9000015258789,73.9000015258789,73.9000015258789,73.9000015258789,11127,0.0,0.0
2025-04-07 01:55:00+00:00,73.9000015258789,73.9000015258789,73.9000015258789,73.9000015258789,1050,0.0,0.0
2025-04-07 02:00:00+00:00,73.9000015258789,73.9000015258789,73.9000015258789,73.9000015258789,2035,0.0,0.0
2025-04-07 02:05:00+00:00,73.9000015258789,73.9000015258789,73.9000015258789,73.9000015258789,12456,0.0,0.0
2025-04-07 02:15:00+00:00,73.9000015258789,73.9000015258789,73.9000015258789,73.9000015258789,1131,0.0,0.0
2025-04-07 02:30:00+00:00,73.9000015258789,73.9000015258789,73.9000015258789,73.9000015258789,1350,0.0,0.0
2025-04-07 02:35:00+00:00,73.9000015258789,73.9000015258789,73.9000015258789,73.9000015258789,3035,0.0,0.0
2025-04-07 02:45:00+00:00,73.9000015258789,73.9000015258789,73.9000015258789,73.9000015258789,2064,0.0,0.0
2025-04-07 02:50:00+00:00,73.9000015258789,73.9000015258789,73.9000015258789,73.9000015258789,3036,0.0,0.0
2025-04-07 02:55:00+00:00,73.9000015258789,73.9000015258789,73.9000015258789,73.9000015258789,2191,0.0,0.0
2025-04-07 03:20:00+00:00,73.9000015258789,73.9000015258789,73.9000015258789,73.9000015258789,1100,0.0,0.0
2025-04-07 03:35:00+00:00,73.9000015258789,73.9000015258789,73.9000015258789,73.9000015258789,1054,0.0,0.0
2025-04-07 03:50:00+00:00,73.9000015258789,73.9000015258789,73.9000015258789,73.9000015258789,1110,0.0,0.0
2025-04-07 03:55:00+00:00,73.9000015258789,73.9000015258789,73.9000015258789,73.9000015258789,11336,0.0,0.0
2025-04-07 04:15:00+00:00,73.9000015258789,73.9000015258789,73.9000015258789,73.9000015258789,1372,0.0,0.0
2025-04-07 04:40:00+00:00,73.9000015258789,73.9000015258789,73.9000015258789,73.9000015258789,1250,0.0,0.0
2025-04-07 05:00:00+00:00,73.9000015258789,73.9000015258789,73.9000015258789,73.9000015258789,1178,0.0,0.0
2025-04-07 05:15:00+00:00,73.9000015258789,73.9000015258789,73.9000015258789,73.9000015258789,2000,0.0,0.0
2025-04-07 05:20:00+00:00,73.9000015258789,73.9000015258789,73.9000015258789,73.9000015258789,3053,0.0,0.0
2025-04-08 01:00:00+00:00,66.5999984741211,66.5999984741211,66.5999984741211,66.5999984741211,771098,0.0,0.0
2025-04-08 01:05:00+00:00,66.5999984741211,67.0999984741211,66.5999984741211,66.69999694824219,689000,0.0,0.0
2025-04-08 01:10:00+00:00,66.69999694824219,66.9000015258789,66.5999984741211,66.5999984741211,330031,0.0,0.0
2025-04-08 01:15:00+00:00,66.5999984741211,67.0,66.5999984741211,66.5999984741211,398682,0.0,0.0
2025-04-08 01:20:00+00:00,66.5999984741211,66.69999694824219,66.5999984741211,66.5999984741211,203235,0.0,0.0
2025-04-08 01:25:00+00:00,66.5999984741211,66.80000305175781,66.5999984741211,66.5999984741211,229236,0.0,0.0
2025-04-08 01:30:00+00:00,66.69999694824219,66.69999694824219,66.5999984741211,66.5999984741211,179036,0.0,0.0
2025-04-08 01:35:00+00:00,66.5999984741211,66.80000305175781,66.5999984741211,66.5999984741211,156431,0.0,0.0
2025-04-08 01:40:00+00:00,66.5999984741211,67.0,66.5999984741211,66.5999984741211,732400,0.0,0.0
2025-04-08 01:45:00+00:00,66.5999984741211,66.80000305175781,66.5999984741211,66.5999984741211,79082,0.0,0.0
2025-04-08 01:50:00+00:00,66.5999984741211,66.69999694824219,66.5999984741211,66.69999694824219,219131,0.0,0.0
2025-04-08 01:55:00+00:00,66.5999984741211,66.5999984741211,66.5999984741211,66.5999984741211,122980,0.0,0.0
2025-04-08 02:00:00+00:00,66.5999984741211,66.69999694824219,66.5999984741211,66.5999984741211,75100,0.0,0.0
2025-04-08 02:05:00+00:00,66.5999984741211,66.5999984741211,66.5999984741211,66.5999984741211,23148,0.0,0.0
2025-04-08 02:10:00+00:00,66.5999984741211,66.5999984741211,66.5999984741211,66.5999984741211,47000,0.0,0.0
2025-04-08 02:15:00+00:00,66.5999984741211,66.5999984741211,66.5999984741211,66.5999984741211,11044,0.0,0.0
2025-04-08 02:20:00+00:00,66.5999984741211,66.5999984741211,66.5999984741211,66.5999984741211,64304,0.0,0.0
2025-04-08 02:25:00+00:00,66.5999984741211,66.5999984741211,66.5999984741211,66.5999984741211,47200,0.0,0.0
2025-04-08 02:30:00+00:00,66.5999984741211,66.5999984741211,66.5999984741211,66.5999984741211,24201,0.0,0.0
2025-04-08 02:35:00+00:00,66.5999984741211,66.5999984741211,66.5999984741211,66.5999984741211,12555,0.0,0.0
2025-04-08 02:40:00+00:00,66.5999984741211,66.5999984741211,66.5999984741211,66.5999984741211,4351,0.0,0.0
2025-04-08 02:45:00+00:00,66.5999984741211,66.5999984741211,66.5999984741211,66.5999984741211,10925,0.0,0.0
2025-04-08 02:50:00+00:00,66.5999984741211,66.5999984741211,66.5999984741211,66.5999984741211,6219,0.0,0.0
2025-04-08 03:00:00+00:00,66.5999984741211,66.5999984741211,66.5999984741211,66.5999984741211,10041,0.0,0.0
2025-04-08 03:15:00+00:00,66.5999984741211,66.5999984741211,66.5999984741211,66.5999984741211,1030,0.0,0.0
2025-04-08 03:20:00+00:00,66.5999984741211,66.5999984741211,66.5999984741211,66.5999984741211,1080,0.0,0.0
2025-04-08 03:25:00+00:00,66.5999984741211,66.5999984741211,66.5999984741211,66.5999984741211,3200,0.0,0.0
2025-04-08 03:30:00+00:00,66.5999984741211,66.5999984741211,66.5999984741211,66.5999984741211,3012,0.0,0.0
2025-04-08 03:35:00+00:00,66.5999984741211,66.5999984741211,66.5999984741211,66.5999984741211,5205,0.0,0.0
2025-04-08 03:40:00+00:00,66.5999984741211,66.5999984741211,66.5999984741211,66.5999984741211,1370,0.0,0.0
2025-04-08 03:45:00+00:00,66.5999984741211,66.5999984741211,66.5999984741211,66.5999984741211,7512,0.0,0.0
2025-04-08 03:50:00+00:00,66.5999984741211,66.5999984741211,66.5999984741211,66.5999984741211,7000,0.0,0.0
2025-04-08 03:55:00+00:00,66.5999984741211,66.5999984741211,66.5999984741211,66.5999984741211,2494,0.0,0.0
2025-04-08 04:00:00+00:00,66.5999984741211,66.5999984741211,66.5999984741211,66.5999984741211,3005,0.0,0.0
2025-04-08 04:05:00+00:00,66.5999984741211,66.5999984741211,66.5999984741211,66.5999984741211,5000,0.0,0.0
2025-04-08 04:10:00+00:00,66.5999984741211,66.5999984741211,66.5999984741211,66.5999984741211,13479,0.0,0.0
2025-04-08 04:15:00+00:00,66.5999984741211,66.5999984741211,66.5999984741211,66.5999984741211,1010,0.0,0.0
2025-04-08 04:20:00+00:00,66.5999984741211,66.5999984741211,66.5999984741211,66.5999984741211,6512,0.0,0.0
2025-04-08 04:25:00+00:00,66.5999984741211,66.5999984741211,66.5999984741211,66.5999984741211,5506,0.0,0.0
2025-04-08 04:30:00+00:00,66.5999984741211,66.5999984741211,66.5999984741211,66.5999984741211,13002,0.0,0.0
2025-04-08 04:40:00+00:00,66.5999984741211,66.5999984741211,66.5999984741211,66.5999984741211,3106,0.0,0.0
2025-04-08 04:45:00+00:00,66.5999984741211,66.5999984741211,66.5999984741211,66.5999984741211,1000,0.0,0.0
2025-04-08 04:50:00+00:00,66.5999984741211,66.5999984741211,66.5999984741211,66.5999984741211,5120,0.0,0.0
2025-04-08 04:55:00+00:00,66.5999984741211,66.5999984741211,66.5999984741211,66.5999984741211,2020,0.0,0.0
2025-04-08 05:00:00+00:00,66.5999984741211,66.5999984741211,66.5999984741211,66.5999984741211,3070,0.0,0.0
2025-04-08 05:05:00+00:00,66.5999984741211,66.5999984741211,66.5999984741211,66.5999984741211,4000,0.0,0.0
2025-04-08 05:10:00+00:00,66.5999984741211,66.5999984741211,66.5999984741211,66.5999984741211,1050,0.0,0.0
2025-04-08 05:15:00+00:00,66.5999984741211,66.5999984741211,66.5999984741211,66.5999984741211,9304,0.0,0.0
2025-04-08 05:20:00+00:00,66.5999984741211,66.5999984741211,66.5999984741211,66.5999984741211,4175,0.0,0.0
2025-04-09 01:00:00+00:00,61.599998474121094,64.80000305175781,61.599998474121094,63.900001525878906,0,0.0,0.0
2025-04-09 01:05:00+00:00,64.0,64.0999984741211,62.0,62.599998474121094,276443,0.0,0.0
2025-04-09 01:10:00+00:00,62.5,64.0999984741211,62.5,64.0999984741211,154878,0.0,0.0
2025-04-09 01:15:00+00:00,64.0999984741211,64.4000015258789,63.099998474121094,63.099998474121094,122587,0.0,0.0
2025-04-09 01:20:00+00:00,63.099998474121094,63.5,62.5,62.599998474121094,169577,0.0,0.0
2025-04-09 01:25:00+00:00,62.599998474121094,62.900001525878906,62.099998474121094,62.29999923706055,222700,0.0,0.0
2025-04-09 01:30:00+00:00,62.29999923706055,62.599998474121094,62.20000076293945,62.29999923706055,137196,0.0,0.0
2025-04-09 01:35:00+00:00,62.29999923706055,62.5,62.20000076293945,62.400001525878906,75915,0.0,0.0
2025-04-09 01:40:00+00:00,62.5,62.79999923706055,62.400001525878906,62.79999923706055,69186,0.0,0.0
2025-04-09 01:45:00+00:00,62.599998474121094,62.79999923706055,62.29999923706055,62.79999923706055,91108,0.0,0.0
2025-04-09 01:50:00+00:00,62.900001525878906,63.099998474121094,62.0,62.20000076293945,83171,0.0,0.0
2025-04-09 01:55:00+00:00,62.099998474121094,62.20000076293945,61.70000076293945,62.20000076293945,148004,0.0,0.0
2025-04-09 02:00:00+00:00,62.20000076293945,62.20000076293945,61.599998474121094,61.79999923706055,62905,0.0,0.0
2025-04-09 02:05:00+00:00,61.79999923706055,61.79999923706055,61.5,61.599998474121094,102050,0.0,0.0
2025-04-09 02:10:00+00:00,61.599998474121094,61.70000076293945,61.5,61.70000076293945,55100,0.0,0.0
2025-04-09 02:15:00+00:00,61.599998474121094,61.70000076293945,61.5,61.70000076293945,80047,0.0,0.0
2025-04-09 02:20:00+00:00,61.79999923706055,61.900001525878906,61.20000076293945,61.20000076293945,82253,0.0,0.0
2025-04-09 02:25:00+00:00,61.20000076293945,61.20000076293945,60.099998474121094,60.70000076293945,450692,0.0,0.0
2025-04-09 02:30:00+00:00,60.70000076293945,61.29999923706055,60.5,61.29999923706055,610326,0.0,0.0
2025-04-09 02:35:00+00:00,61.099998474121094,61.400001525878906,60.79999923706055,61.0,445000,0.0,0.0
2025-04-09 02:40:00+00:00,61.0,61.20000076293945,60.400001525878906,60.5,147328,0.0,0.0
2025-04-09 02:45:00+00:00,60.5,60.900001525878906,60.29999923706055,60.5,184296,0.0,0.0
2025-04-09 02:50:00+00:00,60.400001525878906,60.5,60.0,60.0,483564,0.0,0.0
2025-04-09 02:55:00+00:00,60.0,60.0,60.0,60.0,16215,0.0,0.0
2025-04-09 03:00:00+00:00,60.0,60.0,60.0,60.0,4811,0.0,0.0
2025-04-09 03:05:00+00:00,60.0,60.0,60.0,60.0,10282,0.0,0.0
2025-04-09 03:10:00+00:00,60.0,60.0,60.0,60.0,120000,0.0,0.0
2025-04-09 03:15:00+00:00,60.0,60.0,60.0,60.0,5732,0.0,0.0
2025-04-09 03:20:00+00:00,60.0,60.0,60.0,60.0,11230,0.0,0.0
2025-04-09 03:25:00+00:00,60.0,60.0,60.0,60.0,8479,0.0,0.0
2025-04-09 03:30:00+00:00,60.0,60.0,60.0,60.0,19501,0.0,0.0
2025-04-09 03:35:00+00:00,60.0,60.0,60.0,60.0,4617,0.0,0.0
2025-04-09 03:40:00+00:00,60.0,60.0,60.0,60.0,1482,0.0,0.0
2025-04-09 03:45:00+00:00,60.0,60.0,60.0,60.0,4022,0.0,0.0
2025-04-09 03:50:00+00:00,60.0,60.0,60.0,60.0,2000,0.0,0.0
2025-04-09 03:55:00+00:00,60.0,60.0,60.0,60.0,2103,0.0,0.0
2025-04-09 04:00:00+00:00,60.0,60.0,60.0,60.0,19925,0.0,0.0
2025-04-09 04:10:00+00:00,60.0,60.0,60.0,60.0,5000,0.0,0.0
2025-04-09 04:15:00+00:00,60.0,60.0,60.0,60.0,15351,0.0,0.0
2025-04-09 04:20:00+00:00,60.0,60.0,60.0,60.0,1138,0.0,0.0
2025-04-09 04:25:00+00:00,60.0,60.0,60.0,60.0,4044,0.0,0.0
2025-04-09 04:30:00+00:00,60.0,60.0,60.0,60.0,4003,0.0,0.0
2025-04-09 04:35:00+00:00,60.0,60.0,60.0,60.0,2350,0.0,0.0
2025-04-09 04:40:00+00:00,60.0,60.0,60.0,60.0,2050,0.0,0.0
2025-04-09 04:45:00+00:00,60.0,60.0,60.0,60.0,3000,0.0,0.0
2025-04-09 05:05:00+00:00,60.0,60.0,60.0,60.0,70164,0.0,0.0
2025-04-09 05:10:00+00:00,60.0,60.0,60.0,60.0,2000,0.0,0.0
2025-04-09 05:15:00+00:00,60.0,60.0,60.0,60.0,1315,0.0,0.0
2025-04-09 05:20:00+00:00,60.0,60.0,60.0,60.0,2079,0.0,0.0
2025-04-10 01:00:00+00:00,66.0,66.0,66.0,66.0,0,0.0,0.0
2025-04-10 01:05:00+00:00,66.0,66.0,66.0,66.0,97233,0.0,0.0
2025-04-10 01:10:00+00:00,66.0,66.0,66.0,66.0,20000,0.0,0.0
2025-04-10 01:15:00+00:00,66.0,66.0,66.0,66.0,7001,0.0,0.0
2025-04-10 01:20:00+00:00,66.0,66.0,66.0,66.0,242000,0.0,0.0
2025-04-10 01:25:00+00:00,66.0,66.0,66.0,66.0,176150,0.0,0.0
2025-04-10 01:30:00+00:00,66.0,66.0,66.0,66.0,50318,0.0,0.0
2025-04-10 01:35:00+00:00,66.0,66.0,66.0,66.0,11000,0.0,0.0
2025-04-10 01:40:00+00:00,66.0,66.0,66.0,66.0,14000,0.0,0.0
2025-04-10 01:45:00+00:00,66.0,66.0,66.0,66.0,4000,0.0,0.0
2025-04-10 01:50:00+00:00,66.0,66.0,66.0,66.0,11000,0.0,0.0
2025-04-10 01:55:00+00:00,66.0,66.0,66.0,66.0,54000,0.0,0.0
2025-04-10 02:00:00+00:00,66.0,66.0,66.0,66.0,21450,0.0,0.0
2025-04-10 02:15:00+00:00,66.0,66.0,66.0,66.0,5001,0.0,0.0
2025-04-10 02:20:00+00:00,66.0,66.0,66.0,66.0,2000,0.0,0.0
2025-04-10 02:25:00+00:00,66.0,66.0,66.0,66.0,1020,0.0,0.0
2025-04-10 02:30:00+00:00,66.0,66.0,66.0,66.0,11000,0.0,0.0
2025-04-10 02:35:00+00:00,66.0,66.0,66.0,66.0,5000,0.0,0.0
2025-04-10 02:40:00+00:00,66.0,66.0,66.0,66.0,1000,0.0,0.0
2025-04-10 02:45:00+00:00,66.0,66.0,66.0,66.0,1080,0.0,0.0
2025-04-10 03:05:00+00:00,66.0,66.0,66.0,66.0,2600,0.0,0.0
2025-04-10 03:25:00+00:00,66.0,66.0,66.0,66.0,1000,0.0,0.0
2025-04-10 03:30:00+00:00,66.0,66.0,66.0,66.0,20000,0.0,0.0
2025-04-10 03:35:00+00:00,66.0,66.0,66.0,66.0,1065,0.0,0.0
2025-04-10 03:50:00+00:00,66.0,66.0,66.0,66.0,1000,0.0,0.0
2025-04-10 03:55:00+00:00,66.0,66.0,66.0,66.0,1000,0.0,0.0
2025-04-10 04:00:00+00:00,66.0,66.0,66.0,66.0,1006,0.0,0.0
2025-04-10 04:15:00+00:00,66.0,66.0,66.0,66.0,1000,0.0,0.0
2025-04-10 04:30:00+00:00,66.0,66.0,66.0,66.0,20058,0.0,0.0
2025-04-10 04:35:00+00:00,66.0,66.0,66.0,66.0,12007,0.0,0.0
2025-04-10 04:40:00+00:00,66.0,66.0,66.0,66.0,2001,0.0,0.0
2025-04-10 04:45:00+00:00,66.0,66.0,66.0,66.0,1075,0.0,0.0
2025-04-10 05:05:00+00:00,66.0,66.0,66.0,66.0,1000,0.0,0.0
2025-04-10 05:10:00+00:00,66.0,66.0,66.0,66.0,1000,0.0,0.0
2025-04-10 05:15:00+00:00,66.0,66.0,66.0,66.0,2000,0.0,0.0
2025-04-10 05:20:00+00:00,66.0,66.0,66.0,66.0,6000,0.0,0.0
2025-04-11 01:00:00+00:00,63.599998474121094,63.599998474121094,59.70000076293945,61.29999923706055,0,0.0,0.0
2025-04-11 01:05:00+00:00,61.599998474121094,62.599998474121094,61.400001525878906,62.5,80641,0.0,0.0
2025-04-11 01:10:00+00:00,62.599998474121094,63.5,62.5,62.900001525878906,135141,0.0,0.0
2025-04-11 01:15:00+00:00,62.900001525878906,64.0,62.5,64.0,136231,0.0,0.0
2025-04-11 01:20:00+00:00,64.0,64.5999984741211,63.099998474121094,63.70000076293945,77994,0.0,0.0
2025-04-11 01:25:00+00:00,63.900001525878906,64.80000305175781,63.900001525878906,64.30000305175781,118609,0.0,0.0
2025-04-11 01:30:00+00:00,64.30000305175781,64.4000015258789,63.400001525878906,64.19999694824219,113385,0.0,0.0
2025-04-11 01:35:00+00:00,64.0999984741211,65.30000305175781,64.0,65.30000305175781,109107,0.0,0.0
2025-04-11 01:40:00+00:00,65.4000015258789,65.69999694824219,64.19999694824219,65.19999694824219,116987,0.0,0.0
2025-04-11 01:45:00+00:00,65.19999694824219,65.5,64.0,64.0999984741211,61471,0.0,0.0
2025-04-11 01:50:00+00:00,64.0999984741211,64.19999694824219,63.79999923706055,64.0,56010,0.0,0.0
2025-04-11 01:55:00+00:00,64.19999694824219,64.9000015258789,64.19999694824219,64.80000305175781,44042,0.0,0.0
2025-04-11 02:00:00+00:00,64.5,65.0,64.0,64.0999984741211,77750,0.0,0.0
2025-04-11 02:05:00+00:00,64.0999984741211,64.0999984741211,63.5,64.0999984741211,82000,0.0,0.0
2025-04-11 02:10:00+00:00,64.30000305175781,65.0,63.900001525878906,65.0,34200,0.0,0.0
2025-04-11 02:15:00+00:00,64.4000015258789,65.5999984741211,64.4000015258789,65.5999984741211,66175,0.0,0.0
2025-04-11 02:20:00+00:00,65.5999984741211,65.80000305175781,65.19999694824219,65.80000305175781,51450,0.0,0.0
2025-04-11 02:25:00+00:00,65.80000305175781,65.80000305175781,65.19999694824219,65.4000015258789,31211,0.0,0.0
2025-04-11 02:30:00+00:00,65.30000305175781,65.5,65.30000305175781,65.4000015258789,36050,0.0,0.0
2025-04-11 02:35:00+00:00,65.4000015258789,65.69999694824219,65.19999694824219,65.5,33100,0.0,0.0
2025-04-11 02:40:00+00:00,65.4000015258789,65.5,64.69999694824219,65.0999984741211,62159,0.0,0.0
2025-04-11 02:45:00+00:00,65.30000305175781,65.5999984741211,65.30000305175781,65.5,12000,0.0,0.0
2025-04-11 02:50:00+00:00,65.5999984741211,65.5999984741211,65.4000015258789,65.4000015258789,10310,0.0,0.0
2025-04-11 02:55:00+00:00,65.30000305175781,65.30000305175781,64.9000015258789,64.9000015258789,21338,0.0,0.0
2025-04-11 03:00:00+00:00,64.9000015258789,65.0999984741211,64.80000305175781,65.0999984741211,27530,0.0,0.0
2025-04-11 03:05:00+00:00,65.0999984741211,65.30000305175781,64.9000015258789,64.9000015258789,21150,0.0,0.0
2025-04-11 03:10:00+00:00,64.9000015258789,65.5,64.9000015258789,65.5,22058,0.0,0.0
2025-04-11 03:15:00+00:00,65.4000015258789,65.69999694824219,65.30000305175781,65.5,15591,0.0,0.0
2025-04-11 03:20:00+00:00,65.4000015258789,65.5,65.30000305175781,65.4000015258789,24116,0.0,0.0
2025-04-11 03:25:00+00:00,65.4000015258789,65.80000305175781,65.19999694824219,65.80000305175781,31403,0.0,0.0
2025-04-11 03:30:00+00:00,65.69999694824219,65.9000015258789,65.5,65.5,16000,0.0,0.0
2025-04-11 03:35:00+00:00,65.69999694824219,65.69999694824219,65.5999984741211,65.5999984741211,9240,0.0,0.0
2025-04-11 03:40:00+00:00,65.69999694824219,65.80000305175781,65.5999984741211,65.5999984741211,8000,0.0,0.0
2025-04-11 03:45:00+00:00,65.5999984741211,65.5999984741211,65.19999694824219,65.5,75130,0.0,0.0
2025-04-11 03:50:00+00:00,65.5,65.69999694824219,65.5,65.69999694824219,8072,0.0,0.0
2025-04-11 03:55:00+00:00,65.69999694824219,66.0,65.30000305175781,65.30000305175781,86485,0.0,0.0
2025-04-11 04:00:00+00:00,65.5999984741211,65.5999984741211,65.5,65.5,7006,0.0,0.0
2025-04-11 04:05:00+00:00,65.80000305175781,66.0,65.5999984741211,65.5999984741211,29172,0.0,0.0
2025-04-11 04:10:00+00:00,65.69999694824219,65.69999694824219,65.69999694824219,65.69999694824219,2050,0.0,0.0
2025-04-11 04:15:00+00:00,65.69999694824219,65.80000305175781,65.5999984741211,65.5999984741211,13246,0.0,0.0
2025-04-11 04:20:00+00:00,65.69999694824219,65.69999694824219,65.30000305175781,65.4000015258789,18303,0.0,0.0
2025-04-11 04:25:00+00:00,65.69999694824219,65.9000015258789,65.69999694824219,65.9000015258789,9047,0.0,0.0
2025-04-11 04:30:00+00:00,65.9000015258789,66.0999984741211,65.9000015258789,66.0999984741211,12010,0.0,0.0
2025-04-11 04:35:00+00:00,66.0999984741211,66.30000305175781,66.0999984741211,66.30000305175781,25000,0.0,0.0
2025-04-11 04:40:00+00:00,66.19999694824219,66.80000305175781,66.19999694824219,66.80000305175781,58013,0.0,0.0
2025-04-11 04:45:00+00:00,66.5,66.9000015258789,66.5,66.5999984741211,42123,0.0,0.0
2025-04-11 04:50:00+00:00,66.5999984741211,66.69999694824219,66.4000015258789,66.4000015258789,34040,0.0,0.0
2025-04-11 04:55:00+00:00,66.5,66.5,66.30000305175781,66.4000015258789,17528,0.0,0.0
2025-04-11 05:00:00+00:00,66.4000015258789,66.5,65.4000015258789,66.4000015258789,66000,0.0,0.0
2025-04-11 05:05:00+00:00,66.4000015258789,66.5,66.4000015258789,66.4000015258789,5000,0.0,0.0
2025-04-11 05:10:00+00:00,66.5,66.69999694824219,66.5,66.5999984741211,34303,0.0,0.0
2025-04-11 05:15:00+00:00,66.69999694824219,67.0,66.0,66.80000305175781,89323,0.0,0.0
2025-04-11 05:20:00+00:00,66.80000305175781,67.0,66.5,67.0,67108,0.0,0.0
2025-04-14 01:00:00+00:00,68.5999984741211,70.0,68.19999694824219,70.0,0,0.0,0.0
2025-04-14 01:05:00+00:00,69.9000015258789,71.0,69.9000015258789,70.80000305175781,296000,0.0,0.0
2025-04-14 01:10:00+00:00,70.80000305175781,71.0999984741211,70.5,70.5,135926,0.0,0.0
2025-04-14 01:15:00+00:00,70.5,70.5,68.4000015258789,68.5999984741211,292525,0.0,0.0
2025-04-14 01:20:00+00:00,68.69999694824219,69.19999694824219,68.5,68.5,145133,0.0,0.0
2025-04-14 01:25:00+00:00,68.5,69.0,68.0,68.80000305175781,170935,0.0,0.0
2025-04-14 01:30:00+00:00,69.0,69.19999694824219,68.0,68.0,115304,0.0,0.0
2025-04-14 01:35:00+00:00,68.30000305175781,68.30000305175781,67.5,67.69999694824219,73002,0.0,0.0
2025-04-14 01:40:00+00:00,67.80000305175781,68.0999984741211,67.0999984741211,68.0,154310,0.0,0.0
2025-04-14 01:45:00+00:00,67.9000015258789,67.9000015258789,67.4000015258789,67.4000015258789,71054,0.0,0.0
2025-04-14 01:50:00+00:00,67.4000015258789,68.19999694824219,67.4000015258789,67.80000305175781,82078,0.0,0.0
2025-04-14 01:55:00+00:00,67.80000305175781,68.19999694824219,67.80000305175781,68.0,17035,0.0,0.0
2025-04-14 02:00:00+00:00,68.0999984741211,68.5,68.0,68.4000015258789,42001,0.0,0.0
2025-04-14 02:05:00+00:00,68.5999984741211,68.69999694824219,67.9000015258789,68.0,52700,0.0,0.0
2025-04-14 02:10:00+00:00,67.9000015258789,68.0,67.5,67.9000015258789,73036,0.0,0.0
2025-04-14 02:15:00+00:00,68.0,68.0999984741211,67.80000305175781,68.0999984741211,22000,0.0,0.0
2025-04-14 02:20:00+00:00,68.19999694824219,68.19999694824219,67.9000015258789,67.9000015258789,27201,0.0,0.0
2025-04-14 02:25:00+00:00,68.19999694824219,68.4000015258789,68.19999694824219,68.30000305175781,24217,0.0,0.0
2025-04-14 02:30:00+00:00,68.4000015258789,69.0,68.4000015258789,68.9000015258789,64000,0.0,0.0
2025-04-14 02:35:00+00:00,69.0,69.0,68.5,68.9000015258789,30066,0.0,0.0
2025-04-14 02:40:00+00:00,68.80000305175781,68.80000305175781,68.5999984741211,68.69999694824219,6524,0.0,0.0
2025-04-14 02:45:00+00:00,68.69999694824219,68.69999694824219,68.5999984741211,68.69999694824219,9000,0.0,0.0
2025-04-14 02:50:00+00:00,68.69999694824219,68.9000015258789,68.5999984741211,68.9000015258789,26000,0.0,0.0
2025-04-14 02:55:00+00:00,68.9000015258789,68.9000015258789,68.69999694824219,68.80000305175781,6000,0.0,0.0
2025-04-14 03:00:00+00:00,68.80000305175781,68.80000305175781,68.30000305175781,68.30000305175781,34492,0.0,0.0
2025-04-14 03:05:00+00:00,68.19999694824219,68.30000305175781,68.0,68.30000305175781,18304,0.0,0.0
2025-04-14 03:10:00+00:00,68.4000015258789,68.69999694824219,68.4000015258789,68.5999984741211,12196,0.0,0.0
2025-04-14 03:15:00+00:00,68.5,68.5,68.5,68.5,5265,0.0,0.0
2025-04-14 03:20:00+00:00,68.5,68.5,68.19999694824219,68.19999694824219,27003,0.0,0.0
2025-04-14 03:25:00+00:00,68.19999694824219,68.80000305175781,68.19999694824219,68.80000305175781,14249,0.0,0.0
2025-04-14 03:30:00+00:00,68.69999694824219,68.69999694824219,68.5999984741211,68.5999984741211,25100,0.0,0.0
2025-04-14 03:35:00+00:00,68.5999984741211,68.5999984741211,68.5,68.5,5508,0.0,0.0
2025-04-14 03:45:00+00:00,68.5,68.5,68.19999694824219,68.19999694824219,25500,0.0,0.0
2025-04-14 03:50:00+00:00,68.19999694824219,68.19999694824219,68.0999984741211,68.0999984741211,6184,0.0,0.0
2025-04-14 03:55:00+00:00,68.0999984741211,68.30000305175781,68.0999984741211,68.0999984741211,30300,0.0,0.0
2025-04-14 04:00:00+00:00,68.0999984741211,68.0999984741211,67.9000015258789,67.9000015258789,22315,0.0,0.0
2025-04-14 04:05:00+00:00,67.80000305175781,67.80000305175781,67.69999694824219,67.69999694824219,19168,0.0,0.0
2025-04-14 04:10:00+00:00,67.69999694824219,67.69999694824219,67.5,67.5,63345,0.0,0.0
2025-04-14 04:15:00+00:00,67.5999984741211,67.5999984741211,67.5,67.5999984741211,28305,0.0,0.0
2025-04-14 04:20:00+00:00,67.80000305175781,67.80000305175781,67.5,67.5999984741211,36058,0.0,0.0
2025-04-14 04:25:00+00:00,67.5,67.5,67.0999984741211,67.0999984741211,65230,0.0,0.0
2025-04-14 04:30:00+00:00,67.19999694824219,67.4000015258789,67.0999984741211,67.4000015258789,43000,0.0,0.0
2025-04-14 04:35:00+00:00,67.30000305175781,67.4000015258789,67.19999694824219,67.4000015258789,17302,0.0,0.0
2025-04-14 04:40:00+00:00,67.4000015258789,67.4000015258789,67.30000305175781,67.30000305175781,8010,0.0,0.0
2025-04-14 04:45:00+00:00,67.19999694824219,67.5,67.19999694824219,67.5,49220,0.0,0.0
2025-04-14 04:50:00+00:00,67.5,67.5999984741211,67.4000015258789,67.4000015258789,11060,0.0,0.0
2025-04-14 04:55:00+00:00,67.4000015258789,67.4000015258789,67.19999694824219,67.19999694824219,10393,0.0,0.0
2025-04-14 05:00:00+00:00,67.4000015258789,67.5,67.30000305175781,67.4000015258789,14888,0.0,0.0
2025-04-14 05:05:00+00:00,67.4000015258789,67.5,67.30000305175781,67.30000305175781,13376,0.0,0.0
2025-04-14 05:10:00+00:00,67.30000305175781,67.69999694824219,67.19999694824219,67.69999694824219,37140,0.0,0.0
2025-04-14 05:15:00+00:00,67.5999984741211,67.69999694824219,67.30000305175781,67.30000305175781,49000,0.0,0.0
2025-04-14 05:20:00+00:00,67.5999984741211,67.5999984741211,67.30000305175781,67.5,49158,0.0,0.0
2025-04-15 01:00:00+00:00,68.0999984741211,68.30000305175781,67.5999984741211,67.80000305175781,0,0.0,0.0
2025-04-15 01:05:00+00:00,67.80000305175781,68.0,67.5,67.80000305175781,133230,0.0,0.0
2025-04-15 01:10:00+00:00,67.80000305175781,68.5,67.80000305175781,68.5,37038,0.0,0.0
2025-04-15 01:15:00+00:00,68.5,68.5999984741211,68.4000015258789,68.4000015258789,39196,0.0,0.0
2025-04-15 01:20:00+00:00,68.4000015258789,69.19999694824219,68.30000305175781,69.0,101453,0.0,0.0
2025-04-15 01:25:00+00:00,69.0,69.19999694824219,68.80000305175781,69.19999694824219,119019,0.0,0.0
2025-04-15 01:30:00+00:00,69.0,69.19999694824219,69.0,69.0999984741211,30437,0.0,0.0
2025-04-15 01:35:00+00:00,69.0999984741211,69.5,69.0999984741211,69.4000015258789,74422,0.0,0.0
2025-04-15 01:40:00+00:00,69.4000015258789,69.69999694824219,69.4000015258789,69.5999984741211,50110,0.0,0.0
2025-04-15 01:45:00+00:00,69.5,70.19999694824219,69.5,70.0,211560,0.0,0.0
2025-04-15 01:50:00+00:00,69.9000015258789,70.30000305175781,69.5999984741211,70.30000305175781,81698,0.0,0.0
2025-04-15 01:55:00+00:00,70.19999694824219,70.30000305175781,70.0,70.0999984741211,40300,0.0,0.0
2025-04-15 02:00:00+00:00,70.0999984741211,70.4000015258789,70.0,70.4000015258789,40745,0.0,0.0
2025-04-15 02:05:00+00:00,70.30000305175781,70.30000305175781,70.19999694824219,70.30000305175781,14020,0.0,0.0
2025-04-15 02:10:00+00:00,70.30000305175781,70.5,70.30000305175781,70.4000015258789,41357,0.0,0.0
2025-04-15 02:15:00+00:00,70.30000305175781,70.4000015258789,70.0999984741211,70.19999694824219,27943,0.0,0.0
2025-04-15 02:20:00+00:00,70.19999694824219,70.30000305175781,70.0999984741211,70.30000305175781,25761,0.0,0.0
2025-04-15 02:25:00+00:00,70.4000015258789,70.4000015258789,70.0999984741211,70.19999694824219,37716,0.0,0.0
2025-04-15 02:30:00+00:00,70.19999694824219,70.30000305175781,70.19999694824219,70.30000305175781,14015,0.0,0.0
2025-04-15 02:35:00+00:00,70.30000305175781,70.4000015258789,70.30000305175781,70.4000015258789,24150,0.0,0.0
2025-04-15 02:40:00+00:00,70.4000015258789,70.5,70.4000015258789,70.5,17000,0.0,0.0
2025-04-15 02:45:00+00:00,70.5,70.5,70.5,70.5,39000,0.0,0.0
2025-04-15 02:50:00+00:00,70.4000015258789,70.5,70.4000015258789,70.5,32597,0.0,0.0
2025-04-15 02:55:00+00:00,70.5,70.5999984741211,70.4000015258789,70.4000015258789,69261,0.0,0.0
2025-04-15 03:00:00+00:00,70.30000305175781,70.4000015258789,70.19999694824219,70.4000015258789,22071,0.0,0.0
2025-04-15 03:05:00+00:00,70.4000015258789,70.5,70.30000305175781,70.5,33000,0.0,0.0
2025-04-15 03:10:00+00:00,70.5,70.5999984741211,70.5,70.5,16168,0.0,0.0
2025-04-15 03:15:00+00:00,70.5,70.5,70.4000015258789,70.5,8000,0.0,0.0
2025-04-15 03:20:00+00:00,70.5,70.5,70.4000015258789,70.4000015258789,4000,0.0,0.0
2025-04-15 03:25:00+00:00,70.4000015258789,70.5,70.4000015258789,70.5,14081,0.0,0.0
2025-04-15 03:30:00+00:00,70.4000015258789,70.5,70.4000015258789,70.4000015258789,7350,0.0,0.0
2025-04-15 03:35:00+00:00,70.4000015258789,70.5,70.4000015258789,70.4000015258789,12003,0.0,0.0
2025-04-15 03:40:00+00:00,70.30000305175781,70.30000305175781,70.30000305175781,70.30000305175781,9113,0.0,0.0
2025-04-15 03:45:00+00:00,70.30000305175781,70.4000015258789,70.30000305175781,70.4000015258789,33000,0.0,0.0
2025-04-15 03:50:00+00:00,70.4000015258789,70.4000015258789,70.19999694824219,70.19999694824219,11500,0.0,0.0
2025-04-15 03:55:00+00:00,70.19999694824219,70.30000305175781,70.0999984741211,70.19999694824219,27235,0.0,0.0
2025-04-15 04:05:00+00:00,70.19999694824219,70.19999694824219,70.0999984741211,70.19999694824219,14491,0.0,0.0
2025-04-15 04:10:00+00:00,70.19999694824219,70.19999694824219,70.0999984741211,70.0999984741211,12199,0.0,0.0
2025-04-15 04:15:00+00:00,70.0999984741211,70.30000305175781,70.0999984741211,70.19999694824219,20013,0.0,0.0
2025-04-15 04:20:00+00:00,70.30000305175781,70.5,70.30000305175781,70.5,28188,0.0,0.0
2025-04-15 04:25:00+00:00,70.4000015258789,70.4000015258789,70.4000015258789,70.4000015258789,1034,0.0,0.0
2025-04-15 04:30:00+00:00,70.30000305175781,70.5999984741211,70.30000305175781,70.5999984741211,43082,0.0,0.0
2025-04-15 04:35:00+00:00,70.4000015258789,70.5999984741211,70.4000015258789,70.5,13000,0.0,0.0
2025-04-15 04:40:00+00:00,70.5,70.5,70.4000015258789,70.5,16556,0.0,0.0
2025-04-15 04:45:00+00:00,70.5,70.5,70.4000015258789,70.5,8120,0.0,0.0
2025-04-15 04:50:00+00:00,70.5,70.5,70.30000305175781,70.4000015258789,9410,0.0,0.0
2025-04-15 04:55:00+00:00,70.4000015258789,70.5,70.4000015258789,70.5,9200,0.0,0.0
2025-04-15 05:00:00+00:00,70.5,70.5999984741211,70.5,70.5,30593,0.0,0.0
2025-04-15 05:05:00+00:00,70.5,70.5999984741211,70.5,70.5,9004,0.0,0.0
2025-04-15 05:10:00+00:00,70.5,70.5999984741211,70.4000015258789,70.5,22100,0.0,0.0
2025-04-15 05:15:00+00:00,70.5,70.5999984741211,70.4000015258789,70.5999984741211,35107,0.0,0.0
2025-04-15 05:20:00+00:00,70.5999984741211,70.5999984741211,70.30000305175781,70.4000015258789,46083,0.0,0.0
2025-04-16 01:00:00+00:00,70.0,70.0,69.0,69.0999984741211,0,0.0,0.0
2025-04-16 01:05:00+00:00,69.19999694824219,69.69999694824219,69.0999984741211,69.4000015258789,38000,0.0,0.0
2025-04-16 01:10:00+00:00,69.5999984741211,69.9000015258789,69.30000305175781,69.5999984741211,70373,0.0,0.0
2025-04-16 01:15:00+00:00,69.69999694824219,69.9000015258789,69.69999694824219,69.9000015258789,28000,0.0,0.0
2025-04-16 01:20:00+00:00,69.9000015258789,70.0999984741211,69.9000015258789,70.0999984741211,36000,0.0,0.0
2025-04-16 01:25:00+00:00,70.0999984741211,70.30000305175781,70.0,70.0,48340,0.0,0.0
2025-04-16 01:30:00+00:00,69.9000015258789,70.19999694824219,69.80000305175781,70.0999984741211,67286,0.0,0.0
2025-04-16 01:35:00+00:00,70.19999694824219,70.19999694824219,70.0999984741211,70.19999694824219,15000,0.0,0.0
2025-04-16 01:40:00+00:00,70.30000305175781,70.4000015258789,70.19999694824219,70.4000015258789,71560,0.0,0.0
2025-04-16 01:45:00+00:00,70.4000015258789,70.4000015258789,70.0999984741211,70.0999984741211,24010,0.0,0.0
2025-04-16 01:50:00+00:00,70.0,70.0999984741211,69.69999694824219,70.0,42269,0.0,0.0
2025-04-16 01:55:00+00:00,70.0,70.0,69.80000305175781,69.9000015258789,23000,0.0,0.0
2025-04-16 02:00:00+00:00,69.9000015258789,69.9000015258789,69.69999694824219,69.80000305175781,37229,0.0,0.0
2025-04-16 02:05:00+00:00,69.9000015258789,69.9000015258789,69.4000015258789,69.4000015258789,51480,0.0,0.0
2025-04-16 02:10:00+00:00,69.4000015258789,69.5,69.30000305175781,69.5,12528,0.0,0.0
2025-04-16 02:15:00+00:00,69.5,69.5999984741211,69.5,69.5999984741211,22083,0.0,0.0
2025-04-16 02:20:00+00:00,69.5999984741211,69.5999984741211,69.4000015258789,69.4000015258789,44339,0.0,0.0
2025-04-16 02:25:00+00:00,69.30000305175781,69.30000305175781,69.19999694824219,69.30000305175781,23185,0.0,0.0
2025-04-16 02:30:00+00:00,69.19999694824219,69.19999694824219,69.0999984741211,69.19999694824219,29851,0.0,0.0
2025-04-16 02:35:00+00:00,69.30000305175781,69.30000305175781,69.0999984741211,69.0999984741211,34235,0.0,0.0
2025-04-16 02:40:00+00:00,69.0,69.0999984741211,68.9000015258789,69.0,87083,0.0,0.0
2025-04-16 02:45:00+00:00,69.0999984741211,69.19999694824219,69.0999984741211,69.0999984741211,24100,0.0,0.0
2025-04-16 02:50:00+00:00,69.0999984741211,69.19999694824219,69.0,69.19999694824219,18746,0.0,0.0
2025-04-16 02:55:00+00:00,69.19999694824219,69.19999694824219,68.9000015258789,68.9000015258789,28437,0.0,0.0
2025-04-16 03:00:00+00:00,68.9000015258789,69.0,68.9000015258789,69.0,7000,0.0,0.0
2025-04-16 03:05:00+00:00,69.0,69.0,68.9000015258789,68.9000015258789,24031,0.0,0.0
2025-04-16 03:10:00+00:00,68.9000015258789,69.0,68.9000015258789,69.0,5457,0.0,0.0
2025-04-16 03:15:00+00:00,69.0,69.0999984741211,69.0,69.0999984741211,0,0.0,0.0
2025-04-16 03:20:00+00:00,69.0999984741211,69.0999984741211,69.0999984741211,69.0999984741211,1075665,0.0,0.0
2025-04-16 03:25:00+00:00,69.19999694824219,69.19999694824219,69.0,69.0,22000,0.0,0.0
2025-04-16 03:30:00+00:00,69.0,69.0999984741211,68.9000015258789,68.9000015258789,24033,0.0,0.0
2025-04-16 03:35:00+00:00,68.9000015258789,68.9000015258789,68.80000305175781,68.9000015258789,58412,0.0,0.0
2025-04-16 03:40:00+00:00,68.9000015258789,69.0,68.80000305175781,68.9000015258789,8050,0.0,0.0
2025-04-16 03:45:00+00:00,68.9000015258789,68.9000015258789,68.80000305175781,68.80000305175781,16000,0.0,0.0
2025-04-16 03:50:00+00:00,68.80000305175781,69.0,68.69999694824219,69.0,42794,0.0,0.0
2025-04-16 03:55:00+00:00,69.0,69.0,69.0,69.0,7000,0.0,0.0
2025-04-16 04:00:00+00:00,68.9000015258789,68.9000015258789,68.80000305175781,68.80000305175781,16000,0.0,0.0
2025-04-16 04:05:00+00:00,68.80000305175781,68.80000305175781,68.80000305175781,68.80000305175781,6700,0.0,0.0
2025-04-16 04:10:00+00:00,68.80000305175781,68.9000015258789,68.80000305175781,68.9000015258789,9115,0.0,0.0
2025-04-16 04:15:00+00:00,68.9000015258789,68.9000015258789,68.80000305175781,68.80000305175781,17115,0.0,0.0
2025-04-16 04:20:00+00:00,68.9000015258789,68.9000015258789,68.80000305175781,68.80000305175781,10000,0.0,0.0
2025-04-16 04:25:00+00:00,68.9000015258789,68.9000015258789,68.69999694824219,68.69999694824219,15168,0.0,0.0
2025-04-16 04:30:00+00:00,68.69999694824219,68.69999694824219,68.69999694824219,68.69999694824219,21580,0.0,0.0
2025-04-16 04:35:00+00:00,68.80000305175781,68.80000305175781,68.80000305175781,68.80000305175781,21050,0.0,0.0
2025-04-16 04:40:00+00:00,68.80000305175781,68.80000305175781,68.80000305175781,68.80000305175781,7030,0.0,0.0
2025-04-16 04:45:00+00:00,68.69999694824219,68.69999694824219,68.5999984741211,68.69999694824219,20160,0.0,0.0
2025-04-16 04:50:00+00:00,68.5999984741211,68.5999984741211,68.4000015258789,68.4000015258789,71406,0.0,0.0
2025-04-16 04:55:00+00:00,68.4000015258789,68.5,68.0,68.5,63010,0.0,0.0
2025-04-16 05:00:00+00:00,68.5,68.80000305175781,68.5,68.80000305175781,29000,0.0,0.0
2025-04-16 05:05:00+00:00,68.69999694824219,68.69999694824219,68.5999984741211,68.5999984741211,16070,0.0,0.0
2025-04-16 05:10:00+00:00,68.69999694824219,68.80000305175781,68.5999984741211,68.5999984741211,12060,0.0,0.0
2025-04-16 05:15:00+00:00,68.69999694824219,68.69999694824219,68.5999984741211,68.69999694824219,14000,0.0,0.0
2025-04-16 05:20:00+00:00,68.5999984741211,68.80000305175781,68.5,68.5,39497,0.0,0.0
2025-04-17 01:00:00+00:00,68.19999694824219,68.5,67.30000305175781,67.4000015258789,0,0.0,0.0
2025-04-17 01:05:00+00:00,67.30000305175781,68.19999694824219,67.0999984741211,68.19999694824219,92123,0.0,0.0
2025-04-17 01:10:00+00:00,68.19999694824219,68.19999694824219,67.80000305175781,67.80000305175781,23184,0.0,0.0
2025-04-17 01:15:00+00:00,67.9000015258789,68.30000305175781,67.9000015258789,68.30000305175781,28000,0.0,0.0
2025-04-17 01:20:00+00:00,68.4000015258789,68.9000015258789,68.4000015258789,68.9000015258789,28000,0.0,0.0
2025-04-17 01:25:00+00:00,68.9000015258789,68.9000015258789,68.5,68.5,40100,0.0,0.0
2025-04-17 01:30:00+00:00,68.5,68.5,68.0,68.0,74125,0.0,0.0
2025-04-17 01:35:00+00:00,68.0,68.0,67.69999694824219,67.69999694824219,43655,0.0,0.0
2025-04-17 01:40:00+00:00,67.69999694824219,67.69999694824219,67.5999984741211,67.5999984741211,6630,0.0,0.0
2025-04-17 01:45:00+00:00,67.5999984741211,67.80000305175781,67.30000305175781,67.30000305175781,78110,0.0,0.0
2025-04-17 01:50:00+00:00,67.30000305175781,67.4000015258789,67.30000305175781,67.4000015258789,17000,0.0,0.0
2025-04-17 01:55:00+00:00,67.30000305175781,67.5999984741211,67.30000305175781,67.5999984741211,19005,0.0,0.0
2025-04-17 02:00:00+00:00,67.69999694824219,67.80000305175781,67.5999984741211,67.80000305175781,19021,0.0,0.0
2025-04-17 02:05:00+00:00,67.69999694824219,67.9000015258789,67.69999694824219,67.9000015258789,10074,0.0,0.0
2025-04-17 02:10:00+00:00,67.80000305175781,68.0999984741211,67.80000305175781,68.0,27018,0.0,0.0
2025-04-17 02:15:00+00:00,67.9000015258789,67.9000015258789,67.9000015258789,67.9000015258789,2032,0.0,0.0
2025-04-17 02:20:00+00:00,68.0,68.19999694824219,68.0,68.19999694824219,8000,0.0,0.0
2025-04-17 02:25:00+00:00,68.19999694824219,68.30000305175781,68.19999694824219,68.30000305175781,11067,0.0,0.0
2025-04-17 02:30:00+00:00,68.30000305175781,68.30000305175781,68.30000305175781,68.30000305175781,3000,0.0,0.0
2025-04-17 02:35:00+00:00,68.30000305175781,68.5999984741211,68.30000305175781,68.5999984741211,35001,0.0,0.0
2025-04-17 02:40:00+00:00,68.69999694824219,68.69999694824219,68.69999694824219,68.69999694824219,5000,0.0,0.0
2025-04-17 02:45:00+00:00,68.5999984741211,68.69999694824219,68.5999984741211,68.69999694824219,10000,0.0,0.0
2025-04-17 02:50:00+00:00,68.5,68.5,68.4000015258789,68.5,7000,0.0,0.0
2025-04-17 02:55:00+00:00,68.5999984741211,68.80000305175781,68.5999984741211,68.80000305175781,30000,0.0,0.0
2025-04-17 03:00:00+00:00,68.9000015258789,69.0999984741211,68.80000305175781,69.0999984741211,28000,0.0,0.0
2025-04-17 03:05:00+00:00,69.0999984741211,69.0999984741211,69.0999984741211,69.0999984741211,5200,0.0,0.0
2025-04-17 03:10:00+00:00,69.0,69.0,68.9000015258789,68.9000015258789,13000,0.0,0.0
2025-04-17 03:15:00+00:00,68.80000305175781,68.80000305175781,68.5999984741211,68.80000305175781,11085,0.0,0.0
2025-04-17 03:20:00+00:00,68.9000015258789,69.0999984741211,68.9000015258789,69.0999984741211,53050,0.0,0.0
2025-04-17 03:25:00+00:00,69.0999984741211,69.30000305175781,69.0999984741211,69.0999984741211,36000,0.0,0.0
2025-04-17 03:30:00+00:00,69.0999984741211,69.0999984741211,69.0,69.0,14000,0.0,0.0
2025-04-17 03:35:00+00:00,69.0,69.0,69.0,69.0,2003,0.0,0.0
2025-04-17 03:40:00+00:00,68.9000015258789,68.9000015258789,68.9000015258789,68.9000015258789,1000,0.0,0.0
2025-04-17 03:45:00+00:00,68.9000015258789,68.9000015258789,68.69999694824219,68.69999694824219,12000,0.0,0.0
2025-04-17 03:50:00+00:00,68.80000305175781,68.9000015258789,68.69999694824219,68.9000015258789,10000,0.0,0.0
2025-04-17 03:55:00+00:00,68.9000015258789,69.0999984741211,68.80000305175781,69.0999984741211,20000,0.0,0.0
2025-04-17 04:00:00+00:00,69.0999984741211,69.0999984741211,69.0,69.0,9010,0.0,0.0
2025-04-17 04:05:00+00:00,69.0,69.0,68.80000305175781,68.80000305175781,6347,0.0,0.0
2025-04-17 04:10:00+00:00,68.80000305175781,68.9000015258789,68.80000305175781,68.9000015258789,21000,0.0,0.0
2025-04-17 04:15:00+00:00,68.80000305175781,68.9000015258789,68.80000305175781,68.9000015258789,19000,0.0,0.0
2025-04-17 04:20:00+00:00,69.0,69.0999984741211,68.9000015258789,69.0,67000,0.0,0.0
2025-04-17 04:30:00+00:00,69.0,69.0,69.0,69.0,2038,0.0,0.0
2025-04-17 04:35:00+00:00,68.80000305175781,68.80000305175781,68.69999694824219,68.69999694824219,10022,0.0,0.0
2025-04-17 04:40:00+00:00,68.80000305175781,68.80000305175781,68.80000305175781,68.80000305175781,2000,0.0,0.0
2025-04-17 04:45:00+00:00,68.69999694824219,68.69999694824219,68.69999694824219,68.69999694824219,11000,0.0,0.0
2025-04-17 04:50:00+00:00,68.69999694824219,68.9000015258789,68.69999694824219,68.9000015258789,10000,0.0,0.0
2025-04-17 04:55:00+00:00,68.9000015258789,68.9000015258789,68.80000305175781,68.80000305175781,8010,0.0,0.0
2025-04-17 05:00:00+00:00,68.9000015258789,68.9000015258789,68.9000015258789,68.9000015258789,15100,0.0,0.0
2025-04-17 05:05:00+00:00,68.9000015258789,68.9000015258789,68.9000015258789,68.9000015258789,12143,0.0,0.0
2025-04-17 05:10:00+00:00,68.9000015258789,68.9000015258789,68.9000015258789,68.9000015258789,7000,0.0,0.0
2025-04-17 05:15:00+00:00,68.9000015258789,68.9000015258789,68.9000015258789,68.9000015258789,10158,0.0,0.0
2025-04-17 05:20:00+00:00,68.80000305175781,69.0,68.80000305175781,69.0,16135,0.0,0.0
2025-04-18 01:00:00+00:00,68.5999984741211,69.0999984741211,68.5999984741211,69.0,0,0.0,0.0
2025-04-18 01:05:00+00:00,68.80000305175781,68.80000305175781,68.4000015258789,68.5999984741211,92260,0.0,0.0
2025-04-18 01:10:00+00:00,68.5,68.5,68.30000305175781,68.4000015258789,55145,0.0,0.0
2025-04-18 01:15:00+00:00,68.69999694824219,68.80000305175781,68.69999694824219,68.80000305175781,9000,0.0,0.0
2025-04-18 01:20:00+00:00,68.80000305175781,68.9000015258789,68.69999694824219,68.80000305175781,19000,0.0,0.0
2025-04-18 01:25:00+00:00,68.80000305175781,68.80000305175781,68.80000305175781,68.80000305175781,6000,0.0,0.0
2025-04-18 01:30:00+00:00,68.69999694824219,68.69999694824219,68.5999984741211,68.69999694824219,12000,0.0,0.0
2025-04-18 01:35:00+00:00,68.69999694824219,68.69999694824219,68.69999694824219,68.69999694824219,4000,0.0,0.0
2025-04-18 01:40:00+00:00,68.5999984741211,68.69999694824219,68.5,68.5,23000,0.0,0.0
2025-04-18 01:45:00+00:00,68.5,68.5,68.4000015258789,68.4000015258789,22090,0.0,0.0
2025-04-18 01:50:00+00:00,68.4000015258789,68.4000015258789,68.4000015258789,68.4000015258789,1100,0.0,0.0
2025-04-18 01:55:00+00:00,68.5,68.69999694824219,68.5,68.69999694824219,7000,0.0,0.0
2025-04-18 02:00:00+00:00,68.5999984741211,68.5999984741211,68.5,68.5,7000,0.0,0.0
2025-04-18 02:05:00+00:00,68.5,68.5,68.4000015258789,68.4000015258789,6000,0.0,0.0
2025-04-18 02:10:00+00:00,68.4000015258789,68.4000015258789,68.30000305175781,68.4000015258789,7050,0.0,0.0
2025-04-18 02:15:00+00:00,68.30000305175781,68.5,68.30000305175781,68.4000015258789,10020,0.0,0.0
2025-04-18 02:20:00+00:00,68.4000015258789,68.4000015258789,68.4000015258789,68.4000015258789,19100,0.0,0.0
2025-04-18 02:25:00+00:00,68.4000015258789,68.4000015258789,68.4000015258789,68.4000015258789,8000,0.0,0.0
2025-04-18 02:30:00+00:00,68.4000015258789,68.5,68.4000015258789,68.5,11045,0.0,0.0
2025-04-18 02:35:00+00:00,68.5,68.5,68.5,68.5,1000,0.0,0.0
2025-04-18 02:40:00+00:00,68.5,68.5,68.5,68.5,10000,0.0,0.0
2025-04-18 02:45:00+00:00,68.5999984741211,68.5999984741211,68.5999984741211,68.5999984741211,3000,0.0,0.0
2025-04-18 02:50:00+00:00,68.5999984741211,68.5999984741211,68.5999984741211,68.5999984741211,2000,0.0,0.0
2025-04-18 02:55:00+00:00,68.5,68.5,68.5,68.5,15544,0.0,0.0
2025-04-18 03:00:00+00:00,68.5,68.5999984741211,68.5,68.5999984741211,12000,0.0,0.0
2025-04-18 03:05:00+00:00,68.5999984741211,68.5999984741211,68.5999984741211,68.5999984741211,3018,0.0,0.0
2025-04-18 03:10:00+00:00,68.5999984741211,68.5999984741211,68.5,68.5,11000,0.0,0.0
2025-04-18 03:15:00+00:00,68.4000015258789,68.4000015258789,68.0,68.30000305175781,71910,0.0,0.0
2025-04-18 03:20:00+00:00,68.19999694824219,68.19999694824219,68.0999984741211,68.0999984741211,6495,0.0,0.0
2025-04-18 03:25:00+00:00,68.0999984741211,68.0999984741211,68.0999984741211,68.0999984741211,3000,0.0,0.0
2025-04-18 03:30:00+00:00,68.0999984741211,68.0999984741211,68.0999984741211,68.0999984741211,7000,0.0,0.0
2025-04-18 03:35:00+00:00,68.0999984741211,68.19999694824219,67.9000015258789,68.19999694824219,27008,0.0,0.0
2025-04-18 03:40:00+00:00,68.19999694824219,68.19999694824219,68.0999984741211,68.0999984741211,4000,0.0,0.0
2025-04-18 03:45:00+00:00,68.0999984741211,68.0999984741211,68.0999984741211,68.0999984741211,3000,0.0,0.0
2025-04-18 03:50:00+00:00,68.0,68.0,67.9000015258789,67.9000015258789,19090,0.0,0.0
2025-04-18 03:55:00+00:00,67.9000015258789,67.9000015258789,67.9000015258789,67.9000015258789,3000,0.0,0.0
2025-04-18 04:00:00+00:00,67.9000015258789,67.9000015258789,67.9000015258789,67.9000015258789,2634,0.0,0.0
2025-04-18 04:05:00+00:00,67.9000015258789,67.9000015258789,67.9000015258789,67.9000015258789,5008,0.0,0.0
2025-04-18 04:10:00+00:00,68.0,68.0999984741211,67.80000305175781,68.0999984741211,41045,0.0,0.0
2025-04-18 04:15:00+00:00,68.0999984741211,68.0999984741211,68.0,68.0,8000,0.0,0.0
2025-04-18 04:20:00+00:00,68.0,68.0,68.0,68.0,5205,0.0,0.0
2025-04-18 04:25:00+00:00,67.9000015258789,68.0,67.9000015258789,68.0,3000,0.0,0.0
2025-04-18 04:30:00+00:00,68.0,68.0,68.0,68.0,2050,0.0,0.0
2025-04-18 04:40:00+00:00,68.0,68.0999984741211,68.0,68.0,3123,0.0,0.0
2025-04-18 04:45:00+00:00,68.0,68.0,68.0,68.0,1230,0.0,0.0
2025-04-18 04:50:00+00:00,68.0,68.0,68.0,68.0,15700,0.0,0.0
2025-04-18 04:55:00+00:00,68.0,68.0999984741211,68.0,68.0999984741211,9000,0.0,0.0
2025-04-18 05:00:00+00:00,68.19999694824219,68.19999694824219,68.19999694824219,68.19999694824219,3387,0.0,0.0
2025-04-18 05:05:00+00:00,68.30000305175781,68.30000305175781,68.19999694824219,68.19999694824219,7010,0.0,0.0
2025-04-18 05:10:00+00:00,68.19999694824219,68.30000305175781,68.19999694824219,68.19999694824219,11000,0.0,0.0
2025-04-18 05:15:00+00:00,68.19999694824219,68.19999694824219,68.0,68.0,20444,0.0,0.0
2025-04-18 05:20:00+00:00,68.0999984741211,68.0999984741211,68.0,68.0999984741211,11066,0.0,0.0
2025-04-21 01:00:00+00:00,67.69999694824219,67.9000015258789,67.5,67.9000015258789,0,0.0,0.0
2025-04-21 01:05:00+00:00,67.80000305175781,67.80000305175781,67.0,67.0,76025,0.0,0.0
2025-04-21 01:10:00+00:00,67.19999694824219,67.19999694824219,67.0,67.0,30027,0.0,0.0
2025-04-21 01:15:00+00:00,67.0,67.0,66.5,66.5,48371,0.0,0.0
2025-04-21 01:20:00+00:00,66.5,66.69999694824219,66.0999984741211,66.5,75398,0.0,0.0
2025-04-21 01:25:00+00:00,66.5,66.5,66.4000015258789,66.5,16007,0.0,0.0
2025-04-21 01:30:00+00:00,66.5999984741211,66.5999984741211,66.30000305175781,66.30000305175781,18060,0.0,0.0
2025-04-21 01:35:00+00:00,66.30000305175781,66.30000305175781,66.19999694824219,66.30000305175781,13001,0.0,0.0
2025-04-21 01:40:00+00:00,66.30000305175781,66.4000015258789,66.30000305175781,66.4000015258789,8293,0.0,0.0
2025-04-21 01:45:00+00:00,66.4000015258789,66.4000015258789,66.19999694824219,66.19999694824219,15116,0.0,0.0
2025-04-21 01:50:00+00:00,66.4000015258789,67.0,66.4000015258789,66.4000015258789,29000,0.0,0.0
2025-04-21 01:55:00+00:00,66.4000015258789,66.5,66.4000015258789,66.5,9024,0.0,0.0
2025-04-21 02:00:00+00:00,66.5,66.5999984741211,66.5,66.5999984741211,6158,0.0,0.0
2025-04-21 02:05:00+00:00,66.69999694824219,66.9000015258789,66.69999694824219,66.80000305175781,16009,0.0,0.0
2025-04-21 02:10:00+00:00,66.80000305175781,66.9000015258789,66.69999694824219,66.9000015258789,4002,0.0,0.0
2025-04-21 02:15:00+00:00,66.9000015258789,67.0,66.9000015258789,66.9000015258789,7089,0.0,0.0
2025-04-21 02:20:00+00:00,66.80000305175781,66.80000305175781,66.69999694824219,66.80000305175781,23043,0.0,0.0
2025-04-21 02:25:00+00:00,66.5999984741211,66.5999984741211,66.5999984741211,66.5999984741211,6010,0.0,0.0
2025-04-21 02:30:00+00:00,66.5,66.5,66.5,66.5,12028,0.0,0.0
2025-04-21 02:35:00+00:00,66.5,66.5,66.30000305175781,66.30000305175781,19320,0.0,0.0
2025-04-21 02:40:00+00:00,66.19999694824219,66.19999694824219,65.80000305175781,65.9000015258789,92354,0.0,0.0
2025-04-21 02:45:00+00:00,66.0,66.19999694824219,66.0,66.0,16070,0.0,0.0
2025-04-21 02:50:00+00:00,66.0999984741211,66.0999984741211,66.0,66.0,4007,0.0,0.0
2025-04-21 02:55:00+00:00,66.0999984741211,66.0999984741211,66.0999984741211,66.0999984741211,4000,0.0,0.0
2025-04-21 03:00:00+00:00,66.0999984741211,66.0999984741211,66.0999984741211,66.0999984741211,12100,0.0,0.0
2025-04-21 03:05:00+00:00,66.0999984741211,66.0999984741211,66.0,66.0,32020,0.0,0.0
2025-04-21 03:10:00+00:00,66.0,66.0,65.69999694824219,65.69999694824219,33476,0.0,0.0
2025-04-21 03:15:00+00:00,65.80000305175781,66.0,65.80000305175781,65.9000015258789,6000,0.0,0.0
2025-04-21 03:20:00+00:00,65.9000015258789,66.19999694824219,65.80000305175781,66.19999694824219,12000,0.0,0.0
2025-04-21 03:25:00+00:00,66.0,66.0,66.0,66.0,3000,0.0,0.0
2025-04-21 03:30:00+00:00,65.9000015258789,66.0999984741211,65.80000305175781,65.80000305175781,8000,0.0,0.0
2025-04-21 03:35:00+00:00,65.80000305175781,65.80000305175781,65.5999984741211,65.80000305175781,35000,0.0,0.0
2025-04-21 03:40:00+00:00,65.69999694824219,65.69999694824219,65.5999984741211,65.5999984741211,5000,0.0,0.0
2025-04-21 03:45:00+00:00,65.5999984741211,65.80000305175781,65.5999984741211,65.80000305175781,8000,0.0,0.0
2025-04-21 03:50:00+00:00,65.80000305175781,65.80000305175781,65.5999984741211,65.5999984741211,10440,0.0,0.0
2025-04-21 03:55:00+00:00,65.5999984741211,65.69999694824219,65.5999984741211,65.69999694824219,12257,0.0,0.0
2025-04-21 04:00:00+00:00,65.69999694824219,65.69999694824219,65.69999694824219,65.69999694824219,4050,0.0,0.0
2025-04-21 04:05:00+00:00,65.69999694824219,65.69999694824219,65.69999694824219,65.69999694824219,2000,0.0,0.0
2025-04-21 04:10:00+00:00,65.69999694824219,65.69999694824219,65.5999984741211,65.5999984741211,21082,0.0,0.0
2025-04-21 04:15:00+00:00,65.5999984741211,65.5999984741211,65.5,65.5999984741211,4700,0.0,0.0
2025-04-21 04:20:00+00:00,65.5999984741211,65.5999984741211,65.5,65.5,13000,0.0,0.0
2025-04-21 04:25:00+00:00,65.4000015258789,65.4000015258789,65.30000305175781,65.30000305175781,17000,0.0,0.0
2025-04-21 04:30:00+00:00,65.5,65.69999694824219,65.4000015258789,65.69999694824219,15250,0.0,0.0
2025-04-21 04:35:00+00:00,65.69999694824219,65.69999694824219,65.5999984741211,65.5999984741211,4000,0.0,0.0
2025-04-21 04:40:00+00:00,65.5999984741211,65.5999984741211,65.5,65.5,11000,0.0,0.0
2025-04-21 04:45:00+00:00,65.4000015258789,65.4000015258789,65.19999694824219,65.19999694824219,30356,0.0,0.0
2025-04-21 04:50:00+00:00,65.19999694824219,65.80000305175781,65.0999984741211,65.80000305175781,47000,0.0,0.0
2025-04-21 04:55:00+00:00,65.30000305175781,65.30000305175781,65.30000305175781,65.30000305175781,8000,0.0,0.0
2025-04-21 05:00:00+00:00,65.4000015258789,65.4000015258789,65.4000015258789,65.4000015258789,8000,0.0,0.0
2025-04-21 05:05:00+00:00,65.30000305175781,65.30000305175781,65.30000305175781,65.30000305175781,6000,0.0,0.0
2025-04-21 05:10:00+00:00,65.19999694824219,65.4000015258789,65.19999694824219,65.4000015258789,30000,0.0,0.0
2025-04-21 05:15:00+00:00,65.4000015258789,65.4000015258789,65.30000305175781,65.4000015258789,20000,0.0,0.0
2025-04-21 05:20:00+00:00,65.30000305175781,65.30000305175781,65.0999984741211,65.0999984741211,40000,0.0,0.0
2025-04-22 01:00:00+00:00,64.5,65.0999984741211,64.19999694824219,64.80000305175781,0,0.0,0.0
2025-04-22 01:05:00+00:00,64.5,66.0999984741211,64.5,65.30000305175781,107000,0.0,0.0
2025-04-22 01:10:00+00:00,65.19999694824219,65.69999694824219,64.5999984741211,65.5,143113,0.0,0.0
2025-04-22 01:15:00+00:00,65.30000305175781,65.9000015258789,65.19999694824219,65.80000305175781,46010,0.0,0.0
2025-04-22 01:20:00+00:00,65.80000305175781,66.19999694824219,65.69999694824219,66.0,66568,0.0,0.0
2025-04-22 01:25:00+00:00,66.0,66.19999694824219,65.5999984741211,65.5999984741211,46010,0.0,0.0
2025-04-22 01:30:00+00:00,65.5,65.9000015258789,65.5,65.80000305175781,11000,0.0,0.0
2025-04-22 01:35:00+00:00,65.80000305175781,65.80000305175781,65.5,65.80000305175781,12000,0.0,0.0
2025-04-22 01:40:00+00:00,65.5999984741211,65.80000305175781,65.5999984741211,65.80000305175781,10005,0.0,0.0
2025-04-22 01:45:00+00:00,65.80000305175781,66.0,65.80000305175781,66.0,12462,0.0,0.0
2025-04-22 01:50:00+00:00,66.0999984741211,66.0999984741211,65.5,65.5,30435,0.0,0.0
2025-04-22 01:55:00+00:00,65.69999694824219,65.9000015258789,65.5,65.9000015258789,13000,0.0,0.0
2025-04-22 02:00:00+00:00,65.9000015258789,65.9000015258789,65.9000015258789,65.9000015258789,7000,0.0,0.0
2025-04-22 02:05:00+00:00,65.9000015258789,65.9000015258789,65.5,65.9000015258789,55021,0.0,0.0
2025-04-22 02:10:00+00:00,65.9000015258789,66.0,65.9000015258789,66.0,3000,0.0,0.0
2025-04-22 02:15:00+00:00,66.0,66.0,65.9000015258789,65.9000015258789,5000,0.0,0.0
2025-04-22 02:20:00+00:00,65.9000015258789,66.0,65.69999694824219,65.69999694824219,8000,0.0,0.0
2025-04-22 02:25:00+00:00,65.69999694824219,65.69999694824219,65.19999694824219,65.4000015258789,10583,0.0,0.0
2025-04-22 02:30:00+00:00,65.4000015258789,65.5,65.0,65.0,25111,0.0,0.0
2025-04-22 02:35:00+00:00,65.0,65.19999694824219,65.0,65.0999984741211,12082,0.0,0.0
2025-04-22 02:40:00+00:00,65.0,65.0,65.0,65.0,12100,0.0,0.0
2025-04-22 02:45:00+00:00,64.9000015258789,65.0999984741211,64.9000015258789,64.9000015258789,14000,0.0,0.0
2025-04-22 02:50:00+00:00,65.0,65.0,64.5,64.69999694824219,36612,0.0,0.0
2025-04-22 02:55:00+00:00,64.69999694824219,64.69999694824219,64.5,64.5,6053,0.0,0.0
2025-04-22 03:00:00+00:00,64.80000305175781,65.0,64.5,64.69999694824219,28879,0.0,0.0
2025-04-22 03:05:00+00:00,64.5999984741211,64.69999694824219,64.5999984741211,64.5999984741211,14115,0.0,0.0
2025-04-22 03:10:00+00:00,64.5999984741211,64.69999694824219,64.5,64.5999984741211,32011,0.0,0.0
2025-04-22 03:15:00+00:00,64.5,64.9000015258789,64.5,64.9000015258789,45102,0.0,0.0
2025-04-22 03:20:00+00:00,64.80000305175781,64.9000015258789,64.69999694824219,64.69999694824219,10004,0.0,0.0
2025-04-22 03:25:00+00:00,65.0,65.0,65.0,65.0,5258,0.0,0.0
2025-04-22 03:30:00+00:00,65.0,65.0,65.0,65.0,1058,0.0,0.0
2025-04-22 03:35:00+00:00,65.0,65.0999984741211,65.0,65.0999984741211,3000,0.0,0.0
2025-04-22 03:40:00+00:00,65.0999984741211,65.19999694824219,65.0999984741211,65.19999694824219,5000,0.0,0.0
2025-04-22 03:45:00+00:00,65.19999694824219,65.30000305175781,65.19999694824219,65.30000305175781,9000,0.0,0.0
2025-04-22 03:50:00+00:00,65.4000015258789,65.4000015258789,65.4000015258789,65.4000015258789,1004,0.0,0.0
2025-04-22 03:55:00+00:00,65.30000305175781,65.5,65.30000305175781,65.5,16000,0.0,0.0
2025-04-22 04:00:00+00:00,65.5,65.5,65.5,65.5,3235,0.0,0.0
2025-04-22 04:05:00+00:00,65.4000015258789,65.4000015258789,65.19999694824219,65.19999694824219,2000,0.0,0.0
2025-04-22 04:10:00+00:00,65.30000305175781,65.69999694824219,65.30000305175781,65.69999694824219,19012,0.0,0.0
2025-04-22 04:15:00+00:00,65.5999984741211,65.5999984741211,65.5,65.5,4022,0.0,0.0
2025-04-22 04:20:00+00:00,65.5,65.69999694824219,65.5,65.5,6020,0.0,0.0
2025-04-22 04:25:00+00:00,65.30000305175781,65.4000015258789,65.30000305175781,65.4000015258789,2000,0.0,0.0
2025-04-22 04:30:00+00:00,65.5,65.5,65.19999694824219,65.19999694824219,14034,0.0,0.0
2025-04-22 04:35:00+00:00,65.30000305175781,65.30000305175781,65.30000305175781,65.30000305175781,3000,0.0,0.0
2025-04-22 04:40:00+00:00,65.30000305175781,65.30000305175781,65.0999984741211,65.0999984741211,12150,0.0,0.0
2025-04-22 04:45:00+00:00,65.19999694824219,65.30000305175781,65.19999694824219,65.30000305175781,8070,0.0,0.0
2025-04-22 04:50:00+00:00,65.30000305175781,65.4000015258789,65.30000305175781,65.4000015258789,4000,0.0,0.0
2025-04-22 04:55:00+00:00,65.30000305175781,65.30000305175781,65.19999694824219,65.19999694824219,11004,0.0,0.0
2025-04-22 05:00:00+00:00,65.0999984741211,65.0999984741211,65.0,65.0,16000,0.0,0.0
2025-04-22 05:05:00+00:00,65.0,65.0,65.0,65.0,18050,0.0,0.0
2025-04-22 05:10:00+00:00,64.9000015258789,65.0,64.9000015258789,65.0,14004,0.0,0.0
2025-04-22 05:15:00+00:00,65.0,65.0,64.9000015258789,64.9000015258789,4000,0.0,0.0
2025-04-22 05:20:00+00:00,64.9000015258789,64.9000015258789,64.9000015258789,64.9000015258789,15000,0.0,0.0
2025-04-23 01:00:00+00:00,66.5,67.5999984741211,66.5,67.30000305175781,0,0.0,0.0
2025-04-23 01:05:00+00:00,67.19999694824219,67.30000305175781,66.69999694824219,67.0999984741211,60103,0.0,0.0
2025-04-23 01:10:00+00:00,67.0999984741211,67.5,67.0,67.19999694824219,92026,0.0,0.0
2025-04-23 01:15:00+00:00,67.19999694824219,67.19999694824219,67.0999984741211,67.19999694824219,19050,0.0,0.0
2025-04-23 01:20:00+00:00,67.19999694824219,67.5999984741211,67.19999694824219,67.4000015258789,66050,0.0,0.0
2025-04-23 01:25:00+00:00,67.4000015258789,67.5999984741211,67.4000015258789,67.5,67050,0.0,0.0
2025-04-23 01:30:00+00:00,67.5,67.5,67.4000015258789,67.4000015258789,13070,0.0,0.0
2025-04-23 01:35:00+00:00,67.4000015258789,67.4000015258789,67.0,67.19999694824219,25164,0.0,0.0
2025-04-23 01:40:00+00:00,67.0999984741211,67.0999984741211,66.9000015258789,67.0,9290,0.0,0.0
2025-04-23 01:45:00+00:00,67.0,67.0,66.9000015258789,66.9000015258789,11000,0.0,0.0
2025-04-23 01:50:00+00:00,66.80000305175781,66.9000015258789,66.69999694824219,66.69999694824219,16156,0.0,0.0
2025-04-23 01:55:00+00:00,66.80000305175781,67.0,66.80000305175781,67.0,9000,0.0,0.0
2025-04-23 02:00:00+00:00,67.0,67.0999984741211,66.9000015258789,67.0999984741211,11701,0.0,0.0
2025-04-23 02:05:00+00:00,67.0999984741211,67.30000305175781,67.0,67.30000305175781,15000,0.0,0.0
2025-04-23 02:10:00+00:00,67.30000305175781,67.30000305175781,67.19999694824219,67.19999694824219,9000,0.0,0.0
2025-04-23 02:15:00+00:00,67.0999984741211,67.19999694824219,67.0999984741211,67.19999694824219,7659,0.0,0.0
2025-04-23 02:20:00+00:00,67.19999694824219,67.19999694824219,67.0,67.19999694824219,13000,0.0,0.0
2025-04-23 02:25:00+00:00,67.30000305175781,67.4000015258789,67.30000305175781,67.4000015258789,9002,0.0,0.0
2025-04-23 02:30:00+00:00,67.4000015258789,67.5,67.4000015258789,67.5,47000,0.0,0.0
2025-04-23 02:35:00+00:00,67.5,67.5,67.4000015258789,67.4000015258789,5000,0.0,0.0
2025-04-23 02:40:00+00:00,67.4000015258789,67.5,67.4000015258789,67.5,27000,0.0,0.0
2025-04-23 02:45:00+00:00,67.4000015258789,67.5,67.4000015258789,67.5,8000,0.0,0.0
2025-04-23 02:50:00+00:00,67.5,67.5999984741211,67.5,67.5999984741211,43109,0.0,0.0
2025-04-23 02:55:00+00:00,67.5999984741211,67.69999694824219,67.5999984741211,67.69999694824219,24151,0.0,0.0
2025-04-23 03:00:00+00:00,67.5999984741211,67.5999984741211,67.5,67.5,14041,0.0,0.0
2025-04-23 03:05:00+00:00,67.5,67.5999984741211,67.5,67.5,9000,0.0,0.0
2025-04-23 03:10:00+00:00,67.5,67.5999984741211,67.5,67.5999984741211,6043,0.0,0.0
2025-04-23 03:15:00+00:00,67.5,67.5999984741211,67.5,67.5999984741211,5018,0.0,0.0
2025-04-23 03:25:00+00:00,67.5,67.5,67.5,67.5,2000,0.0,0.0
2025-04-23 03:30:00+00:00,67.5,67.5,67.4000015258789,67.4000015258789,3184,0.0,0.0
2025-04-23 03:35:00+00:00,67.5,67.5,67.5,67.5,1000,0.0,0.0
2025-04-23 03:40:00+00:00,67.5,67.5,67.5,67.5,24000,0.0,0.0
2025-04-23 03:45:00+00:00,67.4000015258789,67.4000015258789,67.4000015258789,67.4000015258789,2101,0.0,0.0
2025-04-23 03:50:00+00:00,67.5,67.5,67.4000015258789,67.4000015258789,2029,0.0,0.0
2025-04-23 03:55:00+00:00,67.5,67.5,67.4000015258789,67.4000015258789,16100,0.0,0.0
2025-04-23 04:00:00+00:00,67.5,67.5,67.4000015258789,67.4000015258789,13030,0.0,0.0
2025-04-23 04:10:00+00:00,67.5,67.5,67.5,67.5,1018,0.0,0.0
2025-04-23 04:15:00+00:00,67.5,67.5,67.30000305175781,67.30000305175781,12212,0.0,0.0
2025-04-23 04:20:00+00:00,67.30000305175781,67.30000305175781,67.30000305175781,67.30000305175781,2086,0.0,0.0
2025-04-23 04:25:00+00:00,67.4000015258789,67.4000015258789,67.4000015258789,67.4000015258789,6100,0.0,0.0
2025-04-23 04:30:00+00:00,67.5,67.5,67.5,67.5,11000,0.0,0.0
2025-04-23 04:35:00+00:00,67.5999984741211,67.5999984741211,67.5999984741211,67.5999984741211,9119,0.0,0.0
2025-04-23 04:40:00+00:00,67.5,67.5,67.5,67.5,2003,0.0,0.0
2025-04-23 04:45:00+00:00,67.5999984741211,67.5999984741211,67.5,67.5,9149,0.0,0.0
2025-04-23 04:50:00+00:00,67.4000015258789,67.4000015258789,67.4000015258789,67.4000015258789,12060,0.0,0.0
2025-04-23 04:55:00+00:00,67.4000015258789,67.4000015258789,67.30000305175781,67.30000305175781,5050,0.0,0.0
2025-04-23 05:00:00+00:00,67.4000015258789,67.4000015258789,67.4000015258789,67.4000015258789,5102,0.0,0.0
2025-04-23 05:05:00+00:00,67.4000015258789,67.4000015258789,67.30000305175781,67.4000015258789,8000,0.0,0.0
2025-04-23 05:10:00+00:00,67.30000305175781,67.30000305175781,67.30000305175781,67.30000305175781,1010,0.0,0.0
2025-04-23 05:15:00+00:00,67.30000305175781,67.30000305175781,67.0999984741211,67.0999984741211,31251,0.0,0.0
2025-04-23 05:20:00+00:00,67.19999694824219,67.19999694824219,67.0,67.0,28215,0.0,0.0
2025-04-24 01:00:00+00:00,68.0,68.0,67.4000015258789,67.5,0,0.0,0.0
2025-04-24 01:05:00+00:00,67.5,67.80000305175781,67.5,67.69999694824219,23650,0.0,0.0
2025-04-24 01:10:00+00:00,67.80000305175781,68.0,67.80000305175781,68.0,46289,0.0,0.0
2025-04-24 01:15:00+00:00,68.0,68.0,67.69999694824219,67.69999694824219,19000,0.0,0.0
2025-04-24 01:20:00+00:00,67.5999984741211,67.69999694824219,67.4000015258789,67.5,54278,0.0,0.0
2025-04-24 01:25:00+00:00,67.5,67.5999984741211,67.30000305175781,67.5999984741211,39500,0.0,0.0
2025-04-24 01:30:00+00:00,67.5,68.0,67.5,67.5999984741211,57060,0.0,0.0
2025-04-24 01:35:00+00:00,67.9000015258789,67.9000015258789,67.9000015258789,67.9000015258789,1030,0.0,0.0
2025-04-24 01:40:00+00:00,67.9000015258789,67.9000015258789,67.80000305175781,67.80000305175781,5000,0.0,0.0
2025-04-24 01:45:00+00:00,67.69999694824219,67.69999694824219,67.5999984741211,67.69999694824219,10000,0.0,0.0
2025-04-24 01:50:00+00:00,67.5999984741211,67.69999694824219,67.5,67.69999694824219,17060,0.0,0.0
2025-04-24 01:55:00+00:00,67.5999984741211,67.5999984741211,67.19999694824219,67.30000305175781,43863,0.0,0.0
2025-04-24 02:00:00+00:00,67.19999694824219,67.30000305175781,67.19999694824219,67.30000305175781,14000,0.0,0.0
2025-04-24 02:05:00+00:00,67.19999694824219,67.19999694824219,67.19999694824219,67.19999694824219,3002,0.0,0.0
2025-04-24 02:10:00+00:00,67.19999694824219,67.4000015258789,67.19999694824219,67.4000015258789,24010,0.0,0.0
2025-04-24 02:15:00+00:00,67.30000305175781,67.30000305175781,67.30000305175781,67.30000305175781,2050,0.0,0.0
2025-04-24 02:20:00+00:00,67.4000015258789,67.4000015258789,67.4000015258789,67.4000015258789,2000,0.0,0.0
2025-04-24 02:25:00+00:00,67.4000015258789,67.4000015258789,67.4000015258789,67.4000015258789,2000,0.0,0.0
2025-04-24 02:30:00+00:00,67.4000015258789,67.4000015258789,67.30000305175781,67.30000305175781,12000,0.0,0.0
2025-04-24 02:35:00+00:00,67.30000305175781,67.30000305175781,67.30000305175781,67.30000305175781,1050,0.0,0.0
2025-04-24 02:40:00+00:00,67.19999694824219,67.19999694824219,67.19999694824219,67.19999694824219,12000,0.0,0.0
2025-04-24 02:45:00+00:00,67.0999984741211,67.0999984741211,67.0,67.0,57502,0.0,0.0
2025-04-24 02:50:00+00:00,66.9000015258789,66.9000015258789,66.80000305175781,66.9000015258789,15024,0.0,0.0
2025-04-24 02:55:00+00:00,66.9000015258789,67.0,66.9000015258789,67.0,5037,0.0,0.0
2025-04-24 03:00:00+00:00,67.19999694824219,67.19999694824219,67.19999694824219,67.19999694824219,1000,0.0,0.0
2025-04-24 03:05:00+00:00,67.0,67.19999694824219,66.80000305175781,67.19999694824219,17001,0.0,0.0
2025-04-24 03:15:00+00:00,67.0999984741211,67.0999984741211,67.0,67.0,3002,0.0,0.0
2025-04-24 03:20:00+00:00,67.0999984741211,67.0999984741211,67.0999984741211,67.0999984741211,2000,0.0,0.0
2025-04-24 03:25:00+00:00,67.0,67.0,67.0,67.0,2049,0.0,0.0
2025-04-24 03:30:00+00:00,67.0999984741211,67.0999984741211,67.0999984741211,67.0999984741211,1050,0.0,0.0
2025-04-24 03:35:00+00:00,67.0999984741211,67.19999694824219,67.0999984741211,67.19999694824219,3017,0.0,0.0
2025-04-24 03:45:00+00:00,67.0999984741211,67.30000305175781,67.0999984741211,67.30000305175781,9000,0.0,0.0
2025-04-24 03:50:00+00:00,67.19999694824219,67.19999694824219,67.19999694824219,67.19999694824219,5000,0.0,0.0
2025-04-24 03:55:00+00:00,67.19999694824219,67.19999694824219,67.0999984741211,67.0999984741211,2000,0.0,0.0
2025-04-24 04:00:00+00:00,67.19999694824219,67.19999694824219,67.19999694824219,67.19999694824219,3000,0.0,0.0
2025-04-24 04:05:00+00:00,67.30000305175781,67.30000305175781,67.30000305175781,67.30000305175781,5000,0.0,0.0
2025-04-24 04:10:00+00:00,67.19999694824219,67.19999694824219,67.19999694824219,67.19999694824219,1000,0.0,0.0
2025-04-24 04:15:00+00:00,67.0999984741211,67.0999984741211,67.0,67.0,2010,0.0,0.0
2025-04-24 04:20:00+00:00,67.0,67.0,67.0,67.0,4440,0.0,0.0
2025-04-24 04:25:00+00:00,67.0,67.0,67.0,67.0,1046,0.0,0.0
2025-04-24 04:40:00+00:00,67.0,67.0,67.0,67.0,3000,0.0,0.0
2025-04-24 04:45:00+00:00,67.0999984741211,67.0999984741211,67.0999984741211,67.0999984741211,6015,0.0,0.0
2025-04-24 04:50:00+00:00,67.0999984741211,67.19999694824219,67.0999984741211,67.0999984741211,21000,0.0,0.0
2025-04-24 04:55:00+00:00,67.0999984741211,67.19999694824219,67.0999984741211,67.0999984741211,6091,0.0,0.0
2025-04-24 05:00:00+00:00,67.0999984741211,67.30000305175781,67.0999984741211,67.30000305175781,15080,0.0,0.0
2025-04-24 05:05:00+00:00,67.19999694824219,67.19999694824219,67.0999984741211,67.0999984741211,5090,0.0,0.0
2025-04-24 05:10:00+00:00,67.19999694824219,67.19999694824219,67.0999984741211,67.0999984741211,14000,0.0,0.0
2025-04-24 05:15:00+00:00,67.0999984741211,67.19999694824219,67.0999984741211,67.19999694824219,6000,0.0,0.0
2025-04-24 05:20:00+00:00,67.19999694824219,67.19999694824219,67.0999984741211,67.0999984741211,10100,0.0,0.0
2025-04-25 01:00:00+00:00,68.9000015258789,69.4000015258789,68.5,69.30000305175781,0,0.0,0.0
2025-04-25 01:05:00+00:00,69.30000305175781,69.4000015258789,69.19999694824219,69.30000305175781,99087,0.0,0.0
2025-04-25 01:10:00+00:00,69.30000305175781,69.30000305175781,68.69999694824219,68.69999694824219,85700,0.0,0.0
2025-04-25 01:15:00+00:00,68.69999694824219,68.69999694824219,68.5,68.5,70500,0.0,0.0
2025-04-25 01:20:00+00:00,68.5,68.5999984741211,68.4000015258789,68.4000015258789,36074,0.0,0.0
2025-04-25 01:25:00+00:00,68.4000015258789,68.4000015258789,68.30000305175781,68.30000305175781,20000,0.0,0.0
2025-04-25 01:30:00+00:00,68.19999694824219,68.80000305175781,68.19999694824219,68.69999694824219,41080,0.0,0.0
2025-04-25 01:35:00+00:00,68.69999694824219,69.5,68.69999694824219,69.30000305175781,267006,0.0,0.0
2025-04-25 01:40:00+00:00,69.30000305175781,69.4000015258789,69.30000305175781,69.4000015258789,35055,0.0,0.0
2025-04-25 01:45:00+00:00,69.30000305175781,69.30000305175781,68.9000015258789,68.9000015258789,29092,0.0,0.0
2025-04-25 01:50:00+00:00,68.9000015258789,69.0,68.80000305175781,68.80000305175781,13023,0.0,0.0
2025-04-25 01:55:00+00:00,68.69999694824219,68.69999694824219,68.69999694824219,68.69999694824219,8000,0.0,0.0
2025-04-25 02:00:00+00:00,68.69999694824219,68.80000305175781,68.69999694824219,68.69999694824219,20000,0.0,0.0
2025-04-25 02:05:00+00:00,68.69999694824219,68.69999694824219,68.69999694824219,68.69999694824219,1000,0.0,0.0
2025-04-25 02:10:00+00:00,68.69999694824219,68.69999694824219,68.5999984741211,68.69999694824219,41000,0.0,0.0
2025-04-25 02:15:00+00:00,68.69999694824219,68.69999694824219,68.5999984741211,68.5999984741211,8225,0.0,0.0
2025-04-25 02:20:00+00:00,68.5999984741211,69.0999984741211,68.5999984741211,69.0999984741211,207060,0.0,0.0
2025-04-25 02:25:00+00:00,69.0,69.0,68.69999694824219,68.9000015258789,74407,0.0,0.0
2025-04-25 02:30:00+00:00,68.9000015258789,68.9000015258789,68.5,68.5,72134,0.0,0.0
2025-04-25 02:35:00+00:00,68.5,68.80000305175781,68.5,68.80000305175781,19000,0.0,0.0
2025-04-25 02:40:00+00:00,68.9000015258789,68.9000015258789,68.80000305175781,68.80000305175781,15022,0.0,0.0
2025-04-25 02:45:00+00:00,68.5999984741211,68.5999984741211,68.5,68.5,16384,0.0,0.0
2025-04-25 02:50:00+00:00,68.5,68.5,68.4000015258789,68.4000015258789,16000,0.0,0.0
2025-04-25 02:55:00+00:00,68.4000015258789,68.4000015258789,68.30000305175781,68.30000305175781,13000,0.0,0.0
2025-04-25 03:00:00+00:00,68.30000305175781,68.30000305175781,68.30000305175781,68.30000305175781,25629,0.0,0.0
2025-04-25 03:05:00+00:00,68.4000015258789,68.4000015258789,68.0999984741211,68.0999984741211,59743,0.0,0.0
2025-04-25 03:10:00+00:00,68.0999984741211,68.0999984741211,68.0999984741211,68.0999984741211,36001,0.0,0.0
2025-04-25 03:15:00+00:00,68.19999694824219,68.5,68.19999694824219,68.5,15014,0.0,0.0
2025-04-25 03:20:00+00:00,68.5,68.5,68.5,68.5,6002,0.0,0.0
2025-04-25 03:25:00+00:00,68.4000015258789,68.4000015258789,68.4000015258789,68.4000015258789,1045,0.0,0.0
2025-04-25 03:30:00+00:00,68.4000015258789,68.4000015258789,68.4000015258789,68.4000015258789,4069,0.0,0.0
2025-04-25 03:35:00+00:00,68.4000015258789,68.4000015258789,68.19999694824219,68.30000305175781,20000,0.0,0.0
2025-04-25 03:40:00+00:00,68.30000305175781,68.30000305175781,68.0999984741211,68.0999984741211,8000,0.0,0.0
2025-04-25 03:45:00+00:00,68.19999694824219,68.30000305175781,68.19999694824219,68.19999694824219,7000,0.0,0.0
2025-04-25 03:50:00+00:00,68.30000305175781,68.5,68.19999694824219,68.5,20000,0.0,0.0
2025-04-25 03:55:00+00:00,68.4000015258789,68.4000015258789,68.4000015258789,68.4000015258789,1450,0.0,0.0
2025-04-25 04:00:00+00:00,68.5,68.5,68.5,68.5,3000,0.0,0.0
2025-04-25 04:05:00+00:00,68.5999984741211,68.5999984741211,68.5999984741211,68.5999984741211,8000,0.0,0.0
2025-04-25 04:10:00+00:00,68.5999984741211,68.5999984741211,68.5999984741211,68.5999984741211,1000,0.0,0.0
2025-04-25 04:15:00+00:00,68.69999694824219,68.69999694824219,68.5999984741211,68.69999694824219,7018,0.0,0.0
2025-04-25 04:20:00+00:00,68.69999694824219,68.69999694824219,68.69999694824219,68.69999694824219,5001,0.0,0.0
2025-04-25 04:25:00+00:00,68.69999694824219,68.69999694824219,68.69999694824219,68.69999694824219,8298,0.0,0.0
2025-04-25 04:30:00+00:00,68.69999694824219,68.69999694824219,68.69999694824219,68.69999694824219,10104,0.0,0.0
2025-04-25 04:35:00+00:00,68.5999984741211,68.5999984741211,68.5999984741211,68.5999984741211,8080,0.0,0.0
2025-04-25 04:40:00+00:00,68.5999984741211,68.5999984741211,68.5,68.5,33000,0.0,0.0
2025-04-25 04:45:00+00:00,68.5,68.5,68.5,68.5,10002,0.0,0.0
2025-04-25 04:50:00+00:00,68.5,68.5,68.4000015258789,68.5,11008,0.0,0.0
2025-04-25 04:55:00+00:00,68.4000015258789,68.4000015258789,68.4000015258789,68.4000015258789,19082,0.0,0.0
2025-04-25 05:00:00+00:00,68.4000015258789,68.4000015258789,68.30000305175781,68.30000305175781,12000,0.0,0.0
2025-04-25 05:05:00+00:00,68.30000305175781,68.30000305175781,68.30000305175781,68.30000305175781,3149,0.0,0.0
2025-04-25 05:10:00+00:00,68.30000305175781,68.4000015258789,68.30000305175781,68.4000015258789,26000,0.0,0.0
2025-04-25 05:15:00+00:00,68.5,68.5,68.5,68.5,8004,0.0,0.0
2025-04-25 05:20:00+00:00,68.5,68.5,68.30000305175781,68.4000015258789,17415,0.0,0.0
2025-04-28 01:00:00+00:00,68.69999694824219,69.0,68.5,68.80000305175781,0,0.0,0.0
2025-04-28 01:05:00+00:00,68.80000305175781,68.80000305175781,68.5,68.80000305175781,52376,0.0,0.0
2025-04-28 01:10:00+00:00,68.80000305175781,68.9000015258789,68.69999694824219,68.69999694824219,12284,0.0,0.0
2025-04-28 01:15:00+00:00,68.69999694824219,68.80000305175781,68.69999694824219,68.80000305175781,10199,0.0,0.0
2025-04-28 01:20:00+00:00,68.80000305175781,68.9000015258789,68.80000305175781,68.80000305175781,16300,0.0,0.0
2025-04-28 01:25:00+00:00,68.80000305175781,68.9000015258789,68.69999694824219,68.9000015258789,39000,0.0,0.0
2025-04-28 01:30:00+00:00,68.80000305175781,69.30000305175781,68.80000305175781,69.19999694824219,114070,0.0,0.0
2025-04-28 01:35:00+00:00,69.19999694824219,69.19999694824219,69.0999984741211,69.0999984741211,29000,0.0,0.0
2025-04-28 01:40:00+00:00,69.19999694824219,69.30000305175781,69.19999694824219,69.19999694824219,33000,0.0,0.0
2025-04-28 01:45:00+00:00,69.0999984741211,69.5,69.0999984741211,69.5,88166,0.0,0.0
2025-04-28 01:50:00+00:00,69.5,69.5999984741211,69.4000015258789,69.4000015258789,65591,0.0,0.0
2025-04-28 01:55:00+00:00,69.4000015258789,70.69999694824219,69.4000015258789,70.30000305175781,277517,0.0,0.0
2025-04-28 02:00:00+00:00,70.19999694824219,70.4000015258789,70.0999984741211,70.4000015258789,55568,0.0,0.0
2025-04-28 02:05:00+00:00,70.4000015258789,70.4000015258789,70.19999694824219,70.30000305175781,38357,0.0,0.0
2025-04-28 02:10:00+00:00,70.30000305175781,70.30000305175781,70.0999984741211,70.19999694824219,53341,0.0,0.0
2025-04-28 02:15:00+00:00,70.0999984741211,70.0999984741211,69.9000015258789,70.0,46215,0.0,0.0
2025-04-28 02:20:00+00:00,70.0999984741211,70.0999984741211,70.0,70.0,15000,0.0,0.0
2025-04-28 02:25:00+00:00,70.0,70.19999694824219,70.0,70.19999694824219,44000,0.0,0.0
2025-04-28 02:30:00+00:00,70.0999984741211,70.19999694824219,70.0,70.0,18000,0.0,0.0
2025-04-28 02:35:00+00:00,70.0,70.0,70.0,70.0,12232,0.0,0.0
2025-04-28 02:40:00+00:00,70.0,70.0999984741211,70.0,70.0999984741211,3179,0.0,0.0
2025-04-28 02:45:00+00:00,69.9000015258789,70.0999984741211,69.80000305175781,70.0999984741211,48020,0.0,0.0
2025-04-28 02:50:00+00:00,70.0,70.0,70.0,70.0,8000,0.0,0.0
2025-04-28 02:55:00+00:00,70.0999984741211,70.0999984741211,69.9000015258789,69.9000015258789,11000,0.0,0.0
2025-04-28 03:00:00+00:00,69.9000015258789,69.9000015258789,69.80000305175781,69.9000015258789,26301,0.0,0.0
2025-04-28 03:05:00+00:00,69.9000015258789,69.9000015258789,69.9000015258789,69.9000015258789,12105,0.0,0.0
2025-04-28 03:10:00+00:00,69.9000015258789,69.9000015258789,69.80000305175781,69.9000015258789,23004,0.0,0.0
2025-04-28 03:15:00+00:00,69.80000305175781,70.0,69.80000305175781,70.0,15100,0.0,0.0
2025-04-28 03:20:00+00:00,70.0,70.19999694824219,70.0,70.19999694824219,23608,0.0,0.0
2025-04-28 03:25:00+00:00,70.19999694824219,70.19999694824219,70.0,70.0,14131,0.0,0.0
2025-04-28 03:30:00+00:00,70.0,70.0,69.9000015258789,69.9000015258789,7388,0.0,0.0
2025-04-28 03:35:00+00:00,69.80000305175781,69.80000305175781,69.69999694824219,69.69999694824219,17000,0.0,0.0
2025-04-28 03:40:00+00:00,69.69999694824219,69.80000305175781,69.69999694824219,69.80000305175781,5495,0.0,0.0
2025-04-28 03:50:00+00:00,69.80000305175781,70.0,69.80000305175781,70.0,8000,0.0,0.0
2025-04-28 03:55:00+00:00,70.0999984741211,70.19999694824219,70.0999984741211,70.19999694824219,17000,0.0,0.0
2025-04-28 04:00:00+00:00,70.19999694824219,70.5,70.19999694824219,70.4000015258789,71000,0.0,0.0
2025-04-28 04:05:00+00:00,70.4000015258789,70.4000015258789,70.19999694824219,70.19999694824219,19040,0.0,0.0
2025-04-28 04:10:00+00:00,70.19999694824219,70.30000305175781,70.19999694824219,70.19999694824219,11000,0.0,0.0
2025-04-28 04:15:00+00:00,70.30000305175781,70.4000015258789,70.30000305175781,70.30000305175781,24020,0.0,0.0
2025-04-28 04:20:00+00:00,70.30000305175781,70.4000015258789,70.30000305175781,70.4000015258789,51105,0.0,0.0
2025-04-28 04:25:00+00:00,70.4000015258789,70.5,70.30000305175781,70.4000015258789,36500,0.0,0.0
2025-04-28 04:30:00+00:00,70.4000015258789,70.4000015258789,70.4000015258789,70.4000015258789,8125,0.0,0.0
2025-04-28 04:35:00+00:00,70.4000015258789,70.4000015258789,70.4000015258789,70.4000015258789,15000,0.0,0.0
2025-04-28 04:40:00+00:00,70.4000015258789,70.5,70.4000015258789,70.5,50288,0.0,0.0
2025-04-28 04:45:00+00:00,70.5,70.5,70.4000015258789,70.4000015258789,10000,0.0,0.0
2025-04-28 04:50:00+00:00,70.4000015258789,70.4000015258789,70.4000015258789,70.4000015258789,21000,0.0,0.0
2025-04-28 04:55:00+00:00,70.30000305175781,70.5,70.30000305175781,70.4000015258789,69070,0.0,0.0
2025-04-28 05:00:00+00:00,70.4000015258789,70.4000015258789,70.30000305175781,70.30000305175781,10040,0.0,0.0
2025-04-28 05:05:00+00:00,70.19999694824219,70.30000305175781,70.19999694824219,70.19999694824219,33364,0.0,0.0
2025-04-28 05:10:00+00:00,70.19999694824219,70.19999694824219,70.0999984741211,70.19999694824219,4402,0.0,0.0
2025-04-28 05:15:00+00:00,70.19999694824219,70.19999694824219,70.19999694824219,70.19999694824219,12002,0.0,0.0
2025-04-28 05:20:00+00:00,70.19999694824219,70.19999694824219,70.0,70.0,39626,0.0,0.0
2025-04-29 01:00:00+00:00,70.5,70.9000015258789,70.4000015258789,70.9000015258789,0,0.0,0.0
2025-04-29 01:05:00+00:00,71.0,71.4000015258789,70.69999694824219,71.0,260000,0.0,0.0
2025-04-29 01:10:00+00:00,71.0999984741211,71.5999984741211,70.9000015258789,71.4000015258789,228797,0.0,0.0
2025-04-29 01:15:00+00:00,71.4000015258789,71.5,71.19999694824219,71.4000015258789,143188,0.0,0.0
2025-04-29 01:20:00+00:00,71.5,71.69999694824219,71.4000015258789,71.4000015258789,134719,0.0,0.0
2025-04-29 01:25:00+00:00,71.4000015258789,71.69999694824219,71.30000305175781,71.5999984741211,70461,0.0,0.0
2025-04-29 01:30:00+00:00,71.5999984741211,71.69999694824219,71.4000015258789,71.5,113010,0.0,0.0
2025-04-29 01:35:00+00:00,71.5,72.0999984741211,71.5,72.0999984741211,187120,0.0,0.0
2025-04-29 01:40:00+00:00,72.0999984741211,72.5,72.0,72.19999694824219,298319,0.0,0.0
2025-04-29 01:45:00+00:00,72.0,72.5,72.0,72.4000015258789,79281,0.0,0.0
2025-04-29 01:50:00+00:00,72.4000015258789,72.5,72.0999984741211,72.19999694824219,106708,0.0,0.0
2025-04-29 01:55:00+00:00,72.19999694824219,72.4000015258789,72.19999694824219,72.30000305175781,37019,0.0,0.0
2025-04-29 02:00:00+00:00,72.30000305175781,72.69999694824219,72.30000305175781,72.69999694824219,125000,0.0,0.0
2025-04-29 02:05:00+00:00,72.5,72.5999984741211,72.30000305175781,72.4000015258789,55680,0.0,0.0
2025-04-29 02:10:00+00:00,72.5,72.69999694824219,72.4000015258789,72.5,73200,0.0,0.0
2025-04-29 02:15:00+00:00,72.5999984741211,72.69999694824219,72.4000015258789,72.4000015258789,70846,0.0,0.0
2025-04-29 02:20:00+00:00,72.5,72.5999984741211,72.5,72.5,37017,0.0,0.0
2025-04-29 02:25:00+00:00,72.5999984741211,72.80000305175781,72.4000015258789,72.80000305175781,115369,0.0,0.0
2025-04-29 02:30:00+00:00,72.80000305175781,73.0,72.69999694824219,72.9000015258789,71414,0.0,0.0
2025-04-29 02:35:00+00:00,72.80000305175781,72.9000015258789,72.69999694824219,72.80000305175781,21398,0.0,0.0
2025-04-29 02:40:00+00:00,72.80000305175781,72.80000305175781,72.5999984741211,72.5999984741211,19028,0.0,0.0
2025-04-29 02:45:00+00:00,72.5999984741211,72.5999984741211,72.5,72.5,20472,0.0,0.0
2025-04-29 02:50:00+00:00,72.5,72.5,72.4000015258789,72.4000015258789,68099,0.0,0.0
2025-04-29 02:55:00+00:00,72.5,72.5,72.5,72.5,16150,0.0,0.0
2025-04-29 03:00:00+00:00,72.5,72.5,72.4000015258789,72.5,18192,0.0,0.0
2025-04-29 03:05:00+00:00,72.4000015258789,72.4000015258789,72.30000305175781,72.30000305175781,44176,0.0,0.0
2025-04-29 03:10:00+00:00,72.19999694824219,72.5,72.19999694824219,72.5,56105,0.0,0.0
2025-04-29 03:15:00+00:00,72.30000305175781,72.5,72.30000305175781,72.5,15000,0.0,0.0
2025-04-29 03:20:00+00:00,72.5,72.5999984741211,72.5,72.5999984741211,14000,0.0,0.0
2025-04-29 03:25:00+00:00,72.5999984741211,72.69999694824219,72.5,72.69999694824219,23000,0.0,0.0
2025-04-29 03:30:00+00:00,72.69999694824219,72.69999694824219,72.5999984741211,72.5999984741211,19135,0.0,0.0
2025-04-29 03:35:00+00:00,72.5999984741211,72.5999984741211,72.5,72.5,10121,0.0,0.0
2025-04-29 03:40:00+00:00,72.5,72.5999984741211,72.5,72.5999984741211,11000,0.0,0.0
2025-04-29 03:45:00+00:00,72.5999984741211,72.80000305175781,72.5999984741211,72.80000305175781,40484,0.0,0.0
2025-04-29 03:50:00+00:00,72.80000305175781,73.0,72.80000305175781,73.0,70378,0.0,0.0
2025-04-29 03:55:00+00:00,73.0,73.0999984741211,72.9000015258789,72.9000015258789,49628,0.0,0.0
2025-04-29 04:00:00+00:00,72.80000305175781,73.0999984741211,72.69999694824219,73.0999984741211,32500,0.0,0.0
2025-04-29 04:05:00+00:00,73.0,73.0999984741211,72.80000305175781,73.0,44020,0.0,0.0
2025-04-29 04:10:00+00:00,73.0,73.0999984741211,72.69999694824219,72.9000015258789,39120,0.0,0.0
2025-04-29 04:15:00+00:00,72.9000015258789,72.9000015258789,72.9000015258789,72.9000015258789,18580,0.0,0.0
2025-04-29 04:20:00+00:00,72.9000015258789,73.0999984741211,72.9000015258789,73.0999984741211,20202,0.0,0.0
2025-04-29 04:25:00+00:00,73.0999984741211,73.4000015258789,73.0999984741211,73.4000015258789,128287,0.0,0.0
2025-04-29 04:30:00+00:00,73.4000015258789,73.4000015258789,73.30000305175781,73.30000305175781,47145,0.0,0.0
2025-04-29 04:35:00+00:00,73.30000305175781,73.4000015258789,73.30000305175781,73.30000305175781,32600,0.0,0.0
2025-04-29 04:40:00+00:00,73.30000305175781,73.4000015258789,73.30000305175781,73.4000015258789,38014,0.0,0.0
2025-04-29 04:45:00+00:00,73.30000305175781,73.4000015258789,73.30000305175781,73.30000305175781,26800,0.0,0.0
2025-04-29 04:50:00+00:00,73.19999694824219,73.19999694824219,73.0999984741211,73.0999984741211,33139,0.0,0.0
2025-04-29 04:55:00+00:00,73.0999984741211,73.19999694824219,73.0999984741211,73.19999694824219,19151,0.0,0.0
2025-04-29 05:00:00+00:00,73.30000305175781,73.30000305175781,73.19999694824219,73.19999694824219,17318,0.0,0.0
2025-04-29 05:05:00+00:00,73.30000305175781,73.30000305175781,73.19999694824219,73.19999694824219,33039,0.0,0.0
2025-04-29 05:10:00+00:00,73.19999694824219,73.30000305175781,73.0,73.0,117099,0.0,0.0
2025-04-29 05:15:00+00:00,73.0,73.19999694824219,73.0,73.0999984741211,88369,0.0,0.0
2025-04-29 05:20:00+00:00,73.0999984741211,73.30000305175781,73.0999984741211,73.19999694824219,47840,0.0,0.0
2025-04-30 01:00:00+00:00,73.5,73.5999984741211,72.9000015258789,73.19999694824219,0,0.0,0.0
2025-04-30 01:05:00+00:00,73.19999694824219,73.80000305175781,73.0999984741211,73.69999694824219,148000,0.0,0.0
2025-04-30 01:10:00+00:00,73.69999694824219,73.80000305175781,73.4000015258789,73.69999694824219,108827,0.0,0.0
2025-04-30 01:15:00+00:00,73.80000305175781,74.0,73.69999694824219,73.80000305175781,97549,0.0,0.0
2025-04-30 01:20:00+00:00,73.80000305175781,74.0,73.5999984741211,73.69999694824219,81846,0.0,0.0
2025-04-30 01:25:00+00:00,73.69999694824219,73.80000305175781,73.5,73.80000305175781,71098,0.0,0.0
2025-04-30 01:30:00+00:00,73.80000305175781,73.9000015258789,73.4000015258789,73.4000015258789,98259,0.0,0.0
2025-04-30 01:35:00+00:00,73.4000015258789,73.5,73.30000305175781,73.5,40901,0.0,0.0
2025-04-30 01:40:00+00:00,73.5999984741211,73.80000305175781,73.5999984741211,73.5999984741211,33008,0.0,0.0
2025-04-30 01:45:00+00:00,73.5999984741211,73.5999984741211,73.30000305175781,73.4000015258789,71675,0.0,0.0
2025-04-30 01:50:00+00:00,73.4000015258789,73.5,73.19999694824219,73.19999694824219,48176,0.0,0.0
2025-04-30 01:55:00+00:00,73.19999694824219,73.30000305175781,73.19999694824219,73.19999694824219,25250,0.0,0.0
2025-04-30 02:00:00+00:00,73.30000305175781,73.80000305175781,73.30000305175781,73.5999984741211,52000,0.0,0.0
2025-04-30 02:05:00+00:00,73.5,73.5,73.5,73.5,30022,0.0,0.0
2025-04-30 02:10:00+00:00,73.5,73.69999694824219,73.5,73.69999694824219,7000,0.0,0.0
2025-04-30 02:15:00+00:00,73.5999984741211,73.5999984741211,73.5,73.5999984741211,17050,0.0,0.0
2025-04-30 02:20:00+00:00,73.5,73.5,73.4000015258789,73.5,41000,0.0,0.0
2025-04-30 02:25:00+00:00,73.5999984741211,73.5999984741211,73.4000015258789,73.4000015258789,46538,0.0,0.0
2025-04-30 02:30:00+00:00,73.4000015258789,73.4000015258789,73.4000015258789,73.4000015258789,2000,0.0,0.0
2025-04-30 02:35:00+00:00,73.4000015258789,73.5,73.4000015258789,73.4000015258789,47100,0.0,0.0
2025-04-30 02:40:00+00:00,73.4000015258789,73.4000015258789,73.30000305175781,73.4000015258789,33016,0.0,0.0
2025-04-30 02:45:00+00:00,73.30000305175781,73.30000305175781,73.0,73.0,96715,0.0,0.0
2025-04-30 02:50:00+00:00,73.0,73.0,72.5999984741211,72.69999694824219,184754,0.0,0.0
2025-04-30 02:55:00+00:00,72.5999984741211,72.69999694824219,72.5,72.5999984741211,66989,0.0,0.0
2025-04-30 03:00:00+00:00,72.69999694824219,72.69999694824219,72.5999984741211,72.69999694824219,11000,0.0,0.0
2025-04-30 03:05:00+00:00,72.69999694824219,72.69999694824219,72.5,72.5,31055,0.0,0.0
2025-04-30 03:10:00+00:00,72.5,72.5,72.30000305175781,72.4000015258789,55165,0.0,0.0
2025-04-30 03:15:00+00:00,72.4000015258789,72.4000015258789,72.30000305175781,72.30000305175781,19055,0.0,0.0
2025-04-30 03:20:00+00:00,72.4000015258789,72.4000015258789,72.19999694824219,72.4000015258789,31000,0.0,0.0
2025-04-30 03:25:00+00:00,72.5,72.5999984741211,72.4000015258789,72.5999984741211,14000,0.0,0.0
2025-04-30 03:30:00+00:00,72.5999984741211,72.5999984741211,72.5,72.5,15200,0.0,0.0
2025-04-30 03:35:00+00:00,72.5,72.69999694824219,72.5,72.69999694824219,22600,0.0,0.0
2025-04-30 03:40:00+00:00,72.5999984741211,72.5999984741211,72.5999984741211,72.5999984741211,10080,0.0,0.0
2025-04-30 03:45:00+00:00,72.5999984741211,72.69999694824219,72.5999984741211,72.69999694824219,4070,0.0,0.0
2025-04-30 03:50:00+00:00,72.5999984741211,72.5999984741211,72.5999984741211,72.5999984741211,14001,0.0,0.0
2025-04-30 03:55:00+00:00,72.5,72.5999984741211,72.5,72.5999984741211,18024,0.0,0.0
2025-04-30 04:00:00+00:00,72.5999984741211,72.5999984741211,72.5,72.5999984741211,16230,0.0,0.0
2025-04-30 04:05:00+00:00,72.5999984741211,72.5999984741211,72.5999984741211,72.5999984741211,3000,0.0,0.0
2025-04-30 04:10:00+00:00,72.5999984741211,72.5999984741211,72.5999984741211,72.5999984741211,7164,0.0,0.0
2025-04-30 04:15:00+00:00,72.5999984741211,72.5999984741211,72.5999984741211,72.5999984741211,3000,0.0,0.0
2025-04-30 04:20:00+00:00,72.5999984741211,72.69999694824219,72.5999984741211,72.69999694824219,15321,0.0,0.0
2025-04-30 04:25:00+00:00,72.69999694824219,72.80000305175781,72.69999694824219,72.69999694824219,9317,0.0,0.0
2025-04-30 04:30:00+00:00,72.69999694824219,72.69999694824219,72.5999984741211,72.5999984741211,8000,0.0,0.0
2025-04-30 04:35:00+00:00,72.5999984741211,72.80000305175781,72.5999984741211,72.5999984741211,18180,0.0,0.0
2025-04-30 04:40:00+00:00,72.5999984741211,72.80000305175781,72.5999984741211,72.80000305175781,16006,0.0,0.0
2025-04-30 04:45:00+00:00,72.80000305175781,72.80000305175781,72.5999984741211,72.69999694824219,22000,0.0,0.0
2025-04-30 04:50:00+00:00,72.80000305175781,72.80000305175781,72.69999694824219,72.69999694824219,8000,0.0,0.0
2025-04-30 04:55:00+00:00,72.69999694824219,72.69999694824219,72.5999984741211,72.5999984741211,24070,0.0,0.0
2025-04-30 05:00:00+00:00,72.69999694824219,72.80000305175781,72.69999694824219,72.80000305175781,22000,0.0,0.0
2025-04-30 05:05:00+00:00,72.9000015258789,72.9000015258789,72.69999694824219,72.69999694824219,22062,0.0,0.0
2025-04-30 05:10:00+00:00,72.69999694824219,72.80000305175781,72.5999984741211,72.80000305175781,12000,0.0,0.0
2025-04-30 05:15:00+00:00,72.80000305175781,72.80000305175781,72.69999694824219,72.80000305175781,34393,0.0,0.0
2025-04-30 05:20:00+00:00,72.80000305175781,72.9000015258789,72.69999694824219,72.80000305175781,49445,0.0,0.0
2025-05-02 01:00:00+00:00,73.5,73.5,73.0999984741211,73.30000305175781,0,0.0,0.0
2025-05-02 01:05:00+00:00,73.30000305175781,73.30000305175781,72.9000015258789,73.0999984741211,100000,0.0,0.0
2025-05-02 01:10:00+00:00,73.19999694824219,73.30000305175781,73.0,73.0999984741211,73180,0.0,0.0
2025-05-02 01:15:00+00:00,73.0999984741211,73.19999694824219,72.80000305175781,73.0999984741211,103282,0.0,0.0
2025-05-02 01:20:00+00:00,73.19999694824219,73.19999694824219,73.0,73.0,33465,0.0,0.0
2025-05-02 01:25:00+00:00,73.0,73.0999984741211,72.80000305175781,73.0999984741211,37038,0.0,0.0
2025-05-02 01:30:00+00:00,73.0999984741211,73.0999984741211,72.9000015258789,73.0,61300,0.0,0.0
2025-05-02 01:35:00+00:00,73.0,73.0999984741211,73.0,73.0999984741211,21780,0.0,0.0
2025-05-02 01:40:00+00:00,73.0999984741211,73.5999984741211,73.0,73.19999694824219,124810,0.0,0.0
2025-05-02 01:45:00+00:00,73.30000305175781,73.4000015258789,73.19999694824219,73.30000305175781,27103,0.0,0.0
2025-05-02 01:50:00+00:00,73.4000015258789,73.5,73.30000305175781,73.5,44510,0.0,0.0
2025-05-02 01:55:00+00:00,73.5,73.5999984741211,73.4000015258789,73.4000015258789,14485,0.0,0.0
2025-05-02 02:00:00+00:00,73.4000015258789,73.4000015258789,73.30000305175781,73.4000015258789,18026,0.0,0.0
2025-05-02 02:05:00+00:00,73.4000015258789,73.4000015258789,73.30000305175781,73.4000015258789,26005,0.0,0.0
2025-05-02 02:10:00+00:00,73.4000015258789,73.5,73.4000015258789,73.4000015258789,7100,0.0,0.0
2025-05-02 02:15:00+00:00,73.4000015258789,73.4000015258789,73.30000305175781,73.30000305175781,21032,0.0,0.0
2025-05-02 02:20:00+00:00,73.30000305175781,73.4000015258789,73.30000305175781,73.4000015258789,9107,0.0,0.0
2025-05-02 02:25:00+00:00,73.30000305175781,73.4000015258789,73.30000305175781,73.4000015258789,8000,0.0,0.0
2025-05-02 02:30:00+00:00,73.4000015258789,73.4000015258789,73.30000305175781,73.4000015258789,15150,0.0,0.0
2025-05-02 02:35:00+00:00,73.30000305175781,73.4000015258789,73.30000305175781,73.4000015258789,20051,0.0,0.0
2025-05-02 02:40:00+00:00,73.4000015258789,73.5,73.4000015258789,73.5,15050,0.0,0.0
2025-05-02 02:45:00+00:00,73.5,73.5,73.4000015258789,73.4000015258789,6080,0.0,0.0
2025-05-02 02:50:00+00:00,73.4000015258789,73.4000015258789,73.30000305175781,73.30000305175781,51000,0.0,0.0
2025-05-02 02:55:00+00:00,73.19999694824219,73.4000015258789,73.19999694824219,73.4000015258789,8000,0.0,0.0
2025-05-02 03:00:00+00:00,73.4000015258789,73.4000015258789,73.19999694824219,73.19999694824219,28042,0.0,0.0
2025-05-02 03:05:00+00:00,73.19999694824219,73.30000305175781,73.19999694824219,73.30000305175781,17000,0.0,0.0
2025-05-02 03:10:00+00:00,73.19999694824219,73.19999694824219,73.19999694824219,73.19999694824219,25200,0.0,0.0
2025-05-02 03:15:00+00:00,73.19999694824219,73.19999694824219,73.19999694824219,73.19999694824219,8040,0.0,0.0
2025-05-02 03:20:00+00:00,73.19999694824219,73.19999694824219,73.19999694824219,73.19999694824219,2007,0.0,0.0
2025-05-02 03:25:00+00:00,73.19999694824219,73.30000305175781,73.19999694824219,73.19999694824219,22000,0.0,0.0
2025-05-02 03:30:00+00:00,73.19999694824219,73.19999694824219,73.0999984741211,73.19999694824219,24000,0.0,0.0
2025-05-02 03:35:00+00:00,73.30000305175781,73.4000015258789,73.30000305175781,73.4000015258789,9007,0.0,0.0
2025-05-02 03:40:00+00:00,73.30000305175781,73.4000015258789,73.30000305175781,73.4000015258789,22010,0.0,0.0
2025-05-02 03:45:00+00:00,73.4000015258789,73.5,73.4000015258789,73.5,26047,0.0,0.0
2025-05-02 03:50:00+00:00,73.5,73.5,73.5,73.5,8000,0.0,0.0
2025-05-02 03:55:00+00:00,73.5,73.5999984741211,73.5,73.5999984741211,15116,0.0,0.0
2025-05-02 04:00:00+00:00,73.5999984741211,73.5999984741211,73.5,73.5,18000,0.0,0.0
2025-05-02 04:05:00+00:00,73.5,73.5999984741211,73.4000015258789,73.5999984741211,11074,0.0,0.0
2025-05-02 04:10:00+00:00,73.5,73.5,73.4000015258789,73.4000015258789,9000,0.0,0.0
2025-05-02 04:15:00+00:00,73.5,73.5,73.4000015258789,73.4000015258789,9037,0.0,0.0
2025-05-02 04:20:00+00:00,73.5,73.5999984741211,73.5,73.5999984741211,34000,0.0,0.0
2025-05-02 04:25:00+00:00,73.5999984741211,73.5999984741211,73.5999984741211,73.5999984741211,18000,0.0,0.0
2025-05-02 04:30:00+00:00,73.5999984741211,73.5999984741211,73.5999984741211,73.5999984741211,12000,0.0,0.0
2025-05-02 04:35:00+00:00,73.5999984741211,73.5999984741211,73.5,73.5,10071,0.0,0.0
2025-05-02 04:40:00+00:00,73.5,73.5,73.4000015258789,73.4000015258789,44007,0.0,0.0
2025-05-02 04:45:00+00:00,73.4000015258789,73.5,73.4000015258789,73.5,12120,0.0,0.0
2025-05-02 04:50:00+00:00,73.4000015258789,73.5,73.30000305175781,73.5,18100,0.0,0.0
2025-05-02 04:55:00+00:00,73.4000015258789,73.4000015258789,73.19999694824219,73.4000015258789,93004,0.0,0.0
2025-05-02 05:00:00+00:00,73.30000305175781,73.5,73.30000305175781,73.5,17010,0.0,0.0
2025-05-02 05:05:00+00:00,73.5,73.5999984741211,73.5,73.5999984741211,29010,0.0,0.0
2025-05-02 05:10:00+00:00,73.5999984741211,73.5999984741211,73.5999984741211,73.5999984741211,36116,0.0,0.0
2025-05-02 05:15:00+00:00,73.5999984741211,73.5999984741211,73.5,73.5999984741211,51027,0.0,0.0
2025-05-02 05:20:00+00:00,73.5999984741211,73.80000305175781,73.5999984741211,73.80000305175781,44694,0.0,0.0
2025-05-05 01:00:00+00:00,72.80000305175781,72.80000305175781,70.30000305175781,71.5999984741211,0,0.0,0.0
2025-05-05 01:05:00+00:00,71.69999694824219,71.69999694824219,70.5,70.80000305175781,412000,0.0,0.0
2025-05-05 01:10:00+00:00,70.5,71.19999694824219,70.4000015258789,71.0,119669,0.0,0.0
2025-05-05 01:15:00+00:00,70.80000305175781,71.30000305175781,70.5999984741211,70.9000015258789,106753,0.0,0.0
2025-05-05 01:20:00+00:00,70.9000015258789,71.0,69.0,69.5999984741211,408207,0.0,0.0
2025-05-05 01:25:00+00:00,69.5,69.80000305175781,69.0,69.0,268176,0.0,0.0
2025-05-05 01:30:00+00:00,69.0,69.0,68.69999694824219,68.9000015258789,153963,0.0,0.0
2025-05-05 01:35:00+00:00,68.9000015258789,69.0,68.5999984741211,68.80000305175781,123739,0.0,0.0
2025-05-05 01:40:00+00:00,68.80000305175781,68.80000305175781,68.69999694824219,68.69999694824219,57280,0.0,0.0
2025-05-05 01:45:00+00:00,68.69999694824219,68.69999694824219,68.0999984741211,68.19999694824219,134316,0.0,0.0
2025-05-05 01:50:00+00:00,68.0999984741211,68.30000305175781,67.69999694824219,68.30000305175781,99862,0.0,0.0
2025-05-05 01:55:00+00:00,68.19999694824219,68.19999694824219,67.5999984741211,67.80000305175781,78099,0.0,0.0
2025-05-05 02:00:00+00:00,67.9000015258789,68.0,67.5999984741211,67.5999984741211,66500,0.0,0.0
2025-05-05 02:05:00+00:00,67.5999984741211,67.5999984741211,67.0,67.4000015258789,181084,0.0,0.0
2025-05-05 02:10:00+00:00,67.19999694824219,67.5999984741211,67.0,67.5,69270,0.0,0.0
2025-05-05 02:15:00+00:00,67.5999984741211,67.69999694824219,67.4000015258789,67.4000015258789,38130,0.0,0.0
2025-05-05 02:20:00+00:00,67.4000015258789,67.5,67.0,67.19999694824219,59000,0.0,0.0
2025-05-05 02:25:00+00:00,67.19999694824219,67.4000015258789,67.19999694824219,67.30000305175781,14478,0.0,0.0
2025-05-05 02:30:00+00:00,67.30000305175781,67.30000305175781,66.5,66.5,379217,0.0,0.0
2025-05-05 02:35:00+00:00,66.5,66.5,66.5,66.5,277194,0.0,0.0
2025-05-05 02:40:00+00:00,66.5,66.80000305175781,66.5,66.5,197979,0.0,0.0
2025-05-05 02:45:00+00:00,66.5,66.69999694824219,66.5,66.69999694824219,95829,0.0,0.0
2025-05-05 02:50:00+00:00,66.80000305175781,66.80000305175781,66.5999984741211,66.80000305175781,26000,0.0,0.0
2025-05-05 02:55:00+00:00,66.69999694824219,66.9000015258789,66.5,66.5999984741211,122006,0.0,0.0
2025-05-05 03:00:00+00:00,66.9000015258789,67.4000015258789,66.80000305175781,67.19999694824219,91290,0.0,0.0
2025-05-05 03:05:00+00:00,67.0999984741211,67.5999984741211,67.0999984741211,67.5,65834,0.0,0.0
2025-05-05 03:10:00+00:00,67.5999984741211,67.5999984741211,67.30000305175781,67.4000015258789,54162,0.0,0.0
2025-05-05 03:15:00+00:00,67.4000015258789,67.5999984741211,67.30000305175781,67.30000305175781,30316,0.0,0.0
2025-05-05 03:20:00+00:00,67.19999694824219,68.0,67.19999694824219,67.5999984741211,50000,0.0,0.0
2025-05-05 03:25:00+00:00,67.69999694824219,67.69999694824219,67.5,67.5,27400,0.0,0.0
2025-05-05 03:30:00+00:00,67.5,67.5999984741211,67.4000015258789,67.5999984741211,31200,0.0,0.0
2025-05-05 03:35:00+00:00,67.69999694824219,67.80000305175781,67.5999984741211,67.69999694824219,25297,0.0,0.0
2025-05-05 03:40:00+00:00,67.69999694824219,67.69999694824219,67.4000015258789,67.4000015258789,28500,0.0,0.0
2025-05-05 03:45:00+00:00,67.5999984741211,67.69999694824219,67.19999694824219,67.69999694824219,125000,0.0,0.0
2025-05-05 03:50:00+00:00,67.69999694824219,67.9000015258789,67.5999984741211,67.9000015258789,50336,0.0,0.0
2025-05-05 03:55:00+00:00,67.80000305175781,67.80000305175781,67.80000305175781,67.80000305175781,22249,0.0,0.0
2025-05-05 04:00:00+00:00,67.80000305175781,67.80000305175781,67.69999694824219,67.69999694824219,6819,0.0,0.0
2025-05-05 04:05:00+00:00,67.69999694824219,67.80000305175781,67.69999694824219,67.69999694824219,13055,0.0,0.0
2025-05-05 04:10:00+00:00,67.80000305175781,67.9000015258789,67.5999984741211,67.9000015258789,46307,0.0,0.0
2025-05-05 04:15:00+00:00,67.9000015258789,68.0,67.80000305175781,67.80000305175781,25450,0.0,0.0
2025-05-05 04:20:00+00:00,67.80000305175781,67.80000305175781,67.69999694824219,67.80000305175781,12350,0.0,0.0
2025-05-05 04:25:00+00:00,67.80000305175781,67.80000305175781,67.69999694824219,67.80000305175781,36165,0.0,0.0
2025-05-05 04:30:00+00:00,67.80000305175781,67.9000015258789,67.69999694824219,67.9000015258789,32128,0.0,0.0
2025-05-05 04:35:00+00:00,67.9000015258789,68.19999694824219,67.9000015258789,68.0,53453,0.0,0.0
2025-05-05 04:40:00+00:00,68.0,68.19999694824219,68.0,68.19999694824219,22103,0.0,0.0
2025-05-05 04:45:00+00:00,68.19999694824219,68.19999694824219,68.0,68.0999984741211,20320,0.0,0.0
2025-05-05 04:50:00+00:00,68.0999984741211,68.0999984741211,68.0,68.0,32040,0.0,0.0
2025-05-05 04:55:00+00:00,67.9000015258789,68.0,67.69999694824219,67.69999694824219,40016,0.0,0.0
2025-05-05 05:00:00+00:00,67.69999694824219,67.9000015258789,67.69999694824219,67.9000015258789,17030,0.0,0.0
2025-05-05 05:05:00+00:00,67.9000015258789,67.9000015258789,67.69999694824219,67.9000015258789,37250,0.0,0.0
2025-05-05 05:10:00+00:00,67.9000015258789,67.9000015258789,67.80000305175781,67.9000015258789,20100,0.0,0.0
2025-05-05 05:15:00+00:00,67.80000305175781,67.9000015258789,67.80000305175781,67.80000305175781,28076,0.0,0.0
2025-05-05 05:20:00+00:00,67.80000305175781,67.9000015258789,67.5999984741211,67.69999694824219,66297,0.0,0.0
2025-05-06 01:00:00+00:00,67.80000305175781,68.4000015258789,67.69999694824219,67.9000015258789,0,0.0,0.0
2025-05-06 01:05:00+00:00,67.9000015258789,68.4000015258789,67.9000015258789,68.30000305175781,65000,0.0,0.0
2025-05-06 01:10:00+00:00,68.30000305175781,68.5999984741211,68.0999984741211,68.5999984741211,107689,0.0,0.0
2025-05-06 01:15:00+00:00,68.69999694824219,69.19999694824219,68.69999694824219,69.0,124374,0.0,0.0
2025-05-06 01:20:00+00:00,68.9000015258789,69.0999984741211,68.80000305175781,69.0,84457,0.0,0.0
2025-05-06 01:25:00+00:00,69.0,69.0999984741211,68.9000015258789,69.0,31000,0.0,0.0
2025-05-06 01:30:00+00:00,69.0,69.0999984741211,68.9000015258789,68.9000015258789,41200,0.0,0.0
2025-05-06 01:35:00+00:00,68.9000015258789,69.0,68.9000015258789,69.0,31049,0.0,0.0
2025-05-06 01:40:00+00:00,69.0,69.0999984741211,68.69999694824219,68.69999694824219,54831,0.0,0.0
2025-05-06 01:45:00+00:00,68.69999694824219,68.69999694824219,68.5,68.5,60497,0.0,0.0
2025-05-06 01:50:00+00:00,68.5999984741211,68.69999694824219,68.5999984741211,68.5999984741211,19648,0.0,0.0
2025-05-06 01:55:00+00:00,68.69999694824219,68.69999694824219,68.69999694824219,68.69999694824219,13104,0.0,0.0
2025-05-06 02:00:00+00:00,68.69999694824219,68.69999694824219,68.69999694824219,68.69999694824219,5500,0.0,0.0
2025-05-06 02:05:00+00:00,68.69999694824219,68.80000305175781,68.69999694824219,68.80000305175781,29050,0.0,0.0
2025-05-06 02:10:00+00:00,68.80000305175781,68.80000305175781,68.69999694824219,68.69999694824219,19101,0.0,0.0
2025-05-06 02:15:00+00:00,68.5999984741211,68.69999694824219,68.5999984741211,68.69999694824219,13138,0.0,0.0
2025-05-06 02:20:00+00:00,68.69999694824219,68.69999694824219,68.5999984741211,68.5999984741211,26200,0.0,0.0
2025-05-06 02:25:00+00:00,68.5999984741211,68.5999984741211,68.5,68.5999984741211,16150,0.0,0.0
2025-05-06 02:30:00+00:00,68.69999694824219,68.80000305175781,68.69999694824219,68.69999694824219,16221,0.0,0.0
2025-05-06 02:35:00+00:00,68.69999694824219,68.80000305175781,68.69999694824219,68.80000305175781,15000,0.0,0.0
2025-05-06 02:40:00+00:00,68.69999694824219,68.69999694824219,68.0999984741211,68.69999694824219,104000,0.0,0.0
2025-05-06 02:45:00+00:00,68.5999984741211,68.69999694824219,68.5,68.69999694824219,11000,0.0,0.0
2025-05-06 02:50:00+00:00,68.9000015258789,68.9000015258789,68.80000305175781,68.9000015258789,14219,0.0,0.0
2025-05-06 02:55:00+00:00,68.9000015258789,68.9000015258789,68.80000305175781,68.80000305175781,20065,0.0,0.0
2025-05-06 03:00:00+00:00,68.80000305175781,68.80000305175781,68.80000305175781,68.80000305175781,4406,0.0,0.0
2025-05-06 03:05:00+00:00,68.9000015258789,68.9000015258789,68.9000015258789,68.9000015258789,3000,0.0,0.0
2025-05-06 03:15:00+00:00,68.80000305175781,68.80000305175781,68.69999694824219,68.69999694824219,5337,0.0,0.0
2025-05-06 03:20:00+00:00,68.80000305175781,68.80000305175781,68.80000305175781,68.80000305175781,5517,0.0,0.0
2025-05-06 03:25:00+00:00,68.80000305175781,68.9000015258789,68.80000305175781,68.9000015258789,16000,0.0,0.0
2025-05-06 03:30:00+00:00,68.9000015258789,69.0999984741211,68.9000015258789,69.0999984741211,38000,0.0,0.0
2025-05-06 03:35:00+00:00,69.0999984741211,69.0999984741211,69.0999984741211,69.0999984741211,6500,0.0,0.0
2025-05-06 03:40:00+00:00,69.0999984741211,69.19999694824219,69.0999984741211,69.0999984741211,21000,0.0,0.0
2025-05-06 03:45:00+00:00,69.0999984741211,69.0999984741211,69.0999984741211,69.0999984741211,16000,0.0,0.0
2025-05-06 03:50:00+00:00,69.0,69.0,69.0,69.0,6001,0.0,0.0
2025-05-06 03:55:00+00:00,69.0,69.0,69.0,69.0,6000,0.0,0.0
2025-05-06 04:00:00+00:00,69.0,69.0999984741211,69.0,69.0999984741211,7000,0.0,0.0
2025-05-06 04:05:00+00:00,69.0999984741211,69.0999984741211,69.0,69.0999984741211,7000,0.0,0.0
2025-05-06 04:10:00+00:00,69.19999694824219,69.19999694824219,69.19999694824219,69.19999694824219,2000,0.0,0.0
2025-05-06 04:15:00+00:00,69.19999694824219,69.19999694824219,68.9000015258789,69.0,18311,0.0,0.0
2025-05-06 04:20:00+00:00,69.0,69.0,69.0,69.0,3100,0.0,0.0
2025-05-06 04:25:00+00:00,68.9000015258789,69.0,68.9000015258789,69.0,4000,0.0,0.0
2025-05-06 04:30:00+00:00,69.0,69.0,68.9000015258789,68.9000015258789,17200,0.0,0.0
2025-05-06 04:35:00+00:00,68.80000305175781,68.80000305175781,68.80000305175781,68.80000305175781,2000,0.0,0.0
2025-05-06 04:40:00+00:00,68.80000305175781,68.9000015258789,68.80000305175781,68.9000015258789,4180,0.0,0.0
2025-05-06 04:45:00+00:00,68.80000305175781,68.9000015258789,68.80000305175781,68.9000015258789,3030,0.0,0.0
2025-05-06 04:50:00+00:00,68.9000015258789,68.9000015258789,68.80000305175781,68.80000305175781,9000,0.0,0.0
2025-05-06 04:55:00+00:00,68.80000305175781,68.80000305175781,68.69999694824219,68.80000305175781,7000,0.0,0.0
2025-05-06 05:00:00+00:00,68.80000305175781,68.80000305175781,68.69999694824219,68.69999694824219,5000,0.0,0.0
2025-05-06 05:05:00+00:00,68.69999694824219,68.80000305175781,68.69999694824219,68.69999694824219,9020,0.0,0.0
2025-05-06 05:10:00+00:00,68.69999694824219,68.80000305175781,68.69999694824219,68.80000305175781,18054,0.0,0.0
2025-05-06 05:15:00+00:00,68.9000015258789,68.9000015258789,68.80000305175781,68.9000015258789,28000,0.0,0.0
2025-05-06 05:20:00+00:00,69.0,69.19999694824219,68.9000015258789,69.19999694824219,82377,0.0,0.0
2025-05-07 01:00:00+00:00,69.30000305175781,69.69999694824219,68.9000015258789,69.19999694824219,0,0.0,0.0
2025-05-07 01:05:00+00:00,69.19999694824219,69.5,69.0999984741211,69.4000015258789,70000,0.0,0.0
2025-05-07 01:10:00+00:00,69.5,69.5,69.30000305175781,69.30000305175781,65684,0.0,0.0
2025-05-07 01:15:00+00:00,69.30000305175781,69.4000015258789,69.19999694824219,69.19999694824219,44519,0.0,0.0
2025-05-07 01:20:00+00:00,69.0999984741211,69.0999984741211,68.9000015258789,68.9000015258789,71622,0.0,0.0
2025-05-07 01:25:00+00:00,68.9000015258789,69.0999984741211,68.9000015258789,68.9000015258789,55257,0.0,0.0
2025-05-07 01:30:00+00:00,68.80000305175781,68.80000305175781,68.5,68.5,78873,0.0,0.0
2025-05-07 01:35:00+00:00,68.5,68.5,68.30000305175781,68.4000015258789,53160,0.0,0.0
2025-05-07 01:40:00+00:00,68.4000015258789,68.69999694824219,68.4000015258789,68.69999694824219,31100,0.0,0.0
2025-05-07 01:45:00+00:00,68.80000305175781,69.0,68.69999694824219,69.0,19148,0.0,0.0
2025-05-07 01:50:00+00:00,69.0,69.0,68.9000015258789,69.0,12177,0.0,0.0
2025-05-07 01:55:00+00:00,69.0,69.0,69.0,69.0,14100,0.0,0.0
2025-05-07 02:00:00+00:00,69.0999984741211,69.0999984741211,68.9000015258789,68.9000015258789,30000,0.0,0.0
2025-05-07 02:05:00+00:00,68.9000015258789,69.19999694824219,68.9000015258789,69.0,22000,0.0,0.0
2025-05-07 02:10:00+00:00,69.0999984741211,69.0999984741211,69.0999984741211,69.0999984741211,13000,0.0,0.0
2025-05-07 02:15:00+00:00,69.0999984741211,69.19999694824219,69.0999984741211,69.19999694824219,5000,0.0,0.0
2025-05-07 02:20:00+00:00,69.19999694824219,69.19999694824219,69.0,69.0,9099,0.0,0.0
2025-05-07 02:25:00+00:00,69.0,69.0999984741211,68.9000015258789,69.0999984741211,13430,0.0,0.0
2025-05-07 02:30:00+00:00,69.0999984741211,69.5,69.0999984741211,69.5,54000,0.0,0.0
2025-05-07 02:35:00+00:00,69.4000015258789,69.5999984741211,69.4000015258789,69.5,39000,0.0,0.0
2025-05-07 02:40:00+00:00,69.5,69.5,69.19999694824219,69.19999694824219,14580,0.0,0.0
2025-05-07 02:45:00+00:00,69.19999694824219,69.19999694824219,69.0999984741211,69.0999984741211,7010,0.0,0.0
2025-05-07 02:50:00+00:00,69.0999984741211,69.0999984741211,69.0,69.0999984741211,9750,0.0,0.0
2025-05-07 03:00:00+00:00,69.0999984741211,69.19999694824219,69.0999984741211,69.19999694824219,4500,0.0,0.0
2025-05-07 03:05:00+00:00,69.19999694824219,69.19999694824219,69.19999694824219,69.19999694824219,4000,0.0,0.0
2025-05-07 03:10:00+00:00,69.19999694824219,69.19999694824219,69.19999694824219,69.19999694824219,2000,0.0,0.0
2025-05-07 03:15:00+00:00,69.0999984741211,69.0999984741211,69.0999984741211,69.0999984741211,4043,0.0,0.0
2025-05-07 03:20:00+00:00,69.0999984741211,69.19999694824219,69.0999984741211,69.0999984741211,11045,0.0,0.0
2025-05-07 03:25:00+00:00,69.19999694824219,69.19999694824219,69.19999694824219,69.19999694824219,7088,0.0,0.0
2025-05-07 03:30:00+00:00,69.19999694824219,69.19999694824219,69.19999694824219,69.19999694824219,3000,0.0,0.0
2025-05-07 03:40:00+00:00,69.0999984741211,69.0999984741211,69.0999984741211,69.0999984741211,1200,0.0,0.0
2025-05-07 03:45:00+00:00,69.0999984741211,69.0999984741211,69.0,69.0,12000,0.0,0.0
2025-05-07 03:50:00+00:00,69.0999984741211,69.0999984741211,69.0999984741211,69.0999984741211,1005,0.0,0.0
2025-05-07 03:55:00+00:00,69.0,69.0,69.0,69.0,13100,0.0,0.0
2025-05-07 04:00:00+00:00,68.9000015258789,69.0,68.80000305175781,69.0,28597,0.0,0.0
2025-05-07 04:05:00+00:00,69.0,69.0,69.0,69.0,5000,0.0,0.0
2025-05-07 04:10:00+00:00,68.9000015258789,69.0,68.80000305175781,68.80000305175781,10100,0.0,0.0
2025-05-07 04:15:00+00:00,68.80000305175781,69.0,68.80000305175781,69.0,10150,0.0,0.0
2025-05-07 04:20:00+00:00,69.0,69.0999984741211,69.0,69.0999984741211,2023,0.0,0.0
2025-05-07 04:25:00+00:00,69.0999984741211,69.0999984741211,69.0,69.0,5000,0.0,0.0
2025-05-07 04:30:00+00:00,69.0,69.0999984741211,69.0,69.0,3009,0.0,0.0
2025-05-07 04:35:00+00:00,69.0,69.0,69.0,69.0,5000,0.0,0.0
2025-05-07 04:40:00+00:00,69.0,69.0,68.9000015258789,69.0,14223,0.0,0.0
2025-05-07 04:45:00+00:00,68.9000015258789,69.0,68.80000305175781,69.0,15003,0.0,0.0
2025-05-07 04:50:00+00:00,69.0,69.0999984741211,69.0,69.0999984741211,7097,0.0,0.0
2025-05-07 04:55:00+00:00,69.0999984741211,69.19999694824219,69.0999984741211,69.19999694824219,9100,0.0,0.0
2025-05-07 05:00:00+00:00,69.0999984741211,69.0999984741211,68.9000015258789,69.0,37126,0.0,0.0
2025-05-07 05:05:00+00:00,68.9000015258789,68.9000015258789,68.9000015258789,68.9000015258789,1000,0.0,0.0
2025-05-07 05:10:00+00:00,69.0,69.0999984741211,68.9000015258789,69.0999984741211,32470,0.0,0.0
2025-05-07 05:15:00+00:00,69.0,69.0,69.0,69.0,14000,0.0,0.0
2025-05-07 05:20:00+00:00,69.0,69.0999984741211,69.0,69.0,16976,0.0,0.0
2025-05-08 01:00:00+00:00,70.9000015258789,71.5999984741211,70.9000015258789,71.0999984741211,0,0.0,0.0
2025-05-08 01:05:00+00:00,71.0,71.5999984741211,71.0,71.5,169369,0.0,0.0
2025-05-08 01:10:00+00:00,71.5,72.0999984741211,71.5,71.5,180129,0.0,0.0
2025-05-08 01:15:00+00:00,71.5,71.5,71.30000305175781,71.4000015258789,71705,0.0,0.0
2025-05-08 01:20:00+00:00,71.4000015258789,71.69999694824219,71.30000305175781,71.5999984741211,73758,0.0,0.0
2025-05-08 01:40:00+00:00,70.9000015258789,71.0999984741211,70.80000305175781,71.0,236019,0.0,0.0
2025-05-08 01:45:00+00:00,71.0999984741211,71.30000305175781,71.0999984741211,71.0999984741211,67068,0.0,0.0
2025-05-08 01:50:00+00:00,71.19999694824219,71.19999694824219,70.80000305175781,70.80000305175781,23010,0.0,0.0
2025-05-08 01:55:00+00:00,70.9000015258789,70.9000015258789,70.80000305175781,70.9000015258789,14020,0.0,0.0
2025-05-08 02:00:00+00:00,70.80000305175781,70.80000305175781,70.69999694824219,70.80000305175781,20000,0.0,0.0
2025-05-08 02:05:00+00:00,70.80000305175781,70.80000305175781,70.69999694824219,70.69999694824219,14500,0.0,0.0
2025-05-08 02:10:00+00:00,70.69999694824219,70.80000305175781,70.5999984741211,70.5999984741211,38174,0.0,0.0
2025-05-08 02:15:00+00:00,70.5999984741211,70.5999984741211,70.4000015258789,70.5,24020,0.0,0.0
2025-05-08 02:20:00+00:00,70.5,70.5999984741211,70.5,70.5,15000,0.0,0.0
2025-05-08 02:25:00+00:00,70.5,70.80000305175781,70.5,70.80000305175781,18000,0.0,0.0
2025-05-08 02:30:00+00:00,70.80000305175781,70.9000015258789,70.69999694824219,70.69999694824219,14132,0.0,0.0
2025-05-08 02:35:00+00:00,70.69999694824219,70.69999694824219,70.5999984741211,70.5999984741211,6000,0.0,0.0
2025-05-08 02:40:00+00:00,70.5999984741211,70.69999694824219,70.5999984741211,70.69999694824219,3120,0.0,0.0
2025-05-08 02:45:00+00:00,70.80000305175781,70.80000305175781,70.69999694824219,70.69999694824219,9000,0.0,0.0
2025-05-08 02:50:00+00:00,70.69999694824219,70.69999694824219,70.5999984741211,70.5999984741211,18507,0.0,0.0
2025-05-08 02:55:00+00:00,70.5,70.5,70.5,70.5,2000,0.0,0.0
2025-05-08 03:00:00+00:00,70.5999984741211,70.5999984741211,70.5999984741211,70.5999984741211,9000,0.0,0.0
2025-05-08 03:05:00+00:00,70.5999984741211,70.69999694824219,70.5999984741211,70.69999694824219,8000,0.0,0.0
2025-05-08 03:10:00+00:00,70.5999984741211,70.80000305175781,70.5999984741211,70.69999694824219,12000,0.0,0.0
2025-05-08 03:15:00+00:00,70.69999694824219,70.80000305175781,70.69999694824219,70.80000305175781,8000,0.0,0.0
2025-05-08 03:20:00+00:00,70.80000305175781,70.80000305175781,70.69999694824219,70.69999694824219,8196,0.0,0.0
2025-05-08 03:25:00+00:00,70.69999694824219,70.80000305175781,70.5999984741211,70.69999694824219,11083,0.0,0.0
2025-05-08 03:30:00+00:00,70.69999694824219,70.69999694824219,70.5999984741211,70.69999694824219,0,0.0,0.0
2025-05-08 03:35:00+00:00,70.5999984741211,70.69999694824219,70.5,70.5,602992,0.0,0.0
2025-05-08 03:40:00+00:00,70.5,70.5999984741211,70.5,70.5,27304,0.0,0.0
2025-05-08 03:45:00+00:00,70.69999694824219,70.69999694824219,70.5,70.5999984741211,7100,0.0,0.0
2025-05-08 03:50:00+00:00,70.5,70.5999984741211,70.5,70.5999984741211,7006,0.0,0.0
2025-05-08 03:55:00+00:00,70.5,70.5,70.4000015258789,70.5,23815,0.0,0.0
2025-05-08 04:00:00+00:00,70.5,70.5999984741211,70.5,70.5999984741211,6000,0.0,0.0
2025-05-08 04:05:00+00:00,70.5999984741211,70.5999984741211,70.5999984741211,70.5999984741211,9000,0.0,0.0
2025-05-08 04:10:00+00:00,70.5999984741211,70.69999694824219,70.5999984741211,70.69999694824219,10033,0.0,0.0
2025-05-08 04:15:00+00:00,70.5999984741211,70.69999694824219,70.5999984741211,70.5999984741211,8050,0.0,0.0
2025-05-08 04:20:00+00:00,70.69999694824219,70.80000305175781,70.5999984741211,70.80000305175781,27017,0.0,0.0
2025-05-08 04:25:00+00:00,70.80000305175781,70.80000305175781,70.80000305175781,70.80000305175781,14000,0.0,0.0
2025-05-08 04:30:00+00:00,70.80000305175781,70.9000015258789,70.69999694824219,70.69999694824219,17007,0.0,0.0
2025-05-08 04:35:00+00:00,70.69999694824219,70.69999694824219,70.69999694824219,70.69999694824219,13000,0.0,0.0
2025-05-08 04:40:00+00:00,70.69999694824219,70.69999694824219,70.69999694824219,70.69999694824219,10236,0.0,0.0
2025-05-08 04:45:00+00:00,70.80000305175781,70.80000305175781,70.80000305175781,70.80000305175781,7115,0.0,0.0
2025-05-08 04:50:00+00:00,70.69999694824219,70.80000305175781,70.69999694824219,70.69999694824219,23104,0.0,0.0
2025-05-08 04:55:00+00:00,70.69999694824219,70.69999694824219,70.69999694824219,70.69999694824219,4150,0.0,0.0
2025-05-08 05:00:00+00:00,70.69999694824219,70.69999694824219,70.5999984741211,70.5999984741211,21000,0.0,0.0
2025-05-08 05:05:00+00:00,70.5999984741211,70.69999694824219,70.5999984741211,70.69999694824219,23150,0.0,0.0
2025-05-08 05:10:00+00:00,70.69999694824219,70.69999694824219,70.5999984741211,70.5999984741211,4100,0.0,0.0
2025-05-08 05:15:00+00:00,70.5999984741211,70.69999694824219,70.5999984741211,70.5999984741211,24087,0.0,0.0
2025-05-08 05:20:00+00:00,70.5999984741211,70.80000305175781,70.5999984741211,70.80000305175781,60137,0.0,0.0
2025-05-09 01:00:00+00:00,71.5,71.5999984741211,70.9000015258789,70.9000015258789,0,0.0,0.0
2025-05-09 01:05:00+00:00,71.19999694824219,71.5999984741211,71.19999694824219,71.4000015258789,62028,0.0,0.0
2025-05-09 01:10:00+00:00,71.4000015258789,71.5,71.30000305175781,71.4000015258789,56996,0.0,0.0
2025-05-09 01:15:00+00:00,71.30000305175781,71.30000305175781,71.0999984741211,71.0999984741211,25000,0.0,0.0
2025-05-09 01:20:00+00:00,71.0999984741211,71.0999984741211,71.0,71.0999984741211,39348,0.0,0.0
2025-05-09 01:25:00+00:00,71.0,71.0,70.80000305175781,70.9000015258789,34069,0.0,0.0
2025-05-09 01:30:00+00:00,71.0,71.0,70.80000305175781,71.0,24000,0.0,0.0
2025-05-09 01:35:00+00:00,70.9000015258789,71.0,70.80000305175781,71.0,13460,0.0,0.0
2025-05-09 01:40:00+00:00,70.9000015258789,71.0,70.9000015258789,70.9000015258789,9010,0.0,0.0
2025-05-09 01:45:00+00:00,70.80000305175781,70.9000015258789,70.80000305175781,70.9000015258789,9160,0.0,0.0
2025-05-09 01:50:00+00:00,70.80000305175781,70.9000015258789,70.80000305175781,70.80000305175781,13000,0.0,0.0
2025-05-09 01:55:00+00:00,70.69999694824219,70.69999694824219,70.5999984741211,70.5999984741211,24429,0.0,0.0
2025-05-09 02:00:00+00:00,70.69999694824219,70.69999694824219,70.5999984741211,70.5999984741211,22472,0.0,0.0
2025-05-09 02:05:00+00:00,70.5,70.5999984741211,70.5,70.5999984741211,13001,0.0,0.0
2025-05-09 02:10:00+00:00,70.69999694824219,70.69999694824219,70.69999694824219,70.69999694824219,4000,0.0,0.0
2025-05-09 02:15:00+00:00,70.69999694824219,70.69999694824219,70.5999984741211,70.5999984741211,3000,0.0,0.0
2025-05-09 02:20:00+00:00,70.69999694824219,70.80000305175781,70.69999694824219,70.80000305175781,8010,0.0,0.0
2025-05-09 02:25:00+00:00,70.80000305175781,70.80000305175781,70.80000305175781,70.80000305175781,8150,0.0,0.0
2025-05-09 02:30:00+00:00,70.9000015258789,71.0,70.9000015258789,70.9000015258789,25105,0.0,0.0
2025-05-09 02:35:00+00:00,70.9000015258789,71.0999984741211,70.9000015258789,71.0,42270,0.0,0.0
2025-05-09 02:40:00+00:00,71.0999984741211,71.0999984741211,71.0999984741211,71.0999984741211,20000,0.0,0.0
2025-05-09 02:45:00+00:00,71.0999984741211,71.19999694824219,71.0999984741211,71.19999694824219,31000,0.0,0.0
2025-05-09 02:50:00+00:00,71.19999694824219,71.19999694824219,71.19999694824219,71.19999694824219,26000,0.0,0.0
2025-05-09 02:55:00+00:00,71.19999694824219,71.19999694824219,71.19999694824219,71.19999694824219,6000,0.0,0.0
2025-05-09 03:00:00+00:00,71.0999984741211,71.19999694824219,71.0999984741211,71.19999694824219,10000,0.0,0.0
2025-05-09 03:05:00+00:00,71.19999694824219,71.19999694824219,71.19999694824219,71.19999694824219,9000,0.0,0.0
2025-05-09 03:10:00+00:00,71.19999694824219,71.30000305175781,71.19999694824219,71.30000305175781,44829,0.0,0.0
2025-05-09 03:15:00+00:00,71.30000305175781,71.30000305175781,71.0,71.0999984741211,44010,0.0,0.0
2025-05-09 03:25:00+00:00,71.0999984741211,71.0999984741211,71.0999984741211,71.0999984741211,1020,0.0,0.0
2025-05-09 03:30:00+00:00,71.0999984741211,71.19999694824219,71.0,71.19999694824219,16225,0.0,0.0
2025-05-09 03:35:00+00:00,71.19999694824219,71.30000305175781,71.19999694824219,71.30000305175781,23000,0.0,0.0
2025-05-09 03:40:00+00:00,71.30000305175781,71.4000015258789,71.30000305175781,71.4000015258789,6000,0.0,0.0
2025-05-09 03:45:00+00:00,71.30000305175781,71.30000305175781,71.30000305175781,71.30000305175781,5000,0.0,0.0
2025-05-09 03:50:00+00:00,71.30000305175781,71.30000305175781,71.19999694824219,71.30000305175781,21000,0.0,0.0
2025-05-09 03:55:00+00:00,71.30000305175781,71.4000015258789,71.0999984741211,71.19999694824219,26240,0.0,0.0
2025-05-09 04:00:00+00:00,71.19999694824219,71.4000015258789,71.19999694824219,71.30000305175781,50000,0.0,0.0
2025-05-09 04:05:00+00:00,71.4000015258789,71.4000015258789,71.30000305175781,71.4000015258789,18148,0.0,0.0
2025-05-09 04:10:00+00:00,71.4000015258789,71.5,71.4000015258789,71.5,14000,0.0,0.0
2025-05-09 04:15:00+00:00,71.4000015258789,71.4000015258789,71.4000015258789,71.4000015258789,29486,0.0,0.0
2025-05-09 04:20:00+00:00,71.4000015258789,71.4000015258789,71.30000305175781,71.4000015258789,25000,0.0,0.0
2025-05-09 04:25:00+00:00,71.4000015258789,71.80000305175781,71.4000015258789,71.80000305175781,101642,0.0,0.0
2025-05-09 04:30:00+00:00,71.69999694824219,71.69999694824219,71.5999984741211,71.5999984741211,28016,0.0,0.0
2025-05-09 04:35:00+00:00,71.5999984741211,71.5999984741211,71.5,71.5,35234,0.0,0.0
2025-05-09 04:40:00+00:00,71.5,71.5999984741211,71.5,71.5999984741211,24216,0.0,0.0
2025-05-09 04:45:00+00:00,71.69999694824219,71.69999694824219,71.69999694824219,71.69999694824219,1030,0.0,0.0
2025-05-09 04:50:00+00:00,71.69999694824219,71.80000305175781,71.5999984741211,71.80000305175781,36000,0.0,0.0
2025-05-09 04:55:00+00:00,71.69999694824219,71.80000305175781,71.69999694824219,71.69999694824219,31001,0.0,0.0
2025-05-09 05:00:00+00:00,71.69999694824219,71.80000305175781,71.69999694824219,71.80000305175781,8169,0.0,0.0
2025-05-09 05:05:00+00:00,71.69999694824219,71.80000305175781,71.69999694824219,71.80000305175781,37041,0.0,0.0
2025-05-09 05:10:00+00:00,71.80000305175781,72.0,71.80000305175781,72.0,34220,0.0,0.0
2025-05-09 05:15:00+00:00,72.0,72.30000305175781,72.0,72.0,109552,0.0,0.0
2025-05-09 05:20:00+00:00,71.9000015258789,72.0,71.69999694824219,71.69999694824219,55277,0.0,0.0
2025-05-12 01:00:00+00:00,72.5,72.80000305175781,72.4000015258789,72.5999984741211,0,0.0,0.0
2025-05-12 01:05:00+00:00,72.5999984741211,73.0,72.5,73.0,114000,0.0,0.0
2025-05-12 01:10:00+00:00,73.0,73.19999694824219,72.5999984741211,72.80000305175781,114902,0.0,0.0
2025-05-12 01:15:00+00:00,72.9000015258789,73.30000305175781,72.9000015258789,73.0999984741211,91284,0.0,0.0
2025-05-12 01:20:00+00:00,73.0999984741211,73.30000305175781,72.9000015258789,73.19999694824219,80405,0.0,0.0
2025-05-12 01:25:00+00:00,73.19999694824219,73.30000305175781,73.19999694824219,73.30000305175781,29090,0.0,0.0
2025-05-12 01:30:00+00:00,73.4000015258789,73.80000305175781,73.0999984741211,73.69999694824219,148049,0.0,0.0
2025-05-12 01:35:00+00:00,73.69999694824219,74.5999984741211,73.5999984741211,74.5,287005,0.0,0.0
2025-05-12 01:40:00+00:00,74.5999984741211,74.5999984741211,74.0999984741211,74.4000015258789,194828,0.0,0.0
2025-05-12 01:45:00+00:00,74.4000015258789,74.5,74.19999694824219,74.19999694824219,132693,0.0,0.0
2025-05-12 01:50:00+00:00,74.19999694824219,74.19999694824219,74.0999984741211,74.0999984741211,68000,0.0,0.0
2025-05-12 01:55:00+00:00,74.0999984741211,74.19999694824219,74.0,74.19999694824219,40624,0.0,0.0
2025-05-12 02:00:00+00:00,74.30000305175781,74.5,74.30000305175781,74.4000015258789,48064,0.0,0.0
2025-05-12 02:05:00+00:00,74.30000305175781,74.30000305175781,74.19999694824219,74.19999694824219,24352,0.0,0.0
2025-05-12 02:10:00+00:00,74.19999694824219,74.30000305175781,74.0,74.0,91050,0.0,0.0
2025-05-12 02:15:00+00:00,74.0,74.19999694824219,74.0,74.0999984741211,54359,0.0,0.0
2025-05-12 02:20:00+00:00,74.0999984741211,74.30000305175781,74.0999984741211,74.19999694824219,18657,0.0,0.0
2025-05-12 02:25:00+00:00,74.19999694824219,74.30000305175781,74.19999694824219,74.19999694824219,9011,0.0,0.0
2025-05-12 02:30:00+00:00,74.30000305175781,74.30000305175781,74.30000305175781,74.30000305175781,21935,0.0,0.0
2025-05-12 02:35:00+00:00,74.30000305175781,74.30000305175781,74.19999694824219,74.30000305175781,24031,0.0,0.0
2025-05-12 02:40:00+00:00,74.30000305175781,74.30000305175781,74.19999694824219,74.19999694824219,22110,0.0,0.0
2025-05-12 02:45:00+00:00,74.19999694824219,74.19999694824219,74.19999694824219,74.19999694824219,6000,0.0,0.0
2025-05-12 02:50:00+00:00,74.19999694824219,74.19999694824219,74.19999694824219,74.19999694824219,9000,0.0,0.0
2025-05-12 02:55:00+00:00,74.19999694824219,74.19999694824219,74.0999984741211,74.19999694824219,7735,0.0,0.0
2025-05-12 03:00:00+00:00,74.19999694824219,74.19999694824219,74.0999984741211,74.0999984741211,6001,0.0,0.0
2025-05-12 03:05:00+00:00,74.19999694824219,74.19999694824219,74.0999984741211,74.0999984741211,7004,0.0,0.0
2025-05-12 03:10:00+00:00,74.19999694824219,74.19999694824219,74.0999984741211,74.0999984741211,9010,0.0,0.0
2025-05-12 03:15:00+00:00,74.0999984741211,74.19999694824219,74.0999984741211,74.19999694824219,8468,0.0,0.0
2025-05-12 03:20:00+00:00,74.19999694824219,74.19999694824219,74.0,74.0999984741211,30000,0.0,0.0
2025-05-12 03:25:00+00:00,74.0999984741211,74.19999694824219,74.0,74.0999984741211,42060,0.0,0.0
2025-05-12 03:30:00+00:00,74.0999984741211,74.30000305175781,74.0999984741211,74.30000305175781,23142,0.0,0.0
2025-05-12 03:35:00+00:00,74.30000305175781,74.30000305175781,74.19999694824219,74.30000305175781,5050,0.0,0.0
2025-05-12 03:40:00+00:00,74.30000305175781,74.30000305175781,74.19999694824219,74.19999694824219,3000,0.0,0.0
2025-05-12 03:45:00+00:00,74.19999694824219,74.19999694824219,74.19999694824219,74.19999694824219,12000,0.0,0.0
2025-05-12 03:50:00+00:00,74.19999694824219,74.19999694824219,74.19999694824219,74.19999694824219,7000,0.0,0.0
2025-05-12 03:55:00+00:00,74.19999694824219,74.19999694824219,74.0999984741211,74.0999984741211,8135,0.0,0.0
2025-05-12 04:00:00+00:00,74.0999984741211,74.0999984741211,74.0999984741211,74.0999984741211,1000,0.0,0.0
2025-05-12 04:05:00+00:00,74.0999984741211,74.19999694824219,74.0999984741211,74.19999694824219,3012,0.0,0.0
2025-05-12 04:10:00+00:00,74.19999694824219,74.19999694824219,74.0999984741211,74.0999984741211,14104,0.0,0.0
2025-05-12 04:15:00+00:00,74.0999984741211,74.19999694824219,74.0999984741211,74.19999694824219,14498,0.0,0.0
2025-05-12 04:20:00+00:00,74.19999694824219,74.19999694824219,74.0,74.0999984741211,23770,0.0,0.0
2025-05-12 04:25:00+00:00,74.19999694824219,74.30000305175781,74.0999984741211,74.30000305175781,85508,0.0,0.0
2025-05-12 04:30:00+00:00,74.4000015258789,74.5,74.30000305175781,74.4000015258789,75207,0.0,0.0
2025-05-12 04:35:00+00:00,74.4000015258789,74.5,74.4000015258789,74.4000015258789,14450,0.0,0.0
2025-05-12 04:40:00+00:00,74.4000015258789,74.4000015258789,74.4000015258789,74.4000015258789,13028,0.0,0.0
2025-05-12 04:45:00+00:00,74.4000015258789,74.5999984741211,74.4000015258789,74.5999984741211,32245,0.0,0.0
2025-05-12 04:50:00+00:00,74.5999984741211,74.5999984741211,74.5,74.5,22000,0.0,0.0
2025-05-12 04:55:00+00:00,74.5999984741211,74.5999984741211,74.5,74.5,20001,0.0,0.0
2025-05-12 05:00:00+00:00,74.5,74.5,74.4000015258789,74.4000015258789,44272,0.0,0.0
2025-05-12 05:05:00+00:00,74.4000015258789,74.4000015258789,74.4000015258789,74.4000015258789,9000,0.0,0.0
2025-05-12 05:10:00+00:00,74.4000015258789,74.4000015258789,74.30000305175781,74.30000305175781,30175,0.0,0.0
2025-05-12 05:15:00+00:00,74.30000305175781,74.4000015258789,74.30000305175781,74.30000305175781,12100,0.0,0.0
2025-05-12 05:20:00+00:00,74.4000015258789,74.4000015258789,74.19999694824219,74.19999694824219,86275,0.0,0.0
2025-05-13 01:00:00+00:00,76.0999984741211,76.5999984741211,75.5999984741211,75.80000305175781,0,0.0,0.0
2025-05-13 01:05:00+00:00,75.80000305175781,75.80000305175781,75.30000305175781,75.4000015258789,122000,0.0,0.0
2025-05-13 01:10:00+00:00,75.5,75.5999984741211,75.4000015258789,75.4000015258789,80407,0.0,0.0
2025-05-13 01:15:00+00:00,75.4000015258789,75.5999984741211,75.0999984741211,75.19999694824219,91949,0.0,0.0
2025-05-13 01:20:00+00:00,75.19999694824219,75.19999694824219,75.0,75.0999984741211,134257,0.0,0.0
2025-05-13 01:25:00+00:00,75.0999984741211,75.19999694824219,74.80000305175781,75.0999984741211,134379,0.0,0.0
2025-05-13 01:30:00+00:00,75.0999984741211,75.0999984741211,75.0,75.0,61365,0.0,0.0
2025-05-13 01:35:00+00:00,75.0,75.0,74.5,74.5,87116,0.0,0.0
2025-05-13 01:40:00+00:00,74.5,74.80000305175781,74.5,74.69999694824219,58352,0.0,0.0
2025-05-13 01:45:00+00:00,74.69999694824219,74.69999694824219,74.5,74.5999984741211,55119,0.0,0.0
2025-05-13 01:50:00+00:00,74.5999984741211,74.69999694824219,74.5999984741211,74.5999984741211,48580,0.0,0.0
2025-05-13 01:55:00+00:00,74.5,74.5,74.19999694824219,74.5,100300,0.0,0.0
2025-05-13 02:00:00+00:00,74.5,74.5999984741211,74.4000015258789,74.4000015258789,14134,0.0,0.0
2025-05-13 02:05:00+00:00,74.5,74.5,74.4000015258789,74.5,25183,0.0,0.0
2025-05-13 02:10:00+00:00,74.4000015258789,74.5,74.0999984741211,74.0999984741211,72482,0.0,0.0
2025-05-13 02:15:00+00:00,74.0999984741211,74.0999984741211,73.9000015258789,74.0,134694,0.0,0.0
2025-05-13 02:20:00+00:00,73.9000015258789,74.19999694824219,73.9000015258789,74.19999694824219,38923,0.0,0.0
2025-05-13 02:25:00+00:00,74.0999984741211,74.0999984741211,74.0,74.0,9000,0.0,0.0
2025-05-13 02:30:00+00:00,74.0,74.0999984741211,74.0,74.0999984741211,18104,0.0,0.0
2025-05-13 02:35:00+00:00,74.0999984741211,74.19999694824219,74.0999984741211,74.19999694824219,17425,0.0,0.0
2025-05-13 02:40:00+00:00,74.19999694824219,74.19999694824219,74.0999984741211,74.0999984741211,24395,0.0,0.0
2025-05-13 02:45:00+00:00,74.19999694824219,74.30000305175781,74.0,74.0,71000,0.0,0.0
2025-05-13 02:50:00+00:00,73.9000015258789,74.0,73.9000015258789,74.0,7180,0.0,0.0
2025-05-13 02:55:00+00:00,74.0,74.0999984741211,73.9000015258789,73.9000015258789,3099,0.0,0.0
2025-05-13 03:00:00+00:00,74.0,74.0,73.69999694824219,73.69999694824219,85566,0.0,0.0
2025-05-13 03:05:00+00:00,73.69999694824219,73.80000305175781,73.4000015258789,73.80000305175781,122802,0.0,0.0
2025-05-13 03:10:00+00:00,73.80000305175781,73.80000305175781,73.80000305175781,73.80000305175781,7100,0.0,0.0
2025-05-13 03:15:00+00:00,73.69999694824219,73.80000305175781,73.5,73.5999984741211,22004,0.0,0.0
2025-05-13 03:20:00+00:00,73.5999984741211,73.69999694824219,73.5999984741211,73.5999984741211,11256,0.0,0.0
2025-05-13 03:25:00+00:00,73.5999984741211,73.80000305175781,73.5999984741211,73.5999984741211,40000,0.0,0.0
2025-05-13 03:30:00+00:00,73.5,73.69999694824219,73.5,73.69999694824219,53003,0.0,0.0
2025-05-13 03:35:00+00:00,73.69999694824219,73.69999694824219,73.69999694824219,73.69999694824219,7018,0.0,0.0
2025-05-13 03:40:00+00:00,73.5999984741211,73.5999984741211,73.5,73.5,17000,0.0,0.0
2025-05-13 03:45:00+00:00,73.5,73.5999984741211,73.5,73.5999984741211,19012,0.0,0.0
2025-05-13 03:50:00+00:00,73.5999984741211,73.5999984741211,73.5,73.5999984741211,3100,0.0,0.0
2025-05-13 03:55:00+00:00,73.5999984741211,73.69999694824219,73.5,73.5,25032,0.0,0.0
2025-05-13 04:00:00+00:00,73.5999984741211,73.5999984741211,73.5,73.5,6651,0.0,0.0
2025-05-13 04:05:00+00:00,73.69999694824219,73.69999694824219,73.69999694824219,73.69999694824219,1000,0.0,0.0
2025-05-13 04:10:00+00:00,73.69999694824219,73.69999694824219,73.5999984741211,73.69999694824219,5502,0.0,0.0
2025-05-13 04:15:00+00:00,73.5999984741211,73.5999984741211,73.5,73.5,24044,0.0,0.0
2025-05-13 04:20:00+00:00,73.5,73.5999984741211,73.5,73.5999984741211,12010,0.0,0.0
2025-05-13 04:25:00+00:00,73.5,73.5999984741211,73.5,73.5,7905,0.0,0.0
2025-05-13 04:30:00+00:00,73.5,73.5,73.5,73.5,29500,0.0,0.0
2025-05-13 04:35:00+00:00,73.5999984741211,73.5999984741211,73.5,73.5,25060,0.0,0.0
2025-05-13 04:40:00+00:00,73.5999984741211,73.5999984741211,73.5,73.5,5050,0.0,0.0
2025-05-13 04:45:00+00:00,73.5,73.5999984741211,73.5,73.5999984741211,15046,0.0,0.0
2025-05-13 04:50:00+00:00,73.5,73.5999984741211,73.5,73.5999984741211,14684,0.0,0.0
2025-05-13 04:55:00+00:00,73.5,73.5999984741211,73.5,73.5999984741211,9520,0.0,0.0
2025-05-13 05:00:00+00:00,73.69999694824219,74.0,73.69999694824219,73.9000015258789,41184,0.0,0.0
2025-05-13 05:05:00+00:00,73.80000305175781,73.80000305175781,73.69999694824219,73.69999694824219,21274,0.0,0.0
2025-05-13 05:10:00+00:00,73.69999694824219,73.80000305175781,73.5999984741211,73.5999984741211,38130,0.0,0.0
2025-05-13 05:15:00+00:00,73.5999984741211,73.80000305175781,73.5999984741211,73.80000305175781,20038,0.0,0.0
2025-05-13 05:20:00+00:00,73.69999694824219,73.80000305175781,73.5999984741211,73.69999694824219,29321,0.0,0.0
2025-05-14 01:00:00+00:00,74.80000305175781,74.80000305175781,73.80000305175781,74.0,0,0.0,0.0
2025-05-14 01:05:00+00:00,74.0,74.19999694824219,73.9000015258789,74.0,61630,0.0,0.0
2025-05-14 01:10:00+00:00,73.9000015258789,74.0,73.80000305175781,74.0,50180,0.0,0.0
2025-05-14 01:15:00+00:00,73.9000015258789,74.0,73.80000305175781,73.80000305175781,52130,0.0,0.0
2025-05-14 01:20:00+00:00,74.0,74.0999984741211,74.0,74.0999984741211,25234,0.0,0.0
2025-05-14 01:25:00+00:00,74.0,74.4000015258789,74.0,74.30000305175781,17438,0.0,0.0
2025-05-14 01:30:00+00:00,74.4000015258789,74.5,74.30000305175781,74.4000015258789,33186,0.0,0.0
2025-05-14 01:35:00+00:00,74.30000305175781,74.30000305175781,74.19999694824219,74.30000305175781,20122,0.0,0.0
2025-05-14 01:40:00+00:00,74.30000305175781,74.4000015258789,74.30000305175781,74.4000015258789,17290,0.0,0.0
2025-05-14 01:45:00+00:00,74.4000015258789,74.5,74.4000015258789,74.5,46391,0.0,0.0
2025-05-14 01:50:00+00:00,74.5,74.5999984741211,74.5,74.5999984741211,45127,0.0,0.0
2025-05-14 01:55:00+00:00,74.5999984741211,74.5999984741211,74.5999984741211,74.5999984741211,22149,0.0,0.0
2025-05-14 02:00:00+00:00,74.5999984741211,74.5999984741211,74.5,74.5,22190,0.0,0.0
2025-05-14 02:05:00+00:00,74.5,74.5999984741211,74.5,74.5,14100,0.0,0.0
2025-05-14 02:10:00+00:00,74.5,74.5,74.4000015258789,74.4000015258789,27000,0.0,0.0
2025-05-14 02:15:00+00:00,74.5,74.5,74.4000015258789,74.5,10000,0.0,0.0
2025-05-14 02:20:00+00:00,74.5,74.5,74.4000015258789,74.4000015258789,19065,0.0,0.0
2025-05-14 02:25:00+00:00,74.4000015258789,74.5,74.4000015258789,74.4000015258789,35070,0.0,0.0
2025-05-14 02:30:00+00:00,74.5,74.5999984741211,74.5,74.5,20072,0.0,0.0
2025-05-14 02:35:00+00:00,74.5,74.5,74.4000015258789,74.4000015258789,26141,0.0,0.0
2025-05-14 02:40:00+00:00,74.4000015258789,74.4000015258789,74.4000015258789,74.4000015258789,27000,0.0,0.0
2025-05-14 02:45:00+00:00,74.5,74.5,74.4000015258789,74.4000015258789,7127,0.0,0.0
2025-05-14 02:50:00+00:00,74.30000305175781,74.4000015258789,74.30000305175781,74.30000305175781,10000,0.0,0.0
2025-05-14 02:55:00+00:00,74.30000305175781,74.4000015258789,74.30000305175781,74.4000015258789,12000,0.0,0.0
2025-05-14 03:00:00+00:00,74.4000015258789,74.4000015258789,74.30000305175781,74.4000015258789,19414,0.0,0.0
2025-05-14 03:05:00+00:00,74.4000015258789,74.4000015258789,74.4000015258789,74.4000015258789,2080,0.0,0.0
2025-05-14 03:10:00+00:00,74.4000015258789,74.5,74.4000015258789,74.4000015258789,6402,0.0,0.0
2025-05-14 03:15:00+00:00,74.4000015258789,74.5999984741211,74.4000015258789,74.5,57029,0.0,0.0
2025-05-14 03:20:00+00:00,74.5999984741211,74.5999984741211,74.5,74.5,5000,0.0,0.0
2025-05-14 03:25:00+00:00,74.5,74.5999984741211,74.5,74.5999984741211,4897,0.0,0.0
2025-05-14 03:30:00+00:00,74.5999984741211,74.5999984741211,74.5,74.5,9050,0.0,0.0
2025-05-14 03:35:00+00:00,74.5,74.5,74.4000015258789,74.4000015258789,16034,0.0,0.0
2025-05-14 03:40:00+00:00,74.4000015258789,74.4000015258789,74.4000015258789,74.4000015258789,2000,0.0,0.0
2025-05-14 03:45:00+00:00,74.4000015258789,74.5,74.4000015258789,74.5,14089,0.0,0.0
2025-05-14 03:50:00+00:00,74.5,74.5999984741211,74.5,74.5999984741211,47040,0.0,0.0
2025-05-14 03:55:00+00:00,74.5999984741211,74.5999984741211,74.5,74.5,21127,0.0,0.0
2025-05-14 04:00:00+00:00,74.5,74.5999984741211,74.5,74.5,11050,0.0,0.0
2025-05-14 04:05:00+00:00,74.5999984741211,74.5999984741211,74.5999984741211,74.5999984741211,3075,0.0,0.0
2025-05-14 04:10:00+00:00,74.5,74.5,74.5,74.5,2053,0.0,0.0
2025-05-14 04:15:00+00:00,74.5,74.5,74.5,74.5,10068,0.0,0.0
2025-05-14 04:20:00+00:00,74.5999984741211,74.80000305175781,74.5999984741211,74.80000305175781,84922,0.0,0.0
2025-05-14 04:25:00+00:00,74.80000305175781,74.80000305175781,74.69999694824219,74.80000305175781,29385,0.0,0.0
2025-05-14 04:30:00+00:00,74.9000015258789,74.9000015258789,74.80000305175781,74.9000015258789,47869,0.0,0.0
2025-05-14 04:35:00+00:00,74.9000015258789,75.0,74.9000015258789,75.0,43497,0.0,0.0
2025-05-14 04:40:00+00:00,75.0,75.0,74.9000015258789,74.9000015258789,64274,0.0,0.0
2025-05-14 04:45:00+00:00,75.0,75.0999984741211,75.0,75.0999984741211,29835,0.0,0.0
2025-05-14 04:50:00+00:00,75.0,75.0999984741211,75.0,75.0,31135,0.0,0.0
2025-05-14 04:55:00+00:00,75.0,75.0,74.9000015258789,74.9000015258789,5035,0.0,0.0
2025-05-14 05:00:00+00:00,75.0,75.0,74.9000015258789,75.0,25223,0.0,0.0
2025-05-14 05:05:00+00:00,75.0,75.0,74.9000015258789,75.0,7168,0.0,0.0
2025-05-14 05:10:00+00:00,74.9000015258789,75.0,74.9000015258789,75.0,26227,0.0,0.0
2025-05-14 05:15:00+00:00,75.0,75.0,74.9000015258789,75.0,13322,0.0,0.0
2025-05-14 05:20:00+00:00,74.9000015258789,75.0,74.9000015258789,74.9000015258789,24868,0.0,0.0
2025-05-15 01:00:00+00:00,75.30000305175781,75.30000305175781,74.80000305175781,75.0999984741211,0,0.0,0.0
2025-05-15 01:05:00+00:00,75.19999694824219,75.19999694824219,75.0999984741211,75.0999984741211,23006,0.0,0.0
2025-05-15 01:10:00+00:00,75.0999984741211,75.4000015258789,75.0999984741211,75.0999984741211,46044,0.0,0.0
2025-05-15 01:15:00+00:00,75.30000305175781,75.30000305175781,75.19999694824219,75.19999694824219,22250,0.0,0.0
2025-05-15 01:20:00+00:00,75.19999694824219,75.19999694824219,74.4000015258789,74.4000015258789,96464,0.0,0.0
2025-05-15 01:25:00+00:00,74.4000015258789,74.5,74.4000015258789,74.4000015258789,27790,0.0,0.0
2025-05-15 01:30:00+00:00,74.5,74.5,74.19999694824219,74.30000305175781,47000,0.0,0.0
2025-05-15 01:35:00+00:00,74.5,74.9000015258789,74.5,74.9000015258789,21330,0.0,0.0
2025-05-15 01:40:00+00:00,75.0,75.0999984741211,74.9000015258789,75.0999984741211,21115,0.0,0.0
2025-05-15 01:45:00+00:00,74.9000015258789,75.0999984741211,74.9000015258789,75.0,17023,0.0,0.0
2025-05-15 01:50:00+00:00,75.0999984741211,75.19999694824219,74.80000305175781,74.80000305175781,26336,0.0,0.0
2025-05-15 01:55:00+00:00,74.80000305175781,74.80000305175781,74.80000305175781,74.80000305175781,22192,0.0,0.0
2025-05-15 02:00:00+00:00,74.80000305175781,74.80000305175781,74.80000305175781,74.80000305175781,5597,0.0,0.0
2025-05-15 02:05:00+00:00,74.80000305175781,74.80000305175781,74.69999694824219,74.69999694824219,10168,0.0,0.0
2025-05-15 02:10:00+00:00,74.69999694824219,74.69999694824219,74.5999984741211,74.5999984741211,16014,0.0,0.0
2025-05-15 02:15:00+00:00,74.5999984741211,74.69999694824219,74.5,74.69999694824219,7089,0.0,0.0
2025-05-15 02:25:00+00:00,74.69999694824219,74.69999694824219,74.69999694824219,74.69999694824219,7000,0.0,0.0
2025-05-15 02:30:00+00:00,74.69999694824219,74.80000305175781,74.69999694824219,74.80000305175781,12103,0.0,0.0
2025-05-15 02:35:00+00:00,74.80000305175781,74.80000305175781,74.80000305175781,74.80000305175781,11002,0.0,0.0
2025-05-15 02:40:00+00:00,74.80000305175781,74.80000305175781,74.80000305175781,74.80000305175781,18003,0.0,0.0
2025-05-15 02:45:00+00:00,74.80000305175781,74.80000305175781,74.80000305175781,74.80000305175781,11108,0.0,0.0
2025-05-15 02:50:00+00:00,74.80000305175781,74.80000305175781,74.80000305175781,74.80000305175781,2000,0.0,0.0
2025-05-15 02:55:00+00:00,74.69999694824219,74.80000305175781,74.69999694824219,74.80000305175781,13100,0.0,0.0
2025-05-15 03:00:00+00:00,74.80000305175781,74.9000015258789,74.80000305175781,74.80000305175781,3000,0.0,0.0
2025-05-15 03:05:00+00:00,74.80000305175781,74.80000305175781,74.80000305175781,74.80000305175781,2000,0.0,0.0
2025-05-15 03:10:00+00:00,74.80000305175781,74.80000305175781,74.69999694824219,74.69999694824219,25200,0.0,0.0
2025-05-15 03:15:00+00:00,74.69999694824219,74.69999694824219,74.69999694824219,74.69999694824219,1000,0.0,0.0
2025-05-15 03:20:00+00:00,74.69999694824219,74.69999694824219,74.69999694824219,74.69999694824219,2100,0.0,0.0
2025-05-15 03:25:00+00:00,74.69999694824219,74.69999694824219,74.69999694824219,74.69999694824219,6139,0.0,0.0
2025-05-15 03:30:00+00:00,74.69999694824219,74.69999694824219,74.5999984741211,74.5999984741211,8000,0.0,0.0
2025-05-15 03:35:00+00:00,74.5999984741211,74.5999984741211,74.5999984741211,74.5999984741211,5400,0.0,0.0
2025-05-15 03:40:00+00:00,74.5999984741211,74.5999984741211,74.5999984741211,74.5999984741211,1116,0.0,0.0
2025-05-15 03:45:00+00:00,74.5999984741211,74.5999984741211,74.5,74.5,15002,0.0,0.0
2025-05-15 03:50:00+00:00,74.5999984741211,74.5999984741211,74.5999984741211,74.5999984741211,2050,0.0,0.0
2025-05-15 03:55:00+00:00,74.5,74.5999984741211,74.5,74.5,42355,0.0,0.0
2025-05-15 04:00:00+00:00,74.4000015258789,74.4000015258789,74.4000015258789,74.4000015258789,23003,0.0,0.0
2025-05-15 04:05:00+00:00,74.4000015258789,74.4000015258789,74.4000015258789,74.4000015258789,21582,0.0,0.0
2025-05-15 04:10:00+00:00,74.30000305175781,74.30000305175781,74.30000305175781,74.30000305175781,32524,0.0,0.0
2025-05-15 04:15:00+00:00,74.19999694824219,74.30000305175781,74.19999694824219,74.30000305175781,13940,0.0,0.0
2025-05-15 04:20:00+00:00,74.19999694824219,74.30000305175781,74.0,74.30000305175781,120368,0.0,0.0
2025-05-15 04:25:00+00:00,74.19999694824219,74.30000305175781,74.19999694824219,74.30000305175781,9000,0.0,0.0
2025-05-15 04:30:00+00:00,74.30000305175781,74.30000305175781,74.0,74.0,95000,0.0,0.0
2025-05-15 04:40:00+00:00,74.0999984741211,74.4000015258789,74.0999984741211,74.4000015258789,17000,0.0,0.0
2025-05-15 04:45:00+00:00,74.4000015258789,74.4000015258789,74.30000305175781,74.30000305175781,13000,0.0,0.0
2025-05-15 04:50:00+00:00,74.30000305175781,74.4000015258789,74.30000305175781,74.4000015258789,12360,0.0,0.0
2025-05-15 04:55:00+00:00,74.4000015258789,74.4000015258789,74.30000305175781,74.30000305175781,17015,0.0,0.0
2025-05-15 05:00:00+00:00,74.4000015258789,74.4000015258789,74.4000015258789,74.4000015258789,7130,0.0,0.0
2025-05-15 05:05:00+00:00,74.4000015258789,74.5,74.4000015258789,74.4000015258789,10173,0.0,0.0
2025-05-15 05:10:00+00:00,74.4000015258789,74.5,74.4000015258789,74.5,16327,0.0,0.0
2025-05-15 05:15:00+00:00,74.4000015258789,74.5,74.4000015258789,74.5,23300,0.0,0.0
2025-05-15 05:20:00+00:00,74.5,74.5999984741211,74.4000015258789,74.5999984741211,21040,0.0,0.0
2025-05-16 01:00:00+00:00,74.69999694824219,74.69999694824219,74.19999694824219,74.19999694824219,0,0.0,0.0
2025-05-16 01:05:00+00:00,74.5,74.80000305175781,74.5,74.80000305175781,23050,0.0,0.0
2025-05-16 01:10:00+00:00,74.80000305175781,74.80000305175781,74.69999694824219,74.69999694824219,7110,0.0,0.0
2025-05-16 01:15:00+00:00,74.69999694824219,74.69999694824219,74.5999984741211,74.5999984741211,8000,0.0,0.0
2025-05-16 01:20:00+00:00,74.5999984741211,74.5999984741211,74.5999984741211,74.5999984741211,19025,0.0,0.0
2025-05-16 01:25:00+00:00,74.5999984741211,74.5999984741211,74.5999984741211,74.5999984741211,7000,0.0,0.0
2025-05-16 01:30:00+00:00,74.69999694824219,74.80000305175781,74.5999984741211,74.80000305175781,12100,0.0,0.0
2025-05-16 01:35:00+00:00,74.80000305175781,74.9000015258789,74.80000305175781,74.80000305175781,9000,0.0,0.0
2025-05-16 01:40:00+00:00,74.80000305175781,75.0,74.69999694824219,75.0,29150,0.0,0.0
2025-05-16 01:45:00+00:00,75.0999984741211,75.0999984741211,75.0,75.0,20000,0.0,0.0
2025-05-16 01:50:00+00:00,75.0,75.0,74.80000305175781,74.80000305175781,18010,0.0,0.0
2025-05-16 01:55:00+00:00,74.80000305175781,75.0,74.80000305175781,75.0,8102,0.0,0.0
2025-05-16 02:00:00+00:00,74.9000015258789,74.9000015258789,74.9000015258789,74.9000015258789,14000,0.0,0.0
2025-05-16 02:05:00+00:00,74.80000305175781,74.80000305175781,74.80000305175781,74.80000305175781,12400,0.0,0.0
2025-05-16 02:10:00+00:00,74.80000305175781,74.80000305175781,74.69999694824219,74.69999694824219,14319,0.0,0.0
2025-05-16 02:15:00+00:00,74.5999984741211,74.69999694824219,74.5999984741211,74.5999984741211,7902,0.0,0.0
2025-05-16 02:20:00+00:00,74.69999694824219,74.69999694824219,74.69999694824219,74.69999694824219,11365,0.0,0.0
2025-05-16 02:25:00+00:00,74.69999694824219,74.80000305175781,74.69999694824219,74.80000305175781,17083,0.0,0.0
2025-05-16 02:30:00+00:00,74.80000305175781,74.80000305175781,74.69999694824219,74.69999694824219,23000,0.0,0.0
2025-05-16 02:35:00+00:00,74.69999694824219,74.80000305175781,74.69999694824219,74.80000305175781,4000,0.0,0.0
2025-05-16 02:40:00+00:00,74.69999694824219,74.80000305175781,74.69999694824219,74.80000305175781,2000,0.0,0.0
2025-05-16 02:45:00+00:00,74.80000305175781,74.80000305175781,74.5999984741211,74.80000305175781,16001,0.0,0.0
2025-05-16 02:55:00+00:00,74.5999984741211,74.5999984741211,74.5999984741211,74.5999984741211,1000,0.0,0.0
2025-05-16 03:00:00+00:00,74.5999984741211,74.69999694824219,74.5999984741211,74.5999984741211,10013,0.0,0.0
2025-05-16 03:10:00+00:00,74.69999694824219,74.69999694824219,74.5999984741211,74.69999694824219,13000,0.0,0.0
2025-05-16 03:15:00+00:00,74.5999984741211,74.5999984741211,74.4000015258789,74.4000015258789,49942,0.0,0.0
2025-05-16 03:20:00+00:00,74.4000015258789,74.4000015258789,74.30000305175781,74.4000015258789,25000,0.0,0.0
2025-05-16 03:25:00+00:00,74.4000015258789,74.4000015258789,74.4000015258789,74.4000015258789,6000,0.0,0.0
2025-05-16 03:30:00+00:00,74.4000015258789,74.4000015258789,74.4000015258789,74.4000015258789,7100,0.0,0.0
2025-05-16 03:35:00+00:00,74.4000015258789,74.4000015258789,74.4000015258789,74.4000015258789,1068,0.0,0.0
2025-05-16 03:40:00+00:00,74.4000015258789,74.4000015258789,74.4000015258789,74.4000015258789,4152,0.0,0.0
2025-05-16 03:45:00+00:00,74.4000015258789,74.4000015258789,74.19999694824219,74.19999694824219,31000,0.0,0.0
2025-05-16 03:50:00+00:00,74.19999694824219,74.30000305175781,74.19999694824219,74.30000305175781,8006,0.0,0.0
2025-05-16 03:55:00+00:00,74.30000305175781,74.30000305175781,74.19999694824219,74.19999694824219,34000,0.0,0.0
2025-05-16 04:00:00+00:00,74.19999694824219,74.30000305175781,74.19999694824219,74.30000305175781,14104,0.0,0.0
2025-05-16 04:10:00+00:00,74.30000305175781,74.30000305175781,74.0999984741211,74.0999984741211,16001,0.0,0.0
2025-05-16 04:15:00+00:00,74.19999694824219,74.19999694824219,74.19999694824219,74.19999694824219,1130,0.0,0.0
2025-05-16 04:20:00+00:00,74.19999694824219,74.30000305175781,74.0999984741211,74.30000305175781,12035,0.0,0.0
2025-05-16 04:25:00+00:00,74.0999984741211,74.30000305175781,74.0999984741211,74.30000305175781,2200,0.0,0.0
2025-05-16 04:30:00+00:00,74.19999694824219,74.30000305175781,74.19999694824219,74.30000305175781,4200,0.0,0.0
2025-05-16 04:35:00+00:00,74.30000305175781,74.30000305175781,74.30000305175781,74.30000305175781,10000,0.0,0.0
2025-05-16 04:40:00+00:00,74.30000305175781,74.30000305175781,74.30000305175781,74.30000305175781,4100,0.0,0.0
2025-05-16 04:45:00+00:00,74.30000305175781,74.30000305175781,74.30000305175781,74.30000305175781,7091,0.0,0.0
2025-05-16 04:50:00+00:00,74.30000305175781,74.30000305175781,74.30000305175781,74.30000305175781,2100,0.0,0.0
2025-05-16 04:55:00+00:00,74.30000305175781,74.30000305175781,74.30000305175781,74.30000305175781,1000,0.0,0.0
2025-05-16 05:00:00+00:00,74.30000305175781,74.30000305175781,74.19999694824219,74.30000305175781,30218,0.0,0.0
2025-05-16 05:05:00+00:00,74.19999694824219,74.19999694824219,74.19999694824219,74.19999694824219,7070,0.0,0.0
2025-05-16 05:10:00+00:00,74.19999694824219,74.19999694824219,74.19999694824219,74.19999694824219,9000,0.0,0.0
2025-05-16 05:15:00+00:00,74.19999694824219,74.19999694824219,74.19999694824219,74.19999694824219,25510,0.0,0.0
2025-05-16 05:20:00+00:00,74.19999694824219,74.30000305175781,74.19999694824219,74.30000305175781,13238,0.0,0.0
2025-05-19 01:00:00+00:00,74.5,75.5999984741211,74.5,75.0,0,0.0,0.0
2025-05-19 01:05:00+00:00,75.0,75.19999694824219,74.80000305175781,75.19999694824219,63303,0.0,0.0
2025-05-19 01:10:00+00:00,75.19999694824219,75.19999694824219,74.5999984741211,74.5999984741211,125679,0.0,0.0
2025-05-19 01:15:00+00:00,74.5999984741211,74.5999984741211,74.5,74.5,37035,0.0,0.0
2025-05-19 01:20:00+00:00,74.4000015258789,74.5999984741211,74.4000015258789,74.5999984741211,42287,0.0,0.0
2025-05-19 01:25:00+00:00,74.69999694824219,74.69999694824219,74.5999984741211,74.69999694824219,17000,0.0,0.0
2025-05-19 01:30:00+00:00,74.69999694824219,74.69999694824219,74.5,74.5,42006,0.0,0.0
2025-05-19 01:35:00+00:00,74.4000015258789,74.5,74.30000305175781,74.5,16368,0.0,0.0
2025-05-19 01:40:00+00:00,74.5,74.5,74.4000015258789,74.5,18000,0.0,0.0
2025-05-19 01:45:00+00:00,74.5,74.5,74.4000015258789,74.4000015258789,16000,0.0,0.0
2025-05-19 01:50:00+00:00,74.4000015258789,74.4000015258789,74.4000015258789,74.4000015258789,11003,0.0,0.0
2025-05-19 01:55:00+00:00,74.5999984741211,74.5999984741211,74.5,74.5,13800,0.0,0.0
2025-05-19 02:00:00+00:00,74.5999984741211,74.5999984741211,74.5999984741211,74.5999984741211,8011,0.0,0.0
2025-05-19 02:05:00+00:00,74.5,74.5,74.4000015258789,74.4000015258789,28054,0.0,0.0
2025-05-19 02:10:00+00:00,74.4000015258789,74.5,74.4000015258789,74.5,2009,0.0,0.0
2025-05-19 02:15:00+00:00,74.5,74.5999984741211,74.5,74.5999984741211,14028,0.0,0.0
2025-05-19 02:20:00+00:00,74.69999694824219,75.0,74.69999694824219,75.0,25141,0.0,0.0
2025-05-19 02:25:00+00:00,74.9000015258789,74.9000015258789,74.80000305175781,74.9000015258789,7000,0.0,0.0
2025-05-19 02:30:00+00:00,75.0,75.0999984741211,75.0,75.0,28000,0.0,0.0
2025-05-19 02:35:00+00:00,74.9000015258789,74.9000015258789,74.80000305175781,74.80000305175781,7000,0.0,0.0
2025-05-19 02:40:00+00:00,74.80000305175781,74.80000305175781,74.80000305175781,74.80000305175781,7000,0.0,0.0
2025-05-19 02:45:00+00:00,74.80000305175781,74.80000305175781,74.69999694824219,74.69999694824219,82200,0.0,0.0
2025-05-19 02:50:00+00:00,74.80000305175781,74.9000015258789,74.80000305175781,74.9000015258789,2311,0.0,0.0
2025-05-19 03:00:00+00:00,74.9000015258789,74.9000015258789,74.80000305175781,74.80000305175781,12200,0.0,0.0
2025-05-19 03:05:00+00:00,74.69999694824219,74.80000305175781,74.69999694824219,74.80000305175781,4024,0.0,0.0
2025-05-19 03:10:00+00:00,74.80000305175781,74.80000305175781,74.80000305175781,74.80000305175781,14010,0.0,0.0
2025-05-19 03:15:00+00:00,74.80000305175781,74.80000305175781,74.80000305175781,74.80000305175781,1001,0.0,0.0
2025-05-19 03:20:00+00:00,74.80000305175781,74.80000305175781,74.80000305175781,74.80000305175781,5030,0.0,0.0
2025-05-19 03:25:00+00:00,74.69999694824219,74.69999694824219,74.5999984741211,74.69999694824219,22006,0.0,0.0
2025-05-19 03:30:00+00:00,74.69999694824219,74.69999694824219,74.5,74.5,59015,0.0,0.0
2025-05-19 03:35:00+00:00,74.5,74.5999984741211,74.5,74.5999984741211,19010,0.0,0.0
2025-05-19 03:40:00+00:00,74.5,74.5,74.4000015258789,74.4000015258789,21468,0.0,0.0
2025-05-19 03:45:00+00:00,74.5,74.5,74.5,74.5,6116,0.0,0.0
2025-05-19 03:50:00+00:00,74.4000015258789,74.4000015258789,74.4000015258789,74.4000015258789,4000,0.0,0.0
2025-05-19 03:55:00+00:00,74.5,74.5,74.5,74.5,21000,0.0,0.0
2025-05-19 04:00:00+00:00,74.5,74.5,74.5,74.5,7200,0.0,0.0
2025-05-19 04:05:00+00:00,74.5,74.5,74.5,74.5,10000,0.0,0.0
2025-05-19 04:10:00+00:00,74.5,74.5999984741211,74.5,74.5999984741211,3117,0.0,0.0
2025-05-19 04:15:00+00:00,74.5,74.5,74.5,74.5,1001,0.0,0.0
2025-05-19 04:20:00+00:00,74.5,74.5999984741211,74.5,74.5,11012,0.0,0.0
2025-05-19 04:25:00+00:00,74.5,74.5,74.5,74.5,7000,0.0,0.0
2025-05-19 04:30:00+00:00,74.5,74.5,74.5,74.5,11178,0.0,0.0
2025-05-19 04:35:00+00:00,74.5,74.5,74.5,74.5,8000,0.0,0.0
2025-05-19 04:40:00+00:00,74.4000015258789,74.5,74.4000015258789,74.5,12000,0.0,0.0
2025-05-19 04:45:00+00:00,74.5,74.5,74.30000305175781,74.30000305175781,98195,0.0,0.0
2025-05-19 04:50:00+00:00,74.30000305175781,74.30000305175781,74.19999694824219,74.19999694824219,18000,0.0,0.0
2025-05-19 04:55:00+00:00,74.19999694824219,74.19999694824219,74.0999984741211,74.0999984741211,74705,0.0,0.0
2025-05-19 05:00:00+00:00,74.0999984741211,74.0999984741211,74.0999984741211,74.0999984741211,13000,0.0,0.0
2025-05-19 05:05:00+00:00,74.0999984741211,74.19999694824219,74.0999984741211,74.0999984741211,16016,0.0,0.0
2025-05-19 05:10:00+00:00,74.0999984741211,74.0999984741211,74.0,74.0999984741211,27700,0.0,0.0
2025-05-19 05:15:00+00:00,74.0999984741211,74.0999984741211,74.0,74.0999984741211,25151,0.0,0.0
2025-05-19 05:20:00+00:00,74.0,74.0999984741211,73.9000015258789,74.0,101065,0.0,0.0
2025-05-20 01:00:00+00:00,74.5,74.69999694824219,74.0999984741211,74.5,0,0.0,0.0
2025-05-20 01:05:00+00:00,74.5,74.69999694824219,74.5,74.5999984741211,54049,0.0,0.0
2025-05-20 01:10:00+00:00,74.5999984741211,74.5999984741211,74.4000015258789,74.5,10887,0.0,0.0
2025-05-20 01:15:00+00:00,74.5,74.5,74.5,74.5,2513,0.0,0.0
2025-05-20 01:20:00+00:00,74.5,74.5999984741211,74.5,74.5999984741211,19010,0.0,0.0
2025-05-20 01:25:00+00:00,74.5999984741211,74.5999984741211,74.5,74.5,8000,0.0,0.0
2025-05-20 01:30:00+00:00,74.4000015258789,74.4000015258789,74.0999984741211,74.19999694824219,36453,0.0,0.0
2025-05-20 01:35:00+00:00,74.19999694824219,74.19999694824219,74.19999694824219,74.19999694824219,8410,0.0,0.0
2025-05-20 01:40:00+00:00,74.19999694824219,74.19999694824219,74.0999984741211,74.0999984741211,5000,0.0,0.0
2025-05-20 01:45:00+00:00,74.0999984741211,74.30000305175781,74.0999984741211,74.30000305175781,16003,0.0,0.0
2025-05-20 01:50:00+00:00,74.30000305175781,74.4000015258789,74.30000305175781,74.4000015258789,7190,0.0,0.0
2025-05-20 01:55:00+00:00,74.4000015258789,74.4000015258789,74.30000305175781,74.30000305175781,13025,0.0,0.0
2025-05-20 02:05:00+00:00,74.30000305175781,74.30000305175781,74.19999694824219,74.19999694824219,5247,0.0,0.0
2025-05-20 02:10:00+00:00,74.19999694824219,74.19999694824219,74.19999694824219,74.19999694824219,4000,0.0,0.0
2025-05-20 02:15:00+00:00,74.19999694824219,74.19999694824219,74.19999694824219,74.19999694824219,6000,0.0,0.0
2025-05-20 02:20:00+00:00,74.19999694824219,74.19999694824219,74.0999984741211,74.0999984741211,10010,0.0,0.0
2025-05-20 02:25:00+00:00,74.0999984741211,74.19999694824219,74.0999984741211,74.0999984741211,7287,0.0,0.0
2025-05-20 02:30:00+00:00,74.0999984741211,74.0999984741211,74.0,74.0999984741211,23405,0.0,0.0
2025-05-20 02:35:00+00:00,74.19999694824219,74.30000305175781,74.19999694824219,74.19999694824219,13030,0.0,0.0
2025-05-20 02:40:00+00:00,74.30000305175781,74.5,74.30000305175781,74.4000015258789,23000,0.0,0.0
2025-05-20 02:45:00+00:00,74.4000015258789,74.4000015258789,74.30000305175781,74.30000305175781,5000,0.0,0.0
2025-05-20 02:50:00+00:00,74.30000305175781,74.30000305175781,74.30000305175781,74.30000305175781,2000,0.0,0.0
2025-05-20 02:55:00+00:00,74.30000305175781,74.30000305175781,74.30000305175781,74.30000305175781,1000,0.0,0.0
2025-05-20 03:00:00+00:00,74.30000305175781,74.30000305175781,74.19999694824219,74.19999694824219,2000,0.0,0.0
2025-05-20 03:05:00+00:00,74.19999694824219,74.19999694824219,74.19999694824219,74.19999694824219,6004,0.0,0.0
2025-05-20 03:10:00+00:00,74.30000305175781,74.30000305175781,74.30000305175781,74.30000305175781,12000,0.0,0.0
2025-05-20 03:15:00+00:00,74.19999694824219,74.19999694824219,74.0999984741211,74.0999984741211,8000,0.0,0.0
2025-05-20 03:20:00+00:00,74.19999694824219,74.19999694824219,74.0999984741211,74.0999984741211,7176,0.0,0.0
2025-05-20 03:30:00+00:00,74.19999694824219,74.19999694824219,74.19999694824219,74.19999694824219,2000,0.0,0.0
2025-05-20 03:35:00+00:00,74.0999984741211,74.19999694824219,74.0999984741211,74.19999694824219,6000,0.0,0.0
2025-05-20 03:40:00+00:00,74.19999694824219,74.4000015258789,74.19999694824219,74.30000305175781,14000,0.0,0.0
2025-05-20 03:45:00+00:00,74.30000305175781,74.30000305175781,74.30000305175781,74.30000305175781,1000,0.0,0.0
2025-05-20 03:50:00+00:00,74.30000305175781,74.4000015258789,74.30000305175781,74.4000015258789,11287,0.0,0.0
2025-05-20 03:55:00+00:00,74.30000305175781,74.30000305175781,74.30000305175781,74.30000305175781,10200,0.0,0.0
2025-05-20 04:00:00+00:00,74.30000305175781,74.30000305175781,74.19999694824219,74.19999694824219,8000,0.0,0.0
2025-05-20 04:05:00+00:00,74.0999984741211,74.19999694824219,74.0999984741211,74.0999984741211,6026,0.0,0.0
2025-05-20 04:10:00+00:00,74.0999984741211,74.0999984741211,74.0,74.0,12000,0.0,0.0
2025-05-20 04:15:00+00:00,74.0,74.0,74.0,74.0,30100,0.0,0.0
2025-05-20 04:20:00+00:00,74.0,74.0,74.0,74.0,4000,0.0,0.0
2025-05-20 04:25:00+00:00,74.0,74.0,73.9000015258789,74.0,4000,0.0,0.0
2025-05-20 04:30:00+00:00,73.9000015258789,73.9000015258789,73.80000305175781,73.80000305175781,26422,0.0,0.0
2025-05-20 04:35:00+00:00,73.80000305175781,73.80000305175781,73.80000305175781,73.80000305175781,4000,0.0,0.0
2025-05-20 04:45:00+00:00,73.80000305175781,73.9000015258789,73.80000305175781,73.80000305175781,8250,0.0,0.0
2025-05-20 04:50:00+00:00,73.80000305175781,73.9000015258789,73.80000305175781,73.9000015258789,5000,0.0,0.0
2025-05-20 04:55:00+00:00,73.9000015258789,74.0,73.9000015258789,74.0,9030,0.0,0.0
2025-05-20 05:00:00+00:00,73.9000015258789,73.9000015258789,73.9000015258789,73.9000015258789,4401,0.0,0.0
2025-05-20 05:05:00+00:00,74.0,74.0,73.9000015258789,73.9000015258789,8103,0.0,0.0
2025-05-20 05:10:00+00:00,73.9000015258789,73.9000015258789,73.80000305175781,73.80000305175781,16000,0.0,0.0
2025-05-20 05:15:00+00:00,74.0,74.0999984741211,74.0,74.0999984741211,25003,0.0,0.0
2025-05-20 05:20:00+00:00,74.0999984741211,74.19999694824219,73.80000305175781,73.9000015258789,34659,0.0,0.0
2025-05-21 01:00:00+00:00,74.0999984741211,74.4000015258789,74.0999984741211,74.30000305175781,0,0.0,0.0
2025-05-21 01:05:00+00:00,74.4000015258789,74.69999694824219,74.4000015258789,74.5,24800,0.0,0.0
2025-05-21 01:10:00+00:00,74.5,74.5,74.5,74.5,5000,0.0,0.0
2025-05-21 01:15:00+00:00,74.5,74.5999984741211,74.5,74.5999984741211,15120,0.0,0.0
2025-05-21 01:20:00+00:00,74.5999984741211,74.5999984741211,74.5,74.5,9000,0.0,0.0
2025-05-21 01:25:00+00:00,74.4000015258789,74.4000015258789,74.4000015258789,74.4000015258789,9000,0.0,0.0
2025-05-21 01:30:00+00:00,74.4000015258789,74.4000015258789,74.19999694824219,74.4000015258789,16001,0.0,0.0
2025-05-21 01:35:00+00:00,74.30000305175781,74.30000305175781,74.30000305175781,74.30000305175781,2000,0.0,0.0
2025-05-21 01:40:00+00:00,74.30000305175781,74.4000015258789,74.30000305175781,74.4000015258789,5251,0.0,0.0
2025-05-21 01:45:00+00:00,74.30000305175781,74.30000305175781,74.30000305175781,74.30000305175781,2000,0.0,0.0
2025-05-21 01:50:00+00:00,74.30000305175781,74.30000305175781,74.19999694824219,74.19999694824219,8001,0.0,0.0
2025-05-21 01:55:00+00:00,74.19999694824219,74.30000305175781,74.19999694824219,74.30000305175781,5174,0.0,0.0
2025-05-21 02:00:00+00:00,74.30000305175781,74.30000305175781,74.19999694824219,74.30000305175781,3010,0.0,0.0
2025-05-21 02:05:00+00:00,74.30000305175781,74.30000305175781,74.19999694824219,74.19999694824219,5000,0.0,0.0
2025-05-21 02:10:00+00:00,74.30000305175781,74.30000305175781,74.30000305175781,74.30000305175781,3200,0.0,0.0
2025-05-21 02:15:00+00:00,74.30000305175781,74.30000305175781,74.19999694824219,74.19999694824219,12429,0.0,0.0
2025-05-21 02:20:00+00:00,74.19999694824219,74.19999694824219,74.19999694824219,74.19999694824219,14171,0.0,0.0
2025-05-21 02:25:00+00:00,74.19999694824219,74.19999694824219,74.19999694824219,74.19999694824219,3000,0.0,0.0
2025-05-21 02:30:00+00:00,74.30000305175781,74.30000305175781,74.30000305175781,74.30000305175781,1000,0.0,0.0
2025-05-21 02:35:00+00:00,74.30000305175781,74.4000015258789,74.30000305175781,74.4000015258789,14000,0.0,0.0
2025-05-21 02:40:00+00:00,74.4000015258789,74.5,74.4000015258789,74.5,51000,0.0,0.0
2025-05-21 02:45:00+00:00,74.5,74.5999984741211,74.5,74.5999984741211,23053,0.0,0.0
2025-05-21 02:50:00+00:00,74.5999984741211,74.69999694824219,74.5,74.5,27000,0.0,0.0
2025-05-21 02:55:00+00:00,74.5999984741211,74.69999694824219,74.5999984741211,74.69999694824219,24000,0.0,0.0
2025-05-21 03:00:00+00:00,74.69999694824219,74.80000305175781,74.69999694824219,74.80000305175781,40000,0.0,0.0
2025-05-21 03:05:00+00:00,74.80000305175781,74.9000015258789,74.80000305175781,74.80000305175781,13003,0.0,0.0
2025-05-21 03:10:00+00:00,74.80000305175781,74.80000305175781,74.69999694824219,74.69999694824219,6000,0.0,0.0
2025-05-21 03:15:00+00:00,74.69999694824219,74.69999694824219,74.69999694824219,74.69999694824219,4000,0.0,0.0
2025-05-21 03:20:00+00:00,74.80000305175781,74.80000305175781,74.80000305175781,74.80000305175781,9113,0.0,0.0
2025-05-21 03:25:00+00:00,74.80000305175781,74.80000305175781,74.80000305175781,74.80000305175781,2005,0.0,0.0
2025-05-21 03:30:00+00:00,74.80000305175781,74.80000305175781,74.80000305175781,74.80000305175781,2000,0.0,0.0
2025-05-21 03:35:00+00:00,74.69999694824219,74.69999694824219,74.69999694824219,74.69999694824219,13000,0.0,0.0
2025-05-21 03:40:00+00:00,74.69999694824219,74.80000305175781,74.69999694824219,74.80000305175781,29100,0.0,0.0
2025-05-21 03:45:00+00:00,74.80000305175781,74.9000015258789,74.80000305175781,74.9000015258789,40013,0.0,0.0
2025-05-21 03:50:00+00:00,74.80000305175781,74.9000015258789,74.80000305175781,74.80000305175781,8000,0.0,0.0
2025-05-21 03:55:00+00:00,74.80000305175781,74.80000305175781,74.80000305175781,74.80000305175781,4000,0.0,0.0
2025-05-21 04:00:00+00:00,74.80000305175781,74.80000305175781,74.80000305175781,74.80000305175781,15100,0.0,0.0
2025-05-21 04:05:00+00:00,74.80000305175781,74.80000305175781,74.69999694824219,74.80000305175781,7017,0.0,0.0
2025-05-21 04:15:00+00:00,74.80000305175781,74.80000305175781,74.80000305175781,74.80000305175781,1003,0.0,0.0
2025-05-21 04:20:00+00:00,74.80000305175781,74.80000305175781,74.80000305175781,74.80000305175781,13000,0.0,0.0
2025-05-21 04:25:00+00:00,74.69999694824219,74.80000305175781,74.69999694824219,74.80000305175781,9400,0.0,0.0
2025-05-21 04:30:00+00:00,74.80000305175781,74.80000305175781,74.80000305175781,74.80000305175781,3386,0.0,0.0
2025-05-21 04:35:00+00:00,74.80000305175781,74.80000305175781,74.80000305175781,74.80000305175781,3164,0.0,0.0
2025-05-21 04:40:00+00:00,74.80000305175781,74.9000015258789,74.80000305175781,74.9000015258789,2186,0.0,0.0
2025-05-21 04:45:00+00:00,74.80000305175781,74.80000305175781,74.80000305175781,74.80000305175781,11000,0.0,0.0
2025-05-21 04:50:00+00:00,74.80000305175781,74.80000305175781,74.5999984741211,74.5999984741211,39000,0.0,0.0
2025-05-21 04:55:00+00:00,74.69999694824219,74.69999694824219,74.69999694824219,74.69999694824219,11000,0.0,0.0
2025-05-21 05:00:00+00:00,74.69999694824219,74.80000305175781,74.69999694824219,74.69999694824219,4000,0.0,0.0
2025-05-21 05:05:00+00:00,74.69999694824219,74.69999694824219,74.69999694824219,74.69999694824219,6101,0.0,0.0
2025-05-21 05:10:00+00:00,74.69999694824219,74.80000305175781,74.69999694824219,74.69999694824219,7055,0.0,0.0
2025-05-21 05:15:00+00:00,74.69999694824219,74.69999694824219,74.69999694824219,74.69999694824219,17785,0.0,0.0
2025-05-21 05:20:00+00:00,74.80000305175781,75.0,74.80000305175781,74.9000015258789,60122,0.0,0.0
2025-05-22 01:00:00+00:00,74.5,74.5,74.0,74.0,0,0.0,0.0
2025-05-22 01:05:00+00:00,74.0,74.5,74.0,74.5,23114,0.0,0.0
2025-05-22 01:10:00+00:00,74.30000305175781,74.4000015258789,74.30000305175781,74.4000015258789,7340,0.0,0.0
2025-05-22 01:15:00+00:00,74.4000015258789,74.5,74.4000015258789,74.5,64000,0.0,0.0
2025-05-22 01:20:00+00:00,74.30000305175781,74.30000305175781,74.30000305175781,74.30000305175781,16240,0.0,0.0
2025-05-22 01:25:00+00:00,74.30000305175781,74.30000305175781,74.30000305175781,74.30000305175781,5010,0.0,0.0
2025-05-22 01:30:00+00:00,74.30000305175781,74.30000305175781,74.30000305175781,74.30000305175781,6040,0.0,0.0
2025-05-22 01:35:00+00:00,74.30000305175781,74.30000305175781,74.30000305175781,74.30000305175781,2010,0.0,0.0
2025-05-22 01:40:00+00:00,74.30000305175781,74.30000305175781,74.30000305175781,74.30000305175781,2000,0.0,0.0
2025-05-22 01:45:00+00:00,74.4000015258789,74.4000015258789,74.30000305175781,74.30000305175781,9000,0.0,0.0
2025-05-22 01:50:00+00:00,74.30000305175781,74.30000305175781,74.0999984741211,74.19999694824219,22000,0.0,0.0
2025-05-22 01:55:00+00:00,74.19999694824219,74.19999694824219,74.19999694824219,74.19999694824219,5000,0.0,0.0
2025-05-22 02:00:00+00:00,74.19999694824219,74.30000305175781,74.19999694824219,74.30000305175781,34150,0.0,0.0
2025-05-22 02:05:00+00:00,74.19999694824219,74.19999694824219,74.0999984741211,74.0999984741211,12000,0.0,0.0
2025-05-22 02:10:00+00:00,74.19999694824219,74.19999694824219,74.19999694824219,74.19999694824219,3010,0.0,0.0
2025-05-22 02:15:00+00:00,74.30000305175781,74.30000305175781,74.0999984741211,74.0999984741211,3090,0.0,0.0
2025-05-22 02:20:00+00:00,74.0999984741211,74.19999694824219,74.0999984741211,74.19999694824219,2000,0.0,0.0
2025-05-22 02:25:00+00:00,74.19999694824219,74.19999694824219,74.19999694824219,74.19999694824219,3000,0.0,0.0
2025-05-22 02:30:00+00:00,74.4000015258789,74.4000015258789,74.4000015258789,74.4000015258789,4100,0.0,0.0
2025-05-22 02:35:00+00:00,74.30000305175781,74.30000305175781,74.19999694824219,74.19999694824219,5000,0.0,0.0
2025-05-22 02:40:00+00:00,74.19999694824219,74.30000305175781,74.19999694824219,74.19999694824219,13000,0.0,0.0
2025-05-22 02:45:00+00:00,74.19999694824219,74.19999694824219,74.0999984741211,74.0999984741211,23199,0.0,0.0
2025-05-22 02:50:00+00:00,74.0999984741211,74.0999984741211,74.0,74.0,26604,0.0,0.0
2025-05-22 02:55:00+00:00,74.0,74.0,74.0,74.0,3477,0.0,0.0
2025-05-22 03:00:00+00:00,74.0,74.0,74.0,74.0,6030,0.0,0.0
2025-05-22 03:05:00+00:00,74.0999984741211,74.0999984741211,74.0999984741211,74.0999984741211,3000,0.0,0.0
2025-05-22 03:10:00+00:00,74.0,74.0,74.0,74.0,10524,0.0,0.0
2025-05-22 03:15:00+00:00,74.0,74.0999984741211,74.0,74.0999984741211,3000,0.0,0.0
2025-05-22 03:20:00+00:00,74.0,74.0999984741211,74.0,74.0999984741211,11000,0.0,0.0
2025-05-22 03:25:00+00:00,74.0999984741211,74.0999984741211,74.0999984741211,74.0999984741211,3000,0.0,0.0
2025-05-22 03:30:00+00:00,74.0999984741211,74.0999984741211,74.0999984741211,74.0999984741211,3000,0.0,0.0
2025-05-22 03:35:00+00:00,74.0999984741211,74.0999984741211,73.9000015258789,73.9000015258789,20000,0.0,0.0
2025-05-22 03:40:00+00:00,73.9000015258789,73.9000015258789,73.9000015258789,73.9000015258789,11000,0.0,0.0
2025-05-22 03:50:00+00:00,74.0,74.0999984741211,74.0,74.0999984741211,2000,0.0,0.0
2025-05-22 03:55:00+00:00,74.0999984741211,74.0999984741211,74.0999984741211,74.0999984741211,1000,0.0,0.0
2025-05-22 04:00:00+00:00,74.0,74.0999984741211,74.0,74.0999984741211,2132,0.0,0.0
2025-05-22 04:10:00+00:00,74.19999694824219,74.19999694824219,74.0999984741211,74.0999984741211,3000,0.0,0.0
2025-05-22 04:15:00+00:00,74.0999984741211,74.0999984741211,74.0999984741211,74.0999984741211,6015,0.0,0.0
2025-05-22 04:25:00+00:00,74.0,74.0999984741211,74.0,74.0,12042,0.0,0.0
2025-05-22 04:30:00+00:00,74.0999984741211,74.0999984741211,74.0,74.0999984741211,5027,0.0,0.0
2025-05-22 04:35:00+00:00,74.0999984741211,74.0999984741211,74.0,74.0999984741211,5081,0.0,0.0
2025-05-22 04:40:00+00:00,74.0999984741211,74.0999984741211,74.0999984741211,74.0999984741211,1003,0.0,0.0
2025-05-22 04:45:00+00:00,74.0999984741211,74.19999694824219,74.0999984741211,74.19999694824219,6000,0.0,0.0
2025-05-22 04:50:00+00:00,74.19999694824219,74.19999694824219,74.19999694824219,74.19999694824219,2000,0.0,0.0
2025-05-22 04:55:00+00:00,74.0999984741211,74.0999984741211,74.0999984741211,74.0999984741211,3000,0.0,0.0
2025-05-22 05:00:00+00:00,74.0999984741211,74.0999984741211,74.0999984741211,74.0999984741211,9167,0.0,0.0
2025-05-22 05:05:00+00:00,74.0999984741211,74.19999694824219,74.0999984741211,74.0999984741211,15147,0.0,0.0
2025-05-22 05:10:00+00:00,74.19999694824219,74.19999694824219,74.0,74.0,17000,0.0,0.0
2025-05-22 05:15:00+00:00,74.0,74.0999984741211,74.0,74.0,51000,0.0,0.0
2025-05-22 05:20:00+00:00,73.9000015258789,74.0,73.9000015258789,73.9000015258789,22110,0.0,0.0
2025-05-23 01:00:00+00:00,74.5,74.5999984741211,74.5,74.5999984741211,0,0.0,0.0
2025-05-23 01:05:00+00:00,74.5,74.5999984741211,74.5,74.5999984741211,48000,0.0,0.0
2025-05-23 01:10:00+00:00,74.5999984741211,74.80000305175781,74.5999984741211,74.69999694824219,47318,0.0,0.0
2025-05-23 01:15:00+00:00,74.69999694824219,74.80000305175781,74.69999694824219,74.69999694824219,12453,0.0,0.0
2025-05-23 01:20:00+00:00,74.69999694824219,74.69999694824219,74.4000015258789,74.5,35000,0.0,0.0
2025-05-23 01:25:00+00:00,74.5,74.5,74.30000305175781,74.5,6050,0.0,0.0
2025-05-23 01:30:00+00:00,74.5,74.5,74.30000305175781,74.30000305175781,14070,0.0,0.0
2025-05-23 01:35:00+00:00,74.30000305175781,74.30000305175781,74.30000305175781,74.30000305175781,8000,0.0,0.0
2025-05-23 01:40:00+00:00,74.30000305175781,74.4000015258789,74.19999694824219,74.4000015258789,10205,0.0,0.0
2025-05-23 01:45:00+00:00,74.30000305175781,74.4000015258789,74.30000305175781,74.30000305175781,42045,0.0,0.0
2025-05-23 01:50:00+00:00,74.30000305175781,74.69999694824219,74.30000305175781,74.5999984741211,39006,0.0,0.0
2025-05-23 01:55:00+00:00,74.5999984741211,74.5999984741211,74.5,74.5,23098,0.0,0.0
2025-05-23 02:00:00+00:00,74.4000015258789,74.4000015258789,74.30000305175781,74.4000015258789,23054,0.0,0.0
2025-05-23 02:05:00+00:00,74.4000015258789,74.4000015258789,74.4000015258789,74.4000015258789,3002,0.0,0.0
2025-05-23 02:10:00+00:00,74.5,74.5,74.30000305175781,74.30000305175781,21000,0.0,0.0
2025-05-23 02:20:00+00:00,74.4000015258789,74.69999694824219,74.4000015258789,74.69999694824219,52000,0.0,0.0
2025-05-23 02:25:00+00:00,74.69999694824219,74.69999694824219,74.69999694824219,74.69999694824219,14500,0.0,0.0
2025-05-23 02:30:00+00:00,74.69999694824219,74.69999694824219,74.5999984741211,74.5999984741211,8580,0.0,0.0
2025-05-23 02:35:00+00:00,74.5,74.5999984741211,74.5,74.5999984741211,25170,0.0,0.0
2025-05-23 02:45:00+00:00,74.5999984741211,74.5999984741211,74.5999984741211,74.5999984741211,1007,0.0,0.0
2025-05-23 02:50:00+00:00,74.5,74.5,74.5,74.5,1004,0.0,0.0
2025-05-23 02:55:00+00:00,74.5,74.5,74.5,74.5,4050,0.0,0.0
2025-05-23 03:00:00+00:00,74.4000015258789,74.5,74.4000015258789,74.5,7000,0.0,0.0
2025-05-23 03:05:00+00:00,74.5,74.5999984741211,74.5,74.5,8003,0.0,0.0
2025-05-23 03:10:00+00:00,74.5999984741211,74.5999984741211,74.5,74.5,13010,0.0,0.0
2025-05-23 03:15:00+00:00,74.5,74.5,74.5,74.5,2150,0.0,0.0
2025-05-23 03:20:00+00:00,74.5,74.5,74.5,74.5,5030,0.0,0.0
2025-05-23 03:25:00+00:00,74.5,74.5,74.5,74.5,1003,0.0,0.0
2025-05-23 03:30:00+00:00,74.5,74.5,74.5,74.5,6000,0.0,0.0
2025-05-23 03:45:00+00:00,74.4000015258789,74.4000015258789,74.4000015258789,74.4000015258789,4045,0.0,0.0
2025-05-23 03:50:00+00:00,74.4000015258789,74.4000015258789,74.30000305175781,74.30000305175781,5000,0.0,0.0
2025-05-23 03:55:00+00:00,74.30000305175781,74.30000305175781,74.30000305175781,74.30000305175781,7303,0.0,0.0
2025-05-23 04:05:00+00:00,74.30000305175781,74.30000305175781,74.30000305175781,74.30000305175781,2000,0.0,0.0
2025-05-23 04:10:00+00:00,74.19999694824219,74.19999694824219,74.0999984741211,74.19999694824219,9004,0.0,0.0
2025-05-23 04:15:00+00:00,74.0999984741211,74.19999694824219,74.0999984741211,74.19999694824219,3000,0.0,0.0
2025-05-23 04:20:00+00:00,74.0999984741211,74.19999694824219,74.0,74.0999984741211,32744,0.0,0.0
2025-05-23 04:25:00+00:00,74.0,74.0,73.80000305175781,73.80000305175781,62690,0.0,0.0
2025-05-23 04:30:00+00:00,73.80000305175781,73.80000305175781,73.80000305175781,73.80000305175781,1000,0.0,0.0
2025-05-23 04:35:00+00:00,73.80000305175781,73.9000015258789,73.80000305175781,73.80000305175781,6000,0.0,0.0
2025-05-23 04:40:00+00:00,73.80000305175781,74.0,73.80000305175781,73.9000015258789,6572,0.0,0.0
2025-05-23 04:45:00+00:00,74.0,74.0,73.80000305175781,73.80000305175781,6200,0.0,0.0
2025-05-23 04:50:00+00:00,73.80000305175781,73.9000015258789,73.80000305175781,73.9000015258789,13248,0.0,0.0
2025-05-23 04:55:00+00:00,73.9000015258789,74.0,73.80000305175781,74.0,3230,0.0,0.0
2025-05-23 05:00:00+00:00,73.9000015258789,73.9000015258789,73.80000305175781,73.80000305175781,11410,0.0,0.0
2025-05-23 05:05:00+00:00,73.80000305175781,74.0,73.80000305175781,73.9000015258789,11103,0.0,0.0
2025-05-23 05:10:00+00:00,74.0,74.0,74.0,74.0,7000,0.0,0.0
2025-05-23 05:15:00+00:00,74.0,74.0,74.0,74.0,2000,0.0,0.0
2025-05-23 05:20:00+00:00,74.0,74.0999984741211,73.9000015258789,73.9000015258789,31003,0.0,0.0
2025-05-26 01:00:00+00:00,73.80000305175781,73.80000305175781,73.19999694824219,73.30000305175781,0,0.0,0.0
2025-05-26 01:05:00+00:00,73.30000305175781,73.4000015258789,73.0,73.4000015258789,28156,0.0,0.0
2025-05-26 01:10:00+00:00,73.5,73.9000015258789,73.5,73.80000305175781,8053,0.0,0.0
2025-05-26 01:15:00+00:00,74.0,74.0,73.9000015258789,74.0,7145,0.0,0.0
2025-05-26 01:20:00+00:00,73.9000015258789,73.9000015258789,73.80000305175781,73.80000305175781,18000,0.0,0.0
2025-05-26 01:25:00+00:00,73.9000015258789,74.0,73.80000305175781,73.9000015258789,12050,0.0,0.0
2025-05-26 01:30:00+00:00,74.0,74.0999984741211,73.9000015258789,74.0,12205,0.0,0.0
2025-05-26 01:35:00+00:00,73.9000015258789,74.0,73.9000015258789,74.0,8224,0.0,0.0
2025-05-26 01:40:00+00:00,73.9000015258789,74.0999984741211,73.80000305175781,74.0999984741211,16026,0.0,0.0
2025-05-26 01:45:00+00:00,74.0999984741211,74.0999984741211,74.0,74.0999984741211,4171,0.0,0.0
2025-05-26 01:50:00+00:00,74.0999984741211,74.0999984741211,74.0,74.0,6000,0.0,0.0
2025-05-26 01:55:00+00:00,74.0,74.30000305175781,73.80000305175781,74.30000305175781,12014,0.0,0.0
2025-05-26 02:00:00+00:00,74.4000015258789,74.5,74.4000015258789,74.5,23354,0.0,0.0
2025-05-26 02:05:00+00:00,74.4000015258789,74.4000015258789,74.4000015258789,74.4000015258789,3000,0.0,0.0
2025-05-26 02:10:00+00:00,74.4000015258789,74.4000015258789,74.0999984741211,74.0999984741211,11000,0.0,0.0
2025-05-26 02:15:00+00:00,74.0999984741211,74.0999984741211,74.0,74.0,2000,0.0,0.0
2025-05-26 02:20:00+00:00,74.19999694824219,74.19999694824219,74.19999694824219,74.19999694824219,3101,0.0,0.0
2025-05-26 02:25:00+00:00,74.0999984741211,74.0999984741211,74.0999984741211,74.0999984741211,1000,0.0,0.0
2025-05-26 02:30:00+00:00,74.19999694824219,74.19999694824219,74.19999694824219,74.19999694824219,6000,0.0,0.0
2025-05-26 02:40:00+00:00,74.19999694824219,74.19999694824219,74.19999694824219,74.19999694824219,4000,0.0,0.0
2025-05-26 02:45:00+00:00,74.19999694824219,74.19999694824219,74.19999694824219,74.19999694824219,7000,0.0,0.0
2025-05-26 02:55:00+00:00,74.0999984741211,74.0999984741211,74.0999984741211,74.0999984741211,9119,0.0,0.0
2025-05-26 03:05:00+00:00,74.0,74.0999984741211,74.0,74.0999984741211,4000,0.0,0.0
2025-05-26 03:15:00+00:00,74.0999984741211,74.0999984741211,74.0999984741211,74.0999984741211,5000,0.0,0.0
2025-05-26 03:20:00+00:00,74.0999984741211,74.0999984741211,74.0999984741211,74.0999984741211,1003,0.0,0.0
2025-05-26 03:30:00+00:00,74.0,74.0,74.0,74.0,7000,0.0,0.0
2025-05-26 03:35:00+00:00,74.0,74.0,73.9000015258789,73.9000015258789,12000,0.0,0.0
2025-05-26 03:40:00+00:00,74.0,74.0,74.0,74.0,2000,0.0,0.0
2025-05-26 03:45:00+00:00,73.9000015258789,73.9000015258789,73.9000015258789,73.9000015258789,1000,0.0,0.0
2025-05-26 03:55:00+00:00,73.9000015258789,73.9000015258789,73.80000305175781,73.80000305175781,6024,0.0,0.0
2025-05-26 04:00:00+00:00,73.80000305175781,73.80000305175781,73.80000305175781,73.80000305175781,7035,0.0,0.0
2025-05-26 04:05:00+00:00,73.9000015258789,73.9000015258789,73.9000015258789,73.9000015258789,4000,0.0,0.0
2025-05-26 04:10:00+00:00,73.9000015258789,73.9000015258789,73.9000015258789,73.9000015258789,3004,0.0,0.0
2025-05-26 04:15:00+00:00,74.0999984741211,74.0999984741211,73.80000305175781,73.80000305175781,25223,0.0,0.0
2025-05-26 04:20:00+00:00,73.80000305175781,73.80000305175781,73.69999694824219,73.69999694824219,25224,0.0,0.0
2025-05-26 04:25:00+00:00,73.5999984741211,73.69999694824219,73.5999984741211,73.5999984741211,11503,0.0,0.0
2025-05-26 04:30:00+00:00,73.5999984741211,73.5999984741211,73.5999984741211,73.5999984741211,7000,0.0,0.0
2025-05-26 04:35:00+00:00,73.69999694824219,73.80000305175781,73.69999694824219,73.80000305175781,27000,0.0,0.0
2025-05-26 04:40:00+00:00,73.80000305175781,73.80000305175781,73.80000305175781,73.80000305175781,5000,0.0,0.0
2025-05-26 04:45:00+00:00,73.80000305175781,73.9000015258789,73.80000305175781,73.80000305175781,6009,0.0,0.0
2025-05-26 04:50:00+00:00,73.9000015258789,73.9000015258789,73.9000015258789,73.9000015258789,1000,0.0,0.0
2025-05-26 04:55:00+00:00,73.9000015258789,73.9000015258789,73.9000015258789,73.9000015258789,4000,0.0,0.0
2025-05-26 05:00:00+00:00,73.80000305175781,73.80000305175781,73.80000305175781,73.80000305175781,3030,0.0,0.0
2025-05-26 05:05:00+00:00,73.80000305175781,73.80000305175781,73.80000305175781,73.80000305175781,4000,0.0,0.0
2025-05-26 05:10:00+00:00,73.80000305175781,73.9000015258789,73.80000305175781,73.9000015258789,3000,0.0,0.0
2025-05-26 05:15:00+00:00,73.80000305175781,73.9000015258789,73.80000305175781,73.9000015258789,11300,0.0,0.0
2025-05-26 05:20:00+00:00,73.9000015258789,74.0,73.9000015258789,73.9000015258789,5300,0.0,0.0
2025-05-27 01:00:00+00:00,74.0,74.4000015258789,74.0,74.0,0,0.0,0.0
2025-05-27 01:05:00+00:00,74.0999984741211,74.0999984741211,74.0,74.0,9002,0.0,0.0
2025-05-27 01:10:00+00:00,74.0,74.0,73.9000015258789,74.0,7058,0.0,0.0
2025-05-27 01:15:00+00:00,74.0,74.19999694824219,74.0,74.19999694824219,9000,0.0,0.0
2025-05-27 01:20:00+00:00,74.19999694824219,74.30000305175781,74.19999694824219,74.30000305175781,7092,0.0,0.0
2025-05-27 01:25:00+00:00,74.30000305175781,74.30000305175781,74.30000305175781,74.30000305175781,8000,0.0,0.0
2025-05-27 01:30:00+00:00,74.30000305175781,74.30000305175781,74.19999694824219,74.30000305175781,5000,0.0,0.0
2025-05-27 01:35:00+00:00,74.30000305175781,74.30000305175781,74.19999694824219,74.19999694824219,8000,0.0,0.0
2025-05-27 01:40:00+00:00,74.0999984741211,74.19999694824219,74.0999984741211,74.0999984741211,15019,0.0,0.0
2025-05-27 01:45:00+00:00,74.0999984741211,74.0999984741211,74.0,74.0,6000,0.0,0.0
2025-05-27 01:50:00+00:00,74.0,74.0999984741211,74.0,74.0,15109,0.0,0.0
2025-05-27 01:55:00+00:00,74.0,74.0,73.69999694824219,73.69999694824219,22061,0.0,0.0
2025-05-27 02:00:00+00:00,73.69999694824219,73.69999694824219,73.4000015258789,73.4000015258789,19300,0.0,0.0
2025-05-27 02:05:00+00:00,73.4000015258789,73.4000015258789,73.4000015258789,73.4000015258789,6015,0.0,0.0
2025-05-27 02:10:00+00:00,73.4000015258789,73.4000015258789,73.19999694824219,73.19999694824219,10965,0.0,0.0
2025-05-27 02:15:00+00:00,73.30000305175781,73.4000015258789,73.30000305175781,73.4000015258789,11007,0.0,0.0
2025-05-27 02:20:00+00:00,73.30000305175781,73.30000305175781,73.30000305175781,73.30000305175781,6006,0.0,0.0
2025-05-27 02:25:00+00:00,73.4000015258789,73.4000015258789,73.4000015258789,73.4000015258789,1145,0.0,0.0
2025-05-27 02:30:00+00:00,73.4000015258789,73.5,73.4000015258789,73.5,3250,0.0,0.0
2025-05-27 02:40:00+00:00,73.5999984741211,73.5999984741211,73.5999984741211,73.5999984741211,4000,0.0,0.0
2025-05-27 02:45:00+00:00,73.5,73.5,73.4000015258789,73.4000015258789,6067,0.0,0.0
2025-05-27 02:50:00+00:00,73.4000015258789,73.4000015258789,73.30000305175781,73.30000305175781,11000,0.0,0.0
2025-05-27 02:55:00+00:00,73.4000015258789,73.4000015258789,73.4000015258789,73.4000015258789,1000,0.0,0.0
2025-05-27 03:00:00+00:00,73.30000305175781,73.30000305175781,73.30000305175781,73.30000305175781,3040,0.0,0.0
2025-05-27 03:05:00+00:00,73.4000015258789,73.4000015258789,73.4000015258789,73.4000015258789,2129,0.0,0.0
2025-05-27 03:10:00+00:00,73.30000305175781,73.30000305175781,73.19999694824219,73.19999694824219,12070,0.0,0.0
2025-05-27 03:15:00+00:00,73.19999694824219,73.30000305175781,73.19999694824219,73.30000305175781,5018,0.0,0.0
2025-05-27 03:20:00+00:00,73.30000305175781,73.30000305175781,73.19999694824219,73.19999694824219,8000,0.0,0.0
2025-05-27 03:25:00+00:00,73.30000305175781,73.30000305175781,73.0999984741211,73.0999984741211,15261,0.0,0.0
2025-05-27 03:30:00+00:00,73.0999984741211,73.0999984741211,73.0,73.0999984741211,34167,0.0,0.0
2025-05-27 03:35:00+00:00,73.0999984741211,73.0999984741211,73.0,73.0,27480,0.0,0.0
2025-05-27 03:40:00+00:00,73.0,73.0,73.0,73.0,8495,0.0,0.0
2025-05-27 03:45:00+00:00,73.0,73.0,73.0,73.0,10000,0.0,0.0
2025-05-27 03:50:00+00:00,73.0,73.0,73.0,73.0,2751,0.0,0.0
2025-05-27 03:55:00+00:00,73.0,73.0,72.9000015258789,72.9000015258789,19123,0.0,0.0
2025-05-27 04:00:00+00:00,72.9000015258789,72.9000015258789,72.9000015258789,72.9000015258789,7318,0.0,0.0
2025-05-27 04:05:00+00:00,72.9000015258789,72.9000015258789,72.9000015258789,72.9000015258789,27200,0.0,0.0
2025-05-27 04:10:00+00:00,73.0,73.0,73.0,73.0,14317,0.0,0.0
2025-05-27 04:15:00+00:00,72.9000015258789,73.0,72.9000015258789,72.9000015258789,13002,0.0,0.0
2025-05-27 04:20:00+00:00,72.80000305175781,72.80000305175781,72.69999694824219,72.69999694824219,37001,0.0,0.0
2025-05-27 04:25:00+00:00,72.69999694824219,72.80000305175781,72.69999694824219,72.69999694824219,8000,0.0,0.0
2025-05-27 04:30:00+00:00,72.69999694824219,72.9000015258789,72.69999694824219,72.9000015258789,21000,0.0,0.0
2025-05-27 04:40:00+00:00,72.9000015258789,72.9000015258789,72.80000305175781,72.80000305175781,5500,0.0,0.0
2025-05-27 04:45:00+00:00,72.80000305175781,72.80000305175781,72.80000305175781,72.80000305175781,20000,0.0,0.0
2025-05-27 04:55:00+00:00,72.80000305175781,72.9000015258789,72.80000305175781,72.9000015258789,19396,0.0,0.0
2025-05-27 05:00:00+00:00,72.9000015258789,72.9000015258789,72.9000015258789,72.9000015258789,3000,0.0,0.0
2025-05-27 05:05:00+00:00,72.9000015258789,73.0,72.9000015258789,73.0,18072,0.0,0.0
2025-05-27 05:10:00+00:00,73.0,73.0999984741211,73.0,73.0999984741211,3200,0.0,0.0
2025-05-27 05:15:00+00:00,73.0999984741211,73.0999984741211,72.9000015258789,72.9000015258789,17120,0.0,0.0
2025-05-27 05:20:00+00:00,72.9000015258789,73.0,72.9000015258789,73.0,8030,0.0,0.0
2025-05-28 01:00:00+00:00,73.0,73.30000305175781,73.0,73.30000305175781,0,0.0,0.0
2025-05-28 01:05:00+00:00,73.30000305175781,73.80000305175781,73.30000305175781,73.80000305175781,18700,0.0,0.0
2025-05-28 01:10:00+00:00,73.69999694824219,73.69999694824219,73.69999694824219,73.69999694824219,5105,0.0,0.0
2025-05-28 01:15:00+00:00,73.5,73.5,73.0999984741211,73.0999984741211,12170,0.0,0.0
2025-05-28 01:20:00+00:00,73.0,73.0,72.9000015258789,73.0,30009,0.0,0.0
2025-05-28 01:25:00+00:00,73.0,73.0,72.9000015258789,72.9000015258789,19036,0.0,0.0
2025-05-28 01:30:00+00:00,72.9000015258789,72.9000015258789,72.80000305175781,72.80000305175781,25140,0.0,0.0
2025-05-28 01:35:00+00:00,72.69999694824219,73.0,72.69999694824219,73.0,23235,0.0,0.0
2025-05-28 01:40:00+00:00,73.0,73.0,73.0,73.0,1000,0.0,0.0
2025-05-28 01:45:00+00:00,73.0,73.0999984741211,73.0,73.0999984741211,10000,0.0,0.0
2025-05-28 01:50:00+00:00,73.0,73.0,72.9000015258789,72.9000015258789,12000,0.0,0.0
2025-05-28 01:55:00+00:00,73.0,73.0,72.9000015258789,72.9000015258789,2000,0.0,0.0
2025-05-28 02:00:00+00:00,73.0,73.0,73.0,73.0,5000,0.0,0.0
2025-05-28 02:05:00+00:00,73.0999984741211,73.0999984741211,73.0999984741211,73.0999984741211,4100,0.0,0.0
2025-05-28 02:10:00+00:00,73.0999984741211,73.0999984741211,73.0,73.0,8736,0.0,0.0
2025-05-28 02:20:00+00:00,73.0,73.0,72.69999694824219,72.69999694824219,33570,0.0,0.0
2025-05-28 02:25:00+00:00,72.69999694824219,72.80000305175781,72.69999694824219,72.80000305175781,5071,0.0,0.0
2025-05-28 02:30:00+00:00,72.9000015258789,72.9000015258789,72.9000015258789,72.9000015258789,1000,0.0,0.0
2025-05-28 02:35:00+00:00,72.80000305175781,72.80000305175781,72.80000305175781,72.80000305175781,1000,0.0,0.0
2025-05-28 02:45:00+00:00,72.80000305175781,72.9000015258789,72.80000305175781,72.9000015258789,12200,0.0,0.0
2025-05-28 02:50:00+00:00,72.9000015258789,72.9000015258789,72.9000015258789,72.9000015258789,4000,0.0,0.0
2025-05-28 02:55:00+00:00,72.80000305175781,72.80000305175781,72.80000305175781,72.80000305175781,5005,0.0,0.0
2025-05-28 03:05:00+00:00,72.9000015258789,72.9000015258789,72.9000015258789,72.9000015258789,3320,0.0,0.0
2025-05-28 03:15:00+00:00,72.9000015258789,72.9000015258789,72.9000015258789,72.9000015258789,6000,0.0,0.0
2025-05-28 03:20:00+00:00,72.9000015258789,72.9000015258789,72.9000015258789,72.9000015258789,1000,0.0,0.0
2025-05-28 03:25:00+00:00,72.9000015258789,73.0,72.9000015258789,73.0,2040,0.0,0.0
2025-05-28 03:30:00+00:00,72.9000015258789,72.9000015258789,72.9000015258789,72.9000015258789,6000,0.0,0.0
2025-05-28 03:35:00+00:00,72.9000015258789,72.9000015258789,72.80000305175781,72.80000305175781,16000,0.0,0.0
2025-05-28 03:40:00+00:00,72.69999694824219,72.69999694824219,72.5999984741211,72.5999984741211,26355,0.0,0.0
2025-05-28 03:45:00+00:00,72.69999694824219,72.69999694824219,72.5999984741211,72.5999984741211,12099,0.0,0.0
2025-05-28 03:50:00+00:00,72.5999984741211,72.5999984741211,72.5999984741211,72.5999984741211,2000,0.0,0.0
2025-05-28 03:55:00+00:00,72.69999694824219,72.80000305175781,72.69999694824219,72.80000305175781,9070,0.0,0.0
2025-05-28 04:05:00+00:00,72.69999694824219,72.69999694824219,72.69999694824219,72.69999694824219,6000,0.0,0.0
2025-05-28 04:10:00+00:00,72.5999984741211,72.5999984741211,72.5999984741211,72.5999984741211,7100,0.0,0.0
2025-05-28 04:15:00+00:00,72.5,72.5,72.5,72.5,8018,0.0,0.0
2025-05-28 04:20:00+00:00,72.4000015258789,72.4000015258789,72.4000015258789,72.4000015258789,24085,0.0,0.0
2025-05-28 04:25:00+00:00,72.30000305175781,72.4000015258789,72.30000305175781,72.4000015258789,23080,0.0,0.0
2025-05-28 04:30:00+00:00,72.30000305175781,72.30000305175781,72.19999694824219,72.30000305175781,13870,0.0,0.0
2025-05-28 04:35:00+00:00,72.30000305175781,72.30000305175781,72.0999984741211,72.0999984741211,26005,0.0,0.0
2025-05-28 04:40:00+00:00,72.0999984741211,72.19999694824219,72.0999984741211,72.19999694824219,9002,0.0,0.0
2025-05-28 04:45:00+00:00,72.19999694824219,72.19999694824219,72.0999984741211,72.0999984741211,14000,0.0,0.0
2025-05-28 04:50:00+00:00,72.0999984741211,72.0999984741211,72.0999984741211,72.0999984741211,24070,0.0,0.0
2025-05-28 04:55:00+00:00,72.0,72.0,71.80000305175781,71.9000015258789,81044,0.0,0.0
2025-05-28 05:00:00+00:00,72.0,72.0999984741211,72.0,72.0999984741211,12018,0.0,0.0
2025-05-28 05:05:00+00:00,72.0999984741211,72.19999694824219,72.0999984741211,72.19999694824219,14100,0.0,0.0
2025-05-28 05:10:00+00:00,72.19999694824219,72.30000305175781,72.19999694824219,72.19999694824219,7015,0.0,0.0
2025-05-28 05:15:00+00:00,72.30000305175781,72.4000015258789,72.19999694824219,72.30000305175781,24060,0.0,0.0
2025-05-28 05:20:00+00:00,72.19999694824219,72.4000015258789,72.19999694824219,72.4000015258789,11875,0.0,0.0
2025-05-29 01:00:00+00:00,73.4000015258789,73.4000015258789,72.9000015258789,72.9000015258789,0,0.0,0.0
2025-05-29 01:05:00+00:00,72.9000015258789,74.69999694824219,72.9000015258789,74.30000305175781,132425,0.0,0.0
2025-05-29 01:10:00+00:00,74.19999694824219,74.4000015258789,74.0,74.0999984741211,101550,0.0,0.0
2025-05-29 01:15:00+00:00,74.0999984741211,74.19999694824219,73.9000015258789,73.9000015258789,33470,0.0,0.0
2025-05-29 01:20:00+00:00,73.80000305175781,73.80000305175781,73.5,73.5,14030,0.0,0.0
2025-05-29 01:25:00+00:00,73.5,73.5,73.5,73.5,14400,0.0,0.0
2025-05-29 01:30:00+00:00,73.5,73.80000305175781,73.5,73.80000305175781,19080,0.0,0.0
2025-05-29 01:35:00+00:00,73.80000305175781,73.9000015258789,73.69999694824219,73.80000305175781,20020,0.0,0.0
2025-05-29 01:40:00+00:00,73.80000305175781,73.80000305175781,73.80000305175781,73.80000305175781,6000,0.0,0.0
2025-05-29 01:45:00+00:00,73.80000305175781,73.80000305175781,73.69999694824219,73.80000305175781,5028,0.0,0.0
2025-05-29 01:50:00+00:00,73.9000015258789,73.9000015258789,73.80000305175781,73.80000305175781,10000,0.0,0.0
2025-05-29 01:55:00+00:00,73.80000305175781,73.80000305175781,73.80000305175781,73.80000305175781,11055,0.0,0.0
2025-05-29 02:00:00+00:00,73.80000305175781,73.80000305175781,73.69999694824219,73.69999694824219,5300,0.0,0.0
2025-05-29 02:05:00+00:00,73.69999694824219,73.69999694824219,73.69999694824219,73.69999694824219,4034,0.0,0.0
2025-05-29 02:10:00+00:00,73.69999694824219,73.69999694824219,73.5999984741211,73.5999984741211,10000,0.0,0.0
2025-05-29 02:15:00+00:00,73.5,73.5,73.5,73.5,18166,0.0,0.0
2025-05-29 02:20:00+00:00,73.5,73.5,73.5,73.5,1571,0.0,0.0
2025-05-29 02:30:00+00:00,73.5,73.5,73.5,73.5,5439,0.0,0.0
2025-05-29 02:40:00+00:00,73.5999984741211,73.9000015258789,73.5999984741211,73.9000015258789,19025,0.0,0.0
2025-05-29 02:45:00+00:00,73.9000015258789,73.9000015258789,73.9000015258789,73.9000015258789,2003,0.0,0.0
2025-05-29 02:50:00+00:00,73.9000015258789,74.0,73.9000015258789,74.0,18175,0.0,0.0
2025-05-29 02:55:00+00:00,73.9000015258789,74.19999694824219,73.9000015258789,74.19999694824219,25370,0.0,0.0
2025-05-29 03:00:00+00:00,74.19999694824219,74.19999694824219,74.19999694824219,74.19999694824219,2000,0.0,0.0
2025-05-29 03:05:00+00:00,74.19999694824219,74.19999694824219,74.0,74.0,10000,0.0,0.0
2025-05-29 03:10:00+00:00,74.0,74.19999694824219,74.0,74.19999694824219,11011,0.0,0.0
2025-05-29 03:15:00+00:00,74.19999694824219,74.19999694824219,74.19999694824219,74.19999694824219,5000,0.0,0.0
2025-05-29 03:20:00+00:00,74.19999694824219,74.19999694824219,74.0999984741211,74.19999694824219,35052,0.0,0.0
2025-05-29 03:25:00+00:00,74.30000305175781,74.30000305175781,74.30000305175781,74.30000305175781,2111,0.0,0.0
2025-05-29 03:30:00+00:00,74.30000305175781,74.5,74.30000305175781,74.4000015258789,61474,0.0,0.0
2025-05-29 03:35:00+00:00,74.4000015258789,74.4000015258789,74.19999694824219,74.4000015258789,11747,0.0,0.0
2025-05-29 03:40:00+00:00,74.30000305175781,74.4000015258789,74.30000305175781,74.4000015258789,8000,0.0,0.0
2025-05-29 03:45:00+00:00,74.30000305175781,74.30000305175781,74.30000305175781,74.30000305175781,7000,0.0,0.0
2025-05-29 03:50:00+00:00,74.19999694824219,74.4000015258789,74.19999694824219,74.4000015258789,15287,0.0,0.0
2025-05-29 04:00:00+00:00,74.4000015258789,74.4000015258789,74.4000015258789,74.4000015258789,2037,0.0,0.0
2025-05-29 04:05:00+00:00,74.4000015258789,74.4000015258789,74.30000305175781,74.30000305175781,9000,0.0,0.0
2025-05-29 04:10:00+00:00,74.30000305175781,74.4000015258789,74.19999694824219,74.19999694824219,15500,0.0,0.0
2025-05-29 04:15:00+00:00,74.0999984741211,74.0999984741211,74.0,74.0,3101,0.0,0.0
2025-05-29 04:20:00+00:00,74.0,74.0999984741211,73.9000015258789,73.9000015258789,22258,0.0,0.0
2025-05-29 04:25:00+00:00,73.9000015258789,73.9000015258789,73.9000015258789,73.9000015258789,8000,0.0,0.0
2025-05-29 04:30:00+00:00,73.80000305175781,73.9000015258789,73.80000305175781,73.9000015258789,12057,0.0,0.0
2025-05-29 04:35:00+00:00,73.9000015258789,73.9000015258789,73.9000015258789,73.9000015258789,2000,0.0,0.0
2025-05-29 04:40:00+00:00,73.9000015258789,73.9000015258789,73.9000015258789,73.9000015258789,3001,0.0,0.0
2025-05-29 04:45:00+00:00,74.0,74.30000305175781,74.0,74.30000305175781,14340,0.0,0.0
2025-05-29 04:50:00+00:00,74.0999984741211,74.0999984741211,74.0999984741211,74.0999984741211,2050,0.0,0.0
2025-05-29 04:55:00+00:00,74.0999984741211,74.19999694824219,74.0999984741211,74.19999694824219,3013,0.0,0.0
2025-05-29 05:00:00+00:00,74.30000305175781,74.30000305175781,74.19999694824219,74.19999694824219,8159,0.0,0.0
2025-05-29 05:05:00+00:00,74.19999694824219,74.30000305175781,74.19999694824219,74.30000305175781,7258,0.0,0.0
2025-05-29 05:10:00+00:00,74.19999694824219,74.19999694824219,74.19999694824219,74.19999694824219,17089,0.0,0.0
2025-05-29 05:15:00+00:00,74.19999694824219,74.19999694824219,74.0999984741211,74.19999694824219,30001,0.0,0.0
2025-05-29 05:20:00+00:00,74.0999984741211,74.30000305175781,74.0999984741211,74.30000305175781,18691,0.0,0.0
2025-06-02 01:00:00+00:00,73.69999694824219,73.69999694824219,73.19999694824219,73.5,0,0.0,0.0
2025-06-02 01:05:00+00:00,73.5999984741211,74.19999694824219,73.5999984741211,74.0999984741211,34607,0.0,0.0
2025-06-02 01:10:00+00:00,74.0,74.69999694824219,74.0,74.4000015258789,30380,0.0,0.0
2025-06-02 01:15:00+00:00,74.30000305175781,74.4000015258789,74.0999984741211,74.4000015258789,27000,0.0,0.0
2025-06-02 01:20:00+00:00,74.0999984741211,74.0999984741211,73.80000305175781,73.9000015258789,38100,0.0,0.0
2025-06-02 01:25:00+00:00,73.9000015258789,73.9000015258789,73.69999694824219,73.80000305175781,12000,0.0,0.0
2025-06-02 01:30:00+00:00,73.5999984741211,73.5999984741211,73.5,73.5,15110,0.0,0.0
2025-06-02 01:35:00+00:00,73.5,73.5999984741211,73.19999694824219,73.19999694824219,20280,0.0,0.0
2025-06-02 01:40:00+00:00,73.5,73.5,72.80000305175781,72.80000305175781,37739,0.0,0.0
2025-06-02 01:45:00+00:00,72.9000015258789,73.0,72.9000015258789,73.0,17112,0.0,0.0
2025-06-02 01:50:00+00:00,73.0999984741211,73.0999984741211,73.0,73.0,3020,0.0,0.0
2025-06-02 01:55:00+00:00,73.0999984741211,73.0999984741211,73.0999984741211,73.0999984741211,6000,0.0,0.0
2025-06-02 02:00:00+00:00,73.0999984741211,73.19999694824219,73.0999984741211,73.0999984741211,11230,0.0,0.0
2025-06-02 02:05:00+00:00,73.0,73.0,73.0,73.0,5014,0.0,0.0
2025-06-02 02:10:00+00:00,73.0999984741211,73.0999984741211,73.0,73.0,3000,0.0,0.0
2025-06-02 02:15:00+00:00,73.0,73.19999694824219,73.0,73.19999694824219,3000,0.0,0.0
2025-06-02 02:20:00+00:00,73.19999694824219,73.19999694824219,73.19999694824219,73.19999694824219,4000,0.0,0.0
2025-06-02 02:25:00+00:00,73.19999694824219,73.19999694824219,73.0999984741211,73.0999984741211,12000,0.0,0.0
2025-06-02 02:30:00+00:00,73.0,73.0,72.9000015258789,73.0,37176,0.0,0.0
2025-06-02 02:35:00+00:00,72.9000015258789,72.9000015258789,72.9000015258789,72.9000015258789,11000,0.0,0.0
2025-06-02 02:40:00+00:00,72.9000015258789,72.9000015258789,72.80000305175781,72.80000305175781,23000,0.0,0.0
2025-06-02 02:45:00+00:00,72.80000305175781,72.80000305175781,72.69999694824219,72.69999694824219,16194,0.0,0.0
2025-06-02 02:50:00+00:00,72.69999694824219,72.69999694824219,72.5999984741211,72.69999694824219,37055,0.0,0.0
2025-06-02 02:55:00+00:00,72.69999694824219,72.69999694824219,72.5999984741211,72.5999984741211,12000,0.0,0.0
2025-06-02 03:00:00+00:00,72.69999694824219,72.69999694824219,72.5,72.5999984741211,40105,0.0,0.0
2025-06-02 03:05:00+00:00,72.5999984741211,72.5999984741211,72.5,72.5,26254,0.0,0.0
2025-06-02 03:15:00+00:00,72.4000015258789,72.5999984741211,72.30000305175781,72.5,39100,0.0,0.0
2025-06-02 03:20:00+00:00,72.5,72.5999984741211,72.5,72.5,6050,0.0,0.0
2025-06-02 03:25:00+00:00,72.5,72.5,72.5,72.5,5100,0.0,0.0
2025-06-02 03:30:00+00:00,72.5999984741211,73.0,72.5999984741211,73.0,24540,0.0,0.0
2025-06-02 03:35:00+00:00,72.80000305175781,72.80000305175781,72.80000305175781,72.80000305175781,3000,0.0,0.0
2025-06-02 03:40:00+00:00,72.80000305175781,72.80000305175781,72.80000305175781,72.80000305175781,2000,0.0,0.0
2025-06-02 03:45:00+00:00,72.69999694824219,72.69999694824219,72.69999694824219,72.69999694824219,6030,0.0,0.0
2025-06-02 03:50:00+00:00,72.69999694824219,72.69999694824219,72.69999694824219,72.69999694824219,2000,0.0,0.0
2025-06-02 03:55:00+00:00,72.69999694824219,72.69999694824219,72.69999694824219,72.69999694824219,1000,0.0,0.0
2025-06-02 04:00:00+00:00,72.5999984741211,72.5999984741211,72.5999984741211,72.5999984741211,1270,0.0,0.0
2025-06-02 04:05:00+00:00,72.5999984741211,72.5999984741211,72.5999984741211,72.5999984741211,2155,0.0,0.0
2025-06-02 04:10:00+00:00,72.69999694824219,72.69999694824219,72.5999984741211,72.5999984741211,4000,0.0,0.0
2025-06-02 04:20:00+00:00,72.69999694824219,72.69999694824219,72.69999694824219,72.69999694824219,10591,0.0,0.0
2025-06-02 04:25:00+00:00,72.80000305175781,72.80000305175781,72.80000305175781,72.80000305175781,1000,0.0,0.0
2025-06-02 04:30:00+00:00,72.80000305175781,72.9000015258789,72.80000305175781,72.9000015258789,4303,0.0,0.0
2025-06-02 04:35:00+00:00,72.9000015258789,72.9000015258789,72.80000305175781,72.80000305175781,3001,0.0,0.0
2025-06-02 04:45:00+00:00,72.80000305175781,72.80000305175781,72.69999694824219,72.69999694824219,6000,0.0,0.0
2025-06-02 04:50:00+00:00,72.80000305175781,72.80000305175781,72.80000305175781,72.80000305175781,8000,0.0,0.0
2025-06-02 04:55:00+00:00,72.80000305175781,72.9000015258789,72.80000305175781,72.9000015258789,17000,0.0,0.0
2025-06-02 05:00:00+00:00,72.9000015258789,72.9000015258789,72.80000305175781,72.80000305175781,3000,0.0,0.0
2025-06-02 05:05:00+00:00,72.9000015258789,72.9000015258789,72.9000015258789,72.9000015258789,6000,0.0,0.0
2025-06-02 05:10:00+00:00,72.9000015258789,72.9000015258789,72.9000015258789,72.9000015258789,3108,0.0,0.0
2025-06-02 05:15:00+00:00,72.9000015258789,73.0999984741211,72.9000015258789,73.0,9069,0.0,0.0
2025-06-02 05:20:00+00:00,73.0999984741211,73.0999984741211,72.80000305175781,72.80000305175781,50120,0.0,0.0
2025-06-03 01:00:00+00:00,73.0999984741211,73.80000305175781,73.0999984741211,73.4000015258789,0,0.0,0.0
2025-06-03 01:05:00+00:00,73.4000015258789,73.5999984741211,73.4000015258789,73.5999984741211,13000,0.0,0.0
2025-06-03 01:10:00+00:00,73.5999984741211,73.5999984741211,73.5999984741211,73.5999984741211,2150,0.0,0.0
2025-06-03 01:15:00+00:00,73.5,73.5999984741211,73.5,73.5999984741211,5016,0.0,0.0
2025-06-03 01:20:00+00:00,73.5,73.5,73.5,73.5,9130,0.0,0.0
2025-06-03 01:25:00+00:00,73.5,73.5999984741211,73.4000015258789,73.5999984741211,15000,0.0,0.0
2025-06-03 01:30:00+00:00,73.5,73.5,73.5,73.5,2000,0.0,0.0
2025-06-03 01:35:00+00:00,73.5999984741211,74.0,73.5999984741211,74.0,65724,0.0,0.0
2025-06-03 01:40:00+00:00,74.0999984741211,74.19999694824219,74.0,74.0999984741211,26100,0.0,0.0
2025-06-03 01:45:00+00:00,74.0999984741211,74.4000015258789,74.0999984741211,74.4000015258789,43255,0.0,0.0
2025-06-03 01:50:00+00:00,74.4000015258789,74.5,74.30000305175781,74.4000015258789,43101,0.0,0.0
2025-06-03 01:55:00+00:00,74.4000015258789,74.80000305175781,74.30000305175781,74.5999984741211,122048,0.0,0.0
2025-06-03 02:00:00+00:00,74.69999694824219,75.0,74.5,74.5999984741211,91988,0.0,0.0
2025-06-03 02:05:00+00:00,74.5999984741211,74.5999984741211,74.4000015258789,74.5,24102,0.0,0.0
2025-06-03 02:10:00+00:00,74.5,74.5,74.30000305175781,74.30000305175781,12018,0.0,0.0
2025-06-03 02:15:00+00:00,74.30000305175781,74.30000305175781,74.0999984741211,74.0999984741211,23128,0.0,0.0
2025-06-03 02:20:00+00:00,74.0999984741211,74.30000305175781,74.0999984741211,74.30000305175781,10000,0.0,0.0
2025-06-03 02:25:00+00:00,74.30000305175781,74.30000305175781,74.19999694824219,74.19999694824219,8000,0.0,0.0
2025-06-03 02:30:00+00:00,74.0999984741211,74.30000305175781,74.0999984741211,74.30000305175781,11000,0.0,0.0
2025-06-03 02:35:00+00:00,74.19999694824219,74.19999694824219,74.19999694824219,74.19999694824219,7000,0.0,0.0
2025-06-03 02:40:00+00:00,74.0999984741211,74.0999984741211,74.0,74.0,9000,0.0,0.0
2025-06-03 02:45:00+00:00,74.0999984741211,74.0999984741211,74.0999984741211,74.0999984741211,4129,0.0,0.0
2025-06-03 02:50:00+00:00,74.0999984741211,74.4000015258789,74.0999984741211,74.4000015258789,17111,0.0,0.0
2025-06-03 02:55:00+00:00,74.30000305175781,74.30000305175781,74.19999694824219,74.19999694824219,3001,0.0,0.0
2025-06-03 03:00:00+00:00,74.30000305175781,74.30000305175781,74.30000305175781,74.30000305175781,12000,0.0,0.0
2025-06-03 03:05:00+00:00,74.30000305175781,74.30000305175781,74.30000305175781,74.30000305175781,16039,0.0,0.0
2025-06-03 03:10:00+00:00,74.30000305175781,74.4000015258789,74.30000305175781,74.4000015258789,4014,0.0,0.0
2025-06-03 03:15:00+00:00,74.30000305175781,74.30000305175781,74.19999694824219,74.19999694824219,9015,0.0,0.0
2025-06-03 03:25:00+00:00,74.19999694824219,74.19999694824219,74.19999694824219,74.19999694824219,7000,0.0,0.0
2025-06-03 03:35:00+00:00,74.30000305175781,74.30000305175781,74.30000305175781,74.30000305175781,3000,0.0,0.0
2025-06-03 03:40:00+00:00,74.30000305175781,74.30000305175781,74.30000305175781,74.30000305175781,2002,0.0,0.0
2025-06-03 03:45:00+00:00,74.19999694824219,74.19999694824219,74.19999694824219,74.19999694824219,1150,0.0,0.0
2025-06-03 03:50:00+00:00,74.4000015258789,74.4000015258789,74.4000015258789,74.4000015258789,8185,0.0,0.0
2025-06-03 03:55:00+00:00,74.4000015258789,74.5,74.4000015258789,74.5,37416,0.0,0.0
2025-06-03 04:00:00+00:00,74.5,74.5999984741211,74.5,74.5,25180,0.0,0.0
2025-06-03 04:05:00+00:00,74.5,74.80000305175781,74.5,74.80000305175781,72282,0.0,0.0
2025-06-03 04:10:00+00:00,74.9000015258789,75.0999984741211,74.80000305175781,74.9000015258789,140249,0.0,0.0
2025-06-03 04:15:00+00:00,74.9000015258789,74.9000015258789,74.80000305175781,74.9000015258789,17000,0.0,0.0
2025-06-03 04:20:00+00:00,74.80000305175781,75.4000015258789,74.80000305175781,75.4000015258789,121015,0.0,0.0
2025-06-03 04:25:00+00:00,75.4000015258789,75.5,75.30000305175781,75.30000305175781,63165,0.0,0.0
2025-06-03 04:30:00+00:00,75.30000305175781,75.5999984741211,75.30000305175781,75.4000015258789,78949,0.0,0.0
2025-06-03 04:35:00+00:00,75.4000015258789,76.9000015258789,75.4000015258789,76.30000305175781,273357,0.0,0.0
2025-06-03 04:40:00+00:00,76.19999694824219,76.30000305175781,76.0999984741211,76.0999984741211,81212,0.0,0.0
2025-06-03 04:45:00+00:00,76.0999984741211,76.0999984741211,76.0,76.0,88150,0.0,0.0
2025-06-03 04:50:00+00:00,76.0,76.0,75.9000015258789,76.0,39488,0.0,0.0
2025-06-03 04:55:00+00:00,76.0,76.0,75.9000015258789,75.9000015258789,24275,0.0,0.0
2025-06-03 05:00:00+00:00,76.0,76.0,75.9000015258789,75.9000015258789,27525,0.0,0.0
2025-06-03 05:05:00+00:00,75.80000305175781,75.9000015258789,75.80000305175781,75.80000305175781,14280,0.0,0.0
2025-06-03 05:10:00+00:00,75.80000305175781,75.9000015258789,75.80000305175781,75.80000305175781,24000,0.0,0.0
2025-06-03 05:15:00+00:00,75.69999694824219,75.69999694824219,75.5,75.5999984741211,38386,0.0,0.0
2025-06-03 05:20:00+00:00,75.5999984741211,75.80000305175781,75.5,75.5,55107,0.0,0.0
2025-06-04 01:00:00+00:00,76.30000305175781,76.5999984741211,76.0,76.4000015258789,0,0.0,0.0
2025-06-04 01:05:00+00:00,76.4000015258789,76.5999984741211,76.30000305175781,76.5,75000,0.0,0.0
2025-06-04 01:10:00+00:00,76.9000015258789,76.9000015258789,76.5,76.5,130928,0.0,0.0
2025-06-04 01:15:00+00:00,76.5,76.5,76.0,76.30000305175781,92078,0.0,0.0
2025-06-04 01:20:00+00:00,76.30000305175781,76.4000015258789,76.19999694824219,76.30000305175781,6503,0.0,0.0
2025-06-04 01:25:00+00:00,76.30000305175781,76.5999984741211,76.30000305175781,76.30000305175781,47321,0.0,0.0
2025-06-04 01:30:00+00:00,76.30000305175781,76.4000015258789,76.0,76.0,73428,0.0,0.0
2025-06-04 01:35:00+00:00,76.0,76.0,75.9000015258789,75.9000015258789,19292,0.0,0.0
2025-06-04 01:40:00+00:00,75.9000015258789,75.9000015258789,75.9000015258789,75.9000015258789,15200,0.0,0.0
2025-06-04 01:45:00+00:00,75.9000015258789,75.9000015258789,75.9000015258789,75.9000015258789,6000,0.0,0.0
2025-06-04 01:50:00+00:00,75.80000305175781,75.80000305175781,75.5999984741211,75.80000305175781,38400,0.0,0.0
2025-06-04 01:55:00+00:00,75.80000305175781,75.80000305175781,75.5999984741211,75.5999984741211,28252,0.0,0.0
2025-06-04 02:00:00+00:00,75.5999984741211,75.9000015258789,75.5,75.69999694824219,34000,0.0,0.0
2025-06-04 02:05:00+00:00,75.80000305175781,76.0,75.80000305175781,76.0,21000,0.0,0.0
2025-06-04 02:10:00+00:00,76.0999984741211,76.0999984741211,75.9000015258789,75.9000015258789,7000,0.0,0.0
2025-06-04 02:15:00+00:00,76.0,76.0,76.0,76.0,2220,0.0,0.0
2025-06-04 02:20:00+00:00,76.0,76.0999984741211,75.9000015258789,76.0,18004,0.0,0.0
2025-06-04 02:25:00+00:00,76.0,76.0,76.0,76.0,9000,0.0,0.0
2025-06-04 02:30:00+00:00,76.0,76.0999984741211,76.0,76.0,12600,0.0,0.0
2025-06-04 02:35:00+00:00,76.0,76.0,75.9000015258789,75.9000015258789,14000,0.0,0.0
2025-06-04 02:40:00+00:00,75.9000015258789,75.9000015258789,75.80000305175781,75.9000015258789,8037,0.0,0.0
2025-06-04 02:45:00+00:00,75.9000015258789,75.9000015258789,75.9000015258789,75.9000015258789,4313,0.0,0.0
2025-06-04 02:50:00+00:00,76.0,76.0999984741211,76.0,76.0999984741211,19150,0.0,0.0
2025-06-04 02:55:00+00:00,76.30000305175781,76.4000015258789,76.30000305175781,76.30000305175781,53451,0.0,0.0
2025-06-04 03:00:00+00:00,76.30000305175781,76.30000305175781,76.19999694824219,76.19999694824219,12000,0.0,0.0
2025-06-04 03:05:00+00:00,76.0999984741211,76.0999984741211,76.0,76.0,5000,0.0,0.0
2025-06-04 03:10:00+00:00,76.0,76.0,76.0,76.0,8000,0.0,0.0
2025-06-04 03:15:00+00:00,76.0999984741211,76.19999694824219,76.0999984741211,76.19999694824219,2100,0.0,0.0
2025-06-04 03:20:00+00:00,76.0999984741211,76.0999984741211,76.0,76.0,4660,0.0,0.0
2025-06-04 03:25:00+00:00,75.9000015258789,75.9000015258789,75.9000015258789,75.9000015258789,7339,0.0,0.0
2025-06-04 03:30:00+00:00,75.80000305175781,75.80000305175781,75.80000305175781,75.80000305175781,4000,0.0,0.0
2025-06-04 03:35:00+00:00,75.80000305175781,75.80000305175781,75.80000305175781,75.80000305175781,2782,0.0,0.0
2025-06-04 03:40:00+00:00,75.69999694824219,75.69999694824219,75.5999984741211,75.5999984741211,23000,0.0,0.0
2025-06-04 03:45:00+00:00,75.5999984741211,75.69999694824219,75.5999984741211,75.69999694824219,27000,0.0,0.0
2025-06-04 03:50:00+00:00,75.69999694824219,75.80000305175781,75.69999694824219,75.80000305175781,7000,0.0,0.0
2025-06-04 03:55:00+00:00,75.80000305175781,75.80000305175781,75.69999694824219,75.69999694824219,6010,0.0,0.0
2025-06-04 04:00:00+00:00,75.69999694824219,75.69999694824219,75.69999694824219,75.69999694824219,3000,0.0,0.0
2025-06-04 04:05:00+00:00,75.69999694824219,75.80000305175781,75.69999694824219,75.80000305175781,10025,0.0,0.0
2025-06-04 04:10:00+00:00,75.69999694824219,75.80000305175781,75.69999694824219,75.80000305175781,6000,0.0,0.0
2025-06-04 04:15:00+00:00,75.80000305175781,75.9000015258789,75.69999694824219,75.9000015258789,6010,0.0,0.0
2025-06-04 04:20:00+00:00,75.9000015258789,75.9000015258789,75.9000015258789,75.9000015258789,13016,0.0,0.0
2025-06-04 04:25:00+00:00,75.9000015258789,75.9000015258789,75.9000015258789,75.9000015258789,2350,0.0,0.0
2025-06-04 04:30:00+00:00,75.9000015258789,75.9000015258789,75.9000015258789,75.9000015258789,3010,0.0,0.0
2025-06-04 04:35:00+00:00,75.9000015258789,75.9000015258789,75.80000305175781,75.80000305175781,4140,0.0,0.0
2025-06-04 04:40:00+00:00,75.80000305175781,75.80000305175781,75.69999694824219,75.69999694824219,22067,0.0,0.0
2025-06-04 04:45:00+00:00,75.69999694824219,75.80000305175781,75.69999694824219,75.80000305175781,7026,0.0,0.0
2025-06-04 04:50:00+00:00,75.9000015258789,75.9000015258789,75.9000015258789,75.9000015258789,1000,0.0,0.0
2025-06-04 04:55:00+00:00,75.9000015258789,75.9000015258789,75.80000305175781,75.80000305175781,7000,0.0,0.0
2025-06-04 05:00:00+00:00,75.80000305175781,76.0,75.69999694824219,75.69999694824219,20090,0.0,0.0
2025-06-04 05:05:00+00:00,75.69999694824219,75.69999694824219,75.5999984741211,75.5999984741211,12000,0.0,0.0
2025-06-04 05:10:00+00:00,75.69999694824219,75.69999694824219,75.69999694824219,75.69999694824219,6020,0.0,0.0
2025-06-04 05:15:00+00:00,75.69999694824219,75.69999694824219,75.69999694824219,75.69999694824219,24056,0.0,0.0
2025-06-04 05:20:00+00:00,75.69999694824219,75.9000015258789,75.69999694824219,75.69999694824219,23022,0.0,0.0
2025-06-05 01:00:00+00:00,76.5,76.5,75.5999984741211,75.80000305175781,0,0.0,0.0
2025-06-05 01:05:00+00:00,75.80000305175781,75.80000305175781,75.80000305175781,75.80000305175781,14404,0.0,0.0
2025-06-05 01:10:00+00:00,75.9000015258789,75.9000015258789,75.80000305175781,75.80000305175781,18555,0.0,0.0
2025-06-05 01:15:00+00:00,75.80000305175781,75.80000305175781,75.5999984741211,75.5999984741211,26239,0.0,0.0
2025-06-05 01:20:00+00:00,75.5999984741211,75.5999984741211,75.4000015258789,75.4000015258789,25055,0.0,0.0
2025-06-05 01:25:00+00:00,75.4000015258789,75.4000015258789,75.19999694824219,75.30000305175781,20778,0.0,0.0
2025-06-05 01:30:00+00:00,75.4000015258789,75.4000015258789,75.19999694824219,75.4000015258789,23034,0.0,0.0
2025-06-05 01:35:00+00:00,75.4000015258789,75.4000015258789,75.30000305175781,75.4000015258789,10180,0.0,0.0
2025-06-05 01:40:00+00:00,75.4000015258789,75.4000015258789,75.30000305175781,75.30000305175781,4350,0.0,0.0
2025-06-05 01:45:00+00:00,75.4000015258789,75.5,75.30000305175781,75.5,4001,0.0,0.0
2025-06-05 01:50:00+00:00,75.5,75.5,75.4000015258789,75.4000015258789,8010,0.0,0.0
2025-06-05 01:55:00+00:00,75.5,75.5,75.5,75.5,1000,0.0,0.0
2025-06-05 02:00:00+00:00,75.5,75.5,75.4000015258789,75.4000015258789,19020,0.0,0.0
2025-06-05 02:05:00+00:00,75.5,75.5,75.4000015258789,75.4000015258789,23055,0.0,0.0
2025-06-05 02:10:00+00:00,75.30000305175781,75.30000305175781,75.19999694824219,75.19999694824219,14001,0.0,0.0
2025-06-05 02:15:00+00:00,75.0999984741211,75.30000305175781,75.0999984741211,75.30000305175781,20000,0.0,0.0
2025-06-05 02:20:00+00:00,75.30000305175781,75.30000305175781,75.19999694824219,75.30000305175781,7007,0.0,0.0
2025-06-05 02:25:00+00:00,75.19999694824219,75.19999694824219,75.0,75.0999984741211,16330,0.0,0.0
2025-06-05 02:30:00+00:00,75.0999984741211,75.19999694824219,75.0,75.19999694824219,7205,0.0,0.0
2025-06-05 02:35:00+00:00,75.19999694824219,75.19999694824219,75.0999984741211,75.19999694824219,8003,0.0,0.0
2025-06-05 02:40:00+00:00,75.19999694824219,75.19999694824219,75.19999694824219,75.19999694824219,3467,0.0,0.0
2025-06-05 02:45:00+00:00,75.19999694824219,75.19999694824219,75.0999984741211,75.0999984741211,9250,0.0,0.0
2025-06-05 02:50:00+00:00,75.0999984741211,75.19999694824219,75.0999984741211,75.0999984741211,9050,0.0,0.0
2025-06-05 02:55:00+00:00,75.19999694824219,75.19999694824219,75.19999694824219,75.19999694824219,3000,0.0,0.0
2025-06-05 03:00:00+00:00,75.0999984741211,75.0999984741211,75.0,75.0,18000,0.0,0.0
2025-06-05 03:05:00+00:00,75.0,75.0999984741211,75.0,75.0999984741211,7000,0.0,0.0
2025-06-05 03:10:00+00:00,75.0999984741211,75.4000015258789,75.0999984741211,75.30000305175781,32000,0.0,0.0
2025-06-05 03:15:00+00:00,75.30000305175781,75.30000305175781,75.30000305175781,75.30000305175781,3000,0.0,0.0
2025-06-05 03:20:00+00:00,75.19999694824219,75.19999694824219,75.19999694824219,75.19999694824219,0,0.0,0.0
2025-06-05 03:25:00+00:00,75.0999984741211,75.0999984741211,75.0999984741211,75.0999984741211,504994,0.0,0.0
2025-06-05 03:35:00+00:00,75.0999984741211,75.19999694824219,75.0999984741211,75.19999694824219,8000,0.0,0.0
2025-06-05 03:40:00+00:00,75.19999694824219,75.19999694824219,75.19999694824219,75.19999694824219,3100,0.0,0.0
2025-06-05 03:45:00+00:00,75.30000305175781,75.5,75.30000305175781,75.5,31000,0.0,0.0
2025-06-05 03:50:00+00:00,75.30000305175781,75.5,75.30000305175781,75.30000305175781,13092,0.0,0.0
2025-06-05 03:55:00+00:00,75.30000305175781,75.30000305175781,75.19999694824219,75.30000305175781,6079,0.0,0.0
2025-06-05 04:00:00+00:00,75.19999694824219,75.19999694824219,75.19999694824219,75.19999694824219,2000,0.0,0.0
2025-06-05 04:05:00+00:00,75.0999984741211,75.0999984741211,75.0999984741211,75.0999984741211,12039,0.0,0.0
2025-06-05 04:10:00+00:00,75.0999984741211,75.0999984741211,75.0999984741211,75.0999984741211,4000,0.0,0.0
2025-06-05 04:15:00+00:00,75.0999984741211,75.0999984741211,75.0,75.0999984741211,5242,0.0,0.0
2025-06-05 04:20:00+00:00,75.0999984741211,75.0999984741211,75.0999984741211,75.0999984741211,3147,0.0,0.0
2025-06-05 04:25:00+00:00,75.0999984741211,75.19999694824219,75.0999984741211,75.19999694824219,9145,0.0,0.0
2025-06-05 04:30:00+00:00,75.0999984741211,75.19999694824219,75.0999984741211,75.0999984741211,5100,0.0,0.0
2025-06-05 04:35:00+00:00,75.19999694824219,75.19999694824219,75.0999984741211,75.0999984741211,2000,0.0,0.0
2025-06-05 04:40:00+00:00,75.19999694824219,75.4000015258789,75.19999694824219,75.30000305175781,16068,0.0,0.0
2025-06-05 04:45:00+00:00,75.30000305175781,75.30000305175781,75.30000305175781,75.30000305175781,7000,0.0,0.0
2025-06-05 04:50:00+00:00,75.30000305175781,75.4000015258789,75.30000305175781,75.4000015258789,10100,0.0,0.0
2025-06-05 04:55:00+00:00,75.5,75.5,75.30000305175781,75.30000305175781,3164,0.0,0.0
2025-06-05 05:00:00+00:00,75.30000305175781,75.30000305175781,75.30000305175781,75.30000305175781,4000,0.0,0.0
2025-06-05 05:05:00+00:00,75.19999694824219,75.30000305175781,75.19999694824219,75.19999694824219,17100,0.0,0.0
2025-06-05 05:10:00+00:00,75.30000305175781,75.30000305175781,75.30000305175781,75.30000305175781,2221,0.0,0.0
2025-06-05 05:15:00+00:00,75.19999694824219,75.19999694824219,75.19999694824219,75.19999694824219,13000,0.0,0.0
2025-06-05 05:20:00+00:00,75.19999694824219,75.19999694824219,75.0999984741211,75.19999694824219,17681,0.0,0.0
2025-06-06 01:00:00+00:00,74.9000015258789,75.0,74.80000305175781,74.80000305175781,0,0.0,0.0
2025-06-06 01:05:00+00:00,74.80000305175781,75.0999984741211,74.80000305175781,75.0,8000,0.0,0.0
2025-06-06 01:10:00+00:00,75.19999694824219,75.19999694824219,75.19999694824219,75.19999694824219,2730,0.0,0.0
2025-06-06 01:15:00+00:00,75.19999694824219,75.5999984741211,75.19999694824219,75.5999984741211,31000,0.0,0.0
2025-06-06 01:20:00+00:00,75.5,75.5999984741211,75.30000305175781,75.30000305175781,25022,0.0,0.0
2025-06-06 01:25:00+00:00,75.30000305175781,75.30000305175781,75.30000305175781,75.30000305175781,4000,0.0,0.0
2025-06-06 01:30:00+00:00,75.30000305175781,75.30000305175781,75.30000305175781,75.30000305175781,16589,0.0,0.0
2025-06-06 01:35:00+00:00,75.30000305175781,75.30000305175781,75.19999694824219,75.30000305175781,32532,0.0,0.0
2025-06-06 01:40:00+00:00,75.4000015258789,75.69999694824219,75.4000015258789,75.5,39012,0.0,0.0
2025-06-06 01:45:00+00:00,75.5,75.69999694824219,75.5,75.69999694824219,44000,0.0,0.0
2025-06-06 01:50:00+00:00,75.69999694824219,75.69999694824219,75.5999984741211,75.5999984741211,7000,0.0,0.0
2025-06-06 01:55:00+00:00,75.5999984741211,75.80000305175781,75.5,75.80000305175781,22100,0.0,0.0
2025-06-06 02:00:00+00:00,75.80000305175781,75.80000305175781,75.5999984741211,75.5999984741211,10003,0.0,0.0
2025-06-06 02:05:00+00:00,75.5999984741211,75.5999984741211,75.5999984741211,75.5999984741211,7000,0.0,0.0
2025-06-06 02:10:00+00:00,75.5999984741211,75.69999694824219,75.5999984741211,75.69999694824219,4200,0.0,0.0
2025-06-06 02:15:00+00:00,75.69999694824219,76.5,75.69999694824219,76.19999694824219,194408,0.0,0.0
2025-06-06 02:20:00+00:00,76.19999694824219,76.4000015258789,76.19999694824219,76.30000305175781,54120,0.0,0.0
2025-06-06 02:25:00+00:00,76.4000015258789,76.4000015258789,76.19999694824219,76.19999694824219,20086,0.0,0.0
2025-06-06 02:30:00+00:00,76.19999694824219,76.19999694824219,76.0,76.0,21390,0.0,0.0
2025-06-06 02:35:00+00:00,76.0,76.0,76.0,76.0,3000,0.0,0.0
2025-06-06 02:40:00+00:00,76.0,76.0,75.9000015258789,75.9000015258789,8030,0.0,0.0
2025-06-06 02:45:00+00:00,75.9000015258789,76.0999984741211,75.5,75.9000015258789,37120,0.0,0.0
2025-06-06 02:50:00+00:00,76.0999984741211,76.0999984741211,76.0,76.0,17000,0.0,0.0
2025-06-06 03:00:00+00:00,76.0,76.0,76.0,76.0,4040,0.0,0.0
2025-06-06 03:05:00+00:00,75.9000015258789,76.0999984741211,75.80000305175781,76.0999984741211,13150,0.0,0.0
2025-06-06 03:10:00+00:00,76.0999984741211,76.0999984741211,76.0999984741211,76.0999984741211,18397,0.0,0.0
2025-06-06 03:15:00+00:00,76.0,76.0,76.0,76.0,2000,0.0,0.0
2025-06-06 03:20:00+00:00,76.0,76.0,76.0,76.0,2000,0.0,0.0
2025-06-06 03:25:00+00:00,76.0,76.0,75.9000015258789,75.9000015258789,14000,0.0,0.0
2025-06-06 03:30:00+00:00,75.9000015258789,75.9000015258789,75.80000305175781,75.80000305175781,12000,0.0,0.0
2025-06-06 03:35:00+00:00,75.69999694824219,75.69999694824219,75.69999694824219,75.69999694824219,4220,0.0,0.0
2025-06-06 03:40:00+00:00,75.5999984741211,75.5999984741211,75.5999984741211,75.5999984741211,9000,0.0,0.0
2025-06-06 03:45:00+00:00,75.5999984741211,75.5999984741211,75.5999984741211,75.5999984741211,2000,0.0,0.0
2025-06-06 03:50:00+00:00,75.5999984741211,75.69999694824219,75.5999984741211,75.69999694824219,5049,0.0,0.0
2025-06-06 03:55:00+00:00,75.69999694824219,75.80000305175781,75.69999694824219,75.80000305175781,4000,0.0,0.0
2025-06-06 04:00:00+00:00,75.80000305175781,75.80000305175781,75.80000305175781,75.80000305175781,4001,0.0,0.0
2025-06-06 04:05:00+00:00,75.80000305175781,75.80000305175781,75.80000305175781,75.80000305175781,7050,0.0,0.0
2025-06-06 04:10:00+00:00,75.80000305175781,75.80000305175781,75.80000305175781,75.80000305175781,2036,0.0,0.0
2025-06-06 04:15:00+00:00,75.69999694824219,75.69999694824219,75.5999984741211,75.5999984741211,7106,0.0,0.0
2025-06-06 04:20:00+00:00,75.5999984741211,75.80000305175781,75.5999984741211,75.80000305175781,5000,0.0,0.0
2025-06-06 04:30:00+00:00,75.69999694824219,75.69999694824219,75.5,75.5,19090,0.0,0.0
2025-06-06 04:35:00+00:00,75.5,75.5999984741211,75.5,75.5999984741211,3000,0.0,0.0
2025-06-06 04:40:00+00:00,75.5999984741211,75.5999984741211,75.5999984741211,75.5999984741211,1000,0.0,0.0
2025-06-06 04:45:00+00:00,75.69999694824219,75.80000305175781,75.69999694824219,75.80000305175781,19000,0.0,0.0
2025-06-06 04:50:00+00:00,75.69999694824219,75.69999694824219,75.69999694824219,75.69999694824219,1001,0.0,0.0
2025-06-06 04:55:00+00:00,75.80000305175781,75.80000305175781,75.80000305175781,75.80000305175781,19100,0.0,0.0
2025-06-06 05:00:00+00:00,75.9000015258789,75.9000015258789,75.80000305175781,75.9000015258789,21000,0.0,0.0
2025-06-06 05:05:00+00:00,75.9000015258789,76.0,75.9000015258789,76.0,18000,0.0,0.0
2025-06-06 05:10:00+00:00,76.0,76.0,75.9000015258789,75.9000015258789,12022,0.0,0.0
2025-06-06 05:15:00+00:00,75.9000015258789,75.9000015258789,75.69999694824219,75.9000015258789,38109,0.0,0.0
2025-06-06 05:20:00+00:00,75.80000305175781,75.9000015258789,75.69999694824219,75.69999694824219,14180,0.0,0.0
2025-06-09 01:00:00+00:00,74.0,74.0,72.19999694824219,72.5999984741211,0,0.0,0.0
2025-06-09 01:05:00+00:00,72.80000305175781,72.9000015258789,72.4000015258789,72.5999984741211,161000,0.0,0.0
2025-06-09 01:10:00+00:00,72.5,72.5999984741211,72.30000305175781,72.5,282185,0.0,0.0
2025-06-09 01:15:00+00:00,72.5,72.5,71.30000305175781,71.5,449690,0.0,0.0
2025-06-09 01:20:00+00:00,71.5,71.5999984741211,71.19999694824219,71.4000015258789,150277,0.0,0.0
2025-06-09 01:25:00+00:00,71.4000015258789,71.5,71.0,71.0999984741211,146870,0.0,0.0
2025-06-09 01:30:00+00:00,71.0999984741211,71.5,70.80000305175781,71.4000015258789,150981,0.0,0.0
2025-06-09 01:35:00+00:00,71.4000015258789,71.4000015258789,71.0999984741211,71.0999984741211,72855,0.0,0.0
2025-06-09 01:40:00+00:00,71.0999984741211,71.19999694824219,71.0,71.19999694824219,37064,0.0,0.0
2025-06-09 01:45:00+00:00,71.0999984741211,71.0999984741211,70.5,70.5999984741211,163982,0.0,0.0
2025-06-09 01:50:00+00:00,70.5,70.80000305175781,70.30000305175781,70.5999984741211,124066,0.0,0.0
2025-06-09 01:55:00+00:00,70.5999984741211,70.5999984741211,70.5999984741211,70.5999984741211,23677,0.0,0.0
2025-06-09 02:00:00+00:00,70.5999984741211,71.19999694824219,70.5999984741211,71.0999984741211,71000,0.0,0.0
2025-06-09 02:05:00+00:00,71.0,71.0,70.69999694824219,70.69999694824219,42092,0.0,0.0
2025-06-09 02:10:00+00:00,70.80000305175781,71.0,70.69999694824219,71.0,35210,0.0,0.0
2025-06-09 02:15:00+00:00,71.0,71.0,70.9000015258789,70.9000015258789,26615,0.0,0.0
2025-06-09 02:20:00+00:00,71.0,71.4000015258789,70.80000305175781,71.4000015258789,36000,0.0,0.0
2025-06-09 02:25:00+00:00,71.4000015258789,71.4000015258789,71.19999694824219,71.19999694824219,28005,0.0,0.0
2025-06-09 02:30:00+00:00,71.19999694824219,71.4000015258789,71.19999694824219,71.4000015258789,14662,0.0,0.0
2025-06-09 02:35:00+00:00,71.5,71.69999694824219,71.0999984741211,71.5,100100,0.0,0.0
2025-06-09 02:40:00+00:00,71.5999984741211,71.80000305175781,71.5999984741211,71.69999694824219,22430,0.0,0.0
2025-06-09 02:45:00+00:00,71.69999694824219,71.69999694824219,71.5999984741211,71.5999984741211,28018,0.0,0.0
2025-06-09 02:50:00+00:00,71.69999694824219,71.9000015258789,71.69999694824219,71.9000015258789,19528,0.0,0.0
2025-06-09 02:55:00+00:00,71.80000305175781,72.0,71.80000305175781,71.80000305175781,26400,0.0,0.0
2025-06-09 03:00:00+00:00,71.80000305175781,71.9000015258789,71.80000305175781,71.9000015258789,14200,0.0,0.0
2025-06-09 03:05:00+00:00,71.80000305175781,71.80000305175781,71.5999984741211,71.80000305175781,28109,0.0,0.0
2025-06-09 03:10:00+00:00,71.80000305175781,71.80000305175781,71.80000305175781,71.80000305175781,13000,0.0,0.0
2025-06-09 03:15:00+00:00,71.80000305175781,71.80000305175781,71.80000305175781,71.80000305175781,1000,0.0,0.0
2025-06-09 03:20:00+00:00,71.80000305175781,71.80000305175781,71.69999694824219,71.69999694824219,14150,0.0,0.0
2025-06-09 03:25:00+00:00,71.69999694824219,71.69999694824219,71.5,71.5999984741211,23536,0.0,0.0
2025-06-09 03:30:00+00:00,71.69999694824219,71.69999694824219,71.69999694824219,71.69999694824219,3000,0.0,0.0
2025-06-09 03:35:00+00:00,71.80000305175781,71.80000305175781,71.80000305175781,71.80000305175781,2212,0.0,0.0
2025-06-09 03:40:00+00:00,71.80000305175781,72.0,71.80000305175781,71.9000015258789,18137,0.0,0.0
2025-06-09 03:45:00+00:00,71.9000015258789,71.9000015258789,71.9000015258789,71.9000015258789,5000,0.0,0.0
2025-06-09 03:50:00+00:00,71.9000015258789,71.9000015258789,71.9000015258789,71.9000015258789,15000,0.0,0.0
2025-06-09 03:55:00+00:00,71.9000015258789,72.19999694824219,71.9000015258789,72.0999984741211,51000,0.0,0.0
2025-06-09 04:00:00+00:00,72.0999984741211,72.19999694824219,72.0999984741211,72.19999694824219,17010,0.0,0.0
2025-06-09 04:05:00+00:00,72.0999984741211,72.0999984741211,72.0999984741211,72.0999984741211,20000,0.0,0.0
2025-06-09 04:10:00+00:00,72.0999984741211,72.0999984741211,72.0999984741211,72.0999984741211,20500,0.0,0.0
2025-06-09 04:15:00+00:00,72.0999984741211,72.0999984741211,72.0999984741211,72.0999984741211,2000,0.0,0.0
2025-06-09 04:20:00+00:00,72.0999984741211,72.0999984741211,71.9000015258789,71.9000015258789,42008,0.0,0.0
2025-06-09 04:25:00+00:00,71.9000015258789,71.9000015258789,71.9000015258789,71.9000015258789,20200,0.0,0.0
2025-06-09 04:30:00+00:00,71.9000015258789,72.0,71.9000015258789,72.0,10050,0.0,0.0
2025-06-09 04:35:00+00:00,71.9000015258789,71.9000015258789,71.9000015258789,71.9000015258789,12050,0.0,0.0
2025-06-09 04:40:00+00:00,72.0,72.30000305175781,72.0,72.19999694824219,48019,0.0,0.0
2025-06-09 04:45:00+00:00,72.30000305175781,72.5999984741211,72.30000305175781,72.5,69431,0.0,0.0
2025-06-09 04:50:00+00:00,72.5,72.5999984741211,72.5,72.5,27090,0.0,0.0
2025-06-09 04:55:00+00:00,72.5,72.5,72.4000015258789,72.4000015258789,20272,0.0,0.0
2025-06-09 05:00:00+00:00,72.4000015258789,72.5,72.30000305175781,72.5,23236,0.0,0.0
2025-06-09 05:05:00+00:00,72.5,72.5,72.4000015258789,72.5,30229,0.0,0.0
2025-06-09 05:10:00+00:00,72.5,72.5999984741211,72.5,72.5,35050,0.0,0.0
2025-06-09 05:15:00+00:00,72.5,72.5,72.4000015258789,72.5,38179,0.0,0.0
2025-06-09 05:20:00+00:00,72.5,72.5999984741211,72.5,72.5,31080,0.0,0.0
2025-06-10 01:00:00+00:00,72.5,72.5999984741211,72.30000305175781,72.30000305175781,0,0.0,0.0
2025-06-10 01:05:00+00:00,72.5,72.5,72.4000015258789,72.4000015258789,28244,0.0,0.0
2025-06-10 01:10:00+00:00,72.5,72.5,72.5,72.5,38050,0.0,0.0
2025-06-10 01:15:00+00:00,72.5,72.5,72.4000015258789,72.4000015258789,13000,0.0,0.0
2025-06-10 01:20:00+00:00,72.4000015258789,72.5,72.4000015258789,72.5,36000,0.0,0.0
2025-06-10 01:25:00+00:00,72.5,73.0999984741211,72.5,73.0,47150,0.0,0.0
2025-06-10 01:30:00+00:00,73.0,73.30000305175781,72.80000305175781,72.80000305175781,72038,0.0,0.0
2025-06-10 01:35:00+00:00,72.69999694824219,72.69999694824219,72.5,72.5,25450,0.0,0.0
2025-06-10 01:40:00+00:00,72.5,72.69999694824219,72.5,72.69999694824219,16628,0.0,0.0
2025-06-10 01:45:00+00:00,72.69999694824219,72.69999694824219,72.5,72.69999694824219,15361,0.0,0.0
2025-06-10 01:50:00+00:00,72.5999984741211,72.5999984741211,72.5,72.5999984741211,11000,0.0,0.0
2025-06-10 01:55:00+00:00,72.5999984741211,72.5999984741211,72.5999984741211,72.5999984741211,7680,0.0,0.0
2025-06-10 02:00:00+00:00,72.5999984741211,72.5999984741211,72.4000015258789,72.5,19066,0.0,0.0
2025-06-10 02:05:00+00:00,72.5,72.5,72.5,72.5,7150,0.0,0.0
2025-06-10 02:10:00+00:00,72.5,72.69999694824219,72.5,72.69999694824219,26000,0.0,0.0
2025-06-10 02:15:00+00:00,72.69999694824219,72.69999694824219,72.5,72.5,26000,0.0,0.0
2025-06-10 02:20:00+00:00,72.69999694824219,72.80000305175781,72.5,72.5999984741211,23284,0.0,0.0
2025-06-10 02:30:00+00:00,72.5999984741211,72.69999694824219,72.5999984741211,72.69999694824219,3000,0.0,0.0
2025-06-10 02:35:00+00:00,72.69999694824219,72.69999694824219,72.69999694824219,72.69999694824219,8017,0.0,0.0
2025-06-10 02:40:00+00:00,72.69999694824219,72.80000305175781,72.5999984741211,72.69999694824219,31100,0.0,0.0
2025-06-10 02:45:00+00:00,72.69999694824219,72.80000305175781,72.69999694824219,72.80000305175781,8000,0.0,0.0
2025-06-10 02:50:00+00:00,72.80000305175781,72.80000305175781,72.69999694824219,72.80000305175781,4041,0.0,0.0
2025-06-10 02:55:00+00:00,72.80000305175781,72.80000305175781,72.80000305175781,72.80000305175781,3000,0.0,0.0
2025-06-10 03:00:00+00:00,72.69999694824219,72.69999694824219,72.69999694824219,72.69999694824219,0,0.0,0.0
2025-06-10 03:05:00+00:00,72.69999694824219,72.69999694824219,72.69999694824219,72.69999694824219,503323,0.0,0.0
2025-06-10 03:10:00+00:00,72.5999984741211,72.5999984741211,72.5999984741211,72.5999984741211,16170,0.0,0.0
2025-06-10 03:15:00+00:00,72.5999984741211,72.5999984741211,72.5,72.5,12080,0.0,0.0
2025-06-10 03:20:00+00:00,72.69999694824219,72.69999694824219,72.69999694824219,72.69999694824219,7000,0.0,0.0
2025-06-10 03:25:00+00:00,72.69999694824219,72.69999694824219,72.69999694824219,72.69999694824219,2138,0.0,0.0
2025-06-10 03:30:00+00:00,72.69999694824219,72.69999694824219,72.5,72.69999694824219,57000,0.0,0.0
2025-06-10 03:35:00+00:00,72.69999694824219,72.69999694824219,72.69999694824219,72.69999694824219,5005,0.0,0.0
2025-06-10 03:40:00+00:00,72.69999694824219,72.69999694824219,72.69999694824219,72.69999694824219,1000,0.0,0.0
2025-06-10 03:45:00+00:00,72.69999694824219,72.69999694824219,72.69999694824219,72.69999694824219,18000,0.0,0.0
2025-06-10 03:50:00+00:00,72.69999694824219,72.69999694824219,72.69999694824219,72.69999694824219,4134,0.0,0.0
2025-06-10 03:55:00+00:00,72.69999694824219,72.69999694824219,72.69999694824219,72.69999694824219,4000,0.0,0.0
2025-06-10 04:00:00+00:00,72.69999694824219,72.69999694824219,72.69999694824219,72.69999694824219,3300,0.0,0.0
2025-06-10 04:05:00+00:00,72.69999694824219,72.69999694824219,72.69999694824219,72.69999694824219,7000,0.0,0.0
2025-06-10 04:10:00+00:00,72.80000305175781,72.80000305175781,72.80000305175781,72.80000305175781,6101,0.0,0.0
2025-06-10 04:15:00+00:00,72.80000305175781,72.80000305175781,72.69999694824219,72.69999694824219,3000,0.0,0.0
2025-06-10 04:20:00+00:00,72.69999694824219,72.69999694824219,72.69999694824219,72.69999694824219,3662,0.0,0.0
2025-06-10 04:30:00+00:00,72.69999694824219,72.69999694824219,72.69999694824219,72.69999694824219,8127,0.0,0.0
2025-06-10 04:35:00+00:00,72.69999694824219,72.69999694824219,72.69999694824219,72.69999694824219,5000,0.0,0.0
2025-06-10 04:40:00+00:00,72.5999984741211,72.69999694824219,72.5999984741211,72.69999694824219,10150,0.0,0.0
2025-06-10 04:50:00+00:00,72.80000305175781,72.80000305175781,72.69999694824219,72.80000305175781,22000,0.0,0.0
2025-06-10 04:55:00+00:00,72.80000305175781,73.0999984741211,72.80000305175781,73.0999984741211,43073,0.0,0.0
2025-06-10 05:00:00+00:00,73.0,73.19999694824219,73.0,73.19999694824219,16250,0.0,0.0
2025-06-10 05:05:00+00:00,73.0999984741211,73.0999984741211,73.0999984741211,73.0999984741211,5400,0.0,0.0
2025-06-10 05:10:00+00:00,73.0,73.0,72.9000015258789,73.0,13000,0.0,0.0
2025-06-10 05:15:00+00:00,73.0,73.0,72.9000015258789,72.9000015258789,13003,0.0,0.0
2025-06-10 05:20:00+00:00,72.80000305175781,72.9000015258789,72.69999694824219,72.9000015258789,44571,0.0,0.0
2025-06-11 01:00:00+00:00,73.30000305175781,73.30000305175781,73.0,73.0,0,0.0,0.0
2025-06-11 01:05:00+00:00,73.0,73.0,72.9000015258789,73.0,19000,0.0,0.0
2025-06-11 01:10:00+00:00,73.0,73.0,72.80000305175781,72.80000305175781,7005,0.0,0.0
2025-06-11 01:15:00+00:00,73.0,73.0,72.9000015258789,72.9000015258789,17570,0.0,0.0
2025-06-11 01:20:00+00:00,72.9000015258789,73.0999984741211,72.9000015258789,73.0999984741211,10763,0.0,0.0
2025-06-11 01:25:00+00:00,73.0999984741211,73.0999984741211,73.0,73.0,6030,0.0,0.0
2025-06-11 01:30:00+00:00,73.0,73.0,72.9000015258789,72.9000015258789,10039,0.0,0.0
2025-06-11 01:35:00+00:00,73.0,73.0,72.9000015258789,72.9000015258789,18000,0.0,0.0
2025-06-11 01:40:00+00:00,72.9000015258789,73.0,72.9000015258789,73.0,27100,0.0,0.0
2025-06-11 01:45:00+00:00,73.0999984741211,73.0999984741211,73.0,73.0,13100,0.0,0.0
2025-06-11 01:50:00+00:00,73.0999984741211,73.0999984741211,73.0999984741211,73.0999984741211,6000,0.0,0.0
2025-06-11 01:55:00+00:00,73.0999984741211,73.0999984741211,73.0999984741211,73.0999984741211,5722,0.0,0.0
2025-06-11 02:00:00+00:00,73.0999984741211,73.30000305175781,73.0999984741211,73.30000305175781,16300,0.0,0.0
2025-06-11 02:05:00+00:00,73.19999694824219,73.19999694824219,73.0999984741211,73.0999984741211,3200,0.0,0.0
2025-06-11 02:10:00+00:00,73.30000305175781,73.30000305175781,73.0999984741211,73.0999984741211,32000,0.0,0.0
2025-06-11 02:15:00+00:00,73.19999694824219,73.5,73.19999694824219,73.5,22766,0.0,0.0
2025-06-11 02:20:00+00:00,73.5,73.5,73.4000015258789,73.4000015258789,20000,0.0,0.0
2025-06-11 02:25:00+00:00,73.4000015258789,73.9000015258789,73.30000305175781,73.69999694824219,66272,0.0,0.0
2025-06-11 02:30:00+00:00,73.69999694824219,73.80000305175781,73.69999694824219,73.80000305175781,18014,0.0,0.0
2025-06-11 02:35:00+00:00,73.80000305175781,74.19999694824219,73.80000305175781,74.0999984741211,75738,0.0,0.0
2025-06-11 02:40:00+00:00,74.0999984741211,74.0999984741211,74.0,74.0999984741211,13058,0.0,0.0
2025-06-11 02:45:00+00:00,74.0999984741211,74.4000015258789,74.0999984741211,74.19999694824219,35108,0.0,0.0
2025-06-11 02:50:00+00:00,74.30000305175781,74.30000305175781,74.19999694824219,74.19999694824219,10150,0.0,0.0
2025-06-11 02:55:00+00:00,74.19999694824219,74.19999694824219,74.0,74.0,17000,0.0,0.0
2025-06-11 03:00:00+00:00,74.0,74.5,74.0,74.5,152845,0.0,0.0
2025-06-11 03:05:00+00:00,74.4000015258789,74.5999984741211,74.4000015258789,74.5999984741211,28230,0.0,0.0
2025-06-11 03:10:00+00:00,74.5,74.5,74.4000015258789,74.5,17008,0.0,0.0
2025-06-11 03:15:00+00:00,74.5,74.5,74.4000015258789,74.5,32000,0.0,0.0
2025-06-11 03:20:00+00:00,74.4000015258789,74.5,74.4000015258789,74.5,3110,0.0,0.0
2025-06-11 03:25:00+00:00,74.5,74.5,74.4000015258789,74.4000015258789,27189,0.0,0.0
2025-06-11 03:30:00+00:00,74.4000015258789,74.5,74.4000015258789,74.5,4125,0.0,0.0
2025-06-11 03:35:00+00:00,74.5,74.5,74.4000015258789,74.4000015258789,4200,0.0,0.0
2025-06-11 03:40:00+00:00,74.4000015258789,74.4000015258789,74.4000015258789,74.4000015258789,5000,0.0,0.0
2025-06-11 03:45:00+00:00,74.30000305175781,74.4000015258789,74.30000305175781,74.4000015258789,13000,0.0,0.0
2025-06-11 03:50:00+00:00,74.4000015258789,74.5,74.4000015258789,74.5,27058,0.0,0.0
2025-06-11 03:55:00+00:00,74.4000015258789,74.4000015258789,74.4000015258789,74.4000015258789,5152,0.0,0.0
2025-06-11 04:00:00+00:00,74.4000015258789,74.5,74.4000015258789,74.5,6000,0.0,0.0
2025-06-11 04:05:00+00:00,74.5,74.5,74.5,74.5,1000,0.0,0.0
2025-06-11 04:10:00+00:00,74.30000305175781,74.30000305175781,74.30000305175781,74.30000305175781,1100,0.0,0.0
2025-06-11 04:15:00+00:00,74.30000305175781,74.4000015258789,74.30000305175781,74.4000015258789,5000,0.0,0.0
2025-06-11 04:20:00+00:00,74.4000015258789,74.4000015258789,74.4000015258789,74.4000015258789,1020,0.0,0.0
2025-06-11 04:25:00+00:00,74.30000305175781,74.30000305175781,74.19999694824219,74.19999694824219,6031,0.0,0.0
2025-06-11 04:30:00+00:00,74.19999694824219,74.19999694824219,74.19999694824219,74.19999694824219,6349,0.0,0.0
2025-06-11 04:35:00+00:00,74.0999984741211,74.19999694824219,74.0999984741211,74.0999984741211,8100,0.0,0.0
2025-06-11 04:40:00+00:00,74.0999984741211,74.0999984741211,74.0,74.0,10226,0.0,0.0
2025-06-11 04:45:00+00:00,74.0,74.0,74.0,74.0,2084,0.0,0.0
2025-06-11 04:50:00+00:00,74.0,74.30000305175781,74.0,74.30000305175781,22000,0.0,0.0
2025-06-11 04:55:00+00:00,74.0999984741211,74.0999984741211,74.0999984741211,74.0999984741211,1001,0.0,0.0
2025-06-11 05:00:00+00:00,74.19999694824219,74.19999694824219,74.0,74.0,13038,0.0,0.0
2025-06-11 05:05:00+00:00,74.0,74.0999984741211,74.0,74.0999984741211,22573,0.0,0.0
2025-06-11 05:10:00+00:00,74.0999984741211,74.0999984741211,74.0999984741211,74.0999984741211,2000,0.0,0.0
2025-06-11 05:15:00+00:00,74.19999694824219,74.19999694824219,74.0,74.19999694824219,18000,0.0,0.0
2025-06-11 05:20:00+00:00,74.0,74.0999984741211,74.0,74.0,18002,0.0,0.0
2025-06-12 01:00:00+00:00,74.0,74.0999984741211,73.69999694824219,73.69999694824219,0,0.0,0.0
2025-06-12 01:05:00+00:00,73.80000305175781,73.80000305175781,73.5,73.5,14000,0.0,0.0
2025-06-12 01:10:00+00:00,73.9000015258789,74.19999694824219,73.9000015258789,74.19999694824219,20000,0.0,0.0
2025-06-12 01:15:00+00:00,74.0999984741211,74.0999984741211,74.0,74.0,6000,0.0,0.0
2025-06-12 01:20:00+00:00,74.0,74.0,74.0,74.0,7250,0.0,0.0
2025-06-12 01:25:00+00:00,74.0,74.30000305175781,74.0,74.30000305175781,24000,0.0,0.0
2025-06-12 01:30:00+00:00,74.30000305175781,74.5999984741211,74.30000305175781,74.5999984741211,25300,0.0,0.0
2025-06-12 01:35:00+00:00,74.5999984741211,74.80000305175781,74.5999984741211,74.80000305175781,18000,0.0,0.0
2025-06-12 01:40:00+00:00,74.80000305175781,76.4000015258789,74.80000305175781,76.19999694824219,196246,0.0,0.0
2025-06-12 01:45:00+00:00,76.19999694824219,76.19999694824219,75.80000305175781,75.9000015258789,99400,0.0,0.0
2025-06-12 01:50:00+00:00,75.9000015258789,76.0,75.80000305175781,76.0,95818,0.0,0.0
2025-06-12 01:55:00+00:00,76.0,77.5,76.0,76.69999694824219,447987,0.0,0.0
2025-06-12 02:00:00+00:00,76.69999694824219,76.69999694824219,76.30000305175781,76.4000015258789,62828,0.0,0.0
2025-06-12 02:05:00+00:00,76.4000015258789,76.5,75.80000305175781,76.0999984741211,65511,0.0,0.0
2025-06-12 02:10:00+00:00,76.0999984741211,76.30000305175781,76.0999984741211,76.19999694824219,22001,0.0,0.0
2025-06-12 02:15:00+00:00,76.19999694824219,76.19999694824219,76.0999984741211,76.19999694824219,9032,0.0,0.0
2025-06-12 02:20:00+00:00,76.19999694824219,76.19999694824219,75.9000015258789,76.0,44152,0.0,0.0
2025-06-12 02:25:00+00:00,76.0,76.5,76.0,76.30000305175781,57933,0.0,0.0
2025-06-12 02:30:00+00:00,76.19999694824219,76.19999694824219,76.0,76.0,43600,0.0,0.0
2025-06-12 02:35:00+00:00,76.0,76.0,76.0,76.0,3000,0.0,0.0
2025-06-12 02:40:00+00:00,76.0,76.19999694824219,76.0,76.19999694824219,6000,0.0,0.0
2025-06-12 02:45:00+00:00,76.19999694824219,76.19999694824219,76.0,76.0999984741211,17300,0.0,0.0
2025-06-12 02:50:00+00:00,76.0999984741211,76.30000305175781,76.0999984741211,76.30000305175781,9160,0.0,0.0
2025-06-12 02:55:00+00:00,76.4000015258789,76.4000015258789,76.0999984741211,76.30000305175781,22011,0.0,0.0
2025-06-12 03:00:00+00:00,76.30000305175781,76.5,76.19999694824219,76.5,0,0.0,0.0
2025-06-12 03:05:00+00:00,76.5,76.5,76.5,76.5,1385955,0.0,0.0
2025-06-12 03:10:00+00:00,76.4000015258789,76.4000015258789,76.4000015258789,76.4000015258789,13020,0.0,0.0
2025-06-12 03:15:00+00:00,76.4000015258789,76.4000015258789,76.30000305175781,76.30000305175781,8106,0.0,0.0
2025-06-12 03:25:00+00:00,76.30000305175781,76.4000015258789,76.30000305175781,76.4000015258789,4050,0.0,0.0
2025-06-12 03:30:00+00:00,76.30000305175781,76.5,76.30000305175781,76.30000305175781,18014,0.0,0.0
2025-06-12 03:35:00+00:00,76.4000015258789,76.5999984741211,76.4000015258789,76.5999984741211,32114,0.0,0.0
2025-06-12 03:40:00+00:00,76.5999984741211,76.69999694824219,76.5999984741211,76.69999694824219,27403,0.0,0.0
2025-06-12 03:45:00+00:00,76.69999694824219,77.4000015258789,76.69999694824219,77.30000305175781,218786,0.0,0.0
2025-06-12 03:50:00+00:00,77.19999694824219,77.80000305175781,77.0999984741211,77.69999694824219,187184,0.0,0.0
2025-06-12 03:55:00+00:00,77.69999694824219,77.69999694824219,77.30000305175781,77.4000015258789,92179,0.0,0.0
2025-06-12 04:00:00+00:00,77.4000015258789,77.5,77.30000305175781,77.30000305175781,48054,0.0,0.0
2025-06-12 04:05:00+00:00,77.30000305175781,77.4000015258789,77.0999984741211,77.0999984741211,72358,0.0,0.0
2025-06-12 04:10:00+00:00,77.0999984741211,77.19999694824219,77.0999984741211,77.0999984741211,16260,0.0,0.0
2025-06-12 04:15:00+00:00,77.19999694824219,77.4000015258789,77.0999984741211,77.4000015258789,42699,0.0,0.0
2025-06-12 04:20:00+00:00,77.4000015258789,77.5,77.0999984741211,77.0999984741211,16202,0.0,0.0
2025-06-12 04:25:00+00:00,77.0999984741211,77.0999984741211,77.0999984741211,77.0999984741211,13051,0.0,0.0
2025-06-12 04:30:00+00:00,77.0999984741211,77.0999984741211,77.0,77.0,52552,0.0,0.0
2025-06-12 04:35:00+00:00,77.0,77.0,76.9000015258789,77.0,32108,0.0,0.0
2025-06-12 04:40:00+00:00,77.0,77.0,76.9000015258789,77.0,41030,0.0,0.0
2025-06-12 04:45:00+00:00,76.9000015258789,76.9000015258789,76.80000305175781,76.80000305175781,6350,0.0,0.0
2025-06-12 04:50:00+00:00,76.80000305175781,77.0,76.80000305175781,76.80000305175781,16800,0.0,0.0
2025-06-12 04:55:00+00:00,76.80000305175781,76.80000305175781,76.80000305175781,76.80000305175781,14022,0.0,0.0
2025-06-12 05:00:00+00:00,76.80000305175781,76.9000015258789,76.80000305175781,76.80000305175781,13412,0.0,0.0
2025-06-12 05:05:00+00:00,76.69999694824219,76.80000305175781,76.69999694824219,76.80000305175781,22125,0.0,0.0
2025-06-12 05:10:00+00:00,76.69999694824219,77.0,76.69999694824219,77.0,24090,0.0,0.0
2025-06-12 05:15:00+00:00,77.0,77.0,76.9000015258789,77.0,31024,0.0,0.0
2025-06-12 05:20:00+00:00,77.0,77.0999984741211,76.9000015258789,77.0,79409,0.0,0.0
2025-06-13 01:00:00+00:00,76.19999694824219,76.19999694824219,75.19999694824219,76.0,0,0.0,0.0
2025-06-13 01:05:00+00:00,76.0999984741211,76.19999694824219,76.0,76.0,0,0.0,0.0
2025-06-13 01:10:00+00:00,76.0,76.19999694824219,75.9000015258789,76.0,201644,0.0,0.0
2025-06-13 01:15:00+00:00,76.0,76.0,75.5,75.5999984741211,39010,0.0,0.0
2025-06-13 01:20:00+00:00,75.5999984741211,75.80000305175781,75.5999984741211,75.69999694824219,28775,0.0,0.0
2025-06-13 01:25:00+00:00,75.5999984741211,75.5999984741211,75.30000305175781,75.5,49131,0.0,0.0
2025-06-13 01:30:00+00:00,75.5,75.5999984741211,75.5,75.5999984741211,4001,0.0,0.0
2025-06-13 01:35:00+00:00,75.69999694824219,75.9000015258789,75.69999694824219,75.9000015258789,22080,0.0,0.0
2025-06-13 01:40:00+00:00,75.9000015258789,75.9000015258789,75.69999694824219,75.69999694824219,13060,0.0,0.0
2025-06-13 01:45:00+00:00,75.69999694824219,75.69999694824219,75.69999694824219,75.69999694824219,6000,0.0,0.0
2025-06-13 01:50:00+00:00,75.69999694824219,75.69999694824219,75.5999984741211,75.5999984741211,7050,0.0,0.0
2025-06-13 01:55:00+00:00,75.80000305175781,75.80000305175781,75.80000305175781,75.80000305175781,2200,0.0,0.0
2025-06-13 02:00:00+00:00,75.9000015258789,76.0,75.9000015258789,76.0,18222,0.0,0.0
2025-06-13 02:05:00+00:00,76.0,76.0,75.80000305175781,75.80000305175781,20000,0.0,0.0
2025-06-13 02:10:00+00:00,75.80000305175781,75.9000015258789,75.69999694824219,75.69999694824219,40361,0.0,0.0
2025-06-13 02:15:00+00:00,75.80000305175781,76.0,75.80000305175781,76.0,14000,0.0,0.0
2025-06-13 02:20:00+00:00,76.0,76.0,75.5,75.5,61329,0.0,0.0
2025-06-13 02:25:00+00:00,75.5,75.5999984741211,75.5,75.5999984741211,8090,0.0,0.0
2025-06-13 02:30:00+00:00,75.5999984741211,75.5999984741211,75.30000305175781,75.30000305175781,58724,0.0,0.0
2025-06-13 02:35:00+00:00,75.30000305175781,75.30000305175781,75.0999984741211,75.0999984741211,59688,0.0,0.0
2025-06-13 02:40:00+00:00,75.0999984741211,75.9000015258789,75.0999984741211,75.19999694824219,72160,0.0,0.0
2025-06-13 02:45:00+00:00,75.5,75.5,75.19999694824219,75.19999694824219,21010,0.0,0.0
2025-06-13 02:50:00+00:00,75.30000305175781,75.4000015258789,75.30000305175781,75.4000015258789,6000,0.0,0.0
2025-06-13 02:55:00+00:00,75.19999694824219,75.19999694824219,75.0999984741211,75.0999984741211,9055,0.0,0.0
2025-06-13 03:00:00+00:00,75.19999694824219,75.19999694824219,75.0999984741211,75.0999984741211,15177,0.0,0.0
2025-06-13 03:05:00+00:00,75.0999984741211,75.19999694824219,75.0,75.0,82878,0.0,0.0
2025-06-13 03:10:00+00:00,75.0,75.0,74.9000015258789,74.9000015258789,13000,0.0,0.0
2025-06-13 03:15:00+00:00,74.9000015258789,74.9000015258789,74.9000015258789,74.9000015258789,12073,0.0,0.0
2025-06-13 03:20:00+00:00,75.0,75.0,75.0,75.0,13000,0.0,0.0
2025-06-13 03:25:00+00:00,75.0,75.0999984741211,75.0,75.0999984741211,20014,0.0,0.0
2025-06-13 03:30:00+00:00,75.0,75.0999984741211,75.0,75.0999984741211,26014,0.0,0.0
2025-06-13 03:35:00+00:00,75.0999984741211,75.0999984741211,75.0999984741211,75.0999984741211,1000,0.0,0.0
2025-06-13 03:40:00+00:00,75.0999984741211,75.0999984741211,75.0,75.0,21050,0.0,0.0
2025-06-13 03:45:00+00:00,75.0,75.19999694824219,75.0,75.19999694824219,24000,0.0,0.0
2025-06-13 03:50:00+00:00,75.19999694824219,75.19999694824219,75.19999694824219,75.19999694824219,3000,0.0,0.0
2025-06-13 03:55:00+00:00,75.19999694824219,75.19999694824219,75.19999694824219,75.19999694824219,2083,0.0,0.0
2025-06-13 04:00:00+00:00,75.0999984741211,75.0999984741211,75.0999984741211,75.0999984741211,8234,0.0,0.0
2025-06-13 04:05:00+00:00,75.0,75.0,75.0,75.0,1000,0.0,0.0
2025-06-13 04:10:00+00:00,75.0,75.0,74.9000015258789,74.9000015258789,32378,0.0,0.0
2025-06-13 04:15:00+00:00,74.9000015258789,75.0,74.9000015258789,74.9000015258789,13000,0.0,0.0
2025-06-13 04:20:00+00:00,74.9000015258789,74.9000015258789,74.9000015258789,74.9000015258789,10000,0.0,0.0
2025-06-13 04:25:00+00:00,74.9000015258789,75.0999984741211,74.9000015258789,74.9000015258789,22200,0.0,0.0
2025-06-13 04:35:00+00:00,74.9000015258789,74.9000015258789,74.9000015258789,74.9000015258789,9000,0.0,0.0
2025-06-13 04:40:00+00:00,74.9000015258789,75.0,74.9000015258789,75.0,16000,0.0,0.0
2025-06-13 04:45:00+00:00,75.0,75.0,75.0,75.0,17071,0.0,0.0
2025-06-13 04:50:00+00:00,75.0,75.0999984741211,75.0,75.0999984741211,7024,0.0,0.0
2025-06-13 04:55:00+00:00,75.0999984741211,75.30000305175781,75.0999984741211,75.30000305175781,5200,0.0,0.0
2025-06-13 05:00:00+00:00,75.19999694824219,75.19999694824219,75.19999694824219,75.19999694824219,4178,0.0,0.0
2025-06-13 05:05:00+00:00,75.19999694824219,75.19999694824219,75.0,75.0,14076,0.0,0.0
2025-06-13 05:10:00+00:00,74.9000015258789,75.0,74.9000015258789,75.0,3156,0.0,0.0
2025-06-13 05:15:00+00:00,75.0,75.0,74.80000305175781,74.80000305175781,56274,0.0,0.0
2025-06-13 05:20:00+00:00,74.80000305175781,75.0,74.80000305175781,74.80000305175781,24675,0.0,0.0
2025-06-16 01:00:00+00:00,74.80000305175781,74.80000305175781,73.30000305175781,73.9000015258789,0,0.0,0.0
2025-06-16 01:05:00+00:00,73.9000015258789,73.9000015258789,73.5,73.5,55000,0.0,0.0
2025-06-16 01:10:00+00:00,73.5,73.9000015258789,73.4000015258789,73.69999694824219,31680,0.0,0.0
2025-06-16 01:15:00+00:00,73.69999694824219,73.80000305175781,73.5,73.5,41976,0.0,0.0
2025-06-16 01:20:00+00:00,73.5,73.5999984741211,73.0999984741211,73.19999694824219,105872,0.0,0.0
2025-06-16 01:25:00+00:00,73.0999984741211,73.0999984741211,72.9000015258789,73.0,66319,0.0,0.0
2025-06-16 01:30:00+00:00,73.0,73.19999694824219,73.0,73.0999984741211,29099,0.0,0.0
2025-06-16 01:35:00+00:00,73.19999694824219,73.30000305175781,73.0,73.0,35802,0.0,0.0
2025-06-16 01:40:00+00:00,73.0,73.0,72.9000015258789,73.0,17356,0.0,0.0
2025-06-16 01:45:00+00:00,73.0999984741211,73.19999694824219,73.0999984741211,73.0999984741211,17200,0.0,0.0
2025-06-16 01:50:00+00:00,73.0999984741211,73.5,73.0999984741211,73.30000305175781,20138,0.0,0.0
2025-06-16 01:55:00+00:00,73.30000305175781,73.30000305175781,73.30000305175781,73.30000305175781,2310,0.0,0.0
2025-06-16 02:00:00+00:00,73.19999694824219,73.19999694824219,72.9000015258789,72.9000015258789,64136,0.0,0.0
2025-06-16 02:05:00+00:00,73.0,73.0,72.9000015258789,73.0,23088,0.0,0.0
2025-06-16 02:10:00+00:00,73.0,73.0,73.0,73.0,8273,0.0,0.0
2025-06-16 02:15:00+00:00,73.0,73.0,72.9000015258789,73.0,12020,0.0,0.0
2025-06-16 02:20:00+00:00,73.0,73.0,72.69999694824219,72.80000305175781,74970,0.0,0.0
2025-06-16 02:25:00+00:00,72.80000305175781,72.80000305175781,72.69999694824219,72.69999694824219,18000,0.0,0.0
2025-06-16 02:30:00+00:00,72.80000305175781,72.80000305175781,72.69999694824219,72.80000305175781,15000,0.0,0.0
2025-06-16 02:35:00+00:00,72.80000305175781,72.80000305175781,72.80000305175781,72.80000305175781,5000,0.0,0.0
2025-06-16 02:40:00+00:00,72.80000305175781,72.80000305175781,72.80000305175781,72.80000305175781,7030,0.0,0.0
2025-06-16 02:45:00+00:00,72.80000305175781,72.9000015258789,72.80000305175781,72.80000305175781,14193,0.0,0.0
2025-06-16 02:50:00+00:00,72.69999694824219,72.69999694824219,72.5999984741211,72.69999694824219,60002,0.0,0.0
2025-06-16 02:55:00+00:00,72.69999694824219,72.69999694824219,72.69999694824219,72.69999694824219,2000,0.0,0.0
2025-06-16 03:00:00+00:00,72.80000305175781,72.9000015258789,72.80000305175781,72.9000015258789,6230,0.0,0.0
2025-06-16 03:05:00+00:00,73.0,73.0999984741211,73.0,73.0999984741211,9020,0.0,0.0
2025-06-16 03:10:00+00:00,73.0999984741211,73.0999984741211,73.0,73.0,5134,0.0,0.0
2025-06-16 03:20:00+00:00,73.0,73.19999694824219,73.0,73.19999694824219,8130,0.0,0.0
2025-06-16 03:25:00+00:00,73.0999984741211,73.0999984741211,73.0999984741211,73.0999984741211,3186,0.0,0.0
2025-06-16 03:35:00+00:00,73.19999694824219,73.4000015258789,73.19999694824219,73.30000305175781,12000,0.0,0.0
2025-06-16 03:40:00+00:00,73.30000305175781,73.5,73.30000305175781,73.5,18000,0.0,0.0
2025-06-16 03:45:00+00:00,73.5,73.5,73.5,73.5,2005,0.0,0.0
2025-06-16 03:50:00+00:00,73.5,73.5,73.30000305175781,73.30000305175781,9000,0.0,0.0
2025-06-16 03:55:00+00:00,73.30000305175781,73.30000305175781,73.30000305175781,73.30000305175781,1005,0.0,0.0
2025-06-16 04:00:00+00:00,73.30000305175781,73.30000305175781,73.30000305175781,73.30000305175781,5025,0.0,0.0
2025-06-16 04:05:00+00:00,73.30000305175781,73.69999694824219,73.30000305175781,73.69999694824219,17070,0.0,0.0
2025-06-16 04:10:00+00:00,73.69999694824219,73.69999694824219,73.69999694824219,73.69999694824219,5100,0.0,0.0
2025-06-16 04:15:00+00:00,73.5999984741211,73.69999694824219,73.5999984741211,73.69999694824219,5000,0.0,0.0
2025-06-16 04:20:00+00:00,73.80000305175781,73.80000305175781,73.80000305175781,73.80000305175781,7000,0.0,0.0
2025-06-16 04:25:00+00:00,73.80000305175781,73.80000305175781,73.5,73.5,24145,0.0,0.0
2025-06-16 04:30:00+00:00,73.5,73.5999984741211,73.5,73.5999984741211,2085,0.0,0.0
2025-06-16 04:35:00+00:00,73.5999984741211,73.5999984741211,73.5999984741211,73.5999984741211,2051,0.0,0.0
2025-06-16 04:40:00+00:00,73.5,73.5,73.5,73.5,10000,0.0,0.0
2025-06-16 04:45:00+00:00,73.5,73.5,73.4000015258789,73.4000015258789,5017,0.0,0.0
2025-06-16 04:50:00+00:00,73.4000015258789,73.5999984741211,73.4000015258789,73.5999984741211,18012,0.0,0.0
2025-06-16 04:55:00+00:00,73.69999694824219,74.19999694824219,73.5999984741211,73.80000305175781,64315,0.0,0.0
2025-06-16 05:00:00+00:00,73.80000305175781,73.9000015258789,73.80000305175781,73.9000015258789,7042,0.0,0.0
2025-06-16 05:05:00+00:00,73.9000015258789,73.9000015258789,73.69999694824219,73.69999694824219,7017,0.0,0.0
2025-06-16 05:10:00+00:00,73.80000305175781,73.9000015258789,73.80000305175781,73.9000015258789,5020,0.0,0.0
2025-06-16 05:15:00+00:00,73.9000015258789,73.9000015258789,73.80000305175781,73.80000305175781,11105,0.0,0.0
2025-06-16 05:20:00+00:00,73.80000305175781,74.30000305175781,73.80000305175781,74.0999984741211,39258,0.0,0.0
2025-06-17 01:00:00+00:00,74.0999984741211,74.5,74.0999984741211,74.30000305175781,0,0.0,0.0
2025-06-17 01:05:00+00:00,74.19999694824219,74.5999984741211,74.19999694824219,74.5,36122,0.0,0.0
2025-06-17 01:10:00+00:00,74.5999984741211,74.5999984741211,74.4000015258789,74.5999984741211,10060,0.0,0.0
2025-06-17 01:15:00+00:00,74.5,74.5,74.30000305175781,74.30000305175781,16111,0.0,0.0
2025-06-17 01:20:00+00:00,74.5,74.5999984741211,74.5,74.5,30300,0.0,0.0
2025-06-17 01:25:00+00:00,74.5,74.5,74.5,74.5,2000,0.0,0.0
2025-06-17 01:30:00+00:00,74.4000015258789,74.4000015258789,74.4000015258789,74.4000015258789,6111,0.0,0.0
2025-06-17 01:35:00+00:00,74.4000015258789,74.4000015258789,74.4000015258789,74.4000015258789,3000,0.0,0.0
2025-06-17 01:40:00+00:00,74.4000015258789,74.4000015258789,74.4000015258789,74.4000015258789,11000,0.0,0.0
2025-06-17 01:45:00+00:00,74.4000015258789,74.5,74.4000015258789,74.4000015258789,7090,0.0,0.0
2025-06-17 01:50:00+00:00,74.30000305175781,74.30000305175781,74.30000305175781,74.30000305175781,2000,0.0,0.0
2025-06-17 01:55:00+00:00,74.30000305175781,74.30000305175781,74.0999984741211,74.19999694824219,20032,0.0,0.0
2025-06-17 02:00:00+00:00,74.0999984741211,74.0999984741211,74.0,74.0,14123,0.0,0.0
2025-06-17 02:05:00+00:00,74.0999984741211,74.0999984741211,74.0,74.0,3074,0.0,0.0
2025-06-17 02:10:00+00:00,74.0,74.0,73.80000305175781,73.80000305175781,15411,0.0,0.0
2025-06-17 02:15:00+00:00,73.80000305175781,73.80000305175781,73.80000305175781,73.80000305175781,4137,0.0,0.0
2025-06-17 02:20:00+00:00,73.69999694824219,73.69999694824219,73.5999984741211,73.5999984741211,17000,0.0,0.0
2025-06-17 02:25:00+00:00,73.5999984741211,73.69999694824219,73.5999984741211,73.69999694824219,6011,0.0,0.0
2025-06-17 02:30:00+00:00,73.69999694824219,73.69999694824219,73.69999694824219,73.69999694824219,2016,0.0,0.0
2025-06-17 02:35:00+00:00,73.69999694824219,73.69999694824219,73.69999694824219,73.69999694824219,2000,0.0,0.0
2025-06-17 02:40:00+00:00,73.69999694824219,73.69999694824219,73.5999984741211,73.69999694824219,5245,0.0,0.0
2025-06-17 02:45:00+00:00,73.69999694824219,73.69999694824219,73.69999694824219,73.69999694824219,2000,0.0,0.0
2025-06-17 02:50:00+00:00,73.80000305175781,74.0,73.80000305175781,74.0,2000,0.0,0.0
2025-06-17 02:55:00+00:00,73.80000305175781,74.0,73.80000305175781,74.0,4049,0.0,0.0
2025-06-17 03:00:00+00:00,74.0,74.0,73.9000015258789,73.9000015258789,8215,0.0,0.0
2025-06-17 03:05:00+00:00,73.9000015258789,74.0,73.9000015258789,74.0,12540,0.0,0.0
2025-06-17 03:15:00+00:00,74.0,74.0999984741211,73.9000015258789,73.9000015258789,16000,0.0,0.0
2025-06-17 03:20:00+00:00,73.9000015258789,73.9000015258789,73.9000015258789,73.9000015258789,2000,0.0,0.0
2025-06-17 03:25:00+00:00,73.80000305175781,73.80000305175781,73.80000305175781,73.80000305175781,2112,0.0,0.0
2025-06-17 03:30:00+00:00,73.80000305175781,73.80000305175781,73.80000305175781,73.80000305175781,8005,0.0,0.0
2025-06-17 03:35:00+00:00,73.9000015258789,73.9000015258789,73.9000015258789,73.9000015258789,1000,0.0,0.0
2025-06-17 03:45:00+00:00,73.69999694824219,73.69999694824219,73.4000015258789,73.4000015258789,70016,0.0,0.0
2025-06-17 03:50:00+00:00,73.4000015258789,73.4000015258789,73.4000015258789,73.4000015258789,4000,0.0,0.0
2025-06-17 03:55:00+00:00,73.4000015258789,73.4000015258789,73.4000015258789,73.4000015258789,2030,0.0,0.0
2025-06-17 04:00:00+00:00,73.5,73.5,73.5,73.5,14000,0.0,0.0
2025-06-17 04:05:00+00:00,73.5,73.5,73.4000015258789,73.4000015258789,26000,0.0,0.0
2025-06-17 04:10:00+00:00,73.4000015258789,73.4000015258789,73.4000015258789,73.4000015258789,3060,0.0,0.0
2025-06-17 04:15:00+00:00,73.5,73.5,73.5,73.5,3330,0.0,0.0
2025-06-17 04:20:00+00:00,73.4000015258789,73.4000015258789,73.30000305175781,73.30000305175781,27249,0.0,0.0
2025-06-17 04:25:00+00:00,73.30000305175781,73.5,73.19999694824219,73.5,30000,0.0,0.0
2025-06-17 04:30:00+00:00,73.30000305175781,73.4000015258789,73.30000305175781,73.4000015258789,6033,0.0,0.0
2025-06-17 04:35:00+00:00,73.30000305175781,73.30000305175781,73.19999694824219,73.19999694824219,2000,0.0,0.0
2025-06-17 04:40:00+00:00,73.30000305175781,73.5,73.30000305175781,73.5,40062,0.0,0.0
2025-06-17 04:45:00+00:00,73.4000015258789,73.5999984741211,73.4000015258789,73.4000015258789,20000,0.0,0.0
2025-06-17 04:50:00+00:00,73.30000305175781,73.5,73.30000305175781,73.4000015258789,38010,0.0,0.0
2025-06-17 04:55:00+00:00,73.5,73.5,73.5,73.5,6128,0.0,0.0
2025-06-17 05:00:00+00:00,73.5,73.69999694824219,73.5,73.69999694824219,16073,0.0,0.0
2025-06-17 05:05:00+00:00,73.69999694824219,73.69999694824219,73.69999694824219,73.69999694824219,1005,0.0,0.0
2025-06-17 05:10:00+00:00,73.5999984741211,73.5999984741211,73.5999984741211,73.5999984741211,3000,0.0,0.0
2025-06-17 05:15:00+00:00,73.5999984741211,73.5999984741211,73.4000015258789,73.5,18120,0.0,0.0
2025-06-17 05:20:00+00:00,73.4000015258789,73.5999984741211,73.4000015258789,73.4000015258789,26038,0.0,0.0
2025-06-18 01:00:00+00:00,74.19999694824219,74.19999694824219,73.80000305175781,73.9000015258789,0,0.0,0.0
2025-06-18 01:05:00+00:00,73.69999694824219,74.80000305175781,73.69999694824219,74.4000015258789,77036,0.0,0.0
2025-06-18 01:10:00+00:00,74.30000305175781,74.30000305175781,74.0,74.0,14236,0.0,0.0
2025-06-18 01:15:00+00:00,73.9000015258789,74.0,73.9000015258789,74.0,6178,0.0,0.0
2025-06-18 01:20:00+00:00,74.0,74.0,73.9000015258789,74.0,7200,0.0,0.0
2025-06-18 01:25:00+00:00,73.9000015258789,74.19999694824219,73.9000015258789,74.19999694824219,25087,0.0,0.0
2025-06-18 01:30:00+00:00,74.19999694824219,74.30000305175781,74.0999984741211,74.19999694824219,6000,0.0,0.0
2025-06-18 01:35:00+00:00,74.30000305175781,74.30000305175781,74.19999694824219,74.19999694824219,10500,0.0,0.0
2025-06-18 01:40:00+00:00,74.0999984741211,74.0999984741211,74.0,74.0,8066,0.0,0.0
2025-06-18 01:45:00+00:00,74.0,74.0,74.0,74.0,2000,0.0,0.0
2025-06-18 01:50:00+00:00,74.0999984741211,74.0999984741211,74.0999984741211,74.0999984741211,6000,0.0,0.0
2025-06-18 01:55:00+00:00,74.0,74.0,74.0,74.0,11000,0.0,0.0
2025-06-18 02:00:00+00:00,73.9000015258789,73.9000015258789,73.80000305175781,73.80000305175781,8372,0.0,0.0
2025-06-18 02:05:00+00:00,73.69999694824219,73.69999694824219,73.5999984741211,73.5999984741211,4568,0.0,0.0
2025-06-18 02:10:00+00:00,73.69999694824219,73.69999694824219,73.69999694824219,73.69999694824219,1165,0.0,0.0
2025-06-18 02:15:00+00:00,73.69999694824219,73.69999694824219,73.69999694824219,73.69999694824219,4000,0.0,0.0
2025-06-18 02:20:00+00:00,73.69999694824219,73.69999694824219,73.69999694824219,73.69999694824219,1000,0.0,0.0
2025-06-18 02:30:00+00:00,73.69999694824219,73.69999694824219,73.69999694824219,73.69999694824219,7212,0.0,0.0
2025-06-18 02:35:00+00:00,73.80000305175781,73.80000305175781,73.80000305175781,73.80000305175781,7020,0.0,0.0
2025-06-18 02:40:00+00:00,73.9000015258789,73.9000015258789,73.9000015258789,73.9000015258789,4100,0.0,0.0
2025-06-18 02:45:00+00:00,73.9000015258789,73.9000015258789,73.9000015258789,73.9000015258789,1014,0.0,0.0
2025-06-18 02:50:00+00:00,73.9000015258789,73.9000015258789,73.9000015258789,73.9000015258789,3107,0.0,0.0
2025-06-18 03:00:00+00:00,74.0,74.30000305175781,74.0,74.30000305175781,32420,0.0,0.0
2025-06-18 03:05:00+00:00,74.30000305175781,74.30000305175781,74.0,74.30000305175781,9000,0.0,0.0
2025-06-18 03:10:00+00:00,74.30000305175781,74.30000305175781,74.19999694824219,74.19999694824219,2000,0.0,0.0
2025-06-18 03:15:00+00:00,74.19999694824219,74.30000305175781,74.0,74.19999694824219,8000,0.0,0.0
2025-06-18 03:20:00+00:00,74.19999694824219,74.30000305175781,74.19999694824219,74.30000305175781,9000,0.0,0.0
2025-06-18 03:25:00+00:00,74.30000305175781,74.4000015258789,74.30000305175781,74.4000015258789,12000,0.0,0.0
2025-06-18 03:30:00+00:00,74.4000015258789,74.5,74.4000015258789,74.5,10035,0.0,0.0
2025-06-18 03:35:00+00:00,74.30000305175781,74.4000015258789,74.19999694824219,74.30000305175781,13000,0.0,0.0
2025-06-18 03:40:00+00:00,74.4000015258789,74.4000015258789,74.4000015258789,74.4000015258789,7010,0.0,0.0
2025-06-18 03:45:00+00:00,74.4000015258789,74.5,74.4000015258789,74.5,3020,0.0,0.0
2025-06-18 03:50:00+00:00,74.4000015258789,74.4000015258789,74.4000015258789,74.4000015258789,4000,0.0,0.0
2025-06-18 03:55:00+00:00,74.30000305175781,74.30000305175781,74.19999694824219,74.19999694824219,8000,0.0,0.0
2025-06-18 04:00:00+00:00,74.0,74.19999694824219,74.0,74.19999694824219,2200,0.0,0.0
2025-06-18 04:05:00+00:00,74.0,74.0,74.0,74.0,4000,0.0,0.0
2025-06-18 04:10:00+00:00,74.0999984741211,74.0999984741211,74.0999984741211,74.0999984741211,2011,0.0,0.0
2025-06-18 04:15:00+00:00,74.0999984741211,74.0999984741211,74.0999984741211,74.0999984741211,9155,0.0,0.0
2025-06-18 04:20:00+00:00,74.0999984741211,74.0999984741211,74.0,74.0999984741211,7003,0.0,0.0
2025-06-18 04:25:00+00:00,74.0999984741211,74.0999984741211,74.0999984741211,74.0999984741211,1100,0.0,0.0
2025-06-18 04:30:00+00:00,74.0999984741211,74.0999984741211,74.0999984741211,74.0999984741211,1000,0.0,0.0
2025-06-18 04:35:00+00:00,74.0999984741211,74.0999984741211,74.0,74.0,11000,0.0,0.0
2025-06-18 04:40:00+00:00,74.0,74.0,74.0,74.0,3000,0.0,0.0
2025-06-18 04:45:00+00:00,74.0,74.0,74.0,74.0,1000,0.0,0.0
2025-06-18 04:50:00+00:00,74.0,74.0,74.0,74.0,6000,0.0,0.0
2025-06-18 04:55:00+00:00,73.9000015258789,73.9000015258789,73.9000015258789,73.9000015258789,1200,0.0,0.0
2025-06-18 05:00:00+00:00,73.9000015258789,74.0,73.9000015258789,73.9000015258789,12200,0.0,0.0
2025-06-18 05:05:00+00:00,74.0,74.0999984741211,73.9000015258789,73.9000015258789,10250,0.0,0.0
2025-06-18 05:10:00+00:00,73.80000305175781,73.9000015258789,73.80000305175781,73.80000305175781,5000,0.0,0.0
2025-06-18 05:15:00+00:00,73.80000305175781,73.9000015258789,73.69999694824219,73.80000305175781,29000,0.0,0.0
2025-06-18 05:20:00+00:00,73.69999694824219,73.9000015258789,73.69999694824219,73.9000015258789,19128,0.0,0.0
2025-06-19 01:00:00+00:00,73.5,73.5,73.19999694824219,73.4000015258789,0,0.0,0.0
2025-06-19 01:05:00+00:00,73.4000015258789,73.4000015258789,73.19999694824219,73.30000305175781,51000,0.0,0.0
2025-06-19 01:10:00+00:00,72.9000015258789,73.0,72.80000305175781,72.9000015258789,104979,0.0,0.0
2025-06-19 01:15:00+00:00,72.80000305175781,72.80000305175781,72.5999984741211,72.5999984741211,60391,0.0,0.0
2025-06-19 01:20:00+00:00,72.5999984741211,72.80000305175781,72.4000015258789,72.5999984741211,48494,0.0,0.0
2025-06-19 01:25:00+00:00,72.80000305175781,72.80000305175781,72.5,72.5,45700,0.0,0.0
2025-06-19 01:30:00+00:00,72.5,72.5,72.5,72.5,3184,0.0,0.0
2025-06-19 01:35:00+00:00,72.5999984741211,72.5999984741211,72.30000305175781,72.30000305175781,47390,0.0,0.0
2025-06-19 01:40:00+00:00,72.30000305175781,72.4000015258789,72.30000305175781,72.4000015258789,12642,0.0,0.0
2025-06-19 01:45:00+00:00,72.5,72.5999984741211,72.4000015258789,72.5999984741211,7370,0.0,0.0
2025-06-19 01:50:00+00:00,72.5,72.5,72.5,72.5,6385,0.0,0.0
2025-06-19 01:55:00+00:00,72.5,72.5,72.5,72.5,27000,0.0,0.0
2025-06-19 02:00:00+00:00,72.4000015258789,72.4000015258789,72.30000305175781,72.30000305175781,42131,0.0,0.0
2025-06-19 02:05:00+00:00,72.19999694824219,72.30000305175781,72.19999694824219,72.19999694824219,35100,0.0,0.0
2025-06-19 02:10:00+00:00,72.19999694824219,72.19999694824219,71.9000015258789,71.9000015258789,91007,0.0,0.0
2025-06-19 02:15:00+00:00,71.9000015258789,71.9000015258789,71.5,71.69999694824219,112958,0.0,0.0
2025-06-19 02:20:00+00:00,71.5999984741211,71.5999984741211,71.5999984741211,71.5999984741211,14506,0.0,0.0
2025-06-19 02:25:00+00:00,71.5999984741211,71.69999694824219,71.5,71.5999984741211,65188,0.0,0.0
2025-06-19 02:30:00+00:00,71.69999694824219,71.69999694824219,71.5,71.69999694824219,38407,0.0,0.0
2025-06-19 02:35:00+00:00,71.69999694824219,71.69999694824219,71.5999984741211,71.69999694824219,18000,0.0,0.0
2025-06-19 02:40:00+00:00,71.69999694824219,71.69999694824219,71.5999984741211,71.69999694824219,12121,0.0,0.0
2025-06-19 02:45:00+00:00,71.69999694824219,71.69999694824219,71.5999984741211,71.5999984741211,28000,0.0,0.0
2025-06-19 02:50:00+00:00,71.69999694824219,71.69999694824219,71.5999984741211,71.69999694824219,25406,0.0,0.0
2025-06-19 02:55:00+00:00,71.69999694824219,71.80000305175781,71.69999694824219,71.80000305175781,28050,0.0,0.0
2025-06-19 03:00:00+00:00,72.0,72.30000305175781,71.80000305175781,72.30000305175781,37010,0.0,0.0
2025-06-19 03:05:00+00:00,72.0999984741211,72.0999984741211,72.0,72.0,7150,0.0,0.0
2025-06-19 03:10:00+00:00,71.80000305175781,71.80000305175781,71.80000305175781,71.80000305175781,4000,0.0,0.0
2025-06-19 03:15:00+00:00,71.9000015258789,71.9000015258789,71.9000015258789,71.9000015258789,4005,0.0,0.0
2025-06-19 03:20:00+00:00,71.9000015258789,72.0999984741211,71.9000015258789,72.0,6215,0.0,0.0
2025-06-19 03:25:00+00:00,72.0,72.0999984741211,72.0,72.0999984741211,3000,0.0,0.0
2025-06-19 03:30:00+00:00,72.0999984741211,72.0999984741211,72.0999984741211,72.0999984741211,0,0.0,0.0
2025-06-19 03:35:00+00:00,72.19999694824219,72.19999694824219,72.0999984741211,72.0999984741211,1060239,0.0,0.0
2025-06-19 03:40:00+00:00,72.0999984741211,72.0999984741211,72.0999984741211,72.0999984741211,6000,0.0,0.0
2025-06-19 03:45:00+00:00,72.0,72.19999694824219,72.0,72.19999694824219,7040,0.0,0.0
2025-06-19 03:50:00+00:00,72.0999984741211,72.0999984741211,72.0999984741211,72.0999984741211,4001,0.0,0.0
2025-06-19 03:55:00+00:00,72.0999984741211,72.0999984741211,72.0,72.0,4353,0.0,0.0
2025-06-19 04:00:00+00:00,72.0,72.0999984741211,72.0,72.0,26000,0.0,0.0
2025-06-19 04:05:00+00:00,72.0,72.0,72.0,72.0,2050,0.0,0.0
2025-06-19 04:10:00+00:00,72.0,72.0,71.9000015258789,71.9000015258789,16050,0.0,0.0
2025-06-19 04:15:00+00:00,71.9000015258789,71.9000015258789,71.9000015258789,71.9000015258789,3441,0.0,0.0
2025-06-19 04:20:00+00:00,71.9000015258789,71.9000015258789,71.9000015258789,71.9000015258789,3799,0.0,0.0
2025-06-19 04:25:00+00:00,71.9000015258789,71.9000015258789,71.9000015258789,71.9000015258789,1000,0.0,0.0
2025-06-19 04:30:00+00:00,71.9000015258789,71.9000015258789,71.9000015258789,71.9000015258789,7000,0.0,0.0
2025-06-19 04:35:00+00:00,72.0,72.0,71.9000015258789,71.9000015258789,10220,0.0,0.0
2025-06-19 04:40:00+00:00,71.9000015258789,72.0,71.9000015258789,71.9000015258789,8000,0.0,0.0
2025-06-19 04:45:00+00:00,72.0,72.4000015258789,71.9000015258789,72.4000015258789,31000,0.0,0.0
2025-06-19 04:50:00+00:00,72.30000305175781,72.30000305175781,72.19999694824219,72.19999694824219,3100,0.0,0.0
2025-06-19 04:55:00+00:00,72.0999984741211,72.0999984741211,72.0,72.0,19000,0.0,0.0
2025-06-19 05:00:00+00:00,72.0,72.0999984741211,71.9000015258789,72.0,21100,0.0,0.0
2025-06-19 05:05:00+00:00,72.0,72.0,71.9000015258789,71.9000015258789,12279,0.0,0.0
2025-06-19 05:10:00+00:00,71.9000015258789,72.0,71.9000015258789,72.0,6000,0.0,0.0
2025-06-19 05:15:00+00:00,72.0,72.0999984741211,71.9000015258789,71.9000015258789,23000,0.0,0.0
2025-06-19 05:20:00+00:00,71.9000015258789,72.0,71.80000305175781,71.80000305175781,31250,0.0,0.0
2025-06-20 01:00:00+00:00,71.5,72.0,71.5,72.0,0,0.0,0.0
2025-06-20 01:05:00+00:00,72.0,72.0,71.80000305175781,71.80000305175781,13182,0.0,0.0
2025-06-20 01:10:00+00:00,71.80000305175781,71.9000015258789,71.5,71.5,32175,0.0,0.0
2025-06-20 01:15:00+00:00,71.5,71.5999984741211,71.5,71.5,14615,0.0,0.0
2025-06-20 01:20:00+00:00,71.5,71.5,71.30000305175781,71.30000305175781,13485,0.0,0.0
2025-06-20 01:25:00+00:00,71.30000305175781,71.30000305175781,71.0999984741211,71.19999694824219,27131,0.0,0.0
2025-06-20 01:30:00+00:00,71.0999984741211,71.0999984741211,70.69999694824219,70.69999694824219,51609,0.0,0.0
2025-06-20 01:35:00+00:00,70.69999694824219,70.80000305175781,70.5999984741211,70.69999694824219,46701,0.0,0.0
2025-06-20 01:40:00+00:00,70.69999694824219,70.69999694824219,70.5999984741211,70.5999984741211,38157,0.0,0.0
2025-06-20 01:45:00+00:00,70.5999984741211,70.5999984741211,70.5,70.5,67654,0.0,0.0
2025-06-20 01:50:00+00:00,70.4000015258789,70.5,70.4000015258789,70.5,30537,0.0,0.0
2025-06-20 01:55:00+00:00,70.5,70.5,70.5,70.5,7866,0.0,0.0
2025-06-20 02:00:00+00:00,70.4000015258789,70.4000015258789,70.30000305175781,70.4000015258789,26100,0.0,0.0
2025-06-20 02:05:00+00:00,70.4000015258789,70.69999694824219,70.4000015258789,70.69999694824219,22789,0.0,0.0
2025-06-20 02:10:00+00:00,70.5999984741211,70.5999984741211,70.5999984741211,70.5999984741211,6070,0.0,0.0
2025-06-20 02:15:00+00:00,70.5999984741211,70.69999694824219,70.5999984741211,70.69999694824219,18000,0.0,0.0
2025-06-20 02:20:00+00:00,70.69999694824219,70.9000015258789,70.69999694824219,70.9000015258789,7057,0.0,0.0
2025-06-20 02:25:00+00:00,70.80000305175781,70.80000305175781,70.80000305175781,70.80000305175781,14069,0.0,0.0
2025-06-20 02:30:00+00:00,70.80000305175781,70.9000015258789,70.80000305175781,70.9000015258789,7014,0.0,0.0
2025-06-20 02:35:00+00:00,71.0,71.0999984741211,71.0,71.0999984741211,22291,0.0,0.0
2025-06-20 02:40:00+00:00,71.0999984741211,71.0999984741211,70.80000305175781,70.80000305175781,5000,0.0,0.0
2025-06-20 02:45:00+00:00,71.0,71.19999694824219,71.0,71.19999694824219,9000,0.0,0.0
2025-06-20 02:50:00+00:00,71.0,71.0,70.80000305175781,71.0,22000,0.0,0.0
2025-06-20 02:55:00+00:00,71.0,71.30000305175781,70.80000305175781,71.30000305175781,25000,0.0,0.0
2025-06-20 03:00:00+00:00,71.30000305175781,71.30000305175781,71.30000305175781,71.30000305175781,1000,0.0,0.0
2025-06-20 03:05:00+00:00,71.0,71.0,71.0,71.0,4000,0.0,0.0
2025-06-20 03:10:00+00:00,70.9000015258789,71.0,70.9000015258789,71.0,5000,0.0,0.0
2025-06-20 03:20:00+00:00,71.0,71.0999984741211,71.0,71.0,11050,0.0,0.0
2025-06-20 03:25:00+00:00,71.0999984741211,71.0999984741211,71.0999984741211,71.0999984741211,0,0.0,0.0
2025-06-20 03:30:00+00:00,71.0999984741211,71.0999984741211,71.0999984741211,71.0999984741211,589552,0.0,0.0
2025-06-20 03:35:00+00:00,71.19999694824219,71.4000015258789,71.19999694824219,71.4000015258789,11070,0.0,0.0
2025-06-20 03:40:00+00:00,71.4000015258789,71.4000015258789,71.0,71.30000305175781,34300,0.0,0.0
2025-06-20 03:45:00+00:00,71.0999984741211,71.19999694824219,71.0,71.19999694824219,11000,0.0,0.0
2025-06-20 03:50:00+00:00,71.30000305175781,71.30000305175781,71.30000305175781,71.30000305175781,2030,0.0,0.0
2025-06-20 03:55:00+00:00,71.4000015258789,71.5,71.4000015258789,71.5,10173,0.0,0.0
2025-06-20 04:00:00+00:00,71.4000015258789,71.4000015258789,71.4000015258789,71.4000015258789,2000,0.0,0.0
2025-06-20 04:10:00+00:00,71.30000305175781,71.30000305175781,71.30000305175781,71.30000305175781,1100,0.0,0.0
2025-06-20 04:15:00+00:00,71.30000305175781,71.30000305175781,71.30000305175781,71.30000305175781,8000,0.0,0.0
2025-06-20 04:20:00+00:00,71.19999694824219,71.30000305175781,71.0999984741211,71.0999984741211,9092,0.0,0.0
2025-06-20 04:25:00+00:00,71.19999694824219,71.19999694824219,71.19999694824219,71.19999694824219,2010,0.0,0.0
2025-06-20 04:30:00+00:00,71.19999694824219,71.19999694824219,71.0999984741211,71.19999694824219,6300,0.0,0.0
2025-06-20 04:35:00+00:00,71.19999694824219,71.19999694824219,71.19999694824219,71.19999694824219,2000,0.0,0.0
2025-06-20 04:40:00+00:00,71.0999984741211,71.19999694824219,70.9000015258789,71.0999984741211,45368,0.0,0.0
2025-06-20 04:45:00+00:00,71.0,71.0,71.0,71.0,1000,0.0,0.0
2025-06-20 04:50:00+00:00,71.0999984741211,71.0999984741211,71.0,71.0,7050,0.0,0.0
2025-06-20 04:55:00+00:00,71.0,71.0,71.0,71.0,12210,0.0,0.0
2025-06-20 05:00:00+00:00,71.0999984741211,71.30000305175781,71.0999984741211,71.30000305175781,15162,0.0,0.0
2025-06-20 05:05:00+00:00,71.30000305175781,71.30000305175781,71.19999694824219,71.30000305175781,8000,0.0,0.0
2025-06-20 05:10:00+00:00,71.19999694824219,71.30000305175781,71.19999694824219,71.19999694824219,19000,0.0,0.0
2025-06-20 05:15:00+00:00,71.19999694824219,71.4000015258789,71.0999984741211,71.4000015258789,31096,0.0,0.0
2025-06-20 05:20:00+00:00,71.30000305175781,71.5,71.30000305175781,71.5,47824,0.0,0.0
2025-06-23 01:00:00+00:00,69.9000015258789,70.0,69.0999984741211,70.0,0,0.0,0.0
2025-06-23 01:05:00+00:00,70.0,70.69999694824219,69.9000015258789,70.69999694824219,46202,0.0,0.0
2025-06-23 01:10:00+00:00,70.69999694824219,70.9000015258789,70.69999694824219,70.9000015258789,7907,0.0,0.0
2025-06-23 01:15:00+00:00,70.9000015258789,70.9000015258789,70.5,70.5999984741211,36043,0.0,0.0
2025-06-23 01:20:00+00:00,70.5,70.9000015258789,70.5,70.80000305175781,37000,0.0,0.0
2025-06-23 01:25:00+00:00,70.9000015258789,71.0999984741211,70.80000305175781,70.80000305175781,42100,0.0,0.0
2025-06-23 01:30:00+00:00,70.80000305175781,70.80000305175781,70.69999694824219,70.80000305175781,7073,0.0,0.0
2025-06-23 01:35:00+00:00,70.69999694824219,70.80000305175781,70.69999694824219,70.69999694824219,5100,0.0,0.0
2025-06-23 01:40:00+00:00,70.80000305175781,70.80000305175781,70.69999694824219,70.69999694824219,5100,0.0,0.0
2025-06-23 01:45:00+00:00,70.69999694824219,70.9000015258789,70.69999694824219,70.69999694824219,9000,0.0,0.0
2025-06-23 01:50:00+00:00,70.9000015258789,71.19999694824219,70.9000015258789,71.19999694824219,43185,0.0,0.0
2025-06-23 01:55:00+00:00,71.19999694824219,71.19999694824219,71.0999984741211,71.0999984741211,3000,0.0,0.0
2025-06-23 02:00:00+00:00,71.0999984741211,71.0999984741211,70.9000015258789,70.9000015258789,27030,0.0,0.0
2025-06-23 02:05:00+00:00,70.80000305175781,71.30000305175781,70.69999694824219,71.0999984741211,42025,0.0,0.0
2025-06-23 02:10:00+00:00,71.30000305175781,71.30000305175781,71.0999984741211,71.0999984741211,7130,0.0,0.0
2025-06-23 02:15:00+00:00,71.0999984741211,71.0999984741211,71.0999984741211,71.0999984741211,6000,0.0,0.0
2025-06-23 02:20:00+00:00,71.0999984741211,71.0999984741211,71.0999984741211,71.0999984741211,2020,0.0,0.0
2025-06-23 02:25:00+00:00,71.0999984741211,71.5,71.0999984741211,71.5,8068,0.0,0.0
2025-06-23 02:30:00+00:00,71.5,71.5,71.4000015258789,71.4000015258789,5112,0.0,0.0
2025-06-23 02:35:00+00:00,71.4000015258789,71.4000015258789,71.30000305175781,71.30000305175781,5000,0.0,0.0
2025-06-23 02:40:00+00:00,71.4000015258789,71.4000015258789,71.4000015258789,71.4000015258789,3012,0.0,0.0
2025-06-23 02:45:00+00:00,71.4000015258789,71.5,71.4000015258789,71.4000015258789,5073,0.0,0.0
2025-06-23 02:50:00+00:00,71.4000015258789,71.4000015258789,71.30000305175781,71.4000015258789,6143,0.0,0.0
2025-06-23 02:55:00+00:00,71.5,71.5999984741211,71.5,71.5999984741211,20046,0.0,0.0
2025-06-23 03:00:00+00:00,71.5999984741211,71.80000305175781,71.5999984741211,71.69999694824219,12481,0.0,0.0
2025-06-23 03:05:00+00:00,71.69999694824219,71.69999694824219,71.5999984741211,71.69999694824219,6008,0.0,0.0
2025-06-23 03:10:00+00:00,71.69999694824219,71.69999694824219,71.5999984741211,71.5999984741211,4030,0.0,0.0
2025-06-23 03:15:00+00:00,71.69999694824219,71.69999694824219,71.5,71.5,4001,0.0,0.0
2025-06-23 03:20:00+00:00,71.5999984741211,71.5999984741211,71.4000015258789,71.5,9284,0.0,0.0
2025-06-23 03:25:00+00:00,71.4000015258789,71.4000015258789,71.4000015258789,71.4000015258789,1080,0.0,0.0
2025-06-23 03:30:00+00:00,71.5,71.5,71.4000015258789,71.5,8100,0.0,0.0
2025-06-23 03:35:00+00:00,71.4000015258789,71.5999984741211,71.4000015258789,71.5999984741211,4000,0.0,0.0
2025-06-23 03:40:00+00:00,71.5999984741211,71.5999984741211,71.5,71.5,5020,0.0,0.0
2025-06-23 03:45:00+00:00,71.5,71.5999984741211,71.5,71.5999984741211,3000,0.0,0.0
2025-06-23 03:50:00+00:00,71.5,71.5,71.4000015258789,71.5,23110,0.0,0.0
2025-06-23 03:55:00+00:00,71.4000015258789,71.4000015258789,71.4000015258789,71.4000015258789,1119,0.0,0.0
2025-06-23 04:05:00+00:00,71.4000015258789,71.4000015258789,71.0999984741211,71.0999984741211,7315,0.0,0.0
2025-06-23 04:10:00+00:00,71.19999694824219,71.30000305175781,71.19999694824219,71.30000305175781,6000,0.0,0.0
2025-06-23 04:15:00+00:00,71.30000305175781,71.30000305175781,71.30000305175781,71.30000305175781,2150,0.0,0.0
2025-06-23 04:20:00+00:00,71.30000305175781,71.30000305175781,71.30000305175781,71.30000305175781,15000,0.0,0.0
2025-06-23 04:30:00+00:00,71.19999694824219,71.19999694824219,71.19999694824219,71.19999694824219,1000,0.0,0.0
2025-06-23 04:35:00+00:00,71.19999694824219,71.30000305175781,71.19999694824219,71.30000305175781,4150,0.0,0.0
2025-06-23 04:40:00+00:00,71.19999694824219,71.30000305175781,71.19999694824219,71.19999694824219,16162,0.0,0.0
2025-06-23 04:45:00+00:00,71.19999694824219,71.19999694824219,71.0,71.0999984741211,51000,0.0,0.0
2025-06-23 04:50:00+00:00,71.0999984741211,71.0999984741211,71.0999984741211,71.0999984741211,1000,0.0,0.0
2025-06-23 04:55:00+00:00,71.0999984741211,71.0999984741211,71.0999984741211,71.0999984741211,8000,0.0,0.0
2025-06-23 05:00:00+00:00,71.19999694824219,71.19999694824219,71.0999984741211,71.0999984741211,11100,0.0,0.0
2025-06-23 05:05:00+00:00,71.0,71.0,71.0,71.0,4059,0.0,0.0
2025-06-23 05:10:00+00:00,71.0,71.19999694824219,71.0,71.19999694824219,7045,0.0,0.0
2025-06-23 05:15:00+00:00,71.30000305175781,71.30000305175781,71.19999694824219,71.19999694824219,4000,0.0,0.0
2025-06-23 05:20:00+00:00,71.0999984741211,71.30000305175781,71.0999984741211,71.19999694824219,12000,0.0,0.0
2025-06-24 01:00:00+00:00,72.0,72.30000305175781,72.0,72.30000305175781,0,0.0,0.0
2025-06-24 01:05:00+00:00,72.30000305175781,72.5999984741211,72.30000305175781,72.5,25000,0.0,0.0
2025-06-24 01:10:00+00:00,72.4000015258789,72.80000305175781,72.4000015258789,72.80000305175781,86327,0.0,0.0
2025-06-24 01:15:00+00:00,72.9000015258789,73.19999694824219,72.80000305175781,72.9000015258789,80469,0.0,0.0
2025-06-24 01:20:00+00:00,73.19999694824219,73.30000305175781,72.9000015258789,72.9000015258789,41100,0.0,0.0
2025-06-24 01:25:00+00:00,72.9000015258789,72.9000015258789,72.9000015258789,72.9000015258789,3011,0.0,0.0
2025-06-24 01:30:00+00:00,72.80000305175781,73.0,72.80000305175781,73.0,25137,0.0,0.0
2025-06-24 01:35:00+00:00,73.0,73.0,72.80000305175781,72.9000015258789,22000,0.0,0.0
2025-06-24 01:40:00+00:00,73.0999984741211,73.19999694824219,73.0,73.0,43610,0.0,0.0
2025-06-24 01:45:00+00:00,73.0,73.0999984741211,73.0,73.0999984741211,7000,0.0,0.0
2025-06-24 01:50:00+00:00,73.0999984741211,73.19999694824219,73.0,73.19999694824219,11200,0.0,0.0
2025-06-24 01:55:00+00:00,73.19999694824219,73.4000015258789,73.0999984741211,73.30000305175781,74943,0.0,0.0
2025-06-24 02:00:00+00:00,73.30000305175781,73.5,73.30000305175781,73.30000305175781,50134,0.0,0.0
2025-06-24 02:05:00+00:00,73.19999694824219,73.30000305175781,73.19999694824219,73.19999694824219,6100,0.0,0.0
2025-06-24 02:10:00+00:00,73.19999694824219,73.19999694824219,73.0999984741211,73.0999984741211,2030,0.0,0.0
2025-06-24 02:15:00+00:00,73.0999984741211,73.4000015258789,73.0999984741211,73.19999694824219,47070,0.0,0.0
2025-06-24 02:20:00+00:00,73.19999694824219,73.30000305175781,73.19999694824219,73.30000305175781,10009,0.0,0.0
2025-06-24 02:25:00+00:00,73.19999694824219,73.4000015258789,73.19999694824219,73.4000015258789,16000,0.0,0.0
2025-06-24 02:35:00+00:00,73.30000305175781,73.30000305175781,73.30000305175781,73.30000305175781,2021,0.0,0.0
2025-06-24 02:40:00+00:00,73.19999694824219,73.30000305175781,73.19999694824219,73.30000305175781,2549,0.0,0.0
2025-06-24 02:45:00+00:00,73.19999694824219,73.19999694824219,73.19999694824219,73.19999694824219,7000,0.0,0.0
2025-06-24 02:50:00+00:00,73.19999694824219,73.19999694824219,73.19999694824219,73.19999694824219,4353,0.0,0.0
2025-06-24 02:55:00+00:00,73.19999694824219,73.19999694824219,73.0999984741211,73.0999984741211,7000,0.0,0.0
2025-06-24 03:00:00+00:00,73.0999984741211,73.19999694824219,73.0999984741211,73.19999694824219,12020,0.0,0.0
2025-06-24 03:05:00+00:00,73.30000305175781,73.30000305175781,73.30000305175781,73.30000305175781,2000,0.0,0.0
2025-06-24 03:15:00+00:00,73.30000305175781,73.30000305175781,73.30000305175781,73.30000305175781,2000,0.0,0.0
2025-06-24 03:20:00+00:00,73.30000305175781,73.30000305175781,73.19999694824219,73.30000305175781,5000,0.0,0.0
2025-06-24 03:25:00+00:00,73.19999694824219,73.19999694824219,73.0999984741211,73.0999984741211,8000,0.0,0.0
2025-06-24 03:30:00+00:00,73.30000305175781,73.30000305175781,73.30000305175781,73.30000305175781,14002,0.0,0.0
2025-06-24 03:35:00+00:00,73.30000305175781,73.30000305175781,73.30000305175781,73.30000305175781,17010,0.0,0.0
2025-06-24 03:40:00+00:00,73.30000305175781,73.30000305175781,73.30000305175781,73.30000305175781,3050,0.0,0.0
2025-06-24 03:45:00+00:00,73.4000015258789,73.4000015258789,73.30000305175781,73.30000305175781,3000,0.0,0.0
2025-06-24 03:50:00+00:00,73.30000305175781,73.4000015258789,73.30000305175781,73.30000305175781,11030,0.0,0.0
2025-06-24 03:55:00+00:00,73.30000305175781,73.30000305175781,73.30000305175781,73.30000305175781,2000,0.0,0.0
2025-06-24 04:00:00+00:00,73.30000305175781,73.30000305175781,73.30000305175781,73.30000305175781,2000,0.0,0.0
2025-06-24 04:05:00+00:00,73.19999694824219,73.19999694824219,73.19999694824219,73.19999694824219,8000,0.0,0.0
2025-06-24 04:10:00+00:00,73.0999984741211,73.19999694824219,72.9000015258789,73.19999694824219,11137,0.0,0.0
2025-06-24 04:15:00+00:00,73.0,73.0,73.0,73.0,3028,0.0,0.0
2025-06-24 04:20:00+00:00,73.0,73.0,73.0,73.0,9150,0.0,0.0
2025-06-24 04:25:00+00:00,73.0,73.0,73.0,73.0,7150,0.0,0.0
2025-06-24 04:30:00+00:00,73.0,73.0999984741211,72.9000015258789,73.0999984741211,7014,0.0,0.0
2025-06-24 04:35:00+00:00,73.0999984741211,73.0999984741211,73.0999984741211,73.0999984741211,9000,0.0,0.0
2025-06-24 04:40:00+00:00,73.0999984741211,73.19999694824219,73.0999984741211,73.19999694824219,7000,0.0,0.0
2025-06-24 04:45:00+00:00,73.19999694824219,73.19999694824219,73.19999694824219,73.19999694824219,1000,0.0,0.0
2025-06-24 04:50:00+00:00,73.19999694824219,73.30000305175781,73.19999694824219,73.19999694824219,6000,0.0,0.0
2025-06-24 04:55:00+00:00,73.19999694824219,73.30000305175781,73.19999694824219,73.19999694824219,10079,0.0,0.0
2025-06-24 05:00:00+00:00,73.19999694824219,73.19999694824219,73.19999694824219,73.19999694824219,6060,0.0,0.0
2025-06-24 05:05:00+00:00,73.19999694824219,73.30000305175781,73.19999694824219,73.30000305175781,2000,0.0,0.0
2025-06-24 05:10:00+00:00,73.19999694824219,73.19999694824219,73.0999984741211,73.0999984741211,4000,0.0,0.0
2025-06-24 05:15:00+00:00,73.19999694824219,73.30000305175781,73.19999694824219,73.19999694824219,16000,0.0,0.0
2025-06-24 05:20:00+00:00,73.19999694824219,73.30000305175781,73.0,73.30000305175781,23145,0.0,0.0
2025-06-25 01:00:00+00:00,73.4000015258789,73.80000305175781,73.4000015258789,73.5999984741211,0,0.0,0.0
2025-06-25 01:05:00+00:00,73.5999984741211,74.0999984741211,73.5,74.0999984741211,63000,0.0,0.0
2025-06-25 01:10:00+00:00,74.0,74.0,73.9000015258789,73.9000015258789,23676,0.0,0.0
2025-06-25 01:15:00+00:00,73.9000015258789,73.9000015258789,73.5,73.5,14373,0.0,0.0
2025-06-25 01:20:00+00:00,73.5,73.5999984741211,73.5,73.5999984741211,6232,0.0,0.0
2025-06-25 01:25:00+00:00,73.5999984741211,73.5999984741211,73.5999984741211,73.5999984741211,13429,0.0,0.0
2025-06-25 01:30:00+00:00,73.5,73.5999984741211,73.5,73.5,18004,0.0,0.0
2025-06-25 01:35:00+00:00,73.5,73.5,73.5,73.5,4008,0.0,0.0
2025-06-25 01:40:00+00:00,73.5999984741211,73.69999694824219,73.5999984741211,73.69999694824219,3050,0.0,0.0
2025-06-25 01:45:00+00:00,73.5,73.5,73.5,73.5,4175,0.0,0.0
2025-06-25 01:50:00+00:00,73.5,73.5,73.4000015258789,73.4000015258789,14010,0.0,0.0
2025-06-25 01:55:00+00:00,73.4000015258789,73.4000015258789,73.30000305175781,73.30000305175781,4106,0.0,0.0
2025-06-25 02:00:00+00:00,73.19999694824219,73.19999694824219,73.19999694824219,73.19999694824219,8100,0.0,0.0
2025-06-25 02:05:00+00:00,73.19999694824219,73.19999694824219,73.0,73.19999694824219,23056,0.0,0.0
2025-06-25 02:10:00+00:00,73.0999984741211,73.0999984741211,73.0999984741211,73.0999984741211,1000,0.0,0.0
2025-06-25 02:15:00+00:00,73.19999694824219,73.19999694824219,73.0999984741211,73.0999984741211,11486,0.0,0.0
2025-06-25 02:20:00+00:00,73.0,73.0,73.0,73.0,11000,0.0,0.0
2025-06-25 02:25:00+00:00,72.9000015258789,72.9000015258789,72.80000305175781,72.80000305175781,6110,0.0,0.0
2025-06-25 02:30:00+00:00,72.80000305175781,72.80000305175781,72.80000305175781,72.80000305175781,9000,0.0,0.0
2025-06-25 02:35:00+00:00,72.80000305175781,72.9000015258789,72.69999694824219,72.9000015258789,38151,0.0,0.0
2025-06-25 02:40:00+00:00,73.0999984741211,73.0999984741211,73.0999984741211,73.0999984741211,1010,0.0,0.0
2025-06-25 02:45:00+00:00,73.0999984741211,73.0999984741211,73.0999984741211,73.0999984741211,2000,0.0,0.0
2025-06-25 02:50:00+00:00,73.0,73.0,73.0,73.0,8000,0.0,0.0
2025-06-25 02:55:00+00:00,73.0,73.0,73.0,73.0,5014,0.0,0.0
2025-06-25 03:00:00+00:00,73.0,73.0,73.0,73.0,1000,0.0,0.0
2025-06-25 03:05:00+00:00,73.0,73.0,73.0,73.0,1100,0.0,0.0
2025-06-25 03:15:00+00:00,73.0,73.0,73.0,73.0,1200,0.0,0.0
2025-06-25 03:30:00+00:00,72.9000015258789,72.9000015258789,72.69999694824219,72.69999694824219,23389,0.0,0.0
2025-06-25 03:40:00+00:00,72.80000305175781,72.80000305175781,72.80000305175781,72.80000305175781,1000,0.0,0.0
2025-06-25 03:45:00+00:00,73.0,73.0,73.0,73.0,4110,0.0,0.0
2025-06-25 03:50:00+00:00,73.0,73.0,73.0,73.0,4061,0.0,0.0
2025-06-25 03:55:00+00:00,72.9000015258789,72.9000015258789,72.9000015258789,72.9000015258789,1001,0.0,0.0
2025-06-25 04:00:00+00:00,73.0,73.0,72.80000305175781,72.80000305175781,22000,0.0,0.0
2025-06-25 04:05:00+00:00,73.0999984741211,73.0999984741211,72.9000015258789,72.9000015258789,11200,0.0,0.0
2025-06-25 04:15:00+00:00,72.9000015258789,72.9000015258789,72.80000305175781,72.80000305175781,8000,0.0,0.0
2025-06-25 04:20:00+00:00,72.9000015258789,72.9000015258789,72.80000305175781,72.80000305175781,3000,0.0,0.0
2025-06-25 04:25:00+00:00,72.80000305175781,72.80000305175781,72.80000305175781,72.80000305175781,1075,0.0,0.0
2025-06-25 04:30:00+00:00,72.9000015258789,72.9000015258789,72.9000015258789,72.9000015258789,3000,0.0,0.0
2025-06-25 04:40:00+00:00,72.9000015258789,72.9000015258789,72.9000015258789,72.9000015258789,1000,0.0,0.0
2025-06-25 04:45:00+00:00,73.0,73.0,73.0,73.0,11100,0.0,0.0
2025-06-25 04:50:00+00:00,73.0,73.0,72.9000015258789,72.9000015258789,2402,0.0,0.0
2025-06-25 04:55:00+00:00,72.9000015258789,72.9000015258789,72.9000015258789,72.9000015258789,22094,0.0,0.0
2025-06-25 05:00:00+00:00,73.0,73.19999694824219,73.0,73.19999694824219,8000,0.0,0.0
2025-06-25 05:05:00+00:00,73.30000305175781,73.5,73.19999694824219,73.5,43058,0.0,0.0
2025-06-25 05:10:00+00:00,73.5,73.69999694824219,73.5,73.5,32300,0.0,0.0
2025-06-25 05:15:00+00:00,73.4000015258789,73.4000015258789,73.19999694824219,73.19999694824219,543091,0.0,0.0
2025-06-25 05:20:00+00:00,73.0999984741211,73.19999694824219,73.0,73.19999694824219,18100,0.0,0.0
2025-06-26 01:00:00+00:00,73.5,74.0,73.5,73.80000305175781,0,0.0,0.0
2025-06-26 01:05:00+00:00,73.80000305175781,74.0,73.80000305175781,73.80000305175781,42100,0.0,0.0
2025-06-26 01:10:00+00:00,73.80000305175781,73.80000305175781,73.5,73.5,25200,0.0,0.0
2025-06-26 01:15:00+00:00,73.5,73.9000015258789,73.5,73.9000015258789,7000,0.0,0.0
2025-06-26 01:20:00+00:00,73.69999694824219,73.9000015258789,73.5,73.9000015258789,49277,0.0,0.0
2025-06-26 01:25:00+00:00,73.9000015258789,74.30000305175781,73.9000015258789,74.0999984741211,55160,0.0,0.0
2025-06-26 01:30:00+00:00,74.30000305175781,74.30000305175781,74.0,74.0,33400,0.0,0.0
2025-06-26 01:35:00+00:00,74.0,74.0,73.69999694824219,73.69999694824219,17050,0.0,0.0
2025-06-26 01:40:00+00:00,73.69999694824219,73.69999694824219,73.69999694824219,73.69999694824219,1000,0.0,0.0
2025-06-26 01:45:00+00:00,73.80000305175781,73.9000015258789,73.80000305175781,73.80000305175781,7000,0.0,0.0
2025-06-26 01:50:00+00:00,73.80000305175781,73.9000015258789,73.5,73.5,18200,0.0,0.0
2025-06-26 01:55:00+00:00,73.5,73.5999984741211,73.4000015258789,73.5,17032,0.0,0.0
2025-06-26 02:00:00+00:00,73.5999984741211,73.69999694824219,73.5999984741211,73.69999694824219,3010,0.0,0.0
2025-06-26 02:05:00+00:00,73.69999694824219,73.69999694824219,73.5,73.5999984741211,20156,0.0,0.0
2025-06-26 02:10:00+00:00,73.80000305175781,74.0,73.80000305175781,74.0,12064,0.0,0.0
2025-06-26 02:15:00+00:00,74.0,74.0,73.9000015258789,73.9000015258789,8681,0.0,0.0
2025-06-26 02:20:00+00:00,73.80000305175781,73.80000305175781,73.69999694824219,73.69999694824219,10040,0.0,0.0
2025-06-26 02:25:00+00:00,73.69999694824219,73.69999694824219,73.5,73.5,11205,0.0,0.0
2025-06-26 02:30:00+00:00,73.4000015258789,73.4000015258789,73.4000015258789,73.4000015258789,2000,0.0,0.0
2025-06-26 02:35:00+00:00,73.4000015258789,73.4000015258789,73.4000015258789,73.4000015258789,9900,0.0,0.0
2025-06-26 02:40:00+00:00,73.30000305175781,73.5,73.30000305175781,73.5,2415,0.0,0.0
2025-06-26 02:45:00+00:00,73.4000015258789,73.5,73.4000015258789,73.5,4100,0.0,0.0
2025-06-26 02:50:00+00:00,73.5,73.5,73.5,73.5,1047,0.0,0.0
2025-06-26 02:55:00+00:00,73.30000305175781,73.30000305175781,73.19999694824219,73.19999694824219,12000,0.0,0.0
2025-06-26 03:05:00+00:00,73.19999694824219,73.19999694824219,73.19999694824219,73.19999694824219,3000,0.0,0.0
2025-06-26 03:10:00+00:00,73.19999694824219,73.4000015258789,73.19999694824219,73.4000015258789,14100,0.0,0.0
2025-06-26 03:15:00+00:00,73.30000305175781,73.30000305175781,73.30000305175781,73.30000305175781,1099,0.0,0.0
2025-06-26 03:20:00+00:00,73.30000305175781,73.30000305175781,73.19999694824219,73.19999694824219,4101,0.0,0.0
2025-06-26 03:30:00+00:00,73.30000305175781,73.30000305175781,73.19999694824219,73.19999694824219,11106,0.0,0.0
2025-06-26 03:40:00+00:00,73.19999694824219,73.19999694824219,73.19999694824219,73.19999694824219,1020,0.0,0.0
2025-06-26 03:45:00+00:00,73.19999694824219,73.19999694824219,73.19999694824219,73.19999694824219,5023,0.0,0.0
2025-06-26 03:55:00+00:00,73.19999694824219,73.19999694824219,73.19999694824219,73.19999694824219,9037,0.0,0.0
2025-06-26 04:00:00+00:00,73.19999694824219,73.19999694824219,73.19999694824219,73.19999694824219,3032,0.0,0.0
2025-06-26 04:05:00+00:00,73.19999694824219,73.19999694824219,73.19999694824219,73.19999694824219,5185,0.0,0.0
2025-06-26 04:10:00+00:00,73.19999694824219,73.19999694824219,73.19999694824219,73.19999694824219,1000,0.0,0.0
2025-06-26 04:15:00+00:00,73.0999984741211,73.19999694824219,73.0999984741211,73.19999694824219,7004,0.0,0.0
2025-06-26 04:25:00+00:00,73.19999694824219,73.19999694824219,73.19999694824219,73.19999694824219,5000,0.0,0.0
2025-06-26 04:30:00+00:00,73.19999694824219,73.30000305175781,73.19999694824219,73.30000305175781,12250,0.0,0.0
2025-06-26 04:35:00+00:00,73.19999694824219,73.19999694824219,73.19999694824219,73.19999694824219,1000,0.0,0.0
2025-06-26 04:40:00+00:00,73.30000305175781,73.30000305175781,73.19999694824219,73.19999694824219,3101,0.0,0.0
2025-06-26 04:45:00+00:00,73.19999694824219,73.19999694824219,73.19999694824219,73.19999694824219,4000,0.0,0.0
2025-06-26 04:50:00+00:00,73.19999694824219,73.19999694824219,73.0,73.19999694824219,22115,0.0,0.0
2025-06-26 04:55:00+00:00,73.0999984741211,73.19999694824219,73.0999984741211,73.19999694824219,3400,0.0,0.0
2025-06-26 05:00:00+00:00,73.19999694824219,73.30000305175781,73.0999984741211,73.30000305175781,11000,0.0,0.0
2025-06-26 05:05:00+00:00,73.30000305175781,73.30000305175781,73.0999984741211,73.19999694824219,11100,0.0,0.0
2025-06-26 05:10:00+00:00,73.0999984741211,73.0999984741211,73.0999984741211,73.0999984741211,10008,0.0,0.0
2025-06-26 05:15:00+00:00,73.0,73.19999694824219,73.0,73.19999694824219,14876,0.0,0.0
2025-06-26 05:20:00+00:00,73.0999984741211,73.19999694824219,73.0,73.0,9637,0.0,0.0
2025-06-27 01:00:00+00:00,73.5,73.5,73.5,73.5,0,0.0,0.0
2025-06-27 01:05:00+00:00,73.30000305175781,73.30000305175781,73.19999694824219,73.19999694824219,7004,0.0,0.0
2025-06-27 01:10:00+00:00,73.19999694824219,73.19999694824219,73.19999694824219,73.19999694824219,1151,0.0,0.0
2025-06-27 01:15:00+00:00,73.0999984741211,73.0999984741211,73.0999984741211,73.0999984741211,5000,0.0,0.0
2025-06-27 01:20:00+00:00,73.0,73.0,73.0,73.0,1000,0.0,0.0
2025-06-27 01:25:00+00:00,73.0,73.0,73.0,73.0,8758,0.0,0.0
2025-06-27 01:30:00+00:00,73.0,73.0,72.5999984741211,72.5999984741211,27000,0.0,0.0
2025-06-27 01:40:00+00:00,72.80000305175781,72.80000305175781,72.80000305175781,72.80000305175781,3055,0.0,0.0
2025-06-27 01:45:00+00:00,72.80000305175781,72.9000015258789,72.80000305175781,72.9000015258789,6000,0.0,0.0
2025-06-27 01:50:00+00:00,72.9000015258789,72.9000015258789,72.9000015258789,72.9000015258789,12014,0.0,0.0
2025-06-27 01:55:00+00:00,72.9000015258789,72.9000015258789,72.9000015258789,72.9000015258789,1060,0.0,0.0
2025-06-27 02:00:00+00:00,72.9000015258789,73.0,72.9000015258789,72.9000015258789,3250,0.0,0.0
2025-06-27 02:05:00+00:00,72.9000015258789,73.0,72.80000305175781,73.0,16000,0.0,0.0
2025-06-27 02:10:00+00:00,72.9000015258789,72.9000015258789,72.9000015258789,72.9000015258789,10100,0.0,0.0
2025-06-27 02:15:00+00:00,72.9000015258789,72.9000015258789,72.9000015258789,72.9000015258789,5000,0.0,0.0
2025-06-27 02:20:00+00:00,73.0,73.0,72.9000015258789,72.9000015258789,9058,0.0,0.0
2025-06-27 02:25:00+00:00,72.9000015258789,72.9000015258789,72.80000305175781,72.80000305175781,21035,0.0,0.0
2025-06-27 02:30:00+00:00,72.80000305175781,72.80000305175781,72.80000305175781,72.80000305175781,3001,0.0,0.0
2025-06-27 02:35:00+00:00,72.80000305175781,72.80000305175781,72.69999694824219,72.69999694824219,12215,0.0,0.0
2025-06-27 02:40:00+00:00,72.80000305175781,72.80000305175781,72.80000305175781,72.80000305175781,1000,0.0,0.0
2025-06-27 02:45:00+00:00,72.80000305175781,72.80000305175781,72.80000305175781,72.80000305175781,2000,0.0,0.0
2025-06-27 02:50:00+00:00,72.80000305175781,72.80000305175781,72.69999694824219,72.80000305175781,7889,0.0,0.0
2025-06-27 03:00:00+00:00,72.80000305175781,72.80000305175781,72.80000305175781,72.80000305175781,3901,0.0,0.0
2025-06-27 03:05:00+00:00,72.80000305175781,72.80000305175781,72.80000305175781,72.80000305175781,3000,0.0,0.0
2025-06-27 03:10:00+00:00,72.69999694824219,72.69999694824219,72.69999694824219,72.69999694824219,5000,0.0,0.0
2025-06-27 03:15:00+00:00,72.69999694824219,72.9000015258789,72.69999694824219,72.9000015258789,9000,0.0,0.0
2025-06-27 03:25:00+00:00,72.80000305175781,72.9000015258789,72.80000305175781,72.9000015258789,9000,0.0,0.0
2025-06-27 03:30:00+00:00,72.80000305175781,72.80000305175781,72.69999694824219,72.69999694824219,7100,0.0,0.0
2025-06-27 03:35:00+00:00,72.69999694824219,72.69999694824219,72.69999694824219,72.69999694824219,2000,0.0,0.0
2025-06-27 03:45:00+00:00,72.80000305175781,72.80000305175781,72.80000305175781,72.80000305175781,12000,0.0,0.0
2025-06-27 03:50:00+00:00,72.69999694824219,72.80000305175781,72.69999694824219,72.80000305175781,5200,0.0,0.0
2025-06-27 04:00:00+00:00,72.69999694824219,72.80000305175781,72.69999694824219,72.80000305175781,5235,0.0,0.0
2025-06-27 04:05:00+00:00,72.80000305175781,72.80000305175781,72.69999694824219,72.80000305175781,5025,0.0,0.0
2025-06-27 04:10:00+00:00,72.69999694824219,72.80000305175781,72.69999694824219,72.69999694824219,10040,0.0,0.0
2025-06-27 04:15:00+00:00,72.69999694824219,72.69999694824219,72.69999694824219,72.69999694824219,4000,0.0,0.0
2025-06-27 04:20:00+00:00,72.69999694824219,72.80000305175781,72.69999694824219,72.80000305175781,22000,0.0,0.0
2025-06-27 04:25:00+00:00,72.80000305175781,72.80000305175781,72.80000305175781,72.80000305175781,5000,0.0,0.0
2025-06-27 04:30:00+00:00,72.9000015258789,73.0,72.9000015258789,73.0,13000,0.0,0.0
2025-06-27 04:35:00+00:00,72.9000015258789,73.0,72.9000015258789,72.9000015258789,4019,0.0,0.0
2025-06-27 04:50:00+00:00,72.9000015258789,72.9000015258789,72.9000015258789,72.9000015258789,2000,0.0,0.0
2025-06-27 04:55:00+00:00,72.9000015258789,72.9000015258789,72.80000305175781,72.80000305175781,12000,0.0,0.0
2025-06-27 05:00:00+00:00,72.69999694824219,72.80000305175781,72.69999694824219,72.80000305175781,21090,0.0,0.0
2025-06-27 05:05:00+00:00,72.80000305175781,72.80000305175781,72.80000305175781,72.80000305175781,3070,0.0,0.0
2025-06-27 05:10:00+00:00,72.80000305175781,72.80000305175781,72.80000305175781,72.80000305175781,4000,0.0,0.0
2025-06-27 05:15:00+00:00,72.80000305175781,72.80000305175781,72.69999694824219,72.80000305175781,10000,0.0,0.0
2025-06-27 05:20:00+00:00,72.69999694824219,72.69999694824219,72.5,72.5,65019,0.0,0.0
2025-04-30 01:00:00+00:00,73.5,73.5999984741211,72.9000015258789,73.19999694824219,0,0.0,0.0
2025-04-30 01:05:00+00:00,73.19999694824219,73.80000305175781,73.0999984741211,73.69999694824219,148000,0.0,0.0
2025-04-30 01:10:00+00:00,73.69999694824219,73.80000305175781,73.4000015258789,73.69999694824219,108827,0.0,0.0
2025-04-30 01:15:00+00:00,73.80000305175781,74.0,73.69999694824219,73.80000305175781,97549,0.0,0.0
2025-04-30 01:20:00+00:00,73.80000305175781,74.0,73.5999984741211,73.69999694824219,81846,0.0,0.0
2025-04-30 01:25:00+00:00,73.69999694824219,73.80000305175781,73.5,73.80000305175781,71098,0.0,0.0
2025-04-30 01:30:00+00:00,73.80000305175781,73.9000015258789,73.4000015258789,73.4000015258789,98259,0.0,0.0
2025-04-30 01:35:00+00:00,73.4000015258789,73.5,73.30000305175781,73.5,40901,0.0,0.0
2025-04-30 01:40:00+00:00,73.5999984741211,73.80000305175781,73.5999984741211,73.5999984741211,33008,0.0,0.0
2025-04-30 01:45:00+00:00,73.5999984741211,73.5999984741211,73.30000305175781,73.4000015258789,71675,0.0,0.0
2025-04-30 01:50:00+00:00,73.4000015258789,73.5,73.19999694824219,73.19999694824219,48176,0.0,0.0
2025-04-30 01:55:00+00:00,73.19999694824219,73.30000305175781,73.19999694824219,73.19999694824219,25250,0.0,0.0
2025-04-30 02:00:00+00:00,73.30000305175781,73.80000305175781,73.30000305175781,73.5999984741211,52000,0.0,0.0
2025-04-30 02:05:00+00:00,73.5,73.5,73.5,73.5,30022,0.0,0.0
2025-04-30 02:10:00+00:00,73.5,73.69999694824219,73.5,73.69999694824219,7000,0.0,0.0
2025-04-30 02:15:00+00:00,73.5999984741211,73.5999984741211,73.5,73.5999984741211,17050,0.0,0.0
2025-04-30 02:20:00+00:00,73.5,73.5,73.4000015258789,73.5,41000,0.0,0.0
2025-04-30 02:25:00+00:00,73.5999984741211,73.5999984741211,73.4000015258789,73.4000015258789,46538,0.0,0.0
2025-04-30 02:30:00+00:00,73.4000015258789,73.4000015258789,73.4000015258789,73.4000015258789,2000,0.0,0.0
2025-04-30 02:35:00+00:00,73.4000015258789,73.5,73.4000015258789,73.4000015258789,47100,0.0,0.0
2025-04-30 02:40:00+00:00,73.4000015258789,73.4000015258789,73.30000305175781,73.4000015258789,33016,0.0,0.0
2025-04-30 02:45:00+00:00,73.30000305175781,73.30000305175781,73.0,73.0,96715,0.0,0.0
2025-04-30 02:50:00+00:00,73.0,73.0,72.5999984741211,72.69999694824219,184754,0.0,0.0
2025-04-30 02:55:00+00:00,72.5999984741211,72.69999694824219,72.5,72.5999984741211,66989,0.0,0.0
2025-04-30 03:00:00+00:00,72.69999694824219,72.69999694824219,72.5999984741211,72.69999694824219,11000,0.0,0.0
2025-04-30 03:05:00+00:00,72.69999694824219,72.69999694824219,72.5,72.5,31055,0.0,0.0
2025-04-30 03:10:00+00:00,72.5,72.5,72.30000305175781,72.4000015258789,55165,0.0,0.0
2025-04-30 03:15:00+00:00,72.4000015258789,72.4000015258789,72.30000305175781,72.30000305175781,19055,0.0,0.0
2025-04-30 03:20:00+00:00,72.4000015258789,72.4000015258789,72.19999694824219,72.4000015258789,31000,0.0,0.0
2025-04-30 03:25:00+00:00,72.5999984741211,72.5999984741211,72.5,72.5999984741211,14000,0.0,0.0
2025-04-30 03:30:00+00:00,72.5999984741211,72.5999984741211,72.5,72.5,15200,0.0,0.0
2025-04-30 03:35:00+00:00,72.5,72.69999694824219,72.5,72.69999694824219,22600,0.0,0.0
2025-04-30 03:40:00+00:00,72.5999984741211,72.5999984741211,72.5999984741211,72.5999984741211,10080,0.0,0.0
2025-04-30 03:45:00+00:00,72.5999984741211,72.69999694824219,72.5999984741211,72.69999694824219,4070,0.0,0.0
2025-04-30 03:50:00+00:00,72.5999984741211,72.5999984741211,72.5999984741211,72.5999984741211,14001,0.0,0.0
2025-04-30 03:55:00+00:00,72.5,72.5999984741211,72.5,72.5999984741211,18024,0.0,0.0
2025-04-30 04:00:00+00:00,72.5999984741211,72.5999984741211,72.5,72.5999984741211,16230,0.0,0.0
2025-04-30 04:05:00+00:00,72.5999984741211,72.5999984741211,72.5999984741211,72.5999984741211,3000,0.0,0.0
2025-04-30 04:10:00+00:00,72.5999984741211,72.5999984741211,72.5999984741211,72.5999984741211,7164,0.0,0.0
2025-04-30 04:15:00+00:00,72.5999984741211,72.5999984741211,72.5999984741211,72.5999984741211,3000,0.0,0.0
2025-04-30 04:20:00+00:00,72.5999984741211,72.69999694824219,72.5999984741211,72.69999694824219,15321,0.0,0.0
2025-04-30 04:25:00+00:00,72.69999694824219,72.80000305175781,72.69999694824219,72.69999694824219,9317,0.0,0.0
2025-04-30 04:30:00+00:00,72.69999694824219,72.69999694824219,72.5999984741211,72.5999984741211,8000,0.0,0.0
2025-04-30 04:35:00+00:00,72.5999984741211,72.80000305175781,72.5999984741211,72.5999984741211,18180,0.0,0.0
2025-04-30 04:40:00+00:00,72.5999984741211,72.80000305175781,72.5999984741211,72.80000305175781,16006,0.0,0.0
2025-04-30 04:45:00+00:00,72.80000305175781,72.80000305175781,72.5999984741211,72.69999694824219,22000,0.0,0.0
2025-04-30 04:50:00+00:00,72.80000305175781,72.80000305175781,72.69999694824219,72.69999694824219,8000,0.0,0.0
2025-04-30 04:55:00+00:00,72.69999694824219,72.69999694824219,72.5999984741211,72.5999984741211,24070,0.0,0.0
2025-04-30 05:00:00+00:00,72.69999694824219,72.80000305175781,72.69999694824219,72.80000305175781,22000,0.0,0.0
2025-04-30 05:05:00+00:00,72.9000015258789,72.9000015258789,72.69999694824219,72.69999694824219,22062,0.0,0.0
2025-04-30 05:10:00+00:00,72.69999694824219,72.80000305175781,72.5999984741211,72.80000305175781,12000,0.0,0.0
2025-04-30 05:15:00+00:00,72.80000305175781,72.80000305175781,72.69999694824219,72.80000305175781,34393,0.0,0.0
2025-04-30 05:20:00+00:00,72.80000305175781,72.9000015258789,72.69999694824219,72.80000305175781,49445,0.0,0.0
2025-05-02 01:00:00+00:00,73.5,73.5,73.0999984741211,73.30000305175781,0,0.0,0.0
2025-05-02 01:05:00+00:00,73.30000305175781,73.30000305175781,72.9000015258789,73.0999984741211,100000,0.0,0.0
2025-05-02 01:10:00+00:00,73.19999694824219,73.30000305175781,73.0,73.0999984741211,73180,0.0,0.0
2025-05-02 01:15:00+00:00,73.0999984741211,73.19999694824219,72.80000305175781,73.0999984741211,103282,0.0,0.0
2025-05-02 01:20:00+00:00,73.19999694824219,73.19999694824219,73.0,73.0,33465,0.0,0.0
2025-05-02 01:25:00+00:00,73.0,73.0999984741211,72.80000305175781,73.0999984741211,37038,0.0,0.0
2025-05-02 01:30:00+00:00,73.0999984741211,73.0999984741211,72.9000015258789,73.0,61300,0.0,0.0
2025-05-02 01:35:00+00:00,73.0,73.0999984741211,73.0,73.0999984741211,21780,0.0,0.0
2025-05-02 01:40:00+00:00,73.0999984741211,73.5999984741211,73.0,73.19999694824219,124810,0.0,0.0
2025-05-02 01:45:00+00:00,73.30000305175781,73.4000015258789,73.19999694824219,73.30000305175781,27103,0.0,0.0
2025-05-02 01:50:00+00:00,73.4000015258789,73.5,73.30000305175781,73.5,44510,0.0,0.0
2025-05-02 01:55:00+00:00,73.5,73.5999984741211,73.4000015258789,73.4000015258789,14485,0.0,0.0
2025-05-02 02:00:00+00:00,73.4000015258789,73.4000015258789,73.30000305175781,73.4000015258789,18026,0.0,0.0
2025-05-02 02:05:00+00:00,73.4000015258789,73.4000015258789,73.30000305175781,73.4000015258789,26005,0.0,0.0
2025-05-02 02:10:00+00:00,73.4000015258789,73.5,73.4000015258789,73.4000015258789,7100,0.0,0.0
2025-05-02 02:15:00+00:00,73.4000015258789,73.4000015258789,73.30000305175781,73.30000305175781,21032,0.0,0.0
2025-05-02 02:20:00+00:00,73.30000305175781,73.4000015258789,73.30000305175781,73.4000015258789,9107,0.0,0.0
2025-05-02 02:25:00+00:00,73.30000305175781,73.4000015258789,73.30000305175781,73.4000015258789,8000,0.0,0.0
2025-05-02 02:30:00+00:00,73.4000015258789,73.4000015258789,73.30000305175781,73.4000015258789,15150,0.0,0.0
2025-05-02 02:35:00+00:00,73.30000305175781,73.4000015258789,73.30000305175781,73.4000015258789,20051,0.0,0.0
2025-05-02 02:40:00+00:00,73.4000015258789,73.5,73.4000015258789,73.5,15050,0.0,0.0
2025-05-02 02:45:00+00:00,73.5,73.5,73.4000015258789,73.4000015258789,6080,0.0,0.0
2025-05-02 02:50:00+00:00,73.4000015258789,73.4000015258789,73.30000305175781,73.30000305175781,51000,0.0,0.0
2025-05-02 02:55:00+00:00,73.19999694824219,73.4000015258789,73.19999694824219,73.4000015258789,8000,0.0,0.0
2025-05-02 03:00:00+00:00,73.4000015258789,73.4000015258789,73.19999694824219,73.19999694824219,28042,0.0,0.0
2025-05-02 03:05:00+00:00,73.19999694824219,73.30000305175781,73.19999694824219,73.30000305175781,17000,0.0,0.0
2025-05-02 03:10:00+00:00,73.19999694824219,73.19999694824219,73.19999694824219,73.19999694824219,25200,0.0,0.0
2025-05-02 03:15:00+00:00,73.19999694824219,73.19999694824219,73.19999694824219,73.19999694824219,8040,0.0,0.0
2025-05-02 03:20:00+00:00,73.19999694824219,73.19999694824219,73.19999694824219,73.19999694824219,2007,0.0,0.0
2025-05-02 03:25:00+00:00,73.19999694824219,73.30000305175781,73.19999694824219,73.19999694824219,22000,0.0,0.0
2025-05-02 03:30:00+00:00,73.19999694824219,73.19999694824219,73.0999984741211,73.19999694824219,24000,0.0,0.0
2025-05-02 03:35:00+00:00,73.30000305175781,73.4000015258789,73.30000305175781,73.4000015258789,9007,0.0,0.0
2025-05-02 03:40:00+00:00,73.30000305175781,73.4000015258789,73.30000305175781,73.4000015258789,22010,0.0,0.0
2025-05-02 03:45:00+00:00,73.4000015258789,73.5,73.4000015258789,73.5,26047,0.0,0.0
2025-05-02 03:50:00+00:00,73.5,73.5,73.5,73.5,8000,0.0,0.0
2025-05-02 03:55:00+00:00,73.5,73.5999984741211,73.5,73.5999984741211,15116,0.0,0.0
2025-05-02 04:00:00+00:00,73.5999984741211,73.5999984741211,73.5,73.5,18000,0.0,0.0
2025-05-02 04:05:00+00:00,73.5,73.5999984741211,73.4000015258789,73.5999984741211,11074,0.0,0.0
2025-05-02 04:10:00+00:00,73.5,73.5,73.4000015258789,73.4000015258789,9000,0.0,0.0
2025-05-02 04:15:00+00:00,73.5,73.5,73.4000015258789,73.4000015258789,9037,0.0,0.0
2025-05-02 04:20:00+00:00,73.5,73.5999984741211,73.5,73.5999984741211,34000,0.0,0.0
2025-05-02 04:25:00+00:00,73.5999984741211,73.5999984741211,73.5999984741211,73.5999984741211,18000,0.0,0.0
2025-05-02 04:30:00+00:00,73.5999984741211,73.5999984741211,73.5999984741211,73.5999984741211,12000,0.0,0.0
2025-05-02 04:35:00+00:00,73.5999984741211,73.5999984741211,73.5,73.5,10071,0.0,0.0
2025-05-02 04:40:00+00:00,73.5,73.5,73.4000015258789,73.4000015258789,44007,0.0,0.0
2025-05-02 04:45:00+00:00,73.4000015258789,73.5,73.4000015258789,73.5,12120,0.0,0.0
2025-05-02 04:50:00+00:00,73.4000015258789,73.5,73.30000305175781,73.5,18100,0.0,0.0
2025-05-02 04:55:00+00:00,73.4000015258789,73.4000015258789,73.19999694824219,73.4000015258789,93004,0.0,0.0
2025-05-02 05:00:00+00:00,73.30000305175781,73.5,73.30000305175781,73.5,17010,0.0,0.0
2025-05-02 05:05:00+00:00,73.5,73.5999984741211,73.5,73.5999984741211,29010,0.0,0.0
2025-05-02 05:10:00+00:00,73.5999984741211,73.5999984741211,73.5999984741211,73.5999984741211,36116,0.0,0.0
2025-05-02 05:15:00+00:00,73.5999984741211,73.5999984741211,73.5,73.5999984741211,51027,0.0,0.0
2025-05-02 05:20:00+00:00,73.5999984741211,73.80000305175781,73.5999984741211,73.80000305175781,44694,0.0,0.0
2025-05-05 01:00:00+00:00,72.80000305175781,72.80000305175781,70.30000305175781,71.5999984741211,0,0.0,0.0
2025-05-05 01:05:00+00:00,71.69999694824219,71.69999694824219,70.5,70.80000305175781,412000,0.0,0.0
2025-05-05 01:10:00+00:00,70.5,71.19999694824219,70.4000015258789,71.0,119669,0.0,0.0
2025-05-05 01:15:00+00:00,70.80000305175781,71.30000305175781,70.5999984741211,70.9000015258789,106753,0.0,0.0
2025-05-05 01:20:00+00:00,70.9000015258789,71.0,69.0,69.5999984741211,408207,0.0,0.0
2025-05-05 01:25:00+00:00,69.5,69.80000305175781,69.0,69.0,268176,0.0,0.0
2025-05-05 01:30:00+00:00,69.0,69.0,68.69999694824219,68.9000015258789,153963,0.0,0.0
2025-05-05 01:35:00+00:00,68.9000015258789,69.0,68.5999984741211,68.80000305175781,123739,0.0,0.0
2025-05-05 01:40:00+00:00,68.80000305175781,68.80000305175781,68.69999694824219,68.69999694824219,57280,0.0,0.0
2025-05-05 01:45:00+00:00,68.69999694824219,68.69999694824219,68.0999984741211,68.19999694824219,134316,0.0,0.0
2025-05-05 01:50:00+00:00,68.0999984741211,68.30000305175781,67.69999694824219,68.30000305175781,99862,0.0,0.0
2025-05-05 01:55:00+00:00,68.19999694824219,68.19999694824219,67.5999984741211,67.80000305175781,78099,0.0,0.0
2025-05-05 02:00:00+00:00,67.9000015258789,68.0,67.5999984741211,67.5999984741211,66500,0.0,0.0
2025-05-05 02:05:00+00:00,67.5999984741211,67.5999984741211,67.0,67.4000015258789,181084,0.0,0.0
2025-05-05 02:10:00+00:00,67.19999694824219,67.5999984741211,67.0,67.5,69270,0.0,0.0
2025-05-05 02:15:00+00:00,67.5999984741211,67.69999694824219,67.4000015258789,67.4000015258789,38130,0.0,0.0
2025-05-05 02:20:00+00:00,67.4000015258789,67.5,67.0,67.19999694824219,59000,0.0,0.0
2025-05-05 02:25:00+00:00,67.19999694824219,67.4000015258789,67.19999694824219,67.30000305175781,14478,0.0,0.0
2025-05-05 02:30:00+00:00,67.30000305175781,67.30000305175781,66.5,66.5,379217,0.0,0.0
2025-05-05 02:35:00+00:00,66.5,66.5,66.5,66.5,277194,0.0,0.0
2025-05-05 02:40:00+00:00,66.5,66.80000305175781,66.5,66.5,197979,0.0,0.0
2025-05-05 02:45:00+00:00,66.5,66.69999694824219,66.5,66.69999694824219,95829,0.0,0.0
2025-05-05 02:50:00+00:00,66.80000305175781,66.80000305175781,66.5999984741211,66.80000305175781,26000,0.0,0.0
2025-05-05 02:55:00+00:00,66.69999694824219,66.9000015258789,66.5,66.5999984741211,122006,0.0,0.0
2025-05-05 03:00:00+00:00,66.9000015258789,67.4000015258789,66.80000305175781,67.19999694824219,91290,0.0,0.0
2025-05-05 03:05:00+00:00,67.0999984741211,67.5999984741211,67.0999984741211,67.5,65834,0.0,0.0
2025-05-05 03:10:00+00:00,67.5999984741211,67.5999984741211,67.30000305175781,67.4000015258789,54162,0.0,0.0
2025-05-05 03:15:00+00:00,67.4000015258789,67.5999984741211,67.30000305175781,67.30000305175781,30316,0.0,0.0
2025-05-05 03:20:00+00:00,67.19999694824219,68.0,67.19999694824219,67.5999984741211,50000,0.0,0.0
2025-05-05 03:25:00+00:00,67.69999694824219,67.69999694824219,67.5,67.5,27400,0.0,0.0
2025-05-05 03:30:00+00:00,67.5,67.5999984741211,67.4000015258789,67.5999984741211,31200,0.0,0.0
2025-05-05 03:35:00+00:00,67.69999694824219,67.80000305175781,67.5999984741211,67.69999694824219,25297,0.0,0.0
2025-05-05 03:40:00+00:00,67.69999694824219,67.69999694824219,67.4000015258789,67.4000015258789,28500,0.0,0.0
2025-05-05 03:45:00+00:00,67.5999984741211,67.69999694824219,67.19999694824219,67.69999694824219,125000,0.0,0.0
2025-05-05 03:50:00+00:00,67.69999694824219,67.9000015258789,67.5999984741211,67.9000015258789,50336,0.0,0.0
2025-05-05 03:55:00+00:00,67.80000305175781,67.80000305175781,67.80000305175781,67.80000305175781,22249,0.0,0.0
2025-05-05 04:00:00+00:00,67.80000305175781,67.80000305175781,67.69999694824219,67.69999694824219,6819,0.0,0.0
2025-05-05 04:05:00+00:00,67.69999694824219,67.80000305175781,67.69999694824219,67.69999694824219,13055,0.0,0.0
2025-05-05 04:10:00+00:00,67.80000305175781,67.9000015258789,67.5999984741211,67.9000015258789,46307,0.0,0.0
2025-05-05 04:15:00+00:00,67.9000015258789,68.0,67.80000305175781,67.80000305175781,25450,0.0,0.0
2025-05-05 04:20:00+00:00,67.80000305175781,67.80000305175781,67.69999694824219,67.80000305175781,12350,0.0,0.0
2025-05-05 04:25:00+00:00,67.80000305175781,67.80000305175781,67.69999694824219,67.80000305175781,36165,0.0,0.0
2025-05-05 04:30:00+00:00,67.80000305175781,67.9000015258789,67.69999694824219,67.9000015258789,32128,0.0,0.0
2025-05-05 04:35:00+00:00,67.9000015258789,68.19999694824219,67.9000015258789,68.0,53453,0.0,0.0
2025-05-05 04:40:00+00:00,68.0,68.19999694824219,68.0,68.19999694824219,22103,0.0,0.0
2025-05-05 04:45:00+00:00,68.19999694824219,68.19999694824219,68.0,68.0999984741211,20320,0.0,0.0
2025-05-05 04:50:00+00:00,68.0999984741211,68.0999984741211,68.0,68.0,32040,0.0,0.0
2025-05-05 04:55:00+00:00,67.9000015258789,68.0,67.69999694824219,67.69999694824219,40016,0.0,0.0
2025-05-05 05:00:00+00:00,67.69999694824219,67.9000015258789,67.69999694824219,67.9000015258789,17030,0.0,0.0
2025-05-05 05:05:00+00:00,67.9000015258789,67.9000015258789,67.69999694824219,67.9000015258789,37250,0.0,0.0
2025-05-05 05:10:00+00:00,67.9000015258789,67.9000015258789,67.80000305175781,67.9000015258789,20100,0.0,0.0
2025-05-05 05:15:00+00:00,67.80000305175781,67.9000015258789,67.80000305175781,67.80000305175781,28076,0.0,0.0
2025-05-05 05:20:00+00:00,67.80000305175781,67.9000015258789,67.5999984741211,67.69999694824219,66297,0.0,0.0
2025-05-06 01:00:00+00:00,67.80000305175781,68.4000015258789,67.69999694824219,67.9000015258789,0,0.0,0.0
2025-05-06 01:05:00+00:00,67.9000015258789,68.4000015258789,67.9000015258789,68.30000305175781,65000,0.0,0.0
2025-05-06 01:10:00+00:00,68.30000305175781,68.5999984741211,68.0999984741211,68.5999984741211,107689,0.0,0.0
2025-05-06 01:15:00+00:00,68.69999694824219,69.19999694824219,68.69999694824219,69.0,124374,0.0,0.0
2025-05-06 01:20:00+00:00,68.9000015258789,69.0999984741211,68.80000305175781,69.0,84457,0.0,0.0
2025-05-06 01:25:00+00:00,69.0,69.0999984741211,68.9000015258789,69.0,31000,0.0,0.0
2025-05-06 01:30:00+00:00,69.0,69.0999984741211,68.9000015258789,68.9000015258789,41200,0.0,0.0
2025-05-06 01:35:00+00:00,68.9000015258789,69.0,68.9000015258789,69.0,31049,0.0,0.0
2025-05-06 01:40:00+00:00,69.0,69.0999984741211,68.69999694824219,68.69999694824219,54831,0.0,0.0
2025-05-06 01:45:00+00:00,68.69999694824219,68.69999694824219,68.5,68.5,60497,0.0,0.0
2025-05-06 01:50:00+00:00,68.5999984741211,68.69999694824219,68.5999984741211,68.5999984741211,19648,0.0,0.0
2025-05-06 01:55:00+00:00,68.69999694824219,68.69999694824219,68.69999694824219,68.69999694824219,13104,0.0,0.0
2025-05-06 02:00:00+00:00,68.69999694824219,68.69999694824219,68.69999694824219,68.69999694824219,5500,0.0,0.0
2025-05-06 02:05:00+00:00,68.69999694824219,68.80000305175781,68.69999694824219,68.80000305175781,29050,0.0,0.0
2025-05-06 02:10:00+00:00,68.80000305175781,68.80000305175781,68.69999694824219,68.69999694824219,19101,0.0,0.0
2025-05-06 02:15:00+00:00,68.5999984741211,68.69999694824219,68.5999984741211,68.69999694824219,13138,0.0,0.0
2025-05-06 02:20:00+00:00,68.69999694824219,68.69999694824219,68.5999984741211,68.5999984741211,26200,0.0,0.0
2025-05-06 02:25:00+00:00,68.5999984741211,68.5999984741211,68.5,68.5999984741211,16150,0.0,0.0
2025-05-06 02:30:00+00:00,68.69999694824219,68.80000305175781,68.69999694824219,68.69999694824219,16221,0.0,0.0
2025-05-06 02:35:00+00:00,68.69999694824219,68.80000305175781,68.69999694824219,68.80000305175781,15000,0.0,0.0
2025-05-06 02:40:00+00:00,68.69999694824219,68.69999694824219,68.0999984741211,68.69999694824219,104000,0.0,0.0
2025-05-06 02:45:00+00:00,68.5999984741211,68.69999694824219,68.5,68.69999694824219,11000,0.0,0.0
2025-05-06 02:50:00+00:00,68.9000015258789,68.9000015258789,68.80000305175781,68.9000015258789,14219,0.0,0.0
2025-05-06 02:55:00+00:00,68.9000015258789,68.9000015258789,68.80000305175781,68.80000305175781,20065,0.0,0.0
2025-05-06 03:00:00+00:00,68.80000305175781,68.80000305175781,68.80000305175781,68.80000305175781,4406,0.0,0.0
2025-05-06 03:05:00+00:00,68.9000015258789,68.9000015258789,68.9000015258789,68.9000015258789,3000,0.0,0.0
2025-05-06 03:15:00+00:00,68.80000305175781,68.80000305175781,68.69999694824219,68.69999694824219,5337,0.0,0.0
2025-05-06 03:20:00+00:00,68.80000305175781,68.80000305175781,68.80000305175781,68.80000305175781,5517,0.0,0.0
2025-05-06 03:25:00+00:00,68.80000305175781,68.9000015258789,68.80000305175781,68.9000015258789,16000,0.0,0.0
2025-05-06 03:30:00+00:00,68.9000015258789,69.0999984741211,68.9000015258789,69.0999984741211,38000,0.0,0.0
2025-05-06 03:35:00+00:00,69.0999984741211,69.0999984741211,69.0999984741211,69.0999984741211,6500,0.0,0.0
2025-05-06 03:40:00+00:00,69.0999984741211,69.19999694824219,69.0999984741211,69.0999984741211,21000,0.0,0.0
2025-05-06 03:45:00+00:00,69.0999984741211,69.0999984741211,69.0999984741211,69.0999984741211,16000,0.0,0.0
2025-05-06 03:50:00+00:00,69.0,69.0,69.0,69.0,6001,0.0,0.0
2025-05-06 03:55:00+00:00,69.0,69.0,69.0,69.0,6000,0.0,0.0
2025-05-06 04:00:00+00:00,69.0,69.0999984741211,69.0,69.0999984741211,7000,0.0,0.0
2025-05-06 04:05:00+00:00,69.0999984741211,69.0999984741211,69.0,69.0999984741211,7000,0.0,0.0
2025-05-06 04:10:00+00:00,69.19999694824219,69.19999694824219,69.19999694824219,69.19999694824219,2000,0.0,0.0
2025-05-06 04:15:00+00:00,69.19999694824219,69.19999694824219,68.9000015258789,69.0,18311,0.0,0.0
2025-05-06 04:20:00+00:00,69.0,69.0,69.0,69.0,3100,0.0,0.0
2025-05-06 04:25:00+00:00,68.9000015258789,69.0,68.9000015258789,69.0,4000,0.0,0.0
2025-05-06 04:30:00+00:00,69.0,69.0,68.9000015258789,68.9000015258789,17200,0.0,0.0
2025-05-06 04:35:00+00:00,68.80000305175781,68.80000305175781,68.80000305175781,68.80000305175781,2000,0.0,0.0
2025-05-06 04:40:00+00:00,68.80000305175781,68.9000015258789,68.80000305175781,68.9000015258789,4180,0.0,0.0
2025-05-06 04:45:00+00:00,68.80000305175781,68.9000015258789,68.80000305175781,68.9000015258789,3030,0.0,0.0
2025-05-06 04:50:00+00:00,68.9000015258789,68.9000015258789,68.80000305175781,68.80000305175781,9000,0.0,0.0
2025-05-06 04:55:00+00:00,68.80000305175781,68.80000305175781,68.69999694824219,68.80000305175781,7000,0.0,0.0
2025-05-06 05:00:00+00:00,68.80000305175781,68.80000305175781,68.69999694824219,68.69999694824219,5000,0.0,0.0
2025-05-06 05:05:00+00:00,68.69999694824219,68.80000305175781,68.69999694824219,68.69999694824219,9020,0.0,0.0
2025-05-06 05:10:00+00:00,68.69999694824219,68.80000305175781,68.69999694824219,68.80000305175781,18054,0.0,0.0
2025-05-06 05:15:00+00:00,68.9000015258789,68.9000015258789,68.80000305175781,68.9000015258789,28000,0.0,0.0
2025-05-06 05:20:00+00:00,69.0,69.19999694824219,68.9000015258789,69.19999694824219,82377,0.0,0.0
2025-05-07 01:00:00+00:00,69.30000305175781,69.69999694824219,68.9000015258789,69.19999694824219,0,0.0,0.0
2025-05-07 01:05:00+00:00,69.19999694824219,69.5,69.0999984741211,69.4000015258789,70000,0.0,0.0
2025-05-07 01:10:00+00:00,69.5,69.5,69.30000305175781,69.30000305175781,65684,0.0,0.0
2025-05-07 01:15:00+00:00,69.30000305175781,69.4000015258789,69.19999694824219,69.19999694824219,44519,0.0,0.0
2025-05-07 01:20:00+00:00,69.0999984741211,69.0999984741211,68.9000015258789,68.9000015258789,71622,0.0,0.0
2025-05-07 01:25:00+00:00,68.9000015258789,69.0999984741211,68.9000015258789,68.9000015258789,55257,0.0,0.0
2025-05-07 01:30:00+00:00,68.80000305175781,68.80000305175781,68.5,68.5,78873,0.0,0.0
2025-05-07 01:35:00+00:00,68.5,68.5,68.30000305175781,68.4000015258789,53160,0.0,0.0
2025-05-07 01:40:00+00:00,68.4000015258789,68.69999694824219,68.4000015258789,68.69999694824219,31100,0.0,0.0
2025-05-07 01:45:00+00:00,68.80000305175781,69.0,68.69999694824219,69.0,19148,0.0,0.0
2025-05-07 01:50:00+00:00,69.0,69.0,68.9000015258789,69.0,12177,0.0,0.0
2025-05-07 01:55:00+00:00,69.0,69.0,69.0,69.0,14100,0.0,0.0
2025-05-07 02:00:00+00:00,69.0999984741211,69.0999984741211,68.9000015258789,68.9000015258789,30000,0.0,0.0
2025-05-07 02:05:00+00:00,68.9000015258789,69.19999694824219,68.9000015258789,69.0,22000,0.0,0.0
2025-05-07 02:10:00+00:00,69.0999984741211,69.0999984741211,69.0999984741211,69.0999984741211,13000,0.0,0.0
2025-05-07 02:15:00+00:00,69.0999984741211,69.19999694824219,69.0999984741211,69.19999694824219,5000,0.0,0.0
2025-05-07 02:20:00+00:00,69.19999694824219,69.19999694824219,69.0,69.0,9099,0.0,0.0
2025-05-07 02:25:00+00:00,69.0,69.0999984741211,68.9000015258789,69.0999984741211,13430,0.0,0.0
2025-05-07 02:30:00+00:00,69.0999984741211,69.5,69.0999984741211,69.5,54000,0.0,0.0
2025-05-07 02:35:00+00:00,69.4000015258789,69.5999984741211,69.4000015258789,69.5,39000,0.0,0.0
2025-05-07 02:40:00+00:00,69.5,69.5,69.19999694824219,69.19999694824219,14580,0.0,0.0
2025-05-07 02:45:00+00:00,69.19999694824219,69.19999694824219,69.0999984741211,69.0999984741211,7010,0.0,0.0
2025-05-07 02:50:00+00:00,69.0999984741211,69.0999984741211,69.0,69.0999984741211,9750,0.0,0.0
2025-05-07 03:00:00+00:00,69.0999984741211,69.19999694824219,69.0999984741211,69.19999694824219,4500,0.0,0.0
2025-05-07 03:05:00+00:00,69.19999694824219,69.19999694824219,69.19999694824219,69.19999694824219,4000,0.0,0.0
2025-05-07 03:10:00+00:00,69.19999694824219,69.19999694824219,69.19999694824219,69.19999694824219,2000,0.0,0.0
2025-05-07 03:15:00+00:00,69.0999984741211,69.0999984741211,69.0999984741211,69.0999984741211,4043,0.0,0.0
2025-05-07 03:20:00+00:00,69.0999984741211,69.19999694824219,69.0999984741211,69.0999984741211,11045,0.0,0.0
2025-05-07 03:25:00+00:00,69.19999694824219,69.19999694824219,69.19999694824219,69.19999694824219,7088,0.0,0.0
2025-05-07 03:30:00+00:00,69.19999694824219,69.19999694824219,69.19999694824219,69.19999694824219,3000,0.0,0.0
2025-05-07 03:40:00+00:00,69.0999984741211,69.0999984741211,69.0999984741211,69.0999984741211,1200,0.0,0.0
2025-05-07 03:45:00+00:00,69.0999984741211,69.0999984741211,69.0,69.0,12000,0.0,0.0
2025-05-07 03:50:00+00:00,69.0999984741211,69.0999984741211,69.0999984741211,69.0999984741211,1005,0.0,0.0
2025-05-07 03:55:00+00:00,69.0,69.0,69.0,69.0,13100,0.0,0.0
2025-05-07 04:00:00+00:00,68.9000015258789,69.0,68.80000305175781,69.0,28597,0.0,0.0
2025-05-07 04:05:00+00:00,69.0,69.0,69.0,69.0,5000,0.0,0.0
2025-05-07 04:10:00+00:00,68.9000015258789,69.0,68.80000305175781,68.80000305175781,10100,0.0,0.0
2025-05-07 04:15:00+00:00,68.80000305175781,69.0,68.80000305175781,69.0,10150,0.0,0.0
2025-05-07 04:20:00+00:00,69.0,69.0999984741211,69.0,69.0999984741211,2023,0.0,0.0
2025-05-07 04:25:00+00:00,69.0999984741211,69.0999984741211,69.0,69.0,5000,0.0,0.0
2025-05-07 04:30:00+00:00,69.0,69.0999984741211,69.0,69.0,3009,0.0,0.0
2025-05-07 04:35:00+00:00,69.0,69.0,69.0,69.0,5000,0.0,0.0
2025-05-07 04:40:00+00:00,69.0,69.0,68.9000015258789,69.0,14223,0.0,0.0
2025-05-07 04:45:00+00:00,68.9000015258789,69.0,68.80000305175781,69.0,15003,0.0,0.0
2025-05-07 04:50:00+00:00,69.0,69.0999984741211,69.0,69.0999984741211,7097,0.0,0.0
2025-05-07 04:55:00+00:00,69.0999984741211,69.19999694824219,69.0999984741211,69.19999694824219,9100,0.0,0.0
2025-05-07 05:00:00+00:00,69.0999984741211,69.0999984741211,68.9000015258789,69.0,37126,0.0,0.0
2025-05-07 05:05:00+00:00,68.9000015258789,68.9000015258789,68.9000015258789,68.9000015258789,1000,0.0,0.0
2025-05-07 05:10:00+00:00,69.0,69.0999984741211,68.9000015258789,69.0999984741211,32470,0.0,0.0
2025-05-07 05:15:00+00:00,69.0,69.0,69.0,69.0,14000,0.0,0.0
2025-05-07 05:20:00+00:00,69.0,69.0999984741211,69.0,69.0,16976,0.0,0.0
2025-05-08 01:00:00+00:00,70.9000015258789,71.5999984741211,70.9000015258789,71.0999984741211,0,0.0,0.0
2025-05-08 01:05:00+00:00,71.0,71.5999984741211,71.0,71.5,169369,0.0,0.0
2025-05-08 01:10:00+00:00,71.5,72.0999984741211,71.5,71.5,180129,0.0,0.0
2025-05-08 01:15:00+00:00,71.5,71.5,71.30000305175781,71.4000015258789,71705,0.0,0.0
2025-05-08 01:20:00+00:00,71.4000015258789,71.69999694824219,71.30000305175781,71.5999984741211,73758,0.0,0.0
2025-05-08 02:30:00+00:00,70.69999694824219,70.69999694824219,70.69999694824219,70.69999694824219,483943,0.0,0.0
2025-05-08 02:35:00+00:00,70.69999694824219,70.69999694824219,70.5999984741211,70.5999984741211,6000,0.0,0.0
2025-05-08 02:40:00+00:00,70.5999984741211,70.69999694824219,70.5999984741211,70.69999694824219,3120,0.0,0.0
2025-05-08 02:45:00+00:00,70.80000305175781,70.80000305175781,70.69999694824219,70.69999694824219,9000,0.0,0.0
2025-05-08 02:50:00+00:00,70.69999694824219,70.69999694824219,70.5999984741211,70.5999984741211,18507,0.0,0.0
2025-05-08 02:55:00+00:00,70.5,70.5,70.5,70.5,2000,0.0,0.0
2025-05-08 03:00:00+00:00,70.5999984741211,70.5999984741211,70.5999984741211,70.5999984741211,9000,0.0,0.0
2025-05-08 03:05:00+00:00,70.5999984741211,70.69999694824219,70.5999984741211,70.69999694824219,8000,0.0,0.0
2025-05-08 03:10:00+00:00,70.5999984741211,70.80000305175781,70.5999984741211,70.69999694824219,12000,0.0,0.0
2025-05-08 03:15:00+00:00,70.69999694824219,70.80000305175781,70.69999694824219,70.80000305175781,8000,0.0,0.0
2025-05-08 03:20:00+00:00,70.80000305175781,70.80000305175781,70.69999694824219,70.69999694824219,8196,0.0,0.0
2025-05-08 03:25:00+00:00,70.69999694824219,70.69999694824219,70.69999694824219,70.69999694824219,3000,0.0,0.0
2025-05-08 03:30:00+00:00,70.69999694824219,70.69999694824219,70.5999984741211,70.69999694824219,0,0.0,0.0
2025-05-08 03:35:00+00:00,70.5999984741211,70.69999694824219,70.5,70.5,602992,0.0,0.0
2025-05-08 03:40:00+00:00,70.5,70.5999984741211,70.5,70.5,27304,0.0,0.0
2025-05-08 03:45:00+00:00,70.69999694824219,70.69999694824219,70.5,70.5999984741211,7100,0.0,0.0
2025-05-08 03:50:00+00:00,70.5,70.5999984741211,70.5,70.5999984741211,7006,0.0,0.0
2025-05-08 03:55:00+00:00,70.5,70.5,70.4000015258789,70.5,23815,0.0,0.0
2025-05-08 04:00:00+00:00,70.5,70.5999984741211,70.5,70.5999984741211,6000,0.0,0.0
2025-05-08 04:05:00+00:00,70.5999984741211,70.5999984741211,70.5999984741211,70.5999984741211,9000,0.0,0.0
2025-05-08 04:10:00+00:00,70.5999984741211,70.69999694824219,70.5999984741211,70.69999694824219,10033,0.0,0.0
2025-05-08 04:15:00+00:00,70.5999984741211,70.69999694824219,70.5999984741211,70.5999984741211,8050,0.0,0.0
2025-05-08 04:20:00+00:00,70.69999694824219,70.80000305175781,70.5999984741211,70.80000305175781,27017,0.0,0.0
2025-05-08 04:25:00+00:00,70.80000305175781,70.80000305175781,70.80000305175781,70.80000305175781,14000,0.0,0.0
2025-05-08 04:30:00+00:00,70.80000305175781,70.9000015258789,70.69999694824219,70.69999694824219,17007,0.0,0.0
2025-05-08 04:35:00+00:00,70.69999694824219,70.69999694824219,70.69999694824219,70.69999694824219,13000,0.0,0.0
2025-05-08 04:40:00+00:00,70.69999694824219,70.69999694824219,70.69999694824219,70.69999694824219,10236,0.0,0.0
2025-05-08 04:45:00+00:00,70.80000305175781,70.80000305175781,70.80000305175781,70.80000305175781,7115,0.0,0.0
2025-05-08 04:50:00+00:00,70.69999694824219,70.80000305175781,70.69999694824219,70.69999694824219,23104,0.0,0.0
2025-05-08 04:55:00+00:00,70.69999694824219,70.69999694824219,70.69999694824219,70.69999694824219,4150,0.0,0.0
2025-05-08 05:00:00+00:00,70.69999694824219,70.69999694824219,70.5999984741211,70.5999984741211,21000,0.0,0.0
2025-05-08 05:05:00+00:00,70.5999984741211,70.69999694824219,70.5999984741211,70.69999694824219,23150,0.0,0.0
2025-05-08 05:10:00+00:00,70.69999694824219,70.69999694824219,70.5999984741211,70.5999984741211,4100,0.0,0.0
2025-05-08 05:15:00+00:00,70.5999984741211,70.69999694824219,70.5999984741211,70.5999984741211,24087,0.0,0.0
2025-05-08 05:20:00+00:00,70.5999984741211,70.80000305175781,70.5999984741211,70.80000305175781,60137,0.0,0.0
2025-05-09 01:00:00+00:00,71.5,71.5999984741211,70.9000015258789,70.9000015258789,0,0.0,0.0
2025-05-09 01:05:00+00:00,71.19999694824219,71.5999984741211,71.19999694824219,71.4000015258789,62028,0.0,0.0
2025-05-09 01:10:00+00:00,71.4000015258789,71.5,71.30000305175781,71.4000015258789,56996,0.0,0.0
2025-05-09 01:15:00+00:00,71.30000305175781,71.30000305175781,71.0999984741211,71.0999984741211,25000,0.0,0.0
2025-05-09 01:20:00+00:00,71.0999984741211,71.0999984741211,71.0,71.0999984741211,39348,0.0,0.0
2025-05-09 01:25:00+00:00,71.0,71.0,70.80000305175781,70.9000015258789,34069,0.0,0.0
2025-05-09 01:30:00+00:00,71.0,71.0,70.80000305175781,71.0,24000,0.0,0.0
2025-05-09 01:35:00+00:00,70.9000015258789,71.0,70.80000305175781,71.0,13460,0.0,0.0
2025-05-09 01:40:00+00:00,70.9000015258789,71.0,70.9000015258789,70.9000015258789,9010,0.0,0.0
2025-05-09 01:45:00+00:00,70.80000305175781,70.9000015258789,70.80000305175781,70.9000015258789,9160,0.0,0.0
2025-05-09 01:50:00+00:00,70.80000305175781,70.9000015258789,70.80000305175781,70.80000305175781,13000,0.0,0.0
2025-05-09 01:55:00+00:00,70.69999694824219,70.69999694824219,70.5999984741211,70.5999984741211,24429,0.0,0.0
2025-05-09 02:00:00+00:00,70.69999694824219,70.69999694824219,70.5999984741211,70.5999984741211,22472,0.0,0.0
2025-05-09 02:05:00+00:00,70.5,70.5999984741211,70.5,70.5999984741211,13001,0.0,0.0
2025-05-09 02:10:00+00:00,70.69999694824219,70.69999694824219,70.69999694824219,70.69999694824219,4000,0.0,0.0
2025-05-09 02:15:00+00:00,70.69999694824219,70.69999694824219,70.5999984741211,70.5999984741211,3000,0.0,0.0
2025-05-09 02:20:00+00:00,70.69999694824219,70.80000305175781,70.69999694824219,70.80000305175781,8010,0.0,0.0
2025-05-09 02:25:00+00:00,70.80000305175781,70.80000305175781,70.80000305175781,70.80000305175781,8150,0.0,0.0
2025-05-09 02:30:00+00:00,70.9000015258789,71.0,70.9000015258789,70.9000015258789,25105,0.0,0.0
2025-05-09 02:35:00+00:00,70.9000015258789,71.0999984741211,70.9000015258789,71.0,42270,0.0,0.0
2025-05-09 02:40:00+00:00,71.0999984741211,71.0999984741211,71.0999984741211,71.0999984741211,20000,0.0,0.0
2025-05-09 02:45:00+00:00,71.0999984741211,71.19999694824219,71.0999984741211,71.19999694824219,31000,0.0,0.0
2025-05-09 02:50:00+00:00,71.19999694824219,71.19999694824219,71.19999694824219,71.19999694824219,26000,0.0,0.0
2025-05-09 02:55:00+00:00,71.19999694824219,71.19999694824219,71.19999694824219,71.19999694824219,6000,0.0,0.0
2025-05-09 03:00:00+00:00,71.0999984741211,71.19999694824219,71.0999984741211,71.19999694824219,10000,0.0,0.0
2025-05-09 03:05:00+00:00,71.19999694824219,71.19999694824219,71.19999694824219,71.19999694824219,9000,0.0,0.0
2025-05-09 03:10:00+00:00,71.19999694824219,71.30000305175781,71.19999694824219,71.30000305175781,44829,0.0,0.0
2025-05-09 03:15:00+00:00,71.30000305175781,71.30000305175781,71.0,71.0999984741211,43000,0.0,0.0
2025-05-09 03:25:00+00:00,71.0999984741211,71.0999984741211,71.0999984741211,71.0999984741211,2030,0.0,0.0
2025-05-09 03:30:00+00:00,71.0999984741211,71.19999694824219,71.0,71.19999694824219,16225,0.0,0.0
2025-05-09 03:35:00+00:00,71.19999694824219,71.30000305175781,71.19999694824219,71.30000305175781,23000,0.0,0.0
2025-05-09 03:40:00+00:00,71.30000305175781,71.4000015258789,71.30000305175781,71.4000015258789,6000,0.0,0.0
2025-05-09 03:45:00+00:00,71.30000305175781,71.30000305175781,71.30000305175781,71.30000305175781,5000,0.0,0.0
2025-05-09 03:50:00+00:00,71.30000305175781,71.30000305175781,71.19999694824219,71.30000305175781,21000,0.0,0.0
2025-05-09 03:55:00+00:00,71.30000305175781,71.4000015258789,71.0999984741211,71.19999694824219,26240,0.0,0.0
2025-05-09 04:00:00+00:00,71.19999694824219,71.4000015258789,71.19999694824219,71.30000305175781,50000,0.0,0.0
2025-05-09 04:05:00+00:00,71.4000015258789,71.4000015258789,71.30000305175781,71.4000015258789,18148,0.0,0.0
2025-05-09 04:10:00+00:00,71.4000015258789,71.5,71.4000015258789,71.5,14000,0.0,0.0
2025-05-09 04:15:00+00:00,71.4000015258789,71.4000015258789,71.4000015258789,71.4000015258789,29486,0.0,0.0
2025-05-09 04:20:00+00:00,71.4000015258789,71.4000015258789,71.30000305175781,71.4000015258789,25000,0.0,0.0
2025-05-09 04:25:00+00:00,71.4000015258789,71.80000305175781,71.4000015258789,71.80000305175781,101642,0.0,0.0
2025-05-09 04:30:00+00:00,71.69999694824219,71.69999694824219,71.5999984741211,71.5999984741211,28016,0.0,0.0
2025-05-09 04:35:00+00:00,71.5999984741211,71.5999984741211,71.5,71.5,35234,0.0,0.0
2025-05-09 04:40:00+00:00,71.5,71.5999984741211,71.5,71.5999984741211,24216,0.0,0.0
2025-05-09 04:45:00+00:00,71.69999694824219,71.69999694824219,71.69999694824219,71.69999694824219,1030,0.0,0.0
2025-05-09 04:50:00+00:00,71.69999694824219,71.80000305175781,71.5999984741211,71.80000305175781,36000,0.0,0.0
2025-05-09 04:55:00+00:00,71.69999694824219,71.80000305175781,71.69999694824219,71.69999694824219,31001,0.0,0.0
2025-05-09 05:00:00+00:00,71.69999694824219,71.80000305175781,71.69999694824219,71.80000305175781,8169,0.0,0.0
2025-05-09 05:05:00+00:00,71.69999694824219,71.80000305175781,71.69999694824219,71.80000305175781,37041,0.0,0.0
2025-05-09 05:10:00+00:00,71.80000305175781,72.0,71.80000305175781,72.0,34220,0.0,0.0
2025-05-09 05:15:00+00:00,72.0,72.30000305175781,72.0,72.0,109552,0.0,0.0
2025-05-09 05:20:00+00:00,71.9000015258789,72.0,71.69999694824219,71.69999694824219,55277,0.0,0.0
2025-05-12 01:00:00+00:00,72.5,72.80000305175781,72.4000015258789,72.5999984741211,0,0.0,0.0
2025-05-12 01:05:00+00:00,72.5999984741211,73.0,72.5,73.0,114000,0.0,0.0
2025-05-12 01:10:00+00:00,73.0,73.19999694824219,72.5999984741211,72.80000305175781,114902,0.0,0.0
2025-05-12 01:15:00+00:00,72.9000015258789,73.30000305175781,72.9000015258789,73.0999984741211,91284,0.0,0.0
2025-05-12 01:20:00+00:00,73.0999984741211,73.30000305175781,72.9000015258789,73.19999694824219,80405,0.0,0.0
2025-05-12 01:25:00+00:00,73.19999694824219,73.30000305175781,73.19999694824219,73.30000305175781,29090,0.0,0.0
2025-05-12 01:30:00+00:00,73.4000015258789,73.80000305175781,73.0999984741211,73.69999694824219,148049,0.0,0.0
2025-05-12 01:35:00+00:00,73.69999694824219,74.5999984741211,73.5999984741211,74.5,287005,0.0,0.0
2025-05-12 01:40:00+00:00,74.5999984741211,74.5999984741211,74.0999984741211,74.4000015258789,194828,0.0,0.0
2025-05-12 01:45:00+00:00,74.4000015258789,74.5,74.19999694824219,74.19999694824219,132693,0.0,0.0
2025-05-12 01:50:00+00:00,74.19999694824219,74.19999694824219,74.0999984741211,74.0999984741211,68000,0.0,0.0
2025-05-12 01:55:00+00:00,74.0999984741211,74.19999694824219,74.0,74.19999694824219,40624,0.0,0.0
2025-05-12 02:00:00+00:00,74.30000305175781,74.5,74.30000305175781,74.4000015258789,48064,0.0,0.0
2025-05-12 02:05:00+00:00,74.30000305175781,74.30000305175781,74.19999694824219,74.19999694824219,24352,0.0,0.0
2025-05-12 02:10:00+00:00,74.19999694824219,74.30000305175781,74.0,74.0,91050,0.0,0.0
2025-05-12 02:15:00+00:00,74.0,74.19999694824219,74.0,74.0999984741211,54359,0.0,0.0
2025-05-12 02:20:00+00:00,74.0999984741211,74.30000305175781,74.0999984741211,74.19999694824219,18657,0.0,0.0
2025-05-12 02:25:00+00:00,74.30000305175781,74.30000305175781,74.19999694824219,74.19999694824219,9011,0.0,0.0
2025-05-12 02:30:00+00:00,74.30000305175781,74.30000305175781,74.30000305175781,74.30000305175781,21935,0.0,0.0
2025-05-12 02:35:00+00:00,74.30000305175781,74.30000305175781,74.19999694824219,74.30000305175781,24031,0.0,0.0
2025-05-12 02:40:00+00:00,74.30000305175781,74.30000305175781,74.19999694824219,74.19999694824219,22110,0.0,0.0
2025-05-12 02:45:00+00:00,74.19999694824219,74.19999694824219,74.19999694824219,74.19999694824219,6000,0.0,0.0
2025-05-12 02:50:00+00:00,74.19999694824219,74.19999694824219,74.19999694824219,74.19999694824219,9000,0.0,0.0
2025-05-12 02:55:00+00:00,74.19999694824219,74.19999694824219,74.0999984741211,74.19999694824219,7735,0.0,0.0
2025-05-12 03:00:00+00:00,74.19999694824219,74.19999694824219,74.0999984741211,74.0999984741211,6001,0.0,0.0
2025-05-12 03:05:00+00:00,74.19999694824219,74.19999694824219,74.0999984741211,74.0999984741211,7004,0.0,0.0
2025-05-12 03:10:00+00:00,74.19999694824219,74.19999694824219,74.0999984741211,74.0999984741211,9010,0.0,0.0
2025-05-12 03:15:00+00:00,74.0999984741211,74.19999694824219,74.0999984741211,74.19999694824219,8468,0.0,0.0
2025-05-12 03:20:00+00:00,74.19999694824219,74.19999694824219,74.0,74.0999984741211,30000,0.0,0.0
2025-05-12 03:25:00+00:00,74.0999984741211,74.19999694824219,74.0,74.0999984741211,42060,0.0,0.0
2025-05-12 03:30:00+00:00,74.0999984741211,74.30000305175781,74.0999984741211,74.30000305175781,23142,0.0,0.0
2025-05-12 03:35:00+00:00,74.30000305175781,74.30000305175781,74.19999694824219,74.30000305175781,5050,0.0,0.0
2025-05-12 03:40:00+00:00,74.30000305175781,74.30000305175781,74.19999694824219,74.19999694824219,3000,0.0,0.0
2025-05-12 03:45:00+00:00,74.19999694824219,74.19999694824219,74.19999694824219,74.19999694824219,12000,0.0,0.0
2025-05-12 03:50:00+00:00,74.19999694824219,74.19999694824219,74.19999694824219,74.19999694824219,7000,0.0,0.0
2025-05-12 03:55:00+00:00,74.19999694824219,74.19999694824219,74.0999984741211,74.0999984741211,8135,0.0,0.0
2025-05-12 04:00:00+00:00,74.0999984741211,74.0999984741211,74.0999984741211,74.0999984741211,1000,0.0,0.0
2025-05-12 04:05:00+00:00,74.0999984741211,74.19999694824219,74.0999984741211,74.19999694824219,3012,0.0,0.0
2025-05-12 04:10:00+00:00,74.19999694824219,74.19999694824219,74.0999984741211,74.0999984741211,14104,0.0,0.0
2025-05-12 04:15:00+00:00,74.0999984741211,74.19999694824219,74.0999984741211,74.19999694824219,14498,0.0,0.0
2025-05-12 04:20:00+00:00,74.19999694824219,74.19999694824219,74.0,74.0999984741211,23770,0.0,0.0
2025-05-12 04:25:00+00:00,74.19999694824219,74.30000305175781,74.0999984741211,74.30000305175781,85508,0.0,0.0
2025-05-12 04:30:00+00:00,74.4000015258789,74.5,74.30000305175781,74.4000015258789,75207,0.0,0.0
2025-05-12 04:35:00+00:00,74.4000015258789,74.5,74.4000015258789,74.4000015258789,14450,0.0,0.0
2025-05-12 04:40:00+00:00,74.4000015258789,74.4000015258789,74.4000015258789,74.4000015258789,13028,0.0,0.0
2025-05-12 04:45:00+00:00,74.4000015258789,74.5999984741211,74.4000015258789,74.5999984741211,32245,0.0,0.0
2025-05-12 04:50:00+00:00,74.5999984741211,74.5999984741211,74.5,74.5,22000,0.0,0.0
2025-05-12 04:55:00+00:00,74.5999984741211,74.5999984741211,74.5,74.5,20001,0.0,0.0
2025-05-12 05:00:00+00:00,74.5,74.5,74.4000015258789,74.4000015258789,44272,0.0,0.0
2025-05-12 05:05:00+00:00,74.4000015258789,74.4000015258789,74.4000015258789,74.4000015258789,9000,0.0,0.0
2025-05-12 05:10:00+00:00,74.4000015258789,74.4000015258789,74.30000305175781,74.30000305175781,30175,0.0,0.0
2025-05-12 05:15:00+00:00,74.30000305175781,74.4000015258789,74.30000305175781,74.30000305175781,12100,0.0,0.0
2025-05-12 05:20:00+00:00,74.4000015258789,74.4000015258789,74.19999694824219,74.19999694824219,86275,0.0,0.0
2025-05-13 01:00:00+00:00,76.0999984741211,76.5999984741211,75.5999984741211,75.80000305175781,0,0.0,0.0
2025-05-13 01:05:00+00:00,75.80000305175781,75.80000305175781,75.30000305175781,75.4000015258789,122000,0.0,0.0
2025-05-13 01:10:00+00:00,75.5,75.5999984741211,75.4000015258789,75.4000015258789,80407,0.0,0.0
2025-05-13 01:15:00+00:00,75.4000015258789,75.5999984741211,75.0999984741211,75.19999694824219,91949,0.0,0.0
2025-05-13 01:20:00+00:00,75.19999694824219,75.19999694824219,75.0,75.0999984741211,134257,0.0,0.0
2025-05-13 01:25:00+00:00,75.0999984741211,75.19999694824219,74.80000305175781,75.0999984741211,134379,0.0,0.0
2025-05-13 01:30:00+00:00,75.0999984741211,75.0999984741211,75.0,75.0,61365,0.0,0.0
2025-05-13 01:35:00+00:00,75.0,75.0,74.5,74.5,87116,0.0,0.0
2025-05-13 01:40:00+00:00,74.5,74.80000305175781,74.5,74.69999694824219,58352,0.0,0.0
2025-05-13 01:45:00+00:00,74.69999694824219,74.69999694824219,74.5,74.5999984741211,55119,0.0,0.0
2025-05-13 01:50:00+00:00,74.5999984741211,74.69999694824219,74.5999984741211,74.5999984741211,48580,0.0,0.0
2025-05-13 01:55:00+00:00,74.5,74.5,74.19999694824219,74.5,100300,0.0,0.0
2025-05-13 02:00:00+00:00,74.5,74.5999984741211,74.4000015258789,74.4000015258789,14134,0.0,0.0
2025-05-13 02:05:00+00:00,74.5,74.5,74.4000015258789,74.5,25183,0.0,0.0
2025-05-13 02:10:00+00:00,74.4000015258789,74.5,74.0999984741211,74.0999984741211,72482,0.0,0.0
2025-05-13 02:15:00+00:00,74.0999984741211,74.0999984741211,73.9000015258789,74.0,134694,0.0,0.0
2025-05-13 02:20:00+00:00,73.9000015258789,74.19999694824219,73.9000015258789,74.19999694824219,38923,0.0,0.0
2025-05-13 02:25:00+00:00,74.0999984741211,74.0999984741211,74.0,74.0,9000,0.0,0.0
2025-05-13 02:30:00+00:00,74.0,74.0999984741211,74.0,74.0999984741211,18104,0.0,0.0
2025-05-13 02:35:00+00:00,74.0999984741211,74.19999694824219,74.0999984741211,74.19999694824219,17425,0.0,0.0
2025-05-13 02:40:00+00:00,74.19999694824219,74.19999694824219,74.0999984741211,74.0999984741211,24395,0.0,0.0
2025-05-13 02:45:00+00:00,74.19999694824219,74.30000305175781,74.0,74.0,71000,0.0,0.0
2025-05-13 02:50:00+00:00,73.9000015258789,74.0,73.9000015258789,74.0,7180,0.0,0.0
2025-05-13 02:55:00+00:00,74.0,74.0999984741211,73.9000015258789,73.9000015258789,3099,0.0,0.0
2025-05-13 03:00:00+00:00,74.0,74.0,73.69999694824219,73.69999694824219,85566,0.0,0.0
2025-05-13 03:05:00+00:00,73.69999694824219,73.80000305175781,73.4000015258789,73.80000305175781,122802,0.0,0.0
2025-05-13 03:10:00+00:00,73.80000305175781,73.80000305175781,73.80000305175781,73.80000305175781,7100,0.0,0.0
2025-05-13 03:15:00+00:00,73.69999694824219,73.80000305175781,73.5,73.5,20004,0.0,0.0
2025-05-13 03:20:00+00:00,73.69999694824219,73.69999694824219,73.5999984741211,73.5999984741211,13256,0.0,0.0
2025-05-13 03:25:00+00:00,73.5999984741211,73.80000305175781,73.5999984741211,73.5999984741211,40000,0.0,0.0
2025-05-13 03:30:00+00:00,73.5,73.69999694824219,73.5,73.69999694824219,53003,0.0,0.0
2025-05-13 03:35:00+00:00,73.69999694824219,73.69999694824219,73.69999694824219,73.69999694824219,7018,0.0,0.0
2025-05-13 03:40:00+00:00,73.5999984741211,73.5999984741211,73.5,73.5,17000,0.0,0.0
2025-05-13 03:45:00+00:00,73.5,73.5999984741211,73.5,73.5999984741211,19012,0.0,0.0
2025-05-13 03:50:00+00:00,73.5999984741211,73.5999984741211,73.5,73.5999984741211,3100,0.0,0.0
2025-05-13 03:55:00+00:00,73.5999984741211,73.69999694824219,73.5,73.5,25032,0.0,0.0
2025-05-13 04:00:00+00:00,73.5999984741211,73.5999984741211,73.5,73.5,6651,0.0,0.0
2025-05-13 04:05:00+00:00,73.69999694824219,73.69999694824219,73.69999694824219,73.69999694824219,1000,0.0,0.0
2025-05-13 04:10:00+00:00,73.69999694824219,73.69999694824219,73.5999984741211,73.69999694824219,5502,0.0,0.0
2025-05-13 04:15:00+00:00,73.5999984741211,73.5999984741211,73.5,73.5,24044,0.0,0.0
2025-05-13 04:20:00+00:00,73.5,73.5999984741211,73.5,73.5999984741211,12010,0.0,0.0
2025-05-13 04:25:00+00:00,73.5,73.5999984741211,73.5,73.5,7905,0.0,0.0
2025-05-13 04:30:00+00:00,73.5,73.5,73.5,73.5,29500,0.0,0.0
2025-05-13 04:35:00+00:00,73.5999984741211,73.5999984741211,73.5,73.5,25060,0.0,0.0
2025-05-13 04:40:00+00:00,73.5999984741211,73.5999984741211,73.5,73.5,5050,0.0,0.0
2025-05-13 04:45:00+00:00,73.5,73.5999984741211,73.5,73.5999984741211,15046,0.0,0.0
2025-05-13 04:50:00+00:00,73.5,73.5999984741211,73.5,73.5999984741211,14684,0.0,0.0
2025-05-13 04:55:00+00:00,73.5,73.5999984741211,73.5,73.5999984741211,9520,0.0,0.0
2025-05-13 05:00:00+00:00,73.69999694824219,74.0,73.69999694824219,73.9000015258789,41184,0.0,0.0
2025-05-13 05:05:00+00:00,73.80000305175781,73.80000305175781,73.69999694824219,73.69999694824219,21274,0.0,0.0
2025-05-13 05:10:00+00:00,73.69999694824219,73.80000305175781,73.5999984741211,73.5999984741211,38130,0.0,0.0
2025-05-13 05:15:00+00:00,73.5999984741211,73.80000305175781,73.5999984741211,73.80000305175781,20038,0.0,0.0
2025-05-13 05:20:00+00:00,73.69999694824219,73.80000305175781,73.5999984741211,73.69999694824219,29321,0.0,0.0
2025-05-14 01:00:00+00:00,74.80000305175781,74.80000305175781,73.80000305175781,74.0,0,0.0,0.0
2025-05-14 01:05:00+00:00,74.0,74.19999694824219,73.9000015258789,74.0,61630,0.0,0.0
2025-05-14 01:10:00+00:00,73.9000015258789,74.0,73.80000305175781,74.0,50180,0.0,0.0
2025-05-14 01:15:00+00:00,73.9000015258789,74.0,73.80000305175781,73.80000305175781,52130,0.0,0.0
2025-05-14 01:20:00+00:00,74.0,74.0999984741211,74.0,74.0999984741211,25234,0.0,0.0
2025-05-14 01:25:00+00:00,74.0,74.4000015258789,74.0,74.30000305175781,17438,0.0,0.0
2025-05-14 01:30:00+00:00,74.4000015258789,74.5,74.30000305175781,74.4000015258789,33186,0.0,0.0
2025-05-14 01:35:00+00:00,74.30000305175781,74.30000305175781,74.19999694824219,74.30000305175781,20122,0.0,0.0
2025-05-14 01:40:00+00:00,74.30000305175781,74.4000015258789,74.30000305175781,74.4000015258789,17290,0.0,0.0
2025-05-14 01:45:00+00:00,74.4000015258789,74.5,74.4000015258789,74.5,46391,0.0,0.0
2025-05-14 01:50:00+00:00,74.5,74.5999984741211,74.5,74.5999984741211,45127,0.0,0.0
2025-05-14 01:55:00+00:00,74.5999984741211,74.5999984741211,74.5999984741211,74.5999984741211,22149,0.0,0.0
2025-05-14 02:00:00+00:00,74.5999984741211,74.5999984741211,74.5,74.5,22190,0.0,0.0
2025-05-14 02:05:00+00:00,74.5,74.5999984741211,74.5,74.5,14100,0.0,0.0
2025-05-14 02:10:00+00:00,74.5,74.5,74.4000015258789,74.4000015258789,27000,0.0,0.0
2025-05-14 02:15:00+00:00,74.4000015258789,74.5,74.4000015258789,74.5,10000,0.0,0.0
2025-05-14 02:20:00+00:00,74.5,74.5,74.4000015258789,74.4000015258789,19065,0.0,0.0
2025-05-14 02:25:00+00:00,74.4000015258789,74.5,74.4000015258789,74.4000015258789,35070,0.0,0.0
2025-05-14 02:30:00+00:00,74.5,74.5999984741211,74.5,74.5,20072,0.0,0.0
2025-05-14 02:35:00+00:00,74.5,74.5,74.4000015258789,74.4000015258789,26141,0.0,0.0
2025-05-14 02:40:00+00:00,74.4000015258789,74.4000015258789,74.4000015258789,74.4000015258789,27000,0.0,0.0
2025-05-14 02:45:00+00:00,74.5,74.5,74.4000015258789,74.4000015258789,7127,0.0,0.0
2025-05-14 02:50:00+00:00,74.30000305175781,74.4000015258789,74.30000305175781,74.30000305175781,10000,0.0,0.0
2025-05-14 02:55:00+00:00,74.30000305175781,74.4000015258789,74.30000305175781,74.4000015258789,12000,0.0,0.0
2025-05-14 03:00:00+00:00,74.4000015258789,74.4000015258789,74.30000305175781,74.4000015258789,19414,0.0,0.0
2025-05-14 03:05:00+00:00,74.4000015258789,74.4000015258789,74.4000015258789,74.4000015258789,2080,0.0,0.0
2025-05-14 03:10:00+00:00,74.4000015258789,74.5,74.4000015258789,74.4000015258789,6402,0.0,0.0
2025-05-14 03:15:00+00:00,74.4000015258789,74.5999984741211,74.4000015258789,74.5,57029,0.0,0.0
2025-05-14 03:20:00+00:00,74.5999984741211,74.5999984741211,74.5,74.5,5000,0.0,0.0
2025-05-14 03:25:00+00:00,74.5,74.5999984741211,74.5,74.5999984741211,4897,0.0,0.0
2025-05-14 03:30:00+00:00,74.5999984741211,74.5999984741211,74.5,74.5,9050,0.0,0.0
2025-05-14 03:35:00+00:00,74.5,74.5,74.4000015258789,74.4000015258789,16034,0.0,0.0
2025-05-14 03:40:00+00:00,74.4000015258789,74.4000015258789,74.4000015258789,74.4000015258789,2000,0.0,0.0
2025-05-14 03:45:00+00:00,74.4000015258789,74.5,74.4000015258789,74.5,14089,0.0,0.0
2025-05-14 03:50:00+00:00,74.5,74.5999984741211,74.5,74.5999984741211,47040,0.0,0.0
2025-05-14 03:55:00+00:00,74.5999984741211,74.5999984741211,74.5,74.5,21127,0.0,0.0
2025-05-14 04:00:00+00:00,74.5,74.5999984741211,74.5,74.5,11050,0.0,0.0
2025-05-14 04:05:00+00:00,74.5999984741211,74.5999984741211,74.5999984741211,74.5999984741211,3075,0.0,0.0
2025-05-14 04:10:00+00:00,74.5,74.5,74.5,74.5,2053,0.0,0.0
2025-05-14 04:15:00+00:00,74.5,74.5,74.5,74.5,10068,0.0,0.0
2025-05-14 04:20:00+00:00,74.5999984741211,74.80000305175781,74.5999984741211,74.80000305175781,84922,0.0,0.0
2025-05-14 04:25:00+00:00,74.80000305175781,74.80000305175781,74.69999694824219,74.80000305175781,29385,0.0,0.0
2025-05-14 04:30:00+00:00,74.9000015258789,74.9000015258789,74.80000305175781,74.9000015258789,47869,0.0,0.0
2025-05-14 04:35:00+00:00,74.9000015258789,75.0,74.9000015258789,75.0,43497,0.0,0.0
2025-05-14 04:40:00+00:00,75.0,75.0,74.9000015258789,74.9000015258789,64274,0.0,0.0
2025-05-14 04:45:00+00:00,75.0,75.0999984741211,75.0,75.0999984741211,29835,0.0,0.0
2025-05-14 04:50:00+00:00,75.0,75.0999984741211,75.0,75.0,31135,0.0,0.0
2025-05-14 04:55:00+00:00,75.0,75.0,74.9000015258789,74.9000015258789,5035,0.0,0.0
2025-05-14 05:00:00+00:00,75.0,75.0,74.9000015258789,75.0,25223,0.0,0.0
2025-05-14 05:05:00+00:00,75.0,75.0,74.9000015258789,75.0,7168,0.0,0.0
2025-05-14 05:10:00+00:00,74.9000015258789,75.0,74.9000015258789,75.0,26227,0.0,0.0
2025-05-14 05:15:00+00:00,75.0,75.0,74.9000015258789,75.0,13322,0.0,0.0
2025-05-14 05:20:00+00:00,74.9000015258789,75.0,74.9000015258789,74.9000015258789,24868,0.0,0.0
2025-05-15 01:00:00+00:00,75.30000305175781,75.30000305175781,74.80000305175781,75.0999984741211,0,0.0,0.0
2025-05-15 01:05:00+00:00,75.19999694824219,75.19999694824219,75.0999984741211,75.0999984741211,23006,0.0,0.0
2025-05-15 01:10:00+00:00,75.0999984741211,75.4000015258789,75.0999984741211,75.0999984741211,46044,0.0,0.0
2025-05-15 01:15:00+00:00,75.30000305175781,75.30000305175781,75.19999694824219,75.19999694824219,22250,0.0,0.0
2025-05-15 01:20:00+00:00,75.19999694824219,75.19999694824219,74.4000015258789,74.4000015258789,96464,0.0,0.0
2025-05-15 01:25:00+00:00,74.4000015258789,74.5,74.4000015258789,74.4000015258789,27790,0.0,0.0
2025-05-15 01:30:00+00:00,74.5,74.5,74.19999694824219,74.30000305175781,47000,0.0,0.0
2025-05-15 01:35:00+00:00,74.5,74.9000015258789,74.5,74.9000015258789,21330,0.0,0.0
2025-05-15 01:40:00+00:00,75.0,75.0999984741211,74.9000015258789,75.0999984741211,21115,0.0,0.0
2025-05-15 01:45:00+00:00,74.9000015258789,75.0999984741211,74.9000015258789,75.0,17023,0.0,0.0
2025-05-15 01:50:00+00:00,75.0999984741211,75.19999694824219,74.80000305175781,74.80000305175781,26336,0.0,0.0
2025-05-15 01:55:00+00:00,74.80000305175781,74.80000305175781,74.80000305175781,74.80000305175781,22192,0.0,0.0
2025-05-15 02:00:00+00:00,74.80000305175781,74.80000305175781,74.80000305175781,74.80000305175781,5597,0.0,0.0
2025-05-15 02:05:00+00:00,74.80000305175781,74.80000305175781,74.69999694824219,74.69999694824219,10168,0.0,0.0
2025-05-15 02:10:00+00:00,74.69999694824219,74.69999694824219,74.5999984741211,74.5999984741211,16014,0.0,0.0
2025-05-15 02:15:00+00:00,74.5999984741211,74.69999694824219,74.5,74.69999694824219,7089,0.0,0.0
2025-05-15 02:25:00+00:00,74.69999694824219,74.69999694824219,74.69999694824219,74.69999694824219,7000,0.0,0.0
2025-05-15 02:30:00+00:00,74.69999694824219,74.80000305175781,74.69999694824219,74.80000305175781,12103,0.0,0.0
2025-05-15 02:35:00+00:00,74.80000305175781,74.80000305175781,74.80000305175781,74.80000305175781,11002,0.0,0.0
2025-05-15 02:40:00+00:00,74.80000305175781,74.80000305175781,74.80000305175781,74.80000305175781,18003,0.0,0.0
2025-05-15 02:45:00+00:00,74.80000305175781,74.80000305175781,74.80000305175781,74.80000305175781,11108,0.0,0.0
2025-05-15 02:50:00+00:00,74.80000305175781,74.80000305175781,74.80000305175781,74.80000305175781,2000,0.0,0.0
2025-05-15 02:55:00+00:00,74.69999694824219,74.80000305175781,74.69999694824219,74.80000305175781,13100,0.0,0.0
2025-05-15 03:00:00+00:00,74.80000305175781,74.9000015258789,74.80000305175781,74.80000305175781,3000,0.0,0.0
2025-05-15 03:05:00+00:00,74.80000305175781,74.80000305175781,74.80000305175781,74.80000305175781,2000,0.0,0.0
2025-05-15 03:10:00+00:00,74.80000305175781,74.80000305175781,74.69999694824219,74.69999694824219,25200,0.0,0.0
2025-05-15 03:20:00+00:00,74.69999694824219,74.69999694824219,74.69999694824219,74.69999694824219,3100,0.0,0.0
2025-05-15 03:25:00+00:00,74.69999694824219,74.69999694824219,74.69999694824219,74.69999694824219,6139,0.0,0.0
2025-05-15 03:30:00+00:00,74.69999694824219,74.69999694824219,74.5999984741211,74.5999984741211,8000,0.0,0.0
2025-05-15 03:35:00+00:00,74.5999984741211,74.5999984741211,74.5999984741211,74.5999984741211,5400,0.0,0.0
2025-05-15 03:40:00+00:00,74.5999984741211,74.5999984741211,74.5999984741211,74.5999984741211,1116,0.0,0.0
2025-05-15 03:45:00+00:00,74.5999984741211,74.5999984741211,74.5,74.5,15002,0.0,0.0
2025-05-15 03:50:00+00:00,74.5999984741211,74.5999984741211,74.5999984741211,74.5999984741211,2050,0.0,0.0
2025-05-15 03:55:00+00:00,74.5,74.5999984741211,74.5,74.5,42355,0.0,0.0
2025-05-15 04:00:00+00:00,74.4000015258789,74.4000015258789,74.4000015258789,74.4000015258789,23003,0.0,0.0
2025-05-15 04:05:00+00:00,74.4000015258789,74.4000015258789,74.4000015258789,74.4000015258789,21582,0.0,0.0
2025-05-15 04:10:00+00:00,74.30000305175781,74.30000305175781,74.30000305175781,74.30000305175781,32524,0.0,0.0
2025-05-15 04:15:00+00:00,74.19999694824219,74.30000305175781,74.19999694824219,74.30000305175781,13940,0.0,0.0
2025-05-15 04:20:00+00:00,74.19999694824219,74.30000305175781,74.0,74.30000305175781,120368,0.0,0.0
2025-05-15 04:25:00+00:00,74.19999694824219,74.30000305175781,74.19999694824219,74.30000305175781,9000,0.0,0.0
2025-05-15 04:30:00+00:00,74.30000305175781,74.30000305175781,74.0,74.0,95000,0.0,0.0
2025-05-15 04:40:00+00:00,74.0999984741211,74.4000015258789,74.0999984741211,74.4000015258789,17000,0.0,0.0
2025-05-15 04:45:00+00:00,74.4000015258789,74.4000015258789,74.30000305175781,74.30000305175781,13000,0.0,0.0
2025-05-15 04:50:00+00:00,74.30000305175781,74.4000015258789,74.30000305175781,74.4000015258789,12360,0.0,0.0
2025-05-15 04:55:00+00:00,74.4000015258789,74.4000015258789,74.30000305175781,74.30000305175781,17015,0.0,0.0
2025-05-15 05:00:00+00:00,74.4000015258789,74.4000015258789,74.4000015258789,74.4000015258789,7130,0.0,0.0
2025-05-15 05:05:00+00:00,74.4000015258789,74.5,74.4000015258789,74.4000015258789,10173,0.0,0.0
2025-05-15 05:10:00+00:00,74.4000015258789,74.5,74.4000015258789,74.5,16327,0.0,0.0
2025-05-15 05:15:00+00:00,74.4000015258789,74.5,74.4000015258789,74.5,23300,0.0,0.0
2025-05-15 05:20:00+00:00,74.5,74.5999984741211,74.4000015258789,74.5999984741211,21040,0.0,0.0
2025-05-16 01:00:00+00:00,74.69999694824219,74.69999694824219,74.19999694824219,74.19999694824219,0,0.0,0.0
2025-05-16 01:05:00+00:00,74.5,74.80000305175781,74.5,74.80000305175781,23050,0.0,0.0
2025-05-16 01:10:00+00:00,74.80000305175781,74.80000305175781,74.69999694824219,74.69999694824219,7110,0.0,0.0
2025-05-16 01:15:00+00:00,74.69999694824219,74.69999694824219,74.5999984741211,74.5999984741211,8000,0.0,0.0
2025-05-16 01:20:00+00:00,74.5999984741211,74.5999984741211,74.5999984741211,74.5999984741211,19025,0.0,0.0
2025-05-16 01:25:00+00:00,74.5999984741211,74.5999984741211,74.5999984741211,74.5999984741211,7000,0.0,0.0
2025-05-16 01:30:00+00:00,74.69999694824219,74.80000305175781,74.5999984741211,74.80000305175781,12100,0.0,0.0
2025-05-16 01:35:00+00:00,74.80000305175781,74.9000015258789,74.80000305175781,74.80000305175781,9000,0.0,0.0
2025-05-16 01:40:00+00:00,74.80000305175781,75.0,74.69999694824219,75.0,29150,0.0,0.0
2025-05-16 01:45:00+00:00,75.0999984741211,75.0999984741211,75.0,75.0,20000,0.0,0.0
2025-05-16 01:50:00+00:00,75.0,75.0,74.80000305175781,74.80000305175781,18010,0.0,0.0
2025-05-16 01:55:00+00:00,74.80000305175781,75.0,74.80000305175781,75.0,8102,0.0,0.0
2025-05-16 02:00:00+00:00,74.9000015258789,74.9000015258789,74.9000015258789,74.9000015258789,14000,0.0,0.0
2025-05-16 02:05:00+00:00,74.80000305175781,74.80000305175781,74.80000305175781,74.80000305175781,12400,0.0,0.0
2025-05-16 02:10:00+00:00,74.80000305175781,74.80000305175781,74.69999694824219,74.69999694824219,14319,0.0,0.0
2025-05-16 02:15:00+00:00,74.5999984741211,74.69999694824219,74.5999984741211,74.5999984741211,7902,0.0,0.0
2025-05-16 02:20:00+00:00,74.69999694824219,74.69999694824219,74.69999694824219,74.69999694824219,11365,0.0,0.0
2025-05-16 02:25:00+00:00,74.69999694824219,74.80000305175781,74.69999694824219,74.80000305175781,17083,0.0,0.0
2025-05-16 02:30:00+00:00,74.80000305175781,74.80000305175781,74.69999694824219,74.69999694824219,23000,0.0,0.0
2025-05-16 02:35:00+00:00,74.69999694824219,74.80000305175781,74.69999694824219,74.80000305175781,4000,0.0,0.0
2025-05-16 02:40:00+00:00,74.69999694824219,74.80000305175781,74.69999694824219,74.80000305175781,2000,0.0,0.0
2025-05-16 02:45:00+00:00,74.80000305175781,74.80000305175781,74.5999984741211,74.80000305175781,16001,0.0,0.0
2025-05-16 02:55:00+00:00,74.5999984741211,74.5999984741211,74.5999984741211,74.5999984741211,1000,0.0,0.0
2025-05-16 03:00:00+00:00,74.5999984741211,74.69999694824219,74.5999984741211,74.5999984741211,10013,0.0,0.0
2025-05-16 03:10:00+00:00,74.69999694824219,74.69999694824219,74.5999984741211,74.69999694824219,13000,0.0,0.0
2025-05-16 03:15:00+00:00,74.5999984741211,74.5999984741211,74.4000015258789,74.4000015258789,49942,0.0,0.0
2025-05-16 03:20:00+00:00,74.4000015258789,74.4000015258789,74.30000305175781,74.4000015258789,25000,0.0,0.0
2025-05-16 03:25:00+00:00,74.4000015258789,74.4000015258789,74.4000015258789,74.4000015258789,6000,0.0,0.0
2025-05-16 03:30:00+00:00,74.4000015258789,74.4000015258789,74.4000015258789,74.4000015258789,7100,0.0,0.0
2025-05-16 03:35:00+00:00,74.4000015258789,74.4000015258789,74.4000015258789,74.4000015258789,1068,0.0,0.0
2025-05-16 03:40:00+00:00,74.4000015258789,74.4000015258789,74.4000015258789,74.4000015258789,4152,0.0,0.0
2025-05-16 03:45:00+00:00,74.4000015258789,74.4000015258789,74.19999694824219,74.19999694824219,31000,0.0,0.0
2025-05-16 03:50:00+00:00,74.19999694824219,74.30000305175781,74.19999694824219,74.30000305175781,8006,0.0,0.0
2025-05-16 03:55:00+00:00,74.30000305175781,74.30000305175781,74.19999694824219,74.19999694824219,34000,0.0,0.0
2025-05-16 04:00:00+00:00,74.19999694824219,74.30000305175781,74.19999694824219,74.30000305175781,14104,0.0,0.0
2025-05-16 04:10:00+00:00,74.30000305175781,74.30000305175781,74.0999984741211,74.0999984741211,16001,0.0,0.0
2025-05-16 04:15:00+00:00,74.19999694824219,74.19999694824219,74.19999694824219,74.19999694824219,1130,0.0,0.0
2025-05-16 04:20:00+00:00,74.19999694824219,74.30000305175781,74.0999984741211,74.30000305175781,12035,0.0,0.0
2025-05-16 04:25:00+00:00,74.0999984741211,74.30000305175781,74.0999984741211,74.30000305175781,2200,0.0,0.0
2025-05-16 04:30:00+00:00,74.19999694824219,74.30000305175781,74.19999694824219,74.30000305175781,4200,0.0,0.0
2025-05-16 04:35:00+00:00,74.30000305175781,74.30000305175781,74.30000305175781,74.30000305175781,10000,0.0,0.0
2025-05-16 04:40:00+00:00,74.30000305175781,74.30000305175781,74.30000305175781,74.30000305175781,4100,0.0,0.0
2025-05-16 04:45:00+00:00,74.30000305175781,74.30000305175781,74.30000305175781,74.30000305175781,7091,0.0,0.0
2025-05-16 04:50:00+00:00,74.30000305175781,74.30000305175781,74.30000305175781,74.30000305175781,2100,0.0,0.0
2025-05-16 04:55:00+00:00,74.30000305175781,74.30000305175781,74.30000305175781,74.30000305175781,1000,0.0,0.0
2025-05-16 05:00:00+00:00,74.30000305175781,74.30000305175781,74.19999694824219,74.30000305175781,30218,0.0,0.0
2025-05-16 05:05:00+00:00,74.19999694824219,74.19999694824219,74.19999694824219,74.19999694824219,7070,0.0,0.0
2025-05-16 05:10:00+00:00,74.19999694824219,74.19999694824219,74.19999694824219,74.19999694824219,9000,0.0,0.0
2025-05-16 05:15:00+00:00,74.19999694824219,74.19999694824219,74.19999694824219,74.19999694824219,25510,0.0,0.0
2025-05-16 05:20:00+00:00,74.19999694824219,74.30000305175781,74.19999694824219,74.30000305175781,13238,0.0,0.0
2025-05-19 01:00:00+00:00,74.5,75.5999984741211,74.5,75.0,0,0.0,0.0
2025-05-19 01:05:00+00:00,75.0,75.19999694824219,74.80000305175781,75.19999694824219,63303,0.0,0.0
2025-05-19 01:10:00+00:00,75.19999694824219,75.19999694824219,74.5999984741211,74.5999984741211,125679,0.0,0.0
2025-05-19 01:15:00+00:00,74.5999984741211,74.5999984741211,74.5,74.5,37035,0.0,0.0
2025-05-19 01:20:00+00:00,74.4000015258789,74.5999984741211,74.4000015258789,74.5999984741211,42287,0.0,0.0
2025-05-19 01:25:00+00:00,74.69999694824219,74.69999694824219,74.5999984741211,74.69999694824219,17000,0.0,0.0
2025-05-19 01:30:00+00:00,74.69999694824219,74.69999694824219,74.5,74.5,42006,0.0,0.0
2025-05-19 01:35:00+00:00,74.4000015258789,74.5,74.30000305175781,74.5,16368,0.0,0.0
2025-05-19 01:40:00+00:00,74.5,74.5,74.4000015258789,74.5,18000,0.0,0.0
2025-05-19 01:45:00+00:00,74.5,74.5,74.4000015258789,74.4000015258789,16000,0.0,0.0
2025-05-19 01:50:00+00:00,74.4000015258789,74.4000015258789,74.4000015258789,74.4000015258789,11003,0.0,0.0
2025-05-19 01:55:00+00:00,74.5999984741211,74.5999984741211,74.5,74.5,13800,0.0,0.0
2025-05-19 02:00:00+00:00,74.5999984741211,74.5999984741211,74.5999984741211,74.5999984741211,8011,0.0,0.0
2025-05-19 02:05:00+00:00,74.5,74.5,74.4000015258789,74.4000015258789,28054,0.0,0.0
2025-05-19 02:10:00+00:00,74.4000015258789,74.5,74.4000015258789,74.5,2009,0.0,0.0
2025-05-19 02:15:00+00:00,74.5,74.5999984741211,74.5,74.5999984741211,14028,0.0,0.0
2025-05-19 02:20:00+00:00,74.69999694824219,75.0,74.69999694824219,75.0,25141,0.0,0.0
2025-05-19 02:25:00+00:00,74.9000015258789,74.9000015258789,74.80000305175781,74.9000015258789,7000,0.0,0.0
2025-05-19 02:30:00+00:00,75.0,75.0999984741211,75.0,75.0,28000,0.0,0.0
2025-05-19 02:35:00+00:00,74.9000015258789,74.9000015258789,74.80000305175781,74.80000305175781,7000,0.0,0.0
2025-05-19 02:40:00+00:00,74.80000305175781,74.80000305175781,74.80000305175781,74.80000305175781,7000,0.0,0.0
2025-05-19 02:45:00+00:00,74.80000305175781,74.80000305175781,74.69999694824219,74.69999694824219,82200,0.0,0.0
2025-05-19 02:50:00+00:00,74.80000305175781,74.9000015258789,74.80000305175781,74.9000015258789,2311,0.0,0.0
2025-05-19 03:00:00+00:00,74.9000015258789,74.9000015258789,74.80000305175781,74.80000305175781,12200,0.0,0.0
2025-05-19 03:05:00+00:00,74.69999694824219,74.80000305175781,74.69999694824219,74.80000305175781,4024,0.0,0.0
2025-05-19 03:10:00+00:00,74.80000305175781,74.80000305175781,74.80000305175781,74.80000305175781,14010,0.0,0.0
2025-05-19 03:15:00+00:00,74.80000305175781,74.80000305175781,74.80000305175781,74.80000305175781,1000,0.0,0.0
2025-05-19 03:20:00+00:00,74.80000305175781,74.80000305175781,74.80000305175781,74.80000305175781,5031,0.0,0.0
2025-05-19 03:25:00+00:00,74.69999694824219,74.69999694824219,74.5999984741211,74.69999694824219,22006,0.0,0.0
2025-05-19 03:30:00+00:00,74.69999694824219,74.69999694824219,74.5,74.5,59015,0.0,0.0
2025-05-19 03:35:00+00:00,74.5,74.5999984741211,74.5,74.5999984741211,19010,0.0,0.0
2025-05-19 03:40:00+00:00,74.5,74.5,74.4000015258789,74.4000015258789,21468,0.0,0.0
2025-05-19 03:45:00+00:00,74.5,74.5,74.5,74.5,6116,0.0,0.0
2025-05-19 03:50:00+00:00,74.4000015258789,74.4000015258789,74.4000015258789,74.4000015258789,4000,0.0,0.0
2025-05-19 03:55:00+00:00,74.5,74.5,74.5,74.5,21000,0.0,0.0
2025-05-19 04:00:00+00:00,74.5,74.5,74.5,74.5,7200,0.0,0.0
2025-05-19 04:05:00+00:00,74.5,74.5,74.5,74.5,10000,0.0,0.0
2025-05-19 04:10:00+00:00,74.5,74.5999984741211,74.5,74.5999984741211,3117,0.0,0.0
2025-05-19 04:15:00+00:00,74.5,74.5,74.5,74.5,1001,0.0,0.0
2025-05-19 04:20:00+00:00,74.5,74.5999984741211,74.5,74.5,11012,0.0,0.0
2025-05-19 04:25:00+00:00,74.5,74.5,74.5,74.5,7000,0.0,0.0
2025-05-19 04:30:00+00:00,74.5,74.5,74.5,74.5,11178,0.0,0.0
2025-05-19 04:35:00+00:00,74.5,74.5,74.5,74.5,8000,0.0,0.0
2025-05-19 04:40:00+00:00,74.4000015258789,74.5,74.4000015258789,74.5,12000,0.0,0.0
2025-05-19 04:45:00+00:00,74.5,74.5,74.30000305175781,74.30000305175781,98195,0.0,0.0
2025-05-19 04:50:00+00:00,74.30000305175781,74.30000305175781,74.19999694824219,74.19999694824219,18000,0.0,0.0
2025-05-19 04:55:00+00:00,74.19999694824219,74.19999694824219,74.0999984741211,74.0999984741211,74705,0.0,0.0
2025-05-19 05:00:00+00:00,74.0999984741211,74.0999984741211,74.0999984741211,74.0999984741211,13000,0.0,0.0
2025-05-19 05:05:00+00:00,74.0999984741211,74.19999694824219,74.0999984741211,74.0999984741211,16016,0.0,0.0
2025-05-19 05:10:00+00:00,74.0999984741211,74.0999984741211,74.0,74.0999984741211,27700,0.0,0.0
2025-05-19 05:15:00+00:00,74.0999984741211,74.0999984741211,74.0,74.0999984741211,25151,0.0,0.0
2025-05-19 05:20:00+00:00,74.0,74.0999984741211,73.9000015258789,74.0,101065,0.0,0.0
2025-05-20 01:00:00+00:00,74.5,74.69999694824219,74.0999984741211,74.5,0,0.0,0.0
2025-05-20 01:05:00+00:00,74.5,74.69999694824219,74.5,74.5999984741211,54049,0.0,0.0
2025-05-20 01:10:00+00:00,74.5999984741211,74.5999984741211,74.4000015258789,74.5,10887,0.0,0.0
2025-05-20 01:15:00+00:00,74.5,74.5,74.5,74.5,2513,0.0,0.0
2025-05-20 01:20:00+00:00,74.5,74.5999984741211,74.5,74.5999984741211,19010,0.0,0.0
2025-05-20 01:25:00+00:00,74.5999984741211,74.5999984741211,74.5,74.5,8000,0.0,0.0
2025-05-20 01:30:00+00:00,74.4000015258789,74.4000015258789,74.0999984741211,74.19999694824219,36453,0.0,0.0
2025-05-20 01:35:00+00:00,74.19999694824219,74.19999694824219,74.19999694824219,74.19999694824219,8410,0.0,0.0
2025-05-20 01:40:00+00:00,74.19999694824219,74.19999694824219,74.0999984741211,74.0999984741211,5000,0.0,0.0
2025-05-20 01:45:00+00:00,74.0999984741211,74.30000305175781,74.0999984741211,74.30000305175781,16003,0.0,0.0
2025-05-20 01:50:00+00:00,74.30000305175781,74.4000015258789,74.30000305175781,74.4000015258789,7190,0.0,0.0
2025-05-20 01:55:00+00:00,74.4000015258789,74.4000015258789,74.30000305175781,74.30000305175781,13025,0.0,0.0
2025-05-20 02:05:00+00:00,74.30000305175781,74.30000305175781,74.19999694824219,74.19999694824219,5247,0.0,0.0
2025-05-20 02:10:00+00:00,74.19999694824219,74.19999694824219,74.19999694824219,74.19999694824219,4000,0.0,0.0
2025-05-20 02:15:00+00:00,74.19999694824219,74.19999694824219,74.19999694824219,74.19999694824219,6000,0.0,0.0
2025-05-20 02:20:00+00:00,74.19999694824219,74.19999694824219,74.0999984741211,74.0999984741211,10010,0.0,0.0
2025-05-20 02:25:00+00:00,74.0999984741211,74.19999694824219,74.0999984741211,74.0999984741211,7287,0.0,0.0
2025-05-20 02:30:00+00:00,74.0999984741211,74.0999984741211,74.0,74.0999984741211,23405,0.0,0.0
2025-05-20 02:35:00+00:00,74.19999694824219,74.30000305175781,74.19999694824219,74.19999694824219,13030,0.0,0.0
2025-05-20 02:40:00+00:00,74.30000305175781,74.5,74.30000305175781,74.4000015258789,23000,0.0,0.0
2025-05-20 02:45:00+00:00,74.4000015258789,74.4000015258789,74.30000305175781,74.30000305175781,5000,0.0,0.0
2025-05-20 02:50:00+00:00,74.30000305175781,74.30000305175781,74.30000305175781,74.30000305175781,2000,0.0,0.0
2025-05-20 02:55:00+00:00,74.30000305175781,74.30000305175781,74.30000305175781,74.30000305175781,1000,0.0,0.0
2025-05-20 03:00:00+00:00,74.30000305175781,74.30000305175781,74.19999694824219,74.19999694824219,2000,0.0,0.0
2025-05-20 03:05:00+00:00,74.19999694824219,74.19999694824219,74.19999694824219,74.19999694824219,6004,0.0,0.0
2025-05-20 03:10:00+00:00,74.30000305175781,74.30000305175781,74.30000305175781,74.30000305175781,12000,0.0,0.0
2025-05-20 03:15:00+00:00,74.19999694824219,74.19999694824219,74.0999984741211,74.0999984741211,8000,0.0,0.0
2025-05-20 03:20:00+00:00,74.19999694824219,74.19999694824219,74.0999984741211,74.0999984741211,7176,0.0,0.0
2025-05-20 03:30:00+00:00,74.19999694824219,74.19999694824219,74.19999694824219,74.19999694824219,2000,0.0,0.0
2025-05-20 03:35:00+00:00,74.0999984741211,74.19999694824219,74.0999984741211,74.19999694824219,6000,0.0,0.0
2025-05-20 03:40:00+00:00,74.19999694824219,74.4000015258789,74.19999694824219,74.30000305175781,14000,0.0,0.0
2025-05-20 03:45:00+00:00,74.30000305175781,74.30000305175781,74.30000305175781,74.30000305175781,1000,0.0,0.0
2025-05-20 03:50:00+00:00,74.30000305175781,74.4000015258789,74.30000305175781,74.4000015258789,11287,0.0,0.0
2025-05-20 03:55:00+00:00,74.30000305175781,74.30000305175781,74.30000305175781,74.30000305175781,10200,0.0,0.0
2025-05-20 04:00:00+00:00,74.30000305175781,74.30000305175781,74.19999694824219,74.19999694824219,8000,0.0,0.0
2025-05-20 04:05:00+00:00,74.0999984741211,74.19999694824219,74.0999984741211,74.0999984741211,6026,0.0,0.0
2025-05-20 04:10:00+00:00,74.0999984741211,74.0999984741211,74.0,74.0,12000,0.0,0.0
2025-05-20 04:15:00+00:00,74.0,74.0,74.0,74.0,30100,0.0,0.0
2025-05-20 04:20:00+00:00,74.0,74.0,74.0,74.0,4000,0.0,0.0
2025-05-20 04:25:00+00:00,74.0,74.0,73.9000015258789,74.0,4000,0.0,0.0
2025-05-20 04:30:00+00:00,73.9000015258789,73.9000015258789,73.80000305175781,73.80000305175781,26422,0.0,0.0
2025-05-20 04:35:00+00:00,73.80000305175781,73.80000305175781,73.80000305175781,73.80000305175781,4000,0.0,0.0
2025-05-20 04:45:00+00:00,73.80000305175781,73.9000015258789,73.80000305175781,73.80000305175781,8250,0.0,0.0
2025-05-20 04:50:00+00:00,73.80000305175781,73.9000015258789,73.80000305175781,73.9000015258789,5000,0.0,0.0
2025-05-20 04:55:00+00:00,73.9000015258789,74.0,73.9000015258789,74.0,9030,0.0,0.0
2025-05-20 05:00:00+00:00,73.9000015258789,73.9000015258789,73.9000015258789,73.9000015258789,4401,0.0,0.0
2025-05-20 05:05:00+00:00,74.0,74.0,73.9000015258789,73.9000015258789,8103,0.0,0.0
2025-05-20 05:10:00+00:00,73.9000015258789,73.9000015258789,73.80000305175781,73.80000305175781,16000,0.0,0.0
2025-05-20 05:15:00+00:00,74.0,74.0999984741211,74.0,74.0999984741211,25003,0.0,0.0
2025-05-20 05:20:00+00:00,74.0999984741211,74.19999694824219,73.80000305175781,73.9000015258789,34659,0.0,0.0
2025-05-21 01:00:00+00:00,74.0999984741211,74.4000015258789,74.0999984741211,74.30000305175781,0,0.0,0.0
2025-05-21 01:05:00+00:00,74.4000015258789,74.69999694824219,74.4000015258789,74.5,24800,0.0,0.0
2025-05-21 01:10:00+00:00,74.5,74.5,74.5,74.5,5000,0.0,0.0
2025-05-21 01:15:00+00:00,74.5,74.5999984741211,74.5,74.5999984741211,15120,0.0,0.0
2025-05-21 01:20:00+00:00,74.5999984741211,74.5999984741211,74.5,74.5,9000,0.0,0.0
2025-05-21 01:25:00+00:00,74.4000015258789,74.4000015258789,74.4000015258789,74.4000015258789,9000,0.0,0.0
2025-05-21 01:30:00+00:00,74.4000015258789,74.4000015258789,74.19999694824219,74.4000015258789,16001,0.0,0.0
2025-05-21 01:35:00+00:00,74.30000305175781,74.30000305175781,74.30000305175781,74.30000305175781,2000,0.0,0.0
2025-05-21 01:40:00+00:00,74.30000305175781,74.4000015258789,74.30000305175781,74.4000015258789,5251,0.0,0.0
2025-05-21 01:45:00+00:00,74.30000305175781,74.30000305175781,74.30000305175781,74.30000305175781,2000,0.0,0.0
2025-05-21 01:50:00+00:00,74.30000305175781,74.30000305175781,74.19999694824219,74.19999694824219,8001,0.0,0.0
2025-05-21 01:55:00+00:00,74.19999694824219,74.30000305175781,74.19999694824219,74.30000305175781,5174,0.0,0.0
2025-05-21 02:00:00+00:00,74.30000305175781,74.30000305175781,74.19999694824219,74.30000305175781,3010,0.0,0.0
2025-05-21 02:05:00+00:00,74.30000305175781,74.30000305175781,74.19999694824219,74.19999694824219,5000,0.0,0.0
2025-05-21 02:10:00+00:00,74.30000305175781,74.30000305175781,74.30000305175781,74.30000305175781,3200,0.0,0.0
2025-05-21 02:15:00+00:00,74.30000305175781,74.30000305175781,74.19999694824219,74.19999694824219,12429,0.0,0.0
2025-05-21 02:20:00+00:00,74.19999694824219,74.19999694824219,74.19999694824219,74.19999694824219,14171,0.0,0.0
2025-05-21 02:25:00+00:00,74.19999694824219,74.19999694824219,74.19999694824219,74.19999694824219,3000,0.0,0.0
2025-05-21 02:30:00+00:00,74.30000305175781,74.30000305175781,74.30000305175781,74.30000305175781,1000,0.0,0.0
2025-05-21 02:35:00+00:00,74.30000305175781,74.4000015258789,74.30000305175781,74.4000015258789,14000,0.0,0.0
2025-05-21 02:40:00+00:00,74.4000015258789,74.5,74.4000015258789,74.5,51000,0.0,0.0
2025-05-21 02:45:00+00:00,74.5,74.5999984741211,74.5,74.5999984741211,23053,0.0,0.0
2025-05-21 02:50:00+00:00,74.5999984741211,74.69999694824219,74.5,74.5,27000,0.0,0.0
2025-05-21 02:55:00+00:00,74.5999984741211,74.69999694824219,74.5999984741211,74.69999694824219,24000,0.0,0.0
2025-05-21 03:00:00+00:00,74.69999694824219,74.80000305175781,74.69999694824219,74.80000305175781,40000,0.0,0.0
2025-05-21 03:05:00+00:00,74.80000305175781,74.9000015258789,74.80000305175781,74.80000305175781,13003,0.0,0.0
2025-05-21 03:10:00+00:00,74.80000305175781,74.80000305175781,74.69999694824219,74.69999694824219,6000,0.0,0.0
2025-05-21 03:15:00+00:00,74.69999694824219,74.69999694824219,74.69999694824219,74.69999694824219,4000,0.0,0.0
2025-05-21 03:20:00+00:00,74.80000305175781,74.80000305175781,74.80000305175781,74.80000305175781,9113,0.0,0.0
2025-05-21 03:25:00+00:00,74.80000305175781,74.80000305175781,74.80000305175781,74.80000305175781,2005,0.0,0.0
2025-05-21 03:30:00+00:00,74.80000305175781,74.80000305175781,74.80000305175781,74.80000305175781,2000,0.0,0.0
2025-05-21 03:35:00+00:00,74.69999694824219,74.69999694824219,74.69999694824219,74.69999694824219,13000,0.0,0.0
2025-05-21 03:40:00+00:00,74.69999694824219,74.80000305175781,74.69999694824219,74.80000305175781,29100,0.0,0.0
2025-05-21 03:45:00+00:00,74.80000305175781,74.9000015258789,74.80000305175781,74.9000015258789,40013,0.0,0.0
2025-05-21 03:50:00+00:00,74.80000305175781,74.9000015258789,74.80000305175781,74.80000305175781,8000,0.0,0.0
2025-05-21 03:55:00+00:00,74.80000305175781,74.80000305175781,74.80000305175781,74.80000305175781,4000,0.0,0.0
2025-05-21 04:00:00+00:00,74.80000305175781,74.80000305175781,74.80000305175781,74.80000305175781,15100,0.0,0.0
2025-05-21 04:05:00+00:00,74.80000305175781,74.80000305175781,74.69999694824219,74.80000305175781,7017,0.0,0.0
2025-05-21 04:15:00+00:00,74.80000305175781,74.80000305175781,74.80000305175781,74.80000305175781,1003,0.0,0.0
2025-05-21 04:20:00+00:00,74.80000305175781,74.80000305175781,74.80000305175781,74.80000305175781,13000,0.0,0.0
2025-05-21 04:25:00+00:00,74.69999694824219,74.80000305175781,74.69999694824219,74.80000305175781,9400,0.0,0.0
2025-05-21 04:30:00+00:00,74.80000305175781,74.80000305175781,74.80000305175781,74.80000305175781,3386,0.0,0.0
2025-05-21 04:35:00+00:00,74.80000305175781,74.80000305175781,74.80000305175781,74.80000305175781,3164,0.0,0.0
2025-05-21 04:40:00+00:00,74.80000305175781,74.9000015258789,74.80000305175781,74.9000015258789,2186,0.0,0.0
2025-05-21 04:45:00+00:00,74.80000305175781,74.80000305175781,74.80000305175781,74.80000305175781,11000,0.0,0.0
2025-05-21 04:50:00+00:00,74.80000305175781,74.80000305175781,74.5999984741211,74.5999984741211,39000,0.0,0.0
2025-05-21 04:55:00+00:00,74.69999694824219,74.69999694824219,74.69999694824219,74.69999694824219,11000,0.0,0.0
2025-05-21 05:00:00+00:00,74.69999694824219,74.80000305175781,74.69999694824219,74.69999694824219,4000,0.0,0.0
2025-05-21 05:05:00+00:00,74.69999694824219,74.69999694824219,74.69999694824219,74.69999694824219,6101,0.0,0.0
2025-05-21 05:10:00+00:00,74.69999694824219,74.80000305175781,74.69999694824219,74.69999694824219,7055,0.0,0.0
2025-05-21 05:15:00+00:00,74.69999694824219,74.69999694824219,74.69999694824219,74.69999694824219,17785,0.0,0.0
2025-05-21 05:20:00+00:00,74.80000305175781,75.0,74.80000305175781,74.9000015258789,60122,0.0,0.0
2025-05-22 01:00:00+00:00,74.5,74.5,74.0,74.0,0,0.0,0.0
2025-05-22 01:05:00+00:00,74.0,74.5,74.0,74.5,23114,0.0,0.0
2025-05-22 01:10:00+00:00,74.30000305175781,74.4000015258789,74.30000305175781,74.4000015258789,7340,0.0,0.0
2025-05-22 01:15:00+00:00,74.4000015258789,74.5,74.4000015258789,74.5,64000,0.0,0.0
2025-05-22 01:20:00+00:00,74.30000305175781,74.30000305175781,74.30000305175781,74.30000305175781,16240,0.0,0.0
2025-05-22 01:25:00+00:00,74.30000305175781,74.30000305175781,74.30000305175781,74.30000305175781,5010,0.0,0.0
2025-05-22 01:30:00+00:00,74.30000305175781,74.30000305175781,74.30000305175781,74.30000305175781,6040,0.0,0.0
2025-05-22 01:35:00+00:00,74.30000305175781,74.30000305175781,74.30000305175781,74.30000305175781,2010,0.0,0.0
2025-05-22 01:40:00+00:00,74.30000305175781,74.30000305175781,74.30000305175781,74.30000305175781,2000,0.0,0.0
2025-05-22 01:45:00+00:00,74.4000015258789,74.4000015258789,74.30000305175781,74.30000305175781,9000,0.0,0.0
2025-05-22 01:50:00+00:00,74.30000305175781,74.30000305175781,74.0999984741211,74.19999694824219,22000,0.0,0.0
2025-05-22 01:55:00+00:00,74.19999694824219,74.19999694824219,74.19999694824219,74.19999694824219,5000,0.0,0.0
2025-05-22 02:00:00+00:00,74.19999694824219,74.30000305175781,74.19999694824219,74.30000305175781,34150,0.0,0.0
2025-05-22 02:05:00+00:00,74.19999694824219,74.19999694824219,74.0999984741211,74.0999984741211,12000,0.0,0.0
2025-05-22 02:10:00+00:00,74.19999694824219,74.19999694824219,74.19999694824219,74.19999694824219,3010,0.0,0.0
2025-05-22 02:15:00+00:00,74.30000305175781,74.30000305175781,74.0999984741211,74.0999984741211,3090,0.0,0.0
2025-05-22 02:20:00+00:00,74.0999984741211,74.19999694824219,74.0999984741211,74.19999694824219,2000,0.0,0.0
2025-05-22 02:25:00+00:00,74.19999694824219,74.19999694824219,74.19999694824219,74.19999694824219,3000,0.0,0.0
2025-05-22 02:30:00+00:00,74.4000015258789,74.4000015258789,74.4000015258789,74.4000015258789,4100,0.0,0.0
2025-05-22 02:35:00+00:00,74.30000305175781,74.30000305175781,74.19999694824219,74.19999694824219,5000,0.0,0.0
2025-05-22 02:40:00+00:00,74.19999694824219,74.30000305175781,74.19999694824219,74.19999694824219,13000,0.0,0.0
2025-05-22 02:45:00+00:00,74.19999694824219,74.19999694824219,74.0999984741211,74.0999984741211,23199,0.0,0.0
2025-05-22 02:50:00+00:00,74.0999984741211,74.0999984741211,74.0,74.0,26604,0.0,0.0
2025-05-22 02:55:00+00:00,74.0,74.0,74.0,74.0,3477,0.0,0.0
2025-05-22 03:00:00+00:00,74.0,74.0,74.0,74.0,6030,0.0,0.0
2025-05-22 03:05:00+00:00,74.0999984741211,74.0999984741211,74.0999984741211,74.0999984741211,3000,0.0,0.0
2025-05-22 03:10:00+00:00,74.0,74.0,74.0,74.0,10524,0.0,0.0
2025-05-22 03:15:00+00:00,74.0,74.0999984741211,74.0,74.0999984741211,3000,0.0,0.0
2025-05-22 03:20:00+00:00,74.0,74.0999984741211,74.0,74.0999984741211,11000,0.0,0.0
2025-05-22 03:25:00+00:00,74.0999984741211,74.0999984741211,74.0999984741211,74.0999984741211,3000,0.0,0.0
2025-05-22 03:30:00+00:00,74.0999984741211,74.0999984741211,74.0999984741211,74.0999984741211,3000,0.0,0.0
2025-05-22 03:35:00+00:00,74.0999984741211,74.0999984741211,73.9000015258789,73.9000015258789,20000,0.0,0.0
2025-05-22 03:40:00+00:00,73.9000015258789,73.9000015258789,73.9000015258789,73.9000015258789,11000,0.0,0.0
2025-05-22 03:50:00+00:00,74.0,74.0999984741211,74.0,74.0999984741211,2000,0.0,0.0
2025-05-22 03:55:00+00:00,74.0999984741211,74.0999984741211,74.0999984741211,74.0999984741211,1000,0.0,0.0
2025-05-22 04:00:00+00:00,74.0,74.0999984741211,74.0,74.0999984741211,2132,0.0,0.0
2025-05-22 04:10:00+00:00,74.19999694824219,74.19999694824219,74.0999984741211,74.0999984741211,3000,0.0,0.0
2025-05-22 04:15:00+00:00,74.0999984741211,74.0999984741211,74.0999984741211,74.0999984741211,6015,0.0,0.0
2025-05-22 04:25:00+00:00,74.0,74.0999984741211,74.0,74.0,12040,0.0,0.0
2025-05-22 04:30:00+00:00,74.0,74.0999984741211,74.0,74.0999984741211,5029,0.0,0.0
2025-05-22 04:35:00+00:00,74.0999984741211,74.0999984741211,74.0,74.0999984741211,5081,0.0,0.0
2025-05-22 04:40:00+00:00,74.0999984741211,74.0999984741211,74.0999984741211,74.0999984741211,1003,0.0,0.0
2025-05-22 04:45:00+00:00,74.0999984741211,74.19999694824219,74.0999984741211,74.19999694824219,6000,0.0,0.0
2025-05-22 04:50:00+00:00,74.19999694824219,74.19999694824219,74.19999694824219,74.19999694824219,2000,0.0,0.0
2025-05-22 04:55:00+00:00,74.0999984741211,74.0999984741211,74.0999984741211,74.0999984741211,3000,0.0,0.0
2025-05-22 05:00:00+00:00,74.0999984741211,74.0999984741211,74.0999984741211,74.0999984741211,9167,0.0,0.0
2025-05-22 05:05:00+00:00,74.0999984741211,74.19999694824219,74.0999984741211,74.0999984741211,15147,0.0,0.0
2025-05-22 05:10:00+00:00,74.19999694824219,74.19999694824219,74.0,74.0,17000,0.0,0.0
2025-05-22 05:15:00+00:00,74.0,74.0999984741211,74.0,74.0,51000,0.0,0.0
2025-05-22 05:20:00+00:00,73.9000015258789,74.0,73.9000015258789,73.9000015258789,22110,0.0,0.0
2025-05-23 01:00:00+00:00,74.5,74.5999984741211,74.5,74.5999984741211,0,0.0,0.0
2025-05-23 01:05:00+00:00,74.5,74.5999984741211,74.5,74.5999984741211,48000,0.0,0.0
2025-05-23 01:10:00+00:00,74.5999984741211,74.80000305175781,74.5999984741211,74.69999694824219,47318,0.0,0.0
2025-05-23 01:15:00+00:00,74.69999694824219,74.80000305175781,74.69999694824219,74.69999694824219,12453,0.0,0.0
2025-05-23 01:20:00+00:00,74.69999694824219,74.69999694824219,74.4000015258789,74.5,35000,0.0,0.0
2025-05-23 01:25:00+00:00,74.5,74.5,74.30000305175781,74.5,6050,0.0,0.0
2025-05-23 01:30:00+00:00,74.5,74.5,74.30000305175781,74.30000305175781,14070,0.0,0.0
2025-05-23 01:35:00+00:00,74.30000305175781,74.30000305175781,74.30000305175781,74.30000305175781,8000,0.0,0.0
2025-05-23 01:40:00+00:00,74.30000305175781,74.4000015258789,74.19999694824219,74.4000015258789,10205,0.0,0.0
2025-05-23 01:45:00+00:00,74.30000305175781,74.4000015258789,74.30000305175781,74.30000305175781,42045,0.0,0.0
2025-05-23 01:50:00+00:00,74.30000305175781,74.69999694824219,74.30000305175781,74.5999984741211,39006,0.0,0.0
2025-05-23 01:55:00+00:00,74.5999984741211,74.5999984741211,74.5,74.5,23098,0.0,0.0
2025-05-23 02:00:00+00:00,74.4000015258789,74.4000015258789,74.30000305175781,74.4000015258789,23054,0.0,0.0
2025-05-23 02:05:00+00:00,74.4000015258789,74.4000015258789,74.4000015258789,74.4000015258789,3002,0.0,0.0
2025-05-23 02:10:00+00:00,74.5,74.5,74.30000305175781,74.30000305175781,21000,0.0,0.0
2025-05-23 02:20:00+00:00,74.4000015258789,74.69999694824219,74.4000015258789,74.69999694824219,52000,0.0,0.0
2025-05-23 02:25:00+00:00,74.69999694824219,74.69999694824219,74.69999694824219,74.69999694824219,14500,0.0,0.0
2025-05-23 02:30:00+00:00,74.69999694824219,74.69999694824219,74.5999984741211,74.5999984741211,8580,0.0,0.0
2025-05-23 02:35:00+00:00,74.5,74.5999984741211,74.5,74.5999984741211,25170,0.0,0.0
2025-05-23 02:45:00+00:00,74.5999984741211,74.5999984741211,74.5999984741211,74.5999984741211,1007,0.0,0.0
2025-05-23 02:50:00+00:00,74.5,74.5,74.5,74.5,1004,0.0,0.0
2025-05-23 02:55:00+00:00,74.5,74.5,74.5,74.5,4050,0.0,0.0
2025-05-23 03:00:00+00:00,74.4000015258789,74.5,74.4000015258789,74.5,7000,0.0,0.0
2025-05-23 03:05:00+00:00,74.5,74.5999984741211,74.5,74.5,8003,0.0,0.0
2025-05-23 03:10:00+00:00,74.5999984741211,74.5999984741211,74.5,74.5,13010,0.0,0.0
2025-05-23 03:15:00+00:00,74.5,74.5,74.5,74.5,2150,0.0,0.0
2025-05-23 03:20:00+00:00,74.5,74.5,74.5,74.5,5030,0.0,0.0
2025-05-23 03:25:00+00:00,74.5,74.5,74.5,74.5,1003,0.0,0.0
2025-05-23 03:30:00+00:00,74.5,74.5,74.5,74.5,6000,0.0,0.0
2025-05-23 03:45:00+00:00,74.4000015258789,74.4000015258789,74.4000015258789,74.4000015258789,4045,0.0,0.0
2025-05-23 03:50:00+00:00,74.4000015258789,74.4000015258789,74.30000305175781,74.30000305175781,5000,0.0,0.0
2025-05-23 03:55:00+00:00,74.30000305175781,74.30000305175781,74.30000305175781,74.30000305175781,7303,0.0,0.0
2025-05-23 04:05:00+00:00,74.30000305175781,74.30000305175781,74.30000305175781,74.30000305175781,2000,0.0,0.0
2025-05-23 04:10:00+00:00,74.19999694824219,74.19999694824219,74.0999984741211,74.19999694824219,9004,0.0,0.0
2025-05-23 04:15:00+00:00,74.0999984741211,74.19999694824219,74.0999984741211,74.19999694824219,3000,0.0,0.0
2025-05-23 04:20:00+00:00,74.0999984741211,74.19999694824219,74.0,74.0999984741211,32744,0.0,0.0
2025-05-23 04:25:00+00:00,74.0,74.0,73.80000305175781,73.80000305175781,62690,0.0,0.0
2025-05-23 04:30:00+00:00,73.80000305175781,73.80000305175781,73.80000305175781,73.80000305175781,1000,0.0,0.0
2025-05-23 04:35:00+00:00,73.80000305175781,73.9000015258789,73.80000305175781,73.80000305175781,6000,0.0,0.0
2025-05-23 04:40:00+00:00,73.80000305175781,74.0,73.80000305175781,73.9000015258789,6572,0.0,0.0
2025-05-23 04:45:00+00:00,74.0,74.0,73.80000305175781,73.80000305175781,6200,0.0,0.0
2025-05-23 04:50:00+00:00,73.80000305175781,73.9000015258789,73.80000305175781,73.9000015258789,13248,0.0,0.0
2025-05-23 04:55:00+00:00,73.9000015258789,74.0,73.80000305175781,74.0,3230,0.0,0.0
2025-05-23 05:00:00+00:00,73.9000015258789,73.9000015258789,73.80000305175781,73.80000305175781,11410,0.0,0.0
2025-05-23 05:05:00+00:00,73.80000305175781,74.0,73.80000305175781,73.9000015258789,11103,0.0,0.0
2025-05-23 05:10:00+00:00,74.0,74.0,74.0,74.0,7000,0.0,0.0
2025-05-23 05:15:00+00:00,74.0,74.0,74.0,74.0,2000,0.0,0.0
2025-05-23 05:20:00+00:00,74.0,74.0999984741211,73.9000015258789,73.9000015258789,31003,0.0,0.0
2025-05-26 01:00:00+00:00,73.80000305175781,73.80000305175781,73.19999694824219,73.30000305175781,0,0.0,0.0
2025-05-26 01:05:00+00:00,73.30000305175781,73.4000015258789,73.0,73.4000015258789,28156,0.0,0.0
2025-05-26 01:10:00+00:00,73.5,73.9000015258789,73.5,73.80000305175781,8053,0.0,0.0
2025-05-26 01:15:00+00:00,74.0,74.0,73.9000015258789,74.0,7145,0.0,0.0
2025-05-26 01:20:00+00:00,73.9000015258789,73.9000015258789,73.80000305175781,73.80000305175781,18000,0.0,0.0
2025-05-26 01:25:00+00:00,73.9000015258789,74.0,73.80000305175781,73.9000015258789,12050,0.0,0.0
2025-05-26 01:30:00+00:00,74.0,74.0999984741211,73.9000015258789,74.0,12205,0.0,0.0
2025-05-26 01:35:00+00:00,73.9000015258789,74.0,73.9000015258789,74.0,8224,0.0,0.0
2025-05-26 01:40:00+00:00,73.9000015258789,74.0999984741211,73.80000305175781,74.0999984741211,16026,0.0,0.0
2025-05-26 01:45:00+00:00,74.0999984741211,74.0999984741211,74.0,74.0999984741211,4171,0.0,0.0
2025-05-26 01:50:00+00:00,74.0999984741211,74.0999984741211,74.0,74.0,6000,0.0,0.0
2025-05-26 01:55:00+00:00,74.0,74.30000305175781,73.80000305175781,74.30000305175781,12014,0.0,0.0
2025-05-26 02:00:00+00:00,74.4000015258789,74.5,74.4000015258789,74.5,23354,0.0,0.0
2025-05-26 02:05:00+00:00,74.4000015258789,74.4000015258789,74.4000015258789,74.4000015258789,3000,0.0,0.0
2025-05-26 02:10:00+00:00,74.4000015258789,74.4000015258789,74.0999984741211,74.0999984741211,11000,0.0,0.0
2025-05-26 02:15:00+00:00,74.0999984741211,74.0999984741211,74.0,74.0,2000,0.0,0.0
2025-05-26 02:20:00+00:00,74.19999694824219,74.19999694824219,74.19999694824219,74.19999694824219,3101,0.0,0.0
2025-05-26 02:25:00+00:00,74.0999984741211,74.0999984741211,74.0999984741211,74.0999984741211,1000,0.0,0.0
2025-05-26 02:30:00+00:00,74.19999694824219,74.19999694824219,74.19999694824219,74.19999694824219,6000,0.0,0.0
2025-05-26 02:40:00+00:00,74.19999694824219,74.19999694824219,74.19999694824219,74.19999694824219,4000,0.0,0.0
2025-05-26 02:45:00+00:00,74.19999694824219,74.19999694824219,74.19999694824219,74.19999694824219,7000,0.0,0.0
2025-05-26 02:55:00+00:00,74.0999984741211,74.0999984741211,74.0999984741211,74.0999984741211,9119,0.0,0.0
2025-05-26 03:05:00+00:00,74.0,74.0999984741211,74.0,74.0999984741211,4000,0.0,0.0
2025-05-26 03:15:00+00:00,74.0999984741211,74.0999984741211,74.0999984741211,74.0999984741211,5000,0.0,0.0
2025-05-26 03:20:00+00:00,74.0999984741211,74.0999984741211,74.0999984741211,74.0999984741211,1003,0.0,0.0
2025-05-26 03:30:00+00:00,74.0,74.0,74.0,74.0,7000,0.0,0.0
2025-05-26 03:35:00+00:00,74.0,74.0,73.9000015258789,73.9000015258789,12000,0.0,0.0
2025-05-26 03:40:00+00:00,74.0,74.0,74.0,74.0,2000,0.0,0.0
2025-05-26 03:45:00+00:00,73.9000015258789,73.9000015258789,73.9000015258789,73.9000015258789,1000,0.0,0.0
2025-05-26 03:55:00+00:00,73.9000015258789,73.9000015258789,73.80000305175781,73.80000305175781,6024,0.0,0.0
2025-05-26 04:00:00+00:00,73.80000305175781,73.80000305175781,73.80000305175781,73.80000305175781,7035,0.0,0.0
2025-05-26 04:05:00+00:00,73.9000015258789,73.9000015258789,73.9000015258789,73.9000015258789,4000,0.0,0.0
2025-05-26 04:10:00+00:00,73.9000015258789,73.9000015258789,73.9000015258789,73.9000015258789,3004,0.0,0.0
2025-05-26 04:15:00+00:00,74.0999984741211,74.0999984741211,73.80000305175781,73.80000305175781,25223,0.0,0.0
2025-05-26 04:20:00+00:00,73.80000305175781,73.80000305175781,73.69999694824219,73.69999694824219,25224,0.0,0.0
2025-05-26 04:25:00+00:00,73.5999984741211,73.69999694824219,73.5999984741211,73.5999984741211,11503,0.0,0.0
2025-05-26 04:30:00+00:00,73.5999984741211,73.5999984741211,73.5999984741211,73.5999984741211,7000,0.0,0.0
2025-05-26 04:35:00+00:00,73.69999694824219,73.80000305175781,73.69999694824219,73.80000305175781,27000,0.0,0.0
2025-05-26 04:40:00+00:00,73.80000305175781,73.80000305175781,73.80000305175781,73.80000305175781,5000,0.0,0.0
2025-05-26 04:45:00+00:00,73.80000305175781,73.9000015258789,73.80000305175781,73.80000305175781,6009,0.0,0.0
2025-05-26 04:50:00+00:00,73.9000015258789,73.9000015258789,73.9000015258789,73.9000015258789,1000,0.0,0.0
2025-05-26 04:55:00+00:00,73.9000015258789,73.9000015258789,73.9000015258789,73.9000015258789,4000,0.0,0.0
2025-05-26 05:00:00+00:00,73.80000305175781,73.80000305175781,73.80000305175781,73.80000305175781,3030,0.0,0.0
2025-05-26 05:05:00+00:00,73.80000305175781,73.80000305175781,73.80000305175781,73.80000305175781,4000,0.0,0.0
2025-05-26 05:10:00+00:00,73.80000305175781,73.9000015258789,73.80000305175781,73.9000015258789,3000,0.0,0.0
2025-05-26 05:15:00+00:00,73.80000305175781,73.9000015258789,73.80000305175781,73.9000015258789,11300,0.0,0.0
2025-05-26 05:20:00+00:00,73.9000015258789,74.0,73.9000015258789,73.9000015258789,5300,0.0,0.0
2025-05-27 01:00:00+00:00,74.0,74.4000015258789,74.0,74.0,0,0.0,0.0
2025-05-27 01:05:00+00:00,74.0999984741211,74.0999984741211,74.0,74.0,9002,0.0,0.0
2025-05-27 01:10:00+00:00,74.0,74.0,73.9000015258789,74.0,7058,0.0,0.0
2025-05-27 01:15:00+00:00,74.0,74.19999694824219,74.0,74.19999694824219,9000,0.0,0.0
2025-05-27 01:20:00+00:00,74.19999694824219,74.30000305175781,74.19999694824219,74.30000305175781,7092,0.0,0.0
2025-05-27 01:25:00+00:00,74.30000305175781,74.30000305175781,74.30000305175781,74.30000305175781,8000,0.0,0.0
2025-05-27 01:30:00+00:00,74.30000305175781,74.30000305175781,74.19999694824219,74.30000305175781,5000,0.0,0.0
2025-05-27 01:35:00+00:00,74.30000305175781,74.30000305175781,74.19999694824219,74.19999694824219,8000,0.0,0.0
2025-05-27 01:40:00+00:00,74.0999984741211,74.19999694824219,74.0999984741211,74.0999984741211,15019,0.0,0.0
2025-05-27 01:45:00+00:00,74.0999984741211,74.0999984741211,74.0,74.0,6000,0.0,0.0
2025-05-27 01:50:00+00:00,74.0,74.0999984741211,74.0,74.0,15109,0.0,0.0
2025-05-27 01:55:00+00:00,74.0,74.0,73.69999694824219,73.69999694824219,22061,0.0,0.0
2025-05-27 02:00:00+00:00,73.69999694824219,73.69999694824219,73.4000015258789,73.4000015258789,19300,0.0,0.0
2025-05-27 02:05:00+00:00,73.4000015258789,73.4000015258789,73.4000015258789,73.4000015258789,6015,0.0,0.0
2025-05-27 02:10:00+00:00,73.4000015258789,73.4000015258789,73.19999694824219,73.19999694824219,10965,0.0,0.0
2025-05-27 02:15:00+00:00,73.30000305175781,73.4000015258789,73.30000305175781,73.4000015258789,11007,0.0,0.0
2025-05-27 02:20:00+00:00,73.30000305175781,73.30000305175781,73.30000305175781,73.30000305175781,6006,0.0,0.0
2025-05-27 02:25:00+00:00,73.4000015258789,73.4000015258789,73.4000015258789,73.4000015258789,1145,0.0,0.0
2025-05-27 02:30:00+00:00,73.4000015258789,73.5,73.4000015258789,73.5,3250,0.0,0.0
2025-05-27 02:40:00+00:00,73.5999984741211,73.5999984741211,73.5999984741211,73.5999984741211,4000,0.0,0.0
2025-05-27 02:45:00+00:00,73.5,73.5,73.4000015258789,73.4000015258789,6067,0.0,0.0
2025-05-27 02:50:00+00:00,73.4000015258789,73.4000015258789,73.30000305175781,73.30000305175781,11000,0.0,0.0
2025-05-27 02:55:00+00:00,73.4000015258789,73.4000015258789,73.4000015258789,73.4000015258789,1000,0.0,0.0
2025-05-27 03:00:00+00:00,73.30000305175781,73.30000305175781,73.30000305175781,73.30000305175781,3040,0.0,0.0
2025-05-27 03:05:00+00:00,73.4000015258789,73.4000015258789,73.4000015258789,73.4000015258789,2129,0.0,0.0
2025-05-27 03:10:00+00:00,73.30000305175781,73.30000305175781,73.19999694824219,73.19999694824219,12070,0.0,0.0
2025-05-27 03:15:00+00:00,73.19999694824219,73.30000305175781,73.19999694824219,73.30000305175781,5018,0.0,0.0
2025-05-27 03:20:00+00:00,73.30000305175781,73.30000305175781,73.19999694824219,73.19999694824219,8000,0.0,0.0
2025-05-27 03:25:00+00:00,73.30000305175781,73.30000305175781,73.0999984741211,73.0999984741211,15261,0.0,0.0
2025-05-27 03:30:00+00:00,73.0999984741211,73.0999984741211,73.0,73.0999984741211,34167,0.0,0.0
2025-05-27 03:35:00+00:00,73.0999984741211,73.0999984741211,73.0,73.0,27480,0.0,0.0
2025-05-27 03:40:00+00:00,73.0,73.0,73.0,73.0,8495,0.0,0.0
2025-05-27 03:45:00+00:00,73.0,73.0,73.0,73.0,10000,0.0,0.0
2025-05-27 03:50:00+00:00,73.0,73.0,73.0,73.0,2751,0.0,0.0
2025-05-27 03:55:00+00:00,73.0,73.0,72.9000015258789,72.9000015258789,19123,0.0,0.0
2025-05-27 04:00:00+00:00,72.9000015258789,72.9000015258789,72.9000015258789,72.9000015258789,7318,0.0,0.0
2025-05-27 04:05:00+00:00,72.9000015258789,72.9000015258789,72.9000015258789,72.9000015258789,27200,0.0,0.0
2025-05-27 04:10:00+00:00,73.0,73.0,73.0,73.0,14317,0.0,0.0
2025-05-27 04:15:00+00:00,72.9000015258789,73.0,72.9000015258789,72.9000015258789,13002,0.0,0.0
2025-05-27 04:20:00+00:00,72.80000305175781,72.80000305175781,72.69999694824219,72.69999694824219,37001,0.0,0.0
2025-05-27 04:25:00+00:00,72.69999694824219,72.80000305175781,72.69999694824219,72.69999694824219,8000,0.0,0.0
2025-05-27 04:30:00+00:00,72.69999694824219,72.9000015258789,72.69999694824219,72.9000015258789,21000,0.0,0.0
2025-05-27 04:40:00+00:00,72.9000015258789,72.9000015258789,72.80000305175781,72.80000305175781,5500,0.0,0.0
2025-05-27 04:45:00+00:00,72.80000305175781,72.80000305175781,72.80000305175781,72.80000305175781,20000,0.0,0.0
2025-05-27 04:55:00+00:00,72.80000305175781,72.9000015258789,72.80000305175781,72.9000015258789,19396,0.0,0.0
2025-05-27 05:00:00+00:00,72.9000015258789,72.9000015258789,72.9000015258789,72.9000015258789,3000,0.0,0.0
2025-05-27 05:05:00+00:00,72.9000015258789,73.0,72.9000015258789,73.0,18072,0.0,0.0
2025-05-27 05:10:00+00:00,73.0,73.0999984741211,73.0,73.0999984741211,3200,0.0,0.0
2025-05-27 05:15:00+00:00,73.0999984741211,73.0999984741211,72.9000015258789,72.9000015258789,17120,0.0,0.0
2025-05-27 05:20:00+00:00,72.9000015258789,73.0,72.9000015258789,73.0,8030,0.0,0.0
2025-05-28 01:00:00+00:00,73.0,73.30000305175781,73.0,73.30000305175781,0,0.0,0.0
2025-05-28 01:05:00+00:00,73.30000305175781,73.80000305175781,73.30000305175781,73.80000305175781,18700,0.0,0.0
2025-05-28 01:10:00+00:00,73.69999694824219,73.69999694824219,73.69999694824219,73.69999694824219,5105,0.0,0.0
2025-05-28 01:15:00+00:00,73.5,73.5,73.0999984741211,73.0999984741211,12170,0.0,0.0
2025-05-28 01:20:00+00:00,73.0,73.0,72.9000015258789,73.0,30009,0.0,0.0
2025-05-28 01:25:00+00:00,73.0,73.0,72.9000015258789,72.9000015258789,19036,0.0,0.0
2025-05-28 01:30:00+00:00,72.9000015258789,72.9000015258789,72.80000305175781,72.80000305175781,25140,0.0,0.0
2025-05-28 01:35:00+00:00,72.69999694824219,73.0,72.69999694824219,73.0,23235,0.0,0.0
2025-05-28 01:40:00+00:00,73.0,73.0,73.0,73.0,1000,0.0,0.0
2025-05-28 01:45:00+00:00,73.0,73.0999984741211,73.0,73.0999984741211,10000,0.0,0.0
2025-05-28 01:50:00+00:00,73.0,73.0,72.9000015258789,72.9000015258789,12000,0.0,0.0
2025-05-28 01:55:00+00:00,73.0,73.0,72.9000015258789,72.9000015258789,2000,0.0,0.0
2025-05-28 02:00:00+00:00,73.0,73.0,73.0,73.0,5000,0.0,0.0
2025-05-28 02:05:00+00:00,73.0999984741211,73.0999984741211,73.0999984741211,73.0999984741211,4100,0.0,0.0
2025-05-28 02:10:00+00:00,73.0999984741211,73.0999984741211,73.0,73.0,8736,0.0,0.0
2025-05-28 02:20:00+00:00,73.0,73.0,72.69999694824219,72.69999694824219,33570,0.0,0.0
2025-05-28 02:25:00+00:00,72.69999694824219,72.80000305175781,72.69999694824219,72.80000305175781,5071,0.0,0.0
2025-05-28 02:30:00+00:00,72.9000015258789,72.9000015258789,72.9000015258789,72.9000015258789,1000,0.0,0.0
2025-05-28 02:35:00+00:00,72.80000305175781,72.80000305175781,72.80000305175781,72.80000305175781,1000,0.0,0.0
2025-05-28 02:45:00+00:00,72.80000305175781,72.9000015258789,72.80000305175781,72.9000015258789,12200,0.0,0.0
2025-05-28 02:50:00+00:00,72.9000015258789,72.9000015258789,72.9000015258789,72.9000015258789,4000,0.0,0.0
2025-05-28 02:55:00+00:00,72.80000305175781,72.80000305175781,72.80000305175781,72.80000305175781,5005,0.0,0.0
2025-05-28 03:05:00+00:00,72.9000015258789,72.9000015258789,72.9000015258789,72.9000015258789,3320,0.0,0.0
2025-05-28 03:15:00+00:00,72.9000015258789,72.9000015258789,72.9000015258789,72.9000015258789,6000,0.0,0.0
2025-05-28 03:20:00+00:00,72.9000015258789,72.9000015258789,72.9000015258789,72.9000015258789,1000,0.0,0.0
2025-05-28 03:25:00+00:00,72.9000015258789,73.0,72.9000015258789,73.0,2040,0.0,0.0
2025-05-28 03:30:00+00:00,72.9000015258789,72.9000015258789,72.9000015258789,72.9000015258789,6000,0.0,0.0
2025-05-28 03:35:00+00:00,72.9000015258789,72.9000015258789,72.80000305175781,72.80000305175781,16000,0.0,0.0
2025-05-28 03:40:00+00:00,72.69999694824219,72.69999694824219,72.5999984741211,72.5999984741211,26355,0.0,0.0
2025-05-28 03:45:00+00:00,72.69999694824219,72.69999694824219,72.5999984741211,72.5999984741211,12099,0.0,0.0
2025-05-28 03:50:00+00:00,72.5999984741211,72.5999984741211,72.5999984741211,72.5999984741211,2000,0.0,0.0
2025-05-28 03:55:00+00:00,72.69999694824219,72.80000305175781,72.69999694824219,72.80000305175781,9070,0.0,0.0
2025-05-28 04:05:00+00:00,72.69999694824219,72.69999694824219,72.69999694824219,72.69999694824219,6000,0.0,0.0
2025-05-28 04:10:00+00:00,72.5999984741211,72.5999984741211,72.5999984741211,72.5999984741211,7100,0.0,0.0
2025-05-28 04:15:00+00:00,72.5,72.5,72.5,72.5,8018,0.0,0.0
2025-05-28 04:20:00+00:00,72.4000015258789,72.4000015258789,72.4000015258789,72.4000015258789,24085,0.0,0.0
2025-05-28 04:25:00+00:00,72.30000305175781,72.4000015258789,72.30000305175781,72.4000015258789,23080,0.0,0.0
2025-05-28 04:30:00+00:00,72.30000305175781,72.30000305175781,72.19999694824219,72.30000305175781,13870,0.0,0.0
2025-05-28 04:35:00+00:00,72.30000305175781,72.30000305175781,72.0999984741211,72.0999984741211,26005,0.0,0.0
2025-05-28 04:40:00+00:00,72.0999984741211,72.19999694824219,72.0999984741211,72.19999694824219,9002,0.0,0.0
2025-05-28 04:45:00+00:00,72.19999694824219,72.19999694824219,72.0999984741211,72.0999984741211,14000,0.0,0.0
2025-05-28 04:50:00+00:00,72.0999984741211,72.0999984741211,72.0999984741211,72.0999984741211,24070,0.0,0.0
2025-05-28 04:55:00+00:00,72.0,72.0,71.80000305175781,71.9000015258789,81044,0.0,0.0
2025-05-28 05:00:00+00:00,72.0,72.0999984741211,72.0,72.0999984741211,12018,0.0,0.0
2025-05-28 05:05:00+00:00,72.0999984741211,72.19999694824219,72.0999984741211,72.19999694824219,14100,0.0,0.0
2025-05-28 05:10:00+00:00,72.19999694824219,72.30000305175781,72.19999694824219,72.19999694824219,7015,0.0,0.0
2025-05-28 05:15:00+00:00,72.30000305175781,72.4000015258789,72.19999694824219,72.30000305175781,24060,0.0,0.0
2025-05-28 05:20:00+00:00,72.19999694824219,72.4000015258789,72.19999694824219,72.4000015258789,11875,0.0,0.0
2025-05-29 01:00:00+00:00,73.4000015258789,73.4000015258789,72.9000015258789,72.9000015258789,0,0.0,0.0
2025-05-29 01:05:00+00:00,72.9000015258789,74.69999694824219,72.9000015258789,74.30000305175781,132425,0.0,0.0
2025-05-29 01:10:00+00:00,74.19999694824219,74.4000015258789,74.0,74.0999984741211,101550,0.0,0.0
2025-05-29 01:15:00+00:00,74.0999984741211,74.19999694824219,73.9000015258789,73.9000015258789,33470,0.0,0.0
2025-05-29 01:20:00+00:00,73.80000305175781,73.80000305175781,73.5,73.5,14030,0.0,0.0
2025-05-29 01:25:00+00:00,73.5,73.5,73.5,73.5,14400,0.0,0.0
2025-05-29 01:30:00+00:00,73.5,73.80000305175781,73.5,73.80000305175781,19080,0.0,0.0
2025-05-29 01:35:00+00:00,73.80000305175781,73.9000015258789,73.69999694824219,73.80000305175781,20020,0.0,0.0
2025-05-29 01:40:00+00:00,73.80000305175781,73.80000305175781,73.80000305175781,73.80000305175781,6000,0.0,0.0
2025-05-29 01:45:00+00:00,73.80000305175781,73.80000305175781,73.69999694824219,73.80000305175781,5028,0.0,0.0
2025-05-29 01:50:00+00:00,73.9000015258789,73.9000015258789,73.80000305175781,73.80000305175781,10000,0.0,0.0
2025-05-29 01:55:00+00:00,73.80000305175781,73.80000305175781,73.80000305175781,73.80000305175781,11055,0.0,0.0
2025-05-29 02:00:00+00:00,73.80000305175781,73.80000305175781,73.69999694824219,73.69999694824219,5300,0.0,0.0
2025-05-29 02:05:00+00:00,73.69999694824219,73.69999694824219,73.69999694824219,73.69999694824219,4034,0.0,0.0
2025-05-29 02:10:00+00:00,73.69999694824219,73.69999694824219,73.5999984741211,73.5999984741211,10000,0.0,0.0
2025-05-29 02:15:00+00:00,73.5,73.5,73.5,73.5,18166,0.0,0.0
2025-05-29 02:20:00+00:00,73.5,73.5,73.5,73.5,1571,0.0,0.0
2025-05-29 02:30:00+00:00,73.5,73.5,73.5,73.5,5439,0.0,0.0
2025-05-29 02:40:00+00:00,73.5999984741211,73.9000015258789,73.5999984741211,73.9000015258789,19025,0.0,0.0
2025-05-29 02:45:00+00:00,73.9000015258789,73.9000015258789,73.9000015258789,73.9000015258789,2003,0.0,0.0
2025-05-29 02:50:00+00:00,73.9000015258789,74.0,73.9000015258789,74.0,18175,0.0,0.0
2025-05-29 02:55:00+00:00,73.9000015258789,74.19999694824219,73.9000015258789,74.19999694824219,25370,0.0,0.0
2025-05-29 03:00:00+00:00,74.19999694824219,74.19999694824219,74.19999694824219,74.19999694824219,2000,0.0,0.0
2025-05-29 03:05:00+00:00,74.19999694824219,74.19999694824219,74.0,74.0,10000,0.0,0.0
2025-05-29 03:10:00+00:00,74.0,74.19999694824219,74.0,74.19999694824219,11011,0.0,0.0
2025-05-29 03:15:00+00:00,74.19999694824219,74.19999694824219,74.19999694824219,74.19999694824219,5000,0.0,0.0
2025-05-29 03:20:00+00:00,74.19999694824219,74.19999694824219,74.0999984741211,74.19999694824219,35052,0.0,0.0
2025-05-29 03:25:00+00:00,74.30000305175781,74.30000305175781,74.30000305175781,74.30000305175781,2111,0.0,0.0
2025-05-29 03:30:00+00:00,74.30000305175781,74.5,74.30000305175781,74.4000015258789,61474,0.0,0.0
2025-05-29 03:35:00+00:00,74.4000015258789,74.4000015258789,74.19999694824219,74.4000015258789,11747,0.0,0.0
2025-05-29 03:40:00+00:00,74.30000305175781,74.4000015258789,74.30000305175781,74.4000015258789,8000,0.0,0.0
2025-05-29 03:45:00+00:00,74.30000305175781,74.30000305175781,74.30000305175781,74.30000305175781,7000,0.0,0.0
2025-05-29 03:50:00+00:00,74.19999694824219,74.4000015258789,74.19999694824219,74.4000015258789,15287,0.0,0.0
2025-05-29 04:00:00+00:00,74.4000015258789,74.4000015258789,74.4000015258789,74.4000015258789,2037,0.0,0.0
2025-05-29 04:05:00+00:00,74.4000015258789,74.4000015258789,74.30000305175781,74.30000305175781,9000,0.0,0.0
2025-05-29 04:10:00+00:00,74.30000305175781,74.4000015258789,74.19999694824219,74.19999694824219,15500,0.0,0.0
2025-05-29 04:15:00+00:00,74.0999984741211,74.0999984741211,74.0,74.0,3101,0.0,0.0
2025-05-29 04:20:00+00:00,74.0,74.0999984741211,73.9000015258789,73.9000015258789,22258,0.0,0.0
2025-05-29 04:25:00+00:00,73.9000015258789,73.9000015258789,73.9000015258789,73.9000015258789,8000,0.0,0.0
2025-05-29 04:30:00+00:00,73.80000305175781,73.9000015258789,73.80000305175781,73.9000015258789,12057,0.0,0.0
2025-05-29 04:35:00+00:00,73.9000015258789,73.9000015258789,73.9000015258789,73.9000015258789,2000,0.0,0.0
2025-05-29 04:40:00+00:00,73.9000015258789,73.9000015258789,73.9000015258789,73.9000015258789,3001,0.0,0.0
2025-05-29 04:45:00+00:00,74.0,74.30000305175781,74.0,74.30000305175781,14340,0.0,0.0
2025-05-29 04:50:00+00:00,74.0999984741211,74.0999984741211,74.0999984741211,74.0999984741211,2050,0.0,0.0
2025-05-29 04:55:00+00:00,74.0999984741211,74.19999694824219,74.0999984741211,74.19999694824219,3013,0.0,0.0
2025-05-29 05:00:00+00:00,74.30000305175781,74.30000305175781,74.19999694824219,74.19999694824219,8159,0.0,0.0
2025-05-29 05:05:00+00:00,74.19999694824219,74.30000305175781,74.19999694824219,74.30000305175781,7258,0.0,0.0
2025-05-29 05:10:00+00:00,74.19999694824219,74.19999694824219,74.19999694824219,74.19999694824219,17089,0.0,0.0
2025-05-29 05:15:00+00:00,74.19999694824219,74.19999694824219,74.0999984741211,74.19999694824219,30001,0.0,0.0
2025-05-29 05:20:00+00:00,74.0999984741211,74.30000305175781,74.0999984741211,74.30000305175781,18691,0.0,0.0
2025-06-02 01:00:00+00:00,73.69999694824219,73.69999694824219,73.19999694824219,73.5,0,0.0,0.0
2025-06-02 01:05:00+00:00,73.5999984741211,74.19999694824219,73.5999984741211,74.0999984741211,34607,0.0,0.0
2025-06-02 01:10:00+00:00,74.0,74.69999694824219,74.0,74.4000015258789,30380,0.0,0.0
2025-06-02 01:15:00+00:00,74.30000305175781,74.4000015258789,74.0999984741211,74.4000015258789,27000,0.0,0.0
2025-06-02 01:20:00+00:00,74.0999984741211,74.0999984741211,73.80000305175781,73.9000015258789,38100,0.0,0.0
2025-06-02 01:25:00+00:00,73.9000015258789,73.9000015258789,73.69999694824219,73.80000305175781,12000,0.0,0.0
2025-06-02 01:30:00+00:00,73.5999984741211,73.5999984741211,73.5,73.5,15110,0.0,0.0
2025-06-02 01:35:00+00:00,73.5,73.5999984741211,73.19999694824219,73.19999694824219,20280,0.0,0.0
2025-06-02 01:40:00+00:00,73.5,73.5,72.80000305175781,72.80000305175781,37739,0.0,0.0
2025-06-02 01:45:00+00:00,72.9000015258789,73.0,72.9000015258789,73.0,17112,0.0,0.0
2025-06-02 01:50:00+00:00,73.0999984741211,73.0999984741211,73.0,73.0,3020,0.0,0.0
2025-06-02 01:55:00+00:00,73.0999984741211,73.0999984741211,73.0999984741211,73.0999984741211,6000,0.0,0.0
2025-06-02 02:00:00+00:00,73.0999984741211,73.19999694824219,73.0999984741211,73.0999984741211,11230,0.0,0.0
2025-06-02 02:05:00+00:00,73.0,73.0,73.0,73.0,5014,0.0,0.0
2025-06-02 02:10:00+00:00,73.0999984741211,73.0999984741211,73.0,73.0,3000,0.0,0.0
2025-06-02 02:15:00+00:00,73.0,73.19999694824219,73.0,73.19999694824219,3000,0.0,0.0
2025-06-02 02:20:00+00:00,73.19999694824219,73.19999694824219,73.19999694824219,73.19999694824219,4000,0.0,0.0
2025-06-02 02:25:00+00:00,73.19999694824219,73.19999694824219,73.0999984741211,73.0999984741211,12000,0.0,0.0
2025-06-02 02:30:00+00:00,73.0,73.0,72.9000015258789,73.0,37176,0.0,0.0
2025-06-02 02:35:00+00:00,72.9000015258789,72.9000015258789,72.9000015258789,72.9000015258789,11000,0.0,0.0
2025-06-02 02:40:00+00:00,72.9000015258789,72.9000015258789,72.80000305175781,72.80000305175781,23000,0.0,0.0
2025-06-02 02:45:00+00:00,72.80000305175781,72.80000305175781,72.69999694824219,72.69999694824219,16194,0.0,0.0
2025-06-02 02:50:00+00:00,72.69999694824219,72.69999694824219,72.5999984741211,72.69999694824219,37055,0.0,0.0
2025-06-02 02:55:00+00:00,72.69999694824219,72.69999694824219,72.5999984741211,72.5999984741211,12000,0.0,0.0
2025-06-02 03:00:00+00:00,72.69999694824219,72.69999694824219,72.5,72.5999984741211,40105,0.0,0.0
2025-06-02 03:05:00+00:00,72.5999984741211,72.5999984741211,72.5,72.5,26254,0.0,0.0
2025-06-02 03:15:00+00:00,72.4000015258789,72.5999984741211,72.30000305175781,72.5,39100,0.0,0.0
2025-06-02 03:20:00+00:00,72.5,72.5999984741211,72.5,72.5,6050,0.0,0.0
2025-06-02 03:25:00+00:00,72.5,72.5,72.5,72.5,5100,0.0,0.0
2025-06-02 03:30:00+00:00,72.5999984741211,73.0,72.5999984741211,73.0,24540,0.0,0.0
2025-06-02 03:35:00+00:00,72.80000305175781,72.80000305175781,72.80000305175781,72.80000305175781,3000,0.0,0.0
2025-06-02 03:40:00+00:00,72.80000305175781,72.80000305175781,72.80000305175781,72.80000305175781,2000,0.0,0.0
2025-06-02 03:45:00+00:00,72.69999694824219,72.69999694824219,72.69999694824219,72.69999694824219,6030,0.0,0.0
2025-06-02 03:50:00+00:00,72.69999694824219,72.69999694824219,72.69999694824219,72.69999694824219,2000,0.0,0.0
2025-06-02 03:55:00+00:00,72.69999694824219,72.69999694824219,72.69999694824219,72.69999694824219,1000,0.0,0.0
2025-06-02 04:00:00+00:00,72.5999984741211,72.5999984741211,72.5999984741211,72.5999984741211,1270,0.0,0.0
2025-06-02 04:05:00+00:00,72.5999984741211,72.5999984741211,72.5999984741211,72.5999984741211,2155,0.0,0.0
2025-06-02 04:10:00+00:00,72.69999694824219,72.69999694824219,72.5999984741211,72.5999984741211,4000,0.0,0.0
2025-06-02 04:20:00+00:00,72.69999694824219,72.69999694824219,72.69999694824219,72.69999694824219,10591,0.0,0.0
2025-06-02 04:25:00+00:00,72.80000305175781,72.80000305175781,72.80000305175781,72.80000305175781,1000,0.0,0.0
2025-06-02 04:30:00+00:00,72.80000305175781,72.9000015258789,72.80000305175781,72.9000015258789,4303,0.0,0.0
2025-06-02 04:35:00+00:00,72.9000015258789,72.9000015258789,72.80000305175781,72.80000305175781,3001,0.0,0.0
2025-06-02 04:45:00+00:00,72.80000305175781,72.80000305175781,72.69999694824219,72.69999694824219,6000,0.0,0.0
2025-06-02 04:50:00+00:00,72.80000305175781,72.80000305175781,72.80000305175781,72.80000305175781,8000,0.0,0.0
2025-06-02 04:55:00+00:00,72.80000305175781,72.9000015258789,72.80000305175781,72.9000015258789,17000,0.0,0.0
2025-06-02 05:00:00+00:00,72.9000015258789,72.9000015258789,72.80000305175781,72.80000305175781,3000,0.0,0.0
2025-06-02 05:05:00+00:00,72.9000015258789,72.9000015258789,72.9000015258789,72.9000015258789,6000,0.0,0.0
2025-06-02 05:10:00+00:00,72.9000015258789,72.9000015258789,72.9000015258789,72.9000015258789,3108,0.0,0.0
2025-06-02 05:15:00+00:00,72.9000015258789,73.0999984741211,72.9000015258789,73.0,9069,0.0,0.0
2025-06-02 05:20:00+00:00,73.0999984741211,73.0999984741211,72.80000305175781,72.80000305175781,50120,0.0,0.0
2025-06-03 01:00:00+00:00,73.0999984741211,73.80000305175781,73.0999984741211,73.4000015258789,0,0.0,0.0
2025-06-03 01:05:00+00:00,73.4000015258789,73.5999984741211,73.4000015258789,73.5999984741211,13000,0.0,0.0
2025-06-03 01:10:00+00:00,73.5999984741211,73.5999984741211,73.5999984741211,73.5999984741211,2150,0.0,0.0
2025-06-03 01:15:00+00:00,73.5,73.5999984741211,73.5,73.5999984741211,5016,0.0,0.0
2025-06-03 01:20:00+00:00,73.5,73.5,73.5,73.5,9130,0.0,0.0
2025-06-03 01:25:00+00:00,73.5,73.5999984741211,73.4000015258789,73.5999984741211,15000,0.0,0.0
2025-06-03 01:30:00+00:00,73.5,73.5,73.5,73.5,2000,0.0,0.0
2025-06-03 01:35:00+00:00,73.5999984741211,74.0,73.5999984741211,74.0,65724,0.0,0.0
2025-06-03 01:40:00+00:00,74.0999984741211,74.19999694824219,74.0,74.0999984741211,26100,0.0,0.0
2025-06-03 01:45:00+00:00,74.0999984741211,74.4000015258789,74.0999984741211,74.4000015258789,43255,0.0,0.0
2025-06-03 01:50:00+00:00,74.4000015258789,74.5,74.30000305175781,74.4000015258789,43101,0.0,0.0
2025-06-03 01:55:00+00:00,74.4000015258789,74.80000305175781,74.30000305175781,74.5999984741211,122048,0.0,0.0
2025-06-03 02:00:00+00:00,74.69999694824219,75.0,74.5,74.5999984741211,91988,0.0,0.0
2025-06-03 02:05:00+00:00,74.5999984741211,74.5999984741211,74.4000015258789,74.5,24102,0.0,0.0
2025-06-03 02:10:00+00:00,74.5,74.5,74.30000305175781,74.30000305175781,12018,0.0,0.0
2025-06-03 02:15:00+00:00,74.30000305175781,74.30000305175781,74.0999984741211,74.0999984741211,23128,0.0,0.0
2025-06-03 02:20:00+00:00,74.0999984741211,74.30000305175781,74.0999984741211,74.30000305175781,10000,0.0,0.0
2025-06-03 02:25:00+00:00,74.30000305175781,74.30000305175781,74.19999694824219,74.19999694824219,8000,0.0,0.0
2025-06-03 02:30:00+00:00,74.0999984741211,74.30000305175781,74.0999984741211,74.30000305175781,11000,0.0,0.0
2025-06-03 02:35:00+00:00,74.19999694824219,74.19999694824219,74.19999694824219,74.19999694824219,7000,0.0,0.0
2025-06-03 02:40:00+00:00,74.0999984741211,74.0999984741211,74.0,74.0,9000,0.0,0.0
2025-06-03 02:45:00+00:00,74.0999984741211,74.0999984741211,74.0999984741211,74.0999984741211,4129,0.0,0.0
2025-06-03 02:50:00+00:00,74.0999984741211,74.4000015258789,74.0999984741211,74.4000015258789,17111,0.0,0.0
2025-06-03 02:55:00+00:00,74.30000305175781,74.30000305175781,74.19999694824219,74.19999694824219,3001,0.0,0.0
2025-06-03 03:00:00+00:00,74.30000305175781,74.30000305175781,74.30000305175781,74.30000305175781,12000,0.0,0.0
2025-06-03 03:05:00+00:00,74.30000305175781,74.30000305175781,74.30000305175781,74.30000305175781,16039,0.0,0.0
2025-06-03 03:10:00+00:00,74.30000305175781,74.4000015258789,74.30000305175781,74.4000015258789,4014,0.0,0.0
2025-06-03 03:15:00+00:00,74.30000305175781,74.30000305175781,74.19999694824219,74.19999694824219,9015,0.0,0.0
2025-06-03 03:25:00+00:00,74.19999694824219,74.19999694824219,74.19999694824219,74.19999694824219,7000,0.0,0.0
2025-06-03 03:35:00+00:00,74.30000305175781,74.30000305175781,74.30000305175781,74.30000305175781,3000,0.0,0.0
2025-06-03 03:40:00+00:00,74.30000305175781,74.30000305175781,74.30000305175781,74.30000305175781,2002,0.0,0.0
2025-06-03 03:45:00+00:00,74.19999694824219,74.19999694824219,74.19999694824219,74.19999694824219,1150,0.0,0.0
2025-06-03 03:50:00+00:00,74.4000015258789,74.4000015258789,74.4000015258789,74.4000015258789,8185,0.0,0.0
2025-06-03 03:55:00+00:00,74.4000015258789,74.5,74.4000015258789,74.5,37416,0.0,0.0
2025-06-03 04:00:00+00:00,74.5,74.5999984741211,74.5,74.5,25180,0.0,0.0
2025-06-03 04:05:00+00:00,74.5,74.80000305175781,74.5,74.80000305175781,72282,0.0,0.0
2025-06-03 04:10:00+00:00,74.9000015258789,75.0999984741211,74.80000305175781,74.9000015258789,140249,0.0,0.0
2025-06-03 04:15:00+00:00,74.9000015258789,74.9000015258789,74.80000305175781,74.9000015258789,17000,0.0,0.0
2025-06-03 04:20:00+00:00,74.80000305175781,75.4000015258789,74.80000305175781,75.4000015258789,121015,0.0,0.0
2025-06-03 04:25:00+00:00,75.4000015258789,75.5,75.30000305175781,75.30000305175781,63165,0.0,0.0
2025-06-03 04:30:00+00:00,75.30000305175781,75.5999984741211,75.30000305175781,75.4000015258789,78949,0.0,0.0
2025-06-03 04:35:00+00:00,75.4000015258789,76.9000015258789,75.4000015258789,76.30000305175781,273357,0.0,0.0
2025-06-03 04:40:00+00:00,76.19999694824219,76.30000305175781,76.0999984741211,76.0999984741211,81212,0.0,0.0
2025-06-03 04:45:00+00:00,76.0999984741211,76.0999984741211,76.0,76.0,88150,0.0,0.0
2025-06-03 04:50:00+00:00,76.0,76.0,75.9000015258789,76.0,39488,0.0,0.0
2025-06-03 04:55:00+00:00,76.0,76.0,75.9000015258789,75.9000015258789,24275,0.0,0.0
2025-06-03 05:00:00+00:00,76.0,76.0,75.9000015258789,75.9000015258789,27525,0.0,0.0
2025-06-03 05:05:00+00:00,75.80000305175781,75.9000015258789,75.80000305175781,75.80000305175781,14280,0.0,0.0
2025-06-03 05:10:00+00:00,75.80000305175781,75.9000015258789,75.80000305175781,75.80000305175781,24000,0.0,0.0
2025-06-03 05:15:00+00:00,75.69999694824219,75.69999694824219,75.5,75.5999984741211,38386,0.0,0.0
2025-06-03 05:20:00+00:00,75.5999984741211,75.80000305175781,75.5,75.5,55107,0.0,0.0
2025-06-04 01:00:00+00:00,76.30000305175781,76.5999984741211,76.0,76.4000015258789,0,0.0,0.0
2025-06-04 01:05:00+00:00,76.4000015258789,76.5999984741211,76.30000305175781,76.5,75000,0.0,0.0
2025-06-04 01:10:00+00:00,76.9000015258789,76.9000015258789,76.5,76.5,130928,0.0,0.0
2025-06-04 01:15:00+00:00,76.5,76.5,76.0,76.30000305175781,92078,0.0,0.0
2025-06-04 01:20:00+00:00,76.30000305175781,76.4000015258789,76.19999694824219,76.30000305175781,6503,0.0,0.0
2025-06-04 01:25:00+00:00,76.30000305175781,76.5999984741211,76.30000305175781,76.30000305175781,47321,0.0,0.0
2025-06-04 01:30:00+00:00,76.30000305175781,76.4000015258789,76.0,76.0,73428,0.0,0.0
2025-06-04 01:35:00+00:00,76.0,76.0,75.9000015258789,75.9000015258789,19292,0.0,0.0
2025-06-04 01:40:00+00:00,75.9000015258789,75.9000015258789,75.9000015258789,75.9000015258789,15200,0.0,0.0
2025-06-04 01:45:00+00:00,75.9000015258789,75.9000015258789,75.9000015258789,75.9000015258789,6000,0.0,0.0
2025-06-04 01:50:00+00:00,75.80000305175781,75.80000305175781,75.5999984741211,75.80000305175781,38400,0.0,0.0
2025-06-04 01:55:00+00:00,75.80000305175781,75.80000305175781,75.5999984741211,75.5999984741211,28252,0.0,0.0
2025-06-04 02:00:00+00:00,75.5999984741211,75.9000015258789,75.5,75.69999694824219,34000,0.0,0.0
2025-06-04 02:05:00+00:00,75.80000305175781,76.0,75.80000305175781,76.0,21000,0.0,0.0
2025-06-04 02:10:00+00:00,76.0999984741211,76.0999984741211,75.9000015258789,75.9000015258789,7000,0.0,0.0
2025-06-04 02:15:00+00:00,76.0,76.0,76.0,76.0,2220,0.0,0.0
2025-06-04 02:20:00+00:00,76.0,76.0999984741211,75.9000015258789,76.0,18004,0.0,0.0
2025-06-04 02:25:00+00:00,76.0,76.0,76.0,76.0,9000,0.0,0.0
2025-06-04 02:30:00+00:00,76.0,76.0999984741211,76.0,76.0,12600,0.0,0.0
2025-06-04 02:35:00+00:00,76.0,76.0999984741211,75.9000015258789,75.9000015258789,14000,0.0,0.0
2025-06-04 02:40:00+00:00,75.9000015258789,75.9000015258789,75.80000305175781,75.9000015258789,8037,0.0,0.0
2025-06-04 02:45:00+00:00,75.9000015258789,75.9000015258789,75.9000015258789,75.9000015258789,4313,0.0,0.0
2025-06-04 02:50:00+00:00,76.0,76.0999984741211,76.0,76.0999984741211,19150,0.0,0.0
2025-06-04 02:55:00+00:00,76.30000305175781,76.4000015258789,76.30000305175781,76.30000305175781,53451,0.0,0.0
2025-06-04 03:00:00+00:00,76.30000305175781,76.30000305175781,76.19999694824219,76.19999694824219,12000,0.0,0.0
2025-06-04 03:05:00+00:00,76.0999984741211,76.0999984741211,76.0,76.0,5000,0.0,0.0
2025-06-04 03:10:00+00:00,76.0,76.0,76.0,76.0,8000,0.0,0.0
2025-06-04 03:15:00+00:00,76.0999984741211,76.19999694824219,76.0999984741211,76.19999694824219,2100,0.0,0.0
2025-06-04 03:20:00+00:00,76.0999984741211,76.0999984741211,76.0,76.0,4660,0.0,0.0
2025-06-04 03:25:00+00:00,75.9000015258789,75.9000015258789,75.9000015258789,75.9000015258789,7339,0.0,0.0
2025-06-04 03:30:00+00:00,75.80000305175781,75.80000305175781,75.80000305175781,75.80000305175781,4000,0.0,0.0
2025-06-04 03:35:00+00:00,75.80000305175781,75.80000305175781,75.80000305175781,75.80000305175781,2782,0.0,0.0
2025-06-04 03:40:00+00:00,75.69999694824219,75.69999694824219,75.5999984741211,75.5999984741211,23000,0.0,0.0
2025-06-04 03:45:00+00:00,75.5999984741211,75.69999694824219,75.5999984741211,75.69999694824219,27000,0.0,0.0
2025-06-04 03:50:00+00:00,75.69999694824219,75.80000305175781,75.69999694824219,75.80000305175781,7000,0.0,0.0
2025-06-04 03:55:00+00:00,75.80000305175781,75.80000305175781,75.69999694824219,75.69999694824219,6010,0.0,0.0
2025-06-04 04:00:00+00:00,75.69999694824219,75.69999694824219,75.69999694824219,75.69999694824219,3000,0.0,0.0
2025-06-04 04:05:00+00:00,75.69999694824219,75.80000305175781,75.69999694824219,75.80000305175781,10025,0.0,0.0
2025-06-04 04:10:00+00:00,75.69999694824219,75.80000305175781,75.69999694824219,75.80000305175781,6000,0.0,0.0
2025-06-04 04:15:00+00:00,75.80000305175781,75.9000015258789,75.69999694824219,75.9000015258789,6010,0.0,0.0
2025-06-04 04:20:00+00:00,75.9000015258789,75.9000015258789,75.9000015258789,75.9000015258789,13016,0.0,0.0
2025-06-04 04:25:00+00:00,75.9000015258789,75.9000015258789,75.9000015258789,75.9000015258789,2350,0.0,0.0
2025-06-04 04:30:00+00:00,75.9000015258789,75.9000015258789,75.9000015258789,75.9000015258789,3010,0.0,0.0
2025-06-04 04:35:00+00:00,75.9000015258789,75.9000015258789,75.80000305175781,75.80000305175781,4140,0.0,0.0
2025-06-04 04:40:00+00:00,75.80000305175781,75.80000305175781,75.69999694824219,75.69999694824219,22067,0.0,0.0
2025-06-04 04:45:00+00:00,75.69999694824219,75.80000305175781,75.69999694824219,75.80000305175781,7026,0.0,0.0
2025-06-04 04:50:00+00:00,75.9000015258789,75.9000015258789,75.9000015258789,75.9000015258789,1000,0.0,0.0
2025-06-04 04:55:00+00:00,75.9000015258789,75.9000015258789,75.80000305175781,75.80000305175781,7000,0.0,0.0
2025-06-04 05:00:00+00:00,75.80000305175781,76.0,75.69999694824219,75.69999694824219,20090,0.0,0.0
2025-06-04 05:05:00+00:00,75.69999694824219,75.69999694824219,75.5999984741211,75.5999984741211,12000,0.0,0.0
2025-06-04 05:10:00+00:00,75.69999694824219,75.69999694824219,75.69999694824219,75.69999694824219,6020,0.0,0.0
2025-06-04 05:15:00+00:00,75.69999694824219,75.69999694824219,75.69999694824219,75.69999694824219,24056,0.0,0.0
2025-06-04 05:20:00+00:00,75.69999694824219,75.9000015258789,75.69999694824219,75.69999694824219,23022,0.0,0.0
2025-06-05 01:00:00+00:00,76.5,76.5,75.5999984741211,75.80000305175781,0,0.0,0.0
2025-06-05 01:05:00+00:00,75.80000305175781,75.80000305175781,75.80000305175781,75.80000305175781,14404,0.0,0.0
2025-06-05 01:10:00+00:00,75.9000015258789,75.9000015258789,75.80000305175781,75.80000305175781,18555,0.0,0.0
2025-06-05 01:15:00+00:00,75.80000305175781,75.80000305175781,75.5999984741211,75.5999984741211,26239,0.0,0.0
2025-06-05 01:20:00+00:00,75.5999984741211,75.5999984741211,75.4000015258789,75.4000015258789,25055,0.0,0.0
2025-06-05 01:25:00+00:00,75.4000015258789,75.4000015258789,75.19999694824219,75.30000305175781,20778,0.0,0.0
2025-06-05 01:30:00+00:00,75.4000015258789,75.4000015258789,75.19999694824219,75.4000015258789,23034,0.0,0.0
2025-06-05 01:35:00+00:00,75.4000015258789,75.4000015258789,75.30000305175781,75.4000015258789,10180,0.0,0.0
2025-06-05 01:40:00+00:00,75.4000015258789,75.4000015258789,75.30000305175781,75.30000305175781,4350,0.0,0.0
2025-06-05 01:45:00+00:00,75.4000015258789,75.5,75.30000305175781,75.5,4001,0.0,0.0
2025-06-05 01:50:00+00:00,75.5,75.5,75.4000015258789,75.4000015258789,8010,0.0,0.0
2025-06-05 01:55:00+00:00,75.5,75.5,75.5,75.5,1000,0.0,0.0
2025-06-05 02:00:00+00:00,75.5,75.5,75.4000015258789,75.4000015258789,19020,0.0,0.0
2025-06-05 02:05:00+00:00,75.5,75.5,75.4000015258789,75.4000015258789,23055,0.0,0.0
2025-06-05 02:10:00+00:00,75.30000305175781,75.30000305175781,75.19999694824219,75.19999694824219,14001,0.0,0.0
2025-06-05 02:15:00+00:00,75.0999984741211,75.30000305175781,75.0999984741211,75.30000305175781,20000,0.0,0.0
2025-06-05 02:20:00+00:00,75.30000305175781,75.30000305175781,75.19999694824219,75.30000305175781,7007,0.0,0.0
2025-06-05 02:25:00+00:00,75.19999694824219,75.19999694824219,75.0,75.0999984741211,16330,0.0,0.0
2025-06-05 02:30:00+00:00,75.0999984741211,75.19999694824219,75.0,75.19999694824219,7205,0.0,0.0
2025-06-05 02:35:00+00:00,75.19999694824219,75.19999694824219,75.0999984741211,75.19999694824219,8003,0.0,0.0
2025-06-05 02:40:00+00:00,75.19999694824219,75.19999694824219,75.19999694824219,75.19999694824219,3467,0.0,0.0
2025-06-05 02:45:00+00:00,75.19999694824219,75.19999694824219,75.0999984741211,75.0999984741211,9250,0.0,0.0
2025-06-05 02:50:00+00:00,75.0999984741211,75.19999694824219,75.0999984741211,75.0999984741211,9050,0.0,0.0
2025-06-05 02:55:00+00:00,75.19999694824219,75.19999694824219,75.19999694824219,75.19999694824219,3000,0.0,0.0
2025-06-05 03:00:00+00:00,75.0999984741211,75.0999984741211,75.0,75.0,18000,0.0,0.0
2025-06-05 03:05:00+00:00,75.0,75.0999984741211,75.0,75.0999984741211,7000,0.0,0.0
2025-06-05 03:10:00+00:00,75.0999984741211,75.4000015258789,75.0999984741211,75.30000305175781,32000,0.0,0.0
2025-06-05 03:15:00+00:00,75.30000305175781,75.30000305175781,75.30000305175781,75.30000305175781,3000,0.0,0.0
2025-06-05 03:20:00+00:00,75.19999694824219,75.19999694824219,75.19999694824219,75.19999694824219,0,0.0,0.0
2025-06-05 03:25:00+00:00,75.0999984741211,75.0999984741211,75.0999984741211,75.0999984741211,504994,0.0,0.0
2025-06-05 03:35:00+00:00,75.0999984741211,75.19999694824219,75.0999984741211,75.19999694824219,8000,0.0,0.0
2025-06-05 03:40:00+00:00,75.19999694824219,75.19999694824219,75.19999694824219,75.19999694824219,3100,0.0,0.0
2025-06-05 03:45:00+00:00,75.30000305175781,75.5,75.30000305175781,75.5,31000,0.0,0.0
2025-06-05 03:50:00+00:00,75.30000305175781,75.5,75.30000305175781,75.30000305175781,13092,0.0,0.0
2025-06-05 03:55:00+00:00,75.30000305175781,75.30000305175781,75.19999694824219,75.30000305175781,6079,0.0,0.0
2025-06-05 04:00:00+00:00,75.19999694824219,75.19999694824219,75.19999694824219,75.19999694824219,2000,0.0,0.0
2025-06-05 04:05:00+00:00,75.0999984741211,75.0999984741211,75.0999984741211,75.0999984741211,12039,0.0,0.0
2025-06-05 04:10:00+00:00,75.0999984741211,75.0999984741211,75.0999984741211,75.0999984741211,4000,0.0,0.0
2025-06-05 04:15:00+00:00,75.0999984741211,75.0999984741211,75.0,75.0999984741211,5242,0.0,0.0
2025-06-05 04:20:00+00:00,75.0999984741211,75.0999984741211,75.0999984741211,75.0999984741211,3147,0.0,0.0
2025-06-05 04:25:00+00:00,75.0999984741211,75.19999694824219,75.0999984741211,75.19999694824219,9145,0.0,0.0
2025-06-05 04:30:00+00:00,75.0999984741211,75.19999694824219,75.0999984741211,75.0999984741211,5100,0.0,0.0
2025-06-05 04:35:00+00:00,75.19999694824219,75.19999694824219,75.0999984741211,75.0999984741211,2000,0.0,0.0
2025-06-05 04:40:00+00:00,75.19999694824219,75.4000015258789,75.19999694824219,75.30000305175781,16068,0.0,0.0
2025-06-05 04:45:00+00:00,75.30000305175781,75.30000305175781,75.30000305175781,75.30000305175781,7000,0.0,0.0
2025-06-05 04:50:00+00:00,75.30000305175781,75.4000015258789,75.30000305175781,75.4000015258789,10100,0.0,0.0
2025-06-05 04:55:00+00:00,75.5,75.5,75.30000305175781,75.30000305175781,3164,0.0,0.0
2025-06-05 05:00:00+00:00,75.30000305175781,75.30000305175781,75.30000305175781,75.30000305175781,3000,0.0,0.0
2025-06-05 05:05:00+00:00,75.19999694824219,75.30000305175781,75.19999694824219,75.19999694824219,18100,0.0,0.0
2025-06-05 05:10:00+00:00,75.30000305175781,75.30000305175781,75.30000305175781,75.30000305175781,2221,0.0,0.0
2025-06-05 05:15:00+00:00,75.19999694824219,75.19999694824219,75.19999694824219,75.19999694824219,13000,0.0,0.0
2025-06-05 05:20:00+00:00,75.19999694824219,75.19999694824219,75.0999984741211,75.19999694824219,17681,0.0,0.0
2025-06-06 01:00:00+00:00,74.9000015258789,75.0,74.80000305175781,74.80000305175781,0,0.0,0.0
2025-06-06 01:05:00+00:00,74.80000305175781,75.0999984741211,74.80000305175781,75.0,8000,0.0,0.0
2025-06-06 01:10:00+00:00,75.19999694824219,75.19999694824219,75.19999694824219,75.19999694824219,2730,0.0,0.0
2025-06-06 01:15:00+00:00,75.19999694824219,75.5999984741211,75.19999694824219,75.5999984741211,31000,0.0,0.0
2025-06-06 01:20:00+00:00,75.5,75.5999984741211,75.30000305175781,75.30000305175781,25022,0.0,0.0
2025-06-06 01:25:00+00:00,75.30000305175781,75.30000305175781,75.30000305175781,75.30000305175781,4000,0.0,0.0
2025-06-06 01:30:00+00:00,75.30000305175781,75.30000305175781,75.30000305175781,75.30000305175781,16589,0.0,0.0
2025-06-06 01:35:00+00:00,75.30000305175781,75.30000305175781,75.19999694824219,75.30000305175781,32532,0.0,0.0
2025-06-06 01:40:00+00:00,75.4000015258789,75.69999694824219,75.4000015258789,75.5,39012,0.0,0.0
2025-06-06 01:45:00+00:00,75.5,75.69999694824219,75.5,75.69999694824219,44000,0.0,0.0
2025-06-06 01:50:00+00:00,75.69999694824219,75.69999694824219,75.5999984741211,75.5999984741211,7000,0.0,0.0
2025-06-06 01:55:00+00:00,75.5999984741211,75.80000305175781,75.5,75.80000305175781,22100,0.0,0.0
2025-06-06 02:00:00+00:00,75.80000305175781,75.80000305175781,75.5999984741211,75.5999984741211,10003,0.0,0.0
2025-06-06 02:05:00+00:00,75.5999984741211,75.5999984741211,75.5999984741211,75.5999984741211,7000,0.0,0.0
2025-06-06 02:10:00+00:00,75.5999984741211,75.69999694824219,75.5999984741211,75.69999694824219,4200,0.0,0.0
2025-06-06 02:15:00+00:00,75.69999694824219,76.5,75.69999694824219,76.19999694824219,194408,0.0,0.0
2025-06-06 02:20:00+00:00,76.19999694824219,76.4000015258789,76.19999694824219,76.30000305175781,54120,0.0,0.0
2025-06-06 02:25:00+00:00,76.4000015258789,76.4000015258789,76.19999694824219,76.19999694824219,24086,0.0,0.0
2025-06-06 02:30:00+00:00,76.19999694824219,76.19999694824219,76.0,76.0,17390,0.0,0.0
2025-06-06 02:35:00+00:00,76.0,76.0,76.0,76.0,3000,0.0,0.0
2025-06-06 02:40:00+00:00,76.0,76.0,75.9000015258789,75.9000015258789,8030,0.0,0.0
2025-06-06 02:45:00+00:00,75.9000015258789,76.0999984741211,75.5,76.0999984741211,51120,0.0,0.0
2025-06-06 02:50:00+00:00,76.0999984741211,76.0999984741211,76.0,76.0,3000,0.0,0.0
2025-06-06 03:00:00+00:00,76.0,76.0,76.0,76.0,4040,0.0,0.0
2025-06-06 03:05:00+00:00,75.9000015258789,76.0999984741211,75.80000305175781,76.0999984741211,13150,0.0,0.0
2025-06-06 03:10:00+00:00,76.0999984741211,76.0999984741211,76.0999984741211,76.0999984741211,18397,0.0,0.0
2025-06-06 03:15:00+00:00,76.0,76.0,76.0,76.0,2000,0.0,0.0
2025-06-06 03:20:00+00:00,76.0,76.0,76.0,76.0,2000,0.0,0.0
2025-06-06 03:25:00+00:00,76.0,76.0,75.9000015258789,75.9000015258789,14000,0.0,0.0
2025-06-06 03:30:00+00:00,75.9000015258789,75.9000015258789,75.9000015258789,75.9000015258789,4000,0.0,0.0
2025-06-06 03:35:00+00:00,75.69999694824219,75.69999694824219,75.69999694824219,75.69999694824219,12220,0.0,0.0
2025-06-06 03:40:00+00:00,75.5999984741211,75.5999984741211,75.5999984741211,75.5999984741211,9000,0.0,0.0
2025-06-06 03:45:00+00:00,75.5999984741211,75.5999984741211,75.5999984741211,75.5999984741211,2000,0.0,0.0
2025-06-06 03:50:00+00:00,75.5999984741211,75.69999694824219,75.5999984741211,75.69999694824219,5049,0.0,0.0
2025-06-06 03:55:00+00:00,75.69999694824219,75.80000305175781,75.69999694824219,75.80000305175781,4000,0.0,0.0
2025-06-06 04:00:00+00:00,75.80000305175781,75.80000305175781,75.80000305175781,75.80000305175781,4001,0.0,0.0
2025-06-06 04:05:00+00:00,75.80000305175781,75.80000305175781,75.80000305175781,75.80000305175781,7050,0.0,0.0
2025-06-06 04:10:00+00:00,75.80000305175781,75.80000305175781,75.80000305175781,75.80000305175781,2036,0.0,0.0
2025-06-06 04:15:00+00:00,75.69999694824219,75.69999694824219,75.5999984741211,75.5999984741211,7106,0.0,0.0
2025-06-06 04:20:00+00:00,75.5999984741211,75.80000305175781,75.5999984741211,75.80000305175781,5000,0.0,0.0
2025-06-06 04:30:00+00:00,75.69999694824219,75.69999694824219,75.5,75.5,19090,0.0,0.0
2025-06-06 04:35:00+00:00,75.5,75.5999984741211,75.5,75.5999984741211,3000,0.0,0.0
2025-06-06 04:40:00+00:00,75.5999984741211,75.5999984741211,75.5999984741211,75.5999984741211,1000,0.0,0.0
2025-06-06 04:45:00+00:00,75.69999694824219,75.80000305175781,75.69999694824219,75.80000305175781,19000,0.0,0.0
2025-06-06 04:50:00+00:00,75.69999694824219,75.69999694824219,75.69999694824219,75.69999694824219,1001,0.0,0.0
2025-06-06 04:55:00+00:00,75.80000305175781,75.80000305175781,75.80000305175781,75.80000305175781,19100,0.0,0.0
2025-06-06 05:00:00+00:00,75.9000015258789,75.9000015258789,75.80000305175781,75.80000305175781,4000,0.0,0.0
2025-06-06 05:05:00+00:00,76.0,76.0,75.9000015258789,76.0,35000,0.0,0.0
2025-06-06 05:10:00+00:00,76.0,76.0,75.9000015258789,75.9000015258789,12022,0.0,0.0
2025-06-06 05:15:00+00:00,75.9000015258789,75.9000015258789,75.69999694824219,75.9000015258789,38109,0.0,0.0
2025-06-06 05:20:00+00:00,75.80000305175781,75.9000015258789,75.69999694824219,75.69999694824219,14180,0.0,0.0
2025-06-09 01:00:00+00:00,74.0,74.0,72.19999694824219,72.5999984741211,0,0.0,0.0
2025-06-09 01:05:00+00:00,72.80000305175781,72.9000015258789,72.30000305175781,72.5,237000,0.0,0.0
2025-06-09 01:10:00+00:00,72.5,72.5999984741211,72.30000305175781,72.5,206185,0.0,0.0
2025-06-09 01:15:00+00:00,72.5,72.5,71.30000305175781,71.5,449690,0.0,0.0
2025-06-09 01:20:00+00:00,71.5,71.5999984741211,71.19999694824219,71.4000015258789,150277,0.0,0.0
2025-06-09 01:25:00+00:00,71.4000015258789,71.5,71.0,71.0999984741211,146870,0.0,0.0
2025-06-09 01:30:00+00:00,71.0999984741211,71.5,70.80000305175781,71.4000015258789,150981,0.0,0.0
2025-06-09 01:35:00+00:00,71.4000015258789,71.4000015258789,71.0999984741211,71.0999984741211,72855,0.0,0.0
2025-06-09 01:40:00+00:00,71.0999984741211,71.19999694824219,71.0,71.19999694824219,37064,0.0,0.0
2025-06-09 01:45:00+00:00,71.0999984741211,71.0999984741211,70.5,70.5999984741211,163982,0.0,0.0
2025-06-09 01:50:00+00:00,70.5,70.80000305175781,70.30000305175781,70.5999984741211,124066,0.0,0.0
2025-06-09 01:55:00+00:00,70.5999984741211,70.5999984741211,70.5999984741211,70.5999984741211,23677,0.0,0.0
2025-06-09 02:00:00+00:00,70.5999984741211,71.19999694824219,70.5999984741211,71.0999984741211,71000,0.0,0.0
2025-06-09 02:05:00+00:00,71.0,71.0,70.69999694824219,70.69999694824219,42092,0.0,0.0
2025-06-09 02:10:00+00:00,70.80000305175781,71.0,70.69999694824219,71.0,35210,0.0,0.0
2025-06-09 02:15:00+00:00,71.0,71.0,70.9000015258789,70.9000015258789,26615,0.0,0.0
2025-06-09 02:20:00+00:00,71.0,71.4000015258789,70.80000305175781,71.4000015258789,36000,0.0,0.0
2025-06-09 02:25:00+00:00,71.4000015258789,71.4000015258789,71.19999694824219,71.19999694824219,28005,0.0,0.0
2025-06-09 02:30:00+00:00,71.19999694824219,71.4000015258789,71.19999694824219,71.4000015258789,14662,0.0,0.0
2025-06-09 02:35:00+00:00,71.5,71.69999694824219,71.0999984741211,71.5,100100,0.0,0.0
2025-06-09 02:40:00+00:00,71.5999984741211,71.80000305175781,71.5999984741211,71.69999694824219,22430,0.0,0.0
2025-06-09 02:45:00+00:00,71.69999694824219,71.69999694824219,71.5999984741211,71.5999984741211,28018,0.0,0.0
2025-06-09 02:50:00+00:00,71.69999694824219,71.9000015258789,71.69999694824219,71.9000015258789,19528,0.0,0.0
2025-06-09 02:55:00+00:00,71.80000305175781,72.0,71.80000305175781,71.80000305175781,26400,0.0,0.0
2025-06-09 03:00:00+00:00,71.80000305175781,71.9000015258789,71.80000305175781,71.9000015258789,14200,0.0,0.0
2025-06-09 03:05:00+00:00,71.80000305175781,71.80000305175781,71.5999984741211,71.80000305175781,28109,0.0,0.0
2025-06-09 03:10:00+00:00,71.80000305175781,71.80000305175781,71.80000305175781,71.80000305175781,13000,0.0,0.0
2025-06-09 03:15:00+00:00,71.80000305175781,71.80000305175781,71.80000305175781,71.80000305175781,1000,0.0,0.0
2025-06-09 03:20:00+00:00,71.80000305175781,71.80000305175781,71.69999694824219,71.69999694824219,14150,0.0,0.0
2025-06-09 03:25:00+00:00,71.69999694824219,71.69999694824219,71.5,71.5999984741211,23536,0.0,0.0
2025-06-09 03:30:00+00:00,71.69999694824219,71.69999694824219,71.69999694824219,71.69999694824219,3000,0.0,0.0
2025-06-09 03:35:00+00:00,71.80000305175781,71.80000305175781,71.80000305175781,71.80000305175781,2212,0.0,0.0
2025-06-09 03:40:00+00:00,71.80000305175781,72.0,71.80000305175781,71.9000015258789,18137,0.0,0.0
2025-06-09 03:45:00+00:00,71.9000015258789,71.9000015258789,71.9000015258789,71.9000015258789,5000,0.0,0.0
2025-06-09 03:50:00+00:00,71.9000015258789,71.9000015258789,71.9000015258789,71.9000015258789,15000,0.0,0.0
2025-06-09 03:55:00+00:00,71.9000015258789,72.19999694824219,71.9000015258789,72.0999984741211,51000,0.0,0.0
2025-06-09 04:00:00+00:00,72.0999984741211,72.19999694824219,72.0999984741211,72.19999694824219,17010,0.0,0.0
2025-06-09 04:05:00+00:00,72.0999984741211,72.0999984741211,72.0999984741211,72.0999984741211,20000,0.0,0.0
2025-06-09 04:10:00+00:00,72.0999984741211,72.0999984741211,72.0999984741211,72.0999984741211,20500,0.0,0.0
2025-06-09 04:15:00+00:00,72.0999984741211,72.0999984741211,72.0999984741211,72.0999984741211,2000,0.0,0.0
2025-06-09 04:20:00+00:00,72.0999984741211,72.0999984741211,71.9000015258789,71.9000015258789,42008,0.0,0.0
2025-06-09 04:25:00+00:00,71.9000015258789,71.9000015258789,71.9000015258789,71.9000015258789,20200,0.0,0.0
2025-06-09 04:30:00+00:00,71.9000015258789,72.0,71.9000015258789,72.0,10050,0.0,0.0
2025-06-09 04:35:00+00:00,71.9000015258789,71.9000015258789,71.9000015258789,71.9000015258789,12050,0.0,0.0
2025-06-09 04:40:00+00:00,72.0,72.30000305175781,72.0,72.19999694824219,48019,0.0,0.0
2025-06-09 04:45:00+00:00,72.30000305175781,72.5999984741211,72.30000305175781,72.5,69431,0.0,0.0
2025-06-09 04:50:00+00:00,72.5,72.5999984741211,72.5,72.5,27090,0.0,0.0
2025-06-09 04:55:00+00:00,72.5,72.5,72.4000015258789,72.4000015258789,20272,0.0,0.0
2025-06-09 05:00:00+00:00,72.4000015258789,72.5,72.30000305175781,72.5,23236,0.0,0.0
2025-06-09 05:05:00+00:00,72.5,72.5,72.4000015258789,72.5,30229,0.0,0.0
2025-06-09 05:10:00+00:00,72.5,72.5999984741211,72.5,72.5,35050,0.0,0.0
2025-06-09 05:15:00+00:00,72.5,72.5,72.4000015258789,72.5,38179,0.0,0.0
2025-06-09 05:20:00+00:00,72.5,72.5999984741211,72.5,72.5,31080,0.0,0.0
2025-06-10 01:00:00+00:00,72.5,72.5999984741211,72.30000305175781,72.30000305175781,0,0.0,0.0
2025-06-10 01:05:00+00:00,72.5,72.5,72.4000015258789,72.4000015258789,15000,0.0,0.0
2025-06-10 01:10:00+00:00,72.5,72.5,72.5,72.5,51294,0.0,0.0
2025-06-10 01:15:00+00:00,72.5,72.5,72.4000015258789,72.4000015258789,13000,0.0,0.0
2025-06-10 01:20:00+00:00,72.4000015258789,72.5,72.4000015258789,72.5,36000,0.0,0.0
2025-06-10 01:25:00+00:00,72.5,73.0999984741211,72.5,73.0,47150,0.0,0.0
2025-06-10 01:30:00+00:00,73.0,73.30000305175781,72.80000305175781,72.80000305175781,72038,0.0,0.0
2025-06-10 01:35:00+00:00,72.69999694824219,72.69999694824219,72.5,72.5,25450,0.0,0.0
2025-06-10 01:40:00+00:00,72.5,72.69999694824219,72.5,72.69999694824219,16628,0.0,0.0
2025-06-10 01:45:00+00:00,72.69999694824219,72.69999694824219,72.5,72.69999694824219,15361,0.0,0.0
2025-06-10 01:50:00+00:00,72.5999984741211,72.5999984741211,72.5,72.5999984741211,11000,0.0,0.0
2025-06-10 01:55:00+00:00,72.5999984741211,72.5999984741211,72.5999984741211,72.5999984741211,7680,0.0,0.0
2025-06-10 02:00:00+00:00,72.5999984741211,72.5999984741211,72.4000015258789,72.5,19066,0.0,0.0
2025-06-10 02:05:00+00:00,72.5,72.5,72.5,72.5,7150,0.0,0.0
2025-06-10 02:10:00+00:00,72.5,72.69999694824219,72.5,72.69999694824219,26000,0.0,0.0
2025-06-10 02:15:00+00:00,72.69999694824219,72.69999694824219,72.5,72.5,26000,0.0,0.0
2025-06-10 02:20:00+00:00,72.69999694824219,72.80000305175781,72.5,72.5999984741211,23284,0.0,0.0
2025-06-10 02:30:00+00:00,72.5999984741211,72.69999694824219,72.5999984741211,72.69999694824219,3000,0.0,0.0
2025-06-10 02:35:00+00:00,72.69999694824219,72.69999694824219,72.69999694824219,72.69999694824219,8017,0.0,0.0
2025-06-10 02:40:00+00:00,72.69999694824219,72.80000305175781,72.5999984741211,72.69999694824219,31100,0.0,0.0
2025-06-10 02:45:00+00:00,72.69999694824219,72.80000305175781,72.69999694824219,72.80000305175781,8000,0.0,0.0
2025-06-10 02:50:00+00:00,72.69999694824219,72.80000305175781,72.69999694824219,72.80000305175781,4041,0.0,0.0
2025-06-10 02:55:00+00:00,72.80000305175781,72.80000305175781,72.80000305175781,72.80000305175781,3000,0.0,0.0
2025-06-10 03:00:00+00:00,72.69999694824219,72.69999694824219,72.69999694824219,72.69999694824219,5000,0.0,0.0
2025-06-10 03:05:00+00:00,72.69999694824219,72.69999694824219,72.69999694824219,72.69999694824219,1064,0.0,0.0
2025-06-10 03:10:00+00:00,72.5999984741211,72.5999984741211,72.5999984741211,72.5999984741211,16170,0.0,0.0
2025-06-10 03:15:00+00:00,72.5999984741211,72.5999984741211,72.5,72.5999984741211,6000,0.0,0.0
2025-06-10 03:20:00+00:00,72.69999694824219,72.69999694824219,72.69999694824219,72.69999694824219,0,0.0,0.0
2025-06-10 03:25:00+00:00,72.69999694824219,72.69999694824219,72.69999694824219,72.69999694824219,540711,0.0,0.0
2025-06-10 03:30:00+00:00,72.69999694824219,72.69999694824219,72.5,72.69999694824219,57005,0.0,0.0
2025-06-10 03:35:00+00:00,72.69999694824219,72.69999694824219,72.69999694824219,72.69999694824219,5000,0.0,0.0
2025-06-10 03:40:00+00:00,72.69999694824219,72.69999694824219,72.69999694824219,72.69999694824219,1000,0.0,0.0
2025-06-10 03:45:00+00:00,72.69999694824219,72.69999694824219,72.69999694824219,72.69999694824219,18000,0.0,0.0
2025-06-10 03:50:00+00:00,72.69999694824219,72.69999694824219,72.69999694824219,72.69999694824219,4134,0.0,0.0
2025-06-10 03:55:00+00:00,72.69999694824219,72.69999694824219,72.69999694824219,72.69999694824219,4000,0.0,0.0
2025-06-10 04:00:00+00:00,72.69999694824219,72.69999694824219,72.69999694824219,72.69999694824219,3300,0.0,0.0
2025-06-10 04:05:00+00:00,72.69999694824219,72.69999694824219,72.69999694824219,72.69999694824219,7000,0.0,0.0
2025-06-10 04:10:00+00:00,72.80000305175781,72.80000305175781,72.80000305175781,72.80000305175781,6101,0.0,0.0
2025-06-10 04:15:00+00:00,72.80000305175781,72.80000305175781,72.69999694824219,72.69999694824219,3000,0.0,0.0
2025-06-10 04:20:00+00:00,72.69999694824219,72.69999694824219,72.69999694824219,72.69999694824219,3662,0.0,0.0
2025-06-10 04:30:00+00:00,72.69999694824219,72.69999694824219,72.69999694824219,72.69999694824219,8127,0.0,0.0
2025-06-10 04:35:00+00:00,72.69999694824219,72.69999694824219,72.69999694824219,72.69999694824219,5000,0.0,0.0
2025-06-10 04:40:00+00:00,72.5999984741211,72.69999694824219,72.5999984741211,72.69999694824219,10150,0.0,0.0
2025-06-10 04:50:00+00:00,72.80000305175781,72.80000305175781,72.69999694824219,72.80000305175781,22000,0.0,0.0
2025-06-10 04:55:00+00:00,72.80000305175781,73.0999984741211,72.80000305175781,73.0999984741211,43073,0.0,0.0
2025-06-10 05:00:00+00:00,73.0,73.19999694824219,73.0,73.19999694824219,16250,0.0,0.0
2025-06-10 05:05:00+00:00,73.0999984741211,73.0999984741211,73.0999984741211,73.0999984741211,5400,0.0,0.0
2025-06-10 05:10:00+00:00,73.0,73.0,72.9000015258789,73.0,13000,0.0,0.0
2025-06-10 05:15:00+00:00,73.0,73.0,72.9000015258789,72.9000015258789,13003,0.0,0.0
2025-06-10 05:20:00+00:00,72.80000305175781,72.9000015258789,72.69999694824219,72.9000015258789,44571,0.0,0.0
2025-06-11 01:00:00+00:00,73.30000305175781,73.30000305175781,73.30000305175781,73.30000305175781,0,0.0,0.0
2025-06-11 01:05:00+00:00,73.0,73.0,72.9000015258789,73.0,32000,0.0,0.0
2025-06-11 01:10:00+00:00,73.0,73.0,72.80000305175781,72.80000305175781,7005,0.0,0.0
2025-06-11 01:15:00+00:00,73.0,73.0,72.9000015258789,72.9000015258789,17570,0.0,0.0
2025-06-11 01:25:00+00:00,73.0999984741211,73.0999984741211,73.0,73.0,16793,0.0,0.0
2025-06-11 01:30:00+00:00,73.0,73.0,72.9000015258789,72.9000015258789,10039,0.0,0.0
2025-06-11 01:35:00+00:00,73.0,73.0,72.9000015258789,72.9000015258789,18000,0.0,0.0
2025-06-11 01:40:00+00:00,72.9000015258789,73.0,72.9000015258789,73.0,27100,0.0,0.0
2025-06-11 01:45:00+00:00,73.0999984741211,73.0999984741211,73.0,73.0,13100,0.0,0.0
2025-06-11 01:50:00+00:00,73.0,73.0999984741211,73.0,73.0999984741211,9000,0.0,0.0
2025-06-11 01:55:00+00:00,73.0999984741211,73.0999984741211,73.0999984741211,73.0999984741211,2722,0.0,0.0
2025-06-11 02:00:00+00:00,73.0999984741211,73.30000305175781,73.0999984741211,73.30000305175781,16300,0.0,0.0
2025-06-11 02:05:00+00:00,73.19999694824219,73.19999694824219,73.0999984741211,73.0999984741211,3200,0.0,0.0
2025-06-11 02:10:00+00:00,73.30000305175781,73.30000305175781,73.0999984741211,73.0999984741211,32000,0.0,0.0
2025-06-11 02:15:00+00:00,73.19999694824219,73.5,73.19999694824219,73.5,22766,0.0,0.0
2025-06-11 02:20:00+00:00,73.5,73.5,73.4000015258789,73.4000015258789,20000,0.0,0.0
2025-06-11 02:25:00+00:00,73.4000015258789,73.9000015258789,73.30000305175781,73.69999694824219,66272,0.0,0.0
2025-06-11 02:30:00+00:00,73.69999694824219,73.80000305175781,73.69999694824219,73.80000305175781,18014,0.0,0.0
2025-06-11 02:35:00+00:00,73.80000305175781,74.19999694824219,73.80000305175781,74.0999984741211,75738,0.0,0.0
2025-06-11 02:40:00+00:00,74.0999984741211,74.0999984741211,74.0,74.0999984741211,13058,0.0,0.0
2025-06-11 02:45:00+00:00,74.0999984741211,74.4000015258789,74.0999984741211,74.19999694824219,35108,0.0,0.0
2025-06-11 02:50:00+00:00,74.30000305175781,74.30000305175781,74.19999694824219,74.19999694824219,10150,0.0,0.0
2025-06-11 02:55:00+00:00,74.19999694824219,74.19999694824219,74.0,74.0,17000,0.0,0.0
2025-06-11 03:00:00+00:00,74.0,74.5,74.0,74.5,152845,0.0,0.0
2025-06-11 03:05:00+00:00,74.4000015258789,74.5999984741211,74.4000015258789,74.5999984741211,28230,0.0,0.0
2025-06-11 03:10:00+00:00,74.5,74.5,74.4000015258789,74.5,17008,0.0,0.0
2025-06-11 03:15:00+00:00,74.5,74.5,74.4000015258789,74.5,32000,0.0,0.0
2025-06-11 03:20:00+00:00,74.4000015258789,74.5,74.4000015258789,74.5,3110,0.0,0.0
2025-06-11 03:25:00+00:00,74.5,74.5,74.4000015258789,74.4000015258789,27189,0.0,0.0
2025-06-11 03:30:00+00:00,74.4000015258789,74.5,74.4000015258789,74.5,4125,0.0,0.0
2025-06-11 03:35:00+00:00,74.5,74.5,74.4000015258789,74.4000015258789,4200,0.0,0.0
2025-06-11 03:40:00+00:00,74.4000015258789,74.4000015258789,74.4000015258789,74.4000015258789,5000,0.0,0.0
2025-06-11 03:45:00+00:00,74.30000305175781,74.4000015258789,74.30000305175781,74.4000015258789,13000,0.0,0.0
2025-06-11 03:50:00+00:00,74.4000015258789,74.5,74.4000015258789,74.5,27058,0.0,0.0
2025-06-11 03:55:00+00:00,74.4000015258789,74.4000015258789,74.4000015258789,74.4000015258789,5152,0.0,0.0
2025-06-11 04:00:00+00:00,74.4000015258789,74.5,74.4000015258789,74.5,6000,0.0,0.0
2025-06-11 04:05:00+00:00,74.5,74.5,74.5,74.5,1000,0.0,0.0
2025-06-11 04:10:00+00:00,74.30000305175781,74.30000305175781,74.30000305175781,74.30000305175781,1100,0.0,0.0
2025-06-11 04:15:00+00:00,74.30000305175781,74.4000015258789,74.30000305175781,74.4000015258789,5000,0.0,0.0
2025-06-11 04:20:00+00:00,74.4000015258789,74.4000015258789,74.4000015258789,74.4000015258789,1020,0.0,0.0
2025-06-11 04:25:00+00:00,74.30000305175781,74.30000305175781,74.19999694824219,74.19999694824219,6031,0.0,0.0
2025-06-11 04:30:00+00:00,74.19999694824219,74.19999694824219,74.19999694824219,74.19999694824219,6349,0.0,0.0
2025-06-11 04:35:00+00:00,74.0999984741211,74.19999694824219,74.0999984741211,74.0999984741211,8100,0.0,0.0
2025-06-11 04:40:00+00:00,74.0999984741211,74.0999984741211,74.0,74.0,10110,0.0,0.0
2025-06-12 01:00:00+00:00,74.0,74.0999984741211,73.69999694824219,73.69999694824219,30000,0.0,0.0
2025-06-12 01:05:00+00:00,73.80000305175781,73.80000305175781,73.5,73.5999984741211,23000,0.0,0.0
2025-06-12 01:10:00+00:00,73.9000015258789,74.19999694824219,73.9000015258789,74.19999694824219,11000,0.0,0.0
2025-06-12 01:15:00+00:00,74.0999984741211,74.0999984741211,74.0,74.0,6000,0.0,0.0
2025-06-12 01:20:00+00:00,74.0,74.0,74.0,74.0,7250,0.0,0.0
2025-06-12 01:25:00+00:00,74.0,74.30000305175781,74.0,74.30000305175781,24000,0.0,0.0
2025-06-12 01:30:00+00:00,74.30000305175781,74.5999984741211,74.30000305175781,74.5999984741211,25300,0.0,0.0
2025-06-12 01:35:00+00:00,74.5999984741211,74.80000305175781,74.5999984741211,74.80000305175781,18000,0.0,0.0
2025-06-12 01:40:00+00:00,74.80000305175781,76.4000015258789,74.80000305175781,76.19999694824219,196246,0.0,0.0
2025-06-12 01:45:00+00:00,76.19999694824219,76.19999694824219,75.80000305175781,75.9000015258789,99400,0.0,0.0
2025-06-12 01:50:00+00:00,75.9000015258789,76.0,75.9000015258789,76.0,95818,0.0,0.0
2025-06-12 01:55:00+00:00,76.0,77.5,76.0,76.69999694824219,447987,0.0,0.0
2025-06-12 02:00:00+00:00,76.69999694824219,76.69999694824219,76.30000305175781,76.4000015258789,62828,0.0,0.0
2025-06-12 02:05:00+00:00,76.4000015258789,76.5,75.80000305175781,76.0999984741211,65511,0.0,0.0
2025-06-12 02:10:00+00:00,76.0999984741211,76.30000305175781,76.0999984741211,76.19999694824219,22001,0.0,0.0
2025-06-12 02:15:00+00:00,76.19999694824219,76.19999694824219,76.0999984741211,76.19999694824219,9032,0.0,0.0
2025-06-12 02:20:00+00:00,76.19999694824219,76.19999694824219,75.9000015258789,76.0,44152,0.0,0.0
2025-06-12 02:25:00+00:00,76.0,76.5,76.0,76.30000305175781,57933,0.0,0.0
2025-06-12 02:30:00+00:00,76.19999694824219,76.19999694824219,76.0,76.0,43600,0.0,0.0
2025-06-12 02:35:00+00:00,76.0,76.0,76.0,76.0,3000,0.0,0.0
2025-06-12 02:40:00+00:00,76.0,76.19999694824219,76.0,76.19999694824219,6000,0.0,0.0
2025-06-12 02:45:00+00:00,76.19999694824219,76.19999694824219,76.0,76.0999984741211,17300,0.0,0.0
2025-06-12 02:50:00+00:00,76.0999984741211,76.30000305175781,76.0999984741211,76.30000305175781,9160,0.0,0.0
2025-06-12 02:55:00+00:00,76.4000015258789,76.4000015258789,76.0999984741211,76.30000305175781,22011,0.0,0.0
2025-06-12 03:00:00+00:00,76.30000305175781,76.5,76.19999694824219,76.5,30174,0.0,0.0
2025-06-12 03:05:00+00:00,76.5,76.5,76.5,76.5,9252,0.0,0.0
2025-06-12 03:10:00+00:00,76.4000015258789,76.4000015258789,76.4000015258789,76.4000015258789,13020,0.0,0.0
2025-06-12 03:15:00+00:00,76.4000015258789,76.4000015258789,76.30000305175781,76.30000305175781,8000,0.0,0.0
2025-06-12 03:25:00+00:00,76.30000305175781,76.4000015258789,76.30000305175781,76.4000015258789,4156,0.0,0.0
2025-06-12 03:30:00+00:00,76.30000305175781,76.5,76.30000305175781,76.30000305175781,0,0.0,0.0
2025-06-12 03:35:00+00:00,76.4000015258789,76.5999984741211,76.4000015258789,76.5999984741211,1461259,0.0,0.0
2025-06-12 03:40:00+00:00,76.5999984741211,76.69999694824219,76.5999984741211,76.69999694824219,27403,0.0,0.0
2025-06-12 03:45:00+00:00,76.69999694824219,77.4000015258789,76.69999694824219,77.30000305175781,218786,0.0,0.0
2025-06-12 03:50:00+00:00,77.19999694824219,77.80000305175781,77.0999984741211,77.69999694824219,187184,0.0,0.0
2025-06-12 03:55:00+00:00,77.69999694824219,77.69999694824219,77.30000305175781,77.4000015258789,92179,0.0,0.0
2025-06-12 04:00:00+00:00,77.4000015258789,77.5,77.30000305175781,77.30000305175781,48054,0.0,0.0
2025-06-12 04:05:00+00:00,77.30000305175781,77.4000015258789,77.0999984741211,77.0999984741211,72358,0.0,0.0
2025-06-12 04:10:00+00:00,77.0999984741211,77.19999694824219,77.0999984741211,77.0999984741211,16260,0.0,0.0
2025-06-12 04:15:00+00:00,77.19999694824219,77.4000015258789,77.0999984741211,77.4000015258789,42699,0.0,0.0
2025-06-12 04:20:00+00:00,77.4000015258789,77.5,77.0999984741211,77.0999984741211,16202,0.0,0.0
2025-06-12 04:25:00+00:00,77.0999984741211,77.0999984741211,77.0999984741211,77.0999984741211,13051,0.0,0.0
2025-06-12 04:30:00+00:00,77.0999984741211,77.0999984741211,77.0,77.0,52552,0.0,0.0
2025-06-12 04:35:00+00:00,77.0,77.0,76.9000015258789,77.0,32108,0.0,0.0
2025-06-12 04:40:00+00:00,77.0,77.0,76.9000015258789,77.0,41030,0.0,0.0
2025-06-12 04:45:00+00:00,76.9000015258789,76.9000015258789,76.80000305175781,76.80000305175781,6350,0.0,0.0
2025-06-12 04:50:00+00:00,76.80000305175781,77.0,76.80000305175781,76.80000305175781,16800,0.0,0.0
2025-06-12 04:55:00+00:00,76.80000305175781,76.80000305175781,76.80000305175781,76.80000305175781,14022,0.0,0.0
2025-06-12 05:00:00+00:00,76.80000305175781,76.9000015258789,76.80000305175781,76.80000305175781,13412,0.0,0.0
2025-06-12 05:05:00+00:00,76.69999694824219,76.80000305175781,76.69999694824219,76.80000305175781,22125,0.0,0.0
2025-06-12 05:10:00+00:00,76.69999694824219,77.0,76.69999694824219,77.0,24090,0.0,0.0
2025-06-12 05:15:00+00:00,77.0,77.0,76.9000015258789,77.0,31024,0.0,0.0
2025-06-12 05:20:00+00:00,77.0,77.0999984741211,76.9000015258789,77.0,79409,0.0,0.0
2025-06-13 01:00:00+00:00,76.19999694824219,76.19999694824219,75.19999694824219,76.0,124000,0.0,0.0
2025-06-13 01:05:00+00:00,76.0999984741211,76.19999694824219,76.0,76.0,40319,0.0,0.0
2025-06-13 01:10:00+00:00,76.0,76.19999694824219,75.9000015258789,76.0,37325,0.0,0.0
2025-06-13 01:15:00+00:00,76.0,76.0,75.5,75.5999984741211,39010,0.0,0.0
2025-06-13 01:20:00+00:00,75.5999984741211,75.80000305175781,75.5999984741211,75.69999694824219,28775,0.0,0.0
2025-06-13 01:25:00+00:00,75.5999984741211,75.5999984741211,75.30000305175781,75.5,49131,0.0,0.0
2025-06-13 01:30:00+00:00,75.5,75.5999984741211,75.5,75.5999984741211,4001,0.0,0.0
2025-06-13 01:35:00+00:00,75.69999694824219,75.9000015258789,75.69999694824219,75.9000015258789,22080,0.0,0.0
2025-06-13 01:40:00+00:00,75.9000015258789,75.9000015258789,75.69999694824219,75.69999694824219,13060,0.0,0.0
2025-06-13 01:45:00+00:00,75.69999694824219,75.69999694824219,75.69999694824219,75.69999694824219,6000,0.0,0.0
2025-06-13 01:50:00+00:00,75.69999694824219,75.69999694824219,75.5999984741211,75.5999984741211,7050,0.0,0.0
2025-06-13 01:55:00+00:00,75.80000305175781,75.80000305175781,75.80000305175781,75.80000305175781,2200,0.0,0.0
2025-06-13 02:00:00+00:00,75.9000015258789,76.0,75.9000015258789,76.0,18222,0.0,0.0
2025-06-13 02:05:00+00:00,76.0,76.0,75.80000305175781,75.80000305175781,20000,0.0,0.0
2025-06-13 02:10:00+00:00,75.80000305175781,75.9000015258789,75.69999694824219,75.69999694824219,40361,0.0,0.0
2025-06-13 02:15:00+00:00,75.80000305175781,76.0,75.80000305175781,76.0,14000,0.0,0.0
2025-06-13 02:20:00+00:00,76.0,76.0,75.5,75.5,61329,0.0,0.0
2025-06-13 02:25:00+00:00,75.5,75.5999984741211,75.5,75.5999984741211,8090,0.0,0.0
2025-06-13 02:30:00+00:00,75.5999984741211,75.5999984741211,75.30000305175781,75.30000305175781,58724,0.0,0.0
2025-06-13 02:35:00+00:00,75.30000305175781,75.30000305175781,75.0999984741211,75.0999984741211,59688,0.0,0.0
2025-06-13 02:40:00+00:00,75.0999984741211,76.0,75.0999984741211,76.0,82170,0.0,0.0
2025-06-13 02:45:00+00:00,75.5,75.5,75.19999694824219,75.19999694824219,11000,0.0,0.0
2025-06-13 02:50:00+00:00,75.30000305175781,75.4000015258789,75.30000305175781,75.4000015258789,6000,0.0,0.0
2025-06-13 02:55:00+00:00,75.19999694824219,75.19999694824219,75.0999984741211,75.0999984741211,9055,0.0,0.0
2025-06-13 03:00:00+00:00,75.19999694824219,75.19999694824219,75.0999984741211,75.0999984741211,15177,0.0,0.0
2025-06-13 03:05:00+00:00,75.0999984741211,75.19999694824219,75.0,75.0,82878,0.0,0.0
2025-06-13 03:10:00+00:00,75.0,75.0,74.9000015258789,74.9000015258789,13000,0.0,0.0
2025-06-13 03:15:00+00:00,74.9000015258789,75.0,74.9000015258789,75.0,17073,0.0,0.0
2025-06-13 03:20:00+00:00,75.0,75.0,75.0,75.0,8000,0.0,0.0
2025-06-13 03:25:00+00:00,75.0,75.0999984741211,75.0,75.0999984741211,20014,0.0,0.0
2025-06-13 03:30:00+00:00,75.0,75.0999984741211,75.0,75.0999984741211,26014,0.0,0.0
2025-06-13 03:35:00+00:00,75.0999984741211,75.0999984741211,75.0999984741211,75.0999984741211,1000,0.0,0.0
2025-06-13 03:40:00+00:00,75.0999984741211,75.0999984741211,75.0,75.0,21050,0.0,0.0
2025-06-13 03:45:00+00:00,75.0,75.19999694824219,75.0,75.19999694824219,24000,0.0,0.0
2025-06-13 03:50:00+00:00,75.19999694824219,75.19999694824219,75.19999694824219,75.19999694824219,3000,0.0,0.0
2025-06-13 03:55:00+00:00,75.19999694824219,75.19999694824219,75.19999694824219,75.19999694824219,2083,0.0,0.0
2025-06-13 04:00:00+00:00,75.0999984741211,75.0999984741211,75.0999984741211,75.0999984741211,8234,0.0,0.0
2025-06-13 04:05:00+00:00,75.0,75.0,75.0,75.0,1000,0.0,0.0
2025-06-13 04:10:00+00:00,75.0,75.0,74.9000015258789,74.9000015258789,32378,0.0,0.0
2025-06-13 04:15:00+00:00,74.9000015258789,75.0,74.9000015258789,74.9000015258789,13000,0.0,0.0
2025-06-13 04:20:00+00:00,74.9000015258789,74.9000015258789,74.9000015258789,74.9000015258789,10000,0.0,0.0
2025-06-13 04:25:00+00:00,74.9000015258789,75.0999984741211,74.9000015258789,74.9000015258789,22200,0.0,0.0
2025-06-13 04:35:00+00:00,74.9000015258789,74.9000015258789,74.9000015258789,74.9000015258789,9000,0.0,0.0
2025-06-13 04:40:00+00:00,74.9000015258789,75.0,74.9000015258789,75.0,16000,0.0,0.0
2025-06-13 04:45:00+00:00,75.0,75.0,75.0,75.0,17071,0.0,0.0
2025-06-13 04:50:00+00:00,75.0,75.0999984741211,75.0,75.0999984741211,7024,0.0,0.0
2025-06-13 04:55:00+00:00,75.0999984741211,75.30000305175781,75.0999984741211,75.30000305175781,5200,0.0,0.0
2025-06-13 05:00:00+00:00,75.19999694824219,75.19999694824219,75.19999694824219,75.19999694824219,4178,0.0,0.0
2025-06-13 05:05:00+00:00,75.19999694824219,75.19999694824219,75.0,75.0,14076,0.0,0.0
2025-06-13 05:10:00+00:00,74.9000015258789,75.0,74.9000015258789,75.0,3156,0.0,0.0
2025-06-13 05:15:00+00:00,75.0,75.0,74.80000305175781,74.80000305175781,56274,0.0,0.0
2025-06-13 05:20:00+00:00,74.80000305175781,75.0,74.80000305175781,74.80000305175781,24675,0.0,0.0
2025-06-16 01:00:00+00:00,74.80000305175781,74.80000305175781,73.30000305175781,73.9000015258789,0,0.0,0.0
2025-06-16 01:05:00+00:00,73.9000015258789,73.9000015258789,73.5,73.5,55000,0.0,0.0
2025-06-16 01:10:00+00:00,73.5,73.9000015258789,73.4000015258789,73.69999694824219,31680,0.0,0.0
2025-06-16 01:15:00+00:00,73.69999694824219,73.80000305175781,73.5,73.5,41976,0.0,0.0
2025-06-16 01:20:00+00:00,73.5,73.5999984741211,73.0999984741211,73.19999694824219,105872,0.0,0.0
2025-06-16 01:25:00+00:00,73.0999984741211,73.0999984741211,72.9000015258789,73.0,66319,0.0,0.0
2025-06-16 01:30:00+00:00,73.0,73.19999694824219,73.0,73.0999984741211,29099,0.0,0.0
2025-06-16 01:35:00+00:00,73.19999694824219,73.30000305175781,73.0,73.0,35802,0.0,0.0
2025-06-16 01:40:00+00:00,73.0,73.0,72.9000015258789,73.0,17356,0.0,0.0
2025-06-16 01:45:00+00:00,73.0999984741211,73.19999694824219,73.0999984741211,73.0999984741211,17200,0.0,0.0
2025-06-16 01:50:00+00:00,73.0999984741211,73.5,73.0999984741211,73.30000305175781,20138,0.0,0.0
2025-06-16 01:55:00+00:00,73.30000305175781,73.30000305175781,73.30000305175781,73.30000305175781,2310,0.0,0.0
2025-06-16 02:00:00+00:00,73.19999694824219,73.19999694824219,72.9000015258789,72.9000015258789,64136,0.0,0.0
2025-06-16 02:05:00+00:00,73.0,73.0,72.9000015258789,73.0,23088,0.0,0.0
2025-06-16 02:10:00+00:00,73.0,73.0,73.0,73.0,8273,0.0,0.0
2025-06-16 02:15:00+00:00,73.0,73.0,72.9000015258789,73.0,12020,0.0,0.0
2025-06-16 02:20:00+00:00,73.0,73.0,72.69999694824219,72.80000305175781,74970,0.0,0.0
2025-06-16 02:25:00+00:00,72.80000305175781,72.80000305175781,72.69999694824219,72.69999694824219,18000,0.0,0.0
2025-06-16 02:30:00+00:00,72.80000305175781,72.80000305175781,72.69999694824219,72.80000305175781,15000,0.0,0.0
2025-06-16 02:35:00+00:00,72.80000305175781,72.80000305175781,72.80000305175781,72.80000305175781,5000,0.0,0.0
2025-06-16 02:40:00+00:00,72.80000305175781,72.80000305175781,72.80000305175781,72.80000305175781,7030,0.0,0.0
2025-06-16 02:45:00+00:00,72.80000305175781,72.9000015258789,72.80000305175781,72.80000305175781,14193,0.0,0.0
2025-06-16 02:50:00+00:00,72.69999694824219,72.69999694824219,72.5999984741211,72.69999694824219,60002,0.0,0.0
2025-06-16 02:55:00+00:00,72.69999694824219,72.69999694824219,72.69999694824219,72.69999694824219,2000,0.0,0.0
2025-06-16 03:00:00+00:00,72.80000305175781,72.9000015258789,72.80000305175781,72.9000015258789,6230,0.0,0.0
2025-06-16 03:05:00+00:00,73.0,73.0999984741211,73.0,73.0999984741211,9020,0.0,0.0
2025-06-16 03:10:00+00:00,73.0999984741211,73.0999984741211,73.0,73.0,5134,0.0,0.0
2025-06-16 03:20:00+00:00,73.0,73.19999694824219,73.0,73.19999694824219,8130,0.0,0.0
2025-06-16 03:25:00+00:00,73.0999984741211,73.0999984741211,73.0999984741211,73.0999984741211,3186,0.0,0.0
2025-06-16 03:35:00+00:00,73.19999694824219,73.4000015258789,73.19999694824219,73.30000305175781,12000,0.0,0.0
2025-06-16 03:40:00+00:00,73.30000305175781,73.5,73.30000305175781,73.5,18000,0.0,0.0
2025-06-16 03:45:00+00:00,73.5,73.5,73.5,73.5,2005,0.0,0.0
2025-06-16 03:50:00+00:00,73.5,73.5,73.30000305175781,73.30000305175781,9000,0.0,0.0
2025-06-16 03:55:00+00:00,73.30000305175781,73.30000305175781,73.30000305175781,73.30000305175781,1005,0.0,0.0
2025-06-16 04:00:00+00:00,73.30000305175781,73.30000305175781,73.30000305175781,73.30000305175781,5025,0.0,0.0
2025-06-16 04:05:00+00:00,73.30000305175781,73.69999694824219,73.30000305175781,73.69999694824219,17070,0.0,0.0
2025-06-16 04:10:00+00:00,73.69999694824219,73.69999694824219,73.69999694824219,73.69999694824219,5100,0.0,0.0
2025-06-16 04:15:00+00:00,73.5999984741211,73.69999694824219,73.5999984741211,73.69999694824219,5000,0.0,0.0
2025-06-16 04:20:00+00:00,73.80000305175781,73.80000305175781,73.80000305175781,73.80000305175781,7000,0.0,0.0
2025-06-16 04:25:00+00:00,73.80000305175781,73.80000305175781,73.5,73.5,24145,0.0,0.0
2025-06-16 04:30:00+00:00,73.5,73.5999984741211,73.5,73.5999984741211,2085,0.0,0.0
2025-06-16 04:35:00+00:00,73.5999984741211,73.5999984741211,73.5999984741211,73.5999984741211,2051,0.0,0.0
2025-06-16 04:40:00+00:00,73.5,73.5,73.5,73.5,10000,0.0,0.0
2025-06-16 04:45:00+00:00,73.5,73.5,73.4000015258789,73.4000015258789,5017,0.0,0.0
2025-06-16 04:50:00+00:00,73.4000015258789,73.5999984741211,73.4000015258789,73.5999984741211,18012,0.0,0.0
2025-06-16 04:55:00+00:00,73.69999694824219,74.19999694824219,73.5999984741211,73.80000305175781,64315,0.0,0.0
2025-06-16 05:00:00+00:00,73.80000305175781,73.9000015258789,73.80000305175781,73.9000015258789,7042,0.0,0.0
2025-06-16 05:05:00+00:00,73.9000015258789,73.9000015258789,73.69999694824219,73.69999694824219,7017,0.0,0.0
2025-06-16 05:10:00+00:00,73.80000305175781,73.9000015258789,73.80000305175781,73.9000015258789,5020,0.0,0.0
2025-06-16 05:15:00+00:00,73.9000015258789,73.9000015258789,73.80000305175781,73.80000305175781,11105,0.0,0.0
2025-06-16 05:20:00+00:00,73.80000305175781,74.30000305175781,73.80000305175781,74.0999984741211,39258,0.0,0.0
2025-06-17 01:00:00+00:00,74.0999984741211,74.5,74.0999984741211,74.30000305175781,0,0.0,0.0
2025-06-17 01:05:00+00:00,74.19999694824219,74.5999984741211,74.19999694824219,74.5,36122,0.0,0.0
2025-06-17 01:10:00+00:00,74.5999984741211,74.5999984741211,74.4000015258789,74.5999984741211,10060,0.0,0.0
2025-06-17 01:15:00+00:00,74.5,74.5,74.30000305175781,74.30000305175781,16111,0.0,0.0
2025-06-17 01:20:00+00:00,74.5,74.5999984741211,74.5,74.5,30300,0.0,0.0
2025-06-17 01:25:00+00:00,74.5,74.5,74.5,74.5,2000,0.0,0.0
2025-06-17 01:30:00+00:00,74.4000015258789,74.4000015258789,74.4000015258789,74.4000015258789,6111,0.0,0.0
2025-06-17 01:35:00+00:00,74.4000015258789,74.4000015258789,74.4000015258789,74.4000015258789,3000,0.0,0.0
2025-06-17 01:40:00+00:00,74.4000015258789,74.4000015258789,74.4000015258789,74.4000015258789,11000,0.0,0.0
2025-06-17 01:45:00+00:00,74.4000015258789,74.5,74.4000015258789,74.4000015258789,7090,0.0,0.0
2025-06-17 01:50:00+00:00,74.30000305175781,74.30000305175781,74.30000305175781,74.30000305175781,2000,0.0,0.0
2025-06-17 01:55:00+00:00,74.30000305175781,74.30000305175781,74.0999984741211,74.19999694824219,20032,0.0,0.0
2025-06-17 02:00:00+00:00,74.0999984741211,74.0999984741211,74.0,74.0,14123,0.0,0.0
2025-06-17 02:05:00+00:00,74.0999984741211,74.0999984741211,74.0,74.0,3074,0.0,0.0
2025-06-17 02:10:00+00:00,74.0,74.0,73.80000305175781,73.80000305175781,15411,0.0,0.0
2025-06-17 02:15:00+00:00,73.80000305175781,73.80000305175781,73.80000305175781,73.80000305175781,4137,0.0,0.0
2025-06-17 02:20:00+00:00,73.69999694824219,73.69999694824219,73.5999984741211,73.5999984741211,17000,0.0,0.0
2025-06-17 02:25:00+00:00,73.5999984741211,73.69999694824219,73.5999984741211,73.69999694824219,6011,0.0,0.0
2025-06-17 02:30:00+00:00,73.69999694824219,73.69999694824219,73.69999694824219,73.69999694824219,2016,0.0,0.0
2025-06-17 02:35:00+00:00,73.69999694824219,73.69999694824219,73.69999694824219,73.69999694824219,2000,0.0,0.0
2025-06-17 02:40:00+00:00,73.69999694824219,73.69999694824219,73.5999984741211,73.69999694824219,5245,0.0,0.0
2025-06-17 02:45:00+00:00,73.69999694824219,73.69999694824219,73.69999694824219,73.69999694824219,2000,0.0,0.0
2025-06-17 02:50:00+00:00,73.80000305175781,74.0,73.80000305175781,74.0,2000,0.0,0.0
2025-06-17 02:55:00+00:00,73.80000305175781,74.0,73.80000305175781,74.0,4049,0.0,0.0
2025-06-17 03:00:00+00:00,74.0,74.0,73.9000015258789,73.9000015258789,8215,0.0,0.0
2025-06-17 03:05:00+00:00,73.9000015258789,74.0,73.9000015258789,74.0,12540,0.0,0.0
2025-06-17 03:15:00+00:00,74.0,74.0999984741211,73.9000015258789,73.9000015258789,16000,0.0,0.0
2025-06-17 03:20:00+00:00,73.9000015258789,73.9000015258789,73.9000015258789,73.9000015258789,2000,0.0,0.0
2025-06-17 03:25:00+00:00,73.80000305175781,73.80000305175781,73.80000305175781,73.80000305175781,2112,0.0,0.0
2025-06-17 03:30:00+00:00,73.80000305175781,73.80000305175781,73.80000305175781,73.80000305175781,8005,0.0,0.0
2025-06-17 03:35:00+00:00,73.9000015258789,73.9000015258789,73.9000015258789,73.9000015258789,1000,0.0,0.0
2025-06-17 03:45:00+00:00,73.69999694824219,73.69999694824219,73.4000015258789,73.4000015258789,70016,0.0,0.0
2025-06-17 03:50:00+00:00,73.4000015258789,73.4000015258789,73.4000015258789,73.4000015258789,4000,0.0,0.0
2025-06-17 03:55:00+00:00,73.4000015258789,73.4000015258789,73.4000015258789,73.4000015258789,2030,0.0,0.0
2025-06-17 04:00:00+00:00,73.5,73.5,73.5,73.5,14000,0.0,0.0
2025-06-17 04:05:00+00:00,73.5,73.5,73.4000015258789,73.4000015258789,26000,0.0,0.0
2025-06-17 04:10:00+00:00,73.4000015258789,73.4000015258789,73.4000015258789,73.4000015258789,3060,0.0,0.0
2025-06-17 04:15:00+00:00,73.5,73.5,73.5,73.5,3330,0.0,0.0
2025-06-17 04:20:00+00:00,73.4000015258789,73.4000015258789,73.30000305175781,73.30000305175781,27249,0.0,0.0
2025-06-17 04:25:00+00:00,73.30000305175781,73.5,73.19999694824219,73.5,30000,0.0,0.0
2025-06-17 04:30:00+00:00,73.30000305175781,73.4000015258789,73.30000305175781,73.4000015258789,6033,0.0,0.0
2025-06-17 04:35:00+00:00,73.30000305175781,73.30000305175781,73.19999694824219,73.19999694824219,2000,0.0,0.0
2025-06-17 04:40:00+00:00,73.30000305175781,73.5,73.30000305175781,73.5,40062,0.0,0.0
2025-06-17 04:45:00+00:00,73.4000015258789,73.5999984741211,73.4000015258789,73.4000015258789,20000,0.0,0.0
2025-06-17 04:50:00+00:00,73.30000305175781,73.5,73.30000305175781,73.4000015258789,38010,0.0,0.0
2025-06-17 04:55:00+00:00,73.5,73.5,73.5,73.5,6128,0.0,0.0
2025-06-17 05:00:00+00:00,73.5,73.69999694824219,73.5,73.69999694824219,16073,0.0,0.0
2025-06-17 05:05:00+00:00,73.69999694824219,73.69999694824219,73.69999694824219,73.69999694824219,1005,0.0,0.0
2025-06-17 05:10:00+00:00,73.5999984741211,73.5999984741211,73.5999984741211,73.5999984741211,3000,0.0,0.0
2025-06-17 05:15:00+00:00,73.5999984741211,73.5999984741211,73.4000015258789,73.5,18120,0.0,0.0
2025-06-17 05:20:00+00:00,73.4000015258789,73.5999984741211,73.4000015258789,73.4000015258789,26038,0.0,0.0
2025-06-18 01:00:00+00:00,74.19999694824219,74.19999694824219,73.80000305175781,73.9000015258789,15000,0.0,0.0
2025-06-18 01:05:00+00:00,73.69999694824219,74.80000305175781,73.69999694824219,74.4000015258789,77036,0.0,0.0
2025-06-18 01:10:00+00:00,74.30000305175781,74.30000305175781,74.0,74.0,14236,0.0,0.0
2025-06-18 01:15:00+00:00,73.9000015258789,74.0,73.9000015258789,74.0,6178,0.0,0.0
2025-06-18 01:20:00+00:00,74.0,74.0,73.9000015258789,74.0,7200,0.0,0.0
2025-06-18 01:25:00+00:00,73.9000015258789,74.19999694824219,73.9000015258789,74.19999694824219,25087,0.0,0.0
2025-06-18 01:30:00+00:00,74.19999694824219,74.30000305175781,74.0999984741211,74.19999694824219,6000,0.0,0.0
2025-06-18 01:35:00+00:00,74.30000305175781,74.30000305175781,74.19999694824219,74.19999694824219,10500,0.0,0.0
2025-06-18 01:40:00+00:00,74.0999984741211,74.0999984741211,74.0,74.0,8066,0.0,0.0
2025-06-18 01:45:00+00:00,74.0,74.0,74.0,74.0,2000,0.0,0.0
2025-06-18 01:50:00+00:00,74.0999984741211,74.0999984741211,74.0999984741211,74.0999984741211,6000,0.0,0.0
2025-06-18 01:55:00+00:00,74.0,74.0,74.0,74.0,11000,0.0,0.0
2025-06-18 02:00:00+00:00,73.9000015258789,73.9000015258789,73.80000305175781,73.80000305175781,8372,0.0,0.0
2025-06-18 02:05:00+00:00,73.69999694824219,73.69999694824219,73.5999984741211,73.5999984741211,4568,0.0,0.0
2025-06-18 02:10:00+00:00,73.69999694824219,73.69999694824219,73.69999694824219,73.69999694824219,1165,0.0,0.0
2025-06-18 02:15:00+00:00,73.69999694824219,73.69999694824219,73.69999694824219,73.69999694824219,4000,0.0,0.0
2025-06-18 02:20:00+00:00,73.69999694824219,73.69999694824219,73.69999694824219,73.69999694824219,1000,0.0,0.0
2025-06-18 02:30:00+00:00,73.69999694824219,73.69999694824219,73.69999694824219,73.69999694824219,7212,0.0,0.0
2025-06-18 02:35:00+00:00,73.80000305175781,73.80000305175781,73.80000305175781,73.80000305175781,7020,0.0,0.0
2025-06-18 02:40:00+00:00,73.9000015258789,73.9000015258789,73.9000015258789,73.9000015258789,4100,0.0,0.0
2025-06-18 02:45:00+00:00,73.9000015258789,73.9000015258789,73.9000015258789,73.9000015258789,1014,0.0,0.0
2025-06-18 02:50:00+00:00,73.9000015258789,73.9000015258789,73.9000015258789,73.9000015258789,3107,0.0,0.0
2025-06-18 03:00:00+00:00,74.0,74.30000305175781,74.0,74.30000305175781,32420,0.0,0.0
2025-06-18 03:05:00+00:00,74.30000305175781,74.30000305175781,74.0,74.30000305175781,9000,0.0,0.0
2025-06-18 03:10:00+00:00,74.30000305175781,74.30000305175781,74.19999694824219,74.19999694824219,2000,0.0,0.0
2025-06-18 03:15:00+00:00,74.19999694824219,74.30000305175781,74.0,74.19999694824219,8000,0.0,0.0
2025-06-18 03:20:00+00:00,74.19999694824219,74.30000305175781,74.19999694824219,74.30000305175781,9000,0.0,0.0
2025-06-18 03:25:00+00:00,74.30000305175781,74.4000015258789,74.30000305175781,74.4000015258789,12000,0.0,0.0
2025-06-18 03:30:00+00:00,74.4000015258789,74.5,74.4000015258789,74.5,10035,0.0,0.0
2025-06-18 03:35:00+00:00,74.30000305175781,74.4000015258789,74.19999694824219,74.30000305175781,13000,0.0,0.0
2025-06-18 03:40:00+00:00,74.4000015258789,74.4000015258789,74.4000015258789,74.4000015258789,7010,0.0,0.0
2025-06-18 03:45:00+00:00,74.4000015258789,74.5,74.4000015258789,74.5,3020,0.0,0.0
2025-06-18 03:50:00+00:00,74.4000015258789,74.4000015258789,74.4000015258789,74.4000015258789,4000,0.0,0.0
2025-06-18 03:55:00+00:00,74.30000305175781,74.30000305175781,74.19999694824219,74.19999694824219,8000,0.0,0.0
2025-06-18 04:00:00+00:00,74.0,74.19999694824219,74.0,74.19999694824219,2200,0.0,0.0
2025-06-18 04:05:00+00:00,74.0,74.0,74.0,74.0,4000,0.0,0.0
2025-06-18 04:10:00+00:00,74.0999984741211,74.0999984741211,74.0999984741211,74.0999984741211,2011,0.0,0.0
2025-06-18 04:15:00+00:00,74.0999984741211,74.0999984741211,74.0999984741211,74.0999984741211,9155,0.0,0.0
2025-06-18 04:20:00+00:00,74.0999984741211,74.0999984741211,74.0,74.0999984741211,7003,0.0,0.0
2025-06-18 04:25:00+00:00,74.0999984741211,74.0999984741211,74.0999984741211,74.0999984741211,1100,0.0,0.0
2025-06-18 04:30:00+00:00,74.0999984741211,74.0999984741211,74.0999984741211,74.0999984741211,1000,0.0,0.0
2025-06-18 04:35:00+00:00,74.0999984741211,74.0999984741211,74.0,74.0,11000,0.0,0.0
2025-06-18 04:40:00+00:00,74.0,74.0,74.0,74.0,3000,0.0,0.0
2025-06-18 04:45:00+00:00,74.0,74.0,74.0,74.0,1000,0.0,0.0
2025-06-18 04:50:00+00:00,74.0,74.0,74.0,74.0,6000,0.0,0.0
2025-06-18 04:55:00+00:00,73.9000015258789,73.9000015258789,73.9000015258789,73.9000015258789,1200,0.0,0.0
2025-06-18 05:00:00+00:00,73.9000015258789,74.0,73.9000015258789,73.9000015258789,12200,0.0,0.0
2025-06-18 05:05:00+00:00,74.0,74.0999984741211,73.9000015258789,73.9000015258789,10250,0.0,0.0
2025-06-18 05:10:00+00:00,73.80000305175781,73.9000015258789,73.80000305175781,73.80000305175781,5000,0.0,0.0
2025-06-18 05:15:00+00:00,73.80000305175781,73.9000015258789,73.69999694824219,73.80000305175781,29000,0.0,0.0
2025-06-18 05:20:00+00:00,73.69999694824219,73.9000015258789,73.69999694824219,73.9000015258789,19128,0.0,0.0
2025-06-19 01:00:00+00:00,73.5,73.5,73.19999694824219,73.4000015258789,0,0.0,0.0
2025-06-19 01:05:00+00:00,73.4000015258789,73.4000015258789,73.19999694824219,73.30000305175781,51000,0.0,0.0
2025-06-19 01:10:00+00:00,72.9000015258789,73.0,72.80000305175781,72.9000015258789,104979,0.0,0.0
2025-06-19 01:15:00+00:00,72.80000305175781,72.80000305175781,72.5999984741211,72.5999984741211,60391,0.0,0.0
2025-06-19 01:20:00+00:00,72.5999984741211,72.80000305175781,72.4000015258789,72.5999984741211,48494,0.0,0.0
2025-06-19 01:25:00+00:00,72.80000305175781,72.80000305175781,72.5,72.5,45700,0.0,0.0
2025-06-19 01:30:00+00:00,72.5,72.5,72.5,72.5,3184,0.0,0.0
2025-06-19 01:35:00+00:00,72.5999984741211,72.5999984741211,72.30000305175781,72.30000305175781,47390,0.0,0.0
2025-06-19 01:40:00+00:00,72.30000305175781,72.4000015258789,72.30000305175781,72.4000015258789,12642,0.0,0.0
2025-06-19 01:45:00+00:00,72.5,72.5999984741211,72.4000015258789,72.5999984741211,7370,0.0,0.0
2025-06-19 01:50:00+00:00,72.5,72.5,72.5,72.5,6385,0.0,0.0
2025-06-19 01:55:00+00:00,72.5,72.5,72.5,72.5,27000,0.0,0.0
2025-06-19 02:00:00+00:00,72.4000015258789,72.4000015258789,72.30000305175781,72.30000305175781,42131,0.0,0.0
2025-06-19 02:05:00+00:00,72.19999694824219,72.30000305175781,72.19999694824219,72.19999694824219,35100,0.0,0.0
2025-06-19 02:10:00+00:00,72.19999694824219,72.19999694824219,71.9000015258789,71.9000015258789,91007,0.0,0.0
2025-06-19 02:15:00+00:00,71.9000015258789,71.9000015258789,71.5,71.69999694824219,112958,0.0,0.0
2025-06-19 02:20:00+00:00,71.5999984741211,71.5999984741211,71.5999984741211,71.5999984741211,14506,0.0,0.0
2025-06-19 02:25:00+00:00,71.5999984741211,71.69999694824219,71.5,71.5999984741211,65188,0.0,0.0
2025-06-19 02:30:00+00:00,71.69999694824219,71.69999694824219,71.5,71.69999694824219,38407,0.0,0.0
2025-06-19 02:35:00+00:00,71.69999694824219,71.69999694824219,71.5999984741211,71.69999694824219,18000,0.0,0.0
2025-06-19 02:40:00+00:00,71.69999694824219,71.69999694824219,71.5999984741211,71.69999694824219,12121,0.0,0.0
2025-06-19 02:45:00+00:00,71.69999694824219,71.69999694824219,71.5999984741211,71.5999984741211,28000,0.0,0.0
2025-06-19 02:50:00+00:00,71.69999694824219,71.69999694824219,71.5999984741211,71.69999694824219,25406,0.0,0.0
2025-06-19 02:55:00+00:00,71.69999694824219,71.80000305175781,71.69999694824219,71.80000305175781,28050,0.0,0.0
2025-06-19 03:00:00+00:00,72.0,72.30000305175781,71.80000305175781,72.30000305175781,37010,0.0,0.0
2025-06-19 03:05:00+00:00,72.0999984741211,72.0999984741211,72.0,72.0,7150,0.0,0.0
2025-06-19 03:10:00+00:00,71.80000305175781,71.80000305175781,71.80000305175781,71.80000305175781,4000,0.0,0.0
2025-06-19 03:15:00+00:00,71.9000015258789,71.9000015258789,71.9000015258789,71.9000015258789,4005,0.0,0.0
2025-06-19 03:20:00+00:00,71.9000015258789,72.0999984741211,71.9000015258789,72.0,6215,0.0,0.0
2025-06-19 03:25:00+00:00,72.0,72.0999984741211,72.0,72.0999984741211,3000,0.0,0.0
2025-06-19 03:30:00+00:00,72.0999984741211,72.0999984741211,72.0999984741211,72.0999984741211,0,0.0,0.0
2025-06-19 03:35:00+00:00,72.19999694824219,72.19999694824219,72.0999984741211,72.0999984741211,1060239,0.0,0.0
2025-06-19 03:40:00+00:00,72.0999984741211,72.0999984741211,72.0999984741211,72.0999984741211,6000,0.0,0.0
2025-06-19 03:45:00+00:00,72.0,72.19999694824219,72.0,72.19999694824219,7040,0.0,0.0
2025-06-19 03:50:00+00:00,72.0999984741211,72.0999984741211,72.0999984741211,72.0999984741211,4001,0.0,0.0
2025-06-19 03:55:00+00:00,72.0999984741211,72.0999984741211,72.0,72.0,4353,0.0,0.0
2025-06-19 04:00:00+00:00,72.0,72.0999984741211,72.0,72.0,26000,0.0,0.0
2025-06-19 04:05:00+00:00,72.0,72.0,72.0,72.0,2050,0.0,0.0
2025-06-19 04:10:00+00:00,72.0,72.0,71.9000015258789,71.9000015258789,16050,0.0,0.0
2025-06-19 04:15:00+00:00,71.9000015258789,71.9000015258789,71.9000015258789,71.9000015258789,3441,0.0,0.0
2025-06-19 04:20:00+00:00,71.9000015258789,71.9000015258789,71.9000015258789,71.9000015258789,3799,0.0,0.0
2025-06-19 04:25:00+00:00,71.9000015258789,71.9000015258789,71.9000015258789,71.9000015258789,1000,0.0,0.0
2025-06-19 04:30:00+00:00,71.9000015258789,71.9000015258789,71.9000015258789,71.9000015258789,7000,0.0,0.0
2025-06-19 04:35:00+00:00,72.0,72.0,71.9000015258789,71.9000015258789,10220,0.0,0.0
2025-06-19 04:40:00+00:00,71.9000015258789,72.0,71.9000015258789,71.9000015258789,8000,0.0,0.0
2025-06-19 04:45:00+00:00,72.0,72.4000015258789,71.9000015258789,72.4000015258789,31000,0.0,0.0
2025-06-19 04:50:00+00:00,72.30000305175781,72.30000305175781,72.19999694824219,72.19999694824219,3100,0.0,0.0
2025-06-19 04:55:00+00:00,72.0999984741211,72.0999984741211,72.0,72.0,19000,0.0,0.0
2025-06-19 05:00:00+00:00,72.0,72.0999984741211,71.9000015258789,72.0,21100,0.0,0.0
2025-06-19 05:05:00+00:00,72.0,72.0,71.9000015258789,71.9000015258789,12279,0.0,0.0
2025-06-19 05:10:00+00:00,71.9000015258789,72.0,71.9000015258789,72.0,6000,0.0,0.0
2025-06-19 05:15:00+00:00,72.0,72.0999984741211,71.9000015258789,71.9000015258789,23000,0.0,0.0
2025-06-19 05:20:00+00:00,71.9000015258789,72.0,71.80000305175781,71.80000305175781,31250,0.0,0.0
2025-06-20 01:00:00+00:00,71.5,72.0,71.5,72.0,0,0.0,0.0
2025-06-20 01:05:00+00:00,72.0,72.0,71.80000305175781,71.80000305175781,13182,0.0,0.0
2025-06-20 01:10:00+00:00,71.80000305175781,71.9000015258789,71.5,71.5,32175,0.0,0.0
2025-06-20 01:15:00+00:00,71.5,71.5999984741211,71.5,71.5,14615,0.0,0.0
2025-06-20 01:20:00+00:00,71.5,71.5,71.30000305175781,71.30000305175781,13485,0.0,0.0
2025-06-20 01:25:00+00:00,71.30000305175781,71.30000305175781,71.0999984741211,71.19999694824219,27131,0.0,0.0
2025-06-20 01:30:00+00:00,71.0999984741211,71.0999984741211,70.69999694824219,70.69999694824219,51609,0.0,0.0
2025-06-20 01:35:00+00:00,70.69999694824219,70.80000305175781,70.5999984741211,70.69999694824219,46701,0.0,0.0
2025-06-20 01:40:00+00:00,70.69999694824219,70.69999694824219,70.5999984741211,70.5999984741211,38157,0.0,0.0
2025-06-20 01:45:00+00:00,70.5999984741211,70.5999984741211,70.5,70.5,67654,0.0,0.0
2025-06-20 01:50:00+00:00,70.4000015258789,70.5,70.4000015258789,70.5,30537,0.0,0.0
2025-06-20 01:55:00+00:00,70.5,70.5,70.5,70.5,7866,0.0,0.0
2025-06-20 02:00:00+00:00,70.4000015258789,70.4000015258789,70.30000305175781,70.4000015258789,26100,0.0,0.0
2025-06-20 02:05:00+00:00,70.4000015258789,70.69999694824219,70.4000015258789,70.69999694824219,22789,0.0,0.0
2025-06-20 02:10:00+00:00,70.5999984741211,70.5999984741211,70.5999984741211,70.5999984741211,6070,0.0,0.0
2025-06-20 02:15:00+00:00,70.5999984741211,70.69999694824219,70.5999984741211,70.69999694824219,18000,0.0,0.0
2025-06-20 02:20:00+00:00,70.69999694824219,70.9000015258789,70.69999694824219,70.9000015258789,7057,0.0,0.0
2025-06-20 02:25:00+00:00,70.80000305175781,70.80000305175781,70.80000305175781,70.80000305175781,14069,0.0,0.0
2025-06-20 02:30:00+00:00,70.80000305175781,70.9000015258789,70.80000305175781,70.9000015258789,7014,0.0,0.0
2025-06-20 02:35:00+00:00,71.0,71.0999984741211,71.0,71.0999984741211,22291,0.0,0.0
2025-06-20 02:40:00+00:00,71.0999984741211,71.0999984741211,70.80000305175781,70.80000305175781,5000,0.0,0.0
2025-06-20 02:45:00+00:00,71.0,71.19999694824219,71.0,71.19999694824219,9000,0.0,0.0
2025-06-20 02:50:00+00:00,71.0,71.0,70.80000305175781,71.0,22000,0.0,0.0
2025-06-20 02:55:00+00:00,71.0,71.30000305175781,70.80000305175781,71.30000305175781,25000,0.0,0.0
2025-06-20 03:00:00+00:00,71.30000305175781,71.30000305175781,71.30000305175781,71.30000305175781,1000,0.0,0.0
2025-06-20 03:05:00+00:00,71.0,71.0,71.0,71.0,4000,0.0,0.0
2025-06-20 03:10:00+00:00,70.9000015258789,71.0,70.9000015258789,71.0,5000,0.0,0.0
2025-06-20 03:20:00+00:00,71.0,71.0999984741211,71.0,71.0,11050,0.0,0.0
2025-06-20 03:25:00+00:00,71.0999984741211,71.0999984741211,71.0999984741211,71.0999984741211,0,0.0,0.0
2025-06-20 03:30:00+00:00,71.0999984741211,71.0999984741211,71.0999984741211,71.0999984741211,589552,0.0,0.0
2025-06-20 03:35:00+00:00,71.19999694824219,71.4000015258789,71.19999694824219,71.4000015258789,11070,0.0,0.0
2025-06-20 03:40:00+00:00,71.4000015258789,71.4000015258789,71.0,71.30000305175781,34300,0.0,0.0
2025-06-20 03:45:00+00:00,71.0999984741211,71.19999694824219,71.0,71.19999694824219,11000,0.0,0.0
2025-06-20 03:50:00+00:00,71.30000305175781,71.30000305175781,71.30000305175781,71.30000305175781,2030,0.0,0.0
2025-06-20 03:55:00+00:00,71.4000015258789,71.5,71.4000015258789,71.5,10173,0.0,0.0
2025-06-20 04:00:00+00:00,71.4000015258789,71.4000015258789,71.4000015258789,71.4000015258789,2000,0.0,0.0
2025-06-20 04:10:00+00:00,71.30000305175781,71.30000305175781,71.30000305175781,71.30000305175781,1100,0.0,0.0
2025-06-20 04:15:00+00:00,71.30000305175781,71.30000305175781,71.30000305175781,71.30000305175781,8000,0.0,0.0
2025-06-20 04:20:00+00:00,71.19999694824219,71.30000305175781,71.0999984741211,71.0999984741211,9092,0.0,0.0
2025-06-20 04:25:00+00:00,71.19999694824219,71.19999694824219,71.19999694824219,71.19999694824219,2010,0.0,0.0
2025-06-20 04:30:00+00:00,71.19999694824219,71.19999694824219,71.0999984741211,71.19999694824219,6300,0.0,0.0
2025-06-20 04:35:00+00:00,71.19999694824219,71.19999694824219,71.19999694824219,71.19999694824219,2000,0.0,0.0
2025-06-20 04:40:00+00:00,71.0999984741211,71.19999694824219,70.9000015258789,71.0999984741211,45368,0.0,0.0
2025-06-20 04:45:00+00:00,71.0,71.0,71.0,71.0,1000,0.0,0.0
2025-06-20 04:50:00+00:00,71.0999984741211,71.0999984741211,71.0,71.0,7050,0.0,0.0
2025-06-20 04:55:00+00:00,71.0,71.0,71.0,71.0,12210,0.0,0.0
2025-06-20 05:00:00+00:00,71.0999984741211,71.30000305175781,71.0999984741211,71.30000305175781,15162,0.0,0.0
2025-06-20 05:05:00+00:00,71.30000305175781,71.30000305175781,71.19999694824219,71.30000305175781,8000,0.0,0.0
2025-06-20 05:10:00+00:00,71.19999694824219,71.30000305175781,71.19999694824219,71.19999694824219,19000,0.0,0.0
2025-06-20 05:15:00+00:00,71.19999694824219,71.4000015258789,71.0999984741211,71.4000015258789,31096,0.0,0.0
2025-06-20 05:20:00+00:00,71.30000305175781,71.5,71.30000305175781,71.5,47824,0.0,0.0
2025-06-23 01:00:00+00:00,69.9000015258789,70.0,69.0999984741211,70.0,0,0.0,0.0
2025-06-23 01:05:00+00:00,70.0,70.69999694824219,69.9000015258789,70.69999694824219,46202,0.0,0.0
2025-06-23 01:10:00+00:00,70.69999694824219,70.9000015258789,70.69999694824219,70.9000015258789,7907,0.0,0.0
2025-06-23 01:15:00+00:00,70.9000015258789,70.9000015258789,70.5,70.5999984741211,36043,0.0,0.0
2025-06-23 01:20:00+00:00,70.5,70.9000015258789,70.5,70.80000305175781,37000,0.0,0.0
2025-06-23 01:25:00+00:00,70.9000015258789,71.0999984741211,70.80000305175781,70.80000305175781,42100,0.0,0.0
2025-06-23 01:30:00+00:00,70.80000305175781,70.80000305175781,70.69999694824219,70.80000305175781,7073,0.0,0.0
2025-06-23 01:35:00+00:00,70.69999694824219,70.80000305175781,70.69999694824219,70.69999694824219,5100,0.0,0.0
2025-06-23 01:40:00+00:00,70.80000305175781,70.80000305175781,70.69999694824219,70.69999694824219,5100,0.0,0.0
2025-06-23 01:45:00+00:00,70.69999694824219,70.9000015258789,70.69999694824219,70.69999694824219,9000,0.0,0.0
2025-06-23 01:50:00+00:00,70.9000015258789,71.19999694824219,70.9000015258789,71.19999694824219,43185,0.0,0.0
2025-06-23 01:55:00+00:00,71.19999694824219,71.19999694824219,71.0999984741211,71.0999984741211,3000,0.0,0.0
2025-06-23 02:00:00+00:00,71.0999984741211,71.0999984741211,70.9000015258789,70.9000015258789,27030,0.0,0.0
2025-06-23 02:05:00+00:00,70.80000305175781,71.30000305175781,70.69999694824219,71.0999984741211,42025,0.0,0.0
2025-06-23 02:10:00+00:00,71.30000305175781,71.30000305175781,71.0999984741211,71.0999984741211,7130,0.0,0.0
2025-06-23 02:15:00+00:00,71.0999984741211,71.0999984741211,71.0999984741211,71.0999984741211,6000,0.0,0.0
2025-06-23 02:20:00+00:00,71.0999984741211,71.0999984741211,71.0999984741211,71.0999984741211,2020,0.0,0.0
2025-06-23 02:25:00+00:00,71.0999984741211,71.5,71.0999984741211,71.5,8068,0.0,0.0
2025-06-23 02:30:00+00:00,71.5,71.5,71.4000015258789,71.4000015258789,5112,0.0,0.0
2025-06-23 02:35:00+00:00,71.4000015258789,71.4000015258789,71.30000305175781,71.30000305175781,5000,0.0,0.0
2025-06-23 02:40:00+00:00,71.4000015258789,71.4000015258789,71.4000015258789,71.4000015258789,3012,0.0,0.0
2025-06-23 02:45:00+00:00,71.4000015258789,71.5,71.4000015258789,71.4000015258789,5073,0.0,0.0
2025-06-23 02:50:00+00:00,71.4000015258789,71.4000015258789,71.30000305175781,71.4000015258789,6143,0.0,0.0
2025-06-23 02:55:00+00:00,71.5,71.5999984741211,71.5,71.5999984741211,20046,0.0,0.0
2025-06-23 03:00:00+00:00,71.5999984741211,71.80000305175781,71.5999984741211,71.69999694824219,12481,0.0,0.0
2025-06-23 03:05:00+00:00,71.69999694824219,71.69999694824219,71.5999984741211,71.69999694824219,6008,0.0,0.0
2025-06-23 03:10:00+00:00,71.69999694824219,71.69999694824219,71.5999984741211,71.5999984741211,4030,0.0,0.0
2025-06-23 03:15:00+00:00,71.69999694824219,71.69999694824219,71.5,71.5,4001,0.0,0.0
2025-06-23 03:20:00+00:00,71.5999984741211,71.5999984741211,71.4000015258789,71.5,9284,0.0,0.0
2025-06-23 03:25:00+00:00,71.4000015258789,71.4000015258789,71.4000015258789,71.4000015258789,1080,0.0,0.0
2025-06-23 03:30:00+00:00,71.5,71.5,71.4000015258789,71.5,8100,0.0,0.0
2025-06-23 03:35:00+00:00,71.4000015258789,71.5999984741211,71.4000015258789,71.5999984741211,4000,0.0,0.0
2025-06-23 03:40:00+00:00,71.5999984741211,71.5999984741211,71.5,71.5,5020,0.0,0.0
2025-06-23 03:45:00+00:00,71.5,71.5999984741211,71.5,71.5999984741211,3000,0.0,0.0
2025-06-23 03:50:00+00:00,71.5,71.5,71.4000015258789,71.5,23110,0.0,0.0
2025-06-23 03:55:00+00:00,71.4000015258789,71.4000015258789,71.4000015258789,71.4000015258789,1119,0.0,0.0
2025-06-23 04:05:00+00:00,71.4000015258789,71.4000015258789,71.0999984741211,71.0999984741211,7315,0.0,0.0
2025-06-23 04:10:00+00:00,71.19999694824219,71.30000305175781,71.19999694824219,71.30000305175781,6000,0.0,0.0
2025-06-23 04:15:00+00:00,71.30000305175781,71.30000305175781,71.30000305175781,71.30000305175781,2150,0.0,0.0
2025-06-23 04:20:00+00:00,71.30000305175781,71.30000305175781,71.30000305175781,71.30000305175781,15000,0.0,0.0
2025-06-23 04:30:00+00:00,71.19999694824219,71.19999694824219,71.19999694824219,71.19999694824219,1000,0.0,0.0
2025-06-23 04:35:00+00:00,71.19999694824219,71.30000305175781,71.19999694824219,71.30000305175781,4150,0.0,0.0
2025-06-23 04:40:00+00:00,71.19999694824219,71.30000305175781,71.19999694824219,71.19999694824219,16162,0.0,0.0
2025-06-23 04:45:00+00:00,71.19999694824219,71.19999694824219,71.0,71.0999984741211,51000,0.0,0.0
2025-06-23 04:50:00+00:00,71.0999984741211,71.0999984741211,71.0999984741211,71.0999984741211,1000,0.0,0.0
2025-06-23 04:55:00+00:00,71.0999984741211,71.0999984741211,71.0999984741211,71.0999984741211,8000,0.0,0.0
2025-06-23 05:00:00+00:00,71.19999694824219,71.19999694824219,71.0999984741211,71.0999984741211,11100,0.0,0.0
2025-06-23 05:05:00+00:00,71.0,71.0,71.0,71.0,4059,0.0,0.0
2025-06-23 05:10:00+00:00,71.0,71.19999694824219,71.0,71.19999694824219,7045,0.0,0.0
2025-06-23 05:15:00+00:00,71.30000305175781,71.30000305175781,71.19999694824219,71.19999694824219,4000,0.0,0.0
2025-06-23 05:20:00+00:00,71.0999984741211,71.30000305175781,71.0999984741211,71.19999694824219,12000,0.0,0.0
2025-06-24 01:00:00+00:00,72.0,72.30000305175781,72.0,72.30000305175781,0,0.0,0.0
2025-06-24 01:05:00+00:00,72.30000305175781,72.5999984741211,72.30000305175781,72.5,25000,0.0,0.0
2025-06-24 01:10:00+00:00,72.4000015258789,72.80000305175781,72.4000015258789,72.80000305175781,86327,0.0,0.0
2025-06-24 01:15:00+00:00,72.9000015258789,73.19999694824219,72.80000305175781,72.9000015258789,80469,0.0,0.0
2025-06-24 01:20:00+00:00,73.19999694824219,73.30000305175781,72.9000015258789,72.9000015258789,41100,0.0,0.0
2025-06-24 01:25:00+00:00,72.9000015258789,72.9000015258789,72.9000015258789,72.9000015258789,3011,0.0,0.0
2025-06-24 01:30:00+00:00,72.80000305175781,73.0,72.80000305175781,73.0,25137,0.0,0.0
2025-06-24 01:35:00+00:00,73.0,73.0,72.80000305175781,72.9000015258789,22000,0.0,0.0
2025-06-24 01:40:00+00:00,73.0999984741211,73.19999694824219,73.0,73.0,43610,0.0,0.0
2025-06-24 01:45:00+00:00,73.0,73.0999984741211,73.0,73.0999984741211,7000,0.0,0.0
2025-06-24 01:50:00+00:00,73.0999984741211,73.19999694824219,73.0,73.19999694824219,11200,0.0,0.0
2025-06-24 01:55:00+00:00,73.19999694824219,73.4000015258789,73.0999984741211,73.30000305175781,74943,0.0,0.0
2025-06-24 02:00:00+00:00,73.30000305175781,73.5,73.30000305175781,73.30000305175781,50134,0.0,0.0
2025-06-24 02:05:00+00:00,73.19999694824219,73.30000305175781,73.19999694824219,73.19999694824219,6100,0.0,0.0
2025-06-24 02:10:00+00:00,73.19999694824219,73.19999694824219,73.0999984741211,73.0999984741211,2030,0.0,0.0
2025-06-24 02:15:00+00:00,73.0999984741211,73.4000015258789,73.0999984741211,73.19999694824219,47070,0.0,0.0
2025-06-24 02:20:00+00:00,73.19999694824219,73.30000305175781,73.19999694824219,73.30000305175781,10009,0.0,0.0
2025-06-24 02:25:00+00:00,73.19999694824219,73.4000015258789,73.19999694824219,73.4000015258789,16000,0.0,0.0
2025-06-24 02:35:00+00:00,73.30000305175781,73.30000305175781,73.30000305175781,73.30000305175781,2021,0.0,0.0
2025-06-24 02:40:00+00:00,73.19999694824219,73.30000305175781,73.19999694824219,73.30000305175781,2549,0.0,0.0
2025-06-24 02:45:00+00:00,73.19999694824219,73.19999694824219,73.19999694824219,73.19999694824219,7000,0.0,0.0
2025-06-24 02:50:00+00:00,73.19999694824219,73.19999694824219,73.19999694824219,73.19999694824219,4353,0.0,0.0
2025-06-24 02:55:00+00:00,73.19999694824219,73.19999694824219,73.0999984741211,73.0999984741211,7000,0.0,0.0
2025-06-24 03:00:00+00:00,73.0999984741211,73.19999694824219,73.0999984741211,73.19999694824219,12020,0.0,0.0
2025-06-24 03:05:00+00:00,73.30000305175781,73.30000305175781,73.30000305175781,73.30000305175781,2000,0.0,0.0
2025-06-24 03:15:00+00:00,73.30000305175781,73.30000305175781,73.30000305175781,73.30000305175781,2000,0.0,0.0
2025-06-24 03:20:00+00:00,73.30000305175781,73.30000305175781,73.19999694824219,73.30000305175781,5000,0.0,0.0
2025-06-24 03:25:00+00:00,73.19999694824219,73.19999694824219,73.0999984741211,73.0999984741211,8000,0.0,0.0
2025-06-24 03:30:00+00:00,73.30000305175781,73.30000305175781,73.30000305175781,73.30000305175781,14002,0.0,0.0
2025-06-24 03:35:00+00:00,73.30000305175781,73.30000305175781,73.30000305175781,73.30000305175781,17010,0.0,0.0
2025-06-24 03:40:00+00:00,73.30000305175781,73.30000305175781,73.30000305175781,73.30000305175781,3050,0.0,0.0
2025-06-24 03:45:00+00:00,73.4000015258789,73.4000015258789,73.30000305175781,73.30000305175781,3000,0.0,0.0
2025-06-24 03:50:00+00:00,73.30000305175781,73.4000015258789,73.30000305175781,73.30000305175781,11030,0.0,0.0
2025-06-24 03:55:00+00:00,73.30000305175781,73.30000305175781,73.30000305175781,73.30000305175781,2000,0.0,0.0
2025-06-24 04:00:00+00:00,73.30000305175781,73.30000305175781,73.30000305175781,73.30000305175781,2000,0.0,0.0
2025-06-24 04:05:00+00:00,73.19999694824219,73.19999694824219,73.19999694824219,73.19999694824219,8000,0.0,0.0
2025-06-24 04:10:00+00:00,73.0999984741211,73.19999694824219,72.9000015258789,73.19999694824219,11137,0.0,0.0
2025-06-24 04:15:00+00:00,73.0,73.0,73.0,73.0,3028,0.0,0.0
2025-06-24 04:20:00+00:00,73.0,73.0,73.0,73.0,9150,0.0,0.0
2025-06-24 04:25:00+00:00,73.0,73.0,73.0,73.0,7150,0.0,0.0
2025-06-24 04:30:00+00:00,73.0,73.0999984741211,72.9000015258789,73.0999984741211,7014,0.0,0.0
2025-06-24 04:35:00+00:00,73.0999984741211,73.0999984741211,73.0999984741211,73.0999984741211,9000,0.0,0.0
2025-06-24 04:40:00+00:00,73.0999984741211,73.19999694824219,73.0999984741211,73.19999694824219,7000,0.0,0.0
2025-06-24 04:45:00+00:00,73.19999694824219,73.19999694824219,73.19999694824219,73.19999694824219,1000,0.0,0.0
2025-06-24 04:50:00+00:00,73.19999694824219,73.30000305175781,73.19999694824219,73.19999694824219,6000,0.0,0.0
2025-06-24 04:55:00+00:00,73.19999694824219,73.30000305175781,73.19999694824219,73.19999694824219,10079,0.0,0.0
2025-06-24 05:00:00+00:00,73.19999694824219,73.19999694824219,73.19999694824219,73.19999694824219,6060,0.0,0.0
2025-06-24 05:05:00+00:00,73.19999694824219,73.30000305175781,73.19999694824219,73.30000305175781,2000,0.0,0.0
2025-06-24 05:10:00+00:00,73.19999694824219,73.19999694824219,73.0999984741211,73.0999984741211,4000,0.0,0.0
2025-06-24 05:15:00+00:00,73.19999694824219,73.30000305175781,73.19999694824219,73.19999694824219,16000,0.0,0.0
2025-06-24 05:20:00+00:00,73.19999694824219,73.30000305175781,73.0,73.30000305175781,23145,0.0,0.0
2025-06-25 01:00:00+00:00,73.4000015258789,73.80000305175781,73.4000015258789,73.5999984741211,42000,0.0,0.0
2025-06-25 01:05:00+00:00,73.5999984741211,74.0999984741211,73.5,74.0999984741211,63000,0.0,0.0
2025-06-25 01:10:00+00:00,74.0,74.0,73.9000015258789,73.9000015258789,23676,0.0,0.0
2025-06-25 01:15:00+00:00,73.9000015258789,73.9000015258789,73.5,73.5,14373,0.0,0.0
2025-06-25 01:20:00+00:00,73.5,73.5999984741211,73.5,73.5999984741211,6232,0.0,0.0
2025-06-25 01:25:00+00:00,73.5999984741211,73.5999984741211,73.5999984741211,73.5999984741211,13429,0.0,0.0
2025-06-25 01:30:00+00:00,73.5,73.5999984741211,73.5,73.5,18004,0.0,0.0
2025-06-25 01:35:00+00:00,73.5,73.5,73.5,73.5,4008,0.0,0.0
2025-06-25 01:40:00+00:00,73.5999984741211,73.69999694824219,73.5999984741211,73.69999694824219,3050,0.0,0.0
2025-06-25 01:45:00+00:00,73.5,73.5,73.5,73.5,4175,0.0,0.0
2025-06-25 01:50:00+00:00,73.5,73.5,73.4000015258789,73.4000015258789,14010,0.0,0.0
2025-06-25 01:55:00+00:00,73.4000015258789,73.4000015258789,73.30000305175781,73.30000305175781,4106,0.0,0.0
2025-06-25 02:00:00+00:00,73.19999694824219,73.19999694824219,73.19999694824219,73.19999694824219,8100,0.0,0.0
2025-06-25 02:05:00+00:00,73.19999694824219,73.19999694824219,73.0,73.19999694824219,23056,0.0,0.0
2025-06-25 02:10:00+00:00,73.0999984741211,73.0999984741211,73.0999984741211,73.0999984741211,1000,0.0,0.0
2025-06-25 02:15:00+00:00,73.19999694824219,73.19999694824219,73.0999984741211,73.0999984741211,11486,0.0,0.0
2025-06-25 02:20:00+00:00,73.0,73.0,73.0,73.0,11000,0.0,0.0
2025-06-25 02:25:00+00:00,72.9000015258789,72.9000015258789,72.80000305175781,72.80000305175781,6110,0.0,0.0
2025-06-25 02:30:00+00:00,72.80000305175781,72.80000305175781,72.80000305175781,72.80000305175781,9000,0.0,0.0
2025-06-25 02:35:00+00:00,72.80000305175781,72.9000015258789,72.69999694824219,72.9000015258789,38151,0.0,0.0
2025-06-25 02:40:00+00:00,73.0999984741211,73.0999984741211,73.0999984741211,73.0999984741211,1010,0.0,0.0
2025-06-25 02:45:00+00:00,73.0999984741211,73.0999984741211,73.0999984741211,73.0999984741211,2000,0.0,0.0
2025-06-25 02:50:00+00:00,73.0,73.0,73.0,73.0,8000,0.0,0.0
2025-06-25 02:55:00+00:00,73.0,73.0,73.0,73.0,5014,0.0,0.0
2025-06-25 03:00:00+00:00,73.0,73.0,73.0,73.0,1000,0.0,0.0
2025-06-25 03:05:00+00:00,73.0,73.0,73.0,73.0,1100,0.0,0.0
2025-06-25 03:15:00+00:00,73.0,73.0,73.0,73.0,1200,0.0,0.0
2025-06-25 03:30:00+00:00,72.9000015258789,72.9000015258789,72.69999694824219,72.69999694824219,23389,0.0,0.0
2025-06-25 03:40:00+00:00,72.80000305175781,72.80000305175781,72.80000305175781,72.80000305175781,1000,0.0,0.0
2025-06-25 03:45:00+00:00,73.0,73.0,73.0,73.0,4110,0.0,0.0
2025-06-25 03:50:00+00:00,73.0,73.0,73.0,73.0,4061,0.0,0.0
2025-06-25 03:55:00+00:00,72.9000015258789,72.9000015258789,72.9000015258789,72.9000015258789,1001,0.0,0.0
2025-06-25 04:00:00+00:00,73.0,73.0,72.80000305175781,72.80000305175781,22000,0.0,0.0
2025-06-25 04:05:00+00:00,73.0999984741211,73.0999984741211,72.9000015258789,72.9000015258789,11200,0.0,0.0
2025-06-25 04:15:00+00:00,72.9000015258789,72.9000015258789,72.80000305175781,72.80000305175781,8000,0.0,0.0
2025-06-25 04:20:00+00:00,72.9000015258789,72.9000015258789,72.80000305175781,72.80000305175781,3000,0.0,0.0
2025-06-25 04:25:00+00:00,72.80000305175781,72.80000305175781,72.80000305175781,72.80000305175781,1075,0.0,0.0
2025-06-25 04:30:00+00:00,72.9000015258789,72.9000015258789,72.9000015258789,72.9000015258789,3000,0.0,0.0
2025-06-25 04:40:00+00:00,72.9000015258789,72.9000015258789,72.9000015258789,72.9000015258789,1000,0.0,0.0
2025-06-25 04:45:00+00:00,73.0,73.0,73.0,73.0,11100,0.0,0.0
2025-06-25 04:50:00+00:00,73.0,73.0,72.9000015258789,72.9000015258789,2402,0.0,0.0
2025-06-25 04:55:00+00:00,72.9000015258789,72.9000015258789,72.9000015258789,72.9000015258789,22094,0.0,0.0
2025-06-25 05:00:00+00:00,73.0,73.19999694824219,73.0,73.19999694824219,8000,0.0,0.0
2025-06-25 05:05:00+00:00,73.30000305175781,73.5,73.19999694824219,73.5,43058,0.0,0.0
2025-06-25 05:10:00+00:00,73.5,73.69999694824219,73.5,73.5,32300,0.0,0.0
2025-06-25 05:15:00+00:00,73.4000015258789,73.4000015258789,73.19999694824219,73.19999694824219,4011,0.0,0.0
2025-06-25 05:20:00+00:00,73.0999984741211,73.19999694824219,73.0,73.19999694824219,18100,0.0,0.0
2025-06-26 01:00:00+00:00,73.5,74.0,73.5,73.80000305175781,0,0.0,0.0
2025-06-26 01:05:00+00:00,73.80000305175781,74.0,73.80000305175781,73.80000305175781,42100,0.0,0.0
2025-06-26 01:10:00+00:00,73.80000305175781,73.80000305175781,73.5,73.5,25200,0.0,0.0
2025-06-26 01:15:00+00:00,73.5,73.9000015258789,73.5,73.9000015258789,7000,0.0,0.0
2025-06-26 01:20:00+00:00,73.69999694824219,73.9000015258789,73.5,73.9000015258789,49277,0.0,0.0
2025-06-26 01:25:00+00:00,73.9000015258789,74.30000305175781,73.9000015258789,74.0999984741211,55160,0.0,0.0
2025-06-26 01:30:00+00:00,74.30000305175781,74.30000305175781,74.0,74.0,33400,0.0,0.0
2025-06-26 01:35:00+00:00,74.0,74.0,73.69999694824219,73.69999694824219,17050,0.0,0.0
2025-06-26 01:40:00+00:00,73.69999694824219,73.69999694824219,73.69999694824219,73.69999694824219,1000,0.0,0.0
2025-06-26 01:45:00+00:00,73.80000305175781,73.9000015258789,73.80000305175781,73.80000305175781,7000,0.0,0.0
2025-06-26 01:50:00+00:00,73.80000305175781,73.9000015258789,73.5,73.5,18200,0.0,0.0
2025-06-26 01:55:00+00:00,73.5,73.5999984741211,73.4000015258789,73.5,17032,0.0,0.0
2025-06-26 02:00:00+00:00,73.5999984741211,73.69999694824219,73.5999984741211,73.69999694824219,3010,0.0,0.0
2025-06-26 02:05:00+00:00,73.69999694824219,73.69999694824219,73.5,73.5999984741211,20156,0.0,0.0
2025-06-26 02:10:00+00:00,73.80000305175781,74.0,73.80000305175781,74.0,12064,0.0,0.0
2025-06-26 02:15:00+00:00,74.0,74.0,73.9000015258789,73.9000015258789,8681,0.0,0.0
2025-06-26 02:20:00+00:00,73.80000305175781,73.80000305175781,73.69999694824219,73.69999694824219,10040,0.0,0.0
2025-06-26 02:25:00+00:00,73.69999694824219,73.69999694824219,73.5,73.5,11205,0.0,0.0
2025-06-26 02:30:00+00:00,73.4000015258789,73.4000015258789,73.4000015258789,73.4000015258789,2000,0.0,0.0
2025-06-26 02:35:00+00:00,73.4000015258789,73.4000015258789,73.4000015258789,73.4000015258789,9900,0.0,0.0
2025-06-26 02:40:00+00:00,73.30000305175781,73.5,73.30000305175781,73.5,2415,0.0,0.0
2025-06-26 02:45:00+00:00,73.4000015258789,73.5,73.4000015258789,73.5,4100,0.0,0.0
2025-06-26 02:50:00+00:00,73.5,73.5,73.5,73.5,1047,0.0,0.0
2025-06-26 02:55:00+00:00,73.30000305175781,73.30000305175781,73.19999694824219,73.19999694824219,12000,0.0,0.0
2025-06-26 03:05:00+00:00,73.19999694824219,73.19999694824219,73.19999694824219,73.19999694824219,3000,0.0,0.0
2025-06-26 03:10:00+00:00,73.19999694824219,73.4000015258789,73.19999694824219,73.4000015258789,14100,0.0,0.0
2025-06-26 03:15:00+00:00,73.30000305175781,73.30000305175781,73.30000305175781,73.30000305175781,1099,0.0,0.0
2025-06-26 03:20:00+00:00,73.30000305175781,73.30000305175781,73.19999694824219,73.19999694824219,4101,0.0,0.0
2025-06-26 03:30:00+00:00,73.30000305175781,73.30000305175781,73.19999694824219,73.19999694824219,11106,0.0,0.0
2025-06-26 03:40:00+00:00,73.19999694824219,73.19999694824219,73.19999694824219,73.19999694824219,1020,0.0,0.0
2025-06-26 03:45:00+00:00,73.19999694824219,73.19999694824219,73.19999694824219,73.19999694824219,5023,0.0,0.0
2025-06-26 03:55:00+00:00,73.19999694824219,73.19999694824219,73.19999694824219,73.19999694824219,9037,0.0,0.0
2025-06-26 04:00:00+00:00,73.19999694824219,73.19999694824219,73.19999694824219,73.19999694824219,3032,0.0,0.0
2025-06-26 04:05:00+00:00,73.19999694824219,73.19999694824219,73.19999694824219,73.19999694824219,5185,0.0,0.0
2025-06-26 04:10:00+00:00,73.19999694824219,73.19999694824219,73.19999694824219,73.19999694824219,1000,0.0,0.0
2025-06-26 04:15:00+00:00,73.0999984741211,73.19999694824219,73.0999984741211,73.19999694824219,7004,0.0,0.0
2025-06-26 04:25:00+00:00,73.19999694824219,73.19999694824219,73.19999694824219,73.19999694824219,5000,0.0,0.0
2025-06-26 04:30:00+00:00,73.19999694824219,73.30000305175781,73.19999694824219,73.30000305175781,12250,0.0,0.0
2025-06-26 04:35:00+00:00,73.19999694824219,73.19999694824219,73.19999694824219,73.19999694824219,1000,0.0,0.0
2025-06-26 04:40:00+00:00,73.30000305175781,73.30000305175781,73.19999694824219,73.19999694824219,3101,0.0,0.0
2025-06-26 04:45:00+00:00,73.19999694824219,73.19999694824219,73.19999694824219,73.19999694824219,4000,0.0,0.0
2025-06-26 04:50:00+00:00,73.19999694824219,73.19999694824219,73.0,73.19999694824219,22115,0.0,0.0
2025-06-26 04:55:00+00:00,73.0999984741211,73.19999694824219,73.0999984741211,73.19999694824219,3400,0.0,0.0
2025-06-26 05:00:00+00:00,73.19999694824219,73.30000305175781,73.0999984741211,73.30000305175781,11000,0.0,0.0
2025-06-26 05:05:00+00:00,73.30000305175781,73.30000305175781,73.0999984741211,73.19999694824219,11100,0.0,0.0
2025-06-26 05:10:00+00:00,73.0999984741211,73.0999984741211,73.0999984741211,73.0999984741211,10008,0.0,0.0
2025-06-26 05:15:00+00:00,73.0,73.19999694824219,73.0,73.19999694824219,14876,0.0,0.0
2025-06-26 05:20:00+00:00,73.0999984741211,73.19999694824219,73.0,73.0,9637,0.0,0.0
2025-06-27 01:00:00+00:00,73.5,73.5,73.5,73.5,0,0.0,0.0
2025-06-27 01:05:00+00:00,73.30000305175781,73.30000305175781,73.19999694824219,73.19999694824219,7004,0.0,0.0
2025-06-27 01:10:00+00:00,73.19999694824219,73.19999694824219,73.19999694824219,73.19999694824219,1151,0.0,0.0
2025-06-27 01:15:00+00:00,73.0999984741211,73.0999984741211,73.0999984741211,73.0999984741211,5000,0.0,0.0
2025-06-27 01:20:00+00:00,73.0,73.0,73.0,73.0,1000,0.0,0.0
2025-06-27 01:25:00+00:00,73.0,73.0,73.0,73.0,8758,0.0,0.0
2025-06-27 01:30:00+00:00,73.0,73.0,72.5999984741211,72.5999984741211,27000,0.0,0.0
2025-06-27 01:40:00+00:00,72.80000305175781,72.80000305175781,72.80000305175781,72.80000305175781,3055,0.0,0.0
2025-06-27 01:45:00+00:00,72.80000305175781,72.9000015258789,72.80000305175781,72.9000015258789,6000,0.0,0.0
2025-06-27 01:50:00+00:00,72.9000015258789,72.9000015258789,72.9000015258789,72.9000015258789,12014,0.0,0.0
2025-06-27 01:55:00+00:00,72.9000015258789,72.9000015258789,72.9000015258789,72.9000015258789,1060,0.0,0.0
2025-06-27 02:00:00+00:00,72.9000015258789,73.0,72.9000015258789,72.9000015258789,3250,0.0,0.0
2025-06-27 02:05:00+00:00,72.9000015258789,73.0,72.80000305175781,73.0,16000,0.0,0.0
2025-06-27 02:10:00+00:00,72.9000015258789,72.9000015258789,72.9000015258789,72.9000015258789,10100,0.0,0.0
2025-06-27 02:15:00+00:00,72.9000015258789,72.9000015258789,72.9000015258789,72.9000015258789,5000,0.0,0.0
2025-06-27 02:20:00+00:00,73.0,73.0,72.9000015258789,72.9000015258789,9058,0.0,0.0
2025-06-27 02:25:00+00:00,72.9000015258789,72.9000015258789,72.80000305175781,72.80000305175781,21035,0.0,0.0
2025-06-27 02:30:00+00:00,72.80000305175781,72.80000305175781,72.80000305175781,72.80000305175781,3001,0.0,0.0
2025-06-27 02:35:00+00:00,72.80000305175781,72.80000305175781,72.69999694824219,72.69999694824219,12215,0.0,0.0
2025-06-27 02:40:00+00:00,72.80000305175781,72.80000305175781,72.80000305175781,72.80000305175781,1000,0.0,0.0
2025-06-27 02:45:00+00:00,72.80000305175781,72.80000305175781,72.80000305175781,72.80000305175781,2000,0.0,0.0
2025-06-27 02:50:00+00:00,72.80000305175781,72.80000305175781,72.69999694824219,72.80000305175781,7889,0.0,0.0
2025-06-27 03:00:00+00:00,72.80000305175781,72.80000305175781,72.80000305175781,72.80000305175781,3901,0.0,0.0
2025-06-27 03:05:00+00:00,72.80000305175781,72.80000305175781,72.80000305175781,72.80000305175781,3000,0.0,0.0
2025-06-27 03:10:00+00:00,72.69999694824219,72.69999694824219,72.69999694824219,72.69999694824219,5000,0.0,0.0
2025-06-27 03:15:00+00:00,72.69999694824219,72.9000015258789,72.69999694824219,72.9000015258789,9000,0.0,0.0
2025-06-27 03:25:00+00:00,72.80000305175781,72.9000015258789,72.80000305175781,72.9000015258789,9000,0.0,0.0
2025-06-27 03:30:00+00:00,72.80000305175781,72.80000305175781,72.69999694824219,72.69999694824219,7100,0.0,0.0
2025-06-27 03:35:00+00:00,72.69999694824219,72.69999694824219,72.69999694824219,72.69999694824219,2000,0.0,0.0
2025-06-27 03:45:00+00:00,72.80000305175781,72.80000305175781,72.80000305175781,72.80000305175781,12000,0.0,0.0
2025-06-27 03:50:00+00:00,72.69999694824219,72.80000305175781,72.69999694824219,72.80000305175781,5200,0.0,0.0
2025-06-27 04:00:00+00:00,72.69999694824219,72.80000305175781,72.69999694824219,72.80000305175781,5235,0.0,0.0
2025-06-27 04:05:00+00:00,72.80000305175781,72.80000305175781,72.69999694824219,72.80000305175781,5025,0.0,0.0
2025-06-27 04:10:00+00:00,72.69999694824219,72.80000305175781,72.69999694824219,72.69999694824219,10040,0.0,0.0
2025-06-27 04:15:00+00:00,72.69999694824219,72.69999694824219,72.69999694824219,72.69999694824219,4000,0.0,0.0
2025-06-27 04:20:00+00:00,72.69999694824219,72.80000305175781,72.69999694824219,72.80000305175781,22000,0.0,0.0
2025-06-27 04:25:00+00:00,72.80000305175781,72.80000305175781,72.80000305175781,72.80000305175781,5000,0.0,0.0
2025-06-27 04:30:00+00:00,72.9000015258789,73.0,72.9000015258789,73.0,13000,0.0,0.0
2025-06-27 04:35:00+00:00,72.9000015258789,73.0,72.9000015258789,72.9000015258789,4019,0.0,0.0
2025-06-27 04:50:00+00:00,72.9000015258789,72.9000015258789,72.9000015258789,72.9000015258789,2000,0.0,0.0
2025-06-27 04:55:00+00:00,72.9000015258789,72.9000015258789,72.80000305175781,72.80000305175781,12000,0.0,0.0
2025-06-27 05:00:00+00:00,72.69999694824219,72.80000305175781,72.69999694824219,72.80000305175781,21090,0.0,0.0
2025-06-27 05:05:00+00:00,72.80000305175781,72.80000305175781,72.80000305175781,72.80000305175781,3070,0.0,0.0
2025-06-27 05:10:00+00:00,72.80000305175781,72.80000305175781,72.80000305175781,72.80000305175781,4000,0.0,0.0
2025-06-27 05:15:00+00:00,72.80000305175781,72.80000305175781,72.69999694824219,72.80000305175781,10000,0.0,0.0
2025-06-27 05:20:00+00:00,72.69999694824219,72.69999694824219,72.5,72.5,65019,0.0,0.0
2025-05-02 01:00:00+00:00,73.5,73.5,73.0999984741211,73.30000305175781,0,0.0,0.0
2025-05-02 01:05:00+00:00,73.30000305175781,73.30000305175781,72.9000015258789,73.0999984741211,100000,0.0,0.0
2025-05-02 01:10:00+00:00,73.19999694824219,73.30000305175781,73.0,73.0999984741211,73180,0.0,0.0
2025-05-02 01:15:00+00:00,73.0999984741211,73.19999694824219,72.80000305175781,73.0999984741211,103282,0.0,0.0
2025-05-02 01:20:00+00:00,73.19999694824219,73.19999694824219,73.0,73.0,33465,0.0,0.0
2025-05-02 01:25:00+00:00,73.0,73.0999984741211,72.80000305175781,73.0999984741211,37038,0.0,0.0
2025-05-02 01:30:00+00:00,73.0999984741211,73.0999984741211,72.9000015258789,73.0,61300,0.0,0.0
2025-05-02 01:35:00+00:00,73.0,73.0999984741211,73.0,73.0999984741211,21780,0.0,0.0
2025-05-02 01:40:00+00:00,73.0999984741211,73.5999984741211,73.0,73.19999694824219,124810,0.0,0.0
2025-05-02 01:45:00+00:00,73.30000305175781,73.4000015258789,73.19999694824219,73.30000305175781,27103,0.0,0.0
2025-05-02 01:50:00+00:00,73.4000015258789,73.5,73.30000305175781,73.5,44510,0.0,0.0
2025-05-02 01:55:00+00:00,73.5,73.5999984741211,73.4000015258789,73.4000015258789,14485,0.0,0.0
2025-05-02 02:00:00+00:00,73.4000015258789,73.4000015258789,73.30000305175781,73.4000015258789,18026,0.0,0.0
2025-05-02 02:05:00+00:00,73.4000015258789,73.4000015258789,73.30000305175781,73.4000015258789,26005,0.0,0.0
2025-05-02 02:10:00+00:00,73.4000015258789,73.5,73.4000015258789,73.4000015258789,7100,0.0,0.0
2025-05-02 02:15:00+00:00,73.4000015258789,73.4000015258789,73.30000305175781,73.30000305175781,21032,0.0,0.0
2025-05-02 02:20:00+00:00,73.30000305175781,73.4000015258789,73.30000305175781,73.4000015258789,9107,0.0,0.0
2025-05-02 02:25:00+00:00,73.30000305175781,73.4000015258789,73.30000305175781,73.4000015258789,8000,0.0,0.0
2025-05-02 02:30:00+00:00,73.4000015258789,73.4000015258789,73.30000305175781,73.4000015258789,15150,0.0,0.0
2025-05-02 02:35:00+00:00,73.30000305175781,73.4000015258789,73.30000305175781,73.4000015258789,20051,0.0,0.0
2025-05-02 02:40:00+00:00,73.4000015258789,73.5,73.4000015258789,73.5,15050,0.0,0.0
2025-05-02 02:45:00+00:00,73.5,73.5,73.4000015258789,73.4000015258789,6080,0.0,0.0
2025-05-02 02:50:00+00:00,73.4000015258789,73.4000015258789,73.30000305175781,73.30000305175781,51000,0.0,0.0
2025-05-02 02:55:00+00:00,73.19999694824219,73.4000015258789,73.19999694824219,73.4000015258789,8000,0.0,0.0
2025-05-02 03:00:00+00:00,73.4000015258789,73.4000015258789,73.19999694824219,73.19999694824219,28042,0.0,0.0
2025-05-02 03:05:00+00:00,73.19999694824219,73.30000305175781,73.19999694824219,73.30000305175781,17000,0.0,0.0
2025-05-02 03:10:00+00:00,73.19999694824219,73.19999694824219,73.19999694824219,73.19999694824219,25200,0.0,0.0
2025-05-02 03:15:00+00:00,73.19999694824219,73.19999694824219,73.19999694824219,73.19999694824219,8040,0.0,0.0
2025-05-02 03:20:00+00:00,73.19999694824219,73.19999694824219,73.19999694824219,73.19999694824219,2007,0.0,0.0
2025-05-02 03:25:00+00:00,73.19999694824219,73.30000305175781,73.19999694824219,73.19999694824219,22000,0.0,0.0
2025-05-02 03:30:00+00:00,73.19999694824219,73.19999694824219,73.0999984741211,73.19999694824219,24000,0.0,0.0
2025-05-02 03:35:00+00:00,73.30000305175781,73.4000015258789,73.30000305175781,73.4000015258789,9007,0.0,0.0
2025-05-02 03:40:00+00:00,73.30000305175781,73.4000015258789,73.30000305175781,73.4000015258789,22010,0.0,0.0
2025-05-02 03:45:00+00:00,73.4000015258789,73.5,73.4000015258789,73.5,26047,0.0,0.0
2025-05-02 03:50:00+00:00,73.5,73.5,73.5,73.5,8000,0.0,0.0
2025-05-02 03:55:00+00:00,73.5,73.5999984741211,73.5,73.5999984741211,15116,0.0,0.0
2025-05-02 04:00:00+00:00,73.5999984741211,73.5999984741211,73.5,73.5,18000,0.0,0.0
2025-05-02 04:05:00+00:00,73.5,73.5999984741211,73.4000015258789,73.5999984741211,11074,0.0,0.0
2025-05-02 04:10:00+00:00,73.5,73.5,73.4000015258789,73.4000015258789,9000,0.0,0.0
2025-05-02 04:15:00+00:00,73.5,73.5,73.4000015258789,73.4000015258789,9037,0.0,0.0
2025-05-02 04:20:00+00:00,73.5,73.5999984741211,73.5,73.5999984741211,34000,0.0,0.0
2025-05-02 04:25:00+00:00,73.5999984741211,73.5999984741211,73.5999984741211,73.5999984741211,18000,0.0,0.0
2025-05-02 04:30:00+00:00,73.5999984741211,73.5999984741211,73.5999984741211,73.5999984741211,12000,0.0,0.0
2025-05-02 04:35:00+00:00,73.5999984741211,73.5999984741211,73.5,73.5,10071,0.0,0.0
2025-05-02 04:40:00+00:00,73.5,73.5,73.4000015258789,73.4000015258789,44007,0.0,0.0
2025-05-02 04:45:00+00:00,73.4000015258789,73.5,73.4000015258789,73.5,12120,0.0,0.0
2025-05-02 04:50:00+00:00,73.4000015258789,73.5,73.30000305175781,73.5,18100,0.0,0.0
2025-05-02 04:55:00+00:00,73.4000015258789,73.4000015258789,73.19999694824219,73.4000015258789,93004,0.0,0.0
2025-05-02 05:00:00+00:00,73.30000305175781,73.5,73.30000305175781,73.5,17010,0.0,0.0
2025-05-02 05:05:00+00:00,73.5,73.5999984741211,73.5,73.5999984741211,29010,0.0,0.0
2025-05-02 05:10:00+00:00,73.5999984741211,73.5999984741211,73.5999984741211,73.5999984741211,36116,0.0,0.0
2025-05-02 05:15:00+00:00,73.5999984741211,73.5999984741211,73.5,73.5999984741211,51027,0.0,0.0
2025-05-02 05:20:00+00:00,73.5999984741211,73.80000305175781,73.5999984741211,73.80000305175781,44694,0.0,0.0
2025-05-05 01:00:00+00:00,72.80000305175781,72.80000305175781,70.30000305175781,71.5999984741211,0,0.0,0.0
2025-05-05 01:05:00+00:00,71.69999694824219,71.69999694824219,70.5,70.80000305175781,412000,0.0,0.0
2025-05-05 01:10:00+00:00,70.5,71.19999694824219,70.4000015258789,71.0,119669,0.0,0.0
2025-05-05 01:15:00+00:00,70.80000305175781,71.30000305175781,70.5999984741211,70.9000015258789,106753,0.0,0.0
2025-05-05 01:20:00+00:00,70.9000015258789,71.0,69.0,69.5999984741211,408207,0.0,0.0
2025-05-05 01:25:00+00:00,69.5,69.80000305175781,69.0,69.0,268176,0.0,0.0
2025-05-05 01:30:00+00:00,69.0,69.0,68.69999694824219,68.9000015258789,153963,0.0,0.0
2025-05-05 01:35:00+00:00,68.9000015258789,69.0,68.5999984741211,68.80000305175781,123739,0.0,0.0
2025-05-05 01:40:00+00:00,68.80000305175781,68.80000305175781,68.69999694824219,68.69999694824219,57280,0.0,0.0
2025-05-05 01:45:00+00:00,68.69999694824219,68.69999694824219,68.0999984741211,68.19999694824219,134316,0.0,0.0
2025-05-05 01:50:00+00:00,68.0999984741211,68.30000305175781,67.69999694824219,68.30000305175781,99862,0.0,0.0
2025-05-05 01:55:00+00:00,68.19999694824219,68.19999694824219,67.5999984741211,67.80000305175781,78099,0.0,0.0
2025-05-05 02:00:00+00:00,67.9000015258789,68.0,67.5999984741211,67.5999984741211,66500,0.0,0.0
2025-05-05 02:05:00+00:00,67.5999984741211,67.5999984741211,67.0,67.4000015258789,181084,0.0,0.0
2025-05-05 02:10:00+00:00,67.19999694824219,67.5999984741211,67.0,67.5,69270,0.0,0.0
2025-05-05 02:15:00+00:00,67.5999984741211,67.69999694824219,67.4000015258789,67.4000015258789,38130,0.0,0.0
2025-05-05 02:20:00+00:00,67.4000015258789,67.5,67.0,67.19999694824219,59000,0.0,0.0
2025-05-05 02:25:00+00:00,67.19999694824219,67.4000015258789,67.19999694824219,67.30000305175781,14478,0.0,0.0
2025-05-05 02:30:00+00:00,67.30000305175781,67.30000305175781,66.5,66.5,379217,0.0,0.0
2025-05-05 02:35:00+00:00,66.5,66.5,66.5,66.5,277194,0.0,0.0
2025-05-05 02:40:00+00:00,66.5,66.80000305175781,66.5,66.5,197979,0.0,0.0
2025-05-05 02:45:00+00:00,66.5,66.69999694824219,66.5,66.69999694824219,95829,0.0,0.0
2025-05-05 02:50:00+00:00,66.80000305175781,66.80000305175781,66.5999984741211,66.80000305175781,26000,0.0,0.0
2025-05-05 02:55:00+00:00,66.69999694824219,66.9000015258789,66.5,66.5999984741211,122006,0.0,0.0
2025-05-05 03:00:00+00:00,66.9000015258789,67.4000015258789,66.80000305175781,67.19999694824219,91290,0.0,0.0
2025-05-05 03:05:00+00:00,67.0999984741211,67.5999984741211,67.0999984741211,67.5,65834,0.0,0.0
2025-05-05 03:10:00+00:00,67.5999984741211,67.5999984741211,67.30000305175781,67.4000015258789,54162,0.0,0.0
2025-05-05 03:15:00+00:00,67.4000015258789,67.5999984741211,67.30000305175781,67.30000305175781,30316,0.0,0.0
2025-05-05 03:20:00+00:00,67.19999694824219,68.0,67.19999694824219,67.5999984741211,50000,0.0,0.0
2025-05-05 03:25:00+00:00,67.69999694824219,67.69999694824219,67.5,67.5,27400,0.0,0.0
2025-05-05 03:30:00+00:00,67.5,67.5999984741211,67.4000015258789,67.5999984741211,31200,0.0,0.0
2025-05-05 03:35:00+00:00,67.69999694824219,67.80000305175781,67.5999984741211,67.69999694824219,25297,0.0,0.0
2025-05-05 03:40:00+00:00,67.69999694824219,67.69999694824219,67.4000015258789,67.4000015258789,28500,0.0,0.0
2025-05-05 03:45:00+00:00,67.5999984741211,67.69999694824219,67.19999694824219,67.69999694824219,125000,0.0,0.0
2025-05-05 03:50:00+00:00,67.69999694824219,67.9000015258789,67.5999984741211,67.9000015258789,50336,0.0,0.0
2025-05-05 03:55:00+00:00,67.80000305175781,67.80000305175781,67.80000305175781,67.80000305175781,22249,0.0,0.0
2025-05-05 04:00:00+00:00,67.80000305175781,67.80000305175781,67.69999694824219,67.69999694824219,6819,0.0,0.0
2025-05-05 04:05:00+00:00,67.69999694824219,67.80000305175781,67.69999694824219,67.69999694824219,13055,0.0,0.0
2025-05-05 04:10:00+00:00,67.80000305175781,67.9000015258789,67.5999984741211,67.9000015258789,46307,0.0,0.0
2025-05-05 04:15:00+00:00,67.9000015258789,68.0,67.80000305175781,67.80000305175781,25450,0.0,0.0
2025-05-05 04:20:00+00:00,67.80000305175781,67.80000305175781,67.69999694824219,67.80000305175781,12350,0.0,0.0
2025-05-05 04:25:00+00:00,67.80000305175781,67.80000305175781,67.69999694824219,67.80000305175781,36165,0.0,0.0
2025-05-05 04:30:00+00:00,67.80000305175781,67.9000015258789,67.69999694824219,67.9000015258789,32128,0.0,0.0
2025-05-05 04:35:00+00:00,67.9000015258789,68.19999694824219,67.9000015258789,68.0,53453,0.0,0.0
2025-05-05 04:40:00+00:00,68.0,68.19999694824219,68.0,68.19999694824219,22103,0.0,0.0
2025-05-05 04:45:00+00:00,68.19999694824219,68.19999694824219,68.0,68.0999984741211,20320,0.0,0.0
2025-05-05 04:50:00+00:00,68.0999984741211,68.0999984741211,68.0,68.0,32040,0.0,0.0
2025-05-05 04:55:00+00:00,67.9000015258789,68.0,67.69999694824219,67.69999694824219,40016,0.0,0.0
2025-05-05 05:00:00+00:00,67.69999694824219,67.9000015258789,67.69999694824219,67.9000015258789,17030,0.0,0.0
2025-05-05 05:05:00+00:00,67.9000015258789,67.9000015258789,67.69999694824219,67.9000015258789,37250,0.0,0.0
2025-05-05 05:10:00+00:00,67.9000015258789,67.9000015258789,67.80000305175781,67.9000015258789,20100,0.0,0.0
2025-05-05 05:15:00+00:00,67.80000305175781,67.9000015258789,67.80000305175781,67.80000305175781,28076,0.0,0.0
2025-05-05 05:20:00+00:00,67.80000305175781,67.9000015258789,67.5999984741211,67.69999694824219,66297,0.0,0.0
2025-05-06 01:00:00+00:00,67.80000305175781,68.4000015258789,67.69999694824219,67.9000015258789,0,0.0,0.0
2025-05-06 01:05:00+00:00,67.9000015258789,68.4000015258789,67.9000015258789,68.30000305175781,65000,0.0,0.0
2025-05-06 01:10:00+00:00,68.30000305175781,68.5999984741211,68.0999984741211,68.5999984741211,107689,0.0,0.0
2025-05-06 01:15:00+00:00,68.69999694824219,69.19999694824219,68.69999694824219,69.0,124374,0.0,0.0
2025-05-06 01:20:00+00:00,68.9000015258789,69.0999984741211,68.80000305175781,69.0,84457,0.0,0.0
2025-05-06 01:25:00+00:00,69.0,69.0999984741211,68.9000015258789,69.0,31000,0.0,0.0
2025-05-06 01:30:00+00:00,69.0,69.0999984741211,68.9000015258789,68.9000015258789,41200,0.0,0.0
2025-05-06 01:35:00+00:00,68.9000015258789,69.0,68.9000015258789,69.0,31049,0.0,0.0
2025-05-06 01:40:00+00:00,69.0,69.0999984741211,68.69999694824219,68.69999694824219,54831,0.0,0.0
2025-05-06 01:45:00+00:00,68.69999694824219,68.69999694824219,68.5,68.5,60497,0.0,0.0
2025-05-06 01:50:00+00:00,68.5999984741211,68.69999694824219,68.5999984741211,68.5999984741211,19648,0.0,0.0
2025-05-06 01:55:00+00:00,68.69999694824219,68.69999694824219,68.69999694824219,68.69999694824219,13104,0.0,0.0
2025-05-06 02:00:00+00:00,68.69999694824219,68.69999694824219,68.69999694824219,68.69999694824219,5500,0.0,0.0
2025-05-06 02:05:00+00:00,68.69999694824219,68.80000305175781,68.69999694824219,68.80000305175781,29050,0.0,0.0
2025-05-06 02:10:00+00:00,68.80000305175781,68.80000305175781,68.69999694824219,68.69999694824219,19101,0.0,0.0
2025-05-06 02:15:00+00:00,68.5999984741211,68.69999694824219,68.5999984741211,68.69999694824219,13138,0.0,0.0
2025-05-06 02:20:00+00:00,68.69999694824219,68.69999694824219,68.5999984741211,68.5999984741211,26200,0.0,0.0
2025-05-06 02:25:00+00:00,68.5999984741211,68.5999984741211,68.5,68.5999984741211,16150,0.0,0.0
2025-05-06 02:30:00+00:00,68.69999694824219,68.80000305175781,68.69999694824219,68.69999694824219,16221,0.0,0.0
2025-05-06 02:35:00+00:00,68.69999694824219,68.80000305175781,68.69999694824219,68.80000305175781,15000,0.0,0.0
2025-05-06 02:40:00+00:00,68.69999694824219,68.69999694824219,68.0999984741211,68.69999694824219,104000,0.0,0.0
2025-05-06 02:45:00+00:00,68.5999984741211,68.69999694824219,68.5,68.69999694824219,11000,0.0,0.0
2025-05-06 02:50:00+00:00,68.9000015258789,68.9000015258789,68.80000305175781,68.9000015258789,14219,0.0,0.0
2025-05-06 02:55:00+00:00,68.9000015258789,68.9000015258789,68.80000305175781,68.80000305175781,20065,0.0,0.0
2025-05-06 03:00:00+00:00,68.80000305175781,68.80000305175781,68.80000305175781,68.80000305175781,4406,0.0,0.0
2025-05-06 03:05:00+00:00,68.9000015258789,68.9000015258789,68.9000015258789,68.9000015258789,3000,0.0,0.0
2025-05-06 03:15:00+00:00,68.80000305175781,68.80000305175781,68.69999694824219,68.69999694824219,5337,0.0,0.0
2025-05-06 03:20:00+00:00,68.80000305175781,68.80000305175781,68.80000305175781,68.80000305175781,5517,0.0,0.0
2025-05-06 03:25:00+00:00,68.80000305175781,68.9000015258789,68.80000305175781,68.9000015258789,16000,0.0,0.0
2025-05-06 03:30:00+00:00,68.9000015258789,69.0999984741211,68.9000015258789,69.0999984741211,38000,0.0,0.0
2025-05-06 03:35:00+00:00,69.0999984741211,69.0999984741211,69.0999984741211,69.0999984741211,6500,0.0,0.0
2025-05-06 03:40:00+00:00,69.0999984741211,69.19999694824219,69.0999984741211,69.0999984741211,21000,0.0,0.0
2025-05-06 03:45:00+00:00,69.0999984741211,69.0999984741211,69.0999984741211,69.0999984741211,16000,0.0,0.0
2025-05-06 03:50:00+00:00,69.0,69.0,69.0,69.0,6001,0.0,0.0
2025-05-06 03:55:00+00:00,69.0,69.0,69.0,69.0,6000,0.0,0.0
2025-05-06 04:00:00+00:00,69.0,69.0999984741211,69.0,69.0999984741211,7000,0.0,0.0
2025-05-06 04:05:00+00:00,69.0999984741211,69.0999984741211,69.0,69.0999984741211,7000,0.0,0.0
2025-05-06 04:10:00+00:00,69.19999694824219,69.19999694824219,69.19999694824219,69.19999694824219,2000,0.0,0.0
2025-05-06 04:15:00+00:00,69.19999694824219,69.19999694824219,68.9000015258789,69.0,18311,0.0,0.0
2025-05-06 04:20:00+00:00,69.0,69.0,69.0,69.0,3100,0.0,0.0
2025-05-06 04:25:00+00:00,68.9000015258789,69.0,68.9000015258789,69.0,4000,0.0,0.0
2025-05-06 04:30:00+00:00,69.0,69.0,68.9000015258789,68.9000015258789,17200,0.0,0.0
2025-05-06 04:35:00+00:00,68.80000305175781,68.80000305175781,68.80000305175781,68.80000305175781,2000,0.0,0.0
2025-05-06 04:40:00+00:00,68.80000305175781,68.9000015258789,68.80000305175781,68.9000015258789,4180,0.0,0.0
2025-05-06 04:45:00+00:00,68.80000305175781,68.9000015258789,68.80000305175781,68.9000015258789,3030,0.0,0.0
2025-05-06 04:50:00+00:00,68.9000015258789,68.9000015258789,68.80000305175781,68.80000305175781,9000,0.0,0.0
2025-05-06 04:55:00+00:00,68.80000305175781,68.80000305175781,68.69999694824219,68.80000305175781,7000,0.0,0.0
2025-05-06 05:00:00+00:00,68.80000305175781,68.80000305175781,68.69999694824219,68.69999694824219,5000,0.0,0.0
2025-05-06 05:05:00+00:00,68.69999694824219,68.80000305175781,68.69999694824219,68.69999694824219,9020,0.0,0.0
2025-05-06 05:10:00+00:00,68.69999694824219,68.80000305175781,68.69999694824219,68.80000305175781,18054,0.0,0.0
2025-05-06 05:15:00+00:00,68.9000015258789,68.9000015258789,68.80000305175781,68.9000015258789,28000,0.0,0.0
2025-05-06 05:20:00+00:00,69.0,69.19999694824219,68.9000015258789,69.19999694824219,82377,0.0,0.0
2025-05-07 01:00:00+00:00,69.30000305175781,69.69999694824219,68.9000015258789,69.19999694824219,0,0.0,0.0
2025-05-07 01:05:00+00:00,69.19999694824219,69.5,69.0999984741211,69.4000015258789,70000,0.0,0.0
2025-05-07 01:10:00+00:00,69.5,69.5,69.30000305175781,69.30000305175781,65684,0.0,0.0
2025-05-07 01:15:00+00:00,69.30000305175781,69.4000015258789,69.19999694824219,69.19999694824219,44519,0.0,0.0
2025-05-07 01:20:00+00:00,69.0999984741211,69.0999984741211,68.9000015258789,68.9000015258789,71622,0.0,0.0
2025-05-07 01:25:00+00:00,68.9000015258789,69.0999984741211,68.9000015258789,68.9000015258789,55257,0.0,0.0
2025-05-07 01:30:00+00:00,68.80000305175781,68.80000305175781,68.5,68.5,78873,0.0,0.0
2025-05-07 01:35:00+00:00,68.5,68.5,68.30000305175781,68.4000015258789,53160,0.0,0.0
2025-05-07 01:40:00+00:00,68.4000015258789,68.69999694824219,68.4000015258789,68.69999694824219,31100,0.0,0.0
2025-05-07 01:45:00+00:00,68.80000305175781,69.0,68.69999694824219,69.0,19148,0.0,0.0
2025-05-07 01:50:00+00:00,69.0,69.0,68.9000015258789,69.0,12177,0.0,0.0
2025-05-07 01:55:00+00:00,69.0,69.0,69.0,69.0,14100,0.0,0.0
2025-05-07 02:00:00+00:00,69.0999984741211,69.0999984741211,68.9000015258789,68.9000015258789,30000,0.0,0.0
2025-05-07 02:05:00+00:00,68.9000015258789,69.19999694824219,68.9000015258789,69.0,22000,0.0,0.0
2025-05-07 02:10:00+00:00,69.0999984741211,69.0999984741211,69.0999984741211,69.0999984741211,13000,0.0,0.0
2025-05-07 02:15:00+00:00,69.0999984741211,69.19999694824219,69.0999984741211,69.19999694824219,5000,0.0,0.0
2025-05-07 02:20:00+00:00,69.19999694824219,69.19999694824219,69.0,69.0,9099,0.0,0.0
2025-05-07 02:25:00+00:00,69.0,69.0999984741211,68.9000015258789,69.0999984741211,13430,0.0,0.0
2025-05-07 02:30:00+00:00,69.0999984741211,69.5,69.0999984741211,69.5,54000,0.0,0.0
2025-05-07 02:35:00+00:00,69.4000015258789,69.5999984741211,69.4000015258789,69.5,39000,0.0,0.0
2025-05-07 02:40:00+00:00,69.5,69.5,69.19999694824219,69.19999694824219,14580,0.0,0.0
2025-05-07 02:45:00+00:00,69.19999694824219,69.19999694824219,69.0999984741211,69.0999984741211,7010,0.0,0.0
2025-05-07 02:50:00+00:00,69.0999984741211,69.0999984741211,69.0,69.0999984741211,9750,0.0,0.0
2025-05-07 03:00:00+00:00,69.0999984741211,69.19999694824219,69.0999984741211,69.19999694824219,4500,0.0,0.0
2025-05-07 03:05:00+00:00,69.19999694824219,69.19999694824219,69.19999694824219,69.19999694824219,4000,0.0,0.0
2025-05-07 03:10:00+00:00,69.19999694824219,69.19999694824219,69.19999694824219,69.19999694824219,2000,0.0,0.0
2025-05-07 03:15:00+00:00,69.0999984741211,69.0999984741211,69.0999984741211,69.0999984741211,4043,0.0,0.0
2025-05-07 03:20:00+00:00,69.0999984741211,69.19999694824219,69.0999984741211,69.0999984741211,11045,0.0,0.0
2025-05-07 03:25:00+00:00,69.19999694824219,69.19999694824219,69.19999694824219,69.19999694824219,7088,0.0,0.0
2025-05-07 03:30:00+00:00,69.19999694824219,69.19999694824219,69.19999694824219,69.19999694824219,3000,0.0,0.0
2025-05-07 03:40:00+00:00,69.0999984741211,69.0999984741211,69.0999984741211,69.0999984741211,1200,0.0,0.0
2025-05-07 03:45:00+00:00,69.0999984741211,69.0999984741211,69.0,69.0,12000,0.0,0.0
2025-05-07 03:50:00+00:00,69.0999984741211,69.0999984741211,69.0999984741211,69.0999984741211,1005,0.0,0.0
2025-05-07 03:55:00+00:00,69.0,69.0,69.0,69.0,13100,0.0,0.0
2025-05-07 04:00:00+00:00,68.9000015258789,69.0,68.80000305175781,69.0,28597,0.0,0.0
2025-05-07 04:05:00+00:00,69.0,69.0,69.0,69.0,5000,0.0,0.0
2025-05-07 04:10:00+00:00,68.9000015258789,69.0,68.80000305175781,68.80000305175781,10100,0.0,0.0
2025-05-07 04:15:00+00:00,68.80000305175781,69.0,68.80000305175781,69.0,10150,0.0,0.0
2025-05-07 04:20:00+00:00,69.0,69.0999984741211,69.0,69.0999984741211,2023,0.0,0.0
2025-05-07 04:25:00+00:00,69.0999984741211,69.0999984741211,69.0,69.0,5000,0.0,0.0
2025-05-07 04:30:00+00:00,69.0,69.0999984741211,69.0,69.0,3009,0.0,0.0
2025-05-07 04:35:00+00:00,69.0,69.0,69.0,69.0,5000,0.0,0.0
2025-05-07 04:40:00+00:00,69.0,69.0,68.9000015258789,69.0,14223,0.0,0.0
2025-05-07 04:45:00+00:00,68.9000015258789,69.0,68.80000305175781,69.0,15003,0.0,0.0
2025-05-07 04:50:00+00:00,69.0,69.0999984741211,69.0,69.0999984741211,7097,0.0,0.0
2025-05-07 04:55:00+00:00,69.0999984741211,69.19999694824219,69.0999984741211,69.19999694824219,9100,0.0,0.0
2025-05-07 05:00:00+00:00,69.0999984741211,69.0999984741211,68.9000015258789,69.0,37126,0.0,0.0
2025-05-07 05:05:00+00:00,68.9000015258789,68.9000015258789,68.9000015258789,68.9000015258789,1000,0.0,0.0
2025-05-07 05:10:00+00:00,69.0,69.0999984741211,68.9000015258789,69.0999984741211,32470,0.0,0.0
2025-05-07 05:15:00+00:00,69.0,69.0,69.0,69.0,14000,0.0,0.0
2025-05-07 05:20:00+00:00,69.0,69.0999984741211,69.0,69.0,16976,0.0,0.0
2025-05-08 01:00:00+00:00,70.9000015258789,71.5999984741211,70.9000015258789,71.0999984741211,0,0.0,0.0
2025-05-08 01:05:00+00:00,71.0,71.5999984741211,71.0,71.5,169369,0.0,0.0
2025-05-08 01:10:00+00:00,71.5,72.0999984741211,71.5,71.5,180129,0.0,0.0
2025-05-08 01:15:00+00:00,71.5,71.5,71.30000305175781,71.4000015258789,71705,0.0,0.0
2025-05-08 01:20:00+00:00,71.4000015258789,71.69999694824219,71.30000305175781,71.5999984741211,73758,0.0,0.0
2025-05-08 01:40:00+00:00,70.9000015258789,71.0999984741211,70.80000305175781,71.0,236019,0.0,0.0
2025-05-08 01:45:00+00:00,71.0999984741211,71.30000305175781,71.0999984741211,71.0999984741211,67068,0.0,0.0
2025-05-08 01:50:00+00:00,71.19999694824219,71.19999694824219,70.80000305175781,70.80000305175781,23010,0.0,0.0
2025-05-08 01:55:00+00:00,70.9000015258789,70.9000015258789,70.80000305175781,70.9000015258789,14020,0.0,0.0
2025-05-08 02:00:00+00:00,70.80000305175781,70.80000305175781,70.69999694824219,70.80000305175781,20000,0.0,0.0
2025-05-08 02:05:00+00:00,70.80000305175781,70.80000305175781,70.69999694824219,70.69999694824219,14500,0.0,0.0
2025-05-08 02:10:00+00:00,70.69999694824219,70.80000305175781,70.5999984741211,70.5999984741211,38174,0.0,0.0
2025-05-08 02:15:00+00:00,70.5999984741211,70.5999984741211,70.4000015258789,70.5,24020,0.0,0.0
2025-05-08 02:20:00+00:00,70.5,70.5999984741211,70.5,70.5,15000,0.0,0.0
2025-05-08 02:25:00+00:00,70.5,70.80000305175781,70.5,70.80000305175781,18000,0.0,0.0
2025-05-08 02:30:00+00:00,70.80000305175781,70.9000015258789,70.69999694824219,70.69999694824219,14132,0.0,0.0
2025-05-08 02:35:00+00:00,70.69999694824219,70.69999694824219,70.5999984741211,70.5999984741211,6000,0.0,0.0
2025-05-08 02:40:00+00:00,70.5999984741211,70.69999694824219,70.5999984741211,70.69999694824219,3120,0.0,0.0
2025-05-08 02:45:00+00:00,70.80000305175781,70.80000305175781,70.69999694824219,70.69999694824219,9000,0.0,0.0
2025-05-08 02:50:00+00:00,70.69999694824219,70.69999694824219,70.5999984741211,70.5999984741211,18507,0.0,0.0
2025-05-08 02:55:00+00:00,70.5,70.5,70.5,70.5,2000,0.0,0.0
2025-05-08 03:00:00+00:00,70.5999984741211,70.5999984741211,70.5999984741211,70.5999984741211,9000,0.0,0.0
2025-05-08 03:05:00+00:00,70.5999984741211,70.69999694824219,70.5999984741211,70.69999694824219,8000,0.0,0.0
2025-05-08 03:10:00+00:00,70.5999984741211,70.80000305175781,70.5999984741211,70.69999694824219,12000,0.0,0.0
2025-05-08 03:15:00+00:00,70.69999694824219,70.80000305175781,70.69999694824219,70.80000305175781,8000,0.0,0.0
2025-05-08 03:20:00+00:00,70.80000305175781,70.80000305175781,70.69999694824219,70.69999694824219,8196,0.0,0.0
2025-05-08 03:25:00+00:00,70.69999694824219,70.80000305175781,70.5999984741211,70.69999694824219,11083,0.0,0.0
2025-05-08 03:30:00+00:00,70.69999694824219,70.69999694824219,70.5999984741211,70.69999694824219,0,0.0,0.0
2025-05-08 03:35:00+00:00,70.5999984741211,70.69999694824219,70.5,70.5,602992,0.0,0.0
2025-05-08 03:40:00+00:00,70.5,70.5999984741211,70.5,70.5,27304,0.0,0.0
2025-05-08 03:45:00+00:00,70.69999694824219,70.69999694824219,70.5,70.5999984741211,7100,0.0,0.0
2025-05-08 03:50:00+00:00,70.5,70.5999984741211,70.5,70.5999984741211,7006,0.0,0.0
2025-05-08 03:55:00+00:00,70.5,70.5,70.4000015258789,70.5,23815,0.0,0.0
2025-05-08 04:00:00+00:00,70.5,70.5999984741211,70.5,70.5999984741211,6000,0.0,0.0
2025-05-08 04:05:00+00:00,70.5999984741211,70.5999984741211,70.5999984741211,70.5999984741211,9000,0.0,0.0
2025-05-08 04:10:00+00:00,70.5999984741211,70.69999694824219,70.5999984741211,70.69999694824219,10033,0.0,0.0
2025-05-08 04:15:00+00:00,70.5999984741211,70.69999694824219,70.5999984741211,70.5999984741211,8050,0.0,0.0
2025-05-08 04:20:00+00:00,70.69999694824219,70.80000305175781,70.5999984741211,70.80000305175781,27017,0.0,0.0
2025-05-08 04:25:00+00:00,70.80000305175781,70.80000305175781,70.80000305175781,70.80000305175781,14000,0.0,0.0
2025-05-08 04:30:00+00:00,70.80000305175781,70.9000015258789,70.69999694824219,70.69999694824219,17007,0.0,0.0
2025-05-08 04:35:00+00:00,70.69999694824219,70.69999694824219,70.69999694824219,70.69999694824219,13000,0.0,0.0
2025-05-08 04:40:00+00:00,70.69999694824219,70.69999694824219,70.69999694824219,70.69999694824219,10236,0.0,0.0
2025-05-08 04:45:00+00:00,70.80000305175781,70.80000305175781,70.80000305175781,70.80000305175781,7115,0.0,0.0
2025-05-08 04:50:00+00:00,70.69999694824219,70.80000305175781,70.69999694824219,70.69999694824219,23104,0.0,0.0
2025-05-08 04:55:00+00:00,70.69999694824219,70.69999694824219,70.69999694824219,70.69999694824219,4150,0.0,0.0
2025-05-08 05:00:00+00:00,70.69999694824219,70.69999694824219,70.5999984741211,70.5999984741211,21000,0.0,0.0
2025-05-08 05:05:00+00:00,70.5999984741211,70.69999694824219,70.5999984741211,70.69999694824219,23150,0.0,0.0
2025-05-08 05:10:00+00:00,70.69999694824219,70.69999694824219,70.5999984741211,70.5999984741211,4100,0.0,0.0
2025-05-08 05:15:00+00:00,70.5999984741211,70.69999694824219,70.5999984741211,70.5999984741211,24087,0.0,0.0
2025-05-08 05:20:00+00:00,70.5999984741211,70.80000305175781,70.5999984741211,70.80000305175781,60137,0.0,0.0
2025-05-09 01:00:00+00:00,71.5,71.5999984741211,70.9000015258789,70.9000015258789,0,0.0,0.0
2025-05-09 01:05:00+00:00,71.19999694824219,71.5999984741211,71.19999694824219,71.4000015258789,62028,0.0,0.0
2025-05-09 01:10:00+00:00,71.4000015258789,71.5,71.30000305175781,71.4000015258789,56996,0.0,0.0
2025-05-09 01:15:00+00:00,71.30000305175781,71.30000305175781,71.0999984741211,71.0999984741211,25000,0.0,0.0
2025-05-09 01:20:00+00:00,71.0999984741211,71.0999984741211,71.0,71.0999984741211,39348,0.0,0.0
2025-05-09 01:25:00+00:00,71.0,71.0,70.80000305175781,70.9000015258789,34069,0.0,0.0
2025-05-09 01:30:00+00:00,71.0,71.0,70.80000305175781,71.0,24000,0.0,0.0
2025-05-09 01:35:00+00:00,70.9000015258789,71.0,70.80000305175781,71.0,13460,0.0,0.0
2025-05-09 01:40:00+00:00,70.9000015258789,71.0,70.9000015258789,70.9000015258789,9010,0.0,0.0
2025-05-09 01:45:00+00:00,70.80000305175781,70.9000015258789,70.80000305175781,70.9000015258789,9160,0.0,0.0
2025-05-09 01:50:00+00:00,70.80000305175781,70.9000015258789,70.80000305175781,70.80000305175781,13000,0.0,0.0
2025-05-09 01:55:00+00:00,70.69999694824219,70.69999694824219,70.5999984741211,70.5999984741211,24429,0.0,0.0
2025-05-09 02:00:00+00:00,70.69999694824219,70.69999694824219,70.5999984741211,70.5999984741211,22472,0.0,0.0
2025-05-09 02:05:00+00:00,70.5,70.5999984741211,70.5,70.5999984741211,13001,0.0,0.0
2025-05-09 02:10:00+00:00,70.69999694824219,70.69999694824219,70.69999694824219,70.69999694824219,4000,0.0,0.0
2025-05-09 02:15:00+00:00,70.69999694824219,70.69999694824219,70.5999984741211,70.5999984741211,3000,0.0,0.0
2025-05-09 02:20:00+00:00,70.69999694824219,70.80000305175781,70.69999694824219,70.80000305175781,8010,0.0,0.0
2025-05-09 02:25:00+00:00,70.80000305175781,70.80000305175781,70.80000305175781,70.80000305175781,8150,0.0,0.0
2025-05-09 02:30:00+00:00,70.9000015258789,71.0,70.9000015258789,70.9000015258789,25105,0.0,0.0
2025-05-09 02:35:00+00:00,70.9000015258789,71.0999984741211,70.9000015258789,71.0,42270,0.0,0.0
2025-05-09 02:40:00+00:00,71.0999984741211,71.0999984741211,71.0999984741211,71.0999984741211,20000,0.0,0.0
2025-05-09 02:45:00+00:00,71.0999984741211,71.19999694824219,71.0999984741211,71.19999694824219,31000,0.0,0.0
2025-05-09 02:50:00+00:00,71.19999694824219,71.19999694824219,71.19999694824219,71.19999694824219,26000,0.0,0.0
2025-05-09 02:55:00+00:00,71.19999694824219,71.19999694824219,71.19999694824219,71.19999694824219,6000,0.0,0.0
2025-05-09 03:00:00+00:00,71.0999984741211,71.19999694824219,71.0999984741211,71.19999694824219,10000,0.0,0.0
2025-05-09 03:05:00+00:00,71.19999694824219,71.19999694824219,71.19999694824219,71.19999694824219,9000,0.0,0.0
2025-05-09 03:10:00+00:00,71.19999694824219,71.30000305175781,71.19999694824219,71.30000305175781,44829,0.0,0.0
2025-05-09 03:15:00+00:00,71.30000305175781,71.30000305175781,71.0,71.0999984741211,44010,0.0,0.0
2025-05-09 03:25:00+00:00,71.0999984741211,71.0999984741211,71.0999984741211,71.0999984741211,1020,0.0,0.0
2025-05-09 03:30:00+00:00,71.0999984741211,71.19999694824219,71.0,71.19999694824219,16225,0.0,0.0
2025-05-09 03:35:00+00:00,71.19999694824219,71.30000305175781,71.19999694824219,71.30000305175781,23000,0.0,0.0
2025-05-09 03:40:00+00:00,71.30000305175781,71.4000015258789,71.30000305175781,71.4000015258789,6000,0.0,0.0
2025-05-09 03:45:00+00:00,71.30000305175781,71.30000305175781,71.30000305175781,71.30000305175781,5000,0.0,0.0
2025-05-09 03:50:00+00:00,71.30000305175781,71.30000305175781,71.19999694824219,71.30000305175781,21000,0.0,0.0
2025-05-09 03:55:00+00:00,71.30000305175781,71.4000015258789,71.0999984741211,71.19999694824219,26240,0.0,0.0
2025-05-09 04:00:00+00:00,71.19999694824219,71.4000015258789,71.19999694824219,71.30000305175781,50000,0.0,0.0
2025-05-09 04:05:00+00:00,71.4000015258789,71.4000015258789,71.30000305175781,71.4000015258789,18148,0.0,0.0
2025-05-09 04:10:00+00:00,71.4000015258789,71.5,71.4000015258789,71.5,14000,0.0,0.0
2025-05-09 04:15:00+00:00,71.4000015258789,71.4000015258789,71.4000015258789,71.4000015258789,29486,0.0,0.0
2025-05-09 04:20:00+00:00,71.4000015258789,71.4000015258789,71.30000305175781,71.4000015258789,25000,0.0,0.0
2025-05-09 04:25:00+00:00,71.4000015258789,71.80000305175781,71.4000015258789,71.80000305175781,101642,0.0,0.0
2025-05-09 04:30:00+00:00,71.69999694824219,71.69999694824219,71.5999984741211,71.5999984741211,28016,0.0,0.0
2025-05-09 04:35:00+00:00,71.5999984741211,71.5999984741211,71.5,71.5,35234,0.0,0.0
2025-05-09 04:40:00+00:00,71.5,71.5999984741211,71.5,71.5999984741211,24216,0.0,0.0
2025-05-09 04:45:00+00:00,71.69999694824219,71.69999694824219,71.69999694824219,71.69999694824219,1030,0.0,0.0
2025-05-09 04:50:00+00:00,71.69999694824219,71.80000305175781,71.5999984741211,71.80000305175781,36000,0.0,0.0
2025-05-09 04:55:00+00:00,71.69999694824219,71.80000305175781,71.69999694824219,71.69999694824219,31001,0.0,0.0
2025-05-09 05:00:00+00:00,71.69999694824219,71.80000305175781,71.69999694824219,71.80000305175781,8169,0.0,0.0
2025-05-09 05:05:00+00:00,71.69999694824219,71.80000305175781,71.69999694824219,71.80000305175781,37041,0.0,0.0
2025-05-09 05:10:00+00:00,71.80000305175781,72.0,71.80000305175781,72.0,34220,0.0,0.0
2025-05-09 05:15:00+00:00,72.0,72.30000305175781,72.0,72.0,109552,0.0,0.0
2025-05-09 05:20:00+00:00,71.9000015258789,72.0,71.69999694824219,71.69999694824219,55277,0.0,0.0
2025-05-12 01:00:00+00:00,72.5,72.80000305175781,72.4000015258789,72.5999984741211,0,0.0,0.0
2025-05-12 01:05:00+00:00,72.5999984741211,73.0,72.5,73.0,114000,0.0,0.0
2025-05-12 01:10:00+00:00,73.0,73.19999694824219,72.5999984741211,72.80000305175781,114902,0.0,0.0
2025-05-12 01:15:00+00:00,72.9000015258789,73.30000305175781,72.9000015258789,73.0999984741211,91284,0.0,0.0
2025-05-12 01:20:00+00:00,73.0999984741211,73.30000305175781,72.9000015258789,73.19999694824219,80405,0.0,0.0
2025-05-12 01:25:00+00:00,73.19999694824219,73.30000305175781,73.19999694824219,73.30000305175781,29090,0.0,0.0
2025-05-12 01:30:00+00:00,73.4000015258789,73.80000305175781,73.0999984741211,73.69999694824219,148049,0.0,0.0
2025-05-12 01:35:00+00:00,73.69999694824219,74.5999984741211,73.5999984741211,74.5,287005,0.0,0.0
2025-05-12 01:40:00+00:00,74.5999984741211,74.5999984741211,74.0999984741211,74.4000015258789,194828,0.0,0.0
2025-05-12 01:45:00+00:00,74.4000015258789,74.5,74.19999694824219,74.19999694824219,132693,0.0,0.0
2025-05-12 01:50:00+00:00,74.19999694824219,74.19999694824219,74.0999984741211,74.0999984741211,68000,0.0,0.0
2025-05-12 01:55:00+00:00,74.0999984741211,74.19999694824219,74.0,74.19999694824219,40624,0.0,0.0
2025-05-12 02:00:00+00:00,74.30000305175781,74.5,74.30000305175781,74.4000015258789,48064,0.0,0.0
2025-05-12 02:05:00+00:00,74.30000305175781,74.30000305175781,74.19999694824219,74.19999694824219,24352,0.0,0.0
2025-05-12 02:10:00+00:00,74.19999694824219,74.30000305175781,74.0,74.0,91050,0.0,0.0
2025-05-12 02:15:00+00:00,74.0,74.19999694824219,74.0,74.0999984741211,54359,0.0,0.0
2025-05-12 02:20:00+00:00,74.0999984741211,74.30000305175781,74.0999984741211,74.19999694824219,18657,0.0,0.0
2025-05-12 02:25:00+00:00,74.19999694824219,74.30000305175781,74.19999694824219,74.19999694824219,9011,0.0,0.0
2025-05-12 02:30:00+00:00,74.30000305175781,74.30000305175781,74.30000305175781,74.30000305175781,21935,0.0,0.0
2025-05-12 02:35:00+00:00,74.30000305175781,74.30000305175781,74.19999694824219,74.30000305175781,24031,0.0,0.0
2025-05-12 02:40:00+00:00,74.30000305175781,74.30000305175781,74.19999694824219,74.19999694824219,22110,0.0,0.0
2025-05-12 02:45:00+00:00,74.19999694824219,74.19999694824219,74.19999694824219,74.19999694824219,6000,0.0,0.0
2025-05-12 02:50:00+00:00,74.19999694824219,74.19999694824219,74.19999694824219,74.19999694824219,9000,0.0,0.0
2025-05-12 02:55:00+00:00,74.19999694824219,74.19999694824219,74.0999984741211,74.19999694824219,7735,0.0,0.0
2025-05-12 03:00:00+00:00,74.19999694824219,74.19999694824219,74.0999984741211,74.0999984741211,6001,0.0,0.0
2025-05-12 03:05:00+00:00,74.19999694824219,74.19999694824219,74.0999984741211,74.0999984741211,7004,0.0,0.0
2025-05-12 03:10:00+00:00,74.19999694824219,74.19999694824219,74.0999984741211,74.0999984741211,9010,0.0,0.0
2025-05-12 03:15:00+00:00,74.0999984741211,74.19999694824219,74.0999984741211,74.19999694824219,8468,0.0,0.0
2025-05-12 03:20:00+00:00,74.19999694824219,74.19999694824219,74.0,74.0999984741211,30000,0.0,0.0
2025-05-12 03:25:00+00:00,74.0999984741211,74.19999694824219,74.0,74.0999984741211,42060,0.0,0.0
2025-05-12 03:30:00+00:00,74.0999984741211,74.30000305175781,74.0999984741211,74.30000305175781,23142,0.0,0.0
2025-05-12 03:35:00+00:00,74.30000305175781,74.30000305175781,74.19999694824219,74.30000305175781,5050,0.0,0.0
2025-05-12 03:40:00+00:00,74.30000305175781,74.30000305175781,74.19999694824219,74.19999694824219,3000,0.0,0.0
2025-05-12 03:45:00+00:00,74.19999694824219,74.19999694824219,74.19999694824219,74.19999694824219,12000,0.0,0.0
2025-05-12 03:50:00+00:00,74.19999694824219,74.19999694824219,74.19999694824219,74.19999694824219,7000,0.0,0.0
2025-05-12 03:55:00+00:00,74.19999694824219,74.19999694824219,74.0999984741211,74.0999984741211,8135,0.0,0.0
2025-05-12 04:00:00+00:00,74.0999984741211,74.0999984741211,74.0999984741211,74.0999984741211,1000,0.0,0.0
2025-05-12 04:05:00+00:00,74.0999984741211,74.19999694824219,74.0999984741211,74.19999694824219,3012,0.0,0.0
2025-05-12 04:10:00+00:00,74.19999694824219,74.19999694824219,74.0999984741211,74.0999984741211,14104,0.0,0.0
2025-05-12 04:15:00+00:00,74.0999984741211,74.19999694824219,74.0999984741211,74.19999694824219,14498,0.0,0.0
2025-05-12 04:20:00+00:00,74.19999694824219,74.19999694824219,74.0,74.0999984741211,23770,0.0,0.0
2025-05-12 04:25:00+00:00,74.19999694824219,74.30000305175781,74.0999984741211,74.30000305175781,85508,0.0,0.0
2025-05-12 04:30:00+00:00,74.4000015258789,74.5,74.30000305175781,74.4000015258789,75207,0.0,0.0
2025-05-12 04:35:00+00:00,74.4000015258789,74.5,74.4000015258789,74.4000015258789,14450,0.0,0.0
2025-05-12 04:40:00+00:00,74.4000015258789,74.4000015258789,74.4000015258789,74.4000015258789,13028,0.0,0.0
2025-05-12 04:45:00+00:00,74.4000015258789,74.5999984741211,74.4000015258789,74.5999984741211,32245,0.0,0.0
2025-05-12 04:50:00+00:00,74.5999984741211,74.5999984741211,74.5,74.5,22000,0.0,0.0
2025-05-12 04:55:00+00:00,74.5999984741211,74.5999984741211,74.5,74.5,20001,0.0,0.0
2025-05-12 05:00:00+00:00,74.5,74.5,74.4000015258789,74.4000015258789,44272,0.0,0.0
2025-05-12 05:05:00+00:00,74.4000015258789,74.4000015258789,74.4000015258789,74.4000015258789,9000,0.0,0.0
2025-05-12 05:10:00+00:00,74.4000015258789,74.4000015258789,74.30000305175781,74.30000305175781,30175,0.0,0.0
2025-05-12 05:15:00+00:00,74.30000305175781,74.4000015258789,74.30000305175781,74.30000305175781,12100,0.0,0.0
2025-05-12 05:20:00+00:00,74.4000015258789,74.4000015258789,74.19999694824219,74.19999694824219,86275,0.0,0.0
2025-05-13 01:00:00+00:00,76.0999984741211,76.5999984741211,75.5999984741211,75.80000305175781,562000,0.0,0.0
2025-05-13 01:05:00+00:00,75.80000305175781,75.80000305175781,75.30000305175781,75.4000015258789,122000,0.0,0.0
2025-05-13 01:10:00+00:00,75.5,75.5999984741211,75.4000015258789,75.4000015258789,80407,0.0,0.0
2025-05-13 01:15:00+00:00,75.4000015258789,75.5999984741211,75.0999984741211,75.19999694824219,91949,0.0,0.0
2025-05-13 01:20:00+00:00,75.19999694824219,75.19999694824219,75.0,75.0999984741211,134257,0.0,0.0
2025-05-13 01:25:00+00:00,75.0999984741211,75.19999694824219,74.80000305175781,75.0999984741211,134379,0.0,0.0
2025-05-13 01:30:00+00:00,75.0999984741211,75.0999984741211,75.0,75.0,61365,0.0,0.0
2025-05-13 01:35:00+00:00,75.0,75.0,74.5,74.5,87116,0.0,0.0
2025-05-13 01:40:00+00:00,74.5,74.80000305175781,74.5,74.69999694824219,58352,0.0,0.0
2025-05-13 01:45:00+00:00,74.69999694824219,74.69999694824219,74.5,74.5999984741211,55119,0.0,0.0
2025-05-13 01:50:00+00:00,74.5999984741211,74.69999694824219,74.5999984741211,74.5999984741211,48580,0.0,0.0
2025-05-13 01:55:00+00:00,74.5,74.5,74.19999694824219,74.5,100300,0.0,0.0
2025-05-13 02:00:00+00:00,74.5,74.5999984741211,74.4000015258789,74.4000015258789,14134,0.0,0.0
2025-05-13 02:05:00+00:00,74.5,74.5,74.4000015258789,74.5,25183,0.0,0.0
2025-05-13 02:10:00+00:00,74.4000015258789,74.5,74.0999984741211,74.0999984741211,72482,0.0,0.0
2025-05-13 02:15:00+00:00,74.0999984741211,74.0999984741211,73.9000015258789,74.0,134694,0.0,0.0
2025-05-13 02:20:00+00:00,73.9000015258789,74.19999694824219,73.9000015258789,74.19999694824219,38923,0.0,0.0
2025-05-13 02:25:00+00:00,74.0999984741211,74.0999984741211,74.0,74.0,9000,0.0,0.0
2025-05-13 02:30:00+00:00,74.0,74.0999984741211,74.0,74.0999984741211,18104,0.0,0.0
2025-05-13 02:35:00+00:00,74.0999984741211,74.19999694824219,74.0999984741211,74.19999694824219,17425,0.0,0.0
2025-05-13 02:40:00+00:00,74.19999694824219,74.19999694824219,74.0999984741211,74.0999984741211,24395,0.0,0.0
2025-05-13 02:45:00+00:00,74.19999694824219,74.30000305175781,74.0,74.0,71000,0.0,0.0
2025-05-13 02:50:00+00:00,73.9000015258789,74.0,73.9000015258789,74.0,7180,0.0,0.0
2025-05-13 02:55:00+00:00,74.0,74.0999984741211,73.9000015258789,73.9000015258789,3099,0.0,0.0
2025-05-13 03:00:00+00:00,74.0,74.0,73.69999694824219,73.69999694824219,85566,0.0,0.0
2025-05-13 03:05:00+00:00,73.69999694824219,73.80000305175781,73.4000015258789,73.80000305175781,122802,0.0,0.0
2025-05-13 03:10:00+00:00,73.80000305175781,73.80000305175781,73.80000305175781,73.80000305175781,7100,0.0,0.0
2025-05-13 03:15:00+00:00,73.69999694824219,73.80000305175781,73.5,73.5999984741211,22004,0.0,0.0
2025-05-13 03:20:00+00:00,73.5999984741211,73.69999694824219,73.5999984741211,73.5999984741211,11256,0.0,0.0
2025-05-13 03:25:00+00:00,73.5999984741211,73.80000305175781,73.5999984741211,73.5999984741211,40000,0.0,0.0
2025-05-13 03:30:00+00:00,73.5,73.69999694824219,73.5,73.69999694824219,53003,0.0,0.0
2025-05-13 03:35:00+00:00,73.69999694824219,73.69999694824219,73.69999694824219,73.69999694824219,7018,0.0,0.0
2025-05-13 03:40:00+00:00,73.5999984741211,73.5999984741211,73.5,73.5,17000,0.0,0.0
2025-05-13 03:45:00+00:00,73.5,73.5999984741211,73.5,73.5999984741211,19012,0.0,0.0
2025-05-13 03:50:00+00:00,73.5999984741211,73.5999984741211,73.5,73.5999984741211,3100,0.0,0.0
2025-05-13 03:55:00+00:00,73.5999984741211,73.69999694824219,73.5,73.5,25032,0.0,0.0
2025-05-13 04:00:00+00:00,73.5999984741211,73.5999984741211,73.5,73.5,6651,0.0,0.0
2025-05-13 04:05:00+00:00,73.69999694824219,73.69999694824219,73.69999694824219,73.69999694824219,1000,0.0,0.0
2025-05-13 04:10:00+00:00,73.69999694824219,73.69999694824219,73.5999984741211,73.69999694824219,5502,0.0,0.0
2025-05-13 04:15:00+00:00,73.5999984741211,73.5999984741211,73.5,73.5,24044,0.0,0.0
2025-05-13 04:20:00+00:00,73.5,73.5999984741211,73.5,73.5999984741211,12010,0.0,0.0
2025-05-13 04:25:00+00:00,73.5,73.5999984741211,73.5,73.5,7905,0.0,0.0
2025-05-13 04:30:00+00:00,73.5,73.5,73.5,73.5,29500,0.0,0.0
2025-05-13 04:35:00+00:00,73.5999984741211,73.5999984741211,73.5,73.5,25060,0.0,0.0
2025-05-13 04:40:00+00:00,73.5999984741211,73.5999984741211,73.5,73.5,5050,0.0,0.0
2025-05-13 04:45:00+00:00,73.5,73.5999984741211,73.5,73.5999984741211,15046,0.0,0.0
2025-05-13 04:50:00+00:00,73.5,73.5999984741211,73.5,73.5999984741211,14684,0.0,0.0
2025-05-13 04:55:00+00:00,73.5,73.5999984741211,73.5,73.5999984741211,9520,0.0,0.0
2025-05-13 05:00:00+00:00,73.69999694824219,74.0,73.69999694824219,73.9000015258789,41184,0.0,0.0
2025-05-13 05:05:00+00:00,73.80000305175781,73.80000305175781,73.69999694824219,73.69999694824219,21274,0.0,0.0
2025-05-13 05:10:00+00:00,73.69999694824219,73.80000305175781,73.5999984741211,73.5999984741211,38130,0.0,0.0
2025-05-13 05:15:00+00:00,73.5999984741211,73.80000305175781,73.5999984741211,73.80000305175781,20038,0.0,0.0
2025-05-13 05:20:00+00:00,73.69999694824219,73.80000305175781,73.5999984741211,73.69999694824219,29321,0.0,0.0
2025-05-14 01:00:00+00:00,74.80000305175781,74.80000305175781,73.80000305175781,74.0,66000,0.0,0.0
2025-05-14 01:05:00+00:00,74.0,74.19999694824219,73.9000015258789,74.0,61630,0.0,0.0
2025-05-14 01:10:00+00:00,73.9000015258789,74.0,73.80000305175781,74.0,50180,0.0,0.0
2025-05-14 01:15:00+00:00,73.9000015258789,74.0,73.80000305175781,73.80000305175781,52130,0.0,0.0
2025-05-14 01:20:00+00:00,74.0,74.0999984741211,74.0,74.0999984741211,25234,0.0,0.0
2025-05-14 01:25:00+00:00,74.0,74.4000015258789,74.0,74.30000305175781,17438,0.0,0.0
2025-05-14 01:30:00+00:00,74.4000015258789,74.5,74.30000305175781,74.4000015258789,33186,0.0,0.0
2025-05-14 01:35:00+00:00,74.30000305175781,74.30000305175781,74.19999694824219,74.30000305175781,20122,0.0,0.0
2025-05-14 01:40:00+00:00,74.30000305175781,74.4000015258789,74.30000305175781,74.4000015258789,17290,0.0,0.0
2025-05-14 01:45:00+00:00,74.4000015258789,74.5,74.4000015258789,74.5,46391,0.0,0.0
2025-05-14 01:50:00+00:00,74.5,74.5999984741211,74.5,74.5999984741211,45127,0.0,0.0
2025-05-14 01:55:00+00:00,74.5999984741211,74.5999984741211,74.5999984741211,74.5999984741211,22149,0.0,0.0
2025-05-14 02:00:00+00:00,74.5999984741211,74.5999984741211,74.5,74.5,22190,0.0,0.0
2025-05-14 02:05:00+00:00,74.5,74.5999984741211,74.5,74.5,14100,0.0,0.0
2025-05-14 02:10:00+00:00,74.5,74.5,74.4000015258789,74.4000015258789,27000,0.0,0.0
2025-05-14 02:15:00+00:00,74.5,74.5,74.4000015258789,74.5,10000,0.0,0.0
2025-05-14 02:20:00+00:00,74.5,74.5,74.4000015258789,74.4000015258789,19065,0.0,0.0
2025-05-14 02:25:00+00:00,74.4000015258789,74.5,74.4000015258789,74.4000015258789,35070,0.0,0.0
2025-05-14 02:30:00+00:00,74.5,74.5999984741211,74.5,74.5,20072,0.0,0.0
2025-05-14 02:35:00+00:00,74.5,74.5,74.4000015258789,74.4000015258789,26141,0.0,0.0
2025-05-14 02:40:00+00:00,74.4000015258789,74.4000015258789,74.4000015258789,74.4000015258789,27000,0.0,0.0
2025-05-14 02:45:00+00:00,74.5,74.5,74.4000015258789,74.4000015258789,7127,0.0,0.0
2025-05-14 02:50:00+00:00,74.30000305175781,74.4000015258789,74.30000305175781,74.30000305175781,10000,0.0,0.0
2025-05-14 02:55:00+00:00,74.30000305175781,74.4000015258789,74.30000305175781,74.4000015258789,12000,0.0,0.0
2025-05-14 03:00:00+00:00,74.4000015258789,74.4000015258789,74.30000305175781,74.4000015258789,19414,0.0,0.0
2025-05-14 03:05:00+00:00,74.4000015258789,74.4000015258789,74.4000015258789,74.4000015258789,2080,0.0,0.0
2025-05-14 03:10:00+00:00,74.4000015258789,74.5,74.4000015258789,74.4000015258789,6402,0.0,0.0
2025-05-14 03:15:00+00:00,74.4000015258789,74.5999984741211,74.4000015258789,74.5,57029,0.0,0.0
2025-05-14 03:20:00+00:00,74.5999984741211,74.5999984741211,74.5,74.5,5000,0.0,0.0
2025-05-14 03:25:00+00:00,74.5,74.5999984741211,74.5,74.5999984741211,4897,0.0,0.0
2025-05-14 03:30:00+00:00,74.5999984741211,74.5999984741211,74.5,74.5,9050,0.0,0.0
2025-05-14 03:35:00+00:00,74.5,74.5,74.4000015258789,74.4000015258789,16034,0.0,0.0
2025-05-14 03:40:00+00:00,74.4000015258789,74.4000015258789,74.4000015258789,74.4000015258789,2000,0.0,0.0
2025-05-14 03:45:00+00:00,74.4000015258789,74.5,74.4000015258789,74.5,14089,0.0,0.0
2025-05-14 03:50:00+00:00,74.5,74.5999984741211,74.5,74.5999984741211,47040,0.0,0.0
2025-05-14 03:55:00+00:00,74.5999984741211,74.5999984741211,74.5,74.5,21127,0.0,0.0
2025-05-14 04:00:00+00:00,74.5,74.5999984741211,74.5,74.5,11050,0.0,0.0
2025-05-14 04:05:00+00:00,74.5999984741211,74.5999984741211,74.5999984741211,74.5999984741211,3075,0.0,0.0
2025-05-14 04:10:00+00:00,74.5,74.5,74.5,74.5,2053,0.0,0.0
2025-05-14 04:15:00+00:00,74.5,74.5,74.5,74.5,10068,0.0,0.0
2025-05-14 04:20:00+00:00,74.5999984741211,74.80000305175781,74.5999984741211,74.80000305175781,84922,0.0,0.0
2025-05-14 04:25:00+00:00,74.80000305175781,74.80000305175781,74.69999694824219,74.80000305175781,29385,0.0,0.0
2025-05-14 04:30:00+00:00,74.9000015258789,74.9000015258789,74.80000305175781,74.9000015258789,47869,0.0,0.0
2025-05-14 04:35:00+00:00,74.9000015258789,75.0,74.9000015258789,75.0,43497,0.0,0.0
2025-05-14 04:40:00+00:00,75.0,75.0,74.9000015258789,74.9000015258789,64274,0.0,0.0
2025-05-14 04:45:00+00:00,75.0,75.0999984741211,75.0,75.0999984741211,29835,0.0,0.0
2025-05-14 04:50:00+00:00,75.0,75.0999984741211,75.0,75.0,31135,0.0,0.0
2025-05-14 04:55:00+00:00,75.0,75.0,74.9000015258789,74.9000015258789,5035,0.0,0.0
2025-05-14 05:00:00+00:00,75.0,75.0,74.9000015258789,75.0,25223,0.0,0.0
2025-05-14 05:05:00+00:00,75.0,75.0,74.9000015258789,75.0,7168,0.0,0.0
2025-05-14 05:10:00+00:00,74.9000015258789,75.0,74.9000015258789,75.0,26227,0.0,0.0
2025-05-14 05:15:00+00:00,75.0,75.0,74.9000015258789,75.0,13322,0.0,0.0
2025-05-14 05:20:00+00:00,74.9000015258789,75.0,74.9000015258789,74.9000015258789,24868,0.0,0.0
2025-05-15 01:00:00+00:00,75.30000305175781,75.30000305175781,74.80000305175781,75.0999984741211,0,0.0,0.0
2025-05-15 01:05:00+00:00,75.19999694824219,75.19999694824219,75.0999984741211,75.0999984741211,23006,0.0,0.0
2025-05-15 01:10:00+00:00,75.0999984741211,75.4000015258789,75.0999984741211,75.0999984741211,46044,0.0,0.0
2025-05-15 01:15:00+00:00,75.30000305175781,75.30000305175781,75.19999694824219,75.19999694824219,22250,0.0,0.0
2025-05-15 01:20:00+00:00,75.19999694824219,75.19999694824219,74.4000015258789,74.4000015258789,96464,0.0,0.0
2025-05-15 01:25:00+00:00,74.4000015258789,74.5,74.4000015258789,74.4000015258789,27790,0.0,0.0
2025-05-15 01:30:00+00:00,74.5,74.5,74.19999694824219,74.30000305175781,47000,0.0,0.0
2025-05-15 01:35:00+00:00,74.5,74.9000015258789,74.5,74.9000015258789,21330,0.0,0.0
2025-05-15 01:40:00+00:00,75.0,75.0999984741211,74.9000015258789,75.0999984741211,21115,0.0,0.0
2025-05-15 01:45:00+00:00,74.9000015258789,75.0999984741211,74.9000015258789,75.0,17023,0.0,0.0
2025-05-15 01:50:00+00:00,75.0999984741211,75.19999694824219,74.80000305175781,74.80000305175781,26336,0.0,0.0
2025-05-15 01:55:00+00:00,74.80000305175781,74.80000305175781,74.80000305175781,74.80000305175781,22192,0.0,0.0
2025-05-15 02:00:00+00:00,74.80000305175781,74.80000305175781,74.80000305175781,74.80000305175781,5597,0.0,0.0
2025-05-15 02:05:00+00:00,74.80000305175781,74.80000305175781,74.69999694824219,74.69999694824219,10168,0.0,0.0
2025-05-15 02:10:00+00:00,74.69999694824219,74.69999694824219,74.5999984741211,74.5999984741211,16014,0.0,0.0
2025-05-15 02:15:00+00:00,74.5999984741211,74.69999694824219,74.5,74.69999694824219,7089,0.0,0.0
2025-05-15 02:25:00+00:00,74.69999694824219,74.69999694824219,74.69999694824219,74.69999694824219,7000,0.0,0.0
2025-05-15 02:30:00+00:00,74.69999694824219,74.80000305175781,74.69999694824219,74.80000305175781,12103,0.0,0.0
2025-05-15 02:35:00+00:00,74.80000305175781,74.80000305175781,74.80000305175781,74.80000305175781,11002,0.0,0.0
2025-05-15 02:40:00+00:00,74.80000305175781,74.80000305175781,74.80000305175781,74.80000305175781,18003,0.0,0.0
2025-05-15 02:45:00+00:00,74.80000305175781,74.80000305175781,74.80000305175781,74.80000305175781,11108,0.0,0.0
2025-05-15 02:50:00+00:00,74.80000305175781,74.80000305175781,74.80000305175781,74.80000305175781,2000,0.0,0.0
2025-05-15 02:55:00+00:00,74.69999694824219,74.80000305175781,74.69999694824219,74.80000305175781,13100,0.0,0.0
2025-05-15 03:00:00+00:00,74.80000305175781,74.9000015258789,74.80000305175781,74.80000305175781,3000,0.0,0.0
2025-05-15 03:05:00+00:00,74.80000305175781,74.80000305175781,74.80000305175781,74.80000305175781,2000,0.0,0.0
2025-05-15 03:10:00+00:00,74.80000305175781,74.80000305175781,74.69999694824219,74.69999694824219,25200,0.0,0.0
2025-05-15 03:15:00+00:00,74.69999694824219,74.69999694824219,74.69999694824219,74.69999694824219,1000,0.0,0.0
2025-05-15 03:20:00+00:00,74.69999694824219,74.69999694824219,74.69999694824219,74.69999694824219,2100,0.0,0.0
2025-05-15 03:25:00+00:00,74.69999694824219,74.69999694824219,74.69999694824219,74.69999694824219,6139,0.0,0.0
2025-05-15 03:30:00+00:00,74.69999694824219,74.69999694824219,74.5999984741211,74.5999984741211,8000,0.0,0.0
2025-05-15 03:35:00+00:00,74.5999984741211,74.5999984741211,74.5999984741211,74.5999984741211,5400,0.0,0.0
2025-05-15 03:40:00+00:00,74.5999984741211,74.5999984741211,74.5999984741211,74.5999984741211,1116,0.0,0.0
2025-05-15 03:45:00+00:00,74.5999984741211,74.5999984741211,74.5,74.5,15002,0.0,0.0
2025-05-15 03:50:00+00:00,74.5999984741211,74.5999984741211,74.5999984741211,74.5999984741211,2050,0.0,0.0
2025-05-15 03:55:00+00:00,74.5,74.5999984741211,74.5,74.5,42355,0.0,0.0
2025-05-15 04:00:00+00:00,74.4000015258789,74.4000015258789,74.4000015258789,74.4000015258789,23003,0.0,0.0
2025-05-15 04:05:00+00:00,74.4000015258789,74.4000015258789,74.4000015258789,74.4000015258789,21582,0.0,0.0
2025-05-15 04:10:00+00:00,74.30000305175781,74.30000305175781,74.30000305175781,74.30000305175781,32524,0.0,0.0
2025-05-15 04:15:00+00:00,74.19999694824219,74.30000305175781,74.19999694824219,74.30000305175781,13940,0.0,0.0
2025-05-15 04:20:00+00:00,74.19999694824219,74.30000305175781,74.0,74.30000305175781,120368,0.0,0.0
2025-05-15 04:25:00+00:00,74.19999694824219,74.30000305175781,74.19999694824219,74.30000305175781,9000,0.0,0.0
2025-05-15 04:30:00+00:00,74.30000305175781,74.30000305175781,74.0,74.0,95000,0.0,0.0
2025-05-15 04:40:00+00:00,74.0999984741211,74.4000015258789,74.0999984741211,74.4000015258789,17000,0.0,0.0
2025-05-15 04:45:00+00:00,74.4000015258789,74.4000015258789,74.30000305175781,74.30000305175781,13000,0.0,0.0
2025-05-15 04:50:00+00:00,74.30000305175781,74.4000015258789,74.30000305175781,74.4000015258789,12360,0.0,0.0
2025-05-15 04:55:00+00:00,74.4000015258789,74.4000015258789,74.30000305175781,74.30000305175781,17015,0.0,0.0
2025-05-15 05:00:00+00:00,74.4000015258789,74.4000015258789,74.4000015258789,74.4000015258789,7130,0.0,0.0
2025-05-15 05:05:00+00:00,74.4000015258789,74.5,74.4000015258789,74.4000015258789,10173,0.0,0.0
2025-05-15 05:10:00+00:00,74.4000015258789,74.5,74.4000015258789,74.5,16327,0.0,0.0
2025-05-15 05:15:00+00:00,74.4000015258789,74.5,74.4000015258789,74.5,23300,0.0,0.0
2025-05-15 05:20:00+00:00,74.5,74.5999984741211,74.4000015258789,74.5999984741211,21040,0.0,0.0
2025-05-16 01:00:00+00:00,74.69999694824219,74.69999694824219,74.19999694824219,74.19999694824219,0,0.0,0.0
2025-05-16 01:05:00+00:00,74.5,74.80000305175781,74.5,74.80000305175781,23050,0.0,0.0
2025-05-16 01:10:00+00:00,74.80000305175781,74.80000305175781,74.69999694824219,74.69999694824219,7110,0.0,0.0
2025-05-16 01:15:00+00:00,74.69999694824219,74.69999694824219,74.5999984741211,74.5999984741211,8000,0.0,0.0
2025-05-16 01:20:00+00:00,74.5999984741211,74.5999984741211,74.5999984741211,74.5999984741211,19025,0.0,0.0
2025-05-16 01:25:00+00:00,74.5999984741211,74.5999984741211,74.5999984741211,74.5999984741211,7000,0.0,0.0
2025-05-16 01:30:00+00:00,74.69999694824219,74.80000305175781,74.5999984741211,74.80000305175781,12100,0.0,0.0
2025-05-16 01:35:00+00:00,74.80000305175781,74.9000015258789,74.80000305175781,74.80000305175781,9000,0.0,0.0
2025-05-16 01:40:00+00:00,74.80000305175781,75.0,74.69999694824219,75.0,29150,0.0,0.0
2025-05-16 01:45:00+00:00,75.0999984741211,75.0999984741211,75.0,75.0,20000,0.0,0.0
2025-05-16 01:50:00+00:00,75.0,75.0,74.80000305175781,74.80000305175781,18010,0.0,0.0
2025-05-16 01:55:00+00:00,74.80000305175781,75.0,74.80000305175781,75.0,8102,0.0,0.0
2025-05-16 02:00:00+00:00,74.9000015258789,74.9000015258789,74.9000015258789,74.9000015258789,14000,0.0,0.0
2025-05-16 02:05:00+00:00,74.80000305175781,74.80000305175781,74.80000305175781,74.80000305175781,12400,0.0,0.0
2025-05-16 02:10:00+00:00,74.80000305175781,74.80000305175781,74.69999694824219,74.69999694824219,14319,0.0,0.0
2025-05-16 02:15:00+00:00,74.5999984741211,74.69999694824219,74.5999984741211,74.5999984741211,7902,0.0,0.0
2025-05-16 02:20:00+00:00,74.69999694824219,74.69999694824219,74.69999694824219,74.69999694824219,11365,0.0,0.0
2025-05-16 02:25:00+00:00,74.69999694824219,74.80000305175781,74.69999694824219,74.80000305175781,17083,0.0,0.0
2025-05-16 02:30:00+00:00,74.80000305175781,74.80000305175781,74.69999694824219,74.69999694824219,23000,0.0,0.0
2025-05-16 02:35:00+00:00,74.69999694824219,74.80000305175781,74.69999694824219,74.80000305175781,4000,0.0,0.0
2025-05-16 02:40:00+00:00,74.69999694824219,74.80000305175781,74.69999694824219,74.80000305175781,2000,0.0,0.0
2025-05-16 02:45:00+00:00,74.80000305175781,74.80000305175781,74.5999984741211,74.80000305175781,16001,0.0,0.0
2025-05-16 02:55:00+00:00,74.5999984741211,74.5999984741211,74.5999984741211,74.5999984741211,1000,0.0,0.0
2025-05-16 03:00:00+00:00,74.5999984741211,74.69999694824219,74.5999984741211,74.5999984741211,10013,0.0,0.0
2025-05-16 03:10:00+00:00,74.69999694824219,74.69999694824219,74.5999984741211,74.69999694824219,13000,0.0,0.0
2025-05-16 03:15:00+00:00,74.5999984741211,74.5999984741211,74.4000015258789,74.4000015258789,49942,0.0,0.0
2025-05-16 03:20:00+00:00,74.4000015258789,74.4000015258789,74.30000305175781,74.4000015258789,25000,0.0,0.0
2025-05-16 03:25:00+00:00,74.4000015258789,74.4000015258789,74.4000015258789,74.4000015258789,6000,0.0,0.0
2025-05-16 03:30:00+00:00,74.4000015258789,74.4000015258789,74.4000015258789,74.4000015258789,7100,0.0,0.0
2025-05-16 03:35:00+00:00,74.4000015258789,74.4000015258789,74.4000015258789,74.4000015258789,1068,0.0,0.0
2025-05-16 03:40:00+00:00,74.4000015258789,74.4000015258789,74.4000015258789,74.4000015258789,4152,0.0,0.0
2025-05-16 03:45:00+00:00,74.4000015258789,74.4000015258789,74.19999694824219,74.19999694824219,31000,0.0,0.0
2025-05-16 03:50:00+00:00,74.19999694824219,74.30000305175781,74.19999694824219,74.30000305175781,8006,0.0,0.0
2025-05-16 03:55:00+00:00,74.30000305175781,74.30000305175781,74.19999694824219,74.19999694824219,34000,0.0,0.0
2025-05-16 04:00:00+00:00,74.19999694824219,74.30000305175781,74.19999694824219,74.30000305175781,14104,0.0,0.0
2025-05-16 04:10:00+00:00,74.30000305175781,74.30000305175781,74.0999984741211,74.0999984741211,16001,0.0,0.0
2025-05-16 04:15:00+00:00,74.19999694824219,74.19999694824219,74.19999694824219,74.19999694824219,1130,0.0,0.0
2025-05-16 04:20:00+00:00,74.19999694824219,74.30000305175781,74.0999984741211,74.30000305175781,12035,0.0,0.0
2025-05-16 04:25:00+00:00,74.0999984741211,74.30000305175781,74.0999984741211,74.30000305175781,2200,0.0,0.0
2025-05-16 04:30:00+00:00,74.19999694824219,74.30000305175781,74.19999694824219,74.30000305175781,4200,0.0,0.0
2025-05-16 04:35:00+00:00,74.30000305175781,74.30000305175781,74.30000305175781,74.30000305175781,10000,0.0,0.0
2025-05-16 04:40:00+00:00,74.30000305175781,74.30000305175781,74.30000305175781,74.30000305175781,4100,0.0,0.0
2025-05-16 04:45:00+00:00,74.30000305175781,74.30000305175781,74.30000305175781,74.30000305175781,7091,0.0,0.0
2025-05-16 04:50:00+00:00,74.30000305175781,74.30000305175781,74.30000305175781,74.30000305175781,2100,0.0,0.0
2025-05-16 04:55:00+00:00,74.30000305175781,74.30000305175781,74.30000305175781,74.30000305175781,1000,0.0,0.0
2025-05-16 05:00:00+00:00,74.30000305175781,74.30000305175781,74.19999694824219,74.30000305175781,30218,0.0,0.0
2025-05-16 05:05:00+00:00,74.19999694824219,74.19999694824219,74.19999694824219,74.19999694824219,7070,0.0,0.0
2025-05-16 05:10:00+00:00,74.19999694824219,74.19999694824219,74.19999694824219,74.19999694824219,9000,0.0,0.0
2025-05-16 05:15:00+00:00,74.19999694824219,74.19999694824219,74.19999694824219,74.19999694824219,25510,0.0,0.0
2025-05-16 05:20:00+00:00,74.19999694824219,74.30000305175781,74.19999694824219,74.30000305175781,13238,0.0,0.0
2025-05-19 01:00:00+00:00,74.5,75.5999984741211,74.5,75.0,0,0.0,0.0
2025-05-19 01:05:00+00:00,75.0,75.19999694824219,74.80000305175781,75.19999694824219,63303,0.0,0.0
2025-05-19 01:10:00+00:00,75.19999694824219,75.19999694824219,74.5999984741211,74.5999984741211,125679,0.0,0.0
2025-05-19 01:15:00+00:00,74.5999984741211,74.5999984741211,74.5,74.5,37035,0.0,0.0
2025-05-19 01:20:00+00:00,74.4000015258789,74.5999984741211,74.4000015258789,74.5999984741211,42287,0.0,0.0
2025-05-19 01:25:00+00:00,74.69999694824219,74.69999694824219,74.5999984741211,74.69999694824219,17000,0.0,0.0
2025-05-19 01:30:00+00:00,74.69999694824219,74.69999694824219,74.5,74.5,42006,0.0,0.0
2025-05-19 01:35:00+00:00,74.4000015258789,74.5,74.30000305175781,74.5,16368,0.0,0.0
2025-05-19 01:40:00+00:00,74.5,74.5,74.4000015258789,74.5,18000,0.0,0.0
2025-05-19 01:45:00+00:00,74.5,74.5,74.4000015258789,74.4000015258789,16000,0.0,0.0
2025-05-19 01:50:00+00:00,74.4000015258789,74.4000015258789,74.4000015258789,74.4000015258789,11003,0.0,0.0
2025-05-19 01:55:00+00:00,74.5999984741211,74.5999984741211,74.5,74.5,13800,0.0,0.0
2025-05-19 02:00:00+00:00,74.5999984741211,74.5999984741211,74.5999984741211,74.5999984741211,8011,0.0,0.0
2025-05-19 02:05:00+00:00,74.5,74.5,74.4000015258789,74.4000015258789,28054,0.0,0.0
2025-05-19 02:10:00+00:00,74.4000015258789,74.5,74.4000015258789,74.5,2009,0.0,0.0
2025-05-19 02:15:00+00:00,74.5,74.5999984741211,74.5,74.5999984741211,14028,0.0,0.0
2025-05-19 02:20:00+00:00,74.69999694824219,75.0,74.69999694824219,75.0,25141,0.0,0.0
2025-05-19 02:25:00+00:00,74.9000015258789,74.9000015258789,74.80000305175781,74.9000015258789,7000,0.0,0.0
2025-05-19 02:30:00+00:00,75.0,75.0999984741211,75.0,75.0,28000,0.0,0.0
2025-05-19 02:35:00+00:00,74.9000015258789,74.9000015258789,74.80000305175781,74.80000305175781,7000,0.0,0.0
2025-05-19 02:40:00+00:00,74.80000305175781,74.80000305175781,74.80000305175781,74.80000305175781,7000,0.0,0.0
2025-05-19 02:45:00+00:00,74.80000305175781,74.80000305175781,74.69999694824219,74.69999694824219,82200,0.0,0.0
2025-05-19 02:50:00+00:00,74.80000305175781,74.9000015258789,74.80000305175781,74.9000015258789,2311,0.0,0.0
2025-05-19 03:00:00+00:00,74.9000015258789,74.9000015258789,74.80000305175781,74.80000305175781,12200,0.0,0.0
2025-05-19 03:05:00+00:00,74.69999694824219,74.80000305175781,74.69999694824219,74.80000305175781,4024,0.0,0.0
2025-05-19 03:10:00+00:00,74.80000305175781,74.80000305175781,74.80000305175781,74.80000305175781,14010,0.0,0.0
2025-05-19 03:15:00+00:00,74.80000305175781,74.80000305175781,74.80000305175781,74.80000305175781,1001,0.0,0.0
2025-05-19 03:20:00+00:00,74.80000305175781,74.80000305175781,74.80000305175781,74.80000305175781,5030,0.0,0.0
2025-05-19 03:25:00+00:00,74.69999694824219,74.69999694824219,74.5999984741211,74.69999694824219,22006,0.0,0.0
2025-05-19 03:30:00+00:00,74.69999694824219,74.69999694824219,74.5,74.5,59015,0.0,0.0
2025-05-19 03:35:00+00:00,74.5,74.5999984741211,74.5,74.5999984741211,19010,0.0,0.0
2025-05-19 03:40:00+00:00,74.5,74.5,74.4000015258789,74.4000015258789,21468,0.0,0.0
2025-05-19 03:45:00+00:00,74.5,74.5,74.5,74.5,6116,0.0,0.0
2025-05-19 03:50:00+00:00,74.4000015258789,74.4000015258789,74.4000015258789,74.4000015258789,4000,0.0,0.0
2025-05-19 03:55:00+00:00,74.5,74.5,74.5,74.5,21000,0.0,0.0
2025-05-19 04:00:00+00:00,74.5,74.5,74.5,74.5,7200,0.0,0.0
2025-05-19 04:05:00+00:00,74.5,74.5,74.5,74.5,10000,0.0,0.0
2025-05-19 04:10:00+00:00,74.5,74.5999984741211,74.5,74.5999984741211,3117,0.0,0.0
2025-05-19 04:15:00+00:00,74.5,74.5,74.5,74.5,1001,0.0,0.0
2025-05-19 04:20:00+00:00,74.5,74.5999984741211,74.5,74.5,11012,0.0,0.0
2025-05-19 04:25:00+00:00,74.5,74.5,74.5,74.5,7000,0.0,0.0
2025-05-19 04:30:00+00:00,74.5,74.5,74.5,74.5,11178,0.0,0.0
2025-05-19 04:35:00+00:00,74.5,74.5,74.5,74.5,8000,0.0,0.0
2025-05-19 04:40:00+00:00,74.4000015258789,74.5,74.4000015258789,74.5,12000,0.0,0.0
2025-05-19 04:45:00+00:00,74.5,74.5,74.30000305175781,74.30000305175781,98195,0.0,0.0
2025-05-19 04:50:00+00:00,74.30000305175781,74.30000305175781,74.19999694824219,74.19999694824219,18000,0.0,0.0
2025-05-19 04:55:00+00:00,74.19999694824219,74.19999694824219,74.0999984741211,74.0999984741211,74705,0.0,0.0
2025-05-19 05:00:00+00:00,74.0999984741211,74.0999984741211,74.0999984741211,74.0999984741211,13000,0.0,0.0
2025-05-19 05:05:00+00:00,74.0999984741211,74.19999694824219,74.0999984741211,74.0999984741211,16016,0.0,0.0
2025-05-19 05:10:00+00:00,74.0999984741211,74.0999984741211,74.0,74.0999984741211,27700,0.0,0.0
2025-05-19 05:15:00+00:00,74.0999984741211,74.0999984741211,74.0,74.0999984741211,25151,0.0,0.0
2025-05-19 05:20:00+00:00,74.0,74.0999984741211,73.9000015258789,74.0,101065,0.0,0.0
2025-05-20 01:00:00+00:00,74.5,74.69999694824219,74.0999984741211,74.5,0,0.0,0.0
2025-05-20 01:05:00+00:00,74.5,74.69999694824219,74.5,74.5999984741211,54049,0.0,0.0
2025-05-20 01:10:00+00:00,74.5999984741211,74.5999984741211,74.4000015258789,74.5,10887,0.0,0.0
2025-05-20 01:15:00+00:00,74.5,74.5,74.5,74.5,2513,0.0,0.0
2025-05-20 01:20:00+00:00,74.5,74.5999984741211,74.5,74.5999984741211,19010,0.0,0.0
2025-05-20 01:25:00+00:00,74.5999984741211,74.5999984741211,74.5,74.5,8000,0.0,0.0
2025-05-20 01:30:00+00:00,74.4000015258789,74.4000015258789,74.0999984741211,74.19999694824219,36453,0.0,0.0
2025-05-20 01:35:00+00:00,74.19999694824219,74.19999694824219,74.19999694824219,74.19999694824219,8410,0.0,0.0
2025-05-20 01:40:00+00:00,74.19999694824219,74.19999694824219,74.0999984741211,74.0999984741211,5000,0.0,0.0
2025-05-20 01:45:00+00:00,74.0999984741211,74.30000305175781,74.0999984741211,74.30000305175781,16003,0.0,0.0
2025-05-20 01:50:00+00:00,74.30000305175781,74.4000015258789,74.30000305175781,74.4000015258789,7190,0.0,0.0
2025-05-20 01:55:00+00:00,74.4000015258789,74.4000015258789,74.30000305175781,74.30000305175781,13025,0.0,0.0
2025-05-20 02:05:00+00:00,74.30000305175781,74.30000305175781,74.19999694824219,74.19999694824219,5247,0.0,0.0
2025-05-20 02:10:00+00:00,74.19999694824219,74.19999694824219,74.19999694824219,74.19999694824219,4000,0.0,0.0
2025-05-20 02:15:00+00:00,74.19999694824219,74.19999694824219,74.19999694824219,74.19999694824219,6000,0.0,0.0
2025-05-20 02:20:00+00:00,74.19999694824219,74.19999694824219,74.0999984741211,74.0999984741211,10010,0.0,0.0
2025-05-20 02:25:00+00:00,74.0999984741211,74.19999694824219,74.0999984741211,74.0999984741211,7287,0.0,0.0
2025-05-20 02:30:00+00:00,74.0999984741211,74.0999984741211,74.0,74.0999984741211,23405,0.0,0.0
2025-05-20 02:35:00+00:00,74.19999694824219,74.30000305175781,74.19999694824219,74.19999694824219,13030,0.0,0.0
2025-05-20 02:40:00+00:00,74.30000305175781,74.5,74.30000305175781,74.4000015258789,23000,0.0,0.0
2025-05-20 02:45:00+00:00,74.4000015258789,74.4000015258789,74.30000305175781,74.30000305175781,5000,0.0,0.0
2025-05-20 02:50:00+00:00,74.30000305175781,74.30000305175781,74.30000305175781,74.30000305175781,2000,0.0,0.0
2025-05-20 02:55:00+00:00,74.30000305175781,74.30000305175781,74.30000305175781,74.30000305175781,1000,0.0,0.0
2025-05-20 03:00:00+00:00,74.30000305175781,74.30000305175781,74.19999694824219,74.19999694824219,2000,0.0,0.0
2025-05-20 03:05:00+00:00,74.19999694824219,74.19999694824219,74.19999694824219,74.19999694824219,6004,0.0,0.0
2025-05-20 03:10:00+00:00,74.30000305175781,74.30000305175781,74.30000305175781,74.30000305175781,12000,0.0,0.0
2025-05-20 03:15:00+00:00,74.19999694824219,74.19999694824219,74.0999984741211,74.0999984741211,8000,0.0,0.0
2025-05-20 03:20:00+00:00,74.19999694824219,74.19999694824219,74.0999984741211,74.0999984741211,7176,0.0,0.0
2025-05-20 03:30:00+00:00,74.19999694824219,74.19999694824219,74.19999694824219,74.19999694824219,2000,0.0,0.0
2025-05-20 03:35:00+00:00,74.0999984741211,74.19999694824219,74.0999984741211,74.19999694824219,6000,0.0,0.0
2025-05-20 03:40:00+00:00,74.19999694824219,74.4000015258789,74.19999694824219,74.30000305175781,14000,0.0,0.0
2025-05-20 03:45:00+00:00,74.30000305175781,74.30000305175781,74.30000305175781,74.30000305175781,1000,0.0,0.0
2025-05-20 03:50:00+00:00,74.30000305175781,74.4000015258789,74.30000305175781,74.4000015258789,11287,0.0,0.0
2025-05-20 03:55:00+00:00,74.30000305175781,74.30000305175781,74.30000305175781,74.30000305175781,10200,0.0,0.0
2025-05-20 04:00:00+00:00,74.30000305175781,74.30000305175781,74.19999694824219,74.19999694824219,8000,0.0,0.0
2025-05-20 04:05:00+00:00,74.0999984741211,74.19999694824219,74.0999984741211,74.0999984741211,6026,0.0,0.0
2025-05-20 04:10:00+00:00,74.0999984741211,74.0999984741211,74.0,74.0,12000,0.0,0.0
2025-05-20 04:15:00+00:00,74.0,74.0,74.0,74.0,30100,0.0,0.0
2025-05-20 04:20:00+00:00,74.0,74.0,74.0,74.0,4000,0.0,0.0
2025-05-20 04:25:00+00:00,74.0,74.0,73.9000015258789,74.0,4000,0.0,0.0
2025-05-20 04:30:00+00:00,73.9000015258789,73.9000015258789,73.80000305175781,73.80000305175781,26422,0.0,0.0
2025-05-20 04:35:00+00:00,73.80000305175781,73.80000305175781,73.80000305175781,73.80000305175781,4000,0.0,0.0
2025-05-20 04:45:00+00:00,73.80000305175781,73.9000015258789,73.80000305175781,73.80000305175781,8250,0.0,0.0
2025-05-20 04:50:00+00:00,73.80000305175781,73.9000015258789,73.80000305175781,73.9000015258789,5000,0.0,0.0
2025-05-20 04:55:00+00:00,73.9000015258789,74.0,73.9000015258789,74.0,9030,0.0,0.0
2025-05-20 05:00:00+00:00,73.9000015258789,73.9000015258789,73.9000015258789,73.9000015258789,4401,0.0,0.0
2025-05-20 05:05:00+00:00,74.0,74.0,73.9000015258789,73.9000015258789,8103,0.0,0.0
2025-05-20 05:10:00+00:00,73.9000015258789,73.9000015258789,73.80000305175781,73.80000305175781,16000,0.0,0.0
2025-05-20 05:15:00+00:00,74.0,74.0999984741211,74.0,74.0999984741211,25003,0.0,0.0
2025-05-20 05:20:00+00:00,74.0999984741211,74.19999694824219,73.80000305175781,73.9000015258789,34659,0.0,0.0
2025-05-21 01:00:00+00:00,74.0999984741211,74.4000015258789,74.0999984741211,74.30000305175781,0,0.0,0.0
2025-05-21 01:05:00+00:00,74.4000015258789,74.69999694824219,74.4000015258789,74.5,24800,0.0,0.0
2025-05-21 01:10:00+00:00,74.5,74.5,74.5,74.5,5000,0.0,0.0
2025-05-21 01:15:00+00:00,74.5,74.5999984741211,74.5,74.5999984741211,15120,0.0,0.0
2025-05-21 01:20:00+00:00,74.5999984741211,74.5999984741211,74.5,74.5,9000,0.0,0.0
2025-05-21 01:25:00+00:00,74.4000015258789,74.4000015258789,74.4000015258789,74.4000015258789,9000,0.0,0.0
2025-05-21 01:30:00+00:00,74.4000015258789,74.4000015258789,74.19999694824219,74.4000015258789,16001,0.0,0.0
2025-05-21 01:35:00+00:00,74.30000305175781,74.30000305175781,74.30000305175781,74.30000305175781,2000,0.0,0.0
2025-05-21 01:40:00+00:00,74.30000305175781,74.4000015258789,74.30000305175781,74.4000015258789,5251,0.0,0.0
2025-05-21 01:45:00+00:00,74.30000305175781,74.30000305175781,74.30000305175781,74.30000305175781,2000,0.0,0.0
2025-05-21 01:50:00+00:00,74.30000305175781,74.30000305175781,74.19999694824219,74.19999694824219,8001,0.0,0.0
2025-05-21 01:55:00+00:00,74.19999694824219,74.30000305175781,74.19999694824219,74.30000305175781,5174,0.0,0.0
2025-05-21 02:00:00+00:00,74.30000305175781,74.30000305175781,74.19999694824219,74.30000305175781,3010,0.0,0.0
2025-05-21 02:05:00+00:00,74.30000305175781,74.30000305175781,74.19999694824219,74.19999694824219,5000,0.0,0.0
2025-05-21 02:10:00+00:00,74.30000305175781,74.30000305175781,74.30000305175781,74.30000305175781,3200,0.0,0.0
2025-05-21 02:15:00+00:00,74.30000305175781,74.30000305175781,74.19999694824219,74.19999694824219,12429,0.0,0.0
2025-05-21 02:20:00+00:00,74.19999694824219,74.19999694824219,74.19999694824219,74.19999694824219,14171,0.0,0.0
2025-05-21 02:25:00+00:00,74.19999694824219,74.19999694824219,74.19999694824219,74.19999694824219,3000,0.0,0.0
2025-05-21 02:30:00+00:00,74.30000305175781,74.30000305175781,74.30000305175781,74.30000305175781,1000,0.0,0.0
2025-05-21 02:35:00+00:00,74.30000305175781,74.4000015258789,74.30000305175781,74.4000015258789,14000,0.0,0.0
2025-05-21 02:40:00+00:00,74.4000015258789,74.5,74.4000015258789,74.5,51000,0.0,0.0
2025-05-21 02:45:00+00:00,74.5,74.5999984741211,74.5,74.5999984741211,23053,0.0,0.0
2025-05-21 02:50:00+00:00,74.5999984741211,74.69999694824219,74.5,74.5,27000,0.0,0.0
2025-05-21 02:55:00+00:00,74.5999984741211,74.69999694824219,74.5999984741211,74.69999694824219,24000,0.0,0.0
2025-05-21 03:00:00+00:00,74.69999694824219,74.80000305175781,74.69999694824219,74.80000305175781,40000,0.0,0.0
2025-05-21 03:05:00+00:00,74.80000305175781,74.9000015258789,74.80000305175781,74.80000305175781,13003,0.0,0.0
2025-05-21 03:10:00+00:00,74.80000305175781,74.80000305175781,74.69999694824219,74.69999694824219,6000,0.0,0.0
2025-05-21 03:15:00+00:00,74.69999694824219,74.69999694824219,74.69999694824219,74.69999694824219,4000,0.0,0.0
2025-05-21 03:20:00+00:00,74.80000305175781,74.80000305175781,74.80000305175781,74.80000305175781,9113,0.0,0.0
2025-05-21 03:25:00+00:00,74.80000305175781,74.80000305175781,74.80000305175781,74.80000305175781,2005,0.0,0.0
2025-05-21 03:30:00+00:00,74.80000305175781,74.80000305175781,74.80000305175781,74.80000305175781,2000,0.0,0.0
2025-05-21 03:35:00+00:00,74.69999694824219,74.69999694824219,74.69999694824219,74.69999694824219,13000,0.0,0.0
2025-05-21 03:40:00+00:00,74.69999694824219,74.80000305175781,74.69999694824219,74.80000305175781,29100,0.0,0.0
2025-05-21 03:45:00+00:00,74.80000305175781,74.9000015258789,74.80000305175781,74.9000015258789,40013,0.0,0.0
2025-05-21 03:50:00+00:00,74.80000305175781,74.9000015258789,74.80000305175781,74.80000305175781,8000,0.0,0.0
2025-05-21 03:55:00+00:00,74.80000305175781,74.80000305175781,74.80000305175781,74.80000305175781,4000,0.0,0.0
2025-05-21 04:00:00+00:00,74.80000305175781,74.80000305175781,74.80000305175781,74.80000305175781,15100,0.0,0.0
2025-05-21 04:05:00+00:00,74.80000305175781,74.80000305175781,74.69999694824219,74.80000305175781,7017,0.0,0.0
2025-05-21 04:15:00+00:00,74.80000305175781,74.80000305175781,74.80000305175781,74.80000305175781,1003,0.0,0.0
2025-05-21 04:20:00+00:00,74.80000305175781,74.80000305175781,74.80000305175781,74.80000305175781,13000,0.0,0.0
2025-05-21 04:25:00+00:00,74.69999694824219,74.80000305175781,74.69999694824219,74.80000305175781,9400,0.0,0.0
2025-05-21 04:30:00+00:00,74.80000305175781,74.80000305175781,74.80000305175781,74.80000305175781,3386,0.0,0.0
2025-05-21 04:35:00+00:00,74.80000305175781,74.80000305175781,74.80000305175781,74.80000305175781,3164,0.0,0.0
2025-05-21 04:40:00+00:00,74.80000305175781,74.9000015258789,74.80000305175781,74.9000015258789,2186,0.0,0.0
2025-05-21 04:45:00+00:00,74.80000305175781,74.80000305175781,74.80000305175781,74.80000305175781,11000,0.0,0.0
2025-05-21 04:50:00+00:00,74.80000305175781,74.80000305175781,74.5999984741211,74.5999984741211,39000,0.0,0.0
2025-05-21 04:55:00+00:00,74.69999694824219,74.69999694824219,74.69999694824219,74.69999694824219,11000,0.0,0.0
2025-05-21 05:00:00+00:00,74.69999694824219,74.80000305175781,74.69999694824219,74.69999694824219,4000,0.0,0.0
2025-05-21 05:05:00+00:00,74.69999694824219,74.69999694824219,74.69999694824219,74.69999694824219,6101,0.0,0.0
2025-05-21 05:10:00+00:00,74.69999694824219,74.80000305175781,74.69999694824219,74.69999694824219,7055,0.0,0.0
2025-05-21 05:15:00+00:00,74.69999694824219,74.69999694824219,74.69999694824219,74.69999694824219,17785,0.0,0.0
2025-05-21 05:20:00+00:00,74.80000305175781,75.0,74.80000305175781,74.9000015258789,60122,0.0,0.0
2025-05-22 01:00:00+00:00,74.5,74.5,74.0,74.0,0,0.0,0.0
2025-05-22 01:05:00+00:00,74.0,74.5,74.0,74.5,23114,0.0,0.0
2025-05-22 01:10:00+00:00,74.30000305175781,74.4000015258789,74.30000305175781,74.4000015258789,7340,0.0,0.0
2025-05-22 01:15:00+00:00,74.4000015258789,74.5,74.4000015258789,74.5,64000,0.0,0.0
2025-05-22 01:20:00+00:00,74.30000305175781,74.30000305175781,74.30000305175781,74.30000305175781,16240,0.0,0.0
2025-05-22 01:25:00+00:00,74.30000305175781,74.30000305175781,74.30000305175781,74.30000305175781,5010,0.0,0.0
2025-05-22 01:30:00+00:00,74.30000305175781,74.30000305175781,74.30000305175781,74.30000305175781,6040,0.0,0.0
2025-05-22 01:35:00+00:00,74.30000305175781,74.30000305175781,74.30000305175781,74.30000305175781,2010,0.0,0.0
2025-05-22 01:40:00+00:00,74.30000305175781,74.30000305175781,74.30000305175781,74.30000305175781,2000,0.0,0.0
2025-05-22 01:45:00+00:00,74.4000015258789,74.4000015258789,74.30000305175781,74.30000305175781,9000,0.0,0.0
2025-05-22 01:50:00+00:00,74.30000305175781,74.30000305175781,74.0999984741211,74.19999694824219,22000,0.0,0.0
2025-05-22 01:55:00+00:00,74.19999694824219,74.19999694824219,74.19999694824219,74.19999694824219,5000,0.0,0.0
2025-05-22 02:00:00+00:00,74.19999694824219,74.30000305175781,74.19999694824219,74.30000305175781,34150,0.0,0.0
2025-05-22 02:05:00+00:00,74.19999694824219,74.19999694824219,74.0999984741211,74.0999984741211,12000,0.0,0.0
2025-05-22 02:10:00+00:00,74.19999694824219,74.19999694824219,74.19999694824219,74.19999694824219,3010,0.0,0.0
2025-05-22 02:15:00+00:00,74.30000305175781,74.30000305175781,74.0999984741211,74.0999984741211,3090,0.0,0.0
2025-05-22 02:20:00+00:00,74.0999984741211,74.19999694824219,74.0999984741211,74.19999694824219,2000,0.0,0.0
2025-05-22 02:25:00+00:00,74.19999694824219,74.19999694824219,74.19999694824219,74.19999694824219,3000,0.0,0.0
2025-05-22 02:30:00+00:00,74.4000015258789,74.4000015258789,74.4000015258789,74.4000015258789,4100,0.0,0.0
2025-05-22 02:35:00+00:00,74.30000305175781,74.30000305175781,74.19999694824219,74.19999694824219,5000,0.0,0.0
2025-05-22 02:40:00+00:00,74.19999694824219,74.30000305175781,74.19999694824219,74.19999694824219,13000,0.0,0.0
2025-05-22 02:45:00+00:00,74.19999694824219,74.19999694824219,74.0999984741211,74.0999984741211,23199,0.0,0.0
2025-05-22 02:50:00+00:00,74.0999984741211,74.0999984741211,74.0,74.0,26604,0.0,0.0
2025-05-22 02:55:00+00:00,74.0,74.0,74.0,74.0,3477,0.0,0.0
2025-05-22 03:00:00+00:00,74.0,74.0,74.0,74.0,6030,0.0,0.0
2025-05-22 03:05:00+00:00,74.0999984741211,74.0999984741211,74.0999984741211,74.0999984741211,3000,0.0,0.0
2025-05-22 03:10:00+00:00,74.0,74.0,74.0,74.0,10524,0.0,0.0
2025-05-22 03:15:00+00:00,74.0,74.0999984741211,74.0,74.0999984741211,3000,0.0,0.0
2025-05-22 03:20:00+00:00,74.0,74.0999984741211,74.0,74.0999984741211,11000,0.0,0.0
2025-05-22 03:25:00+00:00,74.0999984741211,74.0999984741211,74.0999984741211,74.0999984741211,3000,0.0,0.0
2025-05-22 03:30:00+00:00,74.0999984741211,74.0999984741211,74.0999984741211,74.0999984741211,3000,0.0,0.0
2025-05-22 03:35:00+00:00,74.0999984741211,74.0999984741211,73.9000015258789,73.9000015258789,20000,0.0,0.0
2025-05-22 03:40:00+00:00,73.9000015258789,73.9000015258789,73.9000015258789,73.9000015258789,11000,0.0,0.0
2025-05-22 03:50:00+00:00,74.0,74.0999984741211,74.0,74.0999984741211,2000,0.0,0.0
2025-05-22 03:55:00+00:00,74.0999984741211,74.0999984741211,74.0999984741211,74.0999984741211,1000,0.0,0.0
2025-05-22 04:00:00+00:00,74.0,74.0999984741211,74.0,74.0999984741211,2132,0.0,0.0
2025-05-22 04:10:00+00:00,74.19999694824219,74.19999694824219,74.0999984741211,74.0999984741211,3000,0.0,0.0
2025-05-22 04:15:00+00:00,74.0999984741211,74.0999984741211,74.0999984741211,74.0999984741211,6015,0.0,0.0
2025-05-22 04:25:00+00:00,74.0,74.0999984741211,74.0,74.0,12042,0.0,0.0
2025-05-22 04:30:00+00:00,74.0999984741211,74.0999984741211,74.0,74.0999984741211,5027,0.0,0.0
2025-05-22 04:35:00+00:00,74.0999984741211,74.0999984741211,74.0,74.0999984741211,5081,0.0,0.0
2025-05-22 04:40:00+00:00,74.0999984741211,74.0999984741211,74.0999984741211,74.0999984741211,1003,0.0,0.0
2025-05-22 04:45:00+00:00,74.0999984741211,74.19999694824219,74.0999984741211,74.19999694824219,6000,0.0,0.0
2025-05-22 04:50:00+00:00,74.19999694824219,74.19999694824219,74.19999694824219,74.19999694824219,2000,0.0,0.0
2025-05-22 04:55:00+00:00,74.0999984741211,74.0999984741211,74.0999984741211,74.0999984741211,3000,0.0,0.0
2025-05-22 05:00:00+00:00,74.0999984741211,74.0999984741211,74.0999984741211,74.0999984741211,9167,0.0,0.0
2025-05-22 05:05:00+00:00,74.0999984741211,74.19999694824219,74.0999984741211,74.0999984741211,15147,0.0,0.0
2025-05-22 05:10:00+00:00,74.19999694824219,74.19999694824219,74.0,74.0,17000,0.0,0.0
2025-05-22 05:15:00+00:00,74.0,74.0999984741211,74.0,74.0,51000,0.0,0.0
2025-05-22 05:20:00+00:00,73.9000015258789,74.0,73.9000015258789,73.9000015258789,22110,0.0,0.0
2025-05-23 01:00:00+00:00,74.5,74.5999984741211,74.5,74.5999984741211,0,0.0,0.0
2025-05-23 01:05:00+00:00,74.5,74.5999984741211,74.5,74.5999984741211,48000,0.0,0.0
2025-05-23 01:10:00+00:00,74.5999984741211,74.80000305175781,74.5999984741211,74.69999694824219,47318,0.0,0.0
2025-05-23 01:15:00+00:00,74.69999694824219,74.80000305175781,74.69999694824219,74.69999694824219,12453,0.0,0.0
2025-05-23 01:20:00+00:00,74.69999694824219,74.69999694824219,74.4000015258789,74.5,35000,0.0,0.0
2025-05-23 01:25:00+00:00,74.5,74.5,74.30000305175781,74.5,6050,0.0,0.0
2025-05-23 01:30:00+00:00,74.5,74.5,74.30000305175781,74.30000305175781,14070,0.0,0.0
2025-05-23 01:35:00+00:00,74.30000305175781,74.30000305175781,74.30000305175781,74.30000305175781,8000,0.0,0.0
2025-05-23 01:40:00+00:00,74.30000305175781,74.4000015258789,74.19999694824219,74.4000015258789,10205,0.0,0.0
2025-05-23 01:45:00+00:00,74.30000305175781,74.4000015258789,74.30000305175781,74.30000305175781,42045,0.0,0.0
2025-05-23 01:50:00+00:00,74.30000305175781,74.69999694824219,74.30000305175781,74.5999984741211,39006,0.0,0.0
2025-05-23 01:55:00+00:00,74.5999984741211,74.5999984741211,74.5,74.5,23098,0.0,0.0
2025-05-23 02:00:00+00:00,74.4000015258789,74.4000015258789,74.30000305175781,74.4000015258789,23054,0.0,0.0
2025-05-23 02:05:00+00:00,74.4000015258789,74.4000015258789,74.4000015258789,74.4000015258789,3002,0.0,0.0
2025-05-23 02:10:00+00:00,74.5,74.5,74.30000305175781,74.30000305175781,21000,0.0,0.0
2025-05-23 02:20:00+00:00,74.4000015258789,74.69999694824219,74.4000015258789,74.69999694824219,52000,0.0,0.0
2025-05-23 02:25:00+00:00,74.69999694824219,74.69999694824219,74.69999694824219,74.69999694824219,14500,0.0,0.0
2025-05-23 02:30:00+00:00,74.69999694824219,74.69999694824219,74.5999984741211,74.5999984741211,8580,0.0,0.0
2025-05-23 02:35:00+00:00,74.5,74.5999984741211,74.5,74.5999984741211,25170,0.0,0.0
2025-05-23 02:45:00+00:00,74.5999984741211,74.5999984741211,74.5999984741211,74.5999984741211,1007,0.0,0.0
2025-05-23 02:50:00+00:00,74.5,74.5,74.5,74.5,1004,0.0,0.0
2025-05-23 02:55:00+00:00,74.5,74.5,74.5,74.5,4050,0.0,0.0
2025-05-23 03:00:00+00:00,74.4000015258789,74.5,74.4000015258789,74.5,7000,0.0,0.0
2025-05-23 03:05:00+00:00,74.5,74.5999984741211,74.5,74.5,8003,0.0,0.0
2025-05-23 03:10:00+00:00,74.5999984741211,74.5999984741211,74.5,74.5,13010,0.0,0.0
2025-05-23 03:15:00+00:00,74.5,74.5,74.5,74.5,2150,0.0,0.0
2025-05-23 03:20:00+00:00,74.5,74.5,74.5,74.5,5030,0.0,0.0
2025-05-23 03:25:00+00:00,74.5,74.5,74.5,74.5,1003,0.0,0.0
2025-05-23 03:30:00+00:00,74.5,74.5,74.5,74.5,6000,0.0,0.0
2025-05-23 03:45:00+00:00,74.4000015258789,74.4000015258789,74.4000015258789,74.4000015258789,4045,0.0,0.0
2025-05-23 03:50:00+00:00,74.4000015258789,74.4000015258789,74.30000305175781,74.30000305175781,5000,0.0,0.0
2025-05-23 03:55:00+00:00,74.30000305175781,74.30000305175781,74.30000305175781,74.30000305175781,7303,0.0,0.0
2025-05-23 04:05:00+00:00,74.30000305175781,74.30000305175781,74.30000305175781,74.30000305175781,2000,0.0,0.0
2025-05-23 04:10:00+00:00,74.19999694824219,74.19999694824219,74.0999984741211,74.19999694824219,9004,0.0,0.0
2025-05-23 04:15:00+00:00,74.0999984741211,74.19999694824219,74.0999984741211,74.19999694824219,3000,0.0,0.0
2025-05-23 04:20:00+00:00,74.0999984741211,74.19999694824219,74.0,74.0999984741211,32744,0.0,0.0
2025-05-23 04:25:00+00:00,74.0,74.0,73.80000305175781,73.80000305175781,62690,0.0,0.0
2025-05-23 04:30:00+00:00,73.80000305175781,73.80000305175781,73.80000305175781,73.80000305175781,1000,0.0,0.0
2025-05-23 04:35:00+00:00,73.80000305175781,73.9000015258789,73.80000305175781,73.80000305175781,6000,0.0,0.0
2025-05-23 04:40:00+00:00,73.80000305175781,74.0,73.80000305175781,73.9000015258789,6572,0.0,0.0
2025-05-23 04:45:00+00:00,74.0,74.0,73.80000305175781,73.80000305175781,6200,0.0,0.0
2025-05-23 04:50:00+00:00,73.80000305175781,73.9000015258789,73.80000305175781,73.9000015258789,13248,0.0,0.0
2025-05-23 04:55:00+00:00,73.9000015258789,74.0,73.80000305175781,74.0,3230,0.0,0.0
2025-05-23 05:00:00+00:00,73.9000015258789,73.9000015258789,73.80000305175781,73.80000305175781,11410,0.0,0.0
2025-05-23 05:05:00+00:00,73.80000305175781,74.0,73.80000305175781,73.9000015258789,11103,0.0,0.0
2025-05-23 05:10:00+00:00,74.0,74.0,74.0,74.0,7000,0.0,0.0
2025-05-23 05:15:00+00:00,74.0,74.0,74.0,74.0,2000,0.0,0.0
2025-05-23 05:20:00+00:00,74.0,74.0999984741211,73.9000015258789,73.9000015258789,31003,0.0,0.0
2025-05-26 01:00:00+00:00,73.80000305175781,73.80000305175781,73.19999694824219,73.30000305175781,0,0.0,0.0
2025-05-26 01:05:00+00:00,73.30000305175781,73.4000015258789,73.0,73.4000015258789,28156,0.0,0.0
2025-05-26 01:10:00+00:00,73.5,73.9000015258789,73.5,73.80000305175781,8053,0.0,0.0
2025-05-26 01:15:00+00:00,74.0,74.0,73.9000015258789,74.0,7145,0.0,0.0
2025-05-26 01:20:00+00:00,73.9000015258789,73.9000015258789,73.80000305175781,73.80000305175781,18000,0.0,0.0
2025-05-26 01:25:00+00:00,73.9000015258789,74.0,73.80000305175781,73.9000015258789,12050,0.0,0.0
2025-05-26 01:30:00+00:00,74.0,74.0999984741211,73.9000015258789,74.0,12205,0.0,0.0
2025-05-26 01:35:00+00:00,73.9000015258789,74.0,73.9000015258789,74.0,8224,0.0,0.0
2025-05-26 01:40:00+00:00,73.9000015258789,74.0999984741211,73.80000305175781,74.0999984741211,16026,0.0,0.0
2025-05-26 01:45:00+00:00,74.0999984741211,74.0999984741211,74.0,74.0999984741211,4171,0.0,0.0
2025-05-26 01:50:00+00:00,74.0999984741211,74.0999984741211,74.0,74.0,6000,0.0,0.0
2025-05-26 01:55:00+00:00,74.0,74.30000305175781,73.80000305175781,74.30000305175781,12014,0.0,0.0
2025-05-26 02:00:00+00:00,74.4000015258789,74.5,74.4000015258789,74.5,23354,0.0,0.0
2025-05-26 02:05:00+00:00,74.4000015258789,74.4000015258789,74.4000015258789,74.4000015258789,3000,0.0,0.0
2025-05-26 02:10:00+00:00,74.4000015258789,74.4000015258789,74.0999984741211,74.0999984741211,11000,0.0,0.0
2025-05-26 02:15:00+00:00,74.0999984741211,74.0999984741211,74.0,74.0,2000,0.0,0.0
2025-05-26 02:20:00+00:00,74.19999694824219,74.19999694824219,74.19999694824219,74.19999694824219,3101,0.0,0.0
2025-05-26 02:25:00+00:00,74.0999984741211,74.0999984741211,74.0999984741211,74.0999984741211,1000,0.0,0.0
2025-05-26 02:30:00+00:00,74.19999694824219,74.19999694824219,74.19999694824219,74.19999694824219,6000,0.0,0.0
2025-05-26 02:40:00+00:00,74.19999694824219,74.19999694824219,74.19999694824219,74.19999694824219,4000,0.0,0.0
2025-05-26 02:45:00+00:00,74.19999694824219,74.19999694824219,74.19999694824219,74.19999694824219,7000,0.0,0.0
2025-05-26 02:55:00+00:00,74.0999984741211,74.0999984741211,74.0999984741211,74.0999984741211,9119,0.0,0.0
2025-05-26 03:05:00+00:00,74.0,74.0999984741211,74.0,74.0999984741211,4000,0.0,0.0
2025-05-26 03:15:00+00:00,74.0999984741211,74.0999984741211,74.0999984741211,74.0999984741211,5000,0.0,0.0
2025-05-26 03:20:00+00:00,74.0999984741211,74.0999984741211,74.0999984741211,74.0999984741211,1003,0.0,0.0
2025-05-26 03:30:00+00:00,74.0,74.0,74.0,74.0,7000,0.0,0.0
2025-05-26 03:35:00+00:00,74.0,74.0,73.9000015258789,73.9000015258789,12000,0.0,0.0
2025-05-26 03:40:00+00:00,74.0,74.0,74.0,74.0,2000,0.0,0.0
2025-05-26 03:45:00+00:00,73.9000015258789,73.9000015258789,73.9000015258789,73.9000015258789,1000,0.0,0.0
2025-05-26 03:55:00+00:00,73.9000015258789,73.9000015258789,73.80000305175781,73.80000305175781,6024,0.0,0.0
2025-05-26 04:00:00+00:00,73.80000305175781,73.80000305175781,73.80000305175781,73.80000305175781,7035,0.0,0.0
2025-05-26 04:05:00+00:00,73.9000015258789,73.9000015258789,73.9000015258789,73.9000015258789,4000,0.0,0.0
2025-05-26 04:10:00+00:00,73.9000015258789,73.9000015258789,73.9000015258789,73.9000015258789,3004,0.0,0.0
2025-05-26 04:15:00+00:00,74.0999984741211,74.0999984741211,73.80000305175781,73.80000305175781,25223,0.0,0.0
2025-05-26 04:20:00+00:00,73.80000305175781,73.80000305175781,73.69999694824219,73.69999694824219,25224,0.0,0.0
2025-05-26 04:25:00+00:00,73.5999984741211,73.69999694824219,73.5999984741211,73.5999984741211,11503,0.0,0.0
2025-05-26 04:30:00+00:00,73.5999984741211,73.5999984741211,73.5999984741211,73.5999984741211,7000,0.0,0.0
2025-05-26 04:35:00+00:00,73.69999694824219,73.80000305175781,73.69999694824219,73.80000305175781,27000,0.0,0.0
2025-05-26 04:40:00+00:00,73.80000305175781,73.80000305175781,73.80000305175781,73.80000305175781,5000,0.0,0.0
2025-05-26 04:45:00+00:00,73.80000305175781,73.9000015258789,73.80000305175781,73.80000305175781,6009,0.0,0.0
2025-05-26 04:50:00+00:00,73.9000015258789,73.9000015258789,73.9000015258789,73.9000015258789,1000,0.0,0.0
2025-05-26 04:55:00+00:00,73.9000015258789,73.9000015258789,73.9000015258789,73.9000015258789,4000,0.0,0.0
2025-05-26 05:00:00+00:00,73.80000305175781,73.80000305175781,73.80000305175781,73.80000305175781,3030,0.0,0.0
2025-05-26 05:05:00+00:00,73.80000305175781,73.80000305175781,73.80000305175781,73.80000305175781,4000,0.0,0.0
2025-05-26 05:10:00+00:00,73.80000305175781,73.9000015258789,73.80000305175781,73.9000015258789,3000,0.0,0.0
2025-05-26 05:15:00+00:00,73.80000305175781,73.9000015258789,73.80000305175781,73.9000015258789,11300,0.0,0.0
2025-05-26 05:20:00+00:00,73.9000015258789,74.0,73.9000015258789,73.9000015258789,5300,0.0,0.0
2025-05-27 01:00:00+00:00,74.0,74.4000015258789,74.0,74.0,0,0.0,0.0
2025-05-27 01:05:00+00:00,74.0999984741211,74.0999984741211,74.0,74.0,9002,0.0,0.0
2025-05-27 01:10:00+00:00,74.0,74.0,73.9000015258789,74.0,7058,0.0,0.0
2025-05-27 01:15:00+00:00,74.0,74.19999694824219,74.0,74.19999694824219,9000,0.0,0.0
2025-05-27 01:20:00+00:00,74.19999694824219,74.30000305175781,74.19999694824219,74.30000305175781,7092,0.0,0.0
2025-05-27 01:25:00+00:00,74.30000305175781,74.30000305175781,74.30000305175781,74.30000305175781,8000,0.0,0.0
2025-05-27 01:30:00+00:00,74.30000305175781,74.30000305175781,74.19999694824219,74.30000305175781,5000,0.0,0.0
2025-05-27 01:35:00+00:00,74.30000305175781,74.30000305175781,74.19999694824219,74.19999694824219,8000,0.0,0.0
2025-05-27 01:40:00+00:00,74.0999984741211,74.19999694824219,74.0999984741211,74.0999984741211,15019,0.0,0.0
2025-05-27 01:45:00+00:00,74.0999984741211,74.0999984741211,74.0,74.0,6000,0.0,0.0
2025-05-27 01:50:00+00:00,74.0,74.0999984741211,74.0,74.0,15109,0.0,0.0
2025-05-27 01:55:00+00:00,74.0,74.0,73.69999694824219,73.69999694824219,22061,0.0,0.0
2025-05-27 02:00:00+00:00,73.69999694824219,73.69999694824219,73.4000015258789,73.4000015258789,19300,0.0,0.0
2025-05-27 02:05:00+00:00,73.4000015258789,73.4000015258789,73.4000015258789,73.4000015258789,6015,0.0,0.0
2025-05-27 02:10:00+00:00,73.4000015258789,73.4000015258789,73.19999694824219,73.19999694824219,10965,0.0,0.0
2025-05-27 02:15:00+00:00,73.30000305175781,73.4000015258789,73.30000305175781,73.4000015258789,11007,0.0,0.0
2025-05-27 02:20:00+00:00,73.30000305175781,73.30000305175781,73.30000305175781,73.30000305175781,6006,0.0,0.0
2025-05-27 02:25:00+00:00,73.4000015258789,73.4000015258789,73.4000015258789,73.4000015258789,1145,0.0,0.0
2025-05-27 02:30:00+00:00,73.4000015258789,73.5,73.4000015258789,73.5,3250,0.0,0.0
2025-05-27 02:40:00+00:00,73.5999984741211,73.5999984741211,73.5999984741211,73.5999984741211,4000,0.0,0.0
2025-05-27 02:45:00+00:00,73.5,73.5,73.4000015258789,73.4000015258789,6067,0.0,0.0
2025-05-27 02:50:00+00:00,73.4000015258789,73.4000015258789,73.30000305175781,73.30000305175781,11000,0.0,0.0
2025-05-27 02:55:00+00:00,73.4000015258789,73.4000015258789,73.4000015258789,73.4000015258789,1000,0.0,0.0
2025-05-27 03:00:00+00:00,73.30000305175781,73.30000305175781,73.30000305175781,73.30000305175781,3040,0.0,0.0
2025-05-27 03:05:00+00:00,73.4000015258789,73.4000015258789,73.4000015258789,73.4000015258789,2129,0.0,0.0
2025-05-27 03:10:00+00:00,73.30000305175781,73.30000305175781,73.19999694824219,73.19999694824219,12070,0.0,0.0
2025-05-27 03:15:00+00:00,73.19999694824219,73.30000305175781,73.19999694824219,73.30000305175781,5018,0.0,0.0
2025-05-27 03:20:00+00:00,73.30000305175781,73.30000305175781,73.19999694824219,73.19999694824219,8000,0.0,0.0
2025-05-27 03:25:00+00:00,73.30000305175781,73.30000305175781,73.0999984741211,73.0999984741211,15261,0.0,0.0
2025-05-27 03:30:00+00:00,73.0999984741211,73.0999984741211,73.0,73.0999984741211,34167,0.0,0.0
2025-05-27 03:35:00+00:00,73.0999984741211,73.0999984741211,73.0,73.0,27480,0.0,0.0
2025-05-27 03:40:00+00:00,73.0,73.0,73.0,73.0,8495,0.0,0.0
2025-05-27 03:45:00+00:00,73.0,73.0,73.0,73.0,10000,0.0,0.0
2025-05-27 03:50:00+00:00,73.0,73.0,73.0,73.0,2751,0.0,0.0
2025-05-27 03:55:00+00:00,73.0,73.0,72.9000015258789,72.9000015258789,19123,0.0,0.0
2025-05-27 04:00:00+00:00,72.9000015258789,72.9000015258789,72.9000015258789,72.9000015258789,7318,0.0,0.0
2025-05-27 04:05:00+00:00,72.9000015258789,72.9000015258789,72.9000015258789,72.9000015258789,27200,0.0,0.0
2025-05-27 04:10:00+00:00,73.0,73.0,73.0,73.0,14317,0.0,0.0
2025-05-27 04:15:00+00:00,72.9000015258789,73.0,72.9000015258789,72.9000015258789,13002,0.0,0.0
2025-05-27 04:20:00+00:00,72.80000305175781,72.80000305175781,72.69999694824219,72.69999694824219,37001,0.0,0.0
2025-05-27 04:25:00+00:00,72.69999694824219,72.80000305175781,72.69999694824219,72.69999694824219,8000,0.0,0.0
2025-05-27 04:30:00+00:00,72.69999694824219,72.9000015258789,72.69999694824219,72.9000015258789,21000,0.0,0.0
2025-05-27 04:40:00+00:00,72.9000015258789,72.9000015258789,72.80000305175781,72.80000305175781,5500,0.0,0.0
2025-05-27 04:45:00+00:00,72.80000305175781,72.80000305175781,72.80000305175781,72.80000305175781,20000,0.0,0.0
2025-05-27 04:50:00+00:00,72.80000305175781,72.80000305175781,72.80000305175781,72.80000305175781,1000,0.0,0.0
2025-05-27 04:55:00+00:00,72.80000305175781,72.9000015258789,72.80000305175781,72.9000015258789,18396,0.0,0.0
2025-05-27 05:00:00+00:00,72.9000015258789,72.9000015258789,72.9000015258789,72.9000015258789,3000,0.0,0.0
2025-05-27 05:05:00+00:00,72.9000015258789,73.0,72.9000015258789,73.0,18072,0.0,0.0
2025-05-27 05:10:00+00:00,73.0,73.0999984741211,73.0,73.0999984741211,3200,0.0,0.0
2025-05-27 05:15:00+00:00,73.0999984741211,73.0999984741211,72.9000015258789,72.9000015258789,17120,0.0,0.0
2025-05-27 05:20:00+00:00,72.9000015258789,73.0,72.9000015258789,73.0,8030,0.0,0.0
2025-05-28 01:00:00+00:00,73.0,73.30000305175781,73.0,73.30000305175781,0,0.0,0.0
2025-05-28 01:05:00+00:00,73.30000305175781,73.80000305175781,73.30000305175781,73.80000305175781,18700,0.0,0.0
2025-05-28 01:10:00+00:00,73.69999694824219,73.69999694824219,73.69999694824219,73.69999694824219,5105,0.0,0.0
2025-05-28 01:15:00+00:00,73.5,73.5,73.0999984741211,73.0999984741211,12170,0.0,0.0
2025-05-28 01:20:00+00:00,73.0,73.0,72.9000015258789,73.0,30009,0.0,0.0
2025-05-28 01:25:00+00:00,73.0,73.0,72.9000015258789,72.9000015258789,19036,0.0,0.0
2025-05-28 01:30:00+00:00,72.9000015258789,72.9000015258789,72.80000305175781,72.80000305175781,25140,0.0,0.0
2025-05-28 01:35:00+00:00,72.69999694824219,73.0,72.69999694824219,73.0,23235,0.0,0.0
2025-05-28 01:40:00+00:00,73.0,73.0,73.0,73.0,1000,0.0,0.0
2025-05-28 01:45:00+00:00,73.0,73.0999984741211,73.0,73.0999984741211,10000,0.0,0.0
2025-05-28 01:50:00+00:00,73.0,73.0,72.9000015258789,72.9000015258789,12000,0.0,0.0
2025-05-28 01:55:00+00:00,73.0,73.0,72.9000015258789,72.9000015258789,2000,0.0,0.0
2025-05-28 02:00:00+00:00,73.0,73.0,73.0,73.0,5000,0.0,0.0
2025-05-28 02:05:00+00:00,73.0999984741211,73.0999984741211,73.0999984741211,73.0999984741211,4100,0.0,0.0
2025-05-28 02:10:00+00:00,73.0999984741211,73.0999984741211,73.0,73.0,8736,0.0,0.0
2025-05-28 02:20:00+00:00,73.0,73.0,72.69999694824219,72.69999694824219,33570,0.0,0.0
2025-05-28 02:25:00+00:00,72.69999694824219,72.80000305175781,72.69999694824219,72.80000305175781,5071,0.0,0.0
2025-05-28 02:30:00+00:00,72.9000015258789,72.9000015258789,72.9000015258789,72.9000015258789,1000,0.0,0.0
2025-05-28 02:35:00+00:00,72.80000305175781,72.80000305175781,72.80000305175781,72.80000305175781,1000,0.0,0.0
2025-05-28 02:45:00+00:00,72.80000305175781,72.9000015258789,72.80000305175781,72.9000015258789,12200,0.0,0.0
2025-05-28 02:50:00+00:00,72.9000015258789,72.9000015258789,72.9000015258789,72.9000015258789,4000,0.0,0.0
2025-05-28 02:55:00+00:00,72.80000305175781,72.80000305175781,72.80000305175781,72.80000305175781,5005,0.0,0.0
2025-05-28 03:05:00+00:00,72.9000015258789,72.9000015258789,72.9000015258789,72.9000015258789,3320,0.0,0.0
2025-05-28 03:15:00+00:00,72.9000015258789,72.9000015258789,72.9000015258789,72.9000015258789,6000,0.0,0.0
2025-05-28 03:20:00+00:00,72.9000015258789,72.9000015258789,72.9000015258789,72.9000015258789,1000,0.0,0.0
2025-05-28 03:25:00+00:00,72.9000015258789,73.0,72.9000015258789,73.0,2040,0.0,0.0
2025-05-28 03:30:00+00:00,72.9000015258789,72.9000015258789,72.9000015258789,72.9000015258789,6000,0.0,0.0
2025-05-28 03:35:00+00:00,72.9000015258789,72.9000015258789,72.80000305175781,72.80000305175781,16000,0.0,0.0
2025-05-28 03:40:00+00:00,72.69999694824219,72.69999694824219,72.5999984741211,72.5999984741211,26355,0.0,0.0
2025-05-28 03:45:00+00:00,72.69999694824219,72.69999694824219,72.5999984741211,72.5999984741211,12099,0.0,0.0
2025-05-28 03:50:00+00:00,72.5999984741211,72.5999984741211,72.5999984741211,72.5999984741211,2000,0.0,0.0
2025-05-28 03:55:00+00:00,72.69999694824219,72.80000305175781,72.69999694824219,72.80000305175781,9070,0.0,0.0
2025-05-28 04:05:00+00:00,72.69999694824219,72.69999694824219,72.69999694824219,72.69999694824219,6000,0.0,0.0
2025-05-28 04:10:00+00:00,72.5999984741211,72.5999984741211,72.5999984741211,72.5999984741211,7100,0.0,0.0
2025-05-28 04:15:00+00:00,72.5,72.5,72.5,72.5,8018,0.0,0.0
2025-05-28 04:20:00+00:00,72.4000015258789,72.4000015258789,72.4000015258789,72.4000015258789,24085,0.0,0.0
2025-05-28 04:25:00+00:00,72.30000305175781,72.4000015258789,72.30000305175781,72.4000015258789,23080,0.0,0.0
2025-05-28 04:30:00+00:00,72.30000305175781,72.30000305175781,72.19999694824219,72.30000305175781,13870,0.0,0.0
2025-05-28 04:35:00+00:00,72.30000305175781,72.30000305175781,72.0999984741211,72.0999984741211,26005,0.0,0.0
2025-05-28 04:40:00+00:00,72.0999984741211,72.19999694824219,72.0999984741211,72.19999694824219,9002,0.0,0.0
2025-05-28 04:45:00+00:00,72.19999694824219,72.19999694824219,72.0999984741211,72.0999984741211,14000,0.0,0.0
2025-05-28 04:50:00+00:00,72.0999984741211,72.0999984741211,72.0999984741211,72.0999984741211,24070,0.0,0.0
2025-05-28 04:55:00+00:00,72.0,72.0,71.80000305175781,71.9000015258789,81044,0.0,0.0
2025-05-28 05:00:00+00:00,72.0,72.0999984741211,72.0,72.0999984741211,12018,0.0,0.0
2025-05-28 05:05:00+00:00,72.0999984741211,72.19999694824219,72.0999984741211,72.19999694824219,14100,0.0,0.0
2025-05-28 05:10:00+00:00,72.19999694824219,72.30000305175781,72.19999694824219,72.19999694824219,7015,0.0,0.0
2025-05-28 05:15:00+00:00,72.30000305175781,72.4000015258789,72.19999694824219,72.30000305175781,24060,0.0,0.0
2025-05-28 05:20:00+00:00,72.19999694824219,72.4000015258789,72.19999694824219,72.4000015258789,11875,0.0,0.0
2025-05-29 01:00:00+00:00,73.4000015258789,73.4000015258789,72.9000015258789,72.9000015258789,0,0.0,0.0
2025-05-29 01:05:00+00:00,72.9000015258789,74.69999694824219,72.9000015258789,74.30000305175781,132425,0.0,0.0
2025-05-29 01:10:00+00:00,74.19999694824219,74.4000015258789,74.0,74.0999984741211,101550,0.0,0.0
2025-05-29 01:15:00+00:00,74.0999984741211,74.19999694824219,73.9000015258789,73.9000015258789,33470,0.0,0.0
2025-05-29 01:20:00+00:00,73.80000305175781,73.80000305175781,73.5,73.5,14030,0.0,0.0
2025-05-29 01:25:00+00:00,73.5,73.5,73.5,73.5,14400,0.0,0.0
2025-05-29 01:30:00+00:00,73.5,73.80000305175781,73.5,73.80000305175781,19080,0.0,0.0
2025-05-29 01:35:00+00:00,73.80000305175781,73.9000015258789,73.69999694824219,73.80000305175781,20020,0.0,0.0
2025-05-29 01:40:00+00:00,73.80000305175781,73.80000305175781,73.80000305175781,73.80000305175781,6000,0.0,0.0
2025-05-29 01:45:00+00:00,73.80000305175781,73.80000305175781,73.69999694824219,73.80000305175781,5028,0.0,0.0
2025-05-29 01:50:00+00:00,73.9000015258789,73.9000015258789,73.80000305175781,73.80000305175781,10000,0.0,0.0
2025-05-29 01:55:00+00:00,73.80000305175781,73.80000305175781,73.80000305175781,73.80000305175781,11055,0.0,0.0
2025-05-29 02:00:00+00:00,73.80000305175781,73.80000305175781,73.69999694824219,73.69999694824219,5300,0.0,0.0
2025-05-29 02:05:00+00:00,73.69999694824219,73.69999694824219,73.69999694824219,73.69999694824219,4034,0.0,0.0
2025-05-29 02:10:00+00:00,73.69999694824219,73.69999694824219,73.5999984741211,73.5999984741211,10000,0.0,0.0
2025-05-29 02:15:00+00:00,73.5,73.5,73.5,73.5,18166,0.0,0.0
2025-05-29 02:20:00+00:00,73.5,73.5,73.5,73.5,1571,0.0,0.0
2025-05-29 02:30:00+00:00,73.5,73.5,73.5,73.5,5439,0.0,0.0
2025-05-29 02:40:00+00:00,73.5999984741211,73.9000015258789,73.5999984741211,73.9000015258789,19025,0.0,0.0
2025-05-29 02:45:00+00:00,73.9000015258789,73.9000015258789,73.9000015258789,73.9000015258789,2003,0.0,0.0
2025-05-29 02:50:00+00:00,73.9000015258789,74.0,73.9000015258789,74.0,18175,0.0,0.0
2025-05-29 02:55:00+00:00,73.9000015258789,74.19999694824219,73.9000015258789,74.19999694824219,25370,0.0,0.0
2025-05-29 03:00:00+00:00,74.19999694824219,74.19999694824219,74.19999694824219,74.19999694824219,2000,0.0,0.0
2025-05-29 03:05:00+00:00,74.19999694824219,74.19999694824219,74.0,74.0,10000,0.0,0.0
2025-05-29 03:10:00+00:00,74.0,74.19999694824219,74.0,74.19999694824219,11011,0.0,0.0
2025-05-29 03:15:00+00:00,74.19999694824219,74.19999694824219,74.19999694824219,74.19999694824219,5000,0.0,0.0
2025-05-29 03:20:00+00:00,74.19999694824219,74.19999694824219,74.0999984741211,74.19999694824219,35052,0.0,0.0
2025-05-29 03:25:00+00:00,74.30000305175781,74.30000305175781,74.30000305175781,74.30000305175781,2111,0.0,0.0
2025-05-29 03:30:00+00:00,74.30000305175781,74.5,74.30000305175781,74.4000015258789,61474,0.0,0.0
2025-05-29 03:35:00+00:00,74.4000015258789,74.4000015258789,74.19999694824219,74.4000015258789,11747,0.0,0.0
2025-05-29 03:40:00+00:00,74.30000305175781,74.4000015258789,74.30000305175781,74.4000015258789,8000,0.0,0.0
2025-05-29 03:45:00+00:00,74.30000305175781,74.30000305175781,74.30000305175781,74.30000305175781,7000,0.0,0.0
2025-05-29 03:50:00+00:00,74.19999694824219,74.4000015258789,74.19999694824219,74.4000015258789,15287,0.0,0.0
2025-05-29 04:00:00+00:00,74.4000015258789,74.4000015258789,74.4000015258789,74.4000015258789,2037,0.0,0.0
2025-05-29 04:05:00+00:00,74.4000015258789,74.4000015258789,74.30000305175781,74.30000305175781,9000,0.0,0.0
2025-05-29 04:10:00+00:00,74.30000305175781,74.4000015258789,74.19999694824219,74.19999694824219,15500,0.0,0.0
2025-05-29 04:15:00+00:00,74.0999984741211,74.0999984741211,74.0,74.0,3101,0.0,0.0
2025-05-29 04:20:00+00:00,74.0,74.0999984741211,73.9000015258789,73.9000015258789,22258,0.0,0.0
2025-05-29 04:25:00+00:00,73.9000015258789,73.9000015258789,73.9000015258789,73.9000015258789,8000,0.0,0.0
2025-05-29 04:30:00+00:00,73.80000305175781,73.9000015258789,73.80000305175781,73.9000015258789,12057,0.0,0.0
2025-05-29 04:35:00+00:00,73.9000015258789,73.9000015258789,73.9000015258789,73.9000015258789,2000,0.0,0.0
2025-05-29 04:40:00+00:00,73.9000015258789,73.9000015258789,73.9000015258789,73.9000015258789,3001,0.0,0.0
2025-05-29 04:45:00+00:00,74.0,74.30000305175781,74.0,74.30000305175781,14340,0.0,0.0
2025-05-29 04:50:00+00:00,74.0999984741211,74.0999984741211,74.0999984741211,74.0999984741211,2050,0.0,0.0
2025-05-29 04:55:00+00:00,74.0999984741211,74.19999694824219,74.0999984741211,74.19999694824219,3013,0.0,0.0
2025-05-29 05:00:00+00:00,74.30000305175781,74.30000305175781,74.19999694824219,74.19999694824219,8159,0.0,0.0
2025-05-29 05:05:00+00:00,74.19999694824219,74.30000305175781,74.19999694824219,74.30000305175781,7258,0.0,0.0
2025-05-29 05:10:00+00:00,74.19999694824219,74.19999694824219,74.19999694824219,74.19999694824219,17089,0.0,0.0
2025-05-29 05:15:00+00:00,74.19999694824219,74.19999694824219,74.0999984741211,74.19999694824219,30001,0.0,0.0
2025-05-29 05:20:00+00:00,74.0999984741211,74.30000305175781,74.0999984741211,74.30000305175781,18691,0.0,0.0
2025-06-02 01:00:00+00:00,73.69999694824219,73.69999694824219,73.19999694824219,73.5,0,0.0,0.0
2025-06-02 01:05:00+00:00,73.5999984741211,74.19999694824219,73.5999984741211,74.0999984741211,34607,0.0,0.0
2025-06-02 01:10:00+00:00,74.0,74.69999694824219,74.0,74.4000015258789,30380,0.0,0.0
2025-06-02 01:15:00+00:00,74.30000305175781,74.4000015258789,74.0999984741211,74.4000015258789,27000,0.0,0.0
2025-06-02 01:20:00+00:00,74.0999984741211,74.0999984741211,73.80000305175781,73.9000015258789,38100,0.0,0.0
2025-06-02 01:25:00+00:00,73.9000015258789,73.9000015258789,73.69999694824219,73.80000305175781,12000,0.0,0.0
2025-06-02 01:30:00+00:00,73.5999984741211,73.5999984741211,73.5,73.5,15110,0.0,0.0
2025-06-02 01:35:00+00:00,73.5,73.5999984741211,73.19999694824219,73.19999694824219,20280,0.0,0.0
2025-06-02 01:40:00+00:00,73.5,73.5,72.80000305175781,72.80000305175781,37739,0.0,0.0
2025-06-02 01:45:00+00:00,72.9000015258789,73.0,72.9000015258789,73.0,17112,0.0,0.0
2025-06-02 01:50:00+00:00,73.0999984741211,73.0999984741211,73.0,73.0,3020,0.0,0.0
2025-06-02 01:55:00+00:00,73.0999984741211,73.0999984741211,73.0999984741211,73.0999984741211,6000,0.0,0.0
2025-06-02 02:00:00+00:00,73.0999984741211,73.19999694824219,73.0999984741211,73.0999984741211,11230,0.0,0.0
2025-06-02 02:05:00+00:00,73.0,73.0,73.0,73.0,5014,0.0,0.0
2025-06-02 02:10:00+00:00,73.0999984741211,73.0999984741211,73.0,73.0,3000,0.0,0.0
2025-06-02 02:15:00+00:00,73.0,73.19999694824219,73.0,73.19999694824219,3000,0.0,0.0
2025-06-02 02:20:00+00:00,73.19999694824219,73.19999694824219,73.19999694824219,73.19999694824219,4000,0.0,0.0
2025-06-02 02:25:00+00:00,73.19999694824219,73.19999694824219,73.0999984741211,73.0999984741211,12000,0.0,0.0
2025-06-02 02:30:00+00:00,73.0,73.0,72.9000015258789,73.0,37176,0.0,0.0
2025-06-02 02:35:00+00:00,72.9000015258789,72.9000015258789,72.9000015258789,72.9000015258789,11000,0.0,0.0
2025-06-02 02:40:00+00:00,72.9000015258789,72.9000015258789,72.80000305175781,72.80000305175781,23000,0.0,0.0
2025-06-02 02:45:00+00:00,72.80000305175781,72.80000305175781,72.69999694824219,72.69999694824219,16194,0.0,0.0
2025-06-02 02:50:00+00:00,72.69999694824219,72.69999694824219,72.5999984741211,72.69999694824219,37055,0.0,0.0
2025-06-02 02:55:00+00:00,72.69999694824219,72.69999694824219,72.5999984741211,72.5999984741211,12000,0.0,0.0
2025-06-02 03:00:00+00:00,72.69999694824219,72.69999694824219,72.5,72.5999984741211,40105,0.0,0.0
2025-06-02 03:05:00+00:00,72.5999984741211,72.5999984741211,72.5,72.5,26254,0.0,0.0
2025-06-02 03:15:00+00:00,72.4000015258789,72.5999984741211,72.30000305175781,72.5,39100,0.0,0.0
2025-06-02 03:20:00+00:00,72.5,72.5999984741211,72.5,72.5,6050,0.0,0.0
2025-06-02 03:25:00+00:00,72.5,72.5,72.5,72.5,5100,0.0,0.0
2025-06-02 03:30:00+00:00,72.5999984741211,73.0,72.5999984741211,73.0,24540,0.0,0.0
2025-06-02 03:35:00+00:00,72.80000305175781,72.80000305175781,72.80000305175781,72.80000305175781,3000,0.0,0.0
2025-06-02 03:40:00+00:00,72.80000305175781,72.80000305175781,72.80000305175781,72.80000305175781,2000,0.0,0.0
2025-06-02 03:45:00+00:00,72.69999694824219,72.69999694824219,72.69999694824219,72.69999694824219,6030,0.0,0.0
2025-06-02 03:50:00+00:00,72.69999694824219,72.69999694824219,72.69999694824219,72.69999694824219,2000,0.0,0.0
2025-06-02 03:55:00+00:00,72.69999694824219,72.69999694824219,72.69999694824219,72.69999694824219,1000,0.0,0.0
2025-06-02 04:00:00+00:00,72.5999984741211,72.5999984741211,72.5999984741211,72.5999984741211,1270,0.0,0.0
2025-06-02 04:05:00+00:00,72.5999984741211,72.5999984741211,72.5999984741211,72.5999984741211,2155,0.0,0.0
2025-06-02 04:10:00+00:00,72.69999694824219,72.69999694824219,72.5999984741211,72.5999984741211,4000,0.0,0.0
2025-06-02 04:20:00+00:00,72.69999694824219,72.69999694824219,72.69999694824219,72.69999694824219,10591,0.0,0.0
2025-06-02 04:25:00+00:00,72.80000305175781,72.80000305175781,72.80000305175781,72.80000305175781,1000,0.0,0.0
2025-06-02 04:30:00+00:00,72.80000305175781,72.9000015258789,72.80000305175781,72.9000015258789,4303,0.0,0.0
2025-06-02 04:35:00+00:00,72.9000015258789,72.9000015258789,72.80000305175781,72.80000305175781,3001,0.0,0.0
2025-06-02 04:45:00+00:00,72.80000305175781,72.80000305175781,72.69999694824219,72.69999694824219,6000,0.0,0.0
2025-06-02 04:50:00+00:00,72.80000305175781,72.80000305175781,72.80000305175781,72.80000305175781,8000,0.0,0.0
2025-06-02 04:55:00+00:00,72.80000305175781,72.9000015258789,72.80000305175781,72.9000015258789,17000,0.0,0.0
2025-06-02 05:00:00+00:00,72.9000015258789,72.9000015258789,72.80000305175781,72.80000305175781,3000,0.0,0.0
2025-06-02 05:05:00+00:00,72.9000015258789,72.9000015258789,72.9000015258789,72.9000015258789,6000,0.0,0.0
2025-06-02 05:10:00+00:00,72.9000015258789,72.9000015258789,72.9000015258789,72.9000015258789,3108,0.0,0.0
2025-06-02 05:15:00+00:00,72.9000015258789,73.0999984741211,72.9000015258789,73.0,9069,0.0,0.0
2025-06-02 05:20:00+00:00,73.0999984741211,73.0999984741211,72.80000305175781,72.80000305175781,50120,0.0,0.0
2025-06-03 01:00:00+00:00,73.0999984741211,73.80000305175781,73.0999984741211,73.4000015258789,0,0.0,0.0
2025-06-03 01:05:00+00:00,73.4000015258789,73.5999984741211,73.4000015258789,73.5999984741211,13000,0.0,0.0
2025-06-03 01:10:00+00:00,73.5999984741211,73.5999984741211,73.5999984741211,73.5999984741211,2150,0.0,0.0
2025-06-03 01:15:00+00:00,73.5,73.5999984741211,73.5,73.5999984741211,5016,0.0,0.0
2025-06-03 01:20:00+00:00,73.5,73.5,73.5,73.5,9130,0.0,0.0
2025-06-03 01:25:00+00:00,73.5,73.5999984741211,73.4000015258789,73.5999984741211,15000,0.0,0.0
2025-06-03 01:30:00+00:00,73.5,73.5,73.5,73.5,2000,0.0,0.0
2025-06-03 01:35:00+00:00,73.5999984741211,74.0,73.5999984741211,74.0,65724,0.0,0.0
2025-06-03 01:40:00+00:00,74.0999984741211,74.19999694824219,74.0,74.0999984741211,26100,0.0,0.0
2025-06-03 01:45:00+00:00,74.0999984741211,74.4000015258789,74.0999984741211,74.4000015258789,43255,0.0,0.0
2025-06-03 01:50:00+00:00,74.4000015258789,74.5,74.30000305175781,74.4000015258789,43101,0.0,0.0
2025-06-03 01:55:00+00:00,74.4000015258789,74.80000305175781,74.30000305175781,74.5999984741211,122048,0.0,0.0
2025-06-03 02:00:00+00:00,74.69999694824219,75.0,74.5,74.5999984741211,91988,0.0,0.0
2025-06-03 02:05:00+00:00,74.5999984741211,74.5999984741211,74.4000015258789,74.5,24102,0.0,0.0
2025-06-03 02:10:00+00:00,74.5,74.5,74.30000305175781,74.30000305175781,12018,0.0,0.0
2025-06-03 02:15:00+00:00,74.30000305175781,74.30000305175781,74.0999984741211,74.0999984741211,23128,0.0,0.0
2025-06-03 02:20:00+00:00,74.0999984741211,74.30000305175781,74.0999984741211,74.30000305175781,10000,0.0,0.0
2025-06-03 02:25:00+00:00,74.30000305175781,74.30000305175781,74.19999694824219,74.19999694824219,8000,0.0,0.0
2025-06-03 02:30:00+00:00,74.0999984741211,74.30000305175781,74.0999984741211,74.30000305175781,11000,0.0,0.0
2025-06-03 02:35:00+00:00,74.19999694824219,74.19999694824219,74.19999694824219,74.19999694824219,7000,0.0,0.0
2025-06-03 02:40:00+00:00,74.0999984741211,74.0999984741211,74.0,74.0,9000,0.0,0.0
2025-06-03 02:45:00+00:00,74.0999984741211,74.0999984741211,74.0999984741211,74.0999984741211,4129,0.0,0.0
2025-06-03 02:50:00+00:00,74.0999984741211,74.4000015258789,74.0999984741211,74.4000015258789,17111,0.0,0.0
2025-06-03 02:55:00+00:00,74.30000305175781,74.30000305175781,74.19999694824219,74.19999694824219,3001,0.0,0.0
2025-06-03 03:00:00+00:00,74.30000305175781,74.30000305175781,74.30000305175781,74.30000305175781,12000,0.0,0.0
2025-06-03 03:05:00+00:00,74.30000305175781,74.30000305175781,74.30000305175781,74.30000305175781,16039,0.0,0.0
2025-06-03 03:10:00+00:00,74.30000305175781,74.4000015258789,74.30000305175781,74.4000015258789,4014,0.0,0.0
2025-06-03 03:15:00+00:00,74.30000305175781,74.30000305175781,74.19999694824219,74.19999694824219,9015,0.0,0.0
2025-06-03 03:25:00+00:00,74.19999694824219,74.19999694824219,74.19999694824219,74.19999694824219,7000,0.0,0.0
2025-06-03 03:35:00+00:00,74.30000305175781,74.30000305175781,74.30000305175781,74.30000305175781,3000,0.0,0.0
2025-06-03 03:40:00+00:00,74.30000305175781,74.30000305175781,74.30000305175781,74.30000305175781,2002,0.0,0.0
2025-06-03 03:45:00+00:00,74.19999694824219,74.19999694824219,74.19999694824219,74.19999694824219,1150,0.0,0.0
2025-06-03 03:50:00+00:00,74.4000015258789,74.4000015258789,74.4000015258789,74.4000015258789,8185,0.0,0.0
2025-06-03 03:55:00+00:00,74.4000015258789,74.5,74.4000015258789,74.5,37416,0.0,0.0
2025-06-03 04:00:00+00:00,74.5,74.5999984741211,74.5,74.5,25180,0.0,0.0
2025-06-03 04:05:00+00:00,74.5,74.80000305175781,74.5,74.80000305175781,72282,0.0,0.0
2025-06-03 04:10:00+00:00,74.9000015258789,75.0999984741211,74.80000305175781,74.9000015258789,140249,0.0,0.0
2025-06-03 04:15:00+00:00,74.9000015258789,74.9000015258789,74.80000305175781,74.9000015258789,17000,0.0,0.0
2025-06-03 04:20:00+00:00,74.80000305175781,75.4000015258789,74.80000305175781,75.4000015258789,121015,0.0,0.0
2025-06-03 04:25:00+00:00,75.4000015258789,75.5,75.30000305175781,75.30000305175781,63165,0.0,0.0
2025-06-03 04:30:00+00:00,75.30000305175781,75.5999984741211,75.30000305175781,75.4000015258789,78949,0.0,0.0
2025-06-03 04:35:00+00:00,75.4000015258789,76.9000015258789,75.4000015258789,76.30000305175781,273357,0.0,0.0
2025-06-03 04:40:00+00:00,76.19999694824219,76.30000305175781,76.0999984741211,76.0999984741211,81212,0.0,0.0
2025-06-03 04:45:00+00:00,76.0999984741211,76.0999984741211,76.0,76.0,88150,0.0,0.0
2025-06-03 04:50:00+00:00,76.0,76.0,75.9000015258789,76.0,39488,0.0,0.0
2025-06-03 04:55:00+00:00,76.0,76.0,75.9000015258789,75.9000015258789,24275,0.0,0.0
2025-06-03 05:00:00+00:00,76.0,76.0,75.9000015258789,75.9000015258789,27525,0.0,0.0
2025-06-03 05:05:00+00:00,75.80000305175781,75.9000015258789,75.80000305175781,75.80000305175781,14280,0.0,0.0
2025-06-03 05:10:00+00:00,75.80000305175781,75.9000015258789,75.80000305175781,75.80000305175781,24000,0.0,0.0
2025-06-03 05:15:00+00:00,75.69999694824219,75.69999694824219,75.5,75.5999984741211,38386,0.0,0.0
2025-06-03 05:20:00+00:00,75.5999984741211,75.80000305175781,75.5,75.5,55107,0.0,0.0
2025-06-04 01:00:00+00:00,76.30000305175781,76.5999984741211,76.0,76.4000015258789,150000,0.0,0.0
2025-06-04 01:05:00+00:00,76.4000015258789,76.5999984741211,76.30000305175781,76.5,75000,0.0,0.0
2025-06-04 01:10:00+00:00,76.9000015258789,76.9000015258789,76.5,76.5,130928,0.0,0.0
2025-06-04 01:15:00+00:00,76.5,76.5,76.0,76.30000305175781,92078,0.0,0.0
2025-06-04 01:20:00+00:00,76.30000305175781,76.4000015258789,76.19999694824219,76.30000305175781,6503,0.0,0.0
2025-06-04 01:25:00+00:00,76.30000305175781,76.5999984741211,76.30000305175781,76.30000305175781,47321,0.0,0.0
2025-06-04 01:30:00+00:00,76.30000305175781,76.4000015258789,76.0,76.0,73428,0.0,0.0
2025-06-04 01:35:00+00:00,76.0,76.0,75.9000015258789,75.9000015258789,19292,0.0,0.0
2025-06-04 01:40:00+00:00,75.9000015258789,75.9000015258789,75.9000015258789,75.9000015258789,15200,0.0,0.0
2025-06-04 01:45:00+00:00,75.9000015258789,75.9000015258789,75.9000015258789,75.9000015258789,6000,0.0,0.0
2025-06-04 01:50:00+00:00,75.80000305175781,75.80000305175781,75.5999984741211,75.80000305175781,38400,0.0,0.0
2025-06-04 01:55:00+00:00,75.80000305175781,75.80000305175781,75.5999984741211,75.5999984741211,28252,0.0,0.0
2025-06-04 02:00:00+00:00,75.5999984741211,75.9000015258789,75.5,75.69999694824219,34000,0.0,0.0
2025-06-04 02:05:00+00:00,75.80000305175781,76.0,75.80000305175781,76.0,21000,0.0,0.0
2025-06-04 02:10:00+00:00,76.0999984741211,76.0999984741211,75.9000015258789,75.9000015258789,7000,0.0,0.0
2025-06-04 02:15:00+00:00,76.0,76.0,76.0,76.0,2220,0.0,0.0
2025-06-04 02:20:00+00:00,76.0,76.0999984741211,75.9000015258789,76.0,18004,0.0,0.0
2025-06-04 02:25:00+00:00,76.0,76.0,76.0,76.0,9000,0.0,0.0
2025-06-04 02:30:00+00:00,76.0,76.0999984741211,76.0,76.0,12600,0.0,0.0
2025-06-04 02:35:00+00:00,76.0,76.0,75.9000015258789,75.9000015258789,14000,0.0,0.0
2025-06-04 02:40:00+00:00,75.9000015258789,75.9000015258789,75.80000305175781,75.9000015258789,8037,0.0,0.0
2025-06-04 02:45:00+00:00,75.9000015258789,75.9000015258789,75.9000015258789,75.9000015258789,4313,0.0,0.0
2025-06-04 02:50:00+00:00,76.0,76.0999984741211,76.0,76.0999984741211,19150,0.0,0.0
2025-06-04 02:55:00+00:00,76.30000305175781,76.4000015258789,76.30000305175781,76.30000305175781,53451,0.0,0.0
2025-06-04 03:00:00+00:00,76.30000305175781,76.30000305175781,76.19999694824219,76.19999694824219,12000,0.0,0.0
2025-06-04 03:05:00+00:00,76.0999984741211,76.0999984741211,76.0,76.0,5000,0.0,0.0
2025-06-04 03:10:00+00:00,76.0,76.0,76.0,76.0,8000,0.0,0.0
2025-06-04 03:15:00+00:00,76.0999984741211,76.19999694824219,76.0999984741211,76.19999694824219,2100,0.0,0.0
2025-06-04 03:20:00+00:00,76.0999984741211,76.0999984741211,76.0,76.0,4660,0.0,0.0
2025-06-04 03:25:00+00:00,75.9000015258789,75.9000015258789,75.9000015258789,75.9000015258789,7339,0.0,0.0
2025-06-04 03:30:00+00:00,75.80000305175781,75.80000305175781,75.80000305175781,75.80000305175781,4000,0.0,0.0
2025-06-04 03:35:00+00:00,75.80000305175781,75.80000305175781,75.80000305175781,75.80000305175781,2782,0.0,0.0
2025-06-04 03:40:00+00:00,75.69999694824219,75.69999694824219,75.5999984741211,75.5999984741211,23000,0.0,0.0
2025-06-04 03:45:00+00:00,75.5999984741211,75.69999694824219,75.5999984741211,75.69999694824219,27000,0.0,0.0
2025-06-04 03:50:00+00:00,75.69999694824219,75.80000305175781,75.69999694824219,75.80000305175781,7000,0.0,0.0
2025-06-04 03:55:00+00:00,75.80000305175781,75.80000305175781,75.69999694824219,75.69999694824219,6010,0.0,0.0
2025-06-04 04:00:00+00:00,75.69999694824219,75.69999694824219,75.69999694824219,75.69999694824219,3000,0.0,0.0
2025-06-04 04:05:00+00:00,75.69999694824219,75.80000305175781,75.69999694824219,75.80000305175781,10025,0.0,0.0
2025-06-04 04:10:00+00:00,75.69999694824219,75.80000305175781,75.69999694824219,75.80000305175781,6000,0.0,0.0
2025-06-04 04:15:00+00:00,75.80000305175781,75.9000015258789,75.69999694824219,75.9000015258789,6010,0.0,0.0
2025-06-04 04:20:00+00:00,75.9000015258789,75.9000015258789,75.9000015258789,75.9000015258789,13016,0.0,0.0
2025-06-04 04:25:00+00:00,75.9000015258789,75.9000015258789,75.9000015258789,75.9000015258789,2350,0.0,0.0
2025-06-04 04:30:00+00:00,75.9000015258789,75.9000015258789,75.9000015258789,75.9000015258789,3010,0.0,0.0
2025-06-04 04:35:00+00:00,75.9000015258789,75.9000015258789,75.80000305175781,75.80000305175781,4140,0.0,0.0
2025-06-04 04:40:00+00:00,75.80000305175781,75.80000305175781,75.69999694824219,75.69999694824219,22067,0.0,0.0
2025-06-04 04:45:00+00:00,75.69999694824219,75.80000305175781,75.69999694824219,75.80000305175781,7026,0.0,0.0
2025-06-04 04:50:00+00:00,75.9000015258789,75.9000015258789,75.9000015258789,75.9000015258789,1000,0.0,0.0
2025-06-04 04:55:00+00:00,75.9000015258789,75.9000015258789,75.80000305175781,75.80000305175781,7000,0.0,0.0
2025-06-04 05:00:00+00:00,75.80000305175781,76.0,75.69999694824219,75.69999694824219,20090,0.0,0.0
2025-06-04 05:05:00+00:00,75.69999694824219,75.69999694824219,75.5999984741211,75.5999984741211,12000,0.0,0.0
2025-06-04 05:10:00+00:00,75.69999694824219,75.69999694824219,75.69999694824219,75.69999694824219,6020,0.0,0.0
2025-06-04 05:15:00+00:00,75.69999694824219,75.69999694824219,75.69999694824219,75.69999694824219,24056,0.0,0.0
2025-06-04 05:20:00+00:00,75.69999694824219,75.9000015258789,75.69999694824219,75.69999694824219,23022,0.0,0.0
2025-06-05 01:00:00+00:00,76.5,76.5,75.5999984741211,75.80000305175781,131000,0.0,0.0
2025-06-05 01:05:00+00:00,75.80000305175781,75.80000305175781,75.80000305175781,75.80000305175781,14404,0.0,0.0
2025-06-05 01:10:00+00:00,75.9000015258789,75.9000015258789,75.80000305175781,75.80000305175781,18555,0.0,0.0
2025-06-05 01:15:00+00:00,75.80000305175781,75.80000305175781,75.5999984741211,75.5999984741211,26239,0.0,0.0
2025-06-05 01:20:00+00:00,75.5999984741211,75.5999984741211,75.4000015258789,75.4000015258789,25055,0.0,0.0
2025-06-05 01:25:00+00:00,75.4000015258789,75.4000015258789,75.19999694824219,75.30000305175781,20778,0.0,0.0
2025-06-05 01:30:00+00:00,75.4000015258789,75.4000015258789,75.19999694824219,75.4000015258789,23034,0.0,0.0
2025-06-05 01:35:00+00:00,75.4000015258789,75.4000015258789,75.30000305175781,75.4000015258789,10180,0.0,0.0
2025-06-05 01:40:00+00:00,75.4000015258789,75.4000015258789,75.30000305175781,75.30000305175781,4350,0.0,0.0
2025-06-05 01:45:00+00:00,75.4000015258789,75.5,75.30000305175781,75.5,4001,0.0,0.0
2025-06-05 01:50:00+00:00,75.5,75.5,75.4000015258789,75.4000015258789,8010,0.0,0.0
2025-06-05 01:55:00+00:00,75.5,75.5,75.5,75.5,1000,0.0,0.0
2025-06-05 02:00:00+00:00,75.5,75.5,75.4000015258789,75.4000015258789,19020,0.0,0.0
2025-06-05 02:05:00+00:00,75.5,75.5,75.4000015258789,75.4000015258789,23055,0.0,0.0
2025-06-05 02:10:00+00:00,75.30000305175781,75.30000305175781,75.19999694824219,75.19999694824219,14001,0.0,0.0
2025-06-05 02:15:00+00:00,75.0999984741211,75.30000305175781,75.0999984741211,75.30000305175781,20000,0.0,0.0
2025-06-05 02:20:00+00:00,75.30000305175781,75.30000305175781,75.19999694824219,75.30000305175781,7007,0.0,0.0
2025-06-05 02:25:00+00:00,75.19999694824219,75.19999694824219,75.0,75.0999984741211,16330,0.0,0.0
2025-06-05 02:30:00+00:00,75.0999984741211,75.19999694824219,75.0,75.19999694824219,7205,0.0,0.0
2025-06-05 02:35:00+00:00,75.19999694824219,75.19999694824219,75.0999984741211,75.19999694824219,8003,0.0,0.0
2025-06-05 02:40:00+00:00,75.19999694824219,75.19999694824219,75.19999694824219,75.19999694824219,3467,0.0,0.0
2025-06-05 02:45:00+00:00,75.19999694824219,75.19999694824219,75.0999984741211,75.0999984741211,9250,0.0,0.0
2025-06-05 02:50:00+00:00,75.0999984741211,75.19999694824219,75.0999984741211,75.0999984741211,9050,0.0,0.0
2025-06-05 02:55:00+00:00,75.19999694824219,75.19999694824219,75.19999694824219,75.19999694824219,3000,0.0,0.0
2025-06-05 03:00:00+00:00,75.0999984741211,75.0999984741211,75.0,75.0,18000,0.0,0.0
2025-06-05 03:05:00+00:00,75.0,75.0999984741211,75.0,75.0999984741211,7000,0.0,0.0
2025-06-05 03:10:00+00:00,75.0999984741211,75.4000015258789,75.0999984741211,75.30000305175781,32000,0.0,0.0
2025-06-05 03:15:00+00:00,75.30000305175781,75.30000305175781,75.30000305175781,75.30000305175781,3000,0.0,0.0
2025-06-05 03:20:00+00:00,75.19999694824219,75.19999694824219,75.19999694824219,75.19999694824219,0,0.0,0.0
2025-06-05 03:25:00+00:00,75.0999984741211,75.0999984741211,75.0999984741211,75.0999984741211,504994,0.0,0.0
2025-06-05 03:35:00+00:00,75.0999984741211,75.19999694824219,75.0999984741211,75.19999694824219,8000,0.0,0.0
2025-06-05 03:40:00+00:00,75.19999694824219,75.19999694824219,75.19999694824219,75.19999694824219,3100,0.0,0.0
2025-06-05 03:45:00+00:00,75.30000305175781,75.5,75.30000305175781,75.5,31000,0.0,0.0
2025-06-05 03:50:00+00:00,75.30000305175781,75.5,75.30000305175781,75.30000305175781,13092,0.0,0.0
2025-06-05 03:55:00+00:00,75.30000305175781,75.30000305175781,75.19999694824219,75.30000305175781,6079,0.0,0.0
2025-06-05 04:00:00+00:00,75.19999694824219,75.19999694824219,75.19999694824219,75.19999694824219,2000,0.0,0.0
2025-06-05 04:05:00+00:00,75.0999984741211,75.0999984741211,75.0999984741211,75.0999984741211,12039,0.0,0.0
2025-06-05 04:10:00+00:00,75.0999984741211,75.0999984741211,75.0999984741211,75.0999984741211,4000,0.0,0.0
2025-06-05 04:15:00+00:00,75.0999984741211,75.0999984741211,75.0,75.0999984741211,5242,0.0,0.0
2025-06-05 04:20:00+00:00,75.0999984741211,75.0999984741211,75.0999984741211,75.0999984741211,3147,0.0,0.0
2025-06-05 04:25:00+00:00,75.0999984741211,75.19999694824219,75.0999984741211,75.19999694824219,9145,0.0,0.0
2025-06-05 04:30:00+00:00,75.0999984741211,75.19999694824219,75.0999984741211,75.0999984741211,5100,0.0,0.0
2025-06-05 04:35:00+00:00,75.19999694824219,75.19999694824219,75.0999984741211,75.0999984741211,2000,0.0,0.0
2025-06-05 04:40:00+00:00,75.19999694824219,75.4000015258789,75.19999694824219,75.30000305175781,16068,0.0,0.0
2025-06-05 04:45:00+00:00,75.30000305175781,75.30000305175781,75.30000305175781,75.30000305175781,7000,0.0,0.0
2025-06-05 04:50:00+00:00,75.30000305175781,75.4000015258789,75.30000305175781,75.4000015258789,10100,0.0,0.0
2025-06-05 04:55:00+00:00,75.5,75.5,75.30000305175781,75.30000305175781,3164,0.0,0.0
2025-06-05 05:00:00+00:00,75.30000305175781,75.30000305175781,75.30000305175781,75.30000305175781,4000,0.0,0.0
2025-06-05 05:05:00+00:00,75.19999694824219,75.30000305175781,75.19999694824219,75.19999694824219,17100,0.0,0.0
2025-06-05 05:10:00+00:00,75.30000305175781,75.30000305175781,75.30000305175781,75.30000305175781,2221,0.0,0.0
2025-06-05 05:15:00+00:00,75.19999694824219,75.19999694824219,75.19999694824219,75.19999694824219,13000,0.0,0.0
2025-06-05 05:20:00+00:00,75.19999694824219,75.19999694824219,75.0999984741211,75.19999694824219,17681,0.0,0.0
2025-06-06 01:00:00+00:00,74.9000015258789,75.0,74.80000305175781,74.80000305175781,13000,0.0,0.0
2025-06-06 01:05:00+00:00,74.80000305175781,75.0999984741211,74.80000305175781,75.0,8000,0.0,0.0
2025-06-06 01:10:00+00:00,75.19999694824219,75.19999694824219,75.19999694824219,75.19999694824219,2730,0.0,0.0
2025-06-06 01:15:00+00:00,75.19999694824219,75.5999984741211,75.19999694824219,75.5999984741211,31000,0.0,0.0
2025-06-06 01:20:00+00:00,75.5,75.5999984741211,75.30000305175781,75.30000305175781,25022,0.0,0.0
2025-06-06 01:25:00+00:00,75.30000305175781,75.30000305175781,75.30000305175781,75.30000305175781,4000,0.0,0.0
2025-06-06 01:30:00+00:00,75.30000305175781,75.30000305175781,75.30000305175781,75.30000305175781,16589,0.0,0.0
2025-06-06 01:35:00+00:00,75.30000305175781,75.30000305175781,75.19999694824219,75.30000305175781,32532,0.0,0.0
2025-06-06 01:40:00+00:00,75.4000015258789,75.69999694824219,75.4000015258789,75.5,39012,0.0,0.0
2025-06-06 01:45:00+00:00,75.5,75.69999694824219,75.5,75.69999694824219,44000,0.0,0.0
2025-06-06 01:50:00+00:00,75.69999694824219,75.69999694824219,75.5999984741211,75.5999984741211,7000,0.0,0.0
2025-06-06 01:55:00+00:00,75.5999984741211,75.80000305175781,75.5,75.80000305175781,22100,0.0,0.0
2025-06-06 02:00:00+00:00,75.80000305175781,75.80000305175781,75.5999984741211,75.5999984741211,10003,0.0,0.0
2025-06-06 02:05:00+00:00,75.5999984741211,75.5999984741211,75.5999984741211,75.5999984741211,7000,0.0,0.0
2025-06-06 02:10:00+00:00,75.5999984741211,75.69999694824219,75.5999984741211,75.69999694824219,4200,0.0,0.0
2025-06-06 02:15:00+00:00,75.69999694824219,76.5,75.69999694824219,76.19999694824219,194408,0.0,0.0
2025-06-06 02:20:00+00:00,76.19999694824219,76.4000015258789,76.19999694824219,76.30000305175781,54120,0.0,0.0
2025-06-06 02:25:00+00:00,76.4000015258789,76.4000015258789,76.19999694824219,76.19999694824219,20086,0.0,0.0
2025-06-06 02:30:00+00:00,76.19999694824219,76.19999694824219,76.0,76.0,21390,0.0,0.0
2025-06-06 02:35:00+00:00,76.0,76.0,76.0,76.0,3000,0.0,0.0
2025-06-06 02:40:00+00:00,76.0,76.0,75.9000015258789,75.9000015258789,8030,0.0,0.0
2025-06-06 02:45:00+00:00,75.9000015258789,76.0999984741211,75.5,76.0999984741211,51120,0.0,0.0
2025-06-06 02:50:00+00:00,76.0999984741211,76.0999984741211,76.0,76.0,3000,0.0,0.0
2025-06-06 03:00:00+00:00,76.0,76.0,76.0,76.0,4040,0.0,0.0
2025-06-06 03:05:00+00:00,75.9000015258789,76.0999984741211,75.80000305175781,76.0999984741211,13150,0.0,0.0
2025-06-06 03:10:00+00:00,76.0999984741211,76.0999984741211,76.0999984741211,76.0999984741211,18397,0.0,0.0
2025-06-06 03:15:00+00:00,76.0,76.0,76.0,76.0,2000,0.0,0.0
2025-06-06 03:20:00+00:00,76.0,76.0,76.0,76.0,2000,0.0,0.0
2025-06-06 03:25:00+00:00,76.0,76.0,75.9000015258789,75.9000015258789,14000,0.0,0.0
2025-06-06 03:30:00+00:00,75.9000015258789,75.9000015258789,75.80000305175781,75.80000305175781,12000,0.0,0.0
2025-06-06 03:35:00+00:00,75.69999694824219,75.69999694824219,75.69999694824219,75.69999694824219,4220,0.0,0.0
2025-06-06 03:40:00+00:00,75.5999984741211,75.5999984741211,75.5999984741211,75.5999984741211,9000,0.0,0.0
2025-06-06 03:45:00+00:00,75.5999984741211,75.5999984741211,75.5999984741211,75.5999984741211,2000,0.0,0.0
2025-06-06 03:50:00+00:00,75.5999984741211,75.69999694824219,75.5999984741211,75.69999694824219,5049,0.0,0.0
2025-06-06 03:55:00+00:00,75.69999694824219,75.80000305175781,75.69999694824219,75.80000305175781,4000,0.0,0.0
2025-06-06 04:00:00+00:00,75.80000305175781,75.80000305175781,75.80000305175781,75.80000305175781,4001,0.0,0.0
2025-06-06 04:05:00+00:00,75.80000305175781,75.80000305175781,75.80000305175781,75.80000305175781,7050,0.0,0.0
2025-06-06 04:10:00+00:00,75.80000305175781,75.80000305175781,75.80000305175781,75.80000305175781,2036,0.0,0.0
2025-06-06 04:15:00+00:00,75.69999694824219,75.69999694824219,75.5999984741211,75.5999984741211,7106,0.0,0.0
2025-06-06 04:20:00+00:00,75.5999984741211,75.80000305175781,75.5999984741211,75.80000305175781,5000,0.0,0.0
2025-06-06 04:30:00+00:00,75.69999694824219,75.69999694824219,75.5,75.5,19090,0.0,0.0
2025-06-06 04:35:00+00:00,75.5,75.5999984741211,75.5,75.5999984741211,3000,0.0,0.0
2025-06-06 04:40:00+00:00,75.5999984741211,75.5999984741211,75.5999984741211,75.5999984741211,1000,0.0,0.0
2025-06-06 04:45:00+00:00,75.69999694824219,75.80000305175781,75.69999694824219,75.80000305175781,19000,0.0,0.0
2025-06-06 04:50:00+00:00,75.69999694824219,75.69999694824219,75.69999694824219,75.69999694824219,1001,0.0,0.0
2025-06-06 04:55:00+00:00,75.80000305175781,75.80000305175781,75.80000305175781,75.80000305175781,19100,0.0,0.0
2025-06-06 05:00:00+00:00,75.9000015258789,75.9000015258789,75.80000305175781,75.9000015258789,21000,0.0,0.0
2025-06-06 05:05:00+00:00,75.9000015258789,76.0,75.9000015258789,76.0,18000,0.0,0.0
2025-06-06 05:10:00+00:00,76.0,76.0,75.9000015258789,75.9000015258789,12022,0.0,0.0
2025-06-06 05:15:00+00:00,75.9000015258789,75.9000015258789,75.69999694824219,75.9000015258789,38109,0.0,0.0
2025-06-06 05:20:00+00:00,75.80000305175781,75.9000015258789,75.69999694824219,75.69999694824219,14180,0.0,0.0
2025-06-09 01:00:00+00:00,74.0,74.0,72.19999694824219,72.5999984741211,0,0.0,0.0
2025-06-09 01:05:00+00:00,72.80000305175781,72.9000015258789,72.4000015258789,72.5999984741211,161000,0.0,0.0
2025-06-09 01:10:00+00:00,72.5,72.5999984741211,72.30000305175781,72.5,282185,0.0,0.0
2025-06-09 01:15:00+00:00,72.5,72.5,71.30000305175781,71.5,449690,0.0,0.0
2025-06-09 01:20:00+00:00,71.5,71.5999984741211,71.19999694824219,71.4000015258789,150277,0.0,0.0
2025-06-09 01:25:00+00:00,71.4000015258789,71.5,71.0,71.0999984741211,146870,0.0,0.0
2025-06-09 01:30:00+00:00,71.0999984741211,71.5,70.80000305175781,71.4000015258789,150981,0.0,0.0
2025-06-09 01:35:00+00:00,71.4000015258789,71.4000015258789,71.0999984741211,71.0999984741211,72855,0.0,0.0
2025-06-09 01:40:00+00:00,71.0999984741211,71.19999694824219,71.0,71.19999694824219,37064,0.0,0.0
2025-06-09 01:45:00+00:00,71.0999984741211,71.0999984741211,70.5,70.5999984741211,163982,0.0,0.0
2025-06-09 01:50:00+00:00,70.5,70.80000305175781,70.30000305175781,70.5999984741211,124066,0.0,0.0
2025-06-09 01:55:00+00:00,70.5999984741211,70.5999984741211,70.5999984741211,70.5999984741211,23677,0.0,0.0
2025-06-09 02:00:00+00:00,70.5999984741211,71.19999694824219,70.5999984741211,71.0999984741211,71000,0.0,0.0
2025-06-09 02:05:00+00:00,71.0,71.0,70.69999694824219,70.69999694824219,42092,0.0,0.0
2025-06-09 02:10:00+00:00,70.80000305175781,71.0,70.69999694824219,71.0,35210,0.0,0.0
2025-06-09 02:15:00+00:00,71.0,71.0,70.9000015258789,70.9000015258789,26615,0.0,0.0
2025-06-09 02:20:00+00:00,71.0,71.4000015258789,70.80000305175781,71.4000015258789,36000,0.0,0.0
2025-06-09 02:25:00+00:00,71.4000015258789,71.4000015258789,71.19999694824219,71.19999694824219,28005,0.0,0.0
2025-06-09 02:30:00+00:00,71.19999694824219,71.4000015258789,71.19999694824219,71.4000015258789,14662,0.0,0.0
2025-06-09 02:35:00+00:00,71.5,71.69999694824219,71.0999984741211,71.5,100100,0.0,0.0
2025-06-09 02:40:00+00:00,71.5999984741211,71.80000305175781,71.5999984741211,71.69999694824219,22430,0.0,0.0
2025-06-09 02:45:00+00:00,71.69999694824219,71.69999694824219,71.5999984741211,71.5999984741211,28018,0.0,0.0
2025-06-09 02:50:00+00:00,71.69999694824219,71.9000015258789,71.69999694824219,71.9000015258789,19528,0.0,0.0
2025-06-09 02:55:00+00:00,71.80000305175781,72.0,71.80000305175781,71.80000305175781,26400,0.0,0.0
2025-06-09 03:00:00+00:00,71.80000305175781,71.9000015258789,71.80000305175781,71.9000015258789,14200,0.0,0.0
2025-06-09 03:05:00+00:00,71.80000305175781,71.80000305175781,71.5999984741211,71.80000305175781,28109,0.0,0.0
2025-06-09 03:10:00+00:00,71.80000305175781,71.80000305175781,71.80000305175781,71.80000305175781,13000,0.0,0.0
2025-06-09 03:15:00+00:00,71.80000305175781,71.80000305175781,71.80000305175781,71.80000305175781,1000,0.0,0.0
2025-06-09 03:20:00+00:00,71.80000305175781,71.80000305175781,71.69999694824219,71.69999694824219,14150,0.0,0.0
2025-06-09 03:25:00+00:00,71.69999694824219,71.69999694824219,71.5,71.5999984741211,23536,0.0,0.0
2025-06-09 03:30:00+00:00,71.69999694824219,71.69999694824219,71.69999694824219,71.69999694824219,3000,0.0,0.0
2025-06-09 03:35:00+00:00,71.80000305175781,71.80000305175781,71.80000305175781,71.80000305175781,2212,0.0,0.0
2025-06-09 03:40:00+00:00,71.80000305175781,72.0,71.80000305175781,71.9000015258789,18137,0.0,0.0
2025-06-09 03:45:00+00:00,71.9000015258789,71.9000015258789,71.9000015258789,71.9000015258789,5000,0.0,0.0
2025-06-09 03:50:00+00:00,71.9000015258789,71.9000015258789,71.9000015258789,71.9000015258789,15000,0.0,0.0
2025-06-09 03:55:00+00:00,71.9000015258789,72.19999694824219,71.9000015258789,72.0999984741211,51000,0.0,0.0
2025-06-09 04:00:00+00:00,72.0999984741211,72.19999694824219,72.0999984741211,72.19999694824219,17010,0.0,0.0
2025-06-09 04:05:00+00:00,72.0999984741211,72.0999984741211,72.0999984741211,72.0999984741211,20000,0.0,0.0
2025-06-09 04:10:00+00:00,72.0999984741211,72.0999984741211,72.0999984741211,72.0999984741211,20500,0.0,0.0
2025-06-09 04:15:00+00:00,72.0999984741211,72.0999984741211,72.0999984741211,72.0999984741211,2000,0.0,0.0
2025-06-09 04:20:00+00:00,72.0999984741211,72.0999984741211,71.9000015258789,71.9000015258789,42008,0.0,0.0
2025-06-09 04:25:00+00:00,71.9000015258789,71.9000015258789,71.9000015258789,71.9000015258789,20200,0.0,0.0
2025-06-09 04:30:00+00:00,71.9000015258789,72.0,71.9000015258789,72.0,10050,0.0,0.0
2025-06-09 04:35:00+00:00,71.9000015258789,71.9000015258789,71.9000015258789,71.9000015258789,12050,0.0,0.0
2025-06-09 04:40:00+00:00,72.0,72.30000305175781,72.0,72.19999694824219,48019,0.0,0.0
2025-06-09 04:45:00+00:00,72.30000305175781,72.5999984741211,72.30000305175781,72.5,69431,0.0,0.0
2025-06-09 04:50:00+00:00,72.5,72.5999984741211,72.5,72.5,27090,0.0,0.0
2025-06-09 04:55:00+00:00,72.5,72.5,72.4000015258789,72.4000015258789,20272,0.0,0.0
2025-06-09 05:00:00+00:00,72.4000015258789,72.5,72.30000305175781,72.5,23236,0.0,0.0
2025-06-09 05:05:00+00:00,72.5,72.5,72.4000015258789,72.5,30229,0.0,0.0
2025-06-09 05:10:00+00:00,72.5,72.5999984741211,72.5,72.5,35050,0.0,0.0
2025-06-09 05:15:00+00:00,72.5,72.5,72.4000015258789,72.5,38179,0.0,0.0
2025-06-09 05:20:00+00:00,72.5,72.5999984741211,72.5,72.5,31080,0.0,0.0
2025-06-10 01:00:00+00:00,72.5,72.5999984741211,72.30000305175781,72.30000305175781,28000,0.0,0.0
2025-06-10 01:05:00+00:00,72.5,72.5,72.4000015258789,72.4000015258789,28244,0.0,0.0
2025-06-10 01:10:00+00:00,72.5,72.5,72.5,72.5,38050,0.0,0.0
2025-06-10 01:15:00+00:00,72.5,72.5,72.4000015258789,72.4000015258789,13000,0.0,0.0
2025-06-10 01:20:00+00:00,72.4000015258789,72.5,72.4000015258789,72.5,36000,0.0,0.0
2025-06-10 01:25:00+00:00,72.5,73.0999984741211,72.5,73.0,47150,0.0,0.0
2025-06-10 01:30:00+00:00,73.0,73.30000305175781,72.80000305175781,72.80000305175781,72038,0.0,0.0
2025-06-10 01:35:00+00:00,72.69999694824219,72.69999694824219,72.5,72.5,25450,0.0,0.0
2025-06-10 01:40:00+00:00,72.5,72.69999694824219,72.5,72.69999694824219,16628,0.0,0.0
2025-06-10 01:45:00+00:00,72.69999694824219,72.69999694824219,72.5,72.69999694824219,15361,0.0,0.0
2025-06-10 01:50:00+00:00,72.5999984741211,72.5999984741211,72.5,72.5999984741211,11000,0.0,0.0
2025-06-10 01:55:00+00:00,72.5999984741211,72.5999984741211,72.5999984741211,72.5999984741211,7680,0.0,0.0
2025-06-10 02:00:00+00:00,72.5999984741211,72.5999984741211,72.4000015258789,72.5,19066,0.0,0.0
2025-06-10 02:05:00+00:00,72.5,72.5,72.5,72.5,7150,0.0,0.0
2025-06-10 02:10:00+00:00,72.5,72.69999694824219,72.5,72.69999694824219,26000,0.0,0.0
2025-06-10 02:15:00+00:00,72.69999694824219,72.69999694824219,72.5,72.5,26000,0.0,0.0
2025-06-10 02:20:00+00:00,72.69999694824219,72.80000305175781,72.5,72.5999984741211,23284,0.0,0.0
2025-06-10 02:30:00+00:00,72.5999984741211,72.69999694824219,72.5999984741211,72.69999694824219,3000,0.0,0.0
2025-06-10 02:35:00+00:00,72.69999694824219,72.69999694824219,72.69999694824219,72.69999694824219,8017,0.0,0.0
2025-06-10 02:40:00+00:00,72.69999694824219,72.80000305175781,72.5999984741211,72.69999694824219,31100,0.0,0.0
2025-06-10 02:45:00+00:00,72.69999694824219,72.80000305175781,72.69999694824219,72.80000305175781,8000,0.0,0.0
2025-06-10 02:50:00+00:00,72.80000305175781,72.80000305175781,72.69999694824219,72.80000305175781,4041,0.0,0.0
2025-06-10 02:55:00+00:00,72.80000305175781,72.80000305175781,72.80000305175781,72.80000305175781,3000,0.0,0.0
2025-06-10 03:00:00+00:00,72.69999694824219,72.69999694824219,72.69999694824219,72.69999694824219,0,0.0,0.0
2025-06-10 03:05:00+00:00,72.69999694824219,72.69999694824219,72.69999694824219,72.69999694824219,503323,0.0,0.0
2025-06-10 03:10:00+00:00,72.5999984741211,72.5999984741211,72.5999984741211,72.5999984741211,16170,0.0,0.0
2025-06-10 03:15:00+00:00,72.5999984741211,72.5999984741211,72.5,72.5,12080,0.0,0.0
2025-06-10 03:20:00+00:00,72.69999694824219,72.69999694824219,72.69999694824219,72.69999694824219,7000,0.0,0.0
2025-06-10 03:25:00+00:00,72.69999694824219,72.69999694824219,72.69999694824219,72.69999694824219,2138,0.0,0.0
2025-06-10 03:30:00+00:00,72.69999694824219,72.69999694824219,72.5,72.69999694824219,57000,0.0,0.0
2025-06-10 03:35:00+00:00,72.69999694824219,72.69999694824219,72.69999694824219,72.69999694824219,5005,0.0,0.0
2025-06-10 03:40:00+00:00,72.69999694824219,72.69999694824219,72.69999694824219,72.69999694824219,1000,0.0,0.0
2025-06-10 03:45:00+00:00,72.69999694824219,72.69999694824219,72.69999694824219,72.69999694824219,18000,0.0,0.0
2025-06-10 03:50:00+00:00,72.69999694824219,72.69999694824219,72.69999694824219,72.69999694824219,4134,0.0,0.0
2025-06-10 03:55:00+00:00,72.69999694824219,72.69999694824219,72.69999694824219,72.69999694824219,4000,0.0,0.0
2025-06-10 04:00:00+00:00,72.69999694824219,72.69999694824219,72.69999694824219,72.69999694824219,3300,0.0,0.0
2025-06-10 04:05:00+00:00,72.69999694824219,72.69999694824219,72.69999694824219,72.69999694824219,7000,0.0,0.0
2025-06-10 04:10:00+00:00,72.80000305175781,72.80000305175781,72.80000305175781,72.80000305175781,6101,0.0,0.0
2025-06-10 04:15:00+00:00,72.80000305175781,72.80000305175781,72.69999694824219,72.69999694824219,3000,0.0,0.0
2025-06-10 04:20:00+00:00,72.69999694824219,72.69999694824219,72.69999694824219,72.69999694824219,3662,0.0,0.0
2025-06-10 04:30:00+00:00,72.69999694824219,72.69999694824219,72.69999694824219,72.69999694824219,8127,0.0,0.0
2025-06-10 04:35:00+00:00,72.69999694824219,72.69999694824219,72.69999694824219,72.69999694824219,5000,0.0,0.0
2025-06-10 04:40:00+00:00,72.5999984741211,72.69999694824219,72.5999984741211,72.69999694824219,10150,0.0,0.0
2025-06-10 04:50:00+00:00,72.80000305175781,72.80000305175781,72.69999694824219,72.80000305175781,22000,0.0,0.0
2025-06-10 04:55:00+00:00,72.80000305175781,73.0999984741211,72.80000305175781,73.0999984741211,43073,0.0,0.0
2025-06-10 05:00:00+00:00,73.0,73.19999694824219,73.0,73.19999694824219,16250,0.0,0.0
2025-06-10 05:05:00+00:00,73.0999984741211,73.0999984741211,73.0999984741211,73.0999984741211,5400,0.0,0.0
2025-06-10 05:10:00+00:00,73.0,73.0,72.9000015258789,73.0,13000,0.0,0.0
2025-06-10 05:15:00+00:00,73.0,73.0,72.9000015258789,72.9000015258789,13003,0.0,0.0
2025-06-10 05:20:00+00:00,72.80000305175781,72.9000015258789,72.69999694824219,72.9000015258789,44571,0.0,0.0
2025-06-11 01:00:00+00:00,73.30000305175781,73.30000305175781,73.30000305175781,73.30000305175781,11000,0.0,0.0
2025-06-11 01:05:00+00:00,73.0,73.0,72.9000015258789,73.0,32000,0.0,0.0
2025-06-11 01:10:00+00:00,73.0,73.0,72.80000305175781,72.80000305175781,7005,0.0,0.0
2025-06-11 01:15:00+00:00,73.0,73.0,72.9000015258789,72.9000015258789,17570,0.0,0.0
2025-06-11 01:25:00+00:00,73.0999984741211,73.0999984741211,73.0,73.0,16793,0.0,0.0
2025-06-11 01:30:00+00:00,73.0,73.0,72.9000015258789,72.9000015258789,10039,0.0,0.0
2025-06-11 01:35:00+00:00,73.0,73.0,72.9000015258789,72.9000015258789,18000,0.0,0.0
2025-06-11 01:40:00+00:00,72.9000015258789,73.0,72.9000015258789,73.0,27100,0.0,0.0
2025-06-11 01:45:00+00:00,73.0999984741211,73.0999984741211,73.0,73.0,13100,0.0,0.0
2025-06-11 01:50:00+00:00,73.0,73.0999984741211,73.0,73.0999984741211,9000,0.0,0.0
2025-06-11 01:55:00+00:00,73.0999984741211,73.0999984741211,73.0999984741211,73.0999984741211,2722,0.0,0.0
2025-06-11 02:00:00+00:00,73.0999984741211,73.30000305175781,73.0999984741211,73.30000305175781,16300,0.0,0.0
2025-06-11 02:05:00+00:00,73.19999694824219,73.19999694824219,73.0999984741211,73.0999984741211,3200,0.0,0.0
2025-06-11 02:10:00+00:00,73.30000305175781,73.30000305175781,73.0999984741211,73.0999984741211,32000,0.0,0.0
2025-06-11 02:15:00+00:00,73.19999694824219,73.5,73.19999694824219,73.5,22766,0.0,0.0
2025-06-11 02:20:00+00:00,73.5,73.5,73.4000015258789,73.4000015258789,20000,0.0,0.0
2025-06-11 02:25:00+00:00,73.4000015258789,73.9000015258789,73.30000305175781,73.69999694824219,66272,0.0,0.0
2025-06-11 02:30:00+00:00,73.69999694824219,73.80000305175781,73.69999694824219,73.80000305175781,18014,0.0,0.0
2025-06-11 02:35:00+00:00,73.80000305175781,74.19999694824219,73.80000305175781,74.0999984741211,75738,0.0,0.0
2025-06-11 02:40:00+00:00,74.0999984741211,74.0999984741211,74.0,74.0999984741211,13058,0.0,0.0
2025-06-11 02:45:00+00:00,74.0999984741211,74.4000015258789,74.0999984741211,74.19999694824219,35108,0.0,0.0
2025-06-11 02:50:00+00:00,74.30000305175781,74.30000305175781,74.19999694824219,74.19999694824219,10150,0.0,0.0
2025-06-11 02:55:00+00:00,74.19999694824219,74.19999694824219,74.0,74.0,17000,0.0,0.0
2025-06-11 03:00:00+00:00,74.0,74.5,74.0,74.5,152845,0.0,0.0
2025-06-11 03:05:00+00:00,74.4000015258789,74.5999984741211,74.4000015258789,74.5999984741211,28230,0.0,0.0
2025-06-11 03:10:00+00:00,74.5,74.5,74.4000015258789,74.5,17008,0.0,0.0
2025-06-11 03:15:00+00:00,74.5,74.5,74.4000015258789,74.5,32000,0.0,0.0
2025-06-11 03:20:00+00:00,74.4000015258789,74.5,74.4000015258789,74.5,3110,0.0,0.0
2025-06-11 03:25:00+00:00,74.5,74.5,74.4000015258789,74.4000015258789,27189,0.0,0.0
2025-06-11 03:30:00+00:00,74.4000015258789,74.5,74.4000015258789,74.5,4125,0.0,0.0
2025-06-11 03:35:00+00:00,74.5,74.5,74.4000015258789,74.4000015258789,4200,0.0,0.0
2025-06-11 03:40:00+00:00,74.4000015258789,74.4000015258789,74.4000015258789,74.4000015258789,5000,0.0,0.0
2025-06-11 03:45:00+00:00,74.30000305175781,74.4000015258789,74.30000305175781,74.4000015258789,13000,0.0,0.0
2025-06-11 03:50:00+00:00,74.4000015258789,74.5,74.4000015258789,74.5,27058,0.0,0.0
2025-06-11 03:55:00+00:00,74.4000015258789,74.4000015258789,74.4000015258789,74.4000015258789,5152,0.0,0.0
2025-06-11 04:00:00+00:00,74.4000015258789,74.5,74.4000015258789,74.5,6000,0.0,0.0
2025-06-11 04:05:00+00:00,74.5,74.5,74.5,74.5,1000,0.0,0.0
2025-06-11 04:10:00+00:00,74.30000305175781,74.30000305175781,74.30000305175781,74.30000305175781,1100,0.0,0.0
2025-06-11 04:15:00+00:00,74.30000305175781,74.4000015258789,74.30000305175781,74.4000015258789,5000,0.0,0.0
2025-06-11 04:20:00+00:00,74.4000015258789,74.4000015258789,74.4000015258789,74.4000015258789,1020,0.0,0.0
2025-06-11 04:25:00+00:00,74.30000305175781,74.30000305175781,74.19999694824219,74.19999694824219,6031,0.0,0.0
2025-06-11 04:30:00+00:00,74.19999694824219,74.19999694824219,74.19999694824219,74.19999694824219,6349,0.0,0.0
2025-06-11 04:35:00+00:00,74.0999984741211,74.19999694824219,74.0999984741211,74.0999984741211,8100,0.0,0.0
2025-06-11 04:40:00+00:00,74.0999984741211,74.0999984741211,74.0,74.0,10226,0.0,0.0
2025-06-11 04:45:00+00:00,74.0,74.0,74.0,74.0,2084,0.0,0.0
2025-06-11 04:50:00+00:00,74.0,74.30000305175781,74.0,74.30000305175781,22000,0.0,0.0
2025-06-11 04:55:00+00:00,74.0999984741211,74.0999984741211,74.0999984741211,74.0999984741211,1001,0.0,0.0
2025-06-11 05:00:00+00:00,74.19999694824219,74.19999694824219,74.0,74.0,13038,0.0,0.0
2025-06-11 05:05:00+00:00,74.0,74.0999984741211,74.0,74.0999984741211,22573,0.0,0.0
2025-06-11 05:10:00+00:00,74.0999984741211,74.0999984741211,74.0999984741211,74.0999984741211,2000,0.0,0.0
2025-06-11 05:15:00+00:00,74.19999694824219,74.19999694824219,74.0,74.19999694824219,18000,0.0,0.0
2025-06-11 05:20:00+00:00,74.0,74.0999984741211,74.0,74.0,18002,0.0,0.0
2025-06-12 01:00:00+00:00,74.0,74.0999984741211,73.69999694824219,73.69999694824219,30000,0.0,0.0
2025-06-12 01:05:00+00:00,73.80000305175781,73.80000305175781,73.5,73.5999984741211,23000,0.0,0.0
2025-06-12 01:10:00+00:00,73.9000015258789,74.19999694824219,73.9000015258789,74.19999694824219,11000,0.0,0.0
2025-06-12 01:15:00+00:00,74.0999984741211,74.0999984741211,74.0,74.0,6000,0.0,0.0
2025-06-12 01:20:00+00:00,74.0,74.0,74.0,74.0,7250,0.0,0.0
2025-06-12 01:25:00+00:00,74.0,74.30000305175781,74.0,74.30000305175781,24000,0.0,0.0
2025-06-12 01:30:00+00:00,74.30000305175781,74.5999984741211,74.30000305175781,74.5999984741211,25300,0.0,0.0
2025-06-12 01:35:00+00:00,74.5999984741211,74.80000305175781,74.5999984741211,74.80000305175781,18000,0.0,0.0
2025-06-12 01:40:00+00:00,74.80000305175781,76.4000015258789,74.80000305175781,76.19999694824219,196246,0.0,0.0
2025-06-12 01:45:00+00:00,76.19999694824219,76.19999694824219,75.80000305175781,75.9000015258789,99400,0.0,0.0
2025-06-12 01:50:00+00:00,75.9000015258789,76.0,75.9000015258789,76.0,95818,0.0,0.0
2025-06-12 01:55:00+00:00,76.0,77.5,76.0,76.69999694824219,447987,0.0,0.0
2025-06-12 02:00:00+00:00,76.69999694824219,76.69999694824219,76.30000305175781,76.4000015258789,62828,0.0,0.0
2025-06-12 02:05:00+00:00,76.4000015258789,76.5,75.80000305175781,76.0999984741211,65511,0.0,0.0
2025-06-12 02:10:00+00:00,76.0999984741211,76.30000305175781,76.0999984741211,76.19999694824219,22001,0.0,0.0
2025-06-12 02:15:00+00:00,76.19999694824219,76.19999694824219,76.0999984741211,76.19999694824219,9032,0.0,0.0
2025-06-12 02:20:00+00:00,76.19999694824219,76.19999694824219,75.9000015258789,76.0,44152,0.0,0.0
2025-06-12 02:25:00+00:00,76.0,76.5,76.0,76.30000305175781,57933,0.0,0.0
2025-06-12 02:30:00+00:00,76.19999694824219,76.19999694824219,76.0,76.0,43600,0.0,0.0
2025-06-12 02:35:00+00:00,76.0,76.0,76.0,76.0,3000,0.0,0.0
2025-06-12 02:40:00+00:00,76.0,76.19999694824219,76.0,76.19999694824219,6000,0.0,0.0
2025-06-12 02:45:00+00:00,76.19999694824219,76.19999694824219,76.0,76.0999984741211,17300,0.0,0.0
2025-06-12 02:50:00+00:00,76.0999984741211,76.30000305175781,76.0999984741211,76.30000305175781,9160,0.0,0.0
2025-06-12 02:55:00+00:00,76.4000015258789,76.4000015258789,76.0999984741211,76.30000305175781,22011,0.0,0.0
2025-06-12 03:00:00+00:00,76.30000305175781,76.5,76.19999694824219,76.5,30174,0.0,0.0
2025-06-12 03:05:00+00:00,76.5,76.5,76.5,76.5,9252,0.0,0.0
2025-06-12 03:10:00+00:00,76.4000015258789,76.4000015258789,76.4000015258789,76.4000015258789,13020,0.0,0.0
2025-06-12 03:15:00+00:00,76.4000015258789,76.4000015258789,76.30000305175781,76.30000305175781,8000,0.0,0.0
2025-06-12 03:25:00+00:00,76.30000305175781,76.4000015258789,76.30000305175781,76.4000015258789,4156,0.0,0.0
2025-06-12 03:30:00+00:00,76.30000305175781,76.5,76.30000305175781,76.30000305175781,0,0.0,0.0
2025-06-12 03:35:00+00:00,76.4000015258789,76.5999984741211,76.4000015258789,76.5999984741211,1461259,0.0,0.0
2025-06-12 03:40:00+00:00,76.5999984741211,76.69999694824219,76.5999984741211,76.69999694824219,27403,0.0,0.0
2025-06-12 03:45:00+00:00,76.69999694824219,77.4000015258789,76.69999694824219,77.30000305175781,218786,0.0,0.0
2025-06-12 03:50:00+00:00,77.19999694824219,77.80000305175781,77.0999984741211,77.69999694824219,187184,0.0,0.0
2025-06-12 03:55:00+00:00,77.69999694824219,77.69999694824219,77.30000305175781,77.4000015258789,92179,0.0,0.0
2025-06-12 04:00:00+00:00,77.4000015258789,77.5,77.30000305175781,77.30000305175781,48054,0.0,0.0
2025-06-12 04:05:00+00:00,77.30000305175781,77.4000015258789,77.0999984741211,77.0999984741211,72358,0.0,0.0
2025-06-12 04:10:00+00:00,77.0999984741211,77.19999694824219,77.0999984741211,77.0999984741211,16260,0.0,0.0
2025-06-12 04:15:00+00:00,77.19999694824219,77.4000015258789,77.0999984741211,77.4000015258789,42699,0.0,0.0
2025-06-12 04:20:00+00:00,77.4000015258789,77.5,77.0999984741211,77.0999984741211,16202,0.0,0.0
2025-06-12 04:25:00+00:00,77.0999984741211,77.0999984741211,77.0999984741211,77.0999984741211,13051,0.0,0.0
2025-06-12 04:30:00+00:00,77.0999984741211,77.0999984741211,77.0,77.0,52552,0.0,0.0
2025-06-12 04:35:00+00:00,77.0,77.0,76.9000015258789,77.0,32108,0.0,0.0
2025-06-12 04:40:00+00:00,77.0,77.0,76.9000015258789,77.0,41030,0.0,0.0
2025-06-12 04:45:00+00:00,76.9000015258789,76.9000015258789,76.80000305175781,76.80000305175781,6350,0.0,0.0
2025-06-12 04:50:00+00:00,76.80000305175781,77.0,76.80000305175781,76.80000305175781,16800,0.0,0.0
2025-06-12 04:55:00+00:00,76.80000305175781,76.80000305175781,76.80000305175781,76.80000305175781,14022,0.0,0.0
2025-06-12 05:00:00+00:00,76.80000305175781,76.9000015258789,76.80000305175781,76.80000305175781,13412,0.0,0.0
2025-06-12 05:05:00+00:00,76.69999694824219,76.80000305175781,76.69999694824219,76.80000305175781,22125,0.0,0.0
2025-06-12 05:10:00+00:00,76.69999694824219,77.0,76.69999694824219,77.0,24090,0.0,0.0
2025-06-12 05:15:00+00:00,77.0,77.0,76.9000015258789,77.0,31024,0.0,0.0
2025-06-12 05:20:00+00:00,77.0,77.0999984741211,76.9000015258789,77.0,79409,0.0,0.0
2025-06-13 01:00:00+00:00,76.19999694824219,76.19999694824219,75.19999694824219,76.0,124000,0.0,0.0
2025-06-13 01:05:00+00:00,76.0999984741211,76.19999694824219,76.0,76.0,40319,0.0,0.0
2025-06-13 01:10:00+00:00,76.0,76.19999694824219,75.9000015258789,76.0,37325,0.0,0.0
2025-06-13 01:15:00+00:00,76.0,76.0,75.5,75.5999984741211,39010,0.0,0.0
2025-06-13 01:20:00+00:00,75.5999984741211,75.80000305175781,75.5999984741211,75.69999694824219,28775,0.0,0.0
2025-06-13 01:25:00+00:00,75.5999984741211,75.5999984741211,75.30000305175781,75.5,49131,0.0,0.0
2025-06-13 01:30:00+00:00,75.5,75.5999984741211,75.5,75.5999984741211,4001,0.0,0.0
2025-06-13 01:35:00+00:00,75.69999694824219,75.9000015258789,75.69999694824219,75.9000015258789,22080,0.0,0.0
2025-06-13 01:40:00+00:00,75.9000015258789,75.9000015258789,75.69999694824219,75.69999694824219,13060,0.0,0.0
2025-06-13 01:45:00+00:00,75.69999694824219,75.69999694824219,75.69999694824219,75.69999694824219,6000,0.0,0.0
2025-06-13 01:50:00+00:00,75.69999694824219,75.69999694824219,75.5999984741211,75.5999984741211,7050,0.0,0.0
2025-06-13 01:55:00+00:00,75.80000305175781,75.80000305175781,75.80000305175781,75.80000305175781,2200,0.0,0.0
2025-06-13 02:00:00+00:00,75.9000015258789,76.0,75.9000015258789,76.0,18222,0.0,0.0
2025-06-13 02:05:00+00:00,76.0,76.0,75.80000305175781,75.80000305175781,20000,0.0,0.0
2025-06-13 02:10:00+00:00,75.80000305175781,75.9000015258789,75.69999694824219,75.69999694824219,40361,0.0,0.0
2025-06-13 02:15:00+00:00,75.80000305175781,76.0,75.80000305175781,76.0,14000,0.0,0.0
2025-06-13 02:20:00+00:00,76.0,76.0,75.5,75.5,61329,0.0,0.0
2025-06-13 02:25:00+00:00,75.5,75.5999984741211,75.5,75.5999984741211,8090,0.0,0.0
2025-06-13 02:30:00+00:00,75.5999984741211,75.5999984741211,75.30000305175781,75.30000305175781,58724,0.0,0.0
2025-06-13 02:35:00+00:00,75.30000305175781,75.30000305175781,75.0999984741211,75.0999984741211,59688,0.0,0.0
2025-06-13 02:40:00+00:00,75.0999984741211,76.0,75.0999984741211,76.0,82170,0.0,0.0
2025-06-13 02:45:00+00:00,75.5,75.5,75.19999694824219,75.19999694824219,11000,0.0,0.0
2025-06-13 02:50:00+00:00,75.30000305175781,75.4000015258789,75.30000305175781,75.4000015258789,6000,0.0,0.0
2025-06-13 02:55:00+00:00,75.19999694824219,75.19999694824219,75.0999984741211,75.0999984741211,9055,0.0,0.0
2025-06-13 03:00:00+00:00,75.19999694824219,75.19999694824219,75.0999984741211,75.0999984741211,15177,0.0,0.0
2025-06-13 03:05:00+00:00,75.0999984741211,75.19999694824219,75.0,75.0,82878,0.0,0.0
2025-06-13 03:10:00+00:00,75.0,75.0,74.9000015258789,74.9000015258789,13000,0.0,0.0
2025-06-13 03:15:00+00:00,74.9000015258789,75.0,74.9000015258789,75.0,17073,0.0,0.0
2025-06-13 03:20:00+00:00,75.0,75.0,75.0,75.0,8000,0.0,0.0
2025-06-13 03:25:00+00:00,75.0,75.0999984741211,75.0,75.0999984741211,20014,0.0,0.0
2025-06-13 03:30:00+00:00,75.0,75.0999984741211,75.0,75.0999984741211,26014,0.0,0.0
2025-06-13 03:35:00+00:00,75.0999984741211,75.0999984741211,75.0999984741211,75.0999984741211,1000,0.0,0.0
2025-06-13 03:40:00+00:00,75.0999984741211,75.0999984741211,75.0,75.0,21050,0.0,0.0
2025-06-13 03:45:00+00:00,75.0,75.19999694824219,75.0,75.19999694824219,24000,0.0,0.0
2025-06-13 03:50:00+00:00,75.19999694824219,75.19999694824219,75.19999694824219,75.19999694824219,3000,0.0,0.0
2025-06-13 03:55:00+00:00,75.19999694824219,75.19999694824219,75.19999694824219,75.19999694824219,2083,0.0,0.0
2025-06-13 04:00:00+00:00,75.0999984741211,75.0999984741211,75.0999984741211,75.0999984741211,8234,0.0,0.0
2025-06-13 04:05:00+00:00,75.0,75.0,75.0,75.0,1000,0.0,0.0
2025-06-13 04:10:00+00:00,75.0,75.0,74.9000015258789,74.9000015258789,32378,0.0,0.0
2025-06-13 04:15:00+00:00,74.9000015258789,75.0,74.9000015258789,74.9000015258789,13000,0.0,0.0
2025-06-13 04:20:00+00:00,74.9000015258789,74.9000015258789,74.9000015258789,74.9000015258789,10000,0.0,0.0
2025-06-13 04:25:00+00:00,74.9000015258789,75.0999984741211,74.9000015258789,74.9000015258789,22200,0.0,0.0
2025-06-13 04:35:00+00:00,74.9000015258789,74.9000015258789,74.9000015258789,74.9000015258789,9000,0.0,0.0
2025-06-13 04:40:00+00:00,74.9000015258789,75.0,74.9000015258789,75.0,16000,0.0,0.0
2025-06-13 04:45:00+00:00,75.0,75.0,75.0,75.0,17071,0.0,0.0
2025-06-13 04:50:00+00:00,75.0,75.0999984741211,75.0,75.0999984741211,7024,0.0,0.0
2025-06-13 04:55:00+00:00,75.0999984741211,75.30000305175781,75.0999984741211,75.30000305175781,5200,0.0,0.0
2025-06-13 05:00:00+00:00,75.19999694824219,75.19999694824219,75.19999694824219,75.19999694824219,4178,0.0,0.0
2025-06-13 05:05:00+00:00,75.19999694824219,75.19999694824219,75.0,75.0,14076,0.0,0.0
2025-06-13 05:10:00+00:00,74.9000015258789,75.0,74.9000015258789,75.0,3156,0.0,0.0
2025-06-13 05:15:00+00:00,75.0,75.0,74.80000305175781,74.80000305175781,56274,0.0,0.0
2025-06-13 05:20:00+00:00,74.80000305175781,75.0,74.80000305175781,74.80000305175781,24675,0.0,0.0
2025-06-16 01:00:00+00:00,74.80000305175781,74.80000305175781,73.30000305175781,73.9000015258789,0,0.0,0.0
2025-06-16 01:05:00+00:00,73.9000015258789,73.9000015258789,73.5,73.5,55000,0.0,0.0
2025-06-16 01:10:00+00:00,73.5,73.9000015258789,73.4000015258789,73.69999694824219,31680,0.0,0.0
2025-06-16 01:15:00+00:00,73.69999694824219,73.80000305175781,73.5,73.5,41976,0.0,0.0
2025-06-16 01:20:00+00:00,73.5,73.5999984741211,73.0999984741211,73.19999694824219,105872,0.0,0.0
2025-06-16 01:25:00+00:00,73.0999984741211,73.0999984741211,72.9000015258789,73.0,66319,0.0,0.0
2025-06-16 01:30:00+00:00,73.0,73.19999694824219,73.0,73.0999984741211,29099,0.0,0.0
2025-06-16 01:35:00+00:00,73.19999694824219,73.30000305175781,73.0,73.0,35802,0.0,0.0
2025-06-16 01:40:00+00:00,73.0,73.0,72.9000015258789,73.0,17356,0.0,0.0
2025-06-16 01:45:00+00:00,73.0999984741211,73.19999694824219,73.0999984741211,73.0999984741211,17200,0.0,0.0
2025-06-16 01:50:00+00:00,73.0999984741211,73.5,73.0999984741211,73.30000305175781,20138,0.0,0.0
2025-06-16 01:55:00+00:00,73.30000305175781,73.30000305175781,73.30000305175781,73.30000305175781,2310,0.0,0.0
2025-06-16 02:00:00+00:00,73.19999694824219,73.19999694824219,72.9000015258789,72.9000015258789,64136,0.0,0.0
2025-06-16 02:05:00+00:00,73.0,73.0,72.9000015258789,73.0,23088,0.0,0.0
2025-06-16 02:10:00+00:00,73.0,73.0,73.0,73.0,8273,0.0,0.0
2025-06-16 02:15:00+00:00,73.0,73.0,72.9000015258789,73.0,12020,0.0,0.0
2025-06-16 02:20:00+00:00,73.0,73.0,72.69999694824219,72.80000305175781,74970,0.0,0.0
2025-06-16 02:25:00+00:00,72.80000305175781,72.80000305175781,72.69999694824219,72.69999694824219,18000,0.0,0.0
2025-06-16 02:30:00+00:00,72.80000305175781,72.80000305175781,72.69999694824219,72.80000305175781,15000,0.0,0.0
2025-06-16 02:35:00+00:00,72.80000305175781,72.80000305175781,72.80000305175781,72.80000305175781,5000,0.0,0.0
2025-06-16 02:40:00+00:00,72.80000305175781,72.80000305175781,72.80000305175781,72.80000305175781,7030,0.0,0.0
2025-06-16 02:45:00+00:00,72.80000305175781,72.9000015258789,72.80000305175781,72.80000305175781,14193,0.0,0.0
2025-06-16 02:50:00+00:00,72.69999694824219,72.69999694824219,72.5999984741211,72.69999694824219,60002,0.0,0.0
2025-06-16 02:55:00+00:00,72.69999694824219,72.69999694824219,72.69999694824219,72.69999694824219,2000,0.0,0.0
2025-06-16 03:00:00+00:00,72.80000305175781,72.9000015258789,72.80000305175781,72.9000015258789,6230,0.0,0.0
2025-06-16 03:05:00+00:00,73.0,73.0999984741211,73.0,73.0999984741211,9020,0.0,0.0
2025-06-16 03:10:00+00:00,73.0999984741211,73.0999984741211,73.0,73.0,5134,0.0,0.0
2025-06-16 03:20:00+00:00,73.0,73.19999694824219,73.0,73.19999694824219,8130,0.0,0.0
2025-06-16 03:25:00+00:00,73.0999984741211,73.0999984741211,73.0999984741211,73.0999984741211,3186,0.0,0.0
2025-06-16 03:35:00+00:00,73.19999694824219,73.4000015258789,73.19999694824219,73.30000305175781,12000,0.0,0.0
2025-06-16 03:40:00+00:00,73.30000305175781,73.5,73.30000305175781,73.5,18000,0.0,0.0
2025-06-16 03:45:00+00:00,73.5,73.5,73.5,73.5,2005,0.0,0.0
2025-06-16 03:50:00+00:00,73.5,73.5,73.30000305175781,73.30000305175781,9000,0.0,0.0
2025-06-16 03:55:00+00:00,73.30000305175781,73.30000305175781,73.30000305175781,73.30000305175781,1005,0.0,0.0
2025-06-16 04:00:00+00:00,73.30000305175781,73.30000305175781,73.30000305175781,73.30000305175781,5025,0.0,0.0
2025-06-16 04:05:00+00:00,73.30000305175781,73.69999694824219,73.30000305175781,73.69999694824219,17070,0.0,0.0
2025-06-16 04:10:00+00:00,73.69999694824219,73.69999694824219,73.69999694824219,73.69999694824219,5100,0.0,0.0
2025-06-16 04:15:00+00:00,73.5999984741211,73.69999694824219,73.5999984741211,73.69999694824219,5000,0.0,0.0
2025-06-16 04:20:00+00:00,73.80000305175781,73.80000305175781,73.80000305175781,73.80000305175781,7000,0.0,0.0
2025-06-16 04:25:00+00:00,73.80000305175781,73.80000305175781,73.5,73.5,24145,0.0,0.0
2025-06-16 04:30:00+00:00,73.5,73.5999984741211,73.5,73.5999984741211,2085,0.0,0.0
2025-06-16 04:35:00+00:00,73.5999984741211,73.5999984741211,73.5999984741211,73.5999984741211,2051,0.0,0.0
2025-06-16 04:40:00+00:00,73.5,73.5,73.5,73.5,10000,0.0,0.0
2025-06-16 04:45:00+00:00,73.5,73.5,73.4000015258789,73.4000015258789,5017,0.0,0.0
2025-06-16 04:50:00+00:00,73.4000015258789,73.5999984741211,73.4000015258789,73.5999984741211,18012,0.0,0.0
2025-06-16 04:55:00+00:00,73.69999694824219,74.19999694824219,73.5999984741211,73.80000305175781,64315,0.0,0.0
2025-06-16 05:00:00+00:00,73.80000305175781,73.9000015258789,73.80000305175781,73.9000015258789,7042,0.0,0.0
2025-06-16 05:05:00+00:00,73.9000015258789,73.9000015258789,73.69999694824219,73.69999694824219,7017,0.0,0.0
2025-06-16 05:10:00+00:00,73.80000305175781,73.9000015258789,73.80000305175781,73.9000015258789,5020,0.0,0.0
2025-06-16 05:15:00+00:00,73.9000015258789,73.9000015258789,73.80000305175781,73.80000305175781,11105,0.0,0.0
2025-06-16 05:20:00+00:00,73.80000305175781,74.30000305175781,73.80000305175781,74.0999984741211,39258,0.0,0.0
2025-06-17 01:00:00+00:00,74.0999984741211,74.5,74.0999984741211,74.30000305175781,46000,0.0,0.0
2025-06-17 01:05:00+00:00,74.19999694824219,74.5999984741211,74.19999694824219,74.5,36122,0.0,0.0
2025-06-17 01:10:00+00:00,74.5999984741211,74.5999984741211,74.4000015258789,74.5999984741211,10060,0.0,0.0
2025-06-17 01:15:00+00:00,74.5,74.5,74.30000305175781,74.30000305175781,16111,0.0,0.0
2025-06-17 01:20:00+00:00,74.5,74.5999984741211,74.5,74.5,30300,0.0,0.0
2025-06-17 01:25:00+00:00,74.5,74.5,74.5,74.5,2000,0.0,0.0
2025-06-17 01:30:00+00:00,74.4000015258789,74.4000015258789,74.4000015258789,74.4000015258789,6111,0.0,0.0
2025-06-17 01:35:00+00:00,74.4000015258789,74.4000015258789,74.4000015258789,74.4000015258789,3000,0.0,0.0
2025-06-17 01:40:00+00:00,74.4000015258789,74.4000015258789,74.4000015258789,74.4000015258789,11000,0.0,0.0
2025-06-17 01:45:00+00:00,74.4000015258789,74.5,74.4000015258789,74.4000015258789,7090,0.0,0.0
2025-06-17 01:50:00+00:00,74.30000305175781,74.30000305175781,74.30000305175781,74.30000305175781,2000,0.0,0.0
2025-06-17 01:55:00+00:00,74.30000305175781,74.30000305175781,74.0999984741211,74.19999694824219,20032,0.0,0.0
2025-06-17 02:00:00+00:00,74.0999984741211,74.0999984741211,74.0,74.0,14123,0.0,0.0
2025-06-17 02:05:00+00:00,74.0999984741211,74.0999984741211,74.0,74.0,3074,0.0,0.0
2025-06-17 02:10:00+00:00,74.0,74.0,73.80000305175781,73.80000305175781,15411,0.0,0.0
2025-06-17 02:15:00+00:00,73.80000305175781,73.80000305175781,73.80000305175781,73.80000305175781,4137,0.0,0.0
2025-06-17 02:20:00+00:00,73.69999694824219,73.69999694824219,73.5999984741211,73.5999984741211,17000,0.0,0.0
2025-06-17 02:25:00+00:00,73.5999984741211,73.69999694824219,73.5999984741211,73.69999694824219,6011,0.0,0.0
2025-06-17 02:30:00+00:00,73.69999694824219,73.69999694824219,73.69999694824219,73.69999694824219,2016,0.0,0.0
2025-06-17 02:35:00+00:00,73.69999694824219,73.69999694824219,73.69999694824219,73.69999694824219,2000,0.0,0.0
2025-06-17 02:40:00+00:00,73.69999694824219,73.69999694824219,73.5999984741211,73.69999694824219,5245,0.0,0.0
2025-06-17 02:45:00+00:00,73.69999694824219,73.69999694824219,73.69999694824219,73.69999694824219,2000,0.0,0.0
2025-06-17 02:50:00+00:00,73.80000305175781,74.0,73.80000305175781,74.0,2000,0.0,0.0
2025-06-17 02:55:00+00:00,73.80000305175781,74.0,73.80000305175781,74.0,4049,0.0,0.0
2025-06-17 03:00:00+00:00,74.0,74.0,73.9000015258789,73.9000015258789,8215,0.0,0.0
2025-06-17 03:05:00+00:00,73.9000015258789,74.0,73.9000015258789,74.0,12540,0.0,0.0
2025-06-17 03:15:00+00:00,74.0,74.0999984741211,73.9000015258789,73.9000015258789,16000,0.0,0.0
2025-06-17 03:20:00+00:00,73.9000015258789,73.9000015258789,73.9000015258789,73.9000015258789,2000,0.0,0.0
2025-06-17 03:25:00+00:00,73.80000305175781,73.80000305175781,73.80000305175781,73.80000305175781,2112,0.0,0.0
2025-06-17 03:30:00+00:00,73.80000305175781,73.80000305175781,73.80000305175781,73.80000305175781,8005,0.0,0.0
2025-06-17 03:35:00+00:00,73.9000015258789,73.9000015258789,73.9000015258789,73.9000015258789,1000,0.0,0.0
2025-06-17 03:45:00+00:00,73.69999694824219,73.69999694824219,73.4000015258789,73.4000015258789,70016,0.0,0.0
2025-06-17 03:50:00+00:00,73.4000015258789,73.4000015258789,73.4000015258789,73.4000015258789,4000,0.0,0.0
2025-06-17 03:55:00+00:00,73.4000015258789,73.4000015258789,73.4000015258789,73.4000015258789,2030,0.0,0.0
2025-06-17 04:00:00+00:00,73.5,73.5,73.5,73.5,14000,0.0,0.0
2025-06-17 04:05:00+00:00,73.5,73.5,73.4000015258789,73.4000015258789,26000,0.0,0.0
2025-06-17 04:10:00+00:00,73.4000015258789,73.4000015258789,73.4000015258789,73.4000015258789,3060,0.0,0.0
2025-06-17 04:15:00+00:00,73.5,73.5,73.5,73.5,3330,0.0,0.0
2025-06-17 04:20:00+00:00,73.4000015258789,73.4000015258789,73.30000305175781,73.30000305175781,27249,0.0,0.0
2025-06-17 04:25:00+00:00,73.30000305175781,73.5,73.19999694824219,73.5,30000,0.0,0.0
2025-06-17 04:30:00+00:00,73.30000305175781,73.4000015258789,73.30000305175781,73.4000015258789,6033,0.0,0.0
2025-06-17 04:35:00+00:00,73.30000305175781,73.30000305175781,73.19999694824219,73.19999694824219,2000,0.0,0.0
2025-06-17 04:40:00+00:00,73.30000305175781,73.5,73.30000305175781,73.5,40062,0.0,0.0
2025-06-17 04:45:00+00:00,73.4000015258789,73.5999984741211,73.4000015258789,73.4000015258789,20000,0.0,0.0
2025-06-17 04:50:00+00:00,73.30000305175781,73.5,73.30000305175781,73.4000015258789,38010,0.0,0.0
2025-06-17 04:55:00+00:00,73.5,73.5,73.5,73.5,6128,0.0,0.0
2025-06-17 05:00:00+00:00,73.5,73.69999694824219,73.5,73.69999694824219,16073,0.0,0.0
2025-06-17 05:05:00+00:00,73.69999694824219,73.69999694824219,73.69999694824219,73.69999694824219,1005,0.0,0.0
2025-06-17 05:10:00+00:00,73.5999984741211,73.5999984741211,73.5999984741211,73.5999984741211,3000,0.0,0.0
2025-06-17 05:15:00+00:00,73.5999984741211,73.5999984741211,73.4000015258789,73.5,18120,0.0,0.0
2025-06-17 05:20:00+00:00,73.4000015258789,73.5999984741211,73.4000015258789,73.4000015258789,26038,0.0,0.0
2025-06-18 01:00:00+00:00,74.19999694824219,74.19999694824219,73.80000305175781,73.9000015258789,15000,0.0,0.0
2025-06-18 01:05:00+00:00,73.69999694824219,74.80000305175781,73.69999694824219,74.4000015258789,77036,0.0,0.0
2025-06-18 01:10:00+00:00,74.30000305175781,74.30000305175781,74.0,74.0,14236,0.0,0.0
2025-06-18 01:15:00+00:00,73.9000015258789,74.0,73.9000015258789,74.0,6178,0.0,0.0
2025-06-18 01:20:00+00:00,74.0,74.0,73.9000015258789,74.0,7200,0.0,0.0
2025-06-18 01:25:00+00:00,73.9000015258789,74.19999694824219,73.9000015258789,74.19999694824219,25087,0.0,0.0
2025-06-18 01:30:00+00:00,74.19999694824219,74.30000305175781,74.0999984741211,74.19999694824219,6000,0.0,0.0
2025-06-18 01:35:00+00:00,74.30000305175781,74.30000305175781,74.19999694824219,74.19999694824219,10500,0.0,0.0
2025-06-18 01:40:00+00:00,74.0999984741211,74.0999984741211,74.0,74.0,8066,0.0,0.0
2025-06-18 01:45:00+00:00,74.0,74.0,74.0,74.0,2000,0.0,0.0
2025-06-18 01:50:00+00:00,74.0999984741211,74.0999984741211,74.0999984741211,74.0999984741211,6000,0.0,0.0
2025-06-18 01:55:00+00:00,74.0,74.0,74.0,74.0,11000,0.0,0.0
2025-06-18 02:00:00+00:00,73.9000015258789,73.9000015258789,73.80000305175781,73.80000305175781,8372,0.0,0.0
2025-06-18 02:05:00+00:00,73.69999694824219,73.69999694824219,73.5999984741211,73.5999984741211,4568,0.0,0.0
2025-06-18 02:10:00+00:00,73.69999694824219,73.69999694824219,73.69999694824219,73.69999694824219,1165,0.0,0.0
2025-06-18 02:15:00+00:00,73.69999694824219,73.69999694824219,73.69999694824219,73.69999694824219,4000,0.0,0.0
2025-06-18 02:20:00+00:00,73.69999694824219,73.69999694824219,73.69999694824219,73.69999694824219,1000,0.0,0.0
2025-06-18 02:30:00+00:00,73.69999694824219,73.69999694824219,73.69999694824219,73.69999694824219,7212,0.0,0.0
2025-06-18 02:35:00+00:00,73.80000305175781,73.80000305175781,73.80000305175781,73.80000305175781,7020,0.0,0.0
2025-06-18 02:40:00+00:00,73.9000015258789,73.9000015258789,73.9000015258789,73.9000015258789,4100,0.0,0.0
2025-06-18 02:45:00+00:00,73.9000015258789,73.9000015258789,73.9000015258789,73.9000015258789,1014,0.0,0.0
2025-06-18 02:50:00+00:00,73.9000015258789,73.9000015258789,73.9000015258789,73.9000015258789,3107,0.0,0.0
2025-06-18 03:00:00+00:00,74.0,74.30000305175781,74.0,74.30000305175781,32420,0.0,0.0
2025-06-18 03:05:00+00:00,74.30000305175781,74.30000305175781,74.0,74.30000305175781,9000,0.0,0.0
2025-06-18 03:10:00+00:00,74.30000305175781,74.30000305175781,74.19999694824219,74.19999694824219,2000,0.0,0.0
2025-06-18 03:15:00+00:00,74.19999694824219,74.30000305175781,74.0,74.19999694824219,8000,0.0,0.0
2025-06-18 03:20:00+00:00,74.19999694824219,74.30000305175781,74.19999694824219,74.30000305175781,9000,0.0,0.0
2025-06-18 03:25:00+00:00,74.30000305175781,74.4000015258789,74.30000305175781,74.4000015258789,12000,0.0,0.0
2025-06-18 03:30:00+00:00,74.4000015258789,74.5,74.4000015258789,74.5,10035,0.0,0.0
2025-06-18 03:35:00+00:00,74.30000305175781,74.4000015258789,74.19999694824219,74.30000305175781,13000,0.0,0.0
2025-06-18 03:40:00+00:00,74.4000015258789,74.4000015258789,74.4000015258789,74.4000015258789,7010,0.0,0.0
2025-06-18 03:45:00+00:00,74.4000015258789,74.5,74.4000015258789,74.5,3020,0.0,0.0
2025-06-18 03:50:00+00:00,74.4000015258789,74.4000015258789,74.4000015258789,74.4000015258789,4000,0.0,0.0
2025-06-18 03:55:00+00:00,74.30000305175781,74.30000305175781,74.19999694824219,74.19999694824219,8000,0.0,0.0
2025-06-18 04:00:00+00:00,74.0,74.19999694824219,74.0,74.19999694824219,2200,0.0,0.0
2025-06-18 04:05:00+00:00,74.0,74.0,74.0,74.0,4000,0.0,0.0
2025-06-18 04:10:00+00:00,74.0999984741211,74.0999984741211,74.0999984741211,74.0999984741211,2011,0.0,0.0
2025-06-18 04:15:00+00:00,74.0999984741211,74.0999984741211,74.0999984741211,74.0999984741211,9155,0.0,0.0
2025-06-18 04:20:00+00:00,74.0999984741211,74.0999984741211,74.0,74.0999984741211,7003,0.0,0.0
2025-06-18 04:25:00+00:00,74.0999984741211,74.0999984741211,74.0999984741211,74.0999984741211,1100,0.0,0.0
2025-06-18 04:30:00+00:00,74.0999984741211,74.0999984741211,74.0999984741211,74.0999984741211,1000,0.0,0.0
2025-06-18 04:35:00+00:00,74.0999984741211,74.0999984741211,74.0,74.0,11000,0.0,0.0
2025-06-18 04:40:00+00:00,74.0,74.0,74.0,74.0,3000,0.0,0.0
2025-06-18 04:45:00+00:00,74.0,74.0,74.0,74.0,1000,0.0,0.0
2025-06-18 04:50:00+00:00,74.0,74.0,74.0,74.0,6000,0.0,0.0
2025-06-18 04:55:00+00:00,73.9000015258789,73.9000015258789,73.9000015258789,73.9000015258789,1200,0.0,0.0
2025-06-18 05:00:00+00:00,73.9000015258789,74.0,73.9000015258789,73.9000015258789,12200,0.0,0.0
2025-06-18 05:05:00+00:00,74.0,74.0999984741211,73.9000015258789,73.9000015258789,10250,0.0,0.0
2025-06-18 05:10:00+00:00,73.80000305175781,73.9000015258789,73.80000305175781,73.80000305175781,5000,0.0,0.0
2025-06-18 05:15:00+00:00,73.80000305175781,73.9000015258789,73.69999694824219,73.80000305175781,29000,0.0,0.0
2025-06-18 05:20:00+00:00,73.69999694824219,73.9000015258789,73.69999694824219,73.9000015258789,19128,0.0,0.0
2025-06-19 01:00:00+00:00,73.5,73.5,73.19999694824219,73.4000015258789,66000,0.0,0.0
2025-06-19 01:05:00+00:00,73.4000015258789,73.4000015258789,73.19999694824219,73.30000305175781,51000,0.0,0.0
2025-06-19 01:10:00+00:00,72.9000015258789,73.0,72.80000305175781,72.9000015258789,104979,0.0,0.0
2025-06-19 01:15:00+00:00,72.80000305175781,72.80000305175781,72.5999984741211,72.5999984741211,60391,0.0,0.0
2025-06-19 01:20:00+00:00,72.5999984741211,72.80000305175781,72.4000015258789,72.5999984741211,48494,0.0,0.0
2025-06-19 01:25:00+00:00,72.80000305175781,72.80000305175781,72.5,72.5,45700,0.0,0.0
2025-06-19 01:30:00+00:00,72.5,72.5,72.5,72.5,3184,0.0,0.0
2025-06-19 01:35:00+00:00,72.5999984741211,72.5999984741211,72.30000305175781,72.30000305175781,47390,0.0,0.0
2025-06-19 01:40:00+00:00,72.30000305175781,72.4000015258789,72.30000305175781,72.4000015258789,12642,0.0,0.0
2025-06-19 01:45:00+00:00,72.5,72.5999984741211,72.4000015258789,72.5999984741211,7370,0.0,0.0
2025-06-19 01:50:00+00:00,72.5,72.5,72.5,72.5,6385,0.0,0.0
2025-06-19 01:55:00+00:00,72.5,72.5,72.5,72.5,27000,0.0,0.0
2025-06-19 02:00:00+00:00,72.4000015258789,72.4000015258789,72.30000305175781,72.30000305175781,42131,0.0,0.0
2025-06-19 02:05:00+00:00,72.19999694824219,72.30000305175781,72.19999694824219,72.19999694824219,35100,0.0,0.0
2025-06-19 02:10:00+00:00,72.19999694824219,72.19999694824219,71.9000015258789,71.9000015258789,91007,0.0,0.0
2025-06-19 02:15:00+00:00,71.9000015258789,71.9000015258789,71.5,71.69999694824219,112958,0.0,0.0
2025-06-19 02:20:00+00:00,71.5999984741211,71.5999984741211,71.5999984741211,71.5999984741211,14506,0.0,0.0
2025-06-19 02:25:00+00:00,71.5999984741211,71.69999694824219,71.5,71.5999984741211,65188,0.0,0.0
2025-06-19 02:30:00+00:00,71.69999694824219,71.69999694824219,71.5,71.69999694824219,38407,0.0,0.0
2025-06-19 02:35:00+00:00,71.69999694824219,71.69999694824219,71.5999984741211,71.69999694824219,18000,0.0,0.0
2025-06-19 02:40:00+00:00,71.69999694824219,71.69999694824219,71.5999984741211,71.69999694824219,12121,0.0,0.0
2025-06-19 02:45:00+00:00,71.69999694824219,71.69999694824219,71.5999984741211,71.5999984741211,28000,0.0,0.0
2025-06-19 02:50:00+00:00,71.69999694824219,71.69999694824219,71.5999984741211,71.69999694824219,25406,0.0,0.0
2025-06-19 02:55:00+00:00,71.69999694824219,71.80000305175781,71.69999694824219,71.80000305175781,28050,0.0,0.0
2025-06-19 03:00:00+00:00,72.0,72.30000305175781,71.80000305175781,72.30000305175781,37010,0.0,0.0
2025-06-19 03:05:00+00:00,72.0999984741211,72.0999984741211,72.0,72.0,7150,0.0,0.0
2025-06-19 03:10:00+00:00,71.80000305175781,71.80000305175781,71.80000305175781,71.80000305175781,4000,0.0,0.0
2025-06-19 03:15:00+00:00,71.9000015258789,71.9000015258789,71.9000015258789,71.9000015258789,4005,0.0,0.0
2025-06-19 03:20:00+00:00,71.9000015258789,72.0999984741211,71.9000015258789,72.0,6215,0.0,0.0
2025-06-19 03:25:00+00:00,72.0,72.0999984741211,72.0,72.0999984741211,3000,0.0,0.0
2025-06-19 03:30:00+00:00,72.0999984741211,72.0999984741211,72.0999984741211,72.0999984741211,0,0.0,0.0
2025-06-19 03:35:00+00:00,72.19999694824219,72.19999694824219,72.0999984741211,72.0999984741211,1060239,0.0,0.0
2025-06-19 03:40:00+00:00,72.0999984741211,72.0999984741211,72.0999984741211,72.0999984741211,6000,0.0,0.0
2025-06-19 03:45:00+00:00,72.0,72.19999694824219,72.0,72.19999694824219,7040,0.0,0.0
2025-06-19 03:50:00+00:00,72.0999984741211,72.0999984741211,72.0999984741211,72.0999984741211,4001,0.0,0.0
2025-06-19 03:55:00+00:00,72.0999984741211,72.0999984741211,72.0,72.0,4353,0.0,0.0
2025-06-19 04:00:00+00:00,72.0,72.0999984741211,72.0,72.0,26000,0.0,0.0
2025-06-19 04:05:00+00:00,72.0,72.0,72.0,72.0,2050,0.0,0.0
2025-06-19 04:10:00+00:00,72.0,72.0,71.9000015258789,71.9000015258789,16050,0.0,0.0
2025-06-19 04:15:00+00:00,71.9000015258789,71.9000015258789,71.9000015258789,71.9000015258789,3441,0.0,0.0
2025-06-19 04:20:00+00:00,71.9000015258789,71.9000015258789,71.9000015258789,71.9000015258789,3799,0.0,0.0
2025-06-19 04:25:00+00:00,71.9000015258789,71.9000015258789,71.9000015258789,71.9000015258789,1000,0.0,0.0
2025-06-19 04:30:00+00:00,71.9000015258789,71.9000015258789,71.9000015258789,71.9000015258789,7000,0.0,0.0
2025-06-19 04:35:00+00:00,72.0,72.0,71.9000015258789,71.9000015258789,10220,0.0,0.0
2025-06-19 04:40:00+00:00,71.9000015258789,72.0,71.9000015258789,71.9000015258789,8000,0.0,0.0
2025-06-19 04:45:00+00:00,72.0,72.4000015258789,71.9000015258789,72.4000015258789,31000,0.0,0.0
2025-06-19 04:50:00+00:00,72.30000305175781,72.30000305175781,72.19999694824219,72.19999694824219,3100,0.0,0.0
2025-06-19 04:55:00+00:00,72.0999984741211,72.0999984741211,72.0,72.0,19000,0.0,0.0
2025-06-19 05:00:00+00:00,72.0,72.0999984741211,71.9000015258789,72.0,21100,0.0,0.0
2025-06-19 05:05:00+00:00,72.0,72.0,71.9000015258789,71.9000015258789,12279,0.0,0.0
2025-06-19 05:10:00+00:00,71.9000015258789,72.0,71.9000015258789,72.0,6000,0.0,0.0
2025-06-19 05:15:00+00:00,72.0,72.0999984741211,71.9000015258789,71.9000015258789,23000,0.0,0.0
2025-06-19 05:20:00+00:00,71.9000015258789,72.0,71.80000305175781,71.80000305175781,31250,0.0,0.0
2025-06-20 01:00:00+00:00,71.5,72.0,71.5,72.0,34000,0.0,0.0
2025-06-20 01:05:00+00:00,72.0,72.0,71.80000305175781,71.80000305175781,13182,0.0,0.0
2025-06-20 01:10:00+00:00,71.80000305175781,71.9000015258789,71.5,71.5,32175,0.0,0.0
2025-06-20 01:15:00+00:00,71.5,71.5999984741211,71.5,71.5,14615,0.0,0.0
2025-06-20 01:20:00+00:00,71.5,71.5,71.30000305175781,71.30000305175781,13485,0.0,0.0
2025-06-20 01:25:00+00:00,71.30000305175781,71.30000305175781,71.0999984741211,71.19999694824219,27131,0.0,0.0
2025-06-20 01:30:00+00:00,71.0999984741211,71.0999984741211,70.69999694824219,70.69999694824219,51609,0.0,0.0
2025-06-20 01:35:00+00:00,70.69999694824219,70.80000305175781,70.5999984741211,70.69999694824219,46701,0.0,0.0
2025-06-20 01:40:00+00:00,70.69999694824219,70.69999694824219,70.5999984741211,70.5999984741211,38157,0.0,0.0
2025-06-20 01:45:00+00:00,70.5999984741211,70.5999984741211,70.5,70.5,67654,0.0,0.0
2025-06-20 01:50:00+00:00,70.4000015258789,70.5,70.4000015258789,70.5,30537,0.0,0.0
2025-06-20 01:55:00+00:00,70.5,70.5,70.5,70.5,7866,0.0,0.0
2025-06-20 02:00:00+00:00,70.4000015258789,70.4000015258789,70.30000305175781,70.4000015258789,26100,0.0,0.0
2025-06-20 02:05:00+00:00,70.4000015258789,70.69999694824219,70.4000015258789,70.69999694824219,22789,0.0,0.0
2025-06-20 02:10:00+00:00,70.5999984741211,70.5999984741211,70.5999984741211,70.5999984741211,6070,0.0,0.0
2025-06-20 02:15:00+00:00,70.5999984741211,70.69999694824219,70.5999984741211,70.69999694824219,18000,0.0,0.0
2025-06-20 02:20:00+00:00,70.69999694824219,70.9000015258789,70.69999694824219,70.9000015258789,7057,0.0,0.0
2025-06-20 02:25:00+00:00,70.80000305175781,70.80000305175781,70.80000305175781,70.80000305175781,14069,0.0,0.0
2025-06-20 02:30:00+00:00,70.80000305175781,70.9000015258789,70.80000305175781,70.9000015258789,7014,0.0,0.0
2025-06-20 02:35:00+00:00,71.0,71.0999984741211,71.0,71.0999984741211,22291,0.0,0.0
2025-06-20 02:40:00+00:00,71.0999984741211,71.0999984741211,70.80000305175781,70.80000305175781,5000,0.0,0.0
2025-06-20 02:45:00+00:00,71.0,71.19999694824219,71.0,71.19999694824219,9000,0.0,0.0
2025-06-20 02:50:00+00:00,71.0,71.0,70.80000305175781,71.0,22000,0.0,0.0
2025-06-20 02:55:00+00:00,71.0,71.30000305175781,70.80000305175781,71.30000305175781,25000,0.0,0.0
2025-06-20 03:00:00+00:00,71.30000305175781,71.30000305175781,71.30000305175781,71.30000305175781,1000,0.0,0.0
2025-06-20 03:05:00+00:00,71.0,71.0,71.0,71.0,4000,0.0,0.0
2025-06-20 03:10:00+00:00,70.9000015258789,71.0,70.9000015258789,71.0,5000,0.0,0.0
2025-06-20 03:20:00+00:00,71.0,71.0999984741211,71.0,71.0,11050,0.0,0.0
2025-06-20 03:25:00+00:00,71.0999984741211,71.0999984741211,71.0999984741211,71.0999984741211,0,0.0,0.0
2025-06-20 03:30:00+00:00,71.0999984741211,71.0999984741211,71.0999984741211,71.0999984741211,589552,0.0,0.0
2025-06-20 03:35:00+00:00,71.19999694824219,71.4000015258789,71.19999694824219,71.4000015258789,11070,0.0,0.0
2025-06-20 03:40:00+00:00,71.4000015258789,71.4000015258789,71.0,71.30000305175781,34300,0.0,0.0
2025-06-20 03:45:00+00:00,71.0999984741211,71.19999694824219,71.0,71.19999694824219,11000,0.0,0.0
2025-06-20 03:50:00+00:00,71.30000305175781,71.30000305175781,71.30000305175781,71.30000305175781,2030,0.0,0.0
2025-06-20 03:55:00+00:00,71.4000015258789,71.5,71.4000015258789,71.5,10173,0.0,0.0
2025-06-20 04:00:00+00:00,71.4000015258789,71.4000015258789,71.4000015258789,71.4000015258789,2000,0.0,0.0
2025-06-20 04:10:00+00:00,71.30000305175781,71.30000305175781,71.30000305175781,71.30000305175781,1100,0.0,0.0
2025-06-20 04:15:00+00:00,71.30000305175781,71.30000305175781,71.30000305175781,71.30000305175781,8000,0.0,0.0
2025-06-20 04:20:00+00:00,71.19999694824219,71.30000305175781,71.0999984741211,71.0999984741211,9092,0.0,0.0
2025-06-20 04:25:00+00:00,71.19999694824219,71.19999694824219,71.19999694824219,71.19999694824219,2010,0.0,0.0
2025-06-20 04:30:00+00:00,71.19999694824219,71.19999694824219,71.0999984741211,71.19999694824219,6300,0.0,0.0
2025-06-20 04:35:00+00:00,71.19999694824219,71.19999694824219,71.19999694824219,71.19999694824219,2000,0.0,0.0
2025-06-20 04:40:00+00:00,71.0999984741211,71.19999694824219,70.9000015258789,71.0999984741211,45368,0.0,0.0
2025-06-20 04:45:00+00:00,71.0,71.0,71.0,71.0,1000,0.0,0.0
2025-06-20 04:50:00+00:00,71.0999984741211,71.0999984741211,71.0,71.0,7050,0.0,0.0
2025-06-20 04:55:00+00:00,71.0,71.0,71.0,71.0,12210,0.0,0.0
2025-06-20 05:00:00+00:00,71.0999984741211,71.30000305175781,71.0999984741211,71.30000305175781,15162,0.0,0.0
2025-06-20 05:05:00+00:00,71.30000305175781,71.30000305175781,71.19999694824219,71.30000305175781,8000,0.0,0.0
2025-06-20 05:10:00+00:00,71.19999694824219,71.30000305175781,71.19999694824219,71.19999694824219,19000,0.0,0.0
2025-06-20 05:15:00+00:00,71.19999694824219,71.4000015258789,71.0999984741211,71.4000015258789,31096,0.0,0.0
2025-06-20 05:20:00+00:00,71.30000305175781,71.5,71.30000305175781,71.5,47824,0.0,0.0
2025-06-23 01:00:00+00:00,69.9000015258789,70.0,69.0999984741211,70.0,0,0.0,0.0
2025-06-23 01:05:00+00:00,70.0,70.69999694824219,69.9000015258789,70.69999694824219,46202,0.0,0.0
2025-06-23 01:10:00+00:00,70.69999694824219,70.9000015258789,70.69999694824219,70.9000015258789,7907,0.0,0.0
2025-06-23 01:15:00+00:00,70.9000015258789,70.9000015258789,70.5,70.5999984741211,36043,0.0,0.0
2025-06-23 01:20:00+00:00,70.5,70.9000015258789,70.5,70.80000305175781,37000,0.0,0.0
2025-06-23 01:25:00+00:00,70.9000015258789,71.0999984741211,70.80000305175781,70.80000305175781,42100,0.0,0.0
2025-06-23 01:30:00+00:00,70.80000305175781,70.80000305175781,70.69999694824219,70.80000305175781,7073,0.0,0.0
2025-06-23 01:35:00+00:00,70.69999694824219,70.80000305175781,70.69999694824219,70.69999694824219,5100,0.0,0.0
2025-06-23 01:40:00+00:00,70.80000305175781,70.80000305175781,70.69999694824219,70.69999694824219,5100,0.0,0.0
2025-06-23 01:45:00+00:00,70.69999694824219,70.9000015258789,70.69999694824219,70.69999694824219,9000,0.0,0.0
2025-06-23 01:50:00+00:00,70.9000015258789,71.19999694824219,70.9000015258789,71.19999694824219,43185,0.0,0.0
2025-06-23 01:55:00+00:00,71.19999694824219,71.19999694824219,71.0999984741211,71.0999984741211,3000,0.0,0.0
2025-06-23 02:00:00+00:00,71.0999984741211,71.0999984741211,70.9000015258789,70.9000015258789,27030,0.0,0.0
2025-06-23 02:05:00+00:00,70.80000305175781,71.30000305175781,70.69999694824219,71.0999984741211,42025,0.0,0.0
2025-06-23 02:10:00+00:00,71.30000305175781,71.30000305175781,71.0999984741211,71.0999984741211,7130,0.0,0.0
2025-06-23 02:15:00+00:00,71.0999984741211,71.0999984741211,71.0999984741211,71.0999984741211,6000,0.0,0.0
2025-06-23 02:20:00+00:00,71.0999984741211,71.0999984741211,71.0999984741211,71.0999984741211,2020,0.0,0.0
2025-06-23 02:25:00+00:00,71.0999984741211,71.5,71.0999984741211,71.5,8068,0.0,0.0
2025-06-23 02:30:00+00:00,71.5,71.5,71.4000015258789,71.4000015258789,5112,0.0,0.0
2025-06-23 02:35:00+00:00,71.4000015258789,71.4000015258789,71.30000305175781,71.30000305175781,5000,0.0,0.0
2025-06-23 02:40:00+00:00,71.4000015258789,71.4000015258789,71.4000015258789,71.4000015258789,3012,0.0,0.0
2025-06-23 02:45:00+00:00,71.4000015258789,71.5,71.4000015258789,71.4000015258789,5073,0.0,0.0
2025-06-23 02:50:00+00:00,71.4000015258789,71.4000015258789,71.30000305175781,71.4000015258789,6143,0.0,0.0
2025-06-23 02:55:00+00:00,71.5,71.5999984741211,71.5,71.5999984741211,20046,0.0,0.0
2025-06-23 03:00:00+00:00,71.5999984741211,71.80000305175781,71.5999984741211,71.69999694824219,12481,0.0,0.0
2025-06-23 03:05:00+00:00,71.69999694824219,71.69999694824219,71.5999984741211,71.69999694824219,6008,0.0,0.0
2025-06-23 03:10:00+00:00,71.69999694824219,71.69999694824219,71.5999984741211,71.5999984741211,4030,0.0,0.0
2025-06-23 03:15:00+00:00,71.69999694824219,71.69999694824219,71.5,71.5,4001,0.0,0.0
2025-06-23 03:20:00+00:00,71.5999984741211,71.5999984741211,71.4000015258789,71.5,9284,0.0,0.0
2025-06-23 03:25:00+00:00,71.4000015258789,71.4000015258789,71.4000015258789,71.4000015258789,1080,0.0,0.0
2025-06-23 03:30:00+00:00,71.5,71.5,71.4000015258789,71.5,8100,0.0,0.0
2025-06-23 03:35:00+00:00,71.4000015258789,71.5999984741211,71.4000015258789,71.5999984741211,4000,0.0,0.0
2025-06-23 03:40:00+00:00,71.5999984741211,71.5999984741211,71.5,71.5,5020,0.0,0.0
2025-06-23 03:45:00+00:00,71.5,71.5999984741211,71.5,71.5999984741211,3000,0.0,0.0
2025-06-23 03:50:00+00:00,71.5,71.5,71.4000015258789,71.5,23110,0.0,0.0
2025-06-23 03:55:00+00:00,71.4000015258789,71.4000015258789,71.4000015258789,71.4000015258789,1119,0.0,0.0
2025-06-23 04:05:00+00:00,71.4000015258789,71.4000015258789,71.0999984741211,71.0999984741211,7315,0.0,0.0
2025-06-23 04:10:00+00:00,71.19999694824219,71.30000305175781,71.19999694824219,71.30000305175781,6000,0.0,0.0
2025-06-23 04:15:00+00:00,71.30000305175781,71.30000305175781,71.30000305175781,71.30000305175781,2150,0.0,0.0
2025-06-23 04:20:00+00:00,71.30000305175781,71.30000305175781,71.30000305175781,71.30000305175781,15000,0.0,0.0
2025-06-23 04:30:00+00:00,71.19999694824219,71.19999694824219,71.19999694824219,71.19999694824219,1000,0.0,0.0
2025-06-23 04:35:00+00:00,71.19999694824219,71.30000305175781,71.19999694824219,71.30000305175781,4150,0.0,0.0
2025-06-23 04:40:00+00:00,71.19999694824219,71.30000305175781,71.19999694824219,71.19999694824219,16162,0.0,0.0
2025-06-23 04:45:00+00:00,71.19999694824219,71.19999694824219,71.0,71.0999984741211,51000,0.0,0.0
2025-06-23 04:50:00+00:00,71.0999984741211,71.0999984741211,71.0999984741211,71.0999984741211,1000,0.0,0.0
2025-06-23 04:55:00+00:00,71.0999984741211,71.0999984741211,71.0999984741211,71.0999984741211,8000,0.0,0.0
2025-06-23 05:00:00+00:00,71.19999694824219,71.19999694824219,71.0999984741211,71.0999984741211,11100,0.0,0.0
2025-06-23 05:05:00+00:00,71.0,71.0,71.0,71.0,4059,0.0,0.0
2025-06-23 05:10:00+00:00,71.0,71.19999694824219,71.0,71.19999694824219,7045,0.0,0.0
2025-06-23 05:15:00+00:00,71.30000305175781,71.30000305175781,71.19999694824219,71.19999694824219,4000,0.0,0.0
2025-06-23 05:20:00+00:00,71.0999984741211,71.30000305175781,71.0999984741211,71.19999694824219,12000,0.0,0.0
2025-06-24 01:00:00+00:00,72.0,72.30000305175781,72.0,72.30000305175781,32000,0.0,0.0
2025-06-24 01:05:00+00:00,72.30000305175781,72.5999984741211,72.30000305175781,72.5,25000,0.0,0.0
2025-06-24 01:10:00+00:00,72.4000015258789,72.80000305175781,72.4000015258789,72.80000305175781,86327,0.0,0.0
2025-06-24 01:15:00+00:00,72.9000015258789,73.19999694824219,72.80000305175781,72.9000015258789,80469,0.0,0.0
2025-06-24 01:20:00+00:00,73.19999694824219,73.30000305175781,72.9000015258789,72.9000015258789,41100,0.0,0.0
2025-06-24 01:25:00+00:00,72.9000015258789,72.9000015258789,72.9000015258789,72.9000015258789,3011,0.0,0.0
2025-06-24 01:30:00+00:00,72.80000305175781,73.0,72.80000305175781,73.0,25137,0.0,0.0
2025-06-24 01:35:00+00:00,73.0,73.0,72.80000305175781,72.9000015258789,22000,0.0,0.0
2025-06-24 01:40:00+00:00,73.0999984741211,73.19999694824219,73.0,73.0,43610,0.0,0.0
2025-06-24 01:45:00+00:00,73.0,73.0999984741211,73.0,73.0999984741211,7000,0.0,0.0
2025-06-24 01:50:00+00:00,73.0999984741211,73.19999694824219,73.0,73.19999694824219,11200,0.0,0.0
2025-06-24 01:55:00+00:00,73.19999694824219,73.4000015258789,73.0999984741211,73.30000305175781,74943,0.0,0.0
2025-06-24 02:00:00+00:00,73.30000305175781,73.5,73.30000305175781,73.30000305175781,50134,0.0,0.0
2025-06-24 02:05:00+00:00,73.19999694824219,73.30000305175781,73.19999694824219,73.19999694824219,6100,0.0,0.0
2025-06-24 02:10:00+00:00,73.19999694824219,73.19999694824219,73.0999984741211,73.0999984741211,2030,0.0,0.0
2025-06-24 02:15:00+00:00,73.0999984741211,73.4000015258789,73.0999984741211,73.19999694824219,47070,0.0,0.0
2025-06-24 02:20:00+00:00,73.19999694824219,73.30000305175781,73.19999694824219,73.30000305175781,10009,0.0,0.0
2025-06-24 02:25:00+00:00,73.19999694824219,73.4000015258789,73.19999694824219,73.4000015258789,16000,0.0,0.0
2025-06-24 02:35:00+00:00,73.30000305175781,73.30000305175781,73.30000305175781,73.30000305175781,2021,0.0,0.0
2025-06-24 02:40:00+00:00,73.19999694824219,73.30000305175781,73.19999694824219,73.30000305175781,2549,0.0,0.0
2025-06-24 02:45:00+00:00,73.19999694824219,73.19999694824219,73.19999694824219,73.19999694824219,7000,0.0,0.0
2025-06-24 02:50:00+00:00,73.19999694824219,73.19999694824219,73.19999694824219,73.19999694824219,4353,0.0,0.0
2025-06-24 02:55:00+00:00,73.19999694824219,73.19999694824219,73.0999984741211,73.0999984741211,7000,0.0,0.0
2025-06-24 03:00:00+00:00,73.0999984741211,73.19999694824219,73.0999984741211,73.19999694824219,12020,0.0,0.0
2025-06-24 03:05:00+00:00,73.30000305175781,73.30000305175781,73.30000305175781,73.30000305175781,2000,0.0,0.0
2025-06-24 03:15:00+00:00,73.30000305175781,73.30000305175781,73.30000305175781,73.30000305175781,2000,0.0,0.0
2025-06-24 03:20:00+00:00,73.30000305175781,73.30000305175781,73.19999694824219,73.30000305175781,5000,0.0,0.0
2025-06-24 03:25:00+00:00,73.19999694824219,73.19999694824219,73.0999984741211,73.0999984741211,8000,0.0,0.0
2025-06-24 03:30:00+00:00,73.30000305175781,73.30000305175781,73.30000305175781,73.30000305175781,14002,0.0,0.0
2025-06-24 03:35:00+00:00,73.30000305175781,73.30000305175781,73.30000305175781,73.30000305175781,17010,0.0,0.0
2025-06-24 03:40:00+00:00,73.30000305175781,73.30000305175781,73.30000305175781,73.30000305175781,3050,0.0,0.0
2025-06-24 03:45:00+00:00,73.4000015258789,73.4000015258789,73.30000305175781,73.30000305175781,3000,0.0,0.0
2025-06-24 03:50:00+00:00,73.30000305175781,73.4000015258789,73.30000305175781,73.30000305175781,11030,0.0,0.0
2025-06-24 03:55:00+00:00,73.30000305175781,73.30000305175781,73.30000305175781,73.30000305175781,2000,0.0,0.0
2025-06-24 04:00:00+00:00,73.30000305175781,73.30000305175781,73.30000305175781,73.30000305175781,2000,0.0,0.0
2025-06-24 04:05:00+00:00,73.19999694824219,73.19999694824219,73.19999694824219,73.19999694824219,8000,0.0,0.0
2025-06-24 04:10:00+00:00,73.0999984741211,73.19999694824219,72.9000015258789,73.19999694824219,11137,0.0,0.0
2025-06-24 04:15:00+00:00,73.0,73.0,73.0,73.0,3028,0.0,0.0
2025-06-24 04:20:00+00:00,73.0,73.0,73.0,73.0,9150,0.0,0.0
2025-06-24 04:25:00+00:00,73.0,73.0,73.0,73.0,7150,0.0,0.0
2025-06-24 04:30:00+00:00,73.0,73.0999984741211,72.9000015258789,73.0999984741211,7014,0.0,0.0
2025-06-24 04:35:00+00:00,73.0999984741211,73.0999984741211,73.0999984741211,73.0999984741211,9000,0.0,0.0
2025-06-24 04:40:00+00:00,73.0999984741211,73.19999694824219,73.0999984741211,73.19999694824219,7000,0.0,0.0
2025-06-24 04:45:00+00:00,73.19999694824219,73.19999694824219,73.19999694824219,73.19999694824219,1000,0.0,0.0
2025-06-24 04:50:00+00:00,73.19999694824219,73.30000305175781,73.19999694824219,73.19999694824219,6000,0.0,0.0
2025-06-24 04:55:00+00:00,73.19999694824219,73.30000305175781,73.19999694824219,73.19999694824219,10079,0.0,0.0
2025-06-24 05:00:00+00:00,73.19999694824219,73.19999694824219,73.19999694824219,73.19999694824219,6060,0.0,0.0
2025-06-24 05:05:00+00:00,73.19999694824219,73.30000305175781,73.19999694824219,73.30000305175781,2000,0.0,0.0
2025-06-24 05:10:00+00:00,73.19999694824219,73.19999694824219,73.0999984741211,73.0999984741211,4000,0.0,0.0
2025-06-24 05:15:00+00:00,73.19999694824219,73.30000305175781,73.19999694824219,73.19999694824219,16000,0.0,0.0
2025-06-24 05:20:00+00:00,73.19999694824219,73.30000305175781,73.0,73.30000305175781,23145,0.0,0.0
2025-06-25 01:00:00+00:00,73.4000015258789,73.80000305175781,73.4000015258789,73.5999984741211,42000,0.0,0.0
2025-06-25 01:05:00+00:00,73.5999984741211,74.0999984741211,73.5,74.0999984741211,63000,0.0,0.0
2025-06-25 01:10:00+00:00,74.0,74.0,73.9000015258789,73.9000015258789,23676,0.0,0.0
2025-06-25 01:15:00+00:00,73.9000015258789,73.9000015258789,73.5,73.5,14373,0.0,0.0
2025-06-25 01:20:00+00:00,73.5,73.5999984741211,73.5,73.5999984741211,6232,0.0,0.0
2025-06-25 01:25:00+00:00,73.5999984741211,73.5999984741211,73.5999984741211,73.5999984741211,13429,0.0,0.0
2025-06-25 01:30:00+00:00,73.5,73.5999984741211,73.5,73.5,18004,0.0,0.0
2025-06-25 01:35:00+00:00,73.5,73.5,73.5,73.5,4008,0.0,0.0
2025-06-25 01:40:00+00:00,73.5999984741211,73.69999694824219,73.5999984741211,73.69999694824219,3050,0.0,0.0
2025-06-25 01:45:00+00:00,73.5,73.5,73.5,73.5,4175,0.0,0.0
2025-06-25 01:50:00+00:00,73.5,73.5,73.4000015258789,73.4000015258789,14010,0.0,0.0
2025-06-25 01:55:00+00:00,73.4000015258789,73.4000015258789,73.30000305175781,73.30000305175781,4106,0.0,0.0
2025-06-25 02:00:00+00:00,73.19999694824219,73.19999694824219,73.19999694824219,73.19999694824219,8100,0.0,0.0
2025-06-25 02:05:00+00:00,73.19999694824219,73.19999694824219,73.0,73.19999694824219,23056,0.0,0.0
2025-06-25 02:10:00+00:00,73.0999984741211,73.0999984741211,73.0999984741211,73.0999984741211,1000,0.0,0.0
2025-06-25 02:15:00+00:00,73.19999694824219,73.19999694824219,73.0999984741211,73.0999984741211,11486,0.0,0.0
2025-06-25 02:20:00+00:00,73.0,73.0,73.0,73.0,11000,0.0,0.0
2025-06-25 02:25:00+00:00,72.9000015258789,72.9000015258789,72.80000305175781,72.80000305175781,6110,0.0,0.0
2025-06-25 02:30:00+00:00,72.80000305175781,72.80000305175781,72.80000305175781,72.80000305175781,9000,0.0,0.0
2025-06-25 02:35:00+00:00,72.80000305175781,72.9000015258789,72.69999694824219,72.9000015258789,38151,0.0,0.0
2025-06-25 02:40:00+00:00,73.0999984741211,73.0999984741211,73.0999984741211,73.0999984741211,1010,0.0,0.0
2025-06-25 02:45:00+00:00,73.0999984741211,73.0999984741211,73.0999984741211,73.0999984741211,2000,0.0,0.0
2025-06-25 02:50:00+00:00,73.0,73.0,73.0,73.0,8000,0.0,0.0
2025-06-25 02:55:00+00:00,73.0,73.0,73.0,73.0,5014,0.0,0.0
2025-06-25 03:00:00+00:00,73.0,73.0,73.0,73.0,1000,0.0,0.0
2025-06-25 03:05:00+00:00,73.0,73.0,73.0,73.0,1100,0.0,0.0
2025-06-25 03:15:00+00:00,73.0,73.0,73.0,73.0,1200,0.0,0.0
2025-06-25 03:30:00+00:00,72.9000015258789,72.9000015258789,72.69999694824219,72.69999694824219,23389,0.0,0.0
2025-06-25 03:40:00+00:00,72.80000305175781,72.80000305175781,72.80000305175781,72.80000305175781,1000,0.0,0.0
2025-06-25 03:45:00+00:00,73.0,73.0,73.0,73.0,4110,0.0,0.0
2025-06-25 03:50:00+00:00,73.0,73.0,73.0,73.0,4061,0.0,0.0
2025-06-25 03:55:00+00:00,72.9000015258789,72.9000015258789,72.9000015258789,72.9000015258789,1001,0.0,0.0
2025-06-25 04:00:00+00:00,73.0,73.0,72.80000305175781,72.80000305175781,22000,0.0,0.0
2025-06-25 04:05:00+00:00,73.0999984741211,73.0999984741211,72.9000015258789,72.9000015258789,11200,0.0,0.0
2025-06-25 04:15:00+00:00,72.9000015258789,72.9000015258789,72.80000305175781,72.80000305175781,8000,0.0,0.0
2025-06-25 04:20:00+00:00,72.9000015258789,72.9000015258789,72.80000305175781,72.80000305175781,3000,0.0,0.0
2025-06-25 04:25:00+00:00,72.80000305175781,72.80000305175781,72.80000305175781,72.80000305175781,1075,0.0,0.0
2025-06-25 04:30:00+00:00,72.9000015258789,72.9000015258789,72.9000015258789,72.9000015258789,3000,0.0,0.0
2025-06-25 04:40:00+00:00,72.9000015258789,72.9000015258789,72.9000015258789,72.9000015258789,1000,0.0,0.0
2025-06-25 04:45:00+00:00,73.0,73.0,73.0,73.0,11100,0.0,0.0
2025-06-25 04:50:00+00:00,73.0,73.0,72.9000015258789,72.9000015258789,2402,0.0,0.0
2025-06-25 04:55:00+00:00,72.9000015258789,72.9000015258789,72.9000015258789,72.9000015258789,22094,0.0,0.0
2025-06-25 05:00:00+00:00,73.0,73.19999694824219,73.0,73.19999694824219,8000,0.0,0.0
2025-06-25 05:05:00+00:00,73.30000305175781,73.5,73.19999694824219,73.5,43058,0.0,0.0
2025-06-25 05:10:00+00:00,73.5,73.69999694824219,73.5,73.5,32300,0.0,0.0
2025-06-25 05:15:00+00:00,73.4000015258789,73.4000015258789,73.19999694824219,73.19999694824219,4011,0.0,0.0
2025-06-25 05:20:00+00:00,73.0999984741211,73.19999694824219,73.0,73.19999694824219,18100,0.0,0.0
2025-06-26 01:00:00+00:00,73.5,74.0,73.5,73.80000305175781,67000,0.0,0.0
2025-06-26 01:05:00+00:00,73.80000305175781,74.0,73.80000305175781,73.80000305175781,42100,0.0,0.0
2025-06-26 01:10:00+00:00,73.80000305175781,73.80000305175781,73.5,73.5,25200,0.0,0.0
2025-06-26 01:15:00+00:00,73.5,73.9000015258789,73.5,73.9000015258789,7000,0.0,0.0
2025-06-26 01:20:00+00:00,73.69999694824219,73.9000015258789,73.5,73.9000015258789,49277,0.0,0.0
2025-06-26 01:25:00+00:00,73.9000015258789,74.30000305175781,73.9000015258789,74.0999984741211,55160,0.0,0.0
2025-06-26 01:30:00+00:00,74.30000305175781,74.30000305175781,74.0,74.0,33400,0.0,0.0
2025-06-26 01:35:00+00:00,74.0,74.0,73.69999694824219,73.69999694824219,17050,0.0,0.0
2025-06-26 01:40:00+00:00,73.69999694824219,73.69999694824219,73.69999694824219,73.69999694824219,1000,0.0,0.0
2025-06-26 01:45:00+00:00,73.80000305175781,73.9000015258789,73.80000305175781,73.80000305175781,7000,0.0,0.0
2025-06-26 01:50:00+00:00,73.80000305175781,73.9000015258789,73.5,73.5,18200,0.0,0.0
2025-06-26 01:55:00+00:00,73.5,73.5999984741211,73.4000015258789,73.5,17032,0.0,0.0
2025-06-26 02:00:00+00:00,73.5999984741211,73.69999694824219,73.5999984741211,73.69999694824219,3010,0.0,0.0
2025-06-26 02:05:00+00:00,73.69999694824219,73.69999694824219,73.5,73.5999984741211,20156,0.0,0.0
2025-06-26 02:10:00+00:00,73.80000305175781,74.0,73.80000305175781,74.0,12064,0.0,0.0
2025-06-26 02:15:00+00:00,74.0,74.0,73.9000015258789,73.9000015258789,8681,0.0,0.0
2025-06-26 02:20:00+00:00,73.80000305175781,73.80000305175781,73.69999694824219,73.69999694824219,10040,0.0,0.0
2025-06-26 02:25:00+00:00,73.69999694824219,73.69999694824219,73.5,73.5,11205,0.0,0.0
2025-06-26 02:30:00+00:00,73.4000015258789,73.4000015258789,73.4000015258789,73.4000015258789,2000,0.0,0.0
2025-06-26 02:35:00+00:00,73.4000015258789,73.4000015258789,73.4000015258789,73.4000015258789,9900,0.0,0.0
2025-06-26 02:40:00+00:00,73.30000305175781,73.5,73.30000305175781,73.5,2415,0.0,0.0
2025-06-26 02:45:00+00:00,73.4000015258789,73.5,73.4000015258789,73.5,4100,0.0,0.0
2025-06-26 02:50:00+00:00,73.5,73.5,73.5,73.5,1047,0.0,0.0
2025-06-26 02:55:00+00:00,73.30000305175781,73.30000305175781,73.19999694824219,73.19999694824219,12000,0.0,0.0
2025-06-26 03:05:00+00:00,73.19999694824219,73.19999694824219,73.19999694824219,73.19999694824219,3000,0.0,0.0
2025-06-26 03:10:00+00:00,73.19999694824219,73.4000015258789,73.19999694824219,73.4000015258789,14100,0.0,0.0
2025-06-26 03:15:00+00:00,73.30000305175781,73.30000305175781,73.30000305175781,73.30000305175781,1099,0.0,0.0
2025-06-26 03:20:00+00:00,73.30000305175781,73.30000305175781,73.19999694824219,73.19999694824219,4101,0.0,0.0
2025-06-26 03:30:00+00:00,73.30000305175781,73.30000305175781,73.19999694824219,73.19999694824219,11106,0.0,0.0
2025-06-26 03:40:00+00:00,73.19999694824219,73.19999694824219,73.19999694824219,73.19999694824219,1020,0.0,0.0
2025-06-26 03:45:00+00:00,73.19999694824219,73.19999694824219,73.19999694824219,73.19999694824219,5023,0.0,0.0
2025-06-26 03:55:00+00:00,73.19999694824219,73.19999694824219,73.19999694824219,73.19999694824219,9037,0.0,0.0
2025-06-26 04:00:00+00:00,73.19999694824219,73.19999694824219,73.19999694824219,73.19999694824219,3032,0.0,0.0
2025-06-26 04:05:00+00:00,73.19999694824219,73.19999694824219,73.19999694824219,73.19999694824219,5185,0.0,0.0
2025-06-26 04:10:00+00:00,73.19999694824219,73.19999694824219,73.19999694824219,73.19999694824219,1000,0.0,0.0
2025-06-26 04:15:00+00:00,73.0999984741211,73.19999694824219,73.0999984741211,73.19999694824219,7004,0.0,0.0
2025-06-26 04:25:00+00:00,73.19999694824219,73.19999694824219,73.19999694824219,73.19999694824219,5000,0.0,0.0
2025-06-26 04:30:00+00:00,73.19999694824219,73.30000305175781,73.19999694824219,73.30000305175781,12250,0.0,0.0
2025-06-26 04:35:00+00:00,73.19999694824219,73.19999694824219,73.19999694824219,73.19999694824219,1000,0.0,0.0
2025-06-26 04:40:00+00:00,73.30000305175781,73.30000305175781,73.19999694824219,73.19999694824219,3101,0.0,0.0
2025-06-26 04:45:00+00:00,73.19999694824219,73.19999694824219,73.19999694824219,73.19999694824219,4000,0.0,0.0
2025-06-26 04:50:00+00:00,73.19999694824219,73.19999694824219,73.0,73.19999694824219,22115,0.0,0.0
2025-06-26 04:55:00+00:00,73.0999984741211,73.19999694824219,73.0999984741211,73.19999694824219,3400,0.0,0.0
2025-06-26 05:00:00+00:00,73.19999694824219,73.30000305175781,73.0999984741211,73.30000305175781,11000,0.0,0.0
2025-06-26 05:05:00+00:00,73.30000305175781,73.30000305175781,73.0999984741211,73.19999694824219,11100,0.0,0.0
2025-06-26 05:10:00+00:00,73.0999984741211,73.0999984741211,73.0999984741211,73.0999984741211,10008,0.0,0.0
2025-06-26 05:15:00+00:00,73.0,73.19999694824219,73.0,73.19999694824219,14876,0.0,0.0
2025-06-26 05:20:00+00:00,73.0999984741211,73.19999694824219,73.0,73.0,9637,0.0,0.0
2025-06-27 01:00:00+00:00,73.5,73.5,73.5,73.5,39000,0.0,0.0
2025-06-27 01:05:00+00:00,73.30000305175781,73.30000305175781,73.19999694824219,73.19999694824219,7004,0.0,0.0
2025-06-27 01:10:00+00:00,73.19999694824219,73.19999694824219,73.19999694824219,73.19999694824219,1151,0.0,0.0
2025-06-27 01:15:00+00:00,73.0999984741211,73.0999984741211,73.0999984741211,73.0999984741211,5000,0.0,0.0
2025-06-27 01:20:00+00:00,73.0,73.0,73.0,73.0,1000,0.0,0.0
2025-06-27 01:25:00+00:00,73.0,73.0,73.0,73.0,8758,0.0,0.0
2025-06-27 01:30:00+00:00,73.0,73.0,72.5999984741211,72.5999984741211,27000,0.0,0.0
2025-06-27 01:40:00+00:00,72.80000305175781,72.80000305175781,72.80000305175781,72.80000305175781,3055,0.0,0.0
2025-06-27 01:45:00+00:00,72.80000305175781,72.9000015258789,72.80000305175781,72.9000015258789,6000,0.0,0.0
2025-06-27 01:50:00+00:00,72.9000015258789,72.9000015258789,72.9000015258789,72.9000015258789,12014,0.0,0.0
2025-06-27 01:55:00+00:00,72.9000015258789,72.9000015258789,72.9000015258789,72.9000015258789,1060,0.0,0.0
2025-06-27 02:00:00+00:00,72.9000015258789,73.0,72.9000015258789,72.9000015258789,3250,0.0,0.0
2025-06-27 02:05:00+00:00,72.9000015258789,73.0,72.80000305175781,73.0,16000,0.0,0.0
2025-06-27 02:10:00+00:00,72.9000015258789,72.9000015258789,72.9000015258789,72.9000015258789,10100,0.0,0.0
2025-06-27 02:15:00+00:00,72.9000015258789,72.9000015258789,72.9000015258789,72.9000015258789,5000,0.0,0.0
2025-06-27 02:20:00+00:00,73.0,73.0,72.9000015258789,72.9000015258789,9058,0.0,0.0
2025-06-27 02:25:00+00:00,72.9000015258789,72.9000015258789,72.80000305175781,72.80000305175781,21035,0.0,0.0
2025-06-27 02:30:00+00:00,72.80000305175781,72.80000305175781,72.80000305175781,72.80000305175781,3001,0.0,0.0
2025-06-27 02:35:00+00:00,72.80000305175781,72.80000305175781,72.69999694824219,72.69999694824219,12215,0.0,0.0
2025-06-27 02:40:00+00:00,72.80000305175781,72.80000305175781,72.80000305175781,72.80000305175781,1000,0.0,0.0
2025-06-27 02:45:00+00:00,72.80000305175781,72.80000305175781,72.80000305175781,72.80000305175781,2000,0.0,0.0
2025-06-27 02:50:00+00:00,72.80000305175781,72.80000305175781,72.69999694824219,72.80000305175781,7889,0.0,0.0
2025-06-27 03:00:00+00:00,72.80000305175781,72.80000305175781,72.80000305175781,72.80000305175781,3901,0.0,0.0
2025-06-27 03:05:00+00:00,72.80000305175781,72.80000305175781,72.80000305175781,72.80000305175781,3000,0.0,0.0
2025-06-27 03:10:00+00:00,72.69999694824219,72.69999694824219,72.69999694824219,72.69999694824219,5000,0.0,0.0
2025-06-27 03:15:00+00:00,72.69999694824219,72.9000015258789,72.69999694824219,72.9000015258789,9000,0.0,0.0
2025-06-27 03:25:00+00:00,72.80000305175781,72.9000015258789,72.80000305175781,72.9000015258789,9000,0.0,0.0
2025-06-27 03:30:00+00:00,72.80000305175781,72.80000305175781,72.69999694824219,72.69999694824219,7100,0.0,0.0
2025-06-27 03:35:00+00:00,72.69999694824219,72.69999694824219,72.69999694824219,72.69999694824219,2000,0.0,0.0
2025-06-27 03:45:00+00:00,72.80000305175781,72.80000305175781,72.80000305175781,72.80000305175781,12000,0.0,0.0
2025-06-27 03:50:00+00:00,72.69999694824219,72.80000305175781,72.69999694824219,72.80000305175781,5200,0.0,0.0
2025-06-27 04:00:00+00:00,72.69999694824219,72.80000305175781,72.69999694824219,72.80000305175781,5235,0.0,0.0
2025-06-27 04:05:00+00:00,72.80000305175781,72.80000305175781,72.69999694824219,72.80000305175781,5025,0.0,0.0
2025-06-27 04:10:00+00:00,72.69999694824219,72.80000305175781,72.69999694824219,72.69999694824219,10040,0.0,0.0
2025-06-27 04:15:00+00:00,72.69999694824219,72.69999694824219,72.69999694824219,72.69999694824219,4000,0.0,0.0
2025-06-27 04:20:00+00:00,72.69999694824219,72.80000305175781,72.69999694824219,72.80000305175781,22000,0.0,0.0
2025-06-27 04:25:00+00:00,72.80000305175781,72.80000305175781,72.80000305175781,72.80000305175781,5000,0.0,0.0
2025-06-27 04:30:00+00:00,72.9000015258789,73.0,72.9000015258789,73.0,13000,0.0,0.0
2025-06-27 04:35:00+00:00,72.9000015258789,73.0,72.9000015258789,72.9000015258789,4019,0.0,0.0
2025-06-27 04:50:00+00:00,72.9000015258789,72.9000015258789,72.9000015258789,72.9000015258789,2000,0.0,0.0
2025-06-27 04:55:00+00:00,72.9000015258789,72.9000015258789,72.80000305175781,72.80000305175781,12000,0.0,0.0
2025-06-27 05:00:00+00:00,72.69999694824219,72.80000305175781,72.69999694824219,72.80000305175781,21090,0.0,0.0
2025-06-27 05:05:00+00:00,72.80000305175781,72.80000305175781,72.80000305175781,72.80000305175781,3070,0.0,0.0
2025-06-27 05:10:00+00:00,72.80000305175781,72.80000305175781,72.80000305175781,72.80000305175781,4000,0.0,0.0
2025-06-27 05:15:00+00:00,72.80000305175781,72.80000305175781,72.69999694824219,72.80000305175781,10000,0.0,0.0
2025-06-27 05:20:00+00:00,72.69999694824219,72.69999694824219,72.5,72.5,65019,0.0,0.0
2025-05-02 01:00:00+00:00,73.5,73.5,73.0999984741211,73.30000305175781,0,0.0,0.0
2025-05-02 01:05:00+00:00,73.30000305175781,73.30000305175781,72.9000015258789,73.0999984741211,100000,0.0,0.0
2025-05-02 01:10:00+00:00,73.19999694824219,73.30000305175781,73.0,73.0999984741211,73180,0.0,0.0
2025-05-02 01:15:00+00:00,73.0999984741211,73.19999694824219,72.80000305175781,73.0999984741211,103282,0.0,0.0
2025-05-02 01:20:00+00:00,73.19999694824219,73.19999694824219,73.0,73.0,33465,0.0,0.0
2025-05-02 01:25:00+00:00,73.0,73.0999984741211,72.80000305175781,73.0999984741211,37038,0.0,0.0
2025-05-02 01:30:00+00:00,73.0999984741211,73.0999984741211,72.9000015258789,73.0,61300,0.0,0.0
2025-05-02 01:35:00+00:00,73.0,73.0999984741211,73.0,73.0999984741211,21780,0.0,0.0
2025-05-02 01:40:00+00:00,73.0999984741211,73.5999984741211,73.0,73.19999694824219,124810,0.0,0.0
2025-05-02 01:45:00+00:00,73.30000305175781,73.4000015258789,73.19999694824219,73.30000305175781,27103,0.0,0.0
2025-05-02 01:50:00+00:00,73.4000015258789,73.5,73.30000305175781,73.5,44510,0.0,0.0
2025-05-02 01:55:00+00:00,73.5,73.5999984741211,73.4000015258789,73.4000015258789,14485,0.0,0.0
2025-05-02 02:00:00+00:00,73.4000015258789,73.4000015258789,73.30000305175781,73.4000015258789,18026,0.0,0.0
2025-05-02 02:05:00+00:00,73.4000015258789,73.4000015258789,73.30000305175781,73.4000015258789,26005,0.0,0.0
2025-05-02 02:10:00+00:00,73.4000015258789,73.5,73.4000015258789,73.4000015258789,7100,0.0,0.0
2025-05-02 02:15:00+00:00,73.4000015258789,73.4000015258789,73.30000305175781,73.30000305175781,21032,0.0,0.0
2025-05-02 02:20:00+00:00,73.30000305175781,73.4000015258789,73.30000305175781,73.4000015258789,9107,0.0,0.0
2025-05-02 02:25:00+00:00,73.30000305175781,73.4000015258789,73.30000305175781,73.4000015258789,8000,0.0,0.0
2025-05-02 02:30:00+00:00,73.4000015258789,73.4000015258789,73.30000305175781,73.4000015258789,15150,0.0,0.0
2025-05-02 02:35:00+00:00,73.30000305175781,73.4000015258789,73.30000305175781,73.4000015258789,20051,0.0,0.0
2025-05-02 02:40:00+00:00,73.4000015258789,73.5,73.4000015258789,73.5,15050,0.0,0.0
2025-05-02 02:45:00+00:00,73.5,73.5,73.4000015258789,73.4000015258789,6080,0.0,0.0
2025-05-02 02:50:00+00:00,73.4000015258789,73.4000015258789,73.30000305175781,73.30000305175781,51000,0.0,0.0
2025-05-02 02:55:00+00:00,73.19999694824219,73.4000015258789,73.19999694824219,73.4000015258789,8000,0.0,0.0
2025-05-02 03:00:00+00:00,73.4000015258789,73.4000015258789,73.19999694824219,73.19999694824219,28042,0.0,0.0
2025-05-02 03:05:00+00:00,73.19999694824219,73.30000305175781,73.19999694824219,73.30000305175781,17000,0.0,0.0
2025-05-02 03:10:00+00:00,73.19999694824219,73.19999694824219,73.19999694824219,73.19999694824219,25200,0.0,0.0
2025-05-02 03:15:00+00:00,73.19999694824219,73.19999694824219,73.19999694824219,73.19999694824219,8040,0.0,0.0
2025-05-02 03:20:00+00:00,73.19999694824219,73.19999694824219,73.19999694824219,73.19999694824219,2007,0.0,0.0
2025-05-02 03:25:00+00:00,73.19999694824219,73.30000305175781,73.19999694824219,73.19999694824219,22000,0.0,0.0
2025-05-02 03:30:00+00:00,73.19999694824219,73.19999694824219,73.0999984741211,73.19999694824219,24000,0.0,0.0
2025-05-02 03:35:00+00:00,73.30000305175781,73.4000015258789,73.30000305175781,73.4000015258789,9007,0.0,0.0
2025-05-02 03:40:00+00:00,73.30000305175781,73.4000015258789,73.30000305175781,73.4000015258789,22010,0.0,0.0
2025-05-02 03:45:00+00:00,73.4000015258789,73.5,73.4000015258789,73.5,26047,0.0,0.0
2025-05-02 03:50:00+00:00,73.5,73.5,73.5,73.5,8000,0.0,0.0
2025-05-02 03:55:00+00:00,73.5,73.5999984741211,73.5,73.5999984741211,15116,0.0,0.0
2025-05-02 04:00:00+00:00,73.5999984741211,73.5999984741211,73.5,73.5,18000,0.0,0.0
2025-05-02 04:05:00+00:00,73.5,73.5999984741211,73.4000015258789,73.5999984741211,11074,0.0,0.0
2025-05-02 04:10:00+00:00,73.5,73.5,73.4000015258789,73.4000015258789,9000,0.0,0.0
2025-05-02 04:15:00+00:00,73.5,73.5,73.4000015258789,73.4000015258789,9037,0.0,0.0
2025-05-02 04:20:00+00:00,73.5,73.5999984741211,73.5,73.5999984741211,34000,0.0,0.0
2025-05-02 04:25:00+00:00,73.5999984741211,73.5999984741211,73.5999984741211,73.5999984741211,18000,0.0,0.0
2025-05-02 04:30:00+00:00,73.5999984741211,73.5999984741211,73.5999984741211,73.5999984741211,12000,0.0,0.0
2025-05-02 04:35:00+00:00,73.5999984741211,73.5999984741211,73.5,73.5,10071,0.0,0.0
2025-05-02 04:40:00+00:00,73.5,73.5,73.4000015258789,73.4000015258789,44007,0.0,0.0
2025-05-02 04:45:00+00:00,73.4000015258789,73.5,73.4000015258789,73.5,12120,0.0,0.0
2025-05-02 04:50:00+00:00,73.4000015258789,73.5,73.30000305175781,73.5,18100,0.0,0.0
2025-05-02 04:55:00+00:00,73.4000015258789,73.4000015258789,73.19999694824219,73.4000015258789,93004,0.0,0.0
2025-05-02 05:00:00+00:00,73.30000305175781,73.5,73.30000305175781,73.5,17010,0.0,0.0
2025-05-02 05:05:00+00:00,73.5,73.5999984741211,73.5,73.5999984741211,29010,0.0,0.0
2025-05-02 05:10:00+00:00,73.5999984741211,73.5999984741211,73.5999984741211,73.5999984741211,36116,0.0,0.0
2025-05-02 05:15:00+00:00,73.5999984741211,73.5999984741211,73.5,73.5999984741211,51027,0.0,0.0
2025-05-02 05:20:00+00:00,73.5999984741211,73.80000305175781,73.5999984741211,73.80000305175781,44694,0.0,0.0
2025-05-05 01:00:00+00:00,72.80000305175781,72.80000305175781,70.30000305175781,71.5999984741211,0,0.0,0.0
2025-05-05 01:05:00+00:00,71.69999694824219,71.69999694824219,70.5,70.80000305175781,412000,0.0,0.0
2025-05-05 01:10:00+00:00,70.5,71.19999694824219,70.4000015258789,71.0,119669,0.0,0.0
2025-05-05 01:15:00+00:00,70.80000305175781,71.30000305175781,70.5999984741211,70.9000015258789,106753,0.0,0.0
2025-05-05 01:20:00+00:00,70.9000015258789,71.0,69.0,69.5999984741211,408207,0.0,0.0
2025-05-05 01:25:00+00:00,69.5,69.80000305175781,69.0,69.0,268176,0.0,0.0
2025-05-05 01:30:00+00:00,69.0,69.0,68.69999694824219,68.9000015258789,153963,0.0,0.0
2025-05-05 01:35:00+00:00,68.9000015258789,69.0,68.5999984741211,68.80000305175781,123739,0.0,0.0
2025-05-05 01:40:00+00:00,68.80000305175781,68.80000305175781,68.69999694824219,68.69999694824219,57280,0.0,0.0
2025-05-05 01:45:00+00:00,68.69999694824219,68.69999694824219,68.0999984741211,68.19999694824219,134316,0.0,0.0
2025-05-05 01:50:00+00:00,68.0999984741211,68.30000305175781,67.69999694824219,68.30000305175781,99862,0.0,0.0
2025-05-05 01:55:00+00:00,68.19999694824219,68.19999694824219,67.5999984741211,67.80000305175781,78099,0.0,0.0
2025-05-05 02:00:00+00:00,67.9000015258789,68.0,67.5999984741211,67.5999984741211,66500,0.0,0.0
2025-05-05 02:05:00+00:00,67.5999984741211,67.5999984741211,67.0,67.4000015258789,181084,0.0,0.0
2025-05-05 02:10:00+00:00,67.19999694824219,67.5999984741211,67.0,67.5,69270,0.0,0.0
2025-05-05 02:15:00+00:00,67.5999984741211,67.69999694824219,67.4000015258789,67.4000015258789,38130,0.0,0.0
2025-05-05 02:20:00+00:00,67.4000015258789,67.5,67.0,67.19999694824219,59000,0.0,0.0
2025-05-05 02:25:00+00:00,67.19999694824219,67.4000015258789,67.19999694824219,67.30000305175781,14478,0.0,0.0
2025-05-05 02:30:00+00:00,67.30000305175781,67.30000305175781,66.5,66.5,379217,0.0,0.0
2025-05-05 02:35:00+00:00,66.5,66.5,66.5,66.5,277194,0.0,0.0
2025-05-05 02:40:00+00:00,66.5,66.80000305175781,66.5,66.5,197979,0.0,0.0
2025-05-05 02:45:00+00:00,66.5,66.69999694824219,66.5,66.69999694824219,95829,0.0,0.0
2025-05-05 02:50:00+00:00,66.80000305175781,66.80000305175781,66.5999984741211,66.80000305175781,26000,0.0,0.0
2025-05-05 02:55:00+00:00,66.69999694824219,66.9000015258789,66.5,66.5999984741211,122006,0.0,0.0
2025-05-05 03:00:00+00:00,66.9000015258789,67.4000015258789,66.80000305175781,67.19999694824219,91290,0.0,0.0
2025-05-05 03:05:00+00:00,67.0999984741211,67.5999984741211,67.0999984741211,67.5,65834,0.0,0.0
2025-05-05 03:10:00+00:00,67.5999984741211,67.5999984741211,67.30000305175781,67.4000015258789,54162,0.0,0.0
2025-05-05 03:15:00+00:00,67.4000015258789,67.5999984741211,67.30000305175781,67.30000305175781,30316,0.0,0.0
2025-05-05 03:20:00+00:00,67.19999694824219,68.0,67.19999694824219,67.5999984741211,50000,0.0,0.0
2025-05-05 03:25:00+00:00,67.69999694824219,67.69999694824219,67.5,67.5,27400,0.0,0.0
2025-05-05 03:30:00+00:00,67.5,67.5999984741211,67.4000015258789,67.5999984741211,31200,0.0,0.0
2025-05-05 03:35:00+00:00,67.69999694824219,67.80000305175781,67.5999984741211,67.69999694824219,25297,0.0,0.0
2025-05-05 03:40:00+00:00,67.69999694824219,67.69999694824219,67.4000015258789,67.4000015258789,28500,0.0,0.0
2025-05-05 03:45:00+00:00,67.5999984741211,67.69999694824219,67.19999694824219,67.69999694824219,125000,0.0,0.0
2025-05-05 03:50:00+00:00,67.69999694824219,67.9000015258789,67.5999984741211,67.9000015258789,50336,0.0,0.0
2025-05-05 03:55:00+00:00,67.80000305175781,67.80000305175781,67.80000305175781,67.80000305175781,22249,0.0,0.0
2025-05-05 04:00:00+00:00,67.80000305175781,67.80000305175781,67.69999694824219,67.69999694824219,6819,0.0,0.0
2025-05-05 04:05:00+00:00,67.69999694824219,67.80000305175781,67.69999694824219,67.69999694824219,13055,0.0,0.0
2025-05-05 04:10:00+00:00,67.80000305175781,67.9000015258789,67.5999984741211,67.9000015258789,46307,0.0,0.0
2025-05-05 04:15:00+00:00,67.9000015258789,68.0,67.80000305175781,67.80000305175781,25450,0.0,0.0
2025-05-05 04:20:00+00:00,67.80000305175781,67.80000305175781,67.69999694824219,67.80000305175781,12350,0.0,0.0
2025-05-05 04:25:00+00:00,67.80000305175781,67.80000305175781,67.69999694824219,67.80000305175781,36165,0.0,0.0
2025-05-05 04:30:00+00:00,67.80000305175781,67.9000015258789,67.69999694824219,67.9000015258789,32128,0.0,0.0
2025-05-05 04:35:00+00:00,67.9000015258789,68.19999694824219,67.9000015258789,68.0,53453,0.0,0.0
2025-05-05 04:40:00+00:00,68.0,68.19999694824219,68.0,68.19999694824219,22103,0.0,0.0
2025-05-05 04:45:00+00:00,68.19999694824219,68.19999694824219,68.0,68.0999984741211,20320,0.0,0.0
2025-05-05 04:50:00+00:00,68.0999984741211,68.0999984741211,68.0,68.0,32040,0.0,0.0
2025-05-05 04:55:00+00:00,67.9000015258789,68.0,67.69999694824219,67.69999694824219,40016,0.0,0.0
2025-05-05 05:00:00+00:00,67.69999694824219,67.9000015258789,67.69999694824219,67.9000015258789,17030,0.0,0.0
2025-05-05 05:05:00+00:00,67.9000015258789,67.9000015258789,67.69999694824219,67.9000015258789,37250,0.0,0.0
2025-05-05 05:10:00+00:00,67.9000015258789,67.9000015258789,67.80000305175781,67.9000015258789,20100,0.0,0.0
2025-05-05 05:15:00+00:00,67.80000305175781,67.9000015258789,67.80000305175781,67.80000305175781,28076,0.0,0.0
2025-05-05 05:20:00+00:00,67.80000305175781,67.9000015258789,67.5999984741211,67.69999694824219,66297,0.0,0.0
2025-05-06 01:00:00+00:00,67.80000305175781,68.4000015258789,67.69999694824219,67.9000015258789,0,0.0,0.0
2025-05-06 01:05:00+00:00,67.9000015258789,68.4000015258789,67.9000015258789,68.30000305175781,65000,0.0,0.0
2025-05-06 01:10:00+00:00,68.30000305175781,68.5999984741211,68.0999984741211,68.5999984741211,107689,0.0,0.0
2025-05-06 01:15:00+00:00,68.69999694824219,69.19999694824219,68.69999694824219,69.0,124374,0.0,0.0
2025-05-06 01:20:00+00:00,68.9000015258789,69.0999984741211,68.80000305175781,69.0,84457,0.0,0.0
2025-05-06 01:25:00+00:00,69.0,69.0999984741211,68.9000015258789,69.0,31000,0.0,0.0
2025-05-06 01:30:00+00:00,69.0,69.0999984741211,68.9000015258789,68.9000015258789,41200,0.0,0.0
2025-05-06 01:35:00+00:00,68.9000015258789,69.0,68.9000015258789,69.0,31049,0.0,0.0
2025-05-06 01:40:00+00:00,69.0,69.0999984741211,68.69999694824219,68.69999694824219,54831,0.0,0.0
2025-05-06 01:45:00+00:00,68.69999694824219,68.69999694824219,68.5,68.5,60497,0.0,0.0
2025-05-06 01:50:00+00:00,68.5999984741211,68.69999694824219,68.5999984741211,68.5999984741211,19648,0.0,0.0
2025-05-06 01:55:00+00:00,68.69999694824219,68.69999694824219,68.69999694824219,68.69999694824219,13104,0.0,0.0
2025-05-06 02:00:00+00:00,68.69999694824219,68.69999694824219,68.69999694824219,68.69999694824219,5500,0.0,0.0
2025-05-06 02:05:00+00:00,68.69999694824219,68.80000305175781,68.69999694824219,68.80000305175781,29050,0.0,0.0
2025-05-06 02:10:00+00:00,68.80000305175781,68.80000305175781,68.69999694824219,68.69999694824219,19101,0.0,0.0
2025-05-06 02:15:00+00:00,68.5999984741211,68.69999694824219,68.5999984741211,68.69999694824219,13138,0.0,0.0
2025-05-06 02:20:00+00:00,68.69999694824219,68.69999694824219,68.5999984741211,68.5999984741211,26200,0.0,0.0
2025-05-06 02:25:00+00:00,68.5999984741211,68.5999984741211,68.5,68.5999984741211,16150,0.0,0.0
2025-05-06 02:30:00+00:00,68.69999694824219,68.80000305175781,68.69999694824219,68.69999694824219,16221,0.0,0.0
2025-05-06 02:35:00+00:00,68.69999694824219,68.80000305175781,68.69999694824219,68.80000305175781,15000,0.0,0.0
2025-05-06 02:40:00+00:00,68.69999694824219,68.69999694824219,68.0999984741211,68.69999694824219,104000,0.0,0.0
2025-05-06 02:45:00+00:00,68.5999984741211,68.69999694824219,68.5,68.69999694824219,11000,0.0,0.0
2025-05-06 02:50:00+00:00,68.9000015258789,68.9000015258789,68.80000305175781,68.9000015258789,14219,0.0,0.0
2025-05-06 02:55:00+00:00,68.9000015258789,68.9000015258789,68.80000305175781,68.80000305175781,20065,0.0,0.0
2025-05-06 03:00:00+00:00,68.80000305175781,68.80000305175781,68.80000305175781,68.80000305175781,4406,0.0,0.0
2025-05-06 03:05:00+00:00,68.9000015258789,68.9000015258789,68.9000015258789,68.9000015258789,3000,0.0,0.0
2025-05-06 03:15:00+00:00,68.80000305175781,68.80000305175781,68.69999694824219,68.69999694824219,5337,0.0,0.0
2025-05-06 03:20:00+00:00,68.80000305175781,68.80000305175781,68.80000305175781,68.80000305175781,5517,0.0,0.0
2025-05-06 03:25:00+00:00,68.80000305175781,68.9000015258789,68.80000305175781,68.9000015258789,16000,0.0,0.0
2025-05-06 03:30:00+00:00,68.9000015258789,69.0999984741211,68.9000015258789,69.0999984741211,38000,0.0,0.0
2025-05-06 03:35:00+00:00,69.0999984741211,69.0999984741211,69.0999984741211,69.0999984741211,6500,0.0,0.0
2025-05-06 03:40:00+00:00,69.0999984741211,69.19999694824219,69.0999984741211,69.0999984741211,21000,0.0,0.0
2025-05-06 03:45:00+00:00,69.0999984741211,69.0999984741211,69.0999984741211,69.0999984741211,16000,0.0,0.0
2025-05-06 03:50:00+00:00,69.0,69.0,69.0,69.0,6001,0.0,0.0
2025-05-06 03:55:00+00:00,69.0,69.0,69.0,69.0,6000,0.0,0.0
2025-05-06 04:00:00+00:00,69.0,69.0999984741211,69.0,69.0999984741211,7000,0.0,0.0
2025-05-06 04:05:00+00:00,69.0999984741211,69.0999984741211,69.0,69.0999984741211,7000,0.0,0.0
2025-05-06 04:10:00+00:00,69.19999694824219,69.19999694824219,69.19999694824219,69.19999694824219,2000,0.0,0.0
2025-05-06 04:15:00+00:00,69.19999694824219,69.19999694824219,68.9000015258789,69.0,18311,0.0,0.0
2025-05-06 04:20:00+00:00,69.0,69.0,69.0,69.0,3100,0.0,0.0
2025-05-06 04:25:00+00:00,68.9000015258789,69.0,68.9000015258789,69.0,4000,0.0,0.0
2025-05-06 04:30:00+00:00,69.0,69.0,68.9000015258789,68.9000015258789,17200,0.0,0.0
2025-05-06 04:35:00+00:00,68.80000305175781,68.80000305175781,68.80000305175781,68.80000305175781,2000,0.0,0.0
2025-05-06 04:40:00+00:00,68.80000305175781,68.9000015258789,68.80000305175781,68.9000015258789,4180,0.0,0.0
2025-05-06 04:45:00+00:00,68.80000305175781,68.9000015258789,68.80000305175781,68.9000015258789,3030,0.0,0.0
2025-05-06 04:50:00+00:00,68.9000015258789,68.9000015258789,68.80000305175781,68.80000305175781,9000,0.0,0.0
2025-05-06 04:55:00+00:00,68.80000305175781,68.80000305175781,68.69999694824219,68.80000305175781,7000,0.0,0.0
2025-05-06 05:00:00+00:00,68.80000305175781,68.80000305175781,68.69999694824219,68.69999694824219,5000,0.0,0.0
2025-05-06 05:05:00+00:00,68.69999694824219,68.80000305175781,68.69999694824219,68.69999694824219,9020,0.0,0.0
2025-05-06 05:10:00+00:00,68.69999694824219,68.80000305175781,68.69999694824219,68.80000305175781,18054,0.0,0.0
2025-05-06 05:15:00+00:00,68.9000015258789,68.9000015258789,68.80000305175781,68.9000015258789,28000,0.0,0.0
2025-05-06 05:20:00+00:00,69.0,69.19999694824219,68.9000015258789,69.19999694824219,82377,0.0,0.0
2025-05-07 01:00:00+00:00,69.30000305175781,69.69999694824219,68.9000015258789,69.19999694824219,0,0.0,0.0
2025-05-07 01:05:00+00:00,69.19999694824219,69.5,69.0999984741211,69.4000015258789,70000,0.0,0.0
2025-05-07 01:10:00+00:00,69.5,69.5,69.30000305175781,69.30000305175781,65684,0.0,0.0
2025-05-07 01:15:00+00:00,69.30000305175781,69.4000015258789,69.19999694824219,69.19999694824219,44519,0.0,0.0
2025-05-07 01:20:00+00:00,69.0999984741211,69.0999984741211,68.9000015258789,68.9000015258789,71622,0.0,0.0
2025-05-07 01:25:00+00:00,68.9000015258789,69.0999984741211,68.9000015258789,68.9000015258789,55257,0.0,0.0
2025-05-07 01:30:00+00:00,68.80000305175781,68.80000305175781,68.5,68.5,78873,0.0,0.0
2025-05-07 01:35:00+00:00,68.5,68.5,68.30000305175781,68.4000015258789,53160,0.0,0.0
2025-05-07 01:40:00+00:00,68.4000015258789,68.69999694824219,68.4000015258789,68.69999694824219,31100,0.0,0.0
2025-05-07 01:45:00+00:00,68.80000305175781,69.0,68.69999694824219,69.0,19148,0.0,0.0
2025-05-07 01:50:00+00:00,69.0,69.0,68.9000015258789,69.0,12177,0.0,0.0
2025-05-07 01:55:00+00:00,69.0,69.0,69.0,69.0,14100,0.0,0.0
2025-05-07 02:00:00+00:00,69.0999984741211,69.0999984741211,68.9000015258789,68.9000015258789,30000,0.0,0.0
2025-05-07 02:05:00+00:00,68.9000015258789,69.19999694824219,68.9000015258789,69.0,22000,0.0,0.0
2025-05-07 02:10:00+00:00,69.0999984741211,69.0999984741211,69.0999984741211,69.0999984741211,13000,0.0,0.0
2025-05-07 02:15:00+00:00,69.0999984741211,69.19999694824219,69.0999984741211,69.19999694824219,5000,0.0,0.0
2025-05-07 02:20:00+00:00,69.19999694824219,69.19999694824219,69.0,69.0,9099,0.0,0.0
2025-05-07 02:25:00+00:00,69.0,69.0999984741211,68.9000015258789,69.0999984741211,13430,0.0,0.0
2025-05-07 02:30:00+00:00,69.0999984741211,69.5,69.0999984741211,69.5,54000,0.0,0.0
2025-05-07 02:35:00+00:00,69.4000015258789,69.5999984741211,69.4000015258789,69.5,39000,0.0,0.0
2025-05-07 02:40:00+00:00,69.5,69.5,69.19999694824219,69.19999694824219,14580,0.0,0.0
2025-05-07 02:45:00+00:00,69.19999694824219,69.19999694824219,69.0999984741211,69.0999984741211,7010,0.0,0.0
2025-05-07 02:50:00+00:00,69.0999984741211,69.0999984741211,69.0,69.0999984741211,9750,0.0,0.0
2025-05-07 03:00:00+00:00,69.0999984741211,69.19999694824219,69.0999984741211,69.19999694824219,4500,0.0,0.0
2025-05-07 03:05:00+00:00,69.19999694824219,69.19999694824219,69.19999694824219,69.19999694824219,4000,0.0,0.0
2025-05-07 03:10:00+00:00,69.19999694824219,69.19999694824219,69.19999694824219,69.19999694824219,2000,0.0,0.0
2025-05-07 03:15:00+00:00,69.0999984741211,69.0999984741211,69.0999984741211,69.0999984741211,4043,0.0,0.0
2025-05-07 03:20:00+00:00,69.0999984741211,69.19999694824219,69.0999984741211,69.0999984741211,11045,0.0,0.0
2025-05-07 03:25:00+00:00,69.19999694824219,69.19999694824219,69.19999694824219,69.19999694824219,7088,0.0,0.0
2025-05-07 03:30:00+00:00,69.19999694824219,69.19999694824219,69.19999694824219,69.19999694824219,3000,0.0,0.0
2025-05-07 03:40:00+00:00,69.0999984741211,69.0999984741211,69.0999984741211,69.0999984741211,1200,0.0,0.0
2025-05-07 03:45:00+00:00,69.0999984741211,69.0999984741211,69.0,69.0,12000,0.0,0.0
2025-05-07 03:50:00+00:00,69.0999984741211,69.0999984741211,69.0999984741211,69.0999984741211,1005,0.0,0.0
2025-05-07 03:55:00+00:00,69.0,69.0,69.0,69.0,13100,0.0,0.0
2025-05-07 04:00:00+00:00,68.9000015258789,69.0,68.80000305175781,69.0,28597,0.0,0.0
2025-05-07 04:05:00+00:00,69.0,69.0,69.0,69.0,5000,0.0,0.0
2025-05-07 04:10:00+00:00,68.9000015258789,69.0,68.80000305175781,68.80000305175781,10100,0.0,0.0
2025-05-07 04:15:00+00:00,68.80000305175781,69.0,68.80000305175781,69.0,10150,0.0,0.0
2025-05-07 04:20:00+00:00,69.0,69.0999984741211,69.0,69.0999984741211,2023,0.0,0.0
2025-05-07 04:25:00+00:00,69.0999984741211,69.0999984741211,69.0,69.0,5000,0.0,0.0
2025-05-07 04:30:00+00:00,69.0,69.0999984741211,69.0,69.0,3009,0.0,0.0
2025-05-07 04:35:00+00:00,69.0,69.0,69.0,69.0,5000,0.0,0.0
2025-05-07 04:40:00+00:00,69.0,69.0,68.9000015258789,69.0,14223,0.0,0.0
2025-05-07 04:45:00+00:00,68.9000015258789,69.0,68.80000305175781,69.0,15003,0.0,0.0
2025-05-07 04:50:00+00:00,69.0,69.0999984741211,69.0,69.0999984741211,7097,0.0,0.0
2025-05-07 04:55:00+00:00,69.0999984741211,69.19999694824219,69.0999984741211,69.19999694824219,9100,0.0,0.0
2025-05-07 05:00:00+00:00,69.0999984741211,69.0999984741211,68.9000015258789,69.0,37126,0.0,0.0
2025-05-07 05:05:00+00:00,68.9000015258789,68.9000015258789,68.9000015258789,68.9000015258789,1000,0.0,0.0
2025-05-07 05:10:00+00:00,69.0,69.0999984741211,68.9000015258789,69.0999984741211,32470,0.0,0.0
2025-05-07 05:15:00+00:00,69.0,69.0,69.0,69.0,14000,0.0,0.0
2025-05-07 05:20:00+00:00,69.0,69.0999984741211,69.0,69.0,16976,0.0,0.0
2025-05-08 01:00:00+00:00,70.9000015258789,71.5999984741211,70.9000015258789,71.0999984741211,0,0.0,0.0
2025-05-08 01:05:00+00:00,71.0,71.5999984741211,71.0,71.5,169369,0.0,0.0
2025-05-08 01:10:00+00:00,71.5,72.0999984741211,71.5,71.5,180129,0.0,0.0
2025-05-08 01:15:00+00:00,71.5,71.5,71.30000305175781,71.4000015258789,71705,0.0,0.0
2025-05-08 01:20:00+00:00,71.4000015258789,71.69999694824219,71.30000305175781,71.5999984741211,73758,0.0,0.0
2025-05-08 02:30:00+00:00,70.69999694824219,70.69999694824219,70.69999694824219,70.69999694824219,483943,0.0,0.0
2025-05-08 02:35:00+00:00,70.69999694824219,70.69999694824219,70.5999984741211,70.5999984741211,6000,0.0,0.0
2025-05-08 02:40:00+00:00,70.5999984741211,70.69999694824219,70.5999984741211,70.69999694824219,3120,0.0,0.0
2025-05-08 02:45:00+00:00,70.80000305175781,70.80000305175781,70.69999694824219,70.69999694824219,9000,0.0,0.0
2025-05-08 02:50:00+00:00,70.69999694824219,70.69999694824219,70.5999984741211,70.5999984741211,18507,0.0,0.0
2025-05-08 02:55:00+00:00,70.5,70.5,70.5,70.5,2000,0.0,0.0
2025-05-08 03:00:00+00:00,70.5999984741211,70.5999984741211,70.5999984741211,70.5999984741211,9000,0.0,0.0
2025-05-08 03:05:00+00:00,70.5999984741211,70.69999694824219,70.5999984741211,70.69999694824219,8000,0.0,0.0
2025-05-08 03:10:00+00:00,70.5999984741211,70.80000305175781,70.5999984741211,70.69999694824219,12000,0.0,0.0
2025-05-08 03:15:00+00:00,70.69999694824219,70.80000305175781,70.69999694824219,70.80000305175781,8000,0.0,0.0
2025-05-08 03:20:00+00:00,70.80000305175781,70.80000305175781,70.69999694824219,70.69999694824219,8196,0.0,0.0
2025-05-08 03:25:00+00:00,70.69999694824219,70.69999694824219,70.69999694824219,70.69999694824219,3000,0.0,0.0
2025-05-08 03:30:00+00:00,70.69999694824219,70.69999694824219,70.5999984741211,70.69999694824219,0,0.0,0.0
2025-05-08 03:35:00+00:00,70.5999984741211,70.69999694824219,70.5,70.5,602992,0.0,0.0
2025-05-08 03:40:00+00:00,70.5,70.5999984741211,70.5,70.5,27304,0.0,0.0
2025-05-08 03:45:00+00:00,70.69999694824219,70.69999694824219,70.5,70.5999984741211,7100,0.0,0.0
2025-05-08 03:50:00+00:00,70.5,70.5999984741211,70.5,70.5999984741211,7006,0.0,0.0
2025-05-08 03:55:00+00:00,70.5,70.5,70.4000015258789,70.5,23815,0.0,0.0
2025-05-08 04:00:00+00:00,70.5,70.5999984741211,70.5,70.5999984741211,6000,0.0,0.0
2025-05-08 04:05:00+00:00,70.5999984741211,70.5999984741211,70.5999984741211,70.5999984741211,9000,0.0,0.0
2025-05-08 04:10:00+00:00,70.5999984741211,70.69999694824219,70.5999984741211,70.69999694824219,10033,0.0,0.0
2025-05-08 04:15:00+00:00,70.5999984741211,70.69999694824219,70.5999984741211,70.5999984741211,8050,0.0,0.0
2025-05-08 04:20:00+00:00,70.69999694824219,70.80000305175781,70.5999984741211,70.80000305175781,27017,0.0,0.0
2025-05-08 04:25:00+00:00,70.80000305175781,70.80000305175781,70.80000305175781,70.80000305175781,14000,0.0,0.0
2025-05-08 04:30:00+00:00,70.80000305175781,70.9000015258789,70.69999694824219,70.69999694824219,17007,0.0,0.0
2025-05-08 04:35:00+00:00,70.69999694824219,70.69999694824219,70.69999694824219,70.69999694824219,13000,0.0,0.0
2025-05-08 04:40:00+00:00,70.69999694824219,70.69999694824219,70.69999694824219,70.69999694824219,10236,0.0,0.0
2025-05-08 04:45:00+00:00,70.80000305175781,70.80000305175781,70.80000305175781,70.80000305175781,7115,0.0,0.0
2025-05-08 04:50:00+00:00,70.69999694824219,70.80000305175781,70.69999694824219,70.69999694824219,23104,0.0,0.0
2025-05-08 04:55:00+00:00,70.69999694824219,70.69999694824219,70.69999694824219,70.69999694824219,4150,0.0,0.0
2025-05-08 05:00:00+00:00,70.69999694824219,70.69999694824219,70.5999984741211,70.5999984741211,21000,0.0,0.0
2025-05-08 05:05:00+00:00,70.5999984741211,70.69999694824219,70.5999984741211,70.69999694824219,23150,0.0,0.0
2025-05-08 05:10:00+00:00,70.69999694824219,70.69999694824219,70.5999984741211,70.5999984741211,4100,0.0,0.0
2025-05-08 05:15:00+00:00,70.5999984741211,70.69999694824219,70.5999984741211,70.5999984741211,24087,0.0,0.0
2025-05-08 05:20:00+00:00,70.5999984741211,70.80000305175781,70.5999984741211,70.80000305175781,60137,0.0,0.0
2025-05-09 01:00:00+00:00,71.5,71.5999984741211,70.9000015258789,70.9000015258789,0,0.0,0.0
2025-05-09 01:05:00+00:00,71.19999694824219,71.5999984741211,71.19999694824219,71.4000015258789,62028,0.0,0.0
2025-05-09 01:10:00+00:00,71.4000015258789,71.5,71.30000305175781,71.4000015258789,56996,0.0,0.0
2025-05-09 01:15:00+00:00,71.30000305175781,71.30000305175781,71.0999984741211,71.0999984741211,25000,0.0,0.0
2025-05-09 01:20:00+00:00,71.0999984741211,71.0999984741211,71.0,71.0999984741211,39348,0.0,0.0
2025-05-09 01:25:00+00:00,71.0,71.0,70.80000305175781,70.9000015258789,34069,0.0,0.0
2025-05-09 01:30:00+00:00,71.0,71.0,70.80000305175781,71.0,24000,0.0,0.0
2025-05-09 01:35:00+00:00,70.9000015258789,71.0,70.80000305175781,71.0,13460,0.0,0.0
2025-05-09 01:40:00+00:00,70.9000015258789,71.0,70.9000015258789,70.9000015258789,9010,0.0,0.0
2025-05-09 01:45:00+00:00,70.80000305175781,70.9000015258789,70.80000305175781,70.9000015258789,9160,0.0,0.0
2025-05-09 01:50:00+00:00,70.80000305175781,70.9000015258789,70.80000305175781,70.80000305175781,13000,0.0,0.0
2025-05-09 01:55:00+00:00,70.69999694824219,70.69999694824219,70.5999984741211,70.5999984741211,24429,0.0,0.0
2025-05-09 02:00:00+00:00,70.69999694824219,70.69999694824219,70.5999984741211,70.5999984741211,22472,0.0,0.0
2025-05-09 02:05:00+00:00,70.5,70.5999984741211,70.5,70.5999984741211,13001,0.0,0.0
2025-05-09 02:10:00+00:00,70.69999694824219,70.69999694824219,70.69999694824219,70.69999694824219,4000,0.0,0.0
2025-05-09 02:15:00+00:00,70.69999694824219,70.69999694824219,70.5999984741211,70.5999984741211,3000,0.0,0.0
2025-05-09 02:20:00+00:00,70.69999694824219,70.80000305175781,70.69999694824219,70.80000305175781,8010,0.0,0.0
2025-05-09 02:25:00+00:00,70.80000305175781,70.80000305175781,70.80000305175781,70.80000305175781,8150,0.0,0.0
2025-05-09 02:30:00+00:00,70.9000015258789,71.0,70.9000015258789,70.9000015258789,25105,0.0,0.0
2025-05-09 02:35:00+00:00,70.9000015258789,71.0999984741211,70.9000015258789,71.0,42270,0.0,0.0
2025-05-09 02:40:00+00:00,71.0999984741211,71.0999984741211,71.0999984741211,71.0999984741211,20000,0.0,0.0
2025-05-09 02:45:00+00:00,71.0999984741211,71.19999694824219,71.0999984741211,71.19999694824219,31000,0.0,0.0
2025-05-09 02:50:00+00:00,71.19999694824219,71.19999694824219,71.19999694824219,71.19999694824219,26000,0.0,0.0
2025-05-09 02:55:00+00:00,71.19999694824219,71.19999694824219,71.19999694824219,71.19999694824219,6000,0.0,0.0
2025-05-09 03:00:00+00:00,71.0999984741211,71.19999694824219,71.0999984741211,71.19999694824219,10000,0.0,0.0
2025-05-09 03:05:00+00:00,71.19999694824219,71.19999694824219,71.19999694824219,71.19999694824219,9000,0.0,0.0
2025-05-09 03:10:00+00:00,71.19999694824219,71.30000305175781,71.19999694824219,71.30000305175781,44829,0.0,0.0
2025-05-09 03:15:00+00:00,71.30000305175781,71.30000305175781,71.0,71.0999984741211,43000,0.0,0.0
2025-05-09 03:25:00+00:00,71.0999984741211,71.0999984741211,71.0999984741211,71.0999984741211,2030,0.0,0.0
2025-05-09 03:30:00+00:00,71.0999984741211,71.19999694824219,71.0,71.19999694824219,16225,0.0,0.0
2025-05-09 03:35:00+00:00,71.19999694824219,71.30000305175781,71.19999694824219,71.30000305175781,23000,0.0,0.0
2025-05-09 03:40:00+00:00,71.30000305175781,71.4000015258789,71.30000305175781,71.4000015258789,6000,0.0,0.0
2025-05-09 03:45:00+00:00,71.30000305175781,71.30000305175781,71.30000305175781,71.30000305175781,5000,0.0,0.0
2025-05-09 03:50:00+00:00,71.30000305175781,71.30000305175781,71.19999694824219,71.30000305175781,21000,0.0,0.0
2025-05-09 03:55:00+00:00,71.30000305175781,71.4000015258789,71.0999984741211,71.19999694824219,26240,0.0,0.0
2025-05-09 04:00:00+00:00,71.19999694824219,71.4000015258789,71.19999694824219,71.30000305175781,50000,0.0,0.0
2025-05-09 04:05:00+00:00,71.4000015258789,71.4000015258789,71.30000305175781,71.4000015258789,18148,0.0,0.0
2025-05-09 04:10:00+00:00,71.4000015258789,71.5,71.4000015258789,71.5,14000,0.0,0.0
2025-05-09 04:15:00+00:00,71.4000015258789,71.4000015258789,71.4000015258789,71.4000015258789,29486,0.0,0.0
2025-05-09 04:20:00+00:00,71.4000015258789,71.4000015258789,71.30000305175781,71.4000015258789,25000,0.0,0.0
2025-05-09 04:25:00+00:00,71.4000015258789,71.80000305175781,71.4000015258789,71.80000305175781,101642,0.0,0.0
2025-05-09 04:30:00+00:00,71.69999694824219,71.69999694824219,71.5999984741211,71.5999984741211,28016,0.0,0.0
2025-05-09 04:35:00+00:00,71.5999984741211,71.5999984741211,71.5,71.5,35234,0.0,0.0
2025-05-09 04:40:00+00:00,71.5,71.5999984741211,71.5,71.5999984741211,24216,0.0,0.0
2025-05-09 04:45:00+00:00,71.69999694824219,71.69999694824219,71.69999694824219,71.69999694824219,1030,0.0,0.0
2025-05-09 04:50:00+00:00,71.69999694824219,71.80000305175781,71.5999984741211,71.80000305175781,36000,0.0,0.0
2025-05-09 04:55:00+00:00,71.69999694824219,71.80000305175781,71.69999694824219,71.69999694824219,31001,0.0,0.0
2025-05-09 05:00:00+00:00,71.69999694824219,71.80000305175781,71.69999694824219,71.80000305175781,8169,0.0,0.0
2025-05-09 05:05:00+00:00,71.69999694824219,71.80000305175781,71.69999694824219,71.80000305175781,37041,0.0,0.0
2025-05-09 05:10:00+00:00,71.80000305175781,72.0,71.80000305175781,72.0,34220,0.0,0.0
2025-05-09 05:15:00+00:00,72.0,72.30000305175781,72.0,72.0,109552,0.0,0.0
2025-05-09 05:20:00+00:00,71.9000015258789,72.0,71.69999694824219,71.69999694824219,55277,0.0,0.0
2025-05-12 01:00:00+00:00,72.5,72.80000305175781,72.4000015258789,72.5999984741211,0,0.0,0.0
2025-05-12 01:05:00+00:00,72.5999984741211,73.0,72.5,73.0,114000,0.0,0.0
2025-05-12 01:10:00+00:00,73.0,73.19999694824219,72.5999984741211,72.80000305175781,114902,0.0,0.0
2025-05-12 01:15:00+00:00,72.9000015258789,73.30000305175781,72.9000015258789,73.0999984741211,91284,0.0,0.0
2025-05-12 01:20:00+00:00,73.0999984741211,73.30000305175781,72.9000015258789,73.19999694824219,80405,0.0,0.0
2025-05-12 01:25:00+00:00,73.19999694824219,73.30000305175781,73.19999694824219,73.30000305175781,29090,0.0,0.0
2025-05-12 01:30:00+00:00,73.4000015258789,73.80000305175781,73.0999984741211,73.69999694824219,148049,0.0,0.0
2025-05-12 01:35:00+00:00,73.69999694824219,74.5999984741211,73.5999984741211,74.5,287005,0.0,0.0
2025-05-12 01:40:00+00:00,74.5999984741211,74.5999984741211,74.0999984741211,74.4000015258789,194828,0.0,0.0
2025-05-12 01:45:00+00:00,74.4000015258789,74.5,74.19999694824219,74.19999694824219,132693,0.0,0.0
2025-05-12 01:50:00+00:00,74.19999694824219,74.19999694824219,74.0999984741211,74.0999984741211,68000,0.0,0.0
2025-05-12 01:55:00+00:00,74.0999984741211,74.19999694824219,74.0,74.19999694824219,40624,0.0,0.0
2025-05-12 02:00:00+00:00,74.30000305175781,74.5,74.30000305175781,74.4000015258789,48064,0.0,0.0
2025-05-12 02:05:00+00:00,74.30000305175781,74.30000305175781,74.19999694824219,74.19999694824219,24352,0.0,0.0
2025-05-12 02:10:00+00:00,74.19999694824219,74.30000305175781,74.0,74.0,91050,0.0,0.0
2025-05-12 02:15:00+00:00,74.0,74.19999694824219,74.0,74.0999984741211,54359,0.0,0.0
2025-05-12 02:20:00+00:00,74.0999984741211,74.30000305175781,74.0999984741211,74.19999694824219,18657,0.0,0.0
2025-05-12 02:25:00+00:00,74.30000305175781,74.30000305175781,74.19999694824219,74.19999694824219,9011,0.0,0.0
2025-05-12 02:30:00+00:00,74.30000305175781,74.30000305175781,74.30000305175781,74.30000305175781,21935,0.0,0.0
2025-05-12 02:35:00+00:00,74.30000305175781,74.30000305175781,74.19999694824219,74.30000305175781,24031,0.0,0.0
2025-05-12 02:40:00+00:00,74.30000305175781,74.30000305175781,74.19999694824219,74.19999694824219,22110,0.0,0.0
2025-05-12 02:45:00+00:00,74.19999694824219,74.19999694824219,74.19999694824219,74.19999694824219,6000,0.0,0.0
2025-05-12 02:50:00+00:00,74.19999694824219,74.19999694824219,74.19999694824219,74.19999694824219,9000,0.0,0.0
2025-05-12 02:55:00+00:00,74.19999694824219,74.19999694824219,74.0999984741211,74.19999694824219,7735,0.0,0.0
2025-05-12 03:00:00+00:00,74.19999694824219,74.19999694824219,74.0999984741211,74.0999984741211,6001,0.0,0.0
2025-05-12 03:05:00+00:00,74.19999694824219,74.19999694824219,74.0999984741211,74.0999984741211,7004,0.0,0.0
2025-05-12 03:10:00+00:00,74.19999694824219,74.19999694824219,74.0999984741211,74.0999984741211,9010,0.0,0.0
2025-05-12 03:15:00+00:00,74.0999984741211,74.19999694824219,74.0999984741211,74.19999694824219,8468,0.0,0.0
2025-05-12 03:20:00+00:00,74.19999694824219,74.19999694824219,74.0,74.0999984741211,30000,0.0,0.0
2025-05-12 03:25:00+00:00,74.0999984741211,74.19999694824219,74.0,74.0999984741211,42060,0.0,0.0
2025-05-12 03:30:00+00:00,74.0999984741211,74.30000305175781,74.0999984741211,74.30000305175781,23142,0.0,0.0
2025-05-12 03:35:00+00:00,74.30000305175781,74.30000305175781,74.19999694824219,74.30000305175781,5050,0.0,0.0
2025-05-12 03:40:00+00:00,74.30000305175781,74.30000305175781,74.19999694824219,74.19999694824219,3000,0.0,0.0
2025-05-12 03:45:00+00:00,74.19999694824219,74.19999694824219,74.19999694824219,74.19999694824219,12000,0.0,0.0
2025-05-12 03:50:00+00:00,74.19999694824219,74.19999694824219,74.19999694824219,74.19999694824219,7000,0.0,0.0
2025-05-12 03:55:00+00:00,74.19999694824219,74.19999694824219,74.0999984741211,74.0999984741211,8135,0.0,0.0
2025-05-12 04:00:00+00:00,74.0999984741211,74.0999984741211,74.0999984741211,74.0999984741211,1000,0.0,0.0
2025-05-12 04:05:00+00:00,74.0999984741211,74.19999694824219,74.0999984741211,74.19999694824219,3012,0.0,0.0
2025-05-12 04:10:00+00:00,74.19999694824219,74.19999694824219,74.0999984741211,74.0999984741211,14104,0.0,0.0
2025-05-12 04:15:00+00:00,74.0999984741211,74.19999694824219,74.0999984741211,74.19999694824219,14498,0.0,0.0
2025-05-12 04:20:00+00:00,74.19999694824219,74.19999694824219,74.0,74.0999984741211,23770,0.0,0.0
2025-05-12 04:25:00+00:00,74.19999694824219,74.30000305175781,74.0999984741211,74.30000305175781,85508,0.0,0.0
2025-05-12 04:30:00+00:00,74.4000015258789,74.5,74.30000305175781,74.4000015258789,75207,0.0,0.0
2025-05-12 04:35:00+00:00,74.4000015258789,74.5,74.4000015258789,74.4000015258789,14450,0.0,0.0
2025-05-12 04:40:00+00:00,74.4000015258789,74.4000015258789,74.4000015258789,74.4000015258789,13028,0.0,0.0
2025-05-12 04:45:00+00:00,74.4000015258789,74.5999984741211,74.4000015258789,74.5999984741211,32245,0.0,0.0
2025-05-12 04:50:00+00:00,74.5999984741211,74.5999984741211,74.5,74.5,22000,0.0,0.0
2025-05-12 04:55:00+00:00,74.5999984741211,74.5999984741211,74.5,74.5,20001,0.0,0.0
2025-05-12 05:00:00+00:00,74.5,74.5,74.4000015258789,74.4000015258789,44272,0.0,0.0
2025-05-12 05:05:00+00:00,74.4000015258789,74.4000015258789,74.4000015258789,74.4000015258789,9000,0.0,0.0
2025-05-12 05:10:00+00:00,74.4000015258789,74.4000015258789,74.30000305175781,74.30000305175781,30175,0.0,0.0
2025-05-12 05:15:00+00:00,74.30000305175781,74.4000015258789,74.30000305175781,74.30000305175781,12100,0.0,0.0
2025-05-12 05:20:00+00:00,74.4000015258789,74.4000015258789,74.19999694824219,74.19999694824219,86275,0.0,0.0
2025-05-13 01:00:00+00:00,76.0999984741211,76.5999984741211,75.5999984741211,75.80000305175781,0,0.0,0.0
2025-05-13 01:05:00+00:00,75.80000305175781,75.80000305175781,75.30000305175781,75.4000015258789,122000,0.0,0.0
2025-05-13 01:10:00+00:00,75.5,75.5999984741211,75.4000015258789,75.4000015258789,80407,0.0,0.0
2025-05-13 01:15:00+00:00,75.4000015258789,75.5999984741211,75.0999984741211,75.19999694824219,91949,0.0,0.0
2025-05-13 01:20:00+00:00,75.19999694824219,75.19999694824219,75.0,75.0999984741211,134257,0.0,0.0
2025-05-13 01:25:00+00:00,75.0999984741211,75.19999694824219,74.80000305175781,75.0999984741211,134379,0.0,0.0
2025-05-13 01:30:00+00:00,75.0999984741211,75.0999984741211,75.0,75.0,61365,0.0,0.0
2025-05-13 01:35:00+00:00,75.0,75.0,74.5,74.5,87116,0.0,0.0
2025-05-13 01:40:00+00:00,74.5,74.80000305175781,74.5,74.69999694824219,58352,0.0,0.0
2025-05-13 01:45:00+00:00,74.69999694824219,74.69999694824219,74.5,74.5999984741211,55119,0.0,0.0
2025-05-13 01:50:00+00:00,74.5999984741211,74.69999694824219,74.5999984741211,74.5999984741211,48580,0.0,0.0
2025-05-13 01:55:00+00:00,74.5,74.5,74.19999694824219,74.5,100300,0.0,0.0
2025-05-13 02:00:00+00:00,74.5,74.5999984741211,74.4000015258789,74.4000015258789,14134,0.0,0.0
2025-05-13 02:05:00+00:00,74.5,74.5,74.4000015258789,74.5,25183,0.0,0.0
2025-05-13 02:10:00+00:00,74.4000015258789,74.5,74.0999984741211,74.0999984741211,72482,0.0,0.0
2025-05-13 02:15:00+00:00,74.0999984741211,74.0999984741211,73.9000015258789,74.0,134694,0.0,0.0
2025-05-13 02:20:00+00:00,73.9000015258789,74.19999694824219,73.9000015258789,74.19999694824219,38923,0.0,0.0
2025-05-13 02:25:00+00:00,74.0999984741211,74.0999984741211,74.0,74.0,9000,0.0,0.0
2025-05-13 02:30:00+00:00,74.0,74.0999984741211,74.0,74.0999984741211,18104,0.0,0.0
2025-05-13 02:35:00+00:00,74.0999984741211,74.19999694824219,74.0999984741211,74.19999694824219,17425,0.0,0.0
2025-05-13 02:40:00+00:00,74.19999694824219,74.19999694824219,74.0999984741211,74.0999984741211,24395,0.0,0.0
2025-05-13 02:45:00+00:00,74.19999694824219,74.30000305175781,74.0,74.0,71000,0.0,0.0
2025-05-13 02:50:00+00:00,73.9000015258789,74.0,73.9000015258789,74.0,7180,0.0,0.0
2025-05-13 02:55:00+00:00,74.0,74.0999984741211,73.9000015258789,73.9000015258789,3099,0.0,0.0
2025-05-13 03:00:00+00:00,74.0,74.0,73.69999694824219,73.69999694824219,85566,0.0,0.0
2025-05-13 03:05:00+00:00,73.69999694824219,73.80000305175781,73.4000015258789,73.80000305175781,122802,0.0,0.0
2025-05-13 03:10:00+00:00,73.80000305175781,73.80000305175781,73.80000305175781,73.80000305175781,7100,0.0,0.0
2025-05-13 03:15:00+00:00,73.69999694824219,73.80000305175781,73.5,73.5,20004,0.0,0.0
2025-05-13 03:20:00+00:00,73.69999694824219,73.69999694824219,73.5999984741211,73.5999984741211,13256,0.0,0.0
2025-05-13 03:25:00+00:00,73.5999984741211,73.80000305175781,73.5999984741211,73.5999984741211,40000,0.0,0.0
2025-05-13 03:30:00+00:00,73.5,73.69999694824219,73.5,73.69999694824219,53003,0.0,0.0
2025-05-13 03:35:00+00:00,73.69999694824219,73.69999694824219,73.69999694824219,73.69999694824219,7018,0.0,0.0
2025-05-13 03:40:00+00:00,73.5999984741211,73.5999984741211,73.5,73.5,17000,0.0,0.0
2025-05-13 03:45:00+00:00,73.5,73.5999984741211,73.5,73.5999984741211,19012,0.0,0.0
2025-05-13 03:50:00+00:00,73.5999984741211,73.5999984741211,73.5,73.5999984741211,3100,0.0,0.0
2025-05-13 03:55:00+00:00,73.5999984741211,73.69999694824219,73.5,73.5,25032,0.0,0.0
2025-05-13 04:00:00+00:00,73.5999984741211,73.5999984741211,73.5,73.5,6651,0.0,0.0
2025-05-13 04:05:00+00:00,73.69999694824219,73.69999694824219,73.69999694824219,73.69999694824219,1000,0.0,0.0
2025-05-13 04:10:00+00:00,73.69999694824219,73.69999694824219,73.5999984741211,73.69999694824219,5502,0.0,0.0
2025-05-13 04:15:00+00:00,73.5999984741211,73.5999984741211,73.5,73.5,24044,0.0,0.0
2025-05-13 04:20:00+00:00,73.5,73.5999984741211,73.5,73.5999984741211,12010,0.0,0.0
2025-05-13 04:25:00+00:00,73.5,73.5999984741211,73.5,73.5,7905,0.0,0.0
2025-05-13 04:30:00+00:00,73.5,73.5,73.5,73.5,29500,0.0,0.0
2025-05-13 04:35:00+00:00,73.5999984741211,73.5999984741211,73.5,73.5,25060,0.0,0.0
2025-05-13 04:40:00+00:00,73.5999984741211,73.5999984741211,73.5,73.5,5050,0.0,0.0
2025-05-13 04:45:00+00:00,73.5,73.5999984741211,73.5,73.5999984741211,15046,0.0,0.0
2025-05-13 04:50:00+00:00,73.5,73.5999984741211,73.5,73.5999984741211,14684,0.0,0.0
2025-05-13 04:55:00+00:00,73.5,73.5999984741211,73.5,73.5999984741211,9520,0.0,0.0
2025-05-13 05:00:00+00:00,73.69999694824219,74.0,73.69999694824219,73.9000015258789,41184,0.0,0.0
2025-05-13 05:05:00+00:00,73.80000305175781,73.80000305175781,73.69999694824219,73.69999694824219,21274,0.0,0.0
2025-05-13 05:10:00+00:00,73.69999694824219,73.80000305175781,73.5999984741211,73.5999984741211,38130,0.0,0.0
2025-05-13 05:15:00+00:00,73.5999984741211,73.80000305175781,73.5999984741211,73.80000305175781,20038,0.0,0.0
2025-05-13 05:20:00+00:00,73.69999694824219,73.80000305175781,73.5999984741211,73.69999694824219,29321,0.0,0.0
2025-05-14 01:00:00+00:00,74.80000305175781,74.80000305175781,73.80000305175781,74.0,0,0.0,0.0
2025-05-14 01:05:00+00:00,74.0,74.19999694824219,73.9000015258789,74.0,61630,0.0,0.0
2025-05-14 01:10:00+00:00,73.9000015258789,74.0,73.80000305175781,74.0,50180,0.0,0.0
2025-05-14 01:15:00+00:00,73.9000015258789,74.0,73.80000305175781,73.80000305175781,52130,0.0,0.0
2025-05-14 01:20:00+00:00,74.0,74.0999984741211,74.0,74.0999984741211,25234,0.0,0.0
2025-05-14 01:25:00+00:00,74.0,74.4000015258789,74.0,74.30000305175781,17438,0.0,0.0
2025-05-14 01:30:00+00:00,74.4000015258789,74.5,74.30000305175781,74.4000015258789,33186,0.0,0.0
2025-05-14 01:35:00+00:00,74.30000305175781,74.30000305175781,74.19999694824219,74.30000305175781,20122,0.0,0.0
2025-05-14 01:40:00+00:00,74.30000305175781,74.4000015258789,74.30000305175781,74.4000015258789,17290,0.0,0.0
2025-05-14 01:45:00+00:00,74.4000015258789,74.5,74.4000015258789,74.5,46391,0.0,0.0
2025-05-14 01:50:00+00:00,74.5,74.5999984741211,74.5,74.5999984741211,45127,0.0,0.0
2025-05-14 01:55:00+00:00,74.5999984741211,74.5999984741211,74.5999984741211,74.5999984741211,22149,0.0,0.0
2025-05-14 02:00:00+00:00,74.5999984741211,74.5999984741211,74.5,74.5,22190,0.0,0.0
2025-05-14 02:05:00+00:00,74.5,74.5999984741211,74.5,74.5,14100,0.0,0.0
2025-05-14 02:10:00+00:00,74.5,74.5,74.4000015258789,74.4000015258789,27000,0.0,0.0
2025-05-14 02:15:00+00:00,74.4000015258789,74.5,74.4000015258789,74.5,10000,0.0,0.0
2025-05-14 02:20:00+00:00,74.5,74.5,74.4000015258789,74.4000015258789,19065,0.0,0.0
2025-05-14 02:25:00+00:00,74.4000015258789,74.5,74.4000015258789,74.4000015258789,35070,0.0,0.0
2025-05-14 02:30:00+00:00,74.5,74.5999984741211,74.5,74.5,20072,0.0,0.0
2025-05-14 02:35:00+00:00,74.5,74.5,74.4000015258789,74.4000015258789,26141,0.0,0.0
2025-05-14 02:40:00+00:00,74.4000015258789,74.4000015258789,74.4000015258789,74.4000015258789,27000,0.0,0.0
2025-05-14 02:45:00+00:00,74.5,74.5,74.4000015258789,74.4000015258789,7127,0.0,0.0
2025-05-14 02:50:00+00:00,74.30000305175781,74.4000015258789,74.30000305175781,74.30000305175781,10000,0.0,0.0
2025-05-14 02:55:00+00:00,74.30000305175781,74.4000015258789,74.30000305175781,74.4000015258789,12000,0.0,0.0
2025-05-14 03:00:00+00:00,74.4000015258789,74.4000015258789,74.30000305175781,74.4000015258789,19414,0.0,0.0
2025-05-14 03:05:00+00:00,74.4000015258789,74.4000015258789,74.4000015258789,74.4000015258789,2080,0.0,0.0
2025-05-14 03:10:00+00:00,74.4000015258789,74.5,74.4000015258789,74.4000015258789,6402,0.0,0.0
2025-05-14 03:15:00+00:00,74.4000015258789,74.5999984741211,74.4000015258789,74.5,57029,0.0,0.0
2025-05-14 03:20:00+00:00,74.5999984741211,74.5999984741211,74.5,74.5,5000,0.0,0.0
2025-05-14 03:25:00+00:00,74.5,74.5999984741211,74.5,74.5999984741211,4897,0.0,0.0
2025-05-14 03:30:00+00:00,74.5999984741211,74.5999984741211,74.5,74.5,9050,0.0,0.0
2025-05-14 03:35:00+00:00,74.5,74.5,74.4000015258789,74.4000015258789,16034,0.0,0.0
2025-05-14 03:40:00+00:00,74.4000015258789,74.4000015258789,74.4000015258789,74.4000015258789,2000,0.0,0.0
2025-05-14 03:45:00+00:00,74.4000015258789,74.5,74.4000015258789,74.5,14089,0.0,0.0
2025-05-14 03:50:00+00:00,74.5,74.5999984741211,74.5,74.5999984741211,47040,0.0,0.0
2025-05-14 03:55:00+00:00,74.5999984741211,74.5999984741211,74.5,74.5,21127,0.0,0.0
2025-05-14 04:00:00+00:00,74.5,74.5999984741211,74.5,74.5,11050,0.0,0.0
2025-05-14 04:05:00+00:00,74.5999984741211,74.5999984741211,74.5999984741211,74.5999984741211,3075,0.0,0.0
2025-05-14 04:10:00+00:00,74.5,74.5,74.5,74.5,2053,0.0,0.0
2025-05-14 04:15:00+00:00,74.5,74.5,74.5,74.5,10068,0.0,0.0
2025-05-14 04:20:00+00:00,74.5999984741211,74.80000305175781,74.5999984741211,74.80000305175781,84922,0.0,0.0
2025-05-14 04:25:00+00:00,74.80000305175781,74.80000305175781,74.69999694824219,74.80000305175781,29385,0.0,0.0
2025-05-14 04:30:00+00:00,74.9000015258789,74.9000015258789,74.80000305175781,74.9000015258789,47869,0.0,0.0
2025-05-14 04:35:00+00:00,74.9000015258789,75.0,74.9000015258789,75.0,43497,0.0,0.0
2025-05-14 04:40:00+00:00,75.0,75.0,74.9000015258789,74.9000015258789,64274,0.0,0.0
2025-05-14 04:45:00+00:00,75.0,75.0999984741211,75.0,75.0999984741211,29835,0.0,0.0
2025-05-14 04:50:00+00:00,75.0,75.0999984741211,75.0,75.0,31135,0.0,0.0
2025-05-14 04:55:00+00:00,75.0,75.0,74.9000015258789,74.9000015258789,5035,0.0,0.0
2025-05-14 05:00:00+00:00,75.0,75.0,74.9000015258789,75.0,25223,0.0,0.0
2025-05-14 05:05:00+00:00,75.0,75.0,74.9000015258789,75.0,7168,0.0,0.0
2025-05-14 05:10:00+00:00,74.9000015258789,75.0,74.9000015258789,75.0,26227,0.0,0.0
2025-05-14 05:15:00+00:00,75.0,75.0,74.9000015258789,75.0,13322,0.0,0.0
2025-05-14 05:20:00+00:00,74.9000015258789,75.0,74.9000015258789,74.9000015258789,24868,0.0,0.0
2025-05-15 01:00:00+00:00,75.30000305175781,75.30000305175781,74.80000305175781,75.0999984741211,0,0.0,0.0
2025-05-15 01:05:00+00:00,75.19999694824219,75.19999694824219,75.0999984741211,75.0999984741211,23006,0.0,0.0
2025-05-15 01:10:00+00:00,75.0999984741211,75.4000015258789,75.0999984741211,75.0999984741211,46044,0.0,0.0
2025-05-15 01:15:00+00:00,75.30000305175781,75.30000305175781,75.19999694824219,75.19999694824219,22250,0.0,0.0
2025-05-15 01:20:00+00:00,75.19999694824219,75.19999694824219,74.4000015258789,74.4000015258789,96464,0.0,0.0
2025-05-15 01:25:00+00:00,74.4000015258789,74.5,74.4000015258789,74.4000015258789,27790,0.0,0.0
2025-05-15 01:30:00+00:00,74.5,74.5,74.19999694824219,74.30000305175781,47000,0.0,0.0
2025-05-15 01:35:00+00:00,74.5,74.9000015258789,74.5,74.9000015258789,21330,0.0,0.0
2025-05-15 01:40:00+00:00,75.0,75.0999984741211,74.9000015258789,75.0999984741211,21115,0.0,0.0
2025-05-15 01:45:00+00:00,74.9000015258789,75.0999984741211,74.9000015258789,75.0,17023,0.0,0.0
2025-05-15 01:50:00+00:00,75.0999984741211,75.19999694824219,74.80000305175781,74.80000305175781,26336,0.0,0.0
2025-05-15 01:55:00+00:00,74.80000305175781,74.80000305175781,74.80000305175781,74.80000305175781,22192,0.0,0.0
2025-05-15 02:00:00+00:00,74.80000305175781,74.80000305175781,74.80000305175781,74.80000305175781,5597,0.0,0.0
2025-05-15 02:05:00+00:00,74.80000305175781,74.80000305175781,74.69999694824219,74.69999694824219,10168,0.0,0.0
2025-05-15 02:10:00+00:00,74.69999694824219,74.69999694824219,74.5999984741211,74.5999984741211,16014,0.0,0.0
2025-05-15 02:15:00+00:00,74.5999984741211,74.69999694824219,74.5,74.69999694824219,7089,0.0,0.0
2025-05-15 02:25:00+00:00,74.69999694824219,74.69999694824219,74.69999694824219,74.69999694824219,7000,0.0,0.0
2025-05-15 02:30:00+00:00,74.69999694824219,74.80000305175781,74.69999694824219,74.80000305175781,12103,0.0,0.0
2025-05-15 02:35:00+00:00,74.80000305175781,74.80000305175781,74.80000305175781,74.80000305175781,11002,0.0,0.0
2025-05-15 02:40:00+00:00,74.80000305175781,74.80000305175781,74.80000305175781,74.80000305175781,18003,0.0,0.0
2025-05-15 02:45:00+00:00,74.80000305175781,74.80000305175781,74.80000305175781,74.80000305175781,11108,0.0,0.0
2025-05-15 02:50:00+00:00,74.80000305175781,74.80000305175781,74.80000305175781,74.80000305175781,2000,0.0,0.0
2025-05-15 02:55:00+00:00,74.69999694824219,74.80000305175781,74.69999694824219,74.80000305175781,13100,0.0,0.0
2025-05-15 03:00:00+00:00,74.80000305175781,74.9000015258789,74.80000305175781,74.80000305175781,3000,0.0,0.0
2025-05-15 03:05:00+00:00,74.80000305175781,74.80000305175781,74.80000305175781,74.80000305175781,2000,0.0,0.0
2025-05-15 03:10:00+00:00,74.80000305175781,74.80000305175781,74.69999694824219,74.69999694824219,25200,0.0,0.0
2025-05-15 03:20:00+00:00,74.69999694824219,74.69999694824219,74.69999694824219,74.69999694824219,3100,0.0,0.0
2025-05-15 03:25:00+00:00,74.69999694824219,74.69999694824219,74.69999694824219,74.69999694824219,6139,0.0,0.0
2025-05-15 03:30:00+00:00,74.69999694824219,74.69999694824219,74.5999984741211,74.5999984741211,8000,0.0,0.0
2025-05-15 03:35:00+00:00,74.5999984741211,74.5999984741211,74.5999984741211,74.5999984741211,5400,0.0,0.0
2025-05-15 03:40:00+00:00,74.5999984741211,74.5999984741211,74.5999984741211,74.5999984741211,1116,0.0,0.0
2025-05-15 03:45:00+00:00,74.5999984741211,74.5999984741211,74.5,74.5,15002,0.0,0.0
2025-05-15 03:50:00+00:00,74.5999984741211,74.5999984741211,74.5999984741211,74.5999984741211,2050,0.0,0.0
2025-05-15 03:55:00+00:00,74.5,74.5999984741211,74.5,74.5,42355,0.0,0.0
2025-05-15 04:00:00+00:00,74.4000015258789,74.4000015258789,74.4000015258789,74.4000015258789,23003,0.0,0.0
2025-05-15 04:05:00+00:00,74.4000015258789,74.4000015258789,74.4000015258789,74.4000015258789,21582,0.0,0.0
2025-05-15 04:10:00+00:00,74.30000305175781,74.30000305175781,74.30000305175781,74.30000305175781,32524,0.0,0.0
2025-05-15 04:15:00+00:00,74.19999694824219,74.30000305175781,74.19999694824219,74.30000305175781,13940,0.0,0.0
2025-05-15 04:20:00+00:00,74.19999694824219,74.30000305175781,74.0,74.30000305175781,120368,0.0,0.0
2025-05-15 04:25:00+00:00,74.19999694824219,74.30000305175781,74.19999694824219,74.30000305175781,9000,0.0,0.0
2025-05-15 04:30:00+00:00,74.30000305175781,74.30000305175781,74.0,74.0,95000,0.0,0.0
2025-05-15 04:40:00+00:00,74.0999984741211,74.4000015258789,74.0999984741211,74.4000015258789,17000,0.0,0.0
2025-05-15 04:45:00+00:00,74.4000015258789,74.4000015258789,74.30000305175781,74.30000305175781,13000,0.0,0.0
2025-05-15 04:50:00+00:00,74.30000305175781,74.4000015258789,74.30000305175781,74.4000015258789,12360,0.0,0.0
2025-05-15 04:55:00+00:00,74.4000015258789,74.4000015258789,74.30000305175781,74.30000305175781,17015,0.0,0.0
2025-05-15 05:00:00+00:00,74.4000015258789,74.4000015258789,74.4000015258789,74.4000015258789,7130,0.0,0.0
2025-05-15 05:05:00+00:00,74.4000015258789,74.5,74.4000015258789,74.4000015258789,10173,0.0,0.0
2025-05-15 05:10:00+00:00,74.4000015258789,74.5,74.4000015258789,74.5,16327,0.0,0.0
2025-05-15 05:15:00+00:00,74.4000015258789,74.5,74.4000015258789,74.5,23300,0.0,0.0
2025-05-15 05:20:00+00:00,74.5,74.5999984741211,74.4000015258789,74.5999984741211,21040,0.0,0.0
2025-05-16 01:00:00+00:00,74.69999694824219,74.69999694824219,74.19999694824219,74.19999694824219,0,0.0,0.0
2025-05-16 01:05:00+00:00,74.5,74.80000305175781,74.5,74.80000305175781,23050,0.0,0.0
2025-05-16 01:10:00+00:00,74.80000305175781,74.80000305175781,74.69999694824219,74.69999694824219,7110,0.0,0.0
2025-05-16 01:15:00+00:00,74.69999694824219,74.69999694824219,74.5999984741211,74.5999984741211,8000,0.0,0.0
2025-05-16 01:20:00+00:00,74.5999984741211,74.5999984741211,74.5999984741211,74.5999984741211,19025,0.0,0.0
2025-05-16 01:25:00+00:00,74.5999984741211,74.5999984741211,74.5999984741211,74.5999984741211,7000,0.0,0.0
2025-05-16 01:30:00+00:00,74.69999694824219,74.80000305175781,74.5999984741211,74.80000305175781,12100,0.0,0.0
2025-05-16 01:35:00+00:00,74.80000305175781,74.9000015258789,74.80000305175781,74.80000305175781,9000,0.0,0.0
2025-05-16 01:40:00+00:00,74.80000305175781,75.0,74.69999694824219,75.0,29150,0.0,0.0
2025-05-16 01:45:00+00:00,75.0999984741211,75.0999984741211,75.0,75.0,20000,0.0,0.0
2025-05-16 01:50:00+00:00,75.0,75.0,74.80000305175781,74.80000305175781,18010,0.0,0.0
2025-05-16 01:55:00+00:00,74.80000305175781,75.0,74.80000305175781,75.0,8102,0.0,0.0
2025-05-16 02:00:00+00:00,74.9000015258789,74.9000015258789,74.9000015258789,74.9000015258789,14000,0.0,0.0
2025-05-16 02:05:00+00:00,74.80000305175781,74.80000305175781,74.80000305175781,74.80000305175781,12400,0.0,0.0
2025-05-16 02:10:00+00:00,74.80000305175781,74.80000305175781,74.69999694824219,74.69999694824219,14319,0.0,0.0
2025-05-16 02:15:00+00:00,74.5999984741211,74.69999694824219,74.5999984741211,74.5999984741211,7902,0.0,0.0
2025-05-16 02:20:00+00:00,74.69999694824219,74.69999694824219,74.69999694824219,74.69999694824219,11365,0.0,0.0
2025-05-16 02:25:00+00:00,74.69999694824219,74.80000305175781,74.69999694824219,74.80000305175781,17083,0.0,0.0
2025-05-16 02:30:00+00:00,74.80000305175781,74.80000305175781,74.69999694824219,74.69999694824219,23000,0.0,0.0
2025-05-16 02:35:00+00:00,74.69999694824219,74.80000305175781,74.69999694824219,74.80000305175781,4000,0.0,0.0
2025-05-16 02:40:00+00:00,74.69999694824219,74.80000305175781,74.69999694824219,74.80000305175781,2000,0.0,0.0
2025-05-16 02:45:00+00:00,74.80000305175781,74.80000305175781,74.5999984741211,74.80000305175781,16001,0.0,0.0
2025-05-16 02:55:00+00:00,74.5999984741211,74.5999984741211,74.5999984741211,74.5999984741211,1000,0.0,0.0
2025-05-16 03:00:00+00:00,74.5999984741211,74.69999694824219,74.5999984741211,74.5999984741211,10013,0.0,0.0
2025-05-16 03:10:00+00:00,74.69999694824219,74.69999694824219,74.5999984741211,74.69999694824219,13000,0.0,0.0
2025-05-16 03:15:00+00:00,74.5999984741211,74.5999984741211,74.4000015258789,74.4000015258789,49942,0.0,0.0
2025-05-16 03:20:00+00:00,74.4000015258789,74.4000015258789,74.30000305175781,74.4000015258789,25000,0.0,0.0
2025-05-16 03:25:00+00:00,74.4000015258789,74.4000015258789,74.4000015258789,74.4000015258789,6000,0.0,0.0
2025-05-16 03:30:00+00:00,74.4000015258789,74.4000015258789,74.4000015258789,74.4000015258789,7100,0.0,0.0
2025-05-16 03:35:00+00:00,74.4000015258789,74.4000015258789,74.4000015258789,74.4000015258789,1068,0.0,0.0
2025-05-16 03:40:00+00:00,74.4000015258789,74.4000015258789,74.4000015258789,74.4000015258789,4152,0.0,0.0
2025-05-16 03:45:00+00:00,74.4000015258789,74.4000015258789,74.19999694824219,74.19999694824219,31000,0.0,0.0
2025-05-16 03:50:00+00:00,74.19999694824219,74.30000305175781,74.19999694824219,74.30000305175781,8006,0.0,0.0
2025-05-16 03:55:00+00:00,74.30000305175781,74.30000305175781,74.19999694824219,74.19999694824219,34000,0.0,0.0
2025-05-16 04:00:00+00:00,74.19999694824219,74.30000305175781,74.19999694824219,74.30000305175781,14104,0.0,0.0
2025-05-16 04:10:00+00:00,74.30000305175781,74.30000305175781,74.0999984741211,74.0999984741211,16001,0.0,0.0
2025-05-16 04:15:00+00:00,74.19999694824219,74.19999694824219,74.19999694824219,74.19999694824219,1130,0.0,0.0
2025-05-16 04:20:00+00:00,74.19999694824219,74.30000305175781,74.0999984741211,74.30000305175781,12035,0.0,0.0
2025-05-16 04:25:00+00:00,74.0999984741211,74.30000305175781,74.0999984741211,74.30000305175781,2200,0.0,0.0
2025-05-16 04:30:00+00:00,74.19999694824219,74.30000305175781,74.19999694824219,74.30000305175781,4200,0.0,0.0
2025-05-16 04:35:00+00:00,74.30000305175781,74.30000305175781,74.30000305175781,74.30000305175781,10000,0.0,0.0
2025-05-16 04:40:00+00:00,74.30000305175781,74.30000305175781,74.30000305175781,74.30000305175781,4100,0.0,0.0
2025-05-16 04:45:00+00:00,74.30000305175781,74.30000305175781,74.30000305175781,74.30000305175781,7091,0.0,0.0
2025-05-16 04:50:00+00:00,74.30000305175781,74.30000305175781,74.30000305175781,74.30000305175781,2100,0.0,0.0
2025-05-16 04:55:00+00:00,74.30000305175781,74.30000305175781,74.30000305175781,74.30000305175781,1000,0.0,0.0
2025-05-16 05:00:00+00:00,74.30000305175781,74.30000305175781,74.19999694824219,74.30000305175781,30218,0.0,0.0
2025-05-16 05:05:00+00:00,74.19999694824219,74.19999694824219,74.19999694824219,74.19999694824219,7070,0.0,0.0
2025-05-16 05:10:00+00:00,74.19999694824219,74.19999694824219,74.19999694824219,74.19999694824219,9000,0.0,0.0
2025-05-16 05:15:00+00:00,74.19999694824219,74.19999694824219,74.19999694824219,74.19999694824219,25510,0.0,0.0
2025-05-16 05:20:00+00:00,74.19999694824219,74.30000305175781,74.19999694824219,74.30000305175781,13238,0.0,0.0
2025-05-19 01:00:00+00:00,74.5,75.5999984741211,74.5,75.0,0,0.0,0.0
2025-05-19 01:05:00+00:00,75.0,75.19999694824219,74.80000305175781,75.19999694824219,63303,0.0,0.0
2025-05-19 01:10:00+00:00,75.19999694824219,75.19999694824219,74.5999984741211,74.5999984741211,125679,0.0,0.0
2025-05-19 01:15:00+00:00,74.5999984741211,74.5999984741211,74.5,74.5,37035,0.0,0.0
2025-05-19 01:20:00+00:00,74.4000015258789,74.5999984741211,74.4000015258789,74.5999984741211,42287,0.0,0.0
2025-05-19 01:25:00+00:00,74.69999694824219,74.69999694824219,74.5999984741211,74.69999694824219,17000,0.0,0.0
2025-05-19 01:30:00+00:00,74.69999694824219,74.69999694824219,74.5,74.5,42006,0.0,0.0
2025-05-19 01:35:00+00:00,74.4000015258789,74.5,74.30000305175781,74.5,16368,0.0,0.0
2025-05-19 01:40:00+00:00,74.5,74.5,74.4000015258789,74.5,18000,0.0,0.0
2025-05-19 01:45:00+00:00,74.5,74.5,74.4000015258789,74.4000015258789,16000,0.0,0.0
2025-05-19 01:50:00+00:00,74.4000015258789,74.4000015258789,74.4000015258789,74.4000015258789,11003,0.0,0.0
2025-05-19 01:55:00+00:00,74.5999984741211,74.5999984741211,74.5,74.5,13800,0.0,0.0
2025-05-19 02:00:00+00:00,74.5999984741211,74.5999984741211,74.5999984741211,74.5999984741211,8011,0.0,0.0
2025-05-19 02:05:00+00:00,74.5,74.5,74.4000015258789,74.4000015258789,28054,0.0,0.0
2025-05-19 02:10:00+00:00,74.4000015258789,74.5,74.4000015258789,74.5,2009,0.0,0.0
2025-05-19 02:15:00+00:00,74.5,74.5999984741211,74.5,74.5999984741211,14028,0.0,0.0
2025-05-19 02:20:00+00:00,74.69999694824219,75.0,74.69999694824219,75.0,25141,0.0,0.0
2025-05-19 02:25:00+00:00,74.9000015258789,74.9000015258789,74.80000305175781,74.9000015258789,7000,0.0,0.0
2025-05-19 02:30:00+00:00,75.0,75.0999984741211,75.0,75.0,28000,0.0,0.0
2025-05-19 02:35:00+00:00,74.9000015258789,74.9000015258789,74.80000305175781,74.80000305175781,7000,0.0,0.0
2025-05-19 02:40:00+00:00,74.80000305175781,74.80000305175781,74.80000305175781,74.80000305175781,7000,0.0,0.0
2025-05-19 02:45:00+00:00,74.80000305175781,74.80000305175781,74.69999694824219,74.69999694824219,82200,0.0,0.0
2025-05-19 02:50:00+00:00,74.80000305175781,74.9000015258789,74.80000305175781,74.9000015258789,2311,0.0,0.0
2025-05-19 03:00:00+00:00,74.9000015258789,74.9000015258789,74.80000305175781,74.80000305175781,12200,0.0,0.0
2025-05-19 03:05:00+00:00,74.69999694824219,74.80000305175781,74.69999694824219,74.80000305175781,4024,0.0,0.0
2025-05-19 03:10:00+00:00,74.80000305175781,74.80000305175781,74.80000305175781,74.80000305175781,14010,0.0,0.0
2025-05-19 03:15:00+00:00,74.80000305175781,74.80000305175781,74.80000305175781,74.80000305175781,1000,0.0,0.0
2025-05-19 03:20:00+00:00,74.80000305175781,74.80000305175781,74.80000305175781,74.80000305175781,5031,0.0,0.0
2025-05-19 03:25:00+00:00,74.69999694824219,74.69999694824219,74.5999984741211,74.69999694824219,22006,0.0,0.0
2025-05-19 03:30:00+00:00,74.69999694824219,74.69999694824219,74.5,74.5,59015,0.0,0.0
2025-05-19 03:35:00+00:00,74.5,74.5999984741211,74.5,74.5999984741211,19010,0.0,0.0
2025-05-19 03:40:00+00:00,74.5,74.5,74.4000015258789,74.4000015258789,21468,0.0,0.0
2025-05-19 03:45:00+00:00,74.5,74.5,74.5,74.5,6116,0.0,0.0
2025-05-19 03:50:00+00:00,74.4000015258789,74.4000015258789,74.4000015258789,74.4000015258789,4000,0.0,0.0
2025-05-19 03:55:00+00:00,74.5,74.5,74.5,74.5,21000,0.0,0.0
2025-05-19 04:00:00+00:00,74.5,74.5,74.5,74.5,7200,0.0,0.0
2025-05-19 04:05:00+00:00,74.5,74.5,74.5,74.5,10000,0.0,0.0
2025-05-19 04:10:00+00:00,74.5,74.5999984741211,74.5,74.5999984741211,3117,0.0,0.0
2025-05-19 04:15:00+00:00,74.5,74.5,74.5,74.5,1001,0.0,0.0
2025-05-19 04:20:00+00:00,74.5,74.5999984741211,74.5,74.5,11012,0.0,0.0
2025-05-19 04:25:00+00:00,74.5,74.5,74.5,74.5,7000,0.0,0.0
2025-05-19 04:30:00+00:00,74.5,74.5,74.5,74.5,11178,0.0,0.0
2025-05-19 04:35:00+00:00,74.5,74.5,74.5,74.5,8000,0.0,0.0
2025-05-19 04:40:00+00:00,74.4000015258789,74.5,74.4000015258789,74.5,12000,0.0,0.0
2025-05-19 04:45:00+00:00,74.5,74.5,74.30000305175781,74.30000305175781,98195,0.0,0.0
2025-05-19 04:50:00+00:00,74.30000305175781,74.30000305175781,74.19999694824219,74.19999694824219,18000,0.0,0.0
2025-05-19 04:55:00+00:00,74.19999694824219,74.19999694824219,74.0999984741211,74.0999984741211,74705,0.0,0.0
2025-05-19 05:00:00+00:00,74.0999984741211,74.0999984741211,74.0999984741211,74.0999984741211,13000,0.0,0.0
2025-05-19 05:05:00+00:00,74.0999984741211,74.19999694824219,74.0999984741211,74.0999984741211,16016,0.0,0.0
2025-05-19 05:10:00+00:00,74.0999984741211,74.0999984741211,74.0,74.0999984741211,27700,0.0,0.0
2025-05-19 05:15:00+00:00,74.0999984741211,74.0999984741211,74.0,74.0999984741211,25151,0.0,0.0
2025-05-19 05:20:00+00:00,74.0,74.0999984741211,73.9000015258789,74.0,101065,0.0,0.0
2025-05-20 01:00:00+00:00,74.5,74.69999694824219,74.0999984741211,74.5,0,0.0,0.0
2025-05-20 01:05:00+00:00,74.5,74.69999694824219,74.5,74.5999984741211,54049,0.0,0.0
2025-05-20 01:10:00+00:00,74.5999984741211,74.5999984741211,74.4000015258789,74.5,10887,0.0,0.0
2025-05-20 01:15:00+00:00,74.5,74.5,74.5,74.5,2513,0.0,0.0
2025-05-20 01:20:00+00:00,74.5,74.5999984741211,74.5,74.5999984741211,19010,0.0,0.0
2025-05-20 01:25:00+00:00,74.5999984741211,74.5999984741211,74.5,74.5,8000,0.0,0.0
2025-05-20 01:30:00+00:00,74.4000015258789,74.4000015258789,74.0999984741211,74.19999694824219,36453,0.0,0.0
2025-05-20 01:35:00+00:00,74.19999694824219,74.19999694824219,74.19999694824219,74.19999694824219,8410,0.0,0.0
2025-05-20 01:40:00+00:00,74.19999694824219,74.19999694824219,74.0999984741211,74.0999984741211,5000,0.0,0.0
2025-05-20 01:45:00+00:00,74.0999984741211,74.30000305175781,74.0999984741211,74.30000305175781,16003,0.0,0.0
2025-05-20 01:50:00+00:00,74.30000305175781,74.4000015258789,74.30000305175781,74.4000015258789,7190,0.0,0.0
2025-05-20 01:55:00+00:00,74.4000015258789,74.4000015258789,74.30000305175781,74.30000305175781,13025,0.0,0.0
2025-05-20 02:05:00+00:00,74.30000305175781,74.30000305175781,74.19999694824219,74.19999694824219,5247,0.0,0.0
2025-05-20 02:10:00+00:00,74.19999694824219,74.19999694824219,74.19999694824219,74.19999694824219,4000,0.0,0.0
2025-05-20 02:15:00+00:00,74.19999694824219,74.19999694824219,74.19999694824219,74.19999694824219,6000,0.0,0.0
2025-05-20 02:20:00+00:00,74.19999694824219,74.19999694824219,74.0999984741211,74.0999984741211,10010,0.0,0.0
2025-05-20 02:25:00+00:00,74.0999984741211,74.19999694824219,74.0999984741211,74.0999984741211,7287,0.0,0.0
2025-05-20 02:30:00+00:00,74.0999984741211,74.0999984741211,74.0,74.0999984741211,23405,0.0,0.0
2025-05-20 02:35:00+00:00,74.19999694824219,74.30000305175781,74.19999694824219,74.19999694824219,13030,0.0,0.0
2025-05-20 02:40:00+00:00,74.30000305175781,74.5,74.30000305175781,74.4000015258789,23000,0.0,0.0
2025-05-20 02:45:00+00:00,74.4000015258789,74.4000015258789,74.30000305175781,74.30000305175781,5000,0.0,0.0
2025-05-20 02:50:00+00:00,74.30000305175781,74.30000305175781,74.30000305175781,74.30000305175781,2000,0.0,0.0
2025-05-20 02:55:00+00:00,74.30000305175781,74.30000305175781,74.30000305175781,74.30000305175781,1000,0.0,0.0
2025-05-20 03:00:00+00:00,74.30000305175781,74.30000305175781,74.19999694824219,74.19999694824219,2000,0.0,0.0
2025-05-20 03:05:00+00:00,74.19999694824219,74.19999694824219,74.19999694824219,74.19999694824219,6004,0.0,0.0
2025-05-20 03:10:00+00:00,74.30000305175781,74.30000305175781,74.30000305175781,74.30000305175781,12000,0.0,0.0
2025-05-20 03:15:00+00:00,74.19999694824219,74.19999694824219,74.0999984741211,74.0999984741211,8000,0.0,0.0
2025-05-20 03:20:00+00:00,74.19999694824219,74.19999694824219,74.0999984741211,74.0999984741211,7176,0.0,0.0
2025-05-20 03:30:00+00:00,74.19999694824219,74.19999694824219,74.19999694824219,74.19999694824219,2000,0.0,0.0
2025-05-20 03:35:00+00:00,74.0999984741211,74.19999694824219,74.0999984741211,74.19999694824219,6000,0.0,0.0
2025-05-20 03:40:00+00:00,74.19999694824219,74.4000015258789,74.19999694824219,74.30000305175781,14000,0.0,0.0
2025-05-20 03:45:00+00:00,74.30000305175781,74.30000305175781,74.30000305175781,74.30000305175781,1000,0.0,0.0
2025-05-20 03:50:00+00:00,74.30000305175781,74.4000015258789,74.30000305175781,74.4000015258789,11287,0.0,0.0
2025-05-20 03:55:00+00:00,74.30000305175781,74.30000305175781,74.30000305175781,74.30000305175781,10200,0.0,0.0
2025-05-20 04:00:00+00:00,74.30000305175781,74.30000305175781,74.19999694824219,74.19999694824219,8000,0.0,0.0
2025-05-20 04:05:00+00:00,74.0999984741211,74.19999694824219,74.0999984741211,74.0999984741211,6026,0.0,0.0
2025-05-20 04:10:00+00:00,74.0999984741211,74.0999984741211,74.0,74.0,12000,0.0,0.0
2025-05-20 04:15:00+00:00,74.0,74.0,74.0,74.0,30100,0.0,0.0
2025-05-20 04:20:00+00:00,74.0,74.0,74.0,74.0,4000,0.0,0.0
2025-05-20 04:25:00+00:00,74.0,74.0,73.9000015258789,74.0,4000,0.0,0.0
2025-05-20 04:30:00+00:00,73.9000015258789,73.9000015258789,73.80000305175781,73.80000305175781,26422,0.0,0.0
2025-05-20 04:35:00+00:00,73.80000305175781,73.80000305175781,73.80000305175781,73.80000305175781,4000,0.0,0.0
2025-05-20 04:45:00+00:00,73.80000305175781,73.9000015258789,73.80000305175781,73.80000305175781,8250,0.0,0.0
2025-05-20 04:50:00+00:00,73.80000305175781,73.9000015258789,73.80000305175781,73.9000015258789,5000,0.0,0.0
2025-05-20 04:55:00+00:00,73.9000015258789,74.0,73.9000015258789,74.0,9030,0.0,0.0
2025-05-20 05:00:00+00:00,73.9000015258789,73.9000015258789,73.9000015258789,73.9000015258789,4401,0.0,0.0
2025-05-20 05:05:00+00:00,74.0,74.0,73.9000015258789,73.9000015258789,8103,0.0,0.0
2025-05-20 05:10:00+00:00,73.9000015258789,73.9000015258789,73.80000305175781,73.80000305175781,16000,0.0,0.0
2025-05-20 05:15:00+00:00,74.0,74.0999984741211,74.0,74.0999984741211,25003,0.0,0.0
2025-05-20 05:20:00+00:00,74.0999984741211,74.19999694824219,73.80000305175781,73.9000015258789,34659,0.0,0.0
2025-05-21 01:00:00+00:00,74.0999984741211,74.4000015258789,74.0999984741211,74.30000305175781,0,0.0,0.0
2025-05-21 01:05:00+00:00,74.4000015258789,74.69999694824219,74.4000015258789,74.5,24800,0.0,0.0
2025-05-21 01:10:00+00:00,74.5,74.5,74.5,74.5,5000,0.0,0.0
2025-05-21 01:15:00+00:00,74.5,74.5999984741211,74.5,74.5999984741211,15120,0.0,0.0
2025-05-21 01:20:00+00:00,74.5999984741211,74.5999984741211,74.5,74.5,9000,0.0,0.0
2025-05-21 01:25:00+00:00,74.4000015258789,74.4000015258789,74.4000015258789,74.4000015258789,9000,0.0,0.0
2025-05-21 01:30:00+00:00,74.4000015258789,74.4000015258789,74.19999694824219,74.4000015258789,16001,0.0,0.0
2025-05-21 01:35:00+00:00,74.30000305175781,74.30000305175781,74.30000305175781,74.30000305175781,2000,0.0,0.0
2025-05-21 01:40:00+00:00,74.30000305175781,74.4000015258789,74.30000305175781,74.4000015258789,5251,0.0,0.0
2025-05-21 01:45:00+00:00,74.30000305175781,74.30000305175781,74.30000305175781,74.30000305175781,2000,0.0,0.0
2025-05-21 01:50:00+00:00,74.30000305175781,74.30000305175781,74.19999694824219,74.19999694824219,8001,0.0,0.0
2025-05-21 01:55:00+00:00,74.19999694824219,74.30000305175781,74.19999694824219,74.30000305175781,5174,0.0,0.0
2025-05-21 02:00:00+00:00,74.30000305175781,74.30000305175781,74.19999694824219,74.30000305175781,3010,0.0,0.0
2025-05-21 02:05:00+00:00,74.30000305175781,74.30000305175781,74.19999694824219,74.19999694824219,5000,0.0,0.0
2025-05-21 02:10:00+00:00,74.30000305175781,74.30000305175781,74.30000305175781,74.30000305175781,3200,0.0,0.0
2025-05-21 02:15:00+00:00,74.30000305175781,74.30000305175781,74.19999694824219,74.19999694824219,12429,0.0,0.0
2025-05-21 02:20:00+00:00,74.19999694824219,74.19999694824219,74.19999694824219,74.19999694824219,14171,0.0,0.0
2025-05-21 02:25:00+00:00,74.19999694824219,74.19999694824219,74.19999694824219,74.19999694824219,3000,0.0,0.0
2025-05-21 02:30:00+00:00,74.30000305175781,74.30000305175781,74.30000305175781,74.30000305175781,1000,0.0,0.0
2025-05-21 02:35:00+00:00,74.30000305175781,74.4000015258789,74.30000305175781,74.4000015258789,14000,0.0,0.0
2025-05-21 02:40:00+00:00,74.4000015258789,74.5,74.4000015258789,74.5,51000,0.0,0.0
2025-05-21 02:45:00+00:00,74.5,74.5999984741211,74.5,74.5999984741211,23053,0.0,0.0
2025-05-21 02:50:00+00:00,74.5999984741211,74.69999694824219,74.5,74.5,27000,0.0,0.0
2025-05-21 02:55:00+00:00,74.5999984741211,74.69999694824219,74.5999984741211,74.69999694824219,24000,0.0,0.0
2025-05-21 03:00:00+00:00,74.69999694824219,74.80000305175781,74.69999694824219,74.80000305175781,40000,0.0,0.0
2025-05-21 03:05:00+00:00,74.80000305175781,74.9000015258789,74.80000305175781,74.80000305175781,13003,0.0,0.0
2025-05-21 03:10:00+00:00,74.80000305175781,74.80000305175781,74.69999694824219,74.69999694824219,6000,0.0,0.0
2025-05-21 03:15:00+00:00,74.69999694824219,74.69999694824219,74.69999694824219,74.69999694824219,4000,0.0,0.0
2025-05-21 03:20:00+00:00,74.80000305175781,74.80000305175781,74.80000305175781,74.80000305175781,9113,0.0,0.0
2025-05-21 03:25:00+00:00,74.80000305175781,74.80000305175781,74.80000305175781,74.80000305175781,2005,0.0,0.0
2025-05-21 03:30:00+00:00,74.80000305175781,74.80000305175781,74.80000305175781,74.80000305175781,2000,0.0,0.0
2025-05-21 03:35:00+00:00,74.69999694824219,74.69999694824219,74.69999694824219,74.69999694824219,13000,0.0,0.0
2025-05-21 03:40:00+00:00,74.69999694824219,74.80000305175781,74.69999694824219,74.80000305175781,29100,0.0,0.0
2025-05-21 03:45:00+00:00,74.80000305175781,74.9000015258789,74.80000305175781,74.9000015258789,40013,0.0,0.0
2025-05-21 03:50:00+00:00,74.80000305175781,74.9000015258789,74.80000305175781,74.80000305175781,8000,0.0,0.0
2025-05-21 03:55:00+00:00,74.80000305175781,74.80000305175781,74.80000305175781,74.80000305175781,4000,0.0,0.0
2025-05-21 04:00:00+00:00,74.80000305175781,74.80000305175781,74.80000305175781,74.80000305175781,15100,0.0,0.0
2025-05-21 04:05:00+00:00,74.80000305175781,74.80000305175781,74.69999694824219,74.80000305175781,7017,0.0,0.0
2025-05-21 04:15:00+00:00,74.80000305175781,74.80000305175781,74.80000305175781,74.80000305175781,1003,0.0,0.0
2025-05-21 04:20:00+00:00,74.80000305175781,74.80000305175781,74.80000305175781,74.80000305175781,13000,0.0,0.0
2025-05-21 04:25:00+00:00,74.69999694824219,74.80000305175781,74.69999694824219,74.80000305175781,9400,0.0,0.0
2025-05-21 04:30:00+00:00,74.80000305175781,74.80000305175781,74.80000305175781,74.80000305175781,3386,0.0,0.0
2025-05-21 04:35:00+00:00,74.80000305175781,74.80000305175781,74.80000305175781,74.80000305175781,3164,0.0,0.0
2025-05-21 04:40:00+00:00,74.80000305175781,74.9000015258789,74.80000305175781,74.9000015258789,2186,0.0,0.0
2025-05-21 04:45:00+00:00,74.80000305175781,74.80000305175781,74.80000305175781,74.80000305175781,11000,0.0,0.0
2025-05-21 04:50:00+00:00,74.80000305175781,74.80000305175781,74.5999984741211,74.5999984741211,39000,0.0,0.0
2025-05-21 04:55:00+00:00,74.69999694824219,74.69999694824219,74.69999694824219,74.69999694824219,11000,0.0,0.0
2025-05-21 05:00:00+00:00,74.69999694824219,74.80000305175781,74.69999694824219,74.69999694824219,4000,0.0,0.0
2025-05-21 05:05:00+00:00,74.69999694824219,74.69999694824219,74.69999694824219,74.69999694824219,6101,0.0,0.0
2025-05-21 05:10:00+00:00,74.69999694824219,74.80000305175781,74.69999694824219,74.69999694824219,7055,0.0,0.0
2025-05-21 05:15:00+00:00,74.69999694824219,74.69999694824219,74.69999694824219,74.69999694824219,17785,0.0,0.0
2025-05-21 05:20:00+00:00,74.80000305175781,75.0,74.80000305175781,74.9000015258789,60122,0.0,0.0
2025-05-22 01:00:00+00:00,74.5,74.5,74.0,74.0,0,0.0,0.0
2025-05-22 01:05:00+00:00,74.0,74.5,74.0,74.5,23114,0.0,0.0
2025-05-22 01:10:00+00:00,74.30000305175781,74.4000015258789,74.30000305175781,74.4000015258789,7340,0.0,0.0
2025-05-22 01:15:00+00:00,74.4000015258789,74.5,74.4000015258789,74.5,64000,0.0,0.0
2025-05-22 01:20:00+00:00,74.30000305175781,74.30000305175781,74.30000305175781,74.30000305175781,16240,0.0,0.0
2025-05-22 01:25:00+00:00,74.30000305175781,74.30000305175781,74.30000305175781,74.30000305175781,5010,0.0,0.0
2025-05-22 01:30:00+00:00,74.30000305175781,74.30000305175781,74.30000305175781,74.30000305175781,6040,0.0,0.0
2025-05-22 01:35:00+00:00,74.30000305175781,74.30000305175781,74.30000305175781,74.30000305175781,2010,0.0,0.0
2025-05-22 01:40:00+00:00,74.30000305175781,74.30000305175781,74.30000305175781,74.30000305175781,2000,0.0,0.0
2025-05-22 01:45:00+00:00,74.4000015258789,74.4000015258789,74.30000305175781,74.30000305175781,9000,0.0,0.0
2025-05-22 01:50:00+00:00,74.30000305175781,74.30000305175781,74.0999984741211,74.19999694824219,22000,0.0,0.0
2025-05-22 01:55:00+00:00,74.19999694824219,74.19999694824219,74.19999694824219,74.19999694824219,5000,0.0,0.0
2025-05-22 02:00:00+00:00,74.19999694824219,74.30000305175781,74.19999694824219,74.30000305175781,34150,0.0,0.0
2025-05-22 02:05:00+00:00,74.19999694824219,74.19999694824219,74.0999984741211,74.0999984741211,12000,0.0,0.0
2025-05-22 02:10:00+00:00,74.19999694824219,74.19999694824219,74.19999694824219,74.19999694824219,3010,0.0,0.0
2025-05-22 02:15:00+00:00,74.30000305175781,74.30000305175781,74.0999984741211,74.0999984741211,3090,0.0,0.0
2025-05-22 02:20:00+00:00,74.0999984741211,74.19999694824219,74.0999984741211,74.19999694824219,2000,0.0,0.0
2025-05-22 02:25:00+00:00,74.19999694824219,74.19999694824219,74.19999694824219,74.19999694824219,3000,0.0,0.0
2025-05-22 02:30:00+00:00,74.4000015258789,74.4000015258789,74.4000015258789,74.4000015258789,4100,0.0,0.0
2025-05-22 02:35:00+00:00,74.30000305175781,74.30000305175781,74.19999694824219,74.19999694824219,5000,0.0,0.0
2025-05-22 02:40:00+00:00,74.19999694824219,74.30000305175781,74.19999694824219,74.19999694824219,13000,0.0,0.0
2025-05-22 02:45:00+00:00,74.19999694824219,74.19999694824219,74.0999984741211,74.0999984741211,23199,0.0,0.0
2025-05-22 02:50:00+00:00,74.0999984741211,74.0999984741211,74.0,74.0,26604,0.0,0.0
2025-05-22 02:55:00+00:00,74.0,74.0,74.0,74.0,3477,0.0,0.0
2025-05-22 03:00:00+00:00,74.0,74.0,74.0,74.0,6030,0.0,0.0
2025-05-22 03:05:00+00:00,74.0999984741211,74.0999984741211,74.0999984741211,74.0999984741211,3000,0.0,0.0
2025-05-22 03:10:00+00:00,74.0,74.0,74.0,74.0,10524,0.0,0.0
2025-05-22 03:15:00+00:00,74.0,74.0999984741211,74.0,74.0999984741211,3000,0.0,0.0
2025-05-22 03:20:00+00:00,74.0,74.0999984741211,74.0,74.0999984741211,11000,0.0,0.0
2025-05-22 03:25:00+00:00,74.0999984741211,74.0999984741211,74.0999984741211,74.0999984741211,3000,0.0,0.0
2025-05-22 03:30:00+00:00,74.0999984741211,74.0999984741211,74.0999984741211,74.0999984741211,3000,0.0,0.0
2025-05-22 03:35:00+00:00,74.0999984741211,74.0999984741211,73.9000015258789,73.9000015258789,20000,0.0,0.0
2025-05-22 03:40:00+00:00,73.9000015258789,73.9000015258789,73.9000015258789,73.9000015258789,11000,0.0,0.0
2025-05-22 03:50:00+00:00,74.0,74.0999984741211,74.0,74.0999984741211,2000,0.0,0.0
2025-05-22 03:55:00+00:00,74.0999984741211,74.0999984741211,74.0999984741211,74.0999984741211,1000,0.0,0.0
2025-05-22 04:00:00+00:00,74.0,74.0999984741211,74.0,74.0999984741211,2132,0.0,0.0
2025-05-22 04:10:00+00:00,74.19999694824219,74.19999694824219,74.0999984741211,74.0999984741211,3000,0.0,0.0
2025-05-22 04:15:00+00:00,74.0999984741211,74.0999984741211,74.0999984741211,74.0999984741211,6015,0.0,0.0
2025-05-22 04:25:00+00:00,74.0,74.0999984741211,74.0,74.0,12040,0.0,0.0
2025-05-22 04:30:00+00:00,74.0,74.0999984741211,74.0,74.0999984741211,5029,0.0,0.0
2025-05-22 04:35:00+00:00,74.0999984741211,74.0999984741211,74.0,74.0999984741211,5081,0.0,0.0
2025-05-22 04:40:00+00:00,74.0999984741211,74.0999984741211,74.0999984741211,74.0999984741211,1003,0.0,0.0
2025-05-22 04:45:00+00:00,74.0999984741211,74.19999694824219,74.0999984741211,74.19999694824219,6000,0.0,0.0
2025-05-22 04:50:00+00:00,74.19999694824219,74.19999694824219,74.19999694824219,74.19999694824219,2000,0.0,0.0
2025-05-22 04:55:00+00:00,74.0999984741211,74.0999984741211,74.0999984741211,74.0999984741211,3000,0.0,0.0
2025-05-22 05:00:00+00:00,74.0999984741211,74.0999984741211,74.0999984741211,74.0999984741211,9167,0.0,0.0
2025-05-22 05:05:00+00:00,74.0999984741211,74.19999694824219,74.0999984741211,74.0999984741211,15147,0.0,0.0
2025-05-22 05:10:00+00:00,74.19999694824219,74.19999694824219,74.0,74.0,17000,0.0,0.0
2025-05-22 05:15:00+00:00,74.0,74.0999984741211,74.0,74.0,51000,0.0,0.0
2025-05-22 05:20:00+00:00,73.9000015258789,74.0,73.9000015258789,73.9000015258789,22110,0.0,0.0
2025-05-23 01:00:00+00:00,74.5,74.5999984741211,74.5,74.5999984741211,0,0.0,0.0
2025-05-23 01:05:00+00:00,74.5,74.5999984741211,74.5,74.5999984741211,48000,0.0,0.0
2025-05-23 01:10:00+00:00,74.5999984741211,74.80000305175781,74.5999984741211,74.69999694824219,47318,0.0,0.0
2025-05-23 01:15:00+00:00,74.69999694824219,74.80000305175781,74.69999694824219,74.69999694824219,12453,0.0,0.0
2025-05-23 01:20:00+00:00,74.69999694824219,74.69999694824219,74.4000015258789,74.5,35000,0.0,0.0
2025-05-23 01:25:00+00:00,74.5,74.5,74.30000305175781,74.5,6050,0.0,0.0
2025-05-23 01:30:00+00:00,74.5,74.5,74.30000305175781,74.30000305175781,14070,0.0,0.0
2025-05-23 01:35:00+00:00,74.30000305175781,74.30000305175781,74.30000305175781,74.30000305175781,8000,0.0,0.0
2025-05-23 01:40:00+00:00,74.30000305175781,74.4000015258789,74.19999694824219,74.4000015258789,10205,0.0,0.0
2025-05-23 01:45:00+00:00,74.30000305175781,74.4000015258789,74.30000305175781,74.30000305175781,42045,0.0,0.0
2025-05-23 01:50:00+00:00,74.30000305175781,74.69999694824219,74.30000305175781,74.5999984741211,39006,0.0,0.0
2025-05-23 01:55:00+00:00,74.5999984741211,74.5999984741211,74.5,74.5,23098,0.0,0.0
2025-05-23 02:00:00+00:00,74.4000015258789,74.4000015258789,74.30000305175781,74.4000015258789,23054,0.0,0.0
2025-05-23 02:05:00+00:00,74.4000015258789,74.4000015258789,74.4000015258789,74.4000015258789,3002,0.0,0.0
2025-05-23 02:10:00+00:00,74.5,74.5,74.30000305175781,74.30000305175781,21000,0.0,0.0
2025-05-23 02:20:00+00:00,74.4000015258789,74.69999694824219,74.4000015258789,74.69999694824219,52000,0.0,0.0
2025-05-23 02:25:00+00:00,74.69999694824219,74.69999694824219,74.69999694824219,74.69999694824219,14500,0.0,0.0
2025-05-23 02:30:00+00:00,74.69999694824219,74.69999694824219,74.5999984741211,74.5999984741211,8580,0.0,0.0
2025-05-23 02:35:00+00:00,74.5,74.5999984741211,74.5,74.5999984741211,25170,0.0,0.0
2025-05-23 02:45:00+00:00,74.5999984741211,74.5999984741211,74.5999984741211,74.5999984741211,1007,0.0,0.0
2025-05-23 02:50:00+00:00,74.5,74.5,74.5,74.5,1004,0.0,0.0
2025-05-23 02:55:00+00:00,74.5,74.5,74.5,74.5,4050,0.0,0.0
2025-05-23 03:00:00+00:00,74.4000015258789,74.5,74.4000015258789,74.5,7000,0.0,0.0
2025-05-23 03:05:00+00:00,74.5,74.5999984741211,74.5,74.5,8003,0.0,0.0
2025-05-23 03:10:00+00:00,74.5999984741211,74.5999984741211,74.5,74.5,13010,0.0,0.0
2025-05-23 03:15:00+00:00,74.5,74.5,74.5,74.5,2150,0.0,0.0
2025-05-23 03:20:00+00:00,74.5,74.5,74.5,74.5,5030,0.0,0.0
2025-05-23 03:25:00+00:00,74.5,74.5,74.5,74.5,1003,0.0,0.0
2025-05-23 03:30:00+00:00,74.5,74.5,74.5,74.5,6000,0.0,0.0
2025-05-23 03:45:00+00:00,74.4000015258789,74.4000015258789,74.4000015258789,74.4000015258789,4045,0.0,0.0
2025-05-23 03:50:00+00:00,74.4000015258789,74.4000015258789,74.30000305175781,74.30000305175781,5000,0.0,0.0
2025-05-23 03:55:00+00:00,74.30000305175781,74.30000305175781,74.30000305175781,74.30000305175781,7303,0.0,0.0
2025-05-23 04:05:00+00:00,74.30000305175781,74.30000305175781,74.30000305175781,74.30000305175781,2000,0.0,0.0
2025-05-23 04:10:00+00:00,74.19999694824219,74.19999694824219,74.0999984741211,74.19999694824219,9004,0.0,0.0
2025-05-23 04:15:00+00:00,74.0999984741211,74.19999694824219,74.0999984741211,74.19999694824219,3000,0.0,0.0
2025-05-23 04:20:00+00:00,74.0999984741211,74.19999694824219,74.0,74.0999984741211,32744,0.0,0.0
2025-05-23 04:25:00+00:00,74.0,74.0,73.80000305175781,73.80000305175781,62690,0.0,0.0
2025-05-23 04:30:00+00:00,73.80000305175781,73.80000305175781,73.80000305175781,73.80000305175781,1000,0.0,0.0
2025-05-23 04:35:00+00:00,73.80000305175781,73.9000015258789,73.80000305175781,73.80000305175781,6000,0.0,0.0
2025-05-23 04:40:00+00:00,73.80000305175781,74.0,73.80000305175781,73.9000015258789,6572,0.0,0.0
2025-05-23 04:45:00+00:00,74.0,74.0,73.80000305175781,73.80000305175781,6200,0.0,0.0
2025-05-23 04:50:00+00:00,73.80000305175781,73.9000015258789,73.80000305175781,73.9000015258789,13248,0.0,0.0
2025-05-23 04:55:00+00:00,73.9000015258789,74.0,73.80000305175781,74.0,3230,0.0,0.0
2025-05-23 05:00:00+00:00,73.9000015258789,73.9000015258789,73.80000305175781,73.80000305175781,11410,0.0,0.0
2025-05-23 05:05:00+00:00,73.80000305175781,74.0,73.80000305175781,73.9000015258789,11103,0.0,0.0
2025-05-23 05:10:00+00:00,74.0,74.0,74.0,74.0,7000,0.0,0.0
2025-05-23 05:15:00+00:00,74.0,74.0,74.0,74.0,2000,0.0,0.0
2025-05-23 05:20:00+00:00,74.0,74.0999984741211,73.9000015258789,73.9000015258789,31003,0.0,0.0
2025-05-26 01:00:00+00:00,73.80000305175781,73.80000305175781,73.19999694824219,73.30000305175781,0,0.0,0.0
2025-05-26 01:05:00+00:00,73.30000305175781,73.4000015258789,73.0,73.4000015258789,28156,0.0,0.0
2025-05-26 01:10:00+00:00,73.5,73.9000015258789,73.5,73.80000305175781,8053,0.0,0.0
2025-05-26 01:15:00+00:00,74.0,74.0,73.9000015258789,74.0,7145,0.0,0.0
2025-05-26 01:20:00+00:00,73.9000015258789,73.9000015258789,73.80000305175781,73.80000305175781,18000,0.0,0.0
2025-05-26 01:25:00+00:00,73.9000015258789,74.0,73.80000305175781,73.9000015258789,12050,0.0,0.0
2025-05-26 01:30:00+00:00,74.0,74.0999984741211,73.9000015258789,74.0,12205,0.0,0.0
2025-05-26 01:35:00+00:00,73.9000015258789,74.0,73.9000015258789,74.0,8224,0.0,0.0
2025-05-26 01:40:00+00:00,73.9000015258789,74.0999984741211,73.80000305175781,74.0999984741211,16026,0.0,0.0
2025-05-26 01:45:00+00:00,74.0999984741211,74.0999984741211,74.0,74.0999984741211,4171,0.0,0.0
2025-05-26 01:50:00+00:00,74.0999984741211,74.0999984741211,74.0,74.0,6000,0.0,0.0
2025-05-26 01:55:00+00:00,74.0,74.30000305175781,73.80000305175781,74.30000305175781,12014,0.0,0.0
2025-05-26 02:00:00+00:00,74.4000015258789,74.5,74.4000015258789,74.5,23354,0.0,0.0
2025-05-26 02:05:00+00:00,74.4000015258789,74.4000015258789,74.4000015258789,74.4000015258789,3000,0.0,0.0
2025-05-26 02:10:00+00:00,74.4000015258789,74.4000015258789,74.0999984741211,74.0999984741211,11000,0.0,0.0
2025-05-26 02:15:00+00:00,74.0999984741211,74.0999984741211,74.0,74.0,2000,0.0,0.0
2025-05-26 02:20:00+00:00,74.19999694824219,74.19999694824219,74.19999694824219,74.19999694824219,3101,0.0,0.0
2025-05-26 02:25:00+00:00,74.0999984741211,74.0999984741211,74.0999984741211,74.0999984741211,1000,0.0,0.0
2025-05-26 02:30:00+00:00,74.19999694824219,74.19999694824219,74.19999694824219,74.19999694824219,6000,0.0,0.0
2025-05-26 02:40:00+00:00,74.19999694824219,74.19999694824219,74.19999694824219,74.19999694824219,4000,0.0,0.0
2025-05-26 02:45:00+00:00,74.19999694824219,74.19999694824219,74.19999694824219,74.19999694824219,7000,0.0,0.0
2025-05-26 02:55:00+00:00,74.0999984741211,74.0999984741211,74.0999984741211,74.0999984741211,9119,0.0,0.0
2025-05-26 03:05:00+00:00,74.0,74.0999984741211,74.0,74.0999984741211,4000,0.0,0.0
2025-05-26 03:15:00+00:00,74.0999984741211,74.0999984741211,74.0999984741211,74.0999984741211,5000,0.0,0.0
2025-05-26 03:20:00+00:00,74.0999984741211,74.0999984741211,74.0999984741211,74.0999984741211,1003,0.0,0.0
2025-05-26 03:30:00+00:00,74.0,74.0,74.0,74.0,7000,0.0,0.0
2025-05-26 03:35:00+00:00,74.0,74.0,73.9000015258789,73.9000015258789,12000,0.0,0.0
2025-05-26 03:40:00+00:00,74.0,74.0,74.0,74.0,2000,0.0,0.0
2025-05-26 03:45:00+00:00,73.9000015258789,73.9000015258789,73.9000015258789,73.9000015258789,1000,0.0,0.0
2025-05-26 03:55:00+00:00,73.9000015258789,73.9000015258789,73.80000305175781,73.80000305175781,6024,0.0,0.0
2025-05-26 04:00:00+00:00,73.80000305175781,73.80000305175781,73.80000305175781,73.80000305175781,7035,0.0,0.0
2025-05-26 04:05:00+00:00,73.9000015258789,73.9000015258789,73.9000015258789,73.9000015258789,4000,0.0,0.0
2025-05-26 04:10:00+00:00,73.9000015258789,73.9000015258789,73.9000015258789,73.9000015258789,3004,0.0,0.0
2025-05-26 04:15:00+00:00,74.0999984741211,74.0999984741211,73.80000305175781,73.80000305175781,25223,0.0,0.0
2025-05-26 04:20:00+00:00,73.80000305175781,73.80000305175781,73.69999694824219,73.69999694824219,25224,0.0,0.0
2025-05-26 04:25:00+00:00,73.5999984741211,73.69999694824219,73.5999984741211,73.5999984741211,11503,0.0,0.0
2025-05-26 04:30:00+00:00,73.5999984741211,73.5999984741211,73.5999984741211,73.5999984741211,7000,0.0,0.0
2025-05-26 04:35:00+00:00,73.69999694824219,73.80000305175781,73.69999694824219,73.80000305175781,27000,0.0,0.0
2025-05-26 04:40:00+00:00,73.80000305175781,73.80000305175781,73.80000305175781,73.80000305175781,5000,0.0,0.0
2025-05-26 04:45:00+00:00,73.80000305175781,73.9000015258789,73.80000305175781,73.80000305175781,6009,0.0,0.0
2025-05-26 04:50:00+00:00,73.9000015258789,73.9000015258789,73.9000015258789,73.9000015258789,1000,0.0,0.0
2025-05-26 04:55:00+00:00,73.9000015258789,73.9000015258789,73.9000015258789,73.9000015258789,4000,0.0,0.0
2025-05-26 05:00:00+00:00,73.80000305175781,73.80000305175781,73.80000305175781,73.80000305175781,3030,0.0,0.0
2025-05-26 05:05:00+00:00,73.80000305175781,73.80000305175781,73.80000305175781,73.80000305175781,4000,0.0,0.0
2025-05-26 05:10:00+00:00,73.80000305175781,73.9000015258789,73.80000305175781,73.9000015258789,3000,0.0,0.0
2025-05-26 05:15:00+00:00,73.80000305175781,73.9000015258789,73.80000305175781,73.9000015258789,11300,0.0,0.0
2025-05-26 05:20:00+00:00,73.9000015258789,74.0,73.9000015258789,73.9000015258789,5300,0.0,0.0
2025-05-27 01:00:00+00:00,74.0,74.4000015258789,74.0,74.0,0,0.0,0.0
2025-05-27 01:05:00+00:00,74.0999984741211,74.0999984741211,74.0,74.0,9002,0.0,0.0
2025-05-27 01:10:00+00:00,74.0,74.0,73.9000015258789,74.0,7058,0.0,0.0
2025-05-27 01:15:00+00:00,74.0,74.19999694824219,74.0,74.19999694824219,9000,0.0,0.0
2025-05-27 01:20:00+00:00,74.19999694824219,74.30000305175781,74.19999694824219,74.30000305175781,7092,0.0,0.0
2025-05-27 01:25:00+00:00,74.30000305175781,74.30000305175781,74.30000305175781,74.30000305175781,8000,0.0,0.0
2025-05-27 01:30:00+00:00,74.30000305175781,74.30000305175781,74.19999694824219,74.30000305175781,5000,0.0,0.0
2025-05-27 01:35:00+00:00,74.30000305175781,74.30000305175781,74.19999694824219,74.19999694824219,8000,0.0,0.0
2025-05-27 01:40:00+00:00,74.0999984741211,74.19999694824219,74.0999984741211,74.0999984741211,15019,0.0,0.0
2025-05-27 01:45:00+00:00,74.0999984741211,74.0999984741211,74.0,74.0,6000,0.0,0.0
2025-05-27 01:50:00+00:00,74.0,74.0999984741211,74.0,74.0,15109,0.0,0.0
2025-05-27 01:55:00+00:00,74.0,74.0,73.69999694824219,73.69999694824219,22061,0.0,0.0
2025-05-27 02:00:00+00:00,73.69999694824219,73.69999694824219,73.4000015258789,73.4000015258789,19300,0.0,0.0
2025-05-27 02:05:00+00:00,73.4000015258789,73.4000015258789,73.4000015258789,73.4000015258789,6015,0.0,0.0
2025-05-27 02:10:00+00:00,73.4000015258789,73.4000015258789,73.19999694824219,73.19999694824219,10965,0.0,0.0
2025-05-27 02:15:00+00:00,73.30000305175781,73.4000015258789,73.30000305175781,73.4000015258789,11007,0.0,0.0
2025-05-27 02:20:00+00:00,73.30000305175781,73.30000305175781,73.30000305175781,73.30000305175781,6006,0.0,0.0
2025-05-27 02:25:00+00:00,73.4000015258789,73.4000015258789,73.4000015258789,73.4000015258789,1145,0.0,0.0
2025-05-27 02:30:00+00:00,73.4000015258789,73.5,73.4000015258789,73.5,3250,0.0,0.0
2025-05-27 02:40:00+00:00,73.5999984741211,73.5999984741211,73.5999984741211,73.5999984741211,4000,0.0,0.0
2025-05-27 02:45:00+00:00,73.5,73.5,73.4000015258789,73.4000015258789,6067,0.0,0.0
2025-05-27 02:50:00+00:00,73.4000015258789,73.4000015258789,73.30000305175781,73.30000305175781,11000,0.0,0.0
2025-05-27 02:55:00+00:00,73.4000015258789,73.4000015258789,73.4000015258789,73.4000015258789,1000,0.0,0.0
2025-05-27 03:00:00+00:00,73.30000305175781,73.30000305175781,73.30000305175781,73.30000305175781,3040,0.0,0.0
2025-05-27 03:05:00+00:00,73.4000015258789,73.4000015258789,73.4000015258789,73.4000015258789,2129,0.0,0.0
2025-05-27 03:10:00+00:00,73.30000305175781,73.30000305175781,73.19999694824219,73.19999694824219,12070,0.0,0.0
2025-05-27 03:15:00+00:00,73.19999694824219,73.30000305175781,73.19999694824219,73.30000305175781,5018,0.0,0.0
2025-05-27 03:20:00+00:00,73.30000305175781,73.30000305175781,73.19999694824219,73.19999694824219,8000,0.0,0.0
2025-05-27 03:25:00+00:00,73.30000305175781,73.30000305175781,73.0999984741211,73.0999984741211,15261,0.0,0.0
2025-05-27 03:30:00+00:00,73.0999984741211,73.0999984741211,73.0,73.0999984741211,34167,0.0,0.0
2025-05-27 03:35:00+00:00,73.0999984741211,73.0999984741211,73.0,73.0,27480,0.0,0.0
2025-05-27 03:40:00+00:00,73.0,73.0,73.0,73.0,8495,0.0,0.0
2025-05-27 03:45:00+00:00,73.0,73.0,73.0,73.0,10000,0.0,0.0
2025-05-27 03:50:00+00:00,73.0,73.0,73.0,73.0,2751,0.0,0.0
2025-05-27 03:55:00+00:00,73.0,73.0,72.9000015258789,72.9000015258789,19123,0.0,0.0
2025-05-27 04:00:00+00:00,72.9000015258789,72.9000015258789,72.9000015258789,72.9000015258789,7318,0.0,0.0
2025-05-27 04:05:00+00:00,72.9000015258789,72.9000015258789,72.9000015258789,72.9000015258789,27200,0.0,0.0
2025-05-27 04:10:00+00:00,73.0,73.0,73.0,73.0,14317,0.0,0.0
2025-05-27 04:15:00+00:00,72.9000015258789,73.0,72.9000015258789,72.9000015258789,13002,0.0,0.0
2025-05-27 04:20:00+00:00,72.80000305175781,72.80000305175781,72.69999694824219,72.69999694824219,37001,0.0,0.0
2025-05-27 04:25:00+00:00,72.69999694824219,72.80000305175781,72.69999694824219,72.69999694824219,8000,0.0,0.0
2025-05-27 04:30:00+00:00,72.69999694824219,72.9000015258789,72.69999694824219,72.9000015258789,21000,0.0,0.0
2025-05-27 04:40:00+00:00,72.9000015258789,72.9000015258789,72.80000305175781,72.80000305175781,5500,0.0,0.0
2025-05-27 04:45:00+00:00,72.80000305175781,72.80000305175781,72.80000305175781,72.80000305175781,20000,0.0,0.0
2025-05-27 04:55:00+00:00,72.80000305175781,72.9000015258789,72.80000305175781,72.9000015258789,19396,0.0,0.0
2025-05-27 05:00:00+00:00,72.9000015258789,72.9000015258789,72.9000015258789,72.9000015258789,3000,0.0,0.0
2025-05-27 05:05:00+00:00,72.9000015258789,73.0,72.9000015258789,73.0,18072,0.0,0.0
2025-05-27 05:10:00+00:00,73.0,73.0999984741211,73.0,73.0999984741211,3200,0.0,0.0
2025-05-27 05:15:00+00:00,73.0999984741211,73.0999984741211,72.9000015258789,72.9000015258789,17120,0.0,0.0
2025-05-27 05:20:00+00:00,72.9000015258789,73.0,72.9000015258789,73.0,8030,0.0,0.0
2025-05-28 01:00:00+00:00,73.0,73.30000305175781,73.0,73.30000305175781,0,0.0,0.0
2025-05-28 01:05:00+00:00,73.30000305175781,73.80000305175781,73.30000305175781,73.80000305175781,18700,0.0,0.0
2025-05-28 01:10:00+00:00,73.69999694824219,73.69999694824219,73.69999694824219,73.69999694824219,5105,0.0,0.0
2025-05-28 01:15:00+00:00,73.5,73.5,73.0999984741211,73.0999984741211,12170,0.0,0.0
2025-05-28 01:20:00+00:00,73.0,73.0,72.9000015258789,73.0,30009,0.0,0.0
2025-05-28 01:25:00+00:00,73.0,73.0,72.9000015258789,72.9000015258789,19036,0.0,0.0
2025-05-28 01:30:00+00:00,72.9000015258789,72.9000015258789,72.80000305175781,72.80000305175781,25140,0.0,0.0
2025-05-28 01:35:00+00:00,72.69999694824219,73.0,72.69999694824219,73.0,23235,0.0,0.0
2025-05-28 01:40:00+00:00,73.0,73.0,73.0,73.0,1000,0.0,0.0
2025-05-28 01:45:00+00:00,73.0,73.0999984741211,73.0,73.0999984741211,10000,0.0,0.0
2025-05-28 01:50:00+00:00,73.0,73.0,72.9000015258789,72.9000015258789,12000,0.0,0.0
2025-05-28 01:55:00+00:00,73.0,73.0,72.9000015258789,72.9000015258789,2000,0.0,0.0
2025-05-28 02:00:00+00:00,73.0,73.0,73.0,73.0,5000,0.0,0.0
2025-05-28 02:05:00+00:00,73.0999984741211,73.0999984741211,73.0999984741211,73.0999984741211,4100,0.0,0.0
2025-05-28 02:10:00+00:00,73.0999984741211,73.0999984741211,73.0,73.0,8736,0.0,0.0
2025-05-28 02:20:00+00:00,73.0,73.0,72.69999694824219,72.69999694824219,33570,0.0,0.0
2025-05-28 02:25:00+00:00,72.69999694824219,72.80000305175781,72.69999694824219,72.80000305175781,5071,0.0,0.0
2025-05-28 02:30:00+00:00,72.9000015258789,72.9000015258789,72.9000015258789,72.9000015258789,1000,0.0,0.0
2025-05-28 02:35:00+00:00,72.80000305175781,72.80000305175781,72.80000305175781,72.80000305175781,1000,0.0,0.0
2025-05-28 02:45:00+00:00,72.80000305175781,72.9000015258789,72.80000305175781,72.9000015258789,12200,0.0,0.0
2025-05-28 02:50:00+00:00,72.9000015258789,72.9000015258789,72.9000015258789,72.9000015258789,4000,0.0,0.0
2025-05-28 02:55:00+00:00,72.80000305175781,72.80000305175781,72.80000305175781,72.80000305175781,5005,0.0,0.0
2025-05-28 03:05:00+00:00,72.9000015258789,72.9000015258789,72.9000015258789,72.9000015258789,3320,0.0,0.0
2025-05-28 03:15:00+00:00,72.9000015258789,72.9000015258789,72.9000015258789,72.9000015258789,6000,0.0,0.0
2025-05-28 03:20:00+00:00,72.9000015258789,72.9000015258789,72.9000015258789,72.9000015258789,1000,0.0,0.0
2025-05-28 03:25:00+00:00,72.9000015258789,73.0,72.9000015258789,73.0,2040,0.0,0.0
2025-05-28 03:30:00+00:00,72.9000015258789,72.9000015258789,72.9000015258789,72.9000015258789,6000,0.0,0.0
2025-05-28 03:35:00+00:00,72.9000015258789,72.9000015258789,72.80000305175781,72.80000305175781,16000,0.0,0.0
2025-05-28 03:40:00+00:00,72.69999694824219,72.69999694824219,72.5999984741211,72.5999984741211,26355,0.0,0.0
2025-05-28 03:45:00+00:00,72.69999694824219,72.69999694824219,72.5999984741211,72.5999984741211,12099,0.0,0.0
2025-05-28 03:50:00+00:00,72.5999984741211,72.5999984741211,72.5999984741211,72.5999984741211,2000,0.0,0.0
2025-05-28 03:55:00+00:00,72.69999694824219,72.80000305175781,72.69999694824219,72.80000305175781,9070,0.0,0.0
2025-05-28 04:05:00+00:00,72.69999694824219,72.69999694824219,72.69999694824219,72.69999694824219,6000,0.0,0.0
2025-05-28 04:10:00+00:00,72.5999984741211,72.5999984741211,72.5999984741211,72.5999984741211,7100,0.0,0.0
2025-05-28 04:15:00+00:00,72.5,72.5,72.5,72.5,8018,0.0,0.0
2025-05-28 04:20:00+00:00,72.4000015258789,72.4000015258789,72.4000015258789,72.4000015258789,24085,0.0,0.0
2025-05-28 04:25:00+00:00,72.30000305175781,72.4000015258789,72.30000305175781,72.4000015258789,23080,0.0,0.0
2025-05-28 04:30:00+00:00,72.30000305175781,72.30000305175781,72.19999694824219,72.30000305175781,13870,0.0,0.0
2025-05-28 04:35:00+00:00,72.30000305175781,72.30000305175781,72.0999984741211,72.0999984741211,26005,0.0,0.0
2025-05-28 04:40:00+00:00,72.0999984741211,72.19999694824219,72.0999984741211,72.19999694824219,9002,0.0,0.0
2025-05-28 04:45:00+00:00,72.19999694824219,72.19999694824219,72.0999984741211,72.0999984741211,14000,0.0,0.0
2025-05-28 04:50:00+00:00,72.0999984741211,72.0999984741211,72.0999984741211,72.0999984741211,24070,0.0,0.0
2025-05-28 04:55:00+00:00,72.0,72.0,71.80000305175781,71.9000015258789,81044,0.0,0.0
2025-05-28 05:00:00+00:00,72.0,72.0999984741211,72.0,72.0999984741211,12018,0.0,0.0
2025-05-28 05:05:00+00:00,72.0999984741211,72.19999694824219,72.0999984741211,72.19999694824219,14100,0.0,0.0
2025-05-28 05:10:00+00:00,72.19999694824219,72.30000305175781,72.19999694824219,72.19999694824219,7015,0.0,0.0
2025-05-28 05:15:00+00:00,72.30000305175781,72.4000015258789,72.19999694824219,72.30000305175781,24060,0.0,0.0
2025-05-28 05:20:00+00:00,72.19999694824219,72.4000015258789,72.19999694824219,72.4000015258789,11875,0.0,0.0
2025-05-29 01:00:00+00:00,73.4000015258789,73.4000015258789,72.9000015258789,72.9000015258789,0,0.0,0.0
2025-05-29 01:05:00+00:00,72.9000015258789,74.69999694824219,72.9000015258789,74.30000305175781,132425,0.0,0.0
2025-05-29 01:10:00+00:00,74.19999694824219,74.4000015258789,74.0,74.0999984741211,101550,0.0,0.0
2025-05-29 01:15:00+00:00,74.0999984741211,74.19999694824219,73.9000015258789,73.9000015258789,33470,0.0,0.0
2025-05-29 01:20:00+00:00,73.80000305175781,73.80000305175781,73.5,73.5,14030,0.0,0.0
2025-05-29 01:25:00+00:00,73.5,73.5,73.5,73.5,14400,0.0,0.0
2025-05-29 01:30:00+00:00,73.5,73.80000305175781,73.5,73.80000305175781,19080,0.0,0.0
2025-05-29 01:35:00+00:00,73.80000305175781,73.9000015258789,73.69999694824219,73.80000305175781,20020,0.0,0.0
2025-05-29 01:40:00+00:00,73.80000305175781,73.80000305175781,73.80000305175781,73.80000305175781,6000,0.0,0.0
2025-05-29 01:45:00+00:00,73.80000305175781,73.80000305175781,73.69999694824219,73.80000305175781,5028,0.0,0.0
2025-05-29 01:50:00+00:00,73.9000015258789,73.9000015258789,73.80000305175781,73.80000305175781,10000,0.0,0.0
2025-05-29 01:55:00+00:00,73.80000305175781,73.80000305175781,73.80000305175781,73.80000305175781,11055,0.0,0.0
2025-05-29 02:00:00+00:00,73.80000305175781,73.80000305175781,73.69999694824219,73.69999694824219,5300,0.0,0.0
2025-05-29 02:05:00+00:00,73.69999694824219,73.69999694824219,73.69999694824219,73.69999694824219,4034,0.0,0.0
2025-05-29 02:10:00+00:00,73.69999694824219,73.69999694824219,73.5999984741211,73.5999984741211,10000,0.0,0.0
2025-05-29 02:15:00+00:00,73.5,73.5,73.5,73.5,18166,0.0,0.0
2025-05-29 02:20:00+00:00,73.5,73.5,73.5,73.5,1571,0.0,0.0
2025-05-29 02:30:00+00:00,73.5,73.5,73.5,73.5,5439,0.0,0.0
2025-05-29 02:40:00+00:00,73.5999984741211,73.9000015258789,73.5999984741211,73.9000015258789,19025,0.0,0.0
2025-05-29 02:45:00+00:00,73.9000015258789,73.9000015258789,73.9000015258789,73.9000015258789,2003,0.0,0.0
2025-05-29 02:50:00+00:00,73.9000015258789,74.0,73.9000015258789,74.0,18175,0.0,0.0
2025-05-29 02:55:00+00:00,73.9000015258789,74.19999694824219,73.9000015258789,74.19999694824219,25370,0.0,0.0
2025-05-29 03:00:00+00:00,74.19999694824219,74.19999694824219,74.19999694824219,74.19999694824219,2000,0.0,0.0
2025-05-29 03:05:00+00:00,74.19999694824219,74.19999694824219,74.0,74.0,10000,0.0,0.0
2025-05-29 03:10:00+00:00,74.0,74.19999694824219,74.0,74.19999694824219,11011,0.0,0.0
2025-05-29 03:15:00+00:00,74.19999694824219,74.19999694824219,74.19999694824219,74.19999694824219,5000,0.0,0.0
2025-05-29 03:20:00+00:00,74.19999694824219,74.19999694824219,74.0999984741211,74.19999694824219,35052,0.0,0.0
2025-05-29 03:25:00+00:00,74.30000305175781,74.30000305175781,74.30000305175781,74.30000305175781,2111,0.0,0.0
2025-05-29 03:30:00+00:00,74.30000305175781,74.5,74.30000305175781,74.4000015258789,61474,0.0,0.0
2025-05-29 03:35:00+00:00,74.4000015258789,74.4000015258789,74.19999694824219,74.4000015258789,11747,0.0,0.0
2025-05-29 03:40:00+00:00,74.30000305175781,74.4000015258789,74.30000305175781,74.4000015258789,8000,0.0,0.0
2025-05-29 03:45:00+00:00,74.30000305175781,74.30000305175781,74.30000305175781,74.30000305175781,7000,0.0,0.0
2025-05-29 03:50:00+00:00,74.19999694824219,74.4000015258789,74.19999694824219,74.4000015258789,15287,0.0,0.0
2025-05-29 04:00:00+00:00,74.4000015258789,74.4000015258789,74.4000015258789,74.4000015258789,2037,0.0,0.0
2025-05-29 04:05:00+00:00,74.4000015258789,74.4000015258789,74.30000305175781,74.30000305175781,9000,0.0,0.0
2025-05-29 04:10:00+00:00,74.30000305175781,74.4000015258789,74.19999694824219,74.19999694824219,15500,0.0,0.0
2025-05-29 04:15:00+00:00,74.0999984741211,74.0999984741211,74.0,74.0,3101,0.0,0.0
2025-05-29 04:20:00+00:00,74.0,74.0999984741211,73.9000015258789,73.9000015258789,22258,0.0,0.0
2025-05-29 04:25:00+00:00,73.9000015258789,73.9000015258789,73.9000015258789,73.9000015258789,8000,0.0,0.0
2025-05-29 04:30:00+00:00,73.80000305175781,73.9000015258789,73.80000305175781,73.9000015258789,12057,0.0,0.0
2025-05-29 04:35:00+00:00,73.9000015258789,73.9000015258789,73.9000015258789,73.9000015258789,2000,0.0,0.0
2025-05-29 04:40:00+00:00,73.9000015258789,73.9000015258789,73.9000015258789,73.9000015258789,3001,0.0,0.0
2025-05-29 04:45:00+00:00,74.0,74.30000305175781,74.0,74.30000305175781,14340,0.0,0.0
2025-05-29 04:50:00+00:00,74.0999984741211,74.0999984741211,74.0999984741211,74.0999984741211,2050,0.0,0.0
2025-05-29 04:55:00+00:00,74.0999984741211,74.19999694824219,74.0999984741211,74.19999694824219,3013,0.0,0.0
2025-05-29 05:00:00+00:00,74.30000305175781,74.30000305175781,74.19999694824219,74.19999694824219,8159,0.0,0.0
2025-05-29 05:05:00+00:00,74.19999694824219,74.30000305175781,74.19999694824219,74.30000305175781,7258,0.0,0.0
2025-05-29 05:10:00+00:00,74.19999694824219,74.19999694824219,74.19999694824219,74.19999694824219,17089,0.0,0.0
2025-05-29 05:15:00+00:00,74.19999694824219,74.19999694824219,74.0999984741211,74.19999694824219,30001,0.0,0.0
2025-05-29 05:20:00+00:00,74.0999984741211,74.30000305175781,74.0999984741211,74.30000305175781,18691,0.0,0.0
2025-06-02 01:00:00+00:00,73.69999694824219,73.69999694824219,73.19999694824219,73.5,0,0.0,0.0
2025-06-02 01:05:00+00:00,73.5999984741211,74.19999694824219,73.5999984741211,74.0999984741211,34607,0.0,0.0
2025-06-02 01:10:00+00:00,74.0,74.69999694824219,74.0,74.4000015258789,30380,0.0,0.0
2025-06-02 01:15:00+00:00,74.30000305175781,74.4000015258789,74.0999984741211,74.4000015258789,27000,0.0,0.0
2025-06-02 01:20:00+00:00,74.0999984741211,74.0999984741211,73.80000305175781,73.9000015258789,38100,0.0,0.0
2025-06-02 01:25:00+00:00,73.9000015258789,73.9000015258789,73.69999694824219,73.80000305175781,12000,0.0,0.0
2025-06-02 01:30:00+00:00,73.5999984741211,73.5999984741211,73.5,73.5,15110,0.0,0.0
2025-06-02 01:35:00+00:00,73.5,73.5999984741211,73.19999694824219,73.19999694824219,20280,0.0,0.0
2025-06-02 01:40:00+00:00,73.5,73.5,72.80000305175781,72.80000305175781,37739,0.0,0.0
2025-06-02 01:45:00+00:00,72.9000015258789,73.0,72.9000015258789,73.0,17112,0.0,0.0
2025-06-02 01:50:00+00:00,73.0999984741211,73.0999984741211,73.0,73.0,3020,0.0,0.0
2025-06-02 01:55:00+00:00,73.0999984741211,73.0999984741211,73.0999984741211,73.0999984741211,6000,0.0,0.0
2025-06-02 02:00:00+00:00,73.0999984741211,73.19999694824219,73.0999984741211,73.0999984741211,11230,0.0,0.0
2025-06-02 02:05:00+00:00,73.0,73.0,73.0,73.0,5014,0.0,0.0
2025-06-02 02:10:00+00:00,73.0999984741211,73.0999984741211,73.0,73.0,3000,0.0,0.0
2025-06-02 02:15:00+00:00,73.0,73.19999694824219,73.0,73.19999694824219,3000,0.0,0.0
2025-06-02 02:20:00+00:00,73.19999694824219,73.19999694824219,73.19999694824219,73.19999694824219,4000,0.0,0.0
2025-06-02 02:25:00+00:00,73.19999694824219,73.19999694824219,73.0999984741211,73.0999984741211,12000,0.0,0.0
2025-06-02 02:30:00+00:00,73.0,73.0,72.9000015258789,73.0,37176,0.0,0.0
2025-06-02 02:35:00+00:00,72.9000015258789,72.9000015258789,72.9000015258789,72.9000015258789,11000,0.0,0.0
2025-06-02 02:40:00+00:00,72.9000015258789,72.9000015258789,72.80000305175781,72.80000305175781,23000,0.0,0.0
2025-06-02 02:45:00+00:00,72.80000305175781,72.80000305175781,72.69999694824219,72.69999694824219,16194,0.0,0.0
2025-06-02 02:50:00+00:00,72.69999694824219,72.69999694824219,72.5999984741211,72.69999694824219,37055,0.0,0.0
2025-06-02 02:55:00+00:00,72.69999694824219,72.69999694824219,72.5999984741211,72.5999984741211,12000,0.0,0.0
2025-06-02 03:00:00+00:00,72.69999694824219,72.69999694824219,72.5,72.5999984741211,40105,0.0,0.0
2025-06-02 03:05:00+00:00,72.5999984741211,72.5999984741211,72.5,72.5,26254,0.0,0.0
2025-06-02 03:15:00+00:00,72.4000015258789,72.5999984741211,72.30000305175781,72.5,39100,0.0,0.0
2025-06-02 03:20:00+00:00,72.5,72.5999984741211,72.5,72.5,6050,0.0,0.0
2025-06-02 03:25:00+00:00,72.5,72.5,72.5,72.5,5100,0.0,0.0
2025-06-02 03:30:00+00:00,72.5999984741211,73.0,72.5999984741211,73.0,24540,0.0,0.0
2025-06-02 03:35:00+00:00,72.80000305175781,72.80000305175781,72.80000305175781,72.80000305175781,3000,0.0,0.0
2025-06-02 03:40:00+00:00,72.80000305175781,72.80000305175781,72.80000305175781,72.80000305175781,2000,0.0,0.0
2025-06-02 03:45:00+00:00,72.69999694824219,72.69999694824219,72.69999694824219,72.69999694824219,6030,0.0,0.0
2025-06-02 03:50:00+00:00,72.69999694824219,72.69999694824219,72.69999694824219,72.69999694824219,2000,0.0,0.0
2025-06-02 03:55:00+00:00,72.69999694824219,72.69999694824219,72.69999694824219,72.69999694824219,1000,0.0,0.0
2025-06-02 04:00:00+00:00,72.5999984741211,72.5999984741211,72.5999984741211,72.5999984741211,1270,0.0,0.0
2025-06-02 04:05:00+00:00,72.5999984741211,72.5999984741211,72.5999984741211,72.5999984741211,2155,0.0,0.0
2025-06-02 04:10:00+00:00,72.69999694824219,72.69999694824219,72.5999984741211,72.5999984741211,4000,0.0,0.0
2025-06-02 04:20:00+00:00,72.69999694824219,72.69999694824219,72.69999694824219,72.69999694824219,10591,0.0,0.0
2025-06-02 04:25:00+00:00,72.80000305175781,72.80000305175781,72.80000305175781,72.80000305175781,1000,0.0,0.0
2025-06-02 04:30:00+00:00,72.80000305175781,72.9000015258789,72.80000305175781,72.9000015258789,4303,0.0,0.0
2025-06-02 04:35:00+00:00,72.9000015258789,72.9000015258789,72.80000305175781,72.80000305175781,3001,0.0,0.0
2025-06-02 04:45:00+00:00,72.80000305175781,72.80000305175781,72.69999694824219,72.69999694824219,6000,0.0,0.0
2025-06-02 04:50:00+00:00,72.80000305175781,72.80000305175781,72.80000305175781,72.80000305175781,8000,0.0,0.0
2025-06-02 04:55:00+00:00,72.80000305175781,72.9000015258789,72.80000305175781,72.9000015258789,17000,0.0,0.0
2025-06-02 05:00:00+00:00,72.9000015258789,72.9000015258789,72.80000305175781,72.80000305175781,3000,0.0,0.0
2025-06-02 05:05:00+00:00,72.9000015258789,72.9000015258789,72.9000015258789,72.9000015258789,6000,0.0,0.0
2025-06-02 05:10:00+00:00,72.9000015258789,72.9000015258789,72.9000015258789,72.9000015258789,3108,0.0,0.0
2025-06-02 05:15:00+00:00,72.9000015258789,73.0999984741211,72.9000015258789,73.0,9069,0.0,0.0
2025-06-02 05:20:00+00:00,73.0999984741211,73.0999984741211,72.80000305175781,72.80000305175781,50120,0.0,0.0
2025-06-03 01:00:00+00:00,73.0999984741211,73.80000305175781,73.0999984741211,73.4000015258789,0,0.0,0.0
2025-06-03 01:05:00+00:00,73.4000015258789,73.5999984741211,73.4000015258789,73.5999984741211,13000,0.0,0.0
2025-06-03 01:10:00+00:00,73.5999984741211,73.5999984741211,73.5999984741211,73.5999984741211,2150,0.0,0.0
2025-06-03 01:15:00+00:00,73.5,73.5999984741211,73.5,73.5999984741211,5016,0.0,0.0
2025-06-03 01:20:00+00:00,73.5,73.5,73.5,73.5,9130,0.0,0.0
2025-06-03 01:25:00+00:00,73.5,73.5999984741211,73.4000015258789,73.5999984741211,15000,0.0,0.0
2025-06-03 01:30:00+00:00,73.5,73.5,73.5,73.5,2000,0.0,0.0
2025-06-03 01:35:00+00:00,73.5999984741211,74.0,73.5999984741211,74.0,65724,0.0,0.0
2025-06-03 01:40:00+00:00,74.0999984741211,74.19999694824219,74.0,74.0999984741211,26100,0.0,0.0
2025-06-03 01:45:00+00:00,74.0999984741211,74.4000015258789,74.0999984741211,74.4000015258789,43255,0.0,0.0
2025-06-03 01:50:00+00:00,74.4000015258789,74.5,74.30000305175781,74.4000015258789,43101,0.0,0.0
2025-06-03 01:55:00+00:00,74.4000015258789,74.80000305175781,74.30000305175781,74.5999984741211,122048,0.0,0.0
2025-06-03 02:00:00+00:00,74.69999694824219,75.0,74.5,74.5999984741211,91988,0.0,0.0
2025-06-03 02:05:00+00:00,74.5999984741211,74.5999984741211,74.4000015258789,74.5,24102,0.0,0.0
2025-06-03 02:10:00+00:00,74.5,74.5,74.30000305175781,74.30000305175781,12018,0.0,0.0
2025-06-03 02:15:00+00:00,74.30000305175781,74.30000305175781,74.0999984741211,74.0999984741211,23128,0.0,0.0
2025-06-03 02:20:00+00:00,74.0999984741211,74.30000305175781,74.0999984741211,74.30000305175781,10000,0.0,0.0
2025-06-03 02:25:00+00:00,74.30000305175781,74.30000305175781,74.19999694824219,74.19999694824219,8000,0.0,0.0
2025-06-03 02:30:00+00:00,74.0999984741211,74.30000305175781,74.0999984741211,74.30000305175781,11000,0.0,0.0
2025-06-03 02:35:00+00:00,74.19999694824219,74.19999694824219,74.19999694824219,74.19999694824219,7000,0.0,0.0
2025-06-03 02:40:00+00:00,74.0999984741211,74.0999984741211,74.0,74.0,9000,0.0,0.0
2025-06-03 02:45:00+00:00,74.0999984741211,74.0999984741211,74.0999984741211,74.0999984741211,4129,0.0,0.0
2025-06-03 02:50:00+00:00,74.0999984741211,74.4000015258789,74.0999984741211,74.4000015258789,17111,0.0,0.0
2025-06-03 02:55:00+00:00,74.30000305175781,74.30000305175781,74.19999694824219,74.19999694824219,3001,0.0,0.0
2025-06-03 03:00:00+00:00,74.30000305175781,74.30000305175781,74.30000305175781,74.30000305175781,12000,0.0,0.0
2025-06-03 03:05:00+00:00,74.30000305175781,74.30000305175781,74.30000305175781,74.30000305175781,16039,0.0,0.0
2025-06-03 03:10:00+00:00,74.30000305175781,74.4000015258789,74.30000305175781,74.4000015258789,4014,0.0,0.0
2025-06-03 03:15:00+00:00,74.30000305175781,74.30000305175781,74.19999694824219,74.19999694824219,9015,0.0,0.0
2025-06-03 03:25:00+00:00,74.19999694824219,74.19999694824219,74.19999694824219,74.19999694824219,7000,0.0,0.0
2025-06-03 03:35:00+00:00,74.30000305175781,74.30000305175781,74.30000305175781,74.30000305175781,3000,0.0,0.0
2025-06-03 03:40:00+00:00,74.30000305175781,74.30000305175781,74.30000305175781,74.30000305175781,2002,0.0,0.0
2025-06-03 03:45:00+00:00,74.19999694824219,74.19999694824219,74.19999694824219,74.19999694824219,1150,0.0,0.0
2025-06-03 03:50:00+00:00,74.4000015258789,74.4000015258789,74.4000015258789,74.4000015258789,8185,0.0,0.0
2025-06-03 03:55:00+00:00,74.4000015258789,74.5,74.4000015258789,74.5,37416,0.0,0.0
2025-06-03 04:00:00+00:00,74.5,74.5999984741211,74.5,74.5,25180,0.0,0.0
2025-06-03 04:05:00+00:00,74.5,74.80000305175781,74.5,74.80000305175781,72282,0.0,0.0
2025-06-03 04:10:00+00:00,74.9000015258789,75.0999984741211,74.80000305175781,74.9000015258789,140249,0.0,0.0
2025-06-03 04:15:00+00:00,74.9000015258789,74.9000015258789,74.80000305175781,74.9000015258789,17000,0.0,0.0
2025-06-03 04:20:00+00:00,74.80000305175781,75.4000015258789,74.80000305175781,75.4000015258789,121015,0.0,0.0
2025-06-03 04:25:00+00:00,75.4000015258789,75.5,75.30000305175781,75.30000305175781,63165,0.0,0.0
2025-06-03 04:30:00+00:00,75.30000305175781,75.5999984741211,75.30000305175781,75.4000015258789,78949,0.0,0.0
2025-06-03 04:35:00+00:00,75.4000015258789,76.9000015258789,75.4000015258789,76.30000305175781,273357,0.0,0.0
2025-06-03 04:40:00+00:00,76.19999694824219,76.30000305175781,76.0999984741211,76.0999984741211,81212,0.0,0.0
2025-06-03 04:45:00+00:00,76.0999984741211,76.0999984741211,76.0,76.0,88150,0.0,0.0
2025-06-03 04:50:00+00:00,76.0,76.0,75.9000015258789,76.0,39488,0.0,0.0
2025-06-03 04:55:00+00:00,76.0,76.0,75.9000015258789,75.9000015258789,24275,0.0,0.0
2025-06-03 05:00:00+00:00,76.0,76.0,75.9000015258789,75.9000015258789,27525,0.0,0.0
2025-06-03 05:05:00+00:00,75.80000305175781,75.9000015258789,75.80000305175781,75.80000305175781,14280,0.0,0.0
2025-06-03 05:10:00+00:00,75.80000305175781,75.9000015258789,75.80000305175781,75.80000305175781,24000,0.0,0.0
2025-06-03 05:15:00+00:00,75.69999694824219,75.69999694824219,75.5,75.5999984741211,38386,0.0,0.0
2025-06-03 05:20:00+00:00,75.5999984741211,75.80000305175781,75.5,75.5,55107,0.0,0.0
2025-06-04 01:00:00+00:00,76.30000305175781,76.5999984741211,76.0,76.4000015258789,0,0.0,0.0
2025-06-04 01:05:00+00:00,76.4000015258789,76.5999984741211,76.30000305175781,76.5,75000,0.0,0.0
2025-06-04 01:10:00+00:00,76.9000015258789,76.9000015258789,76.5,76.5,130928,0.0,0.0
2025-06-04 01:15:00+00:00,76.5,76.5,76.0,76.30000305175781,92078,0.0,0.0
2025-06-04 01:20:00+00:00,76.30000305175781,76.4000015258789,76.19999694824219,76.30000305175781,6503,0.0,0.0
2025-06-04 01:25:00+00:00,76.30000305175781,76.5999984741211,76.30000305175781,76.30000305175781,47321,0.0,0.0
2025-06-04 01:30:00+00:00,76.30000305175781,76.4000015258789,76.0,76.0,73428,0.0,0.0
2025-06-04 01:35:00+00:00,76.0,76.0,75.9000015258789,75.9000015258789,19292,0.0,0.0
2025-06-04 01:40:00+00:00,75.9000015258789,75.9000015258789,75.9000015258789,75.9000015258789,15200,0.0,0.0
2025-06-04 01:45:00+00:00,75.9000015258789,75.9000015258789,75.9000015258789,75.9000015258789,6000,0.0,0.0
2025-06-04 01:50:00+00:00,75.80000305175781,75.80000305175781,75.5999984741211,75.80000305175781,38400,0.0,0.0
2025-06-04 01:55:00+00:00,75.80000305175781,75.80000305175781,75.5999984741211,75.5999984741211,28252,0.0,0.0
2025-06-04 02:00:00+00:00,75.5999984741211,75.9000015258789,75.5,75.69999694824219,34000,0.0,0.0
2025-06-04 02:05:00+00:00,75.80000305175781,76.0,75.80000305175781,76.0,21000,0.0,0.0
2025-06-04 02:10:00+00:00,76.0999984741211,76.0999984741211,75.9000015258789,75.9000015258789,7000,0.0,0.0
2025-06-04 02:15:00+00:00,76.0,76.0,76.0,76.0,2220,0.0,0.0
2025-06-04 02:20:00+00:00,76.0,76.0999984741211,75.9000015258789,76.0,18004,0.0,0.0
2025-06-04 02:25:00+00:00,76.0,76.0,76.0,76.0,9000,0.0,0.0
2025-06-04 02:30:00+00:00,76.0,76.0999984741211,76.0,76.0,12600,0.0,0.0
2025-06-04 02:35:00+00:00,76.0,76.0999984741211,75.9000015258789,75.9000015258789,14000,0.0,0.0
2025-06-04 02:40:00+00:00,75.9000015258789,75.9000015258789,75.80000305175781,75.9000015258789,8037,0.0,0.0
2025-06-04 02:45:00+00:00,75.9000015258789,75.9000015258789,75.9000015258789,75.9000015258789,4313,0.0,0.0
2025-06-04 02:50:00+00:00,76.0,76.0999984741211,76.0,76.0999984741211,19150,0.0,0.0
2025-06-04 02:55:00+00:00,76.30000305175781,76.4000015258789,76.30000305175781,76.30000305175781,53451,0.0,0.0
2025-06-04 03:00:00+00:00,76.30000305175781,76.30000305175781,76.19999694824219,76.19999694824219,12000,0.0,0.0
2025-06-04 03:05:00+00:00,76.0999984741211,76.0999984741211,76.0,76.0,5000,0.0,0.0
2025-06-04 03:10:00+00:00,76.0,76.0,76.0,76.0,8000,0.0,0.0
2025-06-04 03:15:00+00:00,76.0999984741211,76.19999694824219,76.0999984741211,76.19999694824219,2100,0.0,0.0
2025-06-04 03:20:00+00:00,76.0999984741211,76.0999984741211,76.0,76.0,4660,0.0,0.0
2025-06-04 03:25:00+00:00,75.9000015258789,75.9000015258789,75.9000015258789,75.9000015258789,7339,0.0,0.0
2025-06-04 03:30:00+00:00,75.80000305175781,75.80000305175781,75.80000305175781,75.80000305175781,4000,0.0,0.0
2025-06-04 03:35:00+00:00,75.80000305175781,75.80000305175781,75.80000305175781,75.80000305175781,2782,0.0,0.0
2025-06-04 03:40:00+00:00,75.69999694824219,75.69999694824219,75.5999984741211,75.5999984741211,23000,0.0,0.0
2025-06-04 03:45:00+00:00,75.5999984741211,75.69999694824219,75.5999984741211,75.69999694824219,27000,0.0,0.0
2025-06-04 03:50:00+00:00,75.69999694824219,75.80000305175781,75.69999694824219,75.80000305175781,7000,0.0,0.0
2025-06-04 03:55:00+00:00,75.80000305175781,75.80000305175781,75.69999694824219,75.69999694824219,6010,0.0,0.0
2025-06-04 04:00:00+00:00,75.69999694824219,75.69999694824219,75.69999694824219,75.69999694824219,3000,0.0,0.0
2025-06-04 04:05:00+00:00,75.69999694824219,75.80000305175781,75.69999694824219,75.80000305175781,10025,0.0,0.0
2025-06-04 04:10:00+00:00,75.69999694824219,75.80000305175781,75.69999694824219,75.80000305175781,6000,0.0,0.0
2025-06-04 04:15:00+00:00,75.80000305175781,75.9000015258789,75.69999694824219,75.9000015258789,6010,0.0,0.0
2025-06-04 04:20:00+00:00,75.9000015258789,75.9000015258789,75.9000015258789,75.9000015258789,13016,0.0,0.0
2025-06-04 04:25:00+00:00,75.9000015258789,75.9000015258789,75.9000015258789,75.9000015258789,2350,0.0,0.0
2025-06-04 04:30:00+00:00,75.9000015258789,75.9000015258789,75.9000015258789,75.9000015258789,3010,0.0,0.0
2025-06-04 04:35:00+00:00,75.9000015258789,75.9000015258789,75.80000305175781,75.80000305175781,4140,0.0,0.0
2025-06-04 04:40:00+00:00,75.80000305175781,75.80000305175781,75.69999694824219,75.69999694824219,22067,0.0,0.0
2025-06-04 04:45:00+00:00,75.69999694824219,75.80000305175781,75.69999694824219,75.80000305175781,7026,0.0,0.0
2025-06-04 04:50:00+00:00,75.9000015258789,75.9000015258789,75.9000015258789,75.9000015258789,1000,0.0,0.0
2025-06-04 04:55:00+00:00,75.9000015258789,75.9000015258789,75.80000305175781,75.80000305175781,7000,0.0,0.0
2025-06-04 05:00:00+00:00,75.80000305175781,76.0,75.69999694824219,75.69999694824219,20090,0.0,0.0
2025-06-04 05:05:00+00:00,75.69999694824219,75.69999694824219,75.5999984741211,75.5999984741211,12000,0.0,0.0
2025-06-04 05:10:00+00:00,75.69999694824219,75.69999694824219,75.69999694824219,75.69999694824219,6020,0.0,0.0
2025-06-04 05:15:00+00:00,75.69999694824219,75.69999694824219,75.69999694824219,75.69999694824219,24056,0.0,0.0
2025-06-04 05:20:00+00:00,75.69999694824219,75.9000015258789,75.69999694824219,75.69999694824219,23022,0.0,0.0
2025-06-05 01:00:00+00:00,76.5,76.5,75.5999984741211,75.80000305175781,0,0.0,0.0
2025-06-05 01:05:00+00:00,75.80000305175781,75.80000305175781,75.80000305175781,75.80000305175781,14404,0.0,0.0
2025-06-05 01:10:00+00:00,75.9000015258789,75.9000015258789,75.80000305175781,75.80000305175781,18555,0.0,0.0
2025-06-05 01:15:00+00:00,75.80000305175781,75.80000305175781,75.5999984741211,75.5999984741211,26239,0.0,0.0
2025-06-05 01:20:00+00:00,75.5999984741211,75.5999984741211,75.4000015258789,75.4000015258789,25055,0.0,0.0
2025-06-05 01:25:00+00:00,75.4000015258789,75.4000015258789,75.19999694824219,75.30000305175781,20778,0.0,0.0
2025-06-05 01:30:00+00:00,75.4000015258789,75.4000015258789,75.19999694824219,75.4000015258789,23034,0.0,0.0
2025-06-05 01:35:00+00:00,75.4000015258789,75.4000015258789,75.30000305175781,75.4000015258789,10180,0.0,0.0
2025-06-05 01:40:00+00:00,75.4000015258789,75.4000015258789,75.30000305175781,75.30000305175781,4350,0.0,0.0
2025-06-05 01:45:00+00:00,75.4000015258789,75.5,75.30000305175781,75.5,4001,0.0,0.0
2025-06-05 01:50:00+00:00,75.5,75.5,75.4000015258789,75.4000015258789,8010,0.0,0.0
2025-06-05 01:55:00+00:00,75.5,75.5,75.5,75.5,1000,0.0,0.0
2025-06-05 02:00:00+00:00,75.5,75.5,75.4000015258789,75.4000015258789,19020,0.0,0.0
2025-06-05 02:05:00+00:00,75.5,75.5,75.4000015258789,75.4000015258789,23055,0.0,0.0
2025-06-05 02:10:00+00:00,75.30000305175781,75.30000305175781,75.19999694824219,75.19999694824219,14001,0.0,0.0
2025-06-05 02:15:00+00:00,75.0999984741211,75.30000305175781,75.0999984741211,75.30000305175781,20000,0.0,0.0
2025-06-05 02:20:00+00:00,75.30000305175781,75.30000305175781,75.19999694824219,75.30000305175781,7007,0.0,0.0
2025-06-05 02:25:00+00:00,75.19999694824219,75.19999694824219,75.0,75.0999984741211,16330,0.0,0.0
2025-06-05 02:30:00+00:00,75.0999984741211,75.19999694824219,75.0,75.19999694824219,7205,0.0,0.0
2025-06-05 02:35:00+00:00,75.19999694824219,75.19999694824219,75.0999984741211,75.19999694824219,8003,0.0,0.0
2025-06-05 02:40:00+00:00,75.19999694824219,75.19999694824219,75.19999694824219,75.19999694824219,3467,0.0,0.0
2025-06-05 02:45:00+00:00,75.19999694824219,75.19999694824219,75.0999984741211,75.0999984741211,9250,0.0,0.0
2025-06-05 02:50:00+00:00,75.0999984741211,75.19999694824219,75.0999984741211,75.0999984741211,9050,0.0,0.0
2025-06-05 02:55:00+00:00,75.19999694824219,75.19999694824219,75.19999694824219,75.19999694824219,3000,0.0,0.0
2025-06-05 03:00:00+00:00,75.0999984741211,75.0999984741211,75.0,75.0,18000,0.0,0.0
2025-06-05 03:05:00+00:00,75.0,75.0999984741211,75.0,75.0999984741211,7000,0.0,0.0
2025-06-05 03:10:00+00:00,75.0999984741211,75.4000015258789,75.0999984741211,75.30000305175781,32000,0.0,0.0
2025-06-05 03:15:00+00:00,75.30000305175781,75.30000305175781,75.30000305175781,75.30000305175781,3000,0.0,0.0
2025-06-05 03:20:00+00:00,75.19999694824219,75.19999694824219,75.19999694824219,75.19999694824219,0,0.0,0.0
2025-06-05 03:25:00+00:00,75.0999984741211,75.0999984741211,75.0999984741211,75.0999984741211,504994,0.0,0.0
2025-06-05 03:35:00+00:00,75.0999984741211,75.19999694824219,75.0999984741211,75.19999694824219,8000,0.0,0.0
2025-06-05 03:40:00+00:00,75.19999694824219,75.19999694824219,75.19999694824219,75.19999694824219,3100,0.0,0.0
2025-06-05 03:45:00+00:00,75.30000305175781,75.5,75.30000305175781,75.5,31000,0.0,0.0
2025-06-05 03:50:00+00:00,75.30000305175781,75.5,75.30000305175781,75.30000305175781,13092,0.0,0.0
2025-06-05 03:55:00+00:00,75.30000305175781,75.30000305175781,75.19999694824219,75.30000305175781,6079,0.0,0.0
2025-06-05 04:00:00+00:00,75.19999694824219,75.19999694824219,75.19999694824219,75.19999694824219,2000,0.0,0.0
2025-06-05 04:05:00+00:00,75.0999984741211,75.0999984741211,75.0999984741211,75.0999984741211,12039,0.0,0.0
2025-06-05 04:10:00+00:00,75.0999984741211,75.0999984741211,75.0999984741211,75.0999984741211,4000,0.0,0.0
2025-06-05 04:15:00+00:00,75.0999984741211,75.0999984741211,75.0,75.0999984741211,5242,0.0,0.0
2025-06-05 04:20:00+00:00,75.0999984741211,75.0999984741211,75.0999984741211,75.0999984741211,3147,0.0,0.0
2025-06-05 04:25:00+00:00,75.0999984741211,75.19999694824219,75.0999984741211,75.19999694824219,9145,0.0,0.0
2025-06-05 04:30:00+00:00,75.0999984741211,75.19999694824219,75.0999984741211,75.0999984741211,5100,0.0,0.0
2025-06-05 04:35:00+00:00,75.19999694824219,75.19999694824219,75.0999984741211,75.0999984741211,2000,0.0,0.0
2025-06-05 04:40:00+00:00,75.19999694824219,75.4000015258789,75.19999694824219,75.30000305175781,16068,0.0,0.0
2025-06-05 04:45:00+00:00,75.30000305175781,75.30000305175781,75.30000305175781,75.30000305175781,7000,0.0,0.0
2025-06-05 04:50:00+00:00,75.30000305175781,75.4000015258789,75.30000305175781,75.4000015258789,10100,0.0,0.0
2025-06-05 04:55:00+00:00,75.5,75.5,75.30000305175781,75.30000305175781,3164,0.0,0.0
2025-06-05 05:00:00+00:00,75.30000305175781,75.30000305175781,75.30000305175781,75.30000305175781,3000,0.0,0.0
2025-06-05 05:05:00+00:00,75.19999694824219,75.30000305175781,75.19999694824219,75.19999694824219,18100,0.0,0.0
2025-06-05 05:10:00+00:00,75.30000305175781,75.30000305175781,75.30000305175781,75.30000305175781,2221,0.0,0.0
2025-06-05 05:15:00+00:00,75.19999694824219,75.19999694824219,75.19999694824219,75.19999694824219,13000,0.0,0.0
2025-06-05 05:20:00+00:00,75.19999694824219,75.19999694824219,75.0999984741211,75.19999694824219,17681,0.0,0.0
2025-06-06 01:00:00+00:00,74.9000015258789,75.0,74.80000305175781,74.80000305175781,0,0.0,0.0
2025-06-06 01:05:00+00:00,74.80000305175781,75.0999984741211,74.80000305175781,75.0,8000,0.0,0.0
2025-06-06 01:10:00+00:00,75.19999694824219,75.19999694824219,75.19999694824219,75.19999694824219,2730,0.0,0.0
2025-06-06 01:15:00+00:00,75.19999694824219,75.5999984741211,75.19999694824219,75.5999984741211,31000,0.0,0.0
2025-06-06 01:20:00+00:00,75.5,75.5999984741211,75.30000305175781,75.30000305175781,25022,0.0,0.0
2025-06-06 01:25:00+00:00,75.30000305175781,75.30000305175781,75.30000305175781,75.30000305175781,4000,0.0,0.0
2025-06-06 01:30:00+00:00,75.30000305175781,75.30000305175781,75.30000305175781,75.30000305175781,16589,0.0,0.0
2025-06-06 01:35:00+00:00,75.30000305175781,75.30000305175781,75.19999694824219,75.30000305175781,32532,0.0,0.0
2025-06-06 01:40:00+00:00,75.4000015258789,75.69999694824219,75.4000015258789,75.5,39012,0.0,0.0
2025-06-06 01:45:00+00:00,75.5,75.69999694824219,75.5,75.69999694824219,44000,0.0,0.0
2025-06-06 01:50:00+00:00,75.69999694824219,75.69999694824219,75.5999984741211,75.5999984741211,7000,0.0,0.0
2025-06-06 01:55:00+00:00,75.5999984741211,75.80000305175781,75.5,75.80000305175781,22100,0.0,0.0
2025-06-06 02:00:00+00:00,75.80000305175781,75.80000305175781,75.5999984741211,75.5999984741211,10003,0.0,0.0
2025-06-06 02:05:00+00:00,75.5999984741211,75.5999984741211,75.5999984741211,75.5999984741211,7000,0.0,0.0
2025-06-06 02:10:00+00:00,75.5999984741211,75.69999694824219,75.5999984741211,75.69999694824219,4200,0.0,0.0
2025-06-06 02:15:00+00:00,75.69999694824219,76.5,75.69999694824219,76.19999694824219,194408,0.0,0.0
2025-06-06 02:20:00+00:00,76.19999694824219,76.4000015258789,76.19999694824219,76.30000305175781,54120,0.0,0.0
2025-06-06 02:25:00+00:00,76.4000015258789,76.4000015258789,76.19999694824219,76.19999694824219,24086,0.0,0.0
2025-06-06 02:30:00+00:00,76.19999694824219,76.19999694824219,76.0,76.0,17390,0.0,0.0
2025-06-06 02:35:00+00:00,76.0,76.0,76.0,76.0,3000,0.0,0.0
2025-06-06 02:40:00+00:00,76.0,76.0,75.9000015258789,75.9000015258789,8030,0.0,0.0
2025-06-06 02:45:00+00:00,75.9000015258789,76.0999984741211,75.5,76.0999984741211,51120,0.0,0.0
2025-06-06 02:50:00+00:00,76.0999984741211,76.0999984741211,76.0,76.0,3000,0.0,0.0
2025-06-06 03:00:00+00:00,76.0,76.0,76.0,76.0,4040,0.0,0.0
2025-06-06 03:05:00+00:00,75.9000015258789,76.0999984741211,75.80000305175781,76.0999984741211,13150,0.0,0.0
2025-06-06 03:10:00+00:00,76.0999984741211,76.0999984741211,76.0999984741211,76.0999984741211,18397,0.0,0.0
2025-06-06 03:15:00+00:00,76.0,76.0,76.0,76.0,2000,0.0,0.0
2025-06-06 03:20:00+00:00,76.0,76.0,76.0,76.0,2000,0.0,0.0
2025-06-06 03:25:00+00:00,76.0,76.0,75.9000015258789,75.9000015258789,14000,0.0,0.0
2025-06-06 03:30:00+00:00,75.9000015258789,75.9000015258789,75.9000015258789,75.9000015258789,4000,0.0,0.0
2025-06-06 03:35:00+00:00,75.69999694824219,75.69999694824219,75.69999694824219,75.69999694824219,12220,0.0,0.0
2025-06-06 03:40:00+00:00,75.5999984741211,75.5999984741211,75.5999984741211,75.5999984741211,9000,0.0,0.0
2025-06-06 03:45:00+00:00,75.5999984741211,75.5999984741211,75.5999984741211,75.5999984741211,2000,0.0,0.0
2025-06-06 03:50:00+00:00,75.5999984741211,75.69999694824219,75.5999984741211,75.69999694824219,5049,0.0,0.0
2025-06-06 03:55:00+00:00,75.69999694824219,75.80000305175781,75.69999694824219,75.80000305175781,4000,0.0,0.0
2025-06-06 04:00:00+00:00,75.80000305175781,75.80000305175781,75.80000305175781,75.80000305175781,4001,0.0,0.0
2025-06-06 04:05:00+00:00,75.80000305175781,75.80000305175781,75.80000305175781,75.80000305175781,7050,0.0,0.0
2025-06-06 04:10:00+00:00,75.80000305175781,75.80000305175781,75.80000305175781,75.80000305175781,2036,0.0,0.0
2025-06-06 04:15:00+00:00,75.69999694824219,75.69999694824219,75.5999984741211,75.5999984741211,7106,0.0,0.0
2025-06-06 04:20:00+00:00,75.5999984741211,75.80000305175781,75.5999984741211,75.80000305175781,5000,0.0,0.0
2025-06-06 04:30:00+00:00,75.69999694824219,75.69999694824219,75.5,75.5,19090,0.0,0.0
2025-06-06 04:35:00+00:00,75.5,75.5999984741211,75.5,75.5999984741211,3000,0.0,0.0
2025-06-06 04:40:00+00:00,75.5999984741211,75.5999984741211,75.5999984741211,75.5999984741211,1000,0.0,0.0
2025-06-06 04:45:00+00:00,75.69999694824219,75.80000305175781,75.69999694824219,75.80000305175781,19000,0.0,0.0
2025-06-06 04:50:00+00:00,75.69999694824219,75.69999694824219,75.69999694824219,75.69999694824219,1001,0.0,0.0
2025-06-06 04:55:00+00:00,75.80000305175781,75.80000305175781,75.80000305175781,75.80000305175781,19100,0.0,0.0
2025-06-06 05:00:00+00:00,75.9000015258789,75.9000015258789,75.80000305175781,75.80000305175781,4000,0.0,0.0
2025-06-06 05:05:00+00:00,76.0,76.0,75.9000015258789,76.0,35000,0.0,0.0
2025-06-06 05:10:00+00:00,76.0,76.0,75.9000015258789,75.9000015258789,12022,0.0,0.0
2025-06-06 05:15:00+00:00,75.9000015258789,75.9000015258789,75.69999694824219,75.9000015258789,38109,0.0,0.0
2025-06-06 05:20:00+00:00,75.80000305175781,75.9000015258789,75.69999694824219,75.69999694824219,14180,0.0,0.0
2025-06-09 01:00:00+00:00,74.0,74.0,72.19999694824219,72.5999984741211,0,0.0,0.0
2025-06-09 01:05:00+00:00,72.80000305175781,72.9000015258789,72.30000305175781,72.5,237000,0.0,0.0
2025-06-09 01:10:00+00:00,72.5,72.5999984741211,72.30000305175781,72.5,206185,0.0,0.0
2025-06-09 01:15:00+00:00,72.5,72.5,71.30000305175781,71.5,449690,0.0,0.0
2025-06-09 01:20:00+00:00,71.5,71.5999984741211,71.19999694824219,71.4000015258789,150277,0.0,0.0
2025-06-09 01:25:00+00:00,71.4000015258789,71.5,71.0,71.0999984741211,146870,0.0,0.0
2025-06-09 01:30:00+00:00,71.0999984741211,71.5,70.80000305175781,71.4000015258789,150981,0.0,0.0
2025-06-09 01:35:00+00:00,71.4000015258789,71.4000015258789,71.0999984741211,71.0999984741211,72855,0.0,0.0
2025-06-09 01:40:00+00:00,71.0999984741211,71.19999694824219,71.0,71.19999694824219,37064,0.0,0.0
2025-06-09 01:45:00+00:00,71.0999984741211,71.0999984741211,70.5,70.5999984741211,163982,0.0,0.0
2025-06-09 01:50:00+00:00,70.5,70.80000305175781,70.30000305175781,70.5999984741211,124066,0.0,0.0
2025-06-09 01:55:00+00:00,70.5999984741211,70.5999984741211,70.5999984741211,70.5999984741211,23677,0.0,0.0
2025-06-09 02:00:00+00:00,70.5999984741211,71.19999694824219,70.5999984741211,71.0999984741211,71000,0.0,0.0
2025-06-09 02:05:00+00:00,71.0,71.0,70.69999694824219,70.69999694824219,42092,0.0,0.0
2025-06-09 02:10:00+00:00,70.80000305175781,71.0,70.69999694824219,71.0,35210,0.0,0.0
2025-06-09 02:15:00+00:00,71.0,71.0,70.9000015258789,70.9000015258789,26615,0.0,0.0
2025-06-09 02:20:00+00:00,71.0,71.4000015258789,70.80000305175781,71.4000015258789,36000,0.0,0.0
2025-06-09 02:25:00+00:00,71.4000015258789,71.4000015258789,71.19999694824219,71.19999694824219,28005,0.0,0.0
2025-06-09 02:30:00+00:00,71.19999694824219,71.4000015258789,71.19999694824219,71.4000015258789,14662,0.0,0.0
2025-06-09 02:35:00+00:00,71.5,71.69999694824219,71.0999984741211,71.5,100100,0.0,0.0
2025-06-09 02:40:00+00:00,71.5999984741211,71.80000305175781,71.5999984741211,71.69999694824219,22430,0.0,0.0
2025-06-09 02:45:00+00:00,71.69999694824219,71.69999694824219,71.5999984741211,71.5999984741211,28018,0.0,0.0
2025-06-09 02:50:00+00:00,71.69999694824219,71.9000015258789,71.69999694824219,71.9000015258789,19528,0.0,0.0
2025-06-09 02:55:00+00:00,71.80000305175781,72.0,71.80000305175781,71.80000305175781,26400,0.0,0.0
2025-06-09 03:00:00+00:00,71.80000305175781,71.9000015258789,71.80000305175781,71.9000015258789,14200,0.0,0.0
2025-06-09 03:05:00+00:00,71.80000305175781,71.80000305175781,71.5999984741211,71.80000305175781,28109,0.0,0.0
2025-06-09 03:10:00+00:00,71.80000305175781,71.80000305175781,71.80000305175781,71.80000305175781,13000,0.0,0.0
2025-06-09 03:15:00+00:00,71.80000305175781,71.80000305175781,71.80000305175781,71.80000305175781,1000,0.0,0.0
2025-06-09 03:20:00+00:00,71.80000305175781,71.80000305175781,71.69999694824219,71.69999694824219,14150,0.0,0.0
2025-06-09 03:25:00+00:00,71.69999694824219,71.69999694824219,71.5,71.5999984741211,23536,0.0,0.0
2025-06-09 03:30:00+00:00,71.69999694824219,71.69999694824219,71.69999694824219,71.69999694824219,3000,0.0,0.0
2025-06-09 03:35:00+00:00,71.80000305175781,71.80000305175781,71.80000305175781,71.80000305175781,2212,0.0,0.0
2025-06-09 03:40:00+00:00,71.80000305175781,72.0,71.80000305175781,71.9000015258789,18137,0.0,0.0
2025-06-09 03:45:00+00:00,71.9000015258789,71.9000015258789,71.9000015258789,71.9000015258789,5000,0.0,0.0
2025-06-09 03:50:00+00:00,71.9000015258789,71.9000015258789,71.9000015258789,71.9000015258789,15000,0.0,0.0
2025-06-09 03:55:00+00:00,71.9000015258789,72.19999694824219,71.9000015258789,72.0999984741211,51000,0.0,0.0
2025-06-09 04:00:00+00:00,72.0999984741211,72.19999694824219,72.0999984741211,72.19999694824219,17010,0.0,0.0
2025-06-09 04:05:00+00:00,72.0999984741211,72.0999984741211,72.0999984741211,72.0999984741211,20000,0.0,0.0
2025-06-09 04:10:00+00:00,72.0999984741211,72.0999984741211,72.0999984741211,72.0999984741211,20500,0.0,0.0
2025-06-09 04:15:00+00:00,72.0999984741211,72.0999984741211,72.0999984741211,72.0999984741211,2000,0.0,0.0
2025-06-09 04:20:00+00:00,72.0999984741211,72.0999984741211,71.9000015258789,71.9000015258789,42008,0.0,0.0
2025-06-09 04:25:00+00:00,71.9000015258789,71.9000015258789,71.9000015258789,71.9000015258789,20200,0.0,0.0
2025-06-09 04:30:00+00:00,71.9000015258789,72.0,71.9000015258789,72.0,10050,0.0,0.0
2025-06-09 04:35:00+00:00,71.9000015258789,71.9000015258789,71.9000015258789,71.9000015258789,12050,0.0,0.0
2025-06-09 04:40:00+00:00,72.0,72.30000305175781,72.0,72.19999694824219,48019,0.0,0.0
2025-06-09 04:45:00+00:00,72.30000305175781,72.5999984741211,72.30000305175781,72.5,69431,0.0,0.0
2025-06-09 04:50:00+00:00,72.5,72.5999984741211,72.5,72.5,27090,0.0,0.0
2025-06-09 04:55:00+00:00,72.5,72.5,72.4000015258789,72.4000015258789,20272,0.0,0.0
2025-06-09 05:00:00+00:00,72.4000015258789,72.5,72.30000305175781,72.5,23236,0.0,0.0
2025-06-09 05:05:00+00:00,72.5,72.5,72.4000015258789,72.5,30229,0.0,0.0
2025-06-09 05:10:00+00:00,72.5,72.5999984741211,72.5,72.5,35050,0.0,0.0
2025-06-09 05:15:00+00:00,72.5,72.5,72.4000015258789,72.5,38179,0.0,0.0
2025-06-09 05:20:00+00:00,72.5,72.5999984741211,72.5,72.5,31080,0.0,0.0
2025-06-10 01:00:00+00:00,72.5,72.5999984741211,72.30000305175781,72.30000305175781,0,0.0,0.0
2025-06-10 01:05:00+00:00,72.5,72.5,72.4000015258789,72.4000015258789,15000,0.0,0.0
2025-06-10 01:10:00+00:00,72.5,72.5,72.5,72.5,51294,0.0,0.0
2025-06-10 01:15:00+00:00,72.5,72.5,72.4000015258789,72.4000015258789,13000,0.0,0.0
2025-06-10 01:20:00+00:00,72.4000015258789,72.5,72.4000015258789,72.5,36000,0.0,0.0
2025-06-10 01:25:00+00:00,72.5,73.0999984741211,72.5,73.0,47150,0.0,0.0
2025-06-10 01:30:00+00:00,73.0,73.30000305175781,72.80000305175781,72.80000305175781,72038,0.0,0.0
2025-06-10 01:35:00+00:00,72.69999694824219,72.69999694824219,72.5,72.5,25450,0.0,0.0
2025-06-10 01:40:00+00:00,72.5,72.69999694824219,72.5,72.69999694824219,16628,0.0,0.0
2025-06-10 01:45:00+00:00,72.69999694824219,72.69999694824219,72.5,72.69999694824219,15361,0.0,0.0
2025-06-10 01:50:00+00:00,72.5999984741211,72.5999984741211,72.5,72.5999984741211,11000,0.0,0.0
2025-06-10 01:55:00+00:00,72.5999984741211,72.5999984741211,72.5999984741211,72.5999984741211,7680,0.0,0.0
2025-06-10 02:00:00+00:00,72.5999984741211,72.5999984741211,72.4000015258789,72.5,19066,0.0,0.0
2025-06-10 02:05:00+00:00,72.5,72.5,72.5,72.5,7150,0.0,0.0
2025-06-10 02:10:00+00:00,72.5,72.69999694824219,72.5,72.69999694824219,26000,0.0,0.0
2025-06-10 02:15:00+00:00,72.69999694824219,72.69999694824219,72.5,72.5,26000,0.0,0.0
2025-06-10 02:20:00+00:00,72.69999694824219,72.80000305175781,72.5,72.5999984741211,23284,0.0,0.0
2025-06-10 02:30:00+00:00,72.5999984741211,72.69999694824219,72.5999984741211,72.69999694824219,3000,0.0,0.0
2025-06-10 02:35:00+00:00,72.69999694824219,72.69999694824219,72.69999694824219,72.69999694824219,8017,0.0,0.0
2025-06-10 02:40:00+00:00,72.69999694824219,72.80000305175781,72.5999984741211,72.69999694824219,31100,0.0,0.0
2025-06-10 02:45:00+00:00,72.69999694824219,72.80000305175781,72.69999694824219,72.80000305175781,8000,0.0,0.0
2025-06-10 02:50:00+00:00,72.69999694824219,72.80000305175781,72.69999694824219,72.80000305175781,4041,0.0,0.0
2025-06-10 02:55:00+00:00,72.80000305175781,72.80000305175781,72.80000305175781,72.80000305175781,3000,0.0,0.0
2025-06-10 03:00:00+00:00,72.69999694824219,72.69999694824219,72.69999694824219,72.69999694824219,5000,0.0,0.0
2025-06-10 03:05:00+00:00,72.69999694824219,72.69999694824219,72.69999694824219,72.69999694824219,1064,0.0,0.0
2025-06-10 03:10:00+00:00,72.5999984741211,72.5999984741211,72.5999984741211,72.5999984741211,16170,0.0,0.0
2025-06-10 03:15:00+00:00,72.5999984741211,72.5999984741211,72.5,72.5999984741211,6000,0.0,0.0
2025-06-10 03:20:00+00:00,72.69999694824219,72.69999694824219,72.69999694824219,72.69999694824219,0,0.0,0.0
2025-06-10 03:25:00+00:00,72.69999694824219,72.69999694824219,72.69999694824219,72.69999694824219,540711,0.0,0.0
2025-06-10 03:30:00+00:00,72.69999694824219,72.69999694824219,72.5,72.69999694824219,57005,0.0,0.0
2025-06-10 03:35:00+00:00,72.69999694824219,72.69999694824219,72.69999694824219,72.69999694824219,5000,0.0,0.0
2025-06-10 03:40:00+00:00,72.69999694824219,72.69999694824219,72.69999694824219,72.69999694824219,1000,0.0,0.0
2025-06-10 03:45:00+00:00,72.69999694824219,72.69999694824219,72.69999694824219,72.69999694824219,18000,0.0,0.0
2025-06-10 03:50:00+00:00,72.69999694824219,72.69999694824219,72.69999694824219,72.69999694824219,4134,0.0,0.0
2025-06-10 03:55:00+00:00,72.69999694824219,72.69999694824219,72.69999694824219,72.69999694824219,4000,0.0,0.0
2025-06-10 04:00:00+00:00,72.69999694824219,72.69999694824219,72.69999694824219,72.69999694824219,3300,0.0,0.0
2025-06-10 04:05:00+00:00,72.69999694824219,72.69999694824219,72.69999694824219,72.69999694824219,7000,0.0,0.0
2025-06-10 04:10:00+00:00,72.80000305175781,72.80000305175781,72.80000305175781,72.80000305175781,6101,0.0,0.0
2025-06-10 04:15:00+00:00,72.80000305175781,72.80000305175781,72.69999694824219,72.69999694824219,3000,0.0,0.0
2025-06-10 04:20:00+00:00,72.69999694824219,72.69999694824219,72.69999694824219,72.69999694824219,3662,0.0,0.0
2025-06-10 04:30:00+00:00,72.69999694824219,72.69999694824219,72.69999694824219,72.69999694824219,8127,0.0,0.0
2025-06-10 04:35:00+00:00,72.69999694824219,72.69999694824219,72.69999694824219,72.69999694824219,5000,0.0,0.0
2025-06-10 04:40:00+00:00,72.5999984741211,72.69999694824219,72.5999984741211,72.69999694824219,10150,0.0,0.0
2025-06-10 04:50:00+00:00,72.80000305175781,72.80000305175781,72.69999694824219,72.80000305175781,22000,0.0,0.0
2025-06-10 04:55:00+00:00,72.80000305175781,73.0999984741211,72.80000305175781,73.0999984741211,43073,0.0,0.0
2025-06-10 05:00:00+00:00,73.0,73.19999694824219,73.0,73.19999694824219,16250,0.0,0.0
2025-06-10 05:05:00+00:00,73.0999984741211,73.0999984741211,73.0999984741211,73.0999984741211,5400,0.0,0.0
2025-06-10 05:10:00+00:00,73.0,73.0,72.9000015258789,73.0,13000,0.0,0.0
2025-06-10 05:15:00+00:00,73.0,73.0,72.9000015258789,72.9000015258789,13003,0.0,0.0
2025-06-10 05:20:00+00:00,72.80000305175781,72.9000015258789,72.69999694824219,72.9000015258789,44571,0.0,0.0
2025-06-11 01:00:00+00:00,73.30000305175781,73.30000305175781,73.30000305175781,73.30000305175781,0,0.0,0.0
2025-06-11 01:05:00+00:00,73.0,73.0,72.9000015258789,73.0,32000,0.0,0.0
2025-06-11 01:10:00+00:00,73.0,73.0,72.80000305175781,72.80000305175781,7005,0.0,0.0
2025-06-11 01:15:00+00:00,73.0,73.0,72.9000015258789,72.9000015258789,17570,0.0,0.0
2025-06-11 01:25:00+00:00,73.0999984741211,73.0999984741211,73.0,73.0,16793,0.0,0.0
2025-06-11 01:30:00+00:00,73.0,73.0,72.9000015258789,72.9000015258789,10039,0.0,0.0
2025-06-11 01:35:00+00:00,73.0,73.0,72.9000015258789,72.9000015258789,18000,0.0,0.0
2025-06-11 01:40:00+00:00,72.9000015258789,73.0,72.9000015258789,73.0,27100,0.0,0.0
2025-06-11 01:45:00+00:00,73.0999984741211,73.0999984741211,73.0,73.0,13100,0.0,0.0
2025-06-11 01:50:00+00:00,73.0,73.0999984741211,73.0,73.0999984741211,9000,0.0,0.0
2025-06-11 01:55:00+00:00,73.0999984741211,73.0999984741211,73.0999984741211,73.0999984741211,2722,0.0,0.0
2025-06-11 02:00:00+00:00,73.0999984741211,73.30000305175781,73.0999984741211,73.30000305175781,16300,0.0,0.0
2025-06-11 02:05:00+00:00,73.19999694824219,73.19999694824219,73.0999984741211,73.0999984741211,3200,0.0,0.0
2025-06-11 02:10:00+00:00,73.30000305175781,73.30000305175781,73.0999984741211,73.0999984741211,32000,0.0,0.0
2025-06-11 02:15:00+00:00,73.19999694824219,73.5,73.19999694824219,73.5,22766,0.0,0.0
2025-06-11 02:20:00+00:00,73.5,73.5,73.4000015258789,73.4000015258789,20000,0.0,0.0
2025-06-11 02:25:00+00:00,73.4000015258789,73.9000015258789,73.30000305175781,73.69999694824219,66272,0.0,0.0
2025-06-11 02:30:00+00:00,73.69999694824219,73.80000305175781,73.69999694824219,73.80000305175781,18014,0.0,0.0
2025-06-11 02:35:00+00:00,73.80000305175781,74.19999694824219,73.80000305175781,74.0999984741211,75738,0.0,0.0
2025-06-11 02:40:00+00:00,74.0999984741211,74.0999984741211,74.0,74.0999984741211,13058,0.0,0.0
2025-06-11 02:45:00+00:00,74.0999984741211,74.4000015258789,74.0999984741211,74.19999694824219,35108,0.0,0.0
2025-06-11 02:50:00+00:00,74.30000305175781,74.30000305175781,74.19999694824219,74.19999694824219,10150,0.0,0.0
2025-06-11 02:55:00+00:00,74.19999694824219,74.19999694824219,74.0,74.0,17000,0.0,0.0
2025-06-11 03:00:00+00:00,74.0,74.5,74.0,74.5,152845,0.0,0.0
2025-06-11 03:05:00+00:00,74.4000015258789,74.5999984741211,74.4000015258789,74.5999984741211,28230,0.0,0.0
2025-06-11 03:10:00+00:00,74.5,74.5,74.4000015258789,74.5,17008,0.0,0.0
2025-06-11 03:15:00+00:00,74.5,74.5,74.4000015258789,74.5,32000,0.0,0.0
2025-06-11 03:20:00+00:00,74.4000015258789,74.5,74.4000015258789,74.5,3110,0.0,0.0
2025-06-11 03:25:00+00:00,74.5,74.5,74.4000015258789,74.4000015258789,27189,0.0,0.0
2025-06-11 03:30:00+00:00,74.4000015258789,74.5,74.4000015258789,74.5,4125,0.0,0.0
2025-06-11 03:35:00+00:00,74.5,74.5,74.4000015258789,74.4000015258789,4200,0.0,0.0
2025-06-11 03:40:00+00:00,74.4000015258789,74.4000015258789,74.4000015258789,74.4000015258789,5000,0.0,0.0
2025-06-11 03:45:00+00:00,74.30000305175781,74.4000015258789,74.30000305175781,74.4000015258789,13000,0.0,0.0
2025-06-11 03:50:00+00:00,74.4000015258789,74.5,74.4000015258789,74.5,27058,0.0,0.0
2025-06-11 03:55:00+00:00,74.4000015258789,74.4000015258789,74.4000015258789,74.4000015258789,5152,0.0,0.0
2025-06-11 04:00:00+00:00,74.4000015258789,74.5,74.4000015258789,74.5,6000,0.0,0.0
2025-06-11 04:05:00+00:00,74.5,74.5,74.5,74.5,1000,0.0,0.0
2025-06-11 04:10:00+00:00,74.30000305175781,74.30000305175781,74.30000305175781,74.30000305175781,1100,0.0,0.0
2025-06-11 04:15:00+00:00,74.30000305175781,74.4000015258789,74.30000305175781,74.4000015258789,5000,0.0,0.0
2025-06-11 04:20:00+00:00,74.4000015258789,74.4000015258789,74.4000015258789,74.4000015258789,1020,0.0,0.0
2025-06-11 04:25:00+00:00,74.30000305175781,74.30000305175781,74.19999694824219,74.19999694824219,6031,0.0,0.0
2025-06-11 04:30:00+00:00,74.19999694824219,74.19999694824219,74.19999694824219,74.19999694824219,6349,0.0,0.0
2025-06-11 04:35:00+00:00,74.0999984741211,74.19999694824219,74.0999984741211,74.0999984741211,8100,0.0,0.0
2025-06-11 04:40:00+00:00,74.0999984741211,74.0999984741211,74.0,74.0,10110,0.0,0.0
2025-06-12 01:00:00+00:00,74.0,74.0999984741211,73.69999694824219,73.69999694824219,30000,0.0,0.0
2025-06-12 01:05:00+00:00,73.80000305175781,73.80000305175781,73.5,73.5999984741211,23000,0.0,0.0
2025-06-12 01:10:00+00:00,73.9000015258789,74.19999694824219,73.9000015258789,74.19999694824219,11000,0.0,0.0
2025-06-12 01:15:00+00:00,74.0999984741211,74.0999984741211,74.0,74.0,6000,0.0,0.0
2025-06-12 01:20:00+00:00,74.0,74.0,74.0,74.0,7250,0.0,0.0
2025-06-12 01:25:00+00:00,74.0,74.30000305175781,74.0,74.30000305175781,24000,0.0,0.0
2025-06-12 01:30:00+00:00,74.30000305175781,74.5999984741211,74.30000305175781,74.5999984741211,25300,0.0,0.0
2025-06-12 01:35:00+00:00,74.5999984741211,74.80000305175781,74.5999984741211,74.80000305175781,18000,0.0,0.0
2025-06-12 01:40:00+00:00,74.80000305175781,76.4000015258789,74.80000305175781,76.19999694824219,196246,0.0,0.0
2025-06-12 01:45:00+00:00,76.19999694824219,76.19999694824219,75.80000305175781,75.9000015258789,99400,0.0,0.0
2025-06-12 01:50:00+00:00,75.9000015258789,76.0,75.9000015258789,76.0,95818,0.0,0.0
2025-06-12 01:55:00+00:00,76.0,77.5,76.0,76.69999694824219,447987,0.0,0.0
2025-06-12 02:00:00+00:00,76.69999694824219,76.69999694824219,76.30000305175781,76.4000015258789,62828,0.0,0.0
2025-06-12 02:05:00+00:00,76.4000015258789,76.5,75.80000305175781,76.0999984741211,65511,0.0,0.0
2025-06-12 02:10:00+00:00,76.0999984741211,76.30000305175781,76.0999984741211,76.19999694824219,22001,0.0,0.0
2025-06-12 02:15:00+00:00,76.19999694824219,76.19999694824219,76.0999984741211,76.19999694824219,9032,0.0,0.0
2025-06-12 02:20:00+00:00,76.19999694824219,76.19999694824219,75.9000015258789,76.0,44152,0.0,0.0
2025-06-12 02:25:00+00:00,76.0,76.5,76.0,76.30000305175781,57933,0.0,0.0
2025-06-12 02:30:00+00:00,76.19999694824219,76.19999694824219,76.0,76.0,43600,0.0,0.0
2025-06-12 02:35:00+00:00,76.0,76.0,76.0,76.0,3000,0.0,0.0
2025-06-12 02:40:00+00:00,76.0,76.19999694824219,76.0,76.19999694824219,6000,0.0,0.0
2025-06-12 02:45:00+00:00,76.19999694824219,76.19999694824219,76.0,76.0999984741211,17300,0.0,0.0
2025-06-12 02:50:00+00:00,76.0999984741211,76.30000305175781,76.0999984741211,76.30000305175781,9160,0.0,0.0
2025-06-12 02:55:00+00:00,76.4000015258789,76.4000015258789,76.0999984741211,76.30000305175781,22011,0.0,0.0
2025-06-12 03:00:00+00:00,76.30000305175781,76.5,76.19999694824219,76.5,30174,0.0,0.0
2025-06-12 03:05:00+00:00,76.5,76.5,76.5,76.5,9252,0.0,0.0
2025-06-12 03:10:00+00:00,76.4000015258789,76.4000015258789,76.4000015258789,76.4000015258789,13020,0.0,0.0
2025-06-12 03:15:00+00:00,76.4000015258789,76.4000015258789,76.30000305175781,76.30000305175781,8000,0.0,0.0
2025-06-12 03:25:00+00:00,76.30000305175781,76.4000015258789,76.30000305175781,76.4000015258789,4156,0.0,0.0
2025-06-12 03:30:00+00:00,76.30000305175781,76.5,76.30000305175781,76.30000305175781,0,0.0,0.0
2025-06-12 03:35:00+00:00,76.4000015258789,76.5999984741211,76.4000015258789,76.5999984741211,1461259,0.0,0.0
2025-06-12 03:40:00+00:00,76.5999984741211,76.69999694824219,76.5999984741211,76.69999694824219,27403,0.0,0.0
2025-06-12 03:45:00+00:00,76.69999694824219,77.4000015258789,76.69999694824219,77.30000305175781,218786,0.0,0.0
2025-06-12 03:50:00+00:00,77.19999694824219,77.80000305175781,77.0999984741211,77.69999694824219,187184,0.0,0.0
2025-06-12 03:55:00+00:00,77.69999694824219,77.69999694824219,77.30000305175781,77.4000015258789,92179,0.0,0.0
2025-06-12 04:00:00+00:00,77.4000015258789,77.5,77.30000305175781,77.30000305175781,48054,0.0,0.0
2025-06-12 04:05:00+00:00,77.30000305175781,77.4000015258789,77.0999984741211,77.0999984741211,72358,0.0,0.0
2025-06-12 04:10:00+00:00,77.0999984741211,77.19999694824219,77.0999984741211,77.0999984741211,16260,0.0,0.0
2025-06-12 04:15:00+00:00,77.19999694824219,77.4000015258789,77.0999984741211,77.4000015258789,42699,0.0,0.0
2025-06-12 04:20:00+00:00,77.4000015258789,77.5,77.0999984741211,77.0999984741211,16202,0.0,0.0
2025-06-12 04:25:00+00:00,77.0999984741211,77.0999984741211,77.0999984741211,77.0999984741211,13051,0.0,0.0
2025-06-12 04:30:00+00:00,77.0999984741211,77.0999984741211,77.0,77.0,52552,0.0,0.0
2025-06-12 04:35:00+00:00,77.0,77.0,76.9000015258789,77.0,32108,0.0,0.0
2025-06-12 04:40:00+00:00,77.0,77.0,76.9000015258789,77.0,41030,0.0,0.0
2025-06-12 04:45:00+00:00,76.9000015258789,76.9000015258789,76.80000305175781,76.80000305175781,6350,0.0,0.0
2025-06-12 04:50:00+00:00,76.80000305175781,77.0,76.80000305175781,76.80000305175781,16800,0.0,0.0
2025-06-12 04:55:00+00:00,76.80000305175781,76.80000305175781,76.80000305175781,76.80000305175781,14022,0.0,0.0
2025-06-12 05:00:00+00:00,76.80000305175781,76.9000015258789,76.80000305175781,76.80000305175781,13412,0.0,0.0
2025-06-12 05:05:00+00:00,76.69999694824219,76.80000305175781,76.69999694824219,76.80000305175781,22125,0.0,0.0
2025-06-12 05:10:00+00:00,76.69999694824219,77.0,76.69999694824219,77.0,24090,0.0,0.0
2025-06-12 05:15:00+00:00,77.0,77.0,76.9000015258789,77.0,31024,0.0,0.0
2025-06-12 05:20:00+00:00,77.0,77.0999984741211,76.9000015258789,77.0,79409,0.0,0.0
2025-06-13 01:00:00+00:00,76.19999694824219,76.19999694824219,75.19999694824219,76.0,124000,0.0,0.0
2025-06-13 01:05:00+00:00,76.0999984741211,76.19999694824219,76.0,76.0,40319,0.0,0.0
2025-06-13 01:10:00+00:00,76.0,76.19999694824219,75.9000015258789,76.0,37325,0.0,0.0
2025-06-13 01:15:00+00:00,76.0,76.0,75.5,75.5999984741211,39010,0.0,0.0
2025-06-13 01:20:00+00:00,75.5999984741211,75.80000305175781,75.5999984741211,75.69999694824219,28775,0.0,0.0
2025-06-13 01:25:00+00:00,75.5999984741211,75.5999984741211,75.30000305175781,75.5,49131,0.0,0.0
2025-06-13 01:30:00+00:00,75.5,75.5999984741211,75.5,75.5999984741211,4001,0.0,0.0
2025-06-13 01:35:00+00:00,75.69999694824219,75.9000015258789,75.69999694824219,75.9000015258789,22080,0.0,0.0
2025-06-13 01:40:00+00:00,75.9000015258789,75.9000015258789,75.69999694824219,75.69999694824219,13060,0.0,0.0
2025-06-13 01:45:00+00:00,75.69999694824219,75.69999694824219,75.69999694824219,75.69999694824219,6000,0.0,0.0
2025-06-13 01:50:00+00:00,75.69999694824219,75.69999694824219,75.5999984741211,75.5999984741211,7050,0.0,0.0
2025-06-13 01:55:00+00:00,75.80000305175781,75.80000305175781,75.80000305175781,75.80000305175781,2200,0.0,0.0
2025-06-13 02:00:00+00:00,75.9000015258789,76.0,75.9000015258789,76.0,18222,0.0,0.0
2025-06-13 02:05:00+00:00,76.0,76.0,75.80000305175781,75.80000305175781,20000,0.0,0.0
2025-06-13 02:10:00+00:00,75.80000305175781,75.9000015258789,75.69999694824219,75.69999694824219,40361,0.0,0.0
2025-06-13 02:15:00+00:00,75.80000305175781,76.0,75.80000305175781,76.0,14000,0.0,0.0
2025-06-13 02:20:00+00:00,76.0,76.0,75.5,75.5,61329,0.0,0.0
2025-06-13 02:25:00+00:00,75.5,75.5999984741211,75.5,75.5999984741211,8090,0.0,0.0
2025-06-13 02:30:00+00:00,75.5999984741211,75.5999984741211,75.30000305175781,75.30000305175781,58724,0.0,0.0
2025-06-13 02:35:00+00:00,75.30000305175781,75.30000305175781,75.0999984741211,75.0999984741211,59688,0.0,0.0
2025-06-13 02:40:00+00:00,75.0999984741211,76.0,75.0999984741211,76.0,82170,0.0,0.0
2025-06-13 02:45:00+00:00,75.5,75.5,75.19999694824219,75.19999694824219,11000,0.0,0.0
2025-06-13 02:50:00+00:00,75.30000305175781,75.4000015258789,75.30000305175781,75.4000015258789,6000,0.0,0.0
2025-06-13 02:55:00+00:00,75.19999694824219,75.19999694824219,75.0999984741211,75.0999984741211,9055,0.0,0.0
2025-06-13 03:00:00+00:00,75.19999694824219,75.19999694824219,75.0999984741211,75.0999984741211,15177,0.0,0.0
2025-06-13 03:05:00+00:00,75.0999984741211,75.19999694824219,75.0,75.0,82878,0.0,0.0
2025-06-13 03:10:00+00:00,75.0,75.0,74.9000015258789,74.9000015258789,13000,0.0,0.0
2025-06-13 03:15:00+00:00,74.9000015258789,75.0,74.9000015258789,75.0,17073,0.0,0.0
2025-06-13 03:20:00+00:00,75.0,75.0,75.0,75.0,8000,0.0,0.0
2025-06-13 03:25:00+00:00,75.0,75.0999984741211,75.0,75.0999984741211,20014,0.0,0.0
2025-06-13 03:30:00+00:00,75.0,75.0999984741211,75.0,75.0999984741211,26014,0.0,0.0
2025-06-13 03:35:00+00:00,75.0999984741211,75.0999984741211,75.0999984741211,75.0999984741211,1000,0.0,0.0
2025-06-13 03:40:00+00:00,75.0999984741211,75.0999984741211,75.0,75.0,21050,0.0,0.0
2025-06-13 03:45:00+00:00,75.0,75.19999694824219,75.0,75.19999694824219,24000,0.0,0.0
2025-06-13 03:50:00+00:00,75.19999694824219,75.19999694824219,75.19999694824219,75.19999694824219,3000,0.0,0.0
2025-06-13 03:55:00+00:00,75.19999694824219,75.19999694824219,75.19999694824219,75.19999694824219,2083,0.0,0.0
2025-06-13 04:00:00+00:00,75.0999984741211,75.0999984741211,75.0999984741211,75.0999984741211,8234,0.0,0.0
2025-06-13 04:05:00+00:00,75.0,75.0,75.0,75.0,1000,0.0,0.0
2025-06-13 04:10:00+00:00,75.0,75.0,74.9000015258789,74.9000015258789,32378,0.0,0.0
2025-06-13 04:15:00+00:00,74.9000015258789,75.0,74.9000015258789,74.9000015258789,13000,0.0,0.0
2025-06-13 04:20:00+00:00,74.9000015258789,74.9000015258789,74.9000015258789,74.9000015258789,10000,0.0,0.0
2025-06-13 04:25:00+00:00,74.9000015258789,75.0999984741211,74.9000015258789,74.9000015258789,22200,0.0,0.0
2025-06-13 04:35:00+00:00,74.9000015258789,74.9000015258789,74.9000015258789,74.9000015258789,9000,0.0,0.0
2025-06-13 04:40:00+00:00,74.9000015258789,75.0,74.9000015258789,75.0,16000,0.0,0.0
2025-06-13 04:45:00+00:00,75.0,75.0,75.0,75.0,17071,0.0,0.0
2025-06-13 04:50:00+00:00,75.0,75.0999984741211,75.0,75.0999984741211,7024,0.0,0.0
2025-06-13 04:55:00+00:00,75.0999984741211,75.30000305175781,75.0999984741211,75.30000305175781,5200,0.0,0.0
2025-06-13 05:00:00+00:00,75.19999694824219,75.19999694824219,75.19999694824219,75.19999694824219,4178,0.0,0.0
2025-06-13 05:05:00+00:00,75.19999694824219,75.19999694824219,75.0,75.0,14076,0.0,0.0
2025-06-13 05:10:00+00:00,74.9000015258789,75.0,74.9000015258789,75.0,3156,0.0,0.0
2025-06-13 05:15:00+00:00,75.0,75.0,74.80000305175781,74.80000305175781,56274,0.0,0.0
2025-06-13 05:20:00+00:00,74.80000305175781,75.0,74.80000305175781,74.80000305175781,24675,0.0,0.0
2025-06-16 01:00:00+00:00,74.80000305175781,74.80000305175781,73.30000305175781,73.9000015258789,0,0.0,0.0
2025-06-16 01:05:00+00:00,73.9000015258789,73.9000015258789,73.5,73.5,55000,0.0,0.0
2025-06-16 01:10:00+00:00,73.5,73.9000015258789,73.4000015258789,73.69999694824219,31680,0.0,0.0
2025-06-16 01:15:00+00:00,73.69999694824219,73.80000305175781,73.5,73.5,41976,0.0,0.0
2025-06-16 01:20:00+00:00,73.5,73.5999984741211,73.0999984741211,73.19999694824219,105872,0.0,0.0
2025-06-16 01:25:00+00:00,73.0999984741211,73.0999984741211,72.9000015258789,73.0,66319,0.0,0.0
2025-06-16 01:30:00+00:00,73.0,73.19999694824219,73.0,73.0999984741211,29099,0.0,0.0
2025-06-16 01:35:00+00:00,73.19999694824219,73.30000305175781,73.0,73.0,35802,0.0,0.0
2025-06-16 01:40:00+00:00,73.0,73.0,72.9000015258789,73.0,17356,0.0,0.0
2025-06-16 01:45:00+00:00,73.0999984741211,73.19999694824219,73.0999984741211,73.0999984741211,17200,0.0,0.0
2025-06-16 01:50:00+00:00,73.0999984741211,73.5,73.0999984741211,73.30000305175781,20138,0.0,0.0
2025-06-16 01:55:00+00:00,73.30000305175781,73.30000305175781,73.30000305175781,73.30000305175781,2310,0.0,0.0
2025-06-16 02:00:00+00:00,73.19999694824219,73.19999694824219,72.9000015258789,72.9000015258789,64136,0.0,0.0
2025-06-16 02:05:00+00:00,73.0,73.0,72.9000015258789,73.0,23088,0.0,0.0
2025-06-16 02:10:00+00:00,73.0,73.0,73.0,73.0,8273,0.0,0.0
2025-06-16 02:15:00+00:00,73.0,73.0,72.9000015258789,73.0,12020,0.0,0.0
2025-06-16 02:20:00+00:00,73.0,73.0,72.69999694824219,72.80000305175781,74970,0.0,0.0
2025-06-16 02:25:00+00:00,72.80000305175781,72.80000305175781,72.69999694824219,72.69999694824219,18000,0.0,0.0
2025-06-16 02:30:00+00:00,72.80000305175781,72.80000305175781,72.69999694824219,72.80000305175781,15000,0.0,0.0
2025-06-16 02:35:00+00:00,72.80000305175781,72.80000305175781,72.80000305175781,72.80000305175781,5000,0.0,0.0
2025-06-16 02:40:00+00:00,72.80000305175781,72.80000305175781,72.80000305175781,72.80000305175781,7030,0.0,0.0
2025-06-16 02:45:00+00:00,72.80000305175781,72.9000015258789,72.80000305175781,72.80000305175781,14193,0.0,0.0
2025-06-16 02:50:00+00:00,72.69999694824219,72.69999694824219,72.5999984741211,72.69999694824219,60002,0.0,0.0
2025-06-16 02:55:00+00:00,72.69999694824219,72.69999694824219,72.69999694824219,72.69999694824219,2000,0.0,0.0
2025-06-16 03:00:00+00:00,72.80000305175781,72.9000015258789,72.80000305175781,72.9000015258789,6230,0.0,0.0
2025-06-16 03:05:00+00:00,73.0,73.0999984741211,73.0,73.0999984741211,9020,0.0,0.0
2025-06-16 03:10:00+00:00,73.0999984741211,73.0999984741211,73.0,73.0,5134,0.0,0.0
2025-06-16 03:20:00+00:00,73.0,73.19999694824219,73.0,73.19999694824219,8130,0.0,0.0
2025-06-16 03:25:00+00:00,73.0999984741211,73.0999984741211,73.0999984741211,73.0999984741211,3186,0.0,0.0
2025-06-16 03:35:00+00:00,73.19999694824219,73.4000015258789,73.19999694824219,73.30000305175781,12000,0.0,0.0
2025-06-16 03:40:00+00:00,73.30000305175781,73.5,73.30000305175781,73.5,18000,0.0,0.0
2025-06-16 03:45:00+00:00,73.5,73.5,73.5,73.5,2005,0.0,0.0
2025-06-16 03:50:00+00:00,73.5,73.5,73.30000305175781,73.30000305175781,9000,0.0,0.0
2025-06-16 03:55:00+00:00,73.30000305175781,73.30000305175781,73.30000305175781,73.30000305175781,1005,0.0,0.0
2025-06-16 04:00:00+00:00,73.30000305175781,73.30000305175781,73.30000305175781,73.30000305175781,5025,0.0,0.0
2025-06-16 04:05:00+00:00,73.30000305175781,73.69999694824219,73.30000305175781,73.69999694824219,17070,0.0,0.0
2025-06-16 04:10:00+00:00,73.69999694824219,73.69999694824219,73.69999694824219,73.69999694824219,5100,0.0,0.0
2025-06-16 04:15:00+00:00,73.5999984741211,73.69999694824219,73.5999984741211,73.69999694824219,5000,0.0,0.0
2025-06-16 04:20:00+00:00,73.80000305175781,73.80000305175781,73.80000305175781,73.80000305175781,7000,0.0,0.0
2025-06-16 04:25:00+00:00,73.80000305175781,73.80000305175781,73.5,73.5,24145,0.0,0.0
2025-06-16 04:30:00+00:00,73.5,73.5999984741211,73.5,73.5999984741211,2085,0.0,0.0
2025-06-16 04:35:00+00:00,73.5999984741211,73.5999984741211,73.5999984741211,73.5999984741211,2051,0.0,0.0
2025-06-16 04:40:00+00:00,73.5,73.5,73.5,73.5,10000,0.0,0.0
2025-06-16 04:45:00+00:00,73.5,73.5,73.4000015258789,73.4000015258789,5017,0.0,0.0
2025-06-16 04:50:00+00:00,73.4000015258789,73.5999984741211,73.4000015258789,73.5999984741211,18012,0.0,0.0
2025-06-16 04:55:00+00:00,73.69999694824219,74.19999694824219,73.5999984741211,73.80000305175781,64315,0.0,0.0
2025-06-16 05:00:00+00:00,73.80000305175781,73.9000015258789,73.80000305175781,73.9000015258789,7042,0.0,0.0
2025-06-16 05:05:00+00:00,73.9000015258789,73.9000015258789,73.69999694824219,73.69999694824219,7017,0.0,0.0
2025-06-16 05:10:00+00:00,73.80000305175781,73.9000015258789,73.80000305175781,73.9000015258789,5020,0.0,0.0
2025-06-16 05:15:00+00:00,73.9000015258789,73.9000015258789,73.80000305175781,73.80000305175781,11105,0.0,0.0
2025-06-16 05:20:00+00:00,73.80000305175781,74.30000305175781,73.80000305175781,74.0999984741211,39258,0.0,0.0
2025-06-17 01:00:00+00:00,74.0999984741211,74.5,74.0999984741211,74.30000305175781,0,0.0,0.0
2025-06-17 01:05:00+00:00,74.19999694824219,74.5999984741211,74.19999694824219,74.5,36122,0.0,0.0
2025-06-17 01:10:00+00:00,74.5999984741211,74.5999984741211,74.4000015258789,74.5999984741211,10060,0.0,0.0
2025-06-17 01:15:00+00:00,74.5,74.5,74.30000305175781,74.30000305175781,16111,0.0,0.0
2025-06-17 01:20:00+00:00,74.5,74.5999984741211,74.5,74.5,30300,0.0,0.0
2025-06-17 01:25:00+00:00,74.5,74.5,74.5,74.5,2000,0.0,0.0
2025-06-17 01:30:00+00:00,74.4000015258789,74.4000015258789,74.4000015258789,74.4000015258789,6111,0.0,0.0
2025-06-17 01:35:00+00:00,74.4000015258789,74.4000015258789,74.4000015258789,74.4000015258789,3000,0.0,0.0
2025-06-17 01:40:00+00:00,74.4000015258789,74.4000015258789,74.4000015258789,74.4000015258789,11000,0.0,0.0
2025-06-17 01:45:00+00:00,74.4000015258789,74.5,74.4000015258789,74.4000015258789,7090,0.0,0.0
2025-06-17 01:50:00+00:00,74.30000305175781,74.30000305175781,74.30000305175781,74.30000305175781,2000,0.0,0.0
2025-06-17 01:55:00+00:00,74.30000305175781,74.30000305175781,74.0999984741211,74.19999694824219,20032,0.0,0.0
2025-06-17 02:00:00+00:00,74.0999984741211,74.0999984741211,74.0,74.0,14123,0.0,0.0
2025-06-17 02:05:00+00:00,74.0999984741211,74.0999984741211,74.0,74.0,3074,0.0,0.0
2025-06-17 02:10:00+00:00,74.0,74.0,73.80000305175781,73.80000305175781,15411,0.0,0.0
2025-06-17 02:15:00+00:00,73.80000305175781,73.80000305175781,73.80000305175781,73.80000305175781,4137,0.0,0.0
2025-06-17 02:20:00+00:00,73.69999694824219,73.69999694824219,73.5999984741211,73.5999984741211,17000,0.0,0.0
2025-06-17 02:25:00+00:00,73.5999984741211,73.69999694824219,73.5999984741211,73.69999694824219,6011,0.0,0.0
2025-06-17 02:30:00+00:00,73.69999694824219,73.69999694824219,73.69999694824219,73.69999694824219,2016,0.0,0.0
2025-06-17 02:35:00+00:00,73.69999694824219,73.69999694824219,73.69999694824219,73.69999694824219,2000,0.0,0.0
2025-06-17 02:40:00+00:00,73.69999694824219,73.69999694824219,73.5999984741211,73.69999694824219,5245,0.0,0.0
2025-06-17 02:45:00+00:00,73.69999694824219,73.69999694824219,73.69999694824219,73.69999694824219,2000,0.0,0.0
2025-06-17 02:50:00+00:00,73.80000305175781,74.0,73.80000305175781,74.0,2000,0.0,0.0
2025-06-17 02:55:00+00:00,73.80000305175781,74.0,73.80000305175781,74.0,4049,0.0,0.0
2025-06-17 03:00:00+00:00,74.0,74.0,73.9000015258789,73.9000015258789,8215,0.0,0.0
2025-06-17 03:05:00+00:00,73.9000015258789,74.0,73.9000015258789,74.0,12540,0.0,0.0
2025-06-17 03:15:00+00:00,74.0,74.0999984741211,73.9000015258789,73.9000015258789,16000,0.0,0.0
2025-06-17 03:20:00+00:00,73.9000015258789,73.9000015258789,73.9000015258789,73.9000015258789,2000,0.0,0.0
2025-06-17 03:25:00+00:00,73.80000305175781,73.80000305175781,73.80000305175781,73.80000305175781,2112,0.0,0.0
2025-06-17 03:30:00+00:00,73.80000305175781,73.80000305175781,73.80000305175781,73.80000305175781,8005,0.0,0.0
2025-06-17 03:35:00+00:00,73.9000015258789,73.9000015258789,73.9000015258789,73.9000015258789,1000,0.0,0.0
2025-06-17 03:45:00+00:00,73.69999694824219,73.69999694824219,73.4000015258789,73.4000015258789,70016,0.0,0.0
2025-06-17 03:50:00+00:00,73.4000015258789,73.4000015258789,73.4000015258789,73.4000015258789,4000,0.0,0.0
2025-06-17 03:55:00+00:00,73.4000015258789,73.4000015258789,73.4000015258789,73.4000015258789,2030,0.0,0.0
2025-06-17 04:00:00+00:00,73.5,73.5,73.5,73.5,14000,0.0,0.0
2025-06-17 04:05:00+00:00,73.5,73.5,73.4000015258789,73.4000015258789,26000,0.0,0.0
2025-06-17 04:10:00+00:00,73.4000015258789,73.4000015258789,73.4000015258789,73.4000015258789,3060,0.0,0.0
2025-06-17 04:15:00+00:00,73.5,73.5,73.5,73.5,3330,0.0,0.0
2025-06-17 04:20:00+00:00,73.4000015258789,73.4000015258789,73.30000305175781,73.30000305175781,27249,0.0,0.0
2025-06-17 04:25:00+00:00,73.30000305175781,73.5,73.19999694824219,73.5,30000,0.0,0.0
2025-06-17 04:30:00+00:00,73.30000305175781,73.4000015258789,73.30000305175781,73.4000015258789,6033,0.0,0.0
2025-06-17 04:35:00+00:00,73.30000305175781,73.30000305175781,73.19999694824219,73.19999694824219,2000,0.0,0.0
2025-06-17 04:40:00+00:00,73.30000305175781,73.5,73.30000305175781,73.5,40062,0.0,0.0
2025-06-17 04:45:00+00:00,73.4000015258789,73.5999984741211,73.4000015258789,73.4000015258789,20000,0.0,0.0
2025-06-17 04:50:00+00:00,73.30000305175781,73.5,73.30000305175781,73.4000015258789,38010,0.0,0.0
2025-06-17 04:55:00+00:00,73.5,73.5,73.5,73.5,6128,0.0,0.0
2025-06-17 05:00:00+00:00,73.5,73.69999694824219,73.5,73.69999694824219,16073,0.0,0.0
2025-06-17 05:05:00+00:00,73.69999694824219,73.69999694824219,73.69999694824219,73.69999694824219,1005,0.0,0.0
2025-06-17 05:10:00+00:00,73.5999984741211,73.5999984741211,73.5999984741211,73.5999984741211,3000,0.0,0.0
2025-06-17 05:15:00+00:00,73.5999984741211,73.5999984741211,73.4000015258789,73.5,18120,0.0,0.0
2025-06-17 05:20:00+00:00,73.4000015258789,73.5999984741211,73.4000015258789,73.4000015258789,26038,0.0,0.0
2025-06-18 01:00:00+00:00,74.19999694824219,74.19999694824219,73.80000305175781,73.9000015258789,15000,0.0,0.0
2025-06-18 01:05:00+00:00,73.69999694824219,74.80000305175781,73.69999694824219,74.4000015258789,77036,0.0,0.0
2025-06-18 01:10:00+00:00,74.30000305175781,74.30000305175781,74.0,74.0,14236,0.0,0.0
2025-06-18 01:15:00+00:00,73.9000015258789,74.0,73.9000015258789,74.0,6178,0.0,0.0
2025-06-18 01:20:00+00:00,74.0,74.0,73.9000015258789,74.0,7200,0.0,0.0
2025-06-18 01:25:00+00:00,73.9000015258789,74.19999694824219,73.9000015258789,74.19999694824219,25087,0.0,0.0
2025-06-18 01:30:00+00:00,74.19999694824219,74.30000305175781,74.0999984741211,74.19999694824219,6000,0.0,0.0
2025-06-18 01:35:00+00:00,74.30000305175781,74.30000305175781,74.19999694824219,74.19999694824219,10500,0.0,0.0
2025-06-18 01:40:00+00:00,74.0999984741211,74.0999984741211,74.0,74.0,8066,0.0,0.0
2025-06-18 01:45:00+00:00,74.0,74.0,74.0,74.0,2000,0.0,0.0
2025-06-18 01:50:00+00:00,74.0999984741211,74.0999984741211,74.0999984741211,74.0999984741211,6000,0.0,0.0
2025-06-18 01:55:00+00:00,74.0,74.0,74.0,74.0,11000,0.0,0.0
2025-06-18 02:00:00+00:00,73.9000015258789,73.9000015258789,73.80000305175781,73.80000305175781,8372,0.0,0.0
2025-06-18 02:05:00+00:00,73.69999694824219,73.69999694824219,73.5999984741211,73.5999984741211,4568,0.0,0.0
2025-06-18 02:10:00+00:00,73.69999694824219,73.69999694824219,73.69999694824219,73.69999694824219,1165,0.0,0.0
2025-06-18 02:15:00+00:00,73.69999694824219,73.69999694824219,73.69999694824219,73.69999694824219,4000,0.0,0.0
2025-06-18 02:20:00+00:00,73.69999694824219,73.69999694824219,73.69999694824219,73.69999694824219,1000,0.0,0.0
2025-06-18 02:30:00+00:00,73.69999694824219,73.69999694824219,73.69999694824219,73.69999694824219,7212,0.0,0.0
2025-06-18 02:35:00+00:00,73.80000305175781,73.80000305175781,73.80000305175781,73.80000305175781,7020,0.0,0.0
2025-06-18 02:40:00+00:00,73.9000015258789,73.9000015258789,73.9000015258789,73.9000015258789,4100,0.0,0.0
2025-06-18 02:45:00+00:00,73.9000015258789,73.9000015258789,73.9000015258789,73.9000015258789,1014,0.0,0.0
2025-06-18 02:50:00+00:00,73.9000015258789,73.9000015258789,73.9000015258789,73.9000015258789,3107,0.0,0.0
2025-06-18 03:00:00+00:00,74.0,74.30000305175781,74.0,74.30000305175781,32420,0.0,0.0
2025-06-18 03:05:00+00:00,74.30000305175781,74.30000305175781,74.0,74.30000305175781,9000,0.0,0.0
2025-06-18 03:10:00+00:00,74.30000305175781,74.30000305175781,74.19999694824219,74.19999694824219,2000,0.0,0.0
2025-06-18 03:15:00+00:00,74.19999694824219,74.30000305175781,74.0,74.19999694824219,8000,0.0,0.0
2025-06-18 03:20:00+00:00,74.19999694824219,74.30000305175781,74.19999694824219,74.30000305175781,9000,0.0,0.0
2025-06-18 03:25:00+00:00,74.30000305175781,74.4000015258789,74.30000305175781,74.4000015258789,12000,0.0,0.0
2025-06-18 03:30:00+00:00,74.4000015258789,74.5,74.4000015258789,74.5,10035,0.0,0.0
2025-06-18 03:35:00+00:00,74.30000305175781,74.4000015258789,74.19999694824219,74.30000305175781,13000,0.0,0.0
2025-06-18 03:40:00+00:00,74.4000015258789,74.4000015258789,74.4000015258789,74.4000015258789,7010,0.0,0.0
2025-06-18 03:45:00+00:00,74.4000015258789,74.5,74.4000015258789,74.5,3020,0.0,0.0
2025-06-18 03:50:00+00:00,74.4000015258789,74.4000015258789,74.4000015258789,74.4000015258789,4000,0.0,0.0
2025-06-18 03:55:00+00:00,74.30000305175781,74.30000305175781,74.19999694824219,74.19999694824219,8000,0.0,0.0
2025-06-18 04:00:00+00:00,74.0,74.19999694824219,74.0,74.19999694824219,2200,0.0,0.0
2025-06-18 04:05:00+00:00,74.0,74.0,74.0,74.0,4000,0.0,0.0
2025-06-18 04:10:00+00:00,74.0999984741211,74.0999984741211,74.0999984741211,74.0999984741211,2011,0.0,0.0
2025-06-18 04:15:00+00:00,74.0999984741211,74.0999984741211,74.0999984741211,74.0999984741211,9155,0.0,0.0
2025-06-18 04:20:00+00:00,74.0999984741211,74.0999984741211,74.0,74.0999984741211,7003,0.0,0.0
2025-06-18 04:25:00+00:00,74.0999984741211,74.0999984741211,74.0999984741211,74.0999984741211,1100,0.0,0.0
2025-06-18 04:30:00+00:00,74.0999984741211,74.0999984741211,74.0999984741211,74.0999984741211,1000,0.0,0.0
2025-06-18 04:35:00+00:00,74.0999984741211,74.0999984741211,74.0,74.0,11000,0.0,0.0
2025-06-18 04:40:00+00:00,74.0,74.0,74.0,74.0,3000,0.0,0.0
2025-06-18 04:45:00+00:00,74.0,74.0,74.0,74.0,1000,0.0,0.0
2025-06-18 04:50:00+00:00,74.0,74.0,74.0,74.0,6000,0.0,0.0
2025-06-18 04:55:00+00:00,73.9000015258789,73.9000015258789,73.9000015258789,73.9000015258789,1200,0.0,0.0
2025-06-18 05:00:00+00:00,73.9000015258789,74.0,73.9000015258789,73.9000015258789,12200,0.0,0.0
2025-06-18 05:05:00+00:00,74.0,74.0999984741211,73.9000015258789,73.9000015258789,10250,0.0,0.0
2025-06-18 05:10:00+00:00,73.80000305175781,73.9000015258789,73.80000305175781,73.80000305175781,5000,0.0,0.0
2025-06-18 05:15:00+00:00,73.80000305175781,73.9000015258789,73.69999694824219,73.80000305175781,29000,0.0,0.0
2025-06-18 05:20:00+00:00,73.69999694824219,73.9000015258789,73.69999694824219,73.9000015258789,19128,0.0,0.0
2025-06-19 01:00:00+00:00,73.5,73.5,73.19999694824219,73.4000015258789,0,0.0,0.0
2025-06-19 01:05:00+00:00,73.4000015258789,73.4000015258789,73.19999694824219,73.30000305175781,51000,0.0,0.0
2025-06-19 01:10:00+00:00,72.9000015258789,73.0,72.80000305175781,72.9000015258789,104979,0.0,0.0
2025-06-19 01:15:00+00:00,72.80000305175781,72.80000305175781,72.5999984741211,72.5999984741211,60391,0.0,0.0
2025-06-19 01:20:00+00:00,72.5999984741211,72.80000305175781,72.4000015258789,72.5999984741211,48494,0.0,0.0
2025-06-19 01:25:00+00:00,72.80000305175781,72.80000305175781,72.5,72.5,45700,0.0,0.0
2025-06-19 01:30:00+00:00,72.5,72.5,72.5,72.5,3184,0.0,0.0
2025-06-19 01:35:00+00:00,72.5999984741211,72.5999984741211,72.30000305175781,72.30000305175781,47390,0.0,0.0
2025-06-19 01:40:00+00:00,72.30000305175781,72.4000015258789,72.30000305175781,72.4000015258789,12642,0.0,0.0
2025-06-19 01:45:00+00:00,72.5,72.5999984741211,72.4000015258789,72.5999984741211,7370,0.0,0.0
2025-06-19 01:50:00+00:00,72.5,72.5,72.5,72.5,6385,0.0,0.0
2025-06-19 01:55:00+00:00,72.5,72.5,72.5,72.5,27000,0.0,0.0
2025-06-19 02:00:00+00:00,72.4000015258789,72.4000015258789,72.30000305175781,72.30000305175781,42131,0.0,0.0
2025-06-19 02:05:00+00:00,72.19999694824219,72.30000305175781,72.19999694824219,72.19999694824219,35100,0.0,0.0
2025-06-19 02:10:00+00:00,72.19999694824219,72.19999694824219,71.9000015258789,71.9000015258789,91007,0.0,0.0
2025-06-19 02:15:00+00:00,71.9000015258789,71.9000015258789,71.5,71.69999694824219,112958,0.0,0.0
2025-06-19 02:20:00+00:00,71.5999984741211,71.5999984741211,71.5999984741211,71.5999984741211,14506,0.0,0.0
2025-06-19 02:25:00+00:00,71.5999984741211,71.69999694824219,71.5,71.5999984741211,65188,0.0,0.0
2025-06-19 02:30:00+00:00,71.69999694824219,71.69999694824219,71.5,71.69999694824219,38407,0.0,0.0
2025-06-19 02:35:00+00:00,71.69999694824219,71.69999694824219,71.5999984741211,71.69999694824219,18000,0.0,0.0
2025-06-19 02:40:00+00:00,71.69999694824219,71.69999694824219,71.5999984741211,71.69999694824219,12121,0.0,0.0
2025-06-19 02:45:00+00:00,71.69999694824219,71.69999694824219,71.5999984741211,71.5999984741211,28000,0.0,0.0
2025-06-19 02:50:00+00:00,71.69999694824219,71.69999694824219,71.5999984741211,71.69999694824219,25406,0.0,0.0
2025-06-19 02:55:00+00:00,71.69999694824219,71.80000305175781,71.69999694824219,71.80000305175781,28050,0.0,0.0
2025-06-19 03:00:00+00:00,72.0,72.30000305175781,71.80000305175781,72.30000305175781,37010,0.0,0.0
2025-06-19 03:05:00+00:00,72.0999984741211,72.0999984741211,72.0,72.0,7150,0.0,0.0
2025-06-19 03:10:00+00:00,71.80000305175781,71.80000305175781,71.80000305175781,71.80000305175781,4000,0.0,0.0
2025-06-19 03:15:00+00:00,71.9000015258789,71.9000015258789,71.9000015258789,71.9000015258789,4005,0.0,0.0
2025-06-19 03:20:00+00:00,71.9000015258789,72.0999984741211,71.9000015258789,72.0,6215,0.0,0.0
2025-06-19 03:25:00+00:00,72.0,72.0999984741211,72.0,72.0999984741211,3000,0.0,0.0
2025-06-19 03:30:00+00:00,72.0999984741211,72.0999984741211,72.0999984741211,72.0999984741211,0,0.0,0.0
2025-06-19 03:35:00+00:00,72.19999694824219,72.19999694824219,72.0999984741211,72.0999984741211,1060239,0.0,0.0
2025-06-19 03:40:00+00:00,72.0999984741211,72.0999984741211,72.0999984741211,72.0999984741211,6000,0.0,0.0
2025-06-19 03:45:00+00:00,72.0,72.19999694824219,72.0,72.19999694824219,7040,0.0,0.0
2025-06-19 03:50:00+00:00,72.0999984741211,72.0999984741211,72.0999984741211,72.0999984741211,4001,0.0,0.0
2025-06-19 03:55:00+00:00,72.0999984741211,72.0999984741211,72.0,72.0,4353,0.0,0.0
2025-06-19 04:00:00+00:00,72.0,72.0999984741211,72.0,72.0,26000,0.0,0.0
2025-06-19 04:05:00+00:00,72.0,72.0,72.0,72.0,2050,0.0,0.0
2025-06-19 04:10:00+00:00,72.0,72.0,71.9000015258789,71.9000015258789,16050,0.0,0.0
2025-06-19 04:15:00+00:00,71.9000015258789,71.9000015258789,71.9000015258789,71.9000015258789,3441,0.0,0.0
2025-06-19 04:20:00+00:00,71.9000015258789,71.9000015258789,71.9000015258789,71.9000015258789,3799,0.0,0.0
2025-06-19 04:25:00+00:00,71.9000015258789,71.9000015258789,71.9000015258789,71.9000015258789,1000,0.0,0.0
2025-06-19 04:30:00+00:00,71.9000015258789,71.9000015258789,71.9000015258789,71.9000015258789,7000,0.0,0.0
2025-06-19 04:35:00+00:00,72.0,72.0,71.9000015258789,71.9000015258789,10220,0.0,0.0
2025-06-19 04:40:00+00:00,71.9000015258789,72.0,71.9000015258789,71.9000015258789,8000,0.0,0.0
2025-06-19 04:45:00+00:00,72.0,72.4000015258789,71.9000015258789,72.4000015258789,31000,0.0,0.0
2025-06-19 04:50:00+00:00,72.30000305175781,72.30000305175781,72.19999694824219,72.19999694824219,3100,0.0,0.0
2025-06-19 04:55:00+00:00,72.0999984741211,72.0999984741211,72.0,72.0,19000,0.0,0.0
2025-06-19 05:00:00+00:00,72.0,72.0999984741211,71.9000015258789,72.0,21100,0.0,0.0
2025-06-19 05:05:00+00:00,72.0,72.0,71.9000015258789,71.9000015258789,12279,0.0,0.0
2025-06-19 05:10:00+00:00,71.9000015258789,72.0,71.9000015258789,72.0,6000,0.0,0.0
2025-06-19 05:15:00+00:00,72.0,72.0999984741211,71.9000015258789,71.9000015258789,23000,0.0,0.0
2025-06-19 05:20:00+00:00,71.9000015258789,72.0,71.80000305175781,71.80000305175781,31250,0.0,0.0
2025-06-20 01:00:00+00:00,71.5,72.0,71.5,72.0,0,0.0,0.0
2025-06-20 01:05:00+00:00,72.0,72.0,71.80000305175781,71.80000305175781,13182,0.0,0.0
2025-06-20 01:10:00+00:00,71.80000305175781,71.9000015258789,71.5,71.5,32175,0.0,0.0
2025-06-20 01:15:00+00:00,71.5,71.5999984741211,71.5,71.5,14615,0.0,0.0
2025-06-20 01:20:00+00:00,71.5,71.5,71.30000305175781,71.30000305175781,13485,0.0,0.0
2025-06-20 01:25:00+00:00,71.30000305175781,71.30000305175781,71.0999984741211,71.19999694824219,27131,0.0,0.0
2025-06-20 01:30:00+00:00,71.0999984741211,71.0999984741211,70.69999694824219,70.69999694824219,51609,0.0,0.0
2025-06-20 01:35:00+00:00,70.69999694824219,70.80000305175781,70.5999984741211,70.69999694824219,46701,0.0,0.0
2025-06-20 01:40:00+00:00,70.69999694824219,70.69999694824219,70.5999984741211,70.5999984741211,38157,0.0,0.0
2025-06-20 01:45:00+00:00,70.5999984741211,70.5999984741211,70.5,70.5,67654,0.0,0.0
2025-06-20 01:50:00+00:00,70.4000015258789,70.5,70.4000015258789,70.5,30537,0.0,0.0
2025-06-20 01:55:00+00:00,70.5,70.5,70.5,70.5,7866,0.0,0.0
2025-06-20 02:00:00+00:00,70.4000015258789,70.4000015258789,70.30000305175781,70.4000015258789,26100,0.0,0.0
2025-06-20 02:05:00+00:00,70.4000015258789,70.69999694824219,70.4000015258789,70.69999694824219,22789,0.0,0.0
2025-06-20 02:10:00+00:00,70.5999984741211,70.5999984741211,70.5999984741211,70.5999984741211,6070,0.0,0.0
2025-06-20 02:15:00+00:00,70.5999984741211,70.69999694824219,70.5999984741211,70.69999694824219,18000,0.0,0.0
2025-06-20 02:20:00+00:00,70.69999694824219,70.9000015258789,70.69999694824219,70.9000015258789,7057,0.0,0.0
2025-06-20 02:25:00+00:00,70.80000305175781,70.80000305175781,70.80000305175781,70.80000305175781,14069,0.0,0.0
2025-06-20 02:30:00+00:00,70.80000305175781,70.9000015258789,70.80000305175781,70.9000015258789,7014,0.0,0.0
2025-06-20 02:35:00+00:00,71.0,71.0999984741211,71.0,71.0999984741211,22291,0.0,0.0
2025-06-20 02:40:00+00:00,71.0999984741211,71.0999984741211,70.80000305175781,70.80000305175781,5000,0.0,0.0
2025-06-20 02:45:00+00:00,71.0,71.19999694824219,71.0,71.19999694824219,9000,0.0,0.0
2025-06-20 02:50:00+00:00,71.0,71.0,70.80000305175781,71.0,22000,0.0,0.0
2025-06-20 02:55:00+00:00,71.0,71.30000305175781,70.80000305175781,71.30000305175781,25000,0.0,0.0
2025-06-20 03:00:00+00:00,71.30000305175781,71.30000305175781,71.30000305175781,71.30000305175781,1000,0.0,0.0
2025-06-20 03:05:00+00:00,71.0,71.0,71.0,71.0,4000,0.0,0.0
2025-06-20 03:10:00+00:00,70.9000015258789,71.0,70.9000015258789,71.0,5000,0.0,0.0
2025-06-20 03:20:00+00:00,71.0,71.0999984741211,71.0,71.0,11050,0.0,0.0
2025-06-20 03:25:00+00:00,71.0999984741211,71.0999984741211,71.0999984741211,71.0999984741211,0,0.0,0.0
2025-06-20 03:30:00+00:00,71.0999984741211,71.0999984741211,71.0999984741211,71.0999984741211,589552,0.0,0.0
2025-06-20 03:35:00+00:00,71.19999694824219,71.4000015258789,71.19999694824219,71.4000015258789,11070,0.0,0.0
2025-06-20 03:40:00+00:00,71.4000015258789,71.4000015258789,71.0,71.30000305175781,34300,0.0,0.0
2025-06-20 03:45:00+00:00,71.0999984741211,71.19999694824219,71.0,71.19999694824219,11000,0.0,0.0
2025-06-20 03:50:00+00:00,71.30000305175781,71.30000305175781,71.30000305175781,71.30000305175781,2030,0.0,0.0
2025-06-20 03:55:00+00:00,71.4000015258789,71.5,71.4000015258789,71.5,10173,0.0,0.0
2025-06-20 04:00:00+00:00,71.4000015258789,71.4000015258789,71.4000015258789,71.4000015258789,2000,0.0,0.0
2025-06-20 04:10:00+00:00,71.30000305175781,71.30000305175781,71.30000305175781,71.30000305175781,1100,0.0,0.0
2025-06-20 04:15:00+00:00,71.30000305175781,71.30000305175781,71.30000305175781,71.30000305175781,8000,0.0,0.0
2025-06-20 04:20:00+00:00,71.19999694824219,71.30000305175781,71.0999984741211,71.0999984741211,9092,0.0,0.0
2025-06-20 04:25:00+00:00,71.19999694824219,71.19999694824219,71.19999694824219,71.19999694824219,2010,0.0,0.0
2025-06-20 04:30:00+00:00,71.19999694824219,71.19999694824219,71.0999984741211,71.19999694824219,6300,0.0,0.0
2025-06-20 04:35:00+00:00,71.19999694824219,71.19999694824219,71.19999694824219,71.19999694824219,2000,0.0,0.0
2025-06-20 04:40:00+00:00,71.0999984741211,71.19999694824219,70.9000015258789,71.0999984741211,45368,0.0,0.0
2025-06-20 04:45:00+00:00,71.0,71.0,71.0,71.0,1000,0.0,0.0
2025-06-20 04:50:00+00:00,71.0999984741211,71.0999984741211,71.0,71.0,7050,0.0,0.0
2025-06-20 04:55:00+00:00,71.0,71.0,71.0,71.0,12210,0.0,0.0
2025-06-20 05:00:00+00:00,71.0999984741211,71.30000305175781,71.0999984741211,71.30000305175781,15162,0.0,0.0
2025-06-20 05:05:00+00:00,71.30000305175781,71.30000305175781,71.19999694824219,71.30000305175781,8000,0.0,0.0
2025-06-20 05:10:00+00:00,71.19999694824219,71.30000305175781,71.19999694824219,71.19999694824219,19000,0.0,0.0
2025-06-20 05:15:00+00:00,71.19999694824219,71.4000015258789,71.0999984741211,71.4000015258789,31096,0.0,0.0
2025-06-20 05:20:00+00:00,71.30000305175781,71.5,71.30000305175781,71.5,47824,0.0,0.0
2025-06-23 01:00:00+00:00,69.9000015258789,70.0,69.0999984741211,70.0,0,0.0,0.0
2025-06-23 01:05:00+00:00,70.0,70.69999694824219,69.9000015258789,70.69999694824219,46202,0.0,0.0
2025-06-23 01:10:00+00:00,70.69999694824219,70.9000015258789,70.69999694824219,70.9000015258789,7907,0.0,0.0
2025-06-23 01:15:00+00:00,70.9000015258789,70.9000015258789,70.5,70.5999984741211,36043,0.0,0.0
2025-06-23 01:20:00+00:00,70.5,70.9000015258789,70.5,70.80000305175781,37000,0.0,0.0
2025-06-23 01:25:00+00:00,70.9000015258789,71.0999984741211,70.80000305175781,70.80000305175781,42100,0.0,0.0
2025-06-23 01:30:00+00:00,70.80000305175781,70.80000305175781,70.69999694824219,70.80000305175781,7073,0.0,0.0
2025-06-23 01:35:00+00:00,70.69999694824219,70.80000305175781,70.69999694824219,70.69999694824219,5100,0.0,0.0
2025-06-23 01:40:00+00:00,70.80000305175781,70.80000305175781,70.69999694824219,70.69999694824219,5100,0.0,0.0
2025-06-23 01:45:00+00:00,70.69999694824219,70.9000015258789,70.69999694824219,70.69999694824219,9000,0.0,0.0
2025-06-23 01:50:00+00:00,70.9000015258789,71.19999694824219,70.9000015258789,71.19999694824219,43185,0.0,0.0
2025-06-23 01:55:00+00:00,71.19999694824219,71.19999694824219,71.0999984741211,71.0999984741211,3000,0.0,0.0
2025-06-23 02:00:00+00:00,71.0999984741211,71.0999984741211,70.9000015258789,70.9000015258789,27030,0.0,0.0
2025-06-23 02:05:00+00:00,70.80000305175781,71.30000305175781,70.69999694824219,71.0999984741211,42025,0.0,0.0
2025-06-23 02:10:00+00:00,71.30000305175781,71.30000305175781,71.0999984741211,71.0999984741211,7130,0.0,0.0
2025-06-23 02:15:00+00:00,71.0999984741211,71.0999984741211,71.0999984741211,71.0999984741211,6000,0.0,0.0
2025-06-23 02:20:00+00:00,71.0999984741211,71.0999984741211,71.0999984741211,71.0999984741211,2020,0.0,0.0
2025-06-23 02:25:00+00:00,71.0999984741211,71.5,71.0999984741211,71.5,8068,0.0,0.0
2025-06-23 02:30:00+00:00,71.5,71.5,71.4000015258789,71.4000015258789,5112,0.0,0.0
2025-06-23 02:35:00+00:00,71.4000015258789,71.4000015258789,71.30000305175781,71.30000305175781,5000,0.0,0.0
2025-06-23 02:40:00+00:00,71.4000015258789,71.4000015258789,71.4000015258789,71.4000015258789,3012,0.0,0.0
2025-06-23 02:45:00+00:00,71.4000015258789,71.5,71.4000015258789,71.4000015258789,5073,0.0,0.0
2025-06-23 02:50:00+00:00,71.4000015258789,71.4000015258789,71.30000305175781,71.4000015258789,6143,0.0,0.0
2025-06-23 02:55:00+00:00,71.5,71.5999984741211,71.5,71.5999984741211,20046,0.0,0.0
2025-06-23 03:00:00+00:00,71.5999984741211,71.80000305175781,71.5999984741211,71.69999694824219,12481,0.0,0.0
2025-06-23 03:05:00+00:00,71.69999694824219,71.69999694824219,71.5999984741211,71.69999694824219,6008,0.0,0.0
2025-06-23 03:10:00+00:00,71.69999694824219,71.69999694824219,71.5999984741211,71.5999984741211,4030,0.0,0.0
2025-06-23 03:15:00+00:00,71.69999694824219,71.69999694824219,71.5,71.5,4001,0.0,0.0
2025-06-23 03:20:00+00:00,71.5999984741211,71.5999984741211,71.4000015258789,71.5,9284,0.0,0.0
2025-06-23 03:25:00+00:00,71.4000015258789,71.4000015258789,71.4000015258789,71.4000015258789,1080,0.0,0.0
2025-06-23 03:30:00+00:00,71.5,71.5,71.4000015258789,71.5,8100,0.0,0.0
2025-06-23 03:35:00+00:00,71.4000015258789,71.5999984741211,71.4000015258789,71.5999984741211,4000,0.0,0.0
2025-06-23 03:40:00+00:00,71.5999984741211,71.5999984741211,71.5,71.5,5020,0.0,0.0
2025-06-23 03:45:00+00:00,71.5,71.5999984741211,71.5,71.5999984741211,3000,0.0,0.0
2025-06-23 03:50:00+00:00,71.5,71.5,71.4000015258789,71.5,23110,0.0,0.0
2025-06-23 03:55:00+00:00,71.4000015258789,71.4000015258789,71.4000015258789,71.4000015258789,1119,0.0,0.0
2025-06-23 04:05:00+00:00,71.4000015258789,71.4000015258789,71.0999984741211,71.0999984741211,7315,0.0,0.0
2025-06-23 04:10:00+00:00,71.19999694824219,71.30000305175781,71.19999694824219,71.30000305175781,6000,0.0,0.0
2025-06-23 04:15:00+00:00,71.30000305175781,71.30000305175781,71.30000305175781,71.30000305175781,2150,0.0,0.0
2025-06-23 04:20:00+00:00,71.30000305175781,71.30000305175781,71.30000305175781,71.30000305175781,15000,0.0,0.0
2025-06-23 04:30:00+00:00,71.19999694824219,71.19999694824219,71.19999694824219,71.19999694824219,1000,0.0,0.0
2025-06-23 04:35:00+00:00,71.19999694824219,71.30000305175781,71.19999694824219,71.30000305175781,4150,0.0,0.0
2025-06-23 04:40:00+00:00,71.19999694824219,71.30000305175781,71.19999694824219,71.19999694824219,16162,0.0,0.0
2025-06-23 04:45:00+00:00,71.19999694824219,71.19999694824219,71.0,71.0999984741211,51000,0.0,0.0
2025-06-23 04:50:00+00:00,71.0999984741211,71.0999984741211,71.0999984741211,71.0999984741211,1000,0.0,0.0
2025-06-23 04:55:00+00:00,71.0999984741211,71.0999984741211,71.0999984741211,71.0999984741211,8000,0.0,0.0
2025-06-23 05:00:00+00:00,71.19999694824219,71.19999694824219,71.0999984741211,71.0999984741211,11100,0.0,0.0
2025-06-23 05:05:00+00:00,71.0,71.0,71.0,71.0,4059,0.0,0.0
2025-06-23 05:10:00+00:00,71.0,71.19999694824219,71.0,71.19999694824219,7045,0.0,0.0
2025-06-23 05:15:00+00:00,71.30000305175781,71.30000305175781,71.19999694824219,71.19999694824219,4000,0.0,0.0
2025-06-23 05:20:00+00:00,71.0999984741211,71.30000305175781,71.0999984741211,71.19999694824219,12000,0.0,0.0
2025-06-24 01:00:00+00:00,72.0,72.30000305175781,72.0,72.30000305175781,0,0.0,0.0
2025-06-24 01:05:00+00:00,72.30000305175781,72.5999984741211,72.30000305175781,72.5,25000,0.0,0.0
2025-06-24 01:10:00+00:00,72.4000015258789,72.80000305175781,72.4000015258789,72.80000305175781,86327,0.0,0.0
2025-06-24 01:15:00+00:00,72.9000015258789,73.19999694824219,72.80000305175781,72.9000015258789,80469,0.0,0.0
2025-06-24 01:20:00+00:00,73.19999694824219,73.30000305175781,72.9000015258789,72.9000015258789,41100,0.0,0.0
2025-06-24 01:25:00+00:00,72.9000015258789,72.9000015258789,72.9000015258789,72.9000015258789,3011,0.0,0.0
2025-06-24 01:30:00+00:00,72.80000305175781,73.0,72.80000305175781,73.0,25137,0.0,0.0
2025-06-24 01:35:00+00:00,73.0,73.0,72.80000305175781,72.9000015258789,22000,0.0,0.0
2025-06-24 01:40:00+00:00,73.0999984741211,73.19999694824219,73.0,73.0,43610,0.0,0.0
2025-06-24 01:45:00+00:00,73.0,73.0999984741211,73.0,73.0999984741211,7000,0.0,0.0
2025-06-24 01:50:00+00:00,73.0999984741211,73.19999694824219,73.0,73.19999694824219,11200,0.0,0.0
2025-06-24 01:55:00+00:00,73.19999694824219,73.4000015258789,73.0999984741211,73.30000305175781,74943,0.0,0.0
2025-06-24 02:00:00+00:00,73.30000305175781,73.5,73.30000305175781,73.30000305175781,50134,0.0,0.0
2025-06-24 02:05:00+00:00,73.19999694824219,73.30000305175781,73.19999694824219,73.19999694824219,6100,0.0,0.0
2025-06-24 02:10:00+00:00,73.19999694824219,73.19999694824219,73.0999984741211,73.0999984741211,2030,0.0,0.0
2025-06-24 02:15:00+00:00,73.0999984741211,73.4000015258789,73.0999984741211,73.19999694824219,47070,0.0,0.0
2025-06-24 02:20:00+00:00,73.19999694824219,73.30000305175781,73.19999694824219,73.30000305175781,10009,0.0,0.0
2025-06-24 02:25:00+00:00,73.19999694824219,73.4000015258789,73.19999694824219,73.4000015258789,16000,0.0,0.0
2025-06-24 02:35:00+00:00,73.30000305175781,73.30000305175781,73.30000305175781,73.30000305175781,2021,0.0,0.0
2025-06-24 02:40:00+00:00,73.19999694824219,73.30000305175781,73.19999694824219,73.30000305175781,2549,0.0,0.0
2025-06-24 02:45:00+00:00,73.19999694824219,73.19999694824219,73.19999694824219,73.19999694824219,7000,0.0,0.0
2025-06-24 02:50:00+00:00,73.19999694824219,73.19999694824219,73.19999694824219,73.19999694824219,4353,0.0,0.0
2025-06-24 02:55:00+00:00,73.19999694824219,73.19999694824219,73.0999984741211,73.0999984741211,7000,0.0,0.0
2025-06-24 03:00:00+00:00,73.0999984741211,73.19999694824219,73.0999984741211,73.19999694824219,12020,0.0,0.0
2025-06-24 03:05:00+00:00,73.30000305175781,73.30000305175781,73.30000305175781,73.30000305175781,2000,0.0,0.0
2025-06-24 03:15:00+00:00,73.30000305175781,73.30000305175781,73.30000305175781,73.30000305175781,2000,0.0,0.0
2025-06-24 03:20:00+00:00,73.30000305175781,73.30000305175781,73.19999694824219,73.30000305175781,5000,0.0,0.0
2025-06-24 03:25:00+00:00,73.19999694824219,73.19999694824219,73.0999984741211,73.0999984741211,8000,0.0,0.0
2025-06-24 03:30:00+00:00,73.30000305175781,73.30000305175781,73.30000305175781,73.30000305175781,14002,0.0,0.0
2025-06-24 03:35:00+00:00,73.30000305175781,73.30000305175781,73.30000305175781,73.30000305175781,17010,0.0,0.0
2025-06-24 03:40:00+00:00,73.30000305175781,73.30000305175781,73.30000305175781,73.30000305175781,3050,0.0,0.0
2025-06-24 03:45:00+00:00,73.4000015258789,73.4000015258789,73.30000305175781,73.30000305175781,3000,0.0,0.0
2025-06-24 03:50:00+00:00,73.30000305175781,73.4000015258789,73.30000305175781,73.30000305175781,11030,0.0,0.0
2025-06-24 03:55:00+00:00,73.30000305175781,73.30000305175781,73.30000305175781,73.30000305175781,2000,0.0,0.0
2025-06-24 04:00:00+00:00,73.30000305175781,73.30000305175781,73.30000305175781,73.30000305175781,2000,0.0,0.0
2025-06-24 04:05:00+00:00,73.19999694824219,73.19999694824219,73.19999694824219,73.19999694824219,8000,0.0,0.0
2025-06-24 04:10:00+00:00,73.0999984741211,73.19999694824219,72.9000015258789,73.19999694824219,11137,0.0,0.0
2025-06-24 04:15:00+00:00,73.0,73.0,73.0,73.0,3028,0.0,0.0
2025-06-24 04:20:00+00:00,73.0,73.0,73.0,73.0,9150,0.0,0.0
2025-06-24 04:25:00+00:00,73.0,73.0,73.0,73.0,7150,0.0,0.0
2025-06-24 04:30:00+00:00,73.0,73.0999984741211,72.9000015258789,73.0999984741211,7014,0.0,0.0
2025-06-24 04:35:00+00:00,73.0999984741211,73.0999984741211,73.0999984741211,73.0999984741211,9000,0.0,0.0
2025-06-24 04:40:00+00:00,73.0999984741211,73.19999694824219,73.0999984741211,73.19999694824219,7000,0.0,0.0
2025-06-24 04:45:00+00:00,73.19999694824219,73.19999694824219,73.19999694824219,73.19999694824219,1000,0.0,0.0
2025-06-24 04:50:00+00:00,73.19999694824219,73.30000305175781,73.19999694824219,73.19999694824219,6000,0.0,0.0
2025-06-24 04:55:00+00:00,73.19999694824219,73.30000305175781,73.19999694824219,73.19999694824219,10079,0.0,0.0
2025-06-24 05:00:00+00:00,73.19999694824219,73.19999694824219,73.19999694824219,73.19999694824219,6060,0.0,0.0
2025-06-24 05:05:00+00:00,73.19999694824219,73.30000305175781,73.19999694824219,73.30000305175781,2000,0.0,0.0
2025-06-24 05:10:00+00:00,73.19999694824219,73.19999694824219,73.0999984741211,73.0999984741211,4000,0.0,0.0
2025-06-24 05:15:00+00:00,73.19999694824219,73.30000305175781,73.19999694824219,73.19999694824219,16000,0.0,0.0
2025-06-24 05:20:00+00:00,73.19999694824219,73.30000305175781,73.0,73.30000305175781,23145,0.0,0.0
2025-06-25 01:00:00+00:00,73.4000015258789,73.80000305175781,73.4000015258789,73.5999984741211,42000,0.0,0.0
2025-06-25 01:05:00+00:00,73.5999984741211,74.0999984741211,73.5,74.0999984741211,63000,0.0,0.0
2025-06-25 01:10:00+00:00,74.0,74.0,73.9000015258789,73.9000015258789,23676,0.0,0.0
2025-06-25 01:15:00+00:00,73.9000015258789,73.9000015258789,73.5,73.5,14373,0.0,0.0
2025-06-25 01:20:00+00:00,73.5,73.5999984741211,73.5,73.5999984741211,6232,0.0,0.0
2025-06-25 01:25:00+00:00,73.5999984741211,73.5999984741211,73.5999984741211,73.5999984741211,13429,0.0,0.0
2025-06-25 01:30:00+00:00,73.5,73.5999984741211,73.5,73.5,18004,0.0,0.0
2025-06-25 01:35:00+00:00,73.5,73.5,73.5,73.5,4008,0.0,0.0
2025-06-25 01:40:00+00:00,73.5999984741211,73.69999694824219,73.5999984741211,73.69999694824219,3050,0.0,0.0
2025-06-25 01:45:00+00:00,73.5,73.5,73.5,73.5,4175,0.0,0.0
2025-06-25 01:50:00+00:00,73.5,73.5,73.4000015258789,73.4000015258789,14010,0.0,0.0
2025-06-25 01:55:00+00:00,73.4000015258789,73.4000015258789,73.30000305175781,73.30000305175781,4106,0.0,0.0
2025-06-25 02:00:00+00:00,73.19999694824219,73.19999694824219,73.19999694824219,73.19999694824219,8100,0.0,0.0
2025-06-25 02:05:00+00:00,73.19999694824219,73.19999694824219,73.0,73.19999694824219,23056,0.0,0.0
2025-06-25 02:10:00+00:00,73.0999984741211,73.0999984741211,73.0999984741211,73.0999984741211,1000,0.0,0.0
2025-06-25 02:15:00+00:00,73.19999694824219,73.19999694824219,73.0999984741211,73.0999984741211,11486,0.0,0.0
2025-06-25 02:20:00+00:00,73.0,73.0,73.0,73.0,11000,0.0,0.0
2025-06-25 02:25:00+00:00,72.9000015258789,72.9000015258789,72.80000305175781,72.80000305175781,6110,0.0,0.0
2025-06-25 02:30:00+00:00,72.80000305175781,72.80000305175781,72.80000305175781,72.80000305175781,9000,0.0,0.0
2025-06-25 02:35:00+00:00,72.80000305175781,72.9000015258789,72.69999694824219,72.9000015258789,38151,0.0,0.0
2025-06-25 02:40:00+00:00,73.0999984741211,73.0999984741211,73.0999984741211,73.0999984741211,1010,0.0,0.0
2025-06-25 02:45:00+00:00,73.0999984741211,73.0999984741211,73.0999984741211,73.0999984741211,2000,0.0,0.0
2025-06-25 02:50:00+00:00,73.0,73.0,73.0,73.0,8000,0.0,0.0
2025-06-25 02:55:00+00:00,73.0,73.0,73.0,73.0,5014,0.0,0.0
2025-06-25 03:00:00+00:00,73.0,73.0,73.0,73.0,1000,0.0,0.0
2025-06-25 03:05:00+00:00,73.0,73.0,73.0,73.0,1100,0.0,0.0
2025-06-25 03:15:00+00:00,73.0,73.0,73.0,73.0,1200,0.0,0.0
2025-06-25 03:30:00+00:00,72.9000015258789,72.9000015258789,72.69999694824219,72.69999694824219,23389,0.0,0.0
2025-06-25 03:40:00+00:00,72.80000305175781,72.80000305175781,72.80000305175781,72.80000305175781,1000,0.0,0.0
2025-06-25 03:45:00+00:00,73.0,73.0,73.0,73.0,4110,0.0,0.0
2025-06-25 03:50:00+00:00,73.0,73.0,73.0,73.0,4061,0.0,0.0
2025-06-25 03:55:00+00:00,72.9000015258789,72.9000015258789,72.9000015258789,72.9000015258789,1001,0.0,0.0
2025-06-25 04:00:00+00:00,73.0,73.0,72.80000305175781,72.80000305175781,22000,0.0,0.0
2025-06-25 04:05:00+00:00,73.0999984741211,73.0999984741211,72.9000015258789,72.9000015258789,11200,0.0,0.0
2025-06-25 04:15:00+00:00,72.9000015258789,72.9000015258789,72.80000305175781,72.80000305175781,8000,0.0,0.0
2025-06-25 04:20:00+00:00,72.9000015258789,72.9000015258789,72.80000305175781,72.80000305175781,3000,0.0,0.0
2025-06-25 04:25:00+00:00,72.80000305175781,72.80000305175781,72.80000305175781,72.80000305175781,1075,0.0,0.0
2025-06-25 04:30:00+00:00,72.9000015258789,72.9000015258789,72.9000015258789,72.9000015258789,3000,0.0,0.0
2025-06-25 04:40:00+00:00,72.9000015258789,72.9000015258789,72.9000015258789,72.9000015258789,1000,0.0,0.0
2025-06-25 04:45:00+00:00,73.0,73.0,73.0,73.0,11100,0.0,0.0
2025-06-25 04:50:00+00:00,73.0,73.0,72.9000015258789,72.9000015258789,2402,0.0,0.0
2025-06-25 04:55:00+00:00,72.9000015258789,72.9000015258789,72.9000015258789,72.9000015258789,22094,0.0,0.0
2025-06-25 05:00:00+00:00,73.0,73.19999694824219,73.0,73.19999694824219,8000,0.0,0.0
2025-06-25 05:05:00+00:00,73.30000305175781,73.5,73.19999694824219,73.5,43058,0.0,0.0
2025-06-25 05:10:00+00:00,73.5,73.69999694824219,73.5,73.5,32300,0.0,0.0
2025-06-25 05:15:00+00:00,73.4000015258789,73.4000015258789,73.19999694824219,73.19999694824219,4011,0.0,0.0
2025-06-25 05:20:00+00:00,73.0999984741211,73.19999694824219,73.0,73.19999694824219,18100,0.0,0.0
2025-06-26 01:00:00+00:00,73.5,74.0,73.5,73.80000305175781,0,0.0,0.0
2025-06-26 01:05:00+00:00,73.80000305175781,74.0,73.80000305175781,73.80000305175781,42100,0.0,0.0
2025-06-26 01:10:00+00:00,73.80000305175781,73.80000305175781,73.5,73.5,25200,0.0,0.0
2025-06-26 01:15:00+00:00,73.5,73.9000015258789,73.5,73.9000015258789,7000,0.0,0.0
2025-06-26 01:20:00+00:00,73.69999694824219,73.9000015258789,73.5,73.9000015258789,49277,0.0,0.0
2025-06-26 01:25:00+00:00,73.9000015258789,74.30000305175781,73.9000015258789,74.0999984741211,55160,0.0,0.0
2025-06-26 01:30:00+00:00,74.30000305175781,74.30000305175781,74.0,74.0,33400,0.0,0.0
2025-06-26 01:35:00+00:00,74.0,74.0,73.69999694824219,73.69999694824219,17050,0.0,0.0
2025-06-26 01:40:00+00:00,73.69999694824219,73.69999694824219,73.69999694824219,73.69999694824219,1000,0.0,0.0
2025-06-26 01:45:00+00:00,73.80000305175781,73.9000015258789,73.80000305175781,73.80000305175781,7000,0.0,0.0
2025-06-26 01:50:00+00:00,73.80000305175781,73.9000015258789,73.5,73.5,18200,0.0,0.0
2025-06-26 01:55:00+00:00,73.5,73.5999984741211,73.4000015258789,73.5,17032,0.0,0.0
2025-06-26 02:00:00+00:00,73.5999984741211,73.69999694824219,73.5999984741211,73.69999694824219,3010,0.0,0.0
2025-06-26 02:05:00+00:00,73.69999694824219,73.69999694824219,73.5,73.5999984741211,20156,0.0,0.0
2025-06-26 02:10:00+00:00,73.80000305175781,74.0,73.80000305175781,74.0,12064,0.0,0.0
2025-06-26 02:15:00+00:00,74.0,74.0,73.9000015258789,73.9000015258789,8681,0.0,0.0
2025-06-26 02:20:00+00:00,73.80000305175781,73.80000305175781,73.69999694824219,73.69999694824219,10040,0.0,0.0
2025-06-26 02:25:00+00:00,73.69999694824219,73.69999694824219,73.5,73.5,11205,0.0,0.0
2025-06-26 02:30:00+00:00,73.4000015258789,73.4000015258789,73.4000015258789,73.4000015258789,2000,0.0,0.0
2025-06-26 02:35:00+00:00,73.4000015258789,73.4000015258789,73.4000015258789,73.4000015258789,9900,0.0,0.0
2025-06-26 02:40:00+00:00,73.30000305175781,73.5,73.30000305175781,73.5,2415,0.0,0.0
2025-06-26 02:45:00+00:00,73.4000015258789,73.5,73.4000015258789,73.5,4100,0.0,0.0
2025-06-26 02:50:00+00:00,73.5,73.5,73.5,73.5,1047,0.0,0.0
2025-06-26 02:55:00+00:00,73.30000305175781,73.30000305175781,73.19999694824219,73.19999694824219,12000,0.0,0.0
2025-06-26 03:05:00+00:00,73.19999694824219,73.19999694824219,73.19999694824219,73.19999694824219,3000,0.0,0.0
2025-06-26 03:10:00+00:00,73.19999694824219,73.4000015258789,73.19999694824219,73.4000015258789,14100,0.0,0.0
2025-06-26 03:15:00+00:00,73.30000305175781,73.30000305175781,73.30000305175781,73.30000305175781,1099,0.0,0.0
2025-06-26 03:20:00+00:00,73.30000305175781,73.30000305175781,73.19999694824219,73.19999694824219,4101,0.0,0.0
2025-06-26 03:30:00+00:00,73.30000305175781,73.30000305175781,73.19999694824219,73.19999694824219,11106,0.0,0.0
2025-06-26 03:40:00+00:00,73.19999694824219,73.19999694824219,73.19999694824219,73.19999694824219,1020,0.0,0.0
2025-06-26 03:45:00+00:00,73.19999694824219,73.19999694824219,73.19999694824219,73.19999694824219,5023,0.0,0.0
2025-06-26 03:55:00+00:00,73.19999694824219,73.19999694824219,73.19999694824219,73.19999694824219,9037,0.0,0.0
2025-06-26 04:00:00+00:00,73.19999694824219,73.19999694824219,73.19999694824219,73.19999694824219,3032,0.0,0.0
2025-06-26 04:05:00+00:00,73.19999694824219,73.19999694824219,73.19999694824219,73.19999694824219,5185,0.0,0.0
2025-06-26 04:10:00+00:00,73.19999694824219,73.19999694824219,73.19999694824219,73.19999694824219,1000,0.0,0.0
2025-06-26 04:15:00+00:00,73.0999984741211,73.19999694824219,73.0999984741211,73.19999694824219,7004,0.0,0.0
2025-06-26 04:25:00+00:00,73.19999694824219,73.19999694824219,73.19999694824219,73.19999694824219,5000,0.0,0.0
2025-06-26 04:30:00+00:00,73.19999694824219,73.30000305175781,73.19999694824219,73.30000305175781,12250,0.0,0.0
2025-06-26 04:35:00+00:00,73.19999694824219,73.19999694824219,73.19999694824219,73.19999694824219,1000,0.0,0.0
2025-06-26 04:40:00+00:00,73.30000305175781,73.30000305175781,73.19999694824219,73.19999694824219,3101,0.0,0.0
2025-06-26 04:45:00+00:00,73.19999694824219,73.19999694824219,73.19999694824219,73.19999694824219,4000,0.0,0.0
2025-06-26 04:50:00+00:00,73.19999694824219,73.19999694824219,73.0,73.19999694824219,22115,0.0,0.0
2025-06-26 04:55:00+00:00,73.0999984741211,73.19999694824219,73.0999984741211,73.19999694824219,3400,0.0,0.0
2025-06-26 05:00:00+00:00,73.19999694824219,73.30000305175781,73.0999984741211,73.30000305175781,11000,0.0,0.0
2025-06-26 05:05:00+00:00,73.30000305175781,73.30000305175781,73.0999984741211,73.19999694824219,11100,0.0,0.0
2025-06-26 05:10:00+00:00,73.0999984741211,73.0999984741211,73.0999984741211,73.0999984741211,10008,0.0,0.0
2025-06-26 05:15:00+00:00,73.0,73.19999694824219,73.0,73.19999694824219,14876,0.0,0.0
2025-06-26 05:20:00+00:00,73.0999984741211,73.19999694824219,73.0,73.0,9637,0.0,0.0
2025-06-27 01:00:00+00:00,73.5,73.5,73.5,73.5,0,0.0,0.0
2025-06-27 01:05:00+00:00,73.30000305175781,73.30000305175781,73.19999694824219,73.19999694824219,7004,0.0,0.0
2025-06-27 01:10:00+00:00,73.19999694824219,73.19999694824219,73.19999694824219,73.19999694824219,1151,0.0,0.0
2025-06-27 01:15:00+00:00,73.0999984741211,73.0999984741211,73.0999984741211,73.0999984741211,5000,0.0,0.0
2025-06-27 01:20:00+00:00,73.0,73.0,73.0,73.0,1000,0.0,0.0
2025-06-27 01:25:00+00:00,73.0,73.0,73.0,73.0,8758,0.0,0.0
2025-06-27 01:30:00+00:00,73.0,73.0,72.5999984741211,72.5999984741211,27000,0.0,0.0
2025-06-27 01:40:00+00:00,72.80000305175781,72.80000305175781,72.80000305175781,72.80000305175781,3055,0.0,0.0
2025-06-27 01:45:00+00:00,72.80000305175781,72.9000015258789,72.80000305175781,72.9000015258789,6000,0.0,0.0
2025-06-27 01:50:00+00:00,72.9000015258789,72.9000015258789,72.9000015258789,72.9000015258789,12014,0.0,0.0
2025-06-27 01:55:00+00:00,72.9000015258789,72.9000015258789,72.9000015258789,72.9000015258789,1060,0.0,0.0
2025-06-27 02:00:00+00:00,72.9000015258789,73.0,72.9000015258789,72.9000015258789,3250,0.0,0.0
2025-06-27 02:05:00+00:00,72.9000015258789,73.0,72.80000305175781,73.0,16000,0.0,0.0
2025-06-27 02:10:00+00:00,72.9000015258789,72.9000015258789,72.9000015258789,72.9000015258789,10100,0.0,0.0
2025-06-27 02:15:00+00:00,72.9000015258789,72.9000015258789,72.9000015258789,72.9000015258789,5000,0.0,0.0
2025-06-27 02:20:00+00:00,73.0,73.0,72.9000015258789,72.9000015258789,9058,0.0,0.0
2025-06-27 02:25:00+00:00,72.9000015258789,72.9000015258789,72.80000305175781,72.80000305175781,21035,0.0,0.0
2025-06-27 02:30:00+00:00,72.80000305175781,72.80000305175781,72.80000305175781,72.80000305175781,3001,0.0,0.0
2025-06-27 02:35:00+00:00,72.80000305175781,72.80000305175781,72.69999694824219,72.69999694824219,12215,0.0,0.0
2025-06-27 02:40:00+00:00,72.80000305175781,72.80000305175781,72.80000305175781,72.80000305175781,1000,0.0,0.0
2025-06-27 02:45:00+00:00,72.80000305175781,72.80000305175781,72.80000305175781,72.80000305175781,2000,0.0,0.0
2025-06-27 02:50:00+00:00,72.80000305175781,72.80000305175781,72.69999694824219,72.80000305175781,7889,0.0,0.0
2025-06-27 03:00:00+00:00,72.80000305175781,72.80000305175781,72.80000305175781,72.80000305175781,3901,0.0,0.0
2025-06-27 03:05:00+00:00,72.80000305175781,72.80000305175781,72.80000305175781,72.80000305175781,3000,0.0,0.0
2025-06-27 03:10:00+00:00,72.69999694824219,72.69999694824219,72.69999694824219,72.69999694824219,5000,0.0,0.0
2025-06-27 03:15:00+00:00,72.69999694824219,72.9000015258789,72.69999694824219,72.9000015258789,9000,0.0,0.0
2025-06-27 03:25:00+00:00,72.80000305175781,72.9000015258789,72.80000305175781,72.9000015258789,9000,0.0,0.0
2025-06-27 03:30:00+00:00,72.80000305175781,72.80000305175781,72.69999694824219,72.69999694824219,7100,0.0,0.0
2025-06-27 03:35:00+00:00,72.69999694824219,72.69999694824219,72.69999694824219,72.69999694824219,2000,0.0,0.0
2025-06-27 03:45:00+00:00,72.80000305175781,72.80000305175781,72.80000305175781,72.80000305175781,12000,0.0,0.0
2025-06-27 03:50:00+00:00,72.69999694824219,72.80000305175781,72.69999694824219,72.80000305175781,5200,0.0,0.0
2025-06-27 04:00:00+00:00,72.69999694824219,72.80000305175781,72.69999694824219,72.80000305175781,5235,0.0,0.0
2025-06-27 04:05:00+00:00,72.80000305175781,72.80000305175781,72.69999694824219,72.80000305175781,5025,0.0,0.0
2025-06-27 04:10:00+00:00,72.69999694824219,72.80000305175781,72.69999694824219,72.69999694824219,10040,0.0,0.0
2025-06-27 04:15:00+00:00,72.69999694824219,72.69999694824219,72.69999694824219,72.69999694824219,4000,0.0,0.0
2025-06-27 04:20:00+00:00,72.69999694824219,72.80000305175781,72.69999694824219,72.80000305175781,22000,0.0,0.0
2025-06-27 04:25:00+00:00,72.80000305175781,72.80000305175781,72.80000305175781,72.80000305175781,5000,0.0,0.0
2025-06-27 04:30:00+00:00,72.9000015258789,73.0,72.9000015258789,73.0,13000,0.0,0.0
2025-06-27 04:35:00+00:00,72.9000015258789,73.0,72.9000015258789,72.9000015258789,4019,0.0,0.0
2025-06-27 04:50:00+00:00,72.9000015258789,72.9000015258789,72.9000015258789,72.9000015258789,2000,0.0,0.0
2025-06-27 04:55:00+00:00,72.9000015258789,72.9000015258789,72.80000305175781,72.80000305175781,12000,0.0,0.0
2025-06-27 05:00:00+00:00,72.69999694824219,72.80000305175781,72.69999694824219,72.80000305175781,21090,0.0,0.0
2025-06-27 05:05:00+00:00,72.80000305175781,72.80000305175781,72.80000305175781,72.80000305175781,3070,0.0,0.0
2025-06-27 05:10:00+00:00,72.80000305175781,72.80000305175781,72.80000305175781,72.80000305175781,4000,0.0,0.0
2025-06-27 05:15:00+00:00,72.80000305175781,72.80000305175781,72.69999694824219,72.80000305175781,10000,0.0,0.0
2025-06-27 05:20:00+00:00,72.69999694824219,72.69999694824219,72.5,72.5,65019,0.0,0.0
2025-06-30 01:00:00+00:00,72.80000305175781,72.9000015258789,72.19999694824219,72.19999694824219,0,0.0,0.0
2025-06-30 01:05:00+00:00,72.0999984741211,72.0999984741211,71.9000015258789,71.9000015258789,52000,0.0,0.0
2025-06-30 01:10:00+00:00,71.9000015258789,71.9000015258789,71.80000305175781,71.9000015258789,21265,0.0,0.0
2025-06-30 01:15:00+00:00,72.0,72.0,71.80000305175781,71.9000015258789,14100,0.0,0.0
2025-06-30 01:20:00+00:00,71.80000305175781,71.80000305175781,71.69999694824219,71.69999694824219,37013,0.0,0.0
2025-06-30 01:25:00+00:00,71.9000015258789,71.9000015258789,71.9000015258789,71.9000015258789,8000,0.0,0.0
2025-06-30 01:30:00+00:00,71.80000305175781,71.80000305175781,71.69999694824219,71.80000305175781,21164,0.0,0.0
2025-06-30 01:35:00+00:00,71.80000305175781,72.0,71.80000305175781,72.0,9007,0.0,0.0
2025-06-30 01:40:00+00:00,72.19999694824219,72.19999694824219,72.19999694824219,72.19999694824219,1003,0.0,0.0
2025-06-30 01:45:00+00:00,72.19999694824219,72.19999694824219,72.19999694824219,72.19999694824219,2001,0.0,0.0
2025-06-30 01:50:00+00:00,72.19999694824219,72.19999694824219,72.19999694824219,72.19999694824219,5004,0.0,0.0
2025-06-30 02:00:00+00:00,72.0999984741211,72.0999984741211,72.0999984741211,72.0999984741211,7000,0.0,0.0
2025-06-30 02:05:00+00:00,72.0,72.0,72.0,72.0,14131,0.0,0.0
2025-06-30 02:10:00+00:00,72.0,72.0,71.9000015258789,71.9000015258789,2000,0.0,0.0
2025-06-30 02:15:00+00:00,72.0,72.0999984741211,72.0,72.0999984741211,3117,0.0,0.0
2025-06-30 02:20:00+00:00,72.0,72.0,71.9000015258789,71.9000015258789,5000,0.0,0.0
2025-06-30 02:30:00+00:00,71.9000015258789,71.9000015258789,71.9000015258789,71.9000015258789,8000,0.0,0.0
2025-06-30 02:35:00+00:00,71.80000305175781,71.9000015258789,71.80000305175781,71.9000015258789,11001,0.0,0.0
2025-06-30 02:40:00+00:00,71.9000015258789,71.9000015258789,71.80000305175781,71.80000305175781,2000,0.0,0.0
2025-06-30 02:45:00+00:00,71.80000305175781,71.9000015258789,71.80000305175781,71.80000305175781,10332,0.0,0.0
2025-06-30 02:50:00+00:00,71.80000305175781,72.0,71.69999694824219,72.0,9013,0.0,0.0
2025-06-30 02:55:00+00:00,71.69999694824219,71.69999694824219,71.5999984741211,71.5999984741211,31895,0.0,0.0
2025-06-30 03:00:00+00:00,71.69999694824219,71.69999694824219,71.69999694824219,71.69999694824219,4010,0.0,0.0
2025-06-30 03:05:00+00:00,71.69999694824219,71.69999694824219,71.5999984741211,71.5999984741211,15000,0.0,0.0
2025-06-30 03:10:00+00:00,71.5999984741211,71.5999984741211,71.5999984741211,71.5999984741211,1321,0.0,0.0
2025-06-30 03:15:00+00:00,71.5999984741211,71.5999984741211,71.5,71.5,30277,0.0,0.0
2025-06-30 03:20:00+00:00,71.5,71.5999984741211,71.4000015258789,71.4000015258789,12879,0.0,0.0
2025-06-30 03:25:00+00:00,71.4000015258789,71.5,71.4000015258789,71.5,20000,0.0,0.0
2025-06-30 03:30:00+00:00,71.5,71.5,71.5,71.5,7000,0.0,0.0
2025-06-30 03:35:00+00:00,71.4000015258789,71.5,71.4000015258789,71.4000015258789,11104,0.0,0.0
2025-06-30 03:40:00+00:00,71.4000015258789,71.4000015258789,71.4000015258789,71.4000015258789,5000,0.0,0.0
2025-06-30 03:45:00+00:00,71.4000015258789,71.4000015258789,71.19999694824219,71.19999694824219,32244,0.0,0.0
2025-06-30 03:50:00+00:00,71.19999694824219,71.19999694824219,71.19999694824219,71.19999694824219,5005,0.0,0.0
2025-06-30 03:55:00+00:00,71.19999694824219,71.30000305175781,71.19999694824219,71.19999694824219,6000,0.0,0.0
2025-06-30 04:00:00+00:00,71.4000015258789,71.4000015258789,71.4000015258789,71.4000015258789,1000,0.0,0.0
2025-06-30 04:05:00+00:00,71.4000015258789,71.4000015258789,71.4000015258789,71.4000015258789,1000,0.0,0.0
2025-06-30 04:10:00+00:00,71.30000305175781,71.30000305175781,71.30000305175781,71.30000305175781,5000,0.0,0.0
2025-06-30 04:15:00+00:00,71.30000305175781,71.30000305175781,71.19999694824219,71.19999694824219,22168,0.0,0.0
2025-06-30 04:20:00+00:00,71.0999984741211,71.30000305175781,71.0999984741211,71.30000305175781,11150,0.0,0.0
2025-06-30 04:25:00+00:00,71.19999694824219,71.19999694824219,71.19999694824219,71.19999694824219,4215,0.0,0.0
2025-06-30 04:30:00+00:00,71.19999694824219,71.19999694824219,71.0999984741211,71.0999984741211,9030,0.0,0.0
2025-06-30 04:35:00+00:00,71.0999984741211,71.4000015258789,71.0999984741211,71.4000015258789,5012,0.0,0.0
2025-06-30 04:40:00+00:00,71.19999694824219,71.19999694824219,71.19999694824219,71.19999694824219,2000,0.0,0.0
2025-06-30 04:45:00+00:00,71.30000305175781,71.30000305175781,71.0999984741211,71.0999984741211,35777,0.0,0.0
2025-06-30 04:50:00+00:00,71.0999984741211,71.0999984741211,71.0999984741211,71.0999984741211,5000,0.0,0.0
2025-06-30 04:55:00+00:00,71.19999694824219,71.30000305175781,71.19999694824219,71.19999694824219,21186,0.0,0.0
2025-06-30 05:00:00+00:00,71.19999694824219,71.19999694824219,71.0999984741211,71.19999694824219,13460,0.0,0.0
2025-06-30 05:05:00+00:00,71.0999984741211,71.19999694824219,71.0999984741211,71.19999694824219,22340,0.0,0.0
2025-06-30 05:10:00+00:00,71.19999694824219,71.19999694824219,71.19999694824219,71.19999694824219,12560,0.0,0.0
2025-06-30 05:15:00+00:00,71.30000305175781,71.30000305175781,71.0999984741211,71.0999984741211,21180,0.0,0.0
2025-06-30 05:20:00+00:00,71.19999694824219,71.30000305175781,71.0999984741211,71.0999984741211,14820,0.0,0.0
2025-05-05 01:00:00+00:00,72.80000305175781,72.80000305175781,70.30000305175781,71.5999984741211,0,0.0,0.0
2025-05-05 01:05:00+00:00,71.69999694824219,71.69999694824219,70.5,70.80000305175781,412000,0.0,0.0
2025-05-05 01:10:00+00:00,70.5,71.19999694824219,70.4000015258789,71.0,119669,0.0,0.0
2025-05-05 01:15:00+00:00,70.80000305175781,71.30000305175781,70.5999984741211,70.9000015258789,106753,0.0,0.0
2025-05-05 01:20:00+00:00,70.9000015258789,71.0,69.0,69.5999984741211,408207,0.0,0.0
2025-05-05 01:25:00+00:00,69.5,69.80000305175781,69.0,69.0,268176,0.0,0.0
2025-05-05 01:30:00+00:00,69.0,69.0,68.69999694824219,68.9000015258789,153963,0.0,0.0
2025-05-05 01:35:00+00:00,68.9000015258789,69.0,68.5999984741211,68.80000305175781,123739,0.0,0.0
2025-05-05 01:40:00+00:00,68.80000305175781,68.80000305175781,68.69999694824219,68.69999694824219,57280,0.0,0.0
2025-05-05 01:45:00+00:00,68.69999694824219,68.69999694824219,68.0999984741211,68.19999694824219,134316,0.0,0.0
2025-05-05 01:50:00+00:00,68.0999984741211,68.30000305175781,67.69999694824219,68.30000305175781,99862,0.0,0.0
2025-05-05 01:55:00+00:00,68.19999694824219,68.19999694824219,67.5999984741211,67.80000305175781,78099,0.0,0.0
2025-05-05 02:00:00+00:00,67.9000015258789,68.0,67.5999984741211,67.5999984741211,66500,0.0,0.0
2025-05-05 02:05:00+00:00,67.5999984741211,67.5999984741211,67.0,67.4000015258789,181084,0.0,0.0
2025-05-05 02:10:00+00:00,67.19999694824219,67.5999984741211,67.0,67.5,69270,0.0,0.0
2025-05-05 02:15:00+00:00,67.5999984741211,67.69999694824219,67.4000015258789,67.4000015258789,38130,0.0,0.0
2025-05-05 02:20:00+00:00,67.4000015258789,67.5,67.0,67.19999694824219,59000,0.0,0.0
2025-05-05 02:25:00+00:00,67.19999694824219,67.4000015258789,67.19999694824219,67.30000305175781,14478,0.0,0.0
2025-05-05 02:30:00+00:00,67.30000305175781,67.30000305175781,66.5,66.5,379217,0.0,0.0
2025-05-05 02:35:00+00:00,66.5,66.5,66.5,66.5,277194,0.0,0.0
2025-05-05 02:40:00+00:00,66.5,66.80000305175781,66.5,66.5,197979,0.0,0.0
2025-05-05 02:45:00+00:00,66.5,66.69999694824219,66.5,66.69999694824219,95829,0.0,0.0
2025-05-05 02:50:00+00:00,66.80000305175781,66.80000305175781,66.5999984741211,66.80000305175781,26000,0.0,0.0
2025-05-05 02:55:00+00:00,66.69999694824219,66.9000015258789,66.5,66.5999984741211,122006,0.0,0.0
2025-05-05 03:00:00+00:00,66.9000015258789,67.4000015258789,66.80000305175781,67.19999694824219,91290,0.0,0.0
2025-05-05 03:05:00+00:00,67.0999984741211,67.5999984741211,67.0999984741211,67.5,65834,0.0,0.0
2025-05-05 03:10:00+00:00,67.5999984741211,67.5999984741211,67.30000305175781,67.4000015258789,54162,0.0,0.0
2025-05-05 03:15:00+00:00,67.4000015258789,67.5999984741211,67.30000305175781,67.30000305175781,30316,0.0,0.0
2025-05-05 03:20:00+00:00,67.19999694824219,68.0,67.19999694824219,67.5999984741211,50000,0.0,0.0
2025-05-05 03:25:00+00:00,67.69999694824219,67.69999694824219,67.5,67.5,27400,0.0,0.0
2025-05-05 03:30:00+00:00,67.5,67.5999984741211,67.4000015258789,67.5999984741211,31200,0.0,0.0
2025-05-05 03:35:00+00:00,67.69999694824219,67.80000305175781,67.5999984741211,67.69999694824219,25297,0.0,0.0
2025-05-05 03:40:00+00:00,67.69999694824219,67.69999694824219,67.4000015258789,67.4000015258789,28500,0.0,0.0
2025-05-05 03:45:00+00:00,67.5999984741211,67.69999694824219,67.19999694824219,67.69999694824219,125000,0.0,0.0
2025-05-05 03:50:00+00:00,67.69999694824219,67.9000015258789,67.5999984741211,67.9000015258789,50336,0.0,0.0
2025-05-05 03:55:00+00:00,67.80000305175781,67.80000305175781,67.80000305175781,67.80000305175781,22249,0.0,0.0
2025-05-05 04:00:00+00:00,67.80000305175781,67.80000305175781,67.69999694824219,67.69999694824219,6819,0.0,0.0
2025-05-05 04:05:00+00:00,67.69999694824219,67.80000305175781,67.69999694824219,67.69999694824219,13055,0.0,0.0
2025-05-05 04:10:00+00:00,67.80000305175781,67.9000015258789,67.5999984741211,67.9000015258789,46307,0.0,0.0
2025-05-05 04:15:00+00:00,67.9000015258789,68.0,67.80000305175781,67.80000305175781,25450,0.0,0.0
2025-05-05 04:20:00+00:00,67.80000305175781,67.80000305175781,67.69999694824219,67.80000305175781,12350,0.0,0.0
2025-05-05 04:25:00+00:00,67.80000305175781,67.80000305175781,67.69999694824219,67.80000305175781,36165,0.0,0.0
2025-05-05 04:30:00+00:00,67.80000305175781,67.9000015258789,67.69999694824219,67.9000015258789,32128,0.0,0.0
2025-05-05 04:35:00+00:00,67.9000015258789,68.19999694824219,67.9000015258789,68.0,53453,0.0,0.0
2025-05-05 04:40:00+00:00,68.0,68.19999694824219,68.0,68.19999694824219,22103,0.0,0.0
2025-05-05 04:45:00+00:00,68.19999694824219,68.19999694824219,68.0,68.0999984741211,20320,0.0,0.0
2025-05-05 04:50:00+00:00,68.0999984741211,68.0999984741211,68.0,68.0,32040,0.0,0.0
2025-05-05 04:55:00+00:00,67.9000015258789,68.0,67.69999694824219,67.69999694824219,40016,0.0,0.0
2025-05-05 05:00:00+00:00,67.69999694824219,67.9000015258789,67.69999694824219,67.9000015258789,17030,0.0,0.0
2025-05-05 05:05:00+00:00,67.9000015258789,67.9000015258789,67.69999694824219,67.9000015258789,37250,0.0,0.0
2025-05-05 05:10:00+00:00,67.9000015258789,67.9000015258789,67.80000305175781,67.9000015258789,20100,0.0,0.0
2025-05-05 05:15:00+00:00,67.80000305175781,67.9000015258789,67.80000305175781,67.80000305175781,28076,0.0,0.0
2025-05-05 05:20:00+00:00,67.80000305175781,67.9000015258789,67.5999984741211,67.69999694824219,66297,0.0,0.0
2025-05-06 01:00:00+00:00,67.80000305175781,68.4000015258789,67.69999694824219,67.9000015258789,0,0.0,0.0
2025-05-06 01:05:00+00:00,67.9000015258789,68.4000015258789,67.9000015258789,68.30000305175781,65000,0.0,0.0
2025-05-06 01:10:00+00:00,68.30000305175781,68.5999984741211,68.0999984741211,68.5999984741211,107689,0.0,0.0
2025-05-06 01:15:00+00:00,68.69999694824219,69.19999694824219,68.69999694824219,69.0,124374,0.0,0.0
2025-05-06 01:20:00+00:00,68.9000015258789,69.0999984741211,68.80000305175781,69.0,84457,0.0,0.0
2025-05-06 01:25:00+00:00,69.0,69.0999984741211,68.9000015258789,69.0,31000,0.0,0.0
2025-05-06 01:30:00+00:00,69.0,69.0999984741211,68.9000015258789,68.9000015258789,41200,0.0,0.0
2025-05-06 01:35:00+00:00,68.9000015258789,69.0,68.9000015258789,69.0,31049,0.0,0.0
2025-05-06 01:40:00+00:00,69.0,69.0999984741211,68.69999694824219,68.69999694824219,54831,0.0,0.0
2025-05-06 01:45:00+00:00,68.69999694824219,68.69999694824219,68.5,68.5,60497,0.0,0.0
2025-05-06 01:50:00+00:00,68.5999984741211,68.69999694824219,68.5999984741211,68.5999984741211,19648,0.0,0.0
2025-05-06 01:55:00+00:00,68.69999694824219,68.69999694824219,68.69999694824219,68.69999694824219,13104,0.0,0.0
2025-05-06 02:00:00+00:00,68.69999694824219,68.69999694824219,68.69999694824219,68.69999694824219,5500,0.0,0.0
2025-05-06 02:05:00+00:00,68.69999694824219,68.80000305175781,68.69999694824219,68.80000305175781,29050,0.0,0.0
2025-05-06 02:10:00+00:00,68.80000305175781,68.80000305175781,68.69999694824219,68.69999694824219,19101,0.0,0.0
2025-05-06 02:15:00+00:00,68.5999984741211,68.69999694824219,68.5999984741211,68.69999694824219,13138,0.0,0.0
2025-05-06 02:20:00+00:00,68.69999694824219,68.69999694824219,68.5999984741211,68.5999984741211,26200,0.0,0.0
2025-05-06 02:25:00+00:00,68.5999984741211,68.5999984741211,68.5,68.5999984741211,16150,0.0,0.0
2025-05-06 02:30:00+00:00,68.69999694824219,68.80000305175781,68.69999694824219,68.69999694824219,16221,0.0,0.0
2025-05-06 02:35:00+00:00,68.69999694824219,68.80000305175781,68.69999694824219,68.80000305175781,15000,0.0,0.0
2025-05-06 02:40:00+00:00,68.69999694824219,68.69999694824219,68.0999984741211,68.69999694824219,104000,0.0,0.0
2025-05-06 02:45:00+00:00,68.5999984741211,68.69999694824219,68.5,68.69999694824219,11000,0.0,0.0
2025-05-06 02:50:00+00:00,68.9000015258789,68.9000015258789,68.80000305175781,68.9000015258789,14219,0.0,0.0
2025-05-06 02:55:00+00:00,68.9000015258789,68.9000015258789,68.80000305175781,68.80000305175781,20065,0.0,0.0
2025-05-06 03:00:00+00:00,68.80000305175781,68.80000305175781,68.80000305175781,68.80000305175781,4406,0.0,0.0
2025-05-06 03:05:00+00:00,68.9000015258789,68.9000015258789,68.9000015258789,68.9000015258789,3000,0.0,0.0
2025-05-06 03:15:00+00:00,68.80000305175781,68.80000305175781,68.69999694824219,68.69999694824219,5337,0.0,0.0
2025-05-06 03:20:00+00:00,68.80000305175781,68.80000305175781,68.80000305175781,68.80000305175781,5517,0.0,0.0
2025-05-06 03:25:00+00:00,68.80000305175781,68.9000015258789,68.80000305175781,68.9000015258789,16000,0.0,0.0
2025-05-06 03:30:00+00:00,68.9000015258789,69.0999984741211,68.9000015258789,69.0999984741211,38000,0.0,0.0
2025-05-06 03:35:00+00:00,69.0999984741211,69.0999984741211,69.0999984741211,69.0999984741211,6500,0.0,0.0
2025-05-06 03:40:00+00:00,69.0999984741211,69.19999694824219,69.0999984741211,69.0999984741211,21000,0.0,0.0
2025-05-06 03:45:00+00:00,69.0999984741211,69.0999984741211,69.0999984741211,69.0999984741211,16000,0.0,0.0
2025-05-06 03:50:00+00:00,69.0,69.0,69.0,69.0,6001,0.0,0.0
2025-05-06 03:55:00+00:00,69.0,69.0,69.0,69.0,6000,0.0,0.0
2025-05-06 04:00:00+00:00,69.0,69.0999984741211,69.0,69.0999984741211,7000,0.0,0.0
2025-05-06 04:05:00+00:00,69.0999984741211,69.0999984741211,69.0,69.0999984741211,7000,0.0,0.0
2025-05-06 04:10:00+00:00,69.19999694824219,69.19999694824219,69.19999694824219,69.19999694824219,2000,0.0,0.0
2025-05-06 04:15:00+00:00,69.19999694824219,69.19999694824219,68.9000015258789,69.0,18311,0.0,0.0
2025-05-06 04:20:00+00:00,69.0,69.0,69.0,69.0,3100,0.0,0.0
2025-05-06 04:25:00+00:00,68.9000015258789,69.0,68.9000015258789,69.0,4000,0.0,0.0
2025-05-06 04:30:00+00:00,69.0,69.0,68.9000015258789,68.9000015258789,17200,0.0,0.0
2025-05-06 04:35:00+00:00,68.80000305175781,68.80000305175781,68.80000305175781,68.80000305175781,2000,0.0,0.0
2025-05-06 04:40:00+00:00,68.80000305175781,68.9000015258789,68.80000305175781,68.9000015258789,4180,0.0,0.0
2025-05-06 04:45:00+00:00,68.80000305175781,68.9000015258789,68.80000305175781,68.9000015258789,3030,0.0,0.0
2025-05-06 04:50:00+00:00,68.9000015258789,68.9000015258789,68.80000305175781,68.80000305175781,9000,0.0,0.0
2025-05-06 04:55:00+00:00,68.80000305175781,68.80000305175781,68.69999694824219,68.80000305175781,7000,0.0,0.0
2025-05-06 05:00:00+00:00,68.80000305175781,68.80000305175781,68.69999694824219,68.69999694824219,5000,0.0,0.0
2025-05-06 05:05:00+00:00,68.69999694824219,68.80000305175781,68.69999694824219,68.69999694824219,9020,0.0,0.0
2025-05-06 05:10:00+00:00,68.69999694824219,68.80000305175781,68.69999694824219,68.80000305175781,18054,0.0,0.0
2025-05-06 05:15:00+00:00,68.9000015258789,68.9000015258789,68.80000305175781,68.9000015258789,28000,0.0,0.0
2025-05-06 05:20:00+00:00,69.0,69.19999694824219,68.9000015258789,69.19999694824219,82377,0.0,0.0
2025-05-07 01:00:00+00:00,69.30000305175781,69.69999694824219,68.9000015258789,69.19999694824219,0,0.0,0.0
2025-05-07 01:05:00+00:00,69.19999694824219,69.5,69.0999984741211,69.4000015258789,70000,0.0,0.0
2025-05-07 01:10:00+00:00,69.5,69.5,69.30000305175781,69.30000305175781,65684,0.0,0.0
2025-05-07 01:15:00+00:00,69.30000305175781,69.4000015258789,69.19999694824219,69.19999694824219,44519,0.0,0.0
2025-05-07 01:20:00+00:00,69.0999984741211,69.0999984741211,68.9000015258789,68.9000015258789,71622,0.0,0.0
2025-05-07 01:25:00+00:00,68.9000015258789,69.0999984741211,68.9000015258789,68.9000015258789,55257,0.0,0.0
2025-05-07 01:30:00+00:00,68.80000305175781,68.80000305175781,68.5,68.5,78873,0.0,0.0
2025-05-07 01:35:00+00:00,68.5,68.5,68.30000305175781,68.4000015258789,53160,0.0,0.0
2025-05-07 01:40:00+00:00,68.4000015258789,68.69999694824219,68.4000015258789,68.69999694824219,31100,0.0,0.0
2025-05-07 01:45:00+00:00,68.80000305175781,69.0,68.69999694824219,69.0,19148,0.0,0.0
2025-05-07 01:50:00+00:00,69.0,69.0,68.9000015258789,69.0,12177,0.0,0.0
2025-05-07 01:55:00+00:00,69.0,69.0,69.0,69.0,14100,0.0,0.0
2025-05-07 02:00:00+00:00,69.0999984741211,69.0999984741211,68.9000015258789,68.9000015258789,30000,0.0,0.0
2025-05-07 02:05:00+00:00,68.9000015258789,69.19999694824219,68.9000015258789,69.0,22000,0.0,0.0
2025-05-07 02:10:00+00:00,69.0999984741211,69.0999984741211,69.0999984741211,69.0999984741211,13000,0.0,0.0
2025-05-07 02:15:00+00:00,69.0999984741211,69.19999694824219,69.0999984741211,69.19999694824219,5000,0.0,0.0
2025-05-07 02:20:00+00:00,69.19999694824219,69.19999694824219,69.0,69.0,9099,0.0,0.0
2025-05-07 02:25:00+00:00,69.0,69.0999984741211,68.9000015258789,69.0999984741211,13430,0.0,0.0
2025-05-07 02:30:00+00:00,69.0999984741211,69.5,69.0999984741211,69.5,54000,0.0,0.0
2025-05-07 02:35:00+00:00,69.4000015258789,69.5999984741211,69.4000015258789,69.5,39000,0.0,0.0
2025-05-07 02:40:00+00:00,69.5,69.5,69.19999694824219,69.19999694824219,14580,0.0,0.0
2025-05-07 02:45:00+00:00,69.19999694824219,69.19999694824219,69.0999984741211,69.0999984741211,7010,0.0,0.0
2025-05-07 02:50:00+00:00,69.0999984741211,69.0999984741211,69.0,69.0999984741211,9750,0.0,0.0
2025-05-07 03:00:00+00:00,69.0999984741211,69.19999694824219,69.0999984741211,69.19999694824219,4500,0.0,0.0
2025-05-07 03:05:00+00:00,69.19999694824219,69.19999694824219,69.19999694824219,69.19999694824219,4000,0.0,0.0
2025-05-07 03:10:00+00:00,69.19999694824219,69.19999694824219,69.19999694824219,69.19999694824219,2000,0.0,0.0
2025-05-07 03:15:00+00:00,69.0999984741211,69.0999984741211,69.0999984741211,69.0999984741211,4043,0.0,0.0
2025-05-07 03:20:00+00:00,69.0999984741211,69.19999694824219,69.0999984741211,69.0999984741211,11045,0.0,0.0
2025-05-07 03:25:00+00:00,69.19999694824219,69.19999694824219,69.19999694824219,69.19999694824219,7088,0.0,0.0
2025-05-07 03:30:00+00:00,69.19999694824219,69.19999694824219,69.19999694824219,69.19999694824219,3000,0.0,0.0
2025-05-07 03:40:00+00:00,69.0999984741211,69.0999984741211,69.0999984741211,69.0999984741211,1200,0.0,0.0
2025-05-07 03:45:00+00:00,69.0999984741211,69.0999984741211,69.0,69.0,12000,0.0,0.0
2025-05-07 03:50:00+00:00,69.0999984741211,69.0999984741211,69.0999984741211,69.0999984741211,1005,0.0,0.0
2025-05-07 03:55:00+00:00,69.0,69.0,69.0,69.0,13100,0.0,0.0
2025-05-07 04:00:00+00:00,68.9000015258789,69.0,68.80000305175781,69.0,28597,0.0,0.0
2025-05-07 04:05:00+00:00,69.0,69.0,69.0,69.0,5000,0.0,0.0
2025-05-07 04:10:00+00:00,68.9000015258789,69.0,68.80000305175781,68.80000305175781,10100,0.0,0.0
2025-05-07 04:15:00+00:00,68.80000305175781,69.0,68.80000305175781,69.0,10150,0.0,0.0
2025-05-07 04:20:00+00:00,69.0,69.0999984741211,69.0,69.0999984741211,2023,0.0,0.0
2025-05-07 04:25:00+00:00,69.0999984741211,69.0999984741211,69.0,69.0,5000,0.0,0.0
2025-05-07 04:30:00+00:00,69.0,69.0999984741211,69.0,69.0,3009,0.0,0.0
2025-05-07 04:35:00+00:00,69.0,69.0,69.0,69.0,5000,0.0,0.0
2025-05-07 04:40:00+00:00,69.0,69.0,68.9000015258789,69.0,14223,0.0,0.0
2025-05-07 04:45:00+00:00,68.9000015258789,69.0,68.80000305175781,69.0,15003,0.0,0.0
2025-05-07 04:50:00+00:00,69.0,69.0999984741211,69.0,69.0999984741211,7097,0.0,0.0
2025-05-07 04:55:00+00:00,69.0999984741211,69.19999694824219,69.0999984741211,69.19999694824219,9100,0.0,0.0
2025-05-07 05:00:00+00:00,69.0999984741211,69.0999984741211,68.9000015258789,69.0,37126,0.0,0.0
2025-05-07 05:05:00+00:00,68.9000015258789,68.9000015258789,68.9000015258789,68.9000015258789,1000,0.0,0.0
2025-05-07 05:10:00+00:00,69.0,69.0999984741211,68.9000015258789,69.0999984741211,32470,0.0,0.0
2025-05-07 05:15:00+00:00,69.0,69.0,69.0,69.0,14000,0.0,0.0
2025-05-07 05:20:00+00:00,69.0,69.0999984741211,69.0,69.0,16976,0.0,0.0
2025-05-08 01:00:00+00:00,70.9000015258789,71.5999984741211,70.9000015258789,71.0999984741211,0,0.0,0.0
2025-05-08 01:05:00+00:00,71.0,71.5999984741211,71.0,71.5,169369,0.0,0.0
2025-05-08 01:10:00+00:00,71.5,72.0999984741211,71.5,71.5,180129,0.0,0.0
2025-05-08 01:15:00+00:00,71.5,71.5,71.30000305175781,71.4000015258789,71705,0.0,0.0
2025-05-08 01:20:00+00:00,71.4000015258789,71.69999694824219,71.30000305175781,71.5999984741211,73758,0.0,0.0
2025-05-08 02:30:00+00:00,70.69999694824219,70.69999694824219,70.69999694824219,70.69999694824219,483943,0.0,0.0
2025-05-08 02:35:00+00:00,70.69999694824219,70.69999694824219,70.5999984741211,70.5999984741211,6000,0.0,0.0
2025-05-08 02:40:00+00:00,70.5999984741211,70.69999694824219,70.5999984741211,70.69999694824219,3120,0.0,0.0
2025-05-08 02:45:00+00:00,70.80000305175781,70.80000305175781,70.69999694824219,70.69999694824219,9000,0.0,0.0
2025-05-08 02:50:00+00:00,70.69999694824219,70.69999694824219,70.5999984741211,70.5999984741211,18507,0.0,0.0
2025-05-08 02:55:00+00:00,70.5,70.5,70.5,70.5,2000,0.0,0.0
2025-05-08 03:00:00+00:00,70.5999984741211,70.5999984741211,70.5999984741211,70.5999984741211,9000,0.0,0.0
2025-05-08 03:05:00+00:00,70.5999984741211,70.69999694824219,70.5999984741211,70.69999694824219,8000,0.0,0.0
2025-05-08 03:10:00+00:00,70.5999984741211,70.80000305175781,70.5999984741211,70.69999694824219,12000,0.0,0.0
2025-05-08 03:15:00+00:00,70.69999694824219,70.80000305175781,70.69999694824219,70.80000305175781,8000,0.0,0.0
2025-05-08 03:20:00+00:00,70.80000305175781,70.80000305175781,70.69999694824219,70.69999694824219,8196,0.0,0.0
2025-05-08 03:25:00+00:00,70.69999694824219,70.69999694824219,70.69999694824219,70.69999694824219,3000,0.0,0.0
2025-05-08 03:30:00+00:00,70.69999694824219,70.69999694824219,70.5999984741211,70.69999694824219,0,0.0,0.0
2025-05-08 03:35:00+00:00,70.5999984741211,70.69999694824219,70.5,70.5,602992,0.0,0.0
2025-05-08 03:40:00+00:00,70.5,70.5999984741211,70.5,70.5,27304,0.0,0.0
2025-05-08 03:45:00+00:00,70.69999694824219,70.69999694824219,70.5,70.5999984741211,7100,0.0,0.0
2025-05-08 03:50:00+00:00,70.5,70.5999984741211,70.5,70.5999984741211,7006,0.0,0.0
2025-05-08 03:55:00+00:00,70.5,70.5,70.4000015258789,70.5,23815,0.0,0.0
2025-05-08 04:00:00+00:00,70.5,70.5999984741211,70.5,70.5999984741211,6000,0.0,0.0
2025-05-08 04:05:00+00:00,70.5999984741211,70.5999984741211,70.5999984741211,70.5999984741211,9000,0.0,0.0
2025-05-08 04:10:00+00:00,70.5999984741211,70.69999694824219,70.5999984741211,70.69999694824219,10033,0.0,0.0
2025-05-08 04:15:00+00:00,70.5999984741211,70.69999694824219,70.5999984741211,70.5999984741211,8050,0.0,0.0
2025-05-08 04:20:00+00:00,70.69999694824219,70.80000305175781,70.5999984741211,70.80000305175781,27017,0.0,0.0
2025-05-08 04:25:00+00:00,70.80000305175781,70.80000305175781,70.80000305175781,70.80000305175781,14000,0.0,0.0
2025-05-08 04:30:00+00:00,70.80000305175781,70.9000015258789,70.69999694824219,70.69999694824219,17007,0.0,0.0
2025-05-08 04:35:00+00:00,70.69999694824219,70.69999694824219,70.69999694824219,70.69999694824219,13000,0.0,0.0
2025-05-08 04:40:00+00:00,70.69999694824219,70.69999694824219,70.69999694824219,70.69999694824219,10236,0.0,0.0
2025-05-08 04:45:00+00:00,70.80000305175781,70.80000305175781,70.80000305175781,70.80000305175781,7115,0.0,0.0
2025-05-08 04:50:00+00:00,70.69999694824219,70.80000305175781,70.69999694824219,70.69999694824219,23104,0.0,0.0
2025-05-08 04:55:00+00:00,70.69999694824219,70.69999694824219,70.69999694824219,70.69999694824219,4150,0.0,0.0
2025-05-08 05:00:00+00:00,70.69999694824219,70.69999694824219,70.5999984741211,70.5999984741211,21000,0.0,0.0
2025-05-08 05:05:00+00:00,70.5999984741211,70.69999694824219,70.5999984741211,70.69999694824219,23150,0.0,0.0
2025-05-08 05:10:00+00:00,70.69999694824219,70.69999694824219,70.5999984741211,70.5999984741211,4100,0.0,0.0
2025-05-08 05:15:00+00:00,70.5999984741211,70.69999694824219,70.5999984741211,70.5999984741211,24087,0.0,0.0
2025-05-08 05:20:00+00:00,70.5999984741211,70.80000305175781,70.5999984741211,70.80000305175781,60137,0.0,0.0
2025-05-09 01:00:00+00:00,71.5,71.5999984741211,70.9000015258789,70.9000015258789,0,0.0,0.0
2025-05-09 01:05:00+00:00,71.19999694824219,71.5999984741211,71.19999694824219,71.4000015258789,62028,0.0,0.0
2025-05-09 01:10:00+00:00,71.4000015258789,71.5,71.30000305175781,71.4000015258789,56996,0.0,0.0
2025-05-09 01:15:00+00:00,71.30000305175781,71.30000305175781,71.0999984741211,71.0999984741211,25000,0.0,0.0
2025-05-09 01:20:00+00:00,71.0999984741211,71.0999984741211,71.0,71.0999984741211,39348,0.0,0.0
2025-05-09 01:25:00+00:00,71.0,71.0,70.80000305175781,70.9000015258789,34069,0.0,0.0
2025-05-09 01:30:00+00:00,71.0,71.0,70.80000305175781,71.0,24000,0.0,0.0
2025-05-09 01:35:00+00:00,70.9000015258789,71.0,70.80000305175781,71.0,13460,0.0,0.0
2025-05-09 01:40:00+00:00,70.9000015258789,71.0,70.9000015258789,70.9000015258789,9010,0.0,0.0
2025-05-09 01:45:00+00:00,70.80000305175781,70.9000015258789,70.80000305175781,70.9000015258789,9160,0.0,0.0
2025-05-09 01:50:00+00:00,70.80000305175781,70.9000015258789,70.80000305175781,70.80000305175781,13000,0.0,0.0
2025-05-09 01:55:00+00:00,70.69999694824219,70.69999694824219,70.5999984741211,70.5999984741211,24429,0.0,0.0
2025-05-09 02:00:00+00:00,70.69999694824219,70.69999694824219,70.5999984741211,70.5999984741211,22472,0.0,0.0
2025-05-09 02:05:00+00:00,70.5,70.5999984741211,70.5,70.5999984741211,13001,0.0,0.0
2025-05-09 02:10:00+00:00,70.69999694824219,70.69999694824219,70.69999694824219,70.69999694824219,4000,0.0,0.0
2025-05-09 02:15:00+00:00,70.69999694824219,70.69999694824219,70.5999984741211,70.5999984741211,3000,0.0,0.0
2025-05-09 02:20:00+00:00,70.69999694824219,70.80000305175781,70.69999694824219,70.80000305175781,8010,0.0,0.0
2025-05-09 02:25:00+00:00,70.80000305175781,70.80000305175781,70.80000305175781,70.80000305175781,8150,0.0,0.0
2025-05-09 02:30:00+00:00,70.9000015258789,71.0,70.9000015258789,70.9000015258789,25105,0.0,0.0
2025-05-09 02:35:00+00:00,70.9000015258789,71.0999984741211,70.9000015258789,71.0,42270,0.0,0.0
2025-05-09 02:40:00+00:00,71.0999984741211,71.0999984741211,71.0999984741211,71.0999984741211,20000,0.0,0.0
2025-05-09 02:45:00+00:00,71.0999984741211,71.19999694824219,71.0999984741211,71.19999694824219,31000,0.0,0.0
2025-05-09 02:50:00+00:00,71.19999694824219,71.19999694824219,71.19999694824219,71.19999694824219,26000,0.0,0.0
2025-05-09 02:55:00+00:00,71.19999694824219,71.19999694824219,71.19999694824219,71.19999694824219,6000,0.0,0.0
2025-05-09 03:00:00+00:00,71.0999984741211,71.19999694824219,71.0999984741211,71.19999694824219,10000,0.0,0.0
2025-05-09 03:05:00+00:00,71.19999694824219,71.19999694824219,71.19999694824219,71.19999694824219,9000,0.0,0.0
2025-05-09 03:10:00+00:00,71.19999694824219,71.30000305175781,71.19999694824219,71.30000305175781,44829,0.0,0.0
2025-05-09 03:15:00+00:00,71.30000305175781,71.30000305175781,71.0,71.0999984741211,43000,0.0,0.0
2025-05-09 03:25:00+00:00,71.0999984741211,71.0999984741211,71.0999984741211,71.0999984741211,2030,0.0,0.0
2025-05-09 03:30:00+00:00,71.0999984741211,71.19999694824219,71.0,71.19999694824219,16225,0.0,0.0
2025-05-09 03:35:00+00:00,71.19999694824219,71.30000305175781,71.19999694824219,71.30000305175781,23000,0.0,0.0
2025-05-09 03:40:00+00:00,71.30000305175781,71.4000015258789,71.30000305175781,71.4000015258789,6000,0.0,0.0
2025-05-09 03:45:00+00:00,71.30000305175781,71.30000305175781,71.30000305175781,71.30000305175781,5000,0.0,0.0
2025-05-09 03:50:00+00:00,71.30000305175781,71.30000305175781,71.19999694824219,71.30000305175781,21000,0.0,0.0
2025-05-09 03:55:00+00:00,71.30000305175781,71.4000015258789,71.0999984741211,71.19999694824219,26240,0.0,0.0
2025-05-09 04:00:00+00:00,71.19999694824219,71.4000015258789,71.19999694824219,71.30000305175781,50000,0.0,0.0
2025-05-09 04:05:00+00:00,71.4000015258789,71.4000015258789,71.30000305175781,71.4000015258789,18148,0.0,0.0
2025-05-09 04:10:00+00:00,71.4000015258789,71.5,71.4000015258789,71.5,14000,0.0,0.0
2025-05-09 04:15:00+00:00,71.4000015258789,71.4000015258789,71.4000015258789,71.4000015258789,29486,0.0,0.0
2025-05-09 04:20:00+00:00,71.4000015258789,71.4000015258789,71.30000305175781,71.4000015258789,25000,0.0,0.0
2025-05-09 04:25:00+00:00,71.4000015258789,71.80000305175781,71.4000015258789,71.80000305175781,101642,0.0,0.0
2025-05-09 04:30:00+00:00,71.69999694824219,71.69999694824219,71.5999984741211,71.5999984741211,28016,0.0,0.0
2025-05-09 04:35:00+00:00,71.5999984741211,71.5999984741211,71.5,71.5,35234,0.0,0.0
2025-05-09 04:40:00+00:00,71.5,71.5999984741211,71.5,71.5999984741211,24216,0.0,0.0
2025-05-09 04:45:00+00:00,71.69999694824219,71.69999694824219,71.69999694824219,71.69999694824219,1030,0.0,0.0
2025-05-09 04:50:00+00:00,71.69999694824219,71.80000305175781,71.5999984741211,71.80000305175781,36000,0.0,0.0
2025-05-09 04:55:00+00:00,71.69999694824219,71.80000305175781,71.69999694824219,71.69999694824219,31001,0.0,0.0
2025-05-09 05:00:00+00:00,71.69999694824219,71.80000305175781,71.69999694824219,71.80000305175781,8169,0.0,0.0
2025-05-09 05:05:00+00:00,71.69999694824219,71.80000305175781,71.69999694824219,71.80000305175781,37041,0.0,0.0
2025-05-09 05:10:00+00:00,71.80000305175781,72.0,71.80000305175781,72.0,34220,0.0,0.0
2025-05-09 05:15:00+00:00,72.0,72.30000305175781,72.0,72.0,109552,0.0,0.0
2025-05-09 05:20:00+00:00,71.9000015258789,72.0,71.69999694824219,71.69999694824219,55277,0.0,0.0
2025-05-12 01:00:00+00:00,72.5,72.80000305175781,72.4000015258789,72.5999984741211,0,0.0,0.0
2025-05-12 01:05:00+00:00,72.5999984741211,73.0,72.5,73.0,114000,0.0,0.0
2025-05-12 01:10:00+00:00,73.0,73.19999694824219,72.5999984741211,72.80000305175781,114902,0.0,0.0
2025-05-12 01:15:00+00:00,72.9000015258789,73.30000305175781,72.9000015258789,73.0999984741211,91284,0.0,0.0
2025-05-12 01:20:00+00:00,73.0999984741211,73.30000305175781,72.9000015258789,73.19999694824219,80405,0.0,0.0
2025-05-12 01:25:00+00:00,73.19999694824219,73.30000305175781,73.19999694824219,73.30000305175781,29090,0.0,0.0
2025-05-12 01:30:00+00:00,73.4000015258789,73.80000305175781,73.0999984741211,73.69999694824219,148049,0.0,0.0
2025-05-12 01:35:00+00:00,73.69999694824219,74.5999984741211,73.5999984741211,74.5,287005,0.0,0.0
2025-05-12 01:40:00+00:00,74.5999984741211,74.5999984741211,74.0999984741211,74.4000015258789,194828,0.0,0.0
2025-05-12 01:45:00+00:00,74.4000015258789,74.5,74.19999694824219,74.19999694824219,132693,0.0,0.0
2025-05-12 01:50:00+00:00,74.19999694824219,74.19999694824219,74.0999984741211,74.0999984741211,68000,0.0,0.0
2025-05-12 01:55:00+00:00,74.0999984741211,74.19999694824219,74.0,74.19999694824219,40624,0.0,0.0
2025-05-12 02:00:00+00:00,74.30000305175781,74.5,74.30000305175781,74.4000015258789,48064,0.0,0.0
2025-05-12 02:05:00+00:00,74.30000305175781,74.30000305175781,74.19999694824219,74.19999694824219,24352,0.0,0.0
2025-05-12 02:10:00+00:00,74.19999694824219,74.30000305175781,74.0,74.0,91050,0.0,0.0
2025-05-12 02:15:00+00:00,74.0,74.19999694824219,74.0,74.0999984741211,54359,0.0,0.0
2025-05-12 02:20:00+00:00,74.0999984741211,74.30000305175781,74.0999984741211,74.19999694824219,18657,0.0,0.0
2025-05-12 02:25:00+00:00,74.30000305175781,74.30000305175781,74.19999694824219,74.19999694824219,9011,0.0,0.0
2025-05-12 02:30:00+00:00,74.30000305175781,74.30000305175781,74.30000305175781,74.30000305175781,21935,0.0,0.0
2025-05-12 02:35:00+00:00,74.30000305175781,74.30000305175781,74.19999694824219,74.30000305175781,24031,0.0,0.0
2025-05-12 02:40:00+00:00,74.30000305175781,74.30000305175781,74.19999694824219,74.19999694824219,22110,0.0,0.0
2025-05-12 02:45:00+00:00,74.19999694824219,74.19999694824219,74.19999694824219,74.19999694824219,6000,0.0,0.0
2025-05-12 02:50:00+00:00,74.19999694824219,74.19999694824219,74.19999694824219,74.19999694824219,9000,0.0,0.0
2025-05-12 02:55:00+00:00,74.19999694824219,74.19999694824219,74.0999984741211,74.19999694824219,7735,0.0,0.0
2025-05-12 03:00:00+00:00,74.19999694824219,74.19999694824219,74.0999984741211,74.0999984741211,6001,0.0,0.0
2025-05-12 03:05:00+00:00,74.19999694824219,74.19999694824219,74.0999984741211,74.0999984741211,7004,0.0,0.0
2025-05-12 03:10:00+00:00,74.19999694824219,74.19999694824219,74.0999984741211,74.0999984741211,9010,0.0,0.0
2025-05-12 03:15:00+00:00,74.0999984741211,74.19999694824219,74.0999984741211,74.19999694824219,8468,0.0,0.0
2025-05-12 03:20:00+00:00,74.19999694824219,74.19999694824219,74.0,74.0999984741211,30000,0.0,0.0
2025-05-12 03:25:00+00:00,74.0999984741211,74.19999694824219,74.0,74.0999984741211,42060,0.0,0.0
2025-05-12 03:30:00+00:00,74.0999984741211,74.30000305175781,74.0999984741211,74.30000305175781,23142,0.0,0.0
2025-05-12 03:35:00+00:00,74.30000305175781,74.30000305175781,74.19999694824219,74.30000305175781,5050,0.0,0.0
2025-05-12 03:40:00+00:00,74.30000305175781,74.30000305175781,74.19999694824219,74.19999694824219,3000,0.0,0.0
2025-05-12 03:45:00+00:00,74.19999694824219,74.19999694824219,74.19999694824219,74.19999694824219,12000,0.0,0.0
2025-05-12 03:50:00+00:00,74.19999694824219,74.19999694824219,74.19999694824219,74.19999694824219,7000,0.0,0.0
2025-05-12 03:55:00+00:00,74.19999694824219,74.19999694824219,74.0999984741211,74.0999984741211,8135,0.0,0.0
2025-05-12 04:00:00+00:00,74.0999984741211,74.0999984741211,74.0999984741211,74.0999984741211,1000,0.0,0.0
2025-05-12 04:05:00+00:00,74.0999984741211,74.19999694824219,74.0999984741211,74.19999694824219,3012,0.0,0.0
2025-05-12 04:10:00+00:00,74.19999694824219,74.19999694824219,74.0999984741211,74.0999984741211,14104,0.0,0.0
2025-05-12 04:15:00+00:00,74.0999984741211,74.19999694824219,74.0999984741211,74.19999694824219,14498,0.0,0.0
2025-05-12 04:20:00+00:00,74.19999694824219,74.19999694824219,74.0,74.0999984741211,23770,0.0,0.0
2025-05-12 04:25:00+00:00,74.19999694824219,74.30000305175781,74.0999984741211,74.30000305175781,85508,0.0,0.0
2025-05-12 04:30:00+00:00,74.4000015258789,74.5,74.30000305175781,74.4000015258789,75207,0.0,0.0
2025-05-12 04:35:00+00:00,74.4000015258789,74.5,74.4000015258789,74.4000015258789,14450,0.0,0.0
2025-05-12 04:40:00+00:00,74.4000015258789,74.4000015258789,74.4000015258789,74.4000015258789,13028,0.0,0.0
2025-05-12 04:45:00+00:00,74.4000015258789,74.5999984741211,74.4000015258789,74.5999984741211,32245,0.0,0.0
2025-05-12 04:50:00+00:00,74.5999984741211,74.5999984741211,74.5,74.5,22000,0.0,0.0
2025-05-12 04:55:00+00:00,74.5999984741211,74.5999984741211,74.5,74.5,20001,0.0,0.0
2025-05-12 05:00:00+00:00,74.5,74.5,74.4000015258789,74.4000015258789,44272,0.0,0.0
2025-05-12 05:05:00+00:00,74.4000015258789,74.4000015258789,74.4000015258789,74.4000015258789,9000,0.0,0.0
2025-05-12 05:10:00+00:00,74.4000015258789,74.4000015258789,74.30000305175781,74.30000305175781,30175,0.0,0.0
2025-05-12 05:15:00+00:00,74.30000305175781,74.4000015258789,74.30000305175781,74.30000305175781,12100,0.0,0.0
2025-05-12 05:20:00+00:00,74.4000015258789,74.4000015258789,74.19999694824219,74.19999694824219,86275,0.0,0.0
2025-05-13 01:00:00+00:00,76.0999984741211,76.5999984741211,75.5999984741211,75.80000305175781,0,0.0,0.0
2025-05-13 01:05:00+00:00,75.80000305175781,75.80000305175781,75.30000305175781,75.4000015258789,122000,0.0,0.0
2025-05-13 01:10:00+00:00,75.5,75.5999984741211,75.4000015258789,75.4000015258789,80407,0.0,0.0
2025-05-13 01:15:00+00:00,75.4000015258789,75.5999984741211,75.0999984741211,75.19999694824219,91949,0.0,0.0
2025-05-13 01:20:00+00:00,75.19999694824219,75.19999694824219,75.0,75.0999984741211,134257,0.0,0.0
2025-05-13 01:25:00+00:00,75.0999984741211,75.19999694824219,74.80000305175781,75.0999984741211,134379,0.0,0.0
2025-05-13 01:30:00+00:00,75.0999984741211,75.0999984741211,75.0,75.0,61365,0.0,0.0
2025-05-13 01:35:00+00:00,75.0,75.0,74.5,74.5,87116,0.0,0.0
2025-05-13 01:40:00+00:00,74.5,74.80000305175781,74.5,74.69999694824219,58352,0.0,0.0
2025-05-13 01:45:00+00:00,74.69999694824219,74.69999694824219,74.5,74.5999984741211,55119,0.0,0.0
2025-05-13 01:50:00+00:00,74.5999984741211,74.69999694824219,74.5999984741211,74.5999984741211,48580,0.0,0.0
2025-05-13 01:55:00+00:00,74.5,74.5,74.19999694824219,74.5,100300,0.0,0.0
2025-05-13 02:00:00+00:00,74.5,74.5999984741211,74.4000015258789,74.4000015258789,14134,0.0,0.0
2025-05-13 02:05:00+00:00,74.5,74.5,74.4000015258789,74.5,25183,0.0,0.0
2025-05-13 02:10:00+00:00,74.4000015258789,74.5,74.0999984741211,74.0999984741211,72482,0.0,0.0
2025-05-13 02:15:00+00:00,74.0999984741211,74.0999984741211,73.9000015258789,74.0,134694,0.0,0.0
2025-05-13 02:20:00+00:00,73.9000015258789,74.19999694824219,73.9000015258789,74.19999694824219,38923,0.0,0.0
2025-05-13 02:25:00+00:00,74.0999984741211,74.0999984741211,74.0,74.0,9000,0.0,0.0
2025-05-13 02:30:00+00:00,74.0,74.0999984741211,74.0,74.0999984741211,18104,0.0,0.0
2025-05-13 02:35:00+00:00,74.0999984741211,74.19999694824219,74.0999984741211,74.19999694824219,17425,0.0,0.0
2025-05-13 02:40:00+00:00,74.19999694824219,74.19999694824219,74.0999984741211,74.0999984741211,24395,0.0,0.0
2025-05-13 02:45:00+00:00,74.19999694824219,74.30000305175781,74.0,74.0,71000,0.0,0.0
2025-05-13 02:50:00+00:00,73.9000015258789,74.0,73.9000015258789,74.0,7180,0.0,0.0
2025-05-13 02:55:00+00:00,74.0,74.0999984741211,73.9000015258789,73.9000015258789,3099,0.0,0.0
2025-05-13 03:00:00+00:00,74.0,74.0,73.69999694824219,73.69999694824219,85566,0.0,0.0
2025-05-13 03:05:00+00:00,73.69999694824219,73.80000305175781,73.4000015258789,73.80000305175781,122802,0.0,0.0
2025-05-13 03:10:00+00:00,73.80000305175781,73.80000305175781,73.80000305175781,73.80000305175781,7100,0.0,0.0
2025-05-13 03:15:00+00:00,73.69999694824219,73.80000305175781,73.5,73.5,20004,0.0,0.0
2025-05-13 03:20:00+00:00,73.69999694824219,73.69999694824219,73.5999984741211,73.5999984741211,13256,0.0,0.0
2025-05-13 03:25:00+00:00,73.5999984741211,73.80000305175781,73.5999984741211,73.5999984741211,40000,0.0,0.0
2025-05-13 03:30:00+00:00,73.5,73.69999694824219,73.5,73.69999694824219,53003,0.0,0.0
2025-05-13 03:35:00+00:00,73.69999694824219,73.69999694824219,73.69999694824219,73.69999694824219,7018,0.0,0.0
2025-05-13 03:40:00+00:00,73.5999984741211,73.5999984741211,73.5,73.5,17000,0.0,0.0
2025-05-13 03:45:00+00:00,73.5,73.5999984741211,73.5,73.5999984741211,19012,0.0,0.0
2025-05-13 03:50:00+00:00,73.5999984741211,73.5999984741211,73.5,73.5999984741211,3100,0.0,0.0
2025-05-13 03:55:00+00:00,73.5999984741211,73.69999694824219,73.5,73.5,25032,0.0,0.0
2025-05-13 04:00:00+00:00,73.5999984741211,73.5999984741211,73.5,73.5,6651,0.0,0.0
2025-05-13 04:05:00+00:00,73.69999694824219,73.69999694824219,73.69999694824219,73.69999694824219,1000,0.0,0.0
2025-05-13 04:10:00+00:00,73.69999694824219,73.69999694824219,73.5999984741211,73.69999694824219,5502,0.0,0.0
2025-05-13 04:15:00+00:00,73.5999984741211,73.5999984741211,73.5,73.5,24044,0.0,0.0
2025-05-13 04:20:00+00:00,73.5,73.5999984741211,73.5,73.5999984741211,12010,0.0,0.0
2025-05-13 04:25:00+00:00,73.5,73.5999984741211,73.5,73.5,7905,0.0,0.0
2025-05-13 04:30:00+00:00,73.5,73.5,73.5,73.5,29500,0.0,0.0
2025-05-13 04:35:00+00:00,73.5999984741211,73.5999984741211,73.5,73.5,25060,0.0,0.0
2025-05-13 04:40:00+00:00,73.5999984741211,73.5999984741211,73.5,73.5,5050,0.0,0.0
2025-05-13 04:45:00+00:00,73.5,73.5999984741211,73.5,73.5999984741211,15046,0.0,0.0
2025-05-13 04:50:00+00:00,73.5,73.5999984741211,73.5,73.5999984741211,14684,0.0,0.0
2025-05-13 04:55:00+00:00,73.5,73.5999984741211,73.5,73.5999984741211,9520,0.0,0.0
2025-05-13 05:00:00+00:00,73.69999694824219,74.0,73.69999694824219,73.9000015258789,41184,0.0,0.0
2025-05-13 05:05:00+00:00,73.80000305175781,73.80000305175781,73.69999694824219,73.69999694824219,21274,0.0,0.0
2025-05-13 05:10:00+00:00,73.69999694824219,73.80000305175781,73.5999984741211,73.5999984741211,38130,0.0,0.0
2025-05-13 05:15:00+00:00,73.5999984741211,73.80000305175781,73.5999984741211,73.80000305175781,20038,0.0,0.0
2025-05-13 05:20:00+00:00,73.69999694824219,73.80000305175781,73.5999984741211,73.69999694824219,29321,0.0,0.0
2025-05-14 01:00:00+00:00,74.80000305175781,74.80000305175781,73.80000305175781,74.0,0,0.0,0.0
2025-05-14 01:05:00+00:00,74.0,74.19999694824219,73.9000015258789,74.0,61630,0.0,0.0
2025-05-14 01:10:00+00:00,73.9000015258789,74.0,73.80000305175781,74.0,50180,0.0,0.0
2025-05-14 01:15:00+00:00,73.9000015258789,74.0,73.80000305175781,73.80000305175781,52130,0.0,0.0
2025-05-14 01:20:00+00:00,74.0,74.0999984741211,74.0,74.0999984741211,25234,0.0,0.0
2025-05-14 01:25:00+00:00,74.0,74.4000015258789,74.0,74.30000305175781,17438,0.0,0.0
2025-05-14 01:30:00+00:00,74.4000015258789,74.5,74.30000305175781,74.4000015258789,33186,0.0,0.0
2025-05-14 01:35:00+00:00,74.30000305175781,74.30000305175781,74.19999694824219,74.30000305175781,20122,0.0,0.0
2025-05-14 01:40:00+00:00,74.30000305175781,74.4000015258789,74.30000305175781,74.4000015258789,17290,0.0,0.0
2025-05-14 01:45:00+00:00,74.4000015258789,74.5,74.4000015258789,74.5,46391,0.0,0.0
2025-05-14 01:50:00+00:00,74.5,74.5999984741211,74.5,74.5999984741211,45127,0.0,0.0
2025-05-14 01:55:00+00:00,74.5999984741211,74.5999984741211,74.5999984741211,74.5999984741211,22149,0.0,0.0
2025-05-14 02:00:00+00:00,74.5999984741211,74.5999984741211,74.5,74.5,22190,0.0,0.0
2025-05-14 02:05:00+00:00,74.5,74.5999984741211,74.5,74.5,14100,0.0,0.0
2025-05-14 02:10:00+00:00,74.5,74.5,74.4000015258789,74.4000015258789,27000,0.0,0.0
2025-05-14 02:15:00+00:00,74.4000015258789,74.5,74.4000015258789,74.5,10000,0.0,0.0
2025-05-14 02:20:00+00:00,74.5,74.5,74.4000015258789,74.4000015258789,19065,0.0,0.0
2025-05-14 02:25:00+00:00,74.4000015258789,74.5,74.4000015258789,74.4000015258789,35070,0.0,0.0
2025-05-14 02:30:00+00:00,74.5,74.5999984741211,74.5,74.5,20072,0.0,0.0
2025-05-14 02:35:00+00:00,74.5,74.5,74.4000015258789,74.4000015258789,26141,0.0,0.0
2025-05-14 02:40:00+00:00,74.4000015258789,74.4000015258789,74.4000015258789,74.4000015258789,27000,0.0,0.0
2025-05-14 02:45:00+00:00,74.5,74.5,74.4000015258789,74.4000015258789,7127,0.0,0.0
2025-05-14 02:50:00+00:00,74.30000305175781,74.4000015258789,74.30000305175781,74.30000305175781,10000,0.0,0.0
2025-05-14 02:55:00+00:00,74.30000305175781,74.4000015258789,74.30000305175781,74.4000015258789,12000,0.0,0.0
2025-05-14 03:00:00+00:00,74.4000015258789,74.4000015258789,74.30000305175781,74.4000015258789,19414,0.0,0.0
2025-05-14 03:05:00+00:00,74.4000015258789,74.4000015258789,74.4000015258789,74.4000015258789,2080,0.0,0.0
2025-05-14 03:10:00+00:00,74.4000015258789,74.5,74.4000015258789,74.4000015258789,6402,0.0,0.0
2025-05-14 03:15:00+00:00,74.4000015258789,74.5999984741211,74.4000015258789,74.5,57029,0.0,0.0
2025-05-14 03:20:00+00:00,74.5999984741211,74.5999984741211,74.5,74.5,5000,0.0,0.0
2025-05-14 03:25:00+00:00,74.5,74.5999984741211,74.5,74.5999984741211,4897,0.0,0.0
2025-05-14 03:30:00+00:00,74.5999984741211,74.5999984741211,74.5,74.5,9050,0.0,0.0
2025-05-14 03:35:00+00:00,74.5,74.5,74.4000015258789,74.4000015258789,16034,0.0,0.0
2025-05-14 03:40:00+00:00,74.4000015258789,74.4000015258789,74.4000015258789,74.4000015258789,2000,0.0,0.0
2025-05-14 03:45:00+00:00,74.4000015258789,74.5,74.4000015258789,74.5,14089,0.0,0.0
2025-05-14 03:50:00+00:00,74.5,74.5999984741211,74.5,74.5999984741211,47040,0.0,0.0
2025-05-14 03:55:00+00:00,74.5999984741211,74.5999984741211,74.5,74.5,21127,0.0,0.0
2025-05-14 04:00:00+00:00,74.5,74.5999984741211,74.5,74.5,11050,0.0,0.0
2025-05-14 04:05:00+00:00,74.5999984741211,74.5999984741211,74.5999984741211,74.5999984741211,3075,0.0,0.0
2025-05-14 04:10:00+00:00,74.5,74.5,74.5,74.5,2053,0.0,0.0
2025-05-14 04:15:00+00:00,74.5,74.5,74.5,74.5,10068,0.0,0.0
2025-05-14 04:20:00+00:00,74.5999984741211,74.80000305175781,74.5999984741211,74.80000305175781,84922,0.0,0.0
2025-05-14 04:25:00+00:00,74.80000305175781,74.80000305175781,74.69999694824219,74.80000305175781,29385,0.0,0.0
2025-05-14 04:30:00+00:00,74.9000015258789,74.9000015258789,74.80000305175781,74.9000015258789,47869,0.0,0.0
2025-05-14 04:35:00+00:00,74.9000015258789,75.0,74.9000015258789,75.0,43497,0.0,0.0
2025-05-14 04:40:00+00:00,75.0,75.0,74.9000015258789,74.9000015258789,64274,0.0,0.0
2025-05-14 04:45:00+00:00,75.0,75.0999984741211,75.0,75.0999984741211,29835,0.0,0.0
2025-05-14 04:50:00+00:00,75.0,75.0999984741211,75.0,75.0,31135,0.0,0.0
2025-05-14 04:55:00+00:00,75.0,75.0,74.9000015258789,74.9000015258789,5035,0.0,0.0
2025-05-14 05:00:00+00:00,75.0,75.0,74.9000015258789,75.0,25223,0.0,0.0
2025-05-14 05:05:00+00:00,75.0,75.0,74.9000015258789,75.0,7168,0.0,0.0
2025-05-14 05:10:00+00:00,74.9000015258789,75.0,74.9000015258789,75.0,26227,0.0,0.0
2025-05-14 05:15:00+00:00,75.0,75.0,74.9000015258789,75.0,13322,0.0,0.0
2025-05-14 05:20:00+00:00,74.9000015258789,75.0,74.9000015258789,74.9000015258789,24868,0.0,0.0
2025-05-15 01:00:00+00:00,75.30000305175781,75.30000305175781,74.80000305175781,75.0999984741211,0,0.0,0.0
2025-05-15 01:05:00+00:00,75.19999694824219,75.19999694824219,75.0999984741211,75.0999984741211,23006,0.0,0.0
2025-05-15 01:10:00+00:00,75.0999984741211,75.4000015258789,75.0999984741211,75.0999984741211,46044,0.0,0.0
2025-05-15 01:15:00+00:00,75.30000305175781,75.30000305175781,75.19999694824219,75.19999694824219,22250,0.0,0.0
2025-05-15 01:20:00+00:00,75.19999694824219,75.19999694824219,74.4000015258789,74.4000015258789,96464,0.0,0.0
2025-05-15 01:25:00+00:00,74.4000015258789,74.5,74.4000015258789,74.4000015258789,27790,0.0,0.0
2025-05-15 01:30:00+00:00,74.5,74.5,74.19999694824219,74.30000305175781,47000,0.0,0.0
2025-05-15 01:35:00+00:00,74.5,74.9000015258789,74.5,74.9000015258789,21330,0.0,0.0
2025-05-15 01:40:00+00:00,75.0,75.0999984741211,74.9000015258789,75.0999984741211,21115,0.0,0.0
2025-05-15 01:45:00+00:00,74.9000015258789,75.0999984741211,74.9000015258789,75.0,17023,0.0,0.0
2025-05-15 01:50:00+00:00,75.0999984741211,75.19999694824219,74.80000305175781,74.80000305175781,26336,0.0,0.0
2025-05-15 01:55:00+00:00,74.80000305175781,74.80000305175781,74.80000305175781,74.80000305175781,22192,0.0,0.0
2025-05-15 02:00:00+00:00,74.80000305175781,74.80000305175781,74.80000305175781,74.80000305175781,5597,0.0,0.0
2025-05-15 02:05:00+00:00,74.80000305175781,74.80000305175781,74.69999694824219,74.69999694824219,10168,0.0,0.0
2025-05-15 02:10:00+00:00,74.69999694824219,74.69999694824219,74.5999984741211,74.5999984741211,16014,0.0,0.0
2025-05-15 02:15:00+00:00,74.5999984741211,74.69999694824219,74.5,74.69999694824219,7089,0.0,0.0
2025-05-15 02:25:00+00:00,74.69999694824219,74.69999694824219,74.69999694824219,74.69999694824219,7000,0.0,0.0
2025-05-15 02:30:00+00:00,74.69999694824219,74.80000305175781,74.69999694824219,74.80000305175781,12103,0.0,0.0
2025-05-15 02:35:00+00:00,74.80000305175781,74.80000305175781,74.80000305175781,74.80000305175781,11002,0.0,0.0
2025-05-15 02:40:00+00:00,74.80000305175781,74.80000305175781,74.80000305175781,74.80000305175781,18003,0.0,0.0
2025-05-15 02:45:00+00:00,74.80000305175781,74.80000305175781,74.80000305175781,74.80000305175781,11108,0.0,0.0
2025-05-15 02:50:00+00:00,74.80000305175781,74.80000305175781,74.80000305175781,74.80000305175781,2000,0.0,0.0
2025-05-15 02:55:00+00:00,74.69999694824219,74.80000305175781,74.69999694824219,74.80000305175781,13100,0.0,0.0
2025-05-15 03:00:00+00:00,74.80000305175781,74.9000015258789,74.80000305175781,74.80000305175781,3000,0.0,0.0
2025-05-15 03:05:00+00:00,74.80000305175781,74.80000305175781,74.80000305175781,74.80000305175781,2000,0.0,0.0
2025-05-15 03:10:00+00:00,74.80000305175781,74.80000305175781,74.69999694824219,74.69999694824219,25200,0.0,0.0
2025-05-15 03:20:00+00:00,74.69999694824219,74.69999694824219,74.69999694824219,74.69999694824219,3100,0.0,0.0
2025-05-15 03:25:00+00:00,74.69999694824219,74.69999694824219,74.69999694824219,74.69999694824219,6139,0.0,0.0
2025-05-15 03:30:00+00:00,74.69999694824219,74.69999694824219,74.5999984741211,74.5999984741211,8000,0.0,0.0
2025-05-15 03:35:00+00:00,74.5999984741211,74.5999984741211,74.5999984741211,74.5999984741211,5400,0.0,0.0
2025-05-15 03:40:00+00:00,74.5999984741211,74.5999984741211,74.5999984741211,74.5999984741211,1116,0.0,0.0
2025-05-15 03:45:00+00:00,74.5999984741211,74.5999984741211,74.5,74.5,15002,0.0,0.0
2025-05-15 03:50:00+00:00,74.5999984741211,74.5999984741211,74.5999984741211,74.5999984741211,2050,0.0,0.0
2025-05-15 03:55:00+00:00,74.5,74.5999984741211,74.5,74.5,42355,0.0,0.0
2025-05-15 04:00:00+00:00,74.4000015258789,74.4000015258789,74.4000015258789,74.4000015258789,23003,0.0,0.0
2025-05-15 04:05:00+00:00,74.4000015258789,74.4000015258789,74.4000015258789,74.4000015258789,21582,0.0,0.0
2025-05-15 04:10:00+00:00,74.30000305175781,74.30000305175781,74.30000305175781,74.30000305175781,32524,0.0,0.0
2025-05-15 04:15:00+00:00,74.19999694824219,74.30000305175781,74.19999694824219,74.30000305175781,13940,0.0,0.0
2025-05-15 04:20:00+00:00,74.19999694824219,74.30000305175781,74.0,74.30000305175781,120368,0.0,0.0
2025-05-15 04:25:00+00:00,74.19999694824219,74.30000305175781,74.19999694824219,74.30000305175781,9000,0.0,0.0
2025-05-15 04:30:00+00:00,74.30000305175781,74.30000305175781,74.0,74.0,95000,0.0,0.0
2025-05-15 04:40:00+00:00,74.0999984741211,74.4000015258789,74.0999984741211,74.4000015258789,17000,0.0,0.0
2025-05-15 04:45:00+00:00,74.4000015258789,74.4000015258789,74.30000305175781,74.30000305175781,13000,0.0,0.0
2025-05-15 04:50:00+00:00,74.30000305175781,74.4000015258789,74.30000305175781,74.4000015258789,12360,0.0,0.0
2025-05-15 04:55:00+00:00,74.4000015258789,74.4000015258789,74.30000305175781,74.30000305175781,17015,0.0,0.0
2025-05-15 05:00:00+00:00,74.4000015258789,74.4000015258789,74.4000015258789,74.4000015258789,7130,0.0,0.0
2025-05-15 05:05:00+00:00,74.4000015258789,74.5,74.4000015258789,74.4000015258789,10173,0.0,0.0
2025-05-15 05:10:00+00:00,74.4000015258789,74.5,74.4000015258789,74.5,16327,0.0,0.0
2025-05-15 05:15:00+00:00,74.4000015258789,74.5,74.4000015258789,74.5,23300,0.0,0.0
2025-05-15 05:20:00+00:00,74.5,74.5999984741211,74.4000015258789,74.5999984741211,21040,0.0,0.0
2025-05-16 01:00:00+00:00,74.69999694824219,74.69999694824219,74.19999694824219,74.19999694824219,0,0.0,0.0
2025-05-16 01:05:00+00:00,74.5,74.80000305175781,74.5,74.80000305175781,23050,0.0,0.0
2025-05-16 01:10:00+00:00,74.80000305175781,74.80000305175781,74.69999694824219,74.69999694824219,7110,0.0,0.0
2025-05-16 01:15:00+00:00,74.69999694824219,74.69999694824219,74.5999984741211,74.5999984741211,8000,0.0,0.0
2025-05-16 01:20:00+00:00,74.5999984741211,74.5999984741211,74.5999984741211,74.5999984741211,19025,0.0,0.0
2025-05-16 01:25:00+00:00,74.5999984741211,74.5999984741211,74.5999984741211,74.5999984741211,7000,0.0,0.0
2025-05-16 01:30:00+00:00,74.69999694824219,74.80000305175781,74.5999984741211,74.80000305175781,12100,0.0,0.0
2025-05-16 01:35:00+00:00,74.80000305175781,74.9000015258789,74.80000305175781,74.80000305175781,9000,0.0,0.0
2025-05-16 01:40:00+00:00,74.80000305175781,75.0,74.69999694824219,75.0,29150,0.0,0.0
2025-05-16 01:45:00+00:00,75.0999984741211,75.0999984741211,75.0,75.0,20000,0.0,0.0
2025-05-16 01:50:00+00:00,75.0,75.0,74.80000305175781,74.80000305175781,18010,0.0,0.0
2025-05-16 01:55:00+00:00,74.80000305175781,75.0,74.80000305175781,75.0,8102,0.0,0.0
2025-05-16 02:00:00+00:00,74.9000015258789,74.9000015258789,74.9000015258789,74.9000015258789,14000,0.0,0.0
2025-05-16 02:05:00+00:00,74.80000305175781,74.80000305175781,74.80000305175781,74.80000305175781,12400,0.0,0.0
2025-05-16 02:10:00+00:00,74.80000305175781,74.80000305175781,74.69999694824219,74.69999694824219,14319,0.0,0.0
2025-05-16 02:15:00+00:00,74.5999984741211,74.69999694824219,74.5999984741211,74.5999984741211,7902,0.0,0.0
2025-05-16 02:20:00+00:00,74.69999694824219,74.69999694824219,74.69999694824219,74.69999694824219,11365,0.0,0.0
2025-05-16 02:25:00+00:00,74.69999694824219,74.80000305175781,74.69999694824219,74.80000305175781,17083,0.0,0.0
2025-05-16 02:30:00+00:00,74.80000305175781,74.80000305175781,74.69999694824219,74.69999694824219,23000,0.0,0.0
2025-05-16 02:35:00+00:00,74.69999694824219,74.80000305175781,74.69999694824219,74.80000305175781,4000,0.0,0.0
2025-05-16 02:40:00+00:00,74.69999694824219,74.80000305175781,74.69999694824219,74.80000305175781,2000,0.0,0.0
2025-05-16 02:45:00+00:00,74.80000305175781,74.80000305175781,74.5999984741211,74.80000305175781,16001,0.0,0.0
2025-05-16 02:55:00+00:00,74.5999984741211,74.5999984741211,74.5999984741211,74.5999984741211,1000,0.0,0.0
2025-05-16 03:00:00+00:00,74.5999984741211,74.69999694824219,74.5999984741211,74.5999984741211,10013,0.0,0.0
2025-05-16 03:10:00+00:00,74.69999694824219,74.69999694824219,74.5999984741211,74.69999694824219,13000,0.0,0.0
2025-05-16 03:15:00+00:00,74.5999984741211,74.5999984741211,74.4000015258789,74.4000015258789,49942,0.0,0.0
2025-05-16 03:20:00+00:00,74.4000015258789,74.4000015258789,74.30000305175781,74.4000015258789,25000,0.0,0.0
2025-05-16 03:25:00+00:00,74.4000015258789,74.4000015258789,74.4000015258789,74.4000015258789,6000,0.0,0.0
2025-05-16 03:30:00+00:00,74.4000015258789,74.4000015258789,74.4000015258789,74.4000015258789,7100,0.0,0.0
2025-05-16 03:35:00+00:00,74.4000015258789,74.4000015258789,74.4000015258789,74.4000015258789,1068,0.0,0.0
2025-05-16 03:40:00+00:00,74.4000015258789,74.4000015258789,74.4000015258789,74.4000015258789,4152,0.0,0.0
2025-05-16 03:45:00+00:00,74.4000015258789,74.4000015258789,74.19999694824219,74.19999694824219,31000,0.0,0.0
2025-05-16 03:50:00+00:00,74.19999694824219,74.30000305175781,74.19999694824219,74.30000305175781,8006,0.0,0.0
2025-05-16 03:55:00+00:00,74.30000305175781,74.30000305175781,74.19999694824219,74.19999694824219,34000,0.0,0.0
2025-05-16 04:00:00+00:00,74.19999694824219,74.30000305175781,74.19999694824219,74.30000305175781,14104,0.0,0.0
2025-05-16 04:10:00+00:00,74.30000305175781,74.30000305175781,74.0999984741211,74.0999984741211,16001,0.0,0.0
2025-05-16 04:15:00+00:00,74.19999694824219,74.19999694824219,74.19999694824219,74.19999694824219,1130,0.0,0.0
2025-05-16 04:20:00+00:00,74.19999694824219,74.30000305175781,74.0999984741211,74.30000305175781,12035,0.0,0.0
2025-05-16 04:25:00+00:00,74.0999984741211,74.30000305175781,74.0999984741211,74.30000305175781,2200,0.0,0.0
2025-05-16 04:30:00+00:00,74.19999694824219,74.30000305175781,74.19999694824219,74.30000305175781,4200,0.0,0.0
2025-05-16 04:35:00+00:00,74.30000305175781,74.30000305175781,74.30000305175781,74.30000305175781,10000,0.0,0.0
2025-05-16 04:40:00+00:00,74.30000305175781,74.30000305175781,74.30000305175781,74.30000305175781,4100,0.0,0.0
2025-05-16 04:45:00+00:00,74.30000305175781,74.30000305175781,74.30000305175781,74.30000305175781,7091,0.0,0.0
2025-05-16 04:50:00+00:00,74.30000305175781,74.30000305175781,74.30000305175781,74.30000305175781,2100,0.0,0.0
2025-05-16 04:55:00+00:00,74.30000305175781,74.30000305175781,74.30000305175781,74.30000305175781,1000,0.0,0.0
2025-05-16 05:00:00+00:00,74.30000305175781,74.30000305175781,74.19999694824219,74.30000305175781,30218,0.0,0.0
2025-05-16 05:05:00+00:00,74.19999694824219,74.19999694824219,74.19999694824219,74.19999694824219,7070,0.0,0.0
2025-05-16 05:10:00+00:00,74.19999694824219,74.19999694824219,74.19999694824219,74.19999694824219,9000,0.0,0.0
2025-05-16 05:15:00+00:00,74.19999694824219,74.19999694824219,74.19999694824219,74.19999694824219,25510,0.0,0.0
2025-05-16 05:20:00+00:00,74.19999694824219,74.30000305175781,74.19999694824219,74.30000305175781,13238,0.0,0.0
2025-05-19 01:00:00+00:00,74.5,75.5999984741211,74.5,75.0,0,0.0,0.0
2025-05-19 01:05:00+00:00,75.0,75.19999694824219,74.80000305175781,75.19999694824219,63303,0.0,0.0
2025-05-19 01:10:00+00:00,75.19999694824219,75.19999694824219,74.5999984741211,74.5999984741211,125679,0.0,0.0
2025-05-19 01:15:00+00:00,74.5999984741211,74.5999984741211,74.5,74.5,37035,0.0,0.0
2025-05-19 01:20:00+00:00,74.4000015258789,74.5999984741211,74.4000015258789,74.5999984741211,42287,0.0,0.0
2025-05-19 01:25:00+00:00,74.69999694824219,74.69999694824219,74.5999984741211,74.69999694824219,17000,0.0,0.0
2025-05-19 01:30:00+00:00,74.69999694824219,74.69999694824219,74.5,74.5,42006,0.0,0.0
2025-05-19 01:35:00+00:00,74.4000015258789,74.5,74.30000305175781,74.5,16368,0.0,0.0
2025-05-19 01:40:00+00:00,74.5,74.5,74.4000015258789,74.5,18000,0.0,0.0
2025-05-19 01:45:00+00:00,74.5,74.5,74.4000015258789,74.4000015258789,16000,0.0,0.0
2025-05-19 01:50:00+00:00,74.4000015258789,74.4000015258789,74.4000015258789,74.4000015258789,11003,0.0,0.0
2025-05-19 01:55:00+00:00,74.5999984741211,74.5999984741211,74.5,74.5,13800,0.0,0.0
2025-05-19 02:00:00+00:00,74.5999984741211,74.5999984741211,74.5999984741211,74.5999984741211,8011,0.0,0.0
2025-05-19 02:05:00+00:00,74.5,74.5,74.4000015258789,74.4000015258789,28054,0.0,0.0
2025-05-19 02:10:00+00:00,74.4000015258789,74.5,74.4000015258789,74.5,2009,0.0,0.0
2025-05-19 02:15:00+00:00,74.5,74.5999984741211,74.5,74.5999984741211,14028,0.0,0.0
2025-05-19 02:20:00+00:00,74.69999694824219,75.0,74.69999694824219,75.0,25141,0.0,0.0
2025-05-19 02:25:00+00:00,74.9000015258789,74.9000015258789,74.80000305175781,74.9000015258789,7000,0.0,0.0
2025-05-19 02:30:00+00:00,75.0,75.0999984741211,75.0,75.0,28000,0.0,0.0
2025-05-19 02:35:00+00:00,74.9000015258789,74.9000015258789,74.80000305175781,74.80000305175781,7000,0.0,0.0
2025-05-19 02:40:00+00:00,74.80000305175781,74.80000305175781,74.80000305175781,74.80000305175781,7000,0.0,0.0
2025-05-19 02:45:00+00:00,74.80000305175781,74.80000305175781,74.69999694824219,74.69999694824219,82200,0.0,0.0
2025-05-19 02:50:00+00:00,74.80000305175781,74.9000015258789,74.80000305175781,74.9000015258789,2311,0.0,0.0
2025-05-19 03:00:00+00:00,74.9000015258789,74.9000015258789,74.80000305175781,74.80000305175781,12200,0.0,0.0
2025-05-19 03:05:00+00:00,74.69999694824219,74.80000305175781,74.69999694824219,74.80000305175781,4024,0.0,0.0
2025-05-19 03:10:00+00:00,74.80000305175781,74.80000305175781,74.80000305175781,74.80000305175781,14010,0.0,0.0
2025-05-19 03:15:00+00:00,74.80000305175781,74.80000305175781,74.80000305175781,74.80000305175781,1000,0.0,0.0
2025-05-19 03:20:00+00:00,74.80000305175781,74.80000305175781,74.80000305175781,74.80000305175781,5031,0.0,0.0
2025-05-19 03:25:00+00:00,74.69999694824219,74.69999694824219,74.5999984741211,74.69999694824219,22006,0.0,0.0
2025-05-19 03:30:00+00:00,74.69999694824219,74.69999694824219,74.5,74.5,59015,0.0,0.0
2025-05-19 03:35:00+00:00,74.5,74.5999984741211,74.5,74.5999984741211,19010,0.0,0.0
2025-05-19 03:40:00+00:00,74.5,74.5,74.4000015258789,74.4000015258789,21468,0.0,0.0
2025-05-19 03:45:00+00:00,74.5,74.5,74.5,74.5,6116,0.0,0.0
2025-05-19 03:50:00+00:00,74.4000015258789,74.4000015258789,74.4000015258789,74.4000015258789,4000,0.0,0.0
2025-05-19 03:55:00+00:00,74.5,74.5,74.5,74.5,21000,0.0,0.0
2025-05-19 04:00:00+00:00,74.5,74.5,74.5,74.5,7200,0.0,0.0
2025-05-19 04:05:00+00:00,74.5,74.5,74.5,74.5,10000,0.0,0.0
2025-05-19 04:10:00+00:00,74.5,74.5999984741211,74.5,74.5999984741211,3117,0.0,0.0
2025-05-19 04:15:00+00:00,74.5,74.5,74.5,74.5,1001,0.0,0.0
2025-05-19 04:20:00+00:00,74.5,74.5999984741211,74.5,74.5,11012,0.0,0.0
2025-05-19 04:25:00+00:00,74.5,74.5,74.5,74.5,7000,0.0,0.0
2025-05-19 04:30:00+00:00,74.5,74.5,74.5,74.5,11178,0.0,0.0
2025-05-19 04:35:00+00:00,74.5,74.5,74.5,74.5,8000,0.0,0.0
2025-05-19 04:40:00+00:00,74.4000015258789,74.5,74.4000015258789,74.5,12000,0.0,0.0
2025-05-19 04:45:00+00:00,74.5,74.5,74.30000305175781,74.30000305175781,98195,0.0,0.0
2025-05-19 04:50:00+00:00,74.30000305175781,74.30000305175781,74.19999694824219,74.19999694824219,18000,0.0,0.0
2025-05-19 04:55:00+00:00,74.19999694824219,74.19999694824219,74.0999984741211,74.0999984741211,74705,0.0,0.0
2025-05-19 05:00:00+00:00,74.0999984741211,74.0999984741211,74.0999984741211,74.0999984741211,13000,0.0,0.0
2025-05-19 05:05:00+00:00,74.0999984741211,74.19999694824219,74.0999984741211,74.0999984741211,16016,0.0,0.0
2025-05-19 05:10:00+00:00,74.0999984741211,74.0999984741211,74.0,74.0999984741211,27700,0.0,0.0
2025-05-19 05:15:00+00:00,74.0999984741211,74.0999984741211,74.0,74.0999984741211,25151,0.0,0.0
2025-05-19 05:20:00+00:00,74.0,74.0999984741211,73.9000015258789,74.0,101065,0.0,0.0
2025-05-20 01:00:00+00:00,74.5,74.69999694824219,74.0999984741211,74.5,0,0.0,0.0
2025-05-20 01:05:00+00:00,74.5,74.69999694824219,74.5,74.5999984741211,54049,0.0,0.0
2025-05-20 01:10:00+00:00,74.5999984741211,74.5999984741211,74.4000015258789,74.5,10887,0.0,0.0
2025-05-20 01:15:00+00:00,74.5,74.5,74.5,74.5,2513,0.0,0.0
2025-05-20 01:20:00+00:00,74.5,74.5999984741211,74.5,74.5999984741211,19010,0.0,0.0
2025-05-20 01:25:00+00:00,74.5999984741211,74.5999984741211,74.5,74.5,8000,0.0,0.0
2025-05-20 01:30:00+00:00,74.4000015258789,74.4000015258789,74.0999984741211,74.19999694824219,36453,0.0,0.0
2025-05-20 01:35:00+00:00,74.19999694824219,74.19999694824219,74.19999694824219,74.19999694824219,8410,0.0,0.0
2025-05-20 01:40:00+00:00,74.19999694824219,74.19999694824219,74.0999984741211,74.0999984741211,5000,0.0,0.0
2025-05-20 01:45:00+00:00,74.0999984741211,74.30000305175781,74.0999984741211,74.30000305175781,16003,0.0,0.0
2025-05-20 01:50:00+00:00,74.30000305175781,74.4000015258789,74.30000305175781,74.4000015258789,7190,0.0,0.0
2025-05-20 01:55:00+00:00,74.4000015258789,74.4000015258789,74.30000305175781,74.30000305175781,13025,0.0,0.0
2025-05-20 02:05:00+00:00,74.30000305175781,74.30000305175781,74.19999694824219,74.19999694824219,5247,0.0,0.0
2025-05-20 02:10:00+00:00,74.19999694824219,74.19999694824219,74.19999694824219,74.19999694824219,4000,0.0,0.0
2025-05-20 02:15:00+00:00,74.19999694824219,74.19999694824219,74.19999694824219,74.19999694824219,6000,0.0,0.0
2025-05-20 02:20:00+00:00,74.19999694824219,74.19999694824219,74.0999984741211,74.0999984741211,10010,0.0,0.0
2025-05-20 02:25:00+00:00,74.0999984741211,74.19999694824219,74.0999984741211,74.0999984741211,7287,0.0,0.0
2025-05-20 02:30:00+00:00,74.0999984741211,74.0999984741211,74.0,74.0999984741211,23405,0.0,0.0
2025-05-20 02:35:00+00:00,74.19999694824219,74.30000305175781,74.19999694824219,74.19999694824219,13030,0.0,0.0
2025-05-20 02:40:00+00:00,74.30000305175781,74.5,74.30000305175781,74.4000015258789,23000,0.0,0.0
2025-05-20 02:45:00+00:00,74.4000015258789,74.4000015258789,74.30000305175781,74.30000305175781,5000,0.0,0.0
2025-05-20 02:50:00+00:00,74.30000305175781,74.30000305175781,74.30000305175781,74.30000305175781,2000,0.0,0.0
2025-05-20 02:55:00+00:00,74.30000305175781,74.30000305175781,74.30000305175781,74.30000305175781,1000,0.0,0.0
2025-05-20 03:00:00+00:00,74.30000305175781,74.30000305175781,74.19999694824219,74.19999694824219,2000,0.0,0.0
2025-05-20 03:05:00+00:00,74.19999694824219,74.19999694824219,74.19999694824219,74.19999694824219,6004,0.0,0.0
2025-05-20 03:10:00+00:00,74.30000305175781,74.30000305175781,74.30000305175781,74.30000305175781,12000,0.0,0.0
2025-05-20 03:15:00+00:00,74.19999694824219,74.19999694824219,74.0999984741211,74.0999984741211,8000,0.0,0.0
2025-05-20 03:20:00+00:00,74.19999694824219,74.19999694824219,74.0999984741211,74.0999984741211,7176,0.0,0.0
2025-05-20 03:30:00+00:00,74.19999694824219,74.19999694824219,74.19999694824219,74.19999694824219,2000,0.0,0.0
2025-05-20 03:35:00+00:00,74.0999984741211,74.19999694824219,74.0999984741211,74.19999694824219,6000,0.0,0.0
2025-05-20 03:40:00+00:00,74.19999694824219,74.4000015258789,74.19999694824219,74.30000305175781,14000,0.0,0.0
2025-05-20 03:45:00+00:00,74.30000305175781,74.30000305175781,74.30000305175781,74.30000305175781,1000,0.0,0.0
2025-05-20 03:50:00+00:00,74.30000305175781,74.4000015258789,74.30000305175781,74.4000015258789,11287,0.0,0.0
2025-05-20 03:55:00+00:00,74.30000305175781,74.30000305175781,74.30000305175781,74.30000305175781,10200,0.0,0.0
2025-05-20 04:00:00+00:00,74.30000305175781,74.30000305175781,74.19999694824219,74.19999694824219,8000,0.0,0.0
2025-05-20 04:05:00+00:00,74.0999984741211,74.19999694824219,74.0999984741211,74.0999984741211,6026,0.0,0.0
2025-05-20 04:10:00+00:00,74.0999984741211,74.0999984741211,74.0,74.0,12000,0.0,0.0
2025-05-20 04:15:00+00:00,74.0,74.0,74.0,74.0,30100,0.0,0.0
2025-05-20 04:20:00+00:00,74.0,74.0,74.0,74.0,4000,0.0,0.0
2025-05-20 04:25:00+00:00,74.0,74.0,73.9000015258789,74.0,4000,0.0,0.0
2025-05-20 04:30:00+00:00,73.9000015258789,73.9000015258789,73.80000305175781,73.80000305175781,26422,0.0,0.0
2025-05-20 04:35:00+00:00,73.80000305175781,73.80000305175781,73.80000305175781,73.80000305175781,4000,0.0,0.0
2025-05-20 04:45:00+00:00,73.80000305175781,73.9000015258789,73.80000305175781,73.80000305175781,8250,0.0,0.0
2025-05-20 04:50:00+00:00,73.80000305175781,73.9000015258789,73.80000305175781,73.9000015258789,5000,0.0,0.0
2025-05-20 04:55:00+00:00,73.9000015258789,74.0,73.9000015258789,74.0,9030,0.0,0.0
2025-05-20 05:00:00+00:00,73.9000015258789,73.9000015258789,73.9000015258789,73.9000015258789,4401,0.0,0.0
2025-05-20 05:05:00+00:00,74.0,74.0,73.9000015258789,73.9000015258789,8103,0.0,0.0
2025-05-20 05:10:00+00:00,73.9000015258789,73.9000015258789,73.80000305175781,73.80000305175781,16000,0.0,0.0
2025-05-20 05:15:00+00:00,74.0,74.0999984741211,74.0,74.0999984741211,25003,0.0,0.0
2025-05-20 05:20:00+00:00,74.0999984741211,74.19999694824219,73.80000305175781,73.9000015258789,34659,0.0,0.0
2025-05-21 01:00:00+00:00,74.0999984741211,74.4000015258789,74.0999984741211,74.30000305175781,0,0.0,0.0
2025-05-21 01:05:00+00:00,74.4000015258789,74.69999694824219,74.4000015258789,74.5,24800,0.0,0.0
2025-05-21 01:10:00+00:00,74.5,74.5,74.5,74.5,5000,0.0,0.0
2025-05-21 01:15:00+00:00,74.5,74.5999984741211,74.5,74.5999984741211,15120,0.0,0.0
2025-05-21 01:20:00+00:00,74.5999984741211,74.5999984741211,74.5,74.5,9000,0.0,0.0
2025-05-21 01:25:00+00:00,74.4000015258789,74.4000015258789,74.4000015258789,74.4000015258789,9000,0.0,0.0
2025-05-21 01:30:00+00:00,74.4000015258789,74.4000015258789,74.19999694824219,74.4000015258789,16001,0.0,0.0
2025-05-21 01:35:00+00:00,74.30000305175781,74.30000305175781,74.30000305175781,74.30000305175781,2000,0.0,0.0
2025-05-21 01:40:00+00:00,74.30000305175781,74.4000015258789,74.30000305175781,74.4000015258789,5251,0.0,0.0
2025-05-21 01:45:00+00:00,74.30000305175781,74.30000305175781,74.30000305175781,74.30000305175781,2000,0.0,0.0
2025-05-21 01:50:00+00:00,74.30000305175781,74.30000305175781,74.19999694824219,74.19999694824219,8001,0.0,0.0
2025-05-21 01:55:00+00:00,74.19999694824219,74.30000305175781,74.19999694824219,74.30000305175781,5174,0.0,0.0
2025-05-21 02:00:00+00:00,74.30000305175781,74.30000305175781,74.19999694824219,74.30000305175781,3010,0.0,0.0
2025-05-21 02:05:00+00:00,74.30000305175781,74.30000305175781,74.19999694824219,74.19999694824219,5000,0.0,0.0
2025-05-21 02:10:00+00:00,74.30000305175781,74.30000305175781,74.30000305175781,74.30000305175781,3200,0.0,0.0
2025-05-21 02:15:00+00:00,74.30000305175781,74.30000305175781,74.19999694824219,74.19999694824219,12429,0.0,0.0
2025-05-21 02:20:00+00:00,74.19999694824219,74.19999694824219,74.19999694824219,74.19999694824219,14171,0.0,0.0
2025-05-21 02:25:00+00:00,74.19999694824219,74.19999694824219,74.19999694824219,74.19999694824219,3000,0.0,0.0
2025-05-21 02:30:00+00:00,74.30000305175781,74.30000305175781,74.30000305175781,74.30000305175781,1000,0.0,0.0
2025-05-21 02:35:00+00:00,74.30000305175781,74.4000015258789,74.30000305175781,74.4000015258789,14000,0.0,0.0
2025-05-21 02:40:00+00:00,74.4000015258789,74.5,74.4000015258789,74.5,51000,0.0,0.0
2025-05-21 02:45:00+00:00,74.5,74.5999984741211,74.5,74.5999984741211,23053,0.0,0.0
2025-05-21 02:50:00+00:00,74.5999984741211,74.69999694824219,74.5,74.5,27000,0.0,0.0
2025-05-21 02:55:00+00:00,74.5999984741211,74.69999694824219,74.5999984741211,74.69999694824219,24000,0.0,0.0
2025-05-21 03:00:00+00:00,74.69999694824219,74.80000305175781,74.69999694824219,74.80000305175781,40000,0.0,0.0
2025-05-21 03:05:00+00:00,74.80000305175781,74.9000015258789,74.80000305175781,74.80000305175781,13003,0.0,0.0
2025-05-21 03:10:00+00:00,74.80000305175781,74.80000305175781,74.69999694824219,74.69999694824219,6000,0.0,0.0
2025-05-21 03:15:00+00:00,74.69999694824219,74.69999694824219,74.69999694824219,74.69999694824219,4000,0.0,0.0
2025-05-21 03:20:00+00:00,74.80000305175781,74.80000305175781,74.80000305175781,74.80000305175781,9113,0.0,0.0
2025-05-21 03:25:00+00:00,74.80000305175781,74.80000305175781,74.80000305175781,74.80000305175781,2005,0.0,0.0
2025-05-21 03:30:00+00:00,74.80000305175781,74.80000305175781,74.80000305175781,74.80000305175781,2000,0.0,0.0
2025-05-21 03:35:00+00:00,74.69999694824219,74.69999694824219,74.69999694824219,74.69999694824219,13000,0.0,0.0
2025-05-21 03:40:00+00:00,74.69999694824219,74.80000305175781,74.69999694824219,74.80000305175781,29100,0.0,0.0
2025-05-21 03:45:00+00:00,74.80000305175781,74.9000015258789,74.80000305175781,74.9000015258789,40013,0.0,0.0
2025-05-21 03:50:00+00:00,74.80000305175781,74.9000015258789,74.80000305175781,74.80000305175781,8000,0.0,0.0
2025-05-21 03:55:00+00:00,74.80000305175781,74.80000305175781,74.80000305175781,74.80000305175781,4000,0.0,0.0
2025-05-21 04:00:00+00:00,74.80000305175781,74.80000305175781,74.80000305175781,74.80000305175781,15100,0.0,0.0
2025-05-21 04:05:00+00:00,74.80000305175781,74.80000305175781,74.69999694824219,74.80000305175781,7017,0.0,0.0
2025-05-21 04:15:00+00:00,74.80000305175781,74.80000305175781,74.80000305175781,74.80000305175781,1003,0.0,0.0
2025-05-21 04:20:00+00:00,74.80000305175781,74.80000305175781,74.80000305175781,74.80000305175781,13000,0.0,0.0
2025-05-21 04:25:00+00:00,74.69999694824219,74.80000305175781,74.69999694824219,74.80000305175781,9400,0.0,0.0
2025-05-21 04:30:00+00:00,74.80000305175781,74.80000305175781,74.80000305175781,74.80000305175781,3386,0.0,0.0
2025-05-21 04:35:00+00:00,74.80000305175781,74.80000305175781,74.80000305175781,74.80000305175781,3164,0.0,0.0
2025-05-21 04:40:00+00:00,74.80000305175781,74.9000015258789,74.80000305175781,74.9000015258789,2186,0.0,0.0
2025-05-21 04:45:00+00:00,74.80000305175781,74.80000305175781,74.80000305175781,74.80000305175781,11000,0.0,0.0
2025-05-21 04:50:00+00:00,74.80000305175781,74.80000305175781,74.5999984741211,74.5999984741211,39000,0.0,0.0
2025-05-21 04:55:00+00:00,74.69999694824219,74.69999694824219,74.69999694824219,74.69999694824219,11000,0.0,0.0
2025-05-21 05:00:00+00:00,74.69999694824219,74.80000305175781,74.69999694824219,74.69999694824219,4000,0.0,0.0
2025-05-21 05:05:00+00:00,74.69999694824219,74.69999694824219,74.69999694824219,74.69999694824219,6101,0.0,0.0
2025-05-21 05:10:00+00:00,74.69999694824219,74.80000305175781,74.69999694824219,74.69999694824219,7055,0.0,0.0
2025-05-21 05:15:00+00:00,74.69999694824219,74.69999694824219,74.69999694824219,74.69999694824219,17785,0.0,0.0
2025-05-21 05:20:00+00:00,74.80000305175781,75.0,74.80000305175781,74.9000015258789,60122,0.0,0.0
2025-05-22 01:00:00+00:00,74.5,74.5,74.0,74.0,0,0.0,0.0
2025-05-22 01:05:00+00:00,74.0,74.5,74.0,74.5,23114,0.0,0.0
2025-05-22 01:10:00+00:00,74.30000305175781,74.4000015258789,74.30000305175781,74.4000015258789,7340,0.0,0.0
2025-05-22 01:15:00+00:00,74.4000015258789,74.5,74.4000015258789,74.5,64000,0.0,0.0
2025-05-22 01:20:00+00:00,74.30000305175781,74.30000305175781,74.30000305175781,74.30000305175781,16240,0.0,0.0
2025-05-22 01:25:00+00:00,74.30000305175781,74.30000305175781,74.30000305175781,74.30000305175781,5010,0.0,0.0
2025-05-22 01:30:00+00:00,74.30000305175781,74.30000305175781,74.30000305175781,74.30000305175781,6040,0.0,0.0
2025-05-22 01:35:00+00:00,74.30000305175781,74.30000305175781,74.30000305175781,74.30000305175781,2010,0.0,0.0
2025-05-22 01:40:00+00:00,74.30000305175781,74.30000305175781,74.30000305175781,74.30000305175781,2000,0.0,0.0
2025-05-22 01:45:00+00:00,74.4000015258789,74.4000015258789,74.30000305175781,74.30000305175781,9000,0.0,0.0
2025-05-22 01:50:00+00:00,74.30000305175781,74.30000305175781,74.0999984741211,74.19999694824219,22000,0.0,0.0
2025-05-22 01:55:00+00:00,74.19999694824219,74.19999694824219,74.19999694824219,74.19999694824219,5000,0.0,0.0
2025-05-22 02:00:00+00:00,74.19999694824219,74.30000305175781,74.19999694824219,74.30000305175781,34150,0.0,0.0
2025-05-22 02:05:00+00:00,74.19999694824219,74.19999694824219,74.0999984741211,74.0999984741211,12000,0.0,0.0
2025-05-22 02:10:00+00:00,74.19999694824219,74.19999694824219,74.19999694824219,74.19999694824219,3010,0.0,0.0
2025-05-22 02:15:00+00:00,74.30000305175781,74.30000305175781,74.0999984741211,74.0999984741211,3090,0.0,0.0
2025-05-22 02:20:00+00:00,74.0999984741211,74.19999694824219,74.0999984741211,74.19999694824219,2000,0.0,0.0
2025-05-22 02:25:00+00:00,74.19999694824219,74.19999694824219,74.19999694824219,74.19999694824219,3000,0.0,0.0
2025-05-22 02:30:00+00:00,74.4000015258789,74.4000015258789,74.4000015258789,74.4000015258789,4100,0.0,0.0
2025-05-22 02:35:00+00:00,74.30000305175781,74.30000305175781,74.19999694824219,74.19999694824219,5000,0.0,0.0
2025-05-22 02:40:00+00:00,74.19999694824219,74.30000305175781,74.19999694824219,74.19999694824219,13000,0.0,0.0
2025-05-22 02:45:00+00:00,74.19999694824219,74.19999694824219,74.0999984741211,74.0999984741211,23199,0.0,0.0
2025-05-22 02:50:00+00:00,74.0999984741211,74.0999984741211,74.0,74.0,26604,0.0,0.0
2025-05-22 02:55:00+00:00,74.0,74.0,74.0,74.0,3477,0.0,0.0
2025-05-22 03:00:00+00:00,74.0,74.0,74.0,74.0,6030,0.0,0.0
2025-05-22 03:05:00+00:00,74.0999984741211,74.0999984741211,74.0999984741211,74.0999984741211,3000,0.0,0.0
2025-05-22 03:10:00+00:00,74.0,74.0,74.0,74.0,10524,0.0,0.0
2025-05-22 03:15:00+00:00,74.0,74.0999984741211,74.0,74.0999984741211,3000,0.0,0.0
2025-05-22 03:20:00+00:00,74.0,74.0999984741211,74.0,74.0999984741211,11000,0.0,0.0
2025-05-22 03:25:00+00:00,74.0999984741211,74.0999984741211,74.0999984741211,74.0999984741211,3000,0.0,0.0
2025-05-22 03:30:00+00:00,74.0999984741211,74.0999984741211,74.0999984741211,74.0999984741211,3000,0.0,0.0
2025-05-22 03:35:00+00:00,74.0999984741211,74.0999984741211,73.9000015258789,73.9000015258789,20000,0.0,0.0
2025-05-22 03:40:00+00:00,73.9000015258789,73.9000015258789,73.9000015258789,73.9000015258789,11000,0.0,0.0
2025-05-22 03:50:00+00:00,74.0,74.0999984741211,74.0,74.0999984741211,2000,0.0,0.0
2025-05-22 03:55:00+00:00,74.0999984741211,74.0999984741211,74.0999984741211,74.0999984741211,1000,0.0,0.0
2025-05-22 04:00:00+00:00,74.0,74.0999984741211,74.0,74.0999984741211,2132,0.0,0.0
2025-05-22 04:10:00+00:00,74.19999694824219,74.19999694824219,74.0999984741211,74.0999984741211,3000,0.0,0.0
2025-05-22 04:15:00+00:00,74.0999984741211,74.0999984741211,74.0999984741211,74.0999984741211,6015,0.0,0.0
2025-05-22 04:25:00+00:00,74.0,74.0999984741211,74.0,74.0,12040,0.0,0.0
2025-05-22 04:30:00+00:00,74.0,74.0999984741211,74.0,74.0999984741211,5029,0.0,0.0
2025-05-22 04:35:00+00:00,74.0999984741211,74.0999984741211,74.0,74.0999984741211,5081,0.0,0.0
2025-05-22 04:40:00+00:00,74.0999984741211,74.0999984741211,74.0999984741211,74.0999984741211,1003,0.0,0.0
2025-05-22 04:45:00+00:00,74.0999984741211,74.19999694824219,74.0999984741211,74.19999694824219,6000,0.0,0.0
2025-05-22 04:50:00+00:00,74.19999694824219,74.19999694824219,74.19999694824219,74.19999694824219,2000,0.0,0.0
2025-05-22 04:55:00+00:00,74.0999984741211,74.0999984741211,74.0999984741211,74.0999984741211,3000,0.0,0.0
2025-05-22 05:00:00+00:00,74.0999984741211,74.0999984741211,74.0999984741211,74.0999984741211,9167,0.0,0.0
2025-05-22 05:05:00+00:00,74.0999984741211,74.19999694824219,74.0999984741211,74.0999984741211,15147,0.0,0.0
2025-05-22 05:10:00+00:00,74.19999694824219,74.19999694824219,74.0,74.0,17000,0.0,0.0
2025-05-22 05:15:00+00:00,74.0,74.0999984741211,74.0,74.0,51000,0.0,0.0
2025-05-22 05:20:00+00:00,73.9000015258789,74.0,73.9000015258789,73.9000015258789,22110,0.0,0.0
2025-05-23 01:00:00+00:00,74.5,74.5999984741211,74.5,74.5999984741211,0,0.0,0.0
2025-05-23 01:05:00+00:00,74.5,74.5999984741211,74.5,74.5999984741211,48000,0.0,0.0
2025-05-23 01:10:00+00:00,74.5999984741211,74.80000305175781,74.5999984741211,74.69999694824219,47318,0.0,0.0
2025-05-23 01:15:00+00:00,74.69999694824219,74.80000305175781,74.69999694824219,74.69999694824219,12453,0.0,0.0
2025-05-23 01:20:00+00:00,74.69999694824219,74.69999694824219,74.4000015258789,74.5,35000,0.0,0.0
2025-05-23 01:25:00+00:00,74.5,74.5,74.30000305175781,74.5,6050,0.0,0.0
2025-05-23 01:30:00+00:00,74.5,74.5,74.30000305175781,74.30000305175781,14070,0.0,0.0
2025-05-23 01:35:00+00:00,74.30000305175781,74.30000305175781,74.30000305175781,74.30000305175781,8000,0.0,0.0
2025-05-23 01:40:00+00:00,74.30000305175781,74.4000015258789,74.19999694824219,74.4000015258789,10205,0.0,0.0
2025-05-23 01:45:00+00:00,74.30000305175781,74.4000015258789,74.30000305175781,74.30000305175781,42045,0.0,0.0
2025-05-23 01:50:00+00:00,74.30000305175781,74.69999694824219,74.30000305175781,74.5999984741211,39006,0.0,0.0
2025-05-23 01:55:00+00:00,74.5999984741211,74.5999984741211,74.5,74.5,23098,0.0,0.0
2025-05-23 02:00:00+00:00,74.4000015258789,74.4000015258789,74.30000305175781,74.4000015258789,23054,0.0,0.0
2025-05-23 02:05:00+00:00,74.4000015258789,74.4000015258789,74.4000015258789,74.4000015258789,3002,0.0,0.0
2025-05-23 02:10:00+00:00,74.5,74.5,74.30000305175781,74.30000305175781,21000,0.0,0.0
2025-05-23 02:20:00+00:00,74.4000015258789,74.69999694824219,74.4000015258789,74.69999694824219,52000,0.0,0.0
2025-05-23 02:25:00+00:00,74.69999694824219,74.69999694824219,74.69999694824219,74.69999694824219,14500,0.0,0.0
2025-05-23 02:30:00+00:00,74.69999694824219,74.69999694824219,74.5999984741211,74.5999984741211,8580,0.0,0.0
2025-05-23 02:35:00+00:00,74.5,74.5999984741211,74.5,74.5999984741211,25170,0.0,0.0
2025-05-23 02:45:00+00:00,74.5999984741211,74.5999984741211,74.5999984741211,74.5999984741211,1007,0.0,0.0
2025-05-23 02:50:00+00:00,74.5,74.5,74.5,74.5,1004,0.0,0.0
2025-05-23 02:55:00+00:00,74.5,74.5,74.5,74.5,4050,0.0,0.0
2025-05-23 03:00:00+00:00,74.4000015258789,74.5,74.4000015258789,74.5,7000,0.0,0.0
2025-05-23 03:05:00+00:00,74.5,74.5999984741211,74.5,74.5,8003,0.0,0.0
2025-05-23 03:10:00+00:00,74.5999984741211,74.5999984741211,74.5,74.5,13010,0.0,0.0
2025-05-23 03:15:00+00:00,74.5,74.5,74.5,74.5,2150,0.0,0.0
2025-05-23 03:20:00+00:00,74.5,74.5,74.5,74.5,5030,0.0,0.0
2025-05-23 03:25:00+00:00,74.5,74.5,74.5,74.5,1003,0.0,0.0
2025-05-23 03:30:00+00:00,74.5,74.5,74.5,74.5,6000,0.0,0.0
2025-05-23 03:45:00+00:00,74.4000015258789,74.4000015258789,74.4000015258789,74.4000015258789,4045,0.0,0.0
2025-05-23 03:50:00+00:00,74.4000015258789,74.4000015258789,74.30000305175781,74.30000305175781,5000,0.0,0.0
2025-05-23 03:55:00+00:00,74.30000305175781,74.30000305175781,74.30000305175781,74.30000305175781,7303,0.0,0.0
2025-05-23 04:05:00+00:00,74.30000305175781,74.30000305175781,74.30000305175781,74.30000305175781,2000,0.0,0.0
2025-05-23 04:10:00+00:00,74.19999694824219,74.19999694824219,74.0999984741211,74.19999694824219,9004,0.0,0.0
2025-05-23 04:15:00+00:00,74.0999984741211,74.19999694824219,74.0999984741211,74.19999694824219,3000,0.0,0.0
2025-05-23 04:20:00+00:00,74.0999984741211,74.19999694824219,74.0,74.0999984741211,32744,0.0,0.0
2025-05-23 04:25:00+00:00,74.0,74.0,73.80000305175781,73.80000305175781,62690,0.0,0.0
2025-05-23 04:30:00+00:00,73.80000305175781,73.80000305175781,73.80000305175781,73.80000305175781,1000,0.0,0.0
2025-05-23 04:35:00+00:00,73.80000305175781,73.9000015258789,73.80000305175781,73.80000305175781,6000,0.0,0.0
2025-05-23 04:40:00+00:00,73.80000305175781,74.0,73.80000305175781,73.9000015258789,6572,0.0,0.0
2025-05-23 04:45:00+00:00,74.0,74.0,73.80000305175781,73.80000305175781,6200,0.0,0.0
2025-05-23 04:50:00+00:00,73.80000305175781,73.9000015258789,73.80000305175781,73.9000015258789,13248,0.0,0.0
2025-05-23 04:55:00+00:00,73.9000015258789,74.0,73.80000305175781,74.0,3230,0.0,0.0
2025-05-23 05:00:00+00:00,73.9000015258789,73.9000015258789,73.80000305175781,73.80000305175781,11410,0.0,0.0
2025-05-23 05:05:00+00:00,73.80000305175781,74.0,73.80000305175781,73.9000015258789,11103,0.0,0.0
2025-05-23 05:10:00+00:00,74.0,74.0,74.0,74.0,7000,0.0,0.0
2025-05-23 05:15:00+00:00,74.0,74.0,74.0,74.0,2000,0.0,0.0
2025-05-23 05:20:00+00:00,74.0,74.0999984741211,73.9000015258789,73.9000015258789,31003,0.0,0.0
2025-05-26 01:00:00+00:00,73.80000305175781,73.80000305175781,73.19999694824219,73.30000305175781,0,0.0,0.0
2025-05-26 01:05:00+00:00,73.30000305175781,73.4000015258789,73.0,73.4000015258789,28156,0.0,0.0
2025-05-26 01:10:00+00:00,73.5,73.9000015258789,73.5,73.80000305175781,8053,0.0,0.0
2025-05-26 01:15:00+00:00,74.0,74.0,73.9000015258789,74.0,7145,0.0,0.0
2025-05-26 01:20:00+00:00,73.9000015258789,73.9000015258789,73.80000305175781,73.80000305175781,18000,0.0,0.0
2025-05-26 01:25:00+00:00,73.9000015258789,74.0,73.80000305175781,73.9000015258789,12050,0.0,0.0
2025-05-26 01:30:00+00:00,74.0,74.0999984741211,73.9000015258789,74.0,12205,0.0,0.0
2025-05-26 01:35:00+00:00,73.9000015258789,74.0,73.9000015258789,74.0,8224,0.0,0.0
2025-05-26 01:40:00+00:00,73.9000015258789,74.0999984741211,73.80000305175781,74.0999984741211,16026,0.0,0.0
2025-05-26 01:45:00+00:00,74.0999984741211,74.0999984741211,74.0,74.0999984741211,4171,0.0,0.0
2025-05-26 01:50:00+00:00,74.0999984741211,74.0999984741211,74.0,74.0,6000,0.0,0.0
2025-05-26 01:55:00+00:00,74.0,74.30000305175781,73.80000305175781,74.30000305175781,12014,0.0,0.0
2025-05-26 02:00:00+00:00,74.4000015258789,74.5,74.4000015258789,74.5,23354,0.0,0.0
2025-05-26 02:05:00+00:00,74.4000015258789,74.4000015258789,74.4000015258789,74.4000015258789,3000,0.0,0.0
2025-05-26 02:10:00+00:00,74.4000015258789,74.4000015258789,74.0999984741211,74.0999984741211,11000,0.0,0.0
2025-05-26 02:15:00+00:00,74.0999984741211,74.0999984741211,74.0,74.0,2000,0.0,0.0
2025-05-26 02:20:00+00:00,74.19999694824219,74.19999694824219,74.19999694824219,74.19999694824219,3101,0.0,0.0
2025-05-26 02:25:00+00:00,74.0999984741211,74.0999984741211,74.0999984741211,74.0999984741211,1000,0.0,0.0
2025-05-26 02:30:00+00:00,74.19999694824219,74.19999694824219,74.19999694824219,74.19999694824219,6000,0.0,0.0
2025-05-26 02:40:00+00:00,74.19999694824219,74.19999694824219,74.19999694824219,74.19999694824219,4000,0.0,0.0
2025-05-26 02:45:00+00:00,74.19999694824219,74.19999694824219,74.19999694824219,74.19999694824219,7000,0.0,0.0
2025-05-26 02:55:00+00:00,74.0999984741211,74.0999984741211,74.0999984741211,74.0999984741211,9119,0.0,0.0
2025-05-26 03:05:00+00:00,74.0,74.0999984741211,74.0,74.0999984741211,4000,0.0,0.0
2025-05-26 03:15:00+00:00,74.0999984741211,74.0999984741211,74.0999984741211,74.0999984741211,5000,0.0,0.0
2025-05-26 03:20:00+00:00,74.0999984741211,74.0999984741211,74.0999984741211,74.0999984741211,1003,0.0,0.0
2025-05-26 03:30:00+00:00,74.0,74.0,74.0,74.0,7000,0.0,0.0
2025-05-26 03:35:00+00:00,74.0,74.0,73.9000015258789,73.9000015258789,12000,0.0,0.0
2025-05-26 03:40:00+00:00,74.0,74.0,74.0,74.0,2000,0.0,0.0
2025-05-26 03:45:00+00:00,73.9000015258789,73.9000015258789,73.9000015258789,73.9000015258789,1000,0.0,0.0
2025-05-26 03:55:00+00:00,73.9000015258789,73.9000015258789,73.80000305175781,73.80000305175781,6024,0.0,0.0
2025-05-26 04:00:00+00:00,73.80000305175781,73.80000305175781,73.80000305175781,73.80000305175781,7035,0.0,0.0
2025-05-26 04:05:00+00:00,73.9000015258789,73.9000015258789,73.9000015258789,73.9000015258789,4000,0.0,0.0
2025-05-26 04:10:00+00:00,73.9000015258789,73.9000015258789,73.9000015258789,73.9000015258789,3004,0.0,0.0
2025-05-26 04:15:00+00:00,74.0999984741211,74.0999984741211,73.80000305175781,73.80000305175781,25223,0.0,0.0
2025-05-26 04:20:00+00:00,73.80000305175781,73.80000305175781,73.69999694824219,73.69999694824219,25224,0.0,0.0
2025-05-26 04:25:00+00:00,73.5999984741211,73.69999694824219,73.5999984741211,73.5999984741211,11503,0.0,0.0
2025-05-26 04:30:00+00:00,73.5999984741211,73.5999984741211,73.5999984741211,73.5999984741211,7000,0.0,0.0
2025-05-26 04:35:00+00:00,73.69999694824219,73.80000305175781,73.69999694824219,73.80000305175781,27000,0.0,0.0
2025-05-26 04:40:00+00:00,73.80000305175781,73.80000305175781,73.80000305175781,73.80000305175781,5000,0.0,0.0
2025-05-26 04:45:00+00:00,73.80000305175781,73.9000015258789,73.80000305175781,73.80000305175781,6009,0.0,0.0
2025-05-26 04:50:00+00:00,73.9000015258789,73.9000015258789,73.9000015258789,73.9000015258789,1000,0.0,0.0
2025-05-26 04:55:00+00:00,73.9000015258789,73.9000015258789,73.9000015258789,73.9000015258789,4000,0.0,0.0
2025-05-26 05:00:00+00:00,73.80000305175781,73.80000305175781,73.80000305175781,73.80000305175781,3030,0.0,0.0
2025-05-26 05:05:00+00:00,73.80000305175781,73.80000305175781,73.80000305175781,73.80000305175781,4000,0.0,0.0
2025-05-26 05:10:00+00:00,73.80000305175781,73.9000015258789,73.80000305175781,73.9000015258789,3000,0.0,0.0
2025-05-26 05:15:00+00:00,73.80000305175781,73.9000015258789,73.80000305175781,73.9000015258789,11300,0.0,0.0
2025-05-26 05:20:00+00:00,73.9000015258789,74.0,73.9000015258789,73.9000015258789,5300,0.0,0.0
2025-05-27 01:00:00+00:00,74.0,74.4000015258789,74.0,74.0,0,0.0,0.0
2025-05-27 01:05:00+00:00,74.0999984741211,74.0999984741211,74.0,74.0,9002,0.0,0.0
2025-05-27 01:10:00+00:00,74.0,74.0,73.9000015258789,74.0,7058,0.0,0.0
2025-05-27 01:15:00+00:00,74.0,74.19999694824219,74.0,74.19999694824219,9000,0.0,0.0
2025-05-27 01:20:00+00:00,74.19999694824219,74.30000305175781,74.19999694824219,74.30000305175781,7092,0.0,0.0
2025-05-27 01:25:00+00:00,74.30000305175781,74.30000305175781,74.30000305175781,74.30000305175781,8000,0.0,0.0
2025-05-27 01:30:00+00:00,74.30000305175781,74.30000305175781,74.19999694824219,74.30000305175781,5000,0.0,0.0
2025-05-27 01:35:00+00:00,74.30000305175781,74.30000305175781,74.19999694824219,74.19999694824219,8000,0.0,0.0
2025-05-27 01:40:00+00:00,74.0999984741211,74.19999694824219,74.0999984741211,74.0999984741211,15019,0.0,0.0
2025-05-27 01:45:00+00:00,74.0999984741211,74.0999984741211,74.0,74.0,6000,0.0,0.0
2025-05-27 01:50:00+00:00,74.0,74.0999984741211,74.0,74.0,15109,0.0,0.0
2025-05-27 01:55:00+00:00,74.0,74.0,73.69999694824219,73.69999694824219,22061,0.0,0.0
2025-05-27 02:00:00+00:00,73.69999694824219,73.69999694824219,73.4000015258789,73.4000015258789,19300,0.0,0.0
2025-05-27 02:05:00+00:00,73.4000015258789,73.4000015258789,73.4000015258789,73.4000015258789,6015,0.0,0.0
2025-05-27 02:10:00+00:00,73.4000015258789,73.4000015258789,73.19999694824219,73.19999694824219,10965,0.0,0.0
2025-05-27 02:15:00+00:00,73.30000305175781,73.4000015258789,73.30000305175781,73.4000015258789,11007,0.0,0.0
2025-05-27 02:20:00+00:00,73.30000305175781,73.30000305175781,73.30000305175781,73.30000305175781,6006,0.0,0.0
2025-05-27 02:25:00+00:00,73.4000015258789,73.4000015258789,73.4000015258789,73.4000015258789,1145,0.0,0.0
2025-05-27 02:30:00+00:00,73.4000015258789,73.5,73.4000015258789,73.5,3250,0.0,0.0
2025-05-27 02:40:00+00:00,73.5999984741211,73.5999984741211,73.5999984741211,73.5999984741211,4000,0.0,0.0
2025-05-27 02:45:00+00:00,73.5,73.5,73.4000015258789,73.4000015258789,6067,0.0,0.0
2025-05-27 02:50:00+00:00,73.4000015258789,73.4000015258789,73.30000305175781,73.30000305175781,11000,0.0,0.0
2025-05-27 02:55:00+00:00,73.4000015258789,73.4000015258789,73.4000015258789,73.4000015258789,1000,0.0,0.0
2025-05-27 03:00:00+00:00,73.30000305175781,73.30000305175781,73.30000305175781,73.30000305175781,3040,0.0,0.0
2025-05-27 03:05:00+00:00,73.4000015258789,73.4000015258789,73.4000015258789,73.4000015258789,2129,0.0,0.0
2025-05-27 03:10:00+00:00,73.30000305175781,73.30000305175781,73.19999694824219,73.19999694824219,12070,0.0,0.0
2025-05-27 03:15:00+00:00,73.19999694824219,73.30000305175781,73.19999694824219,73.30000305175781,5018,0.0,0.0
2025-05-27 03:20:00+00:00,73.30000305175781,73.30000305175781,73.19999694824219,73.19999694824219,8000,0.0,0.0
2025-05-27 03:25:00+00:00,73.30000305175781,73.30000305175781,73.0999984741211,73.0999984741211,15261,0.0,0.0
2025-05-27 03:30:00+00:00,73.0999984741211,73.0999984741211,73.0,73.0999984741211,34167,0.0,0.0
2025-05-27 03:35:00+00:00,73.0999984741211,73.0999984741211,73.0,73.0,27480,0.0,0.0
2025-05-27 03:40:00+00:00,73.0,73.0,73.0,73.0,8495,0.0,0.0
2025-05-27 03:45:00+00:00,73.0,73.0,73.0,73.0,10000,0.0,0.0
2025-05-27 03:50:00+00:00,73.0,73.0,73.0,73.0,2751,0.0,0.0
2025-05-27 03:55:00+00:00,73.0,73.0,72.9000015258789,72.9000015258789,19123,0.0,0.0
2025-05-27 04:00:00+00:00,72.9000015258789,72.9000015258789,72.9000015258789,72.9000015258789,7318,0.0,0.0
2025-05-27 04:05:00+00:00,72.9000015258789,72.9000015258789,72.9000015258789,72.9000015258789,27200,0.0,0.0
2025-05-27 04:10:00+00:00,73.0,73.0,73.0,73.0,14317,0.0,0.0
2025-05-27 04:15:00+00:00,72.9000015258789,73.0,72.9000015258789,72.9000015258789,13002,0.0,0.0
2025-05-27 04:20:00+00:00,72.80000305175781,72.80000305175781,72.69999694824219,72.69999694824219,37001,0.0,0.0
2025-05-27 04:25:00+00:00,72.69999694824219,72.80000305175781,72.69999694824219,72.69999694824219,8000,0.0,0.0
2025-05-27 04:30:00+00:00,72.69999694824219,72.9000015258789,72.69999694824219,72.9000015258789,21000,0.0,0.0
2025-05-27 04:40:00+00:00,72.9000015258789,72.9000015258789,72.80000305175781,72.80000305175781,5500,0.0,0.0
2025-05-27 04:45:00+00:00,72.80000305175781,72.80000305175781,72.80000305175781,72.80000305175781,20000,0.0,0.0
2025-05-27 04:55:00+00:00,72.80000305175781,72.9000015258789,72.80000305175781,72.9000015258789,19396,0.0,0.0
2025-05-27 05:00:00+00:00,72.9000015258789,72.9000015258789,72.9000015258789,72.9000015258789,3000,0.0,0.0
2025-05-27 05:05:00+00:00,72.9000015258789,73.0,72.9000015258789,73.0,18072,0.0,0.0
2025-05-27 05:10:00+00:00,73.0,73.0999984741211,73.0,73.0999984741211,3200,0.0,0.0
2025-05-27 05:15:00+00:00,73.0999984741211,73.0999984741211,72.9000015258789,72.9000015258789,17120,0.0,0.0
2025-05-27 05:20:00+00:00,72.9000015258789,73.0,72.9000015258789,73.0,8030,0.0,0.0
2025-05-28 01:00:00+00:00,73.0,73.30000305175781,73.0,73.30000305175781,0,0.0,0.0
2025-05-28 01:05:00+00:00,73.30000305175781,73.80000305175781,73.30000305175781,73.80000305175781,18700,0.0,0.0
2025-05-28 01:10:00+00:00,73.69999694824219,73.69999694824219,73.69999694824219,73.69999694824219,5105,0.0,0.0
2025-05-28 01:15:00+00:00,73.5,73.5,73.0999984741211,73.0999984741211,12170,0.0,0.0
2025-05-28 01:20:00+00:00,73.0,73.0,72.9000015258789,73.0,30009,0.0,0.0
2025-05-28 01:25:00+00:00,73.0,73.0,72.9000015258789,72.9000015258789,19036,0.0,0.0
2025-05-28 01:30:00+00:00,72.9000015258789,72.9000015258789,72.80000305175781,72.80000305175781,25140,0.0,0.0
2025-05-28 01:35:00+00:00,72.69999694824219,73.0,72.69999694824219,73.0,23235,0.0,0.0
2025-05-28 01:40:00+00:00,73.0,73.0,73.0,73.0,1000,0.0,0.0
2025-05-28 01:45:00+00:00,73.0,73.0999984741211,73.0,73.0999984741211,10000,0.0,0.0
2025-05-28 01:50:00+00:00,73.0,73.0,72.9000015258789,72.9000015258789,12000,0.0,0.0
2025-05-28 01:55:00+00:00,73.0,73.0,72.9000015258789,72.9000015258789,2000,0.0,0.0
2025-05-28 02:00:00+00:00,73.0,73.0,73.0,73.0,5000,0.0,0.0
2025-05-28 02:05:00+00:00,73.0999984741211,73.0999984741211,73.0999984741211,73.0999984741211,4100,0.0,0.0
2025-05-28 02:10:00+00:00,73.0999984741211,73.0999984741211,73.0,73.0,8736,0.0,0.0
2025-05-28 02:20:00+00:00,73.0,73.0,72.69999694824219,72.69999694824219,33570,0.0,0.0
2025-05-28 02:25:00+00:00,72.69999694824219,72.80000305175781,72.69999694824219,72.80000305175781,5071,0.0,0.0
2025-05-28 02:30:00+00:00,72.9000015258789,72.9000015258789,72.9000015258789,72.9000015258789,1000,0.0,0.0
2025-05-28 02:35:00+00:00,72.80000305175781,72.80000305175781,72.80000305175781,72.80000305175781,1000,0.0,0.0
2025-05-28 02:45:00+00:00,72.80000305175781,72.9000015258789,72.80000305175781,72.9000015258789,12200,0.0,0.0
2025-05-28 02:50:00+00:00,72.9000015258789,72.9000015258789,72.9000015258789,72.9000015258789,4000,0.0,0.0
2025-05-28 02:55:00+00:00,72.80000305175781,72.80000305175781,72.80000305175781,72.80000305175781,5005,0.0,0.0
2025-05-28 03:05:00+00:00,72.9000015258789,72.9000015258789,72.9000015258789,72.9000015258789,3320,0.0,0.0
2025-05-28 03:15:00+00:00,72.9000015258789,72.9000015258789,72.9000015258789,72.9000015258789,6000,0.0,0.0
2025-05-28 03:20:00+00:00,72.9000015258789,72.9000015258789,72.9000015258789,72.9000015258789,1000,0.0,0.0
2025-05-28 03:25:00+00:00,72.9000015258789,73.0,72.9000015258789,73.0,2040,0.0,0.0
2025-05-28 03:30:00+00:00,72.9000015258789,72.9000015258789,72.9000015258789,72.9000015258789,6000,0.0,0.0
2025-05-28 03:35:00+00:00,72.9000015258789,72.9000015258789,72.80000305175781,72.80000305175781,16000,0.0,0.0
2025-05-28 03:40:00+00:00,72.69999694824219,72.69999694824219,72.5999984741211,72.5999984741211,26355,0.0,0.0
2025-05-28 03:45:00+00:00,72.69999694824219,72.69999694824219,72.5999984741211,72.5999984741211,12099,0.0,0.0
2025-05-28 03:50:00+00:00,72.5999984741211,72.5999984741211,72.5999984741211,72.5999984741211,2000,0.0,0.0
2025-05-28 03:55:00+00:00,72.69999694824219,72.80000305175781,72.69999694824219,72.80000305175781,9070,0.0,0.0
2025-05-28 04:05:00+00:00,72.69999694824219,72.69999694824219,72.69999694824219,72.69999694824219,6000,0.0,0.0
2025-05-28 04:10:00+00:00,72.5999984741211,72.5999984741211,72.5999984741211,72.5999984741211,7100,0.0,0.0
2025-05-28 04:15:00+00:00,72.5,72.5,72.5,72.5,8018,0.0,0.0
2025-05-28 04:20:00+00:00,72.4000015258789,72.4000015258789,72.4000015258789,72.4000015258789,24085,0.0,0.0
2025-05-28 04:25:00+00:00,72.30000305175781,72.4000015258789,72.30000305175781,72.4000015258789,23080,0.0,0.0
2025-05-28 04:30:00+00:00,72.30000305175781,72.30000305175781,72.19999694824219,72.30000305175781,13870,0.0,0.0
2025-05-28 04:35:00+00:00,72.30000305175781,72.30000305175781,72.0999984741211,72.0999984741211,26005,0.0,0.0
2025-05-28 04:40:00+00:00,72.0999984741211,72.19999694824219,72.0999984741211,72.19999694824219,9002,0.0,0.0
2025-05-28 04:45:00+00:00,72.19999694824219,72.19999694824219,72.0999984741211,72.0999984741211,14000,0.0,0.0
2025-05-28 04:50:00+00:00,72.0999984741211,72.0999984741211,72.0999984741211,72.0999984741211,24070,0.0,0.0
2025-05-28 04:55:00+00:00,72.0,72.0,71.80000305175781,71.9000015258789,81044,0.0,0.0
2025-05-28 05:00:00+00:00,72.0,72.0999984741211,72.0,72.0999984741211,12018,0.0,0.0
2025-05-28 05:05:00+00:00,72.0999984741211,72.19999694824219,72.0999984741211,72.19999694824219,14100,0.0,0.0
2025-05-28 05:10:00+00:00,72.19999694824219,72.30000305175781,72.19999694824219,72.19999694824219,7015,0.0,0.0
2025-05-28 05:15:00+00:00,72.30000305175781,72.4000015258789,72.19999694824219,72.30000305175781,24060,0.0,0.0
2025-05-28 05:20:00+00:00,72.19999694824219,72.4000015258789,72.19999694824219,72.4000015258789,11875,0.0,0.0
2025-05-29 01:00:00+00:00,73.4000015258789,73.4000015258789,72.9000015258789,72.9000015258789,0,0.0,0.0
2025-05-29 01:05:00+00:00,72.9000015258789,74.69999694824219,72.9000015258789,74.30000305175781,132425,0.0,0.0
2025-05-29 01:10:00+00:00,74.19999694824219,74.4000015258789,74.0,74.0999984741211,101550,0.0,0.0
2025-05-29 01:15:00+00:00,74.0999984741211,74.19999694824219,73.9000015258789,73.9000015258789,33470,0.0,0.0
2025-05-29 01:20:00+00:00,73.80000305175781,73.80000305175781,73.5,73.5,14030,0.0,0.0
2025-05-29 01:25:00+00:00,73.5,73.5,73.5,73.5,14400,0.0,0.0
2025-05-29 01:30:00+00:00,73.5,73.80000305175781,73.5,73.80000305175781,19080,0.0,0.0
2025-05-29 01:35:00+00:00,73.80000305175781,73.9000015258789,73.69999694824219,73.80000305175781,20020,0.0,0.0
2025-05-29 01:40:00+00:00,73.80000305175781,73.80000305175781,73.80000305175781,73.80000305175781,6000,0.0,0.0
2025-05-29 01:45:00+00:00,73.80000305175781,73.80000305175781,73.69999694824219,73.80000305175781,5028,0.0,0.0
2025-05-29 01:50:00+00:00,73.9000015258789,73.9000015258789,73.80000305175781,73.80000305175781,10000,0.0,0.0
2025-05-29 01:55:00+00:00,73.80000305175781,73.80000305175781,73.80000305175781,73.80000305175781,11055,0.0,0.0
2025-05-29 02:00:00+00:00,73.80000305175781,73.80000305175781,73.69999694824219,73.69999694824219,5300,0.0,0.0
2025-05-29 02:05:00+00:00,73.69999694824219,73.69999694824219,73.69999694824219,73.69999694824219,4034,0.0,0.0
2025-05-29 02:10:00+00:00,73.69999694824219,73.69999694824219,73.5999984741211,73.5999984741211,10000,0.0,0.0
2025-05-29 02:15:00+00:00,73.5,73.5,73.5,73.5,18166,0.0,0.0
2025-05-29 02:20:00+00:00,73.5,73.5,73.5,73.5,1571,0.0,0.0
2025-05-29 02:30:00+00:00,73.5,73.5,73.5,73.5,5439,0.0,0.0
2025-05-29 02:40:00+00:00,73.5999984741211,73.9000015258789,73.5999984741211,73.9000015258789,19025,0.0,0.0
2025-05-29 02:45:00+00:00,73.9000015258789,73.9000015258789,73.9000015258789,73.9000015258789,2003,0.0,0.0
2025-05-29 02:50:00+00:00,73.9000015258789,74.0,73.9000015258789,74.0,18175,0.0,0.0
2025-05-29 02:55:00+00:00,73.9000015258789,74.19999694824219,73.9000015258789,74.19999694824219,25370,0.0,0.0
2025-05-29 03:00:00+00:00,74.19999694824219,74.19999694824219,74.19999694824219,74.19999694824219,2000,0.0,0.0
2025-05-29 03:05:00+00:00,74.19999694824219,74.19999694824219,74.0,74.0,10000,0.0,0.0
2025-05-29 03:10:00+00:00,74.0,74.19999694824219,74.0,74.19999694824219,11011,0.0,0.0
2025-05-29 03:15:00+00:00,74.19999694824219,74.19999694824219,74.19999694824219,74.19999694824219,5000,0.0,0.0
2025-05-29 03:20:00+00:00,74.19999694824219,74.19999694824219,74.0999984741211,74.19999694824219,35052,0.0,0.0
2025-05-29 03:25:00+00:00,74.30000305175781,74.30000305175781,74.30000305175781,74.30000305175781,2111,0.0,0.0
2025-05-29 03:30:00+00:00,74.30000305175781,74.5,74.30000305175781,74.4000015258789,61474,0.0,0.0
2025-05-29 03:35:00+00:00,74.4000015258789,74.4000015258789,74.19999694824219,74.4000015258789,11747,0.0,0.0
2025-05-29 03:40:00+00:00,74.30000305175781,74.4000015258789,74.30000305175781,74.4000015258789,8000,0.0,0.0
2025-05-29 03:45:00+00:00,74.30000305175781,74.30000305175781,74.30000305175781,74.30000305175781,7000,0.0,0.0
2025-05-29 03:50:00+00:00,74.19999694824219,74.4000015258789,74.19999694824219,74.4000015258789,15287,0.0,0.0
2025-05-29 04:00:00+00:00,74.4000015258789,74.4000015258789,74.4000015258789,74.4000015258789,2037,0.0,0.0
2025-05-29 04:05:00+00:00,74.4000015258789,74.4000015258789,74.30000305175781,74.30000305175781,9000,0.0,0.0
2025-05-29 04:10:00+00:00,74.30000305175781,74.4000015258789,74.19999694824219,74.19999694824219,15500,0.0,0.0
2025-05-29 04:15:00+00:00,74.0999984741211,74.0999984741211,74.0,74.0,3101,0.0,0.0
2025-05-29 04:20:00+00:00,74.0,74.0999984741211,73.9000015258789,73.9000015258789,22258,0.0,0.0
2025-05-29 04:25:00+00:00,73.9000015258789,73.9000015258789,73.9000015258789,73.9000015258789,8000,0.0,0.0
2025-05-29 04:30:00+00:00,73.80000305175781,73.9000015258789,73.80000305175781,73.9000015258789,12057,0.0,0.0
2025-05-29 04:35:00+00:00,73.9000015258789,73.9000015258789,73.9000015258789,73.9000015258789,2000,0.0,0.0
2025-05-29 04:40:00+00:00,73.9000015258789,73.9000015258789,73.9000015258789,73.9000015258789,3001,0.0,0.0
2025-05-29 04:45:00+00:00,74.0,74.30000305175781,74.0,74.30000305175781,14340,0.0,0.0
2025-05-29 04:50:00+00:00,74.0999984741211,74.0999984741211,74.0999984741211,74.0999984741211,2050,0.0,0.0
2025-05-29 04:55:00+00:00,74.0999984741211,74.19999694824219,74.0999984741211,74.19999694824219,3013,0.0,0.0
2025-05-29 05:00:00+00:00,74.30000305175781,74.30000305175781,74.19999694824219,74.19999694824219,8159,0.0,0.0
2025-05-29 05:05:00+00:00,74.19999694824219,74.30000305175781,74.19999694824219,74.30000305175781,7258,0.0,0.0
2025-05-29 05:10:00+00:00,74.19999694824219,74.19999694824219,74.19999694824219,74.19999694824219,17089,0.0,0.0
2025-05-29 05:15:00+00:00,74.19999694824219,74.19999694824219,74.0999984741211,74.19999694824219,30001,0.0,0.0
2025-05-29 05:20:00+00:00,74.0999984741211,74.30000305175781,74.0999984741211,74.30000305175781,18691,0.0,0.0
2025-06-02 01:00:00+00:00,73.69999694824219,73.69999694824219,73.19999694824219,73.5,0,0.0,0.0
2025-06-02 01:05:00+00:00,73.5999984741211,74.19999694824219,73.5999984741211,74.0999984741211,34607,0.0,0.0
2025-06-02 01:10:00+00:00,74.0,74.69999694824219,74.0,74.4000015258789,30380,0.0,0.0
2025-06-02 01:15:00+00:00,74.30000305175781,74.4000015258789,74.0999984741211,74.4000015258789,27000,0.0,0.0
2025-06-02 01:20:00+00:00,74.0999984741211,74.0999984741211,73.80000305175781,73.9000015258789,38100,0.0,0.0
2025-06-02 01:25:00+00:00,73.9000015258789,73.9000015258789,73.69999694824219,73.80000305175781,12000,0.0,0.0
2025-06-02 01:30:00+00:00,73.5999984741211,73.5999984741211,73.5,73.5,15110,0.0,0.0
2025-06-02 01:35:00+00:00,73.5,73.5999984741211,73.19999694824219,73.19999694824219,20280,0.0,0.0
2025-06-02 01:40:00+00:00,73.5,73.5,72.80000305175781,72.80000305175781,37739,0.0,0.0
2025-06-02 01:45:00+00:00,72.9000015258789,73.0,72.9000015258789,73.0,17112,0.0,0.0
2025-06-02 01:50:00+00:00,73.0999984741211,73.0999984741211,73.0,73.0,3020,0.0,0.0
2025-06-02 01:55:00+00:00,73.0999984741211,73.0999984741211,73.0999984741211,73.0999984741211,6000,0.0,0.0
2025-06-02 02:00:00+00:00,73.0999984741211,73.19999694824219,73.0999984741211,73.0999984741211,11230,0.0,0.0
2025-06-02 02:05:00+00:00,73.0,73.0,73.0,73.0,5014,0.0,0.0
2025-06-02 02:10:00+00:00,73.0999984741211,73.0999984741211,73.0,73.0,3000,0.0,0.0
2025-06-02 02:15:00+00:00,73.0,73.19999694824219,73.0,73.19999694824219,3000,0.0,0.0
2025-06-02 02:20:00+00:00,73.19999694824219,73.19999694824219,73.19999694824219,73.19999694824219,4000,0.0,0.0
2025-06-02 02:25:00+00:00,73.19999694824219,73.19999694824219,73.0999984741211,73.0999984741211,12000,0.0,0.0
2025-06-02 02:30:00+00:00,73.0,73.0,72.9000015258789,73.0,37176,0.0,0.0
2025-06-02 02:35:00+00:00,72.9000015258789,72.9000015258789,72.9000015258789,72.9000015258789,11000,0.0,0.0
2025-06-02 02:40:00+00:00,72.9000015258789,72.9000015258789,72.80000305175781,72.80000305175781,23000,0.0,0.0
2025-06-02 02:45:00+00:00,72.80000305175781,72.80000305175781,72.69999694824219,72.69999694824219,16194,0.0,0.0
2025-06-02 02:50:00+00:00,72.69999694824219,72.69999694824219,72.5999984741211,72.69999694824219,37055,0.0,0.0
2025-06-02 02:55:00+00:00,72.69999694824219,72.69999694824219,72.5999984741211,72.5999984741211,12000,0.0,0.0
2025-06-02 03:00:00+00:00,72.69999694824219,72.69999694824219,72.5,72.5999984741211,40105,0.0,0.0
2025-06-02 03:05:00+00:00,72.5999984741211,72.5999984741211,72.5,72.5,26254,0.0,0.0
2025-06-02 03:15:00+00:00,72.4000015258789,72.5999984741211,72.30000305175781,72.5,39100,0.0,0.0
2025-06-02 03:20:00+00:00,72.5,72.5999984741211,72.5,72.5,6050,0.0,0.0
2025-06-02 03:25:00+00:00,72.5,72.5,72.5,72.5,5100,0.0,0.0
2025-06-02 03:30:00+00:00,72.5999984741211,73.0,72.5999984741211,73.0,24540,0.0,0.0
2025-06-02 03:35:00+00:00,72.80000305175781,72.80000305175781,72.80000305175781,72.80000305175781,3000,0.0,0.0
2025-06-02 03:40:00+00:00,72.80000305175781,72.80000305175781,72.80000305175781,72.80000305175781,2000,0.0,0.0
2025-06-02 03:45:00+00:00,72.69999694824219,72.69999694824219,72.69999694824219,72.69999694824219,6030,0.0,0.0
2025-06-02 03:50:00+00:00,72.69999694824219,72.69999694824219,72.69999694824219,72.69999694824219,2000,0.0,0.0
2025-06-02 03:55:00+00:00,72.69999694824219,72.69999694824219,72.69999694824219,72.69999694824219,1000,0.0,0.0
2025-06-02 04:00:00+00:00,72.5999984741211,72.5999984741211,72.5999984741211,72.5999984741211,1270,0.0,0.0
2025-06-02 04:05:00+00:00,72.5999984741211,72.5999984741211,72.5999984741211,72.5999984741211,2155,0.0,0.0
2025-06-02 04:10:00+00:00,72.69999694824219,72.69999694824219,72.5999984741211,72.5999984741211,4000,0.0,0.0
2025-06-02 04:20:00+00:00,72.69999694824219,72.69999694824219,72.69999694824219,72.69999694824219,10591,0.0,0.0
2025-06-02 04:25:00+00:00,72.80000305175781,72.80000305175781,72.80000305175781,72.80000305175781,1000,0.0,0.0
2025-06-02 04:30:00+00:00,72.80000305175781,72.9000015258789,72.80000305175781,72.9000015258789,4303,0.0,0.0
2025-06-02 04:35:00+00:00,72.9000015258789,72.9000015258789,72.80000305175781,72.80000305175781,3001,0.0,0.0
2025-06-02 04:45:00+00:00,72.80000305175781,72.80000305175781,72.69999694824219,72.69999694824219,6000,0.0,0.0
2025-06-02 04:50:00+00:00,72.80000305175781,72.80000305175781,72.80000305175781,72.80000305175781,8000,0.0,0.0
2025-06-02 04:55:00+00:00,72.80000305175781,72.9000015258789,72.80000305175781,72.9000015258789,17000,0.0,0.0
2025-06-02 05:00:00+00:00,72.9000015258789,72.9000015258789,72.80000305175781,72.80000305175781,3000,0.0,0.0
2025-06-02 05:05:00+00:00,72.9000015258789,72.9000015258789,72.9000015258789,72.9000015258789,6000,0.0,0.0
2025-06-02 05:10:00+00:00,72.9000015258789,72.9000015258789,72.9000015258789,72.9000015258789,3108,0.0,0.0
2025-06-02 05:15:00+00:00,72.9000015258789,73.0999984741211,72.9000015258789,73.0,9069,0.0,0.0
2025-06-02 05:20:00+00:00,73.0999984741211,73.0999984741211,72.80000305175781,72.80000305175781,50120,0.0,0.0
2025-06-03 01:00:00+00:00,73.0999984741211,73.80000305175781,73.0999984741211,73.4000015258789,0,0.0,0.0
2025-06-03 01:05:00+00:00,73.4000015258789,73.5999984741211,73.4000015258789,73.5999984741211,13000,0.0,0.0
2025-06-03 01:10:00+00:00,73.5999984741211,73.5999984741211,73.5999984741211,73.5999984741211,2150,0.0,0.0
2025-06-03 01:15:00+00:00,73.5,73.5999984741211,73.5,73.5999984741211,5016,0.0,0.0
2025-06-03 01:20:00+00:00,73.5,73.5,73.5,73.5,9130,0.0,0.0
2025-06-03 01:25:00+00:00,73.5,73.5999984741211,73.4000015258789,73.5999984741211,15000,0.0,0.0
2025-06-03 01:30:00+00:00,73.5,73.5,73.5,73.5,2000,0.0,0.0
2025-06-03 01:35:00+00:00,73.5999984741211,74.0,73.5999984741211,74.0,65724,0.0,0.0
2025-06-03 01:40:00+00:00,74.0999984741211,74.19999694824219,74.0,74.0999984741211,26100,0.0,0.0
2025-06-03 01:45:00+00:00,74.0999984741211,74.4000015258789,74.0999984741211,74.4000015258789,43255,0.0,0.0
2025-06-03 01:50:00+00:00,74.4000015258789,74.5,74.30000305175781,74.4000015258789,43101,0.0,0.0
2025-06-03 01:55:00+00:00,74.4000015258789,74.80000305175781,74.30000305175781,74.5999984741211,122048,0.0,0.0
2025-06-03 02:00:00+00:00,74.69999694824219,75.0,74.5,74.5999984741211,91988,0.0,0.0
2025-06-03 02:05:00+00:00,74.5999984741211,74.5999984741211,74.4000015258789,74.5,24102,0.0,0.0
2025-06-03 02:10:00+00:00,74.5,74.5,74.30000305175781,74.30000305175781,12018,0.0,0.0
2025-06-03 02:15:00+00:00,74.30000305175781,74.30000305175781,74.0999984741211,74.0999984741211,23128,0.0,0.0
2025-06-03 02:20:00+00:00,74.0999984741211,74.30000305175781,74.0999984741211,74.30000305175781,10000,0.0,0.0
2025-06-03 02:25:00+00:00,74.30000305175781,74.30000305175781,74.19999694824219,74.19999694824219,8000,0.0,0.0
2025-06-03 02:30:00+00:00,74.0999984741211,74.30000305175781,74.0999984741211,74.30000305175781,11000,0.0,0.0
2025-06-03 02:35:00+00:00,74.19999694824219,74.19999694824219,74.19999694824219,74.19999694824219,7000,0.0,0.0
2025-06-03 02:40:00+00:00,74.0999984741211,74.0999984741211,74.0,74.0,9000,0.0,0.0
2025-06-03 02:45:00+00:00,74.0999984741211,74.0999984741211,74.0999984741211,74.0999984741211,4129,0.0,0.0
2025-06-03 02:50:00+00:00,74.0999984741211,74.4000015258789,74.0999984741211,74.4000015258789,17111,0.0,0.0
2025-06-03 02:55:00+00:00,74.30000305175781,74.30000305175781,74.19999694824219,74.19999694824219,3001,0.0,0.0
2025-06-03 03:00:00+00:00,74.30000305175781,74.30000305175781,74.30000305175781,74.30000305175781,12000,0.0,0.0
2025-06-03 03:05:00+00:00,74.30000305175781,74.30000305175781,74.30000305175781,74.30000305175781,16039,0.0,0.0
2025-06-03 03:10:00+00:00,74.30000305175781,74.4000015258789,74.30000305175781,74.4000015258789,4014,0.0,0.0
2025-06-03 03:15:00+00:00,74.30000305175781,74.30000305175781,74.19999694824219,74.19999694824219,9015,0.0,0.0
2025-06-03 03:25:00+00:00,74.19999694824219,74.19999694824219,74.19999694824219,74.19999694824219,7000,0.0,0.0
2025-06-03 03:35:00+00:00,74.30000305175781,74.30000305175781,74.30000305175781,74.30000305175781,3000,0.0,0.0
2025-06-03 03:40:00+00:00,74.30000305175781,74.30000305175781,74.30000305175781,74.30000305175781,2002,0.0,0.0
2025-06-03 03:45:00+00:00,74.19999694824219,74.19999694824219,74.19999694824219,74.19999694824219,1150,0.0,0.0
2025-06-03 03:50:00+00:00,74.4000015258789,74.4000015258789,74.4000015258789,74.4000015258789,8185,0.0,0.0
2025-06-03 03:55:00+00:00,74.4000015258789,74.5,74.4000015258789,74.5,37416,0.0,0.0
2025-06-03 04:00:00+00:00,74.5,74.5999984741211,74.5,74.5,25180,0.0,0.0
2025-06-03 04:05:00+00:00,74.5,74.80000305175781,74.5,74.80000305175781,72282,0.0,0.0
2025-06-03 04:10:00+00:00,74.9000015258789,75.0999984741211,74.80000305175781,74.9000015258789,140249,0.0,0.0
2025-06-03 04:15:00+00:00,74.9000015258789,74.9000015258789,74.80000305175781,74.9000015258789,17000,0.0,0.0
2025-06-03 04:20:00+00:00,74.80000305175781,75.4000015258789,74.80000305175781,75.4000015258789,121015,0.0,0.0
2025-06-03 04:25:00+00:00,75.4000015258789,75.5,75.30000305175781,75.30000305175781,63165,0.0,0.0
2025-06-03 04:30:00+00:00,75.30000305175781,75.5999984741211,75.30000305175781,75.4000015258789,78949,0.0,0.0
2025-06-03 04:35:00+00:00,75.4000015258789,76.9000015258789,75.4000015258789,76.30000305175781,273357,0.0,0.0
2025-06-03 04:40:00+00:00,76.19999694824219,76.30000305175781,76.0999984741211,76.0999984741211,81212,0.0,0.0
2025-06-03 04:45:00+00:00,76.0999984741211,76.0999984741211,76.0,76.0,88150,0.0,0.0
2025-06-03 04:50:00+00:00,76.0,76.0,75.9000015258789,76.0,39488,0.0,0.0
2025-06-03 04:55:00+00:00,76.0,76.0,75.9000015258789,75.9000015258789,24275,0.0,0.0
2025-06-03 05:00:00+00:00,76.0,76.0,75.9000015258789,75.9000015258789,27525,0.0,0.0
2025-06-03 05:05:00+00:00,75.80000305175781,75.9000015258789,75.80000305175781,75.80000305175781,14280,0.0,0.0
2025-06-03 05:10:00+00:00,75.80000305175781,75.9000015258789,75.80000305175781,75.80000305175781,24000,0.0,0.0
2025-06-03 05:15:00+00:00,75.69999694824219,75.69999694824219,75.5,75.5999984741211,38386,0.0,0.0
2025-06-03 05:20:00+00:00,75.5999984741211,75.80000305175781,75.5,75.5,55107,0.0,0.0
2025-06-04 01:00:00+00:00,76.30000305175781,76.5999984741211,76.0,76.4000015258789,0,0.0,0.0
2025-06-04 01:05:00+00:00,76.4000015258789,76.5999984741211,76.30000305175781,76.5,75000,0.0,0.0
2025-06-04 01:10:00+00:00,76.9000015258789,76.9000015258789,76.5,76.5,130928,0.0,0.0
2025-06-04 01:15:00+00:00,76.5,76.5,76.0,76.30000305175781,92078,0.0,0.0
2025-06-04 01:20:00+00:00,76.30000305175781,76.4000015258789,76.19999694824219,76.30000305175781,6503,0.0,0.0
2025-06-04 01:25:00+00:00,76.30000305175781,76.5999984741211,76.30000305175781,76.30000305175781,47321,0.0,0.0
2025-06-04 01:30:00+00:00,76.30000305175781,76.4000015258789,76.0,76.0,73428,0.0,0.0
2025-06-04 01:35:00+00:00,76.0,76.0,75.9000015258789,75.9000015258789,19292,0.0,0.0
2025-06-04 01:40:00+00:00,75.9000015258789,75.9000015258789,75.9000015258789,75.9000015258789,15200,0.0,0.0
2025-06-04 01:45:00+00:00,75.9000015258789,75.9000015258789,75.9000015258789,75.9000015258789,6000,0.0,0.0
2025-06-04 01:50:00+00:00,75.80000305175781,75.80000305175781,75.5999984741211,75.80000305175781,38400,0.0,0.0
2025-06-04 01:55:00+00:00,75.80000305175781,75.80000305175781,75.5999984741211,75.5999984741211,28252,0.0,0.0
2025-06-04 02:00:00+00:00,75.5999984741211,75.9000015258789,75.5,75.69999694824219,34000,0.0,0.0
2025-06-04 02:05:00+00:00,75.80000305175781,76.0,75.80000305175781,76.0,21000,0.0,0.0
2025-06-04 02:10:00+00:00,76.0999984741211,76.0999984741211,75.9000015258789,75.9000015258789,7000,0.0,0.0
2025-06-04 02:15:00+00:00,76.0,76.0,76.0,76.0,2220,0.0,0.0
2025-06-04 02:20:00+00:00,76.0,76.0999984741211,75.9000015258789,76.0,18004,0.0,0.0
2025-06-04 02:25:00+00:00,76.0,76.0,76.0,76.0,9000,0.0,0.0
2025-06-04 02:30:00+00:00,76.0,76.0999984741211,76.0,76.0,12600,0.0,0.0
2025-06-04 02:35:00+00:00,76.0,76.0999984741211,75.9000015258789,75.9000015258789,14000,0.0,0.0
2025-06-04 02:40:00+00:00,75.9000015258789,75.9000015258789,75.80000305175781,75.9000015258789,8037,0.0,0.0
2025-06-04 02:45:00+00:00,75.9000015258789,75.9000015258789,75.9000015258789,75.9000015258789,4313,0.0,0.0
2025-06-04 02:50:00+00:00,76.0,76.0999984741211,76.0,76.0999984741211,19150,0.0,0.0
2025-06-04 02:55:00+00:00,76.30000305175781,76.4000015258789,76.30000305175781,76.30000305175781,53451,0.0,0.0
2025-06-04 03:00:00+00:00,76.30000305175781,76.30000305175781,76.19999694824219,76.19999694824219,12000,0.0,0.0
2025-06-04 03:05:00+00:00,76.0999984741211,76.0999984741211,76.0,76.0,5000,0.0,0.0
2025-06-04 03:10:00+00:00,76.0,76.0,76.0,76.0,8000,0.0,0.0
2025-06-04 03:15:00+00:00,76.0999984741211,76.19999694824219,76.0999984741211,76.19999694824219,2100,0.0,0.0
2025-06-04 03:20:00+00:00,76.0999984741211,76.0999984741211,76.0,76.0,4660,0.0,0.0
2025-06-04 03:25:00+00:00,75.9000015258789,75.9000015258789,75.9000015258789,75.9000015258789,7339,0.0,0.0
2025-06-04 03:30:00+00:00,75.80000305175781,75.80000305175781,75.80000305175781,75.80000305175781,4000,0.0,0.0
2025-06-04 03:35:00+00:00,75.80000305175781,75.80000305175781,75.80000305175781,75.80000305175781,2782,0.0,0.0
2025-06-04 03:40:00+00:00,75.69999694824219,75.69999694824219,75.5999984741211,75.5999984741211,23000,0.0,0.0
2025-06-04 03:45:00+00:00,75.5999984741211,75.69999694824219,75.5999984741211,75.69999694824219,27000,0.0,0.0
2025-06-04 03:50:00+00:00,75.69999694824219,75.80000305175781,75.69999694824219,75.80000305175781,7000,0.0,0.0
2025-06-04 03:55:00+00:00,75.80000305175781,75.80000305175781,75.69999694824219,75.69999694824219,6010,0.0,0.0
2025-06-04 04:00:00+00:00,75.69999694824219,75.69999694824219,75.69999694824219,75.69999694824219,3000,0.0,0.0
2025-06-04 04:05:00+00:00,75.69999694824219,75.80000305175781,75.69999694824219,75.80000305175781,10025,0.0,0.0
2025-06-04 04:10:00+00:00,75.69999694824219,75.80000305175781,75.69999694824219,75.80000305175781,6000,0.0,0.0
2025-06-04 04:15:00+00:00,75.80000305175781,75.9000015258789,75.69999694824219,75.9000015258789,6010,0.0,0.0
2025-06-04 04:20:00+00:00,75.9000015258789,75.9000015258789,75.9000015258789,75.9000015258789,13016,0.0,0.0
2025-06-04 04:25:00+00:00,75.9000015258789,75.9000015258789,75.9000015258789,75.9000015258789,2350,0.0,0.0
2025-06-04 04:30:00+00:00,75.9000015258789,75.9000015258789,75.9000015258789,75.9000015258789,3010,0.0,0.0
2025-06-04 04:35:00+00:00,75.9000015258789,75.9000015258789,75.80000305175781,75.80000305175781,4140,0.0,0.0
2025-06-04 04:40:00+00:00,75.80000305175781,75.80000305175781,75.69999694824219,75.69999694824219,22067,0.0,0.0
2025-06-04 04:45:00+00:00,75.69999694824219,75.80000305175781,75.69999694824219,75.80000305175781,7026,0.0,0.0
2025-06-04 04:50:00+00:00,75.9000015258789,75.9000015258789,75.9000015258789,75.9000015258789,1000,0.0,0.0
2025-06-04 04:55:00+00:00,75.9000015258789,75.9000015258789,75.80000305175781,75.80000305175781,7000,0.0,0.0
2025-06-04 05:00:00+00:00,75.80000305175781,76.0,75.69999694824219,75.69999694824219,20090,0.0,0.0
2025-06-04 05:05:00+00:00,75.69999694824219,75.69999694824219,75.5999984741211,75.5999984741211,12000,0.0,0.0
2025-06-04 05:10:00+00:00,75.69999694824219,75.69999694824219,75.69999694824219,75.69999694824219,6020,0.0,0.0
2025-06-04 05:15:00+00:00,75.69999694824219,75.69999694824219,75.69999694824219,75.69999694824219,24056,0.0,0.0
2025-06-04 05:20:00+00:00,75.69999694824219,75.9000015258789,75.69999694824219,75.69999694824219,23022,0.0,0.0
2025-06-05 01:00:00+00:00,76.5,76.5,75.5999984741211,75.80000305175781,0,0.0,0.0
2025-06-05 01:05:00+00:00,75.80000305175781,75.80000305175781,75.80000305175781,75.80000305175781,14404,0.0,0.0
2025-06-05 01:10:00+00:00,75.9000015258789,75.9000015258789,75.80000305175781,75.80000305175781,18555,0.0,0.0
2025-06-05 01:15:00+00:00,75.80000305175781,75.80000305175781,75.5999984741211,75.5999984741211,26239,0.0,0.0
2025-06-05 01:20:00+00:00,75.5999984741211,75.5999984741211,75.4000015258789,75.4000015258789,25055,0.0,0.0
2025-06-05 01:25:00+00:00,75.4000015258789,75.4000015258789,75.19999694824219,75.30000305175781,20778,0.0,0.0
2025-06-05 01:30:00+00:00,75.4000015258789,75.4000015258789,75.19999694824219,75.4000015258789,23034,0.0,0.0
2025-06-05 01:35:00+00:00,75.4000015258789,75.4000015258789,75.30000305175781,75.4000015258789,10180,0.0,0.0
2025-06-05 01:40:00+00:00,75.4000015258789,75.4000015258789,75.30000305175781,75.30000305175781,4350,0.0,0.0
2025-06-05 01:45:00+00:00,75.4000015258789,75.5,75.30000305175781,75.5,4001,0.0,0.0
2025-06-05 01:50:00+00:00,75.5,75.5,75.4000015258789,75.4000015258789,8010,0.0,0.0
2025-06-05 01:55:00+00:00,75.5,75.5,75.5,75.5,1000,0.0,0.0
2025-06-05 02:00:00+00:00,75.5,75.5,75.4000015258789,75.4000015258789,19020,0.0,0.0
2025-06-05 02:05:00+00:00,75.5,75.5,75.4000015258789,75.4000015258789,23055,0.0,0.0
2025-06-05 02:10:00+00:00,75.30000305175781,75.30000305175781,75.19999694824219,75.19999694824219,14001,0.0,0.0
2025-06-05 02:15:00+00:00,75.0999984741211,75.30000305175781,75.0999984741211,75.30000305175781,20000,0.0,0.0
2025-06-05 02:20:00+00:00,75.30000305175781,75.30000305175781,75.19999694824219,75.30000305175781,7007,0.0,0.0
2025-06-05 02:25:00+00:00,75.19999694824219,75.19999694824219,75.0,75.0999984741211,16330,0.0,0.0
2025-06-05 02:30:00+00:00,75.0999984741211,75.19999694824219,75.0,75.19999694824219,7205,0.0,0.0
2025-06-05 02:35:00+00:00,75.19999694824219,75.19999694824219,75.0999984741211,75.19999694824219,8003,0.0,0.0
2025-06-05 02:40:00+00:00,75.19999694824219,75.19999694824219,75.19999694824219,75.19999694824219,3467,0.0,0.0
2025-06-05 02:45:00+00:00,75.19999694824219,75.19999694824219,75.0999984741211,75.0999984741211,9250,0.0,0.0
2025-06-05 02:50:00+00:00,75.0999984741211,75.19999694824219,75.0999984741211,75.0999984741211,9050,0.0,0.0
2025-06-05 02:55:00+00:00,75.19999694824219,75.19999694824219,75.19999694824219,75.19999694824219,3000,0.0,0.0
2025-06-05 03:00:00+00:00,75.0999984741211,75.0999984741211,75.0,75.0,18000,0.0,0.0
2025-06-05 03:05:00+00:00,75.0,75.0999984741211,75.0,75.0999984741211,7000,0.0,0.0
2025-06-05 03:10:00+00:00,75.0999984741211,75.4000015258789,75.0999984741211,75.30000305175781,32000,0.0,0.0
2025-06-05 03:15:00+00:00,75.30000305175781,75.30000305175781,75.30000305175781,75.30000305175781,3000,0.0,0.0
2025-06-05 03:20:00+00:00,75.19999694824219,75.19999694824219,75.19999694824219,75.19999694824219,0,0.0,0.0
2025-06-05 03:25:00+00:00,75.0999984741211,75.0999984741211,75.0999984741211,75.0999984741211,504994,0.0,0.0
2025-06-05 03:35:00+00:00,75.0999984741211,75.19999694824219,75.0999984741211,75.19999694824219,8000,0.0,0.0
2025-06-05 03:40:00+00:00,75.19999694824219,75.19999694824219,75.19999694824219,75.19999694824219,3100,0.0,0.0
2025-06-05 03:45:00+00:00,75.30000305175781,75.5,75.30000305175781,75.5,31000,0.0,0.0
2025-06-05 03:50:00+00:00,75.30000305175781,75.5,75.30000305175781,75.30000305175781,13092,0.0,0.0
2025-06-05 03:55:00+00:00,75.30000305175781,75.30000305175781,75.19999694824219,75.30000305175781,6079,0.0,0.0
2025-06-05 04:00:00+00:00,75.19999694824219,75.19999694824219,75.19999694824219,75.19999694824219,2000,0.0,0.0
2025-06-05 04:05:00+00:00,75.0999984741211,75.0999984741211,75.0999984741211,75.0999984741211,12039,0.0,0.0
2025-06-05 04:10:00+00:00,75.0999984741211,75.0999984741211,75.0999984741211,75.0999984741211,4000,0.0,0.0
2025-06-05 04:15:00+00:00,75.0999984741211,75.0999984741211,75.0,75.0999984741211,5242,0.0,0.0
2025-06-05 04:20:00+00:00,75.0999984741211,75.0999984741211,75.0999984741211,75.0999984741211,3147,0.0,0.0
2025-06-05 04:25:00+00:00,75.0999984741211,75.19999694824219,75.0999984741211,75.19999694824219,9145,0.0,0.0
2025-06-05 04:30:00+00:00,75.0999984741211,75.19999694824219,75.0999984741211,75.0999984741211,5100,0.0,0.0
2025-06-05 04:35:00+00:00,75.19999694824219,75.19999694824219,75.0999984741211,75.0999984741211,2000,0.0,0.0
2025-06-05 04:40:00+00:00,75.19999694824219,75.4000015258789,75.19999694824219,75.30000305175781,16068,0.0,0.0
2025-06-05 04:45:00+00:00,75.30000305175781,75.30000305175781,75.30000305175781,75.30000305175781,7000,0.0,0.0
2025-06-05 04:50:00+00:00,75.30000305175781,75.4000015258789,75.30000305175781,75.4000015258789,10100,0.0,0.0
2025-06-05 04:55:00+00:00,75.5,75.5,75.30000305175781,75.30000305175781,3164,0.0,0.0
2025-06-05 05:00:00+00:00,75.30000305175781,75.30000305175781,75.30000305175781,75.30000305175781,3000,0.0,0.0
2025-06-05 05:05:00+00:00,75.19999694824219,75.30000305175781,75.19999694824219,75.19999694824219,18100,0.0,0.0
2025-06-05 05:10:00+00:00,75.30000305175781,75.30000305175781,75.30000305175781,75.30000305175781,2221,0.0,0.0
2025-06-05 05:15:00+00:00,75.19999694824219,75.19999694824219,75.19999694824219,75.19999694824219,13000,0.0,0.0
2025-06-05 05:20:00+00:00,75.19999694824219,75.19999694824219,75.0999984741211,75.19999694824219,17681,0.0,0.0
2025-06-06 01:00:00+00:00,74.9000015258789,75.0,74.80000305175781,74.80000305175781,0,0.0,0.0
2025-06-06 01:05:00+00:00,74.80000305175781,75.0999984741211,74.80000305175781,75.0,8000,0.0,0.0
2025-06-06 01:10:00+00:00,75.19999694824219,75.19999694824219,75.19999694824219,75.19999694824219,2730,0.0,0.0
2025-06-06 01:15:00+00:00,75.19999694824219,75.5999984741211,75.19999694824219,75.5999984741211,31000,0.0,0.0
2025-06-06 01:20:00+00:00,75.5,75.5999984741211,75.30000305175781,75.30000305175781,25022,0.0,0.0
2025-06-06 01:25:00+00:00,75.30000305175781,75.30000305175781,75.30000305175781,75.30000305175781,4000,0.0,0.0
2025-06-06 01:30:00+00:00,75.30000305175781,75.30000305175781,75.30000305175781,75.30000305175781,16589,0.0,0.0
2025-06-06 01:35:00+00:00,75.30000305175781,75.30000305175781,75.19999694824219,75.30000305175781,32532,0.0,0.0
2025-06-06 01:40:00+00:00,75.4000015258789,75.69999694824219,75.4000015258789,75.5,39012,0.0,0.0
2025-06-06 01:45:00+00:00,75.5,75.69999694824219,75.5,75.69999694824219,44000,0.0,0.0
2025-06-06 01:50:00+00:00,75.69999694824219,75.69999694824219,75.5999984741211,75.5999984741211,7000,0.0,0.0
2025-06-06 01:55:00+00:00,75.5999984741211,75.80000305175781,75.5,75.80000305175781,22100,0.0,0.0
2025-06-06 02:00:00+00:00,75.80000305175781,75.80000305175781,75.5999984741211,75.5999984741211,10003,0.0,0.0
2025-06-06 02:05:00+00:00,75.5999984741211,75.5999984741211,75.5999984741211,75.5999984741211,7000,0.0,0.0
2025-06-06 02:10:00+00:00,75.5999984741211,75.69999694824219,75.5999984741211,75.69999694824219,4200,0.0,0.0
2025-06-06 02:15:00+00:00,75.69999694824219,76.5,75.69999694824219,76.19999694824219,194408,0.0,0.0
2025-06-06 02:20:00+00:00,76.19999694824219,76.4000015258789,76.19999694824219,76.30000305175781,54120,0.0,0.0
2025-06-06 02:25:00+00:00,76.4000015258789,76.4000015258789,76.19999694824219,76.19999694824219,24086,0.0,0.0
2025-06-06 02:30:00+00:00,76.19999694824219,76.19999694824219,76.0,76.0,17390,0.0,0.0
2025-06-06 02:35:00+00:00,76.0,76.0,76.0,76.0,3000,0.0,0.0
2025-06-06 02:40:00+00:00,76.0,76.0,75.9000015258789,75.9000015258789,8030,0.0,0.0
2025-06-06 02:45:00+00:00,75.9000015258789,76.0999984741211,75.5,76.0999984741211,51120,0.0,0.0
2025-06-06 02:50:00+00:00,76.0999984741211,76.0999984741211,76.0,76.0,3000,0.0,0.0
2025-06-06 03:00:00+00:00,76.0,76.0,76.0,76.0,4040,0.0,0.0
2025-06-06 03:05:00+00:00,75.9000015258789,76.0999984741211,75.80000305175781,76.0999984741211,13150,0.0,0.0
2025-06-06 03:10:00+00:00,76.0999984741211,76.0999984741211,76.0999984741211,76.0999984741211,18397,0.0,0.0
2025-06-06 03:15:00+00:00,76.0,76.0,76.0,76.0,2000,0.0,0.0
2025-06-06 03:20:00+00:00,76.0,76.0,76.0,76.0,2000,0.0,0.0
2025-06-06 03:25:00+00:00,76.0,76.0,75.9000015258789,75.9000015258789,14000,0.0,0.0
2025-06-06 03:30:00+00:00,75.9000015258789,75.9000015258789,75.9000015258789,75.9000015258789,4000,0.0,0.0
2025-06-06 03:35:00+00:00,75.69999694824219,75.69999694824219,75.69999694824219,75.69999694824219,12220,0.0,0.0
2025-06-06 03:40:00+00:00,75.5999984741211,75.5999984741211,75.5999984741211,75.5999984741211,9000,0.0,0.0
2025-06-06 03:45:00+00:00,75.5999984741211,75.5999984741211,75.5999984741211,75.5999984741211,2000,0.0,0.0
2025-06-06 03:50:00+00:00,75.5999984741211,75.69999694824219,75.5999984741211,75.69999694824219,5049,0.0,0.0
2025-06-06 03:55:00+00:00,75.69999694824219,75.80000305175781,75.69999694824219,75.80000305175781,4000,0.0,0.0
2025-06-06 04:00:00+00:00,75.80000305175781,75.80000305175781,75.80000305175781,75.80000305175781,4001,0.0,0.0
2025-06-06 04:05:00+00:00,75.80000305175781,75.80000305175781,75.80000305175781,75.80000305175781,7050,0.0,0.0
2025-06-06 04:10:00+00:00,75.80000305175781,75.80000305175781,75.80000305175781,75.80000305175781,2036,0.0,0.0
2025-06-06 04:15:00+00:00,75.69999694824219,75.69999694824219,75.5999984741211,75.5999984741211,7106,0.0,0.0
2025-06-06 04:20:00+00:00,75.5999984741211,75.80000305175781,75.5999984741211,75.80000305175781,5000,0.0,0.0
2025-06-06 04:30:00+00:00,75.69999694824219,75.69999694824219,75.5,75.5,19090,0.0,0.0
2025-06-06 04:35:00+00:00,75.5,75.5999984741211,75.5,75.5999984741211,3000,0.0,0.0
2025-06-06 04:40:00+00:00,75.5999984741211,75.5999984741211,75.5999984741211,75.5999984741211,1000,0.0,0.0
2025-06-06 04:45:00+00:00,75.69999694824219,75.80000305175781,75.69999694824219,75.80000305175781,19000,0.0,0.0
2025-06-06 04:50:00+00:00,75.69999694824219,75.69999694824219,75.69999694824219,75.69999694824219,1001,0.0,0.0
2025-06-06 04:55:00+00:00,75.80000305175781,75.80000305175781,75.80000305175781,75.80000305175781,19100,0.0,0.0
2025-06-06 05:00:00+00:00,75.9000015258789,75.9000015258789,75.80000305175781,75.80000305175781,4000,0.0,0.0
2025-06-06 05:05:00+00:00,76.0,76.0,75.9000015258789,76.0,35000,0.0,0.0
2025-06-06 05:10:00+00:00,76.0,76.0,75.9000015258789,75.9000015258789,12022,0.0,0.0
2025-06-06 05:15:00+00:00,75.9000015258789,75.9000015258789,75.69999694824219,75.9000015258789,38109,0.0,0.0
2025-06-06 05:20:00+00:00,75.80000305175781,75.9000015258789,75.69999694824219,75.69999694824219,14180,0.0,0.0
2025-06-09 01:00:00+00:00,74.0,74.0,72.19999694824219,72.5999984741211,0,0.0,0.0
2025-06-09 01:05:00+00:00,72.80000305175781,72.9000015258789,72.30000305175781,72.5,237000,0.0,0.0
2025-06-09 01:10:00+00:00,72.5,72.5999984741211,72.30000305175781,72.5,206185,0.0,0.0
2025-06-09 01:15:00+00:00,72.5,72.5,71.30000305175781,71.5,449690,0.0,0.0
2025-06-09 01:20:00+00:00,71.5,71.5999984741211,71.19999694824219,71.4000015258789,150277,0.0,0.0
2025-06-09 01:25:00+00:00,71.4000015258789,71.5,71.0,71.0999984741211,146870,0.0,0.0
2025-06-09 01:30:00+00:00,71.0999984741211,71.5,70.80000305175781,71.4000015258789,150981,0.0,0.0
2025-06-09 01:35:00+00:00,71.4000015258789,71.4000015258789,71.0999984741211,71.0999984741211,72855,0.0,0.0
2025-06-09 01:40:00+00:00,71.0999984741211,71.19999694824219,71.0,71.19999694824219,37064,0.0,0.0
2025-06-09 01:45:00+00:00,71.0999984741211,71.0999984741211,70.5,70.5999984741211,163982,0.0,0.0
2025-06-09 01:50:00+00:00,70.5,70.80000305175781,70.30000305175781,70.5999984741211,124066,0.0,0.0
2025-06-09 01:55:00+00:00,70.5999984741211,70.5999984741211,70.5999984741211,70.5999984741211,23677,0.0,0.0
2025-06-09 02:00:00+00:00,70.5999984741211,71.19999694824219,70.5999984741211,71.0999984741211,71000,0.0,0.0
2025-06-09 02:05:00+00:00,71.0,71.0,70.69999694824219,70.69999694824219,42092,0.0,0.0
2025-06-09 02:10:00+00:00,70.80000305175781,71.0,70.69999694824219,71.0,35210,0.0,0.0
2025-06-09 02:15:00+00:00,71.0,71.0,70.9000015258789,70.9000015258789,26615,0.0,0.0
2025-06-09 02:20:00+00:00,71.0,71.4000015258789,70.80000305175781,71.4000015258789,36000,0.0,0.0
2025-06-09 02:25:00+00:00,71.4000015258789,71.4000015258789,71.19999694824219,71.19999694824219,28005,0.0,0.0
2025-06-09 02:30:00+00:00,71.19999694824219,71.4000015258789,71.19999694824219,71.4000015258789,14662,0.0,0.0
2025-06-09 02:35:00+00:00,71.5,71.69999694824219,71.0999984741211,71.5,100100,0.0,0.0
2025-06-09 02:40:00+00:00,71.5999984741211,71.80000305175781,71.5999984741211,71.69999694824219,22430,0.0,0.0
2025-06-09 02:45:00+00:00,71.69999694824219,71.69999694824219,71.5999984741211,71.5999984741211,28018,0.0,0.0
2025-06-09 02:50:00+00:00,71.69999694824219,71.9000015258789,71.69999694824219,71.9000015258789,19528,0.0,0.0
2025-06-09 02:55:00+00:00,71.80000305175781,72.0,71.80000305175781,71.80000305175781,26400,0.0,0.0
2025-06-09 03:00:00+00:00,71.80000305175781,71.9000015258789,71.80000305175781,71.9000015258789,14200,0.0,0.0
2025-06-09 03:05:00+00:00,71.80000305175781,71.80000305175781,71.5999984741211,71.80000305175781,28109,0.0,0.0
2025-06-09 03:10:00+00:00,71.80000305175781,71.80000305175781,71.80000305175781,71.80000305175781,13000,0.0,0.0
2025-06-09 03:15:00+00:00,71.80000305175781,71.80000305175781,71.80000305175781,71.80000305175781,1000,0.0,0.0
2025-06-09 03:20:00+00:00,71.80000305175781,71.80000305175781,71.69999694824219,71.69999694824219,14150,0.0,0.0
2025-06-09 03:25:00+00:00,71.69999694824219,71.69999694824219,71.5,71.5999984741211,23536,0.0,0.0
2025-06-09 03:30:00+00:00,71.69999694824219,71.69999694824219,71.69999694824219,71.69999694824219,3000,0.0,0.0
2025-06-09 03:35:00+00:00,71.80000305175781,71.80000305175781,71.80000305175781,71.80000305175781,2212,0.0,0.0
2025-06-09 03:40:00+00:00,71.80000305175781,72.0,71.80000305175781,71.9000015258789,18137,0.0,0.0
2025-06-09 03:45:00+00:00,71.9000015258789,71.9000015258789,71.9000015258789,71.9000015258789,5000,0.0,0.0
2025-06-09 03:50:00+00:00,71.9000015258789,71.9000015258789,71.9000015258789,71.9000015258789,15000,0.0,0.0
2025-06-09 03:55:00+00:00,71.9000015258789,72.19999694824219,71.9000015258789,72.0999984741211,51000,0.0,0.0
2025-06-09 04:00:00+00:00,72.0999984741211,72.19999694824219,72.0999984741211,72.19999694824219,17010,0.0,0.0
2025-06-09 04:05:00+00:00,72.0999984741211,72.0999984741211,72.0999984741211,72.0999984741211,20000,0.0,0.0
2025-06-09 04:10:00+00:00,72.0999984741211,72.0999984741211,72.0999984741211,72.0999984741211,20500,0.0,0.0
2025-06-09 04:15:00+00:00,72.0999984741211,72.0999984741211,72.0999984741211,72.0999984741211,2000,0.0,0.0
2025-06-09 04:20:00+00:00,72.0999984741211,72.0999984741211,71.9000015258789,71.9000015258789,42008,0.0,0.0
2025-06-09 04:25:00+00:00,71.9000015258789,71.9000015258789,71.9000015258789,71.9000015258789,20200,0.0,0.0
2025-06-09 04:30:00+00:00,71.9000015258789,72.0,71.9000015258789,72.0,10050,0.0,0.0
2025-06-09 04:35:00+00:00,71.9000015258789,71.9000015258789,71.9000015258789,71.9000015258789,12050,0.0,0.0
2025-06-09 04:40:00+00:00,72.0,72.30000305175781,72.0,72.19999694824219,48019,0.0,0.0
2025-06-09 04:45:00+00:00,72.30000305175781,72.5999984741211,72.30000305175781,72.5,69431,0.0,0.0
2025-06-09 04:50:00+00:00,72.5,72.5999984741211,72.5,72.5,27090,0.0,0.0
2025-06-09 04:55:00+00:00,72.5,72.5,72.4000015258789,72.4000015258789,20272,0.0,0.0
2025-06-09 05:00:00+00:00,72.4000015258789,72.5,72.30000305175781,72.5,23236,0.0,0.0
2025-06-09 05:05:00+00:00,72.5,72.5,72.4000015258789,72.5,30229,0.0,0.0
2025-06-09 05:10:00+00:00,72.5,72.5999984741211,72.5,72.5,35050,0.0,0.0
2025-06-09 05:15:00+00:00,72.5,72.5,72.4000015258789,72.5,38179,0.0,0.0
2025-06-09 05:20:00+00:00,72.5,72.5999984741211,72.5,72.5,31080,0.0,0.0
2025-06-10 01:00:00+00:00,72.5,72.5999984741211,72.30000305175781,72.30000305175781,0,0.0,0.0
2025-06-10 01:05:00+00:00,72.5,72.5,72.4000015258789,72.4000015258789,15000,0.0,0.0
2025-06-10 01:10:00+00:00,72.5,72.5,72.5,72.5,51294,0.0,0.0
2025-06-10 01:15:00+00:00,72.5,72.5,72.4000015258789,72.4000015258789,13000,0.0,0.0
2025-06-10 01:20:00+00:00,72.4000015258789,72.5,72.4000015258789,72.5,36000,0.0,0.0
2025-06-10 01:25:00+00:00,72.5,73.0999984741211,72.5,73.0,47150,0.0,0.0
2025-06-10 01:30:00+00:00,73.0,73.30000305175781,72.80000305175781,72.80000305175781,72038,0.0,0.0
2025-06-10 01:35:00+00:00,72.69999694824219,72.69999694824219,72.5,72.5,25450,0.0,0.0
2025-06-10 01:40:00+00:00,72.5,72.69999694824219,72.5,72.69999694824219,16628,0.0,0.0
2025-06-10 01:45:00+00:00,72.69999694824219,72.69999694824219,72.5,72.69999694824219,15361,0.0,0.0
2025-06-10 01:50:00+00:00,72.5999984741211,72.5999984741211,72.5,72.5999984741211,11000,0.0,0.0
2025-06-10 01:55:00+00:00,72.5999984741211,72.5999984741211,72.5999984741211,72.5999984741211,7680,0.0,0.0
2025-06-10 02:00:00+00:00,72.5999984741211,72.5999984741211,72.4000015258789,72.5,19066,0.0,0.0
2025-06-10 02:05:00+00:00,72.5,72.5,72.5,72.5,7150,0.0,0.0
2025-06-10 02:10:00+00:00,72.5,72.69999694824219,72.5,72.69999694824219,26000,0.0,0.0
2025-06-10 02:15:00+00:00,72.69999694824219,72.69999694824219,72.5,72.5,26000,0.0,0.0
2025-06-10 02:20:00+00:00,72.69999694824219,72.80000305175781,72.5,72.5999984741211,23284,0.0,0.0
2025-06-10 02:30:00+00:00,72.5999984741211,72.69999694824219,72.5999984741211,72.69999694824219,3000,0.0,0.0
2025-06-10 02:35:00+00:00,72.69999694824219,72.69999694824219,72.69999694824219,72.69999694824219,8017,0.0,0.0
2025-06-10 02:40:00+00:00,72.69999694824219,72.80000305175781,72.5999984741211,72.69999694824219,31100,0.0,0.0
2025-06-10 02:45:00+00:00,72.69999694824219,72.80000305175781,72.69999694824219,72.80000305175781,8000,0.0,0.0
2025-06-10 02:50:00+00:00,72.69999694824219,72.80000305175781,72.69999694824219,72.80000305175781,4041,0.0,0.0
2025-06-10 02:55:00+00:00,72.80000305175781,72.80000305175781,72.80000305175781,72.80000305175781,3000,0.0,0.0
2025-06-10 03:00:00+00:00,72.69999694824219,72.69999694824219,72.69999694824219,72.69999694824219,5000,0.0,0.0
2025-06-10 03:05:00+00:00,72.69999694824219,72.69999694824219,72.69999694824219,72.69999694824219,1064,0.0,0.0
2025-06-10 03:10:00+00:00,72.5999984741211,72.5999984741211,72.5999984741211,72.5999984741211,16170,0.0,0.0
2025-06-10 03:15:00+00:00,72.5999984741211,72.5999984741211,72.5,72.5999984741211,6000,0.0,0.0
2025-06-10 03:20:00+00:00,72.69999694824219,72.69999694824219,72.69999694824219,72.69999694824219,0,0.0,0.0
2025-06-10 03:25:00+00:00,72.69999694824219,72.69999694824219,72.69999694824219,72.69999694824219,540711,0.0,0.0
2025-06-10 03:30:00+00:00,72.69999694824219,72.69999694824219,72.5,72.69999694824219,57005,0.0,0.0
2025-06-10 03:35:00+00:00,72.69999694824219,72.69999694824219,72.69999694824219,72.69999694824219,5000,0.0,0.0
2025-06-10 03:40:00+00:00,72.69999694824219,72.69999694824219,72.69999694824219,72.69999694824219,1000,0.0,0.0
2025-06-10 03:45:00+00:00,72.69999694824219,72.69999694824219,72.69999694824219,72.69999694824219,18000,0.0,0.0
2025-06-10 03:50:00+00:00,72.69999694824219,72.69999694824219,72.69999694824219,72.69999694824219,4134,0.0,0.0
2025-06-10 03:55:00+00:00,72.69999694824219,72.69999694824219,72.69999694824219,72.69999694824219,4000,0.0,0.0
2025-06-10 04:00:00+00:00,72.69999694824219,72.69999694824219,72.69999694824219,72.69999694824219,3300,0.0,0.0
2025-06-10 04:05:00+00:00,72.69999694824219,72.69999694824219,72.69999694824219,72.69999694824219,7000,0.0,0.0
2025-06-10 04:10:00+00:00,72.80000305175781,72.80000305175781,72.80000305175781,72.80000305175781,6101,0.0,0.0
2025-06-10 04:15:00+00:00,72.80000305175781,72.80000305175781,72.69999694824219,72.69999694824219,3000,0.0,0.0
2025-06-10 04:20:00+00:00,72.69999694824219,72.69999694824219,72.69999694824219,72.69999694824219,3662,0.0,0.0
2025-06-10 04:30:00+00:00,72.69999694824219,72.69999694824219,72.69999694824219,72.69999694824219,8127,0.0,0.0
2025-06-10 04:35:00+00:00,72.69999694824219,72.69999694824219,72.69999694824219,72.69999694824219,5000,0.0,0.0
2025-06-10 04:40:00+00:00,72.5999984741211,72.69999694824219,72.5999984741211,72.69999694824219,10150,0.0,0.0
2025-06-10 04:50:00+00:00,72.80000305175781,72.80000305175781,72.69999694824219,72.80000305175781,22000,0.0,0.0
2025-06-10 04:55:00+00:00,72.80000305175781,73.0999984741211,72.80000305175781,73.0999984741211,43073,0.0,0.0
2025-06-10 05:00:00+00:00,73.0,73.19999694824219,73.0,73.19999694824219,16250,0.0,0.0
2025-06-10 05:05:00+00:00,73.0999984741211,73.0999984741211,73.0999984741211,73.0999984741211,5400,0.0,0.0
2025-06-10 05:10:00+00:00,73.0,73.0,72.9000015258789,73.0,13000,0.0,0.0
2025-06-10 05:15:00+00:00,73.0,73.0,72.9000015258789,72.9000015258789,13003,0.0,0.0
2025-06-10 05:20:00+00:00,72.80000305175781,72.9000015258789,72.69999694824219,72.9000015258789,44571,0.0,0.0
2025-06-11 01:00:00+00:00,73.30000305175781,73.30000305175781,73.30000305175781,73.30000305175781,0,0.0,0.0
2025-06-11 01:05:00+00:00,73.0,73.0,72.9000015258789,73.0,32000,0.0,0.0
2025-06-11 01:10:00+00:00,73.0,73.0,72.80000305175781,72.80000305175781,7005,0.0,0.0
2025-06-11 01:15:00+00:00,73.0,73.0,72.9000015258789,72.9000015258789,17570,0.0,0.0
2025-06-11 01:25:00+00:00,73.0999984741211,73.0999984741211,73.0,73.0,16793,0.0,0.0
2025-06-11 01:30:00+00:00,73.0,73.0,72.9000015258789,72.9000015258789,10039,0.0,0.0
2025-06-11 01:35:00+00:00,73.0,73.0,72.9000015258789,72.9000015258789,18000,0.0,0.0
2025-06-11 01:40:00+00:00,72.9000015258789,73.0,72.9000015258789,73.0,27100,0.0,0.0
2025-06-11 01:45:00+00:00,73.0999984741211,73.0999984741211,73.0,73.0,13100,0.0,0.0
2025-06-11 01:50:00+00:00,73.0,73.0999984741211,73.0,73.0999984741211,9000,0.0,0.0
2025-06-11 01:55:00+00:00,73.0999984741211,73.0999984741211,73.0999984741211,73.0999984741211,2722,0.0,0.0
2025-06-11 02:00:00+00:00,73.0999984741211,73.30000305175781,73.0999984741211,73.30000305175781,16300,0.0,0.0
2025-06-11 02:05:00+00:00,73.19999694824219,73.19999694824219,73.0999984741211,73.0999984741211,3200,0.0,0.0
2025-06-11 02:10:00+00:00,73.30000305175781,73.30000305175781,73.0999984741211,73.0999984741211,32000,0.0,0.0
2025-06-11 02:15:00+00:00,73.19999694824219,73.5,73.19999694824219,73.5,22766,0.0,0.0
2025-06-11 02:20:00+00:00,73.5,73.5,73.4000015258789,73.4000015258789,20000,0.0,0.0
2025-06-11 02:25:00+00:00,73.4000015258789,73.9000015258789,73.30000305175781,73.69999694824219,66272,0.0,0.0
2025-06-11 02:30:00+00:00,73.69999694824219,73.80000305175781,73.69999694824219,73.80000305175781,18014,0.0,0.0
2025-06-11 02:35:00+00:00,73.80000305175781,74.19999694824219,73.80000305175781,74.0999984741211,75738,0.0,0.0
2025-06-11 02:40:00+00:00,74.0999984741211,74.0999984741211,74.0,74.0999984741211,13058,0.0,0.0
2025-06-11 02:45:00+00:00,74.0999984741211,74.4000015258789,74.0999984741211,74.19999694824219,35108,0.0,0.0
2025-06-11 02:50:00+00:00,74.30000305175781,74.30000305175781,74.19999694824219,74.19999694824219,10150,0.0,0.0
2025-06-11 02:55:00+00:00,74.19999694824219,74.19999694824219,74.0,74.0,17000,0.0,0.0
2025-06-11 03:00:00+00:00,74.0,74.5,74.0,74.5,152845,0.0,0.0
2025-06-11 03:05:00+00:00,74.4000015258789,74.5999984741211,74.4000015258789,74.5999984741211,28230,0.0,0.0
2025-06-11 03:10:00+00:00,74.5,74.5,74.4000015258789,74.5,17008,0.0,0.0
2025-06-11 03:15:00+00:00,74.5,74.5,74.4000015258789,74.5,32000,0.0,0.0
2025-06-11 03:20:00+00:00,74.4000015258789,74.5,74.4000015258789,74.5,3110,0.0,0.0
2025-06-11 03:25:00+00:00,74.5,74.5,74.4000015258789,74.4000015258789,27189,0.0,0.0
2025-06-11 03:30:00+00:00,74.4000015258789,74.5,74.4000015258789,74.5,4125,0.0,0.0
2025-06-11 03:35:00+00:00,74.5,74.5,74.4000015258789,74.4000015258789,4200,0.0,0.0
2025-06-11 03:40:00+00:00,74.4000015258789,74.4000015258789,74.4000015258789,74.4000015258789,5000,0.0,0.0
2025-06-11 03:45:00+00:00,74.30000305175781,74.4000015258789,74.30000305175781,74.4000015258789,13000,0.0,0.0
2025-06-11 03:50:00+00:00,74.4000015258789,74.5,74.4000015258789,74.5,27058,0.0,0.0
2025-06-11 03:55:00+00:00,74.4000015258789,74.4000015258789,74.4000015258789,74.4000015258789,5152,0.0,0.0
2025-06-11 04:00:00+00:00,74.4000015258789,74.5,74.4000015258789,74.5,6000,0.0,0.0
2025-06-11 04:05:00+00:00,74.5,74.5,74.5,74.5,1000,0.0,0.0
2025-06-11 04:10:00+00:00,74.30000305175781,74.30000305175781,74.30000305175781,74.30000305175781,1100,0.0,0.0
2025-06-11 04:15:00+00:00,74.30000305175781,74.4000015258789,74.30000305175781,74.4000015258789,5000,0.0,0.0
2025-06-11 04:20:00+00:00,74.4000015258789,74.4000015258789,74.4000015258789,74.4000015258789,1020,0.0,0.0
2025-06-11 04:25:00+00:00,74.30000305175781,74.30000305175781,74.19999694824219,74.19999694824219,6031,0.0,0.0
2025-06-11 04:30:00+00:00,74.19999694824219,74.19999694824219,74.19999694824219,74.19999694824219,6349,0.0,0.0
2025-06-11 04:35:00+00:00,74.0999984741211,74.19999694824219,74.0999984741211,74.0999984741211,8100,0.0,0.0
2025-06-11 04:40:00+00:00,74.0999984741211,74.0999984741211,74.0,74.0,10110,0.0,0.0
2025-06-12 01:00:00+00:00,74.0,74.0999984741211,73.69999694824219,73.69999694824219,30000,0.0,0.0
2025-06-12 01:05:00+00:00,73.80000305175781,73.80000305175781,73.5,73.5999984741211,23000,0.0,0.0
2025-06-12 01:10:00+00:00,73.9000015258789,74.19999694824219,73.9000015258789,74.19999694824219,11000,0.0,0.0
2025-06-12 01:15:00+00:00,74.0999984741211,74.0999984741211,74.0,74.0,6000,0.0,0.0
2025-06-12 01:20:00+00:00,74.0,74.0,74.0,74.0,7250,0.0,0.0
2025-06-12 01:25:00+00:00,74.0,74.30000305175781,74.0,74.30000305175781,24000,0.0,0.0
2025-06-12 01:30:00+00:00,74.30000305175781,74.5999984741211,74.30000305175781,74.5999984741211,25300,0.0,0.0
2025-06-12 01:35:00+00:00,74.5999984741211,74.80000305175781,74.5999984741211,74.80000305175781,18000,0.0,0.0
2025-06-12 01:40:00+00:00,74.80000305175781,76.4000015258789,74.80000305175781,76.19999694824219,196246,0.0,0.0
2025-06-12 01:45:00+00:00,76.19999694824219,76.19999694824219,75.80000305175781,75.9000015258789,99400,0.0,0.0
2025-06-12 01:50:00+00:00,75.9000015258789,76.0,75.9000015258789,76.0,95818,0.0,0.0
2025-06-12 01:55:00+00:00,76.0,77.5,76.0,76.69999694824219,447987,0.0,0.0
2025-06-12 02:00:00+00:00,76.69999694824219,76.69999694824219,76.30000305175781,76.4000015258789,62828,0.0,0.0
2025-06-12 02:05:00+00:00,76.4000015258789,76.5,75.80000305175781,76.0999984741211,65511,0.0,0.0
2025-06-12 02:10:00+00:00,76.0999984741211,76.30000305175781,76.0999984741211,76.19999694824219,22001,0.0,0.0
2025-06-12 02:15:00+00:00,76.19999694824219,76.19999694824219,76.0999984741211,76.19999694824219,9032,0.0,0.0
2025-06-12 02:20:00+00:00,76.19999694824219,76.19999694824219,75.9000015258789,76.0,44152,0.0,0.0
2025-06-12 02:25:00+00:00,76.0,76.5,76.0,76.30000305175781,57933,0.0,0.0
2025-06-12 02:30:00+00:00,76.19999694824219,76.19999694824219,76.0,76.0,43600,0.0,0.0
2025-06-12 02:35:00+00:00,76.0,76.0,76.0,76.0,3000,0.0,0.0
2025-06-12 02:40:00+00:00,76.0,76.19999694824219,76.0,76.19999694824219,6000,0.0,0.0
2025-06-12 02:45:00+00:00,76.19999694824219,76.19999694824219,76.0,76.0999984741211,17300,0.0,0.0
2025-06-12 02:50:00+00:00,76.0999984741211,76.30000305175781,76.0999984741211,76.30000305175781,9160,0.0,0.0
2025-06-12 02:55:00+00:00,76.4000015258789,76.4000015258789,76.0999984741211,76.30000305175781,22011,0.0,0.0
2025-06-12 03:00:00+00:00,76.30000305175781,76.5,76.19999694824219,76.5,30174,0.0,0.0
2025-06-12 03:05:00+00:00,76.5,76.5,76.5,76.5,9252,0.0,0.0
2025-06-12 03:10:00+00:00,76.4000015258789,76.4000015258789,76.4000015258789,76.4000015258789,13020,0.0,0.0
2025-06-12 03:15:00+00:00,76.4000015258789,76.4000015258789,76.30000305175781,76.30000305175781,8000,0.0,0.0
2025-06-12 03:25:00+00:00,76.30000305175781,76.4000015258789,76.30000305175781,76.4000015258789,4156,0.0,0.0
2025-06-12 03:30:00+00:00,76.30000305175781,76.5,76.30000305175781,76.30000305175781,0,0.0,0.0
2025-06-12 03:35:00+00:00,76.4000015258789,76.5999984741211,76.4000015258789,76.5999984741211,1461259,0.0,0.0
2025-06-12 03:40:00+00:00,76.5999984741211,76.69999694824219,76.5999984741211,76.69999694824219,27403,0.0,0.0
2025-06-12 03:45:00+00:00,76.69999694824219,77.4000015258789,76.69999694824219,77.30000305175781,218786,0.0,0.0
2025-06-12 03:50:00+00:00,77.19999694824219,77.80000305175781,77.0999984741211,77.69999694824219,187184,0.0,0.0
2025-06-12 03:55:00+00:00,77.69999694824219,77.69999694824219,77.30000305175781,77.4000015258789,92179,0.0,0.0
2025-06-12 04:00:00+00:00,77.4000015258789,77.5,77.30000305175781,77.30000305175781,48054,0.0,0.0
2025-06-12 04:05:00+00:00,77.30000305175781,77.4000015258789,77.0999984741211,77.0999984741211,72358,0.0,0.0
2025-06-12 04:10:00+00:00,77.0999984741211,77.19999694824219,77.0999984741211,77.0999984741211,16260,0.0,0.0
2025-06-12 04:15:00+00:00,77.19999694824219,77.4000015258789,77.0999984741211,77.4000015258789,42699,0.0,0.0
2025-06-12 04:20:00+00:00,77.4000015258789,77.5,77.0999984741211,77.0999984741211,16202,0.0,0.0
2025-06-12 04:25:00+00:00,77.0999984741211,77.0999984741211,77.0999984741211,77.0999984741211,13051,0.0,0.0
2025-06-12 04:30:00+00:00,77.0999984741211,77.0999984741211,77.0,77.0,52552,0.0,0.0
2025-06-12 04:35:00+00:00,77.0,77.0,76.9000015258789,77.0,32108,0.0,0.0
2025-06-12 04:40:00+00:00,77.0,77.0,76.9000015258789,77.0,41030,0.0,0.0
2025-06-12 04:45:00+00:00,76.9000015258789,76.9000015258789,76.80000305175781,76.80000305175781,6350,0.0,0.0
2025-06-12 04:50:00+00:00,76.80000305175781,77.0,76.80000305175781,76.80000305175781,16800,0.0,0.0
2025-06-12 04:55:00+00:00,76.80000305175781,76.80000305175781,76.80000305175781,76.80000305175781,14022,0.0,0.0
2025-06-12 05:00:00+00:00,76.80000305175781,76.9000015258789,76.80000305175781,76.80000305175781,13412,0.0,0.0
2025-06-12 05:05:00+00:00,76.69999694824219,76.80000305175781,76.69999694824219,76.80000305175781,22125,0.0,0.0
2025-06-12 05:10:00+00:00,76.69999694824219,77.0,76.69999694824219,77.0,24090,0.0,0.0
2025-06-12 05:15:00+00:00,77.0,77.0,76.9000015258789,77.0,31024,0.0,0.0
2025-06-12 05:20:00+00:00,77.0,77.0999984741211,76.9000015258789,77.0,79409,0.0,0.0
2025-06-13 01:00:00+00:00,76.19999694824219,76.19999694824219,75.19999694824219,76.0,124000,0.0,0.0
2025-06-13 01:05:00+00:00,76.0999984741211,76.19999694824219,76.0,76.0,40319,0.0,0.0
2025-06-13 01:10:00+00:00,76.0,76.19999694824219,75.9000015258789,76.0,37325,0.0,0.0
2025-06-13 01:15:00+00:00,76.0,76.0,75.5,75.5999984741211,39010,0.0,0.0
2025-06-13 01:20:00+00:00,75.5999984741211,75.80000305175781,75.5999984741211,75.69999694824219,28775,0.0,0.0
2025-06-13 01:25:00+00:00,75.5999984741211,75.5999984741211,75.30000305175781,75.5,49131,0.0,0.0
2025-06-13 01:30:00+00:00,75.5,75.5999984741211,75.5,75.5999984741211,4001,0.0,0.0
2025-06-13 01:35:00+00:00,75.69999694824219,75.9000015258789,75.69999694824219,75.9000015258789,22080,0.0,0.0
2025-06-13 01:40:00+00:00,75.9000015258789,75.9000015258789,75.69999694824219,75.69999694824219,13060,0.0,0.0
2025-06-13 01:45:00+00:00,75.69999694824219,75.69999694824219,75.69999694824219,75.69999694824219,6000,0.0,0.0
2025-06-13 01:50:00+00:00,75.69999694824219,75.69999694824219,75.5999984741211,75.5999984741211,7050,0.0,0.0
2025-06-13 01:55:00+00:00,75.80000305175781,75.80000305175781,75.80000305175781,75.80000305175781,2200,0.0,0.0
2025-06-13 02:00:00+00:00,75.9000015258789,76.0,75.9000015258789,76.0,18222,0.0,0.0
2025-06-13 02:05:00+00:00,76.0,76.0,75.80000305175781,75.80000305175781,20000,0.0,0.0
2025-06-13 02:10:00+00:00,75.80000305175781,75.9000015258789,75.69999694824219,75.69999694824219,40361,0.0,0.0
2025-06-13 02:15:00+00:00,75.80000305175781,76.0,75.80000305175781,76.0,14000,0.0,0.0
2025-06-13 02:20:00+00:00,76.0,76.0,75.5,75.5,61329,0.0,0.0
2025-06-13 02:25:00+00:00,75.5,75.5999984741211,75.5,75.5999984741211,8090,0.0,0.0
2025-06-13 02:30:00+00:00,75.5999984741211,75.5999984741211,75.30000305175781,75.30000305175781,58724,0.0,0.0
2025-06-13 02:35:00+00:00,75.30000305175781,75.30000305175781,75.0999984741211,75.0999984741211,59688,0.0,0.0
2025-06-13 02:40:00+00:00,75.0999984741211,76.0,75.0999984741211,76.0,82170,0.0,0.0
2025-06-13 02:45:00+00:00,75.5,75.5,75.19999694824219,75.19999694824219,11000,0.0,0.0
2025-06-13 02:50:00+00:00,75.30000305175781,75.4000015258789,75.30000305175781,75.4000015258789,6000,0.0,0.0
2025-06-13 02:55:00+00:00,75.19999694824219,75.19999694824219,75.0999984741211,75.0999984741211,9055,0.0,0.0
2025-06-13 03:00:00+00:00,75.19999694824219,75.19999694824219,75.0999984741211,75.0999984741211,15177,0.0,0.0
2025-06-13 03:05:00+00:00,75.0999984741211,75.19999694824219,75.0,75.0,82878,0.0,0.0
2025-06-13 03:10:00+00:00,75.0,75.0,74.9000015258789,74.9000015258789,13000,0.0,0.0
2025-06-13 03:15:00+00:00,74.9000015258789,75.0,74.9000015258789,75.0,17073,0.0,0.0
2025-06-13 03:20:00+00:00,75.0,75.0,75.0,75.0,8000,0.0,0.0
2025-06-13 03:25:00+00:00,75.0,75.0999984741211,75.0,75.0999984741211,20014,0.0,0.0
2025-06-13 03:30:00+00:00,75.0,75.0999984741211,75.0,75.0999984741211,26014,0.0,0.0
2025-06-13 03:35:00+00:00,75.0999984741211,75.0999984741211,75.0999984741211,75.0999984741211,1000,0.0,0.0
2025-06-13 03:40:00+00:00,75.0999984741211,75.0999984741211,75.0,75.0,21050,0.0,0.0
2025-06-13 03:45:00+00:00,75.0,75.19999694824219,75.0,75.19999694824219,24000,0.0,0.0
2025-06-13 03:50:00+00:00,75.19999694824219,75.19999694824219,75.19999694824219,75.19999694824219,3000,0.0,0.0
2025-06-13 03:55:00+00:00,75.19999694824219,75.19999694824219,75.19999694824219,75.19999694824219,2083,0.0,0.0
2025-06-13 04:00:00+00:00,75.0999984741211,75.0999984741211,75.0999984741211,75.0999984741211,8234,0.0,0.0
2025-06-13 04:05:00+00:00,75.0,75.0,75.0,75.0,1000,0.0,0.0
2025-06-13 04:10:00+00:00,75.0,75.0,74.9000015258789,74.9000015258789,32378,0.0,0.0
2025-06-13 04:15:00+00:00,74.9000015258789,75.0,74.9000015258789,74.9000015258789,13000,0.0,0.0
2025-06-13 04:20:00+00:00,74.9000015258789,74.9000015258789,74.9000015258789,74.9000015258789,10000,0.0,0.0
2025-06-13 04:25:00+00:00,74.9000015258789,75.0999984741211,74.9000015258789,74.9000015258789,22200,0.0,0.0
2025-06-13 04:35:00+00:00,74.9000015258789,74.9000015258789,74.9000015258789,74.9000015258789,9000,0.0,0.0
2025-06-13 04:40:00+00:00,74.9000015258789,75.0,74.9000015258789,75.0,16000,0.0,0.0
2025-06-13 04:45:00+00:00,75.0,75.0,75.0,75.0,17071,0.0,0.0
2025-06-13 04:50:00+00:00,75.0,75.0999984741211,75.0,75.0999984741211,7024,0.0,0.0
2025-06-13 04:55:00+00:00,75.0999984741211,75.30000305175781,75.0999984741211,75.30000305175781,5200,0.0,0.0
2025-06-13 05:00:00+00:00,75.19999694824219,75.19999694824219,75.19999694824219,75.19999694824219,4178,0.0,0.0
2025-06-13 05:05:00+00:00,75.19999694824219,75.19999694824219,75.0,75.0,14076,0.0,0.0
2025-06-13 05:10:00+00:00,74.9000015258789,75.0,74.9000015258789,75.0,3156,0.0,0.0
2025-06-13 05:15:00+00:00,75.0,75.0,74.80000305175781,74.80000305175781,56274,0.0,0.0
2025-06-13 05:20:00+00:00,74.80000305175781,75.0,74.80000305175781,74.80000305175781,24675,0.0,0.0
2025-06-16 01:00:00+00:00,74.80000305175781,74.80000305175781,73.30000305175781,73.9000015258789,0,0.0,0.0
2025-06-16 01:05:00+00:00,73.9000015258789,73.9000015258789,73.5,73.5,55000,0.0,0.0
2025-06-16 01:10:00+00:00,73.5,73.9000015258789,73.4000015258789,73.69999694824219,31680,0.0,0.0
2025-06-16 01:15:00+00:00,73.69999694824219,73.80000305175781,73.5,73.5,41976,0.0,0.0
2025-06-16 01:20:00+00:00,73.5,73.5999984741211,73.0999984741211,73.19999694824219,105872,0.0,0.0
2025-06-16 01:25:00+00:00,73.0999984741211,73.0999984741211,72.9000015258789,73.0,66319,0.0,0.0
2025-06-16 01:30:00+00:00,73.0,73.19999694824219,73.0,73.0999984741211,29099,0.0,0.0
2025-06-16 01:35:00+00:00,73.19999694824219,73.30000305175781,73.0,73.0,35802,0.0,0.0
2025-06-16 01:40:00+00:00,73.0,73.0,72.9000015258789,73.0,17356,0.0,0.0
2025-06-16 01:45:00+00:00,73.0999984741211,73.19999694824219,73.0999984741211,73.0999984741211,17200,0.0,0.0
2025-06-16 01:50:00+00:00,73.0999984741211,73.5,73.0999984741211,73.30000305175781,20138,0.0,0.0
2025-06-16 01:55:00+00:00,73.30000305175781,73.30000305175781,73.30000305175781,73.30000305175781,2310,0.0,0.0
2025-06-16 02:00:00+00:00,73.19999694824219,73.19999694824219,72.9000015258789,72.9000015258789,64136,0.0,0.0
2025-06-16 02:05:00+00:00,73.0,73.0,72.9000015258789,73.0,23088,0.0,0.0
2025-06-16 02:10:00+00:00,73.0,73.0,73.0,73.0,8273,0.0,0.0
2025-06-16 02:15:00+00:00,73.0,73.0,72.9000015258789,73.0,12020,0.0,0.0
2025-06-16 02:20:00+00:00,73.0,73.0,72.69999694824219,72.80000305175781,74970,0.0,0.0
2025-06-16 02:25:00+00:00,72.80000305175781,72.80000305175781,72.69999694824219,72.69999694824219,18000,0.0,0.0
2025-06-16 02:30:00+00:00,72.80000305175781,72.80000305175781,72.69999694824219,72.80000305175781,15000,0.0,0.0
2025-06-16 02:35:00+00:00,72.80000305175781,72.80000305175781,72.80000305175781,72.80000305175781,5000,0.0,0.0
2025-06-16 02:40:00+00:00,72.80000305175781,72.80000305175781,72.80000305175781,72.80000305175781,7030,0.0,0.0
2025-06-16 02:45:00+00:00,72.80000305175781,72.9000015258789,72.80000305175781,72.80000305175781,14193,0.0,0.0
2025-06-16 02:50:00+00:00,72.69999694824219,72.69999694824219,72.5999984741211,72.69999694824219,60002,0.0,0.0
2025-06-16 02:55:00+00:00,72.69999694824219,72.69999694824219,72.69999694824219,72.69999694824219,2000,0.0,0.0
2025-06-16 03:00:00+00:00,72.80000305175781,72.9000015258789,72.80000305175781,72.9000015258789,6230,0.0,0.0
2025-06-16 03:05:00+00:00,73.0,73.0999984741211,73.0,73.0999984741211,9020,0.0,0.0
2025-06-16 03:10:00+00:00,73.0999984741211,73.0999984741211,73.0,73.0,5134,0.0,0.0
2025-06-16 03:20:00+00:00,73.0,73.19999694824219,73.0,73.19999694824219,8130,0.0,0.0
2025-06-16 03:25:00+00:00,73.0999984741211,73.0999984741211,73.0999984741211,73.0999984741211,3186,0.0,0.0
2025-06-16 03:35:00+00:00,73.19999694824219,73.4000015258789,73.19999694824219,73.30000305175781,12000,0.0,0.0
2025-06-16 03:40:00+00:00,73.30000305175781,73.5,73.30000305175781,73.5,18000,0.0,0.0
2025-06-16 03:45:00+00:00,73.5,73.5,73.5,73.5,2005,0.0,0.0
2025-06-16 03:50:00+00:00,73.5,73.5,73.30000305175781,73.30000305175781,9000,0.0,0.0
2025-06-16 03:55:00+00:00,73.30000305175781,73.30000305175781,73.30000305175781,73.30000305175781,1005,0.0,0.0
2025-06-16 04:00:00+00:00,73.30000305175781,73.30000305175781,73.30000305175781,73.30000305175781,5025,0.0,0.0
2025-06-16 04:05:00+00:00,73.30000305175781,73.69999694824219,73.30000305175781,73.69999694824219,17070,0.0,0.0
2025-06-16 04:10:00+00:00,73.69999694824219,73.69999694824219,73.69999694824219,73.69999694824219,5100,0.0,0.0
2025-06-16 04:15:00+00:00,73.5999984741211,73.69999694824219,73.5999984741211,73.69999694824219,5000,0.0,0.0
2025-06-16 04:20:00+00:00,73.80000305175781,73.80000305175781,73.80000305175781,73.80000305175781,7000,0.0,0.0
2025-06-16 04:25:00+00:00,73.80000305175781,73.80000305175781,73.5,73.5,24145,0.0,0.0
2025-06-16 04:30:00+00:00,73.5,73.5999984741211,73.5,73.5999984741211,2085,0.0,0.0
2025-06-16 04:35:00+00:00,73.5999984741211,73.5999984741211,73.5999984741211,73.5999984741211,2051,0.0,0.0
2025-06-16 04:40:00+00:00,73.5,73.5,73.5,73.5,10000,0.0,0.0
2025-06-16 04:45:00+00:00,73.5,73.5,73.4000015258789,73.4000015258789,5017,0.0,0.0
2025-06-16 04:50:00+00:00,73.4000015258789,73.5999984741211,73.4000015258789,73.5999984741211,18012,0.0,0.0
2025-06-16 04:55:00+00:00,73.69999694824219,74.19999694824219,73.5999984741211,73.80000305175781,64315,0.0,0.0
2025-06-16 05:00:00+00:00,73.80000305175781,73.9000015258789,73.80000305175781,73.9000015258789,7042,0.0,0.0
2025-06-16 05:05:00+00:00,73.9000015258789,73.9000015258789,73.69999694824219,73.69999694824219,7017,0.0,0.0
2025-06-16 05:10:00+00:00,73.80000305175781,73.9000015258789,73.80000305175781,73.9000015258789,5020,0.0,0.0
2025-06-16 05:15:00+00:00,73.9000015258789,73.9000015258789,73.80000305175781,73.80000305175781,11105,0.0,0.0
2025-06-16 05:20:00+00:00,73.80000305175781,74.30000305175781,73.80000305175781,74.0999984741211,39258,0.0,0.0
2025-06-17 01:00:00+00:00,74.0999984741211,74.5,74.0999984741211,74.30000305175781,0,0.0,0.0
2025-06-17 01:05:00+00:00,74.19999694824219,74.5999984741211,74.19999694824219,74.5,36122,0.0,0.0
2025-06-17 01:10:00+00:00,74.5999984741211,74.5999984741211,74.4000015258789,74.5999984741211,10060,0.0,0.0
2025-06-17 01:15:00+00:00,74.5,74.5,74.30000305175781,74.30000305175781,16111,0.0,0.0
2025-06-17 01:20:00+00:00,74.5,74.5999984741211,74.5,74.5,30300,0.0,0.0
2025-06-17 01:25:00+00:00,74.5,74.5,74.5,74.5,2000,0.0,0.0
2025-06-17 01:30:00+00:00,74.4000015258789,74.4000015258789,74.4000015258789,74.4000015258789,6111,0.0,0.0
2025-06-17 01:35:00+00:00,74.4000015258789,74.4000015258789,74.4000015258789,74.4000015258789,3000,0.0,0.0
2025-06-17 01:40:00+00:00,74.4000015258789,74.4000015258789,74.4000015258789,74.4000015258789,11000,0.0,0.0
2025-06-17 01:45:00+00:00,74.4000015258789,74.5,74.4000015258789,74.4000015258789,7090,0.0,0.0
2025-06-17 01:50:00+00:00,74.30000305175781,74.30000305175781,74.30000305175781,74.30000305175781,2000,0.0,0.0
2025-06-17 01:55:00+00:00,74.30000305175781,74.30000305175781,74.0999984741211,74.19999694824219,20032,0.0,0.0
2025-06-17 02:00:00+00:00,74.0999984741211,74.0999984741211,74.0,74.0,14123,0.0,0.0
2025-06-17 02:05:00+00:00,74.0999984741211,74.0999984741211,74.0,74.0,3074,0.0,0.0
2025-06-17 02:10:00+00:00,74.0,74.0,73.80000305175781,73.80000305175781,15411,0.0,0.0
2025-06-17 02:15:00+00:00,73.80000305175781,73.80000305175781,73.80000305175781,73.80000305175781,4137,0.0,0.0
2025-06-17 02:20:00+00:00,73.69999694824219,73.69999694824219,73.5999984741211,73.5999984741211,17000,0.0,0.0
2025-06-17 02:25:00+00:00,73.5999984741211,73.69999694824219,73.5999984741211,73.69999694824219,6011,0.0,0.0
2025-06-17 02:30:00+00:00,73.69999694824219,73.69999694824219,73.69999694824219,73.69999694824219,2016,0.0,0.0
2025-06-17 02:35:00+00:00,73.69999694824219,73.69999694824219,73.69999694824219,73.69999694824219,2000,0.0,0.0
2025-06-17 02:40:00+00:00,73.69999694824219,73.69999694824219,73.5999984741211,73.69999694824219,5245,0.0,0.0
2025-06-17 02:45:00+00:00,73.69999694824219,73.69999694824219,73.69999694824219,73.69999694824219,2000,0.0,0.0
2025-06-17 02:50:00+00:00,73.80000305175781,74.0,73.80000305175781,74.0,2000,0.0,0.0
2025-06-17 02:55:00+00:00,73.80000305175781,74.0,73.80000305175781,74.0,4049,0.0,0.0
2025-06-17 03:00:00+00:00,74.0,74.0,73.9000015258789,73.9000015258789,8215,0.0,0.0
2025-06-17 03:05:00+00:00,73.9000015258789,74.0,73.9000015258789,74.0,12540,0.0,0.0
2025-06-17 03:15:00+00:00,74.0,74.0999984741211,73.9000015258789,73.9000015258789,16000,0.0,0.0
2025-06-17 03:20:00+00:00,73.9000015258789,73.9000015258789,73.9000015258789,73.9000015258789,2000,0.0,0.0
2025-06-17 03:25:00+00:00,73.80000305175781,73.80000305175781,73.80000305175781,73.80000305175781,2112,0.0,0.0
2025-06-17 03:30:00+00:00,73.80000305175781,73.80000305175781,73.80000305175781,73.80000305175781,8005,0.0,0.0
2025-06-17 03:35:00+00:00,73.9000015258789,73.9000015258789,73.9000015258789,73.9000015258789,1000,0.0,0.0
2025-06-17 03:45:00+00:00,73.69999694824219,73.69999694824219,73.4000015258789,73.4000015258789,70016,0.0,0.0
2025-06-17 03:50:00+00:00,73.4000015258789,73.4000015258789,73.4000015258789,73.4000015258789,4000,0.0,0.0
2025-06-17 03:55:00+00:00,73.4000015258789,73.4000015258789,73.4000015258789,73.4000015258789,2030,0.0,0.0
2025-06-17 04:00:00+00:00,73.5,73.5,73.5,73.5,14000,0.0,0.0
2025-06-17 04:05:00+00:00,73.5,73.5,73.4000015258789,73.4000015258789,26000,0.0,0.0
2025-06-17 04:10:00+00:00,73.4000015258789,73.4000015258789,73.4000015258789,73.4000015258789,3060,0.0,0.0
2025-06-17 04:15:00+00:00,73.5,73.5,73.5,73.5,3330,0.0,0.0
2025-06-17 04:20:00+00:00,73.4000015258789,73.4000015258789,73.30000305175781,73.30000305175781,27249,0.0,0.0
2025-06-17 04:25:00+00:00,73.30000305175781,73.5,73.19999694824219,73.5,30000,0.0,0.0
2025-06-17 04:30:00+00:00,73.30000305175781,73.4000015258789,73.30000305175781,73.4000015258789,6033,0.0,0.0
2025-06-17 04:35:00+00:00,73.30000305175781,73.30000305175781,73.19999694824219,73.19999694824219,2000,0.0,0.0
2025-06-17 04:40:00+00:00,73.30000305175781,73.5,73.30000305175781,73.5,40062,0.0,0.0
2025-06-17 04:45:00+00:00,73.4000015258789,73.5999984741211,73.4000015258789,73.4000015258789,20000,0.0,0.0
2025-06-17 04:50:00+00:00,73.30000305175781,73.5,73.30000305175781,73.4000015258789,38010,0.0,0.0
2025-06-17 04:55:00+00:00,73.5,73.5,73.5,73.5,6128,0.0,0.0
2025-06-17 05:00:00+00:00,73.5,73.69999694824219,73.5,73.69999694824219,16073,0.0,0.0
2025-06-17 05:05:00+00:00,73.69999694824219,73.69999694824219,73.69999694824219,73.69999694824219,1005,0.0,0.0
2025-06-17 05:10:00+00:00,73.5999984741211,73.5999984741211,73.5999984741211,73.5999984741211,3000,0.0,0.0
2025-06-17 05:15:00+00:00,73.5999984741211,73.5999984741211,73.4000015258789,73.5,18120,0.0,0.0
2025-06-17 05:20:00+00:00,73.4000015258789,73.5999984741211,73.4000015258789,73.4000015258789,26038,0.0,0.0
2025-06-18 01:00:00+00:00,74.19999694824219,74.19999694824219,73.80000305175781,73.9000015258789,15000,0.0,0.0
2025-06-18 01:05:00+00:00,73.69999694824219,74.80000305175781,73.69999694824219,74.4000015258789,77036,0.0,0.0
2025-06-18 01:10:00+00:00,74.30000305175781,74.30000305175781,74.0,74.0,14236,0.0,0.0
2025-06-18 01:15:00+00:00,73.9000015258789,74.0,73.9000015258789,74.0,6178,0.0,0.0
2025-06-18 01:20:00+00:00,74.0,74.0,73.9000015258789,74.0,7200,0.0,0.0
2025-06-18 01:25:00+00:00,73.9000015258789,74.19999694824219,73.9000015258789,74.19999694824219,25087,0.0,0.0
2025-06-18 01:30:00+00:00,74.19999694824219,74.30000305175781,74.0999984741211,74.19999694824219,6000,0.0,0.0
2025-06-18 01:35:00+00:00,74.30000305175781,74.30000305175781,74.19999694824219,74.19999694824219,10500,0.0,0.0
2025-06-18 01:40:00+00:00,74.0999984741211,74.0999984741211,74.0,74.0,8066,0.0,0.0
2025-06-18 01:45:00+00:00,74.0,74.0,74.0,74.0,2000,0.0,0.0
2025-06-18 01:50:00+00:00,74.0999984741211,74.0999984741211,74.0999984741211,74.0999984741211,6000,0.0,0.0
2025-06-18 01:55:00+00:00,74.0,74.0,74.0,74.0,11000,0.0,0.0
2025-06-18 02:00:00+00:00,73.9000015258789,73.9000015258789,73.80000305175781,73.80000305175781,8372,0.0,0.0
2025-06-18 02:05:00+00:00,73.69999694824219,73.69999694824219,73.5999984741211,73.5999984741211,4568,0.0,0.0
2025-06-18 02:10:00+00:00,73.69999694824219,73.69999694824219,73.69999694824219,73.69999694824219,1165,0.0,0.0
2025-06-18 02:15:00+00:00,73.69999694824219,73.69999694824219,73.69999694824219,73.69999694824219,4000,0.0,0.0
2025-06-18 02:20:00+00:00,73.69999694824219,73.69999694824219,73.69999694824219,73.69999694824219,1000,0.0,0.0
2025-06-18 02:30:00+00:00,73.69999694824219,73.69999694824219,73.69999694824219,73.69999694824219,7212,0.0,0.0
2025-06-18 02:35:00+00:00,73.80000305175781,73.80000305175781,73.80000305175781,73.80000305175781,7020,0.0,0.0
2025-06-18 02:40:00+00:00,73.9000015258789,73.9000015258789,73.9000015258789,73.9000015258789,4100,0.0,0.0
2025-06-18 02:45:00+00:00,73.9000015258789,73.9000015258789,73.9000015258789,73.9000015258789,1014,0.0,0.0
2025-06-18 02:50:00+00:00,73.9000015258789,73.9000015258789,73.9000015258789,73.9000015258789,3107,0.0,0.0
2025-06-18 03:00:00+00:00,74.0,74.30000305175781,74.0,74.30000305175781,32420,0.0,0.0
2025-06-18 03:05:00+00:00,74.30000305175781,74.30000305175781,74.0,74.30000305175781,9000,0.0,0.0
2025-06-18 03:10:00+00:00,74.30000305175781,74.30000305175781,74.19999694824219,74.19999694824219,2000,0.0,0.0
2025-06-18 03:15:00+00:00,74.19999694824219,74.30000305175781,74.0,74.19999694824219,8000,0.0,0.0
2025-06-18 03:20:00+00:00,74.19999694824219,74.30000305175781,74.19999694824219,74.30000305175781,9000,0.0,0.0
2025-06-18 03:25:00+00:00,74.30000305175781,74.4000015258789,74.30000305175781,74.4000015258789,12000,0.0,0.0
2025-06-18 03:30:00+00:00,74.4000015258789,74.5,74.4000015258789,74.5,10035,0.0,0.0
2025-06-18 03:35:00+00:00,74.30000305175781,74.4000015258789,74.19999694824219,74.30000305175781,13000,0.0,0.0
2025-06-18 03:40:00+00:00,74.4000015258789,74.4000015258789,74.4000015258789,74.4000015258789,7010,0.0,0.0
2025-06-18 03:45:00+00:00,74.4000015258789,74.5,74.4000015258789,74.5,3020,0.0,0.0
2025-06-18 03:50:00+00:00,74.4000015258789,74.4000015258789,74.4000015258789,74.4000015258789,4000,0.0,0.0
2025-06-18 03:55:00+00:00,74.30000305175781,74.30000305175781,74.19999694824219,74.19999694824219,8000,0.0,0.0
2025-06-18 04:00:00+00:00,74.0,74.19999694824219,74.0,74.19999694824219,2200,0.0,0.0
2025-06-18 04:05:00+00:00,74.0,74.0,74.0,74.0,4000,0.0,0.0
2025-06-18 04:10:00+00:00,74.0999984741211,74.0999984741211,74.0999984741211,74.0999984741211,2011,0.0,0.0
2025-06-18 04:15:00+00:00,74.0999984741211,74.0999984741211,74.0999984741211,74.0999984741211,9155,0.0,0.0
2025-06-18 04:20:00+00:00,74.0999984741211,74.0999984741211,74.0,74.0999984741211,7003,0.0,0.0
2025-06-18 04:25:00+00:00,74.0999984741211,74.0999984741211,74.0999984741211,74.0999984741211,1100,0.0,0.0
2025-06-18 04:30:00+00:00,74.0999984741211,74.0999984741211,74.0999984741211,74.0999984741211,1000,0.0,0.0
2025-06-18 04:35:00+00:00,74.0999984741211,74.0999984741211,74.0,74.0,11000,0.0,0.0
2025-06-18 04:40:00+00:00,74.0,74.0,74.0,74.0,3000,0.0,0.0
2025-06-18 04:45:00+00:00,74.0,74.0,74.0,74.0,1000,0.0,0.0
2025-06-18 04:50:00+00:00,74.0,74.0,74.0,74.0,6000,0.0,0.0
2025-06-18 04:55:00+00:00,73.9000015258789,73.9000015258789,73.9000015258789,73.9000015258789,1200,0.0,0.0
2025-06-18 05:00:00+00:00,73.9000015258789,74.0,73.9000015258789,73.9000015258789,12200,0.0,0.0
2025-06-18 05:05:00+00:00,74.0,74.0999984741211,73.9000015258789,73.9000015258789,10250,0.0,0.0
2025-06-18 05:10:00+00:00,73.80000305175781,73.9000015258789,73.80000305175781,73.80000305175781,5000,0.0,0.0
2025-06-18 05:15:00+00:00,73.80000305175781,73.9000015258789,73.69999694824219,73.80000305175781,29000,0.0,0.0
2025-06-18 05:20:00+00:00,73.69999694824219,73.9000015258789,73.69999694824219,73.9000015258789,19128,0.0,0.0
2025-06-19 01:00:00+00:00,73.5,73.5,73.19999694824219,73.4000015258789,0,0.0,0.0
2025-06-19 01:05:00+00:00,73.4000015258789,73.4000015258789,73.19999694824219,73.30000305175781,51000,0.0,0.0
2025-06-19 01:10:00+00:00,72.9000015258789,73.0,72.80000305175781,72.9000015258789,104979,0.0,0.0
2025-06-19 01:15:00+00:00,72.80000305175781,72.80000305175781,72.5999984741211,72.5999984741211,60391,0.0,0.0
2025-06-19 01:20:00+00:00,72.5999984741211,72.80000305175781,72.4000015258789,72.5999984741211,48494,0.0,0.0
2025-06-19 01:25:00+00:00,72.80000305175781,72.80000305175781,72.5,72.5,45700,0.0,0.0
2025-06-19 01:30:00+00:00,72.5,72.5,72.5,72.5,3184,0.0,0.0
2025-06-19 01:35:00+00:00,72.5999984741211,72.5999984741211,72.30000305175781,72.30000305175781,47390,0.0,0.0
2025-06-19 01:40:00+00:00,72.30000305175781,72.4000015258789,72.30000305175781,72.4000015258789,12642,0.0,0.0
2025-06-19 01:45:00+00:00,72.5,72.5999984741211,72.4000015258789,72.5999984741211,7370,0.0,0.0
2025-06-19 01:50:00+00:00,72.5,72.5,72.5,72.5,6385,0.0,0.0
2025-06-19 01:55:00+00:00,72.5,72.5,72.5,72.5,27000,0.0,0.0
2025-06-19 02:00:00+00:00,72.4000015258789,72.4000015258789,72.30000305175781,72.30000305175781,42131,0.0,0.0
2025-06-19 02:05:00+00:00,72.19999694824219,72.30000305175781,72.19999694824219,72.19999694824219,35100,0.0,0.0
2025-06-19 02:10:00+00:00,72.19999694824219,72.19999694824219,71.9000015258789,71.9000015258789,91007,0.0,0.0
2025-06-19 02:15:00+00:00,71.9000015258789,71.9000015258789,71.5,71.69999694824219,112958,0.0,0.0
2025-06-19 02:20:00+00:00,71.5999984741211,71.5999984741211,71.5999984741211,71.5999984741211,14506,0.0,0.0
2025-06-19 02:25:00+00:00,71.5999984741211,71.69999694824219,71.5,71.5999984741211,65188,0.0,0.0
2025-06-19 02:30:00+00:00,71.69999694824219,71.69999694824219,71.5,71.69999694824219,38407,0.0,0.0
2025-06-19 02:35:00+00:00,71.69999694824219,71.69999694824219,71.5999984741211,71.69999694824219,18000,0.0,0.0
2025-06-19 02:40:00+00:00,71.69999694824219,71.69999694824219,71.5999984741211,71.69999694824219,12121,0.0,0.0
2025-06-19 02:45:00+00:00,71.69999694824219,71.69999694824219,71.5999984741211,71.5999984741211,28000,0.0,0.0
2025-06-19 02:50:00+00:00,71.69999694824219,71.69999694824219,71.5999984741211,71.69999694824219,25406,0.0,0.0
2025-06-19 02:55:00+00:00,71.69999694824219,71.80000305175781,71.69999694824219,71.80000305175781,28050,0.0,0.0
2025-06-19 03:00:00+00:00,72.0,72.30000305175781,71.80000305175781,72.30000305175781,37010,0.0,0.0
2025-06-19 03:05:00+00:00,72.0999984741211,72.0999984741211,72.0,72.0,7150,0.0,0.0
2025-06-19 03:10:00+00:00,71.80000305175781,71.80000305175781,71.80000305175781,71.80000305175781,4000,0.0,0.0
2025-06-19 03:15:00+00:00,71.9000015258789,71.9000015258789,71.9000015258789,71.9000015258789,4005,0.0,0.0
2025-06-19 03:20:00+00:00,71.9000015258789,72.0999984741211,71.9000015258789,72.0,6215,0.0,0.0
2025-06-19 03:25:00+00:00,72.0,72.0999984741211,72.0,72.0999984741211,3000,0.0,0.0
2025-06-19 03:30:00+00:00,72.0999984741211,72.0999984741211,72.0999984741211,72.0999984741211,0,0.0,0.0
2025-06-19 03:35:00+00:00,72.19999694824219,72.19999694824219,72.0999984741211,72.0999984741211,1060239,0.0,0.0
2025-06-19 03:40:00+00:00,72.0999984741211,72.0999984741211,72.0999984741211,72.0999984741211,6000,0.0,0.0
2025-06-19 03:45:00+00:00,72.0,72.19999694824219,72.0,72.19999694824219,7040,0.0,0.0
2025-06-19 03:50:00+00:00,72.0999984741211,72.0999984741211,72.0999984741211,72.0999984741211,4001,0.0,0.0
2025-06-19 03:55:00+00:00,72.0999984741211,72.0999984741211,72.0,72.0,4353,0.0,0.0
2025-06-19 04:00:00+00:00,72.0,72.0999984741211,72.0,72.0,26000,0.0,0.0
2025-06-19 04:05:00+00:00,72.0,72.0,72.0,72.0,2050,0.0,0.0
2025-06-19 04:10:00+00:00,72.0,72.0,71.9000015258789,71.9000015258789,16050,0.0,0.0
2025-06-19 04:15:00+00:00,71.9000015258789,71.9000015258789,71.9000015258789,71.9000015258789,3441,0.0,0.0
2025-06-19 04:20:00+00:00,71.9000015258789,71.9000015258789,71.9000015258789,71.9000015258789,3799,0.0,0.0
2025-06-19 04:25:00+00:00,71.9000015258789,71.9000015258789,71.9000015258789,71.9000015258789,1000,0.0,0.0
2025-06-19 04:30:00+00:00,71.9000015258789,71.9000015258789,71.9000015258789,71.9000015258789,7000,0.0,0.0
2025-06-19 04:35:00+00:00,72.0,72.0,71.9000015258789,71.9000015258789,10220,0.0,0.0
2025-06-19 04:40:00+00:00,71.9000015258789,72.0,71.9000015258789,71.9000015258789,8000,0.0,0.0
2025-06-19 04:45:00+00:00,72.0,72.4000015258789,71.9000015258789,72.4000015258789,31000,0.0,0.0
2025-06-19 04:50:00+00:00,72.30000305175781,72.30000305175781,72.19999694824219,72.19999694824219,3100,0.0,0.0
2025-06-19 04:55:00+00:00,72.0999984741211,72.0999984741211,72.0,72.0,19000,0.0,0.0
2025-06-19 05:00:00+00:00,72.0,72.0999984741211,71.9000015258789,72.0,21100,0.0,0.0
2025-06-19 05:05:00+00:00,72.0,72.0,71.9000015258789,71.9000015258789,12279,0.0,0.0
2025-06-19 05:10:00+00:00,71.9000015258789,72.0,71.9000015258789,72.0,6000,0.0,0.0
2025-06-19 05:15:00+00:00,72.0,72.0999984741211,71.9000015258789,71.9000015258789,23000,0.0,0.0
2025-06-19 05:20:00+00:00,71.9000015258789,72.0,71.80000305175781,71.80000305175781,31250,0.0,0.0
2025-06-20 01:00:00+00:00,71.5,72.0,71.5,72.0,0,0.0,0.0
2025-06-20 01:05:00+00:00,72.0,72.0,71.80000305175781,71.80000305175781,13182,0.0,0.0
2025-06-20 01:10:00+00:00,71.80000305175781,71.9000015258789,71.5,71.5,32175,0.0,0.0
2025-06-20 01:15:00+00:00,71.5,71.5999984741211,71.5,71.5,14615,0.0,0.0
2025-06-20 01:20:00+00:00,71.5,71.5,71.30000305175781,71.30000305175781,13485,0.0,0.0
2025-06-20 01:25:00+00:00,71.30000305175781,71.30000305175781,71.0999984741211,71.19999694824219,27131,0.0,0.0
2025-06-20 01:30:00+00:00,71.0999984741211,71.0999984741211,70.69999694824219,70.69999694824219,51609,0.0,0.0
2025-06-20 01:35:00+00:00,70.69999694824219,70.80000305175781,70.5999984741211,70.69999694824219,46701,0.0,0.0
2025-06-20 01:40:00+00:00,70.69999694824219,70.69999694824219,70.5999984741211,70.5999984741211,38157,0.0,0.0
2025-06-20 01:45:00+00:00,70.5999984741211,70.5999984741211,70.5,70.5,67654,0.0,0.0
2025-06-20 01:50:00+00:00,70.4000015258789,70.5,70.4000015258789,70.5,30537,0.0,0.0
2025-06-20 01:55:00+00:00,70.5,70.5,70.5,70.5,7866,0.0,0.0
2025-06-20 02:00:00+00:00,70.4000015258789,70.4000015258789,70.30000305175781,70.4000015258789,26100,0.0,0.0
2025-06-20 02:05:00+00:00,70.4000015258789,70.69999694824219,70.4000015258789,70.69999694824219,22789,0.0,0.0
2025-06-20 02:10:00+00:00,70.5999984741211,70.5999984741211,70.5999984741211,70.5999984741211,6070,0.0,0.0
2025-06-20 02:15:00+00:00,70.5999984741211,70.69999694824219,70.5999984741211,70.69999694824219,18000,0.0,0.0
2025-06-20 02:20:00+00:00,70.69999694824219,70.9000015258789,70.69999694824219,70.9000015258789,7057,0.0,0.0
2025-06-20 02:25:00+00:00,70.80000305175781,70.80000305175781,70.80000305175781,70.80000305175781,14069,0.0,0.0
2025-06-20 02:30:00+00:00,70.80000305175781,70.9000015258789,70.80000305175781,70.9000015258789,7014,0.0,0.0
2025-06-20 02:35:00+00:00,71.0,71.0999984741211,71.0,71.0999984741211,22291,0.0,0.0
2025-06-20 02:40:00+00:00,71.0999984741211,71.0999984741211,70.80000305175781,70.80000305175781,5000,0.0,0.0
2025-06-20 02:45:00+00:00,71.0,71.19999694824219,71.0,71.19999694824219,9000,0.0,0.0
2025-06-20 02:50:00+00:00,71.0,71.0,70.80000305175781,71.0,22000,0.0,0.0
2025-06-20 02:55:00+00:00,71.0,71.30000305175781,70.80000305175781,71.30000305175781,25000,0.0,0.0
2025-06-20 03:00:00+00:00,71.30000305175781,71.30000305175781,71.30000305175781,71.30000305175781,1000,0.0,0.0
2025-06-20 03:05:00+00:00,71.0,71.0,71.0,71.0,4000,0.0,0.0
2025-06-20 03:10:00+00:00,70.9000015258789,71.0,70.9000015258789,71.0,5000,0.0,0.0
2025-06-20 03:20:00+00:00,71.0,71.0999984741211,71.0,71.0,11050,0.0,0.0
2025-06-20 03:25:00+00:00,71.0999984741211,71.0999984741211,71.0999984741211,71.0999984741211,0,0.0,0.0
2025-06-20 03:30:00+00:00,71.0999984741211,71.0999984741211,71.0999984741211,71.0999984741211,589552,0.0,0.0
2025-06-20 03:35:00+00:00,71.19999694824219,71.4000015258789,71.19999694824219,71.4000015258789,11070,0.0,0.0
2025-06-20 03:40:00+00:00,71.4000015258789,71.4000015258789,71.0,71.30000305175781,34300,0.0,0.0
2025-06-20 03:45:00+00:00,71.0999984741211,71.19999694824219,71.0,71.19999694824219,11000,0.0,0.0
2025-06-20 03:50:00+00:00,71.30000305175781,71.30000305175781,71.30000305175781,71.30000305175781,2030,0.0,0.0
2025-06-20 03:55:00+00:00,71.4000015258789,71.5,71.4000015258789,71.5,10173,0.0,0.0
2025-06-20 04:00:00+00:00,71.4000015258789,71.4000015258789,71.4000015258789,71.4000015258789,2000,0.0,0.0
2025-06-20 04:10:00+00:00,71.30000305175781,71.30000305175781,71.30000305175781,71.30000305175781,1100,0.0,0.0
2025-06-20 04:15:00+00:00,71.30000305175781,71.30000305175781,71.30000305175781,71.30000305175781,8000,0.0,0.0
2025-06-20 04:20:00+00:00,71.19999694824219,71.30000305175781,71.0999984741211,71.0999984741211,9092,0.0,0.0
2025-06-20 04:25:00+00:00,71.19999694824219,71.19999694824219,71.19999694824219,71.19999694824219,2010,0.0,0.0
2025-06-20 04:30:00+00:00,71.19999694824219,71.19999694824219,71.0999984741211,71.19999694824219,6300,0.0,0.0
2025-06-20 04:35:00+00:00,71.19999694824219,71.19999694824219,71.19999694824219,71.19999694824219,2000,0.0,0.0
2025-06-20 04:40:00+00:00,71.0999984741211,71.19999694824219,70.9000015258789,71.0999984741211,45368,0.0,0.0
2025-06-20 04:45:00+00:00,71.0,71.0,71.0,71.0,1000,0.0,0.0
2025-06-20 04:50:00+00:00,71.0999984741211,71.0999984741211,71.0,71.0,7050,0.0,0.0
2025-06-20 04:55:00+00:00,71.0,71.0,71.0,71.0,12210,0.0,0.0
2025-06-20 05:00:00+00:00,71.0999984741211,71.30000305175781,71.0999984741211,71.30000305175781,15162,0.0,0.0
2025-06-20 05:05:00+00:00,71.30000305175781,71.30000305175781,71.19999694824219,71.30000305175781,8000,0.0,0.0
2025-06-20 05:10:00+00:00,71.19999694824219,71.30000305175781,71.19999694824219,71.19999694824219,19000,0.0,0.0
2025-06-20 05:15:00+00:00,71.19999694824219,71.4000015258789,71.0999984741211,71.4000015258789,31096,0.0,0.0
2025-06-20 05:20:00+00:00,71.30000305175781,71.5,71.30000305175781,71.5,47824,0.0,0.0
2025-06-23 01:00:00+00:00,69.9000015258789,70.0,69.0999984741211,70.0,0,0.0,0.0
2025-06-23 01:05:00+00:00,70.0,70.69999694824219,69.9000015258789,70.69999694824219,46202,0.0,0.0
2025-06-23 01:10:00+00:00,70.69999694824219,70.9000015258789,70.69999694824219,70.9000015258789,7907,0.0,0.0
2025-06-23 01:15:00+00:00,70.9000015258789,70.9000015258789,70.5,70.5999984741211,36043,0.0,0.0
2025-06-23 01:20:00+00:00,70.5,70.9000015258789,70.5,70.80000305175781,37000,0.0,0.0
2025-06-23 01:25:00+00:00,70.9000015258789,71.0999984741211,70.80000305175781,70.80000305175781,42100,0.0,0.0
2025-06-23 01:30:00+00:00,70.80000305175781,70.80000305175781,70.69999694824219,70.80000305175781,7073,0.0,0.0
2025-06-23 01:35:00+00:00,70.69999694824219,70.80000305175781,70.69999694824219,70.69999694824219,5100,0.0,0.0
2025-06-23 01:40:00+00:00,70.80000305175781,70.80000305175781,70.69999694824219,70.69999694824219,5100,0.0,0.0
2025-06-23 01:45:00+00:00,70.69999694824219,70.9000015258789,70.69999694824219,70.69999694824219,9000,0.0,0.0
2025-06-23 01:50:00+00:00,70.9000015258789,71.19999694824219,70.9000015258789,71.19999694824219,43185,0.0,0.0
2025-06-23 01:55:00+00:00,71.19999694824219,71.19999694824219,71.0999984741211,71.0999984741211,3000,0.0,0.0
2025-06-23 02:00:00+00:00,71.0999984741211,71.0999984741211,70.9000015258789,70.9000015258789,27030,0.0,0.0
2025-06-23 02:05:00+00:00,70.80000305175781,71.30000305175781,70.69999694824219,71.0999984741211,42025,0.0,0.0
2025-06-23 02:10:00+00:00,71.30000305175781,71.30000305175781,71.0999984741211,71.0999984741211,7130,0.0,0.0
2025-06-23 02:15:00+00:00,71.0999984741211,71.0999984741211,71.0999984741211,71.0999984741211,6000,0.0,0.0
2025-06-23 02:20:00+00:00,71.0999984741211,71.0999984741211,71.0999984741211,71.0999984741211,2020,0.0,0.0
2025-06-23 02:25:00+00:00,71.0999984741211,71.5,71.0999984741211,71.5,8068,0.0,0.0
2025-06-23 02:30:00+00:00,71.5,71.5,71.4000015258789,71.4000015258789,5112,0.0,0.0
2025-06-23 02:35:00+00:00,71.4000015258789,71.4000015258789,71.30000305175781,71.30000305175781,5000,0.0,0.0
2025-06-23 02:40:00+00:00,71.4000015258789,71.4000015258789,71.4000015258789,71.4000015258789,3012,0.0,0.0
2025-06-23 02:45:00+00:00,71.4000015258789,71.5,71.4000015258789,71.4000015258789,5073,0.0,0.0
2025-06-23 02:50:00+00:00,71.4000015258789,71.4000015258789,71.30000305175781,71.4000015258789,6143,0.0,0.0
2025-06-23 02:55:00+00:00,71.5,71.5999984741211,71.5,71.5999984741211,20046,0.0,0.0
2025-06-23 03:00:00+00:00,71.5999984741211,71.80000305175781,71.5999984741211,71.69999694824219,12481,0.0,0.0
2025-06-23 03:05:00+00:00,71.69999694824219,71.69999694824219,71.5999984741211,71.69999694824219,6008,0.0,0.0
2025-06-23 03:10:00+00:00,71.69999694824219,71.69999694824219,71.5999984741211,71.5999984741211,4030,0.0,0.0
2025-06-23 03:15:00+00:00,71.69999694824219,71.69999694824219,71.5,71.5,4001,0.0,0.0
2025-06-23 03:20:00+00:00,71.5999984741211,71.5999984741211,71.4000015258789,71.5,9284,0.0,0.0
2025-06-23 03:25:00+00:00,71.4000015258789,71.4000015258789,71.4000015258789,71.4000015258789,1080,0.0,0.0
2025-06-23 03:30:00+00:00,71.5,71.5,71.4000015258789,71.5,8100,0.0,0.0
2025-06-23 03:35:00+00:00,71.4000015258789,71.5999984741211,71.4000015258789,71.5999984741211,4000,0.0,0.0
2025-06-23 03:40:00+00:00,71.5999984741211,71.5999984741211,71.5,71.5,5020,0.0,0.0
2025-06-23 03:45:00+00:00,71.5,71.5999984741211,71.5,71.5999984741211,3000,0.0,0.0
2025-06-23 03:50:00+00:00,71.5,71.5,71.4000015258789,71.5,23110,0.0,0.0
2025-06-23 03:55:00+00:00,71.4000015258789,71.4000015258789,71.4000015258789,71.4000015258789,1119,0.0,0.0
2025-06-23 04:05:00+00:00,71.4000015258789,71.4000015258789,71.0999984741211,71.0999984741211,7315,0.0,0.0
2025-06-23 04:10:00+00:00,71.19999694824219,71.30000305175781,71.19999694824219,71.30000305175781,6000,0.0,0.0
2025-06-23 04:15:00+00:00,71.30000305175781,71.30000305175781,71.30000305175781,71.30000305175781,2150,0.0,0.0
2025-06-23 04:20:00+00:00,71.30000305175781,71.30000305175781,71.30000305175781,71.30000305175781,15000,0.0,0.0
2025-06-23 04:30:00+00:00,71.19999694824219,71.19999694824219,71.19999694824219,71.19999694824219,1000,0.0,0.0
2025-06-23 04:35:00+00:00,71.19999694824219,71.30000305175781,71.19999694824219,71.30000305175781,4150,0.0,0.0
2025-06-23 04:40:00+00:00,71.19999694824219,71.30000305175781,71.19999694824219,71.19999694824219,16162,0.0,0.0
2025-06-23 04:45:00+00:00,71.19999694824219,71.19999694824219,71.0,71.0999984741211,51000,0.0,0.0
2025-06-23 04:50:00+00:00,71.0999984741211,71.0999984741211,71.0999984741211,71.0999984741211,1000,0.0,0.0
2025-06-23 04:55:00+00:00,71.0999984741211,71.0999984741211,71.0999984741211,71.0999984741211,8000,0.0,0.0
2025-06-23 05:00:00+00:00,71.19999694824219,71.19999694824219,71.0999984741211,71.0999984741211,11100,0.0,0.0
2025-06-23 05:05:00+00:00,71.0,71.0,71.0,71.0,4059,0.0,0.0
2025-06-23 05:10:00+00:00,71.0,71.19999694824219,71.0,71.19999694824219,7045,0.0,0.0
2025-06-23 05:15:00+00:00,71.30000305175781,71.30000305175781,71.19999694824219,71.19999694824219,4000,0.0,0.0
2025-06-23 05:20:00+00:00,71.0999984741211,71.30000305175781,71.0999984741211,71.19999694824219,12000,0.0,0.0
2025-06-24 01:00:00+00:00,72.0,72.30000305175781,72.0,72.30000305175781,0,0.0,0.0
2025-06-24 01:05:00+00:00,72.30000305175781,72.5999984741211,72.30000305175781,72.5,25000,0.0,0.0
2025-06-24 01:10:00+00:00,72.4000015258789,72.80000305175781,72.4000015258789,72.80000305175781,86327,0.0,0.0
2025-06-24 01:15:00+00:00,72.9000015258789,73.19999694824219,72.80000305175781,72.9000015258789,80469,0.0,0.0
2025-06-24 01:20:00+00:00,73.19999694824219,73.30000305175781,72.9000015258789,72.9000015258789,41100,0.0,0.0
2025-06-24 01:25:00+00:00,72.9000015258789,72.9000015258789,72.9000015258789,72.9000015258789,3011,0.0,0.0
2025-06-24 01:30:00+00:00,72.80000305175781,73.0,72.80000305175781,73.0,25137,0.0,0.0
2025-06-24 01:35:00+00:00,73.0,73.0,72.80000305175781,72.9000015258789,22000,0.0,0.0
2025-06-24 01:40:00+00:00,73.0999984741211,73.19999694824219,73.0,73.0,43610,0.0,0.0
2025-06-24 01:45:00+00:00,73.0,73.0999984741211,73.0,73.0999984741211,7000,0.0,0.0
2025-06-24 01:50:00+00:00,73.0999984741211,73.19999694824219,73.0,73.19999694824219,11200,0.0,0.0
2025-06-24 01:55:00+00:00,73.19999694824219,73.4000015258789,73.0999984741211,73.30000305175781,74943,0.0,0.0
2025-06-24 02:00:00+00:00,73.30000305175781,73.5,73.30000305175781,73.30000305175781,50134,0.0,0.0
2025-06-24 02:05:00+00:00,73.19999694824219,73.30000305175781,73.19999694824219,73.19999694824219,6100,0.0,0.0
2025-06-24 02:10:00+00:00,73.19999694824219,73.19999694824219,73.0999984741211,73.0999984741211,2030,0.0,0.0
2025-06-24 02:15:00+00:00,73.0999984741211,73.4000015258789,73.0999984741211,73.19999694824219,47070,0.0,0.0
2025-06-24 02:20:00+00:00,73.19999694824219,73.30000305175781,73.19999694824219,73.30000305175781,10009,0.0,0.0
2025-06-24 02:25:00+00:00,73.19999694824219,73.4000015258789,73.19999694824219,73.4000015258789,16000,0.0,0.0
2025-06-24 02:35:00+00:00,73.30000305175781,73.30000305175781,73.30000305175781,73.30000305175781,2021,0.0,0.0
2025-06-24 02:40:00+00:00,73.19999694824219,73.30000305175781,73.19999694824219,73.30000305175781,2549,0.0,0.0
2025-06-24 02:45:00+00:00,73.19999694824219,73.19999694824219,73.19999694824219,73.19999694824219,7000,0.0,0.0
2025-06-24 02:50:00+00:00,73.19999694824219,73.19999694824219,73.19999694824219,73.19999694824219,4353,0.0,0.0
2025-06-24 02:55:00+00:00,73.19999694824219,73.19999694824219,73.0999984741211,73.0999984741211,7000,0.0,0.0
2025-06-24 03:00:00+00:00,73.0999984741211,73.19999694824219,73.0999984741211,73.19999694824219,12020,0.0,0.0
2025-06-24 03:05:00+00:00,73.30000305175781,73.30000305175781,73.30000305175781,73.30000305175781,2000,0.0,0.0
2025-06-24 03:15:00+00:00,73.30000305175781,73.30000305175781,73.30000305175781,73.30000305175781,2000,0.0,0.0
2025-06-24 03:20:00+00:00,73.30000305175781,73.30000305175781,73.19999694824219,73.30000305175781,5000,0.0,0.0
2025-06-24 03:25:00+00:00,73.19999694824219,73.19999694824219,73.0999984741211,73.0999984741211,8000,0.0,0.0
2025-06-24 03:30:00+00:00,73.30000305175781,73.30000305175781,73.30000305175781,73.30000305175781,14002,0.0,0.0
2025-06-24 03:35:00+00:00,73.30000305175781,73.30000305175781,73.30000305175781,73.30000305175781,17010,0.0,0.0
2025-06-24 03:40:00+00:00,73.30000305175781,73.30000305175781,73.30000305175781,73.30000305175781,3050,0.0,0.0
2025-06-24 03:45:00+00:00,73.4000015258789,73.4000015258789,73.30000305175781,73.30000305175781,3000,0.0,0.0
2025-06-24 03:50:00+00:00,73.30000305175781,73.4000015258789,73.30000305175781,73.30000305175781,11030,0.0,0.0
2025-06-24 03:55:00+00:00,73.30000305175781,73.30000305175781,73.30000305175781,73.30000305175781,2000,0.0,0.0
2025-06-24 04:00:00+00:00,73.30000305175781,73.30000305175781,73.30000305175781,73.30000305175781,2000,0.0,0.0
2025-06-24 04:05:00+00:00,73.19999694824219,73.19999694824219,73.19999694824219,73.19999694824219,8000,0.0,0.0
2025-06-24 04:10:00+00:00,73.0999984741211,73.19999694824219,72.9000015258789,73.19999694824219,11137,0.0,0.0
2025-06-24 04:15:00+00:00,73.0,73.0,73.0,73.0,3028,0.0,0.0
2025-06-24 04:20:00+00:00,73.0,73.0,73.0,73.0,9150,0.0,0.0
2025-06-24 04:25:00+00:00,73.0,73.0,73.0,73.0,7150,0.0,0.0
2025-06-24 04:30:00+00:00,73.0,73.0999984741211,72.9000015258789,73.0999984741211,7014,0.0,0.0
2025-06-24 04:35:00+00:00,73.0999984741211,73.0999984741211,73.0999984741211,73.0999984741211,9000,0.0,0.0
2025-06-24 04:40:00+00:00,73.0999984741211,73.19999694824219,73.0999984741211,73.19999694824219,7000,0.0,0.0
2025-06-24 04:45:00+00:00,73.19999694824219,73.19999694824219,73.19999694824219,73.19999694824219,1000,0.0,0.0
2025-06-24 04:50:00+00:00,73.19999694824219,73.30000305175781,73.19999694824219,73.19999694824219,6000,0.0,0.0
2025-06-24 04:55:00+00:00,73.19999694824219,73.30000305175781,73.19999694824219,73.19999694824219,10079,0.0,0.0
2025-06-24 05:00:00+00:00,73.19999694824219,73.19999694824219,73.19999694824219,73.19999694824219,6060,0.0,0.0
2025-06-24 05:05:00+00:00,73.19999694824219,73.30000305175781,73.19999694824219,73.30000305175781,2000,0.0,0.0
2025-06-24 05:10:00+00:00,73.19999694824219,73.19999694824219,73.0999984741211,73.0999984741211,4000,0.0,0.0
2025-06-24 05:15:00+00:00,73.19999694824219,73.30000305175781,73.19999694824219,73.19999694824219,16000,0.0,0.0
2025-06-24 05:20:00+00:00,73.19999694824219,73.30000305175781,73.0,73.30000305175781,23145,0.0,0.0
2025-06-25 01:00:00+00:00,73.4000015258789,73.80000305175781,73.4000015258789,73.5999984741211,42000,0.0,0.0
2025-06-25 01:05:00+00:00,73.5999984741211,74.0999984741211,73.5,74.0999984741211,63000,0.0,0.0
2025-06-25 01:10:00+00:00,74.0,74.0,73.9000015258789,73.9000015258789,23676,0.0,0.0
2025-06-25 01:15:00+00:00,73.9000015258789,73.9000015258789,73.5,73.5,14373,0.0,0.0
2025-06-25 01:20:00+00:00,73.5,73.5999984741211,73.5,73.5999984741211,6232,0.0,0.0
2025-06-25 01:25:00+00:00,73.5999984741211,73.5999984741211,73.5999984741211,73.5999984741211,13429,0.0,0.0
2025-06-25 01:30:00+00:00,73.5,73.5999984741211,73.5,73.5,18004,0.0,0.0
2025-06-25 01:35:00+00:00,73.5,73.5,73.5,73.5,4008,0.0,0.0
2025-06-25 01:40:00+00:00,73.5999984741211,73.69999694824219,73.5999984741211,73.69999694824219,3050,0.0,0.0
2025-06-25 01:45:00+00:00,73.5,73.5,73.5,73.5,4175,0.0,0.0
2025-06-25 01:50:00+00:00,73.5,73.5,73.4000015258789,73.4000015258789,14010,0.0,0.0
2025-06-25 01:55:00+00:00,73.4000015258789,73.4000015258789,73.30000305175781,73.30000305175781,4106,0.0,0.0
2025-06-25 02:00:00+00:00,73.19999694824219,73.19999694824219,73.19999694824219,73.19999694824219,8100,0.0,0.0
2025-06-25 02:05:00+00:00,73.19999694824219,73.19999694824219,73.0,73.19999694824219,23056,0.0,0.0
2025-06-25 02:10:00+00:00,73.0999984741211,73.0999984741211,73.0999984741211,73.0999984741211,1000,0.0,0.0
2025-06-25 02:15:00+00:00,73.19999694824219,73.19999694824219,73.0999984741211,73.0999984741211,11486,0.0,0.0
2025-06-25 02:20:00+00:00,73.0,73.0,73.0,73.0,11000,0.0,0.0
2025-06-25 02:25:00+00:00,72.9000015258789,72.9000015258789,72.80000305175781,72.80000305175781,6110,0.0,0.0
2025-06-25 02:30:00+00:00,72.80000305175781,72.80000305175781,72.80000305175781,72.80000305175781,9000,0.0,0.0
2025-06-25 02:35:00+00:00,72.80000305175781,72.9000015258789,72.69999694824219,72.9000015258789,38151,0.0,0.0
2025-06-25 02:40:00+00:00,73.0999984741211,73.0999984741211,73.0999984741211,73.0999984741211,1010,0.0,0.0
2025-06-25 02:45:00+00:00,73.0999984741211,73.0999984741211,73.0999984741211,73.0999984741211,2000,0.0,0.0
2025-06-25 02:50:00+00:00,73.0,73.0,73.0,73.0,8000,0.0,0.0
2025-06-25 02:55:00+00:00,73.0,73.0,73.0,73.0,5014,0.0,0.0
2025-06-25 03:00:00+00:00,73.0,73.0,73.0,73.0,1000,0.0,0.0
2025-06-25 03:05:00+00:00,73.0,73.0,73.0,73.0,1100,0.0,0.0
2025-06-25 03:15:00+00:00,73.0,73.0,73.0,73.0,1200,0.0,0.0
2025-06-25 03:30:00+00:00,72.9000015258789,72.9000015258789,72.69999694824219,72.69999694824219,23389,0.0,0.0
2025-06-25 03:40:00+00:00,72.80000305175781,72.80000305175781,72.80000305175781,72.80000305175781,1000,0.0,0.0
2025-06-25 03:45:00+00:00,73.0,73.0,73.0,73.0,4110,0.0,0.0
2025-06-25 03:50:00+00:00,73.0,73.0,73.0,73.0,4061,0.0,0.0
2025-06-25 03:55:00+00:00,72.9000015258789,72.9000015258789,72.9000015258789,72.9000015258789,1001,0.0,0.0
2025-06-25 04:00:00+00:00,73.0,73.0,72.80000305175781,72.80000305175781,22000,0.0,0.0
2025-06-25 04:05:00+00:00,73.0999984741211,73.0999984741211,72.9000015258789,72.9000015258789,11200,0.0,0.0
2025-06-25 04:15:00+00:00,72.9000015258789,72.9000015258789,72.80000305175781,72.80000305175781,8000,0.0,0.0
2025-06-25 04:20:00+00:00,72.9000015258789,72.9000015258789,72.80000305175781,72.80000305175781,3000,0.0,0.0
2025-06-25 04:25:00+00:00,72.80000305175781,72.80000305175781,72.80000305175781,72.80000305175781,1075,0.0,0.0
2025-06-25 04:30:00+00:00,72.9000015258789,72.9000015258789,72.9000015258789,72.9000015258789,3000,0.0,0.0
2025-06-25 04:40:00+00:00,72.9000015258789,72.9000015258789,72.9000015258789,72.9000015258789,1000,0.0,0.0
2025-06-25 04:45:00+00:00,73.0,73.0,73.0,73.0,11100,0.0,0.0
2025-06-25 04:50:00+00:00,73.0,73.0,72.9000015258789,72.9000015258789,2402,0.0,0.0
2025-06-25 04:55:00+00:00,72.9000015258789,72.9000015258789,72.9000015258789,72.9000015258789,22094,0.0,0.0
2025-06-25 05:00:00+00:00,73.0,73.19999694824219,73.0,73.19999694824219,8000,0.0,0.0
2025-06-25 05:05:00+00:00,73.30000305175781,73.5,73.19999694824219,73.5,43058,0.0,0.0
2025-06-25 05:10:00+00:00,73.5,73.69999694824219,73.5,73.5,32300,0.0,0.0
2025-06-25 05:15:00+00:00,73.4000015258789,73.4000015258789,73.19999694824219,73.19999694824219,4011,0.0,0.0
2025-06-25 05:20:00+00:00,73.0999984741211,73.19999694824219,73.0,73.19999694824219,18100,0.0,0.0
2025-06-26 01:00:00+00:00,73.5,74.0,73.5,73.80000305175781,0,0.0,0.0
2025-06-26 01:05:00+00:00,73.80000305175781,74.0,73.80000305175781,73.80000305175781,42100,0.0,0.0
2025-06-26 01:10:00+00:00,73.80000305175781,73.80000305175781,73.5,73.5,25200,0.0,0.0
2025-06-26 01:15:00+00:00,73.5,73.9000015258789,73.5,73.9000015258789,7000,0.0,0.0
2025-06-26 01:20:00+00:00,73.69999694824219,73.9000015258789,73.5,73.9000015258789,49277,0.0,0.0
2025-06-26 01:25:00+00:00,73.9000015258789,74.30000305175781,73.9000015258789,74.0999984741211,55160,0.0,0.0
2025-06-26 01:30:00+00:00,74.30000305175781,74.30000305175781,74.0,74.0,33400,0.0,0.0
2025-06-26 01:35:00+00:00,74.0,74.0,73.69999694824219,73.69999694824219,17050,0.0,0.0
2025-06-26 01:40:00+00:00,73.69999694824219,73.69999694824219,73.69999694824219,73.69999694824219,1000,0.0,0.0
2025-06-26 01:45:00+00:00,73.80000305175781,73.9000015258789,73.80000305175781,73.80000305175781,7000,0.0,0.0
2025-06-26 01:50:00+00:00,73.80000305175781,73.9000015258789,73.5,73.5,18200,0.0,0.0
2025-06-26 01:55:00+00:00,73.5,73.5999984741211,73.4000015258789,73.5,17032,0.0,0.0
2025-06-26 02:00:00+00:00,73.5999984741211,73.69999694824219,73.5999984741211,73.69999694824219,3010,0.0,0.0
2025-06-26 02:05:00+00:00,73.69999694824219,73.69999694824219,73.5,73.5999984741211,20156,0.0,0.0
2025-06-26 02:10:00+00:00,73.80000305175781,74.0,73.80000305175781,74.0,12064,0.0,0.0
2025-06-26 02:15:00+00:00,74.0,74.0,73.9000015258789,73.9000015258789,8681,0.0,0.0
2025-06-26 02:20:00+00:00,73.80000305175781,73.80000305175781,73.69999694824219,73.69999694824219,10040,0.0,0.0
2025-06-26 02:25:00+00:00,73.69999694824219,73.69999694824219,73.5,73.5,11205,0.0,0.0
2025-06-26 02:30:00+00:00,73.4000015258789,73.4000015258789,73.4000015258789,73.4000015258789,2000,0.0,0.0
2025-06-26 02:35:00+00:00,73.4000015258789,73.4000015258789,73.4000015258789,73.4000015258789,9900,0.0,0.0
2025-06-26 02:40:00+00:00,73.30000305175781,73.5,73.30000305175781,73.5,2415,0.0,0.0
2025-06-26 02:45:00+00:00,73.4000015258789,73.5,73.4000015258789,73.5,4100,0.0,0.0
2025-06-26 02:50:00+00:00,73.5,73.5,73.5,73.5,1047,0.0,0.0
2025-06-26 02:55:00+00:00,73.30000305175781,73.30000305175781,73.19999694824219,73.19999694824219,12000,0.0,0.0
2025-06-26 03:05:00+00:00,73.19999694824219,73.19999694824219,73.19999694824219,73.19999694824219,3000,0.0,0.0
2025-06-26 03:10:00+00:00,73.19999694824219,73.4000015258789,73.19999694824219,73.4000015258789,14100,0.0,0.0
2025-06-26 03:15:00+00:00,73.30000305175781,73.30000305175781,73.30000305175781,73.30000305175781,1099,0.0,0.0
2025-06-26 03:20:00+00:00,73.30000305175781,73.30000305175781,73.19999694824219,73.19999694824219,4101,0.0,0.0
2025-06-26 03:30:00+00:00,73.30000305175781,73.30000305175781,73.19999694824219,73.19999694824219,11106,0.0,0.0
2025-06-26 03:40:00+00:00,73.19999694824219,73.19999694824219,73.19999694824219,73.19999694824219,1020,0.0,0.0
2025-06-26 03:45:00+00:00,73.19999694824219,73.19999694824219,73.19999694824219,73.19999694824219,5023,0.0,0.0
2025-06-26 03:55:00+00:00,73.19999694824219,73.19999694824219,73.19999694824219,73.19999694824219,9037,0.0,0.0
2025-06-26 04:00:00+00:00,73.19999694824219,73.19999694824219,73.19999694824219,73.19999694824219,3032,0.0,0.0
2025-06-26 04:05:00+00:00,73.19999694824219,73.19999694824219,73.19999694824219,73.19999694824219,5185,0.0,0.0
2025-06-26 04:10:00+00:00,73.19999694824219,73.19999694824219,73.19999694824219,73.19999694824219,1000,0.0,0.0
2025-06-26 04:15:00+00:00,73.0999984741211,73.19999694824219,73.0999984741211,73.19999694824219,7004,0.0,0.0
2025-06-26 04:25:00+00:00,73.19999694824219,73.19999694824219,73.19999694824219,73.19999694824219,5000,0.0,0.0
2025-06-26 04:30:00+00:00,73.19999694824219,73.30000305175781,73.19999694824219,73.30000305175781,12250,0.0,0.0
2025-06-26 04:35:00+00:00,73.19999694824219,73.19999694824219,73.19999694824219,73.19999694824219,1000,0.0,0.0
2025-06-26 04:40:00+00:00,73.30000305175781,73.30000305175781,73.19999694824219,73.19999694824219,3101,0.0,0.0
2025-06-26 04:45:00+00:00,73.19999694824219,73.19999694824219,73.19999694824219,73.19999694824219,4000,0.0,0.0
2025-06-26 04:50:00+00:00,73.19999694824219,73.19999694824219,73.0,73.19999694824219,22115,0.0,0.0
2025-06-26 04:55:00+00:00,73.0999984741211,73.19999694824219,73.0999984741211,73.19999694824219,3400,0.0,0.0
2025-06-26 05:00:00+00:00,73.19999694824219,73.30000305175781,73.0999984741211,73.30000305175781,11000,0.0,0.0
2025-06-26 05:05:00+00:00,73.30000305175781,73.30000305175781,73.0999984741211,73.19999694824219,11100,0.0,0.0
2025-06-26 05:10:00+00:00,73.0999984741211,73.0999984741211,73.0999984741211,73.0999984741211,10008,0.0,0.0
2025-06-26 05:15:00+00:00,73.0,73.19999694824219,73.0,73.19999694824219,14876,0.0,0.0
2025-06-26 05:20:00+00:00,73.0999984741211,73.19999694824219,73.0,73.0,9637,0.0,0.0
2025-06-27 01:00:00+00:00,73.5,73.5,73.5,73.5,0,0.0,0.0
2025-06-27 01:05:00+00:00,73.30000305175781,73.30000305175781,73.19999694824219,73.19999694824219,7004,0.0,0.0
2025-06-27 01:10:00+00:00,73.19999694824219,73.19999694824219,73.19999694824219,73.19999694824219,1151,0.0,0.0
2025-06-27 01:15:00+00:00,73.0999984741211,73.0999984741211,73.0999984741211,73.0999984741211,5000,0.0,0.0
2025-06-27 01:20:00+00:00,73.0,73.0,73.0,73.0,1000,0.0,0.0
2025-06-27 01:25:00+00:00,73.0,73.0,73.0,73.0,8758,0.0,0.0
2025-06-27 01:30:00+00:00,73.0,73.0,72.5999984741211,72.5999984741211,27000,0.0,0.0
2025-06-27 01:40:00+00:00,72.80000305175781,72.80000305175781,72.80000305175781,72.80000305175781,3055,0.0,0.0
2025-06-27 01:45:00+00:00,72.80000305175781,72.9000015258789,72.80000305175781,72.9000015258789,6000,0.0,0.0
2025-06-27 01:50:00+00:00,72.9000015258789,72.9000015258789,72.9000015258789,72.9000015258789,12014,0.0,0.0
2025-06-27 01:55:00+00:00,72.9000015258789,72.9000015258789,72.9000015258789,72.9000015258789,1060,0.0,0.0
2025-06-27 02:00:00+00:00,72.9000015258789,73.0,72.9000015258789,72.9000015258789,3250,0.0,0.0
2025-06-27 02:05:00+00:00,72.9000015258789,73.0,72.80000305175781,73.0,16000,0.0,0.0
2025-06-27 02:10:00+00:00,72.9000015258789,72.9000015258789,72.9000015258789,72.9000015258789,10100,0.0,0.0
2025-06-27 02:15:00+00:00,72.9000015258789,72.9000015258789,72.9000015258789,72.9000015258789,5000,0.0,0.0
2025-06-27 02:20:00+00:00,73.0,73.0,72.9000015258789,72.9000015258789,9058,0.0,0.0
2025-06-27 02:25:00+00:00,72.9000015258789,72.9000015258789,72.80000305175781,72.80000305175781,21035,0.0,0.0
2025-06-27 02:30:00+00:00,72.80000305175781,72.80000305175781,72.80000305175781,72.80000305175781,3001,0.0,0.0
2025-06-27 02:35:00+00:00,72.80000305175781,72.80000305175781,72.69999694824219,72.69999694824219,12215,0.0,0.0
2025-06-27 02:40:00+00:00,72.80000305175781,72.80000305175781,72.80000305175781,72.80000305175781,1000,0.0,0.0
2025-06-27 02:45:00+00:00,72.80000305175781,72.80000305175781,72.80000305175781,72.80000305175781,2000,0.0,0.0
2025-06-27 02:50:00+00:00,72.80000305175781,72.80000305175781,72.69999694824219,72.80000305175781,7889,0.0,0.0
2025-06-27 03:00:00+00:00,72.80000305175781,72.80000305175781,72.80000305175781,72.80000305175781,3901,0.0,0.0
2025-06-27 03:05:00+00:00,72.80000305175781,72.80000305175781,72.80000305175781,72.80000305175781,3000,0.0,0.0
2025-06-27 03:10:00+00:00,72.69999694824219,72.69999694824219,72.69999694824219,72.69999694824219,5000,0.0,0.0
2025-06-27 03:15:00+00:00,72.69999694824219,72.9000015258789,72.69999694824219,72.9000015258789,9000,0.0,0.0
2025-06-27 03:25:00+00:00,72.80000305175781,72.9000015258789,72.80000305175781,72.9000015258789,9000,0.0,0.0
2025-06-27 03:30:00+00:00,72.80000305175781,72.80000305175781,72.69999694824219,72.69999694824219,7100,0.0,0.0
2025-06-27 03:35:00+00:00,72.69999694824219,72.69999694824219,72.69999694824219,72.69999694824219,2000,0.0,0.0
2025-06-27 03:45:00+00:00,72.80000305175781,72.80000305175781,72.80000305175781,72.80000305175781,12000,0.0,0.0
2025-06-27 03:50:00+00:00,72.69999694824219,72.80000305175781,72.69999694824219,72.80000305175781,5200,0.0,0.0
2025-06-27 04:00:00+00:00,72.69999694824219,72.80000305175781,72.69999694824219,72.80000305175781,5235,0.0,0.0
2025-06-27 04:05:00+00:00,72.80000305175781,72.80000305175781,72.69999694824219,72.80000305175781,5025,0.0,0.0
2025-06-27 04:10:00+00:00,72.69999694824219,72.80000305175781,72.69999694824219,72.69999694824219,10040,0.0,0.0
2025-06-27 04:15:00+00:00,72.69999694824219,72.69999694824219,72.69999694824219,72.69999694824219,4000,0.0,0.0
2025-06-27 04:20:00+00:00,72.69999694824219,72.80000305175781,72.69999694824219,72.80000305175781,22000,0.0,0.0
2025-06-27 04:25:00+00:00,72.80000305175781,72.80000305175781,72.80000305175781,72.80000305175781,5000,0.0,0.0
2025-06-27 04:30:00+00:00,72.9000015258789,73.0,72.9000015258789,73.0,13000,0.0,0.0
2025-06-27 04:35:00+00:00,72.9000015258789,73.0,72.9000015258789,72.9000015258789,4019,0.0,0.0
2025-06-27 04:50:00+00:00,72.9000015258789,72.9000015258789,72.9000015258789,72.9000015258789,2000,0.0,0.0
2025-06-27 04:55:00+00:00,72.9000015258789,72.9000015258789,72.80000305175781,72.80000305175781,12000,0.0,0.0
2025-06-27 05:00:00+00:00,72.69999694824219,72.80000305175781,72.69999694824219,72.80000305175781,21090,0.0,0.0
2025-06-27 05:05:00+00:00,72.80000305175781,72.80000305175781,72.80000305175781,72.80000305175781,3070,0.0,0.0
2025-06-27 05:10:00+00:00,72.80000305175781,72.80000305175781,72.80000305175781,72.80000305175781,4000,0.0,0.0
2025-06-27 05:15:00+00:00,72.80000305175781,72.80000305175781,72.69999694824219,72.80000305175781,10000,0.0,0.0
2025-06-27 05:20:00+00:00,72.69999694824219,72.69999694824219,72.5,72.5,65019,0.0,0.0
2025-06-30 01:00:00+00:00,72.80000305175781,72.9000015258789,72.19999694824219,72.19999694824219,0,0.0,0.0
2025-06-30 01:05:00+00:00,72.0999984741211,72.0999984741211,71.9000015258789,71.9000015258789,52000,0.0,0.0
2025-06-30 01:10:00+00:00,71.9000015258789,71.9000015258789,71.80000305175781,71.9000015258789,21265,0.0,0.0
2025-06-30 01:15:00+00:00,72.0,72.0,71.80000305175781,71.9000015258789,14100,0.0,0.0
2025-06-30 01:20:00+00:00,71.80000305175781,71.80000305175781,71.69999694824219,71.69999694824219,37013,0.0,0.0
2025-06-30 01:25:00+00:00,71.9000015258789,71.9000015258789,71.9000015258789,71.9000015258789,8000,0.0,0.0
2025-06-30 01:30:00+00:00,71.80000305175781,71.80000305175781,71.69999694824219,71.80000305175781,21164,0.0,0.0
2025-06-30 01:35:00+00:00,71.80000305175781,72.0,71.80000305175781,72.0,9007,0.0,0.0
2025-06-30 01:40:00+00:00,72.19999694824219,72.19999694824219,72.19999694824219,72.19999694824219,1003,0.0,0.0
2025-06-30 01:45:00+00:00,72.19999694824219,72.19999694824219,72.19999694824219,72.19999694824219,2001,0.0,0.0
2025-06-30 01:50:00+00:00,72.19999694824219,72.19999694824219,72.19999694824219,72.19999694824219,5004,0.0,0.0
2025-06-30 02:00:00+00:00,72.0999984741211,72.0999984741211,72.0999984741211,72.0999984741211,7000,0.0,0.0
2025-06-30 02:05:00+00:00,72.0,72.0,72.0,72.0,14131,0.0,0.0
2025-06-30 02:10:00+00:00,72.0,72.0,71.9000015258789,71.9000015258789,2000,0.0,0.0
2025-06-30 02:15:00+00:00,72.0,72.0999984741211,72.0,72.0999984741211,3117,0.0,0.0
2025-06-30 02:20:00+00:00,72.0,72.0,71.9000015258789,71.9000015258789,5000,0.0,0.0
2025-06-30 02:30:00+00:00,71.9000015258789,71.9000015258789,71.9000015258789,71.9000015258789,8000,0.0,0.0
2025-06-30 02:35:00+00:00,71.80000305175781,71.9000015258789,71.80000305175781,71.9000015258789,11001,0.0,0.0
2025-06-30 02:40:00+00:00,71.9000015258789,71.9000015258789,71.80000305175781,71.80000305175781,2000,0.0,0.0
2025-06-30 02:45:00+00:00,71.80000305175781,71.9000015258789,71.80000305175781,71.80000305175781,10332,0.0,0.0
2025-06-30 02:50:00+00:00,71.80000305175781,72.0,71.69999694824219,72.0,9013,0.0,0.0
2025-06-30 02:55:00+00:00,71.69999694824219,71.69999694824219,71.5999984741211,71.5999984741211,31895,0.0,0.0
2025-06-30 03:00:00+00:00,71.69999694824219,71.69999694824219,71.69999694824219,71.69999694824219,4010,0.0,0.0
2025-06-30 03:05:00+00:00,71.69999694824219,71.69999694824219,71.5999984741211,71.5999984741211,15000,0.0,0.0
2025-06-30 03:10:00+00:00,71.5999984741211,71.5999984741211,71.5999984741211,71.5999984741211,1321,0.0,0.0
2025-06-30 03:15:00+00:00,71.5999984741211,71.5999984741211,71.5,71.5,30277,0.0,0.0
2025-06-30 03:20:00+00:00,71.5,71.5999984741211,71.4000015258789,71.4000015258789,12879,0.0,0.0
2025-06-30 03:25:00+00:00,71.4000015258789,71.5,71.4000015258789,71.5,20000,0.0,0.0
2025-06-30 03:30:00+00:00,71.5,71.5,71.5,71.5,7000,0.0,0.0
2025-06-30 03:35:00+00:00,71.4000015258789,71.5,71.4000015258789,71.4000015258789,11104,0.0,0.0
2025-06-30 03:40:00+00:00,71.4000015258789,71.4000015258789,71.4000015258789,71.4000015258789,5000,0.0,0.0
2025-06-30 03:45:00+00:00,71.4000015258789,71.4000015258789,71.19999694824219,71.19999694824219,32244,0.0,0.0
2025-06-30 03:50:00+00:00,71.19999694824219,71.19999694824219,71.19999694824219,71.19999694824219,5005,0.0,0.0
2025-06-30 03:55:00+00:00,71.19999694824219,71.30000305175781,71.19999694824219,71.19999694824219,6000,0.0,0.0
2025-06-30 04:00:00+00:00,71.4000015258789,71.4000015258789,71.4000015258789,71.4000015258789,1000,0.0,0.0
2025-06-30 04:05:00+00:00,71.4000015258789,71.4000015258789,71.4000015258789,71.4000015258789,1000,0.0,0.0
2025-06-30 04:10:00+00:00,71.30000305175781,71.30000305175781,71.30000305175781,71.30000305175781,5000,0.0,0.0
2025-06-30 04:15:00+00:00,71.30000305175781,71.30000305175781,71.19999694824219,71.19999694824219,22168,0.0,0.0
2025-06-30 04:20:00+00:00,71.0999984741211,71.30000305175781,71.0999984741211,71.30000305175781,11150,0.0,0.0
2025-06-30 04:25:00+00:00,71.19999694824219,71.19999694824219,71.19999694824219,71.19999694824219,4215,0.0,0.0
2025-06-30 04:30:00+00:00,71.19999694824219,71.19999694824219,71.0999984741211,71.0999984741211,9030,0.0,0.0
2025-06-30 04:35:00+00:00,71.0999984741211,71.4000015258789,71.0999984741211,71.4000015258789,5012,0.0,0.0
2025-06-30 04:40:00+00:00,71.19999694824219,71.19999694824219,71.19999694824219,71.19999694824219,2000,0.0,0.0
2025-06-30 04:45:00+00:00,71.30000305175781,71.30000305175781,71.0999984741211,71.0999984741211,35777,0.0,0.0
2025-06-30 04:50:00+00:00,71.0999984741211,71.0999984741211,71.0999984741211,71.0999984741211,5000,0.0,0.0
2025-06-30 04:55:00+00:00,71.19999694824219,71.30000305175781,71.19999694824219,71.19999694824219,21186,0.0,0.0
2025-06-30 05:00:00+00:00,71.19999694824219,71.19999694824219,71.0999984741211,71.19999694824219,13460,0.0,0.0
2025-06-30 05:05:00+00:00,71.0999984741211,71.19999694824219,71.0999984741211,71.19999694824219,22340,0.0,0.0
2025-06-30 05:10:00+00:00,71.19999694824219,71.19999694824219,71.19999694824219,71.19999694824219,12560,0.0,0.0
2025-06-30 05:15:00+00:00,71.30000305175781,71.30000305175781,71.0999984741211,71.0999984741211,21180,0.0,0.0
2025-06-30 05:20:00+00:00,71.19999694824219,71.30000305175781,71.0999984741211,71.0999984741211,14820,0.0,0.0
2025-07-01 01:00:00+00:00,71.19999694824219,71.5999984741211,71.19999694824219,71.5999984741211,0,0.0,0.0
2025-07-01 01:05:00+00:00,71.9000015258789,72.0,71.80000305175781,72.0,27000,0.0,0.0
2025-07-01 01:10:00+00:00,72.0,72.0,71.69999694824219,71.69999694824219,18047,0.0,0.0
2025-07-01 01:15:00+00:00,71.69999694824219,71.69999694824219,71.5999984741211,71.5999984741211,8235,0.0,0.0
2025-07-01 01:20:00+00:00,71.4000015258789,71.5,71.30000305175781,71.5,30000,0.0,0.0
2025-07-01 01:25:00+00:00,71.5,71.5,71.5,71.5,3090,0.0,0.0
2025-07-01 01:30:00+00:00,71.5999984741211,71.69999694824219,71.5999984741211,71.69999694824219,6200,0.0,0.0
2025-07-01 01:35:00+00:00,71.80000305175781,72.30000305175781,71.80000305175781,72.0999984741211,41000,0.0,0.0
2025-07-01 01:40:00+00:00,72.0999984741211,72.5,72.0,72.4000015258789,43510,0.0,0.0
2025-07-01 01:45:00+00:00,72.30000305175781,72.30000305175781,72.0999984741211,72.0999984741211,15064,0.0,0.0
2025-07-01 01:50:00+00:00,72.0999984741211,72.0999984741211,72.0,72.0,12000,0.0,0.0
2025-07-01 01:55:00+00:00,71.9000015258789,72.0999984741211,71.9000015258789,72.0999984741211,14100,0.0,0.0
2025-07-01 02:00:00+00:00,72.0999984741211,72.0999984741211,72.0999984741211,72.0999984741211,2000,0.0,0.0
2025-07-01 02:05:00+00:00,72.0999984741211,72.0999984741211,71.9000015258789,71.9000015258789,12000,0.0,0.0
2025-07-01 02:10:00+00:00,71.9000015258789,72.0,71.80000305175781,71.80000305175781,22000,0.0,0.0
2025-07-01 02:15:00+00:00,72.0,72.0,72.0,72.0,6020,0.0,0.0
2025-07-01 02:20:00+00:00,71.9000015258789,71.9000015258789,71.9000015258789,71.9000015258789,2250,0.0,0.0
2025-07-01 02:25:00+00:00,71.9000015258789,72.0999984741211,71.9000015258789,72.0999984741211,6014,0.0,0.0
2025-07-01 02:30:00+00:00,72.0,72.0999984741211,72.0,72.0999984741211,6006,0.0,0.0
2025-07-01 02:35:00+00:00,72.0,72.0,72.0,72.0,3000,0.0,0.0
2025-07-01 02:40:00+00:00,71.9000015258789,71.9000015258789,71.9000015258789,71.9000015258789,2035,0.0,0.0
2025-07-01 02:45:00+00:00,72.0,72.0999984741211,72.0,72.0999984741211,3000,0.0,0.0
2025-07-01 02:50:00+00:00,72.0,72.0999984741211,72.0,72.0,6000,0.0,0.0
2025-07-01 02:55:00+00:00,72.0,72.0,72.0,72.0,3000,0.0,0.0
2025-07-01 03:00:00+00:00,72.0,72.0,72.0,72.0,3200,0.0,0.0
2025-07-01 03:05:00+00:00,72.0,72.0999984741211,71.9000015258789,72.0999984741211,18100,0.0,0.0
2025-07-01 03:10:00+00:00,72.0,72.0,72.0,72.0,9000,0.0,0.0
2025-07-01 03:15:00+00:00,71.9000015258789,71.9000015258789,71.9000015258789,71.9000015258789,12014,0.0,0.0
2025-07-01 03:20:00+00:00,71.9000015258789,72.0,71.9000015258789,72.0,4000,0.0,0.0
2025-07-01 03:25:00+00:00,71.9000015258789,71.9000015258789,71.80000305175781,71.80000305175781,7000,0.0,0.0
2025-07-01 03:30:00+00:00,71.9000015258789,71.9000015258789,71.80000305175781,71.80000305175781,5000,0.0,0.0
2025-07-01 03:35:00+00:00,71.80000305175781,71.80000305175781,71.80000305175781,71.80000305175781,1000,0.0,0.0
2025-07-01 03:40:00+00:00,71.80000305175781,71.80000305175781,71.69999694824219,71.80000305175781,24064,0.0,0.0
2025-07-01 03:45:00+00:00,71.80000305175781,71.80000305175781,71.80000305175781,71.80000305175781,4000,0.0,0.0
2025-07-01 03:50:00+00:00,71.80000305175781,71.80000305175781,71.80000305175781,71.80000305175781,1129,0.0,0.0
2025-07-01 03:55:00+00:00,71.80000305175781,71.9000015258789,71.80000305175781,71.9000015258789,2050,0.0,0.0
2025-07-01 04:00:00+00:00,71.9000015258789,71.9000015258789,71.80000305175781,71.80000305175781,25000,0.0,0.0
2025-07-01 04:05:00+00:00,71.80000305175781,71.80000305175781,71.80000305175781,71.80000305175781,4000,0.0,0.0
2025-07-01 04:15:00+00:00,71.80000305175781,71.80000305175781,71.80000305175781,71.80000305175781,6000,0.0,0.0
2025-07-01 04:20:00+00:00,71.80000305175781,71.80000305175781,71.69999694824219,71.69999694824219,10027,0.0,0.0
2025-07-01 04:25:00+00:00,71.5999984741211,71.5999984741211,71.5999984741211,71.5999984741211,4000,0.0,0.0
2025-07-01 04:35:00+00:00,71.5999984741211,71.5999984741211,71.5999984741211,71.5999984741211,4000,0.0,0.0
2025-07-01 04:40:00+00:00,71.5999984741211,71.5999984741211,71.5999984741211,71.5999984741211,1063,0.0,0.0
2025-07-01 04:45:00+00:00,71.69999694824219,71.69999694824219,71.69999694824219,71.69999694824219,7330,0.0,0.0
2025-07-01 04:55:00+00:00,71.69999694824219,71.80000305175781,71.5999984741211,71.5999984741211,12013,0.0,0.0
2025-07-01 05:00:00+00:00,71.5999984741211,71.5999984741211,71.30000305175781,71.30000305175781,21214,0.0,0.0
2025-07-01 05:10:00+00:00,71.5999984741211,71.80000305175781,71.5999984741211,71.80000305175781,12002,0.0,0.0
2025-07-01 05:15:00+00:00,71.80000305175781,71.80000305175781,71.69999694824219,71.80000305175781,3006,0.0,0.0
2025-07-01 05:20:00+00:00,71.5999984741211,71.9000015258789,71.5999984741211,71.5999984741211,11050,0.0,0.0
2025-05-05 01:00:00+00:00,72.80000305175781,72.80000305175781,70.30000305175781,71.5999984741211,0,0.0,0.0
2025-05-05 01:05:00+00:00,71.69999694824219,71.69999694824219,70.5,70.80000305175781,412000,0.0,0.0
2025-05-05 01:10:00+00:00,70.5,71.19999694824219,70.4000015258789,71.0,119669,0.0,0.0
2025-05-05 01:15:00+00:00,70.80000305175781,71.30000305175781,70.5999984741211,70.9000015258789,106753,0.0,0.0
2025-05-05 01:20:00+00:00,70.9000015258789,71.0,69.0,69.5999984741211,408207,0.0,0.0
2025-05-05 01:25:00+00:00,69.5,69.80000305175781,69.0,69.0,268176,0.0,0.0
2025-05-05 01:30:00+00:00,69.0,69.0,68.69999694824219,68.9000015258789,153963,0.0,0.0
2025-05-05 01:35:00+00:00,68.9000015258789,69.0,68.5999984741211,68.80000305175781,123739,0.0,0.0
2025-05-05 01:40:00+00:00,68.80000305175781,68.80000305175781,68.69999694824219,68.69999694824219,57280,0.0,0.0
2025-05-05 01:45:00+00:00,68.69999694824219,68.69999694824219,68.0999984741211,68.19999694824219,134316,0.0,0.0
2025-05-05 01:50:00+00:00,68.0999984741211,68.30000305175781,67.69999694824219,68.30000305175781,99862,0.0,0.0
2025-05-05 01:55:00+00:00,68.19999694824219,68.19999694824219,67.5999984741211,67.80000305175781,78099,0.0,0.0
2025-05-05 02:00:00+00:00,67.9000015258789,68.0,67.5999984741211,67.5999984741211,66500,0.0,0.0
2025-05-05 02:05:00+00:00,67.5999984741211,67.5999984741211,67.0,67.4000015258789,181084,0.0,0.0
2025-05-05 02:10:00+00:00,67.19999694824219,67.5999984741211,67.0,67.5,69270,0.0,0.0
2025-05-05 02:15:00+00:00,67.5999984741211,67.69999694824219,67.4000015258789,67.4000015258789,38130,0.0,0.0
2025-05-05 02:20:00+00:00,67.4000015258789,67.5,67.0,67.19999694824219,59000,0.0,0.0
2025-05-05 02:25:00+00:00,67.19999694824219,67.4000015258789,67.19999694824219,67.30000305175781,14478,0.0,0.0
2025-05-05 02:30:00+00:00,67.30000305175781,67.30000305175781,66.5,66.5,379217,0.0,0.0
2025-05-05 02:35:00+00:00,66.5,66.5,66.5,66.5,277194,0.0,0.0
2025-05-05 02:40:00+00:00,66.5,66.80000305175781,66.5,66.5,197979,0.0,0.0
2025-05-05 02:45:00+00:00,66.5,66.69999694824219,66.5,66.69999694824219,95829,0.0,0.0
2025-05-05 02:50:00+00:00,66.80000305175781,66.80000305175781,66.5999984741211,66.80000305175781,26000,0.0,0.0
2025-05-05 02:55:00+00:00,66.69999694824219,66.9000015258789,66.5,66.5999984741211,122006,0.0,0.0
2025-05-05 03:00:00+00:00,66.9000015258789,67.4000015258789,66.80000305175781,67.19999694824219,91290,0.0,0.0
2025-05-05 03:05:00+00:00,67.0999984741211,67.5999984741211,67.0999984741211,67.5,65834,0.0,0.0
2025-05-05 03:10:00+00:00,67.5999984741211,67.5999984741211,67.30000305175781,67.4000015258789,54162,0.0,0.0
2025-05-05 03:15:00+00:00,67.4000015258789,67.5999984741211,67.30000305175781,67.30000305175781,30316,0.0,0.0
2025-05-05 03:20:00+00:00,67.19999694824219,68.0,67.19999694824219,67.5999984741211,50000,0.0,0.0
2025-05-05 03:25:00+00:00,67.69999694824219,67.69999694824219,67.5,67.5,27400,0.0,0.0
2025-05-05 03:30:00+00:00,67.5,67.5999984741211,67.4000015258789,67.5999984741211,31200,0.0,0.0
2025-05-05 03:35:00+00:00,67.69999694824219,67.80000305175781,67.5999984741211,67.69999694824219,25297,0.0,0.0
2025-05-05 03:40:00+00:00,67.69999694824219,67.69999694824219,67.4000015258789,67.4000015258789,28500,0.0,0.0
2025-05-05 03:45:00+00:00,67.5999984741211,67.69999694824219,67.19999694824219,67.69999694824219,125000,0.0,0.0
2025-05-05 03:50:00+00:00,67.69999694824219,67.9000015258789,67.5999984741211,67.9000015258789,50336,0.0,0.0
2025-05-05 03:55:00+00:00,67.80000305175781,67.80000305175781,67.80000305175781,67.80000305175781,22249,0.0,0.0
2025-05-05 04:00:00+00:00,67.80000305175781,67.80000305175781,67.69999694824219,67.69999694824219,6819,0.0,0.0
2025-05-05 04:05:00+00:00,67.69999694824219,67.80000305175781,67.69999694824219,67.69999694824219,13055,0.0,0.0
2025-05-05 04:10:00+00:00,67.80000305175781,67.9000015258789,67.5999984741211,67.9000015258789,46307,0.0,0.0
2025-05-05 04:15:00+00:00,67.9000015258789,68.0,67.80000305175781,67.80000305175781,25450,0.0,0.0
2025-05-05 04:20:00+00:00,67.80000305175781,67.80000305175781,67.69999694824219,67.80000305175781,12350,0.0,0.0
2025-05-05 04:25:00+00:00,67.80000305175781,67.80000305175781,67.69999694824219,67.80000305175781,36165,0.0,0.0
2025-05-05 04:30:00+00:00,67.80000305175781,67.9000015258789,67.69999694824219,67.9000015258789,32128,0.0,0.0
2025-05-05 04:35:00+00:00,67.9000015258789,68.19999694824219,67.9000015258789,68.0,53453,0.0,0.0
2025-05-05 04:40:00+00:00,68.0,68.19999694824219,68.0,68.19999694824219,22103,0.0,0.0
2025-05-05 04:45:00+00:00,68.19999694824219,68.19999694824219,68.0,68.0999984741211,20320,0.0,0.0
2025-05-05 04:50:00+00:00,68.0999984741211,68.0999984741211,68.0,68.0,32040,0.0,0.0
2025-05-05 04:55:00+00:00,67.9000015258789,68.0,67.69999694824219,67.69999694824219,40016,0.0,0.0
2025-05-05 05:00:00+00:00,67.69999694824219,67.9000015258789,67.69999694824219,67.9000015258789,17030,0.0,0.0
2025-05-05 05:05:00+00:00,67.9000015258789,67.9000015258789,67.69999694824219,67.9000015258789,37250,0.0,0.0
2025-05-05 05:10:00+00:00,67.9000015258789,67.9000015258789,67.80000305175781,67.9000015258789,20100,0.0,0.0
2025-05-05 05:15:00+00:00,67.80000305175781,67.9000015258789,67.80000305175781,67.80000305175781,28076,0.0,0.0
2025-05-05 05:20:00+00:00,67.80000305175781,67.9000015258789,67.5999984741211,67.69999694824219,66297,0.0,0.0
2025-05-06 01:00:00+00:00,67.80000305175781,68.4000015258789,67.69999694824219,67.9000015258789,0,0.0,0.0
2025-05-06 01:05:00+00:00,67.9000015258789,68.4000015258789,67.9000015258789,68.30000305175781,65000,0.0,0.0
2025-05-06 01:10:00+00:00,68.30000305175781,68.5999984741211,68.0999984741211,68.5999984741211,107689,0.0,0.0
2025-05-06 01:15:00+00:00,68.69999694824219,69.19999694824219,68.69999694824219,69.0,124374,0.0,0.0
2025-05-06 01:20:00+00:00,68.9000015258789,69.0999984741211,68.80000305175781,69.0,84457,0.0,0.0
2025-05-06 01:25:00+00:00,69.0,69.0999984741211,68.9000015258789,69.0,31000,0.0,0.0
2025-05-06 01:30:00+00:00,69.0,69.0999984741211,68.9000015258789,68.9000015258789,41200,0.0,0.0
2025-05-06 01:35:00+00:00,68.9000015258789,69.0,68.9000015258789,69.0,31049,0.0,0.0
2025-05-06 01:40:00+00:00,69.0,69.0999984741211,68.69999694824219,68.69999694824219,54831,0.0,0.0
2025-05-06 01:45:00+00:00,68.69999694824219,68.69999694824219,68.5,68.5,60497,0.0,0.0
2025-05-06 01:50:00+00:00,68.5999984741211,68.69999694824219,68.5999984741211,68.5999984741211,19648,0.0,0.0
2025-05-06 01:55:00+00:00,68.69999694824219,68.69999694824219,68.69999694824219,68.69999694824219,13104,0.0,0.0
2025-05-06 02:00:00+00:00,68.69999694824219,68.69999694824219,68.69999694824219,68.69999694824219,5500,0.0,0.0
2025-05-06 02:05:00+00:00,68.69999694824219,68.80000305175781,68.69999694824219,68.80000305175781,29050,0.0,0.0
2025-05-06 02:10:00+00:00,68.80000305175781,68.80000305175781,68.69999694824219,68.69999694824219,19101,0.0,0.0
2025-05-06 02:15:00+00:00,68.5999984741211,68.69999694824219,68.5999984741211,68.69999694824219,13138,0.0,0.0
2025-05-06 02:20:00+00:00,68.69999694824219,68.69999694824219,68.5999984741211,68.5999984741211,26200,0.0,0.0
2025-05-06 02:25:00+00:00,68.5999984741211,68.5999984741211,68.5,68.5999984741211,16150,0.0,0.0
2025-05-06 02:30:00+00:00,68.69999694824219,68.80000305175781,68.69999694824219,68.69999694824219,16221,0.0,0.0
2025-05-06 02:35:00+00:00,68.69999694824219,68.80000305175781,68.69999694824219,68.80000305175781,15000,0.0,0.0
2025-05-06 02:40:00+00:00,68.69999694824219,68.69999694824219,68.0999984741211,68.69999694824219,104000,0.0,0.0
2025-05-06 02:45:00+00:00,68.5999984741211,68.69999694824219,68.5,68.69999694824219,11000,0.0,0.0
2025-05-06 02:50:00+00:00,68.9000015258789,68.9000015258789,68.80000305175781,68.9000015258789,14219,0.0,0.0
2025-05-06 02:55:00+00:00,68.9000015258789,68.9000015258789,68.80000305175781,68.80000305175781,20065,0.0,0.0
2025-05-06 03:00:00+00:00,68.80000305175781,68.80000305175781,68.80000305175781,68.80000305175781,4406,0.0,0.0
2025-05-06 03:05:00+00:00,68.9000015258789,68.9000015258789,68.9000015258789,68.9000015258789,3000,0.0,0.0
2025-05-06 03:15:00+00:00,68.80000305175781,68.80000305175781,68.69999694824219,68.69999694824219,5337,0.0,0.0
2025-05-06 03:20:00+00:00,68.80000305175781,68.80000305175781,68.80000305175781,68.80000305175781,5517,0.0,0.0
2025-05-06 03:25:00+00:00,68.80000305175781,68.9000015258789,68.80000305175781,68.9000015258789,16000,0.0,0.0
2025-05-06 03:30:00+00:00,68.9000015258789,69.0999984741211,68.9000015258789,69.0999984741211,38000,0.0,0.0
2025-05-06 03:35:00+00:00,69.0999984741211,69.0999984741211,69.0999984741211,69.0999984741211,6500,0.0,0.0
2025-05-06 03:40:00+00:00,69.0999984741211,69.19999694824219,69.0999984741211,69.0999984741211,21000,0.0,0.0
2025-05-06 03:45:00+00:00,69.0999984741211,69.0999984741211,69.0999984741211,69.0999984741211,16000,0.0,0.0
2025-05-06 03:50:00+00:00,69.0,69.0,69.0,69.0,6001,0.0,0.0
2025-05-06 03:55:00+00:00,69.0,69.0,69.0,69.0,6000,0.0,0.0
2025-05-06 04:00:00+00:00,69.0,69.0999984741211,69.0,69.0999984741211,7000,0.0,0.0
2025-05-06 04:05:00+00:00,69.0999984741211,69.0999984741211,69.0,69.0999984741211,7000,0.0,0.0
2025-05-06 04:10:00+00:00,69.19999694824219,69.19999694824219,69.19999694824219,69.19999694824219,2000,0.0,0.0
2025-05-06 04:15:00+00:00,69.19999694824219,69.19999694824219,68.9000015258789,69.0,18311,0.0,0.0
2025-05-06 04:20:00+00:00,69.0,69.0,69.0,69.0,3100,0.0,0.0
2025-05-06 04:25:00+00:00,68.9000015258789,69.0,68.9000015258789,69.0,4000,0.0,0.0
2025-05-06 04:30:00+00:00,69.0,69.0,68.9000015258789,68.9000015258789,17200,0.0,0.0
2025-05-06 04:35:00+00:00,68.80000305175781,68.80000305175781,68.80000305175781,68.80000305175781,2000,0.0,0.0
2025-05-06 04:40:00+00:00,68.80000305175781,68.9000015258789,68.80000305175781,68.9000015258789,4180,0.0,0.0
2025-05-06 04:45:00+00:00,68.80000305175781,68.9000015258789,68.80000305175781,68.9000015258789,3030,0.0,0.0
2025-05-06 04:50:00+00:00,68.9000015258789,68.9000015258789,68.80000305175781,68.80000305175781,9000,0.0,0.0
2025-05-06 04:55:00+00:00,68.80000305175781,68.80000305175781,68.69999694824219,68.80000305175781,7000,0.0,0.0
2025-05-06 05:00:00+00:00,68.80000305175781,68.80000305175781,68.69999694824219,68.69999694824219,5000,0.0,0.0
2025-05-06 05:05:00+00:00,68.69999694824219,68.80000305175781,68.69999694824219,68.69999694824219,9020,0.0,0.0
2025-05-06 05:10:00+00:00,68.69999694824219,68.80000305175781,68.69999694824219,68.80000305175781,18054,0.0,0.0
2025-05-06 05:15:00+00:00,68.9000015258789,68.9000015258789,68.80000305175781,68.9000015258789,28000,0.0,0.0
2025-05-06 05:20:00+00:00,69.0,69.19999694824219,68.9000015258789,69.19999694824219,82377,0.0,0.0
2025-05-07 01:00:00+00:00,69.30000305175781,69.69999694824219,68.9000015258789,69.19999694824219,0,0.0,0.0
2025-05-07 01:05:00+00:00,69.19999694824219,69.5,69.0999984741211,69.4000015258789,70000,0.0,0.0
2025-05-07 01:10:00+00:00,69.5,69.5,69.30000305175781,69.30000305175781,65684,0.0,0.0
2025-05-07 01:15:00+00:00,69.30000305175781,69.4000015258789,69.19999694824219,69.19999694824219,44519,0.0,0.0
2025-05-07 01:20:00+00:00,69.0999984741211,69.0999984741211,68.9000015258789,68.9000015258789,71622,0.0,0.0
2025-05-07 01:25:00+00:00,68.9000015258789,69.0999984741211,68.9000015258789,68.9000015258789,55257,0.0,0.0
2025-05-07 01:30:00+00:00,68.80000305175781,68.80000305175781,68.5,68.5,78873,0.0,0.0
2025-05-07 01:35:00+00:00,68.5,68.5,68.30000305175781,68.4000015258789,53160,0.0,0.0
2025-05-07 01:40:00+00:00,68.4000015258789,68.69999694824219,68.4000015258789,68.69999694824219,31100,0.0,0.0
2025-05-07 01:45:00+00:00,68.80000305175781,69.0,68.69999694824219,69.0,19148,0.0,0.0
2025-05-07 01:50:00+00:00,69.0,69.0,68.9000015258789,69.0,12177,0.0,0.0
2025-05-07 01:55:00+00:00,69.0,69.0,69.0,69.0,14100,0.0,0.0
2025-05-07 02:00:00+00:00,69.0999984741211,69.0999984741211,68.9000015258789,68.9000015258789,30000,0.0,0.0
2025-05-07 02:05:00+00:00,68.9000015258789,69.19999694824219,68.9000015258789,69.0,22000,0.0,0.0
2025-05-07 02:10:00+00:00,69.0999984741211,69.0999984741211,69.0999984741211,69.0999984741211,13000,0.0,0.0
2025-05-07 02:15:00+00:00,69.0999984741211,69.19999694824219,69.0999984741211,69.19999694824219,5000,0.0,0.0
2025-05-07 02:20:00+00:00,69.19999694824219,69.19999694824219,69.0,69.0,9099,0.0,0.0
2025-05-07 02:25:00+00:00,69.0,69.0999984741211,68.9000015258789,69.0999984741211,13430,0.0,0.0
2025-05-07 02:30:00+00:00,69.0999984741211,69.5,69.0999984741211,69.5,54000,0.0,0.0
2025-05-07 02:35:00+00:00,69.4000015258789,69.5999984741211,69.4000015258789,69.5,39000,0.0,0.0
2025-05-07 02:40:00+00:00,69.5,69.5,69.19999694824219,69.19999694824219,14580,0.0,0.0
2025-05-07 02:45:00+00:00,69.19999694824219,69.19999694824219,69.0999984741211,69.0999984741211,7010,0.0,0.0
2025-05-07 02:50:00+00:00,69.0999984741211,69.0999984741211,69.0,69.0999984741211,9750,0.0,0.0
2025-05-07 03:00:00+00:00,69.0999984741211,69.19999694824219,69.0999984741211,69.19999694824219,4500,0.0,0.0
2025-05-07 03:05:00+00:00,69.19999694824219,69.19999694824219,69.19999694824219,69.19999694824219,4000,0.0,0.0
2025-05-07 03:10:00+00:00,69.19999694824219,69.19999694824219,69.19999694824219,69.19999694824219,2000,0.0,0.0
2025-05-07 03:15:00+00:00,69.0999984741211,69.0999984741211,69.0999984741211,69.0999984741211,4043,0.0,0.0
2025-05-07 03:20:00+00:00,69.0999984741211,69.19999694824219,69.0999984741211,69.0999984741211,11045,0.0,0.0
2025-05-07 03:25:00+00:00,69.19999694824219,69.19999694824219,69.19999694824219,69.19999694824219,7088,0.0,0.0
2025-05-07 03:30:00+00:00,69.19999694824219,69.19999694824219,69.19999694824219,69.19999694824219,3000,0.0,0.0
2025-05-07 03:40:00+00:00,69.0999984741211,69.0999984741211,69.0999984741211,69.0999984741211,1200,0.0,0.0
2025-05-07 03:45:00+00:00,69.0999984741211,69.0999984741211,69.0,69.0,12000,0.0,0.0
2025-05-07 03:50:00+00:00,69.0999984741211,69.0999984741211,69.0999984741211,69.0999984741211,1005,0.0,0.0
2025-05-07 03:55:00+00:00,69.0,69.0,69.0,69.0,13100,0.0,0.0
2025-05-07 04:00:00+00:00,68.9000015258789,69.0,68.80000305175781,69.0,28597,0.0,0.0
2025-05-07 04:05:00+00:00,69.0,69.0,69.0,69.0,5000,0.0,0.0
2025-05-07 04:10:00+00:00,68.9000015258789,69.0,68.80000305175781,68.80000305175781,10100,0.0,0.0
2025-05-07 04:15:00+00:00,68.80000305175781,69.0,68.80000305175781,69.0,10150,0.0,0.0
2025-05-07 04:20:00+00:00,69.0,69.0999984741211,69.0,69.0999984741211,2023,0.0,0.0
2025-05-07 04:25:00+00:00,69.0999984741211,69.0999984741211,69.0,69.0,5000,0.0,0.0
2025-05-07 04:30:00+00:00,69.0,69.0999984741211,69.0,69.0,3009,0.0,0.0
2025-05-07 04:35:00+00:00,69.0,69.0,69.0,69.0,5000,0.0,0.0
2025-05-07 04:40:00+00:00,69.0,69.0,68.9000015258789,69.0,14223,0.0,0.0
2025-05-07 04:45:00+00:00,68.9000015258789,69.0,68.80000305175781,69.0,15003,0.0,0.0
2025-05-07 04:50:00+00:00,69.0,69.0999984741211,69.0,69.0999984741211,7097,0.0,0.0
2025-05-07 04:55:00+00:00,69.0999984741211,69.19999694824219,69.0999984741211,69.19999694824219,9100,0.0,0.0
2025-05-07 05:00:00+00:00,69.0999984741211,69.0999984741211,68.9000015258789,69.0,37126,0.0,0.0
2025-05-07 05:05:00+00:00,68.9000015258789,68.9000015258789,68.9000015258789,68.9000015258789,1000,0.0,0.0
2025-05-07 05:10:00+00:00,69.0,69.0999984741211,68.9000015258789,69.0999984741211,32470,0.0,0.0
2025-05-07 05:15:00+00:00,69.0,69.0,69.0,69.0,14000,0.0,0.0
2025-05-07 05:20:00+00:00,69.0,69.0999984741211,69.0,69.0,16976,0.0,0.0
2025-05-08 01:00:00+00:00,70.9000015258789,71.5999984741211,70.9000015258789,71.0999984741211,0,0.0,0.0
2025-05-08 01:05:00+00:00,71.0,71.5999984741211,71.0,71.5,169369,0.0,0.0
2025-05-08 01:10:00+00:00,71.5,72.0999984741211,71.5,71.5,180129,0.0,0.0
2025-05-08 01:15:00+00:00,71.5,71.5,71.30000305175781,71.4000015258789,71705,0.0,0.0
2025-05-08 01:20:00+00:00,71.4000015258789,71.69999694824219,71.30000305175781,71.5999984741211,73758,0.0,0.0
2025-05-08 02:30:00+00:00,70.69999694824219,70.69999694824219,70.69999694824219,70.69999694824219,483943,0.0,0.0
2025-05-08 02:35:00+00:00,70.69999694824219,70.69999694824219,70.5999984741211,70.5999984741211,6000,0.0,0.0
2025-05-08 02:40:00+00:00,70.5999984741211,70.69999694824219,70.5999984741211,70.69999694824219,3120,0.0,0.0
2025-05-08 02:45:00+00:00,70.80000305175781,70.80000305175781,70.69999694824219,70.69999694824219,9000,0.0,0.0
2025-05-08 02:50:00+00:00,70.69999694824219,70.69999694824219,70.5999984741211,70.5999984741211,18507,0.0,0.0
2025-05-08 02:55:00+00:00,70.5,70.5,70.5,70.5,2000,0.0,0.0
2025-05-08 03:00:00+00:00,70.5999984741211,70.5999984741211,70.5999984741211,70.5999984741211,9000,0.0,0.0
2025-05-08 03:05:00+00:00,70.5999984741211,70.69999694824219,70.5999984741211,70.69999694824219,8000,0.0,0.0
2025-05-08 03:10:00+00:00,70.5999984741211,70.80000305175781,70.5999984741211,70.69999694824219,12000,0.0,0.0
2025-05-08 03:15:00+00:00,70.69999694824219,70.80000305175781,70.69999694824219,70.80000305175781,8000,0.0,0.0
2025-05-08 03:20:00+00:00,70.80000305175781,70.80000305175781,70.69999694824219,70.69999694824219,8196,0.0,0.0
2025-05-08 03:25:00+00:00,70.69999694824219,70.69999694824219,70.69999694824219,70.69999694824219,3000,0.0,0.0
2025-05-08 03:30:00+00:00,70.69999694824219,70.69999694824219,70.5999984741211,70.69999694824219,0,0.0,0.0
2025-05-08 03:35:00+00:00,70.5999984741211,70.69999694824219,70.5,70.5,602992,0.0,0.0
2025-05-08 03:40:00+00:00,70.5,70.5999984741211,70.5,70.5,27304,0.0,0.0
2025-05-08 03:45:00+00:00,70.69999694824219,70.69999694824219,70.5,70.5999984741211,7100,0.0,0.0
2025-05-08 03:50:00+00:00,70.5,70.5999984741211,70.5,70.5999984741211,7006,0.0,0.0
2025-05-08 03:55:00+00:00,70.5,70.5,70.4000015258789,70.5,23815,0.0,0.0
2025-05-08 04:00:00+00:00,70.5,70.5999984741211,70.5,70.5999984741211,6000,0.0,0.0
2025-05-08 04:05:00+00:00,70.5999984741211,70.5999984741211,70.5999984741211,70.5999984741211,9000,0.0,0.0
2025-05-08 04:10:00+00:00,70.5999984741211,70.69999694824219,70.5999984741211,70.69999694824219,10033,0.0,0.0
2025-05-08 04:15:00+00:00,70.5999984741211,70.69999694824219,70.5999984741211,70.5999984741211,8050,0.0,0.0
2025-05-08 04:20:00+00:00,70.69999694824219,70.80000305175781,70.5999984741211,70.80000305175781,27017,0.0,0.0
2025-05-08 04:25:00+00:00,70.80000305175781,70.80000305175781,70.80000305175781,70.80000305175781,14000,0.0,0.0
2025-05-08 04:30:00+00:00,70.80000305175781,70.9000015258789,70.69999694824219,70.69999694824219,17007,0.0,0.0
2025-05-08 04:35:00+00:00,70.69999694824219,70.69999694824219,70.69999694824219,70.69999694824219,13000,0.0,0.0
2025-05-08 04:40:00+00:00,70.69999694824219,70.69999694824219,70.69999694824219,70.69999694824219,10236,0.0,0.0
2025-05-08 04:45:00+00:00,70.80000305175781,70.80000305175781,70.80000305175781,70.80000305175781,7115,0.0,0.0
2025-05-08 04:50:00+00:00,70.69999694824219,70.80000305175781,70.69999694824219,70.69999694824219,23104,0.0,0.0
2025-05-08 04:55:00+00:00,70.69999694824219,70.69999694824219,70.69999694824219,70.69999694824219,4150,0.0,0.0
2025-05-08 05:00:00+00:00,70.69999694824219,70.69999694824219,70.5999984741211,70.5999984741211,21000,0.0,0.0
2025-05-08 05:05:00+00:00,70.5999984741211,70.69999694824219,70.5999984741211,70.69999694824219,23150,0.0,0.0
2025-05-08 05:10:00+00:00,70.69999694824219,70.69999694824219,70.5999984741211,70.5999984741211,4100,0.0,0.0
2025-05-08 05:15:00+00:00,70.5999984741211,70.69999694824219,70.5999984741211,70.5999984741211,24087,0.0,0.0
2025-05-08 05:20:00+00:00,70.5999984741211,70.80000305175781,70.5999984741211,70.80000305175781,60137,0.0,0.0
2025-05-09 01:00:00+00:00,71.5,71.5999984741211,70.9000015258789,70.9000015258789,0,0.0,0.0
2025-05-09 01:05:00+00:00,71.19999694824219,71.5999984741211,71.19999694824219,71.4000015258789,62028,0.0,0.0
2025-05-09 01:10:00+00:00,71.4000015258789,71.5,71.30000305175781,71.4000015258789,56996,0.0,0.0
2025-05-09 01:15:00+00:00,71.30000305175781,71.30000305175781,71.0999984741211,71.0999984741211,25000,0.0,0.0
2025-05-09 01:20:00+00:00,71.0999984741211,71.0999984741211,71.0,71.0999984741211,39348,0.0,0.0
2025-05-09 01:25:00+00:00,71.0,71.0,70.80000305175781,70.9000015258789,34069,0.0,0.0
2025-05-09 01:30:00+00:00,71.0,71.0,70.80000305175781,71.0,24000,0.0,0.0
2025-05-09 01:35:00+00:00,70.9000015258789,71.0,70.80000305175781,71.0,13460,0.0,0.0
2025-05-09 01:40:00+00:00,70.9000015258789,71.0,70.9000015258789,70.9000015258789,9010,0.0,0.0
2025-05-09 01:45:00+00:00,70.80000305175781,70.9000015258789,70.80000305175781,70.9000015258789,9160,0.0,0.0
2025-05-09 01:50:00+00:00,70.80000305175781,70.9000015258789,70.80000305175781,70.80000305175781,13000,0.0,0.0
2025-05-09 01:55:00+00:00,70.69999694824219,70.69999694824219,70.5999984741211,70.5999984741211,24429,0.0,0.0
2025-05-09 02:00:00+00:00,70.69999694824219,70.69999694824219,70.5999984741211,70.5999984741211,22472,0.0,0.0
2025-05-09 02:05:00+00:00,70.5,70.5999984741211,70.5,70.5999984741211,13001,0.0,0.0
2025-05-09 02:10:00+00:00,70.69999694824219,70.69999694824219,70.69999694824219,70.69999694824219,4000,0.0,0.0
2025-05-09 02:15:00+00:00,70.69999694824219,70.69999694824219,70.5999984741211,70.5999984741211,3000,0.0,0.0
2025-05-09 02:20:00+00:00,70.69999694824219,70.80000305175781,70.69999694824219,70.80000305175781,8010,0.0,0.0
2025-05-09 02:25:00+00:00,70.80000305175781,70.80000305175781,70.80000305175781,70.80000305175781,8150,0.0,0.0
2025-05-09 02:30:00+00:00,70.9000015258789,71.0,70.9000015258789,70.9000015258789,25105,0.0,0.0
2025-05-09 02:35:00+00:00,70.9000015258789,71.0999984741211,70.9000015258789,71.0,42270,0.0,0.0
2025-05-09 02:40:00+00:00,71.0999984741211,71.0999984741211,71.0999984741211,71.0999984741211,20000,0.0,0.0
2025-05-09 02:45:00+00:00,71.0999984741211,71.19999694824219,71.0999984741211,71.19999694824219,31000,0.0,0.0
2025-05-09 02:50:00+00:00,71.19999694824219,71.19999694824219,71.19999694824219,71.19999694824219,26000,0.0,0.0
2025-05-09 02:55:00+00:00,71.19999694824219,71.19999694824219,71.19999694824219,71.19999694824219,6000,0.0,0.0
2025-05-09 03:00:00+00:00,71.0999984741211,71.19999694824219,71.0999984741211,71.19999694824219,10000,0.0,0.0
2025-05-09 03:05:00+00:00,71.19999694824219,71.19999694824219,71.19999694824219,71.19999694824219,9000,0.0,0.0
2025-05-09 03:10:00+00:00,71.19999694824219,71.30000305175781,71.19999694824219,71.30000305175781,44829,0.0,0.0
2025-05-09 03:15:00+00:00,71.30000305175781,71.30000305175781,71.0,71.0999984741211,43000,0.0,0.0
2025-05-09 03:25:00+00:00,71.0999984741211,71.0999984741211,71.0999984741211,71.0999984741211,2030,0.0,0.0
2025-05-09 03:30:00+00:00,71.0999984741211,71.19999694824219,71.0,71.19999694824219,16225,0.0,0.0
2025-05-09 03:35:00+00:00,71.19999694824219,71.30000305175781,71.19999694824219,71.30000305175781,23000,0.0,0.0
2025-05-09 03:40:00+00:00,71.30000305175781,71.4000015258789,71.30000305175781,71.4000015258789,6000,0.0,0.0
2025-05-09 03:45:00+00:00,71.30000305175781,71.30000305175781,71.30000305175781,71.30000305175781,5000,0.0,0.0
2025-05-09 03:50:00+00:00,71.30000305175781,71.30000305175781,71.19999694824219,71.30000305175781,21000,0.0,0.0
2025-05-09 03:55:00+00:00,71.30000305175781,71.4000015258789,71.0999984741211,71.19999694824219,26240,0.0,0.0
2025-05-09 04:00:00+00:00,71.19999694824219,71.4000015258789,71.19999694824219,71.30000305175781,50000,0.0,0.0
2025-05-09 04:05:00+00:00,71.4000015258789,71.4000015258789,71.30000305175781,71.4000015258789,18148,0.0,0.0
2025-05-09 04:10:00+00:00,71.4000015258789,71.5,71.4000015258789,71.5,14000,0.0,0.0
2025-05-09 04:15:00+00:00,71.4000015258789,71.4000015258789,71.4000015258789,71.4000015258789,29486,0.0,0.0
2025-05-09 04:20:00+00:00,71.4000015258789,71.4000015258789,71.30000305175781,71.4000015258789,25000,0.0,0.0
2025-05-09 04:25:00+00:00,71.4000015258789,71.80000305175781,71.4000015258789,71.80000305175781,101642,0.0,0.0
2025-05-09 04:30:00+00:00,71.69999694824219,71.69999694824219,71.5999984741211,71.5999984741211,28016,0.0,0.0
2025-05-09 04:35:00+00:00,71.5999984741211,71.5999984741211,71.5,71.5,35234,0.0,0.0
2025-05-09 04:40:00+00:00,71.5,71.5999984741211,71.5,71.5999984741211,24216,0.0,0.0
2025-05-09 04:45:00+00:00,71.69999694824219,71.69999694824219,71.69999694824219,71.69999694824219,1030,0.0,0.0
2025-05-09 04:50:00+00:00,71.69999694824219,71.80000305175781,71.5999984741211,71.80000305175781,36000,0.0,0.0
2025-05-09 04:55:00+00:00,71.69999694824219,71.80000305175781,71.69999694824219,71.69999694824219,31001,0.0,0.0
2025-05-09 05:00:00+00:00,71.69999694824219,71.80000305175781,71.69999694824219,71.80000305175781,8169,0.0,0.0
2025-05-09 05:05:00+00:00,71.69999694824219,71.80000305175781,71.69999694824219,71.80000305175781,37041,0.0,0.0
2025-05-09 05:10:00+00:00,71.80000305175781,72.0,71.80000305175781,72.0,34220,0.0,0.0
2025-05-09 05:15:00+00:00,72.0,72.30000305175781,72.0,72.0,109552,0.0,0.0
2025-05-09 05:20:00+00:00,71.9000015258789,72.0,71.69999694824219,71.69999694824219,55277,0.0,0.0
2025-05-12 01:00:00+00:00,72.5,72.80000305175781,72.4000015258789,72.5999984741211,0,0.0,0.0
2025-05-12 01:05:00+00:00,72.5999984741211,73.0,72.5,73.0,114000,0.0,0.0
2025-05-12 01:10:00+00:00,73.0,73.19999694824219,72.5999984741211,72.80000305175781,114902,0.0,0.0
2025-05-12 01:15:00+00:00,72.9000015258789,73.30000305175781,72.9000015258789,73.0999984741211,91284,0.0,0.0
2025-05-12 01:20:00+00:00,73.0999984741211,73.30000305175781,72.9000015258789,73.19999694824219,80405,0.0,0.0
2025-05-12 01:25:00+00:00,73.19999694824219,73.30000305175781,73.19999694824219,73.30000305175781,29090,0.0,0.0
2025-05-12 01:30:00+00:00,73.4000015258789,73.80000305175781,73.0999984741211,73.69999694824219,148049,0.0,0.0
2025-05-12 01:35:00+00:00,73.69999694824219,74.5999984741211,73.5999984741211,74.5,287005,0.0,0.0
2025-05-12 01:40:00+00:00,74.5999984741211,74.5999984741211,74.0999984741211,74.4000015258789,194828,0.0,0.0
2025-05-12 01:45:00+00:00,74.4000015258789,74.5,74.19999694824219,74.19999694824219,132693,0.0,0.0
2025-05-12 01:50:00+00:00,74.19999694824219,74.19999694824219,74.0999984741211,74.0999984741211,68000,0.0,0.0
2025-05-12 01:55:00+00:00,74.0999984741211,74.19999694824219,74.0,74.19999694824219,40624,0.0,0.0
2025-05-12 02:00:00+00:00,74.30000305175781,74.5,74.30000305175781,74.4000015258789,48064,0.0,0.0
2025-05-12 02:05:00+00:00,74.30000305175781,74.30000305175781,74.19999694824219,74.19999694824219,24352,0.0,0.0
2025-05-12 02:10:00+00:00,74.19999694824219,74.30000305175781,74.0,74.0,91050,0.0,0.0
2025-05-12 02:15:00+00:00,74.0,74.19999694824219,74.0,74.0999984741211,54359,0.0,0.0
2025-05-12 02:20:00+00:00,74.0999984741211,74.30000305175781,74.0999984741211,74.19999694824219,18657,0.0,0.0
2025-05-12 02:25:00+00:00,74.30000305175781,74.30000305175781,74.19999694824219,74.19999694824219,9011,0.0,0.0
2025-05-12 02:30:00+00:00,74.30000305175781,74.30000305175781,74.30000305175781,74.30000305175781,21935,0.0,0.0
2025-05-12 02:35:00+00:00,74.30000305175781,74.30000305175781,74.19999694824219,74.30000305175781,24031,0.0,0.0
2025-05-12 02:40:00+00:00,74.30000305175781,74.30000305175781,74.19999694824219,74.19999694824219,22110,0.0,0.0
2025-05-12 02:45:00+00:00,74.19999694824219,74.19999694824219,74.19999694824219,74.19999694824219,6000,0.0,0.0
2025-05-12 02:50:00+00:00,74.19999694824219,74.19999694824219,74.19999694824219,74.19999694824219,9000,0.0,0.0
2025-05-12 02:55:00+00:00,74.19999694824219,74.19999694824219,74.0999984741211,74.19999694824219,7735,0.0,0.0
2025-05-12 03:00:00+00:00,74.19999694824219,74.19999694824219,74.0999984741211,74.0999984741211,6001,0.0,0.0
2025-05-12 03:05:00+00:00,74.19999694824219,74.19999694824219,74.0999984741211,74.0999984741211,7004,0.0,0.0
2025-05-12 03:10:00+00:00,74.19999694824219,74.19999694824219,74.0999984741211,74.0999984741211,9010,0.0,0.0
2025-05-12 03:15:00+00:00,74.0999984741211,74.19999694824219,74.0999984741211,74.19999694824219,8468,0.0,0.0
2025-05-12 03:20:00+00:00,74.19999694824219,74.19999694824219,74.0,74.0999984741211,30000,0.0,0.0
2025-05-12 03:25:00+00:00,74.0999984741211,74.19999694824219,74.0,74.0999984741211,42060,0.0,0.0
2025-05-12 03:30:00+00:00,74.0999984741211,74.30000305175781,74.0999984741211,74.30000305175781,23142,0.0,0.0
2025-05-12 03:35:00+00:00,74.30000305175781,74.30000305175781,74.19999694824219,74.30000305175781,5050,0.0,0.0
2025-05-12 03:40:00+00:00,74.30000305175781,74.30000305175781,74.19999694824219,74.19999694824219,3000,0.0,0.0
2025-05-12 03:45:00+00:00,74.19999694824219,74.19999694824219,74.19999694824219,74.19999694824219,12000,0.0,0.0
2025-05-12 03:50:00+00:00,74.19999694824219,74.19999694824219,74.19999694824219,74.19999694824219,7000,0.0,0.0
2025-05-12 03:55:00+00:00,74.19999694824219,74.19999694824219,74.0999984741211,74.0999984741211,8135,0.0,0.0
2025-05-12 04:00:00+00:00,74.0999984741211,74.0999984741211,74.0999984741211,74.0999984741211,1000,0.0,0.0
2025-05-12 04:05:00+00:00,74.0999984741211,74.19999694824219,74.0999984741211,74.19999694824219,3012,0.0,0.0
2025-05-12 04:10:00+00:00,74.19999694824219,74.19999694824219,74.0999984741211,74.0999984741211,14104,0.0,0.0
2025-05-12 04:15:00+00:00,74.0999984741211,74.19999694824219,74.0999984741211,74.19999694824219,14498,0.0,0.0
2025-05-12 04:20:00+00:00,74.19999694824219,74.19999694824219,74.0,74.0999984741211,23770,0.0,0.0
2025-05-12 04:25:00+00:00,74.19999694824219,74.30000305175781,74.0999984741211,74.30000305175781,85508,0.0,0.0
2025-05-12 04:30:00+00:00,74.4000015258789,74.5,74.30000305175781,74.4000015258789,75207,0.0,0.0
2025-05-12 04:35:00+00:00,74.4000015258789,74.5,74.4000015258789,74.4000015258789,14450,0.0,0.0
2025-05-12 04:40:00+00:00,74.4000015258789,74.4000015258789,74.4000015258789,74.4000015258789,13028,0.0,0.0
2025-05-12 04:45:00+00:00,74.4000015258789,74.5999984741211,74.4000015258789,74.5999984741211,32245,0.0,0.0
2025-05-12 04:50:00+00:00,74.5999984741211,74.5999984741211,74.5,74.5,22000,0.0,0.0
2025-05-12 04:55:00+00:00,74.5999984741211,74.5999984741211,74.5,74.5,20001,0.0,0.0
2025-05-12 05:00:00+00:00,74.5,74.5,74.4000015258789,74.4000015258789,44272,0.0,0.0
2025-05-12 05:05:00+00:00,74.4000015258789,74.4000015258789,74.4000015258789,74.4000015258789,9000,0.0,0.0
2025-05-12 05:10:00+00:00,74.4000015258789,74.4000015258789,74.30000305175781,74.30000305175781,30175,0.0,0.0
2025-05-12 05:15:00+00:00,74.30000305175781,74.4000015258789,74.30000305175781,74.30000305175781,12100,0.0,0.0
2025-05-12 05:20:00+00:00,74.4000015258789,74.4000015258789,74.19999694824219,74.19999694824219,86275,0.0,0.0
2025-05-13 01:00:00+00:00,76.0999984741211,76.5999984741211,75.5999984741211,75.80000305175781,0,0.0,0.0
2025-05-13 01:05:00+00:00,75.80000305175781,75.80000305175781,75.30000305175781,75.4000015258789,122000,0.0,0.0
2025-05-13 01:10:00+00:00,75.5,75.5999984741211,75.4000015258789,75.4000015258789,80407,0.0,0.0
2025-05-13 01:15:00+00:00,75.4000015258789,75.5999984741211,75.0999984741211,75.19999694824219,91949,0.0,0.0
2025-05-13 01:20:00+00:00,75.19999694824219,75.19999694824219,75.0,75.0999984741211,134257,0.0,0.0
2025-05-13 01:25:00+00:00,75.0999984741211,75.19999694824219,74.80000305175781,75.0999984741211,134379,0.0,0.0
2025-05-13 01:30:00+00:00,75.0999984741211,75.0999984741211,75.0,75.0,61365,0.0,0.0
2025-05-13 01:35:00+00:00,75.0,75.0,74.5,74.5,87116,0.0,0.0
2025-05-13 01:40:00+00:00,74.5,74.80000305175781,74.5,74.69999694824219,58352,0.0,0.0
2025-05-13 01:45:00+00:00,74.69999694824219,74.69999694824219,74.5,74.5999984741211,55119,0.0,0.0
2025-05-13 01:50:00+00:00,74.5999984741211,74.69999694824219,74.5999984741211,74.5999984741211,48580,0.0,0.0
2025-05-13 01:55:00+00:00,74.5,74.5,74.19999694824219,74.5,100300,0.0,0.0
2025-05-13 02:00:00+00:00,74.5,74.5999984741211,74.4000015258789,74.4000015258789,14134,0.0,0.0
2025-05-13 02:05:00+00:00,74.5,74.5,74.4000015258789,74.5,25183,0.0,0.0
2025-05-13 02:10:00+00:00,74.4000015258789,74.5,74.0999984741211,74.0999984741211,72482,0.0,0.0
2025-05-13 02:15:00+00:00,74.0999984741211,74.0999984741211,73.9000015258789,74.0,134694,0.0,0.0
2025-05-13 02:20:00+00:00,73.9000015258789,74.19999694824219,73.9000015258789,74.19999694824219,38923,0.0,0.0
2025-05-13 02:25:00+00:00,74.0999984741211,74.0999984741211,74.0,74.0,9000,0.0,0.0
2025-05-13 02:30:00+00:00,74.0,74.0999984741211,74.0,74.0999984741211,18104,0.0,0.0
2025-05-13 02:35:00+00:00,74.0999984741211,74.19999694824219,74.0999984741211,74.19999694824219,17425,0.0,0.0
2025-05-13 02:40:00+00:00,74.19999694824219,74.19999694824219,74.0999984741211,74.0999984741211,24395,0.0,0.0
2025-05-13 02:45:00+00:00,74.19999694824219,74.30000305175781,74.0,74.0,71000,0.0,0.0
2025-05-13 02:50:00+00:00,73.9000015258789,74.0,73.9000015258789,74.0,7180,0.0,0.0
2025-05-13 02:55:00+00:00,74.0,74.0999984741211,73.9000015258789,73.9000015258789,3099,0.0,0.0
2025-05-13 03:00:00+00:00,74.0,74.0,73.69999694824219,73.69999694824219,85566,0.0,0.0
2025-05-13 03:05:00+00:00,73.69999694824219,73.80000305175781,73.4000015258789,73.80000305175781,122802,0.0,0.0
2025-05-13 03:10:00+00:00,73.80000305175781,73.80000305175781,73.80000305175781,73.80000305175781,7100,0.0,0.0
2025-05-13 03:15:00+00:00,73.69999694824219,73.80000305175781,73.5,73.5,20004,0.0,0.0
2025-05-13 03:20:00+00:00,73.69999694824219,73.69999694824219,73.5999984741211,73.5999984741211,13256,0.0,0.0
2025-05-13 03:25:00+00:00,73.5999984741211,73.80000305175781,73.5999984741211,73.5999984741211,40000,0.0,0.0
2025-05-13 03:30:00+00:00,73.5,73.69999694824219,73.5,73.69999694824219,53003,0.0,0.0
2025-05-13 03:35:00+00:00,73.69999694824219,73.69999694824219,73.69999694824219,73.69999694824219,7018,0.0,0.0
2025-05-13 03:40:00+00:00,73.5999984741211,73.5999984741211,73.5,73.5,17000,0.0,0.0
2025-05-13 03:45:00+00:00,73.5,73.5999984741211,73.5,73.5999984741211,19012,0.0,0.0
2025-05-13 03:50:00+00:00,73.5999984741211,73.5999984741211,73.5,73.5999984741211,3100,0.0,0.0
2025-05-13 03:55:00+00:00,73.5999984741211,73.69999694824219,73.5,73.5,25032,0.0,0.0
2025-05-13 04:00:00+00:00,73.5999984741211,73.5999984741211,73.5,73.5,6651,0.0,0.0
2025-05-13 04:05:00+00:00,73.69999694824219,73.69999694824219,73.69999694824219,73.69999694824219,1000,0.0,0.0
2025-05-13 04:10:00+00:00,73.69999694824219,73.69999694824219,73.5999984741211,73.69999694824219,5502,0.0,0.0
2025-05-13 04:15:00+00:00,73.5999984741211,73.5999984741211,73.5,73.5,24044,0.0,0.0
2025-05-13 04:20:00+00:00,73.5,73.5999984741211,73.5,73.5999984741211,12010,0.0,0.0
2025-05-13 04:25:00+00:00,73.5,73.5999984741211,73.5,73.5,7905,0.0,0.0
2025-05-13 04:30:00+00:00,73.5,73.5,73.5,73.5,29500,0.0,0.0
2025-05-13 04:35:00+00:00,73.5999984741211,73.5999984741211,73.5,73.5,25060,0.0,0.0
2025-05-13 04:40:00+00:00,73.5999984741211,73.5999984741211,73.5,73.5,5050,0.0,0.0
2025-05-13 04:45:00+00:00,73.5,73.5999984741211,73.5,73.5999984741211,15046,0.0,0.0
2025-05-13 04:50:00+00:00,73.5,73.5999984741211,73.5,73.5999984741211,14684,0.0,0.0
2025-05-13 04:55:00+00:00,73.5,73.5999984741211,73.5,73.5999984741211,9520,0.0,0.0
2025-05-13 05:00:00+00:00,73.69999694824219,74.0,73.69999694824219,73.9000015258789,41184,0.0,0.0
2025-05-13 05:05:00+00:00,73.80000305175781,73.80000305175781,73.69999694824219,73.69999694824219,21274,0.0,0.0
2025-05-13 05:10:00+00:00,73.69999694824219,73.80000305175781,73.5999984741211,73.5999984741211,38130,0.0,0.0
2025-05-13 05:15:00+00:00,73.5999984741211,73.80000305175781,73.5999984741211,73.80000305175781,20038,0.0,0.0
2025-05-13 05:20:00+00:00,73.69999694824219,73.80000305175781,73.5999984741211,73.69999694824219,29321,0.0,0.0
2025-05-14 01:00:00+00:00,74.80000305175781,74.80000305175781,73.80000305175781,74.0,0,0.0,0.0
2025-05-14 01:05:00+00:00,74.0,74.19999694824219,73.9000015258789,74.0,61630,0.0,0.0
2025-05-14 01:10:00+00:00,73.9000015258789,74.0,73.80000305175781,74.0,50180,0.0,0.0
2025-05-14 01:15:00+00:00,73.9000015258789,74.0,73.80000305175781,73.80000305175781,52130,0.0,0.0
2025-05-14 01:20:00+00:00,74.0,74.0999984741211,74.0,74.0999984741211,25234,0.0,0.0
2025-05-14 01:25:00+00:00,74.0,74.4000015258789,74.0,74.30000305175781,17438,0.0,0.0
2025-05-14 01:30:00+00:00,74.4000015258789,74.5,74.30000305175781,74.4000015258789,33186,0.0,0.0
2025-05-14 01:35:00+00:00,74.30000305175781,74.30000305175781,74.19999694824219,74.30000305175781,20122,0.0,0.0
2025-05-14 01:40:00+00:00,74.30000305175781,74.4000015258789,74.30000305175781,74.4000015258789,17290,0.0,0.0
2025-05-14 01:45:00+00:00,74.4000015258789,74.5,74.4000015258789,74.5,46391,0.0,0.0
2025-05-14 01:50:00+00:00,74.5,74.5999984741211,74.5,74.5999984741211,45127,0.0,0.0
2025-05-14 01:55:00+00:00,74.5999984741211,74.5999984741211,74.5999984741211,74.5999984741211,22149,0.0,0.0
2025-05-14 02:00:00+00:00,74.5999984741211,74.5999984741211,74.5,74.5,22190,0.0,0.0
2025-05-14 02:05:00+00:00,74.5,74.5999984741211,74.5,74.5,14100,0.0,0.0
2025-05-14 02:10:00+00:00,74.5,74.5,74.4000015258789,74.4000015258789,27000,0.0,0.0
2025-05-14 02:15:00+00:00,74.4000015258789,74.5,74.4000015258789,74.5,10000,0.0,0.0
2025-05-14 02:20:00+00:00,74.5,74.5,74.4000015258789,74.4000015258789,19065,0.0,0.0
2025-05-14 02:25:00+00:00,74.4000015258789,74.5,74.4000015258789,74.4000015258789,35070,0.0,0.0
2025-05-14 02:30:00+00:00,74.5,74.5999984741211,74.5,74.5,20072,0.0,0.0
2025-05-14 02:35:00+00:00,74.5,74.5,74.4000015258789,74.4000015258789,26141,0.0,0.0
2025-05-14 02:40:00+00:00,74.4000015258789,74.4000015258789,74.4000015258789,74.4000015258789,27000,0.0,0.0
2025-05-14 02:45:00+00:00,74.5,74.5,74.4000015258789,74.4000015258789,7127,0.0,0.0
2025-05-14 02:50:00+00:00,74.30000305175781,74.4000015258789,74.30000305175781,74.30000305175781,10000,0.0,0.0
2025-05-14 02:55:00+00:00,74.30000305175781,74.4000015258789,74.30000305175781,74.4000015258789,12000,0.0,0.0
2025-05-14 03:00:00+00:00,74.4000015258789,74.4000015258789,74.30000305175781,74.4000015258789,19414,0.0,0.0
2025-05-14 03:05:00+00:00,74.4000015258789,74.4000015258789,74.4000015258789,74.4000015258789,2080,0.0,0.0
2025-05-14 03:10:00+00:00,74.4000015258789,74.5,74.4000015258789,74.4000015258789,6402,0.0,0.0
2025-05-14 03:15:00+00:00,74.4000015258789,74.5999984741211,74.4000015258789,74.5,57029,0.0,0.0
2025-05-14 03:20:00+00:00,74.5999984741211,74.5999984741211,74.5,74.5,5000,0.0,0.0
2025-05-14 03:25:00+00:00,74.5,74.5999984741211,74.5,74.5999984741211,4897,0.0,0.0
2025-05-14 03:30:00+00:00,74.5999984741211,74.5999984741211,74.5,74.5,9050,0.0,0.0
2025-05-14 03:35:00+00:00,74.5,74.5,74.4000015258789,74.4000015258789,16034,0.0,0.0
2025-05-14 03:40:00+00:00,74.4000015258789,74.4000015258789,74.4000015258789,74.4000015258789,2000,0.0,0.0
2025-05-14 03:45:00+00:00,74.4000015258789,74.5,74.4000015258789,74.5,14089,0.0,0.0
2025-05-14 03:50:00+00:00,74.5,74.5999984741211,74.5,74.5999984741211,47040,0.0,0.0
2025-05-14 03:55:00+00:00,74.5999984741211,74.5999984741211,74.5,74.5,21127,0.0,0.0
2025-05-14 04:00:00+00:00,74.5,74.5999984741211,74.5,74.5,11050,0.0,0.0
2025-05-14 04:05:00+00:00,74.5999984741211,74.5999984741211,74.5999984741211,74.5999984741211,3075,0.0,0.0
2025-05-14 04:10:00+00:00,74.5,74.5,74.5,74.5,2053,0.0,0.0
2025-05-14 04:15:00+00:00,74.5,74.5,74.5,74.5,10068,0.0,0.0
2025-05-14 04:20:00+00:00,74.5999984741211,74.80000305175781,74.5999984741211,74.80000305175781,84922,0.0,0.0
2025-05-14 04:25:00+00:00,74.80000305175781,74.80000305175781,74.69999694824219,74.80000305175781,29385,0.0,0.0
2025-05-14 04:30:00+00:00,74.9000015258789,74.9000015258789,74.80000305175781,74.9000015258789,47869,0.0,0.0
2025-05-14 04:35:00+00:00,74.9000015258789,75.0,74.9000015258789,75.0,43497,0.0,0.0
2025-05-14 04:40:00+00:00,75.0,75.0,74.9000015258789,74.9000015258789,64274,0.0,0.0
2025-05-14 04:45:00+00:00,75.0,75.0999984741211,75.0,75.0999984741211,29835,0.0,0.0
2025-05-14 04:50:00+00:00,75.0,75.0999984741211,75.0,75.0,31135,0.0,0.0
2025-05-14 04:55:00+00:00,75.0,75.0,74.9000015258789,74.9000015258789,5035,0.0,0.0
2025-05-14 05:00:00+00:00,75.0,75.0,74.9000015258789,75.0,25223,0.0,0.0
2025-05-14 05:05:00+00:00,75.0,75.0,74.9000015258789,75.0,7168,0.0,0.0
2025-05-14 05:10:00+00:00,74.9000015258789,75.0,74.9000015258789,75.0,26227,0.0,0.0
2025-05-14 05:15:00+00:00,75.0,75.0,74.9000015258789,75.0,13322,0.0,0.0
2025-05-14 05:20:00+00:00,74.9000015258789,75.0,74.9000015258789,74.9000015258789,24868,0.0,0.0
2025-05-15 01:00:00+00:00,75.30000305175781,75.30000305175781,74.80000305175781,75.0999984741211,0,0.0,0.0
2025-05-15 01:05:00+00:00,75.19999694824219,75.19999694824219,75.0999984741211,75.0999984741211,23006,0.0,0.0
2025-05-15 01:10:00+00:00,75.0999984741211,75.4000015258789,75.0999984741211,75.0999984741211,46044,0.0,0.0
2025-05-15 01:15:00+00:00,75.30000305175781,75.30000305175781,75.19999694824219,75.19999694824219,22250,0.0,0.0
2025-05-15 01:20:00+00:00,75.19999694824219,75.19999694824219,74.4000015258789,74.4000015258789,96464,0.0,0.0
2025-05-15 01:25:00+00:00,74.4000015258789,74.5,74.4000015258789,74.4000015258789,27790,0.0,0.0
2025-05-15 01:30:00+00:00,74.5,74.5,74.19999694824219,74.30000305175781,47000,0.0,0.0
2025-05-15 01:35:00+00:00,74.5,74.9000015258789,74.5,74.9000015258789,21330,0.0,0.0
2025-05-15 01:40:00+00:00,75.0,75.0999984741211,74.9000015258789,75.0999984741211,21115,0.0,0.0
2025-05-15 01:45:00+00:00,74.9000015258789,75.0999984741211,74.9000015258789,75.0,17023,0.0,0.0
2025-05-15 01:50:00+00:00,75.0999984741211,75.19999694824219,74.80000305175781,74.80000305175781,26336,0.0,0.0
2025-05-15 01:55:00+00:00,74.80000305175781,74.80000305175781,74.80000305175781,74.80000305175781,22192,0.0,0.0
2025-05-15 02:00:00+00:00,74.80000305175781,74.80000305175781,74.80000305175781,74.80000305175781,5597,0.0,0.0
2025-05-15 02:05:00+00:00,74.80000305175781,74.80000305175781,74.69999694824219,74.69999694824219,10168,0.0,0.0
2025-05-15 02:10:00+00:00,74.69999694824219,74.69999694824219,74.5999984741211,74.5999984741211,16014,0.0,0.0
2025-05-15 02:15:00+00:00,74.5999984741211,74.69999694824219,74.5,74.69999694824219,7089,0.0,0.0
2025-05-15 02:25:00+00:00,74.69999694824219,74.69999694824219,74.69999694824219,74.69999694824219,7000,0.0,0.0
2025-05-15 02:30:00+00:00,74.69999694824219,74.80000305175781,74.69999694824219,74.80000305175781,12103,0.0,0.0
2025-05-15 02:35:00+00:00,74.80000305175781,74.80000305175781,74.80000305175781,74.80000305175781,11002,0.0,0.0
2025-05-15 02:40:00+00:00,74.80000305175781,74.80000305175781,74.80000305175781,74.80000305175781,18003,0.0,0.0
2025-05-15 02:45:00+00:00,74.80000305175781,74.80000305175781,74.80000305175781,74.80000305175781,11108,0.0,0.0
2025-05-15 02:50:00+00:00,74.80000305175781,74.80000305175781,74.80000305175781,74.80000305175781,2000,0.0,0.0
2025-05-15 02:55:00+00:00,74.69999694824219,74.80000305175781,74.69999694824219,74.80000305175781,13100,0.0,0.0
2025-05-15 03:00:00+00:00,74.80000305175781,74.9000015258789,74.80000305175781,74.80000305175781,3000,0.0,0.0
2025-05-15 03:05:00+00:00,74.80000305175781,74.80000305175781,74.80000305175781,74.80000305175781,2000,0.0,0.0
2025-05-15 03:10:00+00:00,74.80000305175781,74.80000305175781,74.69999694824219,74.69999694824219,25200,0.0,0.0
2025-05-15 03:20:00+00:00,74.69999694824219,74.69999694824219,74.69999694824219,74.69999694824219,3100,0.0,0.0
2025-05-15 03:25:00+00:00,74.69999694824219,74.69999694824219,74.69999694824219,74.69999694824219,6139,0.0,0.0
2025-05-15 03:30:00+00:00,74.69999694824219,74.69999694824219,74.5999984741211,74.5999984741211,8000,0.0,0.0
2025-05-15 03:35:00+00:00,74.5999984741211,74.5999984741211,74.5999984741211,74.5999984741211,5400,0.0,0.0
2025-05-15 03:40:00+00:00,74.5999984741211,74.5999984741211,74.5999984741211,74.5999984741211,1116,0.0,0.0
2025-05-15 03:45:00+00:00,74.5999984741211,74.5999984741211,74.5,74.5,15002,0.0,0.0
2025-05-15 03:50:00+00:00,74.5999984741211,74.5999984741211,74.5999984741211,74.5999984741211,2050,0.0,0.0
2025-05-15 03:55:00+00:00,74.5,74.5999984741211,74.5,74.5,42355,0.0,0.0
2025-05-15 04:00:00+00:00,74.4000015258789,74.4000015258789,74.4000015258789,74.4000015258789,23003,0.0,0.0
2025-05-15 04:05:00+00:00,74.4000015258789,74.4000015258789,74.4000015258789,74.4000015258789,21582,0.0,0.0
2025-05-15 04:10:00+00:00,74.30000305175781,74.30000305175781,74.30000305175781,74.30000305175781,32524,0.0,0.0
2025-05-15 04:15:00+00:00,74.19999694824219,74.30000305175781,74.19999694824219,74.30000305175781,13940,0.0,0.0
2025-05-15 04:20:00+00:00,74.19999694824219,74.30000305175781,74.0,74.30000305175781,120368,0.0,0.0
2025-05-15 04:25:00+00:00,74.19999694824219,74.30000305175781,74.19999694824219,74.30000305175781,9000,0.0,0.0
2025-05-15 04:30:00+00:00,74.30000305175781,74.30000305175781,74.0,74.0,95000,0.0,0.0
2025-05-15 04:40:00+00:00,74.0999984741211,74.4000015258789,74.0999984741211,74.4000015258789,17000,0.0,0.0
2025-05-15 04:45:00+00:00,74.4000015258789,74.4000015258789,74.30000305175781,74.30000305175781,13000,0.0,0.0
2025-05-15 04:50:00+00:00,74.30000305175781,74.4000015258789,74.30000305175781,74.4000015258789,12360,0.0,0.0
2025-05-15 04:55:00+00:00,74.4000015258789,74.4000015258789,74.30000305175781,74.30000305175781,17015,0.0,0.0
2025-05-15 05:00:00+00:00,74.4000015258789,74.4000015258789,74.4000015258789,74.4000015258789,7130,0.0,0.0
2025-05-15 05:05:00+00:00,74.4000015258789,74.5,74.4000015258789,74.4000015258789,10173,0.0,0.0
2025-05-15 05:10:00+00:00,74.4000015258789,74.5,74.4000015258789,74.5,16327,0.0,0.0
2025-05-15 05:15:00+00:00,74.4000015258789,74.5,74.4000015258789,74.5,23300,0.0,0.0
2025-05-15 05:20:00+00:00,74.5,74.5999984741211,74.4000015258789,74.5999984741211,21040,0.0,0.0
2025-05-16 01:00:00+00:00,74.69999694824219,74.69999694824219,74.19999694824219,74.19999694824219,0,0.0,0.0
2025-05-16 01:05:00+00:00,74.5,74.80000305175781,74.5,74.80000305175781,23050,0.0,0.0
2025-05-16 01:10:00+00:00,74.80000305175781,74.80000305175781,74.69999694824219,74.69999694824219,7110,0.0,0.0
2025-05-16 01:15:00+00:00,74.69999694824219,74.69999694824219,74.5999984741211,74.5999984741211,8000,0.0,0.0
2025-05-16 01:20:00+00:00,74.5999984741211,74.5999984741211,74.5999984741211,74.5999984741211,19025,0.0,0.0
2025-05-16 01:25:00+00:00,74.5999984741211,74.5999984741211,74.5999984741211,74.5999984741211,7000,0.0,0.0
2025-05-16 01:30:00+00:00,74.69999694824219,74.80000305175781,74.5999984741211,74.80000305175781,12100,0.0,0.0
2025-05-16 01:35:00+00:00,74.80000305175781,74.9000015258789,74.80000305175781,74.80000305175781,9000,0.0,0.0
2025-05-16 01:40:00+00:00,74.80000305175781,75.0,74.69999694824219,75.0,29150,0.0,0.0
2025-05-16 01:45:00+00:00,75.0999984741211,75.0999984741211,75.0,75.0,20000,0.0,0.0
2025-05-16 01:50:00+00:00,75.0,75.0,74.80000305175781,74.80000305175781,18010,0.0,0.0
2025-05-16 01:55:00+00:00,74.80000305175781,75.0,74.80000305175781,75.0,8102,0.0,0.0
2025-05-16 02:00:00+00:00,74.9000015258789,74.9000015258789,74.9000015258789,74.9000015258789,14000,0.0,0.0
2025-05-16 02:05:00+00:00,74.80000305175781,74.80000305175781,74.80000305175781,74.80000305175781,12400,0.0,0.0
2025-05-16 02:10:00+00:00,74.80000305175781,74.80000305175781,74.69999694824219,74.69999694824219,14319,0.0,0.0
2025-05-16 02:15:00+00:00,74.5999984741211,74.69999694824219,74.5999984741211,74.5999984741211,7902,0.0,0.0
2025-05-16 02:20:00+00:00,74.69999694824219,74.69999694824219,74.69999694824219,74.69999694824219,11365,0.0,0.0
2025-05-16 02:25:00+00:00,74.69999694824219,74.80000305175781,74.69999694824219,74.80000305175781,17083,0.0,0.0
2025-05-16 02:30:00+00:00,74.80000305175781,74.80000305175781,74.69999694824219,74.69999694824219,23000,0.0,0.0
2025-05-16 02:35:00+00:00,74.69999694824219,74.80000305175781,74.69999694824219,74.80000305175781,4000,0.0,0.0
2025-05-16 02:40:00+00:00,74.69999694824219,74.80000305175781,74.69999694824219,74.80000305175781,2000,0.0,0.0
2025-05-16 02:45:00+00:00,74.80000305175781,74.80000305175781,74.5999984741211,74.80000305175781,16001,0.0,0.0
2025-05-16 02:55:00+00:00,74.5999984741211,74.5999984741211,74.5999984741211,74.5999984741211,1000,0.0,0.0
2025-05-16 03:00:00+00:00,74.5999984741211,74.69999694824219,74.5999984741211,74.5999984741211,10013,0.0,0.0
2025-05-16 03:10:00+00:00,74.69999694824219,74.69999694824219,74.5999984741211,74.69999694824219,13000,0.0,0.0
2025-05-16 03:15:00+00:00,74.5999984741211,74.5999984741211,74.4000015258789,74.4000015258789,49942,0.0,0.0
2025-05-16 03:20:00+00:00,74.4000015258789,74.4000015258789,74.30000305175781,74.4000015258789,25000,0.0,0.0
2025-05-16 03:25:00+00:00,74.4000015258789,74.4000015258789,74.4000015258789,74.4000015258789,6000,0.0,0.0
2025-05-16 03:30:00+00:00,74.4000015258789,74.4000015258789,74.4000015258789,74.4000015258789,7100,0.0,0.0
2025-05-16 03:35:00+00:00,74.4000015258789,74.4000015258789,74.4000015258789,74.4000015258789,1068,0.0,0.0
2025-05-16 03:40:00+00:00,74.4000015258789,74.4000015258789,74.4000015258789,74.4000015258789,4152,0.0,0.0
2025-05-16 03:45:00+00:00,74.4000015258789,74.4000015258789,74.19999694824219,74.19999694824219,31000,0.0,0.0
2025-05-16 03:50:00+00:00,74.19999694824219,74.30000305175781,74.19999694824219,74.30000305175781,8006,0.0,0.0
2025-05-16 03:55:00+00:00,74.30000305175781,74.30000305175781,74.19999694824219,74.19999694824219,34000,0.0,0.0
2025-05-16 04:00:00+00:00,74.19999694824219,74.30000305175781,74.19999694824219,74.30000305175781,14104,0.0,0.0
2025-05-16 04:10:00+00:00,74.30000305175781,74.30000305175781,74.0999984741211,74.0999984741211,16001,0.0,0.0
2025-05-16 04:15:00+00:00,74.19999694824219,74.19999694824219,74.19999694824219,74.19999694824219,1130,0.0,0.0
2025-05-16 04:20:00+00:00,74.19999694824219,74.30000305175781,74.0999984741211,74.30000305175781,12035,0.0,0.0
2025-05-16 04:25:00+00:00,74.0999984741211,74.30000305175781,74.0999984741211,74.30000305175781,2200,0.0,0.0
2025-05-16 04:30:00+00:00,74.19999694824219,74.30000305175781,74.19999694824219,74.30000305175781,4200,0.0,0.0
2025-05-16 04:35:00+00:00,74.30000305175781,74.30000305175781,74.30000305175781,74.30000305175781,10000,0.0,0.0
2025-05-16 04:40:00+00:00,74.30000305175781,74.30000305175781,74.30000305175781,74.30000305175781,4100,0.0,0.0
2025-05-16 04:45:00+00:00,74.30000305175781,74.30000305175781,74.30000305175781,74.30000305175781,7091,0.0,0.0
2025-05-16 04:50:00+00:00,74.30000305175781,74.30000305175781,74.30000305175781,74.30000305175781,2100,0.0,0.0
2025-05-16 04:55:00+00:00,74.30000305175781,74.30000305175781,74.30000305175781,74.30000305175781,1000,0.0,0.0
2025-05-16 05:00:00+00:00,74.30000305175781,74.30000305175781,74.19999694824219,74.30000305175781,30218,0.0,0.0
2025-05-16 05:05:00+00:00,74.19999694824219,74.19999694824219,74.19999694824219,74.19999694824219,7070,0.0,0.0
2025-05-16 05:10:00+00:00,74.19999694824219,74.19999694824219,74.19999694824219,74.19999694824219,9000,0.0,0.0
2025-05-16 05:15:00+00:00,74.19999694824219,74.19999694824219,74.19999694824219,74.19999694824219,25510,0.0,0.0
2025-05-16 05:20:00+00:00,74.19999694824219,74.30000305175781,74.19999694824219,74.30000305175781,13238,0.0,0.0
2025-05-19 01:00:00+00:00,74.5,75.5999984741211,74.5,75.0,0,0.0,0.0
2025-05-19 01:05:00+00:00,75.0,75.19999694824219,74.80000305175781,75.19999694824219,63303,0.0,0.0
2025-05-19 01:10:00+00:00,75.19999694824219,75.19999694824219,74.5999984741211,74.5999984741211,125679,0.0,0.0
2025-05-19 01:15:00+00:00,74.5999984741211,74.5999984741211,74.5,74.5,37035,0.0,0.0
2025-05-19 01:20:00+00:00,74.4000015258789,74.5999984741211,74.4000015258789,74.5999984741211,42287,0.0,0.0
2025-05-19 01:25:00+00:00,74.69999694824219,74.69999694824219,74.5999984741211,74.69999694824219,17000,0.0,0.0
2025-05-19 01:30:00+00:00,74.69999694824219,74.69999694824219,74.5,74.5,42006,0.0,0.0
2025-05-19 01:35:00+00:00,74.4000015258789,74.5,74.30000305175781,74.5,16368,0.0,0.0
2025-05-19 01:40:00+00:00,74.5,74.5,74.4000015258789,74.5,18000,0.0,0.0
2025-05-19 01:45:00+00:00,74.5,74.5,74.4000015258789,74.4000015258789,16000,0.0,0.0
2025-05-19 01:50:00+00:00,74.4000015258789,74.4000015258789,74.4000015258789,74.4000015258789,11003,0.0,0.0
2025-05-19 01:55:00+00:00,74.5999984741211,74.5999984741211,74.5,74.5,13800,0.0,0.0
2025-05-19 02:00:00+00:00,74.5999984741211,74.5999984741211,74.5999984741211,74.5999984741211,8011,0.0,0.0
2025-05-19 02:05:00+00:00,74.5,74.5,74.4000015258789,74.4000015258789,28054,0.0,0.0
2025-05-19 02:10:00+00:00,74.4000015258789,74.5,74.4000015258789,74.5,2009,0.0,0.0
2025-05-19 02:15:00+00:00,74.5,74.5999984741211,74.5,74.5999984741211,14028,0.0,0.0
2025-05-19 02:20:00+00:00,74.69999694824219,75.0,74.69999694824219,75.0,25141,0.0,0.0
2025-05-19 02:25:00+00:00,74.9000015258789,74.9000015258789,74.80000305175781,74.9000015258789,7000,0.0,0.0
2025-05-19 02:30:00+00:00,75.0,75.0999984741211,75.0,75.0,28000,0.0,0.0
2025-05-19 02:35:00+00:00,74.9000015258789,74.9000015258789,74.80000305175781,74.80000305175781,7000,0.0,0.0
2025-05-19 02:40:00+00:00,74.80000305175781,74.80000305175781,74.80000305175781,74.80000305175781,7000,0.0,0.0
2025-05-19 02:45:00+00:00,74.80000305175781,74.80000305175781,74.69999694824219,74.69999694824219,82200,0.0,0.0
2025-05-19 02:50:00+00:00,74.80000305175781,74.9000015258789,74.80000305175781,74.9000015258789,2311,0.0,0.0
2025-05-19 03:00:00+00:00,74.9000015258789,74.9000015258789,74.80000305175781,74.80000305175781,12200,0.0,0.0
2025-05-19 03:05:00+00:00,74.69999694824219,74.80000305175781,74.69999694824219,74.80000305175781,4024,0.0,0.0
2025-05-19 03:10:00+00:00,74.80000305175781,74.80000305175781,74.80000305175781,74.80000305175781,14010,0.0,0.0
2025-05-19 03:15:00+00:00,74.80000305175781,74.80000305175781,74.80000305175781,74.80000305175781,1000,0.0,0.0
2025-05-19 03:20:00+00:00,74.80000305175781,74.80000305175781,74.80000305175781,74.80000305175781,5031,0.0,0.0
2025-05-19 03:25:00+00:00,74.69999694824219,74.69999694824219,74.5999984741211,74.69999694824219,22006,0.0,0.0
2025-05-19 03:30:00+00:00,74.69999694824219,74.69999694824219,74.5,74.5,59015,0.0,0.0
2025-05-19 03:35:00+00:00,74.5,74.5999984741211,74.5,74.5999984741211,19010,0.0,0.0
2025-05-19 03:40:00+00:00,74.5,74.5,74.4000015258789,74.4000015258789,21468,0.0,0.0
2025-05-19 03:45:00+00:00,74.5,74.5,74.5,74.5,6116,0.0,0.0
2025-05-19 03:50:00+00:00,74.4000015258789,74.4000015258789,74.4000015258789,74.4000015258789,4000,0.0,0.0
2025-05-19 03:55:00+00:00,74.5,74.5,74.5,74.5,21000,0.0,0.0
2025-05-19 04:00:00+00:00,74.5,74.5,74.5,74.5,7200,0.0,0.0
2025-05-19 04:05:00+00:00,74.5,74.5,74.5,74.5,10000,0.0,0.0
2025-05-19 04:10:00+00:00,74.5,74.5999984741211,74.5,74.5999984741211,3117,0.0,0.0
2025-05-19 04:15:00+00:00,74.5,74.5,74.5,74.5,1001,0.0,0.0
2025-05-19 04:20:00+00:00,74.5,74.5999984741211,74.5,74.5,11012,0.0,0.0
2025-05-19 04:25:00+00:00,74.5,74.5,74.5,74.5,7000,0.0,0.0
2025-05-19 04:30:00+00:00,74.5,74.5,74.5,74.5,11178,0.0,0.0
2025-05-19 04:35:00+00:00,74.5,74.5,74.5,74.5,8000,0.0,0.0
2025-05-19 04:40:00+00:00,74.4000015258789,74.5,74.4000015258789,74.5,12000,0.0,0.0
2025-05-19 04:45:00+00:00,74.5,74.5,74.30000305175781,74.30000305175781,98195,0.0,0.0
2025-05-19 04:50:00+00:00,74.30000305175781,74.30000305175781,74.19999694824219,74.19999694824219,18000,0.0,0.0
2025-05-19 04:55:00+00:00,74.19999694824219,74.19999694824219,74.0999984741211,74.0999984741211,74705,0.0,0.0
2025-05-19 05:00:00+00:00,74.0999984741211,74.0999984741211,74.0999984741211,74.0999984741211,13000,0.0,0.0
2025-05-19 05:05:00+00:00,74.0999984741211,74.19999694824219,74.0999984741211,74.0999984741211,16016,0.0,0.0
2025-05-19 05:10:00+00:00,74.0999984741211,74.0999984741211,74.0,74.0999984741211,27700,0.0,0.0
2025-05-19 05:15:00+00:00,74.0999984741211,74.0999984741211,74.0,74.0999984741211,25151,0.0,0.0
2025-05-19 05:20:00+00:00,74.0,74.0999984741211,73.9000015258789,74.0,101065,0.0,0.0
2025-05-20 01:00:00+00:00,74.5,74.69999694824219,74.0999984741211,74.5,0,0.0,0.0
2025-05-20 01:05:00+00:00,74.5,74.69999694824219,74.5,74.5999984741211,54049,0.0,0.0
2025-05-20 01:10:00+00:00,74.5999984741211,74.5999984741211,74.4000015258789,74.5,10887,0.0,0.0
2025-05-20 01:15:00+00:00,74.5,74.5,74.5,74.5,2513,0.0,0.0
2025-05-20 01:20:00+00:00,74.5,74.5999984741211,74.5,74.5999984741211,19010,0.0,0.0
2025-05-20 01:25:00+00:00,74.5999984741211,74.5999984741211,74.5,74.5,8000,0.0,0.0
2025-05-20 01:30:00+00:00,74.4000015258789,74.4000015258789,74.0999984741211,74.19999694824219,36453,0.0,0.0
2025-05-20 01:35:00+00:00,74.19999694824219,74.19999694824219,74.19999694824219,74.19999694824219,8410,0.0,0.0
2025-05-20 01:40:00+00:00,74.19999694824219,74.19999694824219,74.0999984741211,74.0999984741211,5000,0.0,0.0
2025-05-20 01:45:00+00:00,74.0999984741211,74.30000305175781,74.0999984741211,74.30000305175781,16003,0.0,0.0
2025-05-20 01:50:00+00:00,74.30000305175781,74.4000015258789,74.30000305175781,74.4000015258789,7190,0.0,0.0
2025-05-20 01:55:00+00:00,74.4000015258789,74.4000015258789,74.30000305175781,74.30000305175781,13025,0.0,0.0
2025-05-20 02:05:00+00:00,74.30000305175781,74.30000305175781,74.19999694824219,74.19999694824219,5247,0.0,0.0
2025-05-20 02:10:00+00:00,74.19999694824219,74.19999694824219,74.19999694824219,74.19999694824219,4000,0.0,0.0
2025-05-20 02:15:00+00:00,74.19999694824219,74.19999694824219,74.19999694824219,74.19999694824219,6000,0.0,0.0
2025-05-20 02:20:00+00:00,74.19999694824219,74.19999694824219,74.0999984741211,74.0999984741211,10010,0.0,0.0
2025-05-20 02:25:00+00:00,74.0999984741211,74.19999694824219,74.0999984741211,74.0999984741211,7287,0.0,0.0
2025-05-20 02:30:00+00:00,74.0999984741211,74.0999984741211,74.0,74.0999984741211,23405,0.0,0.0
2025-05-20 02:35:00+00:00,74.19999694824219,74.30000305175781,74.19999694824219,74.19999694824219,13030,0.0,0.0
2025-05-20 02:40:00+00:00,74.30000305175781,74.5,74.30000305175781,74.4000015258789,23000,0.0,0.0
2025-05-20 02:45:00+00:00,74.4000015258789,74.4000015258789,74.30000305175781,74.30000305175781,5000,0.0,0.0
2025-05-20 02:50:00+00:00,74.30000305175781,74.30000305175781,74.30000305175781,74.30000305175781,2000,0.0,0.0
2025-05-20 02:55:00+00:00,74.30000305175781,74.30000305175781,74.30000305175781,74.30000305175781,1000,0.0,0.0
2025-05-20 03:00:00+00:00,74.30000305175781,74.30000305175781,74.19999694824219,74.19999694824219,2000,0.0,0.0
2025-05-20 03:05:00+00:00,74.19999694824219,74.19999694824219,74.19999694824219,74.19999694824219,6004,0.0,0.0
2025-05-20 03:10:00+00:00,74.30000305175781,74.30000305175781,74.30000305175781,74.30000305175781,12000,0.0,0.0
2025-05-20 03:15:00+00:00,74.19999694824219,74.19999694824219,74.0999984741211,74.0999984741211,8000,0.0,0.0
2025-05-20 03:20:00+00:00,74.19999694824219,74.19999694824219,74.0999984741211,74.0999984741211,7176,0.0,0.0
2025-05-20 03:30:00+00:00,74.19999694824219,74.19999694824219,74.19999694824219,74.19999694824219,2000,0.0,0.0
2025-05-20 03:35:00+00:00,74.0999984741211,74.19999694824219,74.0999984741211,74.19999694824219,6000,0.0,0.0
2025-05-20 03:40:00+00:00,74.19999694824219,74.4000015258789,74.19999694824219,74.30000305175781,14000,0.0,0.0
2025-05-20 03:45:00+00:00,74.30000305175781,74.30000305175781,74.30000305175781,74.30000305175781,1000,0.0,0.0
2025-05-20 03:50:00+00:00,74.30000305175781,74.4000015258789,74.30000305175781,74.4000015258789,11287,0.0,0.0
2025-05-20 03:55:00+00:00,74.30000305175781,74.30000305175781,74.30000305175781,74.30000305175781,10200,0.0,0.0
2025-05-20 04:00:00+00:00,74.30000305175781,74.30000305175781,74.19999694824219,74.19999694824219,8000,0.0,0.0
2025-05-20 04:05:00+00:00,74.0999984741211,74.19999694824219,74.0999984741211,74.0999984741211,6026,0.0,0.0
2025-05-20 04:10:00+00:00,74.0999984741211,74.0999984741211,74.0,74.0,12000,0.0,0.0
2025-05-20 04:15:00+00:00,74.0,74.0,74.0,74.0,30100,0.0,0.0
2025-05-20 04:20:00+00:00,74.0,74.0,74.0,74.0,4000,0.0,0.0
2025-05-20 04:25:00+00:00,74.0,74.0,73.9000015258789,74.0,4000,0.0,0.0
2025-05-20 04:30:00+00:00,73.9000015258789,73.9000015258789,73.80000305175781,73.80000305175781,26422,0.0,0.0
2025-05-20 04:35:00+00:00,73.80000305175781,73.80000305175781,73.80000305175781,73.80000305175781,4000,0.0,0.0
2025-05-20 04:45:00+00:00,73.80000305175781,73.9000015258789,73.80000305175781,73.80000305175781,8250,0.0,0.0
2025-05-20 04:50:00+00:00,73.80000305175781,73.9000015258789,73.80000305175781,73.9000015258789,5000,0.0,0.0
2025-05-20 04:55:00+00:00,73.9000015258789,74.0,73.9000015258789,74.0,9030,0.0,0.0
2025-05-20 05:00:00+00:00,73.9000015258789,73.9000015258789,73.9000015258789,73.9000015258789,4401,0.0,0.0
2025-05-20 05:05:00+00:00,74.0,74.0,73.9000015258789,73.9000015258789,8103,0.0,0.0
2025-05-20 05:10:00+00:00,73.9000015258789,73.9000015258789,73.80000305175781,73.80000305175781,16000,0.0,0.0
2025-05-20 05:15:00+00:00,74.0,74.0999984741211,74.0,74.0999984741211,25003,0.0,0.0
2025-05-20 05:20:00+00:00,74.0999984741211,74.19999694824219,73.80000305175781,73.9000015258789,34659,0.0,0.0
2025-05-21 01:00:00+00:00,74.0999984741211,74.4000015258789,74.0999984741211,74.30000305175781,0,0.0,0.0
2025-05-21 01:05:00+00:00,74.4000015258789,74.69999694824219,74.4000015258789,74.5,24800,0.0,0.0
2025-05-21 01:10:00+00:00,74.5,74.5,74.5,74.5,5000,0.0,0.0
2025-05-21 01:15:00+00:00,74.5,74.5999984741211,74.5,74.5999984741211,15120,0.0,0.0
2025-05-21 01:20:00+00:00,74.5999984741211,74.5999984741211,74.5,74.5,9000,0.0,0.0
2025-05-21 01:25:00+00:00,74.4000015258789,74.4000015258789,74.4000015258789,74.4000015258789,9000,0.0,0.0
2025-05-21 01:30:00+00:00,74.4000015258789,74.4000015258789,74.19999694824219,74.4000015258789,16001,0.0,0.0
2025-05-21 01:35:00+00:00,74.30000305175781,74.30000305175781,74.30000305175781,74.30000305175781,2000,0.0,0.0
2025-05-21 01:40:00+00:00,74.30000305175781,74.4000015258789,74.30000305175781,74.4000015258789,5251,0.0,0.0
2025-05-21 01:45:00+00:00,74.30000305175781,74.30000305175781,74.30000305175781,74.30000305175781,2000,0.0,0.0
2025-05-21 01:50:00+00:00,74.30000305175781,74.30000305175781,74.19999694824219,74.19999694824219,8001,0.0,0.0
2025-05-21 01:55:00+00:00,74.19999694824219,74.30000305175781,74.19999694824219,74.30000305175781,5174,0.0,0.0
2025-05-21 02:00:00+00:00,74.30000305175781,74.30000305175781,74.19999694824219,74.30000305175781,3010,0.0,0.0
2025-05-21 02:05:00+00:00,74.30000305175781,74.30000305175781,74.19999694824219,74.19999694824219,5000,0.0,0.0
2025-05-21 02:10:00+00:00,74.30000305175781,74.30000305175781,74.30000305175781,74.30000305175781,3200,0.0,0.0
2025-05-21 02:15:00+00:00,74.30000305175781,74.30000305175781,74.19999694824219,74.19999694824219,12429,0.0,0.0
2025-05-21 02:20:00+00:00,74.19999694824219,74.19999694824219,74.19999694824219,74.19999694824219,14171,0.0,0.0
2025-05-21 02:25:00+00:00,74.19999694824219,74.19999694824219,74.19999694824219,74.19999694824219,3000,0.0,0.0
2025-05-21 02:30:00+00:00,74.30000305175781,74.30000305175781,74.30000305175781,74.30000305175781,1000,0.0,0.0
2025-05-21 02:35:00+00:00,74.30000305175781,74.4000015258789,74.30000305175781,74.4000015258789,14000,0.0,0.0
2025-05-21 02:40:00+00:00,74.4000015258789,74.5,74.4000015258789,74.5,51000,0.0,0.0
2025-05-21 02:45:00+00:00,74.5,74.5999984741211,74.5,74.5999984741211,23053,0.0,0.0
2025-05-21 02:50:00+00:00,74.5999984741211,74.69999694824219,74.5,74.5,27000,0.0,0.0
2025-05-21 02:55:00+00:00,74.5999984741211,74.69999694824219,74.5999984741211,74.69999694824219,24000,0.0,0.0
2025-05-21 03:00:00+00:00,74.69999694824219,74.80000305175781,74.69999694824219,74.80000305175781,40000,0.0,0.0
2025-05-21 03:05:00+00:00,74.80000305175781,74.9000015258789,74.80000305175781,74.80000305175781,13003,0.0,0.0
2025-05-21 03:10:00+00:00,74.80000305175781,74.80000305175781,74.69999694824219,74.69999694824219,6000,0.0,0.0
2025-05-21 03:15:00+00:00,74.69999694824219,74.69999694824219,74.69999694824219,74.69999694824219,4000,0.0,0.0
2025-05-21 03:20:00+00:00,74.80000305175781,74.80000305175781,74.80000305175781,74.80000305175781,9113,0.0,0.0
2025-05-21 03:25:00+00:00,74.80000305175781,74.80000305175781,74.80000305175781,74.80000305175781,2005,0.0,0.0
2025-05-21 03:30:00+00:00,74.80000305175781,74.80000305175781,74.80000305175781,74.80000305175781,2000,0.0,0.0
2025-05-21 03:35:00+00:00,74.69999694824219,74.69999694824219,74.69999694824219,74.69999694824219,13000,0.0,0.0
2025-05-21 03:40:00+00:00,74.69999694824219,74.80000305175781,74.69999694824219,74.80000305175781,29100,0.0,0.0
2025-05-21 03:45:00+00:00,74.80000305175781,74.9000015258789,74.80000305175781,74.9000015258789,40013,0.0,0.0
2025-05-21 03:50:00+00:00,74.80000305175781,74.9000015258789,74.80000305175781,74.80000305175781,8000,0.0,0.0
2025-05-21 03:55:00+00:00,74.80000305175781,74.80000305175781,74.80000305175781,74.80000305175781,4000,0.0,0.0
2025-05-21 04:00:00+00:00,74.80000305175781,74.80000305175781,74.80000305175781,74.80000305175781,15100,0.0,0.0
2025-05-21 04:05:00+00:00,74.80000305175781,74.80000305175781,74.69999694824219,74.80000305175781,7017,0.0,0.0
2025-05-21 04:15:00+00:00,74.80000305175781,74.80000305175781,74.80000305175781,74.80000305175781,1003,0.0,0.0
2025-05-21 04:20:00+00:00,74.80000305175781,74.80000305175781,74.80000305175781,74.80000305175781,13000,0.0,0.0
2025-05-21 04:25:00+00:00,74.69999694824219,74.80000305175781,74.69999694824219,74.80000305175781,9400,0.0,0.0
2025-05-21 04:30:00+00:00,74.80000305175781,74.80000305175781,74.80000305175781,74.80000305175781,3386,0.0,0.0
2025-05-21 04:35:00+00:00,74.80000305175781,74.80000305175781,74.80000305175781,74.80000305175781,3164,0.0,0.0
2025-05-21 04:40:00+00:00,74.80000305175781,74.9000015258789,74.80000305175781,74.9000015258789,2186,0.0,0.0
2025-05-21 04:45:00+00:00,74.80000305175781,74.80000305175781,74.80000305175781,74.80000305175781,11000,0.0,0.0
2025-05-21 04:50:00+00:00,74.80000305175781,74.80000305175781,74.5999984741211,74.5999984741211,39000,0.0,0.0
2025-05-21 04:55:00+00:00,74.69999694824219,74.69999694824219,74.69999694824219,74.69999694824219,11000,0.0,0.0
2025-05-21 05:00:00+00:00,74.69999694824219,74.80000305175781,74.69999694824219,74.69999694824219,4000,0.0,0.0
2025-05-21 05:05:00+00:00,74.69999694824219,74.69999694824219,74.69999694824219,74.69999694824219,6101,0.0,0.0
2025-05-21 05:10:00+00:00,74.69999694824219,74.80000305175781,74.69999694824219,74.69999694824219,7055,0.0,0.0
2025-05-21 05:15:00+00:00,74.69999694824219,74.69999694824219,74.69999694824219,74.69999694824219,17785,0.0,0.0
2025-05-21 05:20:00+00:00,74.80000305175781,75.0,74.80000305175781,74.9000015258789,60122,0.0,0.0
2025-05-22 01:00:00+00:00,74.5,74.5,74.0,74.0,0,0.0,0.0
2025-05-22 01:05:00+00:00,74.0,74.5,74.0,74.5,23114,0.0,0.0
2025-05-22 01:10:00+00:00,74.30000305175781,74.4000015258789,74.30000305175781,74.4000015258789,7340,0.0,0.0
2025-05-22 01:15:00+00:00,74.4000015258789,74.5,74.4000015258789,74.5,64000,0.0,0.0
2025-05-22 01:20:00+00:00,74.30000305175781,74.30000305175781,74.30000305175781,74.30000305175781,16240,0.0,0.0
2025-05-22 01:25:00+00:00,74.30000305175781,74.30000305175781,74.30000305175781,74.30000305175781,5010,0.0,0.0
2025-05-22 01:30:00+00:00,74.30000305175781,74.30000305175781,74.30000305175781,74.30000305175781,6040,0.0,0.0
2025-05-22 01:35:00+00:00,74.30000305175781,74.30000305175781,74.30000305175781,74.30000305175781,2010,0.0,0.0
2025-05-22 01:40:00+00:00,74.30000305175781,74.30000305175781,74.30000305175781,74.30000305175781,2000,0.0,0.0
2025-05-22 01:45:00+00:00,74.4000015258789,74.4000015258789,74.30000305175781,74.30000305175781,9000,0.0,0.0
2025-05-22 01:50:00+00:00,74.30000305175781,74.30000305175781,74.0999984741211,74.19999694824219,22000,0.0,0.0
2025-05-22 01:55:00+00:00,74.19999694824219,74.19999694824219,74.19999694824219,74.19999694824219,5000,0.0,0.0
2025-05-22 02:00:00+00:00,74.19999694824219,74.30000305175781,74.19999694824219,74.30000305175781,34150,0.0,0.0
2025-05-22 02:05:00+00:00,74.19999694824219,74.19999694824219,74.0999984741211,74.0999984741211,12000,0.0,0.0
2025-05-22 02:10:00+00:00,74.19999694824219,74.19999694824219,74.19999694824219,74.19999694824219,3010,0.0,0.0
2025-05-22 02:15:00+00:00,74.30000305175781,74.30000305175781,74.0999984741211,74.0999984741211,3090,0.0,0.0
2025-05-22 02:20:00+00:00,74.0999984741211,74.19999694824219,74.0999984741211,74.19999694824219,2000,0.0,0.0
2025-05-22 02:25:00+00:00,74.19999694824219,74.19999694824219,74.19999694824219,74.19999694824219,3000,0.0,0.0
2025-05-22 02:30:00+00:00,74.4000015258789,74.4000015258789,74.4000015258789,74.4000015258789,4100,0.0,0.0
2025-05-22 02:35:00+00:00,74.30000305175781,74.30000305175781,74.19999694824219,74.19999694824219,5000,0.0,0.0
2025-05-22 02:40:00+00:00,74.19999694824219,74.30000305175781,74.19999694824219,74.19999694824219,13000,0.0,0.0
2025-05-22 02:45:00+00:00,74.19999694824219,74.19999694824219,74.0999984741211,74.0999984741211,23199,0.0,0.0
2025-05-22 02:50:00+00:00,74.0999984741211,74.0999984741211,74.0,74.0,26604,0.0,0.0
2025-05-22 02:55:00+00:00,74.0,74.0,74.0,74.0,3477,0.0,0.0
2025-05-22 03:00:00+00:00,74.0,74.0,74.0,74.0,6030,0.0,0.0
2025-05-22 03:05:00+00:00,74.0999984741211,74.0999984741211,74.0999984741211,74.0999984741211,3000,0.0,0.0
2025-05-22 03:10:00+00:00,74.0,74.0,74.0,74.0,10524,0.0,0.0
2025-05-22 03:15:00+00:00,74.0,74.0999984741211,74.0,74.0999984741211,3000,0.0,0.0
2025-05-22 03:20:00+00:00,74.0,74.0999984741211,74.0,74.0999984741211,11000,0.0,0.0
2025-05-22 03:25:00+00:00,74.0999984741211,74.0999984741211,74.0999984741211,74.0999984741211,3000,0.0,0.0
2025-05-22 03:30:00+00:00,74.0999984741211,74.0999984741211,74.0999984741211,74.0999984741211,3000,0.0,0.0
2025-05-22 03:35:00+00:00,74.0999984741211,74.0999984741211,73.9000015258789,73.9000015258789,20000,0.0,0.0
2025-05-22 03:40:00+00:00,73.9000015258789,73.9000015258789,73.9000015258789,73.9000015258789,11000,0.0,0.0
2025-05-22 03:50:00+00:00,74.0,74.0999984741211,74.0,74.0999984741211,2000,0.0,0.0
2025-05-22 03:55:00+00:00,74.0999984741211,74.0999984741211,74.0999984741211,74.0999984741211,1000,0.0,0.0
2025-05-22 04:00:00+00:00,74.0,74.0999984741211,74.0,74.0999984741211,2132,0.0,0.0
2025-05-22 04:10:00+00:00,74.19999694824219,74.19999694824219,74.0999984741211,74.0999984741211,3000,0.0,0.0
2025-05-22 04:15:00+00:00,74.0999984741211,74.0999984741211,74.0999984741211,74.0999984741211,6015,0.0,0.0
2025-05-22 04:25:00+00:00,74.0,74.0999984741211,74.0,74.0,12040,0.0,0.0
2025-05-22 04:30:00+00:00,74.0,74.0999984741211,74.0,74.0999984741211,5029,0.0,0.0
2025-05-22 04:35:00+00:00,74.0999984741211,74.0999984741211,74.0,74.0999984741211,5081,0.0,0.0
2025-05-22 04:40:00+00:00,74.0999984741211,74.0999984741211,74.0999984741211,74.0999984741211,1003,0.0,0.0
2025-05-22 04:45:00+00:00,74.0999984741211,74.19999694824219,74.0999984741211,74.19999694824219,6000,0.0,0.0
2025-05-22 04:50:00+00:00,74.19999694824219,74.19999694824219,74.19999694824219,74.19999694824219,2000,0.0,0.0
2025-05-22 04:55:00+00:00,74.0999984741211,74.0999984741211,74.0999984741211,74.0999984741211,3000,0.0,0.0
2025-05-22 05:00:00+00:00,74.0999984741211,74.0999984741211,74.0999984741211,74.0999984741211,9167,0.0,0.0
2025-05-22 05:05:00+00:00,74.0999984741211,74.19999694824219,74.0999984741211,74.0999984741211,15147,0.0,0.0
2025-05-22 05:10:00+00:00,74.19999694824219,74.19999694824219,74.0,74.0,17000,0.0,0.0
2025-05-22 05:15:00+00:00,74.0,74.0999984741211,74.0,74.0,51000,0.0,0.0
2025-05-22 05:20:00+00:00,73.9000015258789,74.0,73.9000015258789,73.9000015258789,22110,0.0,0.0
2025-05-23 01:00:00+00:00,74.5,74.5999984741211,74.5,74.5999984741211,0,0.0,0.0
2025-05-23 01:05:00+00:00,74.5,74.5999984741211,74.5,74.5999984741211,48000,0.0,0.0
2025-05-23 01:10:00+00:00,74.5999984741211,74.80000305175781,74.5999984741211,74.69999694824219,47318,0.0,0.0
2025-05-23 01:15:00+00:00,74.69999694824219,74.80000305175781,74.69999694824219,74.69999694824219,12453,0.0,0.0
2025-05-23 01:20:00+00:00,74.69999694824219,74.69999694824219,74.4000015258789,74.5,35000,0.0,0.0
2025-05-23 01:25:00+00:00,74.5,74.5,74.30000305175781,74.5,6050,0.0,0.0
2025-05-23 01:30:00+00:00,74.5,74.5,74.30000305175781,74.30000305175781,14070,0.0,0.0
2025-05-23 01:35:00+00:00,74.30000305175781,74.30000305175781,74.30000305175781,74.30000305175781,8000,0.0,0.0
2025-05-23 01:40:00+00:00,74.30000305175781,74.4000015258789,74.19999694824219,74.4000015258789,10205,0.0,0.0
2025-05-23 01:45:00+00:00,74.30000305175781,74.4000015258789,74.30000305175781,74.30000305175781,42045,0.0,0.0
2025-05-23 01:50:00+00:00,74.30000305175781,74.69999694824219,74.30000305175781,74.5999984741211,39006,0.0,0.0
2025-05-23 01:55:00+00:00,74.5999984741211,74.5999984741211,74.5,74.5,23098,0.0,0.0
2025-05-23 02:00:00+00:00,74.4000015258789,74.4000015258789,74.30000305175781,74.4000015258789,23054,0.0,0.0
2025-05-23 02:05:00+00:00,74.4000015258789,74.4000015258789,74.4000015258789,74.4000015258789,3002,0.0,0.0
2025-05-23 02:10:00+00:00,74.5,74.5,74.30000305175781,74.30000305175781,21000,0.0,0.0
2025-05-23 02:20:00+00:00,74.4000015258789,74.69999694824219,74.4000015258789,74.69999694824219,52000,0.0,0.0
2025-05-23 02:25:00+00:00,74.69999694824219,74.69999694824219,74.69999694824219,74.69999694824219,14500,0.0,0.0
2025-05-23 02:30:00+00:00,74.69999694824219,74.69999694824219,74.5999984741211,74.5999984741211,8580,0.0,0.0
2025-05-23 02:35:00+00:00,74.5,74.5999984741211,74.5,74.5999984741211,25170,0.0,0.0
2025-05-23 02:45:00+00:00,74.5999984741211,74.5999984741211,74.5999984741211,74.5999984741211,1007,0.0,0.0
2025-05-23 02:50:00+00:00,74.5,74.5,74.5,74.5,1004,0.0,0.0
2025-05-23 02:55:00+00:00,74.5,74.5,74.5,74.5,4050,0.0,0.0
2025-05-23 03:00:00+00:00,74.4000015258789,74.5,74.4000015258789,74.5,7000,0.0,0.0
2025-05-23 03:05:00+00:00,74.5,74.5999984741211,74.5,74.5,8003,0.0,0.0
2025-05-23 03:10:00+00:00,74.5999984741211,74.5999984741211,74.5,74.5,13010,0.0,0.0
2025-05-23 03:15:00+00:00,74.5,74.5,74.5,74.5,2150,0.0,0.0
2025-05-23 03:20:00+00:00,74.5,74.5,74.5,74.5,5030,0.0,0.0
2025-05-23 03:25:00+00:00,74.5,74.5,74.5,74.5,1003,0.0,0.0
2025-05-23 03:30:00+00:00,74.5,74.5,74.5,74.5,6000,0.0,0.0
2025-05-23 03:45:00+00:00,74.4000015258789,74.4000015258789,74.4000015258789,74.4000015258789,4045,0.0,0.0
2025-05-23 03:50:00+00:00,74.4000015258789,74.4000015258789,74.30000305175781,74.30000305175781,5000,0.0,0.0
2025-05-23 03:55:00+00:00,74.30000305175781,74.30000305175781,74.30000305175781,74.30000305175781,7303,0.0,0.0
2025-05-23 04:05:00+00:00,74.30000305175781,74.30000305175781,74.30000305175781,74.30000305175781,2000,0.0,0.0
2025-05-23 04:10:00+00:00,74.19999694824219,74.19999694824219,74.0999984741211,74.19999694824219,9004,0.0,0.0
2025-05-23 04:15:00+00:00,74.0999984741211,74.19999694824219,74.0999984741211,74.19999694824219,3000,0.0,0.0
2025-05-23 04:20:00+00:00,74.0999984741211,74.19999694824219,74.0,74.0999984741211,32744,0.0,0.0
2025-05-23 04:25:00+00:00,74.0,74.0,73.80000305175781,73.80000305175781,62690,0.0,0.0
2025-05-23 04:30:00+00:00,73.80000305175781,73.80000305175781,73.80000305175781,73.80000305175781,1000,0.0,0.0
2025-05-23 04:35:00+00:00,73.80000305175781,73.9000015258789,73.80000305175781,73.80000305175781,6000,0.0,0.0
2025-05-23 04:40:00+00:00,73.80000305175781,74.0,73.80000305175781,73.9000015258789,6572,0.0,0.0
2025-05-23 04:45:00+00:00,74.0,74.0,73.80000305175781,73.80000305175781,6200,0.0,0.0
2025-05-23 04:50:00+00:00,73.80000305175781,73.9000015258789,73.80000305175781,73.9000015258789,13248,0.0,0.0
2025-05-23 04:55:00+00:00,73.9000015258789,74.0,73.80000305175781,74.0,3230,0.0,0.0
2025-05-23 05:00:00+00:00,73.9000015258789,73.9000015258789,73.80000305175781,73.80000305175781,11410,0.0,0.0
2025-05-23 05:05:00+00:00,73.80000305175781,74.0,73.80000305175781,73.9000015258789,11103,0.0,0.0
2025-05-23 05:10:00+00:00,74.0,74.0,74.0,74.0,7000,0.0,0.0
2025-05-23 05:15:00+00:00,74.0,74.0,74.0,74.0,2000,0.0,0.0
2025-05-23 05:20:00+00:00,74.0,74.0999984741211,73.9000015258789,73.9000015258789,31003,0.0,0.0
2025-05-26 01:00:00+00:00,73.80000305175781,73.80000305175781,73.19999694824219,73.30000305175781,0,0.0,0.0
2025-05-26 01:05:00+00:00,73.30000305175781,73.4000015258789,73.0,73.4000015258789,28156,0.0,0.0
2025-05-26 01:10:00+00:00,73.5,73.9000015258789,73.5,73.80000305175781,8053,0.0,0.0
2025-05-26 01:15:00+00:00,74.0,74.0,73.9000015258789,74.0,7145,0.0,0.0
2025-05-26 01:20:00+00:00,73.9000015258789,73.9000015258789,73.80000305175781,73.80000305175781,18000,0.0,0.0
2025-05-26 01:25:00+00:00,73.9000015258789,74.0,73.80000305175781,73.9000015258789,12050,0.0,0.0
2025-05-26 01:30:00+00:00,74.0,74.0999984741211,73.9000015258789,74.0,12205,0.0,0.0
2025-05-26 01:35:00+00:00,73.9000015258789,74.0,73.9000015258789,74.0,8224,0.0,0.0
2025-05-26 01:40:00+00:00,73.9000015258789,74.0999984741211,73.80000305175781,74.0999984741211,16026,0.0,0.0
2025-05-26 01:45:00+00:00,74.0999984741211,74.0999984741211,74.0,74.0999984741211,4171,0.0,0.0
2025-05-26 01:50:00+00:00,74.0999984741211,74.0999984741211,74.0,74.0,6000,0.0,0.0
2025-05-26 01:55:00+00:00,74.0,74.30000305175781,73.80000305175781,74.30000305175781,12014,0.0,0.0
2025-05-26 02:00:00+00:00,74.4000015258789,74.5,74.4000015258789,74.5,23354,0.0,0.0
2025-05-26 02:05:00+00:00,74.4000015258789,74.4000015258789,74.4000015258789,74.4000015258789,3000,0.0,0.0
2025-05-26 02:10:00+00:00,74.4000015258789,74.4000015258789,74.0999984741211,74.0999984741211,11000,0.0,0.0
2025-05-26 02:15:00+00:00,74.0999984741211,74.0999984741211,74.0,74.0,2000,0.0,0.0
2025-05-26 02:20:00+00:00,74.19999694824219,74.19999694824219,74.19999694824219,74.19999694824219,3101,0.0,0.0
2025-05-26 02:25:00+00:00,74.0999984741211,74.0999984741211,74.0999984741211,74.0999984741211,1000,0.0,0.0
2025-05-26 02:30:00+00:00,74.19999694824219,74.19999694824219,74.19999694824219,74.19999694824219,6000,0.0,0.0
2025-05-26 02:40:00+00:00,74.19999694824219,74.19999694824219,74.19999694824219,74.19999694824219,4000,0.0,0.0
2025-05-26 02:45:00+00:00,74.19999694824219,74.19999694824219,74.19999694824219,74.19999694824219,7000,0.0,0.0
2025-05-26 02:55:00+00:00,74.0999984741211,74.0999984741211,74.0999984741211,74.0999984741211,9119,0.0,0.0
2025-05-26 03:05:00+00:00,74.0,74.0999984741211,74.0,74.0999984741211,4000,0.0,0.0
2025-05-26 03:15:00+00:00,74.0999984741211,74.0999984741211,74.0999984741211,74.0999984741211,5000,0.0,0.0
2025-05-26 03:20:00+00:00,74.0999984741211,74.0999984741211,74.0999984741211,74.0999984741211,1003,0.0,0.0
2025-05-26 03:30:00+00:00,74.0,74.0,74.0,74.0,7000,0.0,0.0
2025-05-26 03:35:00+00:00,74.0,74.0,73.9000015258789,73.9000015258789,12000,0.0,0.0
2025-05-26 03:40:00+00:00,74.0,74.0,74.0,74.0,2000,0.0,0.0
2025-05-26 03:45:00+00:00,73.9000015258789,73.9000015258789,73.9000015258789,73.9000015258789,1000,0.0,0.0
2025-05-26 03:55:00+00:00,73.9000015258789,73.9000015258789,73.80000305175781,73.80000305175781,6024,0.0,0.0
2025-05-26 04:00:00+00:00,73.80000305175781,73.80000305175781,73.80000305175781,73.80000305175781,7035,0.0,0.0
2025-05-26 04:05:00+00:00,73.9000015258789,73.9000015258789,73.9000015258789,73.9000015258789,4000,0.0,0.0
2025-05-26 04:10:00+00:00,73.9000015258789,73.9000015258789,73.9000015258789,73.9000015258789,3004,0.0,0.0
2025-05-26 04:15:00+00:00,74.0999984741211,74.0999984741211,73.80000305175781,73.80000305175781,25223,0.0,0.0
2025-05-26 04:20:00+00:00,73.80000305175781,73.80000305175781,73.69999694824219,73.69999694824219,25224,0.0,0.0
2025-05-26 04:25:00+00:00,73.5999984741211,73.69999694824219,73.5999984741211,73.5999984741211,11503,0.0,0.0
2025-05-26 04:30:00+00:00,73.5999984741211,73.5999984741211,73.5999984741211,73.5999984741211,7000,0.0,0.0
2025-05-26 04:35:00+00:00,73.69999694824219,73.80000305175781,73.69999694824219,73.80000305175781,27000,0.0,0.0
2025-05-26 04:40:00+00:00,73.80000305175781,73.80000305175781,73.80000305175781,73.80000305175781,5000,0.0,0.0
2025-05-26 04:45:00+00:00,73.80000305175781,73.9000015258789,73.80000305175781,73.80000305175781,6009,0.0,0.0
2025-05-26 04:50:00+00:00,73.9000015258789,73.9000015258789,73.9000015258789,73.9000015258789,1000,0.0,0.0
2025-05-26 04:55:00+00:00,73.9000015258789,73.9000015258789,73.9000015258789,73.9000015258789,4000,0.0,0.0
2025-05-26 05:00:00+00:00,73.80000305175781,73.80000305175781,73.80000305175781,73.80000305175781,3030,0.0,0.0
2025-05-26 05:05:00+00:00,73.80000305175781,73.80000305175781,73.80000305175781,73.80000305175781,4000,0.0,0.0
2025-05-26 05:10:00+00:00,73.80000305175781,73.9000015258789,73.80000305175781,73.9000015258789,3000,0.0,0.0
2025-05-26 05:15:00+00:00,73.80000305175781,73.9000015258789,73.80000305175781,73.9000015258789,11300,0.0,0.0
2025-05-26 05:20:00+00:00,73.9000015258789,74.0,73.9000015258789,73.9000015258789,5300,0.0,0.0
2025-05-27 01:00:00+00:00,74.0,74.4000015258789,74.0,74.0,0,0.0,0.0
2025-05-27 01:05:00+00:00,74.0999984741211,74.0999984741211,74.0,74.0,9002,0.0,0.0
2025-05-27 01:10:00+00:00,74.0,74.0,73.9000015258789,74.0,7058,0.0,0.0
2025-05-27 01:15:00+00:00,74.0,74.19999694824219,74.0,74.19999694824219,9000,0.0,0.0
2025-05-27 01:20:00+00:00,74.19999694824219,74.30000305175781,74.19999694824219,74.30000305175781,7092,0.0,0.0
2025-05-27 01:25:00+00:00,74.30000305175781,74.30000305175781,74.30000305175781,74.30000305175781,8000,0.0,0.0
2025-05-27 01:30:00+00:00,74.30000305175781,74.30000305175781,74.19999694824219,74.30000305175781,5000,0.0,0.0
2025-05-27 01:35:00+00:00,74.30000305175781,74.30000305175781,74.19999694824219,74.19999694824219,8000,0.0,0.0
2025-05-27 01:40:00+00:00,74.0999984741211,74.19999694824219,74.0999984741211,74.0999984741211,15019,0.0,0.0
2025-05-27 01:45:00+00:00,74.0999984741211,74.0999984741211,74.0,74.0,6000,0.0,0.0
2025-05-27 01:50:00+00:00,74.0,74.0999984741211,74.0,74.0,15109,0.0,0.0
2025-05-27 01:55:00+00:00,74.0,74.0,73.69999694824219,73.69999694824219,22061,0.0,0.0
2025-05-27 02:00:00+00:00,73.69999694824219,73.69999694824219,73.4000015258789,73.4000015258789,19300,0.0,0.0
2025-05-27 02:05:00+00:00,73.4000015258789,73.4000015258789,73.4000015258789,73.4000015258789,6015,0.0,0.0
2025-05-27 02:10:00+00:00,73.4000015258789,73.4000015258789,73.19999694824219,73.19999694824219,10965,0.0,0.0
2025-05-27 02:15:00+00:00,73.30000305175781,73.4000015258789,73.30000305175781,73.4000015258789,11007,0.0,0.0
2025-05-27 02:20:00+00:00,73.30000305175781,73.30000305175781,73.30000305175781,73.30000305175781,6006,0.0,0.0
2025-05-27 02:25:00+00:00,73.4000015258789,73.4000015258789,73.4000015258789,73.4000015258789,1145,0.0,0.0
2025-05-27 02:30:00+00:00,73.4000015258789,73.5,73.4000015258789,73.5,3250,0.0,0.0
2025-05-27 02:40:00+00:00,73.5999984741211,73.5999984741211,73.5999984741211,73.5999984741211,4000,0.0,0.0
2025-05-27 02:45:00+00:00,73.5,73.5,73.4000015258789,73.4000015258789,6067,0.0,0.0
2025-05-27 02:50:00+00:00,73.4000015258789,73.4000015258789,73.30000305175781,73.30000305175781,11000,0.0,0.0
2025-05-27 02:55:00+00:00,73.4000015258789,73.4000015258789,73.4000015258789,73.4000015258789,1000,0.0,0.0
2025-05-27 03:00:00+00:00,73.30000305175781,73.30000305175781,73.30000305175781,73.30000305175781,3040,0.0,0.0
2025-05-27 03:05:00+00:00,73.4000015258789,73.4000015258789,73.4000015258789,73.4000015258789,2129,0.0,0.0
2025-05-27 03:10:00+00:00,73.30000305175781,73.30000305175781,73.19999694824219,73.19999694824219,12070,0.0,0.0
2025-05-27 03:15:00+00:00,73.19999694824219,73.30000305175781,73.19999694824219,73.30000305175781,5018,0.0,0.0
2025-05-27 03:20:00+00:00,73.30000305175781,73.30000305175781,73.19999694824219,73.19999694824219,8000,0.0,0.0
2025-05-27 03:25:00+00:00,73.30000305175781,73.30000305175781,73.0999984741211,73.0999984741211,15261,0.0,0.0
2025-05-27 03:30:00+00:00,73.0999984741211,73.0999984741211,73.0,73.0999984741211,34167,0.0,0.0
2025-05-27 03:35:00+00:00,73.0999984741211,73.0999984741211,73.0,73.0,27480,0.0,0.0
2025-05-27 03:40:00+00:00,73.0,73.0,73.0,73.0,8495,0.0,0.0
2025-05-27 03:45:00+00:00,73.0,73.0,73.0,73.0,10000,0.0,0.0
2025-05-27 03:50:00+00:00,73.0,73.0,73.0,73.0,2751,0.0,0.0
2025-05-27 03:55:00+00:00,73.0,73.0,72.9000015258789,72.9000015258789,19123,0.0,0.0
2025-05-27 04:00:00+00:00,72.9000015258789,72.9000015258789,72.9000015258789,72.9000015258789,7318,0.0,0.0
2025-05-27 04:05:00+00:00,72.9000015258789,72.9000015258789,72.9000015258789,72.9000015258789,27200,0.0,0.0
2025-05-27 04:10:00+00:00,73.0,73.0,73.0,73.0,14317,0.0,0.0
2025-05-27 04:15:00+00:00,72.9000015258789,73.0,72.9000015258789,72.9000015258789,13002,0.0,0.0
2025-05-27 04:20:00+00:00,72.80000305175781,72.80000305175781,72.69999694824219,72.69999694824219,37001,0.0,0.0
2025-05-27 04:25:00+00:00,72.69999694824219,72.80000305175781,72.69999694824219,72.69999694824219,8000,0.0,0.0
2025-05-27 04:30:00+00:00,72.69999694824219,72.9000015258789,72.69999694824219,72.9000015258789,21000,0.0,0.0
2025-05-27 04:40:00+00:00,72.9000015258789,72.9000015258789,72.80000305175781,72.80000305175781,5500,0.0,0.0
2025-05-27 04:45:00+00:00,72.80000305175781,72.80000305175781,72.80000305175781,72.80000305175781,20000,0.0,0.0
2025-05-27 04:55:00+00:00,72.80000305175781,72.9000015258789,72.80000305175781,72.9000015258789,19396,0.0,0.0
2025-05-27 05:00:00+00:00,72.9000015258789,72.9000015258789,72.9000015258789,72.9000015258789,3000,0.0,0.0
2025-05-27 05:05:00+00:00,72.9000015258789,73.0,72.9000015258789,73.0,18072,0.0,0.0
2025-05-27 05:10:00+00:00,73.0,73.0999984741211,73.0,73.0999984741211,3200,0.0,0.0
2025-05-27 05:15:00+00:00,73.0999984741211,73.0999984741211,72.9000015258789,72.9000015258789,17120,0.0,0.0
2025-05-27 05:20:00+00:00,72.9000015258789,73.0,72.9000015258789,73.0,8030,0.0,0.0
2025-05-28 01:00:00+00:00,73.0,73.30000305175781,73.0,73.30000305175781,0,0.0,0.0
2025-05-28 01:05:00+00:00,73.30000305175781,73.80000305175781,73.30000305175781,73.80000305175781,18700,0.0,0.0
2025-05-28 01:10:00+00:00,73.69999694824219,73.69999694824219,73.69999694824219,73.69999694824219,5105,0.0,0.0
2025-05-28 01:15:00+00:00,73.5,73.5,73.0999984741211,73.0999984741211,12170,0.0,0.0
2025-05-28 01:20:00+00:00,73.0,73.0,72.9000015258789,73.0,30009,0.0,0.0
2025-05-28 01:25:00+00:00,73.0,73.0,72.9000015258789,72.9000015258789,19036,0.0,0.0
2025-05-28 01:30:00+00:00,72.9000015258789,72.9000015258789,72.80000305175781,72.80000305175781,25140,0.0,0.0
2025-05-28 01:35:00+00:00,72.69999694824219,73.0,72.69999694824219,73.0,23235,0.0,0.0
2025-05-28 01:40:00+00:00,73.0,73.0,73.0,73.0,1000,0.0,0.0
2025-05-28 01:45:00+00:00,73.0,73.0999984741211,73.0,73.0999984741211,10000,0.0,0.0
2025-05-28 01:50:00+00:00,73.0,73.0,72.9000015258789,72.9000015258789,12000,0.0,0.0
2025-05-28 01:55:00+00:00,73.0,73.0,72.9000015258789,72.9000015258789,2000,0.0,0.0
2025-05-28 02:00:00+00:00,73.0,73.0,73.0,73.0,5000,0.0,0.0
2025-05-28 02:05:00+00:00,73.0999984741211,73.0999984741211,73.0999984741211,73.0999984741211,4100,0.0,0.0
2025-05-28 02:10:00+00:00,73.0999984741211,73.0999984741211,73.0,73.0,8736,0.0,0.0
2025-05-28 02:20:00+00:00,73.0,73.0,72.69999694824219,72.69999694824219,33570,0.0,0.0
2025-05-28 02:25:00+00:00,72.69999694824219,72.80000305175781,72.69999694824219,72.80000305175781,5071,0.0,0.0
2025-05-28 02:30:00+00:00,72.9000015258789,72.9000015258789,72.9000015258789,72.9000015258789,1000,0.0,0.0
2025-05-28 02:35:00+00:00,72.80000305175781,72.80000305175781,72.80000305175781,72.80000305175781,1000,0.0,0.0
2025-05-28 02:45:00+00:00,72.80000305175781,72.9000015258789,72.80000305175781,72.9000015258789,12200,0.0,0.0
2025-05-28 02:50:00+00:00,72.9000015258789,72.9000015258789,72.9000015258789,72.9000015258789,4000,0.0,0.0
2025-05-28 02:55:00+00:00,72.80000305175781,72.80000305175781,72.80000305175781,72.80000305175781,5005,0.0,0.0
2025-05-28 03:05:00+00:00,72.9000015258789,72.9000015258789,72.9000015258789,72.9000015258789,3320,0.0,0.0
2025-05-28 03:15:00+00:00,72.9000015258789,72.9000015258789,72.9000015258789,72.9000015258789,6000,0.0,0.0
2025-05-28 03:20:00+00:00,72.9000015258789,72.9000015258789,72.9000015258789,72.9000015258789,1000,0.0,0.0
2025-05-28 03:25:00+00:00,72.9000015258789,73.0,72.9000015258789,73.0,2040,0.0,0.0
2025-05-28 03:30:00+00:00,72.9000015258789,72.9000015258789,72.9000015258789,72.9000015258789,6000,0.0,0.0
2025-05-28 03:35:00+00:00,72.9000015258789,72.9000015258789,72.80000305175781,72.80000305175781,16000,0.0,0.0
2025-05-28 03:40:00+00:00,72.69999694824219,72.69999694824219,72.5999984741211,72.5999984741211,26355,0.0,0.0
2025-05-28 03:45:00+00:00,72.69999694824219,72.69999694824219,72.5999984741211,72.5999984741211,12099,0.0,0.0
2025-05-28 03:50:00+00:00,72.5999984741211,72.5999984741211,72.5999984741211,72.5999984741211,2000,0.0,0.0
2025-05-28 03:55:00+00:00,72.69999694824219,72.80000305175781,72.69999694824219,72.80000305175781,9070,0.0,0.0
2025-05-28 04:05:00+00:00,72.69999694824219,72.69999694824219,72.69999694824219,72.69999694824219,6000,0.0,0.0
2025-05-28 04:10:00+00:00,72.5999984741211,72.5999984741211,72.5999984741211,72.5999984741211,7100,0.0,0.0
2025-05-28 04:15:00+00:00,72.5,72.5,72.5,72.5,8018,0.0,0.0
2025-05-28 04:20:00+00:00,72.4000015258789,72.4000015258789,72.4000015258789,72.4000015258789,24085,0.0,0.0
2025-05-28 04:25:00+00:00,72.30000305175781,72.4000015258789,72.30000305175781,72.4000015258789,23080,0.0,0.0
2025-05-28 04:30:00+00:00,72.30000305175781,72.30000305175781,72.19999694824219,72.30000305175781,13870,0.0,0.0
2025-05-28 04:35:00+00:00,72.30000305175781,72.30000305175781,72.0999984741211,72.0999984741211,26005,0.0,0.0
2025-05-28 04:40:00+00:00,72.0999984741211,72.19999694824219,72.0999984741211,72.19999694824219,9002,0.0,0.0
2025-05-28 04:45:00+00:00,72.19999694824219,72.19999694824219,72.0999984741211,72.0999984741211,14000,0.0,0.0
2025-05-28 04:50:00+00:00,72.0999984741211,72.0999984741211,72.0999984741211,72.0999984741211,24070,0.0,0.0
2025-05-28 04:55:00+00:00,72.0,72.0,71.80000305175781,71.9000015258789,81044,0.0,0.0
2025-05-28 05:00:00+00:00,72.0,72.0999984741211,72.0,72.0999984741211,12018,0.0,0.0
2025-05-28 05:05:00+00:00,72.0999984741211,72.19999694824219,72.0999984741211,72.19999694824219,14100,0.0,0.0
2025-05-28 05:10:00+00:00,72.19999694824219,72.30000305175781,72.19999694824219,72.19999694824219,7015,0.0,0.0
2025-05-28 05:15:00+00:00,72.30000305175781,72.4000015258789,72.19999694824219,72.30000305175781,24060,0.0,0.0
2025-05-28 05:20:00+00:00,72.19999694824219,72.4000015258789,72.19999694824219,72.4000015258789,11875,0.0,0.0
2025-05-29 01:00:00+00:00,73.4000015258789,73.4000015258789,72.9000015258789,72.9000015258789,0,0.0,0.0
2025-05-29 01:05:00+00:00,72.9000015258789,74.69999694824219,72.9000015258789,74.30000305175781,132425,0.0,0.0
2025-05-29 01:10:00+00:00,74.19999694824219,74.4000015258789,74.0,74.0999984741211,101550,0.0,0.0
2025-05-29 01:15:00+00:00,74.0999984741211,74.19999694824219,73.9000015258789,73.9000015258789,33470,0.0,0.0
2025-05-29 01:20:00+00:00,73.80000305175781,73.80000305175781,73.5,73.5,14030,0.0,0.0
2025-05-29 01:25:00+00:00,73.5,73.5,73.5,73.5,14400,0.0,0.0
2025-05-29 01:30:00+00:00,73.5,73.80000305175781,73.5,73.80000305175781,19080,0.0,0.0
2025-05-29 01:35:00+00:00,73.80000305175781,73.9000015258789,73.69999694824219,73.80000305175781,20020,0.0,0.0
2025-05-29 01:40:00+00:00,73.80000305175781,73.80000305175781,73.80000305175781,73.80000305175781,6000,0.0,0.0
2025-05-29 01:45:00+00:00,73.80000305175781,73.80000305175781,73.69999694824219,73.80000305175781,5028,0.0,0.0
2025-05-29 01:50:00+00:00,73.9000015258789,73.9000015258789,73.80000305175781,73.80000305175781,10000,0.0,0.0
2025-05-29 01:55:00+00:00,73.80000305175781,73.80000305175781,73.80000305175781,73.80000305175781,11055,0.0,0.0
2025-05-29 02:00:00+00:00,73.80000305175781,73.80000305175781,73.69999694824219,73.69999694824219,5300,0.0,0.0
2025-05-29 02:05:00+00:00,73.69999694824219,73.69999694824219,73.69999694824219,73.69999694824219,4034,0.0,0.0
2025-05-29 02:10:00+00:00,73.69999694824219,73.69999694824219,73.5999984741211,73.5999984741211,10000,0.0,0.0
2025-05-29 02:15:00+00:00,73.5,73.5,73.5,73.5,18166,0.0,0.0
2025-05-29 02:20:00+00:00,73.5,73.5,73.5,73.5,1571,0.0,0.0
2025-05-29 02:30:00+00:00,73.5,73.5,73.5,73.5,5439,0.0,0.0
2025-05-29 02:40:00+00:00,73.5999984741211,73.9000015258789,73.5999984741211,73.9000015258789,19025,0.0,0.0
2025-05-29 02:45:00+00:00,73.9000015258789,73.9000015258789,73.9000015258789,73.9000015258789,2003,0.0,0.0
2025-05-29 02:50:00+00:00,73.9000015258789,74.0,73.9000015258789,74.0,18175,0.0,0.0
2025-05-29 02:55:00+00:00,73.9000015258789,74.19999694824219,73.9000015258789,74.19999694824219,25370,0.0,0.0
2025-05-29 03:00:00+00:00,74.19999694824219,74.19999694824219,74.19999694824219,74.19999694824219,2000,0.0,0.0
2025-05-29 03:05:00+00:00,74.19999694824219,74.19999694824219,74.0,74.0,10000,0.0,0.0
2025-05-29 03:10:00+00:00,74.0,74.19999694824219,74.0,74.19999694824219,11011,0.0,0.0
2025-05-29 03:15:00+00:00,74.19999694824219,74.19999694824219,74.19999694824219,74.19999694824219,5000,0.0,0.0
2025-05-29 03:20:00+00:00,74.19999694824219,74.19999694824219,74.0999984741211,74.19999694824219,35052,0.0,0.0
2025-05-29 03:25:00+00:00,74.30000305175781,74.30000305175781,74.30000305175781,74.30000305175781,2111,0.0,0.0
2025-05-29 03:30:00+00:00,74.30000305175781,74.5,74.30000305175781,74.4000015258789,61474,0.0,0.0
2025-05-29 03:35:00+00:00,74.4000015258789,74.4000015258789,74.19999694824219,74.4000015258789,11747,0.0,0.0
2025-05-29 03:40:00+00:00,74.30000305175781,74.4000015258789,74.30000305175781,74.4000015258789,8000,0.0,0.0
2025-05-29 03:45:00+00:00,74.30000305175781,74.30000305175781,74.30000305175781,74.30000305175781,7000,0.0,0.0
2025-05-29 03:50:00+00:00,74.19999694824219,74.4000015258789,74.19999694824219,74.4000015258789,15287,0.0,0.0
2025-05-29 04:00:00+00:00,74.4000015258789,74.4000015258789,74.4000015258789,74.4000015258789,2037,0.0,0.0
2025-05-29 04:05:00+00:00,74.4000015258789,74.4000015258789,74.30000305175781,74.30000305175781,9000,0.0,0.0
2025-05-29 04:10:00+00:00,74.30000305175781,74.4000015258789,74.19999694824219,74.19999694824219,15500,0.0,0.0
2025-05-29 04:15:00+00:00,74.0999984741211,74.0999984741211,74.0,74.0,3101,0.0,0.0
2025-05-29 04:20:00+00:00,74.0,74.0999984741211,73.9000015258789,73.9000015258789,22258,0.0,0.0
2025-05-29 04:25:00+00:00,73.9000015258789,73.9000015258789,73.9000015258789,73.9000015258789,8000,0.0,0.0
2025-05-29 04:30:00+00:00,73.80000305175781,73.9000015258789,73.80000305175781,73.9000015258789,12057,0.0,0.0
2025-05-29 04:35:00+00:00,73.9000015258789,73.9000015258789,73.9000015258789,73.9000015258789,2000,0.0,0.0
2025-05-29 04:40:00+00:00,73.9000015258789,73.9000015258789,73.9000015258789,73.9000015258789,3001,0.0,0.0
2025-05-29 04:45:00+00:00,74.0,74.30000305175781,74.0,74.30000305175781,14340,0.0,0.0
2025-05-29 04:50:00+00:00,74.0999984741211,74.0999984741211,74.0999984741211,74.0999984741211,2050,0.0,0.0
2025-05-29 04:55:00+00:00,74.0999984741211,74.19999694824219,74.0999984741211,74.19999694824219,3013,0.0,0.0
2025-05-29 05:00:00+00:00,74.30000305175781,74.30000305175781,74.19999694824219,74.19999694824219,8159,0.0,0.0
2025-05-29 05:05:00+00:00,74.19999694824219,74.30000305175781,74.19999694824219,74.30000305175781,7258,0.0,0.0
2025-05-29 05:10:00+00:00,74.19999694824219,74.19999694824219,74.19999694824219,74.19999694824219,17089,0.0,0.0
2025-05-29 05:15:00+00:00,74.19999694824219,74.19999694824219,74.0999984741211,74.19999694824219,30001,0.0,0.0
2025-05-29 05:20:00+00:00,74.0999984741211,74.30000305175781,74.0999984741211,74.30000305175781,18691,0.0,0.0
2025-06-02 01:00:00+00:00,73.69999694824219,73.69999694824219,73.19999694824219,73.5,0,0.0,0.0
2025-06-02 01:05:00+00:00,73.5999984741211,74.19999694824219,73.5999984741211,74.0999984741211,34607,0.0,0.0
2025-06-02 01:10:00+00:00,74.0,74.69999694824219,74.0,74.4000015258789,30380,0.0,0.0
2025-06-02 01:15:00+00:00,74.30000305175781,74.4000015258789,74.0999984741211,74.4000015258789,27000,0.0,0.0
2025-06-02 01:20:00+00:00,74.0999984741211,74.0999984741211,73.80000305175781,73.9000015258789,38100,0.0,0.0
2025-06-02 01:25:00+00:00,73.9000015258789,73.9000015258789,73.69999694824219,73.80000305175781,12000,0.0,0.0
2025-06-02 01:30:00+00:00,73.5999984741211,73.5999984741211,73.5,73.5,15110,0.0,0.0
2025-06-02 01:35:00+00:00,73.5,73.5999984741211,73.19999694824219,73.19999694824219,20280,0.0,0.0
2025-06-02 01:40:00+00:00,73.5,73.5,72.80000305175781,72.80000305175781,37739,0.0,0.0
2025-06-02 01:45:00+00:00,72.9000015258789,73.0,72.9000015258789,73.0,17112,0.0,0.0
2025-06-02 01:50:00+00:00,73.0999984741211,73.0999984741211,73.0,73.0,3020,0.0,0.0
2025-06-02 01:55:00+00:00,73.0999984741211,73.0999984741211,73.0999984741211,73.0999984741211,6000,0.0,0.0
2025-06-02 02:00:00+00:00,73.0999984741211,73.19999694824219,73.0999984741211,73.0999984741211,11230,0.0,0.0
2025-06-02 02:05:00+00:00,73.0,73.0,73.0,73.0,5014,0.0,0.0
2025-06-02 02:10:00+00:00,73.0999984741211,73.0999984741211,73.0,73.0,3000,0.0,0.0
2025-06-02 02:15:00+00:00,73.0,73.19999694824219,73.0,73.19999694824219,3000,0.0,0.0
2025-06-02 02:20:00+00:00,73.19999694824219,73.19999694824219,73.19999694824219,73.19999694824219,4000,0.0,0.0
2025-06-02 02:25:00+00:00,73.19999694824219,73.19999694824219,73.0999984741211,73.0999984741211,12000,0.0,0.0
2025-06-02 02:30:00+00:00,73.0,73.0,72.9000015258789,73.0,37176,0.0,0.0
2025-06-02 02:35:00+00:00,72.9000015258789,72.9000015258789,72.9000015258789,72.9000015258789,11000,0.0,0.0
2025-06-02 02:40:00+00:00,72.9000015258789,72.9000015258789,72.80000305175781,72.80000305175781,23000,0.0,0.0
2025-06-02 02:45:00+00:00,72.80000305175781,72.80000305175781,72.69999694824219,72.69999694824219,16194,0.0,0.0
2025-06-02 02:50:00+00:00,72.69999694824219,72.69999694824219,72.5999984741211,72.69999694824219,37055,0.0,0.0
2025-06-02 02:55:00+00:00,72.69999694824219,72.69999694824219,72.5999984741211,72.5999984741211,12000,0.0,0.0
2025-06-02 03:00:00+00:00,72.69999694824219,72.69999694824219,72.5,72.5999984741211,40105,0.0,0.0
2025-06-02 03:05:00+00:00,72.5999984741211,72.5999984741211,72.5,72.5,26254,0.0,0.0
2025-06-02 03:15:00+00:00,72.4000015258789,72.5999984741211,72.30000305175781,72.5,39100,0.0,0.0
2025-06-02 03:20:00+00:00,72.5,72.5999984741211,72.5,72.5,6050,0.0,0.0
2025-06-02 03:25:00+00:00,72.5,72.5,72.5,72.5,5100,0.0,0.0
2025-06-02 03:30:00+00:00,72.5999984741211,73.0,72.5999984741211,73.0,24540,0.0,0.0
2025-06-02 03:35:00+00:00,72.80000305175781,72.80000305175781,72.80000305175781,72.80000305175781,3000,0.0,0.0
2025-06-02 03:40:00+00:00,72.80000305175781,72.80000305175781,72.80000305175781,72.80000305175781,2000,0.0,0.0
2025-06-02 03:45:00+00:00,72.69999694824219,72.69999694824219,72.69999694824219,72.69999694824219,6030,0.0,0.0
2025-06-02 03:50:00+00:00,72.69999694824219,72.69999694824219,72.69999694824219,72.69999694824219,2000,0.0,0.0
2025-06-02 03:55:00+00:00,72.69999694824219,72.69999694824219,72.69999694824219,72.69999694824219,1000,0.0,0.0
2025-06-02 04:00:00+00:00,72.5999984741211,72.5999984741211,72.5999984741211,72.5999984741211,1270,0.0,0.0
2025-06-02 04:05:00+00:00,72.5999984741211,72.5999984741211,72.5999984741211,72.5999984741211,2155,0.0,0.0
2025-06-02 04:10:00+00:00,72.69999694824219,72.69999694824219,72.5999984741211,72.5999984741211,4000,0.0,0.0
2025-06-02 04:20:00+00:00,72.69999694824219,72.69999694824219,72.69999694824219,72.69999694824219,10591,0.0,0.0
2025-06-02 04:25:00+00:00,72.80000305175781,72.80000305175781,72.80000305175781,72.80000305175781,1000,0.0,0.0
2025-06-02 04:30:00+00:00,72.80000305175781,72.9000015258789,72.80000305175781,72.9000015258789,4303,0.0,0.0
2025-06-02 04:35:00+00:00,72.9000015258789,72.9000015258789,72.80000305175781,72.80000305175781,3001,0.0,0.0
2025-06-02 04:45:00+00:00,72.80000305175781,72.80000305175781,72.69999694824219,72.69999694824219,6000,0.0,0.0
2025-06-02 04:50:00+00:00,72.80000305175781,72.80000305175781,72.80000305175781,72.80000305175781,8000,0.0,0.0
2025-06-02 04:55:00+00:00,72.80000305175781,72.9000015258789,72.80000305175781,72.9000015258789,17000,0.0,0.0
2025-06-02 05:00:00+00:00,72.9000015258789,72.9000015258789,72.80000305175781,72.80000305175781,3000,0.0,0.0
2025-06-02 05:05:00+00:00,72.9000015258789,72.9000015258789,72.9000015258789,72.9000015258789,6000,0.0,0.0
2025-06-02 05:10:00+00:00,72.9000015258789,72.9000015258789,72.9000015258789,72.9000015258789,3108,0.0,0.0
2025-06-02 05:15:00+00:00,72.9000015258789,73.0999984741211,72.9000015258789,73.0,9069,0.0,0.0
2025-06-02 05:20:00+00:00,73.0999984741211,73.0999984741211,72.80000305175781,72.80000305175781,50120,0.0,0.0
2025-06-03 01:00:00+00:00,73.0999984741211,73.80000305175781,73.0999984741211,73.4000015258789,0,0.0,0.0
2025-06-03 01:05:00+00:00,73.4000015258789,73.5999984741211,73.4000015258789,73.5999984741211,13000,0.0,0.0
2025-06-03 01:10:00+00:00,73.5999984741211,73.5999984741211,73.5999984741211,73.5999984741211,2150,0.0,0.0
2025-06-03 01:15:00+00:00,73.5,73.5999984741211,73.5,73.5999984741211,5016,0.0,0.0
2025-06-03 01:20:00+00:00,73.5,73.5,73.5,73.5,9130,0.0,0.0
2025-06-03 01:25:00+00:00,73.5,73.5999984741211,73.4000015258789,73.5999984741211,15000,0.0,0.0
2025-06-03 01:30:00+00:00,73.5,73.5,73.5,73.5,2000,0.0,0.0
2025-06-03 01:35:00+00:00,73.5999984741211,74.0,73.5999984741211,74.0,65724,0.0,0.0
2025-06-03 01:40:00+00:00,74.0999984741211,74.19999694824219,74.0,74.0999984741211,26100,0.0,0.0
2025-06-03 01:45:00+00:00,74.0999984741211,74.4000015258789,74.0999984741211,74.4000015258789,43255,0.0,0.0
2025-06-03 01:50:00+00:00,74.4000015258789,74.5,74.30000305175781,74.4000015258789,43101,0.0,0.0
2025-06-03 01:55:00+00:00,74.4000015258789,74.80000305175781,74.30000305175781,74.5999984741211,122048,0.0,0.0
2025-06-03 02:00:00+00:00,74.69999694824219,75.0,74.5,74.5999984741211,91988,0.0,0.0
2025-06-03 02:05:00+00:00,74.5999984741211,74.5999984741211,74.4000015258789,74.5,24102,0.0,0.0
2025-06-03 02:10:00+00:00,74.5,74.5,74.30000305175781,74.30000305175781,12018,0.0,0.0
2025-06-03 02:15:00+00:00,74.30000305175781,74.30000305175781,74.0999984741211,74.0999984741211,23128,0.0,0.0
2025-06-03 02:20:00+00:00,74.0999984741211,74.30000305175781,74.0999984741211,74.30000305175781,10000,0.0,0.0
2025-06-03 02:25:00+00:00,74.30000305175781,74.30000305175781,74.19999694824219,74.19999694824219,8000,0.0,0.0
2025-06-03 02:30:00+00:00,74.0999984741211,74.30000305175781,74.0999984741211,74.30000305175781,11000,0.0,0.0
2025-06-03 02:35:00+00:00,74.19999694824219,74.19999694824219,74.19999694824219,74.19999694824219,7000,0.0,0.0
2025-06-03 02:40:00+00:00,74.0999984741211,74.0999984741211,74.0,74.0,9000,0.0,0.0
2025-06-03 02:45:00+00:00,74.0999984741211,74.0999984741211,74.0999984741211,74.0999984741211,4129,0.0,0.0
2025-06-03 02:50:00+00:00,74.0999984741211,74.4000015258789,74.0999984741211,74.4000015258789,17111,0.0,0.0
2025-06-03 02:55:00+00:00,74.30000305175781,74.30000305175781,74.19999694824219,74.19999694824219,3001,0.0,0.0
2025-06-03 03:00:00+00:00,74.30000305175781,74.30000305175781,74.30000305175781,74.30000305175781,12000,0.0,0.0
2025-06-03 03:05:00+00:00,74.30000305175781,74.30000305175781,74.30000305175781,74.30000305175781,16039,0.0,0.0
2025-06-03 03:10:00+00:00,74.30000305175781,74.4000015258789,74.30000305175781,74.4000015258789,4014,0.0,0.0
2025-06-03 03:15:00+00:00,74.30000305175781,74.30000305175781,74.19999694824219,74.19999694824219,9015,0.0,0.0
2025-06-03 03:25:00+00:00,74.19999694824219,74.19999694824219,74.19999694824219,74.19999694824219,7000,0.0,0.0
2025-06-03 03:35:00+00:00,74.30000305175781,74.30000305175781,74.30000305175781,74.30000305175781,3000,0.0,0.0
2025-06-03 03:40:00+00:00,74.30000305175781,74.30000305175781,74.30000305175781,74.30000305175781,2002,0.0,0.0
2025-06-03 03:45:00+00:00,74.19999694824219,74.19999694824219,74.19999694824219,74.19999694824219,1150,0.0,0.0
2025-06-03 03:50:00+00:00,74.4000015258789,74.4000015258789,74.4000015258789,74.4000015258789,8185,0.0,0.0
2025-06-03 03:55:00+00:00,74.4000015258789,74.5,74.4000015258789,74.5,37416,0.0,0.0
2025-06-03 04:00:00+00:00,74.5,74.5999984741211,74.5,74.5,25180,0.0,0.0
2025-06-03 04:05:00+00:00,74.5,74.80000305175781,74.5,74.80000305175781,72282,0.0,0.0
2025-06-03 04:10:00+00:00,74.9000015258789,75.0999984741211,74.80000305175781,74.9000015258789,140249,0.0,0.0
2025-06-03 04:15:00+00:00,74.9000015258789,74.9000015258789,74.80000305175781,74.9000015258789,17000,0.0,0.0
2025-06-03 04:20:00+00:00,74.80000305175781,75.4000015258789,74.80000305175781,75.4000015258789,121015,0.0,0.0
2025-06-03 04:25:00+00:00,75.4000015258789,75.5,75.30000305175781,75.30000305175781,63165,0.0,0.0
2025-06-03 04:30:00+00:00,75.30000305175781,75.5999984741211,75.30000305175781,75.4000015258789,78949,0.0,0.0
2025-06-03 04:35:00+00:00,75.4000015258789,76.9000015258789,75.4000015258789,76.30000305175781,273357,0.0,0.0
2025-06-03 04:40:00+00:00,76.19999694824219,76.30000305175781,76.0999984741211,76.0999984741211,81212,0.0,0.0
2025-06-03 04:45:00+00:00,76.0999984741211,76.0999984741211,76.0,76.0,88150,0.0,0.0
2025-06-03 04:50:00+00:00,76.0,76.0,75.9000015258789,76.0,39488,0.0,0.0
2025-06-03 04:55:00+00:00,76.0,76.0,75.9000015258789,75.9000015258789,24275,0.0,0.0
2025-06-03 05:00:00+00:00,76.0,76.0,75.9000015258789,75.9000015258789,27525,0.0,0.0
2025-06-03 05:05:00+00:00,75.80000305175781,75.9000015258789,75.80000305175781,75.80000305175781,14280,0.0,0.0
2025-06-03 05:10:00+00:00,75.80000305175781,75.9000015258789,75.80000305175781,75.80000305175781,24000,0.0,0.0
2025-06-03 05:15:00+00:00,75.69999694824219,75.69999694824219,75.5,75.5999984741211,38386,0.0,0.0
2025-06-03 05:20:00+00:00,75.5999984741211,75.80000305175781,75.5,75.5,55107,0.0,0.0
2025-06-04 01:00:00+00:00,76.30000305175781,76.5999984741211,76.0,76.4000015258789,0,0.0,0.0
2025-06-04 01:05:00+00:00,76.4000015258789,76.5999984741211,76.30000305175781,76.5,75000,0.0,0.0
2025-06-04 01:10:00+00:00,76.9000015258789,76.9000015258789,76.5,76.5,130928,0.0,0.0
2025-06-04 01:15:00+00:00,76.5,76.5,76.0,76.30000305175781,92078,0.0,0.0
2025-06-04 01:20:00+00:00,76.30000305175781,76.4000015258789,76.19999694824219,76.30000305175781,6503,0.0,0.0
2025-06-04 01:25:00+00:00,76.30000305175781,76.5999984741211,76.30000305175781,76.30000305175781,47321,0.0,0.0
2025-06-04 01:30:00+00:00,76.30000305175781,76.4000015258789,76.0,76.0,73428,0.0,0.0
2025-06-04 01:35:00+00:00,76.0,76.0,75.9000015258789,75.9000015258789,19292,0.0,0.0
2025-06-04 01:40:00+00:00,75.9000015258789,75.9000015258789,75.9000015258789,75.9000015258789,15200,0.0,0.0
2025-06-04 01:45:00+00:00,75.9000015258789,75.9000015258789,75.9000015258789,75.9000015258789,6000,0.0,0.0
2025-06-04 01:50:00+00:00,75.80000305175781,75.80000305175781,75.5999984741211,75.80000305175781,38400,0.0,0.0
2025-06-04 01:55:00+00:00,75.80000305175781,75.80000305175781,75.5999984741211,75.5999984741211,28252,0.0,0.0
2025-06-04 02:00:00+00:00,75.5999984741211,75.9000015258789,75.5,75.69999694824219,34000,0.0,0.0
2025-06-04 02:05:00+00:00,75.80000305175781,76.0,75.80000305175781,76.0,21000,0.0,0.0
2025-06-04 02:10:00+00:00,76.0999984741211,76.0999984741211,75.9000015258789,75.9000015258789,7000,0.0,0.0
2025-06-04 02:15:00+00:00,76.0,76.0,76.0,76.0,2220,0.0,0.0
2025-06-04 02:20:00+00:00,76.0,76.0999984741211,75.9000015258789,76.0,18004,0.0,0.0
2025-06-04 02:25:00+00:00,76.0,76.0,76.0,76.0,9000,0.0,0.0
2025-06-04 02:30:00+00:00,76.0,76.0999984741211,76.0,76.0,12600,0.0,0.0
2025-06-04 02:35:00+00:00,76.0,76.0999984741211,75.9000015258789,75.9000015258789,14000,0.0,0.0
2025-06-04 02:40:00+00:00,75.9000015258789,75.9000015258789,75.80000305175781,75.9000015258789,8037,0.0,0.0
2025-06-04 02:45:00+00:00,75.9000015258789,75.9000015258789,75.9000015258789,75.9000015258789,4313,0.0,0.0
2025-06-04 02:50:00+00:00,76.0,76.0999984741211,76.0,76.0999984741211,19150,0.0,0.0
2025-06-04 02:55:00+00:00,76.30000305175781,76.4000015258789,76.30000305175781,76.30000305175781,53451,0.0,0.0
2025-06-04 03:00:00+00:00,76.30000305175781,76.30000305175781,76.19999694824219,76.19999694824219,12000,0.0,0.0
2025-06-04 03:05:00+00:00,76.0999984741211,76.0999984741211,76.0,76.0,5000,0.0,0.0
2025-06-04 03:10:00+00:00,76.0,76.0,76.0,76.0,8000,0.0,0.0
2025-06-04 03:15:00+00:00,76.0999984741211,76.19999694824219,76.0999984741211,76.19999694824219,2100,0.0,0.0
2025-06-04 03:20:00+00:00,76.0999984741211,76.0999984741211,76.0,76.0,4660,0.0,0.0
2025-06-04 03:25:00+00:00,75.9000015258789,75.9000015258789,75.9000015258789,75.9000015258789,7339,0.0,0.0
2025-06-04 03:30:00+00:00,75.80000305175781,75.80000305175781,75.80000305175781,75.80000305175781,4000,0.0,0.0
2025-06-04 03:35:00+00:00,75.80000305175781,75.80000305175781,75.80000305175781,75.80000305175781,2782,0.0,0.0
2025-06-04 03:40:00+00:00,75.69999694824219,75.69999694824219,75.5999984741211,75.5999984741211,23000,0.0,0.0
2025-06-04 03:45:00+00:00,75.5999984741211,75.69999694824219,75.5999984741211,75.69999694824219,27000,0.0,0.0
2025-06-04 03:50:00+00:00,75.69999694824219,75.80000305175781,75.69999694824219,75.80000305175781,7000,0.0,0.0
2025-06-04 03:55:00+00:00,75.80000305175781,75.80000305175781,75.69999694824219,75.69999694824219,6010,0.0,0.0
2025-06-04 04:00:00+00:00,75.69999694824219,75.69999694824219,75.69999694824219,75.69999694824219,3000,0.0,0.0
2025-06-04 04:05:00+00:00,75.69999694824219,75.80000305175781,75.69999694824219,75.80000305175781,10025,0.0,0.0
2025-06-04 04:10:00+00:00,75.69999694824219,75.80000305175781,75.69999694824219,75.80000305175781,6000,0.0,0.0
2025-06-04 04:15:00+00:00,75.80000305175781,75.9000015258789,75.69999694824219,75.9000015258789,6010,0.0,0.0
2025-06-04 04:20:00+00:00,75.9000015258789,75.9000015258789,75.9000015258789,75.9000015258789,13016,0.0,0.0
2025-06-04 04:25:00+00:00,75.9000015258789,75.9000015258789,75.9000015258789,75.9000015258789,2350,0.0,0.0
2025-06-04 04:30:00+00:00,75.9000015258789,75.9000015258789,75.9000015258789,75.9000015258789,3010,0.0,0.0
2025-06-04 04:35:00+00:00,75.9000015258789,75.9000015258789,75.80000305175781,75.80000305175781,4140,0.0,0.0
2025-06-04 04:40:00+00:00,75.80000305175781,75.80000305175781,75.69999694824219,75.69999694824219,22067,0.0,0.0
2025-06-04 04:45:00+00:00,75.69999694824219,75.80000305175781,75.69999694824219,75.80000305175781,7026,0.0,0.0
2025-06-04 04:50:00+00:00,75.9000015258789,75.9000015258789,75.9000015258789,75.9000015258789,1000,0.0,0.0
2025-06-04 04:55:00+00:00,75.9000015258789,75.9000015258789,75.80000305175781,75.80000305175781,7000,0.0,0.0
2025-06-04 05:00:00+00:00,75.80000305175781,76.0,75.69999694824219,75.69999694824219,20090,0.0,0.0
2025-06-04 05:05:00+00:00,75.69999694824219,75.69999694824219,75.5999984741211,75.5999984741211,12000,0.0,0.0
2025-06-04 05:10:00+00:00,75.69999694824219,75.69999694824219,75.69999694824219,75.69999694824219,6020,0.0,0.0
2025-06-04 05:15:00+00:00,75.69999694824219,75.69999694824219,75.69999694824219,75.69999694824219,24056,0.0,0.0
2025-06-04 05:20:00+00:00,75.69999694824219,75.9000015258789,75.69999694824219,75.69999694824219,23022,0.0,0.0
2025-06-05 01:00:00+00:00,76.5,76.5,75.5999984741211,75.80000305175781,0,0.0,0.0
2025-06-05 01:05:00+00:00,75.80000305175781,75.80000305175781,75.80000305175781,75.80000305175781,14404,0.0,0.0
2025-06-05 01:10:00+00:00,75.9000015258789,75.9000015258789,75.80000305175781,75.80000305175781,18555,0.0,0.0
2025-06-05 01:15:00+00:00,75.80000305175781,75.80000305175781,75.5999984741211,75.5999984741211,26239,0.0,0.0
2025-06-05 01:20:00+00:00,75.5999984741211,75.5999984741211,75.4000015258789,75.4000015258789,25055,0.0,0.0
2025-06-05 01:25:00+00:00,75.4000015258789,75.4000015258789,75.19999694824219,75.30000305175781,20778,0.0,0.0
2025-06-05 01:30:00+00:00,75.4000015258789,75.4000015258789,75.19999694824219,75.4000015258789,23034,0.0,0.0
2025-06-05 01:35:00+00:00,75.4000015258789,75.4000015258789,75.30000305175781,75.4000015258789,10180,0.0,0.0
2025-06-05 01:40:00+00:00,75.4000015258789,75.4000015258789,75.30000305175781,75.30000305175781,4350,0.0,0.0
2025-06-05 01:45:00+00:00,75.4000015258789,75.5,75.30000305175781,75.5,4001,0.0,0.0
2025-06-05 01:50:00+00:00,75.5,75.5,75.4000015258789,75.4000015258789,8010,0.0,0.0
2025-06-05 01:55:00+00:00,75.5,75.5,75.5,75.5,1000,0.0,0.0
2025-06-05 02:00:00+00:00,75.5,75.5,75.4000015258789,75.4000015258789,19020,0.0,0.0
2025-06-05 02:05:00+00:00,75.5,75.5,75.4000015258789,75.4000015258789,23055,0.0,0.0
2025-06-05 02:10:00+00:00,75.30000305175781,75.30000305175781,75.19999694824219,75.19999694824219,14001,0.0,0.0
2025-06-05 02:15:00+00:00,75.0999984741211,75.30000305175781,75.0999984741211,75.30000305175781,20000,0.0,0.0
2025-06-05 02:20:00+00:00,75.30000305175781,75.30000305175781,75.19999694824219,75.30000305175781,7007,0.0,0.0
2025-06-05 02:25:00+00:00,75.19999694824219,75.19999694824219,75.0,75.0999984741211,16330,0.0,0.0
2025-06-05 02:30:00+00:00,75.0999984741211,75.19999694824219,75.0,75.19999694824219,7205,0.0,0.0
2025-06-05 02:35:00+00:00,75.19999694824219,75.19999694824219,75.0999984741211,75.19999694824219,8003,0.0,0.0
2025-06-05 02:40:00+00:00,75.19999694824219,75.19999694824219,75.19999694824219,75.19999694824219,3467,0.0,0.0
2025-06-05 02:45:00+00:00,75.19999694824219,75.19999694824219,75.0999984741211,75.0999984741211,9250,0.0,0.0
2025-06-05 02:50:00+00:00,75.0999984741211,75.19999694824219,75.0999984741211,75.0999984741211,9050,0.0,0.0
2025-06-05 02:55:00+00:00,75.19999694824219,75.19999694824219,75.19999694824219,75.19999694824219,3000,0.0,0.0
2025-06-05 03:00:00+00:00,75.0999984741211,75.0999984741211,75.0,75.0,18000,0.0,0.0
2025-06-05 03:05:00+00:00,75.0,75.0999984741211,75.0,75.0999984741211,7000,0.0,0.0
2025-06-05 03:10:00+00:00,75.0999984741211,75.4000015258789,75.0999984741211,75.30000305175781,32000,0.0,0.0
2025-06-05 03:15:00+00:00,75.30000305175781,75.30000305175781,75.30000305175781,75.30000305175781,3000,0.0,0.0
2025-06-05 03:20:00+00:00,75.19999694824219,75.19999694824219,75.19999694824219,75.19999694824219,0,0.0,0.0
2025-06-05 03:25:00+00:00,75.0999984741211,75.0999984741211,75.0999984741211,75.0999984741211,504994,0.0,0.0
2025-06-05 03:35:00+00:00,75.0999984741211,75.19999694824219,75.0999984741211,75.19999694824219,8000,0.0,0.0
2025-06-05 03:40:00+00:00,75.19999694824219,75.19999694824219,75.19999694824219,75.19999694824219,3100,0.0,0.0
2025-06-05 03:45:00+00:00,75.30000305175781,75.5,75.30000305175781,75.5,31000,0.0,0.0
2025-06-05 03:50:00+00:00,75.30000305175781,75.5,75.30000305175781,75.30000305175781,13092,0.0,0.0
2025-06-05 03:55:00+00:00,75.30000305175781,75.30000305175781,75.19999694824219,75.30000305175781,6079,0.0,0.0
2025-06-05 04:00:00+00:00,75.19999694824219,75.19999694824219,75.19999694824219,75.19999694824219,2000,0.0,0.0
2025-06-05 04:05:00+00:00,75.0999984741211,75.0999984741211,75.0999984741211,75.0999984741211,12039,0.0,0.0
2025-06-05 04:10:00+00:00,75.0999984741211,75.0999984741211,75.0999984741211,75.0999984741211,4000,0.0,0.0
2025-06-05 04:15:00+00:00,75.0999984741211,75.0999984741211,75.0,75.0999984741211,5242,0.0,0.0
2025-06-05 04:20:00+00:00,75.0999984741211,75.0999984741211,75.0999984741211,75.0999984741211,3147,0.0,0.0
2025-06-05 04:25:00+00:00,75.0999984741211,75.19999694824219,75.0999984741211,75.19999694824219,9145,0.0,0.0
2025-06-05 04:30:00+00:00,75.0999984741211,75.19999694824219,75.0999984741211,75.0999984741211,5100,0.0,0.0
2025-06-05 04:35:00+00:00,75.19999694824219,75.19999694824219,75.0999984741211,75.0999984741211,2000,0.0,0.0
2025-06-05 04:40:00+00:00,75.19999694824219,75.4000015258789,75.19999694824219,75.30000305175781,16068,0.0,0.0
2025-06-05 04:45:00+00:00,75.30000305175781,75.30000305175781,75.30000305175781,75.30000305175781,7000,0.0,0.0
2025-06-05 04:50:00+00:00,75.30000305175781,75.4000015258789,75.30000305175781,75.4000015258789,10100,0.0,0.0
2025-06-05 04:55:00+00:00,75.5,75.5,75.30000305175781,75.30000305175781,3164,0.0,0.0
2025-06-05 05:00:00+00:00,75.30000305175781,75.30000305175781,75.30000305175781,75.30000305175781,3000,0.0,0.0
2025-06-05 05:05:00+00:00,75.19999694824219,75.30000305175781,75.19999694824219,75.19999694824219,18100,0.0,0.0
2025-06-05 05:10:00+00:00,75.30000305175781,75.30000305175781,75.30000305175781,75.30000305175781,2221,0.0,0.0
2025-06-05 05:15:00+00:00,75.19999694824219,75.19999694824219,75.19999694824219,75.19999694824219,13000,0.0,0.0
2025-06-05 05:20:00+00:00,75.19999694824219,75.19999694824219,75.0999984741211,75.19999694824219,17681,0.0,0.0
2025-06-06 01:00:00+00:00,74.9000015258789,75.0,74.80000305175781,74.80000305175781,0,0.0,0.0
2025-06-06 01:05:00+00:00,74.80000305175781,75.0999984741211,74.80000305175781,75.0,8000,0.0,0.0
2025-06-06 01:10:00+00:00,75.19999694824219,75.19999694824219,75.19999694824219,75.19999694824219,2730,0.0,0.0
2025-06-06 01:15:00+00:00,75.19999694824219,75.5999984741211,75.19999694824219,75.5999984741211,31000,0.0,0.0
2025-06-06 01:20:00+00:00,75.5,75.5999984741211,75.30000305175781,75.30000305175781,25022,0.0,0.0
2025-06-06 01:25:00+00:00,75.30000305175781,75.30000305175781,75.30000305175781,75.30000305175781,4000,0.0,0.0
2025-06-06 01:30:00+00:00,75.30000305175781,75.30000305175781,75.30000305175781,75.30000305175781,16589,0.0,0.0
2025-06-06 01:35:00+00:00,75.30000305175781,75.30000305175781,75.19999694824219,75.30000305175781,32532,0.0,0.0
2025-06-06 01:40:00+00:00,75.4000015258789,75.69999694824219,75.4000015258789,75.5,39012,0.0,0.0
2025-06-06 01:45:00+00:00,75.5,75.69999694824219,75.5,75.69999694824219,44000,0.0,0.0
2025-06-06 01:50:00+00:00,75.69999694824219,75.69999694824219,75.5999984741211,75.5999984741211,7000,0.0,0.0
2025-06-06 01:55:00+00:00,75.5999984741211,75.80000305175781,75.5,75.80000305175781,22100,0.0,0.0
2025-06-06 02:00:00+00:00,75.80000305175781,75.80000305175781,75.5999984741211,75.5999984741211,10003,0.0,0.0
2025-06-06 02:05:00+00:00,75.5999984741211,75.5999984741211,75.5999984741211,75.5999984741211,7000,0.0,0.0
2025-06-06 02:10:00+00:00,75.5999984741211,75.69999694824219,75.5999984741211,75.69999694824219,4200,0.0,0.0
2025-06-06 02:15:00+00:00,75.69999694824219,76.5,75.69999694824219,76.19999694824219,194408,0.0,0.0
2025-06-06 02:20:00+00:00,76.19999694824219,76.4000015258789,76.19999694824219,76.30000305175781,54120,0.0,0.0
2025-06-06 02:25:00+00:00,76.4000015258789,76.4000015258789,76.19999694824219,76.19999694824219,24086,0.0,0.0
2025-06-06 02:30:00+00:00,76.19999694824219,76.19999694824219,76.0,76.0,17390,0.0,0.0
2025-06-06 02:35:00+00:00,76.0,76.0,76.0,76.0,3000,0.0,0.0
2025-06-06 02:40:00+00:00,76.0,76.0,75.9000015258789,75.9000015258789,8030,0.0,0.0
2025-06-06 02:45:00+00:00,75.9000015258789,76.0999984741211,75.5,76.0999984741211,51120,0.0,0.0
2025-06-06 02:50:00+00:00,76.0999984741211,76.0999984741211,76.0,76.0,3000,0.0,0.0
2025-06-06 03:00:00+00:00,76.0,76.0,76.0,76.0,4040,0.0,0.0
2025-06-06 03:05:00+00:00,75.9000015258789,76.0999984741211,75.80000305175781,76.0999984741211,13150,0.0,0.0
2025-06-06 03:10:00+00:00,76.0999984741211,76.0999984741211,76.0999984741211,76.0999984741211,18397,0.0,0.0
2025-06-06 03:15:00+00:00,76.0,76.0,76.0,76.0,2000,0.0,0.0
2025-06-06 03:20:00+00:00,76.0,76.0,76.0,76.0,2000,0.0,0.0
2025-06-06 03:25:00+00:00,76.0,76.0,75.9000015258789,75.9000015258789,14000,0.0,0.0
2025-06-06 03:30:00+00:00,75.9000015258789,75.9000015258789,75.9000015258789,75.9000015258789,4000,0.0,0.0
2025-06-06 03:35:00+00:00,75.69999694824219,75.69999694824219,75.69999694824219,75.69999694824219,12220,0.0,0.0
2025-06-06 03:40:00+00:00,75.5999984741211,75.5999984741211,75.5999984741211,75.5999984741211,9000,0.0,0.0
2025-06-06 03:45:00+00:00,75.5999984741211,75.5999984741211,75.5999984741211,75.5999984741211,2000,0.0,0.0
2025-06-06 03:50:00+00:00,75.5999984741211,75.69999694824219,75.5999984741211,75.69999694824219,5049,0.0,0.0
2025-06-06 03:55:00+00:00,75.69999694824219,75.80000305175781,75.69999694824219,75.80000305175781,4000,0.0,0.0
2025-06-06 04:00:00+00:00,75.80000305175781,75.80000305175781,75.80000305175781,75.80000305175781,4001,0.0,0.0
2025-06-06 04:05:00+00:00,75.80000305175781,75.80000305175781,75.80000305175781,75.80000305175781,7050,0.0,0.0
2025-06-06 04:10:00+00:00,75.80000305175781,75.80000305175781,75.80000305175781,75.80000305175781,2036,0.0,0.0
2025-06-06 04:15:00+00:00,75.69999694824219,75.69999694824219,75.5999984741211,75.5999984741211,7106,0.0,0.0
2025-06-06 04:20:00+00:00,75.5999984741211,75.80000305175781,75.5999984741211,75.80000305175781,5000,0.0,0.0
2025-06-06 04:30:00+00:00,75.69999694824219,75.69999694824219,75.5,75.5,19090,0.0,0.0
2025-06-06 04:35:00+00:00,75.5,75.5999984741211,75.5,75.5999984741211,3000,0.0,0.0
2025-06-06 04:40:00+00:00,75.5999984741211,75.5999984741211,75.5999984741211,75.5999984741211,1000,0.0,0.0
2025-06-06 04:45:00+00:00,75.69999694824219,75.80000305175781,75.69999694824219,75.80000305175781,19000,0.0,0.0
2025-06-06 04:50:00+00:00,75.69999694824219,75.69999694824219,75.69999694824219,75.69999694824219,1001,0.0,0.0
2025-06-06 04:55:00+00:00,75.80000305175781,75.80000305175781,75.80000305175781,75.80000305175781,19100,0.0,0.0
2025-06-06 05:00:00+00:00,75.9000015258789,75.9000015258789,75.80000305175781,75.80000305175781,4000,0.0,0.0
2025-06-06 05:05:00+00:00,76.0,76.0,75.9000015258789,76.0,35000,0.0,0.0
2025-06-06 05:10:00+00:00,76.0,76.0,75.9000015258789,75.9000015258789,12022,0.0,0.0
2025-06-06 05:15:00+00:00,75.9000015258789,75.9000015258789,75.69999694824219,75.9000015258789,38109,0.0,0.0
2025-06-06 05:20:00+00:00,75.80000305175781,75.9000015258789,75.69999694824219,75.69999694824219,14180,0.0,0.0
2025-06-09 01:00:00+00:00,74.0,74.0,72.19999694824219,72.5999984741211,0,0.0,0.0
2025-06-09 01:05:00+00:00,72.80000305175781,72.9000015258789,72.30000305175781,72.5,237000,0.0,0.0
2025-06-09 01:10:00+00:00,72.5,72.5999984741211,72.30000305175781,72.5,206185,0.0,0.0
2025-06-09 01:15:00+00:00,72.5,72.5,71.30000305175781,71.5,449690,0.0,0.0
2025-06-09 01:20:00+00:00,71.5,71.5999984741211,71.19999694824219,71.4000015258789,150277,0.0,0.0
2025-06-09 01:25:00+00:00,71.4000015258789,71.5,71.0,71.0999984741211,146870,0.0,0.0
2025-06-09 01:30:00+00:00,71.0999984741211,71.5,70.80000305175781,71.4000015258789,150981,0.0,0.0
2025-06-09 01:35:00+00:00,71.4000015258789,71.4000015258789,71.0999984741211,71.0999984741211,72855,0.0,0.0
2025-06-09 01:40:00+00:00,71.0999984741211,71.19999694824219,71.0,71.19999694824219,37064,0.0,0.0
2025-06-09 01:45:00+00:00,71.0999984741211,71.0999984741211,70.5,70.5999984741211,163982,0.0,0.0
2025-06-09 01:50:00+00:00,70.5,70.80000305175781,70.30000305175781,70.5999984741211,124066,0.0,0.0
2025-06-09 01:55:00+00:00,70.5999984741211,70.5999984741211,70.5999984741211,70.5999984741211,23677,0.0,0.0
2025-06-09 02:00:00+00:00,70.5999984741211,71.19999694824219,70.5999984741211,71.0999984741211,71000,0.0,0.0
2025-06-09 02:05:00+00:00,71.0,71.0,70.69999694824219,70.69999694824219,42092,0.0,0.0
2025-06-09 02:10:00+00:00,70.80000305175781,71.0,70.69999694824219,71.0,35210,0.0,0.0
2025-06-09 02:15:00+00:00,71.0,71.0,70.9000015258789,70.9000015258789,26615,0.0,0.0
2025-06-09 02:20:00+00:00,71.0,71.4000015258789,70.80000305175781,71.4000015258789,36000,0.0,0.0
2025-06-09 02:25:00+00:00,71.4000015258789,71.4000015258789,71.19999694824219,71.19999694824219,28005,0.0,0.0
2025-06-09 02:30:00+00:00,71.19999694824219,71.4000015258789,71.19999694824219,71.4000015258789,14662,0.0,0.0
2025-06-09 02:35:00+00:00,71.5,71.69999694824219,71.0999984741211,71.5,100100,0.0,0.0
2025-06-09 02:40:00+00:00,71.5999984741211,71.80000305175781,71.5999984741211,71.69999694824219,22430,0.0,0.0
2025-06-09 02:45:00+00:00,71.69999694824219,71.69999694824219,71.5999984741211,71.5999984741211,28018,0.0,0.0
2025-06-09 02:50:00+00:00,71.69999694824219,71.9000015258789,71.69999694824219,71.9000015258789,19528,0.0,0.0
2025-06-09 02:55:00+00:00,71.80000305175781,72.0,71.80000305175781,71.80000305175781,26400,0.0,0.0
2025-06-09 03:00:00+00:00,71.80000305175781,71.9000015258789,71.80000305175781,71.9000015258789,14200,0.0,0.0
2025-06-09 03:05:00+00:00,71.80000305175781,71.80000305175781,71.5999984741211,71.80000305175781,28109,0.0,0.0
2025-06-09 03:10:00+00:00,71.80000305175781,71.80000305175781,71.80000305175781,71.80000305175781,13000,0.0,0.0
2025-06-09 03:15:00+00:00,71.80000305175781,71.80000305175781,71.80000305175781,71.80000305175781,1000,0.0,0.0
2025-06-09 03:20:00+00:00,71.80000305175781,71.80000305175781,71.69999694824219,71.69999694824219,14150,0.0,0.0
2025-06-09 03:25:00+00:00,71.69999694824219,71.69999694824219,71.5,71.5999984741211,23536,0.0,0.0
2025-06-09 03:30:00+00:00,71.69999694824219,71.69999694824219,71.69999694824219,71.69999694824219,3000,0.0,0.0
2025-06-09 03:35:00+00:00,71.80000305175781,71.80000305175781,71.80000305175781,71.80000305175781,2212,0.0,0.0
2025-06-09 03:40:00+00:00,71.80000305175781,72.0,71.80000305175781,71.9000015258789,18137,0.0,0.0
2025-06-09 03:45:00+00:00,71.9000015258789,71.9000015258789,71.9000015258789,71.9000015258789,5000,0.0,0.0
2025-06-09 03:50:00+00:00,71.9000015258789,71.9000015258789,71.9000015258789,71.9000015258789,15000,0.0,0.0
2025-06-09 03:55:00+00:00,71.9000015258789,72.19999694824219,71.9000015258789,72.0999984741211,51000,0.0,0.0
2025-06-09 04:00:00+00:00,72.0999984741211,72.19999694824219,72.0999984741211,72.19999694824219,17010,0.0,0.0
2025-06-09 04:05:00+00:00,72.0999984741211,72.0999984741211,72.0999984741211,72.0999984741211,20000,0.0,0.0
2025-06-09 04:10:00+00:00,72.0999984741211,72.0999984741211,72.0999984741211,72.0999984741211,20500,0.0,0.0
2025-06-09 04:15:00+00:00,72.0999984741211,72.0999984741211,72.0999984741211,72.0999984741211,2000,0.0,0.0
2025-06-09 04:20:00+00:00,72.0999984741211,72.0999984741211,71.9000015258789,71.9000015258789,42008,0.0,0.0
2025-06-09 04:25:00+00:00,71.9000015258789,71.9000015258789,71.9000015258789,71.9000015258789,20200,0.0,0.0
2025-06-09 04:30:00+00:00,71.9000015258789,72.0,71.9000015258789,72.0,10050,0.0,0.0
2025-06-09 04:35:00+00:00,71.9000015258789,71.9000015258789,71.9000015258789,71.9000015258789,12050,0.0,0.0
2025-06-09 04:40:00+00:00,72.0,72.30000305175781,72.0,72.19999694824219,48019,0.0,0.0
2025-06-09 04:45:00+00:00,72.30000305175781,72.5999984741211,72.30000305175781,72.5,69431,0.0,0.0
2025-06-09 04:50:00+00:00,72.5,72.5999984741211,72.5,72.5,27090,0.0,0.0
2025-06-09 04:55:00+00:00,72.5,72.5,72.4000015258789,72.4000015258789,20272,0.0,0.0
2025-06-09 05:00:00+00:00,72.4000015258789,72.5,72.30000305175781,72.5,23236,0.0,0.0
2025-06-09 05:05:00+00:00,72.5,72.5,72.4000015258789,72.5,30229,0.0,0.0
2025-06-09 05:10:00+00:00,72.5,72.5999984741211,72.5,72.5,35050,0.0,0.0
2025-06-09 05:15:00+00:00,72.5,72.5,72.4000015258789,72.5,38179,0.0,0.0
2025-06-09 05:20:00+00:00,72.5,72.5999984741211,72.5,72.5,31080,0.0,0.0
2025-06-10 01:00:00+00:00,72.5,72.5999984741211,72.30000305175781,72.30000305175781,0,0.0,0.0
2025-06-10 01:05:00+00:00,72.5,72.5,72.4000015258789,72.4000015258789,15000,0.0,0.0
2025-06-10 01:10:00+00:00,72.5,72.5,72.5,72.5,51294,0.0,0.0
2025-06-10 01:15:00+00:00,72.5,72.5,72.4000015258789,72.4000015258789,13000,0.0,0.0
2025-06-10 01:20:00+00:00,72.4000015258789,72.5,72.4000015258789,72.5,36000,0.0,0.0
2025-06-10 01:25:00+00:00,72.5,73.0999984741211,72.5,73.0,47150,0.0,0.0
2025-06-10 01:30:00+00:00,73.0,73.30000305175781,72.80000305175781,72.80000305175781,72038,0.0,0.0
2025-06-10 01:35:00+00:00,72.69999694824219,72.69999694824219,72.5,72.5,25450,0.0,0.0
2025-06-10 01:40:00+00:00,72.5,72.69999694824219,72.5,72.69999694824219,16628,0.0,0.0
2025-06-10 01:45:00+00:00,72.69999694824219,72.69999694824219,72.5,72.69999694824219,15361,0.0,0.0
2025-06-10 01:50:00+00:00,72.5999984741211,72.5999984741211,72.5,72.5999984741211,11000,0.0,0.0
2025-06-10 01:55:00+00:00,72.5999984741211,72.5999984741211,72.5999984741211,72.5999984741211,7680,0.0,0.0
2025-06-10 02:00:00+00:00,72.5999984741211,72.5999984741211,72.4000015258789,72.5,19066,0.0,0.0
2025-06-10 02:05:00+00:00,72.5,72.5,72.5,72.5,7150,0.0,0.0
2025-06-10 02:10:00+00:00,72.5,72.69999694824219,72.5,72.69999694824219,26000,0.0,0.0
2025-06-10 02:15:00+00:00,72.69999694824219,72.69999694824219,72.5,72.5,26000,0.0,0.0
2025-06-10 02:20:00+00:00,72.69999694824219,72.80000305175781,72.5,72.5999984741211,23284,0.0,0.0
2025-06-10 02:30:00+00:00,72.5999984741211,72.69999694824219,72.5999984741211,72.69999694824219,3000,0.0,0.0
2025-06-10 02:35:00+00:00,72.69999694824219,72.69999694824219,72.69999694824219,72.69999694824219,8017,0.0,0.0
2025-06-10 02:40:00+00:00,72.69999694824219,72.80000305175781,72.5999984741211,72.69999694824219,31100,0.0,0.0
2025-06-10 02:45:00+00:00,72.69999694824219,72.80000305175781,72.69999694824219,72.80000305175781,8000,0.0,0.0
2025-06-10 02:50:00+00:00,72.69999694824219,72.80000305175781,72.69999694824219,72.80000305175781,4041,0.0,0.0
2025-06-10 02:55:00+00:00,72.80000305175781,72.80000305175781,72.80000305175781,72.80000305175781,3000,0.0,0.0
2025-06-10 03:00:00+00:00,72.69999694824219,72.69999694824219,72.69999694824219,72.69999694824219,5000,0.0,0.0
2025-06-10 03:05:00+00:00,72.69999694824219,72.69999694824219,72.69999694824219,72.69999694824219,1064,0.0,0.0
2025-06-10 03:10:00+00:00,72.5999984741211,72.5999984741211,72.5999984741211,72.5999984741211,16170,0.0,0.0
2025-06-10 03:15:00+00:00,72.5999984741211,72.5999984741211,72.5,72.5999984741211,6000,0.0,0.0
2025-06-10 03:20:00+00:00,72.69999694824219,72.69999694824219,72.69999694824219,72.69999694824219,0,0.0,0.0
2025-06-10 03:25:00+00:00,72.69999694824219,72.69999694824219,72.69999694824219,72.69999694824219,540711,0.0,0.0
2025-06-10 03:30:00+00:00,72.69999694824219,72.69999694824219,72.5,72.69999694824219,57005,0.0,0.0
2025-06-10 03:35:00+00:00,72.69999694824219,72.69999694824219,72.69999694824219,72.69999694824219,5000,0.0,0.0
2025-06-10 03:40:00+00:00,72.69999694824219,72.69999694824219,72.69999694824219,72.69999694824219,1000,0.0,0.0
2025-06-10 03:45:00+00:00,72.69999694824219,72.69999694824219,72.69999694824219,72.69999694824219,18000,0.0,0.0
2025-06-10 03:50:00+00:00,72.69999694824219,72.69999694824219,72.69999694824219,72.69999694824219,4134,0.0,0.0
2025-06-10 03:55:00+00:00,72.69999694824219,72.69999694824219,72.69999694824219,72.69999694824219,4000,0.0,0.0
2025-06-10 04:00:00+00:00,72.69999694824219,72.69999694824219,72.69999694824219,72.69999694824219,3300,0.0,0.0
2025-06-10 04:05:00+00:00,72.69999694824219,72.69999694824219,72.69999694824219,72.69999694824219,7000,0.0,0.0
2025-06-10 04:10:00+00:00,72.80000305175781,72.80000305175781,72.80000305175781,72.80000305175781,6101,0.0,0.0
2025-06-10 04:15:00+00:00,72.80000305175781,72.80000305175781,72.69999694824219,72.69999694824219,3000,0.0,0.0
2025-06-10 04:20:00+00:00,72.69999694824219,72.69999694824219,72.69999694824219,72.69999694824219,3662,0.0,0.0
2025-06-10 04:30:00+00:00,72.69999694824219,72.69999694824219,72.69999694824219,72.69999694824219,8127,0.0,0.0
2025-06-10 04:35:00+00:00,72.69999694824219,72.69999694824219,72.69999694824219,72.69999694824219,5000,0.0,0.0
2025-06-10 04:40:00+00:00,72.5999984741211,72.69999694824219,72.5999984741211,72.69999694824219,10150,0.0,0.0
2025-06-10 04:50:00+00:00,72.80000305175781,72.80000305175781,72.69999694824219,72.80000305175781,22000,0.0,0.0
2025-06-10 04:55:00+00:00,72.80000305175781,73.0999984741211,72.80000305175781,73.0999984741211,43073,0.0,0.0
2025-06-10 05:00:00+00:00,73.0,73.19999694824219,73.0,73.19999694824219,16250,0.0,0.0
2025-06-10 05:05:00+00:00,73.0999984741211,73.0999984741211,73.0999984741211,73.0999984741211,5400,0.0,0.0
2025-06-10 05:10:00+00:00,73.0,73.0,72.9000015258789,73.0,13000,0.0,0.0
2025-06-10 05:15:00+00:00,73.0,73.0,72.9000015258789,72.9000015258789,13003,0.0,0.0
2025-06-10 05:20:00+00:00,72.80000305175781,72.9000015258789,72.69999694824219,72.9000015258789,44571,0.0,0.0
2025-06-11 01:00:00+00:00,73.30000305175781,73.30000305175781,73.30000305175781,73.30000305175781,0,0.0,0.0
2025-06-11 01:05:00+00:00,73.0,73.0,72.9000015258789,73.0,32000,0.0,0.0
2025-06-11 01:10:00+00:00,73.0,73.0,72.80000305175781,72.80000305175781,7005,0.0,0.0
2025-06-11 01:15:00+00:00,73.0,73.0,72.9000015258789,72.9000015258789,17570,0.0,0.0
2025-06-11 01:25:00+00:00,73.0999984741211,73.0999984741211,73.0,73.0,16793,0.0,0.0
2025-06-11 01:30:00+00:00,73.0,73.0,72.9000015258789,72.9000015258789,10039,0.0,0.0
2025-06-11 01:35:00+00:00,73.0,73.0,72.9000015258789,72.9000015258789,18000,0.0,0.0
2025-06-11 01:40:00+00:00,72.9000015258789,73.0,72.9000015258789,73.0,27100,0.0,0.0
2025-06-11 01:45:00+00:00,73.0999984741211,73.0999984741211,73.0,73.0,13100,0.0,0.0
2025-06-11 01:50:00+00:00,73.0,73.0999984741211,73.0,73.0999984741211,9000,0.0,0.0
2025-06-11 01:55:00+00:00,73.0999984741211,73.0999984741211,73.0999984741211,73.0999984741211,2722,0.0,0.0
2025-06-11 02:00:00+00:00,73.0999984741211,73.30000305175781,73.0999984741211,73.30000305175781,16300,0.0,0.0
2025-06-11 02:05:00+00:00,73.19999694824219,73.19999694824219,73.0999984741211,73.0999984741211,3200,0.0,0.0
2025-06-11 02:10:00+00:00,73.30000305175781,73.30000305175781,73.0999984741211,73.0999984741211,32000,0.0,0.0
2025-06-11 02:15:00+00:00,73.19999694824219,73.5,73.19999694824219,73.5,22766,0.0,0.0
2025-06-11 02:20:00+00:00,73.5,73.5,73.4000015258789,73.4000015258789,20000,0.0,0.0
2025-06-11 02:25:00+00:00,73.4000015258789,73.9000015258789,73.30000305175781,73.69999694824219,66272,0.0,0.0
2025-06-11 02:30:00+00:00,73.69999694824219,73.80000305175781,73.69999694824219,73.80000305175781,18014,0.0,0.0
2025-06-11 02:35:00+00:00,73.80000305175781,74.19999694824219,73.80000305175781,74.0999984741211,75738,0.0,0.0
2025-06-11 02:40:00+00:00,74.0999984741211,74.0999984741211,74.0,74.0999984741211,13058,0.0,0.0
2025-06-11 02:45:00+00:00,74.0999984741211,74.4000015258789,74.0999984741211,74.19999694824219,35108,0.0,0.0
2025-06-11 02:50:00+00:00,74.30000305175781,74.30000305175781,74.19999694824219,74.19999694824219,10150,0.0,0.0
2025-06-11 02:55:00+00:00,74.19999694824219,74.19999694824219,74.0,74.0,17000,0.0,0.0
2025-06-11 03:00:00+00:00,74.0,74.5,74.0,74.5,152845,0.0,0.0
2025-06-11 03:05:00+00:00,74.4000015258789,74.5999984741211,74.4000015258789,74.5999984741211,28230,0.0,0.0
2025-06-11 03:10:00+00:00,74.5,74.5,74.4000015258789,74.5,17008,0.0,0.0
2025-06-11 03:15:00+00:00,74.5,74.5,74.4000015258789,74.5,32000,0.0,0.0
2025-06-11 03:20:00+00:00,74.4000015258789,74.5,74.4000015258789,74.5,3110,0.0,0.0
2025-06-11 03:25:00+00:00,74.5,74.5,74.4000015258789,74.4000015258789,27189,0.0,0.0
2025-06-11 03:30:00+00:00,74.4000015258789,74.5,74.4000015258789,74.5,4125,0.0,0.0
2025-06-11 03:35:00+00:00,74.5,74.5,74.4000015258789,74.4000015258789,4200,0.0,0.0
2025-06-11 03:40:00+00:00,74.4000015258789,74.4000015258789,74.4000015258789,74.4000015258789,5000,0.0,0.0
2025-06-11 03:45:00+00:00,74.30000305175781,74.4000015258789,74.30000305175781,74.4000015258789,13000,0.0,0.0
2025-06-11 03:50:00+00:00,74.4000015258789,74.5,74.4000015258789,74.5,27058,0.0,0.0
2025-06-11 03:55:00+00:00,74.4000015258789,74.4000015258789,74.4000015258789,74.4000015258789,5152,0.0,0.0
2025-06-11 04:00:00+00:00,74.4000015258789,74.5,74.4000015258789,74.5,6000,0.0,0.0
2025-06-11 04:05:00+00:00,74.5,74.5,74.5,74.5,1000,0.0,0.0
2025-06-11 04:10:00+00:00,74.30000305175781,74.30000305175781,74.30000305175781,74.30000305175781,1100,0.0,0.0
2025-06-11 04:15:00+00:00,74.30000305175781,74.4000015258789,74.30000305175781,74.4000015258789,5000,0.0,0.0
2025-06-11 04:20:00+00:00,74.4000015258789,74.4000015258789,74.4000015258789,74.4000015258789,1020,0.0,0.0
2025-06-11 04:25:00+00:00,74.30000305175781,74.30000305175781,74.19999694824219,74.19999694824219,6031,0.0,0.0
2025-06-11 04:30:00+00:00,74.19999694824219,74.19999694824219,74.19999694824219,74.19999694824219,6349,0.0,0.0
2025-06-11 04:35:00+00:00,74.0999984741211,74.19999694824219,74.0999984741211,74.0999984741211,8100,0.0,0.0
2025-06-11 04:40:00+00:00,74.0999984741211,74.0999984741211,74.0,74.0,10110,0.0,0.0
2025-06-12 01:00:00+00:00,74.0,74.0999984741211,73.69999694824219,73.69999694824219,30000,0.0,0.0
2025-06-12 01:05:00+00:00,73.80000305175781,73.80000305175781,73.5,73.5999984741211,23000,0.0,0.0
2025-06-12 01:10:00+00:00,73.9000015258789,74.19999694824219,73.9000015258789,74.19999694824219,11000,0.0,0.0
2025-06-12 01:15:00+00:00,74.0999984741211,74.0999984741211,74.0,74.0,6000,0.0,0.0
2025-06-12 01:20:00+00:00,74.0,74.0,74.0,74.0,7250,0.0,0.0
2025-06-12 01:25:00+00:00,74.0,74.30000305175781,74.0,74.30000305175781,24000,0.0,0.0
2025-06-12 01:30:00+00:00,74.30000305175781,74.5999984741211,74.30000305175781,74.5999984741211,25300,0.0,0.0
2025-06-12 01:35:00+00:00,74.5999984741211,74.80000305175781,74.5999984741211,74.80000305175781,18000,0.0,0.0
2025-06-12 01:40:00+00:00,74.80000305175781,76.4000015258789,74.80000305175781,76.19999694824219,196246,0.0,0.0
2025-06-12 01:45:00+00:00,76.19999694824219,76.19999694824219,75.80000305175781,75.9000015258789,99400,0.0,0.0
2025-06-12 01:50:00+00:00,75.9000015258789,76.0,75.9000015258789,76.0,95818,0.0,0.0
2025-06-12 01:55:00+00:00,76.0,77.5,76.0,76.69999694824219,447987,0.0,0.0
2025-06-12 02:00:00+00:00,76.69999694824219,76.69999694824219,76.30000305175781,76.4000015258789,62828,0.0,0.0
2025-06-12 02:05:00+00:00,76.4000015258789,76.5,75.80000305175781,76.0999984741211,65511,0.0,0.0
2025-06-12 02:10:00+00:00,76.0999984741211,76.30000305175781,76.0999984741211,76.19999694824219,22001,0.0,0.0
2025-06-12 02:15:00+00:00,76.19999694824219,76.19999694824219,76.0999984741211,76.19999694824219,9032,0.0,0.0
2025-06-12 02:20:00+00:00,76.19999694824219,76.19999694824219,75.9000015258789,76.0,44152,0.0,0.0
2025-06-12 02:25:00+00:00,76.0,76.5,76.0,76.30000305175781,57933,0.0,0.0
2025-06-12 02:30:00+00:00,76.19999694824219,76.19999694824219,76.0,76.0,43600,0.0,0.0
2025-06-12 02:35:00+00:00,76.0,76.0,76.0,76.0,3000,0.0,0.0
2025-06-12 02:40:00+00:00,76.0,76.19999694824219,76.0,76.19999694824219,6000,0.0,0.0
2025-06-12 02:45:00+00:00,76.19999694824219,76.19999694824219,76.0,76.0999984741211,17300,0.0,0.0
2025-06-12 02:50:00+00:00,76.0999984741211,76.30000305175781,76.0999984741211,76.30000305175781,9160,0.0,0.0
2025-06-12 02:55:00+00:00,76.4000015258789,76.4000015258789,76.0999984741211,76.30000305175781,22011,0.0,0.0
2025-06-12 03:00:00+00:00,76.30000305175781,76.5,76.19999694824219,76.5,30174,0.0,0.0
2025-06-12 03:05:00+00:00,76.5,76.5,76.5,76.5,9252,0.0,0.0
2025-06-12 03:10:00+00:00,76.4000015258789,76.4000015258789,76.4000015258789,76.4000015258789,13020,0.0,0.0
2025-06-12 03:15:00+00:00,76.4000015258789,76.4000015258789,76.30000305175781,76.30000305175781,8000,0.0,0.0
2025-06-12 03:25:00+00:00,76.30000305175781,76.4000015258789,76.30000305175781,76.4000015258789,4156,0.0,0.0
2025-06-12 03:30:00+00:00,76.30000305175781,76.5,76.30000305175781,76.30000305175781,0,0.0,0.0
2025-06-12 03:35:00+00:00,76.4000015258789,76.5999984741211,76.4000015258789,76.5999984741211,1461259,0.0,0.0
2025-06-12 03:40:00+00:00,76.5999984741211,76.69999694824219,76.5999984741211,76.69999694824219,27403,0.0,0.0
2025-06-12 03:45:00+00:00,76.69999694824219,77.4000015258789,76.69999694824219,77.30000305175781,218786,0.0,0.0
2025-06-12 03:50:00+00:00,77.19999694824219,77.80000305175781,77.0999984741211,77.69999694824219,187184,0.0,0.0
2025-06-12 03:55:00+00:00,77.69999694824219,77.69999694824219,77.30000305175781,77.4000015258789,92179,0.0,0.0
2025-06-12 04:00:00+00:00,77.4000015258789,77.5,77.30000305175781,77.30000305175781,48054,0.0,0.0
2025-06-12 04:05:00+00:00,77.30000305175781,77.4000015258789,77.0999984741211,77.0999984741211,72358,0.0,0.0
2025-06-12 04:10:00+00:00,77.0999984741211,77.19999694824219,77.0999984741211,77.0999984741211,16260,0.0,0.0
2025-06-12 04:15:00+00:00,77.19999694824219,77.4000015258789,77.0999984741211,77.4000015258789,42699,0.0,0.0
2025-06-12 04:20:00+00:00,77.4000015258789,77.5,77.0999984741211,77.0999984741211,16202,0.0,0.0
2025-06-12 04:25:00+00:00,77.0999984741211,77.0999984741211,77.0999984741211,77.0999984741211,13051,0.0,0.0
2025-06-12 04:30:00+00:00,77.0999984741211,77.0999984741211,77.0,77.0,52552,0.0,0.0
2025-06-12 04:35:00+00:00,77.0,77.0,76.9000015258789,77.0,32108,0.0,0.0
2025-06-12 04:40:00+00:00,77.0,77.0,76.9000015258789,77.0,41030,0.0,0.0
2025-06-12 04:45:00+00:00,76.9000015258789,76.9000015258789,76.80000305175781,76.80000305175781,6350,0.0,0.0
2025-06-12 04:50:00+00:00,76.80000305175781,77.0,76.80000305175781,76.80000305175781,16800,0.0,0.0
2025-06-12 04:55:00+00:00,76.80000305175781,76.80000305175781,76.80000305175781,76.80000305175781,14022,0.0,0.0
2025-06-12 05:00:00+00:00,76.80000305175781,76.9000015258789,76.80000305175781,76.80000305175781,13412,0.0,0.0
2025-06-12 05:05:00+00:00,76.69999694824219,76.80000305175781,76.69999694824219,76.80000305175781,22125,0.0,0.0
2025-06-12 05:10:00+00:00,76.69999694824219,77.0,76.69999694824219,77.0,24090,0.0,0.0
2025-06-12 05:15:00+00:00,77.0,77.0,76.9000015258789,77.0,31024,0.0,0.0
2025-06-12 05:20:00+00:00,77.0,77.0999984741211,76.9000015258789,77.0,79409,0.0,0.0
2025-06-13 01:00:00+00:00,76.19999694824219,76.19999694824219,75.19999694824219,76.0,124000,0.0,0.0
2025-06-13 01:05:00+00:00,76.0999984741211,76.19999694824219,76.0,76.0,40319,0.0,0.0
2025-06-13 01:10:00+00:00,76.0,76.19999694824219,75.9000015258789,76.0,37325,0.0,0.0
2025-06-13 01:15:00+00:00,76.0,76.0,75.5,75.5999984741211,39010,0.0,0.0
2025-06-13 01:20:00+00:00,75.5999984741211,75.80000305175781,75.5999984741211,75.69999694824219,28775,0.0,0.0
2025-06-13 01:25:00+00:00,75.5999984741211,75.5999984741211,75.30000305175781,75.5,49131,0.0,0.0
2025-06-13 01:30:00+00:00,75.5,75.5999984741211,75.5,75.5999984741211,4001,0.0,0.0
2025-06-13 01:35:00+00:00,75.69999694824219,75.9000015258789,75.69999694824219,75.9000015258789,22080,0.0,0.0
2025-06-13 01:40:00+00:00,75.9000015258789,75.9000015258789,75.69999694824219,75.69999694824219,13060,0.0,0.0
2025-06-13 01:45:00+00:00,75.69999694824219,75.69999694824219,75.69999694824219,75.69999694824219,6000,0.0,0.0
2025-06-13 01:50:00+00:00,75.69999694824219,75.69999694824219,75.5999984741211,75.5999984741211,7050,0.0,0.0
2025-06-13 01:55:00+00:00,75.80000305175781,75.80000305175781,75.80000305175781,75.80000305175781,2200,0.0,0.0
2025-06-13 02:00:00+00:00,75.9000015258789,76.0,75.9000015258789,76.0,18222,0.0,0.0
2025-06-13 02:05:00+00:00,76.0,76.0,75.80000305175781,75.80000305175781,20000,0.0,0.0
2025-06-13 02:10:00+00:00,75.80000305175781,75.9000015258789,75.69999694824219,75.69999694824219,40361,0.0,0.0
2025-06-13 02:15:00+00:00,75.80000305175781,76.0,75.80000305175781,76.0,14000,0.0,0.0
2025-06-13 02:20:00+00:00,76.0,76.0,75.5,75.5,61329,0.0,0.0
2025-06-13 02:25:00+00:00,75.5,75.5999984741211,75.5,75.5999984741211,8090,0.0,0.0
2025-06-13 02:30:00+00:00,75.5999984741211,75.5999984741211,75.30000305175781,75.30000305175781,58724,0.0,0.0
2025-06-13 02:35:00+00:00,75.30000305175781,75.30000305175781,75.0999984741211,75.0999984741211,59688,0.0,0.0
2025-06-13 02:40:00+00:00,75.0999984741211,76.0,75.0999984741211,76.0,82170,0.0,0.0
2025-06-13 02:45:00+00:00,75.5,75.5,75.19999694824219,75.19999694824219,11000,0.0,0.0
2025-06-13 02:50:00+00:00,75.30000305175781,75.4000015258789,75.30000305175781,75.4000015258789,6000,0.0,0.0
2025-06-13 02:55:00+00:00,75.19999694824219,75.19999694824219,75.0999984741211,75.0999984741211,9055,0.0,0.0
2025-06-13 03:00:00+00:00,75.19999694824219,75.19999694824219,75.0999984741211,75.0999984741211,15177,0.0,0.0
2025-06-13 03:05:00+00:00,75.0999984741211,75.19999694824219,75.0,75.0,82878,0.0,0.0
2025-06-13 03:10:00+00:00,75.0,75.0,74.9000015258789,74.9000015258789,13000,0.0,0.0
2025-06-13 03:15:00+00:00,74.9000015258789,75.0,74.9000015258789,75.0,17073,0.0,0.0
2025-06-13 03:20:00+00:00,75.0,75.0,75.0,75.0,8000,0.0,0.0
2025-06-13 03:25:00+00:00,75.0,75.0999984741211,75.0,75.0999984741211,20014,0.0,0.0
2025-06-13 03:30:00+00:00,75.0,75.0999984741211,75.0,75.0999984741211,26014,0.0,0.0
2025-06-13 03:35:00+00:00,75.0999984741211,75.0999984741211,75.0999984741211,75.0999984741211,1000,0.0,0.0
2025-06-13 03:40:00+00:00,75.0999984741211,75.0999984741211,75.0,75.0,21050,0.0,0.0
2025-06-13 03:45:00+00:00,75.0,75.19999694824219,75.0,75.19999694824219,24000,0.0,0.0
2025-06-13 03:50:00+00:00,75.19999694824219,75.19999694824219,75.19999694824219,75.19999694824219,3000,0.0,0.0
2025-06-13 03:55:00+00:00,75.19999694824219,75.19999694824219,75.19999694824219,75.19999694824219,2083,0.0,0.0
2025-06-13 04:00:00+00:00,75.0999984741211,75.0999984741211,75.0999984741211,75.0999984741211,8234,0.0,0.0
2025-06-13 04:05:00+00:00,75.0,75.0,75.0,75.0,1000,0.0,0.0
2025-06-13 04:10:00+00:00,75.0,75.0,74.9000015258789,74.9000015258789,32378,0.0,0.0
2025-06-13 04:15:00+00:00,74.9000015258789,75.0,74.9000015258789,74.9000015258789,13000,0.0,0.0
2025-06-13 04:20:00+00:00,74.9000015258789,74.9000015258789,74.9000015258789,74.9000015258789,10000,0.0,0.0
2025-06-13 04:25:00+00:00,74.9000015258789,75.0999984741211,74.9000015258789,74.9000015258789,22200,0.0,0.0
2025-06-13 04:35:00+00:00,74.9000015258789,74.9000015258789,74.9000015258789,74.9000015258789,9000,0.0,0.0
2025-06-13 04:40:00+00:00,74.9000015258789,75.0,74.9000015258789,75.0,16000,0.0,0.0
2025-06-13 04:45:00+00:00,75.0,75.0,75.0,75.0,17071,0.0,0.0
2025-06-13 04:50:00+00:00,75.0,75.0999984741211,75.0,75.0999984741211,7024,0.0,0.0
2025-06-13 04:55:00+00:00,75.0999984741211,75.30000305175781,75.0999984741211,75.30000305175781,5200,0.0,0.0
2025-06-13 05:00:00+00:00,75.19999694824219,75.19999694824219,75.19999694824219,75.19999694824219,4178,0.0,0.0
2025-06-13 05:05:00+00:00,75.19999694824219,75.19999694824219,75.0,75.0,14076,0.0,0.0
2025-06-13 05:10:00+00:00,74.9000015258789,75.0,74.9000015258789,75.0,3156,0.0,0.0
2025-06-13 05:15:00+00:00,75.0,75.0,74.80000305175781,74.80000305175781,56274,0.0,0.0
2025-06-13 05:20:00+00:00,74.80000305175781,75.0,74.80000305175781,74.80000305175781,24675,0.0,0.0
2025-06-16 01:00:00+00:00,74.80000305175781,74.80000305175781,73.30000305175781,73.9000015258789,0,0.0,0.0
2025-06-16 01:05:00+00:00,73.9000015258789,73.9000015258789,73.5,73.5,55000,0.0,0.0
2025-06-16 01:10:00+00:00,73.5,73.9000015258789,73.4000015258789,73.69999694824219,31680,0.0,0.0
2025-06-16 01:15:00+00:00,73.69999694824219,73.80000305175781,73.5,73.5,41976,0.0,0.0
2025-06-16 01:20:00+00:00,73.5,73.5999984741211,73.0999984741211,73.19999694824219,105872,0.0,0.0
2025-06-16 01:25:00+00:00,73.0999984741211,73.0999984741211,72.9000015258789,73.0,66319,0.0,0.0
2025-06-16 01:30:00+00:00,73.0,73.19999694824219,73.0,73.0999984741211,29099,0.0,0.0
2025-06-16 01:35:00+00:00,73.19999694824219,73.30000305175781,73.0,73.0,35802,0.0,0.0
2025-06-16 01:40:00+00:00,73.0,73.0,72.9000015258789,73.0,17356,0.0,0.0
2025-06-16 01:45:00+00:00,73.0999984741211,73.19999694824219,73.0999984741211,73.0999984741211,17200,0.0,0.0
2025-06-16 01:50:00+00:00,73.0999984741211,73.5,73.0999984741211,73.30000305175781,20138,0.0,0.0
2025-06-16 01:55:00+00:00,73.30000305175781,73.30000305175781,73.30000305175781,73.30000305175781,2310,0.0,0.0
2025-06-16 02:00:00+00:00,73.19999694824219,73.19999694824219,72.9000015258789,72.9000015258789,64136,0.0,0.0
2025-06-16 02:05:00+00:00,73.0,73.0,72.9000015258789,73.0,23088,0.0,0.0
2025-06-16 02:10:00+00:00,73.0,73.0,73.0,73.0,8273,0.0,0.0
2025-06-16 02:15:00+00:00,73.0,73.0,72.9000015258789,73.0,12020,0.0,0.0
2025-06-16 02:20:00+00:00,73.0,73.0,72.69999694824219,72.80000305175781,74970,0.0,0.0
2025-06-16 02:25:00+00:00,72.80000305175781,72.80000305175781,72.69999694824219,72.69999694824219,18000,0.0,0.0
2025-06-16 02:30:00+00:00,72.80000305175781,72.80000305175781,72.69999694824219,72.80000305175781,15000,0.0,0.0
2025-06-16 02:35:00+00:00,72.80000305175781,72.80000305175781,72.80000305175781,72.80000305175781,5000,0.0,0.0
2025-06-16 02:40:00+00:00,72.80000305175781,72.80000305175781,72.80000305175781,72.80000305175781,7030,0.0,0.0
2025-06-16 02:45:00+00:00,72.80000305175781,72.9000015258789,72.80000305175781,72.80000305175781,14193,0.0,0.0
2025-06-16 02:50:00+00:00,72.69999694824219,72.69999694824219,72.5999984741211,72.69999694824219,60002,0.0,0.0
2025-06-16 02:55:00+00:00,72.69999694824219,72.69999694824219,72.69999694824219,72.69999694824219,2000,0.0,0.0
2025-06-16 03:00:00+00:00,72.80000305175781,72.9000015258789,72.80000305175781,72.9000015258789,6230,0.0,0.0
2025-06-16 03:05:00+00:00,73.0,73.0999984741211,73.0,73.0999984741211,9020,0.0,0.0
2025-06-16 03:10:00+00:00,73.0999984741211,73.0999984741211,73.0,73.0,5134,0.0,0.0
2025-06-16 03:20:00+00:00,73.0,73.19999694824219,73.0,73.19999694824219,8130,0.0,0.0
2025-06-16 03:25:00+00:00,73.0999984741211,73.0999984741211,73.0999984741211,73.0999984741211,3186,0.0,0.0
2025-06-16 03:35:00+00:00,73.19999694824219,73.4000015258789,73.19999694824219,73.30000305175781,12000,0.0,0.0
2025-06-16 03:40:00+00:00,73.30000305175781,73.5,73.30000305175781,73.5,18000,0.0,0.0
2025-06-16 03:45:00+00:00,73.5,73.5,73.5,73.5,2005,0.0,0.0
2025-06-16 03:50:00+00:00,73.5,73.5,73.30000305175781,73.30000305175781,9000,0.0,0.0
2025-06-16 03:55:00+00:00,73.30000305175781,73.30000305175781,73.30000305175781,73.30000305175781,1005,0.0,0.0
2025-06-16 04:00:00+00:00,73.30000305175781,73.30000305175781,73.30000305175781,73.30000305175781,5025,0.0,0.0
2025-06-16 04:05:00+00:00,73.30000305175781,73.69999694824219,73.30000305175781,73.69999694824219,17070,0.0,0.0
2025-06-16 04:10:00+00:00,73.69999694824219,73.69999694824219,73.69999694824219,73.69999694824219,5100,0.0,0.0
2025-06-16 04:15:00+00:00,73.5999984741211,73.69999694824219,73.5999984741211,73.69999694824219,5000,0.0,0.0
2025-06-16 04:20:00+00:00,73.80000305175781,73.80000305175781,73.80000305175781,73.80000305175781,7000,0.0,0.0
2025-06-16 04:25:00+00:00,73.80000305175781,73.80000305175781,73.5,73.5,24145,0.0,0.0
2025-06-16 04:30:00+00:00,73.5,73.5999984741211,73.5,73.5999984741211,2085,0.0,0.0
2025-06-16 04:35:00+00:00,73.5999984741211,73.5999984741211,73.5999984741211,73.5999984741211,2051,0.0,0.0
2025-06-16 04:40:00+00:00,73.5,73.5,73.5,73.5,10000,0.0,0.0
2025-06-16 04:45:00+00:00,73.5,73.5,73.4000015258789,73.4000015258789,5017,0.0,0.0
2025-06-16 04:50:00+00:00,73.4000015258789,73.5999984741211,73.4000015258789,73.5999984741211,18012,0.0,0.0
2025-06-16 04:55:00+00:00,73.69999694824219,74.19999694824219,73.5999984741211,73.80000305175781,64315,0.0,0.0
2025-06-16 05:00:00+00:00,73.80000305175781,73.9000015258789,73.80000305175781,73.9000015258789,7042,0.0,0.0
2025-06-16 05:05:00+00:00,73.9000015258789,73.9000015258789,73.69999694824219,73.69999694824219,7017,0.0,0.0
2025-06-16 05:10:00+00:00,73.80000305175781,73.9000015258789,73.80000305175781,73.9000015258789,5020,0.0,0.0
2025-06-16 05:15:00+00:00,73.9000015258789,73.9000015258789,73.80000305175781,73.80000305175781,11105,0.0,0.0
2025-06-16 05:20:00+00:00,73.80000305175781,74.30000305175781,73.80000305175781,74.0999984741211,39258,0.0,0.0
2025-06-17 01:00:00+00:00,74.0999984741211,74.5,74.0999984741211,74.30000305175781,0,0.0,0.0
2025-06-17 01:05:00+00:00,74.19999694824219,74.5999984741211,74.19999694824219,74.5,36122,0.0,0.0
2025-06-17 01:10:00+00:00,74.5999984741211,74.5999984741211,74.4000015258789,74.5999984741211,10060,0.0,0.0
2025-06-17 01:15:00+00:00,74.5,74.5,74.30000305175781,74.30000305175781,16111,0.0,0.0
2025-06-17 01:20:00+00:00,74.5,74.5999984741211,74.5,74.5,30300,0.0,0.0
2025-06-17 01:25:00+00:00,74.5,74.5,74.5,74.5,2000,0.0,0.0
2025-06-17 01:30:00+00:00,74.4000015258789,74.4000015258789,74.4000015258789,74.4000015258789,6111,0.0,0.0
2025-06-17 01:35:00+00:00,74.4000015258789,74.4000015258789,74.4000015258789,74.4000015258789,3000,0.0,0.0
2025-06-17 01:40:00+00:00,74.4000015258789,74.4000015258789,74.4000015258789,74.4000015258789,11000,0.0,0.0
2025-06-17 01:45:00+00:00,74.4000015258789,74.5,74.4000015258789,74.4000015258789,7090,0.0,0.0
2025-06-17 01:50:00+00:00,74.30000305175781,74.30000305175781,74.30000305175781,74.30000305175781,2000,0.0,0.0
2025-06-17 01:55:00+00:00,74.30000305175781,74.30000305175781,74.0999984741211,74.19999694824219,20032,0.0,0.0
2025-06-17 02:00:00+00:00,74.0999984741211,74.0999984741211,74.0,74.0,14123,0.0,0.0
2025-06-17 02:05:00+00:00,74.0999984741211,74.0999984741211,74.0,74.0,3074,0.0,0.0
2025-06-17 02:10:00+00:00,74.0,74.0,73.80000305175781,73.80000305175781,15411,0.0,0.0
2025-06-17 02:15:00+00:00,73.80000305175781,73.80000305175781,73.80000305175781,73.80000305175781,4137,0.0,0.0
2025-06-17 02:20:00+00:00,73.69999694824219,73.69999694824219,73.5999984741211,73.5999984741211,17000,0.0,0.0
2025-06-17 02:25:00+00:00,73.5999984741211,73.69999694824219,73.5999984741211,73.69999694824219,6011,0.0,0.0
2025-06-17 02:30:00+00:00,73.69999694824219,73.69999694824219,73.69999694824219,73.69999694824219,2016,0.0,0.0
2025-06-17 02:35:00+00:00,73.69999694824219,73.69999694824219,73.69999694824219,73.69999694824219,2000,0.0,0.0
2025-06-17 02:40:00+00:00,73.69999694824219,73.69999694824219,73.5999984741211,73.69999694824219,5245,0.0,0.0
2025-06-17 02:45:00+00:00,73.69999694824219,73.69999694824219,73.69999694824219,73.69999694824219,2000,0.0,0.0
2025-06-17 02:50:00+00:00,73.80000305175781,74.0,73.80000305175781,74.0,2000,0.0,0.0
2025-06-17 02:55:00+00:00,73.80000305175781,74.0,73.80000305175781,74.0,4049,0.0,0.0
2025-06-17 03:00:00+00:00,74.0,74.0,73.9000015258789,73.9000015258789,8215,0.0,0.0
2025-06-17 03:05:00+00:00,73.9000015258789,74.0,73.9000015258789,74.0,12540,0.0,0.0
2025-06-17 03:15:00+00:00,74.0,74.0999984741211,73.9000015258789,73.9000015258789,16000,0.0,0.0
2025-06-17 03:20:00+00:00,73.9000015258789,73.9000015258789,73.9000015258789,73.9000015258789,2000,0.0,0.0
2025-06-17 03:25:00+00:00,73.80000305175781,73.80000305175781,73.80000305175781,73.80000305175781,2112,0.0,0.0
2025-06-17 03:30:00+00:00,73.80000305175781,73.80000305175781,73.80000305175781,73.80000305175781,8005,0.0,0.0
2025-06-17 03:35:00+00:00,73.9000015258789,73.9000015258789,73.9000015258789,73.9000015258789,1000,0.0,0.0
2025-06-17 03:45:00+00:00,73.69999694824219,73.69999694824219,73.4000015258789,73.4000015258789,70016,0.0,0.0
2025-06-17 03:50:00+00:00,73.4000015258789,73.4000015258789,73.4000015258789,73.4000015258789,4000,0.0,0.0
2025-06-17 03:55:00+00:00,73.4000015258789,73.4000015258789,73.4000015258789,73.4000015258789,2030,0.0,0.0
2025-06-17 04:00:00+00:00,73.5,73.5,73.5,73.5,14000,0.0,0.0
2025-06-17 04:05:00+00:00,73.5,73.5,73.4000015258789,73.4000015258789,26000,0.0,0.0
2025-06-17 04:10:00+00:00,73.4000015258789,73.4000015258789,73.4000015258789,73.4000015258789,3060,0.0,0.0
2025-06-17 04:15:00+00:00,73.5,73.5,73.5,73.5,3330,0.0,0.0
2025-06-17 04:20:00+00:00,73.4000015258789,73.4000015258789,73.30000305175781,73.30000305175781,27249,0.0,0.0
2025-06-17 04:25:00+00:00,73.30000305175781,73.5,73.19999694824219,73.5,30000,0.0,0.0
2025-06-17 04:30:00+00:00,73.30000305175781,73.4000015258789,73.30000305175781,73.4000015258789,6033,0.0,0.0
2025-06-17 04:35:00+00:00,73.30000305175781,73.30000305175781,73.19999694824219,73.19999694824219,2000,0.0,0.0
2025-06-17 04:40:00+00:00,73.30000305175781,73.5,73.30000305175781,73.5,40062,0.0,0.0
2025-06-17 04:45:00+00:00,73.4000015258789,73.5999984741211,73.4000015258789,73.4000015258789,20000,0.0,0.0
2025-06-17 04:50:00+00:00,73.30000305175781,73.5,73.30000305175781,73.4000015258789,38010,0.0,0.0
2025-06-17 04:55:00+00:00,73.5,73.5,73.5,73.5,6128,0.0,0.0
2025-06-17 05:00:00+00:00,73.5,73.69999694824219,73.5,73.69999694824219,16073,0.0,0.0
2025-06-17 05:05:00+00:00,73.69999694824219,73.69999694824219,73.69999694824219,73.69999694824219,1005,0.0,0.0
2025-06-17 05:10:00+00:00,73.5999984741211,73.5999984741211,73.5999984741211,73.5999984741211,3000,0.0,0.0
2025-06-17 05:15:00+00:00,73.5999984741211,73.5999984741211,73.4000015258789,73.5,18120,0.0,0.0
2025-06-17 05:20:00+00:00,73.4000015258789,73.5999984741211,73.4000015258789,73.4000015258789,26038,0.0,0.0
2025-06-18 01:00:00+00:00,74.19999694824219,74.19999694824219,73.80000305175781,73.9000015258789,15000,0.0,0.0
2025-06-18 01:05:00+00:00,73.69999694824219,74.80000305175781,73.69999694824219,74.4000015258789,77036,0.0,0.0
2025-06-18 01:10:00+00:00,74.30000305175781,74.30000305175781,74.0,74.0,14236,0.0,0.0
2025-06-18 01:15:00+00:00,73.9000015258789,74.0,73.9000015258789,74.0,6178,0.0,0.0
2025-06-18 01:20:00+00:00,74.0,74.0,73.9000015258789,74.0,7200,0.0,0.0
2025-06-18 01:25:00+00:00,73.9000015258789,74.19999694824219,73.9000015258789,74.19999694824219,25087,0.0,0.0
2025-06-18 01:30:00+00:00,74.19999694824219,74.30000305175781,74.0999984741211,74.19999694824219,6000,0.0,0.0
2025-06-18 01:35:00+00:00,74.30000305175781,74.30000305175781,74.19999694824219,74.19999694824219,10500,0.0,0.0
2025-06-18 01:40:00+00:00,74.0999984741211,74.0999984741211,74.0,74.0,8066,0.0,0.0
2025-06-18 01:45:00+00:00,74.0,74.0,74.0,74.0,2000,0.0,0.0
2025-06-18 01:50:00+00:00,74.0999984741211,74.0999984741211,74.0999984741211,74.0999984741211,6000,0.0,0.0
2025-06-18 01:55:00+00:00,74.0,74.0,74.0,74.0,11000,0.0,0.0
2025-06-18 02:00:00+00:00,73.9000015258789,73.9000015258789,73.80000305175781,73.80000305175781,8372,0.0,0.0
2025-06-18 02:05:00+00:00,73.69999694824219,73.69999694824219,73.5999984741211,73.5999984741211,4568,0.0,0.0
2025-06-18 02:10:00+00:00,73.69999694824219,73.69999694824219,73.69999694824219,73.69999694824219,1165,0.0,0.0
2025-06-18 02:15:00+00:00,73.69999694824219,73.69999694824219,73.69999694824219,73.69999694824219,4000,0.0,0.0
2025-06-18 02:20:00+00:00,73.69999694824219,73.69999694824219,73.69999694824219,73.69999694824219,1000,0.0,0.0
2025-06-18 02:30:00+00:00,73.69999694824219,73.69999694824219,73.69999694824219,73.69999694824219,7212,0.0,0.0
2025-06-18 02:35:00+00:00,73.80000305175781,73.80000305175781,73.80000305175781,73.80000305175781,7020,0.0,0.0
2025-06-18 02:40:00+00:00,73.9000015258789,73.9000015258789,73.9000015258789,73.9000015258789,4100,0.0,0.0
2025-06-18 02:45:00+00:00,73.9000015258789,73.9000015258789,73.9000015258789,73.9000015258789,1014,0.0,0.0
2025-06-18 02:50:00+00:00,73.9000015258789,73.9000015258789,73.9000015258789,73.9000015258789,3107,0.0,0.0
2025-06-18 03:00:00+00:00,74.0,74.30000305175781,74.0,74.30000305175781,32420,0.0,0.0
2025-06-18 03:05:00+00:00,74.30000305175781,74.30000305175781,74.0,74.30000305175781,9000,0.0,0.0
2025-06-18 03:10:00+00:00,74.30000305175781,74.30000305175781,74.19999694824219,74.19999694824219,2000,0.0,0.0
2025-06-18 03:15:00+00:00,74.19999694824219,74.30000305175781,74.0,74.19999694824219,8000,0.0,0.0
2025-06-18 03:20:00+00:00,74.19999694824219,74.30000305175781,74.19999694824219,74.30000305175781,9000,0.0,0.0
2025-06-18 03:25:00+00:00,74.30000305175781,74.4000015258789,74.30000305175781,74.4000015258789,12000,0.0,0.0
2025-06-18 03:30:00+00:00,74.4000015258789,74.5,74.4000015258789,74.5,10035,0.0,0.0
2025-06-18 03:35:00+00:00,74.30000305175781,74.4000015258789,74.19999694824219,74.30000305175781,13000,0.0,0.0
2025-06-18 03:40:00+00:00,74.4000015258789,74.4000015258789,74.4000015258789,74.4000015258789,7010,0.0,0.0
2025-06-18 03:45:00+00:00,74.4000015258789,74.5,74.4000015258789,74.5,3020,0.0,0.0
2025-06-18 03:50:00+00:00,74.4000015258789,74.4000015258789,74.4000015258789,74.4000015258789,4000,0.0,0.0
2025-06-18 03:55:00+00:00,74.30000305175781,74.30000305175781,74.19999694824219,74.19999694824219,8000,0.0,0.0
2025-06-18 04:00:00+00:00,74.0,74.19999694824219,74.0,74.19999694824219,2200,0.0,0.0
2025-06-18 04:05:00+00:00,74.0,74.0,74.0,74.0,4000,0.0,0.0
2025-06-18 04:10:00+00:00,74.0999984741211,74.0999984741211,74.0999984741211,74.0999984741211,2011,0.0,0.0
2025-06-18 04:15:00+00:00,74.0999984741211,74.0999984741211,74.0999984741211,74.0999984741211,9155,0.0,0.0
2025-06-18 04:20:00+00:00,74.0999984741211,74.0999984741211,74.0,74.0999984741211,7003,0.0,0.0
2025-06-18 04:25:00+00:00,74.0999984741211,74.0999984741211,74.0999984741211,74.0999984741211,1100,0.0,0.0
2025-06-18 04:30:00+00:00,74.0999984741211,74.0999984741211,74.0999984741211,74.0999984741211,1000,0.0,0.0
2025-06-18 04:35:00+00:00,74.0999984741211,74.0999984741211,74.0,74.0,11000,0.0,0.0
2025-06-18 04:40:00+00:00,74.0,74.0,74.0,74.0,3000,0.0,0.0
2025-06-18 04:45:00+00:00,74.0,74.0,74.0,74.0,1000,0.0,0.0
2025-06-18 04:50:00+00:00,74.0,74.0,74.0,74.0,6000,0.0,0.0
2025-06-18 04:55:00+00:00,73.9000015258789,73.9000015258789,73.9000015258789,73.9000015258789,1200,0.0,0.0
2025-06-18 05:00:00+00:00,73.9000015258789,74.0,73.9000015258789,73.9000015258789,12200,0.0,0.0
2025-06-18 05:05:00+00:00,74.0,74.0999984741211,73.9000015258789,73.9000015258789,10250,0.0,0.0
2025-06-18 05:10:00+00:00,73.80000305175781,73.9000015258789,73.80000305175781,73.80000305175781,5000,0.0,0.0
2025-06-18 05:15:00+00:00,73.80000305175781,73.9000015258789,73.69999694824219,73.80000305175781,29000,0.0,0.0
2025-06-18 05:20:00+00:00,73.69999694824219,73.9000015258789,73.69999694824219,73.9000015258789,19128,0.0,0.0
2025-06-19 01:00:00+00:00,73.5,73.5,73.19999694824219,73.4000015258789,0,0.0,0.0
2025-06-19 01:05:00+00:00,73.4000015258789,73.4000015258789,73.19999694824219,73.30000305175781,51000,0.0,0.0
2025-06-19 01:10:00+00:00,72.9000015258789,73.0,72.80000305175781,72.9000015258789,104979,0.0,0.0
2025-06-19 01:15:00+00:00,72.80000305175781,72.80000305175781,72.5999984741211,72.5999984741211,60391,0.0,0.0
2025-06-19 01:20:00+00:00,72.5999984741211,72.80000305175781,72.4000015258789,72.5999984741211,48494,0.0,0.0
2025-06-19 01:25:00+00:00,72.80000305175781,72.80000305175781,72.5,72.5,45700,0.0,0.0
2025-06-19 01:30:00+00:00,72.5,72.5,72.5,72.5,3184,0.0,0.0
2025-06-19 01:35:00+00:00,72.5999984741211,72.5999984741211,72.30000305175781,72.30000305175781,47390,0.0,0.0
2025-06-19 01:40:00+00:00,72.30000305175781,72.4000015258789,72.30000305175781,72.4000015258789,12642,0.0,0.0
2025-06-19 01:45:00+00:00,72.5,72.5999984741211,72.4000015258789,72.5999984741211,7370,0.0,0.0
2025-06-19 01:50:00+00:00,72.5,72.5,72.5,72.5,6385,0.0,0.0
2025-06-19 01:55:00+00:00,72.5,72.5,72.5,72.5,27000,0.0,0.0
2025-06-19 02:00:00+00:00,72.4000015258789,72.4000015258789,72.30000305175781,72.30000305175781,42131,0.0,0.0
2025-06-19 02:05:00+00:00,72.19999694824219,72.30000305175781,72.19999694824219,72.19999694824219,35100,0.0,0.0
2025-06-19 02:10:00+00:00,72.19999694824219,72.19999694824219,71.9000015258789,71.9000015258789,91007,0.0,0.0
2025-06-19 02:15:00+00:00,71.9000015258789,71.9000015258789,71.5,71.69999694824219,112958,0.0,0.0
2025-06-19 02:20:00+00:00,71.5999984741211,71.5999984741211,71.5999984741211,71.5999984741211,14506,0.0,0.0
2025-06-19 02:25:00+00:00,71.5999984741211,71.69999694824219,71.5,71.5999984741211,65188,0.0,0.0
2025-06-19 02:30:00+00:00,71.69999694824219,71.69999694824219,71.5,71.69999694824219,38407,0.0,0.0
2025-06-19 02:35:00+00:00,71.69999694824219,71.69999694824219,71.5999984741211,71.69999694824219,18000,0.0,0.0
2025-06-19 02:40:00+00:00,71.69999694824219,71.69999694824219,71.5999984741211,71.69999694824219,12121,0.0,0.0
2025-06-19 02:45:00+00:00,71.69999694824219,71.69999694824219,71.5999984741211,71.5999984741211,28000,0.0,0.0
2025-06-19 02:50:00+00:00,71.69999694824219,71.69999694824219,71.5999984741211,71.69999694824219,25406,0.0,0.0
2025-06-19 02:55:00+00:00,71.69999694824219,71.80000305175781,71.69999694824219,71.80000305175781,28050,0.0,0.0
2025-06-19 03:00:00+00:00,72.0,72.30000305175781,71.80000305175781,72.30000305175781,37010,0.0,0.0
2025-06-19 03:05:00+00:00,72.0999984741211,72.0999984741211,72.0,72.0,7150,0.0,0.0
2025-06-19 03:10:00+00:00,71.80000305175781,71.80000305175781,71.80000305175781,71.80000305175781,4000,0.0,0.0
2025-06-19 03:15:00+00:00,71.9000015258789,71.9000015258789,71.9000015258789,71.9000015258789,4005,0.0,0.0
2025-06-19 03:20:00+00:00,71.9000015258789,72.0999984741211,71.9000015258789,72.0,6215,0.0,0.0
2025-06-19 03:25:00+00:00,72.0,72.0999984741211,72.0,72.0999984741211,3000,0.0,0.0
2025-06-19 03:30:00+00:00,72.0999984741211,72.0999984741211,72.0999984741211,72.0999984741211,0,0.0,0.0
2025-06-19 03:35:00+00:00,72.19999694824219,72.19999694824219,72.0999984741211,72.0999984741211,1060239,0.0,0.0
2025-06-19 03:40:00+00:00,72.0999984741211,72.0999984741211,72.0999984741211,72.0999984741211,6000,0.0,0.0
2025-06-19 03:45:00+00:00,72.0,72.19999694824219,72.0,72.19999694824219,7040,0.0,0.0
2025-06-19 03:50:00+00:00,72.0999984741211,72.0999984741211,72.0999984741211,72.0999984741211,4001,0.0,0.0
2025-06-19 03:55:00+00:00,72.0999984741211,72.0999984741211,72.0,72.0,4353,0.0,0.0
2025-06-19 04:00:00+00:00,72.0,72.0999984741211,72.0,72.0,26000,0.0,0.0
2025-06-19 04:05:00+00:00,72.0,72.0,72.0,72.0,2050,0.0,0.0
2025-06-19 04:10:00+00:00,72.0,72.0,71.9000015258789,71.9000015258789,16050,0.0,0.0
2025-06-19 04:15:00+00:00,71.9000015258789,71.9000015258789,71.9000015258789,71.9000015258789,3441,0.0,0.0
2025-06-19 04:20:00+00:00,71.9000015258789,71.9000015258789,71.9000015258789,71.9000015258789,3799,0.0,0.0
2025-06-19 04:25:00+00:00,71.9000015258789,71.9000015258789,71.9000015258789,71.9000015258789,1000,0.0,0.0
2025-06-19 04:30:00+00:00,71.9000015258789,71.9000015258789,71.9000015258789,71.9000015258789,7000,0.0,0.0
2025-06-19 04:35:00+00:00,72.0,72.0,71.9000015258789,71.9000015258789,10220,0.0,0.0
2025-06-19 04:40:00+00:00,71.9000015258789,72.0,71.9000015258789,71.9000015258789,8000,0.0,0.0
2025-06-19 04:45:00+00:00,72.0,72.4000015258789,71.9000015258789,72.4000015258789,31000,0.0,0.0
2025-06-19 04:50:00+00:00,72.30000305175781,72.30000305175781,72.19999694824219,72.19999694824219,3100,0.0,0.0
2025-06-19 04:55:00+00:00,72.0999984741211,72.0999984741211,72.0,72.0,19000,0.0,0.0
2025-06-19 05:00:00+00:00,72.0,72.0999984741211,71.9000015258789,72.0,21100,0.0,0.0
2025-06-19 05:05:00+00:00,72.0,72.0,71.9000015258789,71.9000015258789,12279,0.0,0.0
2025-06-19 05:10:00+00:00,71.9000015258789,72.0,71.9000015258789,72.0,6000,0.0,0.0
2025-06-19 05:15:00+00:00,72.0,72.0999984741211,71.9000015258789,71.9000015258789,23000,0.0,0.0
2025-06-19 05:20:00+00:00,71.9000015258789,72.0,71.80000305175781,71.80000305175781,31250,0.0,0.0
2025-06-20 01:00:00+00:00,71.5,72.0,71.5,72.0,0,0.0,0.0
2025-06-20 01:05:00+00:00,72.0,72.0,71.80000305175781,71.80000305175781,13182,0.0,0.0
2025-06-20 01:10:00+00:00,71.80000305175781,71.9000015258789,71.5,71.5,32175,0.0,0.0
2025-06-20 01:15:00+00:00,71.5,71.5999984741211,71.5,71.5,14615,0.0,0.0
2025-06-20 01:20:00+00:00,71.5,71.5,71.30000305175781,71.30000305175781,13485,0.0,0.0
2025-06-20 01:25:00+00:00,71.30000305175781,71.30000305175781,71.0999984741211,71.19999694824219,27131,0.0,0.0
2025-06-20 01:30:00+00:00,71.0999984741211,71.0999984741211,70.69999694824219,70.69999694824219,51609,0.0,0.0
2025-06-20 01:35:00+00:00,70.69999694824219,70.80000305175781,70.5999984741211,70.69999694824219,46701,0.0,0.0
2025-06-20 01:40:00+00:00,70.69999694824219,70.69999694824219,70.5999984741211,70.5999984741211,38157,0.0,0.0
2025-06-20 01:45:00+00:00,70.5999984741211,70.5999984741211,70.5,70.5,67654,0.0,0.0
2025-06-20 01:50:00+00:00,70.4000015258789,70.5,70.4000015258789,70.5,30537,0.0,0.0
2025-06-20 01:55:00+00:00,70.5,70.5,70.5,70.5,7866,0.0,0.0
2025-06-20 02:00:00+00:00,70.4000015258789,70.4000015258789,70.30000305175781,70.4000015258789,26100,0.0,0.0
2025-06-20 02:05:00+00:00,70.4000015258789,70.69999694824219,70.4000015258789,70.69999694824219,22789,0.0,0.0
2025-06-20 02:10:00+00:00,70.5999984741211,70.5999984741211,70.5999984741211,70.5999984741211,6070,0.0,0.0
2025-06-20 02:15:00+00:00,70.5999984741211,70.69999694824219,70.5999984741211,70.69999694824219,18000,0.0,0.0
2025-06-20 02:20:00+00:00,70.69999694824219,70.9000015258789,70.69999694824219,70.9000015258789,7057,0.0,0.0
2025-06-20 02:25:00+00:00,70.80000305175781,70.80000305175781,70.80000305175781,70.80000305175781,14069,0.0,0.0
2025-06-20 02:30:00+00:00,70.80000305175781,70.9000015258789,70.80000305175781,70.9000015258789,7014,0.0,0.0
2025-06-20 02:35:00+00:00,71.0,71.0999984741211,71.0,71.0999984741211,22291,0.0,0.0
2025-06-20 02:40:00+00:00,71.0999984741211,71.0999984741211,70.80000305175781,70.80000305175781,5000,0.0,0.0
2025-06-20 02:45:00+00:00,71.0,71.19999694824219,71.0,71.19999694824219,9000,0.0,0.0
2025-06-20 02:50:00+00:00,71.0,71.0,70.80000305175781,71.0,22000,0.0,0.0
2025-06-20 02:55:00+00:00,71.0,71.30000305175781,70.80000305175781,71.30000305175781,25000,0.0,0.0
2025-06-20 03:00:00+00:00,71.30000305175781,71.30000305175781,71.30000305175781,71.30000305175781,1000,0.0,0.0
2025-06-20 03:05:00+00:00,71.0,71.0,71.0,71.0,4000,0.0,0.0
2025-06-20 03:10:00+00:00,70.9000015258789,71.0,70.9000015258789,71.0,5000,0.0,0.0
2025-06-20 03:20:00+00:00,71.0,71.0999984741211,71.0,71.0,11050,0.0,0.0
2025-06-20 03:25:00+00:00,71.0999984741211,71.0999984741211,71.0999984741211,71.0999984741211,0,0.0,0.0
2025-06-20 03:30:00+00:00,71.0999984741211,71.0999984741211,71.0999984741211,71.0999984741211,589552,0.0,0.0
2025-06-20 03:35:00+00:00,71.19999694824219,71.4000015258789,71.19999694824219,71.4000015258789,11070,0.0,0.0
2025-06-20 03:40:00+00:00,71.4000015258789,71.4000015258789,71.0,71.30000305175781,34300,0.0,0.0
2025-06-20 03:45:00+00:00,71.0999984741211,71.19999694824219,71.0,71.19999694824219,11000,0.0,0.0
2025-06-20 03:50:00+00:00,71.30000305175781,71.30000305175781,71.30000305175781,71.30000305175781,2030,0.0,0.0
2025-06-20 03:55:00+00:00,71.4000015258789,71.5,71.4000015258789,71.5,10173,0.0,0.0
2025-06-20 04:00:00+00:00,71.4000015258789,71.4000015258789,71.4000015258789,71.4000015258789,2000,0.0,0.0
2025-06-20 04:10:00+00:00,71.30000305175781,71.30000305175781,71.30000305175781,71.30000305175781,1100,0.0,0.0
2025-06-20 04:15:00+00:00,71.30000305175781,71.30000305175781,71.30000305175781,71.30000305175781,8000,0.0,0.0
2025-06-20 04:20:00+00:00,71.19999694824219,71.30000305175781,71.0999984741211,71.0999984741211,9092,0.0,0.0
2025-06-20 04:25:00+00:00,71.19999694824219,71.19999694824219,71.19999694824219,71.19999694824219,2010,0.0,0.0
2025-06-20 04:30:00+00:00,71.19999694824219,71.19999694824219,71.0999984741211,71.19999694824219,6300,0.0,0.0
2025-06-20 04:35:00+00:00,71.19999694824219,71.19999694824219,71.19999694824219,71.19999694824219,2000,0.0,0.0
2025-06-20 04:40:00+00:00,71.0999984741211,71.19999694824219,70.9000015258789,71.0999984741211,45368,0.0,0.0
2025-06-20 04:45:00+00:00,71.0,71.0,71.0,71.0,1000,0.0,0.0
2025-06-20 04:50:00+00:00,71.0999984741211,71.0999984741211,71.0,71.0,7050,0.0,0.0
2025-06-20 04:55:00+00:00,71.0,71.0,71.0,71.0,12210,0.0,0.0
2025-06-20 05:00:00+00:00,71.0999984741211,71.30000305175781,71.0999984741211,71.30000305175781,15162,0.0,0.0
2025-06-20 05:05:00+00:00,71.30000305175781,71.30000305175781,71.19999694824219,71.30000305175781,8000,0.0,0.0
2025-06-20 05:10:00+00:00,71.19999694824219,71.30000305175781,71.19999694824219,71.19999694824219,19000,0.0,0.0
2025-06-20 05:15:00+00:00,71.19999694824219,71.4000015258789,71.0999984741211,71.4000015258789,31096,0.0,0.0
2025-06-20 05:20:00+00:00,71.30000305175781,71.5,71.30000305175781,71.5,47824,0.0,0.0
2025-06-23 01:00:00+00:00,69.9000015258789,70.0,69.0999984741211,70.0,0,0.0,0.0
2025-06-23 01:05:00+00:00,70.0,70.69999694824219,69.9000015258789,70.69999694824219,46202,0.0,0.0
2025-06-23 01:10:00+00:00,70.69999694824219,70.9000015258789,70.69999694824219,70.9000015258789,7907,0.0,0.0
2025-06-23 01:15:00+00:00,70.9000015258789,70.9000015258789,70.5,70.5999984741211,36043,0.0,0.0
2025-06-23 01:20:00+00:00,70.5,70.9000015258789,70.5,70.80000305175781,37000,0.0,0.0
2025-06-23 01:25:00+00:00,70.9000015258789,71.0999984741211,70.80000305175781,70.80000305175781,42100,0.0,0.0
2025-06-23 01:30:00+00:00,70.80000305175781,70.80000305175781,70.69999694824219,70.80000305175781,7073,0.0,0.0
2025-06-23 01:35:00+00:00,70.69999694824219,70.80000305175781,70.69999694824219,70.69999694824219,5100,0.0,0.0
2025-06-23 01:40:00+00:00,70.80000305175781,70.80000305175781,70.69999694824219,70.69999694824219,5100,0.0,0.0
2025-06-23 01:45:00+00:00,70.69999694824219,70.9000015258789,70.69999694824219,70.69999694824219,9000,0.0,0.0
2025-06-23 01:50:00+00:00,70.9000015258789,71.19999694824219,70.9000015258789,71.19999694824219,43185,0.0,0.0
2025-06-23 01:55:00+00:00,71.19999694824219,71.19999694824219,71.0999984741211,71.0999984741211,3000,0.0,0.0
2025-06-23 02:00:00+00:00,71.0999984741211,71.0999984741211,70.9000015258789,70.9000015258789,27030,0.0,0.0
2025-06-23 02:05:00+00:00,70.80000305175781,71.30000305175781,70.69999694824219,71.0999984741211,42025,0.0,0.0
2025-06-23 02:10:00+00:00,71.30000305175781,71.30000305175781,71.0999984741211,71.0999984741211,7130,0.0,0.0
2025-06-23 02:15:00+00:00,71.0999984741211,71.0999984741211,71.0999984741211,71.0999984741211,6000,0.0,0.0
2025-06-23 02:20:00+00:00,71.0999984741211,71.0999984741211,71.0999984741211,71.0999984741211,2020,0.0,0.0
2025-06-23 02:25:00+00:00,71.0999984741211,71.5,71.0999984741211,71.5,8068,0.0,0.0
2025-06-23 02:30:00+00:00,71.5,71.5,71.4000015258789,71.4000015258789,5112,0.0,0.0
2025-06-23 02:35:00+00:00,71.4000015258789,71.4000015258789,71.30000305175781,71.30000305175781,5000,0.0,0.0
2025-06-23 02:40:00+00:00,71.4000015258789,71.4000015258789,71.4000015258789,71.4000015258789,3012,0.0,0.0
2025-06-23 02:45:00+00:00,71.4000015258789,71.5,71.4000015258789,71.4000015258789,5073,0.0,0.0
2025-06-23 02:50:00+00:00,71.4000015258789,71.4000015258789,71.30000305175781,71.4000015258789,6143,0.0,0.0
2025-06-23 02:55:00+00:00,71.5,71.5999984741211,71.5,71.5999984741211,20046,0.0,0.0
2025-06-23 03:00:00+00:00,71.5999984741211,71.80000305175781,71.5999984741211,71.69999694824219,12481,0.0,0.0
2025-06-23 03:05:00+00:00,71.69999694824219,71.69999694824219,71.5999984741211,71.69999694824219,6008,0.0,0.0
2025-06-23 03:10:00+00:00,71.69999694824219,71.69999694824219,71.5999984741211,71.5999984741211,4030,0.0,0.0
2025-06-23 03:15:00+00:00,71.69999694824219,71.69999694824219,71.5,71.5,4001,0.0,0.0
2025-06-23 03:20:00+00:00,71.5999984741211,71.5999984741211,71.4000015258789,71.5,9284,0.0,0.0
2025-06-23 03:25:00+00:00,71.4000015258789,71.4000015258789,71.4000015258789,71.4000015258789,1080,0.0,0.0
2025-06-23 03:30:00+00:00,71.5,71.5,71.4000015258789,71.5,8100,0.0,0.0
2025-06-23 03:35:00+00:00,71.4000015258789,71.5999984741211,71.4000015258789,71.5999984741211,4000,0.0,0.0
2025-06-23 03:40:00+00:00,71.5999984741211,71.5999984741211,71.5,71.5,5020,0.0,0.0
2025-06-23 03:45:00+00:00,71.5,71.5999984741211,71.5,71.5999984741211,3000,0.0,0.0
2025-06-23 03:50:00+00:00,71.5,71.5,71.4000015258789,71.5,23110,0.0,0.0
2025-06-23 03:55:00+00:00,71.4000015258789,71.4000015258789,71.4000015258789,71.4000015258789,1119,0.0,0.0
2025-06-23 04:05:00+00:00,71.4000015258789,71.4000015258789,71.0999984741211,71.0999984741211,7315,0.0,0.0
2025-06-23 04:10:00+00:00,71.19999694824219,71.30000305175781,71.19999694824219,71.30000305175781,6000,0.0,0.0
2025-06-23 04:15:00+00:00,71.30000305175781,71.30000305175781,71.30000305175781,71.30000305175781,2150,0.0,0.0
2025-06-23 04:20:00+00:00,71.30000305175781,71.30000305175781,71.30000305175781,71.30000305175781,15000,0.0,0.0
2025-06-23 04:30:00+00:00,71.19999694824219,71.19999694824219,71.19999694824219,71.19999694824219,1000,0.0,0.0
2025-06-23 04:35:00+00:00,71.19999694824219,71.30000305175781,71.19999694824219,71.30000305175781,4150,0.0,0.0
2025-06-23 04:40:00+00:00,71.19999694824219,71.30000305175781,71.19999694824219,71.19999694824219,16162,0.0,0.0
2025-06-23 04:45:00+00:00,71.19999694824219,71.19999694824219,71.0,71.0999984741211,51000,0.0,0.0
2025-06-23 04:50:00+00:00,71.0999984741211,71.0999984741211,71.0999984741211,71.0999984741211,1000,0.0,0.0
2025-06-23 04:55:00+00:00,71.0999984741211,71.0999984741211,71.0999984741211,71.0999984741211,8000,0.0,0.0
2025-06-23 05:00:00+00:00,71.19999694824219,71.19999694824219,71.0999984741211,71.0999984741211,11100,0.0,0.0
2025-06-23 05:05:00+00:00,71.0,71.0,71.0,71.0,4059,0.0,0.0
2025-06-23 05:10:00+00:00,71.0,71.19999694824219,71.0,71.19999694824219,7045,0.0,0.0
2025-06-23 05:15:00+00:00,71.30000305175781,71.30000305175781,71.19999694824219,71.19999694824219,4000,0.0,0.0
2025-06-23 05:20:00+00:00,71.0999984741211,71.30000305175781,71.0999984741211,71.19999694824219,12000,0.0,0.0
2025-06-24 01:00:00+00:00,72.0,72.30000305175781,72.0,72.30000305175781,0,0.0,0.0
2025-06-24 01:05:00+00:00,72.30000305175781,72.5999984741211,72.30000305175781,72.5,25000,0.0,0.0
2025-06-24 01:10:00+00:00,72.4000015258789,72.80000305175781,72.4000015258789,72.80000305175781,86327,0.0,0.0
2025-06-24 01:15:00+00:00,72.9000015258789,73.19999694824219,72.80000305175781,72.9000015258789,80469,0.0,0.0
2025-06-24 01:20:00+00:00,73.19999694824219,73.30000305175781,72.9000015258789,72.9000015258789,41100,0.0,0.0
2025-06-24 01:25:00+00:00,72.9000015258789,72.9000015258789,72.9000015258789,72.9000015258789,3011,0.0,0.0
2025-06-24 01:30:00+00:00,72.80000305175781,73.0,72.80000305175781,73.0,25137,0.0,0.0
2025-06-24 01:35:00+00:00,73.0,73.0,72.80000305175781,72.9000015258789,22000,0.0,0.0
2025-06-24 01:40:00+00:00,73.0999984741211,73.19999694824219,73.0,73.0,43610,0.0,0.0
2025-06-24 01:45:00+00:00,73.0,73.0999984741211,73.0,73.0999984741211,7000,0.0,0.0
2025-06-24 01:50:00+00:00,73.0999984741211,73.19999694824219,73.0,73.19999694824219,11200,0.0,0.0
2025-06-24 01:55:00+00:00,73.19999694824219,73.4000015258789,73.0999984741211,73.30000305175781,74943,0.0,0.0
2025-06-24 02:00:00+00:00,73.30000305175781,73.5,73.30000305175781,73.30000305175781,50134,0.0,0.0
2025-06-24 02:05:00+00:00,73.19999694824219,73.30000305175781,73.19999694824219,73.19999694824219,6100,0.0,0.0
2025-06-24 02:10:00+00:00,73.19999694824219,73.19999694824219,73.0999984741211,73.0999984741211,2030,0.0,0.0
2025-06-24 02:15:00+00:00,73.0999984741211,73.4000015258789,73.0999984741211,73.19999694824219,47070,0.0,0.0
2025-06-24 02:20:00+00:00,73.19999694824219,73.30000305175781,73.19999694824219,73.30000305175781,10009,0.0,0.0
2025-06-24 02:25:00+00:00,73.19999694824219,73.4000015258789,73.19999694824219,73.4000015258789,16000,0.0,0.0
2025-06-24 02:35:00+00:00,73.30000305175781,73.30000305175781,73.30000305175781,73.30000305175781,2021,0.0,0.0
2025-06-24 02:40:00+00:00,73.19999694824219,73.30000305175781,73.19999694824219,73.30000305175781,2549,0.0,0.0
2025-06-24 02:45:00+00:00,73.19999694824219,73.19999694824219,73.19999694824219,73.19999694824219,7000,0.0,0.0
2025-06-24 02:50:00+00:00,73.19999694824219,73.19999694824219,73.19999694824219,73.19999694824219,4353,0.0,0.0
2025-06-24 02:55:00+00:00,73.19999694824219,73.19999694824219,73.0999984741211,73.0999984741211,7000,0.0,0.0
2025-06-24 03:00:00+00:00,73.0999984741211,73.19999694824219,73.0999984741211,73.19999694824219,12020,0.0,0.0
2025-06-24 03:05:00+00:00,73.30000305175781,73.30000305175781,73.30000305175781,73.30000305175781,2000,0.0,0.0
2025-06-24 03:15:00+00:00,73.30000305175781,73.30000305175781,73.30000305175781,73.30000305175781,2000,0.0,0.0
2025-06-24 03:20:00+00:00,73.30000305175781,73.30000305175781,73.19999694824219,73.30000305175781,5000,0.0,0.0
2025-06-24 03:25:00+00:00,73.19999694824219,73.19999694824219,73.0999984741211,73.0999984741211,8000,0.0,0.0
2025-06-24 03:30:00+00:00,73.30000305175781,73.30000305175781,73.30000305175781,73.30000305175781,14002,0.0,0.0
2025-06-24 03:35:00+00:00,73.30000305175781,73.30000305175781,73.30000305175781,73.30000305175781,17010,0.0,0.0
2025-06-24 03:40:00+00:00,73.30000305175781,73.30000305175781,73.30000305175781,73.30000305175781,3050,0.0,0.0
2025-06-24 03:45:00+00:00,73.4000015258789,73.4000015258789,73.30000305175781,73.30000305175781,3000,0.0,0.0
2025-06-24 03:50:00+00:00,73.30000305175781,73.4000015258789,73.30000305175781,73.30000305175781,11030,0.0,0.0
2025-06-24 03:55:00+00:00,73.30000305175781,73.30000305175781,73.30000305175781,73.30000305175781,2000,0.0,0.0
2025-06-24 04:00:00+00:00,73.30000305175781,73.30000305175781,73.30000305175781,73.30000305175781,2000,0.0,0.0
2025-06-24 04:05:00+00:00,73.19999694824219,73.19999694824219,73.19999694824219,73.19999694824219,8000,0.0,0.0
2025-06-24 04:10:00+00:00,73.0999984741211,73.19999694824219,72.9000015258789,73.19999694824219,11137,0.0,0.0
2025-06-24 04:15:00+00:00,73.0,73.0,73.0,73.0,3028,0.0,0.0
2025-06-24 04:20:00+00:00,73.0,73.0,73.0,73.0,9150,0.0,0.0
2025-06-24 04:25:00+00:00,73.0,73.0,73.0,73.0,7150,0.0,0.0
2025-06-24 04:30:00+00:00,73.0,73.0999984741211,72.9000015258789,73.0999984741211,7014,0.0,0.0
2025-06-24 04:35:00+00:00,73.0999984741211,73.0999984741211,73.0999984741211,73.0999984741211,9000,0.0,0.0
2025-06-24 04:40:00+00:00,73.0999984741211,73.19999694824219,73.0999984741211,73.19999694824219,7000,0.0,0.0
2025-06-24 04:45:00+00:00,73.19999694824219,73.19999694824219,73.19999694824219,73.19999694824219,1000,0.0,0.0
2025-06-24 04:50:00+00:00,73.19999694824219,73.30000305175781,73.19999694824219,73.19999694824219,6000,0.0,0.0
2025-06-24 04:55:00+00:00,73.19999694824219,73.30000305175781,73.19999694824219,73.19999694824219,10079,0.0,0.0
2025-06-24 05:00:00+00:00,73.19999694824219,73.19999694824219,73.19999694824219,73.19999694824219,6060,0.0,0.0
2025-06-24 05:05:00+00:00,73.19999694824219,73.30000305175781,73.19999694824219,73.30000305175781,2000,0.0,0.0
2025-06-24 05:10:00+00:00,73.19999694824219,73.19999694824219,73.0999984741211,73.0999984741211,4000,0.0,0.0
2025-06-24 05:15:00+00:00,73.19999694824219,73.30000305175781,73.19999694824219,73.19999694824219,16000,0.0,0.0
2025-06-24 05:20:00+00:00,73.19999694824219,73.30000305175781,73.0,73.30000305175781,23145,0.0,0.0
2025-06-25 01:00:00+00:00,73.4000015258789,73.80000305175781,73.4000015258789,73.5999984741211,42000,0.0,0.0
2025-06-25 01:05:00+00:00,73.5999984741211,74.0999984741211,73.5,74.0999984741211,63000,0.0,0.0
2025-06-25 01:10:00+00:00,74.0,74.0,73.9000015258789,73.9000015258789,23676,0.0,0.0
2025-06-25 01:15:00+00:00,73.9000015258789,73.9000015258789,73.5,73.5,14373,0.0,0.0
2025-06-25 01:20:00+00:00,73.5,73.5999984741211,73.5,73.5999984741211,6232,0.0,0.0
2025-06-25 01:25:00+00:00,73.5999984741211,73.5999984741211,73.5999984741211,73.5999984741211,13429,0.0,0.0
2025-06-25 01:30:00+00:00,73.5,73.5999984741211,73.5,73.5,18004,0.0,0.0
2025-06-25 01:35:00+00:00,73.5,73.5,73.5,73.5,4008,0.0,0.0
2025-06-25 01:40:00+00:00,73.5999984741211,73.69999694824219,73.5999984741211,73.69999694824219,3050,0.0,0.0
2025-06-25 01:45:00+00:00,73.5,73.5,73.5,73.5,4175,0.0,0.0
2025-06-25 01:50:00+00:00,73.5,73.5,73.4000015258789,73.4000015258789,14010,0.0,0.0
2025-06-25 01:55:00+00:00,73.4000015258789,73.4000015258789,73.30000305175781,73.30000305175781,4106,0.0,0.0
2025-06-25 02:00:00+00:00,73.19999694824219,73.19999694824219,73.19999694824219,73.19999694824219,8100,0.0,0.0
2025-06-25 02:05:00+00:00,73.19999694824219,73.19999694824219,73.0,73.19999694824219,23056,0.0,0.0
2025-06-25 02:10:00+00:00,73.0999984741211,73.0999984741211,73.0999984741211,73.0999984741211,1000,0.0,0.0
2025-06-25 02:15:00+00:00,73.19999694824219,73.19999694824219,73.0999984741211,73.0999984741211,11486,0.0,0.0
2025-06-25 02:20:00+00:00,73.0,73.0,73.0,73.0,11000,0.0,0.0
2025-06-25 02:25:00+00:00,72.9000015258789,72.9000015258789,72.80000305175781,72.80000305175781,6110,0.0,0.0
2025-06-25 02:30:00+00:00,72.80000305175781,72.80000305175781,72.80000305175781,72.80000305175781,9000,0.0,0.0
2025-06-25 02:35:00+00:00,72.80000305175781,72.9000015258789,72.69999694824219,72.9000015258789,38151,0.0,0.0
2025-06-25 02:40:00+00:00,73.0999984741211,73.0999984741211,73.0999984741211,73.0999984741211,1010,0.0,0.0
2025-06-25 02:45:00+00:00,73.0999984741211,73.0999984741211,73.0999984741211,73.0999984741211,2000,0.0,0.0
2025-06-25 02:50:00+00:00,73.0,73.0,73.0,73.0,8000,0.0,0.0
2025-06-25 02:55:00+00:00,73.0,73.0,73.0,73.0,5014,0.0,0.0
2025-06-25 03:00:00+00:00,73.0,73.0,73.0,73.0,1000,0.0,0.0
2025-06-25 03:05:00+00:00,73.0,73.0,73.0,73.0,1100,0.0,0.0
2025-06-25 03:15:00+00:00,73.0,73.0,73.0,73.0,1200,0.0,0.0
2025-06-25 03:30:00+00:00,72.9000015258789,72.9000015258789,72.69999694824219,72.69999694824219,23389,0.0,0.0
2025-06-25 03:40:00+00:00,72.80000305175781,72.80000305175781,72.80000305175781,72.80000305175781,1000,0.0,0.0
2025-06-25 03:45:00+00:00,73.0,73.0,73.0,73.0,4110,0.0,0.0
2025-06-25 03:50:00+00:00,73.0,73.0,73.0,73.0,4061,0.0,0.0
2025-06-25 03:55:00+00:00,72.9000015258789,72.9000015258789,72.9000015258789,72.9000015258789,1001,0.0,0.0
2025-06-25 04:00:00+00:00,73.0,73.0,72.80000305175781,72.80000305175781,22000,0.0,0.0
2025-06-25 04:05:00+00:00,73.0999984741211,73.0999984741211,72.9000015258789,72.9000015258789,11200,0.0,0.0
2025-06-25 04:15:00+00:00,72.9000015258789,72.9000015258789,72.80000305175781,72.80000305175781,8000,0.0,0.0
2025-06-25 04:20:00+00:00,72.9000015258789,72.9000015258789,72.80000305175781,72.80000305175781,3000,0.0,0.0
2025-06-25 04:25:00+00:00,72.80000305175781,72.80000305175781,72.80000305175781,72.80000305175781,1075,0.0,0.0
2025-06-25 04:30:00+00:00,72.9000015258789,72.9000015258789,72.9000015258789,72.9000015258789,3000,0.0,0.0
2025-06-25 04:40:00+00:00,72.9000015258789,72.9000015258789,72.9000015258789,72.9000015258789,1000,0.0,0.0
2025-06-25 04:45:00+00:00,73.0,73.0,73.0,73.0,11100,0.0,0.0
2025-06-25 04:50:00+00:00,73.0,73.0,72.9000015258789,72.9000015258789,2402,0.0,0.0
2025-06-25 04:55:00+00:00,72.9000015258789,72.9000015258789,72.9000015258789,72.9000015258789,22094,0.0,0.0
2025-06-25 05:00:00+00:00,73.0,73.19999694824219,73.0,73.19999694824219,8000,0.0,0.0
2025-06-25 05:05:00+00:00,73.30000305175781,73.5,73.19999694824219,73.5,43058,0.0,0.0
2025-06-25 05:10:00+00:00,73.5,73.69999694824219,73.5,73.5,32300,0.0,0.0
2025-06-25 05:15:00+00:00,73.4000015258789,73.4000015258789,73.19999694824219,73.19999694824219,4011,0.0,0.0
2025-06-25 05:20:00+00:00,73.0999984741211,73.19999694824219,73.0,73.19999694824219,18100,0.0,0.0
2025-06-26 01:00:00+00:00,73.5,74.0,73.5,73.80000305175781,0,0.0,0.0
2025-06-26 01:05:00+00:00,73.80000305175781,74.0,73.80000305175781,73.80000305175781,42100,0.0,0.0
2025-06-26 01:10:00+00:00,73.80000305175781,73.80000305175781,73.5,73.5,25200,0.0,0.0
2025-06-26 01:15:00+00:00,73.5,73.9000015258789,73.5,73.9000015258789,7000,0.0,0.0
2025-06-26 01:20:00+00:00,73.69999694824219,73.9000015258789,73.5,73.9000015258789,49277,0.0,0.0
2025-06-26 01:25:00+00:00,73.9000015258789,74.30000305175781,73.9000015258789,74.0999984741211,55160,0.0,0.0
2025-06-26 01:30:00+00:00,74.30000305175781,74.30000305175781,74.0,74.0,33400,0.0,0.0
2025-06-26 01:35:00+00:00,74.0,74.0,73.69999694824219,73.69999694824219,17050,0.0,0.0
2025-06-26 01:40:00+00:00,73.69999694824219,73.69999694824219,73.69999694824219,73.69999694824219,1000,0.0,0.0
2025-06-26 01:45:00+00:00,73.80000305175781,73.9000015258789,73.80000305175781,73.80000305175781,7000,0.0,0.0
2025-06-26 01:50:00+00:00,73.80000305175781,73.9000015258789,73.5,73.5,18200,0.0,0.0
2025-06-26 01:55:00+00:00,73.5,73.5999984741211,73.4000015258789,73.5,17032,0.0,0.0
2025-06-26 02:00:00+00:00,73.5999984741211,73.69999694824219,73.5999984741211,73.69999694824219,3010,0.0,0.0
2025-06-26 02:05:00+00:00,73.69999694824219,73.69999694824219,73.5,73.5999984741211,20156,0.0,0.0
2025-06-26 02:10:00+00:00,73.80000305175781,74.0,73.80000305175781,74.0,12064,0.0,0.0
2025-06-26 02:15:00+00:00,74.0,74.0,73.9000015258789,73.9000015258789,8681,0.0,0.0
2025-06-26 02:20:00+00:00,73.80000305175781,73.80000305175781,73.69999694824219,73.69999694824219,10040,0.0,0.0
2025-06-26 02:25:00+00:00,73.69999694824219,73.69999694824219,73.5,73.5,11205,0.0,0.0
2025-06-26 02:30:00+00:00,73.4000015258789,73.4000015258789,73.4000015258789,73.4000015258789,2000,0.0,0.0
2025-06-26 02:35:00+00:00,73.4000015258789,73.4000015258789,73.4000015258789,73.4000015258789,9900,0.0,0.0
2025-06-26 02:40:00+00:00,73.30000305175781,73.5,73.30000305175781,73.5,2415,0.0,0.0
2025-06-26 02:45:00+00:00,73.4000015258789,73.5,73.4000015258789,73.5,4100,0.0,0.0
2025-06-26 02:50:00+00:00,73.5,73.5,73.5,73.5,1047,0.0,0.0
2025-06-26 02:55:00+00:00,73.30000305175781,73.30000305175781,73.19999694824219,73.19999694824219,12000,0.0,0.0
2025-06-26 03:05:00+00:00,73.19999694824219,73.19999694824219,73.19999694824219,73.19999694824219,3000,0.0,0.0
2025-06-26 03:10:00+00:00,73.19999694824219,73.4000015258789,73.19999694824219,73.4000015258789,14100,0.0,0.0
2025-06-26 03:15:00+00:00,73.30000305175781,73.30000305175781,73.30000305175781,73.30000305175781,1099,0.0,0.0
2025-06-26 03:20:00+00:00,73.30000305175781,73.30000305175781,73.19999694824219,73.19999694824219,4101,0.0,0.0
2025-06-26 03:30:00+00:00,73.30000305175781,73.30000305175781,73.19999694824219,73.19999694824219,11106,0.0,0.0
2025-06-26 03:40:00+00:00,73.19999694824219,73.19999694824219,73.19999694824219,73.19999694824219,1020,0.0,0.0
2025-06-26 03:45:00+00:00,73.19999694824219,73.19999694824219,73.19999694824219,73.19999694824219,5023,0.0,0.0
2025-06-26 03:55:00+00:00,73.19999694824219,73.19999694824219,73.19999694824219,73.19999694824219,9037,0.0,0.0
2025-06-26 04:00:00+00:00,73.19999694824219,73.19999694824219,73.19999694824219,73.19999694824219,3032,0.0,0.0
2025-06-26 04:05:00+00:00,73.19999694824219,73.19999694824219,73.19999694824219,73.19999694824219,5185,0.0,0.0
2025-06-26 04:10:00+00:00,73.19999694824219,73.19999694824219,73.19999694824219,73.19999694824219,1000,0.0,0.0
2025-06-26 04:15:00+00:00,73.0999984741211,73.19999694824219,73.0999984741211,73.19999694824219,7004,0.0,0.0
2025-06-26 04:25:00+00:00,73.19999694824219,73.19999694824219,73.19999694824219,73.19999694824219,5000,0.0,0.0
2025-06-26 04:30:00+00:00,73.19999694824219,73.30000305175781,73.19999694824219,73.30000305175781,12250,0.0,0.0
2025-06-26 04:35:00+00:00,73.19999694824219,73.19999694824219,73.19999694824219,73.19999694824219,1000,0.0,0.0
2025-06-26 04:40:00+00:00,73.30000305175781,73.30000305175781,73.19999694824219,73.19999694824219,3101,0.0,0.0
2025-06-26 04:45:00+00:00,73.19999694824219,73.19999694824219,73.19999694824219,73.19999694824219,4000,0.0,0.0
2025-06-26 04:50:00+00:00,73.19999694824219,73.19999694824219,73.0,73.19999694824219,22115,0.0,0.0
2025-06-26 04:55:00+00:00,73.0999984741211,73.19999694824219,73.0999984741211,73.19999694824219,3400,0.0,0.0
2025-06-26 05:00:00+00:00,73.19999694824219,73.30000305175781,73.0999984741211,73.30000305175781,11000,0.0,0.0
2025-06-26 05:05:00+00:00,73.30000305175781,73.30000305175781,73.0999984741211,73.19999694824219,11100,0.0,0.0
2025-06-26 05:10:00+00:00,73.0999984741211,73.0999984741211,73.0999984741211,73.0999984741211,10008,0.0,0.0
2025-06-26 05:15:00+00:00,73.0,73.19999694824219,73.0,73.19999694824219,14876,0.0,0.0
2025-06-26 05:20:00+00:00,73.0999984741211,73.19999694824219,73.0,73.0,9637,0.0,0.0
2025-06-27 01:00:00+00:00,73.5,73.5,73.5,73.5,0,0.0,0.0
2025-06-27 01:05:00+00:00,73.30000305175781,73.30000305175781,73.19999694824219,73.19999694824219,7004,0.0,0.0
2025-06-27 01:10:00+00:00,73.19999694824219,73.19999694824219,73.19999694824219,73.19999694824219,1151,0.0,0.0
2025-06-27 01:15:00+00:00,73.0999984741211,73.0999984741211,73.0999984741211,73.0999984741211,5000,0.0,0.0
2025-06-27 01:20:00+00:00,73.0,73.0,73.0,73.0,1000,0.0,0.0
2025-06-27 01:25:00+00:00,73.0,73.0,73.0,73.0,8758,0.0,0.0
2025-06-27 01:30:00+00:00,73.0,73.0,72.5999984741211,72.5999984741211,27000,0.0,0.0
2025-06-27 01:40:00+00:00,72.80000305175781,72.80000305175781,72.80000305175781,72.80000305175781,3055,0.0,0.0
2025-06-27 01:45:00+00:00,72.80000305175781,72.9000015258789,72.80000305175781,72.9000015258789,6000,0.0,0.0
2025-06-27 01:50:00+00:00,72.9000015258789,72.9000015258789,72.9000015258789,72.9000015258789,12014,0.0,0.0
2025-06-27 01:55:00+00:00,72.9000015258789,72.9000015258789,72.9000015258789,72.9000015258789,1060,0.0,0.0
2025-06-27 02:00:00+00:00,72.9000015258789,73.0,72.9000015258789,72.9000015258789,3250,0.0,0.0
2025-06-27 02:05:00+00:00,72.9000015258789,73.0,72.80000305175781,73.0,16000,0.0,0.0
2025-06-27 02:10:00+00:00,72.9000015258789,72.9000015258789,72.9000015258789,72.9000015258789,10100,0.0,0.0
2025-06-27 02:15:00+00:00,72.9000015258789,72.9000015258789,72.9000015258789,72.9000015258789,5000,0.0,0.0
2025-06-27 02:20:00+00:00,73.0,73.0,72.9000015258789,72.9000015258789,9058,0.0,0.0
2025-06-27 02:25:00+00:00,72.9000015258789,72.9000015258789,72.80000305175781,72.80000305175781,21035,0.0,0.0
2025-06-27 02:30:00+00:00,72.80000305175781,72.80000305175781,72.80000305175781,72.80000305175781,3001,0.0,0.0
2025-06-27 02:35:00+00:00,72.80000305175781,72.80000305175781,72.69999694824219,72.69999694824219,12215,0.0,0.0
2025-06-27 02:40:00+00:00,72.80000305175781,72.80000305175781,72.80000305175781,72.80000305175781,1000,0.0,0.0
2025-06-27 02:45:00+00:00,72.80000305175781,72.80000305175781,72.80000305175781,72.80000305175781,2000,0.0,0.0
2025-06-27 02:50:00+00:00,72.80000305175781,72.80000305175781,72.69999694824219,72.80000305175781,7889,0.0,0.0
2025-06-27 03:00:00+00:00,72.80000305175781,72.80000305175781,72.80000305175781,72.80000305175781,3901,0.0,0.0
2025-06-27 03:05:00+00:00,72.80000305175781,72.80000305175781,72.80000305175781,72.80000305175781,3000,0.0,0.0
2025-06-27 03:10:00+00:00,72.69999694824219,72.69999694824219,72.69999694824219,72.69999694824219,5000,0.0,0.0
2025-06-27 03:15:00+00:00,72.69999694824219,72.9000015258789,72.69999694824219,72.9000015258789,9000,0.0,0.0
2025-06-27 03:25:00+00:00,72.80000305175781,72.9000015258789,72.80000305175781,72.9000015258789,9000,0.0,0.0
2025-06-27 03:30:00+00:00,72.80000305175781,72.80000305175781,72.69999694824219,72.69999694824219,7100,0.0,0.0
2025-06-27 03:35:00+00:00,72.69999694824219,72.69999694824219,72.69999694824219,72.69999694824219,2000,0.0,0.0
2025-06-27 03:45:00+00:00,72.80000305175781,72.80000305175781,72.80000305175781,72.80000305175781,12000,0.0,0.0
2025-06-27 03:50:00+00:00,72.69999694824219,72.80000305175781,72.69999694824219,72.80000305175781,5200,0.0,0.0
2025-06-27 04:00:00+00:00,72.69999694824219,72.80000305175781,72.69999694824219,72.80000305175781,5235,0.0,0.0
2025-06-27 04:05:00+00:00,72.80000305175781,72.80000305175781,72.69999694824219,72.80000305175781,5025,0.0,0.0
2025-06-27 04:10:00+00:00,72.69999694824219,72.80000305175781,72.69999694824219,72.69999694824219,10040,0.0,0.0
2025-06-27 04:15:00+00:00,72.69999694824219,72.69999694824219,72.69999694824219,72.69999694824219,4000,0.0,0.0
2025-06-27 04:20:00+00:00,72.69999694824219,72.80000305175781,72.69999694824219,72.80000305175781,22000,0.0,0.0
2025-06-27 04:25:00+00:00,72.80000305175781,72.80000305175781,72.80000305175781,72.80000305175781,5000,0.0,0.0
2025-06-27 04:30:00+00:00,72.9000015258789,73.0,72.9000015258789,73.0,13000,0.0,0.0
2025-06-27 04:35:00+00:00,72.9000015258789,73.0,72.9000015258789,72.9000015258789,4019,0.0,0.0
2025-06-27 04:50:00+00:00,72.9000015258789,72.9000015258789,72.9000015258789,72.9000015258789,2000,0.0,0.0
2025-06-27 04:55:00+00:00,72.9000015258789,72.9000015258789,72.80000305175781,72.80000305175781,12000,0.0,0.0
2025-06-27 05:00:00+00:00,72.69999694824219,72.80000305175781,72.69999694824219,72.80000305175781,21090,0.0,0.0
2025-06-27 05:05:00+00:00,72.80000305175781,72.80000305175781,72.80000305175781,72.80000305175781,3070,0.0,0.0
2025-06-27 05:10:00+00:00,72.80000305175781,72.80000305175781,72.80000305175781,72.80000305175781,4000,0.0,0.0
2025-06-27 05:15:00+00:00,72.80000305175781,72.80000305175781,72.69999694824219,72.80000305175781,10000,0.0,0.0
2025-06-27 05:20:00+00:00,72.69999694824219,72.69999694824219,72.5,72.5,65019,0.0,0.0
2025-06-30 01:00:00+00:00,72.80000305175781,72.9000015258789,72.19999694824219,72.19999694824219,0,0.0,0.0
2025-06-30 01:05:00+00:00,72.0999984741211,72.0999984741211,71.9000015258789,71.9000015258789,52000,0.0,0.0
2025-06-30 01:10:00+00:00,71.9000015258789,71.9000015258789,71.80000305175781,71.9000015258789,21265,0.0,0.0
2025-06-30 01:15:00+00:00,72.0,72.0,71.80000305175781,71.9000015258789,14100,0.0,0.0
2025-06-30 01:20:00+00:00,71.80000305175781,71.80000305175781,71.69999694824219,71.69999694824219,37013,0.0,0.0
2025-06-30 01:25:00+00:00,71.9000015258789,71.9000015258789,71.9000015258789,71.9000015258789,8000,0.0,0.0
2025-06-30 01:30:00+00:00,71.80000305175781,71.80000305175781,71.69999694824219,71.80000305175781,21164,0.0,0.0
2025-06-30 01:35:00+00:00,71.80000305175781,72.0,71.80000305175781,72.0,9007,0.0,0.0
2025-06-30 01:40:00+00:00,72.19999694824219,72.19999694824219,72.19999694824219,72.19999694824219,1003,0.0,0.0
2025-06-30 01:45:00+00:00,72.19999694824219,72.19999694824219,72.19999694824219,72.19999694824219,2001,0.0,0.0
2025-06-30 01:50:00+00:00,72.19999694824219,72.19999694824219,72.19999694824219,72.19999694824219,5004,0.0,0.0
2025-06-30 02:00:00+00:00,72.0999984741211,72.0999984741211,72.0999984741211,72.0999984741211,7000,0.0,0.0
2025-06-30 02:05:00+00:00,72.0,72.0,72.0,72.0,14131,0.0,0.0
2025-06-30 02:10:00+00:00,72.0,72.0,71.9000015258789,71.9000015258789,2000,0.0,0.0
2025-06-30 02:15:00+00:00,72.0,72.0999984741211,72.0,72.0999984741211,3117,0.0,0.0
2025-06-30 02:20:00+00:00,72.0,72.0,71.9000015258789,71.9000015258789,5000,0.0,0.0
2025-06-30 02:30:00+00:00,71.9000015258789,71.9000015258789,71.9000015258789,71.9000015258789,8000,0.0,0.0
2025-06-30 02:35:00+00:00,71.80000305175781,71.9000015258789,71.80000305175781,71.9000015258789,11001,0.0,0.0
2025-06-30 02:40:00+00:00,71.9000015258789,71.9000015258789,71.80000305175781,71.80000305175781,2000,0.0,0.0
2025-06-30 02:45:00+00:00,71.80000305175781,71.9000015258789,71.80000305175781,71.80000305175781,10332,0.0,0.0
2025-06-30 02:50:00+00:00,71.80000305175781,72.0,71.69999694824219,72.0,9013,0.0,0.0
2025-06-30 02:55:00+00:00,71.69999694824219,71.69999694824219,71.5999984741211,71.5999984741211,31895,0.0,0.0
2025-06-30 03:00:00+00:00,71.69999694824219,71.69999694824219,71.69999694824219,71.69999694824219,4010,0.0,0.0
2025-06-30 03:05:00+00:00,71.69999694824219,71.69999694824219,71.5999984741211,71.5999984741211,15000,0.0,0.0
2025-06-30 03:10:00+00:00,71.5999984741211,71.5999984741211,71.5999984741211,71.5999984741211,1321,0.0,0.0
2025-06-30 03:15:00+00:00,71.5999984741211,71.5999984741211,71.5,71.5,30277,0.0,0.0
2025-06-30 03:20:00+00:00,71.5,71.5999984741211,71.4000015258789,71.4000015258789,12879,0.0,0.0
2025-06-30 03:25:00+00:00,71.4000015258789,71.5,71.4000015258789,71.5,20000,0.0,0.0
2025-06-30 03:30:00+00:00,71.5,71.5,71.5,71.5,7000,0.0,0.0
2025-06-30 03:35:00+00:00,71.4000015258789,71.5,71.4000015258789,71.4000015258789,11104,0.0,0.0
2025-06-30 03:40:00+00:00,71.4000015258789,71.4000015258789,71.4000015258789,71.4000015258789,5000,0.0,0.0
2025-06-30 03:45:00+00:00,71.4000015258789,71.4000015258789,71.19999694824219,71.19999694824219,32244,0.0,0.0
2025-06-30 03:50:00+00:00,71.19999694824219,71.19999694824219,71.19999694824219,71.19999694824219,5005,0.0,0.0
2025-06-30 03:55:00+00:00,71.19999694824219,71.30000305175781,71.19999694824219,71.19999694824219,6000,0.0,0.0
2025-06-30 04:00:00+00:00,71.4000015258789,71.4000015258789,71.4000015258789,71.4000015258789,1000,0.0,0.0
2025-06-30 04:05:00+00:00,71.4000015258789,71.4000015258789,71.4000015258789,71.4000015258789,1000,0.0,0.0
2025-06-30 04:10:00+00:00,71.30000305175781,71.30000305175781,71.30000305175781,71.30000305175781,5000,0.0,0.0
2025-06-30 04:15:00+00:00,71.30000305175781,71.30000305175781,71.19999694824219,71.19999694824219,22168,0.0,0.0
2025-06-30 04:20:00+00:00,71.0999984741211,71.30000305175781,71.0999984741211,71.30000305175781,11150,0.0,0.0
2025-06-30 04:25:00+00:00,71.19999694824219,71.19999694824219,71.19999694824219,71.19999694824219,4215,0.0,0.0
2025-06-30 04:30:00+00:00,71.19999694824219,71.19999694824219,71.0999984741211,71.0999984741211,9030,0.0,0.0
2025-06-30 04:35:00+00:00,71.0999984741211,71.4000015258789,71.0999984741211,71.4000015258789,5012,0.0,0.0
2025-06-30 04:40:00+00:00,71.19999694824219,71.19999694824219,71.19999694824219,71.19999694824219,2000,0.0,0.0
2025-06-30 04:45:00+00:00,71.30000305175781,71.30000305175781,71.0999984741211,71.0999984741211,35777,0.0,0.0
2025-06-30 04:50:00+00:00,71.0999984741211,71.0999984741211,71.0999984741211,71.0999984741211,5000,0.0,0.0
2025-06-30 04:55:00+00:00,71.19999694824219,71.30000305175781,71.19999694824219,71.19999694824219,21186,0.0,0.0
2025-06-30 05:00:00+00:00,71.19999694824219,71.19999694824219,71.0999984741211,71.19999694824219,13460,0.0,0.0
2025-06-30 05:05:00+00:00,71.0999984741211,71.19999694824219,71.0999984741211,71.19999694824219,22340,0.0,0.0
2025-06-30 05:10:00+00:00,71.19999694824219,71.19999694824219,71.19999694824219,71.19999694824219,12560,0.0,0.0
2025-06-30 05:15:00+00:00,71.30000305175781,71.30000305175781,71.0999984741211,71.0999984741211,21180,0.0,0.0
2025-06-30 05:20:00+00:00,71.19999694824219,71.30000305175781,71.0999984741211,71.0999984741211,14820,0.0,0.0
2025-07-01 01:00:00+00:00,71.19999694824219,71.5999984741211,71.19999694824219,71.5999984741211,0,0.0,0.0
2025-07-01 01:05:00+00:00,71.9000015258789,72.0,71.80000305175781,72.0,27000,0.0,0.0
2025-07-01 01:10:00+00:00,72.0,72.0,71.69999694824219,71.69999694824219,18047,0.0,0.0
2025-07-01 01:15:00+00:00,71.69999694824219,71.69999694824219,71.5999984741211,71.5999984741211,8235,0.0,0.0
2025-07-01 01:20:00+00:00,71.4000015258789,71.5,71.30000305175781,71.5,30000,0.0,0.0
2025-07-01 01:25:00+00:00,71.5,71.5,71.5,71.5,3090,0.0,0.0
2025-07-01 01:30:00+00:00,71.5999984741211,71.69999694824219,71.5999984741211,71.69999694824219,6200,0.0,0.0
2025-07-01 01:35:00+00:00,71.80000305175781,72.30000305175781,71.80000305175781,72.0999984741211,41000,0.0,0.0
2025-07-01 01:40:00+00:00,72.0999984741211,72.5,72.0,72.4000015258789,43510,0.0,0.0
2025-07-01 01:45:00+00:00,72.30000305175781,72.30000305175781,72.0999984741211,72.0999984741211,15064,0.0,0.0
2025-07-01 01:50:00+00:00,72.0999984741211,72.0999984741211,72.0,72.0,12000,0.0,0.0
2025-07-01 01:55:00+00:00,71.9000015258789,72.0999984741211,71.9000015258789,72.0999984741211,14100,0.0,0.0
2025-07-01 02:00:00+00:00,72.0999984741211,72.0999984741211,72.0999984741211,72.0999984741211,2000,0.0,0.0
2025-07-01 02:05:00+00:00,72.0999984741211,72.0999984741211,71.9000015258789,71.9000015258789,12000,0.0,0.0
2025-07-01 02:10:00+00:00,71.9000015258789,72.0,71.80000305175781,71.80000305175781,22000,0.0,0.0
2025-07-01 02:15:00+00:00,72.0,72.0,72.0,72.0,6020,0.0,0.0
2025-07-01 02:20:00+00:00,71.9000015258789,71.9000015258789,71.9000015258789,71.9000015258789,2250,0.0,0.0
2025-07-01 02:25:00+00:00,71.9000015258789,72.0999984741211,71.9000015258789,72.0999984741211,6014,0.0,0.0
2025-07-01 02:30:00+00:00,72.0,72.0999984741211,72.0,72.0999984741211,6006,0.0,0.0
2025-07-01 02:35:00+00:00,72.0,72.0,72.0,72.0,3000,0.0,0.0
2025-07-01 02:40:00+00:00,71.9000015258789,71.9000015258789,71.9000015258789,71.9000015258789,2035,0.0,0.0
2025-07-01 02:45:00+00:00,72.0,72.0999984741211,72.0,72.0999984741211,3000,0.0,0.0
2025-07-01 02:50:00+00:00,72.0,72.0999984741211,72.0,72.0,6000,0.0,0.0
2025-07-01 02:55:00+00:00,72.0,72.0,72.0,72.0,3000,0.0,0.0
2025-07-01 03:00:00+00:00,72.0,72.0,72.0,72.0,3200,0.0,0.0
2025-07-01 03:05:00+00:00,72.0,72.0999984741211,71.9000015258789,72.0999984741211,18100,0.0,0.0
2025-07-01 03:10:00+00:00,72.0,72.0,72.0,72.0,9000,0.0,0.0
2025-07-01 03:15:00+00:00,71.9000015258789,71.9000015258789,71.9000015258789,71.9000015258789,12014,0.0,0.0
2025-07-01 03:20:00+00:00,71.9000015258789,72.0,71.9000015258789,72.0,4000,0.0,0.0
2025-07-01 03:25:00+00:00,71.9000015258789,71.9000015258789,71.80000305175781,71.80000305175781,7000,0.0,0.0
2025-07-01 03:30:00+00:00,71.9000015258789,71.9000015258789,71.80000305175781,71.80000305175781,5000,0.0,0.0
2025-07-01 03:35:00+00:00,71.80000305175781,71.80000305175781,71.80000305175781,71.80000305175781,1000,0.0,0.0
2025-07-01 03:40:00+00:00,71.80000305175781,71.80000305175781,71.69999694824219,71.80000305175781,24064,0.0,0.0
2025-07-01 03:45:00+00:00,71.80000305175781,71.80000305175781,71.80000305175781,71.80000305175781,4000,0.0,0.0
2025-07-01 03:50:00+00:00,71.80000305175781,71.80000305175781,71.80000305175781,71.80000305175781,1129,0.0,0.0
2025-07-01 03:55:00+00:00,71.80000305175781,71.9000015258789,71.80000305175781,71.9000015258789,2050,0.0,0.0
2025-07-01 04:00:00+00:00,71.9000015258789,71.9000015258789,71.80000305175781,71.80000305175781,25000,0.0,0.0
2025-07-01 04:05:00+00:00,71.80000305175781,71.80000305175781,71.80000305175781,71.80000305175781,4000,0.0,0.0
2025-07-01 04:15:00+00:00,71.80000305175781,71.80000305175781,71.80000305175781,71.80000305175781,6000,0.0,0.0
2025-07-01 04:20:00+00:00,71.80000305175781,71.80000305175781,71.69999694824219,71.69999694824219,10027,0.0,0.0
2025-07-01 04:25:00+00:00,71.5999984741211,71.5999984741211,71.5999984741211,71.5999984741211,4000,0.0,0.0
2025-07-01 04:35:00+00:00,71.5999984741211,71.5999984741211,71.5999984741211,71.5999984741211,4000,0.0,0.0
2025-07-01 04:40:00+00:00,71.5999984741211,71.5999984741211,71.5999984741211,71.5999984741211,1063,0.0,0.0
2025-07-01 04:45:00+00:00,71.69999694824219,71.69999694824219,71.69999694824219,71.69999694824219,7330,0.0,0.0
2025-07-01 04:55:00+00:00,71.69999694824219,71.80000305175781,71.5999984741211,71.5999984741211,12013,0.0,0.0
2025-07-01 05:00:00+00:00,71.5999984741211,71.5999984741211,71.30000305175781,71.30000305175781,21214,0.0,0.0
2025-07-01 05:10:00+00:00,71.5999984741211,71.80000305175781,71.5999984741211,71.80000305175781,12002,0.0,0.0
2025-07-01 05:15:00+00:00,71.80000305175781,71.80000305175781,71.69999694824219,71.80000305175781,3006,0.0,0.0
2025-07-01 05:20:00+00:00,71.5999984741211,71.9000015258789,71.5999984741211,71.5999984741211,11050,0.0,0.0
2025-07-02 01:00:00+00:00,71.5,71.5999984741211,71.5,71.5999984741211,0,0.0,0.0
2025-07-02 01:05:00+00:00,71.5999984741211,71.9000015258789,71.5999984741211,71.80000305175781,7372,0.0,0.0
2025-07-02 01:10:00+00:00,71.69999694824219,71.69999694824219,71.5999984741211,71.69999694824219,6029,0.0,0.0
2025-07-02 01:15:00+00:00,71.5999984741211,71.5999984741211,71.5,71.5,16030,0.0,0.0
2025-07-02 01:20:00+00:00,71.4000015258789,71.4000015258789,71.30000305175781,71.30000305175781,3100,0.0,0.0
2025-07-02 01:25:00+00:00,71.4000015258789,71.5999984741211,71.30000305175781,71.5999984741211,8240,0.0,0.0
2025-07-02 01:30:00+00:00,71.4000015258789,71.4000015258789,71.4000015258789,71.4000015258789,1109,0.0,0.0
2025-07-02 01:35:00+00:00,71.5999984741211,71.5999984741211,71.5,71.5,3010,0.0,0.0
2025-07-02 01:40:00+00:00,71.5999984741211,71.5999984741211,71.5999984741211,71.5999984741211,1400,0.0,0.0
2025-07-02 01:45:00+00:00,71.5999984741211,71.5999984741211,71.5999984741211,71.5999984741211,6345,0.0,0.0
2025-07-02 01:55:00+00:00,71.5999984741211,71.5999984741211,71.5999984741211,71.5999984741211,5000,0.0,0.0
2025-07-02 02:00:00+00:00,71.69999694824219,71.80000305175781,71.69999694824219,71.80000305175781,11000,0.0,0.0
2025-07-02 02:05:00+00:00,71.9000015258789,72.0,71.9000015258789,72.0,2010,0.0,0.0
2025-07-02 02:10:00+00:00,72.0,72.5,72.0,72.4000015258789,48000,0.0,0.0
2025-07-02 02:15:00+00:00,72.4000015258789,72.80000305175781,72.4000015258789,72.80000305175781,39060,0.0,0.0
2025-07-02 02:20:00+00:00,72.69999694824219,72.69999694824219,72.5,72.5,22000,0.0,0.0
2025-07-02 02:25:00+00:00,72.5,72.5,72.5,72.5,7000,0.0,0.0
2025-07-02 02:35:00+00:00,72.5,72.5,72.5,72.5,1010,0.0,0.0
2025-07-02 02:40:00+00:00,72.4000015258789,72.4000015258789,72.30000305175781,72.30000305175781,4000,0.0,0.0
2025-07-02 02:45:00+00:00,72.30000305175781,72.30000305175781,72.30000305175781,72.30000305175781,4079,0.0,0.0
2025-07-02 03:05:00+00:00,72.30000305175781,72.30000305175781,72.30000305175781,72.30000305175781,7034,0.0,0.0
2025-07-02 03:10:00+00:00,72.30000305175781,72.30000305175781,72.30000305175781,72.30000305175781,5003,0.0,0.0
2025-07-02 03:15:00+00:00,72.19999694824219,72.30000305175781,72.19999694824219,72.30000305175781,9000,0.0,0.0
2025-07-02 03:25:00+00:00,72.19999694824219,72.19999694824219,72.0999984741211,72.0999984741211,12000,0.0,0.0
2025-07-02 03:30:00+00:00,72.0999984741211,72.0999984741211,72.0999984741211,72.0999984741211,1100,0.0,0.0
2025-07-02 03:55:00+00:00,72.0,72.0999984741211,72.0,72.0999984741211,11000,0.0,0.0
2025-07-02 04:10:00+00:00,72.0999984741211,72.0999984741211,72.0999984741211,72.0999984741211,4200,0.0,0.0
2025-07-02 04:15:00+00:00,72.0,72.0,72.0,72.0,1000,0.0,0.0
2025-07-02 04:30:00+00:00,72.0999984741211,72.0999984741211,72.0999984741211,72.0999984741211,4000,0.0,0.0
2025-07-02 04:35:00+00:00,72.0,72.0,72.0,72.0,1000,0.0,0.0
2025-07-02 04:40:00+00:00,72.0,72.0999984741211,72.0,72.0999984741211,15520,0.0,0.0
2025-07-02 04:45:00+00:00,71.9000015258789,71.9000015258789,71.9000015258789,71.9000015258789,2151,0.0,0.0
2025-07-02 05:00:00+00:00,72.0,72.0,72.0,72.0,4000,0.0,0.0
2025-07-02 05:05:00+00:00,71.9000015258789,72.0,71.9000015258789,71.9000015258789,9000,0.0,0.0
2025-07-02 05:10:00+00:00,71.9000015258789,71.9000015258789,71.9000015258789,71.9000015258789,1000,0.0,0.0
2025-07-02 05:15:00+00:00,71.9000015258789,71.9000015258789,71.9000015258789,71.9000015258789,3000,0.0,0.0
2025-07-02 05:20:00+00:00,71.9000015258789,72.0,71.69999694824219,71.80000305175781,26015,0.0,0.0
2025-05-05 01:00:00+00:00,72.80000305175781,72.80000305175781,70.30000305175781,71.5999984741211,0,0.0,0.0
2025-05-05 01:05:00+00:00,71.69999694824219,71.69999694824219,70.5,70.80000305175781,412000,0.0,0.0
2025-05-05 01:10:00+00:00,70.5,71.19999694824219,70.4000015258789,71.0,119669,0.0,0.0
2025-05-05 01:15:00+00:00,70.80000305175781,71.30000305175781,70.5999984741211,70.9000015258789,106753,0.0,0.0
2025-05-05 01:20:00+00:00,70.9000015258789,71.0,69.0,69.5999984741211,408207,0.0,0.0
2025-05-05 01:25:00+00:00,69.5,69.80000305175781,69.0,69.0,268176,0.0,0.0
2025-05-05 01:30:00+00:00,69.0,69.0,68.69999694824219,68.9000015258789,153963,0.0,0.0
2025-05-05 01:35:00+00:00,68.9000015258789,69.0,68.5999984741211,68.80000305175781,123739,0.0,0.0
2025-05-05 01:40:00+00:00,68.80000305175781,68.80000305175781,68.69999694824219,68.69999694824219,57280,0.0,0.0
2025-05-05 01:45:00+00:00,68.69999694824219,68.69999694824219,68.0999984741211,68.19999694824219,134316,0.0,0.0
2025-05-05 01:50:00+00:00,68.0999984741211,68.30000305175781,67.69999694824219,68.30000305175781,99862,0.0,0.0
2025-05-05 01:55:00+00:00,68.19999694824219,68.19999694824219,67.5999984741211,67.80000305175781,78099,0.0,0.0
2025-05-05 02:00:00+00:00,67.9000015258789,68.0,67.5999984741211,67.5999984741211,66500,0.0,0.0
2025-05-05 02:05:00+00:00,67.5999984741211,67.5999984741211,67.0,67.4000015258789,181084,0.0,0.0
2025-05-05 02:10:00+00:00,67.19999694824219,67.5999984741211,67.0,67.5,69270,0.0,0.0
2025-05-05 02:15:00+00:00,67.5999984741211,67.69999694824219,67.4000015258789,67.4000015258789,38130,0.0,0.0
2025-05-05 02:20:00+00:00,67.4000015258789,67.5,67.0,67.19999694824219,59000,0.0,0.0
2025-05-05 02:25:00+00:00,67.19999694824219,67.4000015258789,67.19999694824219,67.30000305175781,14478,0.0,0.0
2025-05-05 02:30:00+00:00,67.30000305175781,67.30000305175781,66.5,66.5,379217,0.0,0.0
2025-05-05 02:35:00+00:00,66.5,66.5,66.5,66.5,277194,0.0,0.0
2025-05-05 02:40:00+00:00,66.5,66.80000305175781,66.5,66.5,197979,0.0,0.0
2025-05-05 02:45:00+00:00,66.5,66.69999694824219,66.5,66.69999694824219,95829,0.0,0.0
2025-05-05 02:50:00+00:00,66.80000305175781,66.80000305175781,66.5999984741211,66.80000305175781,26000,0.0,0.0
2025-05-05 02:55:00+00:00,66.69999694824219,66.9000015258789,66.5,66.5999984741211,122006,0.0,0.0
2025-05-05 03:00:00+00:00,66.9000015258789,67.4000015258789,66.80000305175781,67.19999694824219,91290,0.0,0.0
2025-05-05 03:05:00+00:00,67.0999984741211,67.5999984741211,67.0999984741211,67.5,65834,0.0,0.0
2025-05-05 03:10:00+00:00,67.5999984741211,67.5999984741211,67.30000305175781,67.4000015258789,54162,0.0,0.0
2025-05-05 03:15:00+00:00,67.4000015258789,67.5999984741211,67.30000305175781,67.30000305175781,30316,0.0,0.0
2025-05-05 03:20:00+00:00,67.19999694824219,68.0,67.19999694824219,67.5999984741211,50000,0.0,0.0
2025-05-05 03:25:00+00:00,67.69999694824219,67.69999694824219,67.5,67.5,27400,0.0,0.0
2025-05-05 03:30:00+00:00,67.5,67.5999984741211,67.4000015258789,67.5999984741211,31200,0.0,0.0
2025-05-05 03:35:00+00:00,67.69999694824219,67.80000305175781,67.5999984741211,67.69999694824219,25297,0.0,0.0
2025-05-05 03:40:00+00:00,67.69999694824219,67.69999694824219,67.4000015258789,67.4000015258789,28500,0.0,0.0
2025-05-05 03:45:00+00:00,67.5999984741211,67.69999694824219,67.19999694824219,67.69999694824219,125000,0.0,0.0
2025-05-05 03:50:00+00:00,67.69999694824219,67.9000015258789,67.5999984741211,67.9000015258789,50336,0.0,0.0
2025-05-05 03:55:00+00:00,67.80000305175781,67.80000305175781,67.80000305175781,67.80000305175781,22249,0.0,0.0
2025-05-05 04:00:00+00:00,67.80000305175781,67.80000305175781,67.69999694824219,67.69999694824219,6819,0.0,0.0
2025-05-05 04:05:00+00:00,67.69999694824219,67.80000305175781,67.69999694824219,67.69999694824219,13055,0.0,0.0
2025-05-05 04:10:00+00:00,67.80000305175781,67.9000015258789,67.5999984741211,67.9000015258789,46307,0.0,0.0
2025-05-05 04:15:00+00:00,67.9000015258789,68.0,67.80000305175781,67.80000305175781,25450,0.0,0.0
2025-05-05 04:20:00+00:00,67.80000305175781,67.80000305175781,67.69999694824219,67.80000305175781,12350,0.0,0.0
2025-05-05 04:25:00+00:00,67.80000305175781,67.80000305175781,67.69999694824219,67.80000305175781,36165,0.0,0.0
2025-05-05 04:30:00+00:00,67.80000305175781,67.9000015258789,67.69999694824219,67.9000015258789,32128,0.0,0.0
2025-05-05 04:35:00+00:00,67.9000015258789,68.19999694824219,67.9000015258789,68.0,53453,0.0,0.0
2025-05-05 04:40:00+00:00,68.0,68.19999694824219,68.0,68.19999694824219,22103,0.0,0.0
2025-05-05 04:45:00+00:00,68.19999694824219,68.19999694824219,68.0,68.0999984741211,20320,0.0,0.0
2025-05-05 04:50:00+00:00,68.0999984741211,68.0999984741211,68.0,68.0,32040,0.0,0.0
2025-05-05 04:55:00+00:00,67.9000015258789,68.0,67.69999694824219,67.69999694824219,40016,0.0,0.0
2025-05-05 05:00:00+00:00,67.69999694824219,67.9000015258789,67.69999694824219,67.9000015258789,17030,0.0,0.0
2025-05-05 05:05:00+00:00,67.9000015258789,67.9000015258789,67.69999694824219,67.9000015258789,37250,0.0,0.0
2025-05-05 05:10:00+00:00,67.9000015258789,67.9000015258789,67.80000305175781,67.9000015258789,20100,0.0,0.0
2025-05-05 05:15:00+00:00,67.80000305175781,67.9000015258789,67.80000305175781,67.80000305175781,28076,0.0,0.0
2025-05-05 05:20:00+00:00,67.80000305175781,67.9000015258789,67.5999984741211,67.69999694824219,66297,0.0,0.0
2025-05-06 01:00:00+00:00,67.80000305175781,68.4000015258789,67.69999694824219,67.9000015258789,0,0.0,0.0
2025-05-06 01:05:00+00:00,67.9000015258789,68.4000015258789,67.9000015258789,68.30000305175781,65000,0.0,0.0
2025-05-06 01:10:00+00:00,68.30000305175781,68.5999984741211,68.0999984741211,68.5999984741211,107689,0.0,0.0
2025-05-06 01:15:00+00:00,68.69999694824219,69.19999694824219,68.69999694824219,69.0,124374,0.0,0.0
2025-05-06 01:20:00+00:00,68.9000015258789,69.0999984741211,68.80000305175781,69.0,84457,0.0,0.0
2025-05-06 01:25:00+00:00,69.0,69.0999984741211,68.9000015258789,69.0,31000,0.0,0.0
2025-05-06 01:30:00+00:00,69.0,69.0999984741211,68.9000015258789,68.9000015258789,41200,0.0,0.0
2025-05-06 01:35:00+00:00,68.9000015258789,69.0,68.9000015258789,69.0,31049,0.0,0.0
2025-05-06 01:40:00+00:00,69.0,69.0999984741211,68.69999694824219,68.69999694824219,54831,0.0,0.0
2025-05-06 01:45:00+00:00,68.69999694824219,68.69999694824219,68.5,68.5,60497,0.0,0.0
2025-05-06 01:50:00+00:00,68.5999984741211,68.69999694824219,68.5999984741211,68.5999984741211,19648,0.0,0.0
2025-05-06 01:55:00+00:00,68.69999694824219,68.69999694824219,68.69999694824219,68.69999694824219,13104,0.0,0.0
2025-05-06 02:00:00+00:00,68.69999694824219,68.69999694824219,68.69999694824219,68.69999694824219,5500,0.0,0.0
2025-05-06 02:05:00+00:00,68.69999694824219,68.80000305175781,68.69999694824219,68.80000305175781,29050,0.0,0.0
2025-05-06 02:10:00+00:00,68.80000305175781,68.80000305175781,68.69999694824219,68.69999694824219,19101,0.0,0.0
2025-05-06 02:15:00+00:00,68.5999984741211,68.69999694824219,68.5999984741211,68.69999694824219,13138,0.0,0.0
2025-05-06 02:20:00+00:00,68.69999694824219,68.69999694824219,68.5999984741211,68.5999984741211,26200,0.0,0.0
2025-05-06 02:25:00+00:00,68.5999984741211,68.5999984741211,68.5,68.5999984741211,16150,0.0,0.0
2025-05-06 02:30:00+00:00,68.69999694824219,68.80000305175781,68.69999694824219,68.69999694824219,16221,0.0,0.0
2025-05-06 02:35:00+00:00,68.69999694824219,68.80000305175781,68.69999694824219,68.80000305175781,15000,0.0,0.0
2025-05-06 02:40:00+00:00,68.69999694824219,68.69999694824219,68.0999984741211,68.69999694824219,104000,0.0,0.0
2025-05-06 02:45:00+00:00,68.5999984741211,68.69999694824219,68.5,68.69999694824219,11000,0.0,0.0
2025-05-06 02:50:00+00:00,68.9000015258789,68.9000015258789,68.80000305175781,68.9000015258789,14219,0.0,0.0
2025-05-06 02:55:00+00:00,68.9000015258789,68.9000015258789,68.80000305175781,68.80000305175781,20065,0.0,0.0
2025-05-06 03:00:00+00:00,68.80000305175781,68.80000305175781,68.80000305175781,68.80000305175781,4406,0.0,0.0
2025-05-06 03:05:00+00:00,68.9000015258789,68.9000015258789,68.9000015258789,68.9000015258789,3000,0.0,0.0
2025-05-06 03:15:00+00:00,68.80000305175781,68.80000305175781,68.69999694824219,68.69999694824219,5337,0.0,0.0
2025-05-06 03:20:00+00:00,68.80000305175781,68.80000305175781,68.80000305175781,68.80000305175781,5517,0.0,0.0
2025-05-06 03:25:00+00:00,68.80000305175781,68.9000015258789,68.80000305175781,68.9000015258789,16000,0.0,0.0
2025-05-06 03:30:00+00:00,68.9000015258789,69.0999984741211,68.9000015258789,69.0999984741211,38000,0.0,0.0
2025-05-06 03:35:00+00:00,69.0999984741211,69.0999984741211,69.0999984741211,69.0999984741211,6500,0.0,0.0
2025-05-06 03:40:00+00:00,69.0999984741211,69.19999694824219,69.0999984741211,69.0999984741211,21000,0.0,0.0
2025-05-06 03:45:00+00:00,69.0999984741211,69.0999984741211,69.0999984741211,69.0999984741211,16000,0.0,0.0
2025-05-06 03:50:00+00:00,69.0,69.0,69.0,69.0,6001,0.0,0.0
2025-05-06 03:55:00+00:00,69.0,69.0,69.0,69.0,6000,0.0,0.0
2025-05-06 04:00:00+00:00,69.0,69.0999984741211,69.0,69.0999984741211,7000,0.0,0.0
2025-05-06 04:05:00+00:00,69.0999984741211,69.0999984741211,69.0,69.0999984741211,7000,0.0,0.0
2025-05-06 04:10:00+00:00,69.19999694824219,69.19999694824219,69.19999694824219,69.19999694824219,2000,0.0,0.0
2025-05-06 04:15:00+00:00,69.19999694824219,69.19999694824219,68.9000015258789,69.0,18311,0.0,0.0
2025-05-06 04:20:00+00:00,69.0,69.0,69.0,69.0,3100,0.0,0.0
2025-05-06 04:25:00+00:00,68.9000015258789,69.0,68.9000015258789,69.0,4000,0.0,0.0
2025-05-06 04:30:00+00:00,69.0,69.0,68.9000015258789,68.9000015258789,17200,0.0,0.0
2025-05-06 04:35:00+00:00,68.80000305175781,68.80000305175781,68.80000305175781,68.80000305175781,2000,0.0,0.0
2025-05-06 04:40:00+00:00,68.80000305175781,68.9000015258789,68.80000305175781,68.9000015258789,4180,0.0,0.0
2025-05-06 04:45:00+00:00,68.80000305175781,68.9000015258789,68.80000305175781,68.9000015258789,3030,0.0,0.0
2025-05-06 04:50:00+00:00,68.9000015258789,68.9000015258789,68.80000305175781,68.80000305175781,9000,0.0,0.0
2025-05-06 04:55:00+00:00,68.80000305175781,68.80000305175781,68.69999694824219,68.80000305175781,7000,0.0,0.0
2025-05-06 05:00:00+00:00,68.80000305175781,68.80000305175781,68.69999694824219,68.69999694824219,5000,0.0,0.0
2025-05-06 05:05:00+00:00,68.69999694824219,68.80000305175781,68.69999694824219,68.69999694824219,9020,0.0,0.0
2025-05-06 05:10:00+00:00,68.69999694824219,68.80000305175781,68.69999694824219,68.80000305175781,18054,0.0,0.0
2025-05-06 05:15:00+00:00,68.9000015258789,68.9000015258789,68.80000305175781,68.9000015258789,28000,0.0,0.0
2025-05-06 05:20:00+00:00,69.0,69.19999694824219,68.9000015258789,69.19999694824219,82377,0.0,0.0
2025-05-07 01:00:00+00:00,69.30000305175781,69.69999694824219,68.9000015258789,69.19999694824219,0,0.0,0.0
2025-05-07 01:05:00+00:00,69.19999694824219,69.5,69.0999984741211,69.4000015258789,70000,0.0,0.0
2025-05-07 01:10:00+00:00,69.5,69.5,69.30000305175781,69.30000305175781,65684,0.0,0.0
2025-05-07 01:15:00+00:00,69.30000305175781,69.4000015258789,69.19999694824219,69.19999694824219,44519,0.0,0.0
2025-05-07 01:20:00+00:00,69.0999984741211,69.0999984741211,68.9000015258789,68.9000015258789,71622,0.0,0.0
2025-05-07 01:25:00+00:00,68.9000015258789,69.0999984741211,68.9000015258789,68.9000015258789,55257,0.0,0.0
2025-05-07 01:30:00+00:00,68.80000305175781,68.80000305175781,68.5,68.5,78873,0.0,0.0
2025-05-07 01:35:00+00:00,68.5,68.5,68.30000305175781,68.4000015258789,53160,0.0,0.0
2025-05-07 01:40:00+00:00,68.4000015258789,68.69999694824219,68.4000015258789,68.69999694824219,31100,0.0,0.0
2025-05-07 01:45:00+00:00,68.80000305175781,69.0,68.69999694824219,69.0,19148,0.0,0.0
2025-05-07 01:50:00+00:00,69.0,69.0,68.9000015258789,69.0,12177,0.0,0.0
2025-05-07 01:55:00+00:00,69.0,69.0,69.0,69.0,14100,0.0,0.0
2025-05-07 02:00:00+00:00,69.0999984741211,69.0999984741211,68.9000015258789,68.9000015258789,30000,0.0,0.0
2025-05-07 02:05:00+00:00,68.9000015258789,69.19999694824219,68.9000015258789,69.0,22000,0.0,0.0
2025-05-07 02:10:00+00:00,69.0999984741211,69.0999984741211,69.0999984741211,69.0999984741211,13000,0.0,0.0
2025-05-07 02:15:00+00:00,69.0999984741211,69.19999694824219,69.0999984741211,69.19999694824219,5000,0.0,0.0
2025-05-07 02:20:00+00:00,69.19999694824219,69.19999694824219,69.0,69.0,9099,0.0,0.0
2025-05-07 02:25:00+00:00,69.0,69.0999984741211,68.9000015258789,69.0999984741211,13430,0.0,0.0
2025-05-07 02:30:00+00:00,69.0999984741211,69.5,69.0999984741211,69.5,54000,0.0,0.0
2025-05-07 02:35:00+00:00,69.4000015258789,69.5999984741211,69.4000015258789,69.5,39000,0.0,0.0
2025-05-07 02:40:00+00:00,69.5,69.5,69.19999694824219,69.19999694824219,14580,0.0,0.0
2025-05-07 02:45:00+00:00,69.19999694824219,69.19999694824219,69.0999984741211,69.0999984741211,7010,0.0,0.0
2025-05-07 02:50:00+00:00,69.0999984741211,69.0999984741211,69.0,69.0999984741211,9750,0.0,0.0
2025-05-07 03:00:00+00:00,69.0999984741211,69.19999694824219,69.0999984741211,69.19999694824219,4500,0.0,0.0
2025-05-07 03:05:00+00:00,69.19999694824219,69.19999694824219,69.19999694824219,69.19999694824219,4000,0.0,0.0
2025-05-07 03:10:00+00:00,69.19999694824219,69.19999694824219,69.19999694824219,69.19999694824219,2000,0.0,0.0
2025-05-07 03:15:00+00:00,69.0999984741211,69.0999984741211,69.0999984741211,69.0999984741211,4043,0.0,0.0
2025-05-07 03:20:00+00:00,69.0999984741211,69.19999694824219,69.0999984741211,69.0999984741211,11045,0.0,0.0
2025-05-07 03:25:00+00:00,69.19999694824219,69.19999694824219,69.19999694824219,69.19999694824219,7088,0.0,0.0
2025-05-07 03:30:00+00:00,69.19999694824219,69.19999694824219,69.19999694824219,69.19999694824219,3000,0.0,0.0
2025-05-07 03:40:00+00:00,69.0999984741211,69.0999984741211,69.0999984741211,69.0999984741211,1200,0.0,0.0
2025-05-07 03:45:00+00:00,69.0999984741211,69.0999984741211,69.0,69.0,12000,0.0,0.0
2025-05-07 03:50:00+00:00,69.0999984741211,69.0999984741211,69.0999984741211,69.0999984741211,1005,0.0,0.0
2025-05-07 03:55:00+00:00,69.0,69.0,69.0,69.0,13100,0.0,0.0
2025-05-07 04:00:00+00:00,68.9000015258789,69.0,68.80000305175781,69.0,28597,0.0,0.0
2025-05-07 04:05:00+00:00,69.0,69.0,69.0,69.0,5000,0.0,0.0
2025-05-07 04:10:00+00:00,68.9000015258789,69.0,68.80000305175781,68.80000305175781,10100,0.0,0.0
2025-05-07 04:15:00+00:00,68.80000305175781,69.0,68.80000305175781,69.0,10150,0.0,0.0
2025-05-07 04:20:00+00:00,69.0,69.0999984741211,69.0,69.0999984741211,2023,0.0,0.0
2025-05-07 04:25:00+00:00,69.0999984741211,69.0999984741211,69.0,69.0,5000,0.0,0.0
2025-05-07 04:30:00+00:00,69.0,69.0999984741211,69.0,69.0,3009,0.0,0.0
2025-05-07 04:35:00+00:00,69.0,69.0,69.0,69.0,5000,0.0,0.0
2025-05-07 04:40:00+00:00,69.0,69.0,68.9000015258789,69.0,14223,0.0,0.0
2025-05-07 04:45:00+00:00,68.9000015258789,69.0,68.80000305175781,69.0,15003,0.0,0.0
2025-05-07 04:50:00+00:00,69.0,69.0999984741211,69.0,69.0999984741211,7097,0.0,0.0
2025-05-07 04:55:00+00:00,69.0999984741211,69.19999694824219,69.0999984741211,69.19999694824219,9100,0.0,0.0
2025-05-07 05:00:00+00:00,69.0999984741211,69.0999984741211,68.9000015258789,69.0,37126,0.0,0.0
2025-05-07 05:05:00+00:00,68.9000015258789,68.9000015258789,68.9000015258789,68.9000015258789,1000,0.0,0.0
2025-05-07 05:10:00+00:00,69.0,69.0999984741211,68.9000015258789,69.0999984741211,32470,0.0,0.0
2025-05-07 05:15:00+00:00,69.0,69.0,69.0,69.0,14000,0.0,0.0
2025-05-07 05:20:00+00:00,69.0,69.0999984741211,69.0,69.0,16976,0.0,0.0
2025-05-08 01:00:00+00:00,70.9000015258789,71.5999984741211,70.9000015258789,71.0999984741211,0,0.0,0.0
2025-05-08 01:05:00+00:00,71.0,71.5999984741211,71.0,71.5,169369,0.0,0.0
2025-05-08 01:10:00+00:00,71.5,72.0999984741211,71.5,71.5,180129,0.0,0.0
2025-05-08 01:15:00+00:00,71.5,71.5,71.30000305175781,71.4000015258789,71705,0.0,0.0
2025-05-08 01:20:00+00:00,71.4000015258789,71.69999694824219,71.30000305175781,71.5999984741211,73758,0.0,0.0
2025-05-08 02:30:00+00:00,70.69999694824219,70.69999694824219,70.69999694824219,70.69999694824219,483943,0.0,0.0
2025-05-08 02:35:00+00:00,70.69999694824219,70.69999694824219,70.5999984741211,70.5999984741211,6000,0.0,0.0
2025-05-08 02:40:00+00:00,70.5999984741211,70.69999694824219,70.5999984741211,70.69999694824219,3120,0.0,0.0
2025-05-08 02:45:00+00:00,70.80000305175781,70.80000305175781,70.69999694824219,70.69999694824219,9000,0.0,0.0
2025-05-08 02:50:00+00:00,70.69999694824219,70.69999694824219,70.5999984741211,70.5999984741211,18507,0.0,0.0
2025-05-08 02:55:00+00:00,70.5,70.5,70.5,70.5,2000,0.0,0.0
2025-05-08 03:00:00+00:00,70.5999984741211,70.5999984741211,70.5999984741211,70.5999984741211,9000,0.0,0.0
2025-05-08 03:05:00+00:00,70.5999984741211,70.69999694824219,70.5999984741211,70.69999694824219,8000,0.0,0.0
2025-05-08 03:10:00+00:00,70.5999984741211,70.80000305175781,70.5999984741211,70.69999694824219,12000,0.0,0.0
2025-05-08 03:15:00+00:00,70.69999694824219,70.80000305175781,70.69999694824219,70.80000305175781,8000,0.0,0.0
2025-05-08 03:20:00+00:00,70.80000305175781,70.80000305175781,70.69999694824219,70.69999694824219,8196,0.0,0.0
2025-05-08 03:25:00+00:00,70.69999694824219,70.69999694824219,70.69999694824219,70.69999694824219,3000,0.0,0.0
2025-05-08 03:30:00+00:00,70.69999694824219,70.69999694824219,70.5999984741211,70.69999694824219,0,0.0,0.0
2025-05-08 03:35:00+00:00,70.5999984741211,70.69999694824219,70.5,70.5,602992,0.0,0.0
2025-05-08 03:40:00+00:00,70.5,70.5999984741211,70.5,70.5,27304,0.0,0.0
2025-05-08 03:45:00+00:00,70.69999694824219,70.69999694824219,70.5,70.5999984741211,7100,0.0,0.0
2025-05-08 03:50:00+00:00,70.5,70.5999984741211,70.5,70.5999984741211,7006,0.0,0.0
2025-05-08 03:55:00+00:00,70.5,70.5,70.4000015258789,70.5,23815,0.0,0.0
2025-05-08 04:00:00+00:00,70.5,70.5999984741211,70.5,70.5999984741211,6000,0.0,0.0
2025-05-08 04:05:00+00:00,70.5999984741211,70.5999984741211,70.5999984741211,70.5999984741211,9000,0.0,0.0
2025-05-08 04:10:00+00:00,70.5999984741211,70.69999694824219,70.5999984741211,70.69999694824219,10033,0.0,0.0
2025-05-08 04:15:00+00:00,70.5999984741211,70.69999694824219,70.5999984741211,70.5999984741211,8050,0.0,0.0
2025-05-08 04:20:00+00:00,70.69999694824219,70.80000305175781,70.5999984741211,70.80000305175781,27017,0.0,0.0
2025-05-08 04:25:00+00:00,70.80000305175781,70.80000305175781,70.80000305175781,70.80000305175781,14000,0.0,0.0
2025-05-08 04:30:00+00:00,70.80000305175781,70.9000015258789,70.69999694824219,70.69999694824219,17007,0.0,0.0
2025-05-08 04:35:00+00:00,70.69999694824219,70.69999694824219,70.69999694824219,70.69999694824219,13000,0.0,0.0
2025-05-08 04:40:00+00:00,70.69999694824219,70.69999694824219,70.69999694824219,70.69999694824219,10236,0.0,0.0
2025-05-08 04:45:00+00:00,70.80000305175781,70.80000305175781,70.80000305175781,70.80000305175781,7115,0.0,0.0
2025-05-08 04:50:00+00:00,70.69999694824219,70.80000305175781,70.69999694824219,70.69999694824219,23104,0.0,0.0
2025-05-08 04:55:00+00:00,70.69999694824219,70.69999694824219,70.69999694824219,70.69999694824219,4150,0.0,0.0
2025-05-08 05:00:00+00:00,70.69999694824219,70.69999694824219,70.5999984741211,70.5999984741211,21000,0.0,0.0
2025-05-08 05:05:00+00:00,70.5999984741211,70.69999694824219,70.5999984741211,70.69999694824219,23150,0.0,0.0
2025-05-08 05:10:00+00:00,70.69999694824219,70.69999694824219,70.5999984741211,70.5999984741211,4100,0.0,0.0
2025-05-08 05:15:00+00:00,70.5999984741211,70.69999694824219,70.5999984741211,70.5999984741211,24087,0.0,0.0
2025-05-08 05:20:00+00:00,70.5999984741211,70.80000305175781,70.5999984741211,70.80000305175781,60137,0.0,0.0
2025-05-09 01:00:00+00:00,71.5,71.5999984741211,70.9000015258789,70.9000015258789,0,0.0,0.0
2025-05-09 01:05:00+00:00,71.19999694824219,71.5999984741211,71.19999694824219,71.4000015258789,62028,0.0,0.0
2025-05-09 01:10:00+00:00,71.4000015258789,71.5,71.30000305175781,71.4000015258789,56996,0.0,0.0
2025-05-09 01:15:00+00:00,71.30000305175781,71.30000305175781,71.0999984741211,71.0999984741211,25000,0.0,0.0
2025-05-09 01:20:00+00:00,71.0999984741211,71.0999984741211,71.0,71.0999984741211,39348,0.0,0.0
2025-05-09 01:25:00+00:00,71.0,71.0,70.80000305175781,70.9000015258789,34069,0.0,0.0
2025-05-09 01:30:00+00:00,71.0,71.0,70.80000305175781,71.0,24000,0.0,0.0
2025-05-09 01:35:00+00:00,70.9000015258789,71.0,70.80000305175781,71.0,13460,0.0,0.0
2025-05-09 01:40:00+00:00,70.9000015258789,71.0,70.9000015258789,70.9000015258789,9010,0.0,0.0
2025-05-09 01:45:00+00:00,70.80000305175781,70.9000015258789,70.80000305175781,70.9000015258789,9160,0.0,0.0
2025-05-09 01:50:00+00:00,70.80000305175781,70.9000015258789,70.80000305175781,70.80000305175781,13000,0.0,0.0
2025-05-09 01:55:00+00:00,70.69999694824219,70.69999694824219,70.5999984741211,70.5999984741211,24429,0.0,0.0
2025-05-09 02:00:00+00:00,70.69999694824219,70.69999694824219,70.5999984741211,70.5999984741211,22472,0.0,0.0
2025-05-09 02:05:00+00:00,70.5,70.5999984741211,70.5,70.5999984741211,13001,0.0,0.0
2025-05-09 02:10:00+00:00,70.69999694824219,70.69999694824219,70.69999694824219,70.69999694824219,4000,0.0,0.0
2025-05-09 02:15:00+00:00,70.69999694824219,70.69999694824219,70.5999984741211,70.5999984741211,3000,0.0,0.0
2025-05-09 02:20:00+00:00,70.69999694824219,70.80000305175781,70.69999694824219,70.80000305175781,8010,0.0,0.0
2025-05-09 02:25:00+00:00,70.80000305175781,70.80000305175781,70.80000305175781,70.80000305175781,8150,0.0,0.0
2025-05-09 02:30:00+00:00,70.9000015258789,71.0,70.9000015258789,70.9000015258789,25105,0.0,0.0
2025-05-09 02:35:00+00:00,70.9000015258789,71.0999984741211,70.9000015258789,71.0,42270,0.0,0.0
2025-05-09 02:40:00+00:00,71.0999984741211,71.0999984741211,71.0999984741211,71.0999984741211,20000,0.0,0.0
2025-05-09 02:45:00+00:00,71.0999984741211,71.19999694824219,71.0999984741211,71.19999694824219,31000,0.0,0.0
2025-05-09 02:50:00+00:00,71.19999694824219,71.19999694824219,71.19999694824219,71.19999694824219,26000,0.0,0.0
2025-05-09 02:55:00+00:00,71.19999694824219,71.19999694824219,71.19999694824219,71.19999694824219,6000,0.0,0.0
2025-05-09 03:00:00+00:00,71.0999984741211,71.19999694824219,71.0999984741211,71.19999694824219,10000,0.0,0.0
2025-05-09 03:05:00+00:00,71.19999694824219,71.19999694824219,71.19999694824219,71.19999694824219,9000,0.0,0.0
2025-05-09 03:10:00+00:00,71.19999694824219,71.30000305175781,71.19999694824219,71.30000305175781,44829,0.0,0.0
2025-05-09 03:15:00+00:00,71.30000305175781,71.30000305175781,71.0,71.0999984741211,43000,0.0,0.0
2025-05-09 03:25:00+00:00,71.0999984741211,71.0999984741211,71.0999984741211,71.0999984741211,2030,0.0,0.0
2025-05-09 03:30:00+00:00,71.0999984741211,71.19999694824219,71.0,71.19999694824219,16225,0.0,0.0
2025-05-09 03:35:00+00:00,71.19999694824219,71.30000305175781,71.19999694824219,71.30000305175781,23000,0.0,0.0
2025-05-09 03:40:00+00:00,71.30000305175781,71.4000015258789,71.30000305175781,71.4000015258789,6000,0.0,0.0
2025-05-09 03:45:00+00:00,71.30000305175781,71.30000305175781,71.30000305175781,71.30000305175781,5000,0.0,0.0
2025-05-09 03:50:00+00:00,71.30000305175781,71.30000305175781,71.19999694824219,71.30000305175781,21000,0.0,0.0
2025-05-09 03:55:00+00:00,71.30000305175781,71.4000015258789,71.0999984741211,71.19999694824219,26240,0.0,0.0
2025-05-09 04:00:00+00:00,71.19999694824219,71.4000015258789,71.19999694824219,71.30000305175781,50000,0.0,0.0
2025-05-09 04:05:00+00:00,71.4000015258789,71.4000015258789,71.30000305175781,71.4000015258789,18148,0.0,0.0
2025-05-09 04:10:00+00:00,71.4000015258789,71.5,71.4000015258789,71.5,14000,0.0,0.0
2025-05-09 04:15:00+00:00,71.4000015258789,71.4000015258789,71.4000015258789,71.4000015258789,29486,0.0,0.0
2025-05-09 04:20:00+00:00,71.4000015258789,71.4000015258789,71.30000305175781,71.4000015258789,25000,0.0,0.0
2025-05-09 04:25:00+00:00,71.4000015258789,71.80000305175781,71.4000015258789,71.80000305175781,101642,0.0,0.0
2025-05-09 04:30:00+00:00,71.69999694824219,71.69999694824219,71.5999984741211,71.5999984741211,28016,0.0,0.0
2025-05-09 04:35:00+00:00,71.5999984741211,71.5999984741211,71.5,71.5,35234,0.0,0.0
2025-05-09 04:40:00+00:00,71.5,71.5999984741211,71.5,71.5999984741211,24216,0.0,0.0
2025-05-09 04:45:00+00:00,71.69999694824219,71.69999694824219,71.69999694824219,71.69999694824219,1030,0.0,0.0
2025-05-09 04:50:00+00:00,71.69999694824219,71.80000305175781,71.5999984741211,71.80000305175781,36000,0.0,0.0
2025-05-09 04:55:00+00:00,71.69999694824219,71.80000305175781,71.69999694824219,71.69999694824219,31001,0.0,0.0
2025-05-09 05:00:00+00:00,71.69999694824219,71.80000305175781,71.69999694824219,71.80000305175781,8169,0.0,0.0
2025-05-09 05:05:00+00:00,71.69999694824219,71.80000305175781,71.69999694824219,71.80000305175781,37041,0.0,0.0
2025-05-09 05:10:00+00:00,71.80000305175781,72.0,71.80000305175781,72.0,34220,0.0,0.0
2025-05-09 05:15:00+00:00,72.0,72.30000305175781,72.0,72.0,109552,0.0,0.0
2025-05-09 05:20:00+00:00,71.9000015258789,72.0,71.69999694824219,71.69999694824219,55277,0.0,0.0
2025-05-12 01:00:00+00:00,72.5,72.80000305175781,72.4000015258789,72.5999984741211,0,0.0,0.0
2025-05-12 01:05:00+00:00,72.5999984741211,73.0,72.5,73.0,114000,0.0,0.0
2025-05-12 01:10:00+00:00,73.0,73.19999694824219,72.5999984741211,72.80000305175781,114902,0.0,0.0
2025-05-12 01:15:00+00:00,72.9000015258789,73.30000305175781,72.9000015258789,73.0999984741211,91284,0.0,0.0
2025-05-12 01:20:00+00:00,73.0999984741211,73.30000305175781,72.9000015258789,73.19999694824219,80405,0.0,0.0
2025-05-12 01:25:00+00:00,73.19999694824219,73.30000305175781,73.19999694824219,73.30000305175781,29090,0.0,0.0
2025-05-12 01:30:00+00:00,73.4000015258789,73.80000305175781,73.0999984741211,73.69999694824219,148049,0.0,0.0
2025-05-12 01:35:00+00:00,73.69999694824219,74.5999984741211,73.5999984741211,74.5,287005,0.0,0.0
2025-05-12 01:40:00+00:00,74.5999984741211,74.5999984741211,74.0999984741211,74.4000015258789,194828,0.0,0.0
2025-05-12 01:45:00+00:00,74.4000015258789,74.5,74.19999694824219,74.19999694824219,132693,0.0,0.0
2025-05-12 01:50:00+00:00,74.19999694824219,74.19999694824219,74.0999984741211,74.0999984741211,68000,0.0,0.0
2025-05-12 01:55:00+00:00,74.0999984741211,74.19999694824219,74.0,74.19999694824219,40624,0.0,0.0
2025-05-12 02:00:00+00:00,74.30000305175781,74.5,74.30000305175781,74.4000015258789,48064,0.0,0.0
2025-05-12 02:05:00+00:00,74.30000305175781,74.30000305175781,74.19999694824219,74.19999694824219,24352,0.0,0.0
2025-05-12 02:10:00+00:00,74.19999694824219,74.30000305175781,74.0,74.0,91050,0.0,0.0
2025-05-12 02:15:00+00:00,74.0,74.19999694824219,74.0,74.0999984741211,54359,0.0,0.0
2025-05-12 02:20:00+00:00,74.0999984741211,74.30000305175781,74.0999984741211,74.19999694824219,18657,0.0,0.0
2025-05-12 02:25:00+00:00,74.30000305175781,74.30000305175781,74.19999694824219,74.19999694824219,9011,0.0,0.0
2025-05-12 02:30:00+00:00,74.30000305175781,74.30000305175781,74.30000305175781,74.30000305175781,21935,0.0,0.0
2025-05-12 02:35:00+00:00,74.30000305175781,74.30000305175781,74.19999694824219,74.30000305175781,24031,0.0,0.0
2025-05-12 02:40:00+00:00,74.30000305175781,74.30000305175781,74.19999694824219,74.19999694824219,22110,0.0,0.0
2025-05-12 02:45:00+00:00,74.19999694824219,74.19999694824219,74.19999694824219,74.19999694824219,6000,0.0,0.0
2025-05-12 02:50:00+00:00,74.19999694824219,74.19999694824219,74.19999694824219,74.19999694824219,9000,0.0,0.0
2025-05-12 02:55:00+00:00,74.19999694824219,74.19999694824219,74.0999984741211,74.19999694824219,7735,0.0,0.0
2025-05-12 03:00:00+00:00,74.19999694824219,74.19999694824219,74.0999984741211,74.0999984741211,6001,0.0,0.0
2025-05-12 03:05:00+00:00,74.19999694824219,74.19999694824219,74.0999984741211,74.0999984741211,7004,0.0,0.0
2025-05-12 03:10:00+00:00,74.19999694824219,74.19999694824219,74.0999984741211,74.0999984741211,9010,0.0,0.0
2025-05-12 03:15:00+00:00,74.0999984741211,74.19999694824219,74.0999984741211,74.19999694824219,8468,0.0,0.0
2025-05-12 03:20:00+00:00,74.19999694824219,74.19999694824219,74.0,74.0999984741211,30000,0.0,0.0
2025-05-12 03:25:00+00:00,74.0999984741211,74.19999694824219,74.0,74.0999984741211,42060,0.0,0.0
2025-05-12 03:30:00+00:00,74.0999984741211,74.30000305175781,74.0999984741211,74.30000305175781,23142,0.0,0.0
2025-05-12 03:35:00+00:00,74.30000305175781,74.30000305175781,74.19999694824219,74.30000305175781,5050,0.0,0.0
2025-05-12 03:40:00+00:00,74.30000305175781,74.30000305175781,74.19999694824219,74.19999694824219,3000,0.0,0.0
2025-05-12 03:45:00+00:00,74.19999694824219,74.19999694824219,74.19999694824219,74.19999694824219,12000,0.0,0.0
2025-05-12 03:50:00+00:00,74.19999694824219,74.19999694824219,74.19999694824219,74.19999694824219,7000,0.0,0.0
2025-05-12 03:55:00+00:00,74.19999694824219,74.19999694824219,74.0999984741211,74.0999984741211,8135,0.0,0.0
2025-05-12 04:00:00+00:00,74.0999984741211,74.0999984741211,74.0999984741211,74.0999984741211,1000,0.0,0.0
2025-05-12 04:05:00+00:00,74.0999984741211,74.19999694824219,74.0999984741211,74.19999694824219,3012,0.0,0.0
2025-05-12 04:10:00+00:00,74.19999694824219,74.19999694824219,74.0999984741211,74.0999984741211,14104,0.0,0.0
2025-05-12 04:15:00+00:00,74.0999984741211,74.19999694824219,74.0999984741211,74.19999694824219,14498,0.0,0.0
2025-05-12 04:20:00+00:00,74.19999694824219,74.19999694824219,74.0,74.0999984741211,23770,0.0,0.0
2025-05-12 04:25:00+00:00,74.19999694824219,74.30000305175781,74.0999984741211,74.30000305175781,85508,0.0,0.0
2025-05-12 04:30:00+00:00,74.4000015258789,74.5,74.30000305175781,74.4000015258789,75207,0.0,0.0
2025-05-12 04:35:00+00:00,74.4000015258789,74.5,74.4000015258789,74.4000015258789,14450,0.0,0.0
2025-05-12 04:40:00+00:00,74.4000015258789,74.4000015258789,74.4000015258789,74.4000015258789,13028,0.0,0.0
2025-05-12 04:45:00+00:00,74.4000015258789,74.5999984741211,74.4000015258789,74.5999984741211,32245,0.0,0.0
2025-05-12 04:50:00+00:00,74.5999984741211,74.5999984741211,74.5,74.5,22000,0.0,0.0
2025-05-12 04:55:00+00:00,74.5999984741211,74.5999984741211,74.5,74.5,20001,0.0,0.0
2025-05-12 05:00:00+00:00,74.5,74.5,74.4000015258789,74.4000015258789,44272,0.0,0.0
2025-05-12 05:05:00+00:00,74.4000015258789,74.4000015258789,74.4000015258789,74.4000015258789,9000,0.0,0.0
2025-05-12 05:10:00+00:00,74.4000015258789,74.4000015258789,74.30000305175781,74.30000305175781,30175,0.0,0.0
2025-05-12 05:15:00+00:00,74.30000305175781,74.4000015258789,74.30000305175781,74.30000305175781,12100,0.0,0.0
2025-05-12 05:20:00+00:00,74.4000015258789,74.4000015258789,74.19999694824219,74.19999694824219,86275,0.0,0.0
2025-05-13 01:00:00+00:00,76.0999984741211,76.5999984741211,75.5999984741211,75.80000305175781,0,0.0,0.0
2025-05-13 01:05:00+00:00,75.80000305175781,75.80000305175781,75.30000305175781,75.4000015258789,122000,0.0,0.0
2025-05-13 01:10:00+00:00,75.5,75.5999984741211,75.4000015258789,75.4000015258789,80407,0.0,0.0
2025-05-13 01:15:00+00:00,75.4000015258789,75.5999984741211,75.0999984741211,75.19999694824219,91949,0.0,0.0
2025-05-13 01:20:00+00:00,75.19999694824219,75.19999694824219,75.0,75.0999984741211,134257,0.0,0.0
2025-05-13 01:25:00+00:00,75.0999984741211,75.19999694824219,74.80000305175781,75.0999984741211,134379,0.0,0.0
2025-05-13 01:30:00+00:00,75.0999984741211,75.0999984741211,75.0,75.0,61365,0.0,0.0
2025-05-13 01:35:00+00:00,75.0,75.0,74.5,74.5,87116,0.0,0.0
2025-05-13 01:40:00+00:00,74.5,74.80000305175781,74.5,74.69999694824219,58352,0.0,0.0
2025-05-13 01:45:00+00:00,74.69999694824219,74.69999694824219,74.5,74.5999984741211,55119,0.0,0.0
2025-05-13 01:50:00+00:00,74.5999984741211,74.69999694824219,74.5999984741211,74.5999984741211,48580,0.0,0.0
2025-05-13 01:55:00+00:00,74.5,74.5,74.19999694824219,74.5,100300,0.0,0.0
2025-05-13 02:00:00+00:00,74.5,74.5999984741211,74.4000015258789,74.4000015258789,14134,0.0,0.0
2025-05-13 02:05:00+00:00,74.5,74.5,74.4000015258789,74.5,25183,0.0,0.0
2025-05-13 02:10:00+00:00,74.4000015258789,74.5,74.0999984741211,74.0999984741211,72482,0.0,0.0
2025-05-13 02:15:00+00:00,74.0999984741211,74.0999984741211,73.9000015258789,74.0,134694,0.0,0.0
2025-05-13 02:20:00+00:00,73.9000015258789,74.19999694824219,73.9000015258789,74.19999694824219,38923,0.0,0.0
2025-05-13 02:25:00+00:00,74.0999984741211,74.0999984741211,74.0,74.0,9000,0.0,0.0
2025-05-13 02:30:00+00:00,74.0,74.0999984741211,74.0,74.0999984741211,18104,0.0,0.0
2025-05-13 02:35:00+00:00,74.0999984741211,74.19999694824219,74.0999984741211,74.19999694824219,17425,0.0,0.0
2025-05-13 02:40:00+00:00,74.19999694824219,74.19999694824219,74.0999984741211,74.0999984741211,24395,0.0,0.0
2025-05-13 02:45:00+00:00,74.19999694824219,74.30000305175781,74.0,74.0,71000,0.0,0.0
2025-05-13 02:50:00+00:00,73.9000015258789,74.0,73.9000015258789,74.0,7180,0.0,0.0
2025-05-13 02:55:00+00:00,74.0,74.0999984741211,73.9000015258789,73.9000015258789,3099,0.0,0.0
2025-05-13 03:00:00+00:00,74.0,74.0,73.69999694824219,73.69999694824219,85566,0.0,0.0
2025-05-13 03:05:00+00:00,73.69999694824219,73.80000305175781,73.4000015258789,73.80000305175781,122802,0.0,0.0
2025-05-13 03:10:00+00:00,73.80000305175781,73.80000305175781,73.80000305175781,73.80000305175781,7100,0.0,0.0
2025-05-13 03:15:00+00:00,73.69999694824219,73.80000305175781,73.5,73.5,20004,0.0,0.0
2025-05-13 03:20:00+00:00,73.69999694824219,73.69999694824219,73.5999984741211,73.5999984741211,13256,0.0,0.0
2025-05-13 03:25:00+00:00,73.5999984741211,73.80000305175781,73.5999984741211,73.5999984741211,40000,0.0,0.0
2025-05-13 03:30:00+00:00,73.5,73.69999694824219,73.5,73.69999694824219,53003,0.0,0.0
2025-05-13 03:35:00+00:00,73.69999694824219,73.69999694824219,73.69999694824219,73.69999694824219,7018,0.0,0.0
2025-05-13 03:40:00+00:00,73.5999984741211,73.5999984741211,73.5,73.5,17000,0.0,0.0
2025-05-13 03:45:00+00:00,73.5,73.5999984741211,73.5,73.5999984741211,19012,0.0,0.0
2025-05-13 03:50:00+00:00,73.5999984741211,73.5999984741211,73.5,73.5999984741211,3100,0.0,0.0
2025-05-13 03:55:00+00:00,73.5999984741211,73.69999694824219,73.5,73.5,25032,0.0,0.0
2025-05-13 04:00:00+00:00,73.5999984741211,73.5999984741211,73.5,73.5,6651,0.0,0.0
2025-05-13 04:05:00+00:00,73.69999694824219,73.69999694824219,73.69999694824219,73.69999694824219,1000,0.0,0.0
2025-05-13 04:10:00+00:00,73.69999694824219,73.69999694824219,73.5999984741211,73.69999694824219,5502,0.0,0.0
2025-05-13 04:15:00+00:00,73.5999984741211,73.5999984741211,73.5,73.5,24044,0.0,0.0
2025-05-13 04:20:00+00:00,73.5,73.5999984741211,73.5,73.5999984741211,12010,0.0,0.0
2025-05-13 04:25:00+00:00,73.5,73.5999984741211,73.5,73.5,7905,0.0,0.0
2025-05-13 04:30:00+00:00,73.5,73.5,73.5,73.5,29500,0.0,0.0
2025-05-13 04:35:00+00:00,73.5999984741211,73.5999984741211,73.5,73.5,25060,0.0,0.0
2025-05-13 04:40:00+00:00,73.5999984741211,73.5999984741211,73.5,73.5,5050,0.0,0.0
2025-05-13 04:45:00+00:00,73.5,73.5999984741211,73.5,73.5999984741211,15046,0.0,0.0
2025-05-13 04:50:00+00:00,73.5,73.5999984741211,73.5,73.5999984741211,14684,0.0,0.0
2025-05-13 04:55:00+00:00,73.5,73.5999984741211,73.5,73.5999984741211,9520,0.0,0.0
2025-05-13 05:00:00+00:00,73.69999694824219,74.0,73.69999694824219,73.9000015258789,41184,0.0,0.0
2025-05-13 05:05:00+00:00,73.80000305175781,73.80000305175781,73.69999694824219,73.69999694824219,21274,0.0,0.0
2025-05-13 05:10:00+00:00,73.69999694824219,73.80000305175781,73.5999984741211,73.5999984741211,38130,0.0,0.0
2025-05-13 05:15:00+00:00,73.5999984741211,73.80000305175781,73.5999984741211,73.80000305175781,20038,0.0,0.0
2025-05-13 05:20:00+00:00,73.69999694824219,73.80000305175781,73.5999984741211,73.69999694824219,29321,0.0,0.0
2025-05-14 01:00:00+00:00,74.80000305175781,74.80000305175781,73.80000305175781,74.0,0,0.0,0.0
2025-05-14 01:05:00+00:00,74.0,74.19999694824219,73.9000015258789,74.0,61630,0.0,0.0
2025-05-14 01:10:00+00:00,73.9000015258789,74.0,73.80000305175781,74.0,50180,0.0,0.0
2025-05-14 01:15:00+00:00,73.9000015258789,74.0,73.80000305175781,73.80000305175781,52130,0.0,0.0
2025-05-14 01:20:00+00:00,74.0,74.0999984741211,74.0,74.0999984741211,25234,0.0,0.0
2025-05-14 01:25:00+00:00,74.0,74.4000015258789,74.0,74.30000305175781,17438,0.0,0.0
2025-05-14 01:30:00+00:00,74.4000015258789,74.5,74.30000305175781,74.4000015258789,33186,0.0,0.0
2025-05-14 01:35:00+00:00,74.30000305175781,74.30000305175781,74.19999694824219,74.30000305175781,20122,0.0,0.0
2025-05-14 01:40:00+00:00,74.30000305175781,74.4000015258789,74.30000305175781,74.4000015258789,17290,0.0,0.0
2025-05-14 01:45:00+00:00,74.4000015258789,74.5,74.4000015258789,74.5,46391,0.0,0.0
2025-05-14 01:50:00+00:00,74.5,74.5999984741211,74.5,74.5999984741211,45127,0.0,0.0
2025-05-14 01:55:00+00:00,74.5999984741211,74.5999984741211,74.5999984741211,74.5999984741211,22149,0.0,0.0
2025-05-14 02:00:00+00:00,74.5999984741211,74.5999984741211,74.5,74.5,22190,0.0,0.0
2025-05-14 02:05:00+00:00,74.5,74.5999984741211,74.5,74.5,14100,0.0,0.0
2025-05-14 02:10:00+00:00,74.5,74.5,74.4000015258789,74.4000015258789,27000,0.0,0.0
2025-05-14 02:15:00+00:00,74.4000015258789,74.5,74.4000015258789,74.5,10000,0.0,0.0
2025-05-14 02:20:00+00:00,74.5,74.5,74.4000015258789,74.4000015258789,19065,0.0,0.0
2025-05-14 02:25:00+00:00,74.4000015258789,74.5,74.4000015258789,74.4000015258789,35070,0.0,0.0
2025-05-14 02:30:00+00:00,74.5,74.5999984741211,74.5,74.5,20072,0.0,0.0
2025-05-14 02:35:00+00:00,74.5,74.5,74.4000015258789,74.4000015258789,26141,0.0,0.0
2025-05-14 02:40:00+00:00,74.4000015258789,74.4000015258789,74.4000015258789,74.4000015258789,27000,0.0,0.0
2025-05-14 02:45:00+00:00,74.5,74.5,74.4000015258789,74.4000015258789,7127,0.0,0.0
2025-05-14 02:50:00+00:00,74.30000305175781,74.4000015258789,74.30000305175781,74.30000305175781,10000,0.0,0.0
2025-05-14 02:55:00+00:00,74.30000305175781,74.4000015258789,74.30000305175781,74.4000015258789,12000,0.0,0.0
2025-05-14 03:00:00+00:00,74.4000015258789,74.4000015258789,74.30000305175781,74.4000015258789,19414,0.0,0.0
2025-05-14 03:05:00+00:00,74.4000015258789,74.4000015258789,74.4000015258789,74.4000015258789,2080,0.0,0.0
2025-05-14 03:10:00+00:00,74.4000015258789,74.5,74.4000015258789,74.4000015258789,6402,0.0,0.0
2025-05-14 03:15:00+00:00,74.4000015258789,74.5999984741211,74.4000015258789,74.5,57029,0.0,0.0
2025-05-14 03:20:00+00:00,74.5999984741211,74.5999984741211,74.5,74.5,5000,0.0,0.0
2025-05-14 03:25:00+00:00,74.5,74.5999984741211,74.5,74.5999984741211,4897,0.0,0.0
2025-05-14 03:30:00+00:00,74.5999984741211,74.5999984741211,74.5,74.5,9050,0.0,0.0
2025-05-14 03:35:00+00:00,74.5,74.5,74.4000015258789,74.4000015258789,16034,0.0,0.0
2025-05-14 03:40:00+00:00,74.4000015258789,74.4000015258789,74.4000015258789,74.4000015258789,2000,0.0,0.0
2025-05-14 03:45:00+00:00,74.4000015258789,74.5,74.4000015258789,74.5,14089,0.0,0.0
2025-05-14 03:50:00+00:00,74.5,74.5999984741211,74.5,74.5999984741211,47040,0.0,0.0
2025-05-14 03:55:00+00:00,74.5999984741211,74.5999984741211,74.5,74.5,21127,0.0,0.0
2025-05-14 04:00:00+00:00,74.5,74.5999984741211,74.5,74.5,11050,0.0,0.0
2025-05-14 04:05:00+00:00,74.5999984741211,74.5999984741211,74.5999984741211,74.5999984741211,3075,0.0,0.0
2025-05-14 04:10:00+00:00,74.5,74.5,74.5,74.5,2053,0.0,0.0
2025-05-14 04:15:00+00:00,74.5,74.5,74.5,74.5,10068,0.0,0.0
2025-05-14 04:20:00+00:00,74.5999984741211,74.80000305175781,74.5999984741211,74.80000305175781,84922,0.0,0.0
2025-05-14 04:25:00+00:00,74.80000305175781,74.80000305175781,74.69999694824219,74.80000305175781,29385,0.0,0.0
2025-05-14 04:30:00+00:00,74.9000015258789,74.9000015258789,74.80000305175781,74.9000015258789,47869,0.0,0.0
2025-05-14 04:35:00+00:00,74.9000015258789,75.0,74.9000015258789,75.0,43497,0.0,0.0
2025-05-14 04:40:00+00:00,75.0,75.0,74.9000015258789,74.9000015258789,64274,0.0,0.0
2025-05-14 04:45:00+00:00,75.0,75.0999984741211,75.0,75.0999984741211,29835,0.0,0.0
2025-05-14 04:50:00+00:00,75.0,75.0999984741211,75.0,75.0,31135,0.0,0.0
2025-05-14 04:55:00+00:00,75.0,75.0,74.9000015258789,74.9000015258789,5035,0.0,0.0
2025-05-14 05:00:00+00:00,75.0,75.0,74.9000015258789,75.0,25223,0.0,0.0
2025-05-14 05:05:00+00:00,75.0,75.0,74.9000015258789,75.0,7168,0.0,0.0
2025-05-14 05:10:00+00:00,74.9000015258789,75.0,74.9000015258789,75.0,26227,0.0,0.0
2025-05-14 05:15:00+00:00,75.0,75.0,74.9000015258789,75.0,13322,0.0,0.0
2025-05-14 05:20:00+00:00,74.9000015258789,75.0,74.9000015258789,74.9000015258789,24868,0.0,0.0
2025-05-15 01:00:00+00:00,75.30000305175781,75.30000305175781,74.80000305175781,75.0999984741211,0,0.0,0.0
2025-05-15 01:05:00+00:00,75.19999694824219,75.19999694824219,75.0999984741211,75.0999984741211,23006,0.0,0.0
2025-05-15 01:10:00+00:00,75.0999984741211,75.4000015258789,75.0999984741211,75.0999984741211,46044,0.0,0.0
2025-05-15 01:15:00+00:00,75.30000305175781,75.30000305175781,75.19999694824219,75.19999694824219,22250,0.0,0.0
2025-05-15 01:20:00+00:00,75.19999694824219,75.19999694824219,74.4000015258789,74.4000015258789,96464,0.0,0.0
2025-05-15 01:25:00+00:00,74.4000015258789,74.5,74.4000015258789,74.4000015258789,27790,0.0,0.0
2025-05-15 01:30:00+00:00,74.5,74.5,74.19999694824219,74.30000305175781,47000,0.0,0.0
2025-05-15 01:35:00+00:00,74.5,74.9000015258789,74.5,74.9000015258789,21330,0.0,0.0
2025-05-15 01:40:00+00:00,75.0,75.0999984741211,74.9000015258789,75.0999984741211,21115,0.0,0.0
2025-05-15 01:45:00+00:00,74.9000015258789,75.0999984741211,74.9000015258789,75.0,17023,0.0,0.0
2025-05-15 01:50:00+00:00,75.0999984741211,75.19999694824219,74.80000305175781,74.80000305175781,26336,0.0,0.0
2025-05-15 01:55:00+00:00,74.80000305175781,74.80000305175781,74.80000305175781,74.80000305175781,22192,0.0,0.0
2025-05-15 02:00:00+00:00,74.80000305175781,74.80000305175781,74.80000305175781,74.80000305175781,5597,0.0,0.0
2025-05-15 02:05:00+00:00,74.80000305175781,74.80000305175781,74.69999694824219,74.69999694824219,10168,0.0,0.0
2025-05-15 02:10:00+00:00,74.69999694824219,74.69999694824219,74.5999984741211,74.5999984741211,16014,0.0,0.0
2025-05-15 02:15:00+00:00,74.5999984741211,74.69999694824219,74.5,74.69999694824219,7089,0.0,0.0
2025-05-15 02:25:00+00:00,74.69999694824219,74.69999694824219,74.69999694824219,74.69999694824219,7000,0.0,0.0
2025-05-15 02:30:00+00:00,74.69999694824219,74.80000305175781,74.69999694824219,74.80000305175781,12103,0.0,0.0
2025-05-15 02:35:00+00:00,74.80000305175781,74.80000305175781,74.80000305175781,74.80000305175781,11002,0.0,0.0
2025-05-15 02:40:00+00:00,74.80000305175781,74.80000305175781,74.80000305175781,74.80000305175781,18003,0.0,0.0
2025-05-15 02:45:00+00:00,74.80000305175781,74.80000305175781,74.80000305175781,74.80000305175781,11108,0.0,0.0
2025-05-15 02:50:00+00:00,74.80000305175781,74.80000305175781,74.80000305175781,74.80000305175781,2000,0.0,0.0
2025-05-15 02:55:00+00:00,74.69999694824219,74.80000305175781,74.69999694824219,74.80000305175781,13100,0.0,0.0
2025-05-15 03:00:00+00:00,74.80000305175781,74.9000015258789,74.80000305175781,74.80000305175781,3000,0.0,0.0
2025-05-15 03:05:00+00:00,74.80000305175781,74.80000305175781,74.80000305175781,74.80000305175781,2000,0.0,0.0
2025-05-15 03:10:00+00:00,74.80000305175781,74.80000305175781,74.69999694824219,74.69999694824219,25200,0.0,0.0
2025-05-15 03:20:00+00:00,74.69999694824219,74.69999694824219,74.69999694824219,74.69999694824219,3100,0.0,0.0
2025-05-15 03:25:00+00:00,74.69999694824219,74.69999694824219,74.69999694824219,74.69999694824219,6139,0.0,0.0
2025-05-15 03:30:00+00:00,74.69999694824219,74.69999694824219,74.5999984741211,74.5999984741211,8000,0.0,0.0
2025-05-15 03:35:00+00:00,74.5999984741211,74.5999984741211,74.5999984741211,74.5999984741211,5400,0.0,0.0
2025-05-15 03:40:00+00:00,74.5999984741211,74.5999984741211,74.5999984741211,74.5999984741211,1116,0.0,0.0
2025-05-15 03:45:00+00:00,74.5999984741211,74.5999984741211,74.5,74.5,15002,0.0,0.0
2025-05-15 03:50:00+00:00,74.5999984741211,74.5999984741211,74.5999984741211,74.5999984741211,2050,0.0,0.0
2025-05-15 03:55:00+00:00,74.5,74.5999984741211,74.5,74.5,42355,0.0,0.0
2025-05-15 04:00:00+00:00,74.4000015258789,74.4000015258789,74.4000015258789,74.4000015258789,23003,0.0,0.0
2025-05-15 04:05:00+00:00,74.4000015258789,74.4000015258789,74.4000015258789,74.4000015258789,21582,0.0,0.0
2025-05-15 04:10:00+00:00,74.30000305175781,74.30000305175781,74.30000305175781,74.30000305175781,32524,0.0,0.0
2025-05-15 04:15:00+00:00,74.19999694824219,74.30000305175781,74.19999694824219,74.30000305175781,13940,0.0,0.0
2025-05-15 04:20:00+00:00,74.19999694824219,74.30000305175781,74.0,74.30000305175781,120368,0.0,0.0
2025-05-15 04:25:00+00:00,74.19999694824219,74.30000305175781,74.19999694824219,74.30000305175781,9000,0.0,0.0
2025-05-15 04:30:00+00:00,74.30000305175781,74.30000305175781,74.0,74.0,95000,0.0,0.0
2025-05-15 04:40:00+00:00,74.0999984741211,74.4000015258789,74.0999984741211,74.4000015258789,17000,0.0,0.0
2025-05-15 04:45:00+00:00,74.4000015258789,74.4000015258789,74.30000305175781,74.30000305175781,13000,0.0,0.0
2025-05-15 04:50:00+00:00,74.30000305175781,74.4000015258789,74.30000305175781,74.4000015258789,12360,0.0,0.0
2025-05-15 04:55:00+00:00,74.4000015258789,74.4000015258789,74.30000305175781,74.30000305175781,17015,0.0,0.0
2025-05-15 05:00:00+00:00,74.4000015258789,74.4000015258789,74.4000015258789,74.4000015258789,7130,0.0,0.0
2025-05-15 05:05:00+00:00,74.4000015258789,74.5,74.4000015258789,74.4000015258789,10173,0.0,0.0
2025-05-15 05:10:00+00:00,74.4000015258789,74.5,74.4000015258789,74.5,16327,0.0,0.0
2025-05-15 05:15:00+00:00,74.4000015258789,74.5,74.4000015258789,74.5,23300,0.0,0.0
2025-05-15 05:20:00+00:00,74.5,74.5999984741211,74.4000015258789,74.5999984741211,21040,0.0,0.0
2025-05-16 01:00:00+00:00,74.69999694824219,74.69999694824219,74.19999694824219,74.19999694824219,0,0.0,0.0
2025-05-16 01:05:00+00:00,74.5,74.80000305175781,74.5,74.80000305175781,23050,0.0,0.0
2025-05-16 01:10:00+00:00,74.80000305175781,74.80000305175781,74.69999694824219,74.69999694824219,7110,0.0,0.0
2025-05-16 01:15:00+00:00,74.69999694824219,74.69999694824219,74.5999984741211,74.5999984741211,8000,0.0,0.0
2025-05-16 01:20:00+00:00,74.5999984741211,74.5999984741211,74.5999984741211,74.5999984741211,19025,0.0,0.0
2025-05-16 01:25:00+00:00,74.5999984741211,74.5999984741211,74.5999984741211,74.5999984741211,7000,0.0,0.0
2025-05-16 01:30:00+00:00,74.69999694824219,74.80000305175781,74.5999984741211,74.80000305175781,12100,0.0,0.0
2025-05-16 01:35:00+00:00,74.80000305175781,74.9000015258789,74.80000305175781,74.80000305175781,9000,0.0,0.0
2025-05-16 01:40:00+00:00,74.80000305175781,75.0,74.69999694824219,75.0,29150,0.0,0.0
2025-05-16 01:45:00+00:00,75.0999984741211,75.0999984741211,75.0,75.0,20000,0.0,0.0
2025-05-16 01:50:00+00:00,75.0,75.0,74.80000305175781,74.80000305175781,18010,0.0,0.0
2025-05-16 01:55:00+00:00,74.80000305175781,75.0,74.80000305175781,75.0,8102,0.0,0.0
2025-05-16 02:00:00+00:00,74.9000015258789,74.9000015258789,74.9000015258789,74.9000015258789,14000,0.0,0.0
2025-05-16 02:05:00+00:00,74.80000305175781,74.80000305175781,74.80000305175781,74.80000305175781,12400,0.0,0.0
2025-05-16 02:10:00+00:00,74.80000305175781,74.80000305175781,74.69999694824219,74.69999694824219,14319,0.0,0.0
2025-05-16 02:15:00+00:00,74.5999984741211,74.69999694824219,74.5999984741211,74.5999984741211,7902,0.0,0.0
2025-05-16 02:20:00+00:00,74.69999694824219,74.69999694824219,74.69999694824219,74.69999694824219,11365,0.0,0.0
2025-05-16 02:25:00+00:00,74.69999694824219,74.80000305175781,74.69999694824219,74.80000305175781,17083,0.0,0.0
2025-05-16 02:30:00+00:00,74.80000305175781,74.80000305175781,74.69999694824219,74.69999694824219,23000,0.0,0.0
2025-05-16 02:35:00+00:00,74.69999694824219,74.80000305175781,74.69999694824219,74.80000305175781,4000,0.0,0.0
2025-05-16 02:40:00+00:00,74.69999694824219,74.80000305175781,74.69999694824219,74.80000305175781,2000,0.0,0.0
2025-05-16 02:45:00+00:00,74.80000305175781,74.80000305175781,74.5999984741211,74.80000305175781,16001,0.0,0.0
2025-05-16 02:55:00+00:00,74.5999984741211,74.5999984741211,74.5999984741211,74.5999984741211,1000,0.0,0.0
2025-05-16 03:00:00+00:00,74.5999984741211,74.69999694824219,74.5999984741211,74.5999984741211,10013,0.0,0.0
2025-05-16 03:10:00+00:00,74.69999694824219,74.69999694824219,74.5999984741211,74.69999694824219,13000,0.0,0.0
2025-05-16 03:15:00+00:00,74.5999984741211,74.5999984741211,74.4000015258789,74.4000015258789,49942,0.0,0.0
2025-05-16 03:20:00+00:00,74.4000015258789,74.4000015258789,74.30000305175781,74.4000015258789,25000,0.0,0.0
2025-05-16 03:25:00+00:00,74.4000015258789,74.4000015258789,74.4000015258789,74.4000015258789,6000,0.0,0.0
2025-05-16 03:30:00+00:00,74.4000015258789,74.4000015258789,74.4000015258789,74.4000015258789,7100,0.0,0.0
2025-05-16 03:35:00+00:00,74.4000015258789,74.4000015258789,74.4000015258789,74.4000015258789,1068,0.0,0.0
2025-05-16 03:40:00+00:00,74.4000015258789,74.4000015258789,74.4000015258789,74.4000015258789,4152,0.0,0.0
2025-05-16 03:45:00+00:00,74.4000015258789,74.4000015258789,74.19999694824219,74.19999694824219,31000,0.0,0.0
2025-05-16 03:50:00+00:00,74.19999694824219,74.30000305175781,74.19999694824219,74.30000305175781,8006,0.0,0.0
2025-05-16 03:55:00+00:00,74.30000305175781,74.30000305175781,74.19999694824219,74.19999694824219,34000,0.0,0.0
2025-05-16 04:00:00+00:00,74.19999694824219,74.30000305175781,74.19999694824219,74.30000305175781,14104,0.0,0.0
2025-05-16 04:10:00+00:00,74.30000305175781,74.30000305175781,74.0999984741211,74.0999984741211,16001,0.0,0.0
2025-05-16 04:15:00+00:00,74.19999694824219,74.19999694824219,74.19999694824219,74.19999694824219,1130,0.0,0.0
2025-05-16 04:20:00+00:00,74.19999694824219,74.30000305175781,74.0999984741211,74.30000305175781,12035,0.0,0.0
2025-05-16 04:25:00+00:00,74.0999984741211,74.30000305175781,74.0999984741211,74.30000305175781,2200,0.0,0.0
2025-05-16 04:30:00+00:00,74.19999694824219,74.30000305175781,74.19999694824219,74.30000305175781,4200,0.0,0.0
2025-05-16 04:35:00+00:00,74.30000305175781,74.30000305175781,74.30000305175781,74.30000305175781,10000,0.0,0.0
2025-05-16 04:40:00+00:00,74.30000305175781,74.30000305175781,74.30000305175781,74.30000305175781,4100,0.0,0.0
2025-05-16 04:45:00+00:00,74.30000305175781,74.30000305175781,74.30000305175781,74.30000305175781,7091,0.0,0.0
2025-05-16 04:50:00+00:00,74.30000305175781,74.30000305175781,74.30000305175781,74.30000305175781,2100,0.0,0.0
2025-05-16 04:55:00+00:00,74.30000305175781,74.30000305175781,74.30000305175781,74.30000305175781,1000,0.0,0.0
2025-05-16 05:00:00+00:00,74.30000305175781,74.30000305175781,74.19999694824219,74.30000305175781,30218,0.0,0.0
2025-05-16 05:05:00+00:00,74.19999694824219,74.19999694824219,74.19999694824219,74.19999694824219,7070,0.0,0.0
2025-05-16 05:10:00+00:00,74.19999694824219,74.19999694824219,74.19999694824219,74.19999694824219,9000,0.0,0.0
2025-05-16 05:15:00+00:00,74.19999694824219,74.19999694824219,74.19999694824219,74.19999694824219,25510,0.0,0.0
2025-05-16 05:20:00+00:00,74.19999694824219,74.30000305175781,74.19999694824219,74.30000305175781,13238,0.0,0.0
2025-05-19 01:00:00+00:00,74.5,75.5999984741211,74.5,75.0,0,0.0,0.0
2025-05-19 01:05:00+00:00,75.0,75.19999694824219,74.80000305175781,75.19999694824219,63303,0.0,0.0
2025-05-19 01:10:00+00:00,75.19999694824219,75.19999694824219,74.5999984741211,74.5999984741211,125679,0.0,0.0
2025-05-19 01:15:00+00:00,74.5999984741211,74.5999984741211,74.5,74.5,37035,0.0,0.0
2025-05-19 01:20:00+00:00,74.4000015258789,74.5999984741211,74.4000015258789,74.5999984741211,42287,0.0,0.0
2025-05-19 01:25:00+00:00,74.69999694824219,74.69999694824219,74.5999984741211,74.69999694824219,17000,0.0,0.0
2025-05-19 01:30:00+00:00,74.69999694824219,74.69999694824219,74.5,74.5,42006,0.0,0.0
2025-05-19 01:35:00+00:00,74.4000015258789,74.5,74.30000305175781,74.5,16368,0.0,0.0
2025-05-19 01:40:00+00:00,74.5,74.5,74.4000015258789,74.5,18000,0.0,0.0
2025-05-19 01:45:00+00:00,74.5,74.5,74.4000015258789,74.4000015258789,16000,0.0,0.0
2025-05-19 01:50:00+00:00,74.4000015258789,74.4000015258789,74.4000015258789,74.4000015258789,11003,0.0,0.0
2025-05-19 01:55:00+00:00,74.5999984741211,74.5999984741211,74.5,74.5,13800,0.0,0.0
2025-05-19 02:00:00+00:00,74.5999984741211,74.5999984741211,74.5999984741211,74.5999984741211,8011,0.0,0.0
2025-05-19 02:05:00+00:00,74.5,74.5,74.4000015258789,74.4000015258789,28054,0.0,0.0
2025-05-19 02:10:00+00:00,74.4000015258789,74.5,74.4000015258789,74.5,2009,0.0,0.0
2025-05-19 02:15:00+00:00,74.5,74.5999984741211,74.5,74.5999984741211,14028,0.0,0.0
2025-05-19 02:20:00+00:00,74.69999694824219,75.0,74.69999694824219,75.0,25141,0.0,0.0
2025-05-19 02:25:00+00:00,74.9000015258789,74.9000015258789,74.80000305175781,74.9000015258789,7000,0.0,0.0
2025-05-19 02:30:00+00:00,75.0,75.0999984741211,75.0,75.0,28000,0.0,0.0
2025-05-19 02:35:00+00:00,74.9000015258789,74.9000015258789,74.80000305175781,74.80000305175781,7000,0.0,0.0
2025-05-19 02:40:00+00:00,74.80000305175781,74.80000305175781,74.80000305175781,74.80000305175781,7000,0.0,0.0
2025-05-19 02:45:00+00:00,74.80000305175781,74.80000305175781,74.69999694824219,74.69999694824219,82200,0.0,0.0
2025-05-19 02:50:00+00:00,74.80000305175781,74.9000015258789,74.80000305175781,74.9000015258789,2311,0.0,0.0
2025-05-19 03:00:00+00:00,74.9000015258789,74.9000015258789,74.80000305175781,74.80000305175781,12200,0.0,0.0
2025-05-19 03:05:00+00:00,74.69999694824219,74.80000305175781,74.69999694824219,74.80000305175781,4024,0.0,0.0
2025-05-19 03:10:00+00:00,74.80000305175781,74.80000305175781,74.80000305175781,74.80000305175781,14010,0.0,0.0
2025-05-19 03:15:00+00:00,74.80000305175781,74.80000305175781,74.80000305175781,74.80000305175781,1000,0.0,0.0
2025-05-19 03:20:00+00:00,74.80000305175781,74.80000305175781,74.80000305175781,74.80000305175781,5031,0.0,0.0
2025-05-19 03:25:00+00:00,74.69999694824219,74.69999694824219,74.5999984741211,74.69999694824219,22006,0.0,0.0
2025-05-19 03:30:00+00:00,74.69999694824219,74.69999694824219,74.5,74.5,59015,0.0,0.0
2025-05-19 03:35:00+00:00,74.5,74.5999984741211,74.5,74.5999984741211,19010,0.0,0.0
2025-05-19 03:40:00+00:00,74.5,74.5,74.4000015258789,74.4000015258789,21468,0.0,0.0
2025-05-19 03:45:00+00:00,74.5,74.5,74.5,74.5,6116,0.0,0.0
2025-05-19 03:50:00+00:00,74.4000015258789,74.4000015258789,74.4000015258789,74.4000015258789,4000,0.0,0.0
2025-05-19 03:55:00+00:00,74.5,74.5,74.5,74.5,21000,0.0,0.0
2025-05-19 04:00:00+00:00,74.5,74.5,74.5,74.5,7200,0.0,0.0
2025-05-19 04:05:00+00:00,74.5,74.5,74.5,74.5,10000,0.0,0.0
2025-05-19 04:10:00+00:00,74.5,74.5999984741211,74.5,74.5999984741211,3117,0.0,0.0
2025-05-19 04:15:00+00:00,74.5,74.5,74.5,74.5,1001,0.0,0.0
2025-05-19 04:20:00+00:00,74.5,74.5999984741211,74.5,74.5,11012,0.0,0.0
2025-05-19 04:25:00+00:00,74.5,74.5,74.5,74.5,7000,0.0,0.0
2025-05-19 04:30:00+00:00,74.5,74.5,74.5,74.5,11178,0.0,0.0
2025-05-19 04:35:00+00:00,74.5,74.5,74.5,74.5,8000,0.0,0.0
2025-05-19 04:40:00+00:00,74.4000015258789,74.5,74.4000015258789,74.5,12000,0.0,0.0
2025-05-19 04:45:00+00:00,74.5,74.5,74.30000305175781,74.30000305175781,98195,0.0,0.0
2025-05-19 04:50:00+00:00,74.30000305175781,74.30000305175781,74.19999694824219,74.19999694824219,18000,0.0,0.0
2025-05-19 04:55:00+00:00,74.19999694824219,74.19999694824219,74.0999984741211,74.0999984741211,74705,0.0,0.0
2025-05-19 05:00:00+00:00,74.0999984741211,74.0999984741211,74.0999984741211,74.0999984741211,13000,0.0,0.0
2025-05-19 05:05:00+00:00,74.0999984741211,74.19999694824219,74.0999984741211,74.0999984741211,16016,0.0,0.0
2025-05-19 05:10:00+00:00,74.0999984741211,74.0999984741211,74.0,74.0999984741211,27700,0.0,0.0
2025-05-19 05:15:00+00:00,74.0999984741211,74.0999984741211,74.0,74.0999984741211,25151,0.0,0.0
2025-05-19 05:20:00+00:00,74.0,74.0999984741211,73.9000015258789,74.0,101065,0.0,0.0
2025-05-20 01:00:00+00:00,74.5,74.69999694824219,74.0999984741211,74.5,0,0.0,0.0
2025-05-20 01:05:00+00:00,74.5,74.69999694824219,74.5,74.5999984741211,54049,0.0,0.0
2025-05-20 01:10:00+00:00,74.5999984741211,74.5999984741211,74.4000015258789,74.5,10887,0.0,0.0
2025-05-20 01:15:00+00:00,74.5,74.5,74.5,74.5,2513,0.0,0.0
2025-05-20 01:20:00+00:00,74.5,74.5999984741211,74.5,74.5999984741211,19010,0.0,0.0
2025-05-20 01:25:00+00:00,74.5999984741211,74.5999984741211,74.5,74.5,8000,0.0,0.0
2025-05-20 01:30:00+00:00,74.4000015258789,74.4000015258789,74.0999984741211,74.19999694824219,36453,0.0,0.0
2025-05-20 01:35:00+00:00,74.19999694824219,74.19999694824219,74.19999694824219,74.19999694824219,8410,0.0,0.0
2025-05-20 01:40:00+00:00,74.19999694824219,74.19999694824219,74.0999984741211,74.0999984741211,5000,0.0,0.0
2025-05-20 01:45:00+00:00,74.0999984741211,74.30000305175781,74.0999984741211,74.30000305175781,16003,0.0,0.0
2025-05-20 01:50:00+00:00,74.30000305175781,74.4000015258789,74.30000305175781,74.4000015258789,7190,0.0,0.0
2025-05-20 01:55:00+00:00,74.4000015258789,74.4000015258789,74.30000305175781,74.30000305175781,13025,0.0,0.0
2025-05-20 02:05:00+00:00,74.30000305175781,74.30000305175781,74.19999694824219,74.19999694824219,5247,0.0,0.0
2025-05-20 02:10:00+00:00,74.19999694824219,74.19999694824219,74.19999694824219,74.19999694824219,4000,0.0,0.0
2025-05-20 02:15:00+00:00,74.19999694824219,74.19999694824219,74.19999694824219,74.19999694824219,6000,0.0,0.0
2025-05-20 02:20:00+00:00,74.19999694824219,74.19999694824219,74.0999984741211,74.0999984741211,10010,0.0,0.0
2025-05-20 02:25:00+00:00,74.0999984741211,74.19999694824219,74.0999984741211,74.0999984741211,7287,0.0,0.0
2025-05-20 02:30:00+00:00,74.0999984741211,74.0999984741211,74.0,74.0999984741211,23405,0.0,0.0
2025-05-20 02:35:00+00:00,74.19999694824219,74.30000305175781,74.19999694824219,74.19999694824219,13030,0.0,0.0
2025-05-20 02:40:00+00:00,74.30000305175781,74.5,74.30000305175781,74.4000015258789,23000,0.0,0.0
2025-05-20 02:45:00+00:00,74.4000015258789,74.4000015258789,74.30000305175781,74.30000305175781,5000,0.0,0.0
2025-05-20 02:50:00+00:00,74.30000305175781,74.30000305175781,74.30000305175781,74.30000305175781,2000,0.0,0.0
2025-05-20 02:55:00+00:00,74.30000305175781,74.30000305175781,74.30000305175781,74.30000305175781,1000,0.0,0.0
2025-05-20 03:00:00+00:00,74.30000305175781,74.30000305175781,74.19999694824219,74.19999694824219,2000,0.0,0.0
2025-05-20 03:05:00+00:00,74.19999694824219,74.19999694824219,74.19999694824219,74.19999694824219,6004,0.0,0.0
2025-05-20 03:10:00+00:00,74.30000305175781,74.30000305175781,74.30000305175781,74.30000305175781,12000,0.0,0.0
2025-05-20 03:15:00+00:00,74.19999694824219,74.19999694824219,74.0999984741211,74.0999984741211,8000,0.0,0.0
2025-05-20 03:20:00+00:00,74.19999694824219,74.19999694824219,74.0999984741211,74.0999984741211,7176,0.0,0.0
2025-05-20 03:30:00+00:00,74.19999694824219,74.19999694824219,74.19999694824219,74.19999694824219,2000,0.0,0.0
2025-05-20 03:35:00+00:00,74.0999984741211,74.19999694824219,74.0999984741211,74.19999694824219,6000,0.0,0.0
2025-05-20 03:40:00+00:00,74.19999694824219,74.4000015258789,74.19999694824219,74.30000305175781,14000,0.0,0.0
2025-05-20 03:45:00+00:00,74.30000305175781,74.30000305175781,74.30000305175781,74.30000305175781,1000,0.0,0.0
2025-05-20 03:50:00+00:00,74.30000305175781,74.4000015258789,74.30000305175781,74.4000015258789,11287,0.0,0.0
2025-05-20 03:55:00+00:00,74.30000305175781,74.30000305175781,74.30000305175781,74.30000305175781,10200,0.0,0.0
2025-05-20 04:00:00+00:00,74.30000305175781,74.30000305175781,74.19999694824219,74.19999694824219,8000,0.0,0.0
2025-05-20 04:05:00+00:00,74.0999984741211,74.19999694824219,74.0999984741211,74.0999984741211,6026,0.0,0.0
2025-05-20 04:10:00+00:00,74.0999984741211,74.0999984741211,74.0,74.0,12000,0.0,0.0
2025-05-20 04:15:00+00:00,74.0,74.0,74.0,74.0,30100,0.0,0.0
2025-05-20 04:20:00+00:00,74.0,74.0,74.0,74.0,4000,0.0,0.0
2025-05-20 04:25:00+00:00,74.0,74.0,73.9000015258789,74.0,4000,0.0,0.0
2025-05-20 04:30:00+00:00,73.9000015258789,73.9000015258789,73.80000305175781,73.80000305175781,26422,0.0,0.0
2025-05-20 04:35:00+00:00,73.80000305175781,73.80000305175781,73.80000305175781,73.80000305175781,4000,0.0,0.0
2025-05-20 04:45:00+00:00,73.80000305175781,73.9000015258789,73.80000305175781,73.80000305175781,8250,0.0,0.0
2025-05-20 04:50:00+00:00,73.80000305175781,73.9000015258789,73.80000305175781,73.9000015258789,5000,0.0,0.0
2025-05-20 04:55:00+00:00,73.9000015258789,74.0,73.9000015258789,74.0,9030,0.0,0.0
2025-05-20 05:00:00+00:00,73.9000015258789,73.9000015258789,73.9000015258789,73.9000015258789,4401,0.0,0.0
2025-05-20 05:05:00+00:00,74.0,74.0,73.9000015258789,73.9000015258789,8103,0.0,0.0
2025-05-20 05:10:00+00:00,73.9000015258789,73.9000015258789,73.80000305175781,73.80000305175781,16000,0.0,0.0
2025-05-20 05:15:00+00:00,74.0,74.0999984741211,74.0,74.0999984741211,25003,0.0,0.0
2025-05-20 05:20:00+00:00,74.0999984741211,74.19999694824219,73.80000305175781,73.9000015258789,34659,0.0,0.0
2025-05-21 01:00:00+00:00,74.0999984741211,74.4000015258789,74.0999984741211,74.30000305175781,0,0.0,0.0
2025-05-21 01:05:00+00:00,74.4000015258789,74.69999694824219,74.4000015258789,74.5,24800,0.0,0.0
2025-05-21 01:10:00+00:00,74.5,74.5,74.5,74.5,5000,0.0,0.0
2025-05-21 01:15:00+00:00,74.5,74.5999984741211,74.5,74.5999984741211,15120,0.0,0.0
2025-05-21 01:20:00+00:00,74.5999984741211,74.5999984741211,74.5,74.5,9000,0.0,0.0
2025-05-21 01:25:00+00:00,74.4000015258789,74.4000015258789,74.4000015258789,74.4000015258789,9000,0.0,0.0
2025-05-21 01:30:00+00:00,74.4000015258789,74.4000015258789,74.19999694824219,74.4000015258789,16001,0.0,0.0
2025-05-21 01:35:00+00:00,74.30000305175781,74.30000305175781,74.30000305175781,74.30000305175781,2000,0.0,0.0
2025-05-21 01:40:00+00:00,74.30000305175781,74.4000015258789,74.30000305175781,74.4000015258789,5251,0.0,0.0
2025-05-21 01:45:00+00:00,74.30000305175781,74.30000305175781,74.30000305175781,74.30000305175781,2000,0.0,0.0
2025-05-21 01:50:00+00:00,74.30000305175781,74.30000305175781,74.19999694824219,74.19999694824219,8001,0.0,0.0
2025-05-21 01:55:00+00:00,74.19999694824219,74.30000305175781,74.19999694824219,74.30000305175781,5174,0.0,0.0
2025-05-21 02:00:00+00:00,74.30000305175781,74.30000305175781,74.19999694824219,74.30000305175781,3010,0.0,0.0
2025-05-21 02:05:00+00:00,74.30000305175781,74.30000305175781,74.19999694824219,74.19999694824219,5000,0.0,0.0
2025-05-21 02:10:00+00:00,74.30000305175781,74.30000305175781,74.30000305175781,74.30000305175781,3200,0.0,0.0
2025-05-21 02:15:00+00:00,74.30000305175781,74.30000305175781,74.19999694824219,74.19999694824219,12429,0.0,0.0
2025-05-21 02:20:00+00:00,74.19999694824219,74.19999694824219,74.19999694824219,74.19999694824219,14171,0.0,0.0
2025-05-21 02:25:00+00:00,74.19999694824219,74.19999694824219,74.19999694824219,74.19999694824219,3000,0.0,0.0
2025-05-21 02:30:00+00:00,74.30000305175781,74.30000305175781,74.30000305175781,74.30000305175781,1000,0.0,0.0
2025-05-21 02:35:00+00:00,74.30000305175781,74.4000015258789,74.30000305175781,74.4000015258789,14000,0.0,0.0
2025-05-21 02:40:00+00:00,74.4000015258789,74.5,74.4000015258789,74.5,51000,0.0,0.0
2025-05-21 02:45:00+00:00,74.5,74.5999984741211,74.5,74.5999984741211,23053,0.0,0.0
2025-05-21 02:50:00+00:00,74.5999984741211,74.69999694824219,74.5,74.5,27000,0.0,0.0
2025-05-21 02:55:00+00:00,74.5999984741211,74.69999694824219,74.5999984741211,74.69999694824219,24000,0.0,0.0
2025-05-21 03:00:00+00:00,74.69999694824219,74.80000305175781,74.69999694824219,74.80000305175781,40000,0.0,0.0
2025-05-21 03:05:00+00:00,74.80000305175781,74.9000015258789,74.80000305175781,74.80000305175781,13003,0.0,0.0
2025-05-21 03:10:00+00:00,74.80000305175781,74.80000305175781,74.69999694824219,74.69999694824219,6000,0.0,0.0
2025-05-21 03:15:00+00:00,74.69999694824219,74.69999694824219,74.69999694824219,74.69999694824219,4000,0.0,0.0
2025-05-21 03:20:00+00:00,74.80000305175781,74.80000305175781,74.80000305175781,74.80000305175781,9113,0.0,0.0
2025-05-21 03:25:00+00:00,74.80000305175781,74.80000305175781,74.80000305175781,74.80000305175781,2005,0.0,0.0
2025-05-21 03:30:00+00:00,74.80000305175781,74.80000305175781,74.80000305175781,74.80000305175781,2000,0.0,0.0
2025-05-21 03:35:00+00:00,74.69999694824219,74.69999694824219,74.69999694824219,74.69999694824219,13000,0.0,0.0
2025-05-21 03:40:00+00:00,74.69999694824219,74.80000305175781,74.69999694824219,74.80000305175781,29100,0.0,0.0
2025-05-21 03:45:00+00:00,74.80000305175781,74.9000015258789,74.80000305175781,74.9000015258789,40013,0.0,0.0
2025-05-21 03:50:00+00:00,74.80000305175781,74.9000015258789,74.80000305175781,74.80000305175781,8000,0.0,0.0
2025-05-21 03:55:00+00:00,74.80000305175781,74.80000305175781,74.80000305175781,74.80000305175781,4000,0.0,0.0
2025-05-21 04:00:00+00:00,74.80000305175781,74.80000305175781,74.80000305175781,74.80000305175781,15100,0.0,0.0
2025-05-21 04:05:00+00:00,74.80000305175781,74.80000305175781,74.69999694824219,74.80000305175781,7017,0.0,0.0
2025-05-21 04:15:00+00:00,74.80000305175781,74.80000305175781,74.80000305175781,74.80000305175781,1003,0.0,0.0
2025-05-21 04:20:00+00:00,74.80000305175781,74.80000305175781,74.80000305175781,74.80000305175781,13000,0.0,0.0
2025-05-21 04:25:00+00:00,74.69999694824219,74.80000305175781,74.69999694824219,74.80000305175781,9400,0.0,0.0
2025-05-21 04:30:00+00:00,74.80000305175781,74.80000305175781,74.80000305175781,74.80000305175781,3386,0.0,0.0
2025-05-21 04:35:00+00:00,74.80000305175781,74.80000305175781,74.80000305175781,74.80000305175781,3164,0.0,0.0
2025-05-21 04:40:00+00:00,74.80000305175781,74.9000015258789,74.80000305175781,74.9000015258789,2186,0.0,0.0
2025-05-21 04:45:00+00:00,74.80000305175781,74.80000305175781,74.80000305175781,74.80000305175781,11000,0.0,0.0
2025-05-21 04:50:00+00:00,74.80000305175781,74.80000305175781,74.5999984741211,74.5999984741211,39000,0.0,0.0
2025-05-21 04:55:00+00:00,74.69999694824219,74.69999694824219,74.69999694824219,74.69999694824219,11000,0.0,0.0
2025-05-21 05:00:00+00:00,74.69999694824219,74.80000305175781,74.69999694824219,74.69999694824219,4000,0.0,0.0
2025-05-21 05:05:00+00:00,74.69999694824219,74.69999694824219,74.69999694824219,74.69999694824219,6101,0.0,0.0
2025-05-21 05:10:00+00:00,74.69999694824219,74.80000305175781,74.69999694824219,74.69999694824219,7055,0.0,0.0
2025-05-21 05:15:00+00:00,74.69999694824219,74.69999694824219,74.69999694824219,74.69999694824219,17785,0.0,0.0
2025-05-21 05:20:00+00:00,74.80000305175781,75.0,74.80000305175781,74.9000015258789,60122,0.0,0.0
2025-05-22 01:00:00+00:00,74.5,74.5,74.0,74.0,0,0.0,0.0
2025-05-22 01:05:00+00:00,74.0,74.5,74.0,74.5,23114,0.0,0.0
2025-05-22 01:10:00+00:00,74.30000305175781,74.4000015258789,74.30000305175781,74.4000015258789,7340,0.0,0.0
2025-05-22 01:15:00+00:00,74.4000015258789,74.5,74.4000015258789,74.5,64000,0.0,0.0
2025-05-22 01:20:00+00:00,74.30000305175781,74.30000305175781,74.30000305175781,74.30000305175781,16240,0.0,0.0
2025-05-22 01:25:00+00:00,74.30000305175781,74.30000305175781,74.30000305175781,74.30000305175781,5010,0.0,0.0
2025-05-22 01:30:00+00:00,74.30000305175781,74.30000305175781,74.30000305175781,74.30000305175781,6040,0.0,0.0
2025-05-22 01:35:00+00:00,74.30000305175781,74.30000305175781,74.30000305175781,74.30000305175781,2010,0.0,0.0
2025-05-22 01:40:00+00:00,74.30000305175781,74.30000305175781,74.30000305175781,74.30000305175781,2000,0.0,0.0
2025-05-22 01:45:00+00:00,74.4000015258789,74.4000015258789,74.30000305175781,74.30000305175781,9000,0.0,0.0
2025-05-22 01:50:00+00:00,74.30000305175781,74.30000305175781,74.0999984741211,74.19999694824219,22000,0.0,0.0
2025-05-22 01:55:00+00:00,74.19999694824219,74.19999694824219,74.19999694824219,74.19999694824219,5000,0.0,0.0
2025-05-22 02:00:00+00:00,74.19999694824219,74.30000305175781,74.19999694824219,74.30000305175781,34150,0.0,0.0
2025-05-22 02:05:00+00:00,74.19999694824219,74.19999694824219,74.0999984741211,74.0999984741211,12000,0.0,0.0
2025-05-22 02:10:00+00:00,74.19999694824219,74.19999694824219,74.19999694824219,74.19999694824219,3010,0.0,0.0
2025-05-22 02:15:00+00:00,74.30000305175781,74.30000305175781,74.0999984741211,74.0999984741211,3090,0.0,0.0
2025-05-22 02:20:00+00:00,74.0999984741211,74.19999694824219,74.0999984741211,74.19999694824219,2000,0.0,0.0
2025-05-22 02:25:00+00:00,74.19999694824219,74.19999694824219,74.19999694824219,74.19999694824219,3000,0.0,0.0
2025-05-22 02:30:00+00:00,74.4000015258789,74.4000015258789,74.4000015258789,74.4000015258789,4100,0.0,0.0
2025-05-22 02:35:00+00:00,74.30000305175781,74.30000305175781,74.19999694824219,74.19999694824219,5000,0.0,0.0
2025-05-22 02:40:00+00:00,74.19999694824219,74.30000305175781,74.19999694824219,74.19999694824219,13000,0.0,0.0
2025-05-22 02:45:00+00:00,74.19999694824219,74.19999694824219,74.0999984741211,74.0999984741211,23199,0.0,0.0
2025-05-22 02:50:00+00:00,74.0999984741211,74.0999984741211,74.0,74.0,26604,0.0,0.0
2025-05-22 02:55:00+00:00,74.0,74.0,74.0,74.0,3477,0.0,0.0
2025-05-22 03:00:00+00:00,74.0,74.0,74.0,74.0,6030,0.0,0.0
2025-05-22 03:05:00+00:00,74.0999984741211,74.0999984741211,74.0999984741211,74.0999984741211,3000,0.0,0.0
2025-05-22 03:10:00+00:00,74.0,74.0,74.0,74.0,10524,0.0,0.0
2025-05-22 03:15:00+00:00,74.0,74.0999984741211,74.0,74.0999984741211,3000,0.0,0.0
2025-05-22 03:20:00+00:00,74.0,74.0999984741211,74.0,74.0999984741211,11000,0.0,0.0
2025-05-22 03:25:00+00:00,74.0999984741211,74.0999984741211,74.0999984741211,74.0999984741211,3000,0.0,0.0
2025-05-22 03:30:00+00:00,74.0999984741211,74.0999984741211,74.0999984741211,74.0999984741211,3000,0.0,0.0
2025-05-22 03:35:00+00:00,74.0999984741211,74.0999984741211,73.9000015258789,73.9000015258789,20000,0.0,0.0
2025-05-22 03:40:00+00:00,73.9000015258789,73.9000015258789,73.9000015258789,73.9000015258789,11000,0.0,0.0
2025-05-22 03:50:00+00:00,74.0,74.0999984741211,74.0,74.0999984741211,2000,0.0,0.0
2025-05-22 03:55:00+00:00,74.0999984741211,74.0999984741211,74.0999984741211,74.0999984741211,1000,0.0,0.0
2025-05-22 04:00:00+00:00,74.0,74.0999984741211,74.0,74.0999984741211,2132,0.0,0.0
2025-05-22 04:10:00+00:00,74.19999694824219,74.19999694824219,74.0999984741211,74.0999984741211,3000,0.0,0.0
2025-05-22 04:15:00+00:00,74.0999984741211,74.0999984741211,74.0999984741211,74.0999984741211,6015,0.0,0.0
2025-05-22 04:25:00+00:00,74.0,74.0999984741211,74.0,74.0,12040,0.0,0.0
2025-05-22 04:30:00+00:00,74.0,74.0999984741211,74.0,74.0999984741211,5029,0.0,0.0
2025-05-22 04:35:00+00:00,74.0999984741211,74.0999984741211,74.0,74.0999984741211,5081,0.0,0.0
2025-05-22 04:40:00+00:00,74.0999984741211,74.0999984741211,74.0999984741211,74.0999984741211,1003,0.0,0.0
2025-05-22 04:45:00+00:00,74.0999984741211,74.19999694824219,74.0999984741211,74.19999694824219,6000,0.0,0.0
2025-05-22 04:50:00+00:00,74.19999694824219,74.19999694824219,74.19999694824219,74.19999694824219,2000,0.0,0.0
2025-05-22 04:55:00+00:00,74.0999984741211,74.0999984741211,74.0999984741211,74.0999984741211,3000,0.0,0.0
2025-05-22 05:00:00+00:00,74.0999984741211,74.0999984741211,74.0999984741211,74.0999984741211,9167,0.0,0.0
2025-05-22 05:05:00+00:00,74.0999984741211,74.19999694824219,74.0999984741211,74.0999984741211,15147,0.0,0.0
2025-05-22 05:10:00+00:00,74.19999694824219,74.19999694824219,74.0,74.0,17000,0.0,0.0
2025-05-22 05:15:00+00:00,74.0,74.0999984741211,74.0,74.0,51000,0.0,0.0
2025-05-22 05:20:00+00:00,73.9000015258789,74.0,73.9000015258789,73.9000015258789,22110,0.0,0.0
2025-05-23 01:00:00+00:00,74.5,74.5999984741211,74.5,74.5999984741211,0,0.0,0.0
2025-05-23 01:05:00+00:00,74.5,74.5999984741211,74.5,74.5999984741211,48000,0.0,0.0
2025-05-23 01:10:00+00:00,74.5999984741211,74.80000305175781,74.5999984741211,74.69999694824219,47318,0.0,0.0
2025-05-23 01:15:00+00:00,74.69999694824219,74.80000305175781,74.69999694824219,74.69999694824219,12453,0.0,0.0
2025-05-23 01:20:00+00:00,74.69999694824219,74.69999694824219,74.4000015258789,74.5,35000,0.0,0.0
2025-05-23 01:25:00+00:00,74.5,74.5,74.30000305175781,74.5,6050,0.0,0.0
2025-05-23 01:30:00+00:00,74.5,74.5,74.30000305175781,74.30000305175781,14070,0.0,0.0
2025-05-23 01:35:00+00:00,74.30000305175781,74.30000305175781,74.30000305175781,74.30000305175781,8000,0.0,0.0
2025-05-23 01:40:00+00:00,74.30000305175781,74.4000015258789,74.19999694824219,74.4000015258789,10205,0.0,0.0
2025-05-23 01:45:00+00:00,74.30000305175781,74.4000015258789,74.30000305175781,74.30000305175781,42045,0.0,0.0
2025-05-23 01:50:00+00:00,74.30000305175781,74.69999694824219,74.30000305175781,74.5999984741211,39006,0.0,0.0
2025-05-23 01:55:00+00:00,74.5999984741211,74.5999984741211,74.5,74.5,23098,0.0,0.0
2025-05-23 02:00:00+00:00,74.4000015258789,74.4000015258789,74.30000305175781,74.4000015258789,23054,0.0,0.0
2025-05-23 02:05:00+00:00,74.4000015258789,74.4000015258789,74.4000015258789,74.4000015258789,3002,0.0,0.0
2025-05-23 02:10:00+00:00,74.5,74.5,74.30000305175781,74.30000305175781,21000,0.0,0.0
2025-05-23 02:20:00+00:00,74.4000015258789,74.69999694824219,74.4000015258789,74.69999694824219,52000,0.0,0.0
2025-05-23 02:25:00+00:00,74.69999694824219,74.69999694824219,74.69999694824219,74.69999694824219,14500,0.0,0.0
2025-05-23 02:30:00+00:00,74.69999694824219,74.69999694824219,74.5999984741211,74.5999984741211,8580,0.0,0.0
2025-05-23 02:35:00+00:00,74.5,74.5999984741211,74.5,74.5999984741211,25170,0.0,0.0
2025-05-23 02:45:00+00:00,74.5999984741211,74.5999984741211,74.5999984741211,74.5999984741211,1007,0.0,0.0
2025-05-23 02:50:00+00:00,74.5,74.5,74.5,74.5,1004,0.0,0.0
2025-05-23 02:55:00+00:00,74.5,74.5,74.5,74.5,4050,0.0,0.0
2025-05-23 03:00:00+00:00,74.4000015258789,74.5,74.4000015258789,74.5,7000,0.0,0.0
2025-05-23 03:05:00+00:00,74.5,74.5999984741211,74.5,74.5,8003,0.0,0.0
2025-05-23 03:10:00+00:00,74.5999984741211,74.5999984741211,74.5,74.5,13010,0.0,0.0
2025-05-23 03:15:00+00:00,74.5,74.5,74.5,74.5,2150,0.0,0.0
2025-05-23 03:20:00+00:00,74.5,74.5,74.5,74.5,5030,0.0,0.0
2025-05-23 03:25:00+00:00,74.5,74.5,74.5,74.5,1003,0.0,0.0
2025-05-23 03:30:00+00:00,74.5,74.5,74.5,74.5,6000,0.0,0.0
2025-05-23 03:45:00+00:00,74.4000015258789,74.4000015258789,74.4000015258789,74.4000015258789,4045,0.0,0.0
2025-05-23 03:50:00+00:00,74.4000015258789,74.4000015258789,74.30000305175781,74.30000305175781,5000,0.0,0.0
2025-05-23 03:55:00+00:00,74.30000305175781,74.30000305175781,74.30000305175781,74.30000305175781,7303,0.0,0.0
2025-05-23 04:05:00+00:00,74.30000305175781,74.30000305175781,74.30000305175781,74.30000305175781,2000,0.0,0.0
2025-05-23 04:10:00+00:00,74.19999694824219,74.19999694824219,74.0999984741211,74.19999694824219,9004,0.0,0.0
2025-05-23 04:15:00+00:00,74.0999984741211,74.19999694824219,74.0999984741211,74.19999694824219,3000,0.0,0.0
2025-05-23 04:20:00+00:00,74.0999984741211,74.19999694824219,74.0,74.0999984741211,32744,0.0,0.0
2025-05-23 04:25:00+00:00,74.0,74.0,73.80000305175781,73.80000305175781,62690,0.0,0.0
2025-05-23 04:30:00+00:00,73.80000305175781,73.80000305175781,73.80000305175781,73.80000305175781,1000,0.0,0.0
2025-05-23 04:35:00+00:00,73.80000305175781,73.9000015258789,73.80000305175781,73.80000305175781,6000,0.0,0.0
2025-05-23 04:40:00+00:00,73.80000305175781,74.0,73.80000305175781,73.9000015258789,6572,0.0,0.0
2025-05-23 04:45:00+00:00,74.0,74.0,73.80000305175781,73.80000305175781,6200,0.0,0.0
2025-05-23 04:50:00+00:00,73.80000305175781,73.9000015258789,73.80000305175781,73.9000015258789,13248,0.0,0.0
2025-05-23 04:55:00+00:00,73.9000015258789,74.0,73.80000305175781,74.0,3230,0.0,0.0
2025-05-23 05:00:00+00:00,73.9000015258789,73.9000015258789,73.80000305175781,73.80000305175781,11410,0.0,0.0
2025-05-23 05:05:00+00:00,73.80000305175781,74.0,73.80000305175781,73.9000015258789,11103,0.0,0.0
2025-05-23 05:10:00+00:00,74.0,74.0,74.0,74.0,7000,0.0,0.0
2025-05-23 05:15:00+00:00,74.0,74.0,74.0,74.0,2000,0.0,0.0
2025-05-23 05:20:00+00:00,74.0,74.0999984741211,73.9000015258789,73.9000015258789,31003,0.0,0.0
2025-05-26 01:00:00+00:00,73.80000305175781,73.80000305175781,73.19999694824219,73.30000305175781,0,0.0,0.0
2025-05-26 01:05:00+00:00,73.30000305175781,73.4000015258789,73.0,73.4000015258789,28156,0.0,0.0
2025-05-26 01:10:00+00:00,73.5,73.9000015258789,73.5,73.80000305175781,8053,0.0,0.0
2025-05-26 01:15:00+00:00,74.0,74.0,73.9000015258789,74.0,7145,0.0,0.0
2025-05-26 01:20:00+00:00,73.9000015258789,73.9000015258789,73.80000305175781,73.80000305175781,18000,0.0,0.0
2025-05-26 01:25:00+00:00,73.9000015258789,74.0,73.80000305175781,73.9000015258789,12050,0.0,0.0
2025-05-26 01:30:00+00:00,74.0,74.0999984741211,73.9000015258789,74.0,12205,0.0,0.0
2025-05-26 01:35:00+00:00,73.9000015258789,74.0,73.9000015258789,74.0,8224,0.0,0.0
2025-05-26 01:40:00+00:00,73.9000015258789,74.0999984741211,73.80000305175781,74.0999984741211,16026,0.0,0.0
2025-05-26 01:45:00+00:00,74.0999984741211,74.0999984741211,74.0,74.0999984741211,4171,0.0,0.0
2025-05-26 01:50:00+00:00,74.0999984741211,74.0999984741211,74.0,74.0,6000,0.0,0.0
2025-05-26 01:55:00+00:00,74.0,74.30000305175781,73.80000305175781,74.30000305175781,12014,0.0,0.0
2025-05-26 02:00:00+00:00,74.4000015258789,74.5,74.4000015258789,74.5,23354,0.0,0.0
2025-05-26 02:05:00+00:00,74.4000015258789,74.4000015258789,74.4000015258789,74.4000015258789,3000,0.0,0.0
2025-05-26 02:10:00+00:00,74.4000015258789,74.4000015258789,74.0999984741211,74.0999984741211,11000,0.0,0.0
2025-05-26 02:15:00+00:00,74.0999984741211,74.0999984741211,74.0,74.0,2000,0.0,0.0
2025-05-26 02:20:00+00:00,74.19999694824219,74.19999694824219,74.19999694824219,74.19999694824219,3101,0.0,0.0
2025-05-26 02:25:00+00:00,74.0999984741211,74.0999984741211,74.0999984741211,74.0999984741211,1000,0.0,0.0
2025-05-26 02:30:00+00:00,74.19999694824219,74.19999694824219,74.19999694824219,74.19999694824219,6000,0.0,0.0
2025-05-26 02:40:00+00:00,74.19999694824219,74.19999694824219,74.19999694824219,74.19999694824219,4000,0.0,0.0
2025-05-26 02:45:00+00:00,74.19999694824219,74.19999694824219,74.19999694824219,74.19999694824219,7000,0.0,0.0
2025-05-26 02:55:00+00:00,74.0999984741211,74.0999984741211,74.0999984741211,74.0999984741211,9119,0.0,0.0
2025-05-26 03:05:00+00:00,74.0,74.0999984741211,74.0,74.0999984741211,4000,0.0,0.0
2025-05-26 03:15:00+00:00,74.0999984741211,74.0999984741211,74.0999984741211,74.0999984741211,5000,0.0,0.0
2025-05-26 03:20:00+00:00,74.0999984741211,74.0999984741211,74.0999984741211,74.0999984741211,1003,0.0,0.0
2025-05-26 03:30:00+00:00,74.0,74.0,74.0,74.0,7000,0.0,0.0
2025-05-26 03:35:00+00:00,74.0,74.0,73.9000015258789,73.9000015258789,12000,0.0,0.0
2025-05-26 03:40:00+00:00,74.0,74.0,74.0,74.0,2000,0.0,0.0
2025-05-26 03:45:00+00:00,73.9000015258789,73.9000015258789,73.9000015258789,73.9000015258789,1000,0.0,0.0
2025-05-26 03:55:00+00:00,73.9000015258789,73.9000015258789,73.80000305175781,73.80000305175781,6024,0.0,0.0
2025-05-26 04:00:00+00:00,73.80000305175781,73.80000305175781,73.80000305175781,73.80000305175781,7035,0.0,0.0
2025-05-26 04:05:00+00:00,73.9000015258789,73.9000015258789,73.9000015258789,73.9000015258789,4000,0.0,0.0
2025-05-26 04:10:00+00:00,73.9000015258789,73.9000015258789,73.9000015258789,73.9000015258789,3004,0.0,0.0
2025-05-26 04:15:00+00:00,74.0999984741211,74.0999984741211,73.80000305175781,73.80000305175781,25223,0.0,0.0
2025-05-26 04:20:00+00:00,73.80000305175781,73.80000305175781,73.69999694824219,73.69999694824219,25224,0.0,0.0
2025-05-26 04:25:00+00:00,73.5999984741211,73.69999694824219,73.5999984741211,73.5999984741211,11503,0.0,0.0
2025-05-26 04:30:00+00:00,73.5999984741211,73.5999984741211,73.5999984741211,73.5999984741211,7000,0.0,0.0
2025-05-26 04:35:00+00:00,73.69999694824219,73.80000305175781,73.69999694824219,73.80000305175781,27000,0.0,0.0
2025-05-26 04:40:00+00:00,73.80000305175781,73.80000305175781,73.80000305175781,73.80000305175781,5000,0.0,0.0
2025-05-26 04:45:00+00:00,73.80000305175781,73.9000015258789,73.80000305175781,73.80000305175781,6009,0.0,0.0
2025-05-26 04:50:00+00:00,73.9000015258789,73.9000015258789,73.9000015258789,73.9000015258789,1000,0.0,0.0
2025-05-26 04:55:00+00:00,73.9000015258789,73.9000015258789,73.9000015258789,73.9000015258789,4000,0.0,0.0
2025-05-26 05:00:00+00:00,73.80000305175781,73.80000305175781,73.80000305175781,73.80000305175781,3030,0.0,0.0
2025-05-26 05:05:00+00:00,73.80000305175781,73.80000305175781,73.80000305175781,73.80000305175781,4000,0.0,0.0
2025-05-26 05:10:00+00:00,73.80000305175781,73.9000015258789,73.80000305175781,73.9000015258789,3000,0.0,0.0
2025-05-26 05:15:00+00:00,73.80000305175781,73.9000015258789,73.80000305175781,73.9000015258789,11300,0.0,0.0
2025-05-26 05:20:00+00:00,73.9000015258789,74.0,73.9000015258789,73.9000015258789,5300,0.0,0.0
2025-05-27 01:00:00+00:00,74.0,74.4000015258789,74.0,74.0,0,0.0,0.0
2025-05-27 01:05:00+00:00,74.0999984741211,74.0999984741211,74.0,74.0,9002,0.0,0.0
2025-05-27 01:10:00+00:00,74.0,74.0,73.9000015258789,74.0,7058,0.0,0.0
2025-05-27 01:15:00+00:00,74.0,74.19999694824219,74.0,74.19999694824219,9000,0.0,0.0
2025-05-27 01:20:00+00:00,74.19999694824219,74.30000305175781,74.19999694824219,74.30000305175781,7092,0.0,0.0
2025-05-27 01:25:00+00:00,74.30000305175781,74.30000305175781,74.30000305175781,74.30000305175781,8000,0.0,0.0
2025-05-27 01:30:00+00:00,74.30000305175781,74.30000305175781,74.19999694824219,74.30000305175781,5000,0.0,0.0
2025-05-27 01:35:00+00:00,74.30000305175781,74.30000305175781,74.19999694824219,74.19999694824219,8000,0.0,0.0
2025-05-27 01:40:00+00:00,74.0999984741211,74.19999694824219,74.0999984741211,74.0999984741211,15019,0.0,0.0
2025-05-27 01:45:00+00:00,74.0999984741211,74.0999984741211,74.0,74.0,6000,0.0,0.0
2025-05-27 01:50:00+00:00,74.0,74.0999984741211,74.0,74.0,15109,0.0,0.0
2025-05-27 01:55:00+00:00,74.0,74.0,73.69999694824219,73.69999694824219,22061,0.0,0.0
2025-05-27 02:00:00+00:00,73.69999694824219,73.69999694824219,73.4000015258789,73.4000015258789,19300,0.0,0.0
2025-05-27 02:05:00+00:00,73.4000015258789,73.4000015258789,73.4000015258789,73.4000015258789,6015,0.0,0.0
2025-05-27 02:10:00+00:00,73.4000015258789,73.4000015258789,73.19999694824219,73.19999694824219,10965,0.0,0.0
2025-05-27 02:15:00+00:00,73.30000305175781,73.4000015258789,73.30000305175781,73.4000015258789,11007,0.0,0.0
2025-05-27 02:20:00+00:00,73.30000305175781,73.30000305175781,73.30000305175781,73.30000305175781,6006,0.0,0.0
2025-05-27 02:25:00+00:00,73.4000015258789,73.4000015258789,73.4000015258789,73.4000015258789,1145,0.0,0.0
2025-05-27 02:30:00+00:00,73.4000015258789,73.5,73.4000015258789,73.5,3250,0.0,0.0
2025-05-27 02:40:00+00:00,73.5999984741211,73.5999984741211,73.5999984741211,73.5999984741211,4000,0.0,0.0
2025-05-27 02:45:00+00:00,73.5,73.5,73.4000015258789,73.4000015258789,6067,0.0,0.0
2025-05-27 02:50:00+00:00,73.4000015258789,73.4000015258789,73.30000305175781,73.30000305175781,11000,0.0,0.0
2025-05-27 02:55:00+00:00,73.4000015258789,73.4000015258789,73.4000015258789,73.4000015258789,1000,0.0,0.0
2025-05-27 03:00:00+00:00,73.30000305175781,73.30000305175781,73.30000305175781,73.30000305175781,3040,0.0,0.0
2025-05-27 03:05:00+00:00,73.4000015258789,73.4000015258789,73.4000015258789,73.4000015258789,2129,0.0,0.0
2025-05-27 03:10:00+00:00,73.30000305175781,73.30000305175781,73.19999694824219,73.19999694824219,12070,0.0,0.0
2025-05-27 03:15:00+00:00,73.19999694824219,73.30000305175781,73.19999694824219,73.30000305175781,5018,0.0,0.0
2025-05-27 03:20:00+00:00,73.30000305175781,73.30000305175781,73.19999694824219,73.19999694824219,8000,0.0,0.0
2025-05-27 03:25:00+00:00,73.30000305175781,73.30000305175781,73.0999984741211,73.0999984741211,15261,0.0,0.0
2025-05-27 03:30:00+00:00,73.0999984741211,73.0999984741211,73.0,73.0999984741211,34167,0.0,0.0
2025-05-27 03:35:00+00:00,73.0999984741211,73.0999984741211,73.0,73.0,27480,0.0,0.0
2025-05-27 03:40:00+00:00,73.0,73.0,73.0,73.0,8495,0.0,0.0
2025-05-27 03:45:00+00:00,73.0,73.0,73.0,73.0,10000,0.0,0.0
2025-05-27 03:50:00+00:00,73.0,73.0,73.0,73.0,2751,0.0,0.0
2025-05-27 03:55:00+00:00,73.0,73.0,72.9000015258789,72.9000015258789,19123,0.0,0.0
2025-05-27 04:00:00+00:00,72.9000015258789,72.9000015258789,72.9000015258789,72.9000015258789,7318,0.0,0.0
2025-05-27 04:05:00+00:00,72.9000015258789,72.9000015258789,72.9000015258789,72.9000015258789,27200,0.0,0.0
2025-05-27 04:10:00+00:00,73.0,73.0,73.0,73.0,14317,0.0,0.0
2025-05-27 04:15:00+00:00,72.9000015258789,73.0,72.9000015258789,72.9000015258789,13002,0.0,0.0
2025-05-27 04:20:00+00:00,72.80000305175781,72.80000305175781,72.69999694824219,72.69999694824219,37001,0.0,0.0
2025-05-27 04:25:00+00:00,72.69999694824219,72.80000305175781,72.69999694824219,72.69999694824219,8000,0.0,0.0
2025-05-27 04:30:00+00:00,72.69999694824219,72.9000015258789,72.69999694824219,72.9000015258789,21000,0.0,0.0
2025-05-27 04:40:00+00:00,72.9000015258789,72.9000015258789,72.80000305175781,72.80000305175781,5500,0.0,0.0
2025-05-27 04:45:00+00:00,72.80000305175781,72.80000305175781,72.80000305175781,72.80000305175781,20000,0.0,0.0
2025-05-27 04:55:00+00:00,72.80000305175781,72.9000015258789,72.80000305175781,72.9000015258789,19396,0.0,0.0
2025-05-27 05:00:00+00:00,72.9000015258789,72.9000015258789,72.9000015258789,72.9000015258789,3000,0.0,0.0
2025-05-27 05:05:00+00:00,72.9000015258789,73.0,72.9000015258789,73.0,18072,0.0,0.0
2025-05-27 05:10:00+00:00,73.0,73.0999984741211,73.0,73.0999984741211,3200,0.0,0.0
2025-05-27 05:15:00+00:00,73.0999984741211,73.0999984741211,72.9000015258789,72.9000015258789,17120,0.0,0.0
2025-05-27 05:20:00+00:00,72.9000015258789,73.0,72.9000015258789,73.0,8030,0.0,0.0
2025-05-28 01:00:00+00:00,73.0,73.30000305175781,73.0,73.30000305175781,0,0.0,0.0
2025-05-28 01:05:00+00:00,73.30000305175781,73.80000305175781,73.30000305175781,73.80000305175781,18700,0.0,0.0
2025-05-28 01:10:00+00:00,73.69999694824219,73.69999694824219,73.69999694824219,73.69999694824219,5105,0.0,0.0
2025-05-28 01:15:00+00:00,73.5,73.5,73.0999984741211,73.0999984741211,12170,0.0,0.0
2025-05-28 01:20:00+00:00,73.0,73.0,72.9000015258789,73.0,30009,0.0,0.0
2025-05-28 01:25:00+00:00,73.0,73.0,72.9000015258789,72.9000015258789,19036,0.0,0.0
2025-05-28 01:30:00+00:00,72.9000015258789,72.9000015258789,72.80000305175781,72.80000305175781,25140,0.0,0.0
2025-05-28 01:35:00+00:00,72.69999694824219,73.0,72.69999694824219,73.0,23235,0.0,0.0
2025-05-28 01:40:00+00:00,73.0,73.0,73.0,73.0,1000,0.0,0.0
2025-05-28 01:45:00+00:00,73.0,73.0999984741211,73.0,73.0999984741211,10000,0.0,0.0
2025-05-28 01:50:00+00:00,73.0,73.0,72.9000015258789,72.9000015258789,12000,0.0,0.0
2025-05-28 01:55:00+00:00,73.0,73.0,72.9000015258789,72.9000015258789,2000,0.0,0.0
2025-05-28 02:00:00+00:00,73.0,73.0,73.0,73.0,5000,0.0,0.0
2025-05-28 02:05:00+00:00,73.0999984741211,73.0999984741211,73.0999984741211,73.0999984741211,4100,0.0,0.0
2025-05-28 02:10:00+00:00,73.0999984741211,73.0999984741211,73.0,73.0,8736,0.0,0.0
2025-05-28 02:20:00+00:00,73.0,73.0,72.69999694824219,72.69999694824219,33570,0.0,0.0
2025-05-28 02:25:00+00:00,72.69999694824219,72.80000305175781,72.69999694824219,72.80000305175781,5071,0.0,0.0
2025-05-28 02:30:00+00:00,72.9000015258789,72.9000015258789,72.9000015258789,72.9000015258789,1000,0.0,0.0
2025-05-28 02:35:00+00:00,72.80000305175781,72.80000305175781,72.80000305175781,72.80000305175781,1000,0.0,0.0
2025-05-28 02:45:00+00:00,72.80000305175781,72.9000015258789,72.80000305175781,72.9000015258789,12200,0.0,0.0
2025-05-28 02:50:00+00:00,72.9000015258789,72.9000015258789,72.9000015258789,72.9000015258789,4000,0.0,0.0
2025-05-28 02:55:00+00:00,72.80000305175781,72.80000305175781,72.80000305175781,72.80000305175781,5005,0.0,0.0
2025-05-28 03:05:00+00:00,72.9000015258789,72.9000015258789,72.9000015258789,72.9000015258789,3320,0.0,0.0
2025-05-28 03:15:00+00:00,72.9000015258789,72.9000015258789,72.9000015258789,72.9000015258789,6000,0.0,0.0
2025-05-28 03:20:00+00:00,72.9000015258789,72.9000015258789,72.9000015258789,72.9000015258789,1000,0.0,0.0
2025-05-28 03:25:00+00:00,72.9000015258789,73.0,72.9000015258789,73.0,2040,0.0,0.0
2025-05-28 03:30:00+00:00,72.9000015258789,72.9000015258789,72.9000015258789,72.9000015258789,6000,0.0,0.0
2025-05-28 03:35:00+00:00,72.9000015258789,72.9000015258789,72.80000305175781,72.80000305175781,16000,0.0,0.0
2025-05-28 03:40:00+00:00,72.69999694824219,72.69999694824219,72.5999984741211,72.5999984741211,26355,0.0,0.0
2025-05-28 03:45:00+00:00,72.69999694824219,72.69999694824219,72.5999984741211,72.5999984741211,12099,0.0,0.0
2025-05-28 03:50:00+00:00,72.5999984741211,72.5999984741211,72.5999984741211,72.5999984741211,2000,0.0,0.0
2025-05-28 03:55:00+00:00,72.69999694824219,72.80000305175781,72.69999694824219,72.80000305175781,9070,0.0,0.0
2025-05-28 04:05:00+00:00,72.69999694824219,72.69999694824219,72.69999694824219,72.69999694824219,6000,0.0,0.0
2025-05-28 04:10:00+00:00,72.5999984741211,72.5999984741211,72.5999984741211,72.5999984741211,7100,0.0,0.0
2025-05-28 04:15:00+00:00,72.5,72.5,72.5,72.5,8018,0.0,0.0
2025-05-28 04:20:00+00:00,72.4000015258789,72.4000015258789,72.4000015258789,72.4000015258789,24085,0.0,0.0
2025-05-28 04:25:00+00:00,72.30000305175781,72.4000015258789,72.30000305175781,72.4000015258789,23080,0.0,0.0
2025-05-28 04:30:00+00:00,72.30000305175781,72.30000305175781,72.19999694824219,72.30000305175781,13870,0.0,0.0
2025-05-28 04:35:00+00:00,72.30000305175781,72.30000305175781,72.0999984741211,72.0999984741211,26005,0.0,0.0
2025-05-28 04:40:00+00:00,72.0999984741211,72.19999694824219,72.0999984741211,72.19999694824219,9002,0.0,0.0
2025-05-28 04:45:00+00:00,72.19999694824219,72.19999694824219,72.0999984741211,72.0999984741211,14000,0.0,0.0
2025-05-28 04:50:00+00:00,72.0999984741211,72.0999984741211,72.0999984741211,72.0999984741211,24070,0.0,0.0
2025-05-28 04:55:00+00:00,72.0,72.0,71.80000305175781,71.9000015258789,81044,0.0,0.0
2025-05-28 05:00:00+00:00,72.0,72.0999984741211,72.0,72.0999984741211,12018,0.0,0.0
2025-05-28 05:05:00+00:00,72.0999984741211,72.19999694824219,72.0999984741211,72.19999694824219,14100,0.0,0.0
2025-05-28 05:10:00+00:00,72.19999694824219,72.30000305175781,72.19999694824219,72.19999694824219,7015,0.0,0.0
2025-05-28 05:15:00+00:00,72.30000305175781,72.4000015258789,72.19999694824219,72.30000305175781,24060,0.0,0.0
2025-05-28 05:20:00+00:00,72.19999694824219,72.4000015258789,72.19999694824219,72.4000015258789,11875,0.0,0.0
2025-05-29 01:00:00+00:00,73.4000015258789,73.4000015258789,72.9000015258789,72.9000015258789,0,0.0,0.0
2025-05-29 01:05:00+00:00,72.9000015258789,74.69999694824219,72.9000015258789,74.30000305175781,132425,0.0,0.0
2025-05-29 01:10:00+00:00,74.19999694824219,74.4000015258789,74.0,74.0999984741211,101550,0.0,0.0
2025-05-29 01:15:00+00:00,74.0999984741211,74.19999694824219,73.9000015258789,73.9000015258789,33470,0.0,0.0
2025-05-29 01:20:00+00:00,73.80000305175781,73.80000305175781,73.5,73.5,14030,0.0,0.0
2025-05-29 01:25:00+00:00,73.5,73.5,73.5,73.5,14400,0.0,0.0
2025-05-29 01:30:00+00:00,73.5,73.80000305175781,73.5,73.80000305175781,19080,0.0,0.0
2025-05-29 01:35:00+00:00,73.80000305175781,73.9000015258789,73.69999694824219,73.80000305175781,20020,0.0,0.0
2025-05-29 01:40:00+00:00,73.80000305175781,73.80000305175781,73.80000305175781,73.80000305175781,6000,0.0,0.0
2025-05-29 01:45:00+00:00,73.80000305175781,73.80000305175781,73.69999694824219,73.80000305175781,5028,0.0,0.0
2025-05-29 01:50:00+00:00,73.9000015258789,73.9000015258789,73.80000305175781,73.80000305175781,10000,0.0,0.0
2025-05-29 01:55:00+00:00,73.80000305175781,73.80000305175781,73.80000305175781,73.80000305175781,11055,0.0,0.0
2025-05-29 02:00:00+00:00,73.80000305175781,73.80000305175781,73.69999694824219,73.69999694824219,5300,0.0,0.0
2025-05-29 02:05:00+00:00,73.69999694824219,73.69999694824219,73.69999694824219,73.69999694824219,4034,0.0,0.0
2025-05-29 02:10:00+00:00,73.69999694824219,73.69999694824219,73.5999984741211,73.5999984741211,10000,0.0,0.0
2025-05-29 02:15:00+00:00,73.5,73.5,73.5,73.5,18166,0.0,0.0
2025-05-29 02:20:00+00:00,73.5,73.5,73.5,73.5,1571,0.0,0.0
2025-05-29 02:30:00+00:00,73.5,73.5,73.5,73.5,5439,0.0,0.0
2025-05-29 02:40:00+00:00,73.5999984741211,73.9000015258789,73.5999984741211,73.9000015258789,19025,0.0,0.0
2025-05-29 02:45:00+00:00,73.9000015258789,73.9000015258789,73.9000015258789,73.9000015258789,2003,0.0,0.0
2025-05-29 02:50:00+00:00,73.9000015258789,74.0,73.9000015258789,74.0,18175,0.0,0.0
2025-05-29 02:55:00+00:00,73.9000015258789,74.19999694824219,73.9000015258789,74.19999694824219,25370,0.0,0.0
2025-05-29 03:00:00+00:00,74.19999694824219,74.19999694824219,74.19999694824219,74.19999694824219,2000,0.0,0.0
2025-05-29 03:05:00+00:00,74.19999694824219,74.19999694824219,74.0,74.0,10000,0.0,0.0
2025-05-29 03:10:00+00:00,74.0,74.19999694824219,74.0,74.19999694824219,11011,0.0,0.0
2025-05-29 03:15:00+00:00,74.19999694824219,74.19999694824219,74.19999694824219,74.19999694824219,5000,0.0,0.0
2025-05-29 03:20:00+00:00,74.19999694824219,74.19999694824219,74.0999984741211,74.19999694824219,35052,0.0,0.0
2025-05-29 03:25:00+00:00,74.30000305175781,74.30000305175781,74.30000305175781,74.30000305175781,2111,0.0,0.0
2025-05-29 03:30:00+00:00,74.30000305175781,74.5,74.30000305175781,74.4000015258789,61474,0.0,0.0
2025-05-29 03:35:00+00:00,74.4000015258789,74.4000015258789,74.19999694824219,74.4000015258789,11747,0.0,0.0
2025-05-29 03:40:00+00:00,74.30000305175781,74.4000015258789,74.30000305175781,74.4000015258789,8000,0.0,0.0
2025-05-29 03:45:00+00:00,74.30000305175781,74.30000305175781,74.30000305175781,74.30000305175781,7000,0.0,0.0
2025-05-29 03:50:00+00:00,74.19999694824219,74.4000015258789,74.19999694824219,74.4000015258789,15287,0.0,0.0
2025-05-29 04:00:00+00:00,74.4000015258789,74.4000015258789,74.4000015258789,74.4000015258789,2037,0.0,0.0
2025-05-29 04:05:00+00:00,74.4000015258789,74.4000015258789,74.30000305175781,74.30000305175781,9000,0.0,0.0
2025-05-29 04:10:00+00:00,74.30000305175781,74.4000015258789,74.19999694824219,74.19999694824219,15500,0.0,0.0
2025-05-29 04:15:00+00:00,74.0999984741211,74.0999984741211,74.0,74.0,3101,0.0,0.0
2025-05-29 04:20:00+00:00,74.0,74.0999984741211,73.9000015258789,73.9000015258789,22258,0.0,0.0
2025-05-29 04:25:00+00:00,73.9000015258789,73.9000015258789,73.9000015258789,73.9000015258789,8000,0.0,0.0
2025-05-29 04:30:00+00:00,73.80000305175781,73.9000015258789,73.80000305175781,73.9000015258789,12057,0.0,0.0
2025-05-29 04:35:00+00:00,73.9000015258789,73.9000015258789,73.9000015258789,73.9000015258789,2000,0.0,0.0
2025-05-29 04:40:00+00:00,73.9000015258789,73.9000015258789,73.9000015258789,73.9000015258789,3001,0.0,0.0
2025-05-29 04:45:00+00:00,74.0,74.30000305175781,74.0,74.30000305175781,14340,0.0,0.0
2025-05-29 04:50:00+00:00,74.0999984741211,74.0999984741211,74.0999984741211,74.0999984741211,2050,0.0,0.0
2025-05-29 04:55:00+00:00,74.0999984741211,74.19999694824219,74.0999984741211,74.19999694824219,3013,0.0,0.0
2025-05-29 05:00:00+00:00,74.30000305175781,74.30000305175781,74.19999694824219,74.19999694824219,8159,0.0,0.0
2025-05-29 05:05:00+00:00,74.19999694824219,74.30000305175781,74.19999694824219,74.30000305175781,7258,0.0,0.0
2025-05-29 05:10:00+00:00,74.19999694824219,74.19999694824219,74.19999694824219,74.19999694824219,17089,0.0,0.0
2025-05-29 05:15:00+00:00,74.19999694824219,74.19999694824219,74.0999984741211,74.19999694824219,30001,0.0,0.0
2025-05-29 05:20:00+00:00,74.0999984741211,74.30000305175781,74.0999984741211,74.30000305175781,18691,0.0,0.0
2025-06-02 01:00:00+00:00,73.69999694824219,73.69999694824219,73.19999694824219,73.5,0,0.0,0.0
2025-06-02 01:05:00+00:00,73.5999984741211,74.19999694824219,73.5999984741211,74.0999984741211,34607,0.0,0.0
2025-06-02 01:10:00+00:00,74.0,74.69999694824219,74.0,74.4000015258789,30380,0.0,0.0
2025-06-02 01:15:00+00:00,74.30000305175781,74.4000015258789,74.0999984741211,74.4000015258789,27000,0.0,0.0
2025-06-02 01:20:00+00:00,74.0999984741211,74.0999984741211,73.80000305175781,73.9000015258789,38100,0.0,0.0
2025-06-02 01:25:00+00:00,73.9000015258789,73.9000015258789,73.69999694824219,73.80000305175781,12000,0.0,0.0
2025-06-02 01:30:00+00:00,73.5999984741211,73.5999984741211,73.5,73.5,15110,0.0,0.0
2025-06-02 01:35:00+00:00,73.5,73.5999984741211,73.19999694824219,73.19999694824219,20280,0.0,0.0
2025-06-02 01:40:00+00:00,73.5,73.5,72.80000305175781,72.80000305175781,37739,0.0,0.0
2025-06-02 01:45:00+00:00,72.9000015258789,73.0,72.9000015258789,73.0,17112,0.0,0.0
2025-06-02 01:50:00+00:00,73.0999984741211,73.0999984741211,73.0,73.0,3020,0.0,0.0
2025-06-02 01:55:00+00:00,73.0999984741211,73.0999984741211,73.0999984741211,73.0999984741211,6000,0.0,0.0
2025-06-02 02:00:00+00:00,73.0999984741211,73.19999694824219,73.0999984741211,73.0999984741211,11230,0.0,0.0
2025-06-02 02:05:00+00:00,73.0,73.0,73.0,73.0,5014,0.0,0.0
2025-06-02 02:10:00+00:00,73.0999984741211,73.0999984741211,73.0,73.0,3000,0.0,0.0
2025-06-02 02:15:00+00:00,73.0,73.19999694824219,73.0,73.19999694824219,3000,0.0,0.0
2025-06-02 02:20:00+00:00,73.19999694824219,73.19999694824219,73.19999694824219,73.19999694824219,4000,0.0,0.0
2025-06-02 02:25:00+00:00,73.19999694824219,73.19999694824219,73.0999984741211,73.0999984741211,12000,0.0,0.0
2025-06-02 02:30:00+00:00,73.0,73.0,72.9000015258789,73.0,37176,0.0,0.0
2025-06-02 02:35:00+00:00,72.9000015258789,72.9000015258789,72.9000015258789,72.9000015258789,11000,0.0,0.0
2025-06-02 02:40:00+00:00,72.9000015258789,72.9000015258789,72.80000305175781,72.80000305175781,23000,0.0,0.0
2025-06-02 02:45:00+00:00,72.80000305175781,72.80000305175781,72.69999694824219,72.69999694824219,16194,0.0,0.0
2025-06-02 02:50:00+00:00,72.69999694824219,72.69999694824219,72.5999984741211,72.69999694824219,37055,0.0,0.0
2025-06-02 02:55:00+00:00,72.69999694824219,72.69999694824219,72.5999984741211,72.5999984741211,12000,0.0,0.0
2025-06-02 03:00:00+00:00,72.69999694824219,72.69999694824219,72.5,72.5999984741211,40105,0.0,0.0
2025-06-02 03:05:00+00:00,72.5999984741211,72.5999984741211,72.5,72.5,26254,0.0,0.0
2025-06-02 03:15:00+00:00,72.4000015258789,72.5999984741211,72.30000305175781,72.5,39100,0.0,0.0
2025-06-02 03:20:00+00:00,72.5,72.5999984741211,72.5,72.5,6050,0.0,0.0
2025-06-02 03:25:00+00:00,72.5,72.5,72.5,72.5,5100,0.0,0.0
2025-06-02 03:30:00+00:00,72.5999984741211,73.0,72.5999984741211,73.0,24540,0.0,0.0
2025-06-02 03:35:00+00:00,72.80000305175781,72.80000305175781,72.80000305175781,72.80000305175781,3000,0.0,0.0
2025-06-02 03:40:00+00:00,72.80000305175781,72.80000305175781,72.80000305175781,72.80000305175781,2000,0.0,0.0
2025-06-02 03:45:00+00:00,72.69999694824219,72.69999694824219,72.69999694824219,72.69999694824219,6030,0.0,0.0
2025-06-02 03:50:00+00:00,72.69999694824219,72.69999694824219,72.69999694824219,72.69999694824219,2000,0.0,0.0
2025-06-02 03:55:00+00:00,72.69999694824219,72.69999694824219,72.69999694824219,72.69999694824219,1000,0.0,0.0
2025-06-02 04:00:00+00:00,72.5999984741211,72.5999984741211,72.5999984741211,72.5999984741211,1270,0.0,0.0
2025-06-02 04:05:00+00:00,72.5999984741211,72.5999984741211,72.5999984741211,72.5999984741211,2155,0.0,0.0
2025-06-02 04:10:00+00:00,72.69999694824219,72.69999694824219,72.5999984741211,72.5999984741211,4000,0.0,0.0
2025-06-02 04:20:00+00:00,72.69999694824219,72.69999694824219,72.69999694824219,72.69999694824219,10591,0.0,0.0
2025-06-02 04:25:00+00:00,72.80000305175781,72.80000305175781,72.80000305175781,72.80000305175781,1000,0.0,0.0
2025-06-02 04:30:00+00:00,72.80000305175781,72.9000015258789,72.80000305175781,72.9000015258789,4303,0.0,0.0
2025-06-02 04:35:00+00:00,72.9000015258789,72.9000015258789,72.80000305175781,72.80000305175781,3001,0.0,0.0
2025-06-02 04:45:00+00:00,72.80000305175781,72.80000305175781,72.69999694824219,72.69999694824219,6000,0.0,0.0
2025-06-02 04:50:00+00:00,72.80000305175781,72.80000305175781,72.80000305175781,72.80000305175781,8000,0.0,0.0
2025-06-02 04:55:00+00:00,72.80000305175781,72.9000015258789,72.80000305175781,72.9000015258789,17000,0.0,0.0
2025-06-02 05:00:00+00:00,72.9000015258789,72.9000015258789,72.80000305175781,72.80000305175781,3000,0.0,0.0
2025-06-02 05:05:00+00:00,72.9000015258789,72.9000015258789,72.9000015258789,72.9000015258789,6000,0.0,0.0
2025-06-02 05:10:00+00:00,72.9000015258789,72.9000015258789,72.9000015258789,72.9000015258789,3108,0.0,0.0
2025-06-02 05:15:00+00:00,72.9000015258789,73.0999984741211,72.9000015258789,73.0,9069,0.0,0.0
2025-06-02 05:20:00+00:00,73.0999984741211,73.0999984741211,72.80000305175781,72.80000305175781,50120,0.0,0.0
2025-06-03 01:00:00+00:00,73.0999984741211,73.80000305175781,73.0999984741211,73.4000015258789,0,0.0,0.0
2025-06-03 01:05:00+00:00,73.4000015258789,73.5999984741211,73.4000015258789,73.5999984741211,13000,0.0,0.0
2025-06-03 01:10:00+00:00,73.5999984741211,73.5999984741211,73.5999984741211,73.5999984741211,2150,0.0,0.0
2025-06-03 01:15:00+00:00,73.5,73.5999984741211,73.5,73.5999984741211,5016,0.0,0.0
2025-06-03 01:20:00+00:00,73.5,73.5,73.5,73.5,9130,0.0,0.0
2025-06-03 01:25:00+00:00,73.5,73.5999984741211,73.4000015258789,73.5999984741211,15000,0.0,0.0
2025-06-03 01:30:00+00:00,73.5,73.5,73.5,73.5,2000,0.0,0.0
2025-06-03 01:35:00+00:00,73.5999984741211,74.0,73.5999984741211,74.0,65724,0.0,0.0
2025-06-03 01:40:00+00:00,74.0999984741211,74.19999694824219,74.0,74.0999984741211,26100,0.0,0.0
2025-06-03 01:45:00+00:00,74.0999984741211,74.4000015258789,74.0999984741211,74.4000015258789,43255,0.0,0.0
2025-06-03 01:50:00+00:00,74.4000015258789,74.5,74.30000305175781,74.4000015258789,43101,0.0,0.0
2025-06-03 01:55:00+00:00,74.4000015258789,74.80000305175781,74.30000305175781,74.5999984741211,122048,0.0,0.0
2025-06-03 02:00:00+00:00,74.69999694824219,75.0,74.5,74.5999984741211,91988,0.0,0.0
2025-06-03 02:05:00+00:00,74.5999984741211,74.5999984741211,74.4000015258789,74.5,24102,0.0,0.0
2025-06-03 02:10:00+00:00,74.5,74.5,74.30000305175781,74.30000305175781,12018,0.0,0.0
2025-06-03 02:15:00+00:00,74.30000305175781,74.30000305175781,74.0999984741211,74.0999984741211,23128,0.0,0.0
2025-06-03 02:20:00+00:00,74.0999984741211,74.30000305175781,74.0999984741211,74.30000305175781,10000,0.0,0.0
2025-06-03 02:25:00+00:00,74.30000305175781,74.30000305175781,74.19999694824219,74.19999694824219,8000,0.0,0.0
2025-06-03 02:30:00+00:00,74.0999984741211,74.30000305175781,74.0999984741211,74.30000305175781,11000,0.0,0.0
2025-06-03 02:35:00+00:00,74.19999694824219,74.19999694824219,74.19999694824219,74.19999694824219,7000,0.0,0.0
2025-06-03 02:40:00+00:00,74.0999984741211,74.0999984741211,74.0,74.0,9000,0.0,0.0
2025-06-03 02:45:00+00:00,74.0999984741211,74.0999984741211,74.0999984741211,74.0999984741211,4129,0.0,0.0
2025-06-03 02:50:00+00:00,74.0999984741211,74.4000015258789,74.0999984741211,74.4000015258789,17111,0.0,0.0
2025-06-03 02:55:00+00:00,74.30000305175781,74.30000305175781,74.19999694824219,74.19999694824219,3001,0.0,0.0
2025-06-03 03:00:00+00:00,74.30000305175781,74.30000305175781,74.30000305175781,74.30000305175781,12000,0.0,0.0
2025-06-03 03:05:00+00:00,74.30000305175781,74.30000305175781,74.30000305175781,74.30000305175781,16039,0.0,0.0
2025-06-03 03:10:00+00:00,74.30000305175781,74.4000015258789,74.30000305175781,74.4000015258789,4014,0.0,0.0
2025-06-03 03:15:00+00:00,74.30000305175781,74.30000305175781,74.19999694824219,74.19999694824219,9015,0.0,0.0
2025-06-03 03:25:00+00:00,74.19999694824219,74.19999694824219,74.19999694824219,74.19999694824219,7000,0.0,0.0
2025-06-03 03:35:00+00:00,74.30000305175781,74.30000305175781,74.30000305175781,74.30000305175781,3000,0.0,0.0
2025-06-03 03:40:00+00:00,74.30000305175781,74.30000305175781,74.30000305175781,74.30000305175781,2002,0.0,0.0
2025-06-03 03:45:00+00:00,74.19999694824219,74.19999694824219,74.19999694824219,74.19999694824219,1150,0.0,0.0
2025-06-03 03:50:00+00:00,74.4000015258789,74.4000015258789,74.4000015258789,74.4000015258789,8185,0.0,0.0
2025-06-03 03:55:00+00:00,74.4000015258789,74.5,74.4000015258789,74.5,37416,0.0,0.0
2025-06-03 04:00:00+00:00,74.5,74.5999984741211,74.5,74.5,25180,0.0,0.0
2025-06-03 04:05:00+00:00,74.5,74.80000305175781,74.5,74.80000305175781,72282,0.0,0.0
2025-06-03 04:10:00+00:00,74.9000015258789,75.0999984741211,74.80000305175781,74.9000015258789,140249,0.0,0.0
2025-06-03 04:15:00+00:00,74.9000015258789,74.9000015258789,74.80000305175781,74.9000015258789,17000,0.0,0.0
2025-06-03 04:20:00+00:00,74.80000305175781,75.4000015258789,74.80000305175781,75.4000015258789,121015,0.0,0.0
2025-06-03 04:25:00+00:00,75.4000015258789,75.5,75.30000305175781,75.30000305175781,63165,0.0,0.0
2025-06-03 04:30:00+00:00,75.30000305175781,75.5999984741211,75.30000305175781,75.4000015258789,78949,0.0,0.0
2025-06-03 04:35:00+00:00,75.4000015258789,76.9000015258789,75.4000015258789,76.30000305175781,273357,0.0,0.0
2025-06-03 04:40:00+00:00,76.19999694824219,76.30000305175781,76.0999984741211,76.0999984741211,81212,0.0,0.0
2025-06-03 04:45:00+00:00,76.0999984741211,76.0999984741211,76.0,76.0,88150,0.0,0.0
2025-06-03 04:50:00+00:00,76.0,76.0,75.9000015258789,76.0,39488,0.0,0.0
2025-06-03 04:55:00+00:00,76.0,76.0,75.9000015258789,75.9000015258789,24275,0.0,0.0
2025-06-03 05:00:00+00:00,76.0,76.0,75.9000015258789,75.9000015258789,27525,0.0,0.0
2025-06-03 05:05:00+00:00,75.80000305175781,75.9000015258789,75.80000305175781,75.80000305175781,14280,0.0,0.0
2025-06-03 05:10:00+00:00,75.80000305175781,75.9000015258789,75.80000305175781,75.80000305175781,24000,0.0,0.0
2025-06-03 05:15:00+00:00,75.69999694824219,75.69999694824219,75.5,75.5999984741211,38386,0.0,0.0
2025-06-03 05:20:00+00:00,75.5999984741211,75.80000305175781,75.5,75.5,55107,0.0,0.0
2025-06-04 01:00:00+00:00,76.30000305175781,76.5999984741211,76.0,76.4000015258789,0,0.0,0.0
2025-06-04 01:05:00+00:00,76.4000015258789,76.5999984741211,76.30000305175781,76.5,75000,0.0,0.0
2025-06-04 01:10:00+00:00,76.9000015258789,76.9000015258789,76.5,76.5,130928,0.0,0.0
2025-06-04 01:15:00+00:00,76.5,76.5,76.0,76.30000305175781,92078,0.0,0.0
2025-06-04 01:20:00+00:00,76.30000305175781,76.4000015258789,76.19999694824219,76.30000305175781,6503,0.0,0.0
2025-06-04 01:25:00+00:00,76.30000305175781,76.5999984741211,76.30000305175781,76.30000305175781,47321,0.0,0.0
2025-06-04 01:30:00+00:00,76.30000305175781,76.4000015258789,76.0,76.0,73428,0.0,0.0
2025-06-04 01:35:00+00:00,76.0,76.0,75.9000015258789,75.9000015258789,19292,0.0,0.0
2025-06-04 01:40:00+00:00,75.9000015258789,75.9000015258789,75.9000015258789,75.9000015258789,15200,0.0,0.0
2025-06-04 01:45:00+00:00,75.9000015258789,75.9000015258789,75.9000015258789,75.9000015258789,6000,0.0,0.0
2025-06-04 01:50:00+00:00,75.80000305175781,75.80000305175781,75.5999984741211,75.80000305175781,38400,0.0,0.0
2025-06-04 01:55:00+00:00,75.80000305175781,75.80000305175781,75.5999984741211,75.5999984741211,28252,0.0,0.0
2025-06-04 02:00:00+00:00,75.5999984741211,75.9000015258789,75.5,75.69999694824219,34000,0.0,0.0
2025-06-04 02:05:00+00:00,75.80000305175781,76.0,75.80000305175781,76.0,21000,0.0,0.0
2025-06-04 02:10:00+00:00,76.0999984741211,76.0999984741211,75.9000015258789,75.9000015258789,7000,0.0,0.0
2025-06-04 02:15:00+00:00,76.0,76.0,76.0,76.0,2220,0.0,0.0
2025-06-04 02:20:00+00:00,76.0,76.0999984741211,75.9000015258789,76.0,18004,0.0,0.0
2025-06-04 02:25:00+00:00,76.0,76.0,76.0,76.0,9000,0.0,0.0
2025-06-04 02:30:00+00:00,76.0,76.0999984741211,76.0,76.0,12600,0.0,0.0
2025-06-04 02:35:00+00:00,76.0,76.0999984741211,75.9000015258789,75.9000015258789,14000,0.0,0.0
2025-06-04 02:40:00+00:00,75.9000015258789,75.9000015258789,75.80000305175781,75.9000015258789,8037,0.0,0.0
2025-06-04 02:45:00+00:00,75.9000015258789,75.9000015258789,75.9000015258789,75.9000015258789,4313,0.0,0.0
2025-06-04 02:50:00+00:00,76.0,76.0999984741211,76.0,76.0999984741211,19150,0.0,0.0
2025-06-04 02:55:00+00:00,76.30000305175781,76.4000015258789,76.30000305175781,76.30000305175781,53451,0.0,0.0
2025-06-04 03:00:00+00:00,76.30000305175781,76.30000305175781,76.19999694824219,76.19999694824219,12000,0.0,0.0
2025-06-04 03:05:00+00:00,76.0999984741211,76.0999984741211,76.0,76.0,5000,0.0,0.0
2025-06-04 03:10:00+00:00,76.0,76.0,76.0,76.0,8000,0.0,0.0
2025-06-04 03:15:00+00:00,76.0999984741211,76.19999694824219,76.0999984741211,76.19999694824219,2100,0.0,0.0
2025-06-04 03:20:00+00:00,76.0999984741211,76.0999984741211,76.0,76.0,4660,0.0,0.0
2025-06-04 03:25:00+00:00,75.9000015258789,75.9000015258789,75.9000015258789,75.9000015258789,7339,0.0,0.0
2025-06-04 03:30:00+00:00,75.80000305175781,75.80000305175781,75.80000305175781,75.80000305175781,4000,0.0,0.0
2025-06-04 03:35:00+00:00,75.80000305175781,75.80000305175781,75.80000305175781,75.80000305175781,2782,0.0,0.0
2025-06-04 03:40:00+00:00,75.69999694824219,75.69999694824219,75.5999984741211,75.5999984741211,23000,0.0,0.0
2025-06-04 03:45:00+00:00,75.5999984741211,75.69999694824219,75.5999984741211,75.69999694824219,27000,0.0,0.0
2025-06-04 03:50:00+00:00,75.69999694824219,75.80000305175781,75.69999694824219,75.80000305175781,7000,0.0,0.0
2025-06-04 03:55:00+00:00,75.80000305175781,75.80000305175781,75.69999694824219,75.69999694824219,6010,0.0,0.0
2025-06-04 04:00:00+00:00,75.69999694824219,75.69999694824219,75.69999694824219,75.69999694824219,3000,0.0,0.0
2025-06-04 04:05:00+00:00,75.69999694824219,75.80000305175781,75.69999694824219,75.80000305175781,10025,0.0,0.0
2025-06-04 04:10:00+00:00,75.69999694824219,75.80000305175781,75.69999694824219,75.80000305175781,6000,0.0,0.0
2025-06-04 04:15:00+00:00,75.80000305175781,75.9000015258789,75.69999694824219,75.9000015258789,6010,0.0,0.0
2025-06-04 04:20:00+00:00,75.9000015258789,75.9000015258789,75.9000015258789,75.9000015258789,13016,0.0,0.0
2025-06-04 04:25:00+00:00,75.9000015258789,75.9000015258789,75.9000015258789,75.9000015258789,2350,0.0,0.0
2025-06-04 04:30:00+00:00,75.9000015258789,75.9000015258789,75.9000015258789,75.9000015258789,3010,0.0,0.0
2025-06-04 04:35:00+00:00,75.9000015258789,75.9000015258789,75.80000305175781,75.80000305175781,4140,0.0,0.0
2025-06-04 04:40:00+00:00,75.80000305175781,75.80000305175781,75.69999694824219,75.69999694824219,22067,0.0,0.0
2025-06-04 04:45:00+00:00,75.69999694824219,75.80000305175781,75.69999694824219,75.80000305175781,7026,0.0,0.0
2025-06-04 04:50:00+00:00,75.9000015258789,75.9000015258789,75.9000015258789,75.9000015258789,1000,0.0,0.0
2025-06-04 04:55:00+00:00,75.9000015258789,75.9000015258789,75.80000305175781,75.80000305175781,7000,0.0,0.0
2025-06-04 05:00:00+00:00,75.80000305175781,76.0,75.69999694824219,75.69999694824219,20090,0.0,0.0
2025-06-04 05:05:00+00:00,75.69999694824219,75.69999694824219,75.5999984741211,75.5999984741211,12000,0.0,0.0
2025-06-04 05:10:00+00:00,75.69999694824219,75.69999694824219,75.69999694824219,75.69999694824219,6020,0.0,0.0
2025-06-04 05:15:00+00:00,75.69999694824219,75.69999694824219,75.69999694824219,75.69999694824219,24056,0.0,0.0
2025-06-04 05:20:00+00:00,75.69999694824219,75.9000015258789,75.69999694824219,75.69999694824219,23022,0.0,0.0
2025-06-05 01:00:00+00:00,76.5,76.5,75.5999984741211,75.80000305175781,0,0.0,0.0
2025-06-05 01:05:00+00:00,75.80000305175781,75.80000305175781,75.80000305175781,75.80000305175781,14404,0.0,0.0
2025-06-05 01:10:00+00:00,75.9000015258789,75.9000015258789,75.80000305175781,75.80000305175781,18555,0.0,0.0
2025-06-05 01:15:00+00:00,75.80000305175781,75.80000305175781,75.5999984741211,75.5999984741211,26239,0.0,0.0
2025-06-05 01:20:00+00:00,75.5999984741211,75.5999984741211,75.4000015258789,75.4000015258789,25055,0.0,0.0
2025-06-05 01:25:00+00:00,75.4000015258789,75.4000015258789,75.19999694824219,75.30000305175781,20778,0.0,0.0
2025-06-05 01:30:00+00:00,75.4000015258789,75.4000015258789,75.19999694824219,75.4000015258789,23034,0.0,0.0
2025-06-05 01:35:00+00:00,75.4000015258789,75.4000015258789,75.30000305175781,75.4000015258789,10180,0.0,0.0
2025-06-05 01:40:00+00:00,75.4000015258789,75.4000015258789,75.30000305175781,75.30000305175781,4350,0.0,0.0
2025-06-05 01:45:00+00:00,75.4000015258789,75.5,75.30000305175781,75.5,4001,0.0,0.0
2025-06-05 01:50:00+00:00,75.5,75.5,75.4000015258789,75.4000015258789,8010,0.0,0.0
2025-06-05 01:55:00+00:00,75.5,75.5,75.5,75.5,1000,0.0,0.0
2025-06-05 02:00:00+00:00,75.5,75.5,75.4000015258789,75.4000015258789,19020,0.0,0.0
2025-06-05 02:05:00+00:00,75.5,75.5,75.4000015258789,75.4000015258789,23055,0.0,0.0
2025-06-05 02:10:00+00:00,75.30000305175781,75.30000305175781,75.19999694824219,75.19999694824219,14001,0.0,0.0
2025-06-05 02:15:00+00:00,75.0999984741211,75.30000305175781,75.0999984741211,75.30000305175781,20000,0.0,0.0
2025-06-05 02:20:00+00:00,75.30000305175781,75.30000305175781,75.19999694824219,75.30000305175781,7007,0.0,0.0
2025-06-05 02:25:00+00:00,75.19999694824219,75.19999694824219,75.0,75.0999984741211,16330,0.0,0.0
2025-06-05 02:30:00+00:00,75.0999984741211,75.19999694824219,75.0,75.19999694824219,7205,0.0,0.0
2025-06-05 02:35:00+00:00,75.19999694824219,75.19999694824219,75.0999984741211,75.19999694824219,8003,0.0,0.0
2025-06-05 02:40:00+00:00,75.19999694824219,75.19999694824219,75.19999694824219,75.19999694824219,3467,0.0,0.0
2025-06-05 02:45:00+00:00,75.19999694824219,75.19999694824219,75.0999984741211,75.0999984741211,9250,0.0,0.0
2025-06-05 02:50:00+00:00,75.0999984741211,75.19999694824219,75.0999984741211,75.0999984741211,9050,0.0,0.0
2025-06-05 02:55:00+00:00,75.19999694824219,75.19999694824219,75.19999694824219,75.19999694824219,3000,0.0,0.0
2025-06-05 03:00:00+00:00,75.0999984741211,75.0999984741211,75.0,75.0,18000,0.0,0.0
2025-06-05 03:05:00+00:00,75.0,75.0999984741211,75.0,75.0999984741211,7000,0.0,0.0
2025-06-05 03:10:00+00:00,75.0999984741211,75.4000015258789,75.0999984741211,75.30000305175781,32000,0.0,0.0
2025-06-05 03:15:00+00:00,75.30000305175781,75.30000305175781,75.30000305175781,75.30000305175781,3000,0.0,0.0
2025-06-05 03:20:00+00:00,75.19999694824219,75.19999694824219,75.19999694824219,75.19999694824219,0,0.0,0.0
2025-06-05 03:25:00+00:00,75.0999984741211,75.0999984741211,75.0999984741211,75.0999984741211,504994,0.0,0.0
2025-06-05 03:35:00+00:00,75.0999984741211,75.19999694824219,75.0999984741211,75.19999694824219,8000,0.0,0.0
2025-06-05 03:40:00+00:00,75.19999694824219,75.19999694824219,75.19999694824219,75.19999694824219,3100,0.0,0.0
2025-06-05 03:45:00+00:00,75.30000305175781,75.5,75.30000305175781,75.5,31000,0.0,0.0
2025-06-05 03:50:00+00:00,75.30000305175781,75.5,75.30000305175781,75.30000305175781,13092,0.0,0.0
2025-06-05 03:55:00+00:00,75.30000305175781,75.30000305175781,75.19999694824219,75.30000305175781,6079,0.0,0.0
2025-06-05 04:00:00+00:00,75.19999694824219,75.19999694824219,75.19999694824219,75.19999694824219,2000,0.0,0.0
2025-06-05 04:05:00+00:00,75.0999984741211,75.0999984741211,75.0999984741211,75.0999984741211,12039,0.0,0.0
2025-06-05 04:10:00+00:00,75.0999984741211,75.0999984741211,75.0999984741211,75.0999984741211,4000,0.0,0.0
2025-06-05 04:15:00+00:00,75.0999984741211,75.0999984741211,75.0,75.0999984741211,5242,0.0,0.0
2025-06-05 04:20:00+00:00,75.0999984741211,75.0999984741211,75.0999984741211,75.0999984741211,3147,0.0,0.0
2025-06-05 04:25:00+00:00,75.0999984741211,75.19999694824219,75.0999984741211,75.19999694824219,9145,0.0,0.0
2025-06-05 04:30:00+00:00,75.0999984741211,75.19999694824219,75.0999984741211,75.0999984741211,5100,0.0,0.0
2025-06-05 04:35:00+00:00,75.19999694824219,75.19999694824219,75.0999984741211,75.0999984741211,2000,0.0,0.0
2025-06-05 04:40:00+00:00,75.19999694824219,75.4000015258789,75.19999694824219,75.30000305175781,16068,0.0,0.0
2025-06-05 04:45:00+00:00,75.30000305175781,75.30000305175781,75.30000305175781,75.30000305175781,7000,0.0,0.0
2025-06-05 04:50:00+00:00,75.30000305175781,75.4000015258789,75.30000305175781,75.4000015258789,10100,0.0,0.0
2025-06-05 04:55:00+00:00,75.5,75.5,75.30000305175781,75.30000305175781,3164,0.0,0.0
2025-06-05 05:00:00+00:00,75.30000305175781,75.30000305175781,75.30000305175781,75.30000305175781,3000,0.0,0.0
2025-06-05 05:05:00+00:00,75.19999694824219,75.30000305175781,75.19999694824219,75.19999694824219,18100,0.0,0.0
2025-06-05 05:10:00+00:00,75.30000305175781,75.30000305175781,75.30000305175781,75.30000305175781,2221,0.0,0.0
2025-06-05 05:15:00+00:00,75.19999694824219,75.19999694824219,75.19999694824219,75.19999694824219,13000,0.0,0.0
2025-06-05 05:20:00+00:00,75.19999694824219,75.19999694824219,75.0999984741211,75.19999694824219,17681,0.0,0.0
2025-06-06 01:00:00+00:00,74.9000015258789,75.0,74.80000305175781,74.80000305175781,0,0.0,0.0
2025-06-06 01:05:00+00:00,74.80000305175781,75.0999984741211,74.80000305175781,75.0,8000,0.0,0.0
2025-06-06 01:10:00+00:00,75.19999694824219,75.19999694824219,75.19999694824219,75.19999694824219,2730,0.0,0.0
2025-06-06 01:15:00+00:00,75.19999694824219,75.5999984741211,75.19999694824219,75.5999984741211,31000,0.0,0.0
2025-06-06 01:20:00+00:00,75.5,75.5999984741211,75.30000305175781,75.30000305175781,25022,0.0,0.0
2025-06-06 01:25:00+00:00,75.30000305175781,75.30000305175781,75.30000305175781,75.30000305175781,4000,0.0,0.0
2025-06-06 01:30:00+00:00,75.30000305175781,75.30000305175781,75.30000305175781,75.30000305175781,16589,0.0,0.0
2025-06-06 01:35:00+00:00,75.30000305175781,75.30000305175781,75.19999694824219,75.30000305175781,32532,0.0,0.0
2025-06-06 01:40:00+00:00,75.4000015258789,75.69999694824219,75.4000015258789,75.5,39012,0.0,0.0
2025-06-06 01:45:00+00:00,75.5,75.69999694824219,75.5,75.69999694824219,44000,0.0,0.0
2025-06-06 01:50:00+00:00,75.69999694824219,75.69999694824219,75.5999984741211,75.5999984741211,7000,0.0,0.0
2025-06-06 01:55:00+00:00,75.5999984741211,75.80000305175781,75.5,75.80000305175781,22100,0.0,0.0
2025-06-06 02:00:00+00:00,75.80000305175781,75.80000305175781,75.5999984741211,75.5999984741211,10003,0.0,0.0
2025-06-06 02:05:00+00:00,75.5999984741211,75.5999984741211,75.5999984741211,75.5999984741211,7000,0.0,0.0
2025-06-06 02:10:00+00:00,75.5999984741211,75.69999694824219,75.5999984741211,75.69999694824219,4200,0.0,0.0
2025-06-06 02:15:00+00:00,75.69999694824219,76.5,75.69999694824219,76.19999694824219,194408,0.0,0.0
2025-06-06 02:20:00+00:00,76.19999694824219,76.4000015258789,76.19999694824219,76.30000305175781,54120,0.0,0.0
2025-06-06 02:25:00+00:00,76.4000015258789,76.4000015258789,76.19999694824219,76.19999694824219,24086,0.0,0.0
2025-06-06 02:30:00+00:00,76.19999694824219,76.19999694824219,76.0,76.0,17390,0.0,0.0
2025-06-06 02:35:00+00:00,76.0,76.0,76.0,76.0,3000,0.0,0.0
2025-06-06 02:40:00+00:00,76.0,76.0,75.9000015258789,75.9000015258789,8030,0.0,0.0
2025-06-06 02:45:00+00:00,75.9000015258789,76.0999984741211,75.5,76.0999984741211,51120,0.0,0.0
2025-06-06 02:50:00+00:00,76.0999984741211,76.0999984741211,76.0,76.0,3000,0.0,0.0
2025-06-06 03:00:00+00:00,76.0,76.0,76.0,76.0,4040,0.0,0.0
2025-06-06 03:05:00+00:00,75.9000015258789,76.0999984741211,75.80000305175781,76.0999984741211,13150,0.0,0.0
2025-06-06 03:10:00+00:00,76.0999984741211,76.0999984741211,76.0999984741211,76.0999984741211,18397,0.0,0.0
2025-06-06 03:15:00+00:00,76.0,76.0,76.0,76.0,2000,0.0,0.0
2025-06-06 03:20:00+00:00,76.0,76.0,76.0,76.0,2000,0.0,0.0
2025-06-06 03:25:00+00:00,76.0,76.0,75.9000015258789,75.9000015258789,14000,0.0,0.0
2025-06-06 03:30:00+00:00,75.9000015258789,75.9000015258789,75.9000015258789,75.9000015258789,4000,0.0,0.0
2025-06-06 03:35:00+00:00,75.69999694824219,75.69999694824219,75.69999694824219,75.69999694824219,12220,0.0,0.0
2025-06-06 03:40:00+00:00,75.5999984741211,75.5999984741211,75.5999984741211,75.5999984741211,9000,0.0,0.0
2025-06-06 03:45:00+00:00,75.5999984741211,75.5999984741211,75.5999984741211,75.5999984741211,2000,0.0,0.0
2025-06-06 03:50:00+00:00,75.5999984741211,75.69999694824219,75.5999984741211,75.69999694824219,5049,0.0,0.0
2025-06-06 03:55:00+00:00,75.69999694824219,75.80000305175781,75.69999694824219,75.80000305175781,4000,0.0,0.0
2025-06-06 04:00:00+00:00,75.80000305175781,75.80000305175781,75.80000305175781,75.80000305175781,4001,0.0,0.0
2025-06-06 04:05:00+00:00,75.80000305175781,75.80000305175781,75.80000305175781,75.80000305175781,7050,0.0,0.0
2025-06-06 04:10:00+00:00,75.80000305175781,75.80000305175781,75.80000305175781,75.80000305175781,2036,0.0,0.0
2025-06-06 04:15:00+00:00,75.69999694824219,75.69999694824219,75.5999984741211,75.5999984741211,7106,0.0,0.0
2025-06-06 04:20:00+00:00,75.5999984741211,75.80000305175781,75.5999984741211,75.80000305175781,5000,0.0,0.0
2025-06-06 04:30:00+00:00,75.69999694824219,75.69999694824219,75.5,75.5,19090,0.0,0.0
2025-06-06 04:35:00+00:00,75.5,75.5999984741211,75.5,75.5999984741211,3000,0.0,0.0
2025-06-06 04:40:00+00:00,75.5999984741211,75.5999984741211,75.5999984741211,75.5999984741211,1000,0.0,0.0
2025-06-06 04:45:00+00:00,75.69999694824219,75.80000305175781,75.69999694824219,75.80000305175781,19000,0.0,0.0
2025-06-06 04:50:00+00:00,75.69999694824219,75.69999694824219,75.69999694824219,75.69999694824219,1001,0.0,0.0
2025-06-06 04:55:00+00:00,75.80000305175781,75.80000305175781,75.80000305175781,75.80000305175781,19100,0.0,0.0
2025-06-06 05:00:00+00:00,75.9000015258789,75.9000015258789,75.80000305175781,75.80000305175781,4000,0.0,0.0
2025-06-06 05:05:00+00:00,76.0,76.0,75.9000015258789,76.0,35000,0.0,0.0
2025-06-06 05:10:00+00:00,76.0,76.0,75.9000015258789,75.9000015258789,12022,0.0,0.0
2025-06-06 05:15:00+00:00,75.9000015258789,75.9000015258789,75.69999694824219,75.9000015258789,38109,0.0,0.0
2025-06-06 05:20:00+00:00,75.80000305175781,75.9000015258789,75.69999694824219,75.69999694824219,14180,0.0,0.0
2025-06-09 01:00:00+00:00,74.0,74.0,72.19999694824219,72.5999984741211,0,0.0,0.0
2025-06-09 01:05:00+00:00,72.80000305175781,72.9000015258789,72.30000305175781,72.5,237000,0.0,0.0
2025-06-09 01:10:00+00:00,72.5,72.5999984741211,72.30000305175781,72.5,206185,0.0,0.0
2025-06-09 01:15:00+00:00,72.5,72.5,71.30000305175781,71.5,449690,0.0,0.0
2025-06-09 01:20:00+00:00,71.5,71.5999984741211,71.19999694824219,71.4000015258789,150277,0.0,0.0
2025-06-09 01:25:00+00:00,71.4000015258789,71.5,71.0,71.0999984741211,146870,0.0,0.0
2025-06-09 01:30:00+00:00,71.0999984741211,71.5,70.80000305175781,71.4000015258789,150981,0.0,0.0
2025-06-09 01:35:00+00:00,71.4000015258789,71.4000015258789,71.0999984741211,71.0999984741211,72855,0.0,0.0
2025-06-09 01:40:00+00:00,71.0999984741211,71.19999694824219,71.0,71.19999694824219,37064,0.0,0.0
2025-06-09 01:45:00+00:00,71.0999984741211,71.0999984741211,70.5,70.5999984741211,163982,0.0,0.0
2025-06-09 01:50:00+00:00,70.5,70.80000305175781,70.30000305175781,70.5999984741211,124066,0.0,0.0
2025-06-09 01:55:00+00:00,70.5999984741211,70.5999984741211,70.5999984741211,70.5999984741211,23677,0.0,0.0
2025-06-09 02:00:00+00:00,70.5999984741211,71.19999694824219,70.5999984741211,71.0999984741211,71000,0.0,0.0
2025-06-09 02:05:00+00:00,71.0,71.0,70.69999694824219,70.69999694824219,42092,0.0,0.0
2025-06-09 02:10:00+00:00,70.80000305175781,71.0,70.69999694824219,71.0,35210,0.0,0.0
2025-06-09 02:15:00+00:00,71.0,71.0,70.9000015258789,70.9000015258789,26615,0.0,0.0
2025-06-09 02:20:00+00:00,71.0,71.4000015258789,70.80000305175781,71.4000015258789,36000,0.0,0.0
2025-06-09 02:25:00+00:00,71.4000015258789,71.4000015258789,71.19999694824219,71.19999694824219,28005,0.0,0.0
2025-06-09 02:30:00+00:00,71.19999694824219,71.4000015258789,71.19999694824219,71.4000015258789,14662,0.0,0.0
2025-06-09 02:35:00+00:00,71.5,71.69999694824219,71.0999984741211,71.5,100100,0.0,0.0
2025-06-09 02:40:00+00:00,71.5999984741211,71.80000305175781,71.5999984741211,71.69999694824219,22430,0.0,0.0
2025-06-09 02:45:00+00:00,71.69999694824219,71.69999694824219,71.5999984741211,71.5999984741211,28018,0.0,0.0
2025-06-09 02:50:00+00:00,71.69999694824219,71.9000015258789,71.69999694824219,71.9000015258789,19528,0.0,0.0
2025-06-09 02:55:00+00:00,71.80000305175781,72.0,71.80000305175781,71.80000305175781,26400,0.0,0.0
2025-06-09 03:00:00+00:00,71.80000305175781,71.9000015258789,71.80000305175781,71.9000015258789,14200,0.0,0.0
2025-06-09 03:05:00+00:00,71.80000305175781,71.80000305175781,71.5999984741211,71.80000305175781,28109,0.0,0.0
2025-06-09 03:10:00+00:00,71.80000305175781,71.80000305175781,71.80000305175781,71.80000305175781,13000,0.0,0.0
2025-06-09 03:15:00+00:00,71.80000305175781,71.80000305175781,71.80000305175781,71.80000305175781,1000,0.0,0.0
2025-06-09 03:20:00+00:00,71.80000305175781,71.80000305175781,71.69999694824219,71.69999694824219,14150,0.0,0.0
2025-06-09 03:25:00+00:00,71.69999694824219,71.69999694824219,71.5,71.5999984741211,23536,0.0,0.0
2025-06-09 03:30:00+00:00,71.69999694824219,71.69999694824219,71.69999694824219,71.69999694824219,3000,0.0,0.0
2025-06-09 03:35:00+00:00,71.80000305175781,71.80000305175781,71.80000305175781,71.80000305175781,2212,0.0,0.0
2025-06-09 03:40:00+00:00,71.80000305175781,72.0,71.80000305175781,71.9000015258789,18137,0.0,0.0
2025-06-09 03:45:00+00:00,71.9000015258789,71.9000015258789,71.9000015258789,71.9000015258789,5000,0.0,0.0
2025-06-09 03:50:00+00:00,71.9000015258789,71.9000015258789,71.9000015258789,71.9000015258789,15000,0.0,0.0
2025-06-09 03:55:00+00:00,71.9000015258789,72.19999694824219,71.9000015258789,72.0999984741211,51000,0.0,0.0
2025-06-09 04:00:00+00:00,72.0999984741211,72.19999694824219,72.0999984741211,72.19999694824219,17010,0.0,0.0
2025-06-09 04:05:00+00:00,72.0999984741211,72.0999984741211,72.0999984741211,72.0999984741211,20000,0.0,0.0
2025-06-09 04:10:00+00:00,72.0999984741211,72.0999984741211,72.0999984741211,72.0999984741211,20500,0.0,0.0
2025-06-09 04:15:00+00:00,72.0999984741211,72.0999984741211,72.0999984741211,72.0999984741211,2000,0.0,0.0
2025-06-09 04:20:00+00:00,72.0999984741211,72.0999984741211,71.9000015258789,71.9000015258789,42008,0.0,0.0
2025-06-09 04:25:00+00:00,71.9000015258789,71.9000015258789,71.9000015258789,71.9000015258789,20200,0.0,0.0
2025-06-09 04:30:00+00:00,71.9000015258789,72.0,71.9000015258789,72.0,10050,0.0,0.0
2025-06-09 04:35:00+00:00,71.9000015258789,71.9000015258789,71.9000015258789,71.9000015258789,12050,0.0,0.0
2025-06-09 04:40:00+00:00,72.0,72.30000305175781,72.0,72.19999694824219,48019,0.0,0.0
2025-06-09 04:45:00+00:00,72.30000305175781,72.5999984741211,72.30000305175781,72.5,69431,0.0,0.0
2025-06-09 04:50:00+00:00,72.5,72.5999984741211,72.5,72.5,27090,0.0,0.0
2025-06-09 04:55:00+00:00,72.5,72.5,72.4000015258789,72.4000015258789,20272,0.0,0.0
2025-06-09 05:00:00+00:00,72.4000015258789,72.5,72.30000305175781,72.5,23236,0.0,0.0
2025-06-09 05:05:00+00:00,72.5,72.5,72.4000015258789,72.5,30229,0.0,0.0
2025-06-09 05:10:00+00:00,72.5,72.5999984741211,72.5,72.5,35050,0.0,0.0
2025-06-09 05:15:00+00:00,72.5,72.5,72.4000015258789,72.5,38179,0.0,0.0
2025-06-09 05:20:00+00:00,72.5,72.5999984741211,72.5,72.5,31080,0.0,0.0
2025-06-10 01:00:00+00:00,72.5,72.5999984741211,72.30000305175781,72.30000305175781,0,0.0,0.0
2025-06-10 01:05:00+00:00,72.5,72.5,72.4000015258789,72.4000015258789,15000,0.0,0.0
2025-06-10 01:10:00+00:00,72.5,72.5,72.5,72.5,51294,0.0,0.0
2025-06-10 01:15:00+00:00,72.5,72.5,72.4000015258789,72.4000015258789,13000,0.0,0.0
2025-06-10 01:20:00+00:00,72.4000015258789,72.5,72.4000015258789,72.5,36000,0.0,0.0
2025-06-10 01:25:00+00:00,72.5,73.0999984741211,72.5,73.0,47150,0.0,0.0
2025-06-10 01:30:00+00:00,73.0,73.30000305175781,72.80000305175781,72.80000305175781,72038,0.0,0.0
2025-06-10 01:35:00+00:00,72.69999694824219,72.69999694824219,72.5,72.5,25450,0.0,0.0
2025-06-10 01:40:00+00:00,72.5,72.69999694824219,72.5,72.69999694824219,16628,0.0,0.0
2025-06-10 01:45:00+00:00,72.69999694824219,72.69999694824219,72.5,72.69999694824219,15361,0.0,0.0
2025-06-10 01:50:00+00:00,72.5999984741211,72.5999984741211,72.5,72.5999984741211,11000,0.0,0.0
2025-06-10 01:55:00+00:00,72.5999984741211,72.5999984741211,72.5999984741211,72.5999984741211,7680,0.0,0.0
2025-06-10 02:00:00+00:00,72.5999984741211,72.5999984741211,72.4000015258789,72.5,19066,0.0,0.0
2025-06-10 02:05:00+00:00,72.5,72.5,72.5,72.5,7150,0.0,0.0
2025-06-10 02:10:00+00:00,72.5,72.69999694824219,72.5,72.69999694824219,26000,0.0,0.0
2025-06-10 02:15:00+00:00,72.69999694824219,72.69999694824219,72.5,72.5,26000,0.0,0.0
2025-06-10 02:20:00+00:00,72.69999694824219,72.80000305175781,72.5,72.5999984741211,23284,0.0,0.0
2025-06-10 02:30:00+00:00,72.5999984741211,72.69999694824219,72.5999984741211,72.69999694824219,3000,0.0,0.0
2025-06-10 02:35:00+00:00,72.69999694824219,72.69999694824219,72.69999694824219,72.69999694824219,8017,0.0,0.0
2025-06-10 02:40:00+00:00,72.69999694824219,72.80000305175781,72.5999984741211,72.69999694824219,31100,0.0,0.0
2025-06-10 02:45:00+00:00,72.69999694824219,72.80000305175781,72.69999694824219,72.80000305175781,8000,0.0,0.0
2025-06-10 02:50:00+00:00,72.69999694824219,72.80000305175781,72.69999694824219,72.80000305175781,4041,0.0,0.0
2025-06-10 02:55:00+00:00,72.80000305175781,72.80000305175781,72.80000305175781,72.80000305175781,3000,0.0,0.0
2025-06-10 03:00:00+00:00,72.69999694824219,72.69999694824219,72.69999694824219,72.69999694824219,5000,0.0,0.0
2025-06-10 03:05:00+00:00,72.69999694824219,72.69999694824219,72.69999694824219,72.69999694824219,1064,0.0,0.0
2025-06-10 03:10:00+00:00,72.5999984741211,72.5999984741211,72.5999984741211,72.5999984741211,16170,0.0,0.0
2025-06-10 03:15:00+00:00,72.5999984741211,72.5999984741211,72.5,72.5999984741211,6000,0.0,0.0
2025-06-10 03:20:00+00:00,72.69999694824219,72.69999694824219,72.69999694824219,72.69999694824219,0,0.0,0.0
2025-06-10 03:25:00+00:00,72.69999694824219,72.69999694824219,72.69999694824219,72.69999694824219,540711,0.0,0.0
2025-06-10 03:30:00+00:00,72.69999694824219,72.69999694824219,72.5,72.69999694824219,57005,0.0,0.0
2025-06-10 03:35:00+00:00,72.69999694824219,72.69999694824219,72.69999694824219,72.69999694824219,5000,0.0,0.0
2025-06-10 03:40:00+00:00,72.69999694824219,72.69999694824219,72.69999694824219,72.69999694824219,1000,0.0,0.0
2025-06-10 03:45:00+00:00,72.69999694824219,72.69999694824219,72.69999694824219,72.69999694824219,18000,0.0,0.0
2025-06-10 03:50:00+00:00,72.69999694824219,72.69999694824219,72.69999694824219,72.69999694824219,4134,0.0,0.0
2025-06-10 03:55:00+00:00,72.69999694824219,72.69999694824219,72.69999694824219,72.69999694824219,4000,0.0,0.0
2025-06-10 04:00:00+00:00,72.69999694824219,72.69999694824219,72.69999694824219,72.69999694824219,3300,0.0,0.0
2025-06-10 04:05:00+00:00,72.69999694824219,72.69999694824219,72.69999694824219,72.69999694824219,7000,0.0,0.0
2025-06-10 04:10:00+00:00,72.80000305175781,72.80000305175781,72.80000305175781,72.80000305175781,6101,0.0,0.0
2025-06-10 04:15:00+00:00,72.80000305175781,72.80000305175781,72.69999694824219,72.69999694824219,3000,0.0,0.0
2025-06-10 04:20:00+00:00,72.69999694824219,72.69999694824219,72.69999694824219,72.69999694824219,3662,0.0,0.0
2025-06-10 04:30:00+00:00,72.69999694824219,72.69999694824219,72.69999694824219,72.69999694824219,8127,0.0,0.0
2025-06-10 04:35:00+00:00,72.69999694824219,72.69999694824219,72.69999694824219,72.69999694824219,5000,0.0,0.0
2025-06-10 04:40:00+00:00,72.5999984741211,72.69999694824219,72.5999984741211,72.69999694824219,10150,0.0,0.0
2025-06-10 04:50:00+00:00,72.80000305175781,72.80000305175781,72.69999694824219,72.80000305175781,22000,0.0,0.0
2025-06-10 04:55:00+00:00,72.80000305175781,73.0999984741211,72.80000305175781,73.0999984741211,43073,0.0,0.0
2025-06-10 05:00:00+00:00,73.0,73.19999694824219,73.0,73.19999694824219,16250,0.0,0.0
2025-06-10 05:05:00+00:00,73.0999984741211,73.0999984741211,73.0999984741211,73.0999984741211,5400,0.0,0.0
2025-06-10 05:10:00+00:00,73.0,73.0,72.9000015258789,73.0,13000,0.0,0.0
2025-06-10 05:15:00+00:00,73.0,73.0,72.9000015258789,72.9000015258789,13003,0.0,0.0
2025-06-10 05:20:00+00:00,72.80000305175781,72.9000015258789,72.69999694824219,72.9000015258789,44571,0.0,0.0
2025-06-11 01:00:00+00:00,73.30000305175781,73.30000305175781,73.30000305175781,73.30000305175781,0,0.0,0.0
2025-06-11 01:05:00+00:00,73.0,73.0,72.9000015258789,73.0,32000,0.0,0.0
2025-06-11 01:10:00+00:00,73.0,73.0,72.80000305175781,72.80000305175781,7005,0.0,0.0
2025-06-11 01:15:00+00:00,73.0,73.0,72.9000015258789,72.9000015258789,17570,0.0,0.0
2025-06-11 01:25:00+00:00,73.0999984741211,73.0999984741211,73.0,73.0,16793,0.0,0.0
2025-06-11 01:30:00+00:00,73.0,73.0,72.9000015258789,72.9000015258789,10039,0.0,0.0
2025-06-11 01:35:00+00:00,73.0,73.0,72.9000015258789,72.9000015258789,18000,0.0,0.0
2025-06-11 01:40:00+00:00,72.9000015258789,73.0,72.9000015258789,73.0,27100,0.0,0.0
2025-06-11 01:45:00+00:00,73.0999984741211,73.0999984741211,73.0,73.0,13100,0.0,0.0
2025-06-11 01:50:00+00:00,73.0,73.0999984741211,73.0,73.0999984741211,9000,0.0,0.0
2025-06-11 01:55:00+00:00,73.0999984741211,73.0999984741211,73.0999984741211,73.0999984741211,2722,0.0,0.0
2025-06-11 02:00:00+00:00,73.0999984741211,73.30000305175781,73.0999984741211,73.30000305175781,16300,0.0,0.0
2025-06-11 02:05:00+00:00,73.19999694824219,73.19999694824219,73.0999984741211,73.0999984741211,3200,0.0,0.0
2025-06-11 02:10:00+00:00,73.30000305175781,73.30000305175781,73.0999984741211,73.0999984741211,32000,0.0,0.0
2025-06-11 02:15:00+00:00,73.19999694824219,73.5,73.19999694824219,73.5,22766,0.0,0.0
2025-06-11 02:20:00+00:00,73.5,73.5,73.4000015258789,73.4000015258789,20000,0.0,0.0
2025-06-11 02:25:00+00:00,73.4000015258789,73.9000015258789,73.30000305175781,73.69999694824219,66272,0.0,0.0
2025-06-11 02:30:00+00:00,73.69999694824219,73.80000305175781,73.69999694824219,73.80000305175781,18014,0.0,0.0
2025-06-11 02:35:00+00:00,73.80000305175781,74.19999694824219,73.80000305175781,74.0999984741211,75738,0.0,0.0
2025-06-11 02:40:00+00:00,74.0999984741211,74.0999984741211,74.0,74.0999984741211,13058,0.0,0.0
2025-06-11 02:45:00+00:00,74.0999984741211,74.4000015258789,74.0999984741211,74.19999694824219,35108,0.0,0.0
2025-06-11 02:50:00+00:00,74.30000305175781,74.30000305175781,74.19999694824219,74.19999694824219,10150,0.0,0.0
2025-06-11 02:55:00+00:00,74.19999694824219,74.19999694824219,74.0,74.0,17000,0.0,0.0
2025-06-11 03:00:00+00:00,74.0,74.5,74.0,74.5,152845,0.0,0.0
2025-06-11 03:05:00+00:00,74.4000015258789,74.5999984741211,74.4000015258789,74.5999984741211,28230,0.0,0.0
2025-06-11 03:10:00+00:00,74.5,74.5,74.4000015258789,74.5,17008,0.0,0.0
2025-06-11 03:15:00+00:00,74.5,74.5,74.4000015258789,74.5,32000,0.0,0.0
2025-06-11 03:20:00+00:00,74.4000015258789,74.5,74.4000015258789,74.5,3110,0.0,0.0
2025-06-11 03:25:00+00:00,74.5,74.5,74.4000015258789,74.4000015258789,27189,0.0,0.0
2025-06-11 03:30:00+00:00,74.4000015258789,74.5,74.4000015258789,74.5,4125,0.0,0.0
2025-06-11 03:35:00+00:00,74.5,74.5,74.4000015258789,74.4000015258789,4200,0.0,0.0
2025-06-11 03:40:00+00:00,74.4000015258789,74.4000015258789,74.4000015258789,74.4000015258789,5000,0.0,0.0
2025-06-11 03:45:00+00:00,74.30000305175781,74.4000015258789,74.30000305175781,74.4000015258789,13000,0.0,0.0
2025-06-11 03:50:00+00:00,74.4000015258789,74.5,74.4000015258789,74.5,27058,0.0,0.0
2025-06-11 03:55:00+00:00,74.4000015258789,74.4000015258789,74.4000015258789,74.4000015258789,5152,0.0,0.0
2025-06-11 04:00:00+00:00,74.4000015258789,74.5,74.4000015258789,74.5,6000,0.0,0.0
2025-06-11 04:05:00+00:00,74.5,74.5,74.5,74.5,1000,0.0,0.0
2025-06-11 04:10:00+00:00,74.30000305175781,74.30000305175781,74.30000305175781,74.30000305175781,1100,0.0,0.0
2025-06-11 04:15:00+00:00,74.30000305175781,74.4000015258789,74.30000305175781,74.4000015258789,5000,0.0,0.0
2025-06-11 04:20:00+00:00,74.4000015258789,74.4000015258789,74.4000015258789,74.4000015258789,1020,0.0,0.0
2025-06-11 04:25:00+00:00,74.30000305175781,74.30000305175781,74.19999694824219,74.19999694824219,6031,0.0,0.0
2025-06-11 04:30:00+00:00,74.19999694824219,74.19999694824219,74.19999694824219,74.19999694824219,6349,0.0,0.0
2025-06-11 04:35:00+00:00,74.0999984741211,74.19999694824219,74.0999984741211,74.0999984741211,8100,0.0,0.0
2025-06-11 04:40:00+00:00,74.0999984741211,74.0999984741211,74.0,74.0,10110,0.0,0.0
2025-06-12 01:00:00+00:00,74.0,74.0999984741211,73.69999694824219,73.69999694824219,30000,0.0,0.0
2025-06-12 01:05:00+00:00,73.80000305175781,73.80000305175781,73.5,73.5999984741211,23000,0.0,0.0
2025-06-12 01:10:00+00:00,73.9000015258789,74.19999694824219,73.9000015258789,74.19999694824219,11000,0.0,0.0
2025-06-12 01:15:00+00:00,74.0999984741211,74.0999984741211,74.0,74.0,6000,0.0,0.0
2025-06-12 01:20:00+00:00,74.0,74.0,74.0,74.0,7250,0.0,0.0
2025-06-12 01:25:00+00:00,74.0,74.30000305175781,74.0,74.30000305175781,24000,0.0,0.0
2025-06-12 01:30:00+00:00,74.30000305175781,74.5999984741211,74.30000305175781,74.5999984741211,25300,0.0,0.0
2025-06-12 01:35:00+00:00,74.5999984741211,74.80000305175781,74.5999984741211,74.80000305175781,18000,0.0,0.0
2025-06-12 01:40:00+00:00,74.80000305175781,76.4000015258789,74.80000305175781,76.19999694824219,196246,0.0,0.0
2025-06-12 01:45:00+00:00,76.19999694824219,76.19999694824219,75.80000305175781,75.9000015258789,99400,0.0,0.0
2025-06-12 01:50:00+00:00,75.9000015258789,76.0,75.9000015258789,76.0,95818,0.0,0.0
2025-06-12 01:55:00+00:00,76.0,77.5,76.0,76.69999694824219,447987,0.0,0.0
2025-06-12 02:00:00+00:00,76.69999694824219,76.69999694824219,76.30000305175781,76.4000015258789,62828,0.0,0.0
2025-06-12 02:05:00+00:00,76.4000015258789,76.5,75.80000305175781,76.0999984741211,65511,0.0,0.0
2025-06-12 02:10:00+00:00,76.0999984741211,76.30000305175781,76.0999984741211,76.19999694824219,22001,0.0,0.0
2025-06-12 02:15:00+00:00,76.19999694824219,76.19999694824219,76.0999984741211,76.19999694824219,9032,0.0,0.0
2025-06-12 02:20:00+00:00,76.19999694824219,76.19999694824219,75.9000015258789,76.0,44152,0.0,0.0
2025-06-12 02:25:00+00:00,76.0,76.5,76.0,76.30000305175781,57933,0.0,0.0
2025-06-12 02:30:00+00:00,76.19999694824219,76.19999694824219,76.0,76.0,43600,0.0,0.0
2025-06-12 02:35:00+00:00,76.0,76.0,76.0,76.0,3000,0.0,0.0
2025-06-12 02:40:00+00:00,76.0,76.19999694824219,76.0,76.19999694824219,6000,0.0,0.0
2025-06-12 02:45:00+00:00,76.19999694824219,76.19999694824219,76.0,76.0999984741211,17300,0.0,0.0
2025-06-12 02:50:00+00:00,76.0999984741211,76.30000305175781,76.0999984741211,76.30000305175781,9160,0.0,0.0
2025-06-12 02:55:00+00:00,76.4000015258789,76.4000015258789,76.0999984741211,76.30000305175781,22011,0.0,0.0
2025-06-12 03:00:00+00:00,76.30000305175781,76.5,76.19999694824219,76.5,30174,0.0,0.0
2025-06-12 03:05:00+00:00,76.5,76.5,76.5,76.5,9252,0.0,0.0
2025-06-12 03:10:00+00:00,76.4000015258789,76.4000015258789,76.4000015258789,76.4000015258789,13020,0.0,0.0
2025-06-12 03:15:00+00:00,76.4000015258789,76.4000015258789,76.30000305175781,76.30000305175781,8000,0.0,0.0
2025-06-12 03:25:00+00:00,76.30000305175781,76.4000015258789,76.30000305175781,76.4000015258789,4156,0.0,0.0
2025-06-12 03:30:00+00:00,76.30000305175781,76.5,76.30000305175781,76.30000305175781,0,0.0,0.0
2025-06-12 03:35:00+00:00,76.4000015258789,76.5999984741211,76.4000015258789,76.5999984741211,1461259,0.0,0.0
2025-06-12 03:40:00+00:00,76.5999984741211,76.69999694824219,76.5999984741211,76.69999694824219,27403,0.0,0.0
2025-06-12 03:45:00+00:00,76.69999694824219,77.4000015258789,76.69999694824219,77.30000305175781,218786,0.0,0.0
2025-06-12 03:50:00+00:00,77.19999694824219,77.80000305175781,77.0999984741211,77.69999694824219,187184,0.0,0.0
2025-06-12 03:55:00+00:00,77.69999694824219,77.69999694824219,77.30000305175781,77.4000015258789,92179,0.0,0.0
2025-06-12 04:00:00+00:00,77.4000015258789,77.5,77.30000305175781,77.30000305175781,48054,0.0,0.0
2025-06-12 04:05:00+00:00,77.30000305175781,77.4000015258789,77.0999984741211,77.0999984741211,72358,0.0,0.0
2025-06-12 04:10:00+00:00,77.0999984741211,77.19999694824219,77.0999984741211,77.0999984741211,16260,0.0,0.0
2025-06-12 04:15:00+00:00,77.19999694824219,77.4000015258789,77.0999984741211,77.4000015258789,42699,0.0,0.0
2025-06-12 04:20:00+00:00,77.4000015258789,77.5,77.0999984741211,77.0999984741211,16202,0.0,0.0
2025-06-12 04:25:00+00:00,77.0999984741211,77.0999984741211,77.0999984741211,77.0999984741211,13051,0.0,0.0
2025-06-12 04:30:00+00:00,77.0999984741211,77.0999984741211,77.0,77.0,52552,0.0,0.0
2025-06-12 04:35:00+00:00,77.0,77.0,76.9000015258789,77.0,32108,0.0,0.0
2025-06-12 04:40:00+00:00,77.0,77.0,76.9000015258789,77.0,41030,0.0,0.0
2025-06-12 04:45:00+00:00,76.9000015258789,76.9000015258789,76.80000305175781,76.80000305175781,6350,0.0,0.0
2025-06-12 04:50:00+00:00,76.80000305175781,77.0,76.80000305175781,76.80000305175781,16800,0.0,0.0
2025-06-12 04:55:00+00:00,76.80000305175781,76.80000305175781,76.80000305175781,76.80000305175781,14022,0.0,0.0
2025-06-12 05:00:00+00:00,76.80000305175781,76.9000015258789,76.80000305175781,76.80000305175781,13412,0.0,0.0
2025-06-12 05:05:00+00:00,76.69999694824219,76.80000305175781,76.69999694824219,76.80000305175781,22125,0.0,0.0
2025-06-12 05:10:00+00:00,76.69999694824219,77.0,76.69999694824219,77.0,24090,0.0,0.0
2025-06-12 05:15:00+00:00,77.0,77.0,76.9000015258789,77.0,31024,0.0,0.0
2025-06-12 05:20:00+00:00,77.0,77.0999984741211,76.9000015258789,77.0,79409,0.0,0.0
2025-06-13 01:00:00+00:00,76.19999694824219,76.19999694824219,75.19999694824219,76.0,124000,0.0,0.0
2025-06-13 01:05:00+00:00,76.0999984741211,76.19999694824219,76.0,76.0,40319,0.0,0.0
2025-06-13 01:10:00+00:00,76.0,76.19999694824219,75.9000015258789,76.0,37325,0.0,0.0
2025-06-13 01:15:00+00:00,76.0,76.0,75.5,75.5999984741211,39010,0.0,0.0
2025-06-13 01:20:00+00:00,75.5999984741211,75.80000305175781,75.5999984741211,75.69999694824219,28775,0.0,0.0
2025-06-13 01:25:00+00:00,75.5999984741211,75.5999984741211,75.30000305175781,75.5,49131,0.0,0.0
2025-06-13 01:30:00+00:00,75.5,75.5999984741211,75.5,75.5999984741211,4001,0.0,0.0
2025-06-13 01:35:00+00:00,75.69999694824219,75.9000015258789,75.69999694824219,75.9000015258789,22080,0.0,0.0
2025-06-13 01:40:00+00:00,75.9000015258789,75.9000015258789,75.69999694824219,75.69999694824219,13060,0.0,0.0
2025-06-13 01:45:00+00:00,75.69999694824219,75.69999694824219,75.69999694824219,75.69999694824219,6000,0.0,0.0
2025-06-13 01:50:00+00:00,75.69999694824219,75.69999694824219,75.5999984741211,75.5999984741211,7050,0.0,0.0
2025-06-13 01:55:00+00:00,75.80000305175781,75.80000305175781,75.80000305175781,75.80000305175781,2200,0.0,0.0
2025-06-13 02:00:00+00:00,75.9000015258789,76.0,75.9000015258789,76.0,18222,0.0,0.0
2025-06-13 02:05:00+00:00,76.0,76.0,75.80000305175781,75.80000305175781,20000,0.0,0.0
2025-06-13 02:10:00+00:00,75.80000305175781,75.9000015258789,75.69999694824219,75.69999694824219,40361,0.0,0.0
2025-06-13 02:15:00+00:00,75.80000305175781,76.0,75.80000305175781,76.0,14000,0.0,0.0
2025-06-13 02:20:00+00:00,76.0,76.0,75.5,75.5,61329,0.0,0.0
2025-06-13 02:25:00+00:00,75.5,75.5999984741211,75.5,75.5999984741211,8090,0.0,0.0
2025-06-13 02:30:00+00:00,75.5999984741211,75.5999984741211,75.30000305175781,75.30000305175781,58724,0.0,0.0
2025-06-13 02:35:00+00:00,75.30000305175781,75.30000305175781,75.0999984741211,75.0999984741211,59688,0.0,0.0
2025-06-13 02:40:00+00:00,75.0999984741211,76.0,75.0999984741211,76.0,82170,0.0,0.0
2025-06-13 02:45:00+00:00,75.5,75.5,75.19999694824219,75.19999694824219,11000,0.0,0.0
2025-06-13 02:50:00+00:00,75.30000305175781,75.4000015258789,75.30000305175781,75.4000015258789,6000,0.0,0.0
2025-06-13 02:55:00+00:00,75.19999694824219,75.19999694824219,75.0999984741211,75.0999984741211,9055,0.0,0.0
2025-06-13 03:00:00+00:00,75.19999694824219,75.19999694824219,75.0999984741211,75.0999984741211,15177,0.0,0.0
2025-06-13 03:05:00+00:00,75.0999984741211,75.19999694824219,75.0,75.0,82878,0.0,0.0
2025-06-13 03:10:00+00:00,75.0,75.0,74.9000015258789,74.9000015258789,13000,0.0,0.0
2025-06-13 03:15:00+00:00,74.9000015258789,75.0,74.9000015258789,75.0,17073,0.0,0.0
2025-06-13 03:20:00+00:00,75.0,75.0,75.0,75.0,8000,0.0,0.0
2025-06-13 03:25:00+00:00,75.0,75.0999984741211,75.0,75.0999984741211,20014,0.0,0.0
2025-06-13 03:30:00+00:00,75.0,75.0999984741211,75.0,75.0999984741211,26014,0.0,0.0
2025-06-13 03:35:00+00:00,75.0999984741211,75.0999984741211,75.0999984741211,75.0999984741211,1000,0.0,0.0
2025-06-13 03:40:00+00:00,75.0999984741211,75.0999984741211,75.0,75.0,21050,0.0,0.0
2025-06-13 03:45:00+00:00,75.0,75.19999694824219,75.0,75.19999694824219,24000,0.0,0.0
2025-06-13 03:50:00+00:00,75.19999694824219,75.19999694824219,75.19999694824219,75.19999694824219,3000,0.0,0.0
2025-06-13 03:55:00+00:00,75.19999694824219,75.19999694824219,75.19999694824219,75.19999694824219,2083,0.0,0.0
2025-06-13 04:00:00+00:00,75.0999984741211,75.0999984741211,75.0999984741211,75.0999984741211,8234,0.0,0.0
2025-06-13 04:05:00+00:00,75.0,75.0,75.0,75.0,1000,0.0,0.0
2025-06-13 04:10:00+00:00,75.0,75.0,74.9000015258789,74.9000015258789,32378,0.0,0.0
2025-06-13 04:15:00+00:00,74.9000015258789,75.0,74.9000015258789,74.9000015258789,13000,0.0,0.0
2025-06-13 04:20:00+00:00,74.9000015258789,74.9000015258789,74.9000015258789,74.9000015258789,10000,0.0,0.0
2025-06-13 04:25:00+00:00,74.9000015258789,75.0999984741211,74.9000015258789,74.9000015258789,22200,0.0,0.0
2025-06-13 04:35:00+00:00,74.9000015258789,74.9000015258789,74.9000015258789,74.9000015258789,9000,0.0,0.0
2025-06-13 04:40:00+00:00,74.9000015258789,75.0,74.9000015258789,75.0,16000,0.0,0.0
2025-06-13 04:45:00+00:00,75.0,75.0,75.0,75.0,17071,0.0,0.0
2025-06-13 04:50:00+00:00,75.0,75.0999984741211,75.0,75.0999984741211,7024,0.0,0.0
2025-06-13 04:55:00+00:00,75.0999984741211,75.30000305175781,75.0999984741211,75.30000305175781,5200,0.0,0.0
2025-06-13 05:00:00+00:00,75.19999694824219,75.19999694824219,75.19999694824219,75.19999694824219,4178,0.0,0.0
2025-06-13 05:05:00+00:00,75.19999694824219,75.19999694824219,75.0,75.0,14076,0.0,0.0
2025-06-13 05:10:00+00:00,74.9000015258789,75.0,74.9000015258789,75.0,3156,0.0,0.0
2025-06-13 05:15:00+00:00,75.0,75.0,74.80000305175781,74.80000305175781,56274,0.0,0.0
2025-06-13 05:20:00+00:00,74.80000305175781,75.0,74.80000305175781,74.80000305175781,24675,0.0,0.0
2025-06-16 01:00:00+00:00,74.80000305175781,74.80000305175781,73.30000305175781,73.9000015258789,0,0.0,0.0
2025-06-16 01:05:00+00:00,73.9000015258789,73.9000015258789,73.5,73.5,55000,0.0,0.0
2025-06-16 01:10:00+00:00,73.5,73.9000015258789,73.4000015258789,73.69999694824219,31680,0.0,0.0
2025-06-16 01:15:00+00:00,73.69999694824219,73.80000305175781,73.5,73.5,41976,0.0,0.0
2025-06-16 01:20:00+00:00,73.5,73.5999984741211,73.0999984741211,73.19999694824219,105872,0.0,0.0
2025-06-16 01:25:00+00:00,73.0999984741211,73.0999984741211,72.9000015258789,73.0,66319,0.0,0.0
2025-06-16 01:30:00+00:00,73.0,73.19999694824219,73.0,73.0999984741211,29099,0.0,0.0
2025-06-16 01:35:00+00:00,73.19999694824219,73.30000305175781,73.0,73.0,35802,0.0,0.0
2025-06-16 01:40:00+00:00,73.0,73.0,72.9000015258789,73.0,17356,0.0,0.0
2025-06-16 01:45:00+00:00,73.0999984741211,73.19999694824219,73.0999984741211,73.0999984741211,17200,0.0,0.0
2025-06-16 01:50:00+00:00,73.0999984741211,73.5,73.0999984741211,73.30000305175781,20138,0.0,0.0
2025-06-16 01:55:00+00:00,73.30000305175781,73.30000305175781,73.30000305175781,73.30000305175781,2310,0.0,0.0
2025-06-16 02:00:00+00:00,73.19999694824219,73.19999694824219,72.9000015258789,72.9000015258789,64136,0.0,0.0
2025-06-16 02:05:00+00:00,73.0,73.0,72.9000015258789,73.0,23088,0.0,0.0
2025-06-16 02:10:00+00:00,73.0,73.0,73.0,73.0,8273,0.0,0.0
2025-06-16 02:15:00+00:00,73.0,73.0,72.9000015258789,73.0,12020,0.0,0.0
2025-06-16 02:20:00+00:00,73.0,73.0,72.69999694824219,72.80000305175781,74970,0.0,0.0
2025-06-16 02:25:00+00:00,72.80000305175781,72.80000305175781,72.69999694824219,72.69999694824219,18000,0.0,0.0
2025-06-16 02:30:00+00:00,72.80000305175781,72.80000305175781,72.69999694824219,72.80000305175781,15000,0.0,0.0
2025-06-16 02:35:00+00:00,72.80000305175781,72.80000305175781,72.80000305175781,72.80000305175781,5000,0.0,0.0
2025-06-16 02:40:00+00:00,72.80000305175781,72.80000305175781,72.80000305175781,72.80000305175781,7030,0.0,0.0
2025-06-16 02:45:00+00:00,72.80000305175781,72.9000015258789,72.80000305175781,72.80000305175781,14193,0.0,0.0
2025-06-16 02:50:00+00:00,72.69999694824219,72.69999694824219,72.5999984741211,72.69999694824219,60002,0.0,0.0
2025-06-16 02:55:00+00:00,72.69999694824219,72.69999694824219,72.69999694824219,72.69999694824219,2000,0.0,0.0
2025-06-16 03:00:00+00:00,72.80000305175781,72.9000015258789,72.80000305175781,72.9000015258789,6230,0.0,0.0
2025-06-16 03:05:00+00:00,73.0,73.0999984741211,73.0,73.0999984741211,9020,0.0,0.0
2025-06-16 03:10:00+00:00,73.0999984741211,73.0999984741211,73.0,73.0,5134,0.0,0.0
2025-06-16 03:20:00+00:00,73.0,73.19999694824219,73.0,73.19999694824219,8130,0.0,0.0
2025-06-16 03:25:00+00:00,73.0999984741211,73.0999984741211,73.0999984741211,73.0999984741211,3186,0.0,0.0
2025-06-16 03:35:00+00:00,73.19999694824219,73.4000015258789,73.19999694824219,73.30000305175781,12000,0.0,0.0
2025-06-16 03:40:00+00:00,73.30000305175781,73.5,73.30000305175781,73.5,18000,0.0,0.0
2025-06-16 03:45:00+00:00,73.5,73.5,73.5,73.5,2005,0.0,0.0
2025-06-16 03:50:00+00:00,73.5,73.5,73.30000305175781,73.30000305175781,9000,0.0,0.0
2025-06-16 03:55:00+00:00,73.30000305175781,73.30000305175781,73.30000305175781,73.30000305175781,1005,0.0,0.0
2025-06-16 04:00:00+00:00,73.30000305175781,73.30000305175781,73.30000305175781,73.30000305175781,5025,0.0,0.0
2025-06-16 04:05:00+00:00,73.30000305175781,73.69999694824219,73.30000305175781,73.69999694824219,17070,0.0,0.0
2025-06-16 04:10:00+00:00,73.69999694824219,73.69999694824219,73.69999694824219,73.69999694824219,5100,0.0,0.0
2025-06-16 04:15:00+00:00,73.5999984741211,73.69999694824219,73.5999984741211,73.69999694824219,5000,0.0,0.0
2025-06-16 04:20:00+00:00,73.80000305175781,73.80000305175781,73.80000305175781,73.80000305175781,7000,0.0,0.0
2025-06-16 04:25:00+00:00,73.80000305175781,73.80000305175781,73.5,73.5,24145,0.0,0.0
2025-06-16 04:30:00+00:00,73.5,73.5999984741211,73.5,73.5999984741211,2085,0.0,0.0
2025-06-16 04:35:00+00:00,73.5999984741211,73.5999984741211,73.5999984741211,73.5999984741211,2051,0.0,0.0
2025-06-16 04:40:00+00:00,73.5,73.5,73.5,73.5,10000,0.0,0.0
2025-06-16 04:45:00+00:00,73.5,73.5,73.4000015258789,73.4000015258789,5017,0.0,0.0
2025-06-16 04:50:00+00:00,73.4000015258789,73.5999984741211,73.4000015258789,73.5999984741211,18012,0.0,0.0
2025-06-16 04:55:00+00:00,73.69999694824219,74.19999694824219,73.5999984741211,73.80000305175781,64315,0.0,0.0
2025-06-16 05:00:00+00:00,73.80000305175781,73.9000015258789,73.80000305175781,73.9000015258789,7042,0.0,0.0
2025-06-16 05:05:00+00:00,73.9000015258789,73.9000015258789,73.69999694824219,73.69999694824219,7017,0.0,0.0
2025-06-16 05:10:00+00:00,73.80000305175781,73.9000015258789,73.80000305175781,73.9000015258789,5020,0.0,0.0
2025-06-16 05:15:00+00:00,73.9000015258789,73.9000015258789,73.80000305175781,73.80000305175781,11105,0.0,0.0
2025-06-16 05:20:00+00:00,73.80000305175781,74.30000305175781,73.80000305175781,74.0999984741211,39258,0.0,0.0
2025-06-17 01:00:00+00:00,74.0999984741211,74.5,74.0999984741211,74.30000305175781,0,0.0,0.0
2025-06-17 01:05:00+00:00,74.19999694824219,74.5999984741211,74.19999694824219,74.5,36122,0.0,0.0
2025-06-17 01:10:00+00:00,74.5999984741211,74.5999984741211,74.4000015258789,74.5999984741211,10060,0.0,0.0
2025-06-17 01:15:00+00:00,74.5,74.5,74.30000305175781,74.30000305175781,16111,0.0,0.0
2025-06-17 01:20:00+00:00,74.5,74.5999984741211,74.5,74.5,30300,0.0,0.0
2025-06-17 01:25:00+00:00,74.5,74.5,74.5,74.5,2000,0.0,0.0
2025-06-17 01:30:00+00:00,74.4000015258789,74.4000015258789,74.4000015258789,74.4000015258789,6111,0.0,0.0
2025-06-17 01:35:00+00:00,74.4000015258789,74.4000015258789,74.4000015258789,74.4000015258789,3000,0.0,0.0
2025-06-17 01:40:00+00:00,74.4000015258789,74.4000015258789,74.4000015258789,74.4000015258789,11000,0.0,0.0
2025-06-17 01:45:00+00:00,74.4000015258789,74.5,74.4000015258789,74.4000015258789,7090,0.0,0.0
2025-06-17 01:50:00+00:00,74.30000305175781,74.30000305175781,74.30000305175781,74.30000305175781,2000,0.0,0.0
2025-06-17 01:55:00+00:00,74.30000305175781,74.30000305175781,74.0999984741211,74.19999694824219,20032,0.0,0.0
2025-06-17 02:00:00+00:00,74.0999984741211,74.0999984741211,74.0,74.0,14123,0.0,0.0
2025-06-17 02:05:00+00:00,74.0999984741211,74.0999984741211,74.0,74.0,3074,0.0,0.0
2025-06-17 02:10:00+00:00,74.0,74.0,73.80000305175781,73.80000305175781,15411,0.0,0.0
2025-06-17 02:15:00+00:00,73.80000305175781,73.80000305175781,73.80000305175781,73.80000305175781,4137,0.0,0.0
2025-06-17 02:20:00+00:00,73.69999694824219,73.69999694824219,73.5999984741211,73.5999984741211,17000,0.0,0.0
2025-06-17 02:25:00+00:00,73.5999984741211,73.69999694824219,73.5999984741211,73.69999694824219,6011,0.0,0.0
2025-06-17 02:30:00+00:00,73.69999694824219,73.69999694824219,73.69999694824219,73.69999694824219,2016,0.0,0.0
2025-06-17 02:35:00+00:00,73.69999694824219,73.69999694824219,73.69999694824219,73.69999694824219,2000,0.0,0.0
2025-06-17 02:40:00+00:00,73.69999694824219,73.69999694824219,73.5999984741211,73.69999694824219,5245,0.0,0.0
2025-06-17 02:45:00+00:00,73.69999694824219,73.69999694824219,73.69999694824219,73.69999694824219,2000,0.0,0.0
2025-06-17 02:50:00+00:00,73.80000305175781,74.0,73.80000305175781,74.0,2000,0.0,0.0
2025-06-17 02:55:00+00:00,73.80000305175781,74.0,73.80000305175781,74.0,4049,0.0,0.0
2025-06-17 03:00:00+00:00,74.0,74.0,73.9000015258789,73.9000015258789,8215,0.0,0.0
2025-06-17 03:05:00+00:00,73.9000015258789,74.0,73.9000015258789,74.0,12540,0.0,0.0
2025-06-17 03:15:00+00:00,74.0,74.0999984741211,73.9000015258789,73.9000015258789,16000,0.0,0.0
2025-06-17 03:20:00+00:00,73.9000015258789,73.9000015258789,73.9000015258789,73.9000015258789,2000,0.0,0.0
2025-06-17 03:25:00+00:00,73.80000305175781,73.80000305175781,73.80000305175781,73.80000305175781,2112,0.0,0.0
2025-06-17 03:30:00+00:00,73.80000305175781,73.80000305175781,73.80000305175781,73.80000305175781,8005,0.0,0.0
2025-06-17 03:35:00+00:00,73.9000015258789,73.9000015258789,73.9000015258789,73.9000015258789,1000,0.0,0.0
2025-06-17 03:45:00+00:00,73.69999694824219,73.69999694824219,73.4000015258789,73.4000015258789,70016,0.0,0.0
2025-06-17 03:50:00+00:00,73.4000015258789,73.4000015258789,73.4000015258789,73.4000015258789,4000,0.0,0.0
2025-06-17 03:55:00+00:00,73.4000015258789,73.4000015258789,73.4000015258789,73.4000015258789,2030,0.0,0.0
2025-06-17 04:00:00+00:00,73.5,73.5,73.5,73.5,14000,0.0,0.0
2025-06-17 04:05:00+00:00,73.5,73.5,73.4000015258789,73.4000015258789,26000,0.0,0.0
2025-06-17 04:10:00+00:00,73.4000015258789,73.4000015258789,73.4000015258789,73.4000015258789,3060,0.0,0.0
2025-06-17 04:15:00+00:00,73.5,73.5,73.5,73.5,3330,0.0,0.0
2025-06-17 04:20:00+00:00,73.4000015258789,73.4000015258789,73.30000305175781,73.30000305175781,27249,0.0,0.0
2025-06-17 04:25:00+00:00,73.30000305175781,73.5,73.19999694824219,73.5,30000,0.0,0.0
2025-06-17 04:30:00+00:00,73.30000305175781,73.4000015258789,73.30000305175781,73.4000015258789,6033,0.0,0.0
2025-06-17 04:35:00+00:00,73.30000305175781,73.30000305175781,73.19999694824219,73.19999694824219,2000,0.0,0.0
2025-06-17 04:40:00+00:00,73.30000305175781,73.5,73.30000305175781,73.5,40062,0.0,0.0
2025-06-17 04:45:00+00:00,73.4000015258789,73.5999984741211,73.4000015258789,73.4000015258789,20000,0.0,0.0
2025-06-17 04:50:00+00:00,73.30000305175781,73.5,73.30000305175781,73.4000015258789,38010,0.0,0.0
2025-06-17 04:55:00+00:00,73.5,73.5,73.5,73.5,6128,0.0,0.0
2025-06-17 05:00:00+00:00,73.5,73.69999694824219,73.5,73.69999694824219,16073,0.0,0.0
2025-06-17 05:05:00+00:00,73.69999694824219,73.69999694824219,73.69999694824219,73.69999694824219,1005,0.0,0.0
2025-06-17 05:10:00+00:00,73.5999984741211,73.5999984741211,73.5999984741211,73.5999984741211,3000,0.0,0.0
2025-06-17 05:15:00+00:00,73.5999984741211,73.5999984741211,73.4000015258789,73.5,18120,0.0,0.0
2025-06-17 05:20:00+00:00,73.4000015258789,73.5999984741211,73.4000015258789,73.4000015258789,26038,0.0,0.0
2025-06-18 01:00:00+00:00,74.19999694824219,74.19999694824219,73.80000305175781,73.9000015258789,15000,0.0,0.0
2025-06-18 01:05:00+00:00,73.69999694824219,74.80000305175781,73.69999694824219,74.4000015258789,77036,0.0,0.0
2025-06-18 01:10:00+00:00,74.30000305175781,74.30000305175781,74.0,74.0,14236,0.0,0.0
2025-06-18 01:15:00+00:00,73.9000015258789,74.0,73.9000015258789,74.0,6178,0.0,0.0
2025-06-18 01:20:00+00:00,74.0,74.0,73.9000015258789,74.0,7200,0.0,0.0
2025-06-18 01:25:00+00:00,73.9000015258789,74.19999694824219,73.9000015258789,74.19999694824219,25087,0.0,0.0
2025-06-18 01:30:00+00:00,74.19999694824219,74.30000305175781,74.0999984741211,74.19999694824219,6000,0.0,0.0
2025-06-18 01:35:00+00:00,74.30000305175781,74.30000305175781,74.19999694824219,74.19999694824219,10500,0.0,0.0
2025-06-18 01:40:00+00:00,74.0999984741211,74.0999984741211,74.0,74.0,8066,0.0,0.0
2025-06-18 01:45:00+00:00,74.0,74.0,74.0,74.0,2000,0.0,0.0
2025-06-18 01:50:00+00:00,74.0999984741211,74.0999984741211,74.0999984741211,74.0999984741211,6000,0.0,0.0
2025-06-18 01:55:00+00:00,74.0,74.0,74.0,74.0,11000,0.0,0.0
2025-06-18 02:00:00+00:00,73.9000015258789,73.9000015258789,73.80000305175781,73.80000305175781,8372,0.0,0.0
2025-06-18 02:05:00+00:00,73.69999694824219,73.69999694824219,73.5999984741211,73.5999984741211,4568,0.0,0.0
2025-06-18 02:10:00+00:00,73.69999694824219,73.69999694824219,73.69999694824219,73.69999694824219,1165,0.0,0.0
2025-06-18 02:15:00+00:00,73.69999694824219,73.69999694824219,73.69999694824219,73.69999694824219,4000,0.0,0.0
2025-06-18 02:20:00+00:00,73.69999694824219,73.69999694824219,73.69999694824219,73.69999694824219,1000,0.0,0.0
2025-06-18 02:30:00+00:00,73.69999694824219,73.69999694824219,73.69999694824219,73.69999694824219,7212,0.0,0.0
2025-06-18 02:35:00+00:00,73.80000305175781,73.80000305175781,73.80000305175781,73.80000305175781,7020,0.0,0.0
2025-06-18 02:40:00+00:00,73.9000015258789,73.9000015258789,73.9000015258789,73.9000015258789,4100,0.0,0.0
2025-06-18 02:45:00+00:00,73.9000015258789,73.9000015258789,73.9000015258789,73.9000015258789,1014,0.0,0.0
2025-06-18 02:50:00+00:00,73.9000015258789,73.9000015258789,73.9000015258789,73.9000015258789,3107,0.0,0.0
2025-06-18 03:00:00+00:00,74.0,74.30000305175781,74.0,74.30000305175781,32420,0.0,0.0
2025-06-18 03:05:00+00:00,74.30000305175781,74.30000305175781,74.0,74.30000305175781,9000,0.0,0.0
2025-06-18 03:10:00+00:00,74.30000305175781,74.30000305175781,74.19999694824219,74.19999694824219,2000,0.0,0.0
2025-06-18 03:15:00+00:00,74.19999694824219,74.30000305175781,74.0,74.19999694824219,8000,0.0,0.0
2025-06-18 03:20:00+00:00,74.19999694824219,74.30000305175781,74.19999694824219,74.30000305175781,9000,0.0,0.0
2025-06-18 03:25:00+00:00,74.30000305175781,74.4000015258789,74.30000305175781,74.4000015258789,12000,0.0,0.0
2025-06-18 03:30:00+00:00,74.4000015258789,74.5,74.4000015258789,74.5,10035,0.0,0.0
2025-06-18 03:35:00+00:00,74.30000305175781,74.4000015258789,74.19999694824219,74.30000305175781,13000,0.0,0.0
2025-06-18 03:40:00+00:00,74.4000015258789,74.4000015258789,74.4000015258789,74.4000015258789,7010,0.0,0.0
2025-06-18 03:45:00+00:00,74.4000015258789,74.5,74.4000015258789,74.5,3020,0.0,0.0
2025-06-18 03:50:00+00:00,74.4000015258789,74.4000015258789,74.4000015258789,74.4000015258789,4000,0.0,0.0
2025-06-18 03:55:00+00:00,74.30000305175781,74.30000305175781,74.19999694824219,74.19999694824219,8000,0.0,0.0
2025-06-18 04:00:00+00:00,74.0,74.19999694824219,74.0,74.19999694824219,2200,0.0,0.0
2025-06-18 04:05:00+00:00,74.0,74.0,74.0,74.0,4000,0.0,0.0
2025-06-18 04:10:00+00:00,74.0999984741211,74.0999984741211,74.0999984741211,74.0999984741211,2011,0.0,0.0
2025-06-18 04:15:00+00:00,74.0999984741211,74.0999984741211,74.0999984741211,74.0999984741211,9155,0.0,0.0
2025-06-18 04:20:00+00:00,74.0999984741211,74.0999984741211,74.0,74.0999984741211,7003,0.0,0.0
2025-06-18 04:25:00+00:00,74.0999984741211,74.0999984741211,74.0999984741211,74.0999984741211,1100,0.0,0.0
2025-06-18 04:30:00+00:00,74.0999984741211,74.0999984741211,74.0999984741211,74.0999984741211,1000,0.0,0.0
2025-06-18 04:35:00+00:00,74.0999984741211,74.0999984741211,74.0,74.0,11000,0.0,0.0
2025-06-18 04:40:00+00:00,74.0,74.0,74.0,74.0,3000,0.0,0.0
2025-06-18 04:45:00+00:00,74.0,74.0,74.0,74.0,1000,0.0,0.0
2025-06-18 04:50:00+00:00,74.0,74.0,74.0,74.0,6000,0.0,0.0
2025-06-18 04:55:00+00:00,73.9000015258789,73.9000015258789,73.9000015258789,73.9000015258789,1200,0.0,0.0
2025-06-18 05:00:00+00:00,73.9000015258789,74.0,73.9000015258789,73.9000015258789,12200,0.0,0.0
2025-06-18 05:05:00+00:00,74.0,74.0999984741211,73.9000015258789,73.9000015258789,10250,0.0,0.0
2025-06-18 05:10:00+00:00,73.80000305175781,73.9000015258789,73.80000305175781,73.80000305175781,5000,0.0,0.0
2025-06-18 05:15:00+00:00,73.80000305175781,73.9000015258789,73.69999694824219,73.80000305175781,29000,0.0,0.0
2025-06-18 05:20:00+00:00,73.69999694824219,73.9000015258789,73.69999694824219,73.9000015258789,19128,0.0,0.0
2025-06-19 01:00:00+00:00,73.5,73.5,73.19999694824219,73.4000015258789,0,0.0,0.0
2025-06-19 01:05:00+00:00,73.4000015258789,73.4000015258789,73.19999694824219,73.30000305175781,51000,0.0,0.0
2025-06-19 01:10:00+00:00,72.9000015258789,73.0,72.80000305175781,72.9000015258789,104979,0.0,0.0
2025-06-19 01:15:00+00:00,72.80000305175781,72.80000305175781,72.5999984741211,72.5999984741211,60391,0.0,0.0
2025-06-19 01:20:00+00:00,72.5999984741211,72.80000305175781,72.4000015258789,72.5999984741211,48494,0.0,0.0
2025-06-19 01:25:00+00:00,72.80000305175781,72.80000305175781,72.5,72.5,45700,0.0,0.0
2025-06-19 01:30:00+00:00,72.5,72.5,72.5,72.5,3184,0.0,0.0
2025-06-19 01:35:00+00:00,72.5999984741211,72.5999984741211,72.30000305175781,72.30000305175781,47390,0.0,0.0
2025-06-19 01:40:00+00:00,72.30000305175781,72.4000015258789,72.30000305175781,72.4000015258789,12642,0.0,0.0
2025-06-19 01:45:00+00:00,72.5,72.5999984741211,72.4000015258789,72.5999984741211,7370,0.0,0.0
2025-06-19 01:50:00+00:00,72.5,72.5,72.5,72.5,6385,0.0,0.0
2025-06-19 01:55:00+00:00,72.5,72.5,72.5,72.5,27000,0.0,0.0
2025-06-19 02:00:00+00:00,72.4000015258789,72.4000015258789,72.30000305175781,72.30000305175781,42131,0.0,0.0
2025-06-19 02:05:00+00:00,72.19999694824219,72.30000305175781,72.19999694824219,72.19999694824219,35100,0.0,0.0
2025-06-19 02:10:00+00:00,72.19999694824219,72.19999694824219,71.9000015258789,71.9000015258789,91007,0.0,0.0
2025-06-19 02:15:00+00:00,71.9000015258789,71.9000015258789,71.5,71.69999694824219,112958,0.0,0.0
2025-06-19 02:20:00+00:00,71.5999984741211,71.5999984741211,71.5999984741211,71.5999984741211,14506,0.0,0.0
2025-06-19 02:25:00+00:00,71.5999984741211,71.69999694824219,71.5,71.5999984741211,65188,0.0,0.0
2025-06-19 02:30:00+00:00,71.69999694824219,71.69999694824219,71.5,71.69999694824219,38407,0.0,0.0
2025-06-19 02:35:00+00:00,71.69999694824219,71.69999694824219,71.5999984741211,71.69999694824219,18000,0.0,0.0
2025-06-19 02:40:00+00:00,71.69999694824219,71.69999694824219,71.5999984741211,71.69999694824219,12121,0.0,0.0
2025-06-19 02:45:00+00:00,71.69999694824219,71.69999694824219,71.5999984741211,71.5999984741211,28000,0.0,0.0
2025-06-19 02:50:00+00:00,71.69999694824219,71.69999694824219,71.5999984741211,71.69999694824219,25406,0.0,0.0
2025-06-19 02:55:00+00:00,71.69999694824219,71.80000305175781,71.69999694824219,71.80000305175781,28050,0.0,0.0
2025-06-19 03:00:00+00:00,72.0,72.30000305175781,71.80000305175781,72.30000305175781,37010,0.0,0.0
2025-06-19 03:05:00+00:00,72.0999984741211,72.0999984741211,72.0,72.0,7150,0.0,0.0
2025-06-19 03:10:00+00:00,71.80000305175781,71.80000305175781,71.80000305175781,71.80000305175781,4000,0.0,0.0
2025-06-19 03:15:00+00:00,71.9000015258789,71.9000015258789,71.9000015258789,71.9000015258789,4005,0.0,0.0
2025-06-19 03:20:00+00:00,71.9000015258789,72.0999984741211,71.9000015258789,72.0,6215,0.0,0.0
2025-06-19 03:25:00+00:00,72.0,72.0999984741211,72.0,72.0999984741211,3000,0.0,0.0
2025-06-19 03:30:00+00:00,72.0999984741211,72.0999984741211,72.0999984741211,72.0999984741211,0,0.0,0.0
2025-06-19 03:35:00+00:00,72.19999694824219,72.19999694824219,72.0999984741211,72.0999984741211,1060239,0.0,0.0
2025-06-19 03:40:00+00:00,72.0999984741211,72.0999984741211,72.0999984741211,72.0999984741211,6000,0.0,0.0
2025-06-19 03:45:00+00:00,72.0,72.19999694824219,72.0,72.19999694824219,7040,0.0,0.0
2025-06-19 03:50:00+00:00,72.0999984741211,72.0999984741211,72.0999984741211,72.0999984741211,4001,0.0,0.0
2025-06-19 03:55:00+00:00,72.0999984741211,72.0999984741211,72.0,72.0,4353,0.0,0.0
2025-06-19 04:00:00+00:00,72.0,72.0999984741211,72.0,72.0,26000,0.0,0.0
2025-06-19 04:05:00+00:00,72.0,72.0,72.0,72.0,2050,0.0,0.0
2025-06-19 04:10:00+00:00,72.0,72.0,71.9000015258789,71.9000015258789,16050,0.0,0.0
2025-06-19 04:15:00+00:00,71.9000015258789,71.9000015258789,71.9000015258789,71.9000015258789,3441,0.0,0.0
2025-06-19 04:20:00+00:00,71.9000015258789,71.9000015258789,71.9000015258789,71.9000015258789,3799,0.0,0.0
2025-06-19 04:25:00+00:00,71.9000015258789,71.9000015258789,71.9000015258789,71.9000015258789,1000,0.0,0.0
2025-06-19 04:30:00+00:00,71.9000015258789,71.9000015258789,71.9000015258789,71.9000015258789,7000,0.0,0.0
2025-06-19 04:35:00+00:00,72.0,72.0,71.9000015258789,71.9000015258789,10220,0.0,0.0
2025-06-19 04:40:00+00:00,71.9000015258789,72.0,71.9000015258789,71.9000015258789,8000,0.0,0.0
2025-06-19 04:45:00+00:00,72.0,72.4000015258789,71.9000015258789,72.4000015258789,31000,0.0,0.0
2025-06-19 04:50:00+00:00,72.30000305175781,72.30000305175781,72.19999694824219,72.19999694824219,3100,0.0,0.0
2025-06-19 04:55:00+00:00,72.0999984741211,72.0999984741211,72.0,72.0,19000,0.0,0.0
2025-06-19 05:00:00+00:00,72.0,72.0999984741211,71.9000015258789,72.0,21100,0.0,0.0
2025-06-19 05:05:00+00:00,72.0,72.0,71.9000015258789,71.9000015258789,12279,0.0,0.0
2025-06-19 05:10:00+00:00,71.9000015258789,72.0,71.9000015258789,72.0,6000,0.0,0.0
2025-06-19 05:15:00+00:00,72.0,72.0999984741211,71.9000015258789,71.9000015258789,23000,0.0,0.0
2025-06-19 05:20:00+00:00,71.9000015258789,72.0,71.80000305175781,71.80000305175781,31250,0.0,0.0
2025-06-20 01:00:00+00:00,71.5,72.0,71.5,72.0,0,0.0,0.0
2025-06-20 01:05:00+00:00,72.0,72.0,71.80000305175781,71.80000305175781,13182,0.0,0.0
2025-06-20 01:10:00+00:00,71.80000305175781,71.9000015258789,71.5,71.5,32175,0.0,0.0
2025-06-20 01:15:00+00:00,71.5,71.5999984741211,71.5,71.5,14615,0.0,0.0
2025-06-20 01:20:00+00:00,71.5,71.5,71.30000305175781,71.30000305175781,13485,0.0,0.0
2025-06-20 01:25:00+00:00,71.30000305175781,71.30000305175781,71.0999984741211,71.19999694824219,27131,0.0,0.0
2025-06-20 01:30:00+00:00,71.0999984741211,71.0999984741211,70.69999694824219,70.69999694824219,51609,0.0,0.0
2025-06-20 01:35:00+00:00,70.69999694824219,70.80000305175781,70.5999984741211,70.69999694824219,46701,0.0,0.0
2025-06-20 01:40:00+00:00,70.69999694824219,70.69999694824219,70.5999984741211,70.5999984741211,38157,0.0,0.0
2025-06-20 01:45:00+00:00,70.5999984741211,70.5999984741211,70.5,70.5,67654,0.0,0.0
2025-06-20 01:50:00+00:00,70.4000015258789,70.5,70.4000015258789,70.5,30537,0.0,0.0
2025-06-20 01:55:00+00:00,70.5,70.5,70.5,70.5,7866,0.0,0.0
2025-06-20 02:00:00+00:00,70.4000015258789,70.4000015258789,70.30000305175781,70.4000015258789,26100,0.0,0.0
2025-06-20 02:05:00+00:00,70.4000015258789,70.69999694824219,70.4000015258789,70.69999694824219,22789,0.0,0.0
2025-06-20 02:10:00+00:00,70.5999984741211,70.5999984741211,70.5999984741211,70.5999984741211,6070,0.0,0.0
2025-06-20 02:15:00+00:00,70.5999984741211,70.69999694824219,70.5999984741211,70.69999694824219,18000,0.0,0.0
2025-06-20 02:20:00+00:00,70.69999694824219,70.9000015258789,70.69999694824219,70.9000015258789,7057,0.0,0.0
2025-06-20 02:25:00+00:00,70.80000305175781,70.80000305175781,70.80000305175781,70.80000305175781,14069,0.0,0.0
2025-06-20 02:30:00+00:00,70.80000305175781,70.9000015258789,70.80000305175781,70.9000015258789,7014,0.0,0.0
2025-06-20 02:35:00+00:00,71.0,71.0999984741211,71.0,71.0999984741211,22291,0.0,0.0
2025-06-20 02:40:00+00:00,71.0999984741211,71.0999984741211,70.80000305175781,70.80000305175781,5000,0.0,0.0
2025-06-20 02:45:00+00:00,71.0,71.19999694824219,71.0,71.19999694824219,9000,0.0,0.0
2025-06-20 02:50:00+00:00,71.0,71.0,70.80000305175781,71.0,22000,0.0,0.0
2025-06-20 02:55:00+00:00,71.0,71.30000305175781,70.80000305175781,71.30000305175781,25000,0.0,0.0
2025-06-20 03:00:00+00:00,71.30000305175781,71.30000305175781,71.30000305175781,71.30000305175781,1000,0.0,0.0
2025-06-20 03:05:00+00:00,71.0,71.0,71.0,71.0,4000,0.0,0.0
2025-06-20 03:10:00+00:00,70.9000015258789,71.0,70.9000015258789,71.0,5000,0.0,0.0
2025-06-20 03:20:00+00:00,71.0,71.0999984741211,71.0,71.0,11050,0.0,0.0
2025-06-20 03:25:00+00:00,71.0999984741211,71.0999984741211,71.0999984741211,71.0999984741211,0,0.0,0.0
2025-06-20 03:30:00+00:00,71.0999984741211,71.0999984741211,71.0999984741211,71.0999984741211,589552,0.0,0.0
2025-06-20 03:35:00+00:00,71.19999694824219,71.4000015258789,71.19999694824219,71.4000015258789,11070,0.0,0.0
2025-06-20 03:40:00+00:00,71.4000015258789,71.4000015258789,71.0,71.30000305175781,34300,0.0,0.0
2025-06-20 03:45:00+00:00,71.0999984741211,71.19999694824219,71.0,71.19999694824219,11000,0.0,0.0
2025-06-20 03:50:00+00:00,71.30000305175781,71.30000305175781,71.30000305175781,71.30000305175781,2030,0.0,0.0
2025-06-20 03:55:00+00:00,71.4000015258789,71.5,71.4000015258789,71.5,10173,0.0,0.0
2025-06-20 04:00:00+00:00,71.4000015258789,71.4000015258789,71.4000015258789,71.4000015258789,2000,0.0,0.0
2025-06-20 04:10:00+00:00,71.30000305175781,71.30000305175781,71.30000305175781,71.30000305175781,1100,0.0,0.0
2025-06-20 04:15:00+00:00,71.30000305175781,71.30000305175781,71.30000305175781,71.30000305175781,8000,0.0,0.0
2025-06-20 04:20:00+00:00,71.19999694824219,71.30000305175781,71.0999984741211,71.0999984741211,9092,0.0,0.0
2025-06-20 04:25:00+00:00,71.19999694824219,71.19999694824219,71.19999694824219,71.19999694824219,2010,0.0,0.0
2025-06-20 04:30:00+00:00,71.19999694824219,71.19999694824219,71.0999984741211,71.19999694824219,6300,0.0,0.0
2025-06-20 04:35:00+00:00,71.19999694824219,71.19999694824219,71.19999694824219,71.19999694824219,2000,0.0,0.0
2025-06-20 04:40:00+00:00,71.0999984741211,71.19999694824219,70.9000015258789,71.0999984741211,45368,0.0,0.0
2025-06-20 04:45:00+00:00,71.0,71.0,71.0,71.0,1000,0.0,0.0
2025-06-20 04:50:00+00:00,71.0999984741211,71.0999984741211,71.0,71.0,7050,0.0,0.0
2025-06-20 04:55:00+00:00,71.0,71.0,71.0,71.0,12210,0.0,0.0
2025-06-20 05:00:00+00:00,71.0999984741211,71.30000305175781,71.0999984741211,71.30000305175781,15162,0.0,0.0
2025-06-20 05:05:00+00:00,71.30000305175781,71.30000305175781,71.19999694824219,71.30000305175781,8000,0.0,0.0
2025-06-20 05:10:00+00:00,71.19999694824219,71.30000305175781,71.19999694824219,71.19999694824219,19000,0.0,0.0
2025-06-20 05:15:00+00:00,71.19999694824219,71.4000015258789,71.0999984741211,71.4000015258789,31096,0.0,0.0
2025-06-20 05:20:00+00:00,71.30000305175781,71.5,71.30000305175781,71.5,47824,0.0,0.0
2025-06-23 01:00:00+00:00,69.9000015258789,70.0,69.0999984741211,70.0,0,0.0,0.0
2025-06-23 01:05:00+00:00,70.0,70.69999694824219,69.9000015258789,70.69999694824219,46202,0.0,0.0
2025-06-23 01:10:00+00:00,70.69999694824219,70.9000015258789,70.69999694824219,70.9000015258789,7907,0.0,0.0
2025-06-23 01:15:00+00:00,70.9000015258789,70.9000015258789,70.5,70.5999984741211,36043,0.0,0.0
2025-06-23 01:20:00+00:00,70.5,70.9000015258789,70.5,70.80000305175781,37000,0.0,0.0
2025-06-23 01:25:00+00:00,70.9000015258789,71.0999984741211,70.80000305175781,70.80000305175781,42100,0.0,0.0
2025-06-23 01:30:00+00:00,70.80000305175781,70.80000305175781,70.69999694824219,70.80000305175781,7073,0.0,0.0
2025-06-23 01:35:00+00:00,70.69999694824219,70.80000305175781,70.69999694824219,70.69999694824219,5100,0.0,0.0
2025-06-23 01:40:00+00:00,70.80000305175781,70.80000305175781,70.69999694824219,70.69999694824219,5100,0.0,0.0
2025-06-23 01:45:00+00:00,70.69999694824219,70.9000015258789,70.69999694824219,70.69999694824219,9000,0.0,0.0
2025-06-23 01:50:00+00:00,70.9000015258789,71.19999694824219,70.9000015258789,71.19999694824219,43185,0.0,0.0
2025-06-23 01:55:00+00:00,71.19999694824219,71.19999694824219,71.0999984741211,71.0999984741211,3000,0.0,0.0
2025-06-23 02:00:00+00:00,71.0999984741211,71.0999984741211,70.9000015258789,70.9000015258789,27030,0.0,0.0
2025-06-23 02:05:00+00:00,70.80000305175781,71.30000305175781,70.69999694824219,71.0999984741211,42025,0.0,0.0
2025-06-23 02:10:00+00:00,71.30000305175781,71.30000305175781,71.0999984741211,71.0999984741211,7130,0.0,0.0
2025-06-23 02:15:00+00:00,71.0999984741211,71.0999984741211,71.0999984741211,71.0999984741211,6000,0.0,0.0
2025-06-23 02:20:00+00:00,71.0999984741211,71.0999984741211,71.0999984741211,71.0999984741211,2020,0.0,0.0
2025-06-23 02:25:00+00:00,71.0999984741211,71.5,71.0999984741211,71.5,8068,0.0,0.0
2025-06-23 02:30:00+00:00,71.5,71.5,71.4000015258789,71.4000015258789,5112,0.0,0.0
2025-06-23 02:35:00+00:00,71.4000015258789,71.4000015258789,71.30000305175781,71.30000305175781,5000,0.0,0.0
2025-06-23 02:40:00+00:00,71.4000015258789,71.4000015258789,71.4000015258789,71.4000015258789,3012,0.0,0.0
2025-06-23 02:45:00+00:00,71.4000015258789,71.5,71.4000015258789,71.4000015258789,5073,0.0,0.0
2025-06-23 02:50:00+00:00,71.4000015258789,71.4000015258789,71.30000305175781,71.4000015258789,6143,0.0,0.0
2025-06-23 02:55:00+00:00,71.5,71.5999984741211,71.5,71.5999984741211,20046,0.0,0.0
2025-06-23 03:00:00+00:00,71.5999984741211,71.80000305175781,71.5999984741211,71.69999694824219,12481,0.0,0.0
2025-06-23 03:05:00+00:00,71.69999694824219,71.69999694824219,71.5999984741211,71.69999694824219,6008,0.0,0.0
2025-06-23 03:10:00+00:00,71.69999694824219,71.69999694824219,71.5999984741211,71.5999984741211,4030,0.0,0.0
2025-06-23 03:15:00+00:00,71.69999694824219,71.69999694824219,71.5,71.5,4001,0.0,0.0
2025-06-23 03:20:00+00:00,71.5999984741211,71.5999984741211,71.4000015258789,71.5,9284,0.0,0.0
2025-06-23 03:25:00+00:00,71.4000015258789,71.4000015258789,71.4000015258789,71.4000015258789,1080,0.0,0.0
2025-06-23 03:30:00+00:00,71.5,71.5,71.4000015258789,71.5,8100,0.0,0.0
2025-06-23 03:35:00+00:00,71.4000015258789,71.5999984741211,71.4000015258789,71.5999984741211,4000,0.0,0.0
2025-06-23 03:40:00+00:00,71.5999984741211,71.5999984741211,71.5,71.5,5020,0.0,0.0
2025-06-23 03:45:00+00:00,71.5,71.5999984741211,71.5,71.5999984741211,3000,0.0,0.0
2025-06-23 03:50:00+00:00,71.5,71.5,71.4000015258789,71.5,23110,0.0,0.0
2025-06-23 03:55:00+00:00,71.4000015258789,71.4000015258789,71.4000015258789,71.4000015258789,1119,0.0,0.0
2025-06-23 04:05:00+00:00,71.4000015258789,71.4000015258789,71.0999984741211,71.0999984741211,7315,0.0,0.0
2025-06-23 04:10:00+00:00,71.19999694824219,71.30000305175781,71.19999694824219,71.30000305175781,6000,0.0,0.0
2025-06-23 04:15:00+00:00,71.30000305175781,71.30000305175781,71.30000305175781,71.30000305175781,2150,0.0,0.0
2025-06-23 04:20:00+00:00,71.30000305175781,71.30000305175781,71.30000305175781,71.30000305175781,15000,0.0,0.0
2025-06-23 04:30:00+00:00,71.19999694824219,71.19999694824219,71.19999694824219,71.19999694824219,1000,0.0,0.0
2025-06-23 04:35:00+00:00,71.19999694824219,71.30000305175781,71.19999694824219,71.30000305175781,4150,0.0,0.0
2025-06-23 04:40:00+00:00,71.19999694824219,71.30000305175781,71.19999694824219,71.19999694824219,16162,0.0,0.0
2025-06-23 04:45:00+00:00,71.19999694824219,71.19999694824219,71.0,71.0999984741211,51000,0.0,0.0
2025-06-23 04:50:00+00:00,71.0999984741211,71.0999984741211,71.0999984741211,71.0999984741211,1000,0.0,0.0
2025-06-23 04:55:00+00:00,71.0999984741211,71.0999984741211,71.0999984741211,71.0999984741211,8000,0.0,0.0
2025-06-23 05:00:00+00:00,71.19999694824219,71.19999694824219,71.0999984741211,71.0999984741211,11100,0.0,0.0
2025-06-23 05:05:00+00:00,71.0,71.0,71.0,71.0,4059,0.0,0.0
2025-06-23 05:10:00+00:00,71.0,71.19999694824219,71.0,71.19999694824219,7045,0.0,0.0
2025-06-23 05:15:00+00:00,71.30000305175781,71.30000305175781,71.19999694824219,71.19999694824219,4000,0.0,0.0
2025-06-23 05:20:00+00:00,71.0999984741211,71.30000305175781,71.0999984741211,71.19999694824219,12000,0.0,0.0
2025-06-24 01:00:00+00:00,72.0,72.30000305175781,72.0,72.30000305175781,0,0.0,0.0
2025-06-24 01:05:00+00:00,72.30000305175781,72.5999984741211,72.30000305175781,72.5,25000,0.0,0.0
2025-06-24 01:10:00+00:00,72.4000015258789,72.80000305175781,72.4000015258789,72.80000305175781,86327,0.0,0.0
2025-06-24 01:15:00+00:00,72.9000015258789,73.19999694824219,72.80000305175781,72.9000015258789,80469,0.0,0.0
2025-06-24 01:20:00+00:00,73.19999694824219,73.30000305175781,72.9000015258789,72.9000015258789,41100,0.0,0.0
2025-06-24 01:25:00+00:00,72.9000015258789,72.9000015258789,72.9000015258789,72.9000015258789,3011,0.0,0.0
2025-06-24 01:30:00+00:00,72.80000305175781,73.0,72.80000305175781,73.0,25137,0.0,0.0
2025-06-24 01:35:00+00:00,73.0,73.0,72.80000305175781,72.9000015258789,22000,0.0,0.0
2025-06-24 01:40:00+00:00,73.0999984741211,73.19999694824219,73.0,73.0,43610,0.0,0.0
2025-06-24 01:45:00+00:00,73.0,73.0999984741211,73.0,73.0999984741211,7000,0.0,0.0
2025-06-24 01:50:00+00:00,73.0999984741211,73.19999694824219,73.0,73.19999694824219,11200,0.0,0.0
2025-06-24 01:55:00+00:00,73.19999694824219,73.4000015258789,73.0999984741211,73.30000305175781,74943,0.0,0.0
2025-06-24 02:00:00+00:00,73.30000305175781,73.5,73.30000305175781,73.30000305175781,50134,0.0,0.0
2025-06-24 02:05:00+00:00,73.19999694824219,73.30000305175781,73.19999694824219,73.19999694824219,6100,0.0,0.0
2025-06-24 02:10:00+00:00,73.19999694824219,73.19999694824219,73.0999984741211,73.0999984741211,2030,0.0,0.0
2025-06-24 02:15:00+00:00,73.0999984741211,73.4000015258789,73.0999984741211,73.19999694824219,47070,0.0,0.0
2025-06-24 02:20:00+00:00,73.19999694824219,73.30000305175781,73.19999694824219,73.30000305175781,10009,0.0,0.0
2025-06-24 02:25:00+00:00,73.19999694824219,73.4000015258789,73.19999694824219,73.4000015258789,16000,0.0,0.0
2025-06-24 02:35:00+00:00,73.30000305175781,73.30000305175781,73.30000305175781,73.30000305175781,2021,0.0,0.0
2025-06-24 02:40:00+00:00,73.19999694824219,73.30000305175781,73.19999694824219,73.30000305175781,2549,0.0,0.0
2025-06-24 02:45:00+00:00,73.19999694824219,73.19999694824219,73.19999694824219,73.19999694824219,7000,0.0,0.0
2025-06-24 02:50:00+00:00,73.19999694824219,73.19999694824219,73.19999694824219,73.19999694824219,4353,0.0,0.0
2025-06-24 02:55:00+00:00,73.19999694824219,73.19999694824219,73.0999984741211,73.0999984741211,7000,0.0,0.0
2025-06-24 03:00:00+00:00,73.0999984741211,73.19999694824219,73.0999984741211,73.19999694824219,12020,0.0,0.0
2025-06-24 03:05:00+00:00,73.30000305175781,73.30000305175781,73.30000305175781,73.30000305175781,2000,0.0,0.0
2025-06-24 03:15:00+00:00,73.30000305175781,73.30000305175781,73.30000305175781,73.30000305175781,2000,0.0,0.0
2025-06-24 03:20:00+00:00,73.30000305175781,73.30000305175781,73.19999694824219,73.30000305175781,5000,0.0,0.0
2025-06-24 03:25:00+00:00,73.19999694824219,73.19999694824219,73.0999984741211,73.0999984741211,8000,0.0,0.0
2025-06-24 03:30:00+00:00,73.30000305175781,73.30000305175781,73.30000305175781,73.30000305175781,14002,0.0,0.0
2025-06-24 03:35:00+00:00,73.30000305175781,73.30000305175781,73.30000305175781,73.30000305175781,17010,0.0,0.0
2025-06-24 03:40:00+00:00,73.30000305175781,73.30000305175781,73.30000305175781,73.30000305175781,3050,0.0,0.0
2025-06-24 03:45:00+00:00,73.4000015258789,73.4000015258789,73.30000305175781,73.30000305175781,3000,0.0,0.0
2025-06-24 03:50:00+00:00,73.30000305175781,73.4000015258789,73.30000305175781,73.30000305175781,11030,0.0,0.0
2025-06-24 03:55:00+00:00,73.30000305175781,73.30000305175781,73.30000305175781,73.30000305175781,2000,0.0,0.0
2025-06-24 04:00:00+00:00,73.30000305175781,73.30000305175781,73.30000305175781,73.30000305175781,2000,0.0,0.0
2025-06-24 04:05:00+00:00,73.19999694824219,73.19999694824219,73.19999694824219,73.19999694824219,8000,0.0,0.0
2025-06-24 04:10:00+00:00,73.0999984741211,73.19999694824219,72.9000015258789,73.19999694824219,11137,0.0,0.0
2025-06-24 04:15:00+00:00,73.0,73.0,73.0,73.0,3028,0.0,0.0
2025-06-24 04:20:00+00:00,73.0,73.0,73.0,73.0,9150,0.0,0.0
2025-06-24 04:25:00+00:00,73.0,73.0,73.0,73.0,7150,0.0,0.0
2025-06-24 04:30:00+00:00,73.0,73.0999984741211,72.9000015258789,73.0999984741211,7014,0.0,0.0
2025-06-24 04:35:00+00:00,73.0999984741211,73.0999984741211,73.0999984741211,73.0999984741211,9000,0.0,0.0
2025-06-24 04:40:00+00:00,73.0999984741211,73.19999694824219,73.0999984741211,73.19999694824219,7000,0.0,0.0
2025-06-24 04:45:00+00:00,73.19999694824219,73.19999694824219,73.19999694824219,73.19999694824219,1000,0.0,0.0
2025-06-24 04:50:00+00:00,73.19999694824219,73.30000305175781,73.19999694824219,73.19999694824219,6000,0.0,0.0
2025-06-24 04:55:00+00:00,73.19999694824219,73.30000305175781,73.19999694824219,73.19999694824219,10079,0.0,0.0
2025-06-24 05:00:00+00:00,73.19999694824219,73.19999694824219,73.19999694824219,73.19999694824219,6060,0.0,0.0
2025-06-24 05:05:00+00:00,73.19999694824219,73.30000305175781,73.19999694824219,73.30000305175781,2000,0.0,0.0
2025-06-24 05:10:00+00:00,73.19999694824219,73.19999694824219,73.0999984741211,73.0999984741211,4000,0.0,0.0
2025-06-24 05:15:00+00:00,73.19999694824219,73.30000305175781,73.19999694824219,73.19999694824219,16000,0.0,0.0
2025-06-24 05:20:00+00:00,73.19999694824219,73.30000305175781,73.0,73.30000305175781,23145,0.0,0.0
2025-06-25 01:00:00+00:00,73.4000015258789,73.80000305175781,73.4000015258789,73.5999984741211,42000,0.0,0.0
2025-06-25 01:05:00+00:00,73.5999984741211,74.0999984741211,73.5,74.0999984741211,63000,0.0,0.0
2025-06-25 01:10:00+00:00,74.0,74.0,73.9000015258789,73.9000015258789,23676,0.0,0.0
2025-06-25 01:15:00+00:00,73.9000015258789,73.9000015258789,73.5,73.5,14373,0.0,0.0
2025-06-25 01:20:00+00:00,73.5,73.5999984741211,73.5,73.5999984741211,6232,0.0,0.0
2025-06-25 01:25:00+00:00,73.5999984741211,73.5999984741211,73.5999984741211,73.5999984741211,13429,0.0,0.0
2025-06-25 01:30:00+00:00,73.5,73.5999984741211,73.5,73.5,18004,0.0,0.0
2025-06-25 01:35:00+00:00,73.5,73.5,73.5,73.5,4008,0.0,0.0
2025-06-25 01:40:00+00:00,73.5999984741211,73.69999694824219,73.5999984741211,73.69999694824219,3050,0.0,0.0
2025-06-25 01:45:00+00:00,73.5,73.5,73.5,73.5,4175,0.0,0.0
2025-06-25 01:50:00+00:00,73.5,73.5,73.4000015258789,73.4000015258789,14010,0.0,0.0
2025-06-25 01:55:00+00:00,73.4000015258789,73.4000015258789,73.30000305175781,73.30000305175781,4106,0.0,0.0
2025-06-25 02:00:00+00:00,73.19999694824219,73.19999694824219,73.19999694824219,73.19999694824219,8100,0.0,0.0
2025-06-25 02:05:00+00:00,73.19999694824219,73.19999694824219,73.0,73.19999694824219,23056,0.0,0.0
2025-06-25 02:10:00+00:00,73.0999984741211,73.0999984741211,73.0999984741211,73.0999984741211,1000,0.0,0.0
2025-06-25 02:15:00+00:00,73.19999694824219,73.19999694824219,73.0999984741211,73.0999984741211,11486,0.0,0.0
2025-06-25 02:20:00+00:00,73.0,73.0,73.0,73.0,11000,0.0,0.0
2025-06-25 02:25:00+00:00,72.9000015258789,72.9000015258789,72.80000305175781,72.80000305175781,6110,0.0,0.0
2025-06-25 02:30:00+00:00,72.80000305175781,72.80000305175781,72.80000305175781,72.80000305175781,9000,0.0,0.0
2025-06-25 02:35:00+00:00,72.80000305175781,72.9000015258789,72.69999694824219,72.9000015258789,38151,0.0,0.0
2025-06-25 02:40:00+00:00,73.0999984741211,73.0999984741211,73.0999984741211,73.0999984741211,1010,0.0,0.0
2025-06-25 02:45:00+00:00,73.0999984741211,73.0999984741211,73.0999984741211,73.0999984741211,2000,0.0,0.0
2025-06-25 02:50:00+00:00,73.0,73.0,73.0,73.0,8000,0.0,0.0
2025-06-25 02:55:00+00:00,73.0,73.0,73.0,73.0,5014,0.0,0.0
2025-06-25 03:00:00+00:00,73.0,73.0,73.0,73.0,1000,0.0,0.0
2025-06-25 03:05:00+00:00,73.0,73.0,73.0,73.0,1100,0.0,0.0
2025-06-25 03:15:00+00:00,73.0,73.0,73.0,73.0,1200,0.0,0.0
2025-06-25 03:30:00+00:00,72.9000015258789,72.9000015258789,72.69999694824219,72.69999694824219,23389,0.0,0.0
2025-06-25 03:40:00+00:00,72.80000305175781,72.80000305175781,72.80000305175781,72.80000305175781,1000,0.0,0.0
2025-06-25 03:45:00+00:00,73.0,73.0,73.0,73.0,4110,0.0,0.0
2025-06-25 03:50:00+00:00,73.0,73.0,73.0,73.0,4061,0.0,0.0
2025-06-25 03:55:00+00:00,72.9000015258789,72.9000015258789,72.9000015258789,72.9000015258789,1001,0.0,0.0
2025-06-25 04:00:00+00:00,73.0,73.0,72.80000305175781,72.80000305175781,22000,0.0,0.0
2025-06-25 04:05:00+00:00,73.0999984741211,73.0999984741211,72.9000015258789,72.9000015258789,11200,0.0,0.0
2025-06-25 04:15:00+00:00,72.9000015258789,72.9000015258789,72.80000305175781,72.80000305175781,8000,0.0,0.0
2025-06-25 04:20:00+00:00,72.9000015258789,72.9000015258789,72.80000305175781,72.80000305175781,3000,0.0,0.0
2025-06-25 04:25:00+00:00,72.80000305175781,72.80000305175781,72.80000305175781,72.80000305175781,1075,0.0,0.0
2025-06-25 04:30:00+00:00,72.9000015258789,72.9000015258789,72.9000015258789,72.9000015258789,3000,0.0,0.0
2025-06-25 04:40:00+00:00,72.9000015258789,72.9000015258789,72.9000015258789,72.9000015258789,1000,0.0,0.0
2025-06-25 04:45:00+00:00,73.0,73.0,73.0,73.0,11100,0.0,0.0
2025-06-25 04:50:00+00:00,73.0,73.0,72.9000015258789,72.9000015258789,2402,0.0,0.0
2025-06-25 04:55:00+00:00,72.9000015258789,72.9000015258789,72.9000015258789,72.9000015258789,22094,0.0,0.0
2025-06-25 05:00:00+00:00,73.0,73.19999694824219,73.0,73.19999694824219,8000,0.0,0.0
2025-06-25 05:05:00+00:00,73.30000305175781,73.5,73.19999694824219,73.5,43058,0.0,0.0
2025-06-25 05:10:00+00:00,73.5,73.69999694824219,73.5,73.5,32300,0.0,0.0
2025-06-25 05:15:00+00:00,73.4000015258789,73.4000015258789,73.19999694824219,73.19999694824219,4011,0.0,0.0
2025-06-25 05:20:00+00:00,73.0999984741211,73.19999694824219,73.0,73.19999694824219,18100,0.0,0.0
2025-06-26 01:00:00+00:00,73.5,74.0,73.5,73.80000305175781,0,0.0,0.0
2025-06-26 01:05:00+00:00,73.80000305175781,74.0,73.80000305175781,73.80000305175781,42100,0.0,0.0
2025-06-26 01:10:00+00:00,73.80000305175781,73.80000305175781,73.5,73.5,25200,0.0,0.0
2025-06-26 01:15:00+00:00,73.5,73.9000015258789,73.5,73.9000015258789,7000,0.0,0.0
2025-06-26 01:20:00+00:00,73.69999694824219,73.9000015258789,73.5,73.9000015258789,49277,0.0,0.0
2025-06-26 01:25:00+00:00,73.9000015258789,74.30000305175781,73.9000015258789,74.0999984741211,55160,0.0,0.0
2025-06-26 01:30:00+00:00,74.30000305175781,74.30000305175781,74.0,74.0,33400,0.0,0.0
2025-06-26 01:35:00+00:00,74.0,74.0,73.69999694824219,73.69999694824219,17050,0.0,0.0
2025-06-26 01:40:00+00:00,73.69999694824219,73.69999694824219,73.69999694824219,73.69999694824219,1000,0.0,0.0
2025-06-26 01:45:00+00:00,73.80000305175781,73.9000015258789,73.80000305175781,73.80000305175781,7000,0.0,0.0
2025-06-26 01:50:00+00:00,73.80000305175781,73.9000015258789,73.5,73.5,18200,0.0,0.0
2025-06-26 01:55:00+00:00,73.5,73.5999984741211,73.4000015258789,73.5,17032,0.0,0.0
2025-06-26 02:00:00+00:00,73.5999984741211,73.69999694824219,73.5999984741211,73.69999694824219,3010,0.0,0.0
2025-06-26 02:05:00+00:00,73.69999694824219,73.69999694824219,73.5,73.5999984741211,20156,0.0,0.0
2025-06-26 02:10:00+00:00,73.80000305175781,74.0,73.80000305175781,74.0,12064,0.0,0.0
2025-06-26 02:15:00+00:00,74.0,74.0,73.9000015258789,73.9000015258789,8681,0.0,0.0
2025-06-26 02:20:00+00:00,73.80000305175781,73.80000305175781,73.69999694824219,73.69999694824219,10040,0.0,0.0
2025-06-26 02:25:00+00:00,73.69999694824219,73.69999694824219,73.5,73.5,11205,0.0,0.0
2025-06-26 02:30:00+00:00,73.4000015258789,73.4000015258789,73.4000015258789,73.4000015258789,2000,0.0,0.0
2025-06-26 02:35:00+00:00,73.4000015258789,73.4000015258789,73.4000015258789,73.4000015258789,9900,0.0,0.0
2025-06-26 02:40:00+00:00,73.30000305175781,73.5,73.30000305175781,73.5,2415,0.0,0.0
2025-06-26 02:45:00+00:00,73.4000015258789,73.5,73.4000015258789,73.5,4100,0.0,0.0
2025-06-26 02:50:00+00:00,73.5,73.5,73.5,73.5,1047,0.0,0.0
2025-06-26 02:55:00+00:00,73.30000305175781,73.30000305175781,73.19999694824219,73.19999694824219,12000,0.0,0.0
2025-06-26 03:05:00+00:00,73.19999694824219,73.19999694824219,73.19999694824219,73.19999694824219,3000,0.0,0.0
2025-06-26 03:10:00+00:00,73.19999694824219,73.4000015258789,73.19999694824219,73.4000015258789,14100,0.0,0.0
2025-06-26 03:15:00+00:00,73.30000305175781,73.30000305175781,73.30000305175781,73.30000305175781,1099,0.0,0.0
2025-06-26 03:20:00+00:00,73.30000305175781,73.30000305175781,73.19999694824219,73.19999694824219,4101,0.0,0.0
2025-06-26 03:30:00+00:00,73.30000305175781,73.30000305175781,73.19999694824219,73.19999694824219,11106,0.0,0.0
2025-06-26 03:40:00+00:00,73.19999694824219,73.19999694824219,73.19999694824219,73.19999694824219,1020,0.0,0.0
2025-06-26 03:45:00+00:00,73.19999694824219,73.19999694824219,73.19999694824219,73.19999694824219,5023,0.0,0.0
2025-06-26 03:55:00+00:00,73.19999694824219,73.19999694824219,73.19999694824219,73.19999694824219,9037,0.0,0.0
2025-06-26 04:00:00+00:00,73.19999694824219,73.19999694824219,73.19999694824219,73.19999694824219,3032,0.0,0.0
2025-06-26 04:05:00+00:00,73.19999694824219,73.19999694824219,73.19999694824219,73.19999694824219,5185,0.0,0.0
2025-06-26 04:10:00+00:00,73.19999694824219,73.19999694824219,73.19999694824219,73.19999694824219,1000,0.0,0.0
2025-06-26 04:15:00+00:00,73.0999984741211,73.19999694824219,73.0999984741211,73.19999694824219,7004,0.0,0.0
2025-06-26 04:25:00+00:00,73.19999694824219,73.19999694824219,73.19999694824219,73.19999694824219,5000,0.0,0.0
2025-06-26 04:30:00+00:00,73.19999694824219,73.30000305175781,73.19999694824219,73.30000305175781,12250,0.0,0.0
2025-06-26 04:35:00+00:00,73.19999694824219,73.19999694824219,73.19999694824219,73.19999694824219,1000,0.0,0.0
2025-06-26 04:40:00+00:00,73.30000305175781,73.30000305175781,73.19999694824219,73.19999694824219,3101,0.0,0.0
2025-06-26 04:45:00+00:00,73.19999694824219,73.19999694824219,73.19999694824219,73.19999694824219,4000,0.0,0.0
2025-06-26 04:50:00+00:00,73.19999694824219,73.19999694824219,73.0,73.19999694824219,22115,0.0,0.0
2025-06-26 04:55:00+00:00,73.0999984741211,73.19999694824219,73.0999984741211,73.19999694824219,3400,0.0,0.0
2025-06-26 05:00:00+00:00,73.19999694824219,73.30000305175781,73.0999984741211,73.30000305175781,11000,0.0,0.0
2025-06-26 05:05:00+00:00,73.30000305175781,73.30000305175781,73.0999984741211,73.19999694824219,11100,0.0,0.0
2025-06-26 05:10:00+00:00,73.0999984741211,73.0999984741211,73.0999984741211,73.0999984741211,10008,0.0,0.0
2025-06-26 05:15:00+00:00,73.0,73.19999694824219,73.0,73.19999694824219,14876,0.0,0.0
2025-06-26 05:20:00+00:00,73.0999984741211,73.19999694824219,73.0,73.0,9637,0.0,0.0
2025-06-27 01:00:00+00:00,73.5,73.5,73.5,73.5,0,0.0,0.0
2025-06-27 01:05:00+00:00,73.30000305175781,73.30000305175781,73.19999694824219,73.19999694824219,7004,0.0,0.0
2025-06-27 01:10:00+00:00,73.19999694824219,73.19999694824219,73.19999694824219,73.19999694824219,1151,0.0,0.0
2025-06-27 01:15:00+00:00,73.0999984741211,73.0999984741211,73.0999984741211,73.0999984741211,5000,0.0,0.0
2025-06-27 01:20:00+00:00,73.0,73.0,73.0,73.0,1000,0.0,0.0
2025-06-27 01:25:00+00:00,73.0,73.0,73.0,73.0,8758,0.0,0.0
2025-06-27 01:30:00+00:00,73.0,73.0,72.5999984741211,72.5999984741211,27000,0.0,0.0
2025-06-27 01:40:00+00:00,72.80000305175781,72.80000305175781,72.80000305175781,72.80000305175781,3055,0.0,0.0
2025-06-27 01:45:00+00:00,72.80000305175781,72.9000015258789,72.80000305175781,72.9000015258789,6000,0.0,0.0
2025-06-27 01:50:00+00:00,72.9000015258789,72.9000015258789,72.9000015258789,72.9000015258789,12014,0.0,0.0
2025-06-27 01:55:00+00:00,72.9000015258789,72.9000015258789,72.9000015258789,72.9000015258789,1060,0.0,0.0
2025-06-27 02:00:00+00:00,72.9000015258789,73.0,72.9000015258789,72.9000015258789,3250,0.0,0.0
2025-06-27 02:05:00+00:00,72.9000015258789,73.0,72.80000305175781,73.0,16000,0.0,0.0
2025-06-27 02:10:00+00:00,72.9000015258789,72.9000015258789,72.9000015258789,72.9000015258789,10100,0.0,0.0
2025-06-27 02:15:00+00:00,72.9000015258789,72.9000015258789,72.9000015258789,72.9000015258789,5000,0.0,0.0
2025-06-27 02:20:00+00:00,73.0,73.0,72.9000015258789,72.9000015258789,9058,0.0,0.0
2025-06-27 02:25:00+00:00,72.9000015258789,72.9000015258789,72.80000305175781,72.80000305175781,21035,0.0,0.0
2025-06-27 02:30:00+00:00,72.80000305175781,72.80000305175781,72.80000305175781,72.80000305175781,3001,0.0,0.0
2025-06-27 02:35:00+00:00,72.80000305175781,72.80000305175781,72.69999694824219,72.69999694824219,12215,0.0,0.0
2025-06-27 02:40:00+00:00,72.80000305175781,72.80000305175781,72.80000305175781,72.80000305175781,1000,0.0,0.0
2025-06-27 02:45:00+00:00,72.80000305175781,72.80000305175781,72.80000305175781,72.80000305175781,2000,0.0,0.0
2025-06-27 02:50:00+00:00,72.80000305175781,72.80000305175781,72.69999694824219,72.80000305175781,7889,0.0,0.0
2025-06-27 03:00:00+00:00,72.80000305175781,72.80000305175781,72.80000305175781,72.80000305175781,3901,0.0,0.0
2025-06-27 03:05:00+00:00,72.80000305175781,72.80000305175781,72.80000305175781,72.80000305175781,3000,0.0,0.0
2025-06-27 03:10:00+00:00,72.69999694824219,72.69999694824219,72.69999694824219,72.69999694824219,5000,0.0,0.0
2025-06-27 03:15:00+00:00,72.69999694824219,72.9000015258789,72.69999694824219,72.9000015258789,9000,0.0,0.0
2025-06-27 03:25:00+00:00,72.80000305175781,72.9000015258789,72.80000305175781,72.9000015258789,9000,0.0,0.0
2025-06-27 03:30:00+00:00,72.80000305175781,72.80000305175781,72.69999694824219,72.69999694824219,7100,0.0,0.0
2025-06-27 03:35:00+00:00,72.69999694824219,72.69999694824219,72.69999694824219,72.69999694824219,2000,0.0,0.0
2025-06-27 03:45:00+00:00,72.80000305175781,72.80000305175781,72.80000305175781,72.80000305175781,12000,0.0,0.0
2025-06-27 03:50:00+00:00,72.69999694824219,72.80000305175781,72.69999694824219,72.80000305175781,5200,0.0,0.0
2025-06-27 04:00:00+00:00,72.69999694824219,72.80000305175781,72.69999694824219,72.80000305175781,5235,0.0,0.0
2025-06-27 04:05:00+00:00,72.80000305175781,72.80000305175781,72.69999694824219,72.80000305175781,5025,0.0,0.0
2025-06-27 04:10:00+00:00,72.69999694824219,72.80000305175781,72.69999694824219,72.69999694824219,10040,0.0,0.0
2025-06-27 04:15:00+00:00,72.69999694824219,72.69999694824219,72.69999694824219,72.69999694824219,4000,0.0,0.0
2025-06-27 04:20:00+00:00,72.69999694824219,72.80000305175781,72.69999694824219,72.80000305175781,22000,0.0,0.0
2025-06-27 04:25:00+00:00,72.80000305175781,72.80000305175781,72.80000305175781,72.80000305175781,5000,0.0,0.0
2025-06-27 04:30:00+00:00,72.9000015258789,73.0,72.9000015258789,73.0,13000,0.0,0.0
2025-06-27 04:35:00+00:00,72.9000015258789,73.0,72.9000015258789,72.9000015258789,4019,0.0,0.0
2025-06-27 04:50:00+00:00,72.9000015258789,72.9000015258789,72.9000015258789,72.9000015258789,2000,0.0,0.0
2025-06-27 04:55:00+00:00,72.9000015258789,72.9000015258789,72.80000305175781,72.80000305175781,12000,0.0,0.0
2025-06-27 05:00:00+00:00,72.69999694824219,72.80000305175781,72.69999694824219,72.80000305175781,21090,0.0,0.0
2025-06-27 05:05:00+00:00,72.80000305175781,72.80000305175781,72.80000305175781,72.80000305175781,3070,0.0,0.0
2025-06-27 05:10:00+00:00,72.80000305175781,72.80000305175781,72.80000305175781,72.80000305175781,4000,0.0,0.0
2025-06-27 05:15:00+00:00,72.80000305175781,72.80000305175781,72.69999694824219,72.80000305175781,10000,0.0,0.0
2025-06-27 05:20:00+00:00,72.69999694824219,72.69999694824219,72.5,72.5,65019,0.0,0.0
2025-06-30 01:00:00+00:00,72.80000305175781,72.9000015258789,72.19999694824219,72.19999694824219,0,0.0,0.0
2025-06-30 01:05:00+00:00,72.0999984741211,72.0999984741211,71.9000015258789,71.9000015258789,52000,0.0,0.0
2025-06-30 01:10:00+00:00,71.9000015258789,71.9000015258789,71.80000305175781,71.9000015258789,21265,0.0,0.0
2025-06-30 01:15:00+00:00,72.0,72.0,71.80000305175781,71.9000015258789,14100,0.0,0.0
2025-06-30 01:20:00+00:00,71.80000305175781,71.80000305175781,71.69999694824219,71.69999694824219,37013,0.0,0.0
2025-06-30 01:25:00+00:00,71.9000015258789,71.9000015258789,71.9000015258789,71.9000015258789,8000,0.0,0.0
2025-06-30 01:30:00+00:00,71.80000305175781,71.80000305175781,71.69999694824219,71.80000305175781,21164,0.0,0.0
2025-06-30 01:35:00+00:00,71.80000305175781,72.0,71.80000305175781,72.0,9007,0.0,0.0
2025-06-30 01:40:00+00:00,72.19999694824219,72.19999694824219,72.19999694824219,72.19999694824219,1003,0.0,0.0
2025-06-30 01:45:00+00:00,72.19999694824219,72.19999694824219,72.19999694824219,72.19999694824219,2001,0.0,0.0
2025-06-30 01:50:00+00:00,72.19999694824219,72.19999694824219,72.19999694824219,72.19999694824219,5004,0.0,0.0
2025-06-30 02:00:00+00:00,72.0999984741211,72.0999984741211,72.0999984741211,72.0999984741211,7000,0.0,0.0
2025-06-30 02:05:00+00:00,72.0,72.0,72.0,72.0,14131,0.0,0.0
2025-06-30 02:10:00+00:00,72.0,72.0,71.9000015258789,71.9000015258789,2000,0.0,0.0
2025-06-30 02:15:00+00:00,72.0,72.0999984741211,72.0,72.0999984741211,3117,0.0,0.0
2025-06-30 02:20:00+00:00,72.0,72.0,71.9000015258789,71.9000015258789,5000,0.0,0.0
2025-06-30 02:30:00+00:00,71.9000015258789,71.9000015258789,71.9000015258789,71.9000015258789,8000,0.0,0.0
2025-06-30 02:35:00+00:00,71.80000305175781,71.9000015258789,71.80000305175781,71.9000015258789,11001,0.0,0.0
2025-06-30 02:40:00+00:00,71.9000015258789,71.9000015258789,71.80000305175781,71.80000305175781,2000,0.0,0.0
2025-06-30 02:45:00+00:00,71.80000305175781,71.9000015258789,71.80000305175781,71.80000305175781,10332,0.0,0.0
2025-06-30 02:50:00+00:00,71.80000305175781,72.0,71.69999694824219,72.0,9013,0.0,0.0
2025-06-30 02:55:00+00:00,71.69999694824219,71.69999694824219,71.5999984741211,71.5999984741211,31895,0.0,0.0
2025-06-30 03:00:00+00:00,71.69999694824219,71.69999694824219,71.69999694824219,71.69999694824219,4010,0.0,0.0
2025-06-30 03:05:00+00:00,71.69999694824219,71.69999694824219,71.5999984741211,71.5999984741211,15000,0.0,0.0
2025-06-30 03:10:00+00:00,71.5999984741211,71.5999984741211,71.5999984741211,71.5999984741211,1321,0.0,0.0
2025-06-30 03:15:00+00:00,71.5999984741211,71.5999984741211,71.5,71.5,30277,0.0,0.0
2025-06-30 03:20:00+00:00,71.5,71.5999984741211,71.4000015258789,71.4000015258789,12879,0.0,0.0
2025-06-30 03:25:00+00:00,71.4000015258789,71.5,71.4000015258789,71.5,20000,0.0,0.0
2025-06-30 03:30:00+00:00,71.5,71.5,71.5,71.5,7000,0.0,0.0
2025-06-30 03:35:00+00:00,71.4000015258789,71.5,71.4000015258789,71.4000015258789,11104,0.0,0.0
2025-06-30 03:40:00+00:00,71.4000015258789,71.4000015258789,71.4000015258789,71.4000015258789,5000,0.0,0.0
2025-06-30 03:45:00+00:00,71.4000015258789,71.4000015258789,71.19999694824219,71.19999694824219,32244,0.0,0.0
2025-06-30 03:50:00+00:00,71.19999694824219,71.19999694824219,71.19999694824219,71.19999694824219,5005,0.0,0.0
2025-06-30 03:55:00+00:00,71.19999694824219,71.30000305175781,71.19999694824219,71.19999694824219,6000,0.0,0.0
2025-06-30 04:00:00+00:00,71.4000015258789,71.4000015258789,71.4000015258789,71.4000015258789,1000,0.0,0.0
2025-06-30 04:05:00+00:00,71.4000015258789,71.4000015258789,71.4000015258789,71.4000015258789,1000,0.0,0.0
2025-06-30 04:10:00+00:00,71.30000305175781,71.30000305175781,71.30000305175781,71.30000305175781,5000,0.0,0.0
2025-06-30 04:15:00+00:00,71.30000305175781,71.30000305175781,71.19999694824219,71.19999694824219,22168,0.0,0.0
2025-06-30 04:20:00+00:00,71.0999984741211,71.30000305175781,71.0999984741211,71.30000305175781,11150,0.0,0.0
2025-06-30 04:25:00+00:00,71.19999694824219,71.19999694824219,71.19999694824219,71.19999694824219,4215,0.0,0.0
2025-06-30 04:30:00+00:00,71.19999694824219,71.19999694824219,71.0999984741211,71.0999984741211,9030,0.0,0.0
2025-06-30 04:35:00+00:00,71.0999984741211,71.4000015258789,71.0999984741211,71.4000015258789,5012,0.0,0.0
2025-06-30 04:40:00+00:00,71.19999694824219,71.19999694824219,71.19999694824219,71.19999694824219,2000,0.0,0.0
2025-06-30 04:45:00+00:00,71.30000305175781,71.30000305175781,71.0999984741211,71.0999984741211,35777,0.0,0.0
2025-06-30 04:50:00+00:00,71.0999984741211,71.0999984741211,71.0999984741211,71.0999984741211,5000,0.0,0.0
2025-06-30 04:55:00+00:00,71.19999694824219,71.30000305175781,71.19999694824219,71.19999694824219,21186,0.0,0.0
2025-06-30 05:00:00+00:00,71.19999694824219,71.19999694824219,71.0999984741211,71.19999694824219,13460,0.0,0.0
2025-06-30 05:05:00+00:00,71.0999984741211,71.19999694824219,71.0999984741211,71.19999694824219,22340,0.0,0.0
2025-06-30 05:10:00+00:00,71.19999694824219,71.19999694824219,71.19999694824219,71.19999694824219,12560,0.0,0.0
2025-06-30 05:15:00+00:00,71.30000305175781,71.30000305175781,71.0999984741211,71.0999984741211,21180,0.0,0.0
2025-06-30 05:20:00+00:00,71.19999694824219,71.30000305175781,71.0999984741211,71.0999984741211,14820,0.0,0.0
2025-07-01 01:00:00+00:00,71.19999694824219,71.5999984741211,71.19999694824219,71.5999984741211,0,0.0,0.0
2025-07-01 01:05:00+00:00,71.9000015258789,72.0,71.80000305175781,72.0,27000,0.0,0.0
2025-07-01 01:10:00+00:00,72.0,72.0,71.69999694824219,71.69999694824219,18047,0.0,0.0
2025-07-01 01:15:00+00:00,71.69999694824219,71.69999694824219,71.5999984741211,71.5999984741211,8235,0.0,0.0
2025-07-01 01:20:00+00:00,71.4000015258789,71.5,71.30000305175781,71.5,30000,0.0,0.0
2025-07-01 01:25:00+00:00,71.5,71.5,71.5,71.5,3090,0.0,0.0
2025-07-01 01:30:00+00:00,71.5999984741211,71.69999694824219,71.5999984741211,71.69999694824219,6200,0.0,0.0
2025-07-01 01:35:00+00:00,71.80000305175781,72.30000305175781,71.80000305175781,72.0999984741211,41000,0.0,0.0
2025-07-01 01:40:00+00:00,72.0999984741211,72.5,72.0,72.4000015258789,43510,0.0,0.0
2025-07-01 01:45:00+00:00,72.30000305175781,72.30000305175781,72.0999984741211,72.0999984741211,15064,0.0,0.0
2025-07-01 01:50:00+00:00,72.0999984741211,72.0999984741211,72.0,72.0,12000,0.0,0.0
2025-07-01 01:55:00+00:00,71.9000015258789,72.0999984741211,71.9000015258789,72.0999984741211,14100,0.0,0.0
2025-07-01 02:00:00+00:00,72.0999984741211,72.0999984741211,72.0999984741211,72.0999984741211,2000,0.0,0.0
2025-07-01 02:05:00+00:00,72.0999984741211,72.0999984741211,71.9000015258789,71.9000015258789,12000,0.0,0.0
2025-07-01 02:10:00+00:00,71.9000015258789,72.0,71.80000305175781,71.80000305175781,22000,0.0,0.0
2025-07-01 02:15:00+00:00,72.0,72.0,72.0,72.0,6020,0.0,0.0
2025-07-01 02:20:00+00:00,71.9000015258789,71.9000015258789,71.9000015258789,71.9000015258789,2250,0.0,0.0
2025-07-01 02:25:00+00:00,71.9000015258789,72.0999984741211,71.9000015258789,72.0999984741211,6014,0.0,0.0
2025-07-01 02:30:00+00:00,72.0,72.0999984741211,72.0,72.0999984741211,6006,0.0,0.0
2025-07-01 02:35:00+00:00,72.0,72.0,72.0,72.0,3000,0.0,0.0
2025-07-01 02:40:00+00:00,71.9000015258789,71.9000015258789,71.9000015258789,71.9000015258789,2035,0.0,0.0
2025-07-01 02:45:00+00:00,72.0,72.0999984741211,72.0,72.0999984741211,3000,0.0,0.0
2025-07-01 02:50:00+00:00,72.0,72.0999984741211,72.0,72.0,6000,0.0,0.0
2025-07-01 02:55:00+00:00,72.0,72.0,72.0,72.0,3000,0.0,0.0
2025-07-01 03:00:00+00:00,72.0,72.0,72.0,72.0,3200,0.0,0.0
2025-07-01 03:05:00+00:00,72.0,72.0999984741211,71.9000015258789,72.0999984741211,18100,0.0,0.0
2025-07-01 03:10:00+00:00,72.0,72.0,72.0,72.0,9000,0.0,0.0
2025-07-01 03:15:00+00:00,71.9000015258789,71.9000015258789,71.9000015258789,71.9000015258789,12014,0.0,0.0
2025-07-01 03:20:00+00:00,71.9000015258789,72.0,71.9000015258789,72.0,4000,0.0,0.0
2025-07-01 03:25:00+00:00,71.9000015258789,71.9000015258789,71.80000305175781,71.80000305175781,7000,0.0,0.0
2025-07-01 03:30:00+00:00,71.9000015258789,71.9000015258789,71.80000305175781,71.80000305175781,5000,0.0,0.0
2025-07-01 03:35:00+00:00,71.80000305175781,71.80000305175781,71.80000305175781,71.80000305175781,1000,0.0,0.0
2025-07-01 03:40:00+00:00,71.80000305175781,71.80000305175781,71.69999694824219,71.80000305175781,24064,0.0,0.0
2025-07-01 03:45:00+00:00,71.80000305175781,71.80000305175781,71.80000305175781,71.80000305175781,4000,0.0,0.0
2025-07-01 03:50:00+00:00,71.80000305175781,71.80000305175781,71.80000305175781,71.80000305175781,1129,0.0,0.0
2025-07-01 03:55:00+00:00,71.80000305175781,71.9000015258789,71.80000305175781,71.9000015258789,2050,0.0,0.0
2025-07-01 04:00:00+00:00,71.9000015258789,71.9000015258789,71.80000305175781,71.80000305175781,25000,0.0,0.0
2025-07-01 04:05:00+00:00,71.80000305175781,71.80000305175781,71.80000305175781,71.80000305175781,4000,0.0,0.0
2025-07-01 04:15:00+00:00,71.80000305175781,71.80000305175781,71.80000305175781,71.80000305175781,6000,0.0,0.0
2025-07-01 04:20:00+00:00,71.80000305175781,71.80000305175781,71.69999694824219,71.69999694824219,10027,0.0,0.0
2025-07-01 04:25:00+00:00,71.5999984741211,71.5999984741211,71.5999984741211,71.5999984741211,4000,0.0,0.0
2025-07-01 04:35:00+00:00,71.5999984741211,71.5999984741211,71.5999984741211,71.5999984741211,4000,0.0,0.0
2025-07-01 04:40:00+00:00,71.5999984741211,71.5999984741211,71.5999984741211,71.5999984741211,1063,0.0,0.0
2025-07-01 04:45:00+00:00,71.69999694824219,71.69999694824219,71.69999694824219,71.69999694824219,7330,0.0,0.0
2025-07-01 04:55:00+00:00,71.69999694824219,71.80000305175781,71.5999984741211,71.5999984741211,12013,0.0,0.0
2025-07-01 05:00:00+00:00,71.5999984741211,71.5999984741211,71.30000305175781,71.30000305175781,21214,0.0,0.0
2025-07-01 05:10:00+00:00,71.5999984741211,71.80000305175781,71.5999984741211,71.80000305175781,12002,0.0,0.0
2025-07-01 05:15:00+00:00,71.80000305175781,71.80000305175781,71.69999694824219,71.80000305175781,3006,0.0,0.0
2025-07-01 05:20:00+00:00,71.5999984741211,71.9000015258789,71.5999984741211,71.5999984741211,11050,0.0,0.0
2025-07-02 01:00:00+00:00,71.5,71.5999984741211,71.5,71.5999984741211,0,0.0,0.0
2025-07-02 01:05:00+00:00,71.5999984741211,71.9000015258789,71.5999984741211,71.80000305175781,7372,0.0,0.0
2025-07-02 01:10:00+00:00,71.69999694824219,71.69999694824219,71.5999984741211,71.69999694824219,6029,0.0,0.0
2025-07-02 01:15:00+00:00,71.5999984741211,71.5999984741211,71.5,71.5,16030,0.0,0.0
2025-07-02 01:20:00+00:00,71.4000015258789,71.4000015258789,71.30000305175781,71.30000305175781,3100,0.0,0.0
2025-07-02 01:25:00+00:00,71.4000015258789,71.5999984741211,71.30000305175781,71.5999984741211,8240,0.0,0.0
2025-07-02 01:30:00+00:00,71.4000015258789,71.4000015258789,71.4000015258789,71.4000015258789,1109,0.0,0.0
2025-07-02 01:35:00+00:00,71.5999984741211,71.5999984741211,71.5,71.5,3010,0.0,0.0
2025-07-02 01:40:00+00:00,71.5999984741211,71.5999984741211,71.5999984741211,71.5999984741211,1400,0.0,0.0
2025-07-02 01:45:00+00:00,71.5999984741211,71.5999984741211,71.5999984741211,71.5999984741211,6345,0.0,0.0
2025-07-02 01:55:00+00:00,71.5999984741211,71.5999984741211,71.5999984741211,71.5999984741211,5000,0.0,0.0
2025-07-02 02:00:00+00:00,71.69999694824219,71.80000305175781,71.69999694824219,71.80000305175781,11000,0.0,0.0
2025-07-02 02:05:00+00:00,71.9000015258789,72.0,71.9000015258789,72.0,2010,0.0,0.0
2025-07-02 02:10:00+00:00,72.0,72.5,72.0,72.4000015258789,48000,0.0,0.0
2025-07-02 02:15:00+00:00,72.4000015258789,72.80000305175781,72.4000015258789,72.80000305175781,39060,0.0,0.0
2025-07-02 02:20:00+00:00,72.69999694824219,72.69999694824219,72.5,72.5,22000,0.0,0.0
2025-07-02 02:25:00+00:00,72.5,72.5,72.5,72.5,7000,0.0,0.0
2025-07-02 02:35:00+00:00,72.5,72.5,72.5,72.5,1010,0.0,0.0
2025-07-02 02:40:00+00:00,72.4000015258789,72.4000015258789,72.30000305175781,72.30000305175781,4000,0.0,0.0
2025-07-02 02:45:00+00:00,72.30000305175781,72.30000305175781,72.30000305175781,72.30000305175781,4079,0.0,0.0
2025-07-02 03:05:00+00:00,72.30000305175781,72.30000305175781,72.30000305175781,72.30000305175781,7034,0.0,0.0
2025-07-02 03:10:00+00:00,72.30000305175781,72.30000305175781,72.30000305175781,72.30000305175781,5003,0.0,0.0
2025-07-02 03:15:00+00:00,72.19999694824219,72.30000305175781,72.19999694824219,72.30000305175781,9000,0.0,0.0
2025-07-02 03:25:00+00:00,72.19999694824219,72.19999694824219,72.0999984741211,72.0999984741211,12000,0.0,0.0
2025-07-02 03:30:00+00:00,72.0999984741211,72.0999984741211,72.0999984741211,72.0999984741211,1100,0.0,0.0
2025-07-02 03:55:00+00:00,72.0,72.0999984741211,72.0,72.0999984741211,11000,0.0,0.0
2025-07-02 04:10:00+00:00,72.0999984741211,72.0999984741211,72.0999984741211,72.0999984741211,4200,0.0,0.0
2025-07-02 04:15:00+00:00,72.0,72.0,72.0,72.0,1000,0.0,0.0
2025-07-02 04:30:00+00:00,72.0999984741211,72.0999984741211,72.0999984741211,72.0999984741211,4000,0.0,0.0
2025-07-02 04:35:00+00:00,72.0,72.0,72.0,72.0,1000,0.0,0.0
2025-07-02 04:40:00+00:00,72.0,72.0999984741211,72.0,72.0999984741211,15520,0.0,0.0
2025-07-02 04:45:00+00:00,71.9000015258789,71.9000015258789,71.9000015258789,71.9000015258789,2151,0.0,0.0
2025-07-02 05:00:00+00:00,72.0,72.0,72.0,72.0,4000,0.0,0.0
2025-07-02 05:05:00+00:00,71.9000015258789,72.0,71.9000015258789,71.9000015258789,9000,0.0,0.0
2025-07-02 05:10:00+00:00,71.9000015258789,71.9000015258789,71.9000015258789,71.9000015258789,1000,0.0,0.0
2025-07-02 05:15:00+00:00,71.9000015258789,71.9000015258789,71.9000015258789,71.9000015258789,3000,0.0,0.0
2025-07-02 05:20:00+00:00,71.9000015258789,72.0,71.69999694824219,71.80000305175781,26015,0.0,0.0
2025-07-03 01:00:00+00:00,72.0999984741211,72.5999984741211,72.0999984741211,72.5,0,0.0,0.0
2025-07-03 01:05:00+00:00,72.5,72.5,72.5,72.5,8003,0.0,0.0
2025-07-03 01:10:00+00:00,72.4000015258789,72.4000015258789,72.30000305175781,72.4000015258789,51004,0.0,0.0
2025-07-03 01:15:00+00:00,72.4000015258789,72.5,72.4000015258789,72.5,7321,0.0,0.0
2025-07-03 01:20:00+00:00,72.5,72.5,72.5,72.5,1157,0.0,0.0
2025-07-03 01:25:00+00:00,72.30000305175781,72.30000305175781,72.30000305175781,72.30000305175781,2000,0.0,0.0
2025-07-03 01:30:00+00:00,72.30000305175781,72.69999694824219,72.30000305175781,72.69999694824219,24254,0.0,0.0
2025-07-03 01:35:00+00:00,72.5999984741211,72.69999694824219,72.5,72.5999984741211,9028,0.0,0.0
2025-07-03 01:40:00+00:00,72.69999694824219,72.69999694824219,72.5999984741211,72.5999984741211,9450,0.0,0.0
2025-07-03 01:45:00+00:00,72.5,72.5,72.0,72.0,82046,0.0,0.0
2025-07-03 01:50:00+00:00,72.0,72.30000305175781,72.0,72.30000305175781,51274,0.0,0.0
2025-07-03 01:55:00+00:00,72.30000305175781,72.30000305175781,72.19999694824219,72.19999694824219,2352,0.0,0.0
2025-07-03 02:00:00+00:00,72.30000305175781,72.5,72.30000305175781,72.4000015258789,9200,0.0,0.0
2025-07-03 02:10:00+00:00,72.4000015258789,72.4000015258789,72.4000015258789,72.4000015258789,2000,0.0,0.0
2025-07-03 02:15:00+00:00,72.4000015258789,72.4000015258789,72.30000305175781,72.30000305175781,2000,0.0,0.0
2025-07-03 02:20:00+00:00,72.30000305175781,72.5999984741211,72.30000305175781,72.5999984741211,41071,0.0,0.0
2025-07-03 02:25:00+00:00,72.5,72.69999694824219,72.5,72.69999694824219,4000,0.0,0.0
2025-07-03 02:30:00+00:00,72.5999984741211,72.5999984741211,72.5,72.5999984741211,3150,0.0,0.0
2025-07-03 02:35:00+00:00,72.5999984741211,72.5999984741211,72.4000015258789,72.4000015258789,13139,0.0,0.0
2025-07-03 02:40:00+00:00,72.4000015258789,72.4000015258789,72.4000015258789,72.4000015258789,2000,0.0,0.0
2025-07-03 02:45:00+00:00,72.5,72.5,72.5,72.5,4008,0.0,0.0
2025-07-03 02:50:00+00:00,72.4000015258789,72.4000015258789,72.4000015258789,72.4000015258789,3000,0.0,0.0
2025-07-03 02:55:00+00:00,72.4000015258789,72.4000015258789,72.4000015258789,72.4000015258789,2000,0.0,0.0
2025-07-03 03:05:00+00:00,72.4000015258789,72.4000015258789,72.4000015258789,72.4000015258789,5000,0.0,0.0
2025-07-03 03:10:00+00:00,72.30000305175781,72.30000305175781,72.19999694824219,72.19999694824219,21001,0.0,0.0
2025-07-03 03:15:00+00:00,72.30000305175781,72.5,72.30000305175781,72.4000015258789,15000,0.0,0.0
2025-07-03 03:20:00+00:00,72.4000015258789,72.4000015258789,72.19999694824219,72.19999694824219,14014,0.0,0.0
2025-07-03 03:25:00+00:00,72.19999694824219,72.5,72.19999694824219,72.30000305175781,21118,0.0,0.0
2025-07-03 03:30:00+00:00,72.4000015258789,72.5,72.4000015258789,72.5,2000,0.0,0.0
2025-07-03 03:35:00+00:00,72.4000015258789,72.5,72.30000305175781,72.5,15000,0.0,0.0
2025-07-03 03:40:00+00:00,72.5999984741211,72.5999984741211,72.5999984741211,72.5999984741211,10000,0.0,0.0
2025-07-03 03:45:00+00:00,72.69999694824219,72.69999694824219,72.5,72.5,9347,0.0,0.0
2025-07-03 03:50:00+00:00,72.5,72.5,72.5,72.5,7000,0.0,0.0
2025-07-03 04:00:00+00:00,72.5,72.5,72.5,72.5,4000,0.0,0.0
2025-07-03 04:05:00+00:00,72.5,72.5,72.5,72.5,12000,0.0,0.0
2025-07-03 04:10:00+00:00,72.4000015258789,72.5999984741211,72.4000015258789,72.5,14001,0.0,0.0
2025-07-03 04:20:00+00:00,72.30000305175781,72.4000015258789,72.30000305175781,72.4000015258789,2000,0.0,0.0
2025-07-03 04:30:00+00:00,72.4000015258789,72.4000015258789,72.4000015258789,72.4000015258789,1000,0.0,0.0
2025-07-03 04:35:00+00:00,72.4000015258789,72.4000015258789,72.4000015258789,72.4000015258789,7000,0.0,0.0
2025-07-03 04:40:00+00:00,72.4000015258789,72.4000015258789,72.30000305175781,72.30000305175781,5034,0.0,0.0
2025-07-03 04:45:00+00:00,72.4000015258789,72.4000015258789,72.4000015258789,72.4000015258789,2000,0.0,0.0
2025-07-03 04:50:00+00:00,72.4000015258789,72.4000015258789,72.19999694824219,72.19999694824219,14000,0.0,0.0
2025-07-03 04:55:00+00:00,72.30000305175781,72.30000305175781,72.30000305175781,72.30000305175781,1060,0.0,0.0
2025-07-03 05:00:00+00:00,72.4000015258789,72.4000015258789,72.4000015258789,72.4000015258789,4250,0.0,0.0
2025-07-03 05:05:00+00:00,72.4000015258789,72.5,72.4000015258789,72.4000015258789,17500,0.0,0.0
2025-07-03 05:10:00+00:00,72.5,72.5,72.5,72.5,9117,0.0,0.0
2025-07-03 05:15:00+00:00,72.5,72.5,72.4000015258789,72.5,19050,0.0,0.0
2025-07-03 05:20:00+00:00,72.5,72.5,72.4000015258789,72.5,12053,0.0,0.0
2025-05-06 01:00:00+00:00,67.80000305175781,68.4000015258789,67.69999694824219,67.9000015258789,0,0.0,0.0
2025-05-06 01:05:00+00:00,67.9000015258789,68.4000015258789,67.9000015258789,68.30000305175781,65000,0.0,0.0
2025-05-06 01:10:00+00:00,68.30000305175781,68.5999984741211,68.0999984741211,68.5999984741211,107689,0.0,0.0
2025-05-06 01:15:00+00:00,68.69999694824219,69.19999694824219,68.69999694824219,69.0,124374,0.0,0.0
2025-05-06 01:20:00+00:00,68.9000015258789,69.0999984741211,68.80000305175781,69.0,84457,0.0,0.0
2025-05-06 01:25:00+00:00,69.0,69.0999984741211,68.9000015258789,69.0,31000,0.0,0.0
2025-05-06 01:30:00+00:00,69.0,69.0999984741211,68.9000015258789,68.9000015258789,41200,0.0,0.0
2025-05-06 01:35:00+00:00,68.9000015258789,69.0,68.9000015258789,69.0,31049,0.0,0.0
2025-05-06 01:40:00+00:00,69.0,69.0999984741211,68.69999694824219,68.69999694824219,54831,0.0,0.0
2025-05-06 01:45:00+00:00,68.69999694824219,68.69999694824219,68.5,68.5,60497,0.0,0.0
2025-05-06 01:50:00+00:00,68.5999984741211,68.69999694824219,68.5999984741211,68.5999984741211,19648,0.0,0.0
2025-05-06 01:55:00+00:00,68.69999694824219,68.69999694824219,68.69999694824219,68.69999694824219,13104,0.0,0.0
2025-05-06 02:00:00+00:00,68.69999694824219,68.69999694824219,68.69999694824219,68.69999694824219,5500,0.0,0.0
2025-05-06 02:05:00+00:00,68.69999694824219,68.80000305175781,68.69999694824219,68.80000305175781,29050,0.0,0.0
2025-05-06 02:10:00+00:00,68.80000305175781,68.80000305175781,68.69999694824219,68.69999694824219,19101,0.0,0.0
2025-05-06 02:15:00+00:00,68.5999984741211,68.69999694824219,68.5999984741211,68.69999694824219,13138,0.0,0.0
2025-05-06 02:20:00+00:00,68.69999694824219,68.69999694824219,68.5999984741211,68.5999984741211,26200,0.0,0.0
2025-05-06 02:25:00+00:00,68.5999984741211,68.5999984741211,68.5,68.5999984741211,16150,0.0,0.0
2025-05-06 02:30:00+00:00,68.69999694824219,68.80000305175781,68.69999694824219,68.69999694824219,16221,0.0,0.0
2025-05-06 02:35:00+00:00,68.69999694824219,68.80000305175781,68.69999694824219,68.80000305175781,15000,0.0,0.0
2025-05-06 02:40:00+00:00,68.69999694824219,68.69999694824219,68.0999984741211,68.69999694824219,104000,0.0,0.0
2025-05-06 02:45:00+00:00,68.5999984741211,68.69999694824219,68.5,68.69999694824219,11000,0.0,0.0
2025-05-06 02:50:00+00:00,68.9000015258789,68.9000015258789,68.80000305175781,68.9000015258789,14219,0.0,0.0
2025-05-06 02:55:00+00:00,68.9000015258789,68.9000015258789,68.80000305175781,68.80000305175781,20065,0.0,0.0
2025-05-06 03:00:00+00:00,68.80000305175781,68.80000305175781,68.80000305175781,68.80000305175781,4406,0.0,0.0
2025-05-06 03:05:00+00:00,68.9000015258789,68.9000015258789,68.9000015258789,68.9000015258789,3000,0.0,0.0
2025-05-06 03:15:00+00:00,68.80000305175781,68.80000305175781,68.69999694824219,68.69999694824219,5337,0.0,0.0
2025-05-06 03:20:00+00:00,68.80000305175781,68.80000305175781,68.80000305175781,68.80000305175781,5517,0.0,0.0
2025-05-06 03:25:00+00:00,68.80000305175781,68.9000015258789,68.80000305175781,68.9000015258789,16000,0.0,0.0
2025-05-06 03:30:00+00:00,68.9000015258789,69.0999984741211,68.9000015258789,69.0999984741211,38000,0.0,0.0
2025-05-06 03:35:00+00:00,69.0999984741211,69.0999984741211,69.0999984741211,69.0999984741211,6500,0.0,0.0
2025-05-06 03:40:00+00:00,69.0999984741211,69.19999694824219,69.0999984741211,69.0999984741211,21000,0.0,0.0
2025-05-06 03:45:00+00:00,69.0999984741211,69.0999984741211,69.0999984741211,69.0999984741211,16000,0.0,0.0
2025-05-06 03:50:00+00:00,69.0,69.0,69.0,69.0,6001,0.0,0.0
2025-05-06 03:55:00+00:00,69.0,69.0,69.0,69.0,6000,0.0,0.0
2025-05-06 04:00:00+00:00,69.0,69.0999984741211,69.0,69.0999984741211,7000,0.0,0.0
2025-05-06 04:05:00+00:00,69.0999984741211,69.0999984741211,69.0,69.0999984741211,7000,0.0,0.0
2025-05-06 04:10:00+00:00,69.19999694824219,69.19999694824219,69.19999694824219,69.19999694824219,2000,0.0,0.0
2025-05-06 04:15:00+00:00,69.19999694824219,69.19999694824219,68.9000015258789,69.0,18311,0.0,0.0
2025-05-06 04:20:00+00:00,69.0,69.0,69.0,69.0,3100,0.0,0.0
2025-05-06 04:25:00+00:00,68.9000015258789,69.0,68.9000015258789,69.0,4000,0.0,0.0
2025-05-06 04:30:00+00:00,69.0,69.0,68.9000015258789,68.9000015258789,17200,0.0,0.0
2025-05-06 04:35:00+00:00,68.80000305175781,68.80000305175781,68.80000305175781,68.80000305175781,2000,0.0,0.0
2025-05-06 04:40:00+00:00,68.80000305175781,68.9000015258789,68.80000305175781,68.9000015258789,4180,0.0,0.0
2025-05-06 04:45:00+00:00,68.80000305175781,68.9000015258789,68.80000305175781,68.9000015258789,3030,0.0,0.0
2025-05-06 04:50:00+00:00,68.9000015258789,68.9000015258789,68.80000305175781,68.80000305175781,9000,0.0,0.0
2025-05-06 04:55:00+00:00,68.80000305175781,68.80000305175781,68.69999694824219,68.80000305175781,7000,0.0,0.0
2025-05-06 05:00:00+00:00,68.80000305175781,68.80000305175781,68.69999694824219,68.69999694824219,5000,0.0,0.0
2025-05-06 05:05:00+00:00,68.69999694824219,68.80000305175781,68.69999694824219,68.69999694824219,9020,0.0,0.0
2025-05-06 05:10:00+00:00,68.69999694824219,68.80000305175781,68.69999694824219,68.80000305175781,18054,0.0,0.0
2025-05-06 05:15:00+00:00,68.9000015258789,68.9000015258789,68.80000305175781,68.9000015258789,28000,0.0,0.0
2025-05-06 05:20:00+00:00,69.0,69.19999694824219,68.9000015258789,69.19999694824219,82377,0.0,0.0
2025-05-07 01:00:00+00:00,69.30000305175781,69.69999694824219,68.9000015258789,69.19999694824219,0,0.0,0.0
2025-05-07 01:05:00+00:00,69.19999694824219,69.5,69.0999984741211,69.4000015258789,70000,0.0,0.0
2025-05-07 01:10:00+00:00,69.5,69.5,69.30000305175781,69.30000305175781,65684,0.0,0.0
2025-05-07 01:15:00+00:00,69.30000305175781,69.4000015258789,69.19999694824219,69.19999694824219,44519,0.0,0.0
2025-05-07 01:20:00+00:00,69.0999984741211,69.0999984741211,68.9000015258789,68.9000015258789,71622,0.0,0.0
2025-05-07 01:25:00+00:00,68.9000015258789,69.0999984741211,68.9000015258789,68.9000015258789,55257,0.0,0.0
2025-05-07 01:30:00+00:00,68.80000305175781,68.80000305175781,68.5,68.5,78873,0.0,0.0
2025-05-07 01:35:00+00:00,68.5,68.5,68.30000305175781,68.4000015258789,53160,0.0,0.0
2025-05-07 01:40:00+00:00,68.4000015258789,68.69999694824219,68.4000015258789,68.69999694824219,31100,0.0,0.0
2025-05-07 01:45:00+00:00,68.80000305175781,69.0,68.69999694824219,69.0,19148,0.0,0.0
2025-05-07 01:50:00+00:00,69.0,69.0,68.9000015258789,69.0,12177,0.0,0.0
2025-05-07 01:55:00+00:00,69.0,69.0,69.0,69.0,14100,0.0,0.0
2025-05-07 02:00:00+00:00,69.0999984741211,69.0999984741211,68.9000015258789,68.9000015258789,30000,0.0,0.0
2025-05-07 02:05:00+00:00,68.9000015258789,69.19999694824219,68.9000015258789,69.0,22000,0.0,0.0
2025-05-07 02:10:00+00:00,69.0999984741211,69.0999984741211,69.0999984741211,69.0999984741211,13000,0.0,0.0
2025-05-07 02:15:00+00:00,69.0999984741211,69.19999694824219,69.0999984741211,69.19999694824219,5000,0.0,0.0
2025-05-07 02:20:00+00:00,69.19999694824219,69.19999694824219,69.0,69.0,9099,0.0,0.0
2025-05-07 02:25:00+00:00,69.0,69.0999984741211,68.9000015258789,69.0999984741211,13430,0.0,0.0
2025-05-07 02:30:00+00:00,69.0999984741211,69.5,69.0999984741211,69.5,54000,0.0,0.0
2025-05-07 02:35:00+00:00,69.4000015258789,69.5999984741211,69.4000015258789,69.5,39000,0.0,0.0
2025-05-07 02:40:00+00:00,69.5,69.5,69.19999694824219,69.19999694824219,14580,0.0,0.0
2025-05-07 02:45:00+00:00,69.19999694824219,69.19999694824219,69.0999984741211,69.0999984741211,7010,0.0,0.0
2025-05-07 02:50:00+00:00,69.0999984741211,69.0999984741211,69.0,69.0999984741211,9750,0.0,0.0
2025-05-07 03:00:00+00:00,69.0999984741211,69.19999694824219,69.0999984741211,69.19999694824219,4500,0.0,0.0
2025-05-07 03:05:00+00:00,69.19999694824219,69.19999694824219,69.19999694824219,69.19999694824219,4000,0.0,0.0
2025-05-07 03:10:00+00:00,69.19999694824219,69.19999694824219,69.19999694824219,69.19999694824219,2000,0.0,0.0
2025-05-07 03:15:00+00:00,69.0999984741211,69.0999984741211,69.0999984741211,69.0999984741211,4043,0.0,0.0
2025-05-07 03:20:00+00:00,69.0999984741211,69.19999694824219,69.0999984741211,69.0999984741211,11045,0.0,0.0
2025-05-07 03:25:00+00:00,69.19999694824219,69.19999694824219,69.19999694824219,69.19999694824219,7088,0.0,0.0
2025-05-07 03:30:00+00:00,69.19999694824219,69.19999694824219,69.19999694824219,69.19999694824219,3000,0.0,0.0
2025-05-07 03:40:00+00:00,69.0999984741211,69.0999984741211,69.0999984741211,69.0999984741211,1200,0.0,0.0
2025-05-07 03:45:00+00:00,69.0999984741211,69.0999984741211,69.0,69.0,12000,0.0,0.0
2025-05-07 03:50:00+00:00,69.0999984741211,69.0999984741211,69.0999984741211,69.0999984741211,1005,0.0,0.0
2025-05-07 03:55:00+00:00,69.0,69.0,69.0,69.0,13100,0.0,0.0
2025-05-07 04:00:00+00:00,68.9000015258789,69.0,68.80000305175781,69.0,28597,0.0,0.0
2025-05-07 04:05:00+00:00,69.0,69.0,69.0,69.0,5000,0.0,0.0
2025-05-07 04:10:00+00:00,68.9000015258789,69.0,68.80000305175781,68.80000305175781,10100,0.0,0.0
2025-05-07 04:15:00+00:00,68.80000305175781,69.0,68.80000305175781,69.0,10150,0.0,0.0
2025-05-07 04:20:00+00:00,69.0,69.0999984741211,69.0,69.0999984741211,2023,0.0,0.0
2025-05-07 04:25:00+00:00,69.0999984741211,69.0999984741211,69.0,69.0,5000,0.0,0.0
2025-05-07 04:30:00+00:00,69.0,69.0999984741211,69.0,69.0,3009,0.0,0.0
2025-05-07 04:35:00+00:00,69.0,69.0,69.0,69.0,5000,0.0,0.0
2025-05-07 04:40:00+00:00,69.0,69.0,68.9000015258789,69.0,14223,0.0,0.0
2025-05-07 04:45:00+00:00,68.9000015258789,69.0,68.80000305175781,69.0,15003,0.0,0.0
2025-05-07 04:50:00+00:00,69.0,69.0999984741211,69.0,69.0999984741211,7097,0.0,0.0
2025-05-07 04:55:00+00:00,69.0999984741211,69.19999694824219,69.0999984741211,69.19999694824219,9100,0.0,0.0
2025-05-07 05:00:00+00:00,69.0999984741211,69.0999984741211,68.9000015258789,69.0,37126,0.0,0.0
2025-05-07 05:05:00+00:00,68.9000015258789,68.9000015258789,68.9000015258789,68.9000015258789,1000,0.0,0.0
2025-05-07 05:10:00+00:00,69.0,69.0999984741211,68.9000015258789,69.0999984741211,32470,0.0,0.0
2025-05-07 05:15:00+00:00,69.0,69.0,69.0,69.0,14000,0.0,0.0
2025-05-07 05:20:00+00:00,69.0,69.0999984741211,69.0,69.0,16976,0.0,0.0
2025-05-08 01:00:00+00:00,70.9000015258789,71.5999984741211,70.9000015258789,71.0999984741211,0,0.0,0.0
2025-05-08 01:05:00+00:00,71.0,71.5999984741211,71.0,71.5,169369,0.0,0.0
2025-05-08 01:10:00+00:00,71.5,72.0999984741211,71.5,71.5,180129,0.0,0.0
2025-05-08 01:15:00+00:00,71.5,71.5,71.30000305175781,71.4000015258789,71705,0.0,0.0
2025-05-08 01:20:00+00:00,71.4000015258789,71.69999694824219,71.30000305175781,71.5999984741211,73758,0.0,0.0
2025-05-08 01:40:00+00:00,70.9000015258789,71.0999984741211,70.80000305175781,71.0,236019,0.0,0.0
2025-05-08 01:45:00+00:00,71.0999984741211,71.30000305175781,71.0999984741211,71.0999984741211,67068,0.0,0.0
2025-05-08 01:50:00+00:00,71.19999694824219,71.19999694824219,70.80000305175781,70.80000305175781,23010,0.0,0.0
2025-05-08 01:55:00+00:00,70.9000015258789,70.9000015258789,70.80000305175781,70.9000015258789,14020,0.0,0.0
2025-05-08 02:00:00+00:00,70.80000305175781,70.80000305175781,70.69999694824219,70.80000305175781,20000,0.0,0.0
2025-05-08 02:05:00+00:00,70.80000305175781,70.80000305175781,70.69999694824219,70.69999694824219,14500,0.0,0.0
2025-05-08 02:10:00+00:00,70.69999694824219,70.80000305175781,70.5999984741211,70.5999984741211,38174,0.0,0.0
2025-05-08 02:15:00+00:00,70.5999984741211,70.5999984741211,70.4000015258789,70.5,24020,0.0,0.0
2025-05-08 02:20:00+00:00,70.5,70.5999984741211,70.5,70.5,15000,0.0,0.0
2025-05-08 02:25:00+00:00,70.5,70.80000305175781,70.5,70.80000305175781,18000,0.0,0.0
2025-05-08 02:30:00+00:00,70.80000305175781,70.9000015258789,70.69999694824219,70.69999694824219,14132,0.0,0.0
2025-05-08 02:35:00+00:00,70.69999694824219,70.69999694824219,70.5999984741211,70.5999984741211,6000,0.0,0.0
2025-05-08 02:40:00+00:00,70.5999984741211,70.69999694824219,70.5999984741211,70.69999694824219,3120,0.0,0.0
2025-05-08 02:45:00+00:00,70.80000305175781,70.80000305175781,70.69999694824219,70.69999694824219,9000,0.0,0.0
2025-05-08 02:50:00+00:00,70.69999694824219,70.69999694824219,70.5999984741211,70.5999984741211,18507,0.0,0.0
2025-05-08 02:55:00+00:00,70.5,70.5,70.5,70.5,2000,0.0,0.0
2025-05-08 03:00:00+00:00,70.5999984741211,70.5999984741211,70.5999984741211,70.5999984741211,9000,0.0,0.0
2025-05-08 03:05:00+00:00,70.5999984741211,70.69999694824219,70.5999984741211,70.69999694824219,8000,0.0,0.0
2025-05-08 03:10:00+00:00,70.5999984741211,70.80000305175781,70.5999984741211,70.69999694824219,12000,0.0,0.0
2025-05-08 03:15:00+00:00,70.69999694824219,70.80000305175781,70.69999694824219,70.80000305175781,8000,0.0,0.0
2025-05-08 03:20:00+00:00,70.80000305175781,70.80000305175781,70.69999694824219,70.69999694824219,8196,0.0,0.0
2025-05-08 03:25:00+00:00,70.69999694824219,70.80000305175781,70.5999984741211,70.69999694824219,11083,0.0,0.0
2025-05-08 03:30:00+00:00,70.69999694824219,70.69999694824219,70.5999984741211,70.69999694824219,0,0.0,0.0
2025-05-08 03:35:00+00:00,70.5999984741211,70.69999694824219,70.5,70.5,602992,0.0,0.0
2025-05-08 03:40:00+00:00,70.5,70.5999984741211,70.5,70.5,27304,0.0,0.0
2025-05-08 03:45:00+00:00,70.69999694824219,70.69999694824219,70.5,70.5999984741211,7100,0.0,0.0
2025-05-08 03:50:00+00:00,70.5,70.5999984741211,70.5,70.5999984741211,7006,0.0,0.0
2025-05-08 03:55:00+00:00,70.5,70.5,70.4000015258789,70.5,23815,0.0,0.0
2025-05-08 04:00:00+00:00,70.5,70.5999984741211,70.5,70.5999984741211,6000,0.0,0.0
2025-05-08 04:05:00+00:00,70.5999984741211,70.5999984741211,70.5999984741211,70.5999984741211,9000,0.0,0.0
2025-05-08 04:10:00+00:00,70.5999984741211,70.69999694824219,70.5999984741211,70.69999694824219,10033,0.0,0.0
2025-05-08 04:15:00+00:00,70.5999984741211,70.69999694824219,70.5999984741211,70.5999984741211,8050,0.0,0.0
2025-05-08 04:20:00+00:00,70.69999694824219,70.80000305175781,70.5999984741211,70.80000305175781,27017,0.0,0.0
2025-05-08 04:25:00+00:00,70.80000305175781,70.80000305175781,70.80000305175781,70.80000305175781,14000,0.0,0.0
2025-05-08 04:30:00+00:00,70.80000305175781,70.9000015258789,70.69999694824219,70.69999694824219,17007,0.0,0.0
2025-05-08 04:35:00+00:00,70.69999694824219,70.69999694824219,70.69999694824219,70.69999694824219,13000,0.0,0.0
2025-05-08 04:40:00+00:00,70.69999694824219,70.69999694824219,70.69999694824219,70.69999694824219,10236,0.0,0.0
2025-05-08 04:45:00+00:00,70.80000305175781,70.80000305175781,70.80000305175781,70.80000305175781,7115,0.0,0.0
2025-05-08 04:50:00+00:00,70.69999694824219,70.80000305175781,70.69999694824219,70.69999694824219,23104,0.0,0.0
2025-05-08 04:55:00+00:00,70.69999694824219,70.69999694824219,70.69999694824219,70.69999694824219,4150,0.0,0.0
2025-05-08 05:00:00+00:00,70.69999694824219,70.69999694824219,70.5999984741211,70.5999984741211,21000,0.0,0.0
2025-05-08 05:05:00+00:00,70.5999984741211,70.69999694824219,70.5999984741211,70.69999694824219,23150,0.0,0.0
2025-05-08 05:10:00+00:00,70.69999694824219,70.69999694824219,70.5999984741211,70.5999984741211,4100,0.0,0.0
2025-05-08 05:15:00+00:00,70.5999984741211,70.69999694824219,70.5999984741211,70.5999984741211,24087,0.0,0.0
2025-05-08 05:20:00+00:00,70.5999984741211,70.80000305175781,70.5999984741211,70.80000305175781,60137,0.0,0.0
2025-05-09 01:00:00+00:00,71.5,71.5999984741211,70.9000015258789,70.9000015258789,0,0.0,0.0
2025-05-09 01:05:00+00:00,71.19999694824219,71.5999984741211,71.19999694824219,71.4000015258789,62028,0.0,0.0
2025-05-09 01:10:00+00:00,71.4000015258789,71.5,71.30000305175781,71.4000015258789,56996,0.0,0.0
2025-05-09 01:15:00+00:00,71.30000305175781,71.30000305175781,71.0999984741211,71.0999984741211,25000,0.0,0.0
2025-05-09 01:20:00+00:00,71.0999984741211,71.0999984741211,71.0,71.0999984741211,39348,0.0,0.0
2025-05-09 01:25:00+00:00,71.0,71.0,70.80000305175781,70.9000015258789,34069,0.0,0.0
2025-05-09 01:30:00+00:00,71.0,71.0,70.80000305175781,71.0,24000,0.0,0.0
2025-05-09 01:35:00+00:00,70.9000015258789,71.0,70.80000305175781,71.0,13460,0.0,0.0
2025-05-09 01:40:00+00:00,70.9000015258789,71.0,70.9000015258789,70.9000015258789,9010,0.0,0.0
2025-05-09 01:45:00+00:00,70.80000305175781,70.9000015258789,70.80000305175781,70.9000015258789,9160,0.0,0.0
2025-05-09 01:50:00+00:00,70.80000305175781,70.9000015258789,70.80000305175781,70.80000305175781,13000,0.0,0.0
2025-05-09 01:55:00+00:00,70.69999694824219,70.69999694824219,70.5999984741211,70.5999984741211,24429,0.0,0.0
2025-05-09 02:00:00+00:00,70.69999694824219,70.69999694824219,70.5999984741211,70.5999984741211,22472,0.0,0.0
2025-05-09 02:05:00+00:00,70.5,70.5999984741211,70.5,70.5999984741211,13001,0.0,0.0
2025-05-09 02:10:00+00:00,70.69999694824219,70.69999694824219,70.69999694824219,70.69999694824219,4000,0.0,0.0
2025-05-09 02:15:00+00:00,70.69999694824219,70.69999694824219,70.5999984741211,70.5999984741211,3000,0.0,0.0
2025-05-09 02:20:00+00:00,70.69999694824219,70.80000305175781,70.69999694824219,70.80000305175781,8010,0.0,0.0
2025-05-09 02:25:00+00:00,70.80000305175781,70.80000305175781,70.80000305175781,70.80000305175781,8150,0.0,0.0
2025-05-09 02:30:00+00:00,70.9000015258789,71.0,70.9000015258789,70.9000015258789,25105,0.0,0.0
2025-05-09 02:35:00+00:00,70.9000015258789,71.0999984741211,70.9000015258789,71.0,42270,0.0,0.0
2025-05-09 02:40:00+00:00,71.0999984741211,71.0999984741211,71.0999984741211,71.0999984741211,20000,0.0,0.0
2025-05-09 02:45:00+00:00,71.0999984741211,71.19999694824219,71.0999984741211,71.19999694824219,31000,0.0,0.0
2025-05-09 02:50:00+00:00,71.19999694824219,71.19999694824219,71.19999694824219,71.19999694824219,26000,0.0,0.0
2025-05-09 02:55:00+00:00,71.19999694824219,71.19999694824219,71.19999694824219,71.19999694824219,6000,0.0,0.0
2025-05-09 03:00:00+00:00,71.0999984741211,71.19999694824219,71.0999984741211,71.19999694824219,10000,0.0,0.0
2025-05-09 03:05:00+00:00,71.19999694824219,71.19999694824219,71.19999694824219,71.19999694824219,9000,0.0,0.0
2025-05-09 03:10:00+00:00,71.19999694824219,71.30000305175781,71.19999694824219,71.30000305175781,44829,0.0,0.0
2025-05-09 03:15:00+00:00,71.30000305175781,71.30000305175781,71.0,71.0999984741211,44010,0.0,0.0
2025-05-09 03:25:00+00:00,71.0999984741211,71.0999984741211,71.0999984741211,71.0999984741211,1020,0.0,0.0
2025-05-09 03:30:00+00:00,71.0999984741211,71.19999694824219,71.0,71.19999694824219,16225,0.0,0.0
2025-05-09 03:35:00+00:00,71.19999694824219,71.30000305175781,71.19999694824219,71.30000305175781,23000,0.0,0.0
2025-05-09 03:40:00+00:00,71.30000305175781,71.4000015258789,71.30000305175781,71.4000015258789,6000,0.0,0.0
2025-05-09 03:45:00+00:00,71.30000305175781,71.30000305175781,71.30000305175781,71.30000305175781,5000,0.0,0.0
2025-05-09 03:50:00+00:00,71.30000305175781,71.30000305175781,71.19999694824219,71.30000305175781,21000,0.0,0.0
2025-05-09 03:55:00+00:00,71.30000305175781,71.4000015258789,71.0999984741211,71.19999694824219,26240,0.0,0.0
2025-05-09 04:00:00+00:00,71.19999694824219,71.4000015258789,71.19999694824219,71.30000305175781,50000,0.0,0.0
2025-05-09 04:05:00+00:00,71.4000015258789,71.4000015258789,71.30000305175781,71.4000015258789,18148,0.0,0.0
2025-05-09 04:10:00+00:00,71.4000015258789,71.5,71.4000015258789,71.5,14000,0.0,0.0
2025-05-09 04:15:00+00:00,71.4000015258789,71.4000015258789,71.4000015258789,71.4000015258789,29486,0.0,0.0
2025-05-09 04:20:00+00:00,71.4000015258789,71.4000015258789,71.30000305175781,71.4000015258789,25000,0.0,0.0
2025-05-09 04:25:00+00:00,71.4000015258789,71.80000305175781,71.4000015258789,71.80000305175781,101642,0.0,0.0
2025-05-09 04:30:00+00:00,71.69999694824219,71.69999694824219,71.5999984741211,71.5999984741211,28016,0.0,0.0
2025-05-09 04:35:00+00:00,71.5999984741211,71.5999984741211,71.5,71.5,35234,0.0,0.0
2025-05-09 04:40:00+00:00,71.5,71.5999984741211,71.5,71.5999984741211,24216,0.0,0.0
2025-05-09 04:45:00+00:00,71.69999694824219,71.69999694824219,71.69999694824219,71.69999694824219,1030,0.0,0.0
2025-05-09 04:50:00+00:00,71.69999694824219,71.80000305175781,71.5999984741211,71.80000305175781,36000,0.0,0.0
2025-05-09 04:55:00+00:00,71.69999694824219,71.80000305175781,71.69999694824219,71.69999694824219,31001,0.0,0.0
2025-05-09 05:00:00+00:00,71.69999694824219,71.80000305175781,71.69999694824219,71.80000305175781,8169,0.0,0.0
2025-05-09 05:05:00+00:00,71.69999694824219,71.80000305175781,71.69999694824219,71.80000305175781,37041,0.0,0.0
2025-05-09 05:10:00+00:00,71.80000305175781,72.0,71.80000305175781,72.0,34220,0.0,0.0
2025-05-09 05:15:00+00:00,72.0,72.30000305175781,72.0,72.0,109552,0.0,0.0
2025-05-09 05:20:00+00:00,71.9000015258789,72.0,71.69999694824219,71.69999694824219,55277,0.0,0.0
2025-05-12 01:00:00+00:00,72.5,72.80000305175781,72.4000015258789,72.5999984741211,0,0.0,0.0
2025-05-12 01:05:00+00:00,72.5999984741211,73.0,72.5,73.0,114000,0.0,0.0
2025-05-12 01:10:00+00:00,73.0,73.19999694824219,72.5999984741211,72.80000305175781,114902,0.0,0.0
2025-05-12 01:15:00+00:00,72.9000015258789,73.30000305175781,72.9000015258789,73.0999984741211,91284,0.0,0.0
2025-05-12 01:20:00+00:00,73.0999984741211,73.30000305175781,72.9000015258789,73.19999694824219,80405,0.0,0.0
2025-05-12 01:25:00+00:00,73.19999694824219,73.30000305175781,73.19999694824219,73.30000305175781,29090,0.0,0.0
2025-05-12 01:30:00+00:00,73.4000015258789,73.80000305175781,73.0999984741211,73.69999694824219,148049,0.0,0.0
2025-05-12 01:35:00+00:00,73.69999694824219,74.5999984741211,73.5999984741211,74.5,287005,0.0,0.0
2025-05-12 01:40:00+00:00,74.5999984741211,74.5999984741211,74.0999984741211,74.4000015258789,194828,0.0,0.0
2025-05-12 01:45:00+00:00,74.4000015258789,74.5,74.19999694824219,74.19999694824219,132693,0.0,0.0
2025-05-12 01:50:00+00:00,74.19999694824219,74.19999694824219,74.0999984741211,74.0999984741211,68000,0.0,0.0
2025-05-12 01:55:00+00:00,74.0999984741211,74.19999694824219,74.0,74.19999694824219,40624,0.0,0.0
2025-05-12 02:00:00+00:00,74.30000305175781,74.5,74.30000305175781,74.4000015258789,48064,0.0,0.0
2025-05-12 02:05:00+00:00,74.30000305175781,74.30000305175781,74.19999694824219,74.19999694824219,24352,0.0,0.0
2025-05-12 02:10:00+00:00,74.19999694824219,74.30000305175781,74.0,74.0,91050,0.0,0.0
2025-05-12 02:15:00+00:00,74.0,74.19999694824219,74.0,74.0999984741211,54359,0.0,0.0
2025-05-12 02:20:00+00:00,74.0999984741211,74.30000305175781,74.0999984741211,74.19999694824219,18657,0.0,0.0
2025-05-12 02:25:00+00:00,74.19999694824219,74.30000305175781,74.19999694824219,74.19999694824219,9011,0.0,0.0
2025-05-12 02:30:00+00:00,74.30000305175781,74.30000305175781,74.30000305175781,74.30000305175781,21935,0.0,0.0
2025-05-12 02:35:00+00:00,74.30000305175781,74.30000305175781,74.19999694824219,74.30000305175781,24031,0.0,0.0
2025-05-12 02:40:00+00:00,74.30000305175781,74.30000305175781,74.19999694824219,74.19999694824219,22110,0.0,0.0
2025-05-12 02:45:00+00:00,74.19999694824219,74.19999694824219,74.19999694824219,74.19999694824219,6000,0.0,0.0
2025-05-12 02:50:00+00:00,74.19999694824219,74.19999694824219,74.19999694824219,74.19999694824219,9000,0.0,0.0
2025-05-12 02:55:00+00:00,74.19999694824219,74.19999694824219,74.0999984741211,74.19999694824219,7735,0.0,0.0
2025-05-12 03:00:00+00:00,74.19999694824219,74.19999694824219,74.0999984741211,74.0999984741211,6001,0.0,0.0
2025-05-12 03:05:00+00:00,74.19999694824219,74.19999694824219,74.0999984741211,74.0999984741211,7004,0.0,0.0
2025-05-12 03:10:00+00:00,74.19999694824219,74.19999694824219,74.0999984741211,74.0999984741211,9010,0.0,0.0
2025-05-12 03:15:00+00:00,74.0999984741211,74.19999694824219,74.0999984741211,74.19999694824219,8468,0.0,0.0
2025-05-12 03:20:00+00:00,74.19999694824219,74.19999694824219,74.0,74.0999984741211,30000,0.0,0.0
2025-05-12 03:25:00+00:00,74.0999984741211,74.19999694824219,74.0,74.0999984741211,42060,0.0,0.0
2025-05-12 03:30:00+00:00,74.0999984741211,74.30000305175781,74.0999984741211,74.30000305175781,23142,0.0,0.0
2025-05-12 03:35:00+00:00,74.30000305175781,74.30000305175781,74.19999694824219,74.30000305175781,5050,0.0,0.0
2025-05-12 03:40:00+00:00,74.30000305175781,74.30000305175781,74.19999694824219,74.19999694824219,3000,0.0,0.0
2025-05-12 03:45:00+00:00,74.19999694824219,74.19999694824219,74.19999694824219,74.19999694824219,12000,0.0,0.0
2025-05-12 03:50:00+00:00,74.19999694824219,74.19999694824219,74.19999694824219,74.19999694824219,7000,0.0,0.0
2025-05-12 03:55:00+00:00,74.19999694824219,74.19999694824219,74.0999984741211,74.0999984741211,8135,0.0,0.0
2025-05-12 04:00:00+00:00,74.0999984741211,74.0999984741211,74.0999984741211,74.0999984741211,1000,0.0,0.0
2025-05-12 04:05:00+00:00,74.0999984741211,74.19999694824219,74.0999984741211,74.19999694824219,3012,0.0,0.0
2025-05-12 04:10:00+00:00,74.19999694824219,74.19999694824219,74.0999984741211,74.0999984741211,14104,0.0,0.0
2025-05-12 04:15:00+00:00,74.0999984741211,74.19999694824219,74.0999984741211,74.19999694824219,14498,0.0,0.0
2025-05-12 04:20:00+00:00,74.19999694824219,74.19999694824219,74.0,74.0999984741211,23770,0.0,0.0
2025-05-12 04:25:00+00:00,74.19999694824219,74.30000305175781,74.0999984741211,74.30000305175781,85508,0.0,0.0
2025-05-12 04:30:00+00:00,74.4000015258789,74.5,74.30000305175781,74.4000015258789,75207,0.0,0.0
2025-05-12 04:35:00+00:00,74.4000015258789,74.5,74.4000015258789,74.4000015258789,14450,0.0,0.0
2025-05-12 04:40:00+00:00,74.4000015258789,74.4000015258789,74.4000015258789,74.4000015258789,13028,0.0,0.0
2025-05-12 04:45:00+00:00,74.4000015258789,74.5999984741211,74.4000015258789,74.5999984741211,32245,0.0,0.0
2025-05-12 04:50:00+00:00,74.5999984741211,74.5999984741211,74.5,74.5,22000,0.0,0.0
2025-05-12 04:55:00+00:00,74.5999984741211,74.5999984741211,74.5,74.5,20001,0.0,0.0
2025-05-12 05:00:00+00:00,74.5,74.5,74.4000015258789,74.4000015258789,44272,0.0,0.0
2025-05-12 05:05:00+00:00,74.4000015258789,74.4000015258789,74.4000015258789,74.4000015258789,9000,0.0,0.0
2025-05-12 05:10:00+00:00,74.4000015258789,74.4000015258789,74.30000305175781,74.30000305175781,30175,0.0,0.0
2025-05-12 05:15:00+00:00,74.30000305175781,74.4000015258789,74.30000305175781,74.30000305175781,12100,0.0,0.0
2025-05-12 05:20:00+00:00,74.4000015258789,74.4000015258789,74.19999694824219,74.19999694824219,86275,0.0,0.0
2025-05-13 01:00:00+00:00,76.0999984741211,76.5999984741211,75.5999984741211,75.80000305175781,562000,0.0,0.0
2025-05-13 01:05:00+00:00,75.80000305175781,75.80000305175781,75.30000305175781,75.4000015258789,122000,0.0,0.0
2025-05-13 01:10:00+00:00,75.5,75.5999984741211,75.4000015258789,75.4000015258789,80407,0.0,0.0
2025-05-13 01:15:00+00:00,75.4000015258789,75.5999984741211,75.0999984741211,75.19999694824219,91949,0.0,0.0
2025-05-13 01:20:00+00:00,75.19999694824219,75.19999694824219,75.0,75.0999984741211,134257,0.0,0.0
2025-05-13 01:25:00+00:00,75.0999984741211,75.19999694824219,74.80000305175781,75.0999984741211,134379,0.0,0.0
2025-05-13 01:30:00+00:00,75.0999984741211,75.0999984741211,75.0,75.0,61365,0.0,0.0
2025-05-13 01:35:00+00:00,75.0,75.0,74.5,74.5,87116,0.0,0.0
2025-05-13 01:40:00+00:00,74.5,74.80000305175781,74.5,74.69999694824219,58352,0.0,0.0
2025-05-13 01:45:00+00:00,74.69999694824219,74.69999694824219,74.5,74.5999984741211,55119,0.0,0.0
2025-05-13 01:50:00+00:00,74.5999984741211,74.69999694824219,74.5999984741211,74.5999984741211,48580,0.0,0.0
2025-05-13 01:55:00+00:00,74.5,74.5,74.19999694824219,74.5,100300,0.0,0.0
2025-05-13 02:00:00+00:00,74.5,74.5999984741211,74.4000015258789,74.4000015258789,14134,0.0,0.0
2025-05-13 02:05:00+00:00,74.5,74.5,74.4000015258789,74.5,25183,0.0,0.0
2025-05-13 02:10:00+00:00,74.4000015258789,74.5,74.0999984741211,74.0999984741211,72482,0.0,0.0
2025-05-13 02:15:00+00:00,74.0999984741211,74.0999984741211,73.9000015258789,74.0,134694,0.0,0.0
2025-05-13 02:20:00+00:00,73.9000015258789,74.19999694824219,73.9000015258789,74.19999694824219,38923,0.0,0.0
2025-05-13 02:25:00+00:00,74.0999984741211,74.0999984741211,74.0,74.0,9000,0.0,0.0
2025-05-13 02:30:00+00:00,74.0,74.0999984741211,74.0,74.0999984741211,18104,0.0,0.0
2025-05-13 02:35:00+00:00,74.0999984741211,74.19999694824219,74.0999984741211,74.19999694824219,17425,0.0,0.0
2025-05-13 02:40:00+00:00,74.19999694824219,74.19999694824219,74.0999984741211,74.0999984741211,24395,0.0,0.0
2025-05-13 02:45:00+00:00,74.19999694824219,74.30000305175781,74.0,74.0,71000,0.0,0.0
2025-05-13 02:50:00+00:00,73.9000015258789,74.0,73.9000015258789,74.0,7180,0.0,0.0
2025-05-13 02:55:00+00:00,74.0,74.0999984741211,73.9000015258789,73.9000015258789,3099,0.0,0.0
2025-05-13 03:00:00+00:00,74.0,74.0,73.69999694824219,73.69999694824219,85566,0.0,0.0
2025-05-13 03:05:00+00:00,73.69999694824219,73.80000305175781,73.4000015258789,73.80000305175781,122802,0.0,0.0
2025-05-13 03:10:00+00:00,73.80000305175781,73.80000305175781,73.80000305175781,73.80000305175781,7100,0.0,0.0
2025-05-13 03:15:00+00:00,73.69999694824219,73.80000305175781,73.5,73.5999984741211,22004,0.0,0.0
2025-05-13 03:20:00+00:00,73.5999984741211,73.69999694824219,73.5999984741211,73.5999984741211,11256,0.0,0.0
2025-05-13 03:25:00+00:00,73.5999984741211,73.80000305175781,73.5999984741211,73.5999984741211,40000,0.0,0.0
2025-05-13 03:30:00+00:00,73.5,73.69999694824219,73.5,73.69999694824219,53003,0.0,0.0
2025-05-13 03:35:00+00:00,73.69999694824219,73.69999694824219,73.69999694824219,73.69999694824219,7018,0.0,0.0
2025-05-13 03:40:00+00:00,73.5999984741211,73.5999984741211,73.5,73.5,17000,0.0,0.0
2025-05-13 03:45:00+00:00,73.5,73.5999984741211,73.5,73.5999984741211,19012,0.0,0.0
2025-05-13 03:50:00+00:00,73.5999984741211,73.5999984741211,73.5,73.5999984741211,3100,0.0,0.0
2025-05-13 03:55:00+00:00,73.5999984741211,73.69999694824219,73.5,73.5,25032,0.0,0.0
2025-05-13 04:00:00+00:00,73.5999984741211,73.5999984741211,73.5,73.5,6651,0.0,0.0
2025-05-13 04:05:00+00:00,73.69999694824219,73.69999694824219,73.69999694824219,73.69999694824219,1000,0.0,0.0
2025-05-13 04:10:00+00:00,73.69999694824219,73.69999694824219,73.5999984741211,73.69999694824219,5502,0.0,0.0
2025-05-13 04:15:00+00:00,73.5999984741211,73.5999984741211,73.5,73.5,24044,0.0,0.0
2025-05-13 04:20:00+00:00,73.5,73.5999984741211,73.5,73.5999984741211,12010,0.0,0.0
2025-05-13 04:25:00+00:00,73.5,73.5999984741211,73.5,73.5,7905,0.0,0.0
2025-05-13 04:30:00+00:00,73.5,73.5,73.5,73.5,29500,0.0,0.0
2025-05-13 04:35:00+00:00,73.5999984741211,73.5999984741211,73.5,73.5,25060,0.0,0.0
2025-05-13 04:40:00+00:00,73.5999984741211,73.5999984741211,73.5,73.5,5050,0.0,0.0
2025-05-13 04:45:00+00:00,73.5,73.5999984741211,73.5,73.5999984741211,15046,0.0,0.0
2025-05-13 04:50:00+00:00,73.5,73.5999984741211,73.5,73.5999984741211,14684,0.0,0.0
2025-05-13 04:55:00+00:00,73.5,73.5999984741211,73.5,73.5999984741211,9520,0.0,0.0
2025-05-13 05:00:00+00:00,73.69999694824219,74.0,73.69999694824219,73.9000015258789,41184,0.0,0.0
2025-05-13 05:05:00+00:00,73.80000305175781,73.80000305175781,73.69999694824219,73.69999694824219,21274,0.0,0.0
2025-05-13 05:10:00+00:00,73.69999694824219,73.80000305175781,73.5999984741211,73.5999984741211,38130,0.0,0.0
2025-05-13 05:15:00+00:00,73.5999984741211,73.80000305175781,73.5999984741211,73.80000305175781,20038,0.0,0.0
2025-05-13 05:20:00+00:00,73.69999694824219,73.80000305175781,73.5999984741211,73.69999694824219,29321,0.0,0.0
2025-05-14 01:00:00+00:00,74.80000305175781,74.80000305175781,73.80000305175781,74.0,66000,0.0,0.0
2025-05-14 01:05:00+00:00,74.0,74.19999694824219,73.9000015258789,74.0,61630,0.0,0.0
2025-05-14 01:10:00+00:00,73.9000015258789,74.0,73.80000305175781,74.0,50180,0.0,0.0
2025-05-14 01:15:00+00:00,73.9000015258789,74.0,73.80000305175781,73.80000305175781,52130,0.0,0.0
2025-05-14 01:20:00+00:00,74.0,74.0999984741211,74.0,74.0999984741211,25234,0.0,0.0
2025-05-14 01:25:00+00:00,74.0,74.4000015258789,74.0,74.30000305175781,17438,0.0,0.0
2025-05-14 01:30:00+00:00,74.4000015258789,74.5,74.30000305175781,74.4000015258789,33186,0.0,0.0
2025-05-14 01:35:00+00:00,74.30000305175781,74.30000305175781,74.19999694824219,74.30000305175781,20122,0.0,0.0
2025-05-14 01:40:00+00:00,74.30000305175781,74.4000015258789,74.30000305175781,74.4000015258789,17290,0.0,0.0
2025-05-14 01:45:00+00:00,74.4000015258789,74.5,74.4000015258789,74.5,46391,0.0,0.0
2025-05-14 01:50:00+00:00,74.5,74.5999984741211,74.5,74.5999984741211,45127,0.0,0.0
2025-05-14 01:55:00+00:00,74.5999984741211,74.5999984741211,74.5999984741211,74.5999984741211,22149,0.0,0.0
2025-05-14 02:00:00+00:00,74.5999984741211,74.5999984741211,74.5,74.5,22190,0.0,0.0
2025-05-14 02:05:00+00:00,74.5,74.5999984741211,74.5,74.5,14100,0.0,0.0
2025-05-14 02:10:00+00:00,74.5,74.5,74.4000015258789,74.4000015258789,27000,0.0,0.0
2025-05-14 02:15:00+00:00,74.5,74.5,74.4000015258789,74.5,10000,0.0,0.0
2025-05-14 02:20:00+00:00,74.5,74.5,74.4000015258789,74.4000015258789,19065,0.0,0.0
2025-05-14 02:25:00+00:00,74.4000015258789,74.5,74.4000015258789,74.4000015258789,35070,0.0,0.0
2025-05-14 02:30:00+00:00,74.5,74.5999984741211,74.5,74.5,20072,0.0,0.0
2025-05-14 02:35:00+00:00,74.5,74.5,74.4000015258789,74.4000015258789,26141,0.0,0.0
2025-05-14 02:40:00+00:00,74.4000015258789,74.4000015258789,74.4000015258789,74.4000015258789,27000,0.0,0.0
2025-05-14 02:45:00+00:00,74.5,74.5,74.4000015258789,74.4000015258789,7127,0.0,0.0
2025-05-14 02:50:00+00:00,74.30000305175781,74.4000015258789,74.30000305175781,74.30000305175781,10000,0.0,0.0
2025-05-14 02:55:00+00:00,74.30000305175781,74.4000015258789,74.30000305175781,74.4000015258789,12000,0.0,0.0
2025-05-14 03:00:00+00:00,74.4000015258789,74.4000015258789,74.30000305175781,74.4000015258789,19414,0.0,0.0
2025-05-14 03:05:00+00:00,74.4000015258789,74.4000015258789,74.4000015258789,74.4000015258789,2080,0.0,0.0
2025-05-14 03:10:00+00:00,74.4000015258789,74.5,74.4000015258789,74.4000015258789,6402,0.0,0.0
2025-05-14 03:15:00+00:00,74.4000015258789,74.5999984741211,74.4000015258789,74.5,57029,0.0,0.0
2025-05-14 03:20:00+00:00,74.5999984741211,74.5999984741211,74.5,74.5,5000,0.0,0.0
2025-05-14 03:25:00+00:00,74.5,74.5999984741211,74.5,74.5999984741211,4897,0.0,0.0
2025-05-14 03:30:00+00:00,74.5999984741211,74.5999984741211,74.5,74.5,9050,0.0,0.0
2025-05-14 03:35:00+00:00,74.5,74.5,74.4000015258789,74.4000015258789,16034,0.0,0.0
2025-05-14 03:40:00+00:00,74.4000015258789,74.4000015258789,74.4000015258789,74.4000015258789,2000,0.0,0.0
2025-05-14 03:45:00+00:00,74.4000015258789,74.5,74.4000015258789,74.5,14089,0.0,0.0
2025-05-14 03:50:00+00:00,74.5,74.5999984741211,74.5,74.5999984741211,47040,0.0,0.0
2025-05-14 03:55:00+00:00,74.5999984741211,74.5999984741211,74.5,74.5,21127,0.0,0.0
2025-05-14 04:00:00+00:00,74.5,74.5999984741211,74.5,74.5,11050,0.0,0.0
2025-05-14 04:05:00+00:00,74.5999984741211,74.5999984741211,74.5999984741211,74.5999984741211,3075,0.0,0.0
2025-05-14 04:10:00+00:00,74.5,74.5,74.5,74.5,2053,0.0,0.0
2025-05-14 04:15:00+00:00,74.5,74.5,74.5,74.5,10068,0.0,0.0
2025-05-14 04:20:00+00:00,74.5999984741211,74.80000305175781,74.5999984741211,74.80000305175781,84922,0.0,0.0
2025-05-14 04:25:00+00:00,74.80000305175781,74.80000305175781,74.69999694824219,74.80000305175781,29385,0.0,0.0
2025-05-14 04:30:00+00:00,74.9000015258789,74.9000015258789,74.80000305175781,74.9000015258789,47869,0.0,0.0
2025-05-14 04:35:00+00:00,74.9000015258789,75.0,74.9000015258789,75.0,43497,0.0,0.0
2025-05-14 04:40:00+00:00,75.0,75.0,74.9000015258789,74.9000015258789,64274,0.0,0.0
2025-05-14 04:45:00+00:00,75.0,75.0999984741211,75.0,75.0999984741211,29835,0.0,0.0
2025-05-14 04:50:00+00:00,75.0,75.0999984741211,75.0,75.0,31135,0.0,0.0
2025-05-14 04:55:00+00:00,75.0,75.0,74.9000015258789,74.9000015258789,5035,0.0,0.0
2025-05-14 05:00:00+00:00,75.0,75.0,74.9000015258789,75.0,25223,0.0,0.0
2025-05-14 05:05:00+00:00,75.0,75.0,74.9000015258789,75.0,7168,0.0,0.0
2025-05-14 05:10:00+00:00,74.9000015258789,75.0,74.9000015258789,75.0,26227,0.0,0.0
2025-05-14 05:15:00+00:00,75.0,75.0,74.9000015258789,75.0,13322,0.0,0.0
2025-05-14 05:20:00+00:00,74.9000015258789,75.0,74.9000015258789,74.9000015258789,24868,0.0,0.0
2025-05-15 01:00:00+00:00,75.30000305175781,75.30000305175781,74.80000305175781,75.0999984741211,0,0.0,0.0
2025-05-15 01:05:00+00:00,75.19999694824219,75.19999694824219,75.0999984741211,75.0999984741211,23006,0.0,0.0
2025-05-15 01:10:00+00:00,75.0999984741211,75.4000015258789,75.0999984741211,75.0999984741211,46044,0.0,0.0
2025-05-15 01:15:00+00:00,75.30000305175781,75.30000305175781,75.19999694824219,75.19999694824219,22250,0.0,0.0
2025-05-15 01:20:00+00:00,75.19999694824219,75.19999694824219,74.4000015258789,74.4000015258789,96464,0.0,0.0
2025-05-15 01:25:00+00:00,74.4000015258789,74.5,74.4000015258789,74.4000015258789,27790,0.0,0.0
2025-05-15 01:30:00+00:00,74.5,74.5,74.19999694824219,74.30000305175781,47000,0.0,0.0
2025-05-15 01:35:00+00:00,74.5,74.9000015258789,74.5,74.9000015258789,21330,0.0,0.0
2025-05-15 01:40:00+00:00,75.0,75.0999984741211,74.9000015258789,75.0999984741211,21115,0.0,0.0
2025-05-15 01:45:00+00:00,74.9000015258789,75.0999984741211,74.9000015258789,75.0,17023,0.0,0.0
2025-05-15 01:50:00+00:00,75.0999984741211,75.19999694824219,74.80000305175781,74.80000305175781,26336,0.0,0.0
2025-05-15 01:55:00+00:00,74.80000305175781,74.80000305175781,74.80000305175781,74.80000305175781,22192,0.0,0.0
2025-05-15 02:00:00+00:00,74.80000305175781,74.80000305175781,74.80000305175781,74.80000305175781,5597,0.0,0.0
2025-05-15 02:05:00+00:00,74.80000305175781,74.80000305175781,74.69999694824219,74.69999694824219,10168,0.0,0.0
2025-05-15 02:10:00+00:00,74.69999694824219,74.69999694824219,74.5999984741211,74.5999984741211,16014,0.0,0.0
2025-05-15 02:15:00+00:00,74.5999984741211,74.69999694824219,74.5,74.69999694824219,7089,0.0,0.0
2025-05-15 02:25:00+00:00,74.69999694824219,74.69999694824219,74.69999694824219,74.69999694824219,7000,0.0,0.0
2025-05-15 02:30:00+00:00,74.69999694824219,74.80000305175781,74.69999694824219,74.80000305175781,12103,0.0,0.0
2025-05-15 02:35:00+00:00,74.80000305175781,74.80000305175781,74.80000305175781,74.80000305175781,11002,0.0,0.0
2025-05-15 02:40:00+00:00,74.80000305175781,74.80000305175781,74.80000305175781,74.80000305175781,18003,0.0,0.0
2025-05-15 02:45:00+00:00,74.80000305175781,74.80000305175781,74.80000305175781,74.80000305175781,11108,0.0,0.0
2025-05-15 02:50:00+00:00,74.80000305175781,74.80000305175781,74.80000305175781,74.80000305175781,2000,0.0,0.0
2025-05-15 02:55:00+00:00,74.69999694824219,74.80000305175781,74.69999694824219,74.80000305175781,13100,0.0,0.0
2025-05-15 03:00:00+00:00,74.80000305175781,74.9000015258789,74.80000305175781,74.80000305175781,3000,0.0,0.0
2025-05-15 03:05:00+00:00,74.80000305175781,74.80000305175781,74.80000305175781,74.80000305175781,2000,0.0,0.0
2025-05-15 03:10:00+00:00,74.80000305175781,74.80000305175781,74.69999694824219,74.69999694824219,25200,0.0,0.0
2025-05-15 03:15:00+00:00,74.69999694824219,74.69999694824219,74.69999694824219,74.69999694824219,1000,0.0,0.0
2025-05-15 03:20:00+00:00,74.69999694824219,74.69999694824219,74.69999694824219,74.69999694824219,2100,0.0,0.0
2025-05-15 03:25:00+00:00,74.69999694824219,74.69999694824219,74.69999694824219,74.69999694824219,6139,0.0,0.0
2025-05-15 03:30:00+00:00,74.69999694824219,74.69999694824219,74.5999984741211,74.5999984741211,8000,0.0,0.0
2025-05-15 03:35:00+00:00,74.5999984741211,74.5999984741211,74.5999984741211,74.5999984741211,5400,0.0,0.0
2025-05-15 03:40:00+00:00,74.5999984741211,74.5999984741211,74.5999984741211,74.5999984741211,1116,0.0,0.0
2025-05-15 03:45:00+00:00,74.5999984741211,74.5999984741211,74.5,74.5,15002,0.0,0.0
2025-05-15 03:50:00+00:00,74.5999984741211,74.5999984741211,74.5999984741211,74.5999984741211,2050,0.0,0.0
2025-05-15 03:55:00+00:00,74.5,74.5999984741211,74.5,74.5,42355,0.0,0.0
2025-05-15 04:00:00+00:00,74.4000015258789,74.4000015258789,74.4000015258789,74.4000015258789,23003,0.0,0.0
2025-05-15 04:05:00+00:00,74.4000015258789,74.4000015258789,74.4000015258789,74.4000015258789,21582,0.0,0.0
2025-05-15 04:10:00+00:00,74.30000305175781,74.30000305175781,74.30000305175781,74.30000305175781,32524,0.0,0.0
2025-05-15 04:15:00+00:00,74.19999694824219,74.30000305175781,74.19999694824219,74.30000305175781,13940,0.0,0.0
2025-05-15 04:20:00+00:00,74.19999694824219,74.30000305175781,74.0,74.30000305175781,120368,0.0,0.0
2025-05-15 04:25:00+00:00,74.19999694824219,74.30000305175781,74.19999694824219,74.30000305175781,9000,0.0,0.0
2025-05-15 04:30:00+00:00,74.30000305175781,74.30000305175781,74.0,74.0,95000,0.0,0.0
2025-05-15 04:40:00+00:00,74.0999984741211,74.4000015258789,74.0999984741211,74.4000015258789,17000,0.0,0.0
2025-05-15 04:45:00+00:00,74.4000015258789,74.4000015258789,74.30000305175781,74.30000305175781,13000,0.0,0.0
2025-05-15 04:50:00+00:00,74.30000305175781,74.4000015258789,74.30000305175781,74.4000015258789,12360,0.0,0.0
2025-05-15 04:55:00+00:00,74.4000015258789,74.4000015258789,74.30000305175781,74.30000305175781,17015,0.0,0.0
2025-05-15 05:00:00+00:00,74.4000015258789,74.4000015258789,74.4000015258789,74.4000015258789,7130,0.0,0.0
2025-05-15 05:05:00+00:00,74.4000015258789,74.5,74.4000015258789,74.4000015258789,10173,0.0,0.0
2025-05-15 05:10:00+00:00,74.4000015258789,74.5,74.4000015258789,74.5,16327,0.0,0.0
2025-05-15 05:15:00+00:00,74.4000015258789,74.5,74.4000015258789,74.5,23300,0.0,0.0
2025-05-15 05:20:00+00:00,74.5,74.5999984741211,74.4000015258789,74.5999984741211,21040,0.0,0.0
2025-05-16 01:00:00+00:00,74.69999694824219,74.69999694824219,74.19999694824219,74.19999694824219,0,0.0,0.0
2025-05-16 01:05:00+00:00,74.5,74.80000305175781,74.5,74.80000305175781,23050,0.0,0.0
2025-05-16 01:10:00+00:00,74.80000305175781,74.80000305175781,74.69999694824219,74.69999694824219,7110,0.0,0.0
2025-05-16 01:15:00+00:00,74.69999694824219,74.69999694824219,74.5999984741211,74.5999984741211,8000,0.0,0.0
2025-05-16 01:20:00+00:00,74.5999984741211,74.5999984741211,74.5999984741211,74.5999984741211,19025,0.0,0.0
2025-05-16 01:25:00+00:00,74.5999984741211,74.5999984741211,74.5999984741211,74.5999984741211,7000,0.0,0.0
2025-05-16 01:30:00+00:00,74.69999694824219,74.80000305175781,74.5999984741211,74.80000305175781,12100,0.0,0.0
2025-05-16 01:35:00+00:00,74.80000305175781,74.9000015258789,74.80000305175781,74.80000305175781,9000,0.0,0.0
2025-05-16 01:40:00+00:00,74.80000305175781,75.0,74.69999694824219,75.0,29150,0.0,0.0
2025-05-16 01:45:00+00:00,75.0999984741211,75.0999984741211,75.0,75.0,20000,0.0,0.0
2025-05-16 01:50:00+00:00,75.0,75.0,74.80000305175781,74.80000305175781,18010,0.0,0.0
2025-05-16 01:55:00+00:00,74.80000305175781,75.0,74.80000305175781,75.0,8102,0.0,0.0
2025-05-16 02:00:00+00:00,74.9000015258789,74.9000015258789,74.9000015258789,74.9000015258789,14000,0.0,0.0
2025-05-16 02:05:00+00:00,74.80000305175781,74.80000305175781,74.80000305175781,74.80000305175781,12400,0.0,0.0
2025-05-16 02:10:00+00:00,74.80000305175781,74.80000305175781,74.69999694824219,74.69999694824219,14319,0.0,0.0
2025-05-16 02:15:00+00:00,74.5999984741211,74.69999694824219,74.5999984741211,74.5999984741211,7902,0.0,0.0
2025-05-16 02:20:00+00:00,74.69999694824219,74.69999694824219,74.69999694824219,74.69999694824219,11365,0.0,0.0
2025-05-16 02:25:00+00:00,74.69999694824219,74.80000305175781,74.69999694824219,74.80000305175781,17083,0.0,0.0
2025-05-16 02:30:00+00:00,74.80000305175781,74.80000305175781,74.69999694824219,74.69999694824219,23000,0.0,0.0
2025-05-16 02:35:00+00:00,74.69999694824219,74.80000305175781,74.69999694824219,74.80000305175781,4000,0.0,0.0
2025-05-16 02:40:00+00:00,74.69999694824219,74.80000305175781,74.69999694824219,74.80000305175781,2000,0.0,0.0
2025-05-16 02:45:00+00:00,74.80000305175781,74.80000305175781,74.5999984741211,74.80000305175781,16001,0.0,0.0
2025-05-16 02:55:00+00:00,74.5999984741211,74.5999984741211,74.5999984741211,74.5999984741211,1000,0.0,0.0
2025-05-16 03:00:00+00:00,74.5999984741211,74.69999694824219,74.5999984741211,74.5999984741211,10013,0.0,0.0
2025-05-16 03:10:00+00:00,74.69999694824219,74.69999694824219,74.5999984741211,74.69999694824219,13000,0.0,0.0
2025-05-16 03:15:00+00:00,74.5999984741211,74.5999984741211,74.4000015258789,74.4000015258789,49942,0.0,0.0
2025-05-16 03:20:00+00:00,74.4000015258789,74.4000015258789,74.30000305175781,74.4000015258789,25000,0.0,0.0
2025-05-16 03:25:00+00:00,74.4000015258789,74.4000015258789,74.4000015258789,74.4000015258789,6000,0.0,0.0
2025-05-16 03:30:00+00:00,74.4000015258789,74.4000015258789,74.4000015258789,74.4000015258789,7100,0.0,0.0
2025-05-16 03:35:00+00:00,74.4000015258789,74.4000015258789,74.4000015258789,74.4000015258789,1068,0.0,0.0
2025-05-16 03:40:00+00:00,74.4000015258789,74.4000015258789,74.4000015258789,74.4000015258789,4152,0.0,0.0
2025-05-16 03:45:00+00:00,74.4000015258789,74.4000015258789,74.19999694824219,74.19999694824219,31000,0.0,0.0
2025-05-16 03:50:00+00:00,74.19999694824219,74.30000305175781,74.19999694824219,74.30000305175781,8006,0.0,0.0
2025-05-16 03:55:00+00:00,74.30000305175781,74.30000305175781,74.19999694824219,74.19999694824219,34000,0.0,0.0
2025-05-16 04:00:00+00:00,74.19999694824219,74.30000305175781,74.19999694824219,74.30000305175781,14104,0.0,0.0
2025-05-16 04:10:00+00:00,74.30000305175781,74.30000305175781,74.0999984741211,74.0999984741211,16001,0.0,0.0
2025-05-16 04:15:00+00:00,74.19999694824219,74.19999694824219,74.19999694824219,74.19999694824219,1130,0.0,0.0
2025-05-16 04:20:00+00:00,74.19999694824219,74.30000305175781,74.0999984741211,74.30000305175781,12035,0.0,0.0
2025-05-16 04:25:00+00:00,74.0999984741211,74.30000305175781,74.0999984741211,74.30000305175781,2200,0.0,0.0
2025-05-16 04:30:00+00:00,74.19999694824219,74.30000305175781,74.19999694824219,74.30000305175781,4200,0.0,0.0
2025-05-16 04:35:00+00:00,74.30000305175781,74.30000305175781,74.30000305175781,74.30000305175781,10000,0.0,0.0
2025-05-16 04:40:00+00:00,74.30000305175781,74.30000305175781,74.30000305175781,74.30000305175781,4100,0.0,0.0
2025-05-16 04:45:00+00:00,74.30000305175781,74.30000305175781,74.30000305175781,74.30000305175781,7091,0.0,0.0
2025-05-16 04:50:00+00:00,74.30000305175781,74.30000305175781,74.30000305175781,74.30000305175781,2100,0.0,0.0
2025-05-16 04:55:00+00:00,74.30000305175781,74.30000305175781,74.30000305175781,74.30000305175781,1000,0.0,0.0
2025-05-16 05:00:00+00:00,74.30000305175781,74.30000305175781,74.19999694824219,74.30000305175781,30218,0.0,0.0
2025-05-16 05:05:00+00:00,74.19999694824219,74.19999694824219,74.19999694824219,74.19999694824219,7070,0.0,0.0
2025-05-16 05:10:00+00:00,74.19999694824219,74.19999694824219,74.19999694824219,74.19999694824219,9000,0.0,0.0
2025-05-16 05:15:00+00:00,74.19999694824219,74.19999694824219,74.19999694824219,74.19999694824219,25510,0.0,0.0
2025-05-16 05:20:00+00:00,74.19999694824219,74.30000305175781,74.19999694824219,74.30000305175781,13238,0.0,0.0
2025-05-19 01:00:00+00:00,74.5,75.5999984741211,74.5,75.0,0,0.0,0.0
2025-05-19 01:05:00+00:00,75.0,75.19999694824219,74.80000305175781,75.19999694824219,63303,0.0,0.0
2025-05-19 01:10:00+00:00,75.19999694824219,75.19999694824219,74.5999984741211,74.5999984741211,125679,0.0,0.0
2025-05-19 01:15:00+00:00,74.5999984741211,74.5999984741211,74.5,74.5,37035,0.0,0.0
2025-05-19 01:20:00+00:00,74.4000015258789,74.5999984741211,74.4000015258789,74.5999984741211,42287,0.0,0.0
2025-05-19 01:25:00+00:00,74.69999694824219,74.69999694824219,74.5999984741211,74.69999694824219,17000,0.0,0.0
2025-05-19 01:30:00+00:00,74.69999694824219,74.69999694824219,74.5,74.5,42006,0.0,0.0
2025-05-19 01:35:00+00:00,74.4000015258789,74.5,74.30000305175781,74.5,16368,0.0,0.0
2025-05-19 01:40:00+00:00,74.5,74.5,74.4000015258789,74.5,18000,0.0,0.0
2025-05-19 01:45:00+00:00,74.5,74.5,74.4000015258789,74.4000015258789,16000,0.0,0.0
2025-05-19 01:50:00+00:00,74.4000015258789,74.4000015258789,74.4000015258789,74.4000015258789,11003,0.0,0.0
2025-05-19 01:55:00+00:00,74.5999984741211,74.5999984741211,74.5,74.5,13800,0.0,0.0
2025-05-19 02:00:00+00:00,74.5999984741211,74.5999984741211,74.5999984741211,74.5999984741211,8011,0.0,0.0
2025-05-19 02:05:00+00:00,74.5,74.5,74.4000015258789,74.4000015258789,28054,0.0,0.0
2025-05-19 02:10:00+00:00,74.4000015258789,74.5,74.4000015258789,74.5,2009,0.0,0.0
2025-05-19 02:15:00+00:00,74.5,74.5999984741211,74.5,74.5999984741211,14028,0.0,0.0
2025-05-19 02:20:00+00:00,74.69999694824219,75.0,74.69999694824219,75.0,25141,0.0,0.0
2025-05-19 02:25:00+00:00,74.9000015258789,74.9000015258789,74.80000305175781,74.9000015258789,7000,0.0,0.0
2025-05-19 02:30:00+00:00,75.0,75.0999984741211,75.0,75.0,28000,0.0,0.0
2025-05-19 02:35:00+00:00,74.9000015258789,74.9000015258789,74.80000305175781,74.80000305175781,7000,0.0,0.0
2025-05-19 02:40:00+00:00,74.80000305175781,74.80000305175781,74.80000305175781,74.80000305175781,7000,0.0,0.0
2025-05-19 02:45:00+00:00,74.80000305175781,74.80000305175781,74.69999694824219,74.69999694824219,82200,0.0,0.0
2025-05-19 02:50:00+00:00,74.80000305175781,74.9000015258789,74.80000305175781,74.9000015258789,2311,0.0,0.0
2025-05-19 03:00:00+00:00,74.9000015258789,74.9000015258789,74.80000305175781,74.80000305175781,12200,0.0,0.0
2025-05-19 03:05:00+00:00,74.69999694824219,74.80000305175781,74.69999694824219,74.80000305175781,4024,0.0,0.0
2025-05-19 03:10:00+00:00,74.80000305175781,74.80000305175781,74.80000305175781,74.80000305175781,14010,0.0,0.0
2025-05-19 03:15:00+00:00,74.80000305175781,74.80000305175781,74.80000305175781,74.80000305175781,1001,0.0,0.0
2025-05-19 03:20:00+00:00,74.80000305175781,74.80000305175781,74.80000305175781,74.80000305175781,5030,0.0,0.0
2025-05-19 03:25:00+00:00,74.69999694824219,74.69999694824219,74.5999984741211,74.69999694824219,22006,0.0,0.0
2025-05-19 03:30:00+00:00,74.69999694824219,74.69999694824219,74.5,74.5,59015,0.0,0.0
2025-05-19 03:35:00+00:00,74.5,74.5999984741211,74.5,74.5999984741211,19010,0.0,0.0
2025-05-19 03:40:00+00:00,74.5,74.5,74.4000015258789,74.4000015258789,21468,0.0,0.0
2025-05-19 03:45:00+00:00,74.5,74.5,74.5,74.5,6116,0.0,0.0
2025-05-19 03:50:00+00:00,74.4000015258789,74.4000015258789,74.4000015258789,74.4000015258789,4000,0.0,0.0
2025-05-19 03:55:00+00:00,74.5,74.5,74.5,74.5,21000,0.0,0.0
2025-05-19 04:00:00+00:00,74.5,74.5,74.5,74.5,7200,0.0,0.0
2025-05-19 04:05:00+00:00,74.5,74.5,74.5,74.5,10000,0.0,0.0
2025-05-19 04:10:00+00:00,74.5,74.5999984741211,74.5,74.5999984741211,3117,0.0,0.0
2025-05-19 04:15:00+00:00,74.5,74.5,74.5,74.5,1001,0.0,0.0
2025-05-19 04:20:00+00:00,74.5,74.5999984741211,74.5,74.5,11012,0.0,0.0
2025-05-19 04:25:00+00:00,74.5,74.5,74.5,74.5,7000,0.0,0.0
2025-05-19 04:30:00+00:00,74.5,74.5,74.5,74.5,11178,0.0,0.0
2025-05-19 04:35:00+00:00,74.5,74.5,74.5,74.5,8000,0.0,0.0
2025-05-19 04:40:00+00:00,74.4000015258789,74.5,74.4000015258789,74.5,12000,0.0,0.0
2025-05-19 04:45:00+00:00,74.5,74.5,74.30000305175781,74.30000305175781,98195,0.0,0.0
2025-05-19 04:50:00+00:00,74.30000305175781,74.30000305175781,74.19999694824219,74.19999694824219,18000,0.0,0.0
2025-05-19 04:55:00+00:00,74.19999694824219,74.19999694824219,74.0999984741211,74.0999984741211,74705,0.0,0.0
2025-05-19 05:00:00+00:00,74.0999984741211,74.0999984741211,74.0999984741211,74.0999984741211,13000,0.0,0.0
2025-05-19 05:05:00+00:00,74.0999984741211,74.19999694824219,74.0999984741211,74.0999984741211,16016,0.0,0.0
2025-05-19 05:10:00+00:00,74.0999984741211,74.0999984741211,74.0,74.0999984741211,27700,0.0,0.0
2025-05-19 05:15:00+00:00,74.0999984741211,74.0999984741211,74.0,74.0999984741211,25151,0.0,0.0
2025-05-19 05:20:00+00:00,74.0,74.0999984741211,73.9000015258789,74.0,101065,0.0,0.0
2025-05-20 01:00:00+00:00,74.5,74.69999694824219,74.0999984741211,74.5,0,0.0,0.0
2025-05-20 01:05:00+00:00,74.5,74.69999694824219,74.5,74.5999984741211,54049,0.0,0.0
2025-05-20 01:10:00+00:00,74.5999984741211,74.5999984741211,74.4000015258789,74.5,10887,0.0,0.0
2025-05-20 01:15:00+00:00,74.5,74.5,74.5,74.5,2513,0.0,0.0
2025-05-20 01:20:00+00:00,74.5,74.5999984741211,74.5,74.5999984741211,19010,0.0,0.0
2025-05-20 01:25:00+00:00,74.5999984741211,74.5999984741211,74.5,74.5,8000,0.0,0.0
2025-05-20 01:30:00+00:00,74.4000015258789,74.4000015258789,74.0999984741211,74.19999694824219,36453,0.0,0.0
2025-05-20 01:35:00+00:00,74.19999694824219,74.19999694824219,74.19999694824219,74.19999694824219,8410,0.0,0.0
2025-05-20 01:40:00+00:00,74.19999694824219,74.19999694824219,74.0999984741211,74.0999984741211,5000,0.0,0.0
2025-05-20 01:45:00+00:00,74.0999984741211,74.30000305175781,74.0999984741211,74.30000305175781,16003,0.0,0.0
2025-05-20 01:50:00+00:00,74.30000305175781,74.4000015258789,74.30000305175781,74.4000015258789,7190,0.0,0.0
2025-05-20 01:55:00+00:00,74.4000015258789,74.4000015258789,74.30000305175781,74.30000305175781,13025,0.0,0.0
2025-05-20 02:05:00+00:00,74.30000305175781,74.30000305175781,74.19999694824219,74.19999694824219,5247,0.0,0.0
2025-05-20 02:10:00+00:00,74.19999694824219,74.19999694824219,74.19999694824219,74.19999694824219,4000,0.0,0.0
2025-05-20 02:15:00+00:00,74.19999694824219,74.19999694824219,74.19999694824219,74.19999694824219,6000,0.0,0.0
2025-05-20 02:20:00+00:00,74.19999694824219,74.19999694824219,74.0999984741211,74.0999984741211,10010,0.0,0.0
2025-05-20 02:25:00+00:00,74.0999984741211,74.19999694824219,74.0999984741211,74.0999984741211,7287,0.0,0.0
2025-05-20 02:30:00+00:00,74.0999984741211,74.0999984741211,74.0,74.0999984741211,23405,0.0,0.0
2025-05-20 02:35:00+00:00,74.19999694824219,74.30000305175781,74.19999694824219,74.19999694824219,13030,0.0,0.0
2025-05-20 02:40:00+00:00,74.30000305175781,74.5,74.30000305175781,74.4000015258789,23000,0.0,0.0
2025-05-20 02:45:00+00:00,74.4000015258789,74.4000015258789,74.30000305175781,74.30000305175781,5000,0.0,0.0
2025-05-20 02:50:00+00:00,74.30000305175781,74.30000305175781,74.30000305175781,74.30000305175781,2000,0.0,0.0
2025-05-20 02:55:00+00:00,74.30000305175781,74.30000305175781,74.30000305175781,74.30000305175781,1000,0.0,0.0
2025-05-20 03:00:00+00:00,74.30000305175781,74.30000305175781,74.19999694824219,74.19999694824219,2000,0.0,0.0
2025-05-20 03:05:00+00:00,74.19999694824219,74.19999694824219,74.19999694824219,74.19999694824219,6004,0.0,0.0
2025-05-20 03:10:00+00:00,74.30000305175781,74.30000305175781,74.30000305175781,74.30000305175781,12000,0.0,0.0
2025-05-20 03:15:00+00:00,74.19999694824219,74.19999694824219,74.0999984741211,74.0999984741211,8000,0.0,0.0
2025-05-20 03:20:00+00:00,74.19999694824219,74.19999694824219,74.0999984741211,74.0999984741211,7176,0.0,0.0
2025-05-20 03:30:00+00:00,74.19999694824219,74.19999694824219,74.19999694824219,74.19999694824219,2000,0.0,0.0
2025-05-20 03:35:00+00:00,74.0999984741211,74.19999694824219,74.0999984741211,74.19999694824219,6000,0.0,0.0
2025-05-20 03:40:00+00:00,74.19999694824219,74.4000015258789,74.19999694824219,74.30000305175781,14000,0.0,0.0
2025-05-20 03:45:00+00:00,74.30000305175781,74.30000305175781,74.30000305175781,74.30000305175781,1000,0.0,0.0
2025-05-20 03:50:00+00:00,74.30000305175781,74.4000015258789,74.30000305175781,74.4000015258789,11287,0.0,0.0
2025-05-20 03:55:00+00:00,74.30000305175781,74.30000305175781,74.30000305175781,74.30000305175781,10200,0.0,0.0
2025-05-20 04:00:00+00:00,74.30000305175781,74.30000305175781,74.19999694824219,74.19999694824219,8000,0.0,0.0
2025-05-20 04:05:00+00:00,74.0999984741211,74.19999694824219,74.0999984741211,74.0999984741211,6026,0.0,0.0
2025-05-20 04:10:00+00:00,74.0999984741211,74.0999984741211,74.0,74.0,12000,0.0,0.0
2025-05-20 04:15:00+00:00,74.0,74.0,74.0,74.0,30100,0.0,0.0
2025-05-20 04:20:00+00:00,74.0,74.0,74.0,74.0,4000,0.0,0.0
2025-05-20 04:25:00+00:00,74.0,74.0,73.9000015258789,74.0,4000,0.0,0.0
2025-05-20 04:30:00+00:00,73.9000015258789,73.9000015258789,73.80000305175781,73.80000305175781,26422,0.0,0.0
2025-05-20 04:35:00+00:00,73.80000305175781,73.80000305175781,73.80000305175781,73.80000305175781,4000,0.0,0.0
2025-05-20 04:45:00+00:00,73.80000305175781,73.9000015258789,73.80000305175781,73.80000305175781,8250,0.0,0.0
2025-05-20 04:50:00+00:00,73.80000305175781,73.9000015258789,73.80000305175781,73.9000015258789,5000,0.0,0.0
2025-05-20 04:55:00+00:00,73.9000015258789,74.0,73.9000015258789,74.0,9030,0.0,0.0
2025-05-20 05:00:00+00:00,73.9000015258789,73.9000015258789,73.9000015258789,73.9000015258789,4401,0.0,0.0
2025-05-20 05:05:00+00:00,74.0,74.0,73.9000015258789,73.9000015258789,8103,0.0,0.0
2025-05-20 05:10:00+00:00,73.9000015258789,73.9000015258789,73.80000305175781,73.80000305175781,16000,0.0,0.0
2025-05-20 05:15:00+00:00,74.0,74.0999984741211,74.0,74.0999984741211,25003,0.0,0.0
2025-05-20 05:20:00+00:00,74.0999984741211,74.19999694824219,73.80000305175781,73.9000015258789,34659,0.0,0.0
2025-05-21 01:00:00+00:00,74.0999984741211,74.4000015258789,74.0999984741211,74.30000305175781,0,0.0,0.0
2025-05-21 01:05:00+00:00,74.4000015258789,74.69999694824219,74.4000015258789,74.5,24800,0.0,0.0
2025-05-21 01:10:00+00:00,74.5,74.5,74.5,74.5,5000,0.0,0.0
2025-05-21 01:15:00+00:00,74.5,74.5999984741211,74.5,74.5999984741211,15120,0.0,0.0
2025-05-21 01:20:00+00:00,74.5999984741211,74.5999984741211,74.5,74.5,9000,0.0,0.0
2025-05-21 01:25:00+00:00,74.4000015258789,74.4000015258789,74.4000015258789,74.4000015258789,9000,0.0,0.0
2025-05-21 01:30:00+00:00,74.4000015258789,74.4000015258789,74.19999694824219,74.4000015258789,16001,0.0,0.0
2025-05-21 01:35:00+00:00,74.30000305175781,74.30000305175781,74.30000305175781,74.30000305175781,2000,0.0,0.0
2025-05-21 01:40:00+00:00,74.30000305175781,74.4000015258789,74.30000305175781,74.4000015258789,5251,0.0,0.0
2025-05-21 01:45:00+00:00,74.30000305175781,74.30000305175781,74.30000305175781,74.30000305175781,2000,0.0,0.0
2025-05-21 01:50:00+00:00,74.30000305175781,74.30000305175781,74.19999694824219,74.19999694824219,8001,0.0,0.0
2025-05-21 01:55:00+00:00,74.19999694824219,74.30000305175781,74.19999694824219,74.30000305175781,5174,0.0,0.0
2025-05-21 02:00:00+00:00,74.30000305175781,74.30000305175781,74.19999694824219,74.30000305175781,3010,0.0,0.0
2025-05-21 02:05:00+00:00,74.30000305175781,74.30000305175781,74.19999694824219,74.19999694824219,5000,0.0,0.0
2025-05-21 02:10:00+00:00,74.30000305175781,74.30000305175781,74.30000305175781,74.30000305175781,3200,0.0,0.0
2025-05-21 02:15:00+00:00,74.30000305175781,74.30000305175781,74.19999694824219,74.19999694824219,12429,0.0,0.0
2025-05-21 02:20:00+00:00,74.19999694824219,74.19999694824219,74.19999694824219,74.19999694824219,14171,0.0,0.0
2025-05-21 02:25:00+00:00,74.19999694824219,74.19999694824219,74.19999694824219,74.19999694824219,3000,0.0,0.0
2025-05-21 02:30:00+00:00,74.30000305175781,74.30000305175781,74.30000305175781,74.30000305175781,1000,0.0,0.0
2025-05-21 02:35:00+00:00,74.30000305175781,74.4000015258789,74.30000305175781,74.4000015258789,14000,0.0,0.0
2025-05-21 02:40:00+00:00,74.4000015258789,74.5,74.4000015258789,74.5,51000,0.0,0.0
2025-05-21 02:45:00+00:00,74.5,74.5999984741211,74.5,74.5999984741211,23053,0.0,0.0
2025-05-21 02:50:00+00:00,74.5999984741211,74.69999694824219,74.5,74.5,27000,0.0,0.0
2025-05-21 02:55:00+00:00,74.5999984741211,74.69999694824219,74.5999984741211,74.69999694824219,24000,0.0,0.0
2025-05-21 03:00:00+00:00,74.69999694824219,74.80000305175781,74.69999694824219,74.80000305175781,40000,0.0,0.0
2025-05-21 03:05:00+00:00,74.80000305175781,74.9000015258789,74.80000305175781,74.80000305175781,13003,0.0,0.0
2025-05-21 03:10:00+00:00,74.80000305175781,74.80000305175781,74.69999694824219,74.69999694824219,6000,0.0,0.0
2025-05-21 03:15:00+00:00,74.69999694824219,74.69999694824219,74.69999694824219,74.69999694824219,4000,0.0,0.0
2025-05-21 03:20:00+00:00,74.80000305175781,74.80000305175781,74.80000305175781,74.80000305175781,9113,0.0,0.0
2025-05-21 03:25:00+00:00,74.80000305175781,74.80000305175781,74.80000305175781,74.80000305175781,2005,0.0,0.0
2025-05-21 03:30:00+00:00,74.80000305175781,74.80000305175781,74.80000305175781,74.80000305175781,2000,0.0,0.0
2025-05-21 03:35:00+00:00,74.69999694824219,74.69999694824219,74.69999694824219,74.69999694824219,13000,0.0,0.0
2025-05-21 03:40:00+00:00,74.69999694824219,74.80000305175781,74.69999694824219,74.80000305175781,29100,0.0,0.0
2025-05-21 03:45:00+00:00,74.80000305175781,74.9000015258789,74.80000305175781,74.9000015258789,40013,0.0,0.0
2025-05-21 03:50:00+00:00,74.80000305175781,74.9000015258789,74.80000305175781,74.80000305175781,8000,0.0,0.0
2025-05-21 03:55:00+00:00,74.80000305175781,74.80000305175781,74.80000305175781,74.80000305175781,4000,0.0,0.0
2025-05-21 04:00:00+00:00,74.80000305175781,74.80000305175781,74.80000305175781,74.80000305175781,15100,0.0,0.0
2025-05-21 04:05:00+00:00,74.80000305175781,74.80000305175781,74.69999694824219,74.80000305175781,7017,0.0,0.0
2025-05-21 04:15:00+00:00,74.80000305175781,74.80000305175781,74.80000305175781,74.80000305175781,1003,0.0,0.0
2025-05-21 04:20:00+00:00,74.80000305175781,74.80000305175781,74.80000305175781,74.80000305175781,13000,0.0,0.0
2025-05-21 04:25:00+00:00,74.69999694824219,74.80000305175781,74.69999694824219,74.80000305175781,9400,0.0,0.0
2025-05-21 04:30:00+00:00,74.80000305175781,74.80000305175781,74.80000305175781,74.80000305175781,3386,0.0,0.0
2025-05-21 04:35:00+00:00,74.80000305175781,74.80000305175781,74.80000305175781,74.80000305175781,3164,0.0,0.0
2025-05-21 04:40:00+00:00,74.80000305175781,74.9000015258789,74.80000305175781,74.9000015258789,2186,0.0,0.0
2025-05-21 04:45:00+00:00,74.80000305175781,74.80000305175781,74.80000305175781,74.80000305175781,11000,0.0,0.0
2025-05-21 04:50:00+00:00,74.80000305175781,74.80000305175781,74.5999984741211,74.5999984741211,39000,0.0,0.0
2025-05-21 04:55:00+00:00,74.69999694824219,74.69999694824219,74.69999694824219,74.69999694824219,11000,0.0,0.0
2025-05-21 05:00:00+00:00,74.69999694824219,74.80000305175781,74.69999694824219,74.69999694824219,4000,0.0,0.0
2025-05-21 05:05:00+00:00,74.69999694824219,74.69999694824219,74.69999694824219,74.69999694824219,6101,0.0,0.0
2025-05-21 05:10:00+00:00,74.69999694824219,74.80000305175781,74.69999694824219,74.69999694824219,7055,0.0,0.0
2025-05-21 05:15:00+00:00,74.69999694824219,74.69999694824219,74.69999694824219,74.69999694824219,17785,0.0,0.0
2025-05-21 05:20:00+00:00,74.80000305175781,75.0,74.80000305175781,74.9000015258789,60122,0.0,0.0
2025-05-22 01:00:00+00:00,74.5,74.5,74.0,74.0,0,0.0,0.0
2025-05-22 01:05:00+00:00,74.0,74.5,74.0,74.5,23114,0.0,0.0
2025-05-22 01:10:00+00:00,74.30000305175781,74.4000015258789,74.30000305175781,74.4000015258789,7340,0.0,0.0
2025-05-22 01:15:00+00:00,74.4000015258789,74.5,74.4000015258789,74.5,64000,0.0,0.0
2025-05-22 01:20:00+00:00,74.30000305175781,74.30000305175781,74.30000305175781,74.30000305175781,16240,0.0,0.0
2025-05-22 01:25:00+00:00,74.30000305175781,74.30000305175781,74.30000305175781,74.30000305175781,5010,0.0,0.0
2025-05-22 01:30:00+00:00,74.30000305175781,74.30000305175781,74.30000305175781,74.30000305175781,6040,0.0,0.0
2025-05-22 01:35:00+00:00,74.30000305175781,74.30000305175781,74.30000305175781,74.30000305175781,2010,0.0,0.0
2025-05-22 01:40:00+00:00,74.30000305175781,74.30000305175781,74.30000305175781,74.30000305175781,2000,0.0,0.0
2025-05-22 01:45:00+00:00,74.4000015258789,74.4000015258789,74.30000305175781,74.30000305175781,9000,0.0,0.0
2025-05-22 01:50:00+00:00,74.30000305175781,74.30000305175781,74.0999984741211,74.19999694824219,22000,0.0,0.0
2025-05-22 01:55:00+00:00,74.19999694824219,74.19999694824219,74.19999694824219,74.19999694824219,5000,0.0,0.0
2025-05-22 02:00:00+00:00,74.19999694824219,74.30000305175781,74.19999694824219,74.30000305175781,34150,0.0,0.0
2025-05-22 02:05:00+00:00,74.19999694824219,74.19999694824219,74.0999984741211,74.0999984741211,12000,0.0,0.0
2025-05-22 02:10:00+00:00,74.19999694824219,74.19999694824219,74.19999694824219,74.19999694824219,3010,0.0,0.0
2025-05-22 02:15:00+00:00,74.30000305175781,74.30000305175781,74.0999984741211,74.0999984741211,3090,0.0,0.0
2025-05-22 02:20:00+00:00,74.0999984741211,74.19999694824219,74.0999984741211,74.19999694824219,2000,0.0,0.0
2025-05-22 02:25:00+00:00,74.19999694824219,74.19999694824219,74.19999694824219,74.19999694824219,3000,0.0,0.0
2025-05-22 02:30:00+00:00,74.4000015258789,74.4000015258789,74.4000015258789,74.4000015258789,4100,0.0,0.0
2025-05-22 02:35:00+00:00,74.30000305175781,74.30000305175781,74.19999694824219,74.19999694824219,5000,0.0,0.0
2025-05-22 02:40:00+00:00,74.19999694824219,74.30000305175781,74.19999694824219,74.19999694824219,13000,0.0,0.0
2025-05-22 02:45:00+00:00,74.19999694824219,74.19999694824219,74.0999984741211,74.0999984741211,23199,0.0,0.0
2025-05-22 02:50:00+00:00,74.0999984741211,74.0999984741211,74.0,74.0,26604,0.0,0.0
2025-05-22 02:55:00+00:00,74.0,74.0,74.0,74.0,3477,0.0,0.0
2025-05-22 03:00:00+00:00,74.0,74.0,74.0,74.0,6030,0.0,0.0
2025-05-22 03:05:00+00:00,74.0999984741211,74.0999984741211,74.0999984741211,74.0999984741211,3000,0.0,0.0
2025-05-22 03:10:00+00:00,74.0,74.0,74.0,74.0,10524,0.0,0.0
2025-05-22 03:15:00+00:00,74.0,74.0999984741211,74.0,74.0999984741211,3000,0.0,0.0
2025-05-22 03:20:00+00:00,74.0,74.0999984741211,74.0,74.0999984741211,11000,0.0,0.0
2025-05-22 03:25:00+00:00,74.0999984741211,74.0999984741211,74.0999984741211,74.0999984741211,3000,0.0,0.0
2025-05-22 03:30:00+00:00,74.0999984741211,74.0999984741211,74.0999984741211,74.0999984741211,3000,0.0,0.0
2025-05-22 03:35:00+00:00,74.0999984741211,74.0999984741211,73.9000015258789,73.9000015258789,20000,0.0,0.0
2025-05-22 03:40:00+00:00,73.9000015258789,73.9000015258789,73.9000015258789,73.9000015258789,11000,0.0,0.0
2025-05-22 03:50:00+00:00,74.0,74.0999984741211,74.0,74.0999984741211,2000,0.0,0.0
2025-05-22 03:55:00+00:00,74.0999984741211,74.0999984741211,74.0999984741211,74.0999984741211,1000,0.0,0.0
2025-05-22 04:00:00+00:00,74.0,74.0999984741211,74.0,74.0999984741211,2132,0.0,0.0
2025-05-22 04:10:00+00:00,74.19999694824219,74.19999694824219,74.0999984741211,74.0999984741211,3000,0.0,0.0
2025-05-22 04:15:00+00:00,74.0999984741211,74.0999984741211,74.0999984741211,74.0999984741211,6015,0.0,0.0
2025-05-22 04:25:00+00:00,74.0,74.0999984741211,74.0,74.0,12042,0.0,0.0
2025-05-22 04:30:00+00:00,74.0999984741211,74.0999984741211,74.0,74.0999984741211,5027,0.0,0.0
2025-05-22 04:35:00+00:00,74.0999984741211,74.0999984741211,74.0,74.0999984741211,5081,0.0,0.0
2025-05-22 04:40:00+00:00,74.0999984741211,74.0999984741211,74.0999984741211,74.0999984741211,1003,0.0,0.0
2025-05-22 04:45:00+00:00,74.0999984741211,74.19999694824219,74.0999984741211,74.19999694824219,6000,0.0,0.0
2025-05-22 04:50:00+00:00,74.19999694824219,74.19999694824219,74.19999694824219,74.19999694824219,2000,0.0,0.0
2025-05-22 04:55:00+00:00,74.0999984741211,74.0999984741211,74.0999984741211,74.0999984741211,3000,0.0,0.0
2025-05-22 05:00:00+00:00,74.0999984741211,74.0999984741211,74.0999984741211,74.0999984741211,9167,0.0,0.0
2025-05-22 05:05:00+00:00,74.0999984741211,74.19999694824219,74.0999984741211,74.0999984741211,15147,0.0,0.0
2025-05-22 05:10:00+00:00,74.19999694824219,74.19999694824219,74.0,74.0,17000,0.0,0.0
2025-05-22 05:15:00+00:00,74.0,74.0999984741211,74.0,74.0,51000,0.0,0.0
2025-05-22 05:20:00+00:00,73.9000015258789,74.0,73.9000015258789,73.9000015258789,22110,0.0,0.0
2025-05-23 01:00:00+00:00,74.5,74.5999984741211,74.5,74.5999984741211,0,0.0,0.0
2025-05-23 01:05:00+00:00,74.5,74.5999984741211,74.5,74.5999984741211,48000,0.0,0.0
2025-05-23 01:10:00+00:00,74.5999984741211,74.80000305175781,74.5999984741211,74.69999694824219,47318,0.0,0.0
2025-05-23 01:15:00+00:00,74.69999694824219,74.80000305175781,74.69999694824219,74.69999694824219,12453,0.0,0.0
2025-05-23 01:20:00+00:00,74.69999694824219,74.69999694824219,74.4000015258789,74.5,35000,0.0,0.0
2025-05-23 01:25:00+00:00,74.5,74.5,74.30000305175781,74.5,6050,0.0,0.0
2025-05-23 01:30:00+00:00,74.5,74.5,74.30000305175781,74.30000305175781,14070,0.0,0.0
2025-05-23 01:35:00+00:00,74.30000305175781,74.30000305175781,74.30000305175781,74.30000305175781,8000,0.0,0.0
2025-05-23 01:40:00+00:00,74.30000305175781,74.4000015258789,74.19999694824219,74.4000015258789,10205,0.0,0.0
2025-05-23 01:45:00+00:00,74.30000305175781,74.4000015258789,74.30000305175781,74.30000305175781,42045,0.0,0.0
2025-05-23 01:50:00+00:00,74.30000305175781,74.69999694824219,74.30000305175781,74.5999984741211,39006,0.0,0.0
2025-05-23 01:55:00+00:00,74.5999984741211,74.5999984741211,74.5,74.5,23098,0.0,0.0
2025-05-23 02:00:00+00:00,74.4000015258789,74.4000015258789,74.30000305175781,74.4000015258789,23054,0.0,0.0
2025-05-23 02:05:00+00:00,74.4000015258789,74.4000015258789,74.4000015258789,74.4000015258789,3002,0.0,0.0
2025-05-23 02:10:00+00:00,74.5,74.5,74.30000305175781,74.30000305175781,21000,0.0,0.0
2025-05-23 02:20:00+00:00,74.4000015258789,74.69999694824219,74.4000015258789,74.69999694824219,52000,0.0,0.0
2025-05-23 02:25:00+00:00,74.69999694824219,74.69999694824219,74.69999694824219,74.69999694824219,14500,0.0,0.0
2025-05-23 02:30:00+00:00,74.69999694824219,74.69999694824219,74.5999984741211,74.5999984741211,8580,0.0,0.0
2025-05-23 02:35:00+00:00,74.5,74.5999984741211,74.5,74.5999984741211,25170,0.0,0.0
2025-05-23 02:45:00+00:00,74.5999984741211,74.5999984741211,74.5999984741211,74.5999984741211,1007,0.0,0.0
2025-05-23 02:50:00+00:00,74.5,74.5,74.5,74.5,1004,0.0,0.0
2025-05-23 02:55:00+00:00,74.5,74.5,74.5,74.5,4050,0.0,0.0
2025-05-23 03:00:00+00:00,74.4000015258789,74.5,74.4000015258789,74.5,7000,0.0,0.0
2025-05-23 03:05:00+00:00,74.5,74.5999984741211,74.5,74.5,8003,0.0,0.0
2025-05-23 03:10:00+00:00,74.5999984741211,74.5999984741211,74.5,74.5,13010,0.0,0.0
2025-05-23 03:15:00+00:00,74.5,74.5,74.5,74.5,2150,0.0,0.0
2025-05-23 03:20:00+00:00,74.5,74.5,74.5,74.5,5030,0.0,0.0
2025-05-23 03:25:00+00:00,74.5,74.5,74.5,74.5,1003,0.0,0.0
2025-05-23 03:30:00+00:00,74.5,74.5,74.5,74.5,6000,0.0,0.0
2025-05-23 03:45:00+00:00,74.4000015258789,74.4000015258789,74.4000015258789,74.4000015258789,4045,0.0,0.0
2025-05-23 03:50:00+00:00,74.4000015258789,74.4000015258789,74.30000305175781,74.30000305175781,5000,0.0,0.0
2025-05-23 03:55:00+00:00,74.30000305175781,74.30000305175781,74.30000305175781,74.30000305175781,7303,0.0,0.0
2025-05-23 04:05:00+00:00,74.30000305175781,74.30000305175781,74.30000305175781,74.30000305175781,2000,0.0,0.0
2025-05-23 04:10:00+00:00,74.19999694824219,74.19999694824219,74.0999984741211,74.19999694824219,9004,0.0,0.0
2025-05-23 04:15:00+00:00,74.0999984741211,74.19999694824219,74.0999984741211,74.19999694824219,3000,0.0,0.0
2025-05-23 04:20:00+00:00,74.0999984741211,74.19999694824219,74.0,74.0999984741211,32744,0.0,0.0
2025-05-23 04:25:00+00:00,74.0,74.0,73.80000305175781,73.80000305175781,62690,0.0,0.0
2025-05-23 04:30:00+00:00,73.80000305175781,73.80000305175781,73.80000305175781,73.80000305175781,1000,0.0,0.0
2025-05-23 04:35:00+00:00,73.80000305175781,73.9000015258789,73.80000305175781,73.80000305175781,6000,0.0,0.0
2025-05-23 04:40:00+00:00,73.80000305175781,74.0,73.80000305175781,73.9000015258789,6572,0.0,0.0
2025-05-23 04:45:00+00:00,74.0,74.0,73.80000305175781,73.80000305175781,6200,0.0,0.0
2025-05-23 04:50:00+00:00,73.80000305175781,73.9000015258789,73.80000305175781,73.9000015258789,13248,0.0,0.0
2025-05-23 04:55:00+00:00,73.9000015258789,74.0,73.80000305175781,74.0,3230,0.0,0.0
2025-05-23 05:00:00+00:00,73.9000015258789,73.9000015258789,73.80000305175781,73.80000305175781,11410,0.0,0.0
2025-05-23 05:05:00+00:00,73.80000305175781,74.0,73.80000305175781,73.9000015258789,11103,0.0,0.0
2025-05-23 05:10:00+00:00,74.0,74.0,74.0,74.0,7000,0.0,0.0
2025-05-23 05:15:00+00:00,74.0,74.0,74.0,74.0,2000,0.0,0.0
2025-05-23 05:20:00+00:00,74.0,74.0999984741211,73.9000015258789,73.9000015258789,31003,0.0,0.0
2025-05-26 01:00:00+00:00,73.80000305175781,73.80000305175781,73.19999694824219,73.30000305175781,0,0.0,0.0
2025-05-26 01:05:00+00:00,73.30000305175781,73.4000015258789,73.0,73.4000015258789,28156,0.0,0.0
2025-05-26 01:10:00+00:00,73.5,73.9000015258789,73.5,73.80000305175781,8053,0.0,0.0
2025-05-26 01:15:00+00:00,74.0,74.0,73.9000015258789,74.0,7145,0.0,0.0
2025-05-26 01:20:00+00:00,73.9000015258789,73.9000015258789,73.80000305175781,73.80000305175781,18000,0.0,0.0
2025-05-26 01:25:00+00:00,73.9000015258789,74.0,73.80000305175781,73.9000015258789,12050,0.0,0.0
2025-05-26 01:30:00+00:00,74.0,74.0999984741211,73.9000015258789,74.0,12205,0.0,0.0
2025-05-26 01:35:00+00:00,73.9000015258789,74.0,73.9000015258789,74.0,8224,0.0,0.0
2025-05-26 01:40:00+00:00,73.9000015258789,74.0999984741211,73.80000305175781,74.0999984741211,16026,0.0,0.0
2025-05-26 01:45:00+00:00,74.0999984741211,74.0999984741211,74.0,74.0999984741211,4171,0.0,0.0
2025-05-26 01:50:00+00:00,74.0999984741211,74.0999984741211,74.0,74.0,6000,0.0,0.0
2025-05-26 01:55:00+00:00,74.0,74.30000305175781,73.80000305175781,74.30000305175781,12014,0.0,0.0
2025-05-26 02:00:00+00:00,74.4000015258789,74.5,74.4000015258789,74.5,23354,0.0,0.0
2025-05-26 02:05:00+00:00,74.4000015258789,74.4000015258789,74.4000015258789,74.4000015258789,3000,0.0,0.0
2025-05-26 02:10:00+00:00,74.4000015258789,74.4000015258789,74.0999984741211,74.0999984741211,11000,0.0,0.0
2025-05-26 02:15:00+00:00,74.0999984741211,74.0999984741211,74.0,74.0,2000,0.0,0.0
2025-05-26 02:20:00+00:00,74.19999694824219,74.19999694824219,74.19999694824219,74.19999694824219,3101,0.0,0.0
2025-05-26 02:25:00+00:00,74.0999984741211,74.0999984741211,74.0999984741211,74.0999984741211,1000,0.0,0.0
2025-05-26 02:30:00+00:00,74.19999694824219,74.19999694824219,74.19999694824219,74.19999694824219,6000,0.0,0.0
2025-05-26 02:40:00+00:00,74.19999694824219,74.19999694824219,74.19999694824219,74.19999694824219,4000,0.0,0.0
2025-05-26 02:45:00+00:00,74.19999694824219,74.19999694824219,74.19999694824219,74.19999694824219,7000,0.0,0.0
2025-05-26 02:55:00+00:00,74.0999984741211,74.0999984741211,74.0999984741211,74.0999984741211,9119,0.0,0.0
2025-05-26 03:05:00+00:00,74.0,74.0999984741211,74.0,74.0999984741211,4000,0.0,0.0
2025-05-26 03:15:00+00:00,74.0999984741211,74.0999984741211,74.0999984741211,74.0999984741211,5000,0.0,0.0
2025-05-26 03:20:00+00:00,74.0999984741211,74.0999984741211,74.0999984741211,74.0999984741211,1003,0.0,0.0
2025-05-26 03:30:00+00:00,74.0,74.0,74.0,74.0,7000,0.0,0.0
2025-05-26 03:35:00+00:00,74.0,74.0,73.9000015258789,73.9000015258789,12000,0.0,0.0
2025-05-26 03:40:00+00:00,74.0,74.0,74.0,74.0,2000,0.0,0.0
2025-05-26 03:45:00+00:00,73.9000015258789,73.9000015258789,73.9000015258789,73.9000015258789,1000,0.0,0.0
2025-05-26 03:55:00+00:00,73.9000015258789,73.9000015258789,73.80000305175781,73.80000305175781,6024,0.0,0.0
2025-05-26 04:00:00+00:00,73.80000305175781,73.80000305175781,73.80000305175781,73.80000305175781,7035,0.0,0.0
2025-05-26 04:05:00+00:00,73.9000015258789,73.9000015258789,73.9000015258789,73.9000015258789,4000,0.0,0.0
2025-05-26 04:10:00+00:00,73.9000015258789,73.9000015258789,73.9000015258789,73.9000015258789,3004,0.0,0.0
2025-05-26 04:15:00+00:00,74.0999984741211,74.0999984741211,73.80000305175781,73.80000305175781,25223,0.0,0.0
2025-05-26 04:20:00+00:00,73.80000305175781,73.80000305175781,73.69999694824219,73.69999694824219,25224,0.0,0.0
2025-05-26 04:25:00+00:00,73.5999984741211,73.69999694824219,73.5999984741211,73.5999984741211,11503,0.0,0.0
2025-05-26 04:30:00+00:00,73.5999984741211,73.5999984741211,73.5999984741211,73.5999984741211,7000,0.0,0.0
2025-05-26 04:35:00+00:00,73.69999694824219,73.80000305175781,73.69999694824219,73.80000305175781,27000,0.0,0.0
2025-05-26 04:40:00+00:00,73.80000305175781,73.80000305175781,73.80000305175781,73.80000305175781,5000,0.0,0.0
2025-05-26 04:45:00+00:00,73.80000305175781,73.9000015258789,73.80000305175781,73.80000305175781,6009,0.0,0.0
2025-05-26 04:50:00+00:00,73.9000015258789,73.9000015258789,73.9000015258789,73.9000015258789,1000,0.0,0.0
2025-05-26 04:55:00+00:00,73.9000015258789,73.9000015258789,73.9000015258789,73.9000015258789,4000,0.0,0.0
2025-05-26 05:00:00+00:00,73.80000305175781,73.80000305175781,73.80000305175781,73.80000305175781,3030,0.0,0.0
2025-05-26 05:05:00+00:00,73.80000305175781,73.80000305175781,73.80000305175781,73.80000305175781,4000,0.0,0.0
2025-05-26 05:10:00+00:00,73.80000305175781,73.9000015258789,73.80000305175781,73.9000015258789,3000,0.0,0.0
2025-05-26 05:15:00+00:00,73.80000305175781,73.9000015258789,73.80000305175781,73.9000015258789,11300,0.0,0.0
2025-05-26 05:20:00+00:00,73.9000015258789,74.0,73.9000015258789,73.9000015258789,5300,0.0,0.0
2025-05-27 01:00:00+00:00,74.0,74.4000015258789,74.0,74.0,0,0.0,0.0
2025-05-27 01:05:00+00:00,74.0999984741211,74.0999984741211,74.0,74.0,9002,0.0,0.0
2025-05-27 01:10:00+00:00,74.0,74.0,73.9000015258789,74.0,7058,0.0,0.0
2025-05-27 01:15:00+00:00,74.0,74.19999694824219,74.0,74.19999694824219,9000,0.0,0.0
2025-05-27 01:20:00+00:00,74.19999694824219,74.30000305175781,74.19999694824219,74.30000305175781,7092,0.0,0.0
2025-05-27 01:25:00+00:00,74.30000305175781,74.30000305175781,74.30000305175781,74.30000305175781,8000,0.0,0.0
2025-05-27 01:30:00+00:00,74.30000305175781,74.30000305175781,74.19999694824219,74.30000305175781,5000,0.0,0.0
2025-05-27 01:35:00+00:00,74.30000305175781,74.30000305175781,74.19999694824219,74.19999694824219,8000,0.0,0.0
2025-05-27 01:40:00+00:00,74.0999984741211,74.19999694824219,74.0999984741211,74.0999984741211,15019,0.0,0.0
2025-05-27 01:45:00+00:00,74.0999984741211,74.0999984741211,74.0,74.0,6000,0.0,0.0
2025-05-27 01:50:00+00:00,74.0,74.0999984741211,74.0,74.0,15109,0.0,0.0
2025-05-27 01:55:00+00:00,74.0,74.0,73.69999694824219,73.69999694824219,22061,0.0,0.0
2025-05-27 02:00:00+00:00,73.69999694824219,73.69999694824219,73.4000015258789,73.4000015258789,19300,0.0,0.0
2025-05-27 02:05:00+00:00,73.4000015258789,73.4000015258789,73.4000015258789,73.4000015258789,6015,0.0,0.0
2025-05-27 02:10:00+00:00,73.4000015258789,73.4000015258789,73.19999694824219,73.19999694824219,10965,0.0,0.0
2025-05-27 02:15:00+00:00,73.30000305175781,73.4000015258789,73.30000305175781,73.4000015258789,11007,0.0,0.0
2025-05-27 02:20:00+00:00,73.30000305175781,73.30000305175781,73.30000305175781,73.30000305175781,6006,0.0,0.0
2025-05-27 02:25:00+00:00,73.4000015258789,73.4000015258789,73.4000015258789,73.4000015258789,1145,0.0,0.0
2025-05-27 02:30:00+00:00,73.4000015258789,73.5,73.4000015258789,73.5,3250,0.0,0.0
2025-05-27 02:40:00+00:00,73.5999984741211,73.5999984741211,73.5999984741211,73.5999984741211,4000,0.0,0.0
2025-05-27 02:45:00+00:00,73.5,73.5,73.4000015258789,73.4000015258789,6067,0.0,0.0
2025-05-27 02:50:00+00:00,73.4000015258789,73.4000015258789,73.30000305175781,73.30000305175781,11000,0.0,0.0
2025-05-27 02:55:00+00:00,73.4000015258789,73.4000015258789,73.4000015258789,73.4000015258789,1000,0.0,0.0
2025-05-27 03:00:00+00:00,73.30000305175781,73.30000305175781,73.30000305175781,73.30000305175781,3040,0.0,0.0
2025-05-27 03:05:00+00:00,73.4000015258789,73.4000015258789,73.4000015258789,73.4000015258789,2129,0.0,0.0
2025-05-27 03:10:00+00:00,73.30000305175781,73.30000305175781,73.19999694824219,73.19999694824219,12070,0.0,0.0
2025-05-27 03:15:00+00:00,73.19999694824219,73.30000305175781,73.19999694824219,73.30000305175781,5018,0.0,0.0
2025-05-27 03:20:00+00:00,73.30000305175781,73.30000305175781,73.19999694824219,73.19999694824219,8000,0.0,0.0
2025-05-27 03:25:00+00:00,73.30000305175781,73.30000305175781,73.0999984741211,73.0999984741211,15261,0.0,0.0
2025-05-27 03:30:00+00:00,73.0999984741211,73.0999984741211,73.0,73.0999984741211,34167,0.0,0.0
2025-05-27 03:35:00+00:00,73.0999984741211,73.0999984741211,73.0,73.0,27480,0.0,0.0
2025-05-27 03:40:00+00:00,73.0,73.0,73.0,73.0,8495,0.0,0.0
2025-05-27 03:45:00+00:00,73.0,73.0,73.0,73.0,10000,0.0,0.0
2025-05-27 03:50:00+00:00,73.0,73.0,73.0,73.0,2751,0.0,0.0
2025-05-27 03:55:00+00:00,73.0,73.0,72.9000015258789,72.9000015258789,19123,0.0,0.0
2025-05-27 04:00:00+00:00,72.9000015258789,72.9000015258789,72.9000015258789,72.9000015258789,7318,0.0,0.0
2025-05-27 04:05:00+00:00,72.9000015258789,72.9000015258789,72.9000015258789,72.9000015258789,27200,0.0,0.0
2025-05-27 04:10:00+00:00,73.0,73.0,73.0,73.0,14317,0.0,0.0
2025-05-27 04:15:00+00:00,72.9000015258789,73.0,72.9000015258789,72.9000015258789,13002,0.0,0.0
2025-05-27 04:20:00+00:00,72.80000305175781,72.80000305175781,72.69999694824219,72.69999694824219,37001,0.0,0.0
2025-05-27 04:25:00+00:00,72.69999694824219,72.80000305175781,72.69999694824219,72.69999694824219,8000,0.0,0.0
2025-05-27 04:30:00+00:00,72.69999694824219,72.9000015258789,72.69999694824219,72.9000015258789,21000,0.0,0.0
2025-05-27 04:40:00+00:00,72.9000015258789,72.9000015258789,72.80000305175781,72.80000305175781,5500,0.0,0.0
2025-05-27 04:45:00+00:00,72.80000305175781,72.80000305175781,72.80000305175781,72.80000305175781,20000,0.0,0.0
2025-05-27 04:50:00+00:00,72.80000305175781,72.80000305175781,72.80000305175781,72.80000305175781,1000,0.0,0.0
2025-05-27 04:55:00+00:00,72.80000305175781,72.9000015258789,72.80000305175781,72.9000015258789,18396,0.0,0.0
2025-05-27 05:00:00+00:00,72.9000015258789,72.9000015258789,72.9000015258789,72.9000015258789,3000,0.0,0.0
2025-05-27 05:05:00+00:00,72.9000015258789,73.0,72.9000015258789,73.0,18072,0.0,0.0
2025-05-27 05:10:00+00:00,73.0,73.0999984741211,73.0,73.0999984741211,3200,0.0,0.0
2025-05-27 05:15:00+00:00,73.0999984741211,73.0999984741211,72.9000015258789,72.9000015258789,17120,0.0,0.0
2025-05-27 05:20:00+00:00,72.9000015258789,73.0,72.9000015258789,73.0,8030,0.0,0.0
2025-05-28 01:00:00+00:00,73.0,73.30000305175781,73.0,73.30000305175781,0,0.0,0.0
2025-05-28 01:05:00+00:00,73.30000305175781,73.80000305175781,73.30000305175781,73.80000305175781,18700,0.0,0.0
2025-05-28 01:10:00+00:00,73.69999694824219,73.69999694824219,73.69999694824219,73.69999694824219,5105,0.0,0.0
2025-05-28 01:15:00+00:00,73.5,73.5,73.0999984741211,73.0999984741211,12170,0.0,0.0
2025-05-28 01:20:00+00:00,73.0,73.0,72.9000015258789,73.0,30009,0.0,0.0
2025-05-28 01:25:00+00:00,73.0,73.0,72.9000015258789,72.9000015258789,19036,0.0,0.0
2025-05-28 01:30:00+00:00,72.9000015258789,72.9000015258789,72.80000305175781,72.80000305175781,25140,0.0,0.0
2025-05-28 01:35:00+00:00,72.69999694824219,73.0,72.69999694824219,73.0,23235,0.0,0.0
2025-05-28 01:40:00+00:00,73.0,73.0,73.0,73.0,1000,0.0,0.0
2025-05-28 01:45:00+00:00,73.0,73.0999984741211,73.0,73.0999984741211,10000,0.0,0.0
2025-05-28 01:50:00+00:00,73.0,73.0,72.9000015258789,72.9000015258789,12000,0.0,0.0
2025-05-28 01:55:00+00:00,73.0,73.0,72.9000015258789,72.9000015258789,2000,0.0,0.0
2025-05-28 02:00:00+00:00,73.0,73.0,73.0,73.0,5000,0.0,0.0
2025-05-28 02:05:00+00:00,73.0999984741211,73.0999984741211,73.0999984741211,73.0999984741211,4100,0.0,0.0
2025-05-28 02:10:00+00:00,73.0999984741211,73.0999984741211,73.0,73.0,8736,0.0,0.0
2025-05-28 02:20:00+00:00,73.0,73.0,72.69999694824219,72.69999694824219,33570,0.0,0.0
2025-05-28 02:25:00+00:00,72.69999694824219,72.80000305175781,72.69999694824219,72.80000305175781,5071,0.0,0.0
2025-05-28 02:30:00+00:00,72.9000015258789,72.9000015258789,72.9000015258789,72.9000015258789,1000,0.0,0.0
2025-05-28 02:35:00+00:00,72.80000305175781,72.80000305175781,72.80000305175781,72.80000305175781,1000,0.0,0.0
2025-05-28 02:45:00+00:00,72.80000305175781,72.9000015258789,72.80000305175781,72.9000015258789,12200,0.0,0.0
2025-05-28 02:50:00+00:00,72.9000015258789,72.9000015258789,72.9000015258789,72.9000015258789,4000,0.0,0.0
2025-05-28 02:55:00+00:00,72.80000305175781,72.80000305175781,72.80000305175781,72.80000305175781,5005,0.0,0.0
2025-05-28 03:05:00+00:00,72.9000015258789,72.9000015258789,72.9000015258789,72.9000015258789,3320,0.0,0.0
2025-05-28 03:15:00+00:00,72.9000015258789,72.9000015258789,72.9000015258789,72.9000015258789,6000,0.0,0.0
2025-05-28 03:20:00+00:00,72.9000015258789,72.9000015258789,72.9000015258789,72.9000015258789,1000,0.0,0.0
2025-05-28 03:25:00+00:00,72.9000015258789,73.0,72.9000015258789,73.0,2040,0.0,0.0
2025-05-28 03:30:00+00:00,72.9000015258789,72.9000015258789,72.9000015258789,72.9000015258789,6000,0.0,0.0
2025-05-28 03:35:00+00:00,72.9000015258789,72.9000015258789,72.80000305175781,72.80000305175781,16000,0.0,0.0
2025-05-28 03:40:00+00:00,72.69999694824219,72.69999694824219,72.5999984741211,72.5999984741211,26355,0.0,0.0
2025-05-28 03:45:00+00:00,72.69999694824219,72.69999694824219,72.5999984741211,72.5999984741211,12099,0.0,0.0
2025-05-28 03:50:00+00:00,72.5999984741211,72.5999984741211,72.5999984741211,72.5999984741211,2000,0.0,0.0
2025-05-28 03:55:00+00:00,72.69999694824219,72.80000305175781,72.69999694824219,72.80000305175781,9070,0.0,0.0
2025-05-28 04:05:00+00:00,72.69999694824219,72.69999694824219,72.69999694824219,72.69999694824219,6000,0.0,0.0
2025-05-28 04:10:00+00:00,72.5999984741211,72.5999984741211,72.5999984741211,72.5999984741211,7100,0.0,0.0
2025-05-28 04:15:00+00:00,72.5,72.5,72.5,72.5,8018,0.0,0.0
2025-05-28 04:20:00+00:00,72.4000015258789,72.4000015258789,72.4000015258789,72.4000015258789,24085,0.0,0.0
2025-05-28 04:25:00+00:00,72.30000305175781,72.4000015258789,72.30000305175781,72.4000015258789,23080,0.0,0.0
2025-05-28 04:30:00+00:00,72.30000305175781,72.30000305175781,72.19999694824219,72.30000305175781,13870,0.0,0.0
2025-05-28 04:35:00+00:00,72.30000305175781,72.30000305175781,72.0999984741211,72.0999984741211,26005,0.0,0.0
2025-05-28 04:40:00+00:00,72.0999984741211,72.19999694824219,72.0999984741211,72.19999694824219,9002,0.0,0.0
2025-05-28 04:45:00+00:00,72.19999694824219,72.19999694824219,72.0999984741211,72.0999984741211,14000,0.0,0.0
2025-05-28 04:50:00+00:00,72.0999984741211,72.0999984741211,72.0999984741211,72.0999984741211,24070,0.0,0.0
2025-05-28 04:55:00+00:00,72.0,72.0,71.80000305175781,71.9000015258789,81044,0.0,0.0
2025-05-28 05:00:00+00:00,72.0,72.0999984741211,72.0,72.0999984741211,12018,0.0,0.0
2025-05-28 05:05:00+00:00,72.0999984741211,72.19999694824219,72.0999984741211,72.19999694824219,14100,0.0,0.0
2025-05-28 05:10:00+00:00,72.19999694824219,72.30000305175781,72.19999694824219,72.19999694824219,7015,0.0,0.0
2025-05-28 05:15:00+00:00,72.30000305175781,72.4000015258789,72.19999694824219,72.30000305175781,24060,0.0,0.0
2025-05-28 05:20:00+00:00,72.19999694824219,72.4000015258789,72.19999694824219,72.4000015258789,11875,0.0,0.0
2025-05-29 01:00:00+00:00,73.4000015258789,73.4000015258789,72.9000015258789,72.9000015258789,0,0.0,0.0
2025-05-29 01:05:00+00:00,72.9000015258789,74.69999694824219,72.9000015258789,74.30000305175781,132425,0.0,0.0
2025-05-29 01:10:00+00:00,74.19999694824219,74.4000015258789,74.0,74.0999984741211,101550,0.0,0.0
2025-05-29 01:15:00+00:00,74.0999984741211,74.19999694824219,73.9000015258789,73.9000015258789,33470,0.0,0.0
2025-05-29 01:20:00+00:00,73.80000305175781,73.80000305175781,73.5,73.5,14030,0.0,0.0
2025-05-29 01:25:00+00:00,73.5,73.5,73.5,73.5,14400,0.0,0.0
2025-05-29 01:30:00+00:00,73.5,73.80000305175781,73.5,73.80000305175781,19080,0.0,0.0
2025-05-29 01:35:00+00:00,73.80000305175781,73.9000015258789,73.69999694824219,73.80000305175781,20020,0.0,0.0
2025-05-29 01:40:00+00:00,73.80000305175781,73.80000305175781,73.80000305175781,73.80000305175781,6000,0.0,0.0
2025-05-29 01:45:00+00:00,73.80000305175781,73.80000305175781,73.69999694824219,73.80000305175781,5028,0.0,0.0
2025-05-29 01:50:00+00:00,73.9000015258789,73.9000015258789,73.80000305175781,73.80000305175781,10000,0.0,0.0
2025-05-29 01:55:00+00:00,73.80000305175781,73.80000305175781,73.80000305175781,73.80000305175781,11055,0.0,0.0
2025-05-29 02:00:00+00:00,73.80000305175781,73.80000305175781,73.69999694824219,73.69999694824219,5300,0.0,0.0
2025-05-29 02:05:00+00:00,73.69999694824219,73.69999694824219,73.69999694824219,73.69999694824219,4034,0.0,0.0
2025-05-29 02:10:00+00:00,73.69999694824219,73.69999694824219,73.5999984741211,73.5999984741211,10000,0.0,0.0
2025-05-29 02:15:00+00:00,73.5,73.5,73.5,73.5,18166,0.0,0.0
2025-05-29 02:20:00+00:00,73.5,73.5,73.5,73.5,1571,0.0,0.0
2025-05-29 02:30:00+00:00,73.5,73.5,73.5,73.5,5439,0.0,0.0
2025-05-29 02:40:00+00:00,73.5999984741211,73.9000015258789,73.5999984741211,73.9000015258789,19025,0.0,0.0
2025-05-29 02:45:00+00:00,73.9000015258789,73.9000015258789,73.9000015258789,73.9000015258789,2003,0.0,0.0
2025-05-29 02:50:00+00:00,73.9000015258789,74.0,73.9000015258789,74.0,18175,0.0,0.0
2025-05-29 02:55:00+00:00,73.9000015258789,74.19999694824219,73.9000015258789,74.19999694824219,25370,0.0,0.0
2025-05-29 03:00:00+00:00,74.19999694824219,74.19999694824219,74.19999694824219,74.19999694824219,2000,0.0,0.0
2025-05-29 03:05:00+00:00,74.19999694824219,74.19999694824219,74.0,74.0,10000,0.0,0.0
2025-05-29 03:10:00+00:00,74.0,74.19999694824219,74.0,74.19999694824219,11011,0.0,0.0
2025-05-29 03:15:00+00:00,74.19999694824219,74.19999694824219,74.19999694824219,74.19999694824219,5000,0.0,0.0
2025-05-29 03:20:00+00:00,74.19999694824219,74.19999694824219,74.0999984741211,74.19999694824219,35052,0.0,0.0
2025-05-29 03:25:00+00:00,74.30000305175781,74.30000305175781,74.30000305175781,74.30000305175781,2111,0.0,0.0
2025-05-29 03:30:00+00:00,74.30000305175781,74.5,74.30000305175781,74.4000015258789,61474,0.0,0.0
2025-05-29 03:35:00+00:00,74.4000015258789,74.4000015258789,74.19999694824219,74.4000015258789,11747,0.0,0.0
2025-05-29 03:40:00+00:00,74.30000305175781,74.4000015258789,74.30000305175781,74.4000015258789,8000,0.0,0.0
2025-05-29 03:45:00+00:00,74.30000305175781,74.30000305175781,74.30000305175781,74.30000305175781,7000,0.0,0.0
2025-05-29 03:50:00+00:00,74.19999694824219,74.4000015258789,74.19999694824219,74.4000015258789,15287,0.0,0.0
2025-05-29 04:00:00+00:00,74.4000015258789,74.4000015258789,74.4000015258789,74.4000015258789,2037,0.0,0.0
2025-05-29 04:05:00+00:00,74.4000015258789,74.4000015258789,74.30000305175781,74.30000305175781,9000,0.0,0.0
2025-05-29 04:10:00+00:00,74.30000305175781,74.4000015258789,74.19999694824219,74.19999694824219,15500,0.0,0.0
2025-05-29 04:15:00+00:00,74.0999984741211,74.0999984741211,74.0,74.0,3101,0.0,0.0
2025-05-29 04:20:00+00:00,74.0,74.0999984741211,73.9000015258789,73.9000015258789,22258,0.0,0.0
2025-05-29 04:25:00+00:00,73.9000015258789,73.9000015258789,73.9000015258789,73.9000015258789,8000,0.0,0.0
2025-05-29 04:30:00+00:00,73.80000305175781,73.9000015258789,73.80000305175781,73.9000015258789,12057,0.0,0.0
2025-05-29 04:35:00+00:00,73.9000015258789,73.9000015258789,73.9000015258789,73.9000015258789,2000,0.0,0.0
2025-05-29 04:40:00+00:00,73.9000015258789,73.9000015258789,73.9000015258789,73.9000015258789,3001,0.0,0.0
2025-05-29 04:45:00+00:00,74.0,74.30000305175781,74.0,74.30000305175781,14340,0.0,0.0
2025-05-29 04:50:00+00:00,74.0999984741211,74.0999984741211,74.0999984741211,74.0999984741211,2050,0.0,0.0
2025-05-29 04:55:00+00:00,74.0999984741211,74.19999694824219,74.0999984741211,74.19999694824219,3013,0.0,0.0
2025-05-29 05:00:00+00:00,74.30000305175781,74.30000305175781,74.19999694824219,74.19999694824219,8159,0.0,0.0
2025-05-29 05:05:00+00:00,74.19999694824219,74.30000305175781,74.19999694824219,74.30000305175781,7258,0.0,0.0
2025-05-29 05:10:00+00:00,74.19999694824219,74.19999694824219,74.19999694824219,74.19999694824219,17089,0.0,0.0
2025-05-29 05:15:00+00:00,74.19999694824219,74.19999694824219,74.0999984741211,74.19999694824219,30001,0.0,0.0
2025-05-29 05:20:00+00:00,74.0999984741211,74.30000305175781,74.0999984741211,74.30000305175781,18691,0.0,0.0
2025-06-02 01:00:00+00:00,73.69999694824219,73.69999694824219,73.19999694824219,73.5,0,0.0,0.0
2025-06-02 01:05:00+00:00,73.5999984741211,74.19999694824219,73.5999984741211,74.0999984741211,34607,0.0,0.0
2025-06-02 01:10:00+00:00,74.0,74.69999694824219,74.0,74.4000015258789,30380,0.0,0.0
2025-06-02 01:15:00+00:00,74.30000305175781,74.4000015258789,74.0999984741211,74.4000015258789,27000,0.0,0.0
2025-06-02 01:20:00+00:00,74.0999984741211,74.0999984741211,73.80000305175781,73.9000015258789,38100,0.0,0.0
2025-06-02 01:25:00+00:00,73.9000015258789,73.9000015258789,73.69999694824219,73.80000305175781,12000,0.0,0.0
2025-06-02 01:30:00+00:00,73.5999984741211,73.5999984741211,73.5,73.5,15110,0.0,0.0
2025-06-02 01:35:00+00:00,73.5,73.5999984741211,73.19999694824219,73.19999694824219,20280,0.0,0.0
2025-06-02 01:40:00+00:00,73.5,73.5,72.80000305175781,72.80000305175781,37739,0.0,0.0
2025-06-02 01:45:00+00:00,72.9000015258789,73.0,72.9000015258789,73.0,17112,0.0,0.0
2025-06-02 01:50:00+00:00,73.0999984741211,73.0999984741211,73.0,73.0,3020,0.0,0.0
2025-06-02 01:55:00+00:00,73.0999984741211,73.0999984741211,73.0999984741211,73.0999984741211,6000,0.0,0.0
2025-06-02 02:00:00+00:00,73.0999984741211,73.19999694824219,73.0999984741211,73.0999984741211,11230,0.0,0.0
2025-06-02 02:05:00+00:00,73.0,73.0,73.0,73.0,5014,0.0,0.0
2025-06-02 02:10:00+00:00,73.0999984741211,73.0999984741211,73.0,73.0,3000,0.0,0.0
2025-06-02 02:15:00+00:00,73.0,73.19999694824219,73.0,73.19999694824219,3000,0.0,0.0
2025-06-02 02:20:00+00:00,73.19999694824219,73.19999694824219,73.19999694824219,73.19999694824219,4000,0.0,0.0
2025-06-02 02:25:00+00:00,73.19999694824219,73.19999694824219,73.0999984741211,73.0999984741211,12000,0.0,0.0
2025-06-02 02:30:00+00:00,73.0,73.0,72.9000015258789,73.0,37176,0.0,0.0
2025-06-02 02:35:00+00:00,72.9000015258789,72.9000015258789,72.9000015258789,72.9000015258789,11000,0.0,0.0
2025-06-02 02:40:00+00:00,72.9000015258789,72.9000015258789,72.80000305175781,72.80000305175781,23000,0.0,0.0
2025-06-02 02:45:00+00:00,72.80000305175781,72.80000305175781,72.69999694824219,72.69999694824219,16194,0.0,0.0
2025-06-02 02:50:00+00:00,72.69999694824219,72.69999694824219,72.5999984741211,72.69999694824219,37055,0.0,0.0
2025-06-02 02:55:00+00:00,72.69999694824219,72.69999694824219,72.5999984741211,72.5999984741211,12000,0.0,0.0
2025-06-02 03:00:00+00:00,72.69999694824219,72.69999694824219,72.5,72.5999984741211,40105,0.0,0.0
2025-06-02 03:05:00+00:00,72.5999984741211,72.5999984741211,72.5,72.5,26254,0.0,0.0
2025-06-02 03:15:00+00:00,72.4000015258789,72.5999984741211,72.30000305175781,72.5,39100,0.0,0.0
2025-06-02 03:20:00+00:00,72.5,72.5999984741211,72.5,72.5,6050,0.0,0.0
2025-06-02 03:25:00+00:00,72.5,72.5,72.5,72.5,5100,0.0,0.0
2025-06-02 03:30:00+00:00,72.5999984741211,73.0,72.5999984741211,73.0,24540,0.0,0.0
2025-06-02 03:35:00+00:00,72.80000305175781,72.80000305175781,72.80000305175781,72.80000305175781,3000,0.0,0.0
2025-06-02 03:40:00+00:00,72.80000305175781,72.80000305175781,72.80000305175781,72.80000305175781,2000,0.0,0.0
2025-06-02 03:45:00+00:00,72.69999694824219,72.69999694824219,72.69999694824219,72.69999694824219,6030,0.0,0.0
2025-06-02 03:50:00+00:00,72.69999694824219,72.69999694824219,72.69999694824219,72.69999694824219,2000,0.0,0.0
2025-06-02 03:55:00+00:00,72.69999694824219,72.69999694824219,72.69999694824219,72.69999694824219,1000,0.0,0.0
2025-06-02 04:00:00+00:00,72.5999984741211,72.5999984741211,72.5999984741211,72.5999984741211,1270,0.0,0.0
2025-06-02 04:05:00+00:00,72.5999984741211,72.5999984741211,72.5999984741211,72.5999984741211,2155,0.0,0.0
2025-06-02 04:10:00+00:00,72.69999694824219,72.69999694824219,72.5999984741211,72.5999984741211,4000,0.0,0.0
2025-06-02 04:20:00+00:00,72.69999694824219,72.69999694824219,72.69999694824219,72.69999694824219,10591,0.0,0.0
2025-06-02 04:25:00+00:00,72.80000305175781,72.80000305175781,72.80000305175781,72.80000305175781,1000,0.0,0.0
2025-06-02 04:30:00+00:00,72.80000305175781,72.9000015258789,72.80000305175781,72.9000015258789,4303,0.0,0.0
2025-06-02 04:35:00+00:00,72.9000015258789,72.9000015258789,72.80000305175781,72.80000305175781,3001,0.0,0.0
2025-06-02 04:45:00+00:00,72.80000305175781,72.80000305175781,72.69999694824219,72.69999694824219,6000,0.0,0.0
2025-06-02 04:50:00+00:00,72.80000305175781,72.80000305175781,72.80000305175781,72.80000305175781,8000,0.0,0.0
2025-06-02 04:55:00+00:00,72.80000305175781,72.9000015258789,72.80000305175781,72.9000015258789,17000,0.0,0.0
2025-06-02 05:00:00+00:00,72.9000015258789,72.9000015258789,72.80000305175781,72.80000305175781,3000,0.0,0.0
2025-06-02 05:05:00+00:00,72.9000015258789,72.9000015258789,72.9000015258789,72.9000015258789,6000,0.0,0.0
2025-06-02 05:10:00+00:00,72.9000015258789,72.9000015258789,72.9000015258789,72.9000015258789,3108,0.0,0.0
2025-06-02 05:15:00+00:00,72.9000015258789,73.0999984741211,72.9000015258789,73.0,9069,0.0,0.0
2025-06-02 05:20:00+00:00,73.0999984741211,73.0999984741211,72.80000305175781,72.80000305175781,50120,0.0,0.0
2025-06-03 01:00:00+00:00,73.0999984741211,73.80000305175781,73.0999984741211,73.4000015258789,0,0.0,0.0
2025-06-03 01:05:00+00:00,73.4000015258789,73.5999984741211,73.4000015258789,73.5999984741211,13000,0.0,0.0
2025-06-03 01:10:00+00:00,73.5999984741211,73.5999984741211,73.5999984741211,73.5999984741211,2150,0.0,0.0
2025-06-03 01:15:00+00:00,73.5,73.5999984741211,73.5,73.5999984741211,5016,0.0,0.0
2025-06-03 01:20:00+00:00,73.5,73.5,73.5,73.5,9130,0.0,0.0
2025-06-03 01:25:00+00:00,73.5,73.5999984741211,73.4000015258789,73.5999984741211,15000,0.0,0.0
2025-06-03 01:30:00+00:00,73.5,73.5,73.5,73.5,2000,0.0,0.0
2025-06-03 01:35:00+00:00,73.5999984741211,74.0,73.5999984741211,74.0,65724,0.0,0.0
2025-06-03 01:40:00+00:00,74.0999984741211,74.19999694824219,74.0,74.0999984741211,26100,0.0,0.0
2025-06-03 01:45:00+00:00,74.0999984741211,74.4000015258789,74.0999984741211,74.4000015258789,43255,0.0,0.0
2025-06-03 01:50:00+00:00,74.4000015258789,74.5,74.30000305175781,74.4000015258789,43101,0.0,0.0
2025-06-03 01:55:00+00:00,74.4000015258789,74.80000305175781,74.30000305175781,74.5999984741211,122048,0.0,0.0
2025-06-03 02:00:00+00:00,74.69999694824219,75.0,74.5,74.5999984741211,91988,0.0,0.0
2025-06-03 02:05:00+00:00,74.5999984741211,74.5999984741211,74.4000015258789,74.5,24102,0.0,0.0
2025-06-03 02:10:00+00:00,74.5,74.5,74.30000305175781,74.30000305175781,12018,0.0,0.0
2025-06-03 02:15:00+00:00,74.30000305175781,74.30000305175781,74.0999984741211,74.0999984741211,23128,0.0,0.0
2025-06-03 02:20:00+00:00,74.0999984741211,74.30000305175781,74.0999984741211,74.30000305175781,10000,0.0,0.0
2025-06-03 02:25:00+00:00,74.30000305175781,74.30000305175781,74.19999694824219,74.19999694824219,8000,0.0,0.0
2025-06-03 02:30:00+00:00,74.0999984741211,74.30000305175781,74.0999984741211,74.30000305175781,11000,0.0,0.0
2025-06-03 02:35:00+00:00,74.19999694824219,74.19999694824219,74.19999694824219,74.19999694824219,7000,0.0,0.0
2025-06-03 02:40:00+00:00,74.0999984741211,74.0999984741211,74.0,74.0,9000,0.0,0.0
2025-06-03 02:45:00+00:00,74.0999984741211,74.0999984741211,74.0999984741211,74.0999984741211,4129,0.0,0.0
2025-06-03 02:50:00+00:00,74.0999984741211,74.4000015258789,74.0999984741211,74.4000015258789,17111,0.0,0.0
2025-06-03 02:55:00+00:00,74.30000305175781,74.30000305175781,74.19999694824219,74.19999694824219,3001,0.0,0.0
2025-06-03 03:00:00+00:00,74.30000305175781,74.30000305175781,74.30000305175781,74.30000305175781,12000,0.0,0.0
2025-06-03 03:05:00+00:00,74.30000305175781,74.30000305175781,74.30000305175781,74.30000305175781,16039,0.0,0.0
2025-06-03 03:10:00+00:00,74.30000305175781,74.4000015258789,74.30000305175781,74.4000015258789,4014,0.0,0.0
2025-06-03 03:15:00+00:00,74.30000305175781,74.30000305175781,74.19999694824219,74.19999694824219,9015,0.0,0.0
2025-06-03 03:25:00+00:00,74.19999694824219,74.19999694824219,74.19999694824219,74.19999694824219,7000,0.0,0.0
2025-06-03 03:35:00+00:00,74.30000305175781,74.30000305175781,74.30000305175781,74.30000305175781,3000,0.0,0.0
2025-06-03 03:40:00+00:00,74.30000305175781,74.30000305175781,74.30000305175781,74.30000305175781,2002,0.0,0.0
2025-06-03 03:45:00+00:00,74.19999694824219,74.19999694824219,74.19999694824219,74.19999694824219,1150,0.0,0.0
2025-06-03 03:50:00+00:00,74.4000015258789,74.4000015258789,74.4000015258789,74.4000015258789,8185,0.0,0.0
2025-06-03 03:55:00+00:00,74.4000015258789,74.5,74.4000015258789,74.5,37416,0.0,0.0
2025-06-03 04:00:00+00:00,74.5,74.5999984741211,74.5,74.5,25180,0.0,0.0
2025-06-03 04:05:00+00:00,74.5,74.80000305175781,74.5,74.80000305175781,72282,0.0,0.0
2025-06-03 04:10:00+00:00,74.9000015258789,75.0999984741211,74.80000305175781,74.9000015258789,140249,0.0,0.0
2025-06-03 04:15:00+00:00,74.9000015258789,74.9000015258789,74.80000305175781,74.9000015258789,17000,0.0,0.0
2025-06-03 04:20:00+00:00,74.80000305175781,75.4000015258789,74.80000305175781,75.4000015258789,121015,0.0,0.0
2025-06-03 04:25:00+00:00,75.4000015258789,75.5,75.30000305175781,75.30000305175781,63165,0.0,0.0
2025-06-03 04:30:00+00:00,75.30000305175781,75.5999984741211,75.30000305175781,75.4000015258789,78949,0.0,0.0
2025-06-03 04:35:00+00:00,75.4000015258789,76.9000015258789,75.4000015258789,76.30000305175781,273357,0.0,0.0
2025-06-03 04:40:00+00:00,76.19999694824219,76.30000305175781,76.0999984741211,76.0999984741211,81212,0.0,0.0
2025-06-03 04:45:00+00:00,76.0999984741211,76.0999984741211,76.0,76.0,88150,0.0,0.0
2025-06-03 04:50:00+00:00,76.0,76.0,75.9000015258789,76.0,39488,0.0,0.0
2025-06-03 04:55:00+00:00,76.0,76.0,75.9000015258789,75.9000015258789,24275,0.0,0.0
2025-06-03 05:00:00+00:00,76.0,76.0,75.9000015258789,75.9000015258789,27525,0.0,0.0
2025-06-03 05:05:00+00:00,75.80000305175781,75.9000015258789,75.80000305175781,75.80000305175781,14280,0.0,0.0
2025-06-03 05:10:00+00:00,75.80000305175781,75.9000015258789,75.80000305175781,75.80000305175781,24000,0.0,0.0
2025-06-03 05:15:00+00:00,75.69999694824219,75.69999694824219,75.5,75.5999984741211,38386,0.0,0.0
2025-06-03 05:20:00+00:00,75.5999984741211,75.80000305175781,75.5,75.5,55107,0.0,0.0
2025-06-04 01:00:00+00:00,76.30000305175781,76.5999984741211,76.0,76.4000015258789,150000,0.0,0.0
2025-06-04 01:05:00+00:00,76.4000015258789,76.5999984741211,76.30000305175781,76.5,75000,0.0,0.0
2025-06-04 01:10:00+00:00,76.9000015258789,76.9000015258789,76.5,76.5,130928,0.0,0.0
2025-06-04 01:15:00+00:00,76.5,76.5,76.0,76.30000305175781,92078,0.0,0.0
2025-06-04 01:20:00+00:00,76.30000305175781,76.4000015258789,76.19999694824219,76.30000305175781,6503,0.0,0.0
2025-06-04 01:25:00+00:00,76.30000305175781,76.5999984741211,76.30000305175781,76.30000305175781,47321,0.0,0.0
2025-06-04 01:30:00+00:00,76.30000305175781,76.4000015258789,76.0,76.0,73428,0.0,0.0
2025-06-04 01:35:00+00:00,76.0,76.0,75.9000015258789,75.9000015258789,19292,0.0,0.0
2025-06-04 01:40:00+00:00,75.9000015258789,75.9000015258789,75.9000015258789,75.9000015258789,15200,0.0,0.0
2025-06-04 01:45:00+00:00,75.9000015258789,75.9000015258789,75.9000015258789,75.9000015258789,6000,0.0,0.0
2025-06-04 01:50:00+00:00,75.80000305175781,75.80000305175781,75.5999984741211,75.80000305175781,38400,0.0,0.0
2025-06-04 01:55:00+00:00,75.80000305175781,75.80000305175781,75.5999984741211,75.5999984741211,28252,0.0,0.0
2025-06-04 02:00:00+00:00,75.5999984741211,75.9000015258789,75.5,75.69999694824219,34000,0.0,0.0
2025-06-04 02:05:00+00:00,75.80000305175781,76.0,75.80000305175781,76.0,21000,0.0,0.0
2025-06-04 02:10:00+00:00,76.0999984741211,76.0999984741211,75.9000015258789,75.9000015258789,7000,0.0,0.0
2025-06-04 02:15:00+00:00,76.0,76.0,76.0,76.0,2220,0.0,0.0
2025-06-04 02:20:00+00:00,76.0,76.0999984741211,75.9000015258789,76.0,18004,0.0,0.0
2025-06-04 02:25:00+00:00,76.0,76.0,76.0,76.0,9000,0.0,0.0
2025-06-04 02:30:00+00:00,76.0,76.0999984741211,76.0,76.0,12600,0.0,0.0
2025-06-04 02:35:00+00:00,76.0,76.0,75.9000015258789,75.9000015258789,14000,0.0,0.0
2025-06-04 02:40:00+00:00,75.9000015258789,75.9000015258789,75.80000305175781,75.9000015258789,8037,0.0,0.0
2025-06-04 02:45:00+00:00,75.9000015258789,75.9000015258789,75.9000015258789,75.9000015258789,4313,0.0,0.0
2025-06-04 02:50:00+00:00,76.0,76.0999984741211,76.0,76.0999984741211,19150,0.0,0.0
2025-06-04 02:55:00+00:00,76.30000305175781,76.4000015258789,76.30000305175781,76.30000305175781,53451,0.0,0.0
2025-06-04 03:00:00+00:00,76.30000305175781,76.30000305175781,76.19999694824219,76.19999694824219,12000,0.0,0.0
2025-06-04 03:05:00+00:00,76.0999984741211,76.0999984741211,76.0,76.0,5000,0.0,0.0
2025-06-04 03:10:00+00:00,76.0,76.0,76.0,76.0,8000,0.0,0.0
2025-06-04 03:15:00+00:00,76.0999984741211,76.19999694824219,76.0999984741211,76.19999694824219,2100,0.0,0.0
2025-06-04 03:20:00+00:00,76.0999984741211,76.0999984741211,76.0,76.0,4660,0.0,0.0
2025-06-04 03:25:00+00:00,75.9000015258789,75.9000015258789,75.9000015258789,75.9000015258789,7339,0.0,0.0
2025-06-04 03:30:00+00:00,75.80000305175781,75.80000305175781,75.80000305175781,75.80000305175781,4000,0.0,0.0
2025-06-04 03:35:00+00:00,75.80000305175781,75.80000305175781,75.80000305175781,75.80000305175781,2782,0.0,0.0
2025-06-04 03:40:00+00:00,75.69999694824219,75.69999694824219,75.5999984741211,75.5999984741211,23000,0.0,0.0
2025-06-04 03:45:00+00:00,75.5999984741211,75.69999694824219,75.5999984741211,75.69999694824219,27000,0.0,0.0
2025-06-04 03:50:00+00:00,75.69999694824219,75.80000305175781,75.69999694824219,75.80000305175781,7000,0.0,0.0
2025-06-04 03:55:00+00:00,75.80000305175781,75.80000305175781,75.69999694824219,75.69999694824219,6010,0.0,0.0
2025-06-04 04:00:00+00:00,75.69999694824219,75.69999694824219,75.69999694824219,75.69999694824219,3000,0.0,0.0
2025-06-04 04:05:00+00:00,75.69999694824219,75.80000305175781,75.69999694824219,75.80000305175781,10025,0.0,0.0
2025-06-04 04:10:00+00:00,75.69999694824219,75.80000305175781,75.69999694824219,75.80000305175781,6000,0.0,0.0
2025-06-04 04:15:00+00:00,75.80000305175781,75.9000015258789,75.69999694824219,75.9000015258789,6010,0.0,0.0
2025-06-04 04:20:00+00:00,75.9000015258789,75.9000015258789,75.9000015258789,75.9000015258789,13016,0.0,0.0
2025-06-04 04:25:00+00:00,75.9000015258789,75.9000015258789,75.9000015258789,75.9000015258789,2350,0.0,0.0
2025-06-04 04:30:00+00:00,75.9000015258789,75.9000015258789,75.9000015258789,75.9000015258789,3010,0.0,0.0
2025-06-04 04:35:00+00:00,75.9000015258789,75.9000015258789,75.80000305175781,75.80000305175781,4140,0.0,0.0
2025-06-04 04:40:00+00:00,75.80000305175781,75.80000305175781,75.69999694824219,75.69999694824219,22067,0.0,0.0
2025-06-04 04:45:00+00:00,75.69999694824219,75.80000305175781,75.69999694824219,75.80000305175781,7026,0.0,0.0
2025-06-04 04:50:00+00:00,75.9000015258789,75.9000015258789,75.9000015258789,75.9000015258789,1000,0.0,0.0
2025-06-04 04:55:00+00:00,75.9000015258789,75.9000015258789,75.80000305175781,75.80000305175781,7000,0.0,0.0
2025-06-04 05:00:00+00:00,75.80000305175781,76.0,75.69999694824219,75.69999694824219,20090,0.0,0.0
2025-06-04 05:05:00+00:00,75.69999694824219,75.69999694824219,75.5999984741211,75.5999984741211,12000,0.0,0.0
2025-06-04 05:10:00+00:00,75.69999694824219,75.69999694824219,75.69999694824219,75.69999694824219,6020,0.0,0.0
2025-06-04 05:15:00+00:00,75.69999694824219,75.69999694824219,75.69999694824219,75.69999694824219,24056,0.0,0.0
2025-06-04 05:20:00+00:00,75.69999694824219,75.9000015258789,75.69999694824219,75.69999694824219,23022,0.0,0.0
2025-06-05 01:00:00+00:00,76.5,76.5,75.5999984741211,75.80000305175781,131000,0.0,0.0
2025-06-05 01:05:00+00:00,75.80000305175781,75.80000305175781,75.80000305175781,75.80000305175781,14404,0.0,0.0
2025-06-05 01:10:00+00:00,75.9000015258789,75.9000015258789,75.80000305175781,75.80000305175781,18555,0.0,0.0
2025-06-05 01:15:00+00:00,75.80000305175781,75.80000305175781,75.5999984741211,75.5999984741211,26239,0.0,0.0
2025-06-05 01:20:00+00:00,75.5999984741211,75.5999984741211,75.4000015258789,75.4000015258789,25055,0.0,0.0
2025-06-05 01:25:00+00:00,75.4000015258789,75.4000015258789,75.19999694824219,75.30000305175781,20778,0.0,0.0
2025-06-05 01:30:00+00:00,75.4000015258789,75.4000015258789,75.19999694824219,75.4000015258789,23034,0.0,0.0
2025-06-05 01:35:00+00:00,75.4000015258789,75.4000015258789,75.30000305175781,75.4000015258789,10180,0.0,0.0
2025-06-05 01:40:00+00:00,75.4000015258789,75.4000015258789,75.30000305175781,75.30000305175781,4350,0.0,0.0
2025-06-05 01:45:00+00:00,75.4000015258789,75.5,75.30000305175781,75.5,4001,0.0,0.0
2025-06-05 01:50:00+00:00,75.5,75.5,75.4000015258789,75.4000015258789,8010,0.0,0.0
2025-06-05 01:55:00+00:00,75.5,75.5,75.5,75.5,1000,0.0,0.0
2025-06-05 02:00:00+00:00,75.5,75.5,75.4000015258789,75.4000015258789,19020,0.0,0.0
2025-06-05 02:05:00+00:00,75.5,75.5,75.4000015258789,75.4000015258789,23055,0.0,0.0
2025-06-05 02:10:00+00:00,75.30000305175781,75.30000305175781,75.19999694824219,75.19999694824219,14001,0.0,0.0
2025-06-05 02:15:00+00:00,75.0999984741211,75.30000305175781,75.0999984741211,75.30000305175781,20000,0.0,0.0
2025-06-05 02:20:00+00:00,75.30000305175781,75.30000305175781,75.19999694824219,75.30000305175781,7007,0.0,0.0
2025-06-05 02:25:00+00:00,75.19999694824219,75.19999694824219,75.0,75.0999984741211,16330,0.0,0.0
2025-06-05 02:30:00+00:00,75.0999984741211,75.19999694824219,75.0,75.19999694824219,7205,0.0,0.0
2025-06-05 02:35:00+00:00,75.19999694824219,75.19999694824219,75.0999984741211,75.19999694824219,8003,0.0,0.0
2025-06-05 02:40:00+00:00,75.19999694824219,75.19999694824219,75.19999694824219,75.19999694824219,3467,0.0,0.0
2025-06-05 02:45:00+00:00,75.19999694824219,75.19999694824219,75.0999984741211,75.0999984741211,9250,0.0,0.0
2025-06-05 02:50:00+00:00,75.0999984741211,75.19999694824219,75.0999984741211,75.0999984741211,9050,0.0,0.0
2025-06-05 02:55:00+00:00,75.19999694824219,75.19999694824219,75.19999694824219,75.19999694824219,3000,0.0,0.0
2025-06-05 03:00:00+00:00,75.0999984741211,75.0999984741211,75.0,75.0,18000,0.0,0.0
2025-06-05 03:05:00+00:00,75.0,75.0999984741211,75.0,75.0999984741211,7000,0.0,0.0
2025-06-05 03:10:00+00:00,75.0999984741211,75.4000015258789,75.0999984741211,75.30000305175781,32000,0.0,0.0
2025-06-05 03:15:00+00:00,75.30000305175781,75.30000305175781,75.30000305175781,75.30000305175781,3000,0.0,0.0
2025-06-05 03:20:00+00:00,75.19999694824219,75.19999694824219,75.19999694824219,75.19999694824219,0,0.0,0.0
2025-06-05 03:25:00+00:00,75.0999984741211,75.0999984741211,75.0999984741211,75.0999984741211,504994,0.0,0.0
2025-06-05 03:35:00+00:00,75.0999984741211,75.19999694824219,75.0999984741211,75.19999694824219,8000,0.0,0.0
2025-06-05 03:40:00+00:00,75.19999694824219,75.19999694824219,75.19999694824219,75.19999694824219,3100,0.0,0.0
2025-06-05 03:45:00+00:00,75.30000305175781,75.5,75.30000305175781,75.5,31000,0.0,0.0
2025-06-05 03:50:00+00:00,75.30000305175781,75.5,75.30000305175781,75.30000305175781,13092,0.0,0.0
2025-06-05 03:55:00+00:00,75.30000305175781,75.30000305175781,75.19999694824219,75.30000305175781,6079,0.0,0.0
2025-06-05 04:00:00+00:00,75.19999694824219,75.19999694824219,75.19999694824219,75.19999694824219,2000,0.0,0.0
2025-06-05 04:05:00+00:00,75.0999984741211,75.0999984741211,75.0999984741211,75.0999984741211,12039,0.0,0.0
2025-06-05 04:10:00+00:00,75.0999984741211,75.0999984741211,75.0999984741211,75.0999984741211,4000,0.0,0.0
2025-06-05 04:15:00+00:00,75.0999984741211,75.0999984741211,75.0,75.0999984741211,5242,0.0,0.0
2025-06-05 04:20:00+00:00,75.0999984741211,75.0999984741211,75.0999984741211,75.0999984741211,3147,0.0,0.0
2025-06-05 04:25:00+00:00,75.0999984741211,75.19999694824219,75.0999984741211,75.19999694824219,9145,0.0,0.0
2025-06-05 04:30:00+00:00,75.0999984741211,75.19999694824219,75.0999984741211,75.0999984741211,5100,0.0,0.0
2025-06-05 04:35:00+00:00,75.19999694824219,75.19999694824219,75.0999984741211,75.0999984741211,2000,0.0,0.0
2025-06-05 04:40:00+00:00,75.19999694824219,75.4000015258789,75.19999694824219,75.30000305175781,16068,0.0,0.0
2025-06-05 04:45:00+00:00,75.30000305175781,75.30000305175781,75.30000305175781,75.30000305175781,7000,0.0,0.0
2025-06-05 04:50:00+00:00,75.30000305175781,75.4000015258789,75.30000305175781,75.4000015258789,10100,0.0,0.0
2025-06-05 04:55:00+00:00,75.5,75.5,75.30000305175781,75.30000305175781,3164,0.0,0.0
2025-06-05 05:00:00+00:00,75.30000305175781,75.30000305175781,75.30000305175781,75.30000305175781,4000,0.0,0.0
2025-06-05 05:05:00+00:00,75.19999694824219,75.30000305175781,75.19999694824219,75.19999694824219,17100,0.0,0.0
2025-06-05 05:10:00+00:00,75.30000305175781,75.30000305175781,75.30000305175781,75.30000305175781,2221,0.0,0.0
2025-06-05 05:15:00+00:00,75.19999694824219,75.19999694824219,75.19999694824219,75.19999694824219,13000,0.0,0.0
2025-06-05 05:20:00+00:00,75.19999694824219,75.19999694824219,75.0999984741211,75.19999694824219,17681,0.0,0.0
2025-06-06 01:00:00+00:00,74.9000015258789,75.0,74.80000305175781,74.80000305175781,13000,0.0,0.0
2025-06-06 01:05:00+00:00,74.80000305175781,75.0999984741211,74.80000305175781,75.0,8000,0.0,0.0
2025-06-06 01:10:00+00:00,75.19999694824219,75.19999694824219,75.19999694824219,75.19999694824219,2730,0.0,0.0
2025-06-06 01:15:00+00:00,75.19999694824219,75.5999984741211,75.19999694824219,75.5999984741211,31000,0.0,0.0
2025-06-06 01:20:00+00:00,75.5,75.5999984741211,75.30000305175781,75.30000305175781,25022,0.0,0.0
2025-06-06 01:25:00+00:00,75.30000305175781,75.30000305175781,75.30000305175781,75.30000305175781,4000,0.0,0.0
2025-06-06 01:30:00+00:00,75.30000305175781,75.30000305175781,75.30000305175781,75.30000305175781,16589,0.0,0.0
2025-06-06 01:35:00+00:00,75.30000305175781,75.30000305175781,75.19999694824219,75.30000305175781,32532,0.0,0.0
2025-06-06 01:40:00+00:00,75.4000015258789,75.69999694824219,75.4000015258789,75.5,39012,0.0,0.0
2025-06-06 01:45:00+00:00,75.5,75.69999694824219,75.5,75.69999694824219,44000,0.0,0.0
2025-06-06 01:50:00+00:00,75.69999694824219,75.69999694824219,75.5999984741211,75.5999984741211,7000,0.0,0.0
2025-06-06 01:55:00+00:00,75.5999984741211,75.80000305175781,75.5,75.80000305175781,22100,0.0,0.0
2025-06-06 02:00:00+00:00,75.80000305175781,75.80000305175781,75.5999984741211,75.5999984741211,10003,0.0,0.0
2025-06-06 02:05:00+00:00,75.5999984741211,75.5999984741211,75.5999984741211,75.5999984741211,7000,0.0,0.0
2025-06-06 02:10:00+00:00,75.5999984741211,75.69999694824219,75.5999984741211,75.69999694824219,4200,0.0,0.0
2025-06-06 02:15:00+00:00,75.69999694824219,76.5,75.69999694824219,76.19999694824219,194408,0.0,0.0
2025-06-06 02:20:00+00:00,76.19999694824219,76.4000015258789,76.19999694824219,76.30000305175781,54120,0.0,0.0
2025-06-06 02:25:00+00:00,76.4000015258789,76.4000015258789,76.19999694824219,76.19999694824219,20086,0.0,0.0
2025-06-06 02:30:00+00:00,76.19999694824219,76.19999694824219,76.0,76.0,21390,0.0,0.0
2025-06-06 02:35:00+00:00,76.0,76.0,76.0,76.0,3000,0.0,0.0
2025-06-06 02:40:00+00:00,76.0,76.0,75.9000015258789,75.9000015258789,8030,0.0,0.0
2025-06-06 02:45:00+00:00,75.9000015258789,76.0999984741211,75.5,76.0999984741211,51120,0.0,0.0
2025-06-06 02:50:00+00:00,76.0999984741211,76.0999984741211,76.0,76.0,3000,0.0,0.0
2025-06-06 03:00:00+00:00,76.0,76.0,76.0,76.0,4040,0.0,0.0
2025-06-06 03:05:00+00:00,75.9000015258789,76.0999984741211,75.80000305175781,76.0999984741211,13150,0.0,0.0
2025-06-06 03:10:00+00:00,76.0999984741211,76.0999984741211,76.0999984741211,76.0999984741211,18397,0.0,0.0
2025-06-06 03:15:00+00:00,76.0,76.0,76.0,76.0,2000,0.0,0.0
2025-06-06 03:20:00+00:00,76.0,76.0,76.0,76.0,2000,0.0,0.0
2025-06-06 03:25:00+00:00,76.0,76.0,75.9000015258789,75.9000015258789,14000,0.0,0.0
2025-06-06 03:30:00+00:00,75.9000015258789,75.9000015258789,75.80000305175781,75.80000305175781,12000,0.0,0.0
2025-06-06 03:35:00+00:00,75.69999694824219,75.69999694824219,75.69999694824219,75.69999694824219,4220,0.0,0.0
2025-06-06 03:40:00+00:00,75.5999984741211,75.5999984741211,75.5999984741211,75.5999984741211,9000,0.0,0.0
2025-06-06 03:45:00+00:00,75.5999984741211,75.5999984741211,75.5999984741211,75.5999984741211,2000,0.0,0.0
2025-06-06 03:50:00+00:00,75.5999984741211,75.69999694824219,75.5999984741211,75.69999694824219,5049,0.0,0.0
2025-06-06 03:55:00+00:00,75.69999694824219,75.80000305175781,75.69999694824219,75.80000305175781,4000,0.0,0.0
2025-06-06 04:00:00+00:00,75.80000305175781,75.80000305175781,75.80000305175781,75.80000305175781,4001,0.0,0.0
2025-06-06 04:05:00+00:00,75.80000305175781,75.80000305175781,75.80000305175781,75.80000305175781,7050,0.0,0.0
2025-06-06 04:10:00+00:00,75.80000305175781,75.80000305175781,75.80000305175781,75.80000305175781,2036,0.0,0.0
2025-06-06 04:15:00+00:00,75.69999694824219,75.69999694824219,75.5999984741211,75.5999984741211,7106,0.0,0.0
2025-06-06 04:20:00+00:00,75.5999984741211,75.80000305175781,75.5999984741211,75.80000305175781,5000,0.0,0.0
2025-06-06 04:30:00+00:00,75.69999694824219,75.69999694824219,75.5,75.5,19090,0.0,0.0
2025-06-06 04:35:00+00:00,75.5,75.5999984741211,75.5,75.5999984741211,3000,0.0,0.0
2025-06-06 04:40:00+00:00,75.5999984741211,75.5999984741211,75.5999984741211,75.5999984741211,1000,0.0,0.0
2025-06-06 04:45:00+00:00,75.69999694824219,75.80000305175781,75.69999694824219,75.80000305175781,19000,0.0,0.0
2025-06-06 04:50:00+00:00,75.69999694824219,75.69999694824219,75.69999694824219,75.69999694824219,1001,0.0,0.0
2025-06-06 04:55:00+00:00,75.80000305175781,75.80000305175781,75.80000305175781,75.80000305175781,19100,0.0,0.0
2025-06-06 05:00:00+00:00,75.9000015258789,75.9000015258789,75.80000305175781,75.9000015258789,21000,0.0,0.0
2025-06-06 05:05:00+00:00,75.9000015258789,76.0,75.9000015258789,76.0,18000,0.0,0.0
2025-06-06 05:10:00+00:00,76.0,76.0,75.9000015258789,75.9000015258789,12022,0.0,0.0
2025-06-06 05:15:00+00:00,75.9000015258789,75.9000015258789,75.69999694824219,75.9000015258789,38109,0.0,0.0
2025-06-06 05:20:00+00:00,75.80000305175781,75.9000015258789,75.69999694824219,75.69999694824219,14180,0.0,0.0
2025-06-09 01:00:00+00:00,74.0,74.0,72.19999694824219,72.5999984741211,0,0.0,0.0
2025-06-09 01:05:00+00:00,72.80000305175781,72.9000015258789,72.4000015258789,72.5999984741211,161000,0.0,0.0
2025-06-09 01:10:00+00:00,72.5,72.5999984741211,72.30000305175781,72.5,282185,0.0,0.0
2025-06-09 01:15:00+00:00,72.5,72.5,71.30000305175781,71.5,449690,0.0,0.0
2025-06-09 01:20:00+00:00,71.5,71.5999984741211,71.19999694824219,71.4000015258789,150277,0.0,0.0
2025-06-09 01:25:00+00:00,71.4000015258789,71.5,71.0,71.0999984741211,146870,0.0,0.0
2025-06-09 01:30:00+00:00,71.0999984741211,71.5,70.80000305175781,71.4000015258789,150981,0.0,0.0
2025-06-09 01:35:00+00:00,71.4000015258789,71.4000015258789,71.0999984741211,71.0999984741211,72855,0.0,0.0
2025-06-09 01:40:00+00:00,71.0999984741211,71.19999694824219,71.0,71.19999694824219,37064,0.0,0.0
2025-06-09 01:45:00+00:00,71.0999984741211,71.0999984741211,70.5,70.5999984741211,163982,0.0,0.0
2025-06-09 01:50:00+00:00,70.5,70.80000305175781,70.30000305175781,70.5999984741211,124066,0.0,0.0
2025-06-09 01:55:00+00:00,70.5999984741211,70.5999984741211,70.5999984741211,70.5999984741211,23677,0.0,0.0
2025-06-09 02:00:00+00:00,70.5999984741211,71.19999694824219,70.5999984741211,71.0999984741211,71000,0.0,0.0
2025-06-09 02:05:00+00:00,71.0,71.0,70.69999694824219,70.69999694824219,42092,0.0,0.0
2025-06-09 02:10:00+00:00,70.80000305175781,71.0,70.69999694824219,71.0,35210,0.0,0.0
2025-06-09 02:15:00+00:00,71.0,71.0,70.9000015258789,70.9000015258789,26615,0.0,0.0
2025-06-09 02:20:00+00:00,71.0,71.4000015258789,70.80000305175781,71.4000015258789,36000,0.0,0.0
2025-06-09 02:25:00+00:00,71.4000015258789,71.4000015258789,71.19999694824219,71.19999694824219,28005,0.0,0.0
2025-06-09 02:30:00+00:00,71.19999694824219,71.4000015258789,71.19999694824219,71.4000015258789,14662,0.0,0.0
2025-06-09 02:35:00+00:00,71.5,71.69999694824219,71.0999984741211,71.5,100100,0.0,0.0
2025-06-09 02:40:00+00:00,71.5999984741211,71.80000305175781,71.5999984741211,71.69999694824219,22430,0.0,0.0
2025-06-09 02:45:00+00:00,71.69999694824219,71.69999694824219,71.5999984741211,71.5999984741211,28018,0.0,0.0
2025-06-09 02:50:00+00:00,71.69999694824219,71.9000015258789,71.69999694824219,71.9000015258789,19528,0.0,0.0
2025-06-09 02:55:00+00:00,71.80000305175781,72.0,71.80000305175781,71.80000305175781,26400,0.0,0.0
2025-06-09 03:00:00+00:00,71.80000305175781,71.9000015258789,71.80000305175781,71.9000015258789,14200,0.0,0.0
2025-06-09 03:05:00+00:00,71.80000305175781,71.80000305175781,71.5999984741211,71.80000305175781,28109,0.0,0.0
2025-06-09 03:10:00+00:00,71.80000305175781,71.80000305175781,71.80000305175781,71.80000305175781,13000,0.0,0.0
2025-06-09 03:15:00+00:00,71.80000305175781,71.80000305175781,71.80000305175781,71.80000305175781,1000,0.0,0.0
2025-06-09 03:20:00+00:00,71.80000305175781,71.80000305175781,71.69999694824219,71.69999694824219,14150,0.0,0.0
2025-06-09 03:25:00+00:00,71.69999694824219,71.69999694824219,71.5,71.5999984741211,23536,0.0,0.0
2025-06-09 03:30:00+00:00,71.69999694824219,71.69999694824219,71.69999694824219,71.69999694824219,3000,0.0,0.0
2025-06-09 03:35:00+00:00,71.80000305175781,71.80000305175781,71.80000305175781,71.80000305175781,2212,0.0,0.0
2025-06-09 03:40:00+00:00,71.80000305175781,72.0,71.80000305175781,71.9000015258789,18137,0.0,0.0
2025-06-09 03:45:00+00:00,71.9000015258789,71.9000015258789,71.9000015258789,71.9000015258789,5000,0.0,0.0
2025-06-09 03:50:00+00:00,71.9000015258789,71.9000015258789,71.9000015258789,71.9000015258789,15000,0.0,0.0
2025-06-09 03:55:00+00:00,71.9000015258789,72.19999694824219,71.9000015258789,72.0999984741211,51000,0.0,0.0
2025-06-09 04:00:00+00:00,72.0999984741211,72.19999694824219,72.0999984741211,72.19999694824219,17010,0.0,0.0
2025-06-09 04:05:00+00:00,72.0999984741211,72.0999984741211,72.0999984741211,72.0999984741211,20000,0.0,0.0
2025-06-09 04:10:00+00:00,72.0999984741211,72.0999984741211,72.0999984741211,72.0999984741211,20500,0.0,0.0
2025-06-09 04:15:00+00:00,72.0999984741211,72.0999984741211,72.0999984741211,72.0999984741211,2000,0.0,0.0
2025-06-09 04:20:00+00:00,72.0999984741211,72.0999984741211,71.9000015258789,71.9000015258789,42008,0.0,0.0
2025-06-09 04:25:00+00:00,71.9000015258789,71.9000015258789,71.9000015258789,71.9000015258789,20200,0.0,0.0
2025-06-09 04:30:00+00:00,71.9000015258789,72.0,71.9000015258789,72.0,10050,0.0,0.0
2025-06-09 04:35:00+00:00,71.9000015258789,71.9000015258789,71.9000015258789,71.9000015258789,12050,0.0,0.0
2025-06-09 04:40:00+00:00,72.0,72.30000305175781,72.0,72.19999694824219,48019,0.0,0.0
2025-06-09 04:45:00+00:00,72.30000305175781,72.5999984741211,72.30000305175781,72.5,69431,0.0,0.0
2025-06-09 04:50:00+00:00,72.5,72.5999984741211,72.5,72.5,27090,0.0,0.0
2025-06-09 04:55:00+00:00,72.5,72.5,72.4000015258789,72.4000015258789,20272,0.0,0.0
2025-06-09 05:00:00+00:00,72.4000015258789,72.5,72.30000305175781,72.5,23236,0.0,0.0
2025-06-09 05:05:00+00:00,72.5,72.5,72.4000015258789,72.5,30229,0.0,0.0
2025-06-09 05:10:00+00:00,72.5,72.5999984741211,72.5,72.5,35050,0.0,0.0
2025-06-09 05:15:00+00:00,72.5,72.5,72.4000015258789,72.5,38179,0.0,0.0
2025-06-09 05:20:00+00:00,72.5,72.5999984741211,72.5,72.5,31080,0.0,0.0
2025-06-10 01:00:00+00:00,72.5,72.5999984741211,72.30000305175781,72.30000305175781,28000,0.0,0.0
2025-06-10 01:05:00+00:00,72.5,72.5,72.4000015258789,72.4000015258789,28244,0.0,0.0
2025-06-10 01:10:00+00:00,72.5,72.5,72.5,72.5,38050,0.0,0.0
2025-06-10 01:15:00+00:00,72.5,72.5,72.4000015258789,72.4000015258789,13000,0.0,0.0
2025-06-10 01:20:00+00:00,72.4000015258789,72.5,72.4000015258789,72.5,36000,0.0,0.0
2025-06-10 01:25:00+00:00,72.5,73.0999984741211,72.5,73.0,47150,0.0,0.0
2025-06-10 01:30:00+00:00,73.0,73.30000305175781,72.80000305175781,72.80000305175781,72038,0.0,0.0
2025-06-10 01:35:00+00:00,72.69999694824219,72.69999694824219,72.5,72.5,25450,0.0,0.0
2025-06-10 01:40:00+00:00,72.5,72.69999694824219,72.5,72.69999694824219,16628,0.0,0.0
2025-06-10 01:45:00+00:00,72.69999694824219,72.69999694824219,72.5,72.69999694824219,15361,0.0,0.0
2025-06-10 01:50:00+00:00,72.5999984741211,72.5999984741211,72.5,72.5999984741211,11000,0.0,0.0
2025-06-10 01:55:00+00:00,72.5999984741211,72.5999984741211,72.5999984741211,72.5999984741211,7680,0.0,0.0
2025-06-10 02:00:00+00:00,72.5999984741211,72.5999984741211,72.4000015258789,72.5,19066,0.0,0.0
2025-06-10 02:05:00+00:00,72.5,72.5,72.5,72.5,7150,0.0,0.0
2025-06-10 02:10:00+00:00,72.5,72.69999694824219,72.5,72.69999694824219,26000,0.0,0.0
2025-06-10 02:15:00+00:00,72.69999694824219,72.69999694824219,72.5,72.5,26000,0.0,0.0
2025-06-10 02:20:00+00:00,72.69999694824219,72.80000305175781,72.5,72.5999984741211,23284,0.0,0.0
2025-06-10 02:30:00+00:00,72.5999984741211,72.69999694824219,72.5999984741211,72.69999694824219,3000,0.0,0.0
2025-06-10 02:35:00+00:00,72.69999694824219,72.69999694824219,72.69999694824219,72.69999694824219,8017,0.0,0.0
2025-06-10 02:40:00+00:00,72.69999694824219,72.80000305175781,72.5999984741211,72.69999694824219,31100,0.0,0.0
2025-06-10 02:45:00+00:00,72.69999694824219,72.80000305175781,72.69999694824219,72.80000305175781,8000,0.0,0.0
2025-06-10 02:50:00+00:00,72.80000305175781,72.80000305175781,72.69999694824219,72.80000305175781,4041,0.0,0.0
2025-06-10 02:55:00+00:00,72.80000305175781,72.80000305175781,72.80000305175781,72.80000305175781,3000,0.0,0.0
2025-06-10 03:00:00+00:00,72.69999694824219,72.69999694824219,72.69999694824219,72.69999694824219,0,0.0,0.0
2025-06-10 03:05:00+00:00,72.69999694824219,72.69999694824219,72.69999694824219,72.69999694824219,503323,0.0,0.0
2025-06-10 03:10:00+00:00,72.5999984741211,72.5999984741211,72.5999984741211,72.5999984741211,16170,0.0,0.0
2025-06-10 03:15:00+00:00,72.5999984741211,72.5999984741211,72.5,72.5,12080,0.0,0.0
2025-06-10 03:20:00+00:00,72.69999694824219,72.69999694824219,72.69999694824219,72.69999694824219,7000,0.0,0.0
2025-06-10 03:25:00+00:00,72.69999694824219,72.69999694824219,72.69999694824219,72.69999694824219,2138,0.0,0.0
2025-06-10 03:30:00+00:00,72.69999694824219,72.69999694824219,72.5,72.69999694824219,57000,0.0,0.0
2025-06-10 03:35:00+00:00,72.69999694824219,72.69999694824219,72.69999694824219,72.69999694824219,5005,0.0,0.0
2025-06-10 03:40:00+00:00,72.69999694824219,72.69999694824219,72.69999694824219,72.69999694824219,1000,0.0,0.0
2025-06-10 03:45:00+00:00,72.69999694824219,72.69999694824219,72.69999694824219,72.69999694824219,18000,0.0,0.0
2025-06-10 03:50:00+00:00,72.69999694824219,72.69999694824219,72.69999694824219,72.69999694824219,4134,0.0,0.0
2025-06-10 03:55:00+00:00,72.69999694824219,72.69999694824219,72.69999694824219,72.69999694824219,4000,0.0,0.0
2025-06-10 04:00:00+00:00,72.69999694824219,72.69999694824219,72.69999694824219,72.69999694824219,3300,0.0,0.0
2025-06-10 04:05:00+00:00,72.69999694824219,72.69999694824219,72.69999694824219,72.69999694824219,7000,0.0,0.0
2025-06-10 04:10:00+00:00,72.80000305175781,72.80000305175781,72.80000305175781,72.80000305175781,6101,0.0,0.0
2025-06-10 04:15:00+00:00,72.80000305175781,72.80000305175781,72.69999694824219,72.69999694824219,3000,0.0,0.0
2025-06-10 04:20:00+00:00,72.69999694824219,72.69999694824219,72.69999694824219,72.69999694824219,3662,0.0,0.0
2025-06-10 04:30:00+00:00,72.69999694824219,72.69999694824219,72.69999694824219,72.69999694824219,8127,0.0,0.0
2025-06-10 04:35:00+00:00,72.69999694824219,72.69999694824219,72.69999694824219,72.69999694824219,5000,0.0,0.0
2025-06-10 04:40:00+00:00,72.5999984741211,72.69999694824219,72.5999984741211,72.69999694824219,10150,0.0,0.0
2025-06-10 04:50:00+00:00,72.80000305175781,72.80000305175781,72.69999694824219,72.80000305175781,22000,0.0,0.0
2025-06-10 04:55:00+00:00,72.80000305175781,73.0999984741211,72.80000305175781,73.0999984741211,43073,0.0,0.0
2025-06-10 05:00:00+00:00,73.0,73.19999694824219,73.0,73.19999694824219,16250,0.0,0.0
2025-06-10 05:05:00+00:00,73.0999984741211,73.0999984741211,73.0999984741211,73.0999984741211,5400,0.0,0.0
2025-06-10 05:10:00+00:00,73.0,73.0,72.9000015258789,73.0,13000,0.0,0.0
2025-06-10 05:15:00+00:00,73.0,73.0,72.9000015258789,72.9000015258789,13003,0.0,0.0
2025-06-10 05:20:00+00:00,72.80000305175781,72.9000015258789,72.69999694824219,72.9000015258789,44571,0.0,0.0
2025-06-11 01:00:00+00:00,73.30000305175781,73.30000305175781,73.30000305175781,73.30000305175781,11000,0.0,0.0
2025-06-11 01:05:00+00:00,73.0,73.0,72.9000015258789,73.0,32000,0.0,0.0
2025-06-11 01:10:00+00:00,73.0,73.0,72.80000305175781,72.80000305175781,7005,0.0,0.0
2025-06-11 01:15:00+00:00,73.0,73.0,72.9000015258789,72.9000015258789,17570,0.0,0.0
2025-06-11 01:25:00+00:00,73.0999984741211,73.0999984741211,73.0,73.0,16793,0.0,0.0
2025-06-11 01:30:00+00:00,73.0,73.0,72.9000015258789,72.9000015258789,10039,0.0,0.0
2025-06-11 01:35:00+00:00,73.0,73.0,72.9000015258789,72.9000015258789,18000,0.0,0.0
2025-06-11 01:40:00+00:00,72.9000015258789,73.0,72.9000015258789,73.0,27100,0.0,0.0
2025-06-11 01:45:00+00:00,73.0999984741211,73.0999984741211,73.0,73.0,13100,0.0,0.0
2025-06-11 01:50:00+00:00,73.0,73.0999984741211,73.0,73.0999984741211,9000,0.0,0.0
2025-06-11 01:55:00+00:00,73.0999984741211,73.0999984741211,73.0999984741211,73.0999984741211,2722,0.0,0.0
2025-06-11 02:00:00+00:00,73.0999984741211,73.30000305175781,73.0999984741211,73.30000305175781,16300,0.0,0.0
2025-06-11 02:05:00+00:00,73.19999694824219,73.19999694824219,73.0999984741211,73.0999984741211,3200,0.0,0.0
2025-06-11 02:10:00+00:00,73.30000305175781,73.30000305175781,73.0999984741211,73.0999984741211,32000,0.0,0.0
2025-06-11 02:15:00+00:00,73.19999694824219,73.5,73.19999694824219,73.5,22766,0.0,0.0
2025-06-11 02:20:00+00:00,73.5,73.5,73.4000015258789,73.4000015258789,20000,0.0,0.0
2025-06-11 02:25:00+00:00,73.4000015258789,73.9000015258789,73.30000305175781,73.69999694824219,66272,0.0,0.0
2025-06-11 02:30:00+00:00,73.69999694824219,73.80000305175781,73.69999694824219,73.80000305175781,18014,0.0,0.0
2025-06-11 02:35:00+00:00,73.80000305175781,74.19999694824219,73.80000305175781,74.0999984741211,75738,0.0,0.0
2025-06-11 02:40:00+00:00,74.0999984741211,74.0999984741211,74.0,74.0999984741211,13058,0.0,0.0
2025-06-11 02:45:00+00:00,74.0999984741211,74.4000015258789,74.0999984741211,74.19999694824219,35108,0.0,0.0
2025-06-11 02:50:00+00:00,74.30000305175781,74.30000305175781,74.19999694824219,74.19999694824219,10150,0.0,0.0
2025-06-11 02:55:00+00:00,74.19999694824219,74.19999694824219,74.0,74.0,17000,0.0,0.0
2025-06-11 03:00:00+00:00,74.0,74.5,74.0,74.5,152845,0.0,0.0
2025-06-11 03:05:00+00:00,74.4000015258789,74.5999984741211,74.4000015258789,74.5999984741211,28230,0.0,0.0
2025-06-11 03:10:00+00:00,74.5,74.5,74.4000015258789,74.5,17008,0.0,0.0
2025-06-11 03:15:00+00:00,74.5,74.5,74.4000015258789,74.5,32000,0.0,0.0
2025-06-11 03:20:00+00:00,74.4000015258789,74.5,74.4000015258789,74.5,3110,0.0,0.0
2025-06-11 03:25:00+00:00,74.5,74.5,74.4000015258789,74.4000015258789,27189,0.0,0.0
2025-06-11 03:30:00+00:00,74.4000015258789,74.5,74.4000015258789,74.5,4125,0.0,0.0
2025-06-11 03:35:00+00:00,74.5,74.5,74.4000015258789,74.4000015258789,4200,0.0,0.0
2025-06-11 03:40:00+00:00,74.4000015258789,74.4000015258789,74.4000015258789,74.4000015258789,5000,0.0,0.0
2025-06-11 03:45:00+00:00,74.30000305175781,74.4000015258789,74.30000305175781,74.4000015258789,13000,0.0,0.0
2025-06-11 03:50:00+00:00,74.4000015258789,74.5,74.4000015258789,74.5,27058,0.0,0.0
2025-06-11 03:55:00+00:00,74.4000015258789,74.4000015258789,74.4000015258789,74.4000015258789,5152,0.0,0.0
2025-06-11 04:00:00+00:00,74.4000015258789,74.5,74.4000015258789,74.5,6000,0.0,0.0
2025-06-11 04:05:00+00:00,74.5,74.5,74.5,74.5,1000,0.0,0.0
2025-06-11 04:10:00+00:00,74.30000305175781,74.30000305175781,74.30000305175781,74.30000305175781,1100,0.0,0.0
2025-06-11 04:15:00+00:00,74.30000305175781,74.4000015258789,74.30000305175781,74.4000015258789,5000,0.0,0.0
2025-06-11 04:20:00+00:00,74.4000015258789,74.4000015258789,74.4000015258789,74.4000015258789,1020,0.0,0.0
2025-06-11 04:25:00+00:00,74.30000305175781,74.30000305175781,74.19999694824219,74.19999694824219,6031,0.0,0.0
2025-06-11 04:30:00+00:00,74.19999694824219,74.19999694824219,74.19999694824219,74.19999694824219,6349,0.0,0.0
2025-06-11 04:35:00+00:00,74.0999984741211,74.19999694824219,74.0999984741211,74.0999984741211,8100,0.0,0.0
2025-06-11 04:40:00+00:00,74.0999984741211,74.0999984741211,74.0,74.0,10226,0.0,0.0
2025-06-11 04:45:00+00:00,74.0,74.0,74.0,74.0,2084,0.0,0.0
2025-06-11 04:50:00+00:00,74.0,74.30000305175781,74.0,74.30000305175781,22000,0.0,0.0
2025-06-11 04:55:00+00:00,74.0999984741211,74.0999984741211,74.0999984741211,74.0999984741211,1001,0.0,0.0
2025-06-11 05:00:00+00:00,74.19999694824219,74.19999694824219,74.0,74.0,13038,0.0,0.0
2025-06-11 05:05:00+00:00,74.0,74.0999984741211,74.0,74.0999984741211,22573,0.0,0.0
2025-06-11 05:10:00+00:00,74.0999984741211,74.0999984741211,74.0999984741211,74.0999984741211,2000,0.0,0.0
2025-06-11 05:15:00+00:00,74.19999694824219,74.19999694824219,74.0,74.19999694824219,18000,0.0,0.0
2025-06-11 05:20:00+00:00,74.0,74.0999984741211,74.0,74.0,18002,0.0,0.0
2025-06-12 01:00:00+00:00,74.0,74.0999984741211,73.69999694824219,73.69999694824219,30000,0.0,0.0
2025-06-12 01:05:00+00:00,73.80000305175781,73.80000305175781,73.5,73.5999984741211,23000,0.0,0.0
2025-06-12 01:10:00+00:00,73.9000015258789,74.19999694824219,73.9000015258789,74.19999694824219,11000,0.0,0.0
2025-06-12 01:15:00+00:00,74.0999984741211,74.0999984741211,74.0,74.0,6000,0.0,0.0
2025-06-12 01:20:00+00:00,74.0,74.0,74.0,74.0,7250,0.0,0.0
2025-06-12 01:25:00+00:00,74.0,74.30000305175781,74.0,74.30000305175781,24000,0.0,0.0
2025-06-12 01:30:00+00:00,74.30000305175781,74.5999984741211,74.30000305175781,74.5999984741211,25300,0.0,0.0
2025-06-12 01:35:00+00:00,74.5999984741211,74.80000305175781,74.5999984741211,74.80000305175781,18000,0.0,0.0
2025-06-12 01:40:00+00:00,74.80000305175781,76.4000015258789,74.80000305175781,76.19999694824219,196246,0.0,0.0
2025-06-12 01:45:00+00:00,76.19999694824219,76.19999694824219,75.80000305175781,75.9000015258789,99400,0.0,0.0
2025-06-12 01:50:00+00:00,75.9000015258789,76.0,75.9000015258789,76.0,95818,0.0,0.0
2025-06-12 01:55:00+00:00,76.0,77.5,76.0,76.69999694824219,447987,0.0,0.0
2025-06-12 02:00:00+00:00,76.69999694824219,76.69999694824219,76.30000305175781,76.4000015258789,62828,0.0,0.0
2025-06-12 02:05:00+00:00,76.4000015258789,76.5,75.80000305175781,76.0999984741211,65511,0.0,0.0
2025-06-12 02:10:00+00:00,76.0999984741211,76.30000305175781,76.0999984741211,76.19999694824219,22001,0.0,0.0
2025-06-12 02:15:00+00:00,76.19999694824219,76.19999694824219,76.0999984741211,76.19999694824219,9032,0.0,0.0
2025-06-12 02:20:00+00:00,76.19999694824219,76.19999694824219,75.9000015258789,76.0,44152,0.0,0.0
2025-06-12 02:25:00+00:00,76.0,76.5,76.0,76.30000305175781,57933,0.0,0.0
2025-06-12 02:30:00+00:00,76.19999694824219,76.19999694824219,76.0,76.0,43600,0.0,0.0
2025-06-12 02:35:00+00:00,76.0,76.0,76.0,76.0,3000,0.0,0.0
2025-06-12 02:40:00+00:00,76.0,76.19999694824219,76.0,76.19999694824219,6000,0.0,0.0
2025-06-12 02:45:00+00:00,76.19999694824219,76.19999694824219,76.0,76.0999984741211,17300,0.0,0.0
2025-06-12 02:50:00+00:00,76.0999984741211,76.30000305175781,76.0999984741211,76.30000305175781,9160,0.0,0.0
2025-06-12 02:55:00+00:00,76.4000015258789,76.4000015258789,76.0999984741211,76.30000305175781,22011,0.0,0.0
2025-06-12 03:00:00+00:00,76.30000305175781,76.5,76.19999694824219,76.5,30174,0.0,0.0
2025-06-12 03:05:00+00:00,76.5,76.5,76.5,76.5,9252,0.0,0.0
2025-06-12 03:10:00+00:00,76.4000015258789,76.4000015258789,76.4000015258789,76.4000015258789,13020,0.0,0.0
2025-06-12 03:15:00+00:00,76.4000015258789,76.4000015258789,76.30000305175781,76.30000305175781,8000,0.0,0.0
2025-06-12 03:25:00+00:00,76.30000305175781,76.4000015258789,76.30000305175781,76.4000015258789,4156,0.0,0.0
2025-06-12 03:30:00+00:00,76.30000305175781,76.5,76.30000305175781,76.30000305175781,0,0.0,0.0
2025-06-12 03:35:00+00:00,76.4000015258789,76.5999984741211,76.4000015258789,76.5999984741211,1461259,0.0,0.0
2025-06-12 03:40:00+00:00,76.5999984741211,76.69999694824219,76.5999984741211,76.69999694824219,27403,0.0,0.0
2025-06-12 03:45:00+00:00,76.69999694824219,77.4000015258789,76.69999694824219,77.30000305175781,218786,0.0,0.0
2025-06-12 03:50:00+00:00,77.19999694824219,77.80000305175781,77.0999984741211,77.69999694824219,187184,0.0,0.0
2025-06-12 03:55:00+00:00,77.69999694824219,77.69999694824219,77.30000305175781,77.4000015258789,92179,0.0,0.0
2025-06-12 04:00:00+00:00,77.4000015258789,77.5,77.30000305175781,77.30000305175781,48054,0.0,0.0
2025-06-12 04:05:00+00:00,77.30000305175781,77.4000015258789,77.0999984741211,77.0999984741211,72358,0.0,0.0
2025-06-12 04:10:00+00:00,77.0999984741211,77.19999694824219,77.0999984741211,77.0999984741211,16260,0.0,0.0
2025-06-12 04:15:00+00:00,77.19999694824219,77.4000015258789,77.0999984741211,77.4000015258789,42699,0.0,0.0
2025-06-12 04:20:00+00:00,77.4000015258789,77.5,77.0999984741211,77.0999984741211,16202,0.0,0.0
2025-06-12 04:25:00+00:00,77.0999984741211,77.0999984741211,77.0999984741211,77.0999984741211,13051,0.0,0.0
2025-06-12 04:30:00+00:00,77.0999984741211,77.0999984741211,77.0,77.0,52552,0.0,0.0
2025-06-12 04:35:00+00:00,77.0,77.0,76.9000015258789,77.0,32108,0.0,0.0
2025-06-12 04:40:00+00:00,77.0,77.0,76.9000015258789,77.0,41030,0.0,0.0
2025-06-12 04:45:00+00:00,76.9000015258789,76.9000015258789,76.80000305175781,76.80000305175781,6350,0.0,0.0
2025-06-12 04:50:00+00:00,76.80000305175781,77.0,76.80000305175781,76.80000305175781,16800,0.0,0.0
2025-06-12 04:55:00+00:00,76.80000305175781,76.80000305175781,76.80000305175781,76.80000305175781,14022,0.0,0.0
2025-06-12 05:00:00+00:00,76.80000305175781,76.9000015258789,76.80000305175781,76.80000305175781,13412,0.0,0.0
2025-06-12 05:05:00+00:00,76.69999694824219,76.80000305175781,76.69999694824219,76.80000305175781,22125,0.0,0.0
2025-06-12 05:10:00+00:00,76.69999694824219,77.0,76.69999694824219,77.0,24090,0.0,0.0
2025-06-12 05:15:00+00:00,77.0,77.0,76.9000015258789,77.0,31024,0.0,0.0
2025-06-12 05:20:00+00:00,77.0,77.0999984741211,76.9000015258789,77.0,79409,0.0,0.0
2025-06-13 01:00:00+00:00,76.19999694824219,76.19999694824219,75.19999694824219,76.0,124000,0.0,0.0
2025-06-13 01:05:00+00:00,76.0999984741211,76.19999694824219,76.0,76.0,40319,0.0,0.0
2025-06-13 01:10:00+00:00,76.0,76.19999694824219,75.9000015258789,76.0,37325,0.0,0.0
2025-06-13 01:15:00+00:00,76.0,76.0,75.5,75.5999984741211,39010,0.0,0.0
2025-06-13 01:20:00+00:00,75.5999984741211,75.80000305175781,75.5999984741211,75.69999694824219,28775,0.0,0.0
2025-06-13 01:25:00+00:00,75.5999984741211,75.5999984741211,75.30000305175781,75.5,49131,0.0,0.0
2025-06-13 01:30:00+00:00,75.5,75.5999984741211,75.5,75.5999984741211,4001,0.0,0.0
2025-06-13 01:35:00+00:00,75.69999694824219,75.9000015258789,75.69999694824219,75.9000015258789,22080,0.0,0.0
2025-06-13 01:40:00+00:00,75.9000015258789,75.9000015258789,75.69999694824219,75.69999694824219,13060,0.0,0.0
2025-06-13 01:45:00+00:00,75.69999694824219,75.69999694824219,75.69999694824219,75.69999694824219,6000,0.0,0.0
2025-06-13 01:50:00+00:00,75.69999694824219,75.69999694824219,75.5999984741211,75.5999984741211,7050,0.0,0.0
2025-06-13 01:55:00+00:00,75.80000305175781,75.80000305175781,75.80000305175781,75.80000305175781,2200,0.0,0.0
2025-06-13 02:00:00+00:00,75.9000015258789,76.0,75.9000015258789,76.0,18222,0.0,0.0
2025-06-13 02:05:00+00:00,76.0,76.0,75.80000305175781,75.80000305175781,20000,0.0,0.0
2025-06-13 02:10:00+00:00,75.80000305175781,75.9000015258789,75.69999694824219,75.69999694824219,40361,0.0,0.0
2025-06-13 02:15:00+00:00,75.80000305175781,76.0,75.80000305175781,76.0,14000,0.0,0.0
2025-06-13 02:20:00+00:00,76.0,76.0,75.5,75.5,61329,0.0,0.0
2025-06-13 02:25:00+00:00,75.5,75.5999984741211,75.5,75.5999984741211,8090,0.0,0.0
2025-06-13 02:30:00+00:00,75.5999984741211,75.5999984741211,75.30000305175781,75.30000305175781,58724,0.0,0.0
2025-06-13 02:35:00+00:00,75.30000305175781,75.30000305175781,75.0999984741211,75.0999984741211,59688,0.0,0.0
2025-06-13 02:40:00+00:00,75.0999984741211,76.0,75.0999984741211,76.0,82170,0.0,0.0
2025-06-13 02:45:00+00:00,75.5,75.5,75.19999694824219,75.19999694824219,11000,0.0,0.0
2025-06-13 02:50:00+00:00,75.30000305175781,75.4000015258789,75.30000305175781,75.4000015258789,6000,0.0,0.0
2025-06-13 02:55:00+00:00,75.19999694824219,75.19999694824219,75.0999984741211,75.0999984741211,9055,0.0,0.0
2025-06-13 03:00:00+00:00,75.19999694824219,75.19999694824219,75.0999984741211,75.0999984741211,15177,0.0,0.0
2025-06-13 03:05:00+00:00,75.0999984741211,75.19999694824219,75.0,75.0,82878,0.0,0.0
2025-06-13 03:10:00+00:00,75.0,75.0,74.9000015258789,74.9000015258789,13000,0.0,0.0
2025-06-13 03:15:00+00:00,74.9000015258789,75.0,74.9000015258789,75.0,17073,0.0,0.0
2025-06-13 03:20:00+00:00,75.0,75.0,75.0,75.0,8000,0.0,0.0
2025-06-13 03:25:00+00:00,75.0,75.0999984741211,75.0,75.0999984741211,20014,0.0,0.0
2025-06-13 03:30:00+00:00,75.0,75.0999984741211,75.0,75.0999984741211,26014,0.0,0.0
2025-06-13 03:35:00+00:00,75.0999984741211,75.0999984741211,75.0999984741211,75.0999984741211,1000,0.0,0.0
2025-06-13 03:40:00+00:00,75.0999984741211,75.0999984741211,75.0,75.0,21050,0.0,0.0
2025-06-13 03:45:00+00:00,75.0,75.19999694824219,75.0,75.19999694824219,24000,0.0,0.0
2025-06-13 03:50:00+00:00,75.19999694824219,75.19999694824219,75.19999694824219,75.19999694824219,3000,0.0,0.0
2025-06-13 03:55:00+00:00,75.19999694824219,75.19999694824219,75.19999694824219,75.19999694824219,2083,0.0,0.0
2025-06-13 04:00:00+00:00,75.0999984741211,75.0999984741211,75.0999984741211,75.0999984741211,8234,0.0,0.0
2025-06-13 04:05:00+00:00,75.0,75.0,75.0,75.0,1000,0.0,0.0
2025-06-13 04:10:00+00:00,75.0,75.0,74.9000015258789,74.9000015258789,32378,0.0,0.0
2025-06-13 04:15:00+00:00,74.9000015258789,75.0,74.9000015258789,74.9000015258789,13000,0.0,0.0
2025-06-13 04:20:00+00:00,74.9000015258789,74.9000015258789,74.9000015258789,74.9000015258789,10000,0.0,0.0
2025-06-13 04:25:00+00:00,74.9000015258789,75.0999984741211,74.9000015258789,74.9000015258789,22200,0.0,0.0
2025-06-13 04:35:00+00:00,74.9000015258789,74.9000015258789,74.9000015258789,74.9000015258789,9000,0.0,0.0
2025-06-13 04:40:00+00:00,74.9000015258789,75.0,74.9000015258789,75.0,16000,0.0,0.0
2025-06-13 04:45:00+00:00,75.0,75.0,75.0,75.0,17071,0.0,0.0
2025-06-13 04:50:00+00:00,75.0,75.0999984741211,75.0,75.0999984741211,7024,0.0,0.0
2025-06-13 04:55:00+00:00,75.0999984741211,75.30000305175781,75.0999984741211,75.30000305175781,5200,0.0,0.0
2025-06-13 05:00:00+00:00,75.19999694824219,75.19999694824219,75.19999694824219,75.19999694824219,4178,0.0,0.0
2025-06-13 05:05:00+00:00,75.19999694824219,75.19999694824219,75.0,75.0,14076,0.0,0.0
2025-06-13 05:10:00+00:00,74.9000015258789,75.0,74.9000015258789,75.0,3156,0.0,0.0
2025-06-13 05:15:00+00:00,75.0,75.0,74.80000305175781,74.80000305175781,56274,0.0,0.0
2025-06-13 05:20:00+00:00,74.80000305175781,75.0,74.80000305175781,74.80000305175781,24675,0.0,0.0
2025-06-16 01:00:00+00:00,74.80000305175781,74.80000305175781,73.30000305175781,73.9000015258789,0,0.0,0.0
2025-06-16 01:05:00+00:00,73.9000015258789,73.9000015258789,73.5,73.5,55000,0.0,0.0
2025-06-16 01:10:00+00:00,73.5,73.9000015258789,73.4000015258789,73.69999694824219,31680,0.0,0.0
2025-06-16 01:15:00+00:00,73.69999694824219,73.80000305175781,73.5,73.5,41976,0.0,0.0
2025-06-16 01:20:00+00:00,73.5,73.5999984741211,73.0999984741211,73.19999694824219,105872,0.0,0.0
2025-06-16 01:25:00+00:00,73.0999984741211,73.0999984741211,72.9000015258789,73.0,66319,0.0,0.0
2025-06-16 01:30:00+00:00,73.0,73.19999694824219,73.0,73.0999984741211,29099,0.0,0.0
2025-06-16 01:35:00+00:00,73.19999694824219,73.30000305175781,73.0,73.0,35802,0.0,0.0
2025-06-16 01:40:00+00:00,73.0,73.0,72.9000015258789,73.0,17356,0.0,0.0
2025-06-16 01:45:00+00:00,73.0999984741211,73.19999694824219,73.0999984741211,73.0999984741211,17200,0.0,0.0
2025-06-16 01:50:00+00:00,73.0999984741211,73.5,73.0999984741211,73.30000305175781,20138,0.0,0.0
2025-06-16 01:55:00+00:00,73.30000305175781,73.30000305175781,73.30000305175781,73.30000305175781,2310,0.0,0.0
2025-06-16 02:00:00+00:00,73.19999694824219,73.19999694824219,72.9000015258789,72.9000015258789,64136,0.0,0.0
2025-06-16 02:05:00+00:00,73.0,73.0,72.9000015258789,73.0,23088,0.0,0.0
2025-06-16 02:10:00+00:00,73.0,73.0,73.0,73.0,8273,0.0,0.0
2025-06-16 02:15:00+00:00,73.0,73.0,72.9000015258789,73.0,12020,0.0,0.0
2025-06-16 02:20:00+00:00,73.0,73.0,72.69999694824219,72.80000305175781,74970,0.0,0.0
2025-06-16 02:25:00+00:00,72.80000305175781,72.80000305175781,72.69999694824219,72.69999694824219,18000,0.0,0.0
2025-06-16 02:30:00+00:00,72.80000305175781,72.80000305175781,72.69999694824219,72.80000305175781,15000,0.0,0.0
2025-06-16 02:35:00+00:00,72.80000305175781,72.80000305175781,72.80000305175781,72.80000305175781,5000,0.0,0.0
2025-06-16 02:40:00+00:00,72.80000305175781,72.80000305175781,72.80000305175781,72.80000305175781,7030,0.0,0.0
2025-06-16 02:45:00+00:00,72.80000305175781,72.9000015258789,72.80000305175781,72.80000305175781,14193,0.0,0.0
2025-06-16 02:50:00+00:00,72.69999694824219,72.69999694824219,72.5999984741211,72.69999694824219,60002,0.0,0.0
2025-06-16 02:55:00+00:00,72.69999694824219,72.69999694824219,72.69999694824219,72.69999694824219,2000,0.0,0.0
2025-06-16 03:00:00+00:00,72.80000305175781,72.9000015258789,72.80000305175781,72.9000015258789,6230,0.0,0.0
2025-06-16 03:05:00+00:00,73.0,73.0999984741211,73.0,73.0999984741211,9020,0.0,0.0
2025-06-16 03:10:00+00:00,73.0999984741211,73.0999984741211,73.0,73.0,5134,0.0,0.0
2025-06-16 03:20:00+00:00,73.0,73.19999694824219,73.0,73.19999694824219,8130,0.0,0.0
2025-06-16 03:25:00+00:00,73.0999984741211,73.0999984741211,73.0999984741211,73.0999984741211,3186,0.0,0.0
2025-06-16 03:35:00+00:00,73.19999694824219,73.4000015258789,73.19999694824219,73.30000305175781,12000,0.0,0.0
2025-06-16 03:40:00+00:00,73.30000305175781,73.5,73.30000305175781,73.5,18000,0.0,0.0
2025-06-16 03:45:00+00:00,73.5,73.5,73.5,73.5,2005,0.0,0.0
2025-06-16 03:50:00+00:00,73.5,73.5,73.30000305175781,73.30000305175781,9000,0.0,0.0
2025-06-16 03:55:00+00:00,73.30000305175781,73.30000305175781,73.30000305175781,73.30000305175781,1005,0.0,0.0
2025-06-16 04:00:00+00:00,73.30000305175781,73.30000305175781,73.30000305175781,73.30000305175781,5025,0.0,0.0
2025-06-16 04:05:00+00:00,73.30000305175781,73.69999694824219,73.30000305175781,73.69999694824219,17070,0.0,0.0
2025-06-16 04:10:00+00:00,73.69999694824219,73.69999694824219,73.69999694824219,73.69999694824219,5100,0.0,0.0
2025-06-16 04:15:00+00:00,73.5999984741211,73.69999694824219,73.5999984741211,73.69999694824219,5000,0.0,0.0
2025-06-16 04:20:00+00:00,73.80000305175781,73.80000305175781,73.80000305175781,73.80000305175781,7000,0.0,0.0
2025-06-16 04:25:00+00:00,73.80000305175781,73.80000305175781,73.5,73.5,24145,0.0,0.0
2025-06-16 04:30:00+00:00,73.5,73.5999984741211,73.5,73.5999984741211,2085,0.0,0.0
2025-06-16 04:35:00+00:00,73.5999984741211,73.5999984741211,73.5999984741211,73.5999984741211,2051,0.0,0.0
2025-06-16 04:40:00+00:00,73.5,73.5,73.5,73.5,10000,0.0,0.0
2025-06-16 04:45:00+00:00,73.5,73.5,73.4000015258789,73.4000015258789,5017,0.0,0.0
2025-06-16 04:50:00+00:00,73.4000015258789,73.5999984741211,73.4000015258789,73.5999984741211,18012,0.0,0.0
2025-06-16 04:55:00+00:00,73.69999694824219,74.19999694824219,73.5999984741211,73.80000305175781,64315,0.0,0.0
2025-06-16 05:00:00+00:00,73.80000305175781,73.9000015258789,73.80000305175781,73.9000015258789,7042,0.0,0.0
2025-06-16 05:05:00+00:00,73.9000015258789,73.9000015258789,73.69999694824219,73.69999694824219,7017,0.0,0.0
2025-06-16 05:10:00+00:00,73.80000305175781,73.9000015258789,73.80000305175781,73.9000015258789,5020,0.0,0.0
2025-06-16 05:15:00+00:00,73.9000015258789,73.9000015258789,73.80000305175781,73.80000305175781,11105,0.0,0.0
2025-06-16 05:20:00+00:00,73.80000305175781,74.30000305175781,73.80000305175781,74.0999984741211,39258,0.0,0.0
2025-06-17 01:00:00+00:00,74.0999984741211,74.5,74.0999984741211,74.30000305175781,46000,0.0,0.0
2025-06-17 01:05:00+00:00,74.19999694824219,74.5999984741211,74.19999694824219,74.5,36122,0.0,0.0
2025-06-17 01:10:00+00:00,74.5999984741211,74.5999984741211,74.4000015258789,74.5999984741211,10060,0.0,0.0
2025-06-17 01:15:00+00:00,74.5,74.5,74.30000305175781,74.30000305175781,16111,0.0,0.0
2025-06-17 01:20:00+00:00,74.5,74.5999984741211,74.5,74.5,30300,0.0,0.0
2025-06-17 01:25:00+00:00,74.5,74.5,74.5,74.5,2000,0.0,0.0
2025-06-17 01:30:00+00:00,74.4000015258789,74.4000015258789,74.4000015258789,74.4000015258789,6111,0.0,0.0
2025-06-17 01:35:00+00:00,74.4000015258789,74.4000015258789,74.4000015258789,74.4000015258789,3000,0.0,0.0
2025-06-17 01:40:00+00:00,74.4000015258789,74.4000015258789,74.4000015258789,74.4000015258789,11000,0.0,0.0
2025-06-17 01:45:00+00:00,74.4000015258789,74.5,74.4000015258789,74.4000015258789,7090,0.0,0.0
2025-06-17 01:50:00+00:00,74.30000305175781,74.30000305175781,74.30000305175781,74.30000305175781,2000,0.0,0.0
2025-06-17 01:55:00+00:00,74.30000305175781,74.30000305175781,74.0999984741211,74.19999694824219,20032,0.0,0.0
2025-06-17 02:00:00+00:00,74.0999984741211,74.0999984741211,74.0,74.0,14123,0.0,0.0
2025-06-17 02:05:00+00:00,74.0999984741211,74.0999984741211,74.0,74.0,3074,0.0,0.0
2025-06-17 02:10:00+00:00,74.0,74.0,73.80000305175781,73.80000305175781,15411,0.0,0.0
2025-06-17 02:15:00+00:00,73.80000305175781,73.80000305175781,73.80000305175781,73.80000305175781,4137,0.0,0.0
2025-06-17 02:20:00+00:00,73.69999694824219,73.69999694824219,73.5999984741211,73.5999984741211,17000,0.0,0.0
2025-06-17 02:25:00+00:00,73.5999984741211,73.69999694824219,73.5999984741211,73.69999694824219,6011,0.0,0.0
2025-06-17 02:30:00+00:00,73.69999694824219,73.69999694824219,73.69999694824219,73.69999694824219,2016,0.0,0.0
2025-06-17 02:35:00+00:00,73.69999694824219,73.69999694824219,73.69999694824219,73.69999694824219,2000,0.0,0.0
2025-06-17 02:40:00+00:00,73.69999694824219,73.69999694824219,73.5999984741211,73.69999694824219,5245,0.0,0.0
2025-06-17 02:45:00+00:00,73.69999694824219,73.69999694824219,73.69999694824219,73.69999694824219,2000,0.0,0.0
2025-06-17 02:50:00+00:00,73.80000305175781,74.0,73.80000305175781,74.0,2000,0.0,0.0
2025-06-17 02:55:00+00:00,73.80000305175781,74.0,73.80000305175781,74.0,4049,0.0,0.0
2025-06-17 03:00:00+00:00,74.0,74.0,73.9000015258789,73.9000015258789,8215,0.0,0.0
2025-06-17 03:05:00+00:00,73.9000015258789,74.0,73.9000015258789,74.0,12540,0.0,0.0
2025-06-17 03:15:00+00:00,74.0,74.0999984741211,73.9000015258789,73.9000015258789,16000,0.0,0.0
2025-06-17 03:20:00+00:00,73.9000015258789,73.9000015258789,73.9000015258789,73.9000015258789,2000,0.0,0.0
2025-06-17 03:25:00+00:00,73.80000305175781,73.80000305175781,73.80000305175781,73.80000305175781,2112,0.0,0.0
2025-06-17 03:30:00+00:00,73.80000305175781,73.80000305175781,73.80000305175781,73.80000305175781,8005,0.0,0.0
2025-06-17 03:35:00+00:00,73.9000015258789,73.9000015258789,73.9000015258789,73.9000015258789,1000,0.0,0.0
2025-06-17 03:45:00+00:00,73.69999694824219,73.69999694824219,73.4000015258789,73.4000015258789,70016,0.0,0.0
2025-06-17 03:50:00+00:00,73.4000015258789,73.4000015258789,73.4000015258789,73.4000015258789,4000,0.0,0.0
2025-06-17 03:55:00+00:00,73.4000015258789,73.4000015258789,73.4000015258789,73.4000015258789,2030,0.0,0.0
2025-06-17 04:00:00+00:00,73.5,73.5,73.5,73.5,14000,0.0,0.0
2025-06-17 04:05:00+00:00,73.5,73.5,73.4000015258789,73.4000015258789,26000,0.0,0.0
2025-06-17 04:10:00+00:00,73.4000015258789,73.4000015258789,73.4000015258789,73.4000015258789,3060,0.0,0.0
2025-06-17 04:15:00+00:00,73.5,73.5,73.5,73.5,3330,0.0,0.0
2025-06-17 04:20:00+00:00,73.4000015258789,73.4000015258789,73.30000305175781,73.30000305175781,27249,0.0,0.0
2025-06-17 04:25:00+00:00,73.30000305175781,73.5,73.19999694824219,73.5,30000,0.0,0.0
2025-06-17 04:30:00+00:00,73.30000305175781,73.4000015258789,73.30000305175781,73.4000015258789,6033,0.0,0.0
2025-06-17 04:35:00+00:00,73.30000305175781,73.30000305175781,73.19999694824219,73.19999694824219,2000,0.0,0.0
2025-06-17 04:40:00+00:00,73.30000305175781,73.5,73.30000305175781,73.5,40062,0.0,0.0
2025-06-17 04:45:00+00:00,73.4000015258789,73.5999984741211,73.4000015258789,73.4000015258789,20000,0.0,0.0
2025-06-17 04:50:00+00:00,73.30000305175781,73.5,73.30000305175781,73.4000015258789,38010,0.0,0.0
2025-06-17 04:55:00+00:00,73.5,73.5,73.5,73.5,6128,0.0,0.0
2025-06-17 05:00:00+00:00,73.5,73.69999694824219,73.5,73.69999694824219,16073,0.0,0.0
2025-06-17 05:05:00+00:00,73.69999694824219,73.69999694824219,73.69999694824219,73.69999694824219,1005,0.0,0.0
2025-06-17 05:10:00+00:00,73.5999984741211,73.5999984741211,73.5999984741211,73.5999984741211,3000,0.0,0.0
2025-06-17 05:15:00+00:00,73.5999984741211,73.5999984741211,73.4000015258789,73.5,18120,0.0,0.0
2025-06-17 05:20:00+00:00,73.4000015258789,73.5999984741211,73.4000015258789,73.4000015258789,26038,0.0,0.0
2025-06-18 01:00:00+00:00,74.19999694824219,74.19999694824219,73.80000305175781,73.9000015258789,15000,0.0,0.0
2025-06-18 01:05:00+00:00,73.69999694824219,74.80000305175781,73.69999694824219,74.4000015258789,77036,0.0,0.0
2025-06-18 01:10:00+00:00,74.30000305175781,74.30000305175781,74.0,74.0,14236,0.0,0.0
2025-06-18 01:15:00+00:00,73.9000015258789,74.0,73.9000015258789,74.0,6178,0.0,0.0
2025-06-18 01:20:00+00:00,74.0,74.0,73.9000015258789,74.0,7200,0.0,0.0
2025-06-18 01:25:00+00:00,73.9000015258789,74.19999694824219,73.9000015258789,74.19999694824219,25087,0.0,0.0
2025-06-18 01:30:00+00:00,74.19999694824219,74.30000305175781,74.0999984741211,74.19999694824219,6000,0.0,0.0
2025-06-18 01:35:00+00:00,74.30000305175781,74.30000305175781,74.19999694824219,74.19999694824219,10500,0.0,0.0
2025-06-18 01:40:00+00:00,74.0999984741211,74.0999984741211,74.0,74.0,8066,0.0,0.0
2025-06-18 01:45:00+00:00,74.0,74.0,74.0,74.0,2000,0.0,0.0
2025-06-18 01:50:00+00:00,74.0999984741211,74.0999984741211,74.0999984741211,74.0999984741211,6000,0.0,0.0
2025-06-18 01:55:00+00:00,74.0,74.0,74.0,74.0,11000,0.0,0.0
2025-06-18 02:00:00+00:00,73.9000015258789,73.9000015258789,73.80000305175781,73.80000305175781,8372,0.0,0.0
2025-06-18 02:05:00+00:00,73.69999694824219,73.69999694824219,73.5999984741211,73.5999984741211,4568,0.0,0.0
2025-06-18 02:10:00+00:00,73.69999694824219,73.69999694824219,73.69999694824219,73.69999694824219,1165,0.0,0.0
2025-06-18 02:15:00+00:00,73.69999694824219,73.69999694824219,73.69999694824219,73.69999694824219,4000,0.0,0.0
2025-06-18 02:20:00+00:00,73.69999694824219,73.69999694824219,73.69999694824219,73.69999694824219,1000,0.0,0.0
2025-06-18 02:30:00+00:00,73.69999694824219,73.69999694824219,73.69999694824219,73.69999694824219,7212,0.0,0.0
2025-06-18 02:35:00+00:00,73.80000305175781,73.80000305175781,73.80000305175781,73.80000305175781,7020,0.0,0.0
2025-06-18 02:40:00+00:00,73.9000015258789,73.9000015258789,73.9000015258789,73.9000015258789,4100,0.0,0.0
2025-06-18 02:45:00+00:00,73.9000015258789,73.9000015258789,73.9000015258789,73.9000015258789,1014,0.0,0.0
2025-06-18 02:50:00+00:00,73.9000015258789,73.9000015258789,73.9000015258789,73.9000015258789,3107,0.0,0.0
2025-06-18 03:00:00+00:00,74.0,74.30000305175781,74.0,74.30000305175781,32420,0.0,0.0
2025-06-18 03:05:00+00:00,74.30000305175781,74.30000305175781,74.0,74.30000305175781,9000,0.0,0.0
2025-06-18 03:10:00+00:00,74.30000305175781,74.30000305175781,74.19999694824219,74.19999694824219,2000,0.0,0.0
2025-06-18 03:15:00+00:00,74.19999694824219,74.30000305175781,74.0,74.19999694824219,8000,0.0,0.0
2025-06-18 03:20:00+00:00,74.19999694824219,74.30000305175781,74.19999694824219,74.30000305175781,9000,0.0,0.0
2025-06-18 03:25:00+00:00,74.30000305175781,74.4000015258789,74.30000305175781,74.4000015258789,12000,0.0,0.0
2025-06-18 03:30:00+00:00,74.4000015258789,74.5,74.4000015258789,74.5,10035,0.0,0.0
2025-06-18 03:35:00+00:00,74.30000305175781,74.4000015258789,74.19999694824219,74.30000305175781,13000,0.0,0.0
2025-06-18 03:40:00+00:00,74.4000015258789,74.4000015258789,74.4000015258789,74.4000015258789,7010,0.0,0.0
2025-06-18 03:45:00+00:00,74.4000015258789,74.5,74.4000015258789,74.5,3020,0.0,0.0
2025-06-18 03:50:00+00:00,74.4000015258789,74.4000015258789,74.4000015258789,74.4000015258789,4000,0.0,0.0
2025-06-18 03:55:00+00:00,74.30000305175781,74.30000305175781,74.19999694824219,74.19999694824219,8000,0.0,0.0
2025-06-18 04:00:00+00:00,74.0,74.19999694824219,74.0,74.19999694824219,2200,0.0,0.0
2025-06-18 04:05:00+00:00,74.0,74.0,74.0,74.0,4000,0.0,0.0
2025-06-18 04:10:00+00:00,74.0999984741211,74.0999984741211,74.0999984741211,74.0999984741211,2011,0.0,0.0
2025-06-18 04:15:00+00:00,74.0999984741211,74.0999984741211,74.0999984741211,74.0999984741211,9155,0.0,0.0
2025-06-18 04:20:00+00:00,74.0999984741211,74.0999984741211,74.0,74.0999984741211,7003,0.0,0.0
2025-06-18 04:25:00+00:00,74.0999984741211,74.0999984741211,74.0999984741211,74.0999984741211,1100,0.0,0.0
2025-06-18 04:30:00+00:00,74.0999984741211,74.0999984741211,74.0999984741211,74.0999984741211,1000,0.0,0.0
2025-06-18 04:35:00+00:00,74.0999984741211,74.0999984741211,74.0,74.0,11000,0.0,0.0
2025-06-18 04:40:00+00:00,74.0,74.0,74.0,74.0,3000,0.0,0.0
2025-06-18 04:45:00+00:00,74.0,74.0,74.0,74.0,1000,0.0,0.0
2025-06-18 04:50:00+00:00,74.0,74.0,74.0,74.0,6000,0.0,0.0
2025-06-18 04:55:00+00:00,73.9000015258789,73.9000015258789,73.9000015258789,73.9000015258789,1200,0.0,0.0
2025-06-18 05:00:00+00:00,73.9000015258789,74.0,73.9000015258789,73.9000015258789,12200,0.0,0.0
2025-06-18 05:05:00+00:00,74.0,74.0999984741211,73.9000015258789,73.9000015258789,10250,0.0,0.0
2025-06-18 05:10:00+00:00,73.80000305175781,73.9000015258789,73.80000305175781,73.80000305175781,5000,0.0,0.0
2025-06-18 05:15:00+00:00,73.80000305175781,73.9000015258789,73.69999694824219,73.80000305175781,29000,0.0,0.0
2025-06-18 05:20:00+00:00,73.69999694824219,73.9000015258789,73.69999694824219,73.9000015258789,19128,0.0,0.0
2025-06-19 01:00:00+00:00,73.5,73.5,73.19999694824219,73.4000015258789,66000,0.0,0.0
2025-06-19 01:05:00+00:00,73.4000015258789,73.4000015258789,73.19999694824219,73.30000305175781,51000,0.0,0.0
2025-06-19 01:10:00+00:00,72.9000015258789,73.0,72.80000305175781,72.9000015258789,104979,0.0,0.0
2025-06-19 01:15:00+00:00,72.80000305175781,72.80000305175781,72.5999984741211,72.5999984741211,60391,0.0,0.0
2025-06-19 01:20:00+00:00,72.5999984741211,72.80000305175781,72.4000015258789,72.5999984741211,48494,0.0,0.0
2025-06-19 01:25:00+00:00,72.80000305175781,72.80000305175781,72.5,72.5,45700,0.0,0.0
2025-06-19 01:30:00+00:00,72.5,72.5,72.5,72.5,3184,0.0,0.0
2025-06-19 01:35:00+00:00,72.5999984741211,72.5999984741211,72.30000305175781,72.30000305175781,47390,0.0,0.0
2025-06-19 01:40:00+00:00,72.30000305175781,72.4000015258789,72.30000305175781,72.4000015258789,12642,0.0,0.0
2025-06-19 01:45:00+00:00,72.5,72.5999984741211,72.4000015258789,72.5999984741211,7370,0.0,0.0
2025-06-19 01:50:00+00:00,72.5,72.5,72.5,72.5,6385,0.0,0.0
2025-06-19 01:55:00+00:00,72.5,72.5,72.5,72.5,27000,0.0,0.0
2025-06-19 02:00:00+00:00,72.4000015258789,72.4000015258789,72.30000305175781,72.30000305175781,42131,0.0,0.0
2025-06-19 02:05:00+00:00,72.19999694824219,72.30000305175781,72.19999694824219,72.19999694824219,35100,0.0,0.0
2025-06-19 02:10:00+00:00,72.19999694824219,72.19999694824219,71.9000015258789,71.9000015258789,91007,0.0,0.0
2025-06-19 02:15:00+00:00,71.9000015258789,71.9000015258789,71.5,71.69999694824219,112958,0.0,0.0
2025-06-19 02:20:00+00:00,71.5999984741211,71.5999984741211,71.5999984741211,71.5999984741211,14506,0.0,0.0
2025-06-19 02:25:00+00:00,71.5999984741211,71.69999694824219,71.5,71.5999984741211,65188,0.0,0.0
2025-06-19 02:30:00+00:00,71.69999694824219,71.69999694824219,71.5,71.69999694824219,38407,0.0,0.0
2025-06-19 02:35:00+00:00,71.69999694824219,71.69999694824219,71.5999984741211,71.69999694824219,18000,0.0,0.0
2025-06-19 02:40:00+00:00,71.69999694824219,71.69999694824219,71.5999984741211,71.69999694824219,12121,0.0,0.0
2025-06-19 02:45:00+00:00,71.69999694824219,71.69999694824219,71.5999984741211,71.5999984741211,28000,0.0,0.0
2025-06-19 02:50:00+00:00,71.69999694824219,71.69999694824219,71.5999984741211,71.69999694824219,25406,0.0,0.0
2025-06-19 02:55:00+00:00,71.69999694824219,71.80000305175781,71.69999694824219,71.80000305175781,28050,0.0,0.0
2025-06-19 03:00:00+00:00,72.0,72.30000305175781,71.80000305175781,72.30000305175781,37010,0.0,0.0
2025-06-19 03:05:00+00:00,72.0999984741211,72.0999984741211,72.0,72.0,7150,0.0,0.0
2025-06-19 03:10:00+00:00,71.80000305175781,71.80000305175781,71.80000305175781,71.80000305175781,4000,0.0,0.0
2025-06-19 03:15:00+00:00,71.9000015258789,71.9000015258789,71.9000015258789,71.9000015258789,4005,0.0,0.0
2025-06-19 03:20:00+00:00,71.9000015258789,72.0999984741211,71.9000015258789,72.0,6215,0.0,0.0
2025-06-19 03:25:00+00:00,72.0,72.0999984741211,72.0,72.0999984741211,3000,0.0,0.0
2025-06-19 03:30:00+00:00,72.0999984741211,72.0999984741211,72.0999984741211,72.0999984741211,0,0.0,0.0
2025-06-19 03:35:00+00:00,72.19999694824219,72.19999694824219,72.0999984741211,72.0999984741211,1060239,0.0,0.0
2025-06-19 03:40:00+00:00,72.0999984741211,72.0999984741211,72.0999984741211,72.0999984741211,6000,0.0,0.0
2025-06-19 03:45:00+00:00,72.0,72.19999694824219,72.0,72.19999694824219,7040,0.0,0.0
2025-06-19 03:50:00+00:00,72.0999984741211,72.0999984741211,72.0999984741211,72.0999984741211,4001,0.0,0.0
2025-06-19 03:55:00+00:00,72.0999984741211,72.0999984741211,72.0,72.0,4353,0.0,0.0
2025-06-19 04:00:00+00:00,72.0,72.0999984741211,72.0,72.0,26000,0.0,0.0
2025-06-19 04:05:00+00:00,72.0,72.0,72.0,72.0,2050,0.0,0.0
2025-06-19 04:10:00+00:00,72.0,72.0,71.9000015258789,71.9000015258789,16050,0.0,0.0
2025-06-19 04:15:00+00:00,71.9000015258789,71.9000015258789,71.9000015258789,71.9000015258789,3441,0.0,0.0
2025-06-19 04:20:00+00:00,71.9000015258789,71.9000015258789,71.9000015258789,71.9000015258789,3799,0.0,0.0
2025-06-19 04:25:00+00:00,71.9000015258789,71.9000015258789,71.9000015258789,71.9000015258789,1000,0.0,0.0
2025-06-19 04:30:00+00:00,71.9000015258789,71.9000015258789,71.9000015258789,71.9000015258789,7000,0.0,0.0
2025-06-19 04:35:00+00:00,72.0,72.0,71.9000015258789,71.9000015258789,10220,0.0,0.0
2025-06-19 04:40:00+00:00,71.9000015258789,72.0,71.9000015258789,71.9000015258789,8000,0.0,0.0
2025-06-19 04:45:00+00:00,72.0,72.4000015258789,71.9000015258789,72.4000015258789,31000,0.0,0.0
2025-06-19 04:50:00+00:00,72.30000305175781,72.30000305175781,72.19999694824219,72.19999694824219,3100,0.0,0.0
2025-06-19 04:55:00+00:00,72.0999984741211,72.0999984741211,72.0,72.0,19000,0.0,0.0
2025-06-19 05:00:00+00:00,72.0,72.0999984741211,71.9000015258789,72.0,21100,0.0,0.0
2025-06-19 05:05:00+00:00,72.0,72.0,71.9000015258789,71.9000015258789,12279,0.0,0.0
2025-06-19 05:10:00+00:00,71.9000015258789,72.0,71.9000015258789,72.0,6000,0.0,0.0
2025-06-19 05:15:00+00:00,72.0,72.0999984741211,71.9000015258789,71.9000015258789,23000,0.0,0.0
2025-06-19 05:20:00+00:00,71.9000015258789,72.0,71.80000305175781,71.80000305175781,31250,0.0,0.0
2025-06-20 01:00:00+00:00,71.5,72.0,71.5,72.0,34000,0.0,0.0
2025-06-20 01:05:00+00:00,72.0,72.0,71.80000305175781,71.80000305175781,13182,0.0,0.0
2025-06-20 01:10:00+00:00,71.80000305175781,71.9000015258789,71.5,71.5,32175,0.0,0.0
2025-06-20 01:15:00+00:00,71.5,71.5999984741211,71.5,71.5,14615,0.0,0.0
2025-06-20 01:20:00+00:00,71.5,71.5,71.30000305175781,71.30000305175781,13485,0.0,0.0
2025-06-20 01:25:00+00:00,71.30000305175781,71.30000305175781,71.0999984741211,71.19999694824219,27131,0.0,0.0
2025-06-20 01:30:00+00:00,71.0999984741211,71.0999984741211,70.69999694824219,70.69999694824219,51609,0.0,0.0
2025-06-20 01:35:00+00:00,70.69999694824219,70.80000305175781,70.5999984741211,70.69999694824219,46701,0.0,0.0
2025-06-20 01:40:00+00:00,70.69999694824219,70.69999694824219,70.5999984741211,70.5999984741211,38157,0.0,0.0
2025-06-20 01:45:00+00:00,70.5999984741211,70.5999984741211,70.5,70.5,67654,0.0,0.0
2025-06-20 01:50:00+00:00,70.4000015258789,70.5,70.4000015258789,70.5,30537,0.0,0.0
2025-06-20 01:55:00+00:00,70.5,70.5,70.5,70.5,7866,0.0,0.0
2025-06-20 02:00:00+00:00,70.4000015258789,70.4000015258789,70.30000305175781,70.4000015258789,26100,0.0,0.0
2025-06-20 02:05:00+00:00,70.4000015258789,70.69999694824219,70.4000015258789,70.69999694824219,22789,0.0,0.0
2025-06-20 02:10:00+00:00,70.5999984741211,70.5999984741211,70.5999984741211,70.5999984741211,6070,0.0,0.0
2025-06-20 02:15:00+00:00,70.5999984741211,70.69999694824219,70.5999984741211,70.69999694824219,18000,0.0,0.0
2025-06-20 02:20:00+00:00,70.69999694824219,70.9000015258789,70.69999694824219,70.9000015258789,7057,0.0,0.0
2025-06-20 02:25:00+00:00,70.80000305175781,70.80000305175781,70.80000305175781,70.80000305175781,14069,0.0,0.0
2025-06-20 02:30:00+00:00,70.80000305175781,70.9000015258789,70.80000305175781,70.9000015258789,7014,0.0,0.0
2025-06-20 02:35:00+00:00,71.0,71.0999984741211,71.0,71.0999984741211,22291,0.0,0.0
2025-06-20 02:40:00+00:00,71.0999984741211,71.0999984741211,70.80000305175781,70.80000305175781,5000,0.0,0.0
2025-06-20 02:45:00+00:00,71.0,71.19999694824219,71.0,71.19999694824219,9000,0.0,0.0
2025-06-20 02:50:00+00:00,71.0,71.0,70.80000305175781,71.0,22000,0.0,0.0
2025-06-20 02:55:00+00:00,71.0,71.30000305175781,70.80000305175781,71.30000305175781,25000,0.0,0.0
2025-06-20 03:00:00+00:00,71.30000305175781,71.30000305175781,71.30000305175781,71.30000305175781,1000,0.0,0.0
2025-06-20 03:05:00+00:00,71.0,71.0,71.0,71.0,4000,0.0,0.0
2025-06-20 03:10:00+00:00,70.9000015258789,71.0,70.9000015258789,71.0,5000,0.0,0.0
2025-06-20 03:20:00+00:00,71.0,71.0999984741211,71.0,71.0,11050,0.0,0.0
2025-06-20 03:25:00+00:00,71.0999984741211,71.0999984741211,71.0999984741211,71.0999984741211,0,0.0,0.0
2025-06-20 03:30:00+00:00,71.0999984741211,71.0999984741211,71.0999984741211,71.0999984741211,589552,0.0,0.0
2025-06-20 03:35:00+00:00,71.19999694824219,71.4000015258789,71.19999694824219,71.4000015258789,11070,0.0,0.0
2025-06-20 03:40:00+00:00,71.4000015258789,71.4000015258789,71.0,71.30000305175781,34300,0.0,0.0
2025-06-20 03:45:00+00:00,71.0999984741211,71.19999694824219,71.0,71.19999694824219,11000,0.0,0.0
2025-06-20 03:50:00+00:00,71.30000305175781,71.30000305175781,71.30000305175781,71.30000305175781,2030,0.0,0.0
2025-06-20 03:55:00+00:00,71.4000015258789,71.5,71.4000015258789,71.5,10173,0.0,0.0
2025-06-20 04:00:00+00:00,71.4000015258789,71.4000015258789,71.4000015258789,71.4000015258789,2000,0.0,0.0
2025-06-20 04:10:00+00:00,71.30000305175781,71.30000305175781,71.30000305175781,71.30000305175781,1100,0.0,0.0
2025-06-20 04:15:00+00:00,71.30000305175781,71.30000305175781,71.30000305175781,71.30000305175781,8000,0.0,0.0
2025-06-20 04:20:00+00:00,71.19999694824219,71.30000305175781,71.0999984741211,71.0999984741211,9092,0.0,0.0
2025-06-20 04:25:00+00:00,71.19999694824219,71.19999694824219,71.19999694824219,71.19999694824219,2010,0.0,0.0
2025-06-20 04:30:00+00:00,71.19999694824219,71.19999694824219,71.0999984741211,71.19999694824219,6300,0.0,0.0
2025-06-20 04:35:00+00:00,71.19999694824219,71.19999694824219,71.19999694824219,71.19999694824219,2000,0.0,0.0
2025-06-20 04:40:00+00:00,71.0999984741211,71.19999694824219,70.9000015258789,71.0999984741211,45368,0.0,0.0
2025-06-20 04:45:00+00:00,71.0,71.0,71.0,71.0,1000,0.0,0.0
2025-06-20 04:50:00+00:00,71.0999984741211,71.0999984741211,71.0,71.0,7050,0.0,0.0
2025-06-20 04:55:00+00:00,71.0,71.0,71.0,71.0,12210,0.0,0.0
2025-06-20 05:00:00+00:00,71.0999984741211,71.30000305175781,71.0999984741211,71.30000305175781,15162,0.0,0.0
2025-06-20 05:05:00+00:00,71.30000305175781,71.30000305175781,71.19999694824219,71.30000305175781,8000,0.0,0.0
2025-06-20 05:10:00+00:00,71.19999694824219,71.30000305175781,71.19999694824219,71.19999694824219,19000,0.0,0.0
2025-06-20 05:15:00+00:00,71.19999694824219,71.4000015258789,71.0999984741211,71.4000015258789,31096,0.0,0.0
2025-06-20 05:20:00+00:00,71.30000305175781,71.5,71.30000305175781,71.5,47824,0.0,0.0
2025-06-23 01:00:00+00:00,69.9000015258789,70.0,69.0999984741211,70.0,0,0.0,0.0
2025-06-23 01:05:00+00:00,70.0,70.69999694824219,69.9000015258789,70.69999694824219,46202,0.0,0.0
2025-06-23 01:10:00+00:00,70.69999694824219,70.9000015258789,70.69999694824219,70.9000015258789,7907,0.0,0.0
2025-06-23 01:15:00+00:00,70.9000015258789,70.9000015258789,70.5,70.5999984741211,36043,0.0,0.0
2025-06-23 01:20:00+00:00,70.5,70.9000015258789,70.5,70.80000305175781,37000,0.0,0.0
2025-06-23 01:25:00+00:00,70.9000015258789,71.0999984741211,70.80000305175781,70.80000305175781,42100,0.0,0.0
2025-06-23 01:30:00+00:00,70.80000305175781,70.80000305175781,70.69999694824219,70.80000305175781,7073,0.0,0.0
2025-06-23 01:35:00+00:00,70.69999694824219,70.80000305175781,70.69999694824219,70.69999694824219,5100,0.0,0.0
2025-06-23 01:40:00+00:00,70.80000305175781,70.80000305175781,70.69999694824219,70.69999694824219,5100,0.0,0.0
2025-06-23 01:45:00+00:00,70.69999694824219,70.9000015258789,70.69999694824219,70.69999694824219,9000,0.0,0.0
2025-06-23 01:50:00+00:00,70.9000015258789,71.19999694824219,70.9000015258789,71.19999694824219,43185,0.0,0.0
2025-06-23 01:55:00+00:00,71.19999694824219,71.19999694824219,71.0999984741211,71.0999984741211,3000,0.0,0.0
2025-06-23 02:00:00+00:00,71.0999984741211,71.0999984741211,70.9000015258789,70.9000015258789,27030,0.0,0.0
2025-06-23 02:05:00+00:00,70.80000305175781,71.30000305175781,70.69999694824219,71.0999984741211,42025,0.0,0.0
2025-06-23 02:10:00+00:00,71.30000305175781,71.30000305175781,71.0999984741211,71.0999984741211,7130,0.0,0.0
2025-06-23 02:15:00+00:00,71.0999984741211,71.0999984741211,71.0999984741211,71.0999984741211,6000,0.0,0.0
2025-06-23 02:20:00+00:00,71.0999984741211,71.0999984741211,71.0999984741211,71.0999984741211,2020,0.0,0.0
2025-06-23 02:25:00+00:00,71.0999984741211,71.5,71.0999984741211,71.5,8068,0.0,0.0
2025-06-23 02:30:00+00:00,71.5,71.5,71.4000015258789,71.4000015258789,5112,0.0,0.0
2025-06-23 02:35:00+00:00,71.4000015258789,71.4000015258789,71.30000305175781,71.30000305175781,5000,0.0,0.0
2025-06-23 02:40:00+00:00,71.4000015258789,71.4000015258789,71.4000015258789,71.4000015258789,3012,0.0,0.0
2025-06-23 02:45:00+00:00,71.4000015258789,71.5,71.4000015258789,71.4000015258789,5073,0.0,0.0
2025-06-23 02:50:00+00:00,71.4000015258789,71.4000015258789,71.30000305175781,71.4000015258789,6143,0.0,0.0
2025-06-23 02:55:00+00:00,71.5,71.5999984741211,71.5,71.5999984741211,20046,0.0,0.0
2025-06-23 03:00:00+00:00,71.5999984741211,71.80000305175781,71.5999984741211,71.69999694824219,12481,0.0,0.0
2025-06-23 03:05:00+00:00,71.69999694824219,71.69999694824219,71.5999984741211,71.69999694824219,6008,0.0,0.0
2025-06-23 03:10:00+00:00,71.69999694824219,71.69999694824219,71.5999984741211,71.5999984741211,4030,0.0,0.0
2025-06-23 03:15:00+00:00,71.69999694824219,71.69999694824219,71.5,71.5,4001,0.0,0.0
2025-06-23 03:20:00+00:00,71.5999984741211,71.5999984741211,71.4000015258789,71.5,9284,0.0,0.0
2025-06-23 03:25:00+00:00,71.4000015258789,71.4000015258789,71.4000015258789,71.4000015258789,1080,0.0,0.0
2025-06-23 03:30:00+00:00,71.5,71.5,71.4000015258789,71.5,8100,0.0,0.0
2025-06-23 03:35:00+00:00,71.4000015258789,71.5999984741211,71.4000015258789,71.5999984741211,4000,0.0,0.0
2025-06-23 03:40:00+00:00,71.5999984741211,71.5999984741211,71.5,71.5,5020,0.0,0.0
2025-06-23 03:45:00+00:00,71.5,71.5999984741211,71.5,71.5999984741211,3000,0.0,0.0
2025-06-23 03:50:00+00:00,71.5,71.5,71.4000015258789,71.5,23110,0.0,0.0
2025-06-23 03:55:00+00:00,71.4000015258789,71.4000015258789,71.4000015258789,71.4000015258789,1119,0.0,0.0
2025-06-23 04:05:00+00:00,71.4000015258789,71.4000015258789,71.0999984741211,71.0999984741211,7315,0.0,0.0
2025-06-23 04:10:00+00:00,71.19999694824219,71.30000305175781,71.19999694824219,71.30000305175781,6000,0.0,0.0
2025-06-23 04:15:00+00:00,71.30000305175781,71.30000305175781,71.30000305175781,71.30000305175781,2150,0.0,0.0
2025-06-23 04:20:00+00:00,71.30000305175781,71.30000305175781,71.30000305175781,71.30000305175781,15000,0.0,0.0
2025-06-23 04:30:00+00:00,71.19999694824219,71.19999694824219,71.19999694824219,71.19999694824219,1000,0.0,0.0
2025-06-23 04:35:00+00:00,71.19999694824219,71.30000305175781,71.19999694824219,71.30000305175781,4150,0.0,0.0
2025-06-23 04:40:00+00:00,71.19999694824219,71.30000305175781,71.19999694824219,71.19999694824219,16162,0.0,0.0
2025-06-23 04:45:00+00:00,71.19999694824219,71.19999694824219,71.0,71.0999984741211,51000,0.0,0.0
2025-06-23 04:50:00+00:00,71.0999984741211,71.0999984741211,71.0999984741211,71.0999984741211,1000,0.0,0.0
2025-06-23 04:55:00+00:00,71.0999984741211,71.0999984741211,71.0999984741211,71.0999984741211,8000,0.0,0.0
2025-06-23 05:00:00+00:00,71.19999694824219,71.19999694824219,71.0999984741211,71.0999984741211,11100,0.0,0.0
2025-06-23 05:05:00+00:00,71.0,71.0,71.0,71.0,4059,0.0,0.0
2025-06-23 05:10:00+00:00,71.0,71.19999694824219,71.0,71.19999694824219,7045,0.0,0.0
2025-06-23 05:15:00+00:00,71.30000305175781,71.30000305175781,71.19999694824219,71.19999694824219,4000,0.0,0.0
2025-06-23 05:20:00+00:00,71.0999984741211,71.30000305175781,71.0999984741211,71.19999694824219,12000,0.0,0.0
2025-06-24 01:00:00+00:00,72.0,72.30000305175781,72.0,72.30000305175781,32000,0.0,0.0
2025-06-24 01:05:00+00:00,72.30000305175781,72.5999984741211,72.30000305175781,72.5,25000,0.0,0.0
2025-06-24 01:10:00+00:00,72.4000015258789,72.80000305175781,72.4000015258789,72.80000305175781,86327,0.0,0.0
2025-06-24 01:15:00+00:00,72.9000015258789,73.19999694824219,72.80000305175781,72.9000015258789,80469,0.0,0.0
2025-06-24 01:20:00+00:00,73.19999694824219,73.30000305175781,72.9000015258789,72.9000015258789,41100,0.0,0.0
2025-06-24 01:25:00+00:00,72.9000015258789,72.9000015258789,72.9000015258789,72.9000015258789,3011,0.0,0.0
2025-06-24 01:30:00+00:00,72.80000305175781,73.0,72.80000305175781,73.0,25137,0.0,0.0
2025-06-24 01:35:00+00:00,73.0,73.0,72.80000305175781,72.9000015258789,22000,0.0,0.0
2025-06-24 01:40:00+00:00,73.0999984741211,73.19999694824219,73.0,73.0,43610,0.0,0.0
2025-06-24 01:45:00+00:00,73.0,73.0999984741211,73.0,73.0999984741211,7000,0.0,0.0
2025-06-24 01:50:00+00:00,73.0999984741211,73.19999694824219,73.0,73.19999694824219,11200,0.0,0.0
2025-06-24 01:55:00+00:00,73.19999694824219,73.4000015258789,73.0999984741211,73.30000305175781,74943,0.0,0.0
2025-06-24 02:00:00+00:00,73.30000305175781,73.5,73.30000305175781,73.30000305175781,50134,0.0,0.0
2025-06-24 02:05:00+00:00,73.19999694824219,73.30000305175781,73.19999694824219,73.19999694824219,6100,0.0,0.0
2025-06-24 02:10:00+00:00,73.19999694824219,73.19999694824219,73.0999984741211,73.0999984741211,2030,0.0,0.0
2025-06-24 02:15:00+00:00,73.0999984741211,73.4000015258789,73.0999984741211,73.19999694824219,47070,0.0,0.0
2025-06-24 02:20:00+00:00,73.19999694824219,73.30000305175781,73.19999694824219,73.30000305175781,10009,0.0,0.0
2025-06-24 02:25:00+00:00,73.19999694824219,73.4000015258789,73.19999694824219,73.4000015258789,16000,0.0,0.0
2025-06-24 02:35:00+00:00,73.30000305175781,73.30000305175781,73.30000305175781,73.30000305175781,2021,0.0,0.0
2025-06-24 02:40:00+00:00,73.19999694824219,73.30000305175781,73.19999694824219,73.30000305175781,2549,0.0,0.0
2025-06-24 02:45:00+00:00,73.19999694824219,73.19999694824219,73.19999694824219,73.19999694824219,7000,0.0,0.0
2025-06-24 02:50:00+00:00,73.19999694824219,73.19999694824219,73.19999694824219,73.19999694824219,4353,0.0,0.0
2025-06-24 02:55:00+00:00,73.19999694824219,73.19999694824219,73.0999984741211,73.0999984741211,7000,0.0,0.0
2025-06-24 03:00:00+00:00,73.0999984741211,73.19999694824219,73.0999984741211,73.19999694824219,12020,0.0,0.0
2025-06-24 03:05:00+00:00,73.30000305175781,73.30000305175781,73.30000305175781,73.30000305175781,2000,0.0,0.0
2025-06-24 03:15:00+00:00,73.30000305175781,73.30000305175781,73.30000305175781,73.30000305175781,2000,0.0,0.0
2025-06-24 03:20:00+00:00,73.30000305175781,73.30000305175781,73.19999694824219,73.30000305175781,5000,0.0,0.0
2025-06-24 03:25:00+00:00,73.19999694824219,73.19999694824219,73.0999984741211,73.0999984741211,8000,0.0,0.0
2025-06-24 03:30:00+00:00,73.30000305175781,73.30000305175781,73.30000305175781,73.30000305175781,14002,0.0,0.0
2025-06-24 03:35:00+00:00,73.30000305175781,73.30000305175781,73.30000305175781,73.30000305175781,17010,0.0,0.0
2025-06-24 03:40:00+00:00,73.30000305175781,73.30000305175781,73.30000305175781,73.30000305175781,3050,0.0,0.0
2025-06-24 03:45:00+00:00,73.4000015258789,73.4000015258789,73.30000305175781,73.30000305175781,3000,0.0,0.0
2025-06-24 03:50:00+00:00,73.30000305175781,73.4000015258789,73.30000305175781,73.30000305175781,11030,0.0,0.0
2025-06-24 03:55:00+00:00,73.30000305175781,73.30000305175781,73.30000305175781,73.30000305175781,2000,0.0,0.0
2025-06-24 04:00:00+00:00,73.30000305175781,73.30000305175781,73.30000305175781,73.30000305175781,2000,0.0,0.0
2025-06-24 04:05:00+00:00,73.19999694824219,73.19999694824219,73.19999694824219,73.19999694824219,8000,0.0,0.0
2025-06-24 04:10:00+00:00,73.0999984741211,73.19999694824219,72.9000015258789,73.19999694824219,11137,0.0,0.0
2025-06-24 04:15:00+00:00,73.0,73.0,73.0,73.0,3028,0.0,0.0
2025-06-24 04:20:00+00:00,73.0,73.0,73.0,73.0,9150,0.0,0.0
2025-06-24 04:25:00+00:00,73.0,73.0,73.0,73.0,7150,0.0,0.0
2025-06-24 04:30:00+00:00,73.0,73.0999984741211,72.9000015258789,73.0999984741211,7014,0.0,0.0
2025-06-24 04:35:00+00:00,73.0999984741211,73.0999984741211,73.0999984741211,73.0999984741211,9000,0.0,0.0
2025-06-24 04:40:00+00:00,73.0999984741211,73.19999694824219,73.0999984741211,73.19999694824219,7000,0.0,0.0
2025-06-24 04:45:00+00:00,73.19999694824219,73.19999694824219,73.19999694824219,73.19999694824219,1000,0.0,0.0
2025-06-24 04:50:00+00:00,73.19999694824219,73.30000305175781,73.19999694824219,73.19999694824219,6000,0.0,0.0
2025-06-24 04:55:00+00:00,73.19999694824219,73.30000305175781,73.19999694824219,73.19999694824219,10079,0.0,0.0
2025-06-24 05:00:00+00:00,73.19999694824219,73.19999694824219,73.19999694824219,73.19999694824219,6060,0.0,0.0
2025-06-24 05:05:00+00:00,73.19999694824219,73.30000305175781,73.19999694824219,73.30000305175781,2000,0.0,0.0
2025-06-24 05:10:00+00:00,73.19999694824219,73.19999694824219,73.0999984741211,73.0999984741211,4000,0.0,0.0
2025-06-24 05:15:00+00:00,73.19999694824219,73.30000305175781,73.19999694824219,73.19999694824219,16000,0.0,0.0
2025-06-24 05:20:00+00:00,73.19999694824219,73.30000305175781,73.0,73.30000305175781,23145,0.0,0.0
2025-06-25 01:00:00+00:00,73.4000015258789,73.80000305175781,73.4000015258789,73.5999984741211,42000,0.0,0.0
2025-06-25 01:05:00+00:00,73.5999984741211,74.0999984741211,73.5,74.0999984741211,63000,0.0,0.0
2025-06-25 01:10:00+00:00,74.0,74.0,73.9000015258789,73.9000015258789,23676,0.0,0.0
2025-06-25 01:15:00+00:00,73.9000015258789,73.9000015258789,73.5,73.5,14373,0.0,0.0
2025-06-25 01:20:00+00:00,73.5,73.5999984741211,73.5,73.5999984741211,6232,0.0,0.0
2025-06-25 01:25:00+00:00,73.5999984741211,73.5999984741211,73.5999984741211,73.5999984741211,13429,0.0,0.0
2025-06-25 01:30:00+00:00,73.5,73.5999984741211,73.5,73.5,18004,0.0,0.0
2025-06-25 01:35:00+00:00,73.5,73.5,73.5,73.5,4008,0.0,0.0
2025-06-25 01:40:00+00:00,73.5999984741211,73.69999694824219,73.5999984741211,73.69999694824219,3050,0.0,0.0
2025-06-25 01:45:00+00:00,73.5,73.5,73.5,73.5,4175,0.0,0.0
2025-06-25 01:50:00+00:00,73.5,73.5,73.4000015258789,73.4000015258789,14010,0.0,0.0
2025-06-25 01:55:00+00:00,73.4000015258789,73.4000015258789,73.30000305175781,73.30000305175781,4106,0.0,0.0
2025-06-25 02:00:00+00:00,73.19999694824219,73.19999694824219,73.19999694824219,73.19999694824219,8100,0.0,0.0
2025-06-25 02:05:00+00:00,73.19999694824219,73.19999694824219,73.0,73.19999694824219,23056,0.0,0.0
2025-06-25 02:10:00+00:00,73.0999984741211,73.0999984741211,73.0999984741211,73.0999984741211,1000,0.0,0.0
2025-06-25 02:15:00+00:00,73.19999694824219,73.19999694824219,73.0999984741211,73.0999984741211,11486,0.0,0.0
2025-06-25 02:20:00+00:00,73.0,73.0,73.0,73.0,11000,0.0,0.0
2025-06-25 02:25:00+00:00,72.9000015258789,72.9000015258789,72.80000305175781,72.80000305175781,6110,0.0,0.0
2025-06-25 02:30:00+00:00,72.80000305175781,72.80000305175781,72.80000305175781,72.80000305175781,9000,0.0,0.0
2025-06-25 02:35:00+00:00,72.80000305175781,72.9000015258789,72.69999694824219,72.9000015258789,38151,0.0,0.0
2025-06-25 02:40:00+00:00,73.0999984741211,73.0999984741211,73.0999984741211,73.0999984741211,1010,0.0,0.0
2025-06-25 02:45:00+00:00,73.0999984741211,73.0999984741211,73.0999984741211,73.0999984741211,2000,0.0,0.0
2025-06-25 02:50:00+00:00,73.0,73.0,73.0,73.0,8000,0.0,0.0
2025-06-25 02:55:00+00:00,73.0,73.0,73.0,73.0,5014,0.0,0.0
2025-06-25 03:00:00+00:00,73.0,73.0,73.0,73.0,1000,0.0,0.0
2025-06-25 03:05:00+00:00,73.0,73.0,73.0,73.0,1100,0.0,0.0
2025-06-25 03:15:00+00:00,73.0,73.0,73.0,73.0,1200,0.0,0.0
2025-06-25 03:30:00+00:00,72.9000015258789,72.9000015258789,72.69999694824219,72.69999694824219,23389,0.0,0.0
2025-06-25 03:40:00+00:00,72.80000305175781,72.80000305175781,72.80000305175781,72.80000305175781,1000,0.0,0.0
2025-06-25 03:45:00+00:00,73.0,73.0,73.0,73.0,4110,0.0,0.0
2025-06-25 03:50:00+00:00,73.0,73.0,73.0,73.0,4061,0.0,0.0
2025-06-25 03:55:00+00:00,72.9000015258789,72.9000015258789,72.9000015258789,72.9000015258789,1001,0.0,0.0
2025-06-25 04:00:00+00:00,73.0,73.0,72.80000305175781,72.80000305175781,22000,0.0,0.0
2025-06-25 04:05:00+00:00,73.0999984741211,73.0999984741211,72.9000015258789,72.9000015258789,11200,0.0,0.0
2025-06-25 04:15:00+00:00,72.9000015258789,72.9000015258789,72.80000305175781,72.80000305175781,8000,0.0,0.0
2025-06-25 04:20:00+00:00,72.9000015258789,72.9000015258789,72.80000305175781,72.80000305175781,3000,0.0,0.0
2025-06-25 04:25:00+00:00,72.80000305175781,72.80000305175781,72.80000305175781,72.80000305175781,1075,0.0,0.0
2025-06-25 04:30:00+00:00,72.9000015258789,72.9000015258789,72.9000015258789,72.9000015258789,3000,0.0,0.0
2025-06-25 04:40:00+00:00,72.9000015258789,72.9000015258789,72.9000015258789,72.9000015258789,1000,0.0,0.0
2025-06-25 04:45:00+00:00,73.0,73.0,73.0,73.0,11100,0.0,0.0
2025-06-25 04:50:00+00:00,73.0,73.0,72.9000015258789,72.9000015258789,2402,0.0,0.0
2025-06-25 04:55:00+00:00,72.9000015258789,72.9000015258789,72.9000015258789,72.9000015258789,22094,0.0,0.0
2025-06-25 05:00:00+00:00,73.0,73.19999694824219,73.0,73.19999694824219,8000,0.0,0.0
2025-06-25 05:05:00+00:00,73.30000305175781,73.5,73.19999694824219,73.5,43058,0.0,0.0
2025-06-25 05:10:00+00:00,73.5,73.69999694824219,73.5,73.5,32300,0.0,0.0
2025-06-25 05:15:00+00:00,73.4000015258789,73.4000015258789,73.19999694824219,73.19999694824219,4011,0.0,0.0
2025-06-25 05:20:00+00:00,73.0999984741211,73.19999694824219,73.0,73.19999694824219,18100,0.0,0.0
2025-06-26 01:00:00+00:00,73.5,74.0,73.5,73.80000305175781,67000,0.0,0.0
2025-06-26 01:05:00+00:00,73.80000305175781,74.0,73.80000305175781,73.80000305175781,42100,0.0,0.0
2025-06-26 01:10:00+00:00,73.80000305175781,73.80000305175781,73.5,73.5,25200,0.0,0.0
2025-06-26 01:15:00+00:00,73.5,73.9000015258789,73.5,73.9000015258789,7000,0.0,0.0
2025-06-26 01:20:00+00:00,73.69999694824219,73.9000015258789,73.5,73.9000015258789,49277,0.0,0.0
2025-06-26 01:25:00+00:00,73.9000015258789,74.30000305175781,73.9000015258789,74.0999984741211,55160,0.0,0.0
2025-06-26 01:30:00+00:00,74.30000305175781,74.30000305175781,74.0,74.0,33400,0.0,0.0
2025-06-26 01:35:00+00:00,74.0,74.0,73.69999694824219,73.69999694824219,17050,0.0,0.0
2025-06-26 01:40:00+00:00,73.69999694824219,73.69999694824219,73.69999694824219,73.69999694824219,1000,0.0,0.0
2025-06-26 01:45:00+00:00,73.80000305175781,73.9000015258789,73.80000305175781,73.80000305175781,7000,0.0,0.0
2025-06-26 01:50:00+00:00,73.80000305175781,73.9000015258789,73.5,73.5,18200,0.0,0.0
2025-06-26 01:55:00+00:00,73.5,73.5999984741211,73.4000015258789,73.5,17032,0.0,0.0
2025-06-26 02:00:00+00:00,73.5999984741211,73.69999694824219,73.5999984741211,73.69999694824219,3010,0.0,0.0
2025-06-26 02:05:00+00:00,73.69999694824219,73.69999694824219,73.5,73.5999984741211,20156,0.0,0.0
2025-06-26 02:10:00+00:00,73.80000305175781,74.0,73.80000305175781,74.0,12064,0.0,0.0
2025-06-26 02:15:00+00:00,74.0,74.0,73.9000015258789,73.9000015258789,8681,0.0,0.0
2025-06-26 02:20:00+00:00,73.80000305175781,73.80000305175781,73.69999694824219,73.69999694824219,10040,0.0,0.0
2025-06-26 02:25:00+00:00,73.69999694824219,73.69999694824219,73.5,73.5,11205,0.0,0.0
2025-06-26 02:30:00+00:00,73.4000015258789,73.4000015258789,73.4000015258789,73.4000015258789,2000,0.0,0.0
2025-06-26 02:35:00+00:00,73.4000015258789,73.4000015258789,73.4000015258789,73.4000015258789,9900,0.0,0.0
2025-06-26 02:40:00+00:00,73.30000305175781,73.5,73.30000305175781,73.5,2415,0.0,0.0
2025-06-26 02:45:00+00:00,73.4000015258789,73.5,73.4000015258789,73.5,4100,0.0,0.0
2025-06-26 02:50:00+00:00,73.5,73.5,73.5,73.5,1047,0.0,0.0
2025-06-26 02:55:00+00:00,73.30000305175781,73.30000305175781,73.19999694824219,73.19999694824219,12000,0.0,0.0
2025-06-26 03:05:00+00:00,73.19999694824219,73.19999694824219,73.19999694824219,73.19999694824219,3000,0.0,0.0
2025-06-26 03:10:00+00:00,73.19999694824219,73.4000015258789,73.19999694824219,73.4000015258789,14100,0.0,0.0
2025-06-26 03:15:00+00:00,73.30000305175781,73.30000305175781,73.30000305175781,73.30000305175781,1099,0.0,0.0
2025-06-26 03:20:00+00:00,73.30000305175781,73.30000305175781,73.19999694824219,73.19999694824219,4101,0.0,0.0
2025-06-26 03:30:00+00:00,73.30000305175781,73.30000305175781,73.19999694824219,73.19999694824219,11106,0.0,0.0
2025-06-26 03:40:00+00:00,73.19999694824219,73.19999694824219,73.19999694824219,73.19999694824219,1020,0.0,0.0
2025-06-26 03:45:00+00:00,73.19999694824219,73.19999694824219,73.19999694824219,73.19999694824219,5023,0.0,0.0
2025-06-26 03:55:00+00:00,73.19999694824219,73.19999694824219,73.19999694824219,73.19999694824219,9037,0.0,0.0
2025-06-26 04:00:00+00:00,73.19999694824219,73.19999694824219,73.19999694824219,73.19999694824219,3032,0.0,0.0
2025-06-26 04:05:00+00:00,73.19999694824219,73.19999694824219,73.19999694824219,73.19999694824219,5185,0.0,0.0
2025-06-26 04:10:00+00:00,73.19999694824219,73.19999694824219,73.19999694824219,73.19999694824219,1000,0.0,0.0
2025-06-26 04:15:00+00:00,73.0999984741211,73.19999694824219,73.0999984741211,73.19999694824219,7004,0.0,0.0
2025-06-26 04:25:00+00:00,73.19999694824219,73.19999694824219,73.19999694824219,73.19999694824219,5000,0.0,0.0
2025-06-26 04:30:00+00:00,73.19999694824219,73.30000305175781,73.19999694824219,73.30000305175781,12250,0.0,0.0
2025-06-26 04:35:00+00:00,73.19999694824219,73.19999694824219,73.19999694824219,73.19999694824219,1000,0.0,0.0
2025-06-26 04:40:00+00:00,73.30000305175781,73.30000305175781,73.19999694824219,73.19999694824219,3101,0.0,0.0
2025-06-26 04:45:00+00:00,73.19999694824219,73.19999694824219,73.19999694824219,73.19999694824219,4000,0.0,0.0
2025-06-26 04:50:00+00:00,73.19999694824219,73.19999694824219,73.0,73.19999694824219,22115,0.0,0.0
2025-06-26 04:55:00+00:00,73.0999984741211,73.19999694824219,73.0999984741211,73.19999694824219,3400,0.0,0.0
2025-06-26 05:00:00+00:00,73.19999694824219,73.30000305175781,73.0999984741211,73.30000305175781,11000,0.0,0.0
2025-06-26 05:05:00+00:00,73.30000305175781,73.30000305175781,73.0999984741211,73.19999694824219,11100,0.0,0.0
2025-06-26 05:10:00+00:00,73.0999984741211,73.0999984741211,73.0999984741211,73.0999984741211,10008,0.0,0.0
2025-06-26 05:15:00+00:00,73.0,73.19999694824219,73.0,73.19999694824219,14876,0.0,0.0
2025-06-26 05:20:00+00:00,73.0999984741211,73.19999694824219,73.0,73.0,9637,0.0,0.0
2025-06-27 01:00:00+00:00,73.5,73.5,73.5,73.5,39000,0.0,0.0
2025-06-27 01:05:00+00:00,73.30000305175781,73.30000305175781,73.19999694824219,73.19999694824219,7004,0.0,0.0
2025-06-27 01:10:00+00:00,73.19999694824219,73.19999694824219,73.19999694824219,73.19999694824219,1151,0.0,0.0
2025-06-27 01:15:00+00:00,73.0999984741211,73.0999984741211,73.0999984741211,73.0999984741211,5000,0.0,0.0
2025-06-27 01:20:00+00:00,73.0,73.0,73.0,73.0,1000,0.0,0.0
2025-06-27 01:25:00+00:00,73.0,73.0,73.0,73.0,8758,0.0,0.0
2025-06-27 01:30:00+00:00,73.0,73.0,72.5999984741211,72.5999984741211,27000,0.0,0.0
2025-06-27 01:40:00+00:00,72.80000305175781,72.80000305175781,72.80000305175781,72.80000305175781,3055,0.0,0.0
2025-06-27 01:45:00+00:00,72.80000305175781,72.9000015258789,72.80000305175781,72.9000015258789,6000,0.0,0.0
2025-06-27 01:50:00+00:00,72.9000015258789,72.9000015258789,72.9000015258789,72.9000015258789,12014,0.0,0.0
2025-06-27 01:55:00+00:00,72.9000015258789,72.9000015258789,72.9000015258789,72.9000015258789,1060,0.0,0.0
2025-06-27 02:00:00+00:00,72.9000015258789,73.0,72.9000015258789,72.9000015258789,3250,0.0,0.0
2025-06-27 02:05:00+00:00,72.9000015258789,73.0,72.80000305175781,73.0,16000,0.0,0.0
2025-06-27 02:10:00+00:00,72.9000015258789,72.9000015258789,72.9000015258789,72.9000015258789,10100,0.0,0.0
2025-06-27 02:15:00+00:00,72.9000015258789,72.9000015258789,72.9000015258789,72.9000015258789,5000,0.0,0.0
2025-06-27 02:20:00+00:00,73.0,73.0,72.9000015258789,72.9000015258789,9058,0.0,0.0
2025-06-27 02:25:00+00:00,72.9000015258789,72.9000015258789,72.80000305175781,72.80000305175781,21035,0.0,0.0
2025-06-27 02:30:00+00:00,72.80000305175781,72.80000305175781,72.80000305175781,72.80000305175781,3001,0.0,0.0
2025-06-27 02:35:00+00:00,72.80000305175781,72.80000305175781,72.69999694824219,72.69999694824219,12215,0.0,0.0
2025-06-27 02:40:00+00:00,72.80000305175781,72.80000305175781,72.80000305175781,72.80000305175781,1000,0.0,0.0
2025-06-27 02:45:00+00:00,72.80000305175781,72.80000305175781,72.80000305175781,72.80000305175781,2000,0.0,0.0
2025-06-27 02:50:00+00:00,72.80000305175781,72.80000305175781,72.69999694824219,72.80000305175781,7889,0.0,0.0
2025-06-27 03:00:00+00:00,72.80000305175781,72.80000305175781,72.80000305175781,72.80000305175781,3901,0.0,0.0
2025-06-27 03:05:00+00:00,72.80000305175781,72.80000305175781,72.80000305175781,72.80000305175781,3000,0.0,0.0
2025-06-27 03:10:00+00:00,72.69999694824219,72.69999694824219,72.69999694824219,72.69999694824219,5000,0.0,0.0
2025-06-27 03:15:00+00:00,72.69999694824219,72.9000015258789,72.69999694824219,72.9000015258789,9000,0.0,0.0
2025-06-27 03:25:00+00:00,72.80000305175781,72.9000015258789,72.80000305175781,72.9000015258789,9000,0.0,0.0
2025-06-27 03:30:00+00:00,72.80000305175781,72.80000305175781,72.69999694824219,72.69999694824219,7100,0.0,0.0
2025-06-27 03:35:00+00:00,72.69999694824219,72.69999694824219,72.69999694824219,72.69999694824219,2000,0.0,0.0
2025-06-27 03:45:00+00:00,72.80000305175781,72.80000305175781,72.80000305175781,72.80000305175781,12000,0.0,0.0
2025-06-27 03:50:00+00:00,72.69999694824219,72.80000305175781,72.69999694824219,72.80000305175781,5200,0.0,0.0
2025-06-27 04:00:00+00:00,72.69999694824219,72.80000305175781,72.69999694824219,72.80000305175781,5235,0.0,0.0
2025-06-27 04:05:00+00:00,72.80000305175781,72.80000305175781,72.69999694824219,72.80000305175781,5025,0.0,0.0
2025-06-27 04:10:00+00:00,72.69999694824219,72.80000305175781,72.69999694824219,72.69999694824219,10040,0.0,0.0
2025-06-27 04:15:00+00:00,72.69999694824219,72.69999694824219,72.69999694824219,72.69999694824219,4000,0.0,0.0
2025-06-27 04:20:00+00:00,72.69999694824219,72.80000305175781,72.69999694824219,72.80000305175781,22000,0.0,0.0
2025-06-27 04:25:00+00:00,72.80000305175781,72.80000305175781,72.80000305175781,72.80000305175781,5000,0.0,0.0
2025-06-27 04:30:00+00:00,72.9000015258789,73.0,72.9000015258789,73.0,13000,0.0,0.0
2025-06-27 04:35:00+00:00,72.9000015258789,73.0,72.9000015258789,72.9000015258789,4019,0.0,0.0
2025-06-27 04:50:00+00:00,72.9000015258789,72.9000015258789,72.9000015258789,72.9000015258789,2000,0.0,0.0
2025-06-27 04:55:00+00:00,72.9000015258789,72.9000015258789,72.80000305175781,72.80000305175781,12000,0.0,0.0
2025-06-27 05:00:00+00:00,72.69999694824219,72.80000305175781,72.69999694824219,72.80000305175781,21090,0.0,0.0
2025-06-27 05:05:00+00:00,72.80000305175781,72.80000305175781,72.80000305175781,72.80000305175781,3070,0.0,0.0
2025-06-27 05:10:00+00:00,72.80000305175781,72.80000305175781,72.80000305175781,72.80000305175781,4000,0.0,0.0
2025-06-27 05:15:00+00:00,72.80000305175781,72.80000305175781,72.69999694824219,72.80000305175781,10000,0.0,0.0
2025-06-27 05:20:00+00:00,72.69999694824219,72.69999694824219,72.5,72.5,65019,0.0,0.0
2025-06-30 01:00:00+00:00,72.80000305175781,72.9000015258789,72.19999694824219,72.19999694824219,0,0.0,0.0
2025-06-30 01:05:00+00:00,72.0999984741211,72.0999984741211,71.9000015258789,71.9000015258789,52000,0.0,0.0
2025-06-30 01:10:00+00:00,71.9000015258789,71.9000015258789,71.80000305175781,71.9000015258789,21265,0.0,0.0
2025-06-30 01:15:00+00:00,72.0,72.0,71.80000305175781,71.9000015258789,14100,0.0,0.0
2025-06-30 01:20:00+00:00,71.80000305175781,71.80000305175781,71.69999694824219,71.69999694824219,37013,0.0,0.0
2025-06-30 01:25:00+00:00,71.9000015258789,71.9000015258789,71.9000015258789,71.9000015258789,8000,0.0,0.0
2025-06-30 01:30:00+00:00,71.80000305175781,71.80000305175781,71.69999694824219,71.80000305175781,21164,0.0,0.0
2025-06-30 01:35:00+00:00,71.80000305175781,72.0,71.80000305175781,72.0,9007,0.0,0.0
2025-06-30 01:40:00+00:00,72.19999694824219,72.19999694824219,72.19999694824219,72.19999694824219,1003,0.0,0.0
2025-06-30 01:45:00+00:00,72.19999694824219,72.19999694824219,72.19999694824219,72.19999694824219,2001,0.0,0.0
2025-06-30 01:50:00+00:00,72.19999694824219,72.19999694824219,72.19999694824219,72.19999694824219,5004,0.0,0.0
2025-06-30 02:00:00+00:00,72.0999984741211,72.0999984741211,72.0999984741211,72.0999984741211,7000,0.0,0.0
2025-06-30 02:05:00+00:00,72.0,72.0,72.0,72.0,14131,0.0,0.0
2025-06-30 02:10:00+00:00,72.0,72.0,71.9000015258789,71.9000015258789,2000,0.0,0.0
2025-06-30 02:15:00+00:00,72.0,72.0999984741211,72.0,72.0999984741211,3117,0.0,0.0
2025-06-30 02:20:00+00:00,72.0,72.0,71.9000015258789,71.9000015258789,5000,0.0,0.0
2025-06-30 02:30:00+00:00,71.9000015258789,71.9000015258789,71.9000015258789,71.9000015258789,8000,0.0,0.0
2025-06-30 02:35:00+00:00,71.80000305175781,71.9000015258789,71.80000305175781,71.9000015258789,11001,0.0,0.0
2025-06-30 02:40:00+00:00,71.9000015258789,71.9000015258789,71.80000305175781,71.80000305175781,2000,0.0,0.0
2025-06-30 02:45:00+00:00,71.80000305175781,71.9000015258789,71.80000305175781,71.80000305175781,10332,0.0,0.0
2025-06-30 02:50:00+00:00,71.80000305175781,72.0,71.69999694824219,72.0,9013,0.0,0.0
2025-06-30 02:55:00+00:00,71.69999694824219,71.69999694824219,71.5999984741211,71.5999984741211,31895,0.0,0.0
2025-06-30 03:00:00+00:00,71.69999694824219,71.69999694824219,71.69999694824219,71.69999694824219,4010,0.0,0.0
2025-06-30 03:05:00+00:00,71.69999694824219,71.69999694824219,71.5999984741211,71.5999984741211,15000,0.0,0.0
2025-06-30 03:10:00+00:00,71.5999984741211,71.5999984741211,71.5999984741211,71.5999984741211,1321,0.0,0.0
2025-06-30 03:15:00+00:00,71.5999984741211,71.5999984741211,71.5,71.5,30277,0.0,0.0
2025-06-30 03:20:00+00:00,71.5,71.5999984741211,71.4000015258789,71.4000015258789,12879,0.0,0.0
2025-06-30 03:25:00+00:00,71.4000015258789,71.5,71.4000015258789,71.5,20000,0.0,0.0
2025-06-30 03:30:00+00:00,71.5,71.5,71.5,71.5,7000,0.0,0.0
2025-06-30 03:35:00+00:00,71.4000015258789,71.5,71.4000015258789,71.4000015258789,11104,0.0,0.0
2025-06-30 03:40:00+00:00,71.4000015258789,71.4000015258789,71.4000015258789,71.4000015258789,5000,0.0,0.0
2025-06-30 03:45:00+00:00,71.4000015258789,71.4000015258789,71.19999694824219,71.19999694824219,32244,0.0,0.0
2025-06-30 03:50:00+00:00,71.19999694824219,71.19999694824219,71.19999694824219,71.19999694824219,5005,0.0,0.0
2025-06-30 03:55:00+00:00,71.19999694824219,71.30000305175781,71.19999694824219,71.19999694824219,6000,0.0,0.0
2025-06-30 04:00:00+00:00,71.4000015258789,71.4000015258789,71.4000015258789,71.4000015258789,1000,0.0,0.0
2025-06-30 04:05:00+00:00,71.4000015258789,71.4000015258789,71.4000015258789,71.4000015258789,1000,0.0,0.0
2025-06-30 04:10:00+00:00,71.30000305175781,71.30000305175781,71.30000305175781,71.30000305175781,5000,0.0,0.0
2025-06-30 04:15:00+00:00,71.30000305175781,71.30000305175781,71.19999694824219,71.19999694824219,22168,0.0,0.0
2025-06-30 04:20:00+00:00,71.0999984741211,71.30000305175781,71.0999984741211,71.30000305175781,11150,0.0,0.0
2025-06-30 04:25:00+00:00,71.19999694824219,71.19999694824219,71.19999694824219,71.19999694824219,4215,0.0,0.0
2025-06-30 04:30:00+00:00,71.19999694824219,71.19999694824219,71.0999984741211,71.0999984741211,9030,0.0,0.0
2025-06-30 04:35:00+00:00,71.0999984741211,71.4000015258789,71.0999984741211,71.4000015258789,5012,0.0,0.0
2025-06-30 04:40:00+00:00,71.19999694824219,71.19999694824219,71.19999694824219,71.19999694824219,2000,0.0,0.0
2025-06-30 04:45:00+00:00,71.30000305175781,71.30000305175781,71.0999984741211,71.0999984741211,35777,0.0,0.0
2025-06-30 04:50:00+00:00,71.0999984741211,71.0999984741211,71.0999984741211,71.0999984741211,5000,0.0,0.0
2025-06-30 04:55:00+00:00,71.19999694824219,71.30000305175781,71.19999694824219,71.19999694824219,21186,0.0,0.0
2025-06-30 05:00:00+00:00,71.19999694824219,71.19999694824219,71.0999984741211,71.19999694824219,13460,0.0,0.0
2025-06-30 05:05:00+00:00,71.0999984741211,71.19999694824219,71.0999984741211,71.19999694824219,22340,0.0,0.0
2025-06-30 05:10:00+00:00,71.19999694824219,71.19999694824219,71.19999694824219,71.19999694824219,12560,0.0,0.0
2025-06-30 05:15:00+00:00,71.30000305175781,71.30000305175781,71.0999984741211,71.0999984741211,21180,0.0,0.0
2025-06-30 05:20:00+00:00,71.19999694824219,71.30000305175781,71.0999984741211,71.0999984741211,14820,0.0,0.0
2025-07-01 01:00:00+00:00,71.19999694824219,71.5999984741211,71.19999694824219,71.5999984741211,13000,0.0,0.0
2025-07-01 01:05:00+00:00,71.9000015258789,72.0,71.80000305175781,72.0,27000,0.0,0.0
2025-07-01 01:10:00+00:00,72.0,72.0,71.69999694824219,71.69999694824219,18047,0.0,0.0
2025-07-01 01:15:00+00:00,71.69999694824219,71.69999694824219,71.5999984741211,71.5999984741211,8235,0.0,0.0
2025-07-01 01:20:00+00:00,71.4000015258789,71.5,71.30000305175781,71.5,30000,0.0,0.0
2025-07-01 01:25:00+00:00,71.5,71.5,71.5,71.5,3090,0.0,0.0
2025-07-01 01:30:00+00:00,71.5999984741211,71.69999694824219,71.5999984741211,71.69999694824219,6200,0.0,0.0
2025-07-01 01:35:00+00:00,71.80000305175781,72.30000305175781,71.80000305175781,72.0999984741211,41000,0.0,0.0
2025-07-01 01:40:00+00:00,72.0999984741211,72.5,72.0,72.4000015258789,43510,0.0,0.0
2025-07-01 01:45:00+00:00,72.30000305175781,72.30000305175781,72.0999984741211,72.0999984741211,15064,0.0,0.0
2025-07-01 01:50:00+00:00,72.0999984741211,72.0999984741211,72.0,72.0,12000,0.0,0.0
2025-07-01 01:55:00+00:00,71.9000015258789,72.0999984741211,71.9000015258789,72.0999984741211,14100,0.0,0.0
2025-07-01 02:00:00+00:00,72.0999984741211,72.0999984741211,72.0999984741211,72.0999984741211,2000,0.0,0.0
2025-07-01 02:05:00+00:00,72.0999984741211,72.0999984741211,71.9000015258789,71.9000015258789,12000,0.0,0.0
2025-07-01 02:10:00+00:00,71.9000015258789,72.0,71.80000305175781,71.80000305175781,22000,0.0,0.0
2025-07-01 02:15:00+00:00,72.0,72.0,72.0,72.0,6020,0.0,0.0
2025-07-01 02:20:00+00:00,71.9000015258789,71.9000015258789,71.9000015258789,71.9000015258789,2250,0.0,0.0
2025-07-01 02:25:00+00:00,71.9000015258789,72.0999984741211,71.9000015258789,72.0999984741211,6014,0.0,0.0
2025-07-01 02:30:00+00:00,72.0,72.0999984741211,72.0,72.0999984741211,6006,0.0,0.0
2025-07-01 02:35:00+00:00,72.0,72.0,72.0,72.0,3000,0.0,0.0
2025-07-01 02:40:00+00:00,71.9000015258789,71.9000015258789,71.9000015258789,71.9000015258789,2035,0.0,0.0
2025-07-01 02:45:00+00:00,72.0,72.0999984741211,72.0,72.0999984741211,3000,0.0,0.0
2025-07-01 02:50:00+00:00,72.0,72.0999984741211,72.0,72.0,6000,0.0,0.0
2025-07-01 02:55:00+00:00,72.0,72.0,72.0,72.0,3000,0.0,0.0
2025-07-01 03:00:00+00:00,72.0,72.0,72.0,72.0,3200,0.0,0.0
2025-07-01 03:05:00+00:00,72.0,72.0999984741211,71.9000015258789,72.0999984741211,18100,0.0,0.0
2025-07-01 03:10:00+00:00,72.0,72.0,72.0,72.0,9000,0.0,0.0
2025-07-01 03:15:00+00:00,71.9000015258789,71.9000015258789,71.9000015258789,71.9000015258789,12014,0.0,0.0
2025-07-01 03:20:00+00:00,71.9000015258789,72.0,71.9000015258789,72.0,4000,0.0,0.0
2025-07-01 03:25:00+00:00,71.9000015258789,71.9000015258789,71.80000305175781,71.80000305175781,7000,0.0,0.0
2025-07-01 03:30:00+00:00,71.9000015258789,71.9000015258789,71.80000305175781,71.80000305175781,5000,0.0,0.0
2025-07-01 03:35:00+00:00,71.80000305175781,71.80000305175781,71.80000305175781,71.80000305175781,1000,0.0,0.0
2025-07-01 03:40:00+00:00,71.80000305175781,71.80000305175781,71.69999694824219,71.80000305175781,24064,0.0,0.0
2025-07-01 03:45:00+00:00,71.80000305175781,71.80000305175781,71.80000305175781,71.80000305175781,4000,0.0,0.0
2025-07-01 03:50:00+00:00,71.80000305175781,71.80000305175781,71.80000305175781,71.80000305175781,1129,0.0,0.0
2025-07-01 03:55:00+00:00,71.80000305175781,71.9000015258789,71.80000305175781,71.9000015258789,2050,0.0,0.0
2025-07-01 04:00:00+00:00,71.9000015258789,71.9000015258789,71.80000305175781,71.80000305175781,25000,0.0,0.0
2025-07-01 04:05:00+00:00,71.80000305175781,71.80000305175781,71.80000305175781,71.80000305175781,4000,0.0,0.0
2025-07-01 04:15:00+00:00,71.80000305175781,71.80000305175781,71.80000305175781,71.80000305175781,6000,0.0,0.0
2025-07-01 04:20:00+00:00,71.80000305175781,71.80000305175781,71.69999694824219,71.69999694824219,10027,0.0,0.0
2025-07-01 04:25:00+00:00,71.5999984741211,71.5999984741211,71.5999984741211,71.5999984741211,4000,0.0,0.0
2025-07-01 04:35:00+00:00,71.5999984741211,71.5999984741211,71.5999984741211,71.5999984741211,4000,0.0,0.0
2025-07-01 04:40:00+00:00,71.5999984741211,71.5999984741211,71.5999984741211,71.5999984741211,1063,0.0,0.0
2025-07-01 04:45:00+00:00,71.69999694824219,71.69999694824219,71.69999694824219,71.69999694824219,7330,0.0,0.0
2025-07-01 04:55:00+00:00,71.69999694824219,71.80000305175781,71.5999984741211,71.5999984741211,12013,0.0,0.0
2025-07-01 05:00:00+00:00,71.5999984741211,71.5999984741211,71.30000305175781,71.30000305175781,21214,0.0,0.0
2025-07-01 05:10:00+00:00,71.5999984741211,71.80000305175781,71.5999984741211,71.80000305175781,12002,0.0,0.0
2025-07-01 05:15:00+00:00,71.80000305175781,71.80000305175781,71.69999694824219,71.80000305175781,3006,0.0,0.0
2025-07-01 05:20:00+00:00,71.5999984741211,71.9000015258789,71.5999984741211,71.5999984741211,11050,0.0,0.0
2025-07-02 01:00:00+00:00,71.5,71.5999984741211,71.5,71.5999984741211,11000,0.0,0.0
2025-07-02 01:05:00+00:00,71.5999984741211,71.9000015258789,71.5999984741211,71.80000305175781,7372,0.0,0.0
2025-07-02 01:10:00+00:00,71.69999694824219,71.69999694824219,71.5999984741211,71.69999694824219,6029,0.0,0.0
2025-07-02 01:15:00+00:00,71.5999984741211,71.5999984741211,71.5,71.5,16030,0.0,0.0
2025-07-02 01:20:00+00:00,71.4000015258789,71.4000015258789,71.30000305175781,71.30000305175781,3100,0.0,0.0
2025-07-02 01:25:00+00:00,71.4000015258789,71.5999984741211,71.30000305175781,71.5999984741211,8240,0.0,0.0
2025-07-02 01:30:00+00:00,71.4000015258789,71.4000015258789,71.4000015258789,71.4000015258789,1109,0.0,0.0
2025-07-02 01:35:00+00:00,71.5999984741211,71.5999984741211,71.5,71.5,3010,0.0,0.0
2025-07-02 01:40:00+00:00,71.5999984741211,71.5999984741211,71.5999984741211,71.5999984741211,1400,0.0,0.0
2025-07-02 01:45:00+00:00,71.5999984741211,71.5999984741211,71.5999984741211,71.5999984741211,6345,0.0,0.0
2025-07-02 01:55:00+00:00,71.5999984741211,71.5999984741211,71.5999984741211,71.5999984741211,5000,0.0,0.0
2025-07-02 02:00:00+00:00,71.69999694824219,71.80000305175781,71.69999694824219,71.80000305175781,11000,0.0,0.0
2025-07-02 02:05:00+00:00,71.9000015258789,72.0,71.9000015258789,72.0,2010,0.0,0.0
2025-07-02 02:10:00+00:00,72.0,72.5,72.0,72.4000015258789,48000,0.0,0.0
2025-07-02 02:15:00+00:00,72.4000015258789,72.80000305175781,72.4000015258789,72.80000305175781,39060,0.0,0.0
2025-07-02 02:20:00+00:00,72.69999694824219,72.69999694824219,72.5,72.5,22000,0.0,0.0
2025-07-02 02:25:00+00:00,72.5,72.5,72.5,72.5,7000,0.0,0.0
2025-07-02 02:35:00+00:00,72.5,72.5,72.5,72.5,1010,0.0,0.0
2025-07-02 02:40:00+00:00,72.4000015258789,72.4000015258789,72.30000305175781,72.30000305175781,4000,0.0,0.0
2025-07-02 02:45:00+00:00,72.30000305175781,72.30000305175781,72.30000305175781,72.30000305175781,4079,0.0,0.0
2025-07-02 03:05:00+00:00,72.30000305175781,72.30000305175781,72.30000305175781,72.30000305175781,7034,0.0,0.0
2025-07-02 03:10:00+00:00,72.30000305175781,72.30000305175781,72.30000305175781,72.30000305175781,5003,0.0,0.0
2025-07-02 03:15:00+00:00,72.19999694824219,72.30000305175781,72.19999694824219,72.30000305175781,9000,0.0,0.0
2025-07-02 03:25:00+00:00,72.19999694824219,72.19999694824219,72.0999984741211,72.0999984741211,12000,0.0,0.0
2025-07-02 03:30:00+00:00,72.0999984741211,72.0999984741211,72.0999984741211,72.0999984741211,1100,0.0,0.0
2025-07-02 03:55:00+00:00,72.0,72.0999984741211,72.0,72.0999984741211,11000,0.0,0.0
2025-07-02 04:10:00+00:00,72.0999984741211,72.0999984741211,72.0999984741211,72.0999984741211,4200,0.0,0.0
2025-07-02 04:15:00+00:00,72.0,72.0,72.0,72.0,1000,0.0,0.0
2025-07-02 04:30:00+00:00,72.0999984741211,72.0999984741211,72.0999984741211,72.0999984741211,4000,0.0,0.0
2025-07-02 04:35:00+00:00,72.0,72.0,72.0,72.0,1000,0.0,0.0
2025-07-02 04:40:00+00:00,72.0,72.0999984741211,72.0,72.0999984741211,15520,0.0,0.0
2025-07-02 04:45:00+00:00,71.9000015258789,71.9000015258789,71.9000015258789,71.9000015258789,2151,0.0,0.0
2025-07-02 05:00:00+00:00,72.0,72.0,72.0,72.0,4000,0.0,0.0
2025-07-02 05:05:00+00:00,71.9000015258789,72.0,71.9000015258789,71.9000015258789,9000,0.0,0.0
2025-07-02 05:10:00+00:00,71.9000015258789,71.9000015258789,71.9000015258789,71.9000015258789,1000,0.0,0.0
2025-07-02 05:15:00+00:00,71.9000015258789,71.9000015258789,71.9000015258789,71.9000015258789,3000,0.0,0.0
2025-07-02 05:20:00+00:00,71.9000015258789,72.0,71.69999694824219,71.80000305175781,26015,0.0,0.0
2025-07-03 01:00:00+00:00,72.0999984741211,72.5999984741211,72.0999984741211,72.5,49000,0.0,0.0
2025-07-03 01:05:00+00:00,72.5,72.5,72.5,72.5,8003,0.0,0.0
2025-07-03 01:10:00+00:00,72.4000015258789,72.4000015258789,72.30000305175781,72.4000015258789,51004,0.0,0.0
2025-07-03 01:15:00+00:00,72.4000015258789,72.5,72.4000015258789,72.5,7321,0.0,0.0
2025-07-03 01:20:00+00:00,72.5,72.5,72.5,72.5,1157,0.0,0.0
2025-07-03 01:25:00+00:00,72.30000305175781,72.30000305175781,72.30000305175781,72.30000305175781,2000,0.0,0.0
2025-07-03 01:30:00+00:00,72.30000305175781,72.69999694824219,72.30000305175781,72.69999694824219,24254,0.0,0.0
2025-07-03 01:35:00+00:00,72.5999984741211,72.69999694824219,72.5,72.5999984741211,9028,0.0,0.0
2025-07-03 01:40:00+00:00,72.69999694824219,72.69999694824219,72.5999984741211,72.5999984741211,9450,0.0,0.0
2025-07-03 01:45:00+00:00,72.5,72.5,72.0,72.0,82046,0.0,0.0
2025-07-03 01:50:00+00:00,72.0,72.30000305175781,72.0,72.30000305175781,51274,0.0,0.0
2025-07-03 01:55:00+00:00,72.30000305175781,72.30000305175781,72.19999694824219,72.19999694824219,2352,0.0,0.0
2025-07-03 02:00:00+00:00,72.30000305175781,72.5,72.30000305175781,72.4000015258789,9200,0.0,0.0
2025-07-03 02:10:00+00:00,72.4000015258789,72.4000015258789,72.4000015258789,72.4000015258789,2000,0.0,0.0
2025-07-03 02:15:00+00:00,72.4000015258789,72.4000015258789,72.30000305175781,72.30000305175781,2000,0.0,0.0
2025-07-03 02:20:00+00:00,72.30000305175781,72.5999984741211,72.30000305175781,72.5999984741211,41071,0.0,0.0
2025-07-03 02:25:00+00:00,72.5,72.69999694824219,72.5,72.69999694824219,4000,0.0,0.0
2025-07-03 02:30:00+00:00,72.5999984741211,72.5999984741211,72.5,72.5999984741211,3150,0.0,0.0
2025-07-03 02:35:00+00:00,72.5999984741211,72.5999984741211,72.4000015258789,72.4000015258789,13139,0.0,0.0
2025-07-03 02:40:00+00:00,72.4000015258789,72.4000015258789,72.4000015258789,72.4000015258789,2000,0.0,0.0
2025-07-03 02:45:00+00:00,72.5,72.5,72.5,72.5,4008,0.0,0.0
2025-07-03 02:50:00+00:00,72.4000015258789,72.4000015258789,72.4000015258789,72.4000015258789,3000,0.0,0.0
2025-07-03 02:55:00+00:00,72.4000015258789,72.4000015258789,72.4000015258789,72.4000015258789,2000,0.0,0.0
2025-07-03 03:05:00+00:00,72.4000015258789,72.4000015258789,72.4000015258789,72.4000015258789,5000,0.0,0.0
2025-07-03 03:10:00+00:00,72.30000305175781,72.30000305175781,72.19999694824219,72.19999694824219,21001,0.0,0.0
2025-07-03 03:15:00+00:00,72.30000305175781,72.5,72.30000305175781,72.4000015258789,15000,0.0,0.0
2025-07-03 03:20:00+00:00,72.4000015258789,72.4000015258789,72.19999694824219,72.19999694824219,14014,0.0,0.0
2025-07-03 03:25:00+00:00,72.19999694824219,72.5,72.19999694824219,72.30000305175781,21118,0.0,0.0
2025-07-03 03:30:00+00:00,72.4000015258789,72.5,72.4000015258789,72.5,2000,0.0,0.0
2025-07-03 03:35:00+00:00,72.4000015258789,72.5,72.30000305175781,72.5,15000,0.0,0.0
2025-07-03 03:40:00+00:00,72.5999984741211,72.5999984741211,72.5999984741211,72.5999984741211,10000,0.0,0.0
2025-07-03 03:45:00+00:00,72.69999694824219,72.69999694824219,72.5,72.5,9347,0.0,0.0
2025-07-03 03:50:00+00:00,72.5,72.5,72.5,72.5,7000,0.0,0.0
2025-07-03 04:00:00+00:00,72.5,72.5,72.5,72.5,4000,0.0,0.0
2025-07-03 04:05:00+00:00,72.5,72.5,72.5,72.5,12000,0.0,0.0
2025-07-03 04:10:00+00:00,72.4000015258789,72.5999984741211,72.4000015258789,72.5,14001,0.0,0.0
2025-07-03 04:20:00+00:00,72.30000305175781,72.4000015258789,72.30000305175781,72.4000015258789,2000,0.0,0.0
2025-07-03 04:30:00+00:00,72.4000015258789,72.4000015258789,72.4000015258789,72.4000015258789,1000,0.0,0.0
2025-07-03 04:35:00+00:00,72.4000015258789,72.4000015258789,72.4000015258789,72.4000015258789,7000,0.0,0.0
2025-07-03 04:40:00+00:00,72.4000015258789,72.4000015258789,72.30000305175781,72.30000305175781,5034,0.0,0.0
2025-07-03 04:45:00+00:00,72.4000015258789,72.4000015258789,72.4000015258789,72.4000015258789,2000,0.0,0.0
2025-07-03 04:50:00+00:00,72.4000015258789,72.4000015258789,72.19999694824219,72.19999694824219,14000,0.0,0.0
2025-07-03 04:55:00+00:00,72.30000305175781,72.30000305175781,72.30000305175781,72.30000305175781,1060,0.0,0.0
2025-07-03 05:00:00+00:00,72.4000015258789,72.4000015258789,72.4000015258789,72.4000015258789,4250,0.0,0.0
2025-07-03 05:05:00+00:00,72.4000015258789,72.5,72.4000015258789,72.4000015258789,17500,0.0,0.0
2025-07-03 05:10:00+00:00,72.5,72.5,72.5,72.5,9117,0.0,0.0
2025-07-03 05:15:00+00:00,72.5,72.5,72.4000015258789,72.5,19050,0.0,0.0
2025-07-03 05:20:00+00:00,72.5,72.5,72.4000015258789,72.5,12053,0.0,0.0
2025-07-04 01:00:00+00:00,72.69999694824219,73.0,72.4000015258789,73.0,48000,0.0,0.0
2025-07-04 01:05:00+00:00,73.0,73.0,72.5,72.5,13003,0.0,0.0
2025-07-04 01:10:00+00:00,72.5,72.5,72.5,72.5,7000,0.0,0.0
2025-07-04 01:15:00+00:00,72.4000015258789,72.4000015258789,72.0,72.0,22565,0.0,0.0
2025-07-04 01:20:00+00:00,72.0,72.0,72.0,72.0,16230,0.0,0.0
2025-07-04 01:25:00+00:00,72.0,72.0,71.80000305175781,71.80000305175781,27285,0.0,0.0
2025-07-04 01:30:00+00:00,71.80000305175781,71.80000305175781,71.30000305175781,71.4000015258789,45983,0.0,0.0
2025-07-04 01:35:00+00:00,71.4000015258789,71.5999984741211,71.19999694824219,71.5,38460,0.0,0.0
2025-07-04 01:40:00+00:00,71.30000305175781,71.4000015258789,71.0999984741211,71.0999984741211,72296,0.0,0.0
2025-07-04 01:45:00+00:00,71.0999984741211,71.0999984741211,70.80000305175781,70.80000305175781,64522,0.0,0.0
2025-07-04 01:50:00+00:00,70.80000305175781,71.0999984741211,70.80000305175781,71.0,8100,0.0,0.0
2025-07-04 01:55:00+00:00,71.0,71.0,70.80000305175781,70.9000015258789,20071,0.0,0.0
2025-07-04 02:00:00+00:00,71.0,71.0999984741211,70.9000015258789,71.0,24000,0.0,0.0
2025-07-04 02:05:00+00:00,71.0,71.0,70.9000015258789,70.9000015258789,15100,0.0,0.0
2025-07-04 02:10:00+00:00,70.9000015258789,70.9000015258789,70.5999984741211,70.69999694824219,58971,0.0,0.0
2025-07-04 02:15:00+00:00,70.80000305175781,70.80000305175781,70.80000305175781,70.80000305175781,3267,0.0,0.0
2025-07-04 02:20:00+00:00,70.69999694824219,71.0,70.69999694824219,71.0,3088,0.0,0.0
2025-07-04 02:25:00+00:00,71.0,71.30000305175781,70.9000015258789,71.30000305175781,21247,0.0,0.0
2025-07-04 02:30:00+00:00,71.0999984741211,71.0999984741211,71.0,71.0,7084,0.0,0.0
2025-07-04 02:35:00+00:00,71.0999984741211,71.0999984741211,71.0,71.0,3372,0.0,0.0
2025-07-04 02:40:00+00:00,71.0,71.0,71.0,71.0,1311,0.0,0.0
2025-07-04 02:50:00+00:00,71.0999984741211,71.0999984741211,70.80000305175781,70.9000015258789,26006,0.0,0.0
2025-07-04 02:55:00+00:00,70.9000015258789,70.9000015258789,70.9000015258789,70.9000015258789,1000,0.0,0.0
2025-07-04 03:00:00+00:00,70.9000015258789,70.9000015258789,70.9000015258789,70.9000015258789,1000,0.0,0.0
2025-07-04 03:05:00+00:00,70.9000015258789,70.9000015258789,70.80000305175781,70.80000305175781,2020,0.0,0.0
2025-07-04 03:10:00+00:00,70.80000305175781,70.9000015258789,70.80000305175781,70.9000015258789,6000,0.0,0.0
2025-07-04 03:15:00+00:00,70.9000015258789,70.9000015258789,70.9000015258789,70.9000015258789,7100,0.0,0.0
2025-07-04 03:20:00+00:00,70.9000015258789,70.9000015258789,70.9000015258789,70.9000015258789,3008,0.0,0.0
2025-07-04 03:25:00+00:00,70.9000015258789,70.9000015258789,70.9000015258789,70.9000015258789,6000,0.0,0.0
2025-07-04 03:30:00+00:00,70.9000015258789,71.30000305175781,70.9000015258789,71.0,33050,0.0,0.0
2025-07-04 03:35:00+00:00,70.9000015258789,70.9000015258789,70.80000305175781,70.80000305175781,11804,0.0,0.0
2025-07-04 03:40:00+00:00,70.80000305175781,70.80000305175781,70.80000305175781,70.80000305175781,14450,0.0,0.0
2025-07-04 03:45:00+00:00,70.69999694824219,70.69999694824219,70.69999694824219,70.69999694824219,32440,0.0,0.0
2025-07-04 03:50:00+00:00,70.5999984741211,70.69999694824219,70.5999984741211,70.5999984741211,48240,0.0,0.0
2025-07-04 03:55:00+00:00,70.5999984741211,70.69999694824219,70.5999984741211,70.5999984741211,7000,0.0,0.0
2025-07-04 04:00:00+00:00,70.69999694824219,70.69999694824219,70.5999984741211,70.69999694824219,8700,0.0,0.0
2025-07-04 04:05:00+00:00,70.69999694824219,70.69999694824219,70.69999694824219,70.69999694824219,9630,0.0,0.0
2025-07-04 04:10:00+00:00,70.69999694824219,70.80000305175781,70.5999984741211,70.80000305175781,15100,0.0,0.0
2025-07-04 04:20:00+00:00,70.80000305175781,70.80000305175781,70.69999694824219,70.69999694824219,8000,0.0,0.0
2025-07-04 04:25:00+00:00,70.69999694824219,70.69999694824219,70.69999694824219,70.69999694824219,6000,0.0,0.0
2025-07-04 04:30:00+00:00,70.80000305175781,70.80000305175781,70.69999694824219,70.69999694824219,13250,0.0,0.0
2025-07-04 04:35:00+00:00,70.69999694824219,70.69999694824219,70.69999694824219,70.69999694824219,3250,0.0,0.0
2025-07-04 04:40:00+00:00,70.69999694824219,70.80000305175781,70.69999694824219,70.80000305175781,14182,0.0,0.0
2025-07-04 04:45:00+00:00,70.69999694824219,70.69999694824219,70.69999694824219,70.69999694824219,4058,0.0,0.0
2025-07-04 04:50:00+00:00,70.80000305175781,70.80000305175781,70.69999694824219,70.69999694824219,4129,0.0,0.0
2025-07-04 04:55:00+00:00,70.69999694824219,70.69999694824219,70.69999694824219,70.69999694824219,4100,0.0,0.0
2025-07-04 05:00:00+00:00,70.69999694824219,70.80000305175781,70.5999984741211,70.80000305175781,18200,0.0,0.0
2025-07-04 05:05:00+00:00,70.5999984741211,70.69999694824219,70.5999984741211,70.5999984741211,21000,0.0,0.0
2025-07-04 05:10:00+00:00,70.5999984741211,70.5999984741211,70.5,70.5999984741211,47909,0.0,0.0
2025-07-04 05:15:00+00:00,70.5999984741211,70.5999984741211,70.5,70.5999984741211,55362,0.0,0.0
2025-07-04 05:20:00+00:00,70.5999984741211,70.5999984741211,70.5,70.5999984741211,18922,0.0,0.0
2025-05-07 01:00:00+00:00,69.30000305175781,69.69999694824219,68.9000015258789,69.19999694824219,0,0.0,0.0
2025-05-07 01:05:00+00:00,69.19999694824219,69.5,69.0999984741211,69.4000015258789,70000,0.0,0.0
2025-05-07 01:10:00+00:00,69.5,69.5,69.30000305175781,69.30000305175781,65684,0.0,0.0
2025-05-07 01:15:00+00:00,69.30000305175781,69.4000015258789,69.19999694824219,69.19999694824219,44519,0.0,0.0
2025-05-07 01:20:00+00:00,69.0999984741211,69.0999984741211,68.9000015258789,68.9000015258789,71622,0.0,0.0
2025-05-07 01:25:00+00:00,68.9000015258789,69.0999984741211,68.9000015258789,68.9000015258789,55257,0.0,0.0
2025-05-07 01:30:00+00:00,68.80000305175781,68.80000305175781,68.5,68.5,78873,0.0,0.0
2025-05-07 01:35:00+00:00,68.5,68.5,68.30000305175781,68.4000015258789,53160,0.0,0.0
2025-05-07 01:40:00+00:00,68.4000015258789,68.69999694824219,68.4000015258789,68.69999694824219,31100,0.0,0.0
2025-05-07 01:45:00+00:00,68.80000305175781,69.0,68.69999694824219,69.0,19148,0.0,0.0
2025-05-07 01:50:00+00:00,69.0,69.0,68.9000015258789,69.0,12177,0.0,0.0
2025-05-07 01:55:00+00:00,69.0,69.0,69.0,69.0,14100,0.0,0.0
2025-05-07 02:00:00+00:00,69.0999984741211,69.0999984741211,68.9000015258789,68.9000015258789,30000,0.0,0.0
2025-05-07 02:05:00+00:00,68.9000015258789,69.19999694824219,68.9000015258789,69.0,22000,0.0,0.0
2025-05-07 02:10:00+00:00,69.0999984741211,69.0999984741211,69.0999984741211,69.0999984741211,13000,0.0,0.0
2025-05-07 02:15:00+00:00,69.0999984741211,69.19999694824219,69.0999984741211,69.19999694824219,5000,0.0,0.0
2025-05-07 02:20:00+00:00,69.19999694824219,69.19999694824219,69.0,69.0,9099,0.0,0.0
2025-05-07 02:25:00+00:00,69.0,69.0999984741211,68.9000015258789,69.0999984741211,13430,0.0,0.0
2025-05-07 02:30:00+00:00,69.0999984741211,69.5,69.0999984741211,69.5,54000,0.0,0.0
2025-05-07 02:35:00+00:00,69.4000015258789,69.5999984741211,69.4000015258789,69.5,39000,0.0,0.0
2025-05-07 02:40:00+00:00,69.5,69.5,69.19999694824219,69.19999694824219,14580,0.0,0.0
2025-05-07 02:45:00+00:00,69.19999694824219,69.19999694824219,69.0999984741211,69.0999984741211,7010,0.0,0.0
2025-05-07 02:50:00+00:00,69.0999984741211,69.0999984741211,69.0,69.0999984741211,9750,0.0,0.0
2025-05-07 03:00:00+00:00,69.0999984741211,69.19999694824219,69.0999984741211,69.19999694824219,4500,0.0,0.0
2025-05-07 03:05:00+00:00,69.19999694824219,69.19999694824219,69.19999694824219,69.19999694824219,4000,0.0,0.0
2025-05-07 03:10:00+00:00,69.19999694824219,69.19999694824219,69.19999694824219,69.19999694824219,2000,0.0,0.0
2025-05-07 03:15:00+00:00,69.0999984741211,69.0999984741211,69.0999984741211,69.0999984741211,4043,0.0,0.0
2025-05-07 03:20:00+00:00,69.0999984741211,69.19999694824219,69.0999984741211,69.0999984741211,11045,0.0,0.0
2025-05-07 03:25:00+00:00,69.19999694824219,69.19999694824219,69.19999694824219,69.19999694824219,7088,0.0,0.0
2025-05-07 03:30:00+00:00,69.19999694824219,69.19999694824219,69.19999694824219,69.19999694824219,3000,0.0,0.0
2025-05-07 03:40:00+00:00,69.0999984741211,69.0999984741211,69.0999984741211,69.0999984741211,1200,0.0,0.0
2025-05-07 03:45:00+00:00,69.0999984741211,69.0999984741211,69.0,69.0,12000,0.0,0.0
2025-05-07 03:50:00+00:00,69.0999984741211,69.0999984741211,69.0999984741211,69.0999984741211,1005,0.0,0.0
2025-05-07 03:55:00+00:00,69.0,69.0,69.0,69.0,13100,0.0,0.0
2025-05-07 04:00:00+00:00,68.9000015258789,69.0,68.80000305175781,69.0,28597,0.0,0.0
2025-05-07 04:05:00+00:00,69.0,69.0,69.0,69.0,5000,0.0,0.0
2025-05-07 04:10:00+00:00,68.9000015258789,69.0,68.80000305175781,68.80000305175781,10100,0.0,0.0
2025-05-07 04:15:00+00:00,68.80000305175781,69.0,68.80000305175781,69.0,10150,0.0,0.0
2025-05-07 04:20:00+00:00,69.0,69.0999984741211,69.0,69.0999984741211,2023,0.0,0.0
2025-05-07 04:25:00+00:00,69.0999984741211,69.0999984741211,69.0,69.0,5000,0.0,0.0
2025-05-07 04:30:00+00:00,69.0,69.0999984741211,69.0,69.0,3009,0.0,0.0
2025-05-07 04:35:00+00:00,69.0,69.0,69.0,69.0,5000,0.0,0.0
2025-05-07 04:40:00+00:00,69.0,69.0,68.9000015258789,69.0,14223,0.0,0.0
2025-05-07 04:45:00+00:00,68.9000015258789,69.0,68.80000305175781,69.0,15003,0.0,0.0
2025-05-07 04:50:00+00:00,69.0,69.0999984741211,69.0,69.0999984741211,7097,0.0,0.0
2025-05-07 04:55:00+00:00,69.0999984741211,69.19999694824219,69.0999984741211,69.19999694824219,9100,0.0,0.0
2025-05-07 05:00:00+00:00,69.0999984741211,69.0999984741211,68.9000015258789,69.0,37126,0.0,0.0
2025-05-07 05:05:00+00:00,68.9000015258789,68.9000015258789,68.9000015258789,68.9000015258789,1000,0.0,0.0
2025-05-07 05:10:00+00:00,69.0,69.0999984741211,68.9000015258789,69.0999984741211,32470,0.0,0.0
2025-05-07 05:15:00+00:00,69.0,69.0,69.0,69.0,14000,0.0,0.0
2025-05-07 05:20:00+00:00,69.0,69.0999984741211,69.0,69.0,16976,0.0,0.0
2025-05-08 01:00:00+00:00,70.9000015258789,71.5999984741211,70.9000015258789,71.0999984741211,0,0.0,0.0
2025-05-08 01:05:00+00:00,71.0,71.5999984741211,71.0,71.5,169369,0.0,0.0
2025-05-08 01:10:00+00:00,71.5,72.0999984741211,71.5,71.5,180129,0.0,0.0
2025-05-08 01:15:00+00:00,71.5,71.5,71.30000305175781,71.4000015258789,71705,0.0,0.0
2025-05-08 01:20:00+00:00,71.4000015258789,71.69999694824219,71.30000305175781,71.5999984741211,73758,0.0,0.0
2025-05-08 02:30:00+00:00,70.69999694824219,70.69999694824219,70.69999694824219,70.69999694824219,483943,0.0,0.0
2025-05-08 02:35:00+00:00,70.69999694824219,70.69999694824219,70.5999984741211,70.5999984741211,6000,0.0,0.0
2025-05-08 02:40:00+00:00,70.5999984741211,70.69999694824219,70.5999984741211,70.69999694824219,3120,0.0,0.0
2025-05-08 02:45:00+00:00,70.80000305175781,70.80000305175781,70.69999694824219,70.69999694824219,9000,0.0,0.0
2025-05-08 02:50:00+00:00,70.69999694824219,70.69999694824219,70.5999984741211,70.5999984741211,18507,0.0,0.0
2025-05-08 02:55:00+00:00,70.5,70.5,70.5,70.5,2000,0.0,0.0
2025-05-08 03:00:00+00:00,70.5999984741211,70.5999984741211,70.5999984741211,70.5999984741211,9000,0.0,0.0
2025-05-08 03:05:00+00:00,70.5999984741211,70.69999694824219,70.5999984741211,70.69999694824219,8000,0.0,0.0
2025-05-08 03:10:00+00:00,70.5999984741211,70.80000305175781,70.5999984741211,70.69999694824219,12000,0.0,0.0
2025-05-08 03:15:00+00:00,70.69999694824219,70.80000305175781,70.69999694824219,70.80000305175781,8000,0.0,0.0
2025-05-08 03:20:00+00:00,70.80000305175781,70.80000305175781,70.69999694824219,70.69999694824219,8196,0.0,0.0
2025-05-08 03:25:00+00:00,70.69999694824219,70.69999694824219,70.69999694824219,70.69999694824219,3000,0.0,0.0
2025-05-08 03:30:00+00:00,70.69999694824219,70.69999694824219,70.5999984741211,70.69999694824219,0,0.0,0.0
2025-05-08 03:35:00+00:00,70.5999984741211,70.69999694824219,70.5,70.5,602992,0.0,0.0
2025-05-08 03:40:00+00:00,70.5,70.5999984741211,70.5,70.5,27304,0.0,0.0
2025-05-08 03:45:00+00:00,70.69999694824219,70.69999694824219,70.5,70.5999984741211,7100,0.0,0.0
2025-05-08 03:50:00+00:00,70.5,70.5999984741211,70.5,70.5999984741211,7006,0.0,0.0
2025-05-08 03:55:00+00:00,70.5,70.5,70.4000015258789,70.5,23815,0.0,0.0
2025-05-08 04:00:00+00:00,70.5,70.5999984741211,70.5,70.5999984741211,6000,0.0,0.0
2025-05-08 04:05:00+00:00,70.5999984741211,70.5999984741211,70.5999984741211,70.5999984741211,9000,0.0,0.0
2025-05-08 04:10:00+00:00,70.5999984741211,70.69999694824219,70.5999984741211,70.69999694824219,10033,0.0,0.0
2025-05-08 04:15:00+00:00,70.5999984741211,70.69999694824219,70.5999984741211,70.5999984741211,8050,0.0,0.0
2025-05-08 04:20:00+00:00,70.69999694824219,70.80000305175781,70.5999984741211,70.80000305175781,27017,0.0,0.0
2025-05-08 04:25:00+00:00,70.80000305175781,70.80000305175781,70.80000305175781,70.80000305175781,14000,0.0,0.0
2025-05-08 04:30:00+00:00,70.80000305175781,70.9000015258789,70.69999694824219,70.69999694824219,17007,0.0,0.0
2025-05-08 04:35:00+00:00,70.69999694824219,70.69999694824219,70.69999694824219,70.69999694824219,13000,0.0,0.0
2025-05-08 04:40:00+00:00,70.69999694824219,70.69999694824219,70.69999694824219,70.69999694824219,10236,0.0,0.0
2025-05-08 04:45:00+00:00,70.80000305175781,70.80000305175781,70.80000305175781,70.80000305175781,7115,0.0,0.0
2025-05-08 04:50:00+00:00,70.69999694824219,70.80000305175781,70.69999694824219,70.69999694824219,23104,0.0,0.0
2025-05-08 04:55:00+00:00,70.69999694824219,70.69999694824219,70.69999694824219,70.69999694824219,4150,0.0,0.0
2025-05-08 05:00:00+00:00,70.69999694824219,70.69999694824219,70.5999984741211,70.5999984741211,21000,0.0,0.0
2025-05-08 05:05:00+00:00,70.5999984741211,70.69999694824219,70.5999984741211,70.69999694824219,23150,0.0,0.0
2025-05-08 05:10:00+00:00,70.69999694824219,70.69999694824219,70.5999984741211,70.5999984741211,4100,0.0,0.0
2025-05-08 05:15:00+00:00,70.5999984741211,70.69999694824219,70.5999984741211,70.5999984741211,24087,0.0,0.0
2025-05-08 05:20:00+00:00,70.5999984741211,70.80000305175781,70.5999984741211,70.80000305175781,60137,0.0,0.0
2025-05-09 01:00:00+00:00,71.5,71.5999984741211,70.9000015258789,70.9000015258789,0,0.0,0.0
2025-05-09 01:05:00+00:00,71.19999694824219,71.5999984741211,71.19999694824219,71.4000015258789,62028,0.0,0.0
2025-05-09 01:10:00+00:00,71.4000015258789,71.5,71.30000305175781,71.4000015258789,56996,0.0,0.0
2025-05-09 01:15:00+00:00,71.30000305175781,71.30000305175781,71.0999984741211,71.0999984741211,25000,0.0,0.0
2025-05-09 01:20:00+00:00,71.0999984741211,71.0999984741211,71.0,71.0999984741211,39348,0.0,0.0
2025-05-09 01:25:00+00:00,71.0,71.0,70.80000305175781,70.9000015258789,34069,0.0,0.0
2025-05-09 01:30:00+00:00,71.0,71.0,70.80000305175781,71.0,24000,0.0,0.0
2025-05-09 01:35:00+00:00,70.9000015258789,71.0,70.80000305175781,71.0,13460,0.0,0.0
2025-05-09 01:40:00+00:00,70.9000015258789,71.0,70.9000015258789,70.9000015258789,9010,0.0,0.0
2025-05-09 01:45:00+00:00,70.80000305175781,70.9000015258789,70.80000305175781,70.9000015258789,9160,0.0,0.0
2025-05-09 01:50:00+00:00,70.80000305175781,70.9000015258789,70.80000305175781,70.80000305175781,13000,0.0,0.0
2025-05-09 01:55:00+00:00,70.69999694824219,70.69999694824219,70.5999984741211,70.5999984741211,24429,0.0,0.0
2025-05-09 02:00:00+00:00,70.69999694824219,70.69999694824219,70.5999984741211,70.5999984741211,22472,0.0,0.0
2025-05-09 02:05:00+00:00,70.5,70.5999984741211,70.5,70.5999984741211,13001,0.0,0.0
2025-05-09 02:10:00+00:00,70.69999694824219,70.69999694824219,70.69999694824219,70.69999694824219,4000,0.0,0.0
2025-05-09 02:15:00+00:00,70.69999694824219,70.69999694824219,70.5999984741211,70.5999984741211,3000,0.0,0.0
2025-05-09 02:20:00+00:00,70.69999694824219,70.80000305175781,70.69999694824219,70.80000305175781,8010,0.0,0.0
2025-05-09 02:25:00+00:00,70.80000305175781,70.80000305175781,70.80000305175781,70.80000305175781,8150,0.0,0.0
2025-05-09 02:30:00+00:00,70.9000015258789,71.0,70.9000015258789,70.9000015258789,25105,0.0,0.0
2025-05-09 02:35:00+00:00,70.9000015258789,71.0999984741211,70.9000015258789,71.0,42270,0.0,0.0
2025-05-09 02:40:00+00:00,71.0999984741211,71.0999984741211,71.0999984741211,71.0999984741211,20000,0.0,0.0
2025-05-09 02:45:00+00:00,71.0999984741211,71.19999694824219,71.0999984741211,71.19999694824219,31000,0.0,0.0
2025-05-09 02:50:00+00:00,71.19999694824219,71.19999694824219,71.19999694824219,71.19999694824219,26000,0.0,0.0
2025-05-09 02:55:00+00:00,71.19999694824219,71.19999694824219,71.19999694824219,71.19999694824219,6000,0.0,0.0
2025-05-09 03:00:00+00:00,71.0999984741211,71.19999694824219,71.0999984741211,71.19999694824219,10000,0.0,0.0
2025-05-09 03:05:00+00:00,71.19999694824219,71.19999694824219,71.19999694824219,71.19999694824219,9000,0.0,0.0
2025-05-09 03:10:00+00:00,71.19999694824219,71.30000305175781,71.19999694824219,71.30000305175781,44829,0.0,0.0
2025-05-09 03:15:00+00:00,71.30000305175781,71.30000305175781,71.0,71.0999984741211,43000,0.0,0.0
2025-05-09 03:25:00+00:00,71.0999984741211,71.0999984741211,71.0999984741211,71.0999984741211,2030,0.0,0.0
2025-05-09 03:30:00+00:00,71.0999984741211,71.19999694824219,71.0,71.19999694824219,16225,0.0,0.0
2025-05-09 03:35:00+00:00,71.19999694824219,71.30000305175781,71.19999694824219,71.30000305175781,23000,0.0,0.0
2025-05-09 03:40:00+00:00,71.30000305175781,71.4000015258789,71.30000305175781,71.4000015258789,6000,0.0,0.0
2025-05-09 03:45:00+00:00,71.30000305175781,71.30000305175781,71.30000305175781,71.30000305175781,5000,0.0,0.0
2025-05-09 03:50:00+00:00,71.30000305175781,71.30000305175781,71.19999694824219,71.30000305175781,21000,0.0,0.0
2025-05-09 03:55:00+00:00,71.30000305175781,71.4000015258789,71.0999984741211,71.19999694824219,26240,0.0,0.0
2025-05-09 04:00:00+00:00,71.19999694824219,71.4000015258789,71.19999694824219,71.30000305175781,50000,0.0,0.0
2025-05-09 04:05:00+00:00,71.4000015258789,71.4000015258789,71.30000305175781,71.4000015258789,18148,0.0,0.0
2025-05-09 04:10:00+00:00,71.4000015258789,71.5,71.4000015258789,71.5,14000,0.0,0.0
2025-05-09 04:15:00+00:00,71.4000015258789,71.4000015258789,71.4000015258789,71.4000015258789,29486,0.0,0.0
2025-05-09 04:20:00+00:00,71.4000015258789,71.4000015258789,71.30000305175781,71.4000015258789,25000,0.0,0.0
2025-05-09 04:25:00+00:00,71.4000015258789,71.80000305175781,71.4000015258789,71.80000305175781,101642,0.0,0.0
2025-05-09 04:30:00+00:00,71.69999694824219,71.69999694824219,71.5999984741211,71.5999984741211,28016,0.0,0.0
2025-05-09 04:35:00+00:00,71.5999984741211,71.5999984741211,71.5,71.5,35234,0.0,0.0
2025-05-09 04:40:00+00:00,71.5,71.5999984741211,71.5,71.5999984741211,24216,0.0,0.0
2025-05-09 04:45:00+00:00,71.69999694824219,71.69999694824219,71.69999694824219,71.69999694824219,1030,0.0,0.0
2025-05-09 04:50:00+00:00,71.69999694824219,71.80000305175781,71.5999984741211,71.80000305175781,36000,0.0,0.0
2025-05-09 04:55:00+00:00,71.69999694824219,71.80000305175781,71.69999694824219,71.69999694824219,31001,0.0,0.0
2025-05-09 05:00:00+00:00,71.69999694824219,71.80000305175781,71.69999694824219,71.80000305175781,8169,0.0,0.0
2025-05-09 05:05:00+00:00,71.69999694824219,71.80000305175781,71.69999694824219,71.80000305175781,37041,0.0,0.0
2025-05-09 05:10:00+00:00,71.80000305175781,72.0,71.80000305175781,72.0,34220,0.0,0.0
2025-05-09 05:15:00+00:00,72.0,72.30000305175781,72.0,72.0,109552,0.0,0.0
2025-05-09 05:20:00+00:00,71.9000015258789,72.0,71.69999694824219,71.69999694824219,55277,0.0,0.0
2025-05-12 01:00:00+00:00,72.5,72.80000305175781,72.4000015258789,72.5999984741211,0,0.0,0.0
2025-05-12 01:05:00+00:00,72.5999984741211,73.0,72.5,73.0,114000,0.0,0.0
2025-05-12 01:10:00+00:00,73.0,73.19999694824219,72.5999984741211,72.80000305175781,114902,0.0,0.0
2025-05-12 01:15:00+00:00,72.9000015258789,73.30000305175781,72.9000015258789,73.0999984741211,91284,0.0,0.0
2025-05-12 01:20:00+00:00,73.0999984741211,73.30000305175781,72.9000015258789,73.19999694824219,80405,0.0,0.0
2025-05-12 01:25:00+00:00,73.19999694824219,73.30000305175781,73.19999694824219,73.30000305175781,29090,0.0,0.0
2025-05-12 01:30:00+00:00,73.4000015258789,73.80000305175781,73.0999984741211,73.69999694824219,148049,0.0,0.0
2025-05-12 01:35:00+00:00,73.69999694824219,74.5999984741211,73.5999984741211,74.5,287005,0.0,0.0
2025-05-12 01:40:00+00:00,74.5999984741211,74.5999984741211,74.0999984741211,74.4000015258789,194828,0.0,0.0
2025-05-12 01:45:00+00:00,74.4000015258789,74.5,74.19999694824219,74.19999694824219,132693,0.0,0.0
2025-05-12 01:50:00+00:00,74.19999694824219,74.19999694824219,74.0999984741211,74.0999984741211,68000,0.0,0.0
2025-05-12 01:55:00+00:00,74.0999984741211,74.19999694824219,74.0,74.19999694824219,40624,0.0,0.0
2025-05-12 02:00:00+00:00,74.30000305175781,74.5,74.30000305175781,74.4000015258789,48064,0.0,0.0
2025-05-12 02:05:00+00:00,74.30000305175781,74.30000305175781,74.19999694824219,74.19999694824219,24352,0.0,0.0
2025-05-12 02:10:00+00:00,74.19999694824219,74.30000305175781,74.0,74.0,91050,0.0,0.0
2025-05-12 02:15:00+00:00,74.0,74.19999694824219,74.0,74.0999984741211,54359,0.0,0.0
2025-05-12 02:20:00+00:00,74.0999984741211,74.30000305175781,74.0999984741211,74.19999694824219,18657,0.0,0.0
2025-05-12 02:25:00+00:00,74.30000305175781,74.30000305175781,74.19999694824219,74.19999694824219,9011,0.0,0.0
2025-05-12 02:30:00+00:00,74.30000305175781,74.30000305175781,74.30000305175781,74.30000305175781,21935,0.0,0.0
2025-05-12 02:35:00+00:00,74.30000305175781,74.30000305175781,74.19999694824219,74.30000305175781,24031,0.0,0.0
2025-05-12 02:40:00+00:00,74.30000305175781,74.30000305175781,74.19999694824219,74.19999694824219,22110,0.0,0.0
2025-05-12 02:45:00+00:00,74.19999694824219,74.19999694824219,74.19999694824219,74.19999694824219,6000,0.0,0.0
2025-05-12 02:50:00+00:00,74.19999694824219,74.19999694824219,74.19999694824219,74.19999694824219,9000,0.0,0.0
2025-05-12 02:55:00+00:00,74.19999694824219,74.19999694824219,74.0999984741211,74.19999694824219,7735,0.0,0.0
2025-05-12 03:00:00+00:00,74.19999694824219,74.19999694824219,74.0999984741211,74.0999984741211,6001,0.0,0.0
2025-05-12 03:05:00+00:00,74.19999694824219,74.19999694824219,74.0999984741211,74.0999984741211,7004,0.0,0.0
2025-05-12 03:10:00+00:00,74.19999694824219,74.19999694824219,74.0999984741211,74.0999984741211,9010,0.0,0.0
2025-05-12 03:15:00+00:00,74.0999984741211,74.19999694824219,74.0999984741211,74.19999694824219,8468,0.0,0.0
2025-05-12 03:20:00+00:00,74.19999694824219,74.19999694824219,74.0,74.0999984741211,30000,0.0,0.0
2025-05-12 03:25:00+00:00,74.0999984741211,74.19999694824219,74.0,74.0999984741211,42060,0.0,0.0
2025-05-12 03:30:00+00:00,74.0999984741211,74.30000305175781,74.0999984741211,74.30000305175781,23142,0.0,0.0
2025-05-12 03:35:00+00:00,74.30000305175781,74.30000305175781,74.19999694824219,74.30000305175781,5050,0.0,0.0
2025-05-12 03:40:00+00:00,74.30000305175781,74.30000305175781,74.19999694824219,74.19999694824219,3000,0.0,0.0
2025-05-12 03:45:00+00:00,74.19999694824219,74.19999694824219,74.19999694824219,74.19999694824219,12000,0.0,0.0
2025-05-12 03:50:00+00:00,74.19999694824219,74.19999694824219,74.19999694824219,74.19999694824219,7000,0.0,0.0
2025-05-12 03:55:00+00:00,74.19999694824219,74.19999694824219,74.0999984741211,74.0999984741211,8135,0.0,0.0
2025-05-12 04:00:00+00:00,74.0999984741211,74.0999984741211,74.0999984741211,74.0999984741211,1000,0.0,0.0
2025-05-12 04:05:00+00:00,74.0999984741211,74.19999694824219,74.0999984741211,74.19999694824219,3012,0.0,0.0
2025-05-12 04:10:00+00:00,74.19999694824219,74.19999694824219,74.0999984741211,74.0999984741211,14104,0.0,0.0
2025-05-12 04:15:00+00:00,74.0999984741211,74.19999694824219,74.0999984741211,74.19999694824219,14498,0.0,0.0
2025-05-12 04:20:00+00:00,74.19999694824219,74.19999694824219,74.0,74.0999984741211,23770,0.0,0.0
2025-05-12 04:25:00+00:00,74.19999694824219,74.30000305175781,74.0999984741211,74.30000305175781,85508,0.0,0.0
2025-05-12 04:30:00+00:00,74.4000015258789,74.5,74.30000305175781,74.4000015258789,75207,0.0,0.0
2025-05-12 04:35:00+00:00,74.4000015258789,74.5,74.4000015258789,74.4000015258789,14450,0.0,0.0
2025-05-12 04:40:00+00:00,74.4000015258789,74.4000015258789,74.4000015258789,74.4000015258789,13028,0.0,0.0
2025-05-12 04:45:00+00:00,74.4000015258789,74.5999984741211,74.4000015258789,74.5999984741211,32245,0.0,0.0
2025-05-12 04:50:00+00:00,74.5999984741211,74.5999984741211,74.5,74.5,22000,0.0,0.0
2025-05-12 04:55:00+00:00,74.5999984741211,74.5999984741211,74.5,74.5,20001,0.0,0.0
2025-05-12 05:00:00+00:00,74.5,74.5,74.4000015258789,74.4000015258789,44272,0.0,0.0
2025-05-12 05:05:00+00:00,74.4000015258789,74.4000015258789,74.4000015258789,74.4000015258789,9000,0.0,0.0
2025-05-12 05:10:00+00:00,74.4000015258789,74.4000015258789,74.30000305175781,74.30000305175781,30175,0.0,0.0
2025-05-12 05:15:00+00:00,74.30000305175781,74.4000015258789,74.30000305175781,74.30000305175781,12100,0.0,0.0
2025-05-12 05:20:00+00:00,74.4000015258789,74.4000015258789,74.19999694824219,74.19999694824219,86275,0.0,0.0
2025-05-13 01:00:00+00:00,76.0999984741211,76.5999984741211,75.5999984741211,75.80000305175781,0,0.0,0.0
2025-05-13 01:05:00+00:00,75.80000305175781,75.80000305175781,75.30000305175781,75.4000015258789,122000,0.0,0.0
2025-05-13 01:10:00+00:00,75.5,75.5999984741211,75.4000015258789,75.4000015258789,80407,0.0,0.0
2025-05-13 01:15:00+00:00,75.4000015258789,75.5999984741211,75.0999984741211,75.19999694824219,91949,0.0,0.0
2025-05-13 01:20:00+00:00,75.19999694824219,75.19999694824219,75.0,75.0999984741211,134257,0.0,0.0
2025-05-13 01:25:00+00:00,75.0999984741211,75.19999694824219,74.80000305175781,75.0999984741211,134379,0.0,0.0
2025-05-13 01:30:00+00:00,75.0999984741211,75.0999984741211,75.0,75.0,61365,0.0,0.0
2025-05-13 01:35:00+00:00,75.0,75.0,74.5,74.5,87116,0.0,0.0
2025-05-13 01:40:00+00:00,74.5,74.80000305175781,74.5,74.69999694824219,58352,0.0,0.0
2025-05-13 01:45:00+00:00,74.69999694824219,74.69999694824219,74.5,74.5999984741211,55119,0.0,0.0
2025-05-13 01:50:00+00:00,74.5999984741211,74.69999694824219,74.5999984741211,74.5999984741211,48580,0.0,0.0
2025-05-13 01:55:00+00:00,74.5,74.5,74.19999694824219,74.5,100300,0.0,0.0
2025-05-13 02:00:00+00:00,74.5,74.5999984741211,74.4000015258789,74.4000015258789,14134,0.0,0.0
2025-05-13 02:05:00+00:00,74.5,74.5,74.4000015258789,74.5,25183,0.0,0.0
2025-05-13 02:10:00+00:00,74.4000015258789,74.5,74.0999984741211,74.0999984741211,72482,0.0,0.0
2025-05-13 02:15:00+00:00,74.0999984741211,74.0999984741211,73.9000015258789,74.0,134694,0.0,0.0
2025-05-13 02:20:00+00:00,73.9000015258789,74.19999694824219,73.9000015258789,74.19999694824219,38923,0.0,0.0
2025-05-13 02:25:00+00:00,74.0999984741211,74.0999984741211,74.0,74.0,9000,0.0,0.0
2025-05-13 02:30:00+00:00,74.0,74.0999984741211,74.0,74.0999984741211,18104,0.0,0.0
2025-05-13 02:35:00+00:00,74.0999984741211,74.19999694824219,74.0999984741211,74.19999694824219,17425,0.0,0.0
2025-05-13 02:40:00+00:00,74.19999694824219,74.19999694824219,74.0999984741211,74.0999984741211,24395,0.0,0.0
2025-05-13 02:45:00+00:00,74.19999694824219,74.30000305175781,74.0,74.0,71000,0.0,0.0
2025-05-13 02:50:00+00:00,73.9000015258789,74.0,73.9000015258789,74.0,7180,0.0,0.0
2025-05-13 02:55:00+00:00,74.0,74.0999984741211,73.9000015258789,73.9000015258789,3099,0.0,0.0
2025-05-13 03:00:00+00:00,74.0,74.0,73.69999694824219,73.69999694824219,85566,0.0,0.0
2025-05-13 03:05:00+00:00,73.69999694824219,73.80000305175781,73.4000015258789,73.80000305175781,122802,0.0,0.0
2025-05-13 03:10:00+00:00,73.80000305175781,73.80000305175781,73.80000305175781,73.80000305175781,7100,0.0,0.0
2025-05-13 03:15:00+00:00,73.69999694824219,73.80000305175781,73.5,73.5,20004,0.0,0.0
2025-05-13 03:20:00+00:00,73.69999694824219,73.69999694824219,73.5999984741211,73.5999984741211,13256,0.0,0.0
2025-05-13 03:25:00+00:00,73.5999984741211,73.80000305175781,73.5999984741211,73.5999984741211,40000,0.0,0.0
2025-05-13 03:30:00+00:00,73.5,73.69999694824219,73.5,73.69999694824219,53003,0.0,0.0
2025-05-13 03:35:00+00:00,73.69999694824219,73.69999694824219,73.69999694824219,73.69999694824219,7018,0.0,0.0
2025-05-13 03:40:00+00:00,73.5999984741211,73.5999984741211,73.5,73.5,17000,0.0,0.0
2025-05-13 03:45:00+00:00,73.5,73.5999984741211,73.5,73.5999984741211,19012,0.0,0.0
2025-05-13 03:50:00+00:00,73.5999984741211,73.5999984741211,73.5,73.5999984741211,3100,0.0,0.0
2025-05-13 03:55:00+00:00,73.5999984741211,73.69999694824219,73.5,73.5,25032,0.0,0.0
2025-05-13 04:00:00+00:00,73.5999984741211,73.5999984741211,73.5,73.5,6651,0.0,0.0
2025-05-13 04:05:00+00:00,73.69999694824219,73.69999694824219,73.69999694824219,73.69999694824219,1000,0.0,0.0
2025-05-13 04:10:00+00:00,73.69999694824219,73.69999694824219,73.5999984741211,73.69999694824219,5502,0.0,0.0
2025-05-13 04:15:00+00:00,73.5999984741211,73.5999984741211,73.5,73.5,24044,0.0,0.0
2025-05-13 04:20:00+00:00,73.5,73.5999984741211,73.5,73.5999984741211,12010,0.0,0.0
2025-05-13 04:25:00+00:00,73.5,73.5999984741211,73.5,73.5,7905,0.0,0.0
2025-05-13 04:30:00+00:00,73.5,73.5,73.5,73.5,29500,0.0,0.0
2025-05-13 04:35:00+00:00,73.5999984741211,73.5999984741211,73.5,73.5,25060,0.0,0.0
2025-05-13 04:40:00+00:00,73.5999984741211,73.5999984741211,73.5,73.5,5050,0.0,0.0
2025-05-13 04:45:00+00:00,73.5,73.5999984741211,73.5,73.5999984741211,15046,0.0,0.0
2025-05-13 04:50:00+00:00,73.5,73.5999984741211,73.5,73.5999984741211,14684,0.0,0.0
2025-05-13 04:55:00+00:00,73.5,73.5999984741211,73.5,73.5999984741211,9520,0.0,0.0
2025-05-13 05:00:00+00:00,73.69999694824219,74.0,73.69999694824219,73.9000015258789,41184,0.0,0.0
2025-05-13 05:05:00+00:00,73.80000305175781,73.80000305175781,73.69999694824219,73.69999694824219,21274,0.0,0.0
2025-05-13 05:10:00+00:00,73.69999694824219,73.80000305175781,73.5999984741211,73.5999984741211,38130,0.0,0.0
2025-05-13 05:15:00+00:00,73.5999984741211,73.80000305175781,73.5999984741211,73.80000305175781,20038,0.0,0.0
2025-05-13 05:20:00+00:00,73.69999694824219,73.80000305175781,73.5999984741211,73.69999694824219,29321,0.0,0.0
2025-05-14 01:00:00+00:00,74.80000305175781,74.80000305175781,73.80000305175781,74.0,0,0.0,0.0
2025-05-14 01:05:00+00:00,74.0,74.19999694824219,73.9000015258789,74.0,61630,0.0,0.0
2025-05-14 01:10:00+00:00,73.9000015258789,74.0,73.80000305175781,74.0,50180,0.0,0.0
2025-05-14 01:15:00+00:00,73.9000015258789,74.0,73.80000305175781,73.80000305175781,52130,0.0,0.0
2025-05-14 01:20:00+00:00,74.0,74.0999984741211,74.0,74.0999984741211,25234,0.0,0.0
2025-05-14 01:25:00+00:00,74.0,74.4000015258789,74.0,74.30000305175781,17438,0.0,0.0
2025-05-14 01:30:00+00:00,74.4000015258789,74.5,74.30000305175781,74.4000015258789,33186,0.0,0.0
2025-05-14 01:35:00+00:00,74.30000305175781,74.30000305175781,74.19999694824219,74.30000305175781,20122,0.0,0.0
2025-05-14 01:40:00+00:00,74.30000305175781,74.4000015258789,74.30000305175781,74.4000015258789,17290,0.0,0.0
2025-05-14 01:45:00+00:00,74.4000015258789,74.5,74.4000015258789,74.5,46391,0.0,0.0
2025-05-14 01:50:00+00:00,74.5,74.5999984741211,74.5,74.5999984741211,45127,0.0,0.0
2025-05-14 01:55:00+00:00,74.5999984741211,74.5999984741211,74.5999984741211,74.5999984741211,22149,0.0,0.0
2025-05-14 02:00:00+00:00,74.5999984741211,74.5999984741211,74.5,74.5,22190,0.0,0.0
2025-05-14 02:05:00+00:00,74.5,74.5999984741211,74.5,74.5,14100,0.0,0.0
2025-05-14 02:10:00+00:00,74.5,74.5,74.4000015258789,74.4000015258789,27000,0.0,0.0
2025-05-14 02:15:00+00:00,74.4000015258789,74.5,74.4000015258789,74.5,10000,0.0,0.0
2025-05-14 02:20:00+00:00,74.5,74.5,74.4000015258789,74.4000015258789,19065,0.0,0.0
2025-05-14 02:25:00+00:00,74.4000015258789,74.5,74.4000015258789,74.4000015258789,35070,0.0,0.0
2025-05-14 02:30:00+00:00,74.5,74.5999984741211,74.5,74.5,20072,0.0,0.0
2025-05-14 02:35:00+00:00,74.5,74.5,74.4000015258789,74.4000015258789,26141,0.0,0.0
2025-05-14 02:40:00+00:00,74.4000015258789,74.4000015258789,74.4000015258789,74.4000015258789,27000,0.0,0.0
2025-05-14 02:45:00+00:00,74.5,74.5,74.4000015258789,74.4000015258789,7127,0.0,0.0
2025-05-14 02:50:00+00:00,74.30000305175781,74.4000015258789,74.30000305175781,74.30000305175781,10000,0.0,0.0
2025-05-14 02:55:00+00:00,74.30000305175781,74.4000015258789,74.30000305175781,74.4000015258789,12000,0.0,0.0
2025-05-14 03:00:00+00:00,74.4000015258789,74.4000015258789,74.30000305175781,74.4000015258789,19414,0.0,0.0
2025-05-14 03:05:00+00:00,74.4000015258789,74.4000015258789,74.4000015258789,74.4000015258789,2080,0.0,0.0
2025-05-14 03:10:00+00:00,74.4000015258789,74.5,74.4000015258789,74.4000015258789,6402,0.0,0.0
2025-05-14 03:15:00+00:00,74.4000015258789,74.5999984741211,74.4000015258789,74.5,57029,0.0,0.0
2025-05-14 03:20:00+00:00,74.5999984741211,74.5999984741211,74.5,74.5,5000,0.0,0.0
2025-05-14 03:25:00+00:00,74.5,74.5999984741211,74.5,74.5999984741211,4897,0.0,0.0
2025-05-14 03:30:00+00:00,74.5999984741211,74.5999984741211,74.5,74.5,9050,0.0,0.0
2025-05-14 03:35:00+00:00,74.5,74.5,74.4000015258789,74.4000015258789,16034,0.0,0.0
2025-05-14 03:40:00+00:00,74.4000015258789,74.4000015258789,74.4000015258789,74.4000015258789,2000,0.0,0.0
2025-05-14 03:45:00+00:00,74.4000015258789,74.5,74.4000015258789,74.5,14089,0.0,0.0
2025-05-14 03:50:00+00:00,74.5,74.5999984741211,74.5,74.5999984741211,47040,0.0,0.0
2025-05-14 03:55:00+00:00,74.5999984741211,74.5999984741211,74.5,74.5,21127,0.0,0.0
2025-05-14 04:00:00+00:00,74.5,74.5999984741211,74.5,74.5,11050,0.0,0.0
2025-05-14 04:05:00+00:00,74.5999984741211,74.5999984741211,74.5999984741211,74.5999984741211,3075,0.0,0.0
2025-05-14 04:10:00+00:00,74.5,74.5,74.5,74.5,2053,0.0,0.0
2025-05-14 04:15:00+00:00,74.5,74.5,74.5,74.5,10068,0.0,0.0
2025-05-14 04:20:00+00:00,74.5999984741211,74.80000305175781,74.5999984741211,74.80000305175781,84922,0.0,0.0
2025-05-14 04:25:00+00:00,74.80000305175781,74.80000305175781,74.69999694824219,74.80000305175781,29385,0.0,0.0
2025-05-14 04:30:00+00:00,74.9000015258789,74.9000015258789,74.80000305175781,74.9000015258789,47869,0.0,0.0
2025-05-14 04:35:00+00:00,74.9000015258789,75.0,74.9000015258789,75.0,43497,0.0,0.0
2025-05-14 04:40:00+00:00,75.0,75.0,74.9000015258789,74.9000015258789,64274,0.0,0.0
2025-05-14 04:45:00+00:00,75.0,75.0999984741211,75.0,75.0999984741211,29835,0.0,0.0
2025-05-14 04:50:00+00:00,75.0,75.0999984741211,75.0,75.0,31135,0.0,0.0
2025-05-14 04:55:00+00:00,75.0,75.0,74.9000015258789,74.9000015258789,5035,0.0,0.0
2025-05-14 05:00:00+00:00,75.0,75.0,74.9000015258789,75.0,25223,0.0,0.0
2025-05-14 05:05:00+00:00,75.0,75.0,74.9000015258789,75.0,7168,0.0,0.0
2025-05-14 05:10:00+00:00,74.9000015258789,75.0,74.9000015258789,75.0,26227,0.0,0.0
2025-05-14 05:15:00+00:00,75.0,75.0,74.9000015258789,75.0,13322,0.0,0.0
2025-05-14 05:20:00+00:00,74.9000015258789,75.0,74.9000015258789,74.9000015258789,24868,0.0,0.0
2025-05-15 01:00:00+00:00,75.30000305175781,75.30000305175781,74.80000305175781,75.0999984741211,0,0.0,0.0
2025-05-15 01:05:00+00:00,75.19999694824219,75.19999694824219,75.0999984741211,75.0999984741211,23006,0.0,0.0
2025-05-15 01:10:00+00:00,75.0999984741211,75.4000015258789,75.0999984741211,75.0999984741211,46044,0.0,0.0
2025-05-15 01:15:00+00:00,75.30000305175781,75.30000305175781,75.19999694824219,75.19999694824219,22250,0.0,0.0
2025-05-15 01:20:00+00:00,75.19999694824219,75.19999694824219,74.4000015258789,74.4000015258789,96464,0.0,0.0
2025-05-15 01:25:00+00:00,74.4000015258789,74.5,74.4000015258789,74.4000015258789,27790,0.0,0.0
2025-05-15 01:30:00+00:00,74.5,74.5,74.19999694824219,74.30000305175781,47000,0.0,0.0
2025-05-15 01:35:00+00:00,74.5,74.9000015258789,74.5,74.9000015258789,21330,0.0,0.0
2025-05-15 01:40:00+00:00,75.0,75.0999984741211,74.9000015258789,75.0999984741211,21115,0.0,0.0
2025-05-15 01:45:00+00:00,74.9000015258789,75.0999984741211,74.9000015258789,75.0,17023,0.0,0.0
2025-05-15 01:50:00+00:00,75.0999984741211,75.19999694824219,74.80000305175781,74.80000305175781,26336,0.0,0.0
2025-05-15 01:55:00+00:00,74.80000305175781,74.80000305175781,74.80000305175781,74.80000305175781,22192,0.0,0.0
2025-05-15 02:00:00+00:00,74.80000305175781,74.80000305175781,74.80000305175781,74.80000305175781,5597,0.0,0.0
2025-05-15 02:05:00+00:00,74.80000305175781,74.80000305175781,74.69999694824219,74.69999694824219,10168,0.0,0.0
2025-05-15 02:10:00+00:00,74.69999694824219,74.69999694824219,74.5999984741211,74.5999984741211,16014,0.0,0.0
2025-05-15 02:15:00+00:00,74.5999984741211,74.69999694824219,74.5,74.69999694824219,7089,0.0,0.0
2025-05-15 02:25:00+00:00,74.69999694824219,74.69999694824219,74.69999694824219,74.69999694824219,7000,0.0,0.0
2025-05-15 02:30:00+00:00,74.69999694824219,74.80000305175781,74.69999694824219,74.80000305175781,12103,0.0,0.0
2025-05-15 02:35:00+00:00,74.80000305175781,74.80000305175781,74.80000305175781,74.80000305175781,11002,0.0,0.0
2025-05-15 02:40:00+00:00,74.80000305175781,74.80000305175781,74.80000305175781,74.80000305175781,18003,0.0,0.0
2025-05-15 02:45:00+00:00,74.80000305175781,74.80000305175781,74.80000305175781,74.80000305175781,11108,0.0,0.0
2025-05-15 02:50:00+00:00,74.80000305175781,74.80000305175781,74.80000305175781,74.80000305175781,2000,0.0,0.0
2025-05-15 02:55:00+00:00,74.69999694824219,74.80000305175781,74.69999694824219,74.80000305175781,13100,0.0,0.0
2025-05-15 03:00:00+00:00,74.80000305175781,74.9000015258789,74.80000305175781,74.80000305175781,3000,0.0,0.0
2025-05-15 03:05:00+00:00,74.80000305175781,74.80000305175781,74.80000305175781,74.80000305175781,2000,0.0,0.0
2025-05-15 03:10:00+00:00,74.80000305175781,74.80000305175781,74.69999694824219,74.69999694824219,25200,0.0,0.0
2025-05-15 03:20:00+00:00,74.69999694824219,74.69999694824219,74.69999694824219,74.69999694824219,3100,0.0,0.0
2025-05-15 03:25:00+00:00,74.69999694824219,74.69999694824219,74.69999694824219,74.69999694824219,6139,0.0,0.0
2025-05-15 03:30:00+00:00,74.69999694824219,74.69999694824219,74.5999984741211,74.5999984741211,8000,0.0,0.0
2025-05-15 03:35:00+00:00,74.5999984741211,74.5999984741211,74.5999984741211,74.5999984741211,5400,0.0,0.0
2025-05-15 03:40:00+00:00,74.5999984741211,74.5999984741211,74.5999984741211,74.5999984741211,1116,0.0,0.0
2025-05-15 03:45:00+00:00,74.5999984741211,74.5999984741211,74.5,74.5,15002,0.0,0.0
2025-05-15 03:50:00+00:00,74.5999984741211,74.5999984741211,74.5999984741211,74.5999984741211,2050,0.0,0.0
2025-05-15 03:55:00+00:00,74.5,74.5999984741211,74.5,74.5,42355,0.0,0.0
2025-05-15 04:00:00+00:00,74.4000015258789,74.4000015258789,74.4000015258789,74.4000015258789,23003,0.0,0.0
2025-05-15 04:05:00+00:00,74.4000015258789,74.4000015258789,74.4000015258789,74.4000015258789,21582,0.0,0.0
2025-05-15 04:10:00+00:00,74.30000305175781,74.30000305175781,74.30000305175781,74.30000305175781,32524,0.0,0.0
2025-05-15 04:15:00+00:00,74.19999694824219,74.30000305175781,74.19999694824219,74.30000305175781,13940,0.0,0.0
2025-05-15 04:20:00+00:00,74.19999694824219,74.30000305175781,74.0,74.30000305175781,120368,0.0,0.0
2025-05-15 04:25:00+00:00,74.19999694824219,74.30000305175781,74.19999694824219,74.30000305175781,9000,0.0,0.0
2025-05-15 04:30:00+00:00,74.30000305175781,74.30000305175781,74.0,74.0,95000,0.0,0.0
2025-05-15 04:40:00+00:00,74.0999984741211,74.4000015258789,74.0999984741211,74.4000015258789,17000,0.0,0.0
2025-05-15 04:45:00+00:00,74.4000015258789,74.4000015258789,74.30000305175781,74.30000305175781,13000,0.0,0.0
2025-05-15 04:50:00+00:00,74.30000305175781,74.4000015258789,74.30000305175781,74.4000015258789,12360,0.0,0.0
2025-05-15 04:55:00+00:00,74.4000015258789,74.4000015258789,74.30000305175781,74.30000305175781,17015,0.0,0.0
2025-05-15 05:00:00+00:00,74.4000015258789,74.4000015258789,74.4000015258789,74.4000015258789,7130,0.0,0.0
2025-05-15 05:05:00+00:00,74.4000015258789,74.5,74.4000015258789,74.4000015258789,10173,0.0,0.0
2025-05-15 05:10:00+00:00,74.4000015258789,74.5,74.4000015258789,74.5,16327,0.0,0.0
2025-05-15 05:15:00+00:00,74.4000015258789,74.5,74.4000015258789,74.5,23300,0.0,0.0
2025-05-15 05:20:00+00:00,74.5,74.5999984741211,74.4000015258789,74.5999984741211,21040,0.0,0.0
2025-05-16 01:00:00+00:00,74.69999694824219,74.69999694824219,74.19999694824219,74.19999694824219,0,0.0,0.0
2025-05-16 01:05:00+00:00,74.5,74.80000305175781,74.5,74.80000305175781,23050,0.0,0.0
2025-05-16 01:10:00+00:00,74.80000305175781,74.80000305175781,74.69999694824219,74.69999694824219,7110,0.0,0.0
2025-05-16 01:15:00+00:00,74.69999694824219,74.69999694824219,74.5999984741211,74.5999984741211,8000,0.0,0.0
2025-05-16 01:20:00+00:00,74.5999984741211,74.5999984741211,74.5999984741211,74.5999984741211,19025,0.0,0.0
2025-05-16 01:25:00+00:00,74.5999984741211,74.5999984741211,74.5999984741211,74.5999984741211,7000,0.0,0.0
2025-05-16 01:30:00+00:00,74.69999694824219,74.80000305175781,74.5999984741211,74.80000305175781,12100,0.0,0.0
2025-05-16 01:35:00+00:00,74.80000305175781,74.9000015258789,74.80000305175781,74.80000305175781,9000,0.0,0.0
2025-05-16 01:40:00+00:00,74.80000305175781,75.0,74.69999694824219,75.0,29150,0.0,0.0
2025-05-16 01:45:00+00:00,75.0999984741211,75.0999984741211,75.0,75.0,20000,0.0,0.0
2025-05-16 01:50:00+00:00,75.0,75.0,74.80000305175781,74.80000305175781,18010,0.0,0.0
2025-05-16 01:55:00+00:00,74.80000305175781,75.0,74.80000305175781,75.0,8102,0.0,0.0
2025-05-16 02:00:00+00:00,74.9000015258789,74.9000015258789,74.9000015258789,74.9000015258789,14000,0.0,0.0
2025-05-16 02:05:00+00:00,74.80000305175781,74.80000305175781,74.80000305175781,74.80000305175781,12400,0.0,0.0
2025-05-16 02:10:00+00:00,74.80000305175781,74.80000305175781,74.69999694824219,74.69999694824219,14319,0.0,0.0
2025-05-16 02:15:00+00:00,74.5999984741211,74.69999694824219,74.5999984741211,74.5999984741211,7902,0.0,0.0
2025-05-16 02:20:00+00:00,74.69999694824219,74.69999694824219,74.69999694824219,74.69999694824219,11365,0.0,0.0
2025-05-16 02:25:00+00:00,74.69999694824219,74.80000305175781,74.69999694824219,74.80000305175781,17083,0.0,0.0
2025-05-16 02:30:00+00:00,74.80000305175781,74.80000305175781,74.69999694824219,74.69999694824219,23000,0.0,0.0
2025-05-16 02:35:00+00:00,74.69999694824219,74.80000305175781,74.69999694824219,74.80000305175781,4000,0.0,0.0
2025-05-16 02:40:00+00:00,74.69999694824219,74.80000305175781,74.69999694824219,74.80000305175781,2000,0.0,0.0
2025-05-16 02:45:00+00:00,74.80000305175781,74.80000305175781,74.5999984741211,74.80000305175781,16001,0.0,0.0
2025-05-16 02:55:00+00:00,74.5999984741211,74.5999984741211,74.5999984741211,74.5999984741211,1000,0.0,0.0
2025-05-16 03:00:00+00:00,74.5999984741211,74.69999694824219,74.5999984741211,74.5999984741211,10013,0.0,0.0
2025-05-16 03:10:00+00:00,74.69999694824219,74.69999694824219,74.5999984741211,74.69999694824219,13000,0.0,0.0
2025-05-16 03:15:00+00:00,74.5999984741211,74.5999984741211,74.4000015258789,74.4000015258789,49942,0.0,0.0
2025-05-16 03:20:00+00:00,74.4000015258789,74.4000015258789,74.30000305175781,74.4000015258789,25000,0.0,0.0
2025-05-16 03:25:00+00:00,74.4000015258789,74.4000015258789,74.4000015258789,74.4000015258789,6000,0.0,0.0
2025-05-16 03:30:00+00:00,74.4000015258789,74.4000015258789,74.4000015258789,74.4000015258789,7100,0.0,0.0
2025-05-16 03:35:00+00:00,74.4000015258789,74.4000015258789,74.4000015258789,74.4000015258789,1068,0.0,0.0
2025-05-16 03:40:00+00:00,74.4000015258789,74.4000015258789,74.4000015258789,74.4000015258789,4152,0.0,0.0
2025-05-16 03:45:00+00:00,74.4000015258789,74.4000015258789,74.19999694824219,74.19999694824219,31000,0.0,0.0
2025-05-16 03:50:00+00:00,74.19999694824219,74.30000305175781,74.19999694824219,74.30000305175781,8006,0.0,0.0
2025-05-16 03:55:00+00:00,74.30000305175781,74.30000305175781,74.19999694824219,74.19999694824219,34000,0.0,0.0
2025-05-16 04:00:00+00:00,74.19999694824219,74.30000305175781,74.19999694824219,74.30000305175781,14104,0.0,0.0
2025-05-16 04:10:00+00:00,74.30000305175781,74.30000305175781,74.0999984741211,74.0999984741211,16001,0.0,0.0
2025-05-16 04:15:00+00:00,74.19999694824219,74.19999694824219,74.19999694824219,74.19999694824219,1130,0.0,0.0
2025-05-16 04:20:00+00:00,74.19999694824219,74.30000305175781,74.0999984741211,74.30000305175781,12035,0.0,0.0
2025-05-16 04:25:00+00:00,74.0999984741211,74.30000305175781,74.0999984741211,74.30000305175781,2200,0.0,0.0
2025-05-16 04:30:00+00:00,74.19999694824219,74.30000305175781,74.19999694824219,74.30000305175781,4200,0.0,0.0
2025-05-16 04:35:00+00:00,74.30000305175781,74.30000305175781,74.30000305175781,74.30000305175781,10000,0.0,0.0
2025-05-16 04:40:00+00:00,74.30000305175781,74.30000305175781,74.30000305175781,74.30000305175781,4100,0.0,0.0
2025-05-16 04:45:00+00:00,74.30000305175781,74.30000305175781,74.30000305175781,74.30000305175781,7091,0.0,0.0
2025-05-16 04:50:00+00:00,74.30000305175781,74.30000305175781,74.30000305175781,74.30000305175781,2100,0.0,0.0
2025-05-16 04:55:00+00:00,74.30000305175781,74.30000305175781,74.30000305175781,74.30000305175781,1000,0.0,0.0
2025-05-16 05:00:00+00:00,74.30000305175781,74.30000305175781,74.19999694824219,74.30000305175781,30218,0.0,0.0
2025-05-16 05:05:00+00:00,74.19999694824219,74.19999694824219,74.19999694824219,74.19999694824219,7070,0.0,0.0
2025-05-16 05:10:00+00:00,74.19999694824219,74.19999694824219,74.19999694824219,74.19999694824219,9000,0.0,0.0
2025-05-16 05:15:00+00:00,74.19999694824219,74.19999694824219,74.19999694824219,74.19999694824219,25510,0.0,0.0
2025-05-16 05:20:00+00:00,74.19999694824219,74.30000305175781,74.19999694824219,74.30000305175781,13238,0.0,0.0
2025-05-19 01:00:00+00:00,74.5,75.5999984741211,74.5,75.0,0,0.0,0.0
2025-05-19 01:05:00+00:00,75.0,75.19999694824219,74.80000305175781,75.19999694824219,63303,0.0,0.0
2025-05-19 01:10:00+00:00,75.19999694824219,75.19999694824219,74.5999984741211,74.5999984741211,125679,0.0,0.0
2025-05-19 01:15:00+00:00,74.5999984741211,74.5999984741211,74.5,74.5,37035,0.0,0.0
2025-05-19 01:20:00+00:00,74.4000015258789,74.5999984741211,74.4000015258789,74.5999984741211,42287,0.0,0.0
2025-05-19 01:25:00+00:00,74.69999694824219,74.69999694824219,74.5999984741211,74.69999694824219,17000,0.0,0.0
2025-05-19 01:30:00+00:00,74.69999694824219,74.69999694824219,74.5,74.5,42006,0.0,0.0
2025-05-19 01:35:00+00:00,74.4000015258789,74.5,74.30000305175781,74.5,16368,0.0,0.0
2025-05-19 01:40:00+00:00,74.5,74.5,74.4000015258789,74.5,18000,0.0,0.0
2025-05-19 01:45:00+00:00,74.5,74.5,74.4000015258789,74.4000015258789,16000,0.0,0.0
2025-05-19 01:50:00+00:00,74.4000015258789,74.4000015258789,74.4000015258789,74.4000015258789,11003,0.0,0.0
2025-05-19 01:55:00+00:00,74.5999984741211,74.5999984741211,74.5,74.5,13800,0.0,0.0
2025-05-19 02:00:00+00:00,74.5999984741211,74.5999984741211,74.5999984741211,74.5999984741211,8011,0.0,0.0
2025-05-19 02:05:00+00:00,74.5,74.5,74.4000015258789,74.4000015258789,28054,0.0,0.0
2025-05-19 02:10:00+00:00,74.4000015258789,74.5,74.4000015258789,74.5,2009,0.0,0.0
2025-05-19 02:15:00+00:00,74.5,74.5999984741211,74.5,74.5999984741211,14028,0.0,0.0
2025-05-19 02:20:00+00:00,74.69999694824219,75.0,74.69999694824219,75.0,25141,0.0,0.0
2025-05-19 02:25:00+00:00,74.9000015258789,74.9000015258789,74.80000305175781,74.9000015258789,7000,0.0,0.0
2025-05-19 02:30:00+00:00,75.0,75.0999984741211,75.0,75.0,28000,0.0,0.0
2025-05-19 02:35:00+00:00,74.9000015258789,74.9000015258789,74.80000305175781,74.80000305175781,7000,0.0,0.0
2025-05-19 02:40:00+00:00,74.80000305175781,74.80000305175781,74.80000305175781,74.80000305175781,7000,0.0,0.0
2025-05-19 02:45:00+00:00,74.80000305175781,74.80000305175781,74.69999694824219,74.69999694824219,82200,0.0,0.0
2025-05-19 02:50:00+00:00,74.80000305175781,74.9000015258789,74.80000305175781,74.9000015258789,2311,0.0,0.0
2025-05-19 03:00:00+00:00,74.9000015258789,74.9000015258789,74.80000305175781,74.80000305175781,12200,0.0,0.0
2025-05-19 03:05:00+00:00,74.69999694824219,74.80000305175781,74.69999694824219,74.80000305175781,4024,0.0,0.0
2025-05-19 03:10:00+00:00,74.80000305175781,74.80000305175781,74.80000305175781,74.80000305175781,14010,0.0,0.0
2025-05-19 03:15:00+00:00,74.80000305175781,74.80000305175781,74.80000305175781,74.80000305175781,1000,0.0,0.0
2025-05-19 03:20:00+00:00,74.80000305175781,74.80000305175781,74.80000305175781,74.80000305175781,5031,0.0,0.0
2025-05-19 03:25:00+00:00,74.69999694824219,74.69999694824219,74.5999984741211,74.69999694824219,22006,0.0,0.0
2025-05-19 03:30:00+00:00,74.69999694824219,74.69999694824219,74.5,74.5,59015,0.0,0.0
2025-05-19 03:35:00+00:00,74.5,74.5999984741211,74.5,74.5999984741211,19010,0.0,0.0
2025-05-19 03:40:00+00:00,74.5,74.5,74.4000015258789,74.4000015258789,21468,0.0,0.0
2025-05-19 03:45:00+00:00,74.5,74.5,74.5,74.5,6116,0.0,0.0
2025-05-19 03:50:00+00:00,74.4000015258789,74.4000015258789,74.4000015258789,74.4000015258789,4000,0.0,0.0
2025-05-19 03:55:00+00:00,74.5,74.5,74.5,74.5,21000,0.0,0.0
2025-05-19 04:00:00+00:00,74.5,74.5,74.5,74.5,7200,0.0,0.0
2025-05-19 04:05:00+00:00,74.5,74.5,74.5,74.5,10000,0.0,0.0
2025-05-19 04:10:00+00:00,74.5,74.5999984741211,74.5,74.5999984741211,3117,0.0,0.0
2025-05-19 04:15:00+00:00,74.5,74.5,74.5,74.5,1001,0.0,0.0
2025-05-19 04:20:00+00:00,74.5,74.5999984741211,74.5,74.5,11012,0.0,0.0
2025-05-19 04:25:00+00:00,74.5,74.5,74.5,74.5,7000,0.0,0.0
2025-05-19 04:30:00+00:00,74.5,74.5,74.5,74.5,11178,0.0,0.0
2025-05-19 04:35:00+00:00,74.5,74.5,74.5,74.5,8000,0.0,0.0
2025-05-19 04:40:00+00:00,74.4000015258789,74.5,74.4000015258789,74.5,12000,0.0,0.0
2025-05-19 04:45:00+00:00,74.5,74.5,74.30000305175781,74.30000305175781,98195,0.0,0.0
2025-05-19 04:50:00+00:00,74.30000305175781,74.30000305175781,74.19999694824219,74.19999694824219,18000,0.0,0.0
2025-05-19 04:55:00+00:00,74.19999694824219,74.19999694824219,74.0999984741211,74.0999984741211,74705,0.0,0.0
2025-05-19 05:00:00+00:00,74.0999984741211,74.0999984741211,74.0999984741211,74.0999984741211,13000,0.0,0.0
2025-05-19 05:05:00+00:00,74.0999984741211,74.19999694824219,74.0999984741211,74.0999984741211,16016,0.0,0.0
2025-05-19 05:10:00+00:00,74.0999984741211,74.0999984741211,74.0,74.0999984741211,27700,0.0,0.0
2025-05-19 05:15:00+00:00,74.0999984741211,74.0999984741211,74.0,74.0999984741211,25151,0.0,0.0
2025-05-19 05:20:00+00:00,74.0,74.0999984741211,73.9000015258789,74.0,101065,0.0,0.0
2025-05-20 01:00:00+00:00,74.5,74.69999694824219,74.0999984741211,74.5,0,0.0,0.0
2025-05-20 01:05:00+00:00,74.5,74.69999694824219,74.5,74.5999984741211,54049,0.0,0.0
2025-05-20 01:10:00+00:00,74.5999984741211,74.5999984741211,74.4000015258789,74.5,10887,0.0,0.0
2025-05-20 01:15:00+00:00,74.5,74.5,74.5,74.5,2513,0.0,0.0
2025-05-20 01:20:00+00:00,74.5,74.5999984741211,74.5,74.5999984741211,19010,0.0,0.0
2025-05-20 01:25:00+00:00,74.5999984741211,74.5999984741211,74.5,74.5,8000,0.0,0.0
2025-05-20 01:30:00+00:00,74.4000015258789,74.4000015258789,74.0999984741211,74.19999694824219,36453,0.0,0.0
2025-05-20 01:35:00+00:00,74.19999694824219,74.19999694824219,74.19999694824219,74.19999694824219,8410,0.0,0.0
2025-05-20 01:40:00+00:00,74.19999694824219,74.19999694824219,74.0999984741211,74.0999984741211,5000,0.0,0.0
2025-05-20 01:45:00+00:00,74.0999984741211,74.30000305175781,74.0999984741211,74.30000305175781,16003,0.0,0.0
2025-05-20 01:50:00+00:00,74.30000305175781,74.4000015258789,74.30000305175781,74.4000015258789,7190,0.0,0.0
2025-05-20 01:55:00+00:00,74.4000015258789,74.4000015258789,74.30000305175781,74.30000305175781,13025,0.0,0.0
2025-05-20 02:05:00+00:00,74.30000305175781,74.30000305175781,74.19999694824219,74.19999694824219,5247,0.0,0.0
2025-05-20 02:10:00+00:00,74.19999694824219,74.19999694824219,74.19999694824219,74.19999694824219,4000,0.0,0.0
2025-05-20 02:15:00+00:00,74.19999694824219,74.19999694824219,74.19999694824219,74.19999694824219,6000,0.0,0.0
2025-05-20 02:20:00+00:00,74.19999694824219,74.19999694824219,74.0999984741211,74.0999984741211,10010,0.0,0.0
2025-05-20 02:25:00+00:00,74.0999984741211,74.19999694824219,74.0999984741211,74.0999984741211,7287,0.0,0.0
2025-05-20 02:30:00+00:00,74.0999984741211,74.0999984741211,74.0,74.0999984741211,23405,0.0,0.0
2025-05-20 02:35:00+00:00,74.19999694824219,74.30000305175781,74.19999694824219,74.19999694824219,13030,0.0,0.0
2025-05-20 02:40:00+00:00,74.30000305175781,74.5,74.30000305175781,74.4000015258789,23000,0.0,0.0
2025-05-20 02:45:00+00:00,74.4000015258789,74.4000015258789,74.30000305175781,74.30000305175781,5000,0.0,0.0
2025-05-20 02:50:00+00:00,74.30000305175781,74.30000305175781,74.30000305175781,74.30000305175781,2000,0.0,0.0
2025-05-20 02:55:00+00:00,74.30000305175781,74.30000305175781,74.30000305175781,74.30000305175781,1000,0.0,0.0
2025-05-20 03:00:00+00:00,74.30000305175781,74.30000305175781,74.19999694824219,74.19999694824219,2000,0.0,0.0
2025-05-20 03:05:00+00:00,74.19999694824219,74.19999694824219,74.19999694824219,74.19999694824219,6004,0.0,0.0
2025-05-20 03:10:00+00:00,74.30000305175781,74.30000305175781,74.30000305175781,74.30000305175781,12000,0.0,0.0
2025-05-20 03:15:00+00:00,74.19999694824219,74.19999694824219,74.0999984741211,74.0999984741211,8000,0.0,0.0
2025-05-20 03:20:00+00:00,74.19999694824219,74.19999694824219,74.0999984741211,74.0999984741211,7176,0.0,0.0
2025-05-20 03:30:00+00:00,74.19999694824219,74.19999694824219,74.19999694824219,74.19999694824219,2000,0.0,0.0
2025-05-20 03:35:00+00:00,74.0999984741211,74.19999694824219,74.0999984741211,74.19999694824219,6000,0.0,0.0
2025-05-20 03:40:00+00:00,74.19999694824219,74.4000015258789,74.19999694824219,74.30000305175781,14000,0.0,0.0
2025-05-20 03:45:00+00:00,74.30000305175781,74.30000305175781,74.30000305175781,74.30000305175781,1000,0.0,0.0
2025-05-20 03:50:00+00:00,74.30000305175781,74.4000015258789,74.30000305175781,74.4000015258789,11287,0.0,0.0
2025-05-20 03:55:00+00:00,74.30000305175781,74.30000305175781,74.30000305175781,74.30000305175781,10200,0.0,0.0
2025-05-20 04:00:00+00:00,74.30000305175781,74.30000305175781,74.19999694824219,74.19999694824219,8000,0.0,0.0
2025-05-20 04:05:00+00:00,74.0999984741211,74.19999694824219,74.0999984741211,74.0999984741211,6026,0.0,0.0
2025-05-20 04:10:00+00:00,74.0999984741211,74.0999984741211,74.0,74.0,12000,0.0,0.0
2025-05-20 04:15:00+00:00,74.0,74.0,74.0,74.0,30100,0.0,0.0
2025-05-20 04:20:00+00:00,74.0,74.0,74.0,74.0,4000,0.0,0.0
2025-05-20 04:25:00+00:00,74.0,74.0,73.9000015258789,74.0,4000,0.0,0.0
2025-05-20 04:30:00+00:00,73.9000015258789,73.9000015258789,73.80000305175781,73.80000305175781,26422,0.0,0.0
2025-05-20 04:35:00+00:00,73.80000305175781,73.80000305175781,73.80000305175781,73.80000305175781,4000,0.0,0.0
2025-05-20 04:45:00+00:00,73.80000305175781,73.9000015258789,73.80000305175781,73.80000305175781,8250,0.0,0.0
2025-05-20 04:50:00+00:00,73.80000305175781,73.9000015258789,73.80000305175781,73.9000015258789,5000,0.0,0.0
2025-05-20 04:55:00+00:00,73.9000015258789,74.0,73.9000015258789,74.0,9030,0.0,0.0
2025-05-20 05:00:00+00:00,73.9000015258789,73.9000015258789,73.9000015258789,73.9000015258789,4401,0.0,0.0
2025-05-20 05:05:00+00:00,74.0,74.0,73.9000015258789,73.9000015258789,8103,0.0,0.0
2025-05-20 05:10:00+00:00,73.9000015258789,73.9000015258789,73.80000305175781,73.80000305175781,16000,0.0,0.0
2025-05-20 05:15:00+00:00,74.0,74.0999984741211,74.0,74.0999984741211,25003,0.0,0.0
2025-05-20 05:20:00+00:00,74.0999984741211,74.19999694824219,73.80000305175781,73.9000015258789,34659,0.0,0.0
2025-05-21 01:00:00+00:00,74.0999984741211,74.4000015258789,74.0999984741211,74.30000305175781,0,0.0,0.0
2025-05-21 01:05:00+00:00,74.4000015258789,74.69999694824219,74.4000015258789,74.5,24800,0.0,0.0
2025-05-21 01:10:00+00:00,74.5,74.5,74.5,74.5,5000,0.0,0.0
2025-05-21 01:15:00+00:00,74.5,74.5999984741211,74.5,74.5999984741211,15120,0.0,0.0
2025-05-21 01:20:00+00:00,74.5999984741211,74.5999984741211,74.5,74.5,9000,0.0,0.0
2025-05-21 01:25:00+00:00,74.4000015258789,74.4000015258789,74.4000015258789,74.4000015258789,9000,0.0,0.0
2025-05-21 01:30:00+00:00,74.4000015258789,74.4000015258789,74.19999694824219,74.4000015258789,16001,0.0,0.0
2025-05-21 01:35:00+00:00,74.30000305175781,74.30000305175781,74.30000305175781,74.30000305175781,2000,0.0,0.0
2025-05-21 01:40:00+00:00,74.30000305175781,74.4000015258789,74.30000305175781,74.4000015258789,5251,0.0,0.0
2025-05-21 01:45:00+00:00,74.30000305175781,74.30000305175781,74.30000305175781,74.30000305175781,2000,0.0,0.0
2025-05-21 01:50:00+00:00,74.30000305175781,74.30000305175781,74.19999694824219,74.19999694824219,8001,0.0,0.0
2025-05-21 01:55:00+00:00,74.19999694824219,74.30000305175781,74.19999694824219,74.30000305175781,5174,0.0,0.0
2025-05-21 02:00:00+00:00,74.30000305175781,74.30000305175781,74.19999694824219,74.30000305175781,3010,0.0,0.0
2025-05-21 02:05:00+00:00,74.30000305175781,74.30000305175781,74.19999694824219,74.19999694824219,5000,0.0,0.0
2025-05-21 02:10:00+00:00,74.30000305175781,74.30000305175781,74.30000305175781,74.30000305175781,3200,0.0,0.0
2025-05-21 02:15:00+00:00,74.30000305175781,74.30000305175781,74.19999694824219,74.19999694824219,12429,0.0,0.0
2025-05-21 02:20:00+00:00,74.19999694824219,74.19999694824219,74.19999694824219,74.19999694824219,14171,0.0,0.0
2025-05-21 02:25:00+00:00,74.19999694824219,74.19999694824219,74.19999694824219,74.19999694824219,3000,0.0,0.0
2025-05-21 02:30:00+00:00,74.30000305175781,74.30000305175781,74.30000305175781,74.30000305175781,1000,0.0,0.0
2025-05-21 02:35:00+00:00,74.30000305175781,74.4000015258789,74.30000305175781,74.4000015258789,14000,0.0,0.0
2025-05-21 02:40:00+00:00,74.4000015258789,74.5,74.4000015258789,74.5,51000,0.0,0.0
2025-05-21 02:45:00+00:00,74.5,74.5999984741211,74.5,74.5999984741211,23053,0.0,0.0
2025-05-21 02:50:00+00:00,74.5999984741211,74.69999694824219,74.5,74.5,27000,0.0,0.0
2025-05-21 02:55:00+00:00,74.5999984741211,74.69999694824219,74.5999984741211,74.69999694824219,24000,0.0,0.0
2025-05-21 03:00:00+00:00,74.69999694824219,74.80000305175781,74.69999694824219,74.80000305175781,40000,0.0,0.0
2025-05-21 03:05:00+00:00,74.80000305175781,74.9000015258789,74.80000305175781,74.80000305175781,13003,0.0,0.0
2025-05-21 03:10:00+00:00,74.80000305175781,74.80000305175781,74.69999694824219,74.69999694824219,6000,0.0,0.0
2025-05-21 03:15:00+00:00,74.69999694824219,74.69999694824219,74.69999694824219,74.69999694824219,4000,0.0,0.0
2025-05-21 03:20:00+00:00,74.80000305175781,74.80000305175781,74.80000305175781,74.80000305175781,9113,0.0,0.0
2025-05-21 03:25:00+00:00,74.80000305175781,74.80000305175781,74.80000305175781,74.80000305175781,2005,0.0,0.0
2025-05-21 03:30:00+00:00,74.80000305175781,74.80000305175781,74.80000305175781,74.80000305175781,2000,0.0,0.0
2025-05-21 03:35:00+00:00,74.69999694824219,74.69999694824219,74.69999694824219,74.69999694824219,13000,0.0,0.0
2025-05-21 03:40:00+00:00,74.69999694824219,74.80000305175781,74.69999694824219,74.80000305175781,29100,0.0,0.0
2025-05-21 03:45:00+00:00,74.80000305175781,74.9000015258789,74.80000305175781,74.9000015258789,40013,0.0,0.0
2025-05-21 03:50:00+00:00,74.80000305175781,74.9000015258789,74.80000305175781,74.80000305175781,8000,0.0,0.0
2025-05-21 03:55:00+00:00,74.80000305175781,74.80000305175781,74.80000305175781,74.80000305175781,4000,0.0,0.0
2025-05-21 04:00:00+00:00,74.80000305175781,74.80000305175781,74.80000305175781,74.80000305175781,15100,0.0,0.0
2025-05-21 04:05:00+00:00,74.80000305175781,74.80000305175781,74.69999694824219,74.80000305175781,7017,0.0,0.0
2025-05-21 04:15:00+00:00,74.80000305175781,74.80000305175781,74.80000305175781,74.80000305175781,1003,0.0,0.0
2025-05-21 04:20:00+00:00,74.80000305175781,74.80000305175781,74.80000305175781,74.80000305175781,13000,0.0,0.0
2025-05-21 04:25:00+00:00,74.69999694824219,74.80000305175781,74.69999694824219,74.80000305175781,9400,0.0,0.0
2025-05-21 04:30:00+00:00,74.80000305175781,74.80000305175781,74.80000305175781,74.80000305175781,3386,0.0,0.0
2025-05-21 04:35:00+00:00,74.80000305175781,74.80000305175781,74.80000305175781,74.80000305175781,3164,0.0,0.0
2025-05-21 04:40:00+00:00,74.80000305175781,74.9000015258789,74.80000305175781,74.9000015258789,2186,0.0,0.0
2025-05-21 04:45:00+00:00,74.80000305175781,74.80000305175781,74.80000305175781,74.80000305175781,11000,0.0,0.0
2025-05-21 04:50:00+00:00,74.80000305175781,74.80000305175781,74.5999984741211,74.5999984741211,39000,0.0,0.0
2025-05-21 04:55:00+00:00,74.69999694824219,74.69999694824219,74.69999694824219,74.69999694824219,11000,0.0,0.0
2025-05-21 05:00:00+00:00,74.69999694824219,74.80000305175781,74.69999694824219,74.69999694824219,4000,0.0,0.0
2025-05-21 05:05:00+00:00,74.69999694824219,74.69999694824219,74.69999694824219,74.69999694824219,6101,0.0,0.0
2025-05-21 05:10:00+00:00,74.69999694824219,74.80000305175781,74.69999694824219,74.69999694824219,7055,0.0,0.0
2025-05-21 05:15:00+00:00,74.69999694824219,74.69999694824219,74.69999694824219,74.69999694824219,17785,0.0,0.0
2025-05-21 05:20:00+00:00,74.80000305175781,75.0,74.80000305175781,74.9000015258789,60122,0.0,0.0
2025-05-22 01:00:00+00:00,74.5,74.5,74.0,74.0,0,0.0,0.0
2025-05-22 01:05:00+00:00,74.0,74.5,74.0,74.5,23114,0.0,0.0
2025-05-22 01:10:00+00:00,74.30000305175781,74.4000015258789,74.30000305175781,74.4000015258789,7340,0.0,0.0
2025-05-22 01:15:00+00:00,74.4000015258789,74.5,74.4000015258789,74.5,64000,0.0,0.0
2025-05-22 01:20:00+00:00,74.30000305175781,74.30000305175781,74.30000305175781,74.30000305175781,16240,0.0,0.0
2025-05-22 01:25:00+00:00,74.30000305175781,74.30000305175781,74.30000305175781,74.30000305175781,5010,0.0,0.0
2025-05-22 01:30:00+00:00,74.30000305175781,74.30000305175781,74.30000305175781,74.30000305175781,6040,0.0,0.0
2025-05-22 01:35:00+00:00,74.30000305175781,74.30000305175781,74.30000305175781,74.30000305175781,2010,0.0,0.0
2025-05-22 01:40:00+00:00,74.30000305175781,74.30000305175781,74.30000305175781,74.30000305175781,2000,0.0,0.0
2025-05-22 01:45:00+00:00,74.4000015258789,74.4000015258789,74.30000305175781,74.30000305175781,9000,0.0,0.0
2025-05-22 01:50:00+00:00,74.30000305175781,74.30000305175781,74.0999984741211,74.19999694824219,22000,0.0,0.0
2025-05-22 01:55:00+00:00,74.19999694824219,74.19999694824219,74.19999694824219,74.19999694824219,5000,0.0,0.0
2025-05-22 02:00:00+00:00,74.19999694824219,74.30000305175781,74.19999694824219,74.30000305175781,34150,0.0,0.0
2025-05-22 02:05:00+00:00,74.19999694824219,74.19999694824219,74.0999984741211,74.0999984741211,12000,0.0,0.0
2025-05-22 02:10:00+00:00,74.19999694824219,74.19999694824219,74.19999694824219,74.19999694824219,3010,0.0,0.0
2025-05-22 02:15:00+00:00,74.30000305175781,74.30000305175781,74.0999984741211,74.0999984741211,3090,0.0,0.0
2025-05-22 02:20:00+00:00,74.0999984741211,74.19999694824219,74.0999984741211,74.19999694824219,2000,0.0,0.0
2025-05-22 02:25:00+00:00,74.19999694824219,74.19999694824219,74.19999694824219,74.19999694824219,3000,0.0,0.0
2025-05-22 02:30:00+00:00,74.4000015258789,74.4000015258789,74.4000015258789,74.4000015258789,4100,0.0,0.0
2025-05-22 02:35:00+00:00,74.30000305175781,74.30000305175781,74.19999694824219,74.19999694824219,5000,0.0,0.0
2025-05-22 02:40:00+00:00,74.19999694824219,74.30000305175781,74.19999694824219,74.19999694824219,13000,0.0,0.0
2025-05-22 02:45:00+00:00,74.19999694824219,74.19999694824219,74.0999984741211,74.0999984741211,23199,0.0,0.0
2025-05-22 02:50:00+00:00,74.0999984741211,74.0999984741211,74.0,74.0,26604,0.0,0.0
2025-05-22 02:55:00+00:00,74.0,74.0,74.0,74.0,3477,0.0,0.0
2025-05-22 03:00:00+00:00,74.0,74.0,74.0,74.0,6030,0.0,0.0
2025-05-22 03:05:00+00:00,74.0999984741211,74.0999984741211,74.0999984741211,74.0999984741211,3000,0.0,0.0
2025-05-22 03:10:00+00:00,74.0,74.0,74.0,74.0,10524,0.0,0.0
2025-05-22 03:15:00+00:00,74.0,74.0999984741211,74.0,74.0999984741211,3000,0.0,0.0
2025-05-22 03:20:00+00:00,74.0,74.0999984741211,74.0,74.0999984741211,11000,0.0,0.0
2025-05-22 03:25:00+00:00,74.0999984741211,74.0999984741211,74.0999984741211,74.0999984741211,3000,0.0,0.0
2025-05-22 03:30:00+00:00,74.0999984741211,74.0999984741211,74.0999984741211,74.0999984741211,3000,0.0,0.0
2025-05-22 03:35:00+00:00,74.0999984741211,74.0999984741211,73.9000015258789,73.9000015258789,20000,0.0,0.0
2025-05-22 03:40:00+00:00,73.9000015258789,73.9000015258789,73.9000015258789,73.9000015258789,11000,0.0,0.0
2025-05-22 03:50:00+00:00,74.0,74.0999984741211,74.0,74.0999984741211,2000,0.0,0.0
2025-05-22 03:55:00+00:00,74.0999984741211,74.0999984741211,74.0999984741211,74.0999984741211,1000,0.0,0.0
2025-05-22 04:00:00+00:00,74.0,74.0999984741211,74.0,74.0999984741211,2132,0.0,0.0
2025-05-22 04:10:00+00:00,74.19999694824219,74.19999694824219,74.0999984741211,74.0999984741211,3000,0.0,0.0
2025-05-22 04:15:00+00:00,74.0999984741211,74.0999984741211,74.0999984741211,74.0999984741211,6015,0.0,0.0
2025-05-22 04:25:00+00:00,74.0,74.0999984741211,74.0,74.0,12040,0.0,0.0
2025-05-22 04:30:00+00:00,74.0,74.0999984741211,74.0,74.0999984741211,5029,0.0,0.0
2025-05-22 04:35:00+00:00,74.0999984741211,74.0999984741211,74.0,74.0999984741211,5081,0.0,0.0
2025-05-22 04:40:00+00:00,74.0999984741211,74.0999984741211,74.0999984741211,74.0999984741211,1003,0.0,0.0
2025-05-22 04:45:00+00:00,74.0999984741211,74.19999694824219,74.0999984741211,74.19999694824219,6000,0.0,0.0
2025-05-22 04:50:00+00:00,74.19999694824219,74.19999694824219,74.19999694824219,74.19999694824219,2000,0.0,0.0
2025-05-22 04:55:00+00:00,74.0999984741211,74.0999984741211,74.0999984741211,74.0999984741211,3000,0.0,0.0
2025-05-22 05:00:00+00:00,74.0999984741211,74.0999984741211,74.0999984741211,74.0999984741211,9167,0.0,0.0
2025-05-22 05:05:00+00:00,74.0999984741211,74.19999694824219,74.0999984741211,74.0999984741211,15147,0.0,0.0
2025-05-22 05:10:00+00:00,74.19999694824219,74.19999694824219,74.0,74.0,17000,0.0,0.0
2025-05-22 05:15:00+00:00,74.0,74.0999984741211,74.0,74.0,51000,0.0,0.0
2025-05-22 05:20:00+00:00,73.9000015258789,74.0,73.9000015258789,73.9000015258789,22110,0.0,0.0
2025-05-23 01:00:00+00:00,74.5,74.5999984741211,74.5,74.5999984741211,0,0.0,0.0
2025-05-23 01:05:00+00:00,74.5,74.5999984741211,74.5,74.5999984741211,48000,0.0,0.0
2025-05-23 01:10:00+00:00,74.5999984741211,74.80000305175781,74.5999984741211,74.69999694824219,47318,0.0,0.0
2025-05-23 01:15:00+00:00,74.69999694824219,74.80000305175781,74.69999694824219,74.69999694824219,12453,0.0,0.0
2025-05-23 01:20:00+00:00,74.69999694824219,74.69999694824219,74.4000015258789,74.5,35000,0.0,0.0
2025-05-23 01:25:00+00:00,74.5,74.5,74.30000305175781,74.5,6050,0.0,0.0
2025-05-23 01:30:00+00:00,74.5,74.5,74.30000305175781,74.30000305175781,14070,0.0,0.0
2025-05-23 01:35:00+00:00,74.30000305175781,74.30000305175781,74.30000305175781,74.30000305175781,8000,0.0,0.0
2025-05-23 01:40:00+00:00,74.30000305175781,74.4000015258789,74.19999694824219,74.4000015258789,10205,0.0,0.0
2025-05-23 01:45:00+00:00,74.30000305175781,74.4000015258789,74.30000305175781,74.30000305175781,42045,0.0,0.0
2025-05-23 01:50:00+00:00,74.30000305175781,74.69999694824219,74.30000305175781,74.5999984741211,39006,0.0,0.0
2025-05-23 01:55:00+00:00,74.5999984741211,74.5999984741211,74.5,74.5,23098,0.0,0.0
2025-05-23 02:00:00+00:00,74.4000015258789,74.4000015258789,74.30000305175781,74.4000015258789,23054,0.0,0.0
2025-05-23 02:05:00+00:00,74.4000015258789,74.4000015258789,74.4000015258789,74.4000015258789,3002,0.0,0.0
2025-05-23 02:10:00+00:00,74.5,74.5,74.30000305175781,74.30000305175781,21000,0.0,0.0
2025-05-23 02:20:00+00:00,74.4000015258789,74.69999694824219,74.4000015258789,74.69999694824219,52000,0.0,0.0
2025-05-23 02:25:00+00:00,74.69999694824219,74.69999694824219,74.69999694824219,74.69999694824219,14500,0.0,0.0
2025-05-23 02:30:00+00:00,74.69999694824219,74.69999694824219,74.5999984741211,74.5999984741211,8580,0.0,0.0
2025-05-23 02:35:00+00:00,74.5,74.5999984741211,74.5,74.5999984741211,25170,0.0,0.0
2025-05-23 02:45:00+00:00,74.5999984741211,74.5999984741211,74.5999984741211,74.5999984741211,1007,0.0,0.0
2025-05-23 02:50:00+00:00,74.5,74.5,74.5,74.5,1004,0.0,0.0
2025-05-23 02:55:00+00:00,74.5,74.5,74.5,74.5,4050,0.0,0.0
2025-05-23 03:00:00+00:00,74.4000015258789,74.5,74.4000015258789,74.5,7000,0.0,0.0
2025-05-23 03:05:00+00:00,74.5,74.5999984741211,74.5,74.5,8003,0.0,0.0
2025-05-23 03:10:00+00:00,74.5999984741211,74.5999984741211,74.5,74.5,13010,0.0,0.0
2025-05-23 03:15:00+00:00,74.5,74.5,74.5,74.5,2150,0.0,0.0
2025-05-23 03:20:00+00:00,74.5,74.5,74.5,74.5,5030,0.0,0.0
2025-05-23 03:25:00+00:00,74.5,74.5,74.5,74.5,1003,0.0,0.0
2025-05-23 03:30:00+00:00,74.5,74.5,74.5,74.5,6000,0.0,0.0
2025-05-23 03:45:00+00:00,74.4000015258789,74.4000015258789,74.4000015258789,74.4000015258789,4045,0.0,0.0
2025-05-23 03:50:00+00:00,74.4000015258789,74.4000015258789,74.30000305175781,74.30000305175781,5000,0.0,0.0
2025-05-23 03:55:00+00:00,74.30000305175781,74.30000305175781,74.30000305175781,74.30000305175781,7303,0.0,0.0
2025-05-23 04:05:00+00:00,74.30000305175781,74.30000305175781,74.30000305175781,74.30000305175781,2000,0.0,0.0
2025-05-23 04:10:00+00:00,74.19999694824219,74.19999694824219,74.0999984741211,74.19999694824219,9004,0.0,0.0
2025-05-23 04:15:00+00:00,74.0999984741211,74.19999694824219,74.0999984741211,74.19999694824219,3000,0.0,0.0
2025-05-23 04:20:00+00:00,74.0999984741211,74.19999694824219,74.0,74.0999984741211,32744,0.0,0.0
2025-05-23 04:25:00+00:00,74.0,74.0,73.80000305175781,73.80000305175781,62690,0.0,0.0
2025-05-23 04:30:00+00:00,73.80000305175781,73.80000305175781,73.80000305175781,73.80000305175781,1000,0.0,0.0
2025-05-23 04:35:00+00:00,73.80000305175781,73.9000015258789,73.80000305175781,73.80000305175781,6000,0.0,0.0
2025-05-23 04:40:00+00:00,73.80000305175781,74.0,73.80000305175781,73.9000015258789,6572,0.0,0.0
2025-05-23 04:45:00+00:00,74.0,74.0,73.80000305175781,73.80000305175781,6200,0.0,0.0
2025-05-23 04:50:00+00:00,73.80000305175781,73.9000015258789,73.80000305175781,73.9000015258789,13248,0.0,0.0
2025-05-23 04:55:00+00:00,73.9000015258789,74.0,73.80000305175781,74.0,3230,0.0,0.0
2025-05-23 05:00:00+00:00,73.9000015258789,73.9000015258789,73.80000305175781,73.80000305175781,11410,0.0,0.0
2025-05-23 05:05:00+00:00,73.80000305175781,74.0,73.80000305175781,73.9000015258789,11103,0.0,0.0
2025-05-23 05:10:00+00:00,74.0,74.0,74.0,74.0,7000,0.0,0.0
2025-05-23 05:15:00+00:00,74.0,74.0,74.0,74.0,2000,0.0,0.0
2025-05-23 05:20:00+00:00,74.0,74.0999984741211,73.9000015258789,73.9000015258789,31003,0.0,0.0
2025-05-26 01:00:00+00:00,73.80000305175781,73.80000305175781,73.19999694824219,73.30000305175781,0,0.0,0.0
2025-05-26 01:05:00+00:00,73.30000305175781,73.4000015258789,73.0,73.4000015258789,28156,0.0,0.0
2025-05-26 01:10:00+00:00,73.5,73.9000015258789,73.5,73.80000305175781,8053,0.0,0.0
2025-05-26 01:15:00+00:00,74.0,74.0,73.9000015258789,74.0,7145,0.0,0.0
2025-05-26 01:20:00+00:00,73.9000015258789,73.9000015258789,73.80000305175781,73.80000305175781,18000,0.0,0.0
2025-05-26 01:25:00+00:00,73.9000015258789,74.0,73.80000305175781,73.9000015258789,12050,0.0,0.0
2025-05-26 01:30:00+00:00,74.0,74.0999984741211,73.9000015258789,74.0,12205,0.0,0.0
2025-05-26 01:35:00+00:00,73.9000015258789,74.0,73.9000015258789,74.0,8224,0.0,0.0
2025-05-26 01:40:00+00:00,73.9000015258789,74.0999984741211,73.80000305175781,74.0999984741211,16026,0.0,0.0
2025-05-26 01:45:00+00:00,74.0999984741211,74.0999984741211,74.0,74.0999984741211,4171,0.0,0.0
2025-05-26 01:50:00+00:00,74.0999984741211,74.0999984741211,74.0,74.0,6000,0.0,0.0
2025-05-26 01:55:00+00:00,74.0,74.30000305175781,73.80000305175781,74.30000305175781,12014,0.0,0.0
2025-05-26 02:00:00+00:00,74.4000015258789,74.5,74.4000015258789,74.5,23354,0.0,0.0
2025-05-26 02:05:00+00:00,74.4000015258789,74.4000015258789,74.4000015258789,74.4000015258789,3000,0.0,0.0
2025-05-26 02:10:00+00:00,74.4000015258789,74.4000015258789,74.0999984741211,74.0999984741211,11000,0.0,0.0
2025-05-26 02:15:00+00:00,74.0999984741211,74.0999984741211,74.0,74.0,2000,0.0,0.0
2025-05-26 02:20:00+00:00,74.19999694824219,74.19999694824219,74.19999694824219,74.19999694824219,3101,0.0,0.0
2025-05-26 02:25:00+00:00,74.0999984741211,74.0999984741211,74.0999984741211,74.0999984741211,1000,0.0,0.0
2025-05-26 02:30:00+00:00,74.19999694824219,74.19999694824219,74.19999694824219,74.19999694824219,6000,0.0,0.0
2025-05-26 02:40:00+00:00,74.19999694824219,74.19999694824219,74.19999694824219,74.19999694824219,4000,0.0,0.0
2025-05-26 02:45:00+00:00,74.19999694824219,74.19999694824219,74.19999694824219,74.19999694824219,7000,0.0,0.0
2025-05-26 02:55:00+00:00,74.0999984741211,74.0999984741211,74.0999984741211,74.0999984741211,9119,0.0,0.0
2025-05-26 03:05:00+00:00,74.0,74.0999984741211,74.0,74.0999984741211,4000,0.0,0.0
2025-05-26 03:15:00+00:00,74.0999984741211,74.0999984741211,74.0999984741211,74.0999984741211,5000,0.0,0.0
2025-05-26 03:20:00+00:00,74.0999984741211,74.0999984741211,74.0999984741211,74.0999984741211,1003,0.0,0.0
2025-05-26 03:30:00+00:00,74.0,74.0,74.0,74.0,7000,0.0,0.0
2025-05-26 03:35:00+00:00,74.0,74.0,73.9000015258789,73.9000015258789,12000,0.0,0.0
2025-05-26 03:40:00+00:00,74.0,74.0,74.0,74.0,2000,0.0,0.0
2025-05-26 03:45:00+00:00,73.9000015258789,73.9000015258789,73.9000015258789,73.9000015258789,1000,0.0,0.0
2025-05-26 03:55:00+00:00,73.9000015258789,73.9000015258789,73.80000305175781,73.80000305175781,6024,0.0,0.0
2025-05-26 04:00:00+00:00,73.80000305175781,73.80000305175781,73.80000305175781,73.80000305175781,7035,0.0,0.0
2025-05-26 04:05:00+00:00,73.9000015258789,73.9000015258789,73.9000015258789,73.9000015258789,4000,0.0,0.0
2025-05-26 04:10:00+00:00,73.9000015258789,73.9000015258789,73.9000015258789,73.9000015258789,3004,0.0,0.0
2025-05-26 04:15:00+00:00,74.0999984741211,74.0999984741211,73.80000305175781,73.80000305175781,25223,0.0,0.0
2025-05-26 04:20:00+00:00,73.80000305175781,73.80000305175781,73.69999694824219,73.69999694824219,25224,0.0,0.0
2025-05-26 04:25:00+00:00,73.5999984741211,73.69999694824219,73.5999984741211,73.5999984741211,11503,0.0,0.0
2025-05-26 04:30:00+00:00,73.5999984741211,73.5999984741211,73.5999984741211,73.5999984741211,7000,0.0,0.0
2025-05-26 04:35:00+00:00,73.69999694824219,73.80000305175781,73.69999694824219,73.80000305175781,27000,0.0,0.0
2025-05-26 04:40:00+00:00,73.80000305175781,73.80000305175781,73.80000305175781,73.80000305175781,5000,0.0,0.0
2025-05-26 04:45:00+00:00,73.80000305175781,73.9000015258789,73.80000305175781,73.80000305175781,6009,0.0,0.0
2025-05-26 04:50:00+00:00,73.9000015258789,73.9000015258789,73.9000015258789,73.9000015258789,1000,0.0,0.0
2025-05-26 04:55:00+00:00,73.9000015258789,73.9000015258789,73.9000015258789,73.9000015258789,4000,0.0,0.0
2025-05-26 05:00:00+00:00,73.80000305175781,73.80000305175781,73.80000305175781,73.80000305175781,3030,0.0,0.0
2025-05-26 05:05:00+00:00,73.80000305175781,73.80000305175781,73.80000305175781,73.80000305175781,4000,0.0,0.0
2025-05-26 05:10:00+00:00,73.80000305175781,73.9000015258789,73.80000305175781,73.9000015258789,3000,0.0,0.0
2025-05-26 05:15:00+00:00,73.80000305175781,73.9000015258789,73.80000305175781,73.9000015258789,11300,0.0,0.0
2025-05-26 05:20:00+00:00,73.9000015258789,74.0,73.9000015258789,73.9000015258789,5300,0.0,0.0
2025-05-27 01:00:00+00:00,74.0,74.4000015258789,74.0,74.0,0,0.0,0.0
2025-05-27 01:05:00+00:00,74.0999984741211,74.0999984741211,74.0,74.0,9002,0.0,0.0
2025-05-27 01:10:00+00:00,74.0,74.0,73.9000015258789,74.0,7058,0.0,0.0
2025-05-27 01:15:00+00:00,74.0,74.19999694824219,74.0,74.19999694824219,9000,0.0,0.0
2025-05-27 01:20:00+00:00,74.19999694824219,74.30000305175781,74.19999694824219,74.30000305175781,7092,0.0,0.0
2025-05-27 01:25:00+00:00,74.30000305175781,74.30000305175781,74.30000305175781,74.30000305175781,8000,0.0,0.0
2025-05-27 01:30:00+00:00,74.30000305175781,74.30000305175781,74.19999694824219,74.30000305175781,5000,0.0,0.0
2025-05-27 01:35:00+00:00,74.30000305175781,74.30000305175781,74.19999694824219,74.19999694824219,8000,0.0,0.0
2025-05-27 01:40:00+00:00,74.0999984741211,74.19999694824219,74.0999984741211,74.0999984741211,15019,0.0,0.0
2025-05-27 01:45:00+00:00,74.0999984741211,74.0999984741211,74.0,74.0,6000,0.0,0.0
2025-05-27 01:50:00+00:00,74.0,74.0999984741211,74.0,74.0,15109,0.0,0.0
2025-05-27 01:55:00+00:00,74.0,74.0,73.69999694824219,73.69999694824219,22061,0.0,0.0
2025-05-27 02:00:00+00:00,73.69999694824219,73.69999694824219,73.4000015258789,73.4000015258789,19300,0.0,0.0
2025-05-27 02:05:00+00:00,73.4000015258789,73.4000015258789,73.4000015258789,73.4000015258789,6015,0.0,0.0
2025-05-27 02:10:00+00:00,73.4000015258789,73.4000015258789,73.19999694824219,73.19999694824219,10965,0.0,0.0
2025-05-27 02:15:00+00:00,73.30000305175781,73.4000015258789,73.30000305175781,73.4000015258789,11007,0.0,0.0
2025-05-27 02:20:00+00:00,73.30000305175781,73.30000305175781,73.30000305175781,73.30000305175781,6006,0.0,0.0
2025-05-27 02:25:00+00:00,73.4000015258789,73.4000015258789,73.4000015258789,73.4000015258789,1145,0.0,0.0
2025-05-27 02:30:00+00:00,73.4000015258789,73.5,73.4000015258789,73.5,3250,0.0,0.0
2025-05-27 02:40:00+00:00,73.5999984741211,73.5999984741211,73.5999984741211,73.5999984741211,4000,0.0,0.0
2025-05-27 02:45:00+00:00,73.5,73.5,73.4000015258789,73.4000015258789,6067,0.0,0.0
2025-05-27 02:50:00+00:00,73.4000015258789,73.4000015258789,73.30000305175781,73.30000305175781,11000,0.0,0.0
2025-05-27 02:55:00+00:00,73.4000015258789,73.4000015258789,73.4000015258789,73.4000015258789,1000,0.0,0.0
2025-05-27 03:00:00+00:00,73.30000305175781,73.30000305175781,73.30000305175781,73.30000305175781,3040,0.0,0.0
2025-05-27 03:05:00+00:00,73.4000015258789,73.4000015258789,73.4000015258789,73.4000015258789,2129,0.0,0.0
2025-05-27 03:10:00+00:00,73.30000305175781,73.30000305175781,73.19999694824219,73.19999694824219,12070,0.0,0.0
2025-05-27 03:15:00+00:00,73.19999694824219,73.30000305175781,73.19999694824219,73.30000305175781,5018,0.0,0.0
2025-05-27 03:20:00+00:00,73.30000305175781,73.30000305175781,73.19999694824219,73.19999694824219,8000,0.0,0.0
2025-05-27 03:25:00+00:00,73.30000305175781,73.30000305175781,73.0999984741211,73.0999984741211,15261,0.0,0.0
2025-05-27 03:30:00+00:00,73.0999984741211,73.0999984741211,73.0,73.0999984741211,34167,0.0,0.0
2025-05-27 03:35:00+00:00,73.0999984741211,73.0999984741211,73.0,73.0,27480,0.0,0.0
2025-05-27 03:40:00+00:00,73.0,73.0,73.0,73.0,8495,0.0,0.0
2025-05-27 03:45:00+00:00,73.0,73.0,73.0,73.0,10000,0.0,0.0
2025-05-27 03:50:00+00:00,73.0,73.0,73.0,73.0,2751,0.0,0.0
2025-05-27 03:55:00+00:00,73.0,73.0,72.9000015258789,72.9000015258789,19123,0.0,0.0
2025-05-27 04:00:00+00:00,72.9000015258789,72.9000015258789,72.9000015258789,72.9000015258789,7318,0.0,0.0
2025-05-27 04:05:00+00:00,72.9000015258789,72.9000015258789,72.9000015258789,72.9000015258789,27200,0.0,0.0
2025-05-27 04:10:00+00:00,73.0,73.0,73.0,73.0,14317,0.0,0.0
2025-05-27 04:15:00+00:00,72.9000015258789,73.0,72.9000015258789,72.9000015258789,13002,0.0,0.0
2025-05-27 04:20:00+00:00,72.80000305175781,72.80000305175781,72.69999694824219,72.69999694824219,37001,0.0,0.0
2025-05-27 04:25:00+00:00,72.69999694824219,72.80000305175781,72.69999694824219,72.69999694824219,8000,0.0,0.0
2025-05-27 04:30:00+00:00,72.69999694824219,72.9000015258789,72.69999694824219,72.9000015258789,21000,0.0,0.0
2025-05-27 04:40:00+00:00,72.9000015258789,72.9000015258789,72.80000305175781,72.80000305175781,5500,0.0,0.0
2025-05-27 04:45:00+00:00,72.80000305175781,72.80000305175781,72.80000305175781,72.80000305175781,20000,0.0,0.0
2025-05-27 04:55:00+00:00,72.80000305175781,72.9000015258789,72.80000305175781,72.9000015258789,19396,0.0,0.0
2025-05-27 05:00:00+00:00,72.9000015258789,72.9000015258789,72.9000015258789,72.9000015258789,3000,0.0,0.0
2025-05-27 05:05:00+00:00,72.9000015258789,73.0,72.9000015258789,73.0,18072,0.0,0.0
2025-05-27 05:10:00+00:00,73.0,73.0999984741211,73.0,73.0999984741211,3200,0.0,0.0
2025-05-27 05:15:00+00:00,73.0999984741211,73.0999984741211,72.9000015258789,72.9000015258789,17120,0.0,0.0
2025-05-27 05:20:00+00:00,72.9000015258789,73.0,72.9000015258789,73.0,8030,0.0,0.0
2025-05-28 01:00:00+00:00,73.0,73.30000305175781,73.0,73.30000305175781,0,0.0,0.0
2025-05-28 01:05:00+00:00,73.30000305175781,73.80000305175781,73.30000305175781,73.80000305175781,18700,0.0,0.0
2025-05-28 01:10:00+00:00,73.69999694824219,73.69999694824219,73.69999694824219,73.69999694824219,5105,0.0,0.0
2025-05-28 01:15:00+00:00,73.5,73.5,73.0999984741211,73.0999984741211,12170,0.0,0.0
2025-05-28 01:20:00+00:00,73.0,73.0,72.9000015258789,73.0,30009,0.0,0.0
2025-05-28 01:25:00+00:00,73.0,73.0,72.9000015258789,72.9000015258789,19036,0.0,0.0
2025-05-28 01:30:00+00:00,72.9000015258789,72.9000015258789,72.80000305175781,72.80000305175781,25140,0.0,0.0
2025-05-28 01:35:00+00:00,72.69999694824219,73.0,72.69999694824219,73.0,23235,0.0,0.0
2025-05-28 01:40:00+00:00,73.0,73.0,73.0,73.0,1000,0.0,0.0
2025-05-28 01:45:00+00:00,73.0,73.0999984741211,73.0,73.0999984741211,10000,0.0,0.0
2025-05-28 01:50:00+00:00,73.0,73.0,72.9000015258789,72.9000015258789,12000,0.0,0.0
2025-05-28 01:55:00+00:00,73.0,73.0,72.9000015258789,72.9000015258789,2000,0.0,0.0
2025-05-28 02:00:00+00:00,73.0,73.0,73.0,73.0,5000,0.0,0.0
2025-05-28 02:05:00+00:00,73.0999984741211,73.0999984741211,73.0999984741211,73.0999984741211,4100,0.0,0.0
2025-05-28 02:10:00+00:00,73.0999984741211,73.0999984741211,73.0,73.0,8736,0.0,0.0
2025-05-28 02:20:00+00:00,73.0,73.0,72.69999694824219,72.69999694824219,33570,0.0,0.0
2025-05-28 02:25:00+00:00,72.69999694824219,72.80000305175781,72.69999694824219,72.80000305175781,5071,0.0,0.0
2025-05-28 02:30:00+00:00,72.9000015258789,72.9000015258789,72.9000015258789,72.9000015258789,1000,0.0,0.0
2025-05-28 02:35:00+00:00,72.80000305175781,72.80000305175781,72.80000305175781,72.80000305175781,1000,0.0,0.0
2025-05-28 02:45:00+00:00,72.80000305175781,72.9000015258789,72.80000305175781,72.9000015258789,12200,0.0,0.0
2025-05-28 02:50:00+00:00,72.9000015258789,72.9000015258789,72.9000015258789,72.9000015258789,4000,0.0,0.0
2025-05-28 02:55:00+00:00,72.80000305175781,72.80000305175781,72.80000305175781,72.80000305175781,5005,0.0,0.0
2025-05-28 03:05:00+00:00,72.9000015258789,72.9000015258789,72.9000015258789,72.9000015258789,3320,0.0,0.0
2025-05-28 03:15:00+00:00,72.9000015258789,72.9000015258789,72.9000015258789,72.9000015258789,6000,0.0,0.0
2025-05-28 03:20:00+00:00,72.9000015258789,72.9000015258789,72.9000015258789,72.9000015258789,1000,0.0,0.0
2025-05-28 03:25:00+00:00,72.9000015258789,73.0,72.9000015258789,73.0,2040,0.0,0.0
2025-05-28 03:30:00+00:00,72.9000015258789,72.9000015258789,72.9000015258789,72.9000015258789,6000,0.0,0.0
2025-05-28 03:35:00+00:00,72.9000015258789,72.9000015258789,72.80000305175781,72.80000305175781,16000,0.0,0.0
2025-05-28 03:40:00+00:00,72.69999694824219,72.69999694824219,72.5999984741211,72.5999984741211,26355,0.0,0.0
2025-05-28 03:45:00+00:00,72.69999694824219,72.69999694824219,72.5999984741211,72.5999984741211,12099,0.0,0.0
2025-05-28 03:50:00+00:00,72.5999984741211,72.5999984741211,72.5999984741211,72.5999984741211,2000,0.0,0.0
2025-05-28 03:55:00+00:00,72.69999694824219,72.80000305175781,72.69999694824219,72.80000305175781,9070,0.0,0.0
2025-05-28 04:05:00+00:00,72.69999694824219,72.69999694824219,72.69999694824219,72.69999694824219,6000,0.0,0.0
2025-05-28 04:10:00+00:00,72.5999984741211,72.5999984741211,72.5999984741211,72.5999984741211,7100,0.0,0.0
2025-05-28 04:15:00+00:00,72.5,72.5,72.5,72.5,8018,0.0,0.0
2025-05-28 04:20:00+00:00,72.4000015258789,72.4000015258789,72.4000015258789,72.4000015258789,24085,0.0,0.0
2025-05-28 04:25:00+00:00,72.30000305175781,72.4000015258789,72.30000305175781,72.4000015258789,23080,0.0,0.0
2025-05-28 04:30:00+00:00,72.30000305175781,72.30000305175781,72.19999694824219,72.30000305175781,13870,0.0,0.0
2025-05-28 04:35:00+00:00,72.30000305175781,72.30000305175781,72.0999984741211,72.0999984741211,26005,0.0,0.0
2025-05-28 04:40:00+00:00,72.0999984741211,72.19999694824219,72.0999984741211,72.19999694824219,9002,0.0,0.0
2025-05-28 04:45:00+00:00,72.19999694824219,72.19999694824219,72.0999984741211,72.0999984741211,14000,0.0,0.0
2025-05-28 04:50:00+00:00,72.0999984741211,72.0999984741211,72.0999984741211,72.0999984741211,24070,0.0,0.0
2025-05-28 04:55:00+00:00,72.0,72.0,71.80000305175781,71.9000015258789,81044,0.0,0.0
2025-05-28 05:00:00+00:00,72.0,72.0999984741211,72.0,72.0999984741211,12018,0.0,0.0
2025-05-28 05:05:00+00:00,72.0999984741211,72.19999694824219,72.0999984741211,72.19999694824219,14100,0.0,0.0
2025-05-28 05:10:00+00:00,72.19999694824219,72.30000305175781,72.19999694824219,72.19999694824219,7015,0.0,0.0
2025-05-28 05:15:00+00:00,72.30000305175781,72.4000015258789,72.19999694824219,72.30000305175781,24060,0.0,0.0
2025-05-28 05:20:00+00:00,72.19999694824219,72.4000015258789,72.19999694824219,72.4000015258789,11875,0.0,0.0
2025-05-29 01:00:00+00:00,73.4000015258789,73.4000015258789,72.9000015258789,72.9000015258789,0,0.0,0.0
2025-05-29 01:05:00+00:00,72.9000015258789,74.69999694824219,72.9000015258789,74.30000305175781,132425,0.0,0.0
2025-05-29 01:10:00+00:00,74.19999694824219,74.4000015258789,74.0,74.0999984741211,101550,0.0,0.0
2025-05-29 01:15:00+00:00,74.0999984741211,74.19999694824219,73.9000015258789,73.9000015258789,33470,0.0,0.0
2025-05-29 01:20:00+00:00,73.80000305175781,73.80000305175781,73.5,73.5,14030,0.0,0.0
2025-05-29 01:25:00+00:00,73.5,73.5,73.5,73.5,14400,0.0,0.0
2025-05-29 01:30:00+00:00,73.5,73.80000305175781,73.5,73.80000305175781,19080,0.0,0.0
2025-05-29 01:35:00+00:00,73.80000305175781,73.9000015258789,73.69999694824219,73.80000305175781,20020,0.0,0.0
2025-05-29 01:40:00+00:00,73.80000305175781,73.80000305175781,73.80000305175781,73.80000305175781,6000,0.0,0.0
2025-05-29 01:45:00+00:00,73.80000305175781,73.80000305175781,73.69999694824219,73.80000305175781,5028,0.0,0.0
2025-05-29 01:50:00+00:00,73.9000015258789,73.9000015258789,73.80000305175781,73.80000305175781,10000,0.0,0.0
2025-05-29 01:55:00+00:00,73.80000305175781,73.80000305175781,73.80000305175781,73.80000305175781,11055,0.0,0.0
2025-05-29 02:00:00+00:00,73.80000305175781,73.80000305175781,73.69999694824219,73.69999694824219,5300,0.0,0.0
2025-05-29 02:05:00+00:00,73.69999694824219,73.69999694824219,73.69999694824219,73.69999694824219,4034,0.0,0.0
2025-05-29 02:10:00+00:00,73.69999694824219,73.69999694824219,73.5999984741211,73.5999984741211,10000,0.0,0.0
2025-05-29 02:15:00+00:00,73.5,73.5,73.5,73.5,18166,0.0,0.0
2025-05-29 02:20:00+00:00,73.5,73.5,73.5,73.5,1571,0.0,0.0
2025-05-29 02:30:00+00:00,73.5,73.5,73.5,73.5,5439,0.0,0.0
2025-05-29 02:40:00+00:00,73.5999984741211,73.9000015258789,73.5999984741211,73.9000015258789,19025,0.0,0.0
2025-05-29 02:45:00+00:00,73.9000015258789,73.9000015258789,73.9000015258789,73.9000015258789,2003,0.0,0.0
2025-05-29 02:50:00+00:00,73.9000015258789,74.0,73.9000015258789,74.0,18175,0.0,0.0
2025-05-29 02:55:00+00:00,73.9000015258789,74.19999694824219,73.9000015258789,74.19999694824219,25370,0.0,0.0
2025-05-29 03:00:00+00:00,74.19999694824219,74.19999694824219,74.19999694824219,74.19999694824219,2000,0.0,0.0
2025-05-29 03:05:00+00:00,74.19999694824219,74.19999694824219,74.0,74.0,10000,0.0,0.0
2025-05-29 03:10:00+00:00,74.0,74.19999694824219,74.0,74.19999694824219,11011,0.0,0.0
2025-05-29 03:15:00+00:00,74.19999694824219,74.19999694824219,74.19999694824219,74.19999694824219,5000,0.0,0.0
2025-05-29 03:20:00+00:00,74.19999694824219,74.19999694824219,74.0999984741211,74.19999694824219,35052,0.0,0.0
2025-05-29 03:25:00+00:00,74.30000305175781,74.30000305175781,74.30000305175781,74.30000305175781,2111,0.0,0.0
2025-05-29 03:30:00+00:00,74.30000305175781,74.5,74.30000305175781,74.4000015258789,61474,0.0,0.0
2025-05-29 03:35:00+00:00,74.4000015258789,74.4000015258789,74.19999694824219,74.4000015258789,11747,0.0,0.0
2025-05-29 03:40:00+00:00,74.30000305175781,74.4000015258789,74.30000305175781,74.4000015258789,8000,0.0,0.0
2025-05-29 03:45:00+00:00,74.30000305175781,74.30000305175781,74.30000305175781,74.30000305175781,7000,0.0,0.0
2025-05-29 03:50:00+00:00,74.19999694824219,74.4000015258789,74.19999694824219,74.4000015258789,15287,0.0,0.0
2025-05-29 04:00:00+00:00,74.4000015258789,74.4000015258789,74.4000015258789,74.4000015258789,2037,0.0,0.0
2025-05-29 04:05:00+00:00,74.4000015258789,74.4000015258789,74.30000305175781,74.30000305175781,9000,0.0,0.0
2025-05-29 04:10:00+00:00,74.30000305175781,74.4000015258789,74.19999694824219,74.19999694824219,15500,0.0,0.0
2025-05-29 04:15:00+00:00,74.0999984741211,74.0999984741211,74.0,74.0,3101,0.0,0.0
2025-05-29 04:20:00+00:00,74.0,74.0999984741211,73.9000015258789,73.9000015258789,22258,0.0,0.0
2025-05-29 04:25:00+00:00,73.9000015258789,73.9000015258789,73.9000015258789,73.9000015258789,8000,0.0,0.0
2025-05-29 04:30:00+00:00,73.80000305175781,73.9000015258789,73.80000305175781,73.9000015258789,12057,0.0,0.0
2025-05-29 04:35:00+00:00,73.9000015258789,73.9000015258789,73.9000015258789,73.9000015258789,2000,0.0,0.0
2025-05-29 04:40:00+00:00,73.9000015258789,73.9000015258789,73.9000015258789,73.9000015258789,3001,0.0,0.0
2025-05-29 04:45:00+00:00,74.0,74.30000305175781,74.0,74.30000305175781,14340,0.0,0.0
2025-05-29 04:50:00+00:00,74.0999984741211,74.0999984741211,74.0999984741211,74.0999984741211,2050,0.0,0.0
2025-05-29 04:55:00+00:00,74.0999984741211,74.19999694824219,74.0999984741211,74.19999694824219,3013,0.0,0.0
2025-05-29 05:00:00+00:00,74.30000305175781,74.30000305175781,74.19999694824219,74.19999694824219,8159,0.0,0.0
2025-05-29 05:05:00+00:00,74.19999694824219,74.30000305175781,74.19999694824219,74.30000305175781,7258,0.0,0.0
2025-05-29 05:10:00+00:00,74.19999694824219,74.19999694824219,74.19999694824219,74.19999694824219,17089,0.0,0.0
2025-05-29 05:15:00+00:00,74.19999694824219,74.19999694824219,74.0999984741211,74.19999694824219,30001,0.0,0.0
2025-05-29 05:20:00+00:00,74.0999984741211,74.30000305175781,74.0999984741211,74.30000305175781,18691,0.0,0.0
2025-06-02 01:00:00+00:00,73.69999694824219,73.69999694824219,73.19999694824219,73.5,0,0.0,0.0
2025-06-02 01:05:00+00:00,73.5999984741211,74.19999694824219,73.5999984741211,74.0999984741211,34607,0.0,0.0
2025-06-02 01:10:00+00:00,74.0,74.69999694824219,74.0,74.4000015258789,30380,0.0,0.0
2025-06-02 01:15:00+00:00,74.30000305175781,74.4000015258789,74.0999984741211,74.4000015258789,27000,0.0,0.0
2025-06-02 01:20:00+00:00,74.0999984741211,74.0999984741211,73.80000305175781,73.9000015258789,38100,0.0,0.0
2025-06-02 01:25:00+00:00,73.9000015258789,73.9000015258789,73.69999694824219,73.80000305175781,12000,0.0,0.0
2025-06-02 01:30:00+00:00,73.5999984741211,73.5999984741211,73.5,73.5,15110,0.0,0.0
2025-06-02 01:35:00+00:00,73.5,73.5999984741211,73.19999694824219,73.19999694824219,20280,0.0,0.0
2025-06-02 01:40:00+00:00,73.5,73.5,72.80000305175781,72.80000305175781,37739,0.0,0.0
2025-06-02 01:45:00+00:00,72.9000015258789,73.0,72.9000015258789,73.0,17112,0.0,0.0
2025-06-02 01:50:00+00:00,73.0999984741211,73.0999984741211,73.0,73.0,3020,0.0,0.0
2025-06-02 01:55:00+00:00,73.0999984741211,73.0999984741211,73.0999984741211,73.0999984741211,6000,0.0,0.0
2025-06-02 02:00:00+00:00,73.0999984741211,73.19999694824219,73.0999984741211,73.0999984741211,11230,0.0,0.0
2025-06-02 02:05:00+00:00,73.0,73.0,73.0,73.0,5014,0.0,0.0
2025-06-02 02:10:00+00:00,73.0999984741211,73.0999984741211,73.0,73.0,3000,0.0,0.0
2025-06-02 02:15:00+00:00,73.0,73.19999694824219,73.0,73.19999694824219,3000,0.0,0.0
2025-06-02 02:20:00+00:00,73.19999694824219,73.19999694824219,73.19999694824219,73.19999694824219,4000,0.0,0.0
2025-06-02 02:25:00+00:00,73.19999694824219,73.19999694824219,73.0999984741211,73.0999984741211,12000,0.0,0.0
2025-06-02 02:30:00+00:00,73.0,73.0,72.9000015258789,73.0,37176,0.0,0.0
2025-06-02 02:35:00+00:00,72.9000015258789,72.9000015258789,72.9000015258789,72.9000015258789,11000,0.0,0.0
2025-06-02 02:40:00+00:00,72.9000015258789,72.9000015258789,72.80000305175781,72.80000305175781,23000,0.0,0.0
2025-06-02 02:45:00+00:00,72.80000305175781,72.80000305175781,72.69999694824219,72.69999694824219,16194,0.0,0.0
2025-06-02 02:50:00+00:00,72.69999694824219,72.69999694824219,72.5999984741211,72.69999694824219,37055,0.0,0.0
2025-06-02 02:55:00+00:00,72.69999694824219,72.69999694824219,72.5999984741211,72.5999984741211,12000,0.0,0.0
2025-06-02 03:00:00+00:00,72.69999694824219,72.69999694824219,72.5,72.5999984741211,40105,0.0,0.0
2025-06-02 03:05:00+00:00,72.5999984741211,72.5999984741211,72.5,72.5,26254,0.0,0.0
2025-06-02 03:15:00+00:00,72.4000015258789,72.5999984741211,72.30000305175781,72.5,39100,0.0,0.0
2025-06-02 03:20:00+00:00,72.5,72.5999984741211,72.5,72.5,6050,0.0,0.0
2025-06-02 03:25:00+00:00,72.5,72.5,72.5,72.5,5100,0.0,0.0
2025-06-02 03:30:00+00:00,72.5999984741211,73.0,72.5999984741211,73.0,24540,0.0,0.0
2025-06-02 03:35:00+00:00,72.80000305175781,72.80000305175781,72.80000305175781,72.80000305175781,3000,0.0,0.0
2025-06-02 03:40:00+00:00,72.80000305175781,72.80000305175781,72.80000305175781,72.80000305175781,2000,0.0,0.0
2025-06-02 03:45:00+00:00,72.69999694824219,72.69999694824219,72.69999694824219,72.69999694824219,6030,0.0,0.0
2025-06-02 03:50:00+00:00,72.69999694824219,72.69999694824219,72.69999694824219,72.69999694824219,2000,0.0,0.0
2025-06-02 03:55:00+00:00,72.69999694824219,72.69999694824219,72.69999694824219,72.69999694824219,1000,0.0,0.0
2025-06-02 04:00:00+00:00,72.5999984741211,72.5999984741211,72.5999984741211,72.5999984741211,1270,0.0,0.0
2025-06-02 04:05:00+00:00,72.5999984741211,72.5999984741211,72.5999984741211,72.5999984741211,2155,0.0,0.0
2025-06-02 04:10:00+00:00,72.69999694824219,72.69999694824219,72.5999984741211,72.5999984741211,4000,0.0,0.0
2025-06-02 04:20:00+00:00,72.69999694824219,72.69999694824219,72.69999694824219,72.69999694824219,10591,0.0,0.0
2025-06-02 04:25:00+00:00,72.80000305175781,72.80000305175781,72.80000305175781,72.80000305175781,1000,0.0,0.0
2025-06-02 04:30:00+00:00,72.80000305175781,72.9000015258789,72.80000305175781,72.9000015258789,4303,0.0,0.0
2025-06-02 04:35:00+00:00,72.9000015258789,72.9000015258789,72.80000305175781,72.80000305175781,3001,0.0,0.0
2025-06-02 04:45:00+00:00,72.80000305175781,72.80000305175781,72.69999694824219,72.69999694824219,6000,0.0,0.0
2025-06-02 04:50:00+00:00,72.80000305175781,72.80000305175781,72.80000305175781,72.80000305175781,8000,0.0,0.0
2025-06-02 04:55:00+00:00,72.80000305175781,72.9000015258789,72.80000305175781,72.9000015258789,17000,0.0,0.0
2025-06-02 05:00:00+00:00,72.9000015258789,72.9000015258789,72.80000305175781,72.80000305175781,3000,0.0,0.0
2025-06-02 05:05:00+00:00,72.9000015258789,72.9000015258789,72.9000015258789,72.9000015258789,6000,0.0,0.0
2025-06-02 05:10:00+00:00,72.9000015258789,72.9000015258789,72.9000015258789,72.9000015258789,3108,0.0,0.0
2025-06-02 05:15:00+00:00,72.9000015258789,73.0999984741211,72.9000015258789,73.0,9069,0.0,0.0
2025-06-02 05:20:00+00:00,73.0999984741211,73.0999984741211,72.80000305175781,72.80000305175781,50120,0.0,0.0
2025-06-03 01:00:00+00:00,73.0999984741211,73.80000305175781,73.0999984741211,73.4000015258789,0,0.0,0.0
2025-06-03 01:05:00+00:00,73.4000015258789,73.5999984741211,73.4000015258789,73.5999984741211,13000,0.0,0.0
2025-06-03 01:10:00+00:00,73.5999984741211,73.5999984741211,73.5999984741211,73.5999984741211,2150,0.0,0.0
2025-06-03 01:15:00+00:00,73.5,73.5999984741211,73.5,73.5999984741211,5016,0.0,0.0
2025-06-03 01:20:00+00:00,73.5,73.5,73.5,73.5,9130,0.0,0.0
2025-06-03 01:25:00+00:00,73.5,73.5999984741211,73.4000015258789,73.5999984741211,15000,0.0,0.0
2025-06-03 01:30:00+00:00,73.5,73.5,73.5,73.5,2000,0.0,0.0
2025-06-03 01:35:00+00:00,73.5999984741211,74.0,73.5999984741211,74.0,65724,0.0,0.0
2025-06-03 01:40:00+00:00,74.0999984741211,74.19999694824219,74.0,74.0999984741211,26100,0.0,0.0
2025-06-03 01:45:00+00:00,74.0999984741211,74.4000015258789,74.0999984741211,74.4000015258789,43255,0.0,0.0
2025-06-03 01:50:00+00:00,74.4000015258789,74.5,74.30000305175781,74.4000015258789,43101,0.0,0.0
2025-06-03 01:55:00+00:00,74.4000015258789,74.80000305175781,74.30000305175781,74.5999984741211,122048,0.0,0.0
2025-06-03 02:00:00+00:00,74.69999694824219,75.0,74.5,74.5999984741211,91988,0.0,0.0
2025-06-03 02:05:00+00:00,74.5999984741211,74.5999984741211,74.4000015258789,74.5,24102,0.0,0.0
2025-06-03 02:10:00+00:00,74.5,74.5,74.30000305175781,74.30000305175781,12018,0.0,0.0
2025-06-03 02:15:00+00:00,74.30000305175781,74.30000305175781,74.0999984741211,74.0999984741211,23128,0.0,0.0
2025-06-03 02:20:00+00:00,74.0999984741211,74.30000305175781,74.0999984741211,74.30000305175781,10000,0.0,0.0
2025-06-03 02:25:00+00:00,74.30000305175781,74.30000305175781,74.19999694824219,74.19999694824219,8000,0.0,0.0
2025-06-03 02:30:00+00:00,74.0999984741211,74.30000305175781,74.0999984741211,74.30000305175781,11000,0.0,0.0
2025-06-03 02:35:00+00:00,74.19999694824219,74.19999694824219,74.19999694824219,74.19999694824219,7000,0.0,0.0
2025-06-03 02:40:00+00:00,74.0999984741211,74.0999984741211,74.0,74.0,9000,0.0,0.0
2025-06-03 02:45:00+00:00,74.0999984741211,74.0999984741211,74.0999984741211,74.0999984741211,4129,0.0,0.0
2025-06-03 02:50:00+00:00,74.0999984741211,74.4000015258789,74.0999984741211,74.4000015258789,17111,0.0,0.0
2025-06-03 02:55:00+00:00,74.30000305175781,74.30000305175781,74.19999694824219,74.19999694824219,3001,0.0,0.0
2025-06-03 03:00:00+00:00,74.30000305175781,74.30000305175781,74.30000305175781,74.30000305175781,12000,0.0,0.0
2025-06-03 03:05:00+00:00,74.30000305175781,74.30000305175781,74.30000305175781,74.30000305175781,16039,0.0,0.0
2025-06-03 03:10:00+00:00,74.30000305175781,74.4000015258789,74.30000305175781,74.4000015258789,4014,0.0,0.0
2025-06-03 03:15:00+00:00,74.30000305175781,74.30000305175781,74.19999694824219,74.19999694824219,9015,0.0,0.0
2025-06-03 03:25:00+00:00,74.19999694824219,74.19999694824219,74.19999694824219,74.19999694824219,7000,0.0,0.0
2025-06-03 03:35:00+00:00,74.30000305175781,74.30000305175781,74.30000305175781,74.30000305175781,3000,0.0,0.0
2025-06-03 03:40:00+00:00,74.30000305175781,74.30000305175781,74.30000305175781,74.30000305175781,2002,0.0,0.0
2025-06-03 03:45:00+00:00,74.19999694824219,74.19999694824219,74.19999694824219,74.19999694824219,1150,0.0,0.0
2025-06-03 03:50:00+00:00,74.4000015258789,74.4000015258789,74.4000015258789,74.4000015258789,8185,0.0,0.0
2025-06-03 03:55:00+00:00,74.4000015258789,74.5,74.4000015258789,74.5,37416,0.0,0.0
2025-06-03 04:00:00+00:00,74.5,74.5999984741211,74.5,74.5,25180,0.0,0.0
2025-06-03 04:05:00+00:00,74.5,74.80000305175781,74.5,74.80000305175781,72282,0.0,0.0
2025-06-03 04:10:00+00:00,74.9000015258789,75.0999984741211,74.80000305175781,74.9000015258789,140249,0.0,0.0
2025-06-03 04:15:00+00:00,74.9000015258789,74.9000015258789,74.80000305175781,74.9000015258789,17000,0.0,0.0
2025-06-03 04:20:00+00:00,74.80000305175781,75.4000015258789,74.80000305175781,75.4000015258789,121015,0.0,0.0
2025-06-03 04:25:00+00:00,75.4000015258789,75.5,75.30000305175781,75.30000305175781,63165,0.0,0.0
2025-06-03 04:30:00+00:00,75.30000305175781,75.5999984741211,75.30000305175781,75.4000015258789,78949,0.0,0.0
2025-06-03 04:35:00+00:00,75.4000015258789,76.9000015258789,75.4000015258789,76.30000305175781,273357,0.0,0.0
2025-06-03 04:40:00+00:00,76.19999694824219,76.30000305175781,76.0999984741211,76.0999984741211,81212,0.0,0.0
2025-06-03 04:45:00+00:00,76.0999984741211,76.0999984741211,76.0,76.0,88150,0.0,0.0
2025-06-03 04:50:00+00:00,76.0,76.0,75.9000015258789,76.0,39488,0.0,0.0
2025-06-03 04:55:00+00:00,76.0,76.0,75.9000015258789,75.9000015258789,24275,0.0,0.0
2025-06-03 05:00:00+00:00,76.0,76.0,75.9000015258789,75.9000015258789,27525,0.0,0.0
2025-06-03 05:05:00+00:00,75.80000305175781,75.9000015258789,75.80000305175781,75.80000305175781,14280,0.0,0.0
2025-06-03 05:10:00+00:00,75.80000305175781,75.9000015258789,75.80000305175781,75.80000305175781,24000,0.0,0.0
2025-06-03 05:15:00+00:00,75.69999694824219,75.69999694824219,75.5,75.5999984741211,38386,0.0,0.0
2025-06-03 05:20:00+00:00,75.5999984741211,75.80000305175781,75.5,75.5,55107,0.0,0.0
2025-06-04 01:00:00+00:00,76.30000305175781,76.5999984741211,76.0,76.4000015258789,0,0.0,0.0
2025-06-04 01:05:00+00:00,76.4000015258789,76.5999984741211,76.30000305175781,76.5,75000,0.0,0.0
2025-06-04 01:10:00+00:00,76.9000015258789,76.9000015258789,76.5,76.5,130928,0.0,0.0
2025-06-04 01:15:00+00:00,76.5,76.5,76.0,76.30000305175781,92078,0.0,0.0
2025-06-04 01:20:00+00:00,76.30000305175781,76.4000015258789,76.19999694824219,76.30000305175781,6503,0.0,0.0
2025-06-04 01:25:00+00:00,76.30000305175781,76.5999984741211,76.30000305175781,76.30000305175781,47321,0.0,0.0
2025-06-04 01:30:00+00:00,76.30000305175781,76.4000015258789,76.0,76.0,73428,0.0,0.0
2025-06-04 01:35:00+00:00,76.0,76.0,75.9000015258789,75.9000015258789,19292,0.0,0.0
2025-06-04 01:40:00+00:00,75.9000015258789,75.9000015258789,75.9000015258789,75.9000015258789,15200,0.0,0.0
2025-06-04 01:45:00+00:00,75.9000015258789,75.9000015258789,75.9000015258789,75.9000015258789,6000,0.0,0.0
2025-06-04 01:50:00+00:00,75.80000305175781,75.80000305175781,75.5999984741211,75.80000305175781,38400,0.0,0.0
2025-06-04 01:55:00+00:00,75.80000305175781,75.80000305175781,75.5999984741211,75.5999984741211,28252,0.0,0.0
2025-06-04 02:00:00+00:00,75.5999984741211,75.9000015258789,75.5,75.69999694824219,34000,0.0,0.0
2025-06-04 02:05:00+00:00,75.80000305175781,76.0,75.80000305175781,76.0,21000,0.0,0.0
2025-06-04 02:10:00+00:00,76.0999984741211,76.0999984741211,75.9000015258789,75.9000015258789,7000,0.0,0.0
2025-06-04 02:15:00+00:00,76.0,76.0,76.0,76.0,2220,0.0,0.0
2025-06-04 02:20:00+00:00,76.0,76.0999984741211,75.9000015258789,76.0,18004,0.0,0.0
2025-06-04 02:25:00+00:00,76.0,76.0,76.0,76.0,9000,0.0,0.0
2025-06-04 02:30:00+00:00,76.0,76.0999984741211,76.0,76.0,12600,0.0,0.0
2025-06-04 02:35:00+00:00,76.0,76.0999984741211,75.9000015258789,75.9000015258789,14000,0.0,0.0
2025-06-04 02:40:00+00:00,75.9000015258789,75.9000015258789,75.80000305175781,75.9000015258789,8037,0.0,0.0
2025-06-04 02:45:00+00:00,75.9000015258789,75.9000015258789,75.9000015258789,75.9000015258789,4313,0.0,0.0
2025-06-04 02:50:00+00:00,76.0,76.0999984741211,76.0,76.0999984741211,19150,0.0,0.0
2025-06-04 02:55:00+00:00,76.30000305175781,76.4000015258789,76.30000305175781,76.30000305175781,53451,0.0,0.0
2025-06-04 03:00:00+00:00,76.30000305175781,76.30000305175781,76.19999694824219,76.19999694824219,12000,0.0,0.0
2025-06-04 03:05:00+00:00,76.0999984741211,76.0999984741211,76.0,76.0,5000,0.0,0.0
2025-06-04 03:10:00+00:00,76.0,76.0,76.0,76.0,8000,0.0,0.0
2025-06-04 03:15:00+00:00,76.0999984741211,76.19999694824219,76.0999984741211,76.19999694824219,2100,0.0,0.0
2025-06-04 03:20:00+00:00,76.0999984741211,76.0999984741211,76.0,76.0,4660,0.0,0.0
2025-06-04 03:25:00+00:00,75.9000015258789,75.9000015258789,75.9000015258789,75.9000015258789,7339,0.0,0.0
2025-06-04 03:30:00+00:00,75.80000305175781,75.80000305175781,75.80000305175781,75.80000305175781,4000,0.0,0.0
2025-06-04 03:35:00+00:00,75.80000305175781,75.80000305175781,75.80000305175781,75.80000305175781,2782,0.0,0.0
2025-06-04 03:40:00+00:00,75.69999694824219,75.69999694824219,75.5999984741211,75.5999984741211,23000,0.0,0.0
2025-06-04 03:45:00+00:00,75.5999984741211,75.69999694824219,75.5999984741211,75.69999694824219,27000,0.0,0.0
2025-06-04 03:50:00+00:00,75.69999694824219,75.80000305175781,75.69999694824219,75.80000305175781,7000,0.0,0.0
2025-06-04 03:55:00+00:00,75.80000305175781,75.80000305175781,75.69999694824219,75.69999694824219,6010,0.0,0.0
2025-06-04 04:00:00+00:00,75.69999694824219,75.69999694824219,75.69999694824219,75.69999694824219,3000,0.0,0.0
2025-06-04 04:05:00+00:00,75.69999694824219,75.80000305175781,75.69999694824219,75.80000305175781,10025,0.0,0.0
2025-06-04 04:10:00+00:00,75.69999694824219,75.80000305175781,75.69999694824219,75.80000305175781,6000,0.0,0.0
2025-06-04 04:15:00+00:00,75.80000305175781,75.9000015258789,75.69999694824219,75.9000015258789,6010,0.0,0.0
2025-06-04 04:20:00+00:00,75.9000015258789,75.9000015258789,75.9000015258789,75.9000015258789,13016,0.0,0.0
2025-06-04 04:25:00+00:00,75.9000015258789,75.9000015258789,75.9000015258789,75.9000015258789,2350,0.0,0.0
2025-06-04 04:30:00+00:00,75.9000015258789,75.9000015258789,75.9000015258789,75.9000015258789,3010,0.0,0.0
2025-06-04 04:35:00+00:00,75.9000015258789,75.9000015258789,75.80000305175781,75.80000305175781,4140,0.0,0.0
2025-06-04 04:40:00+00:00,75.80000305175781,75.80000305175781,75.69999694824219,75.69999694824219,22067,0.0,0.0
2025-06-04 04:45:00+00:00,75.69999694824219,75.80000305175781,75.69999694824219,75.80000305175781,7026,0.0,0.0
2025-06-04 04:50:00+00:00,75.9000015258789,75.9000015258789,75.9000015258789,75.9000015258789,1000,0.0,0.0
2025-06-04 04:55:00+00:00,75.9000015258789,75.9000015258789,75.80000305175781,75.80000305175781,7000,0.0,0.0
2025-06-04 05:00:00+00:00,75.80000305175781,76.0,75.69999694824219,75.69999694824219,20090,0.0,0.0
2025-06-04 05:05:00+00:00,75.69999694824219,75.69999694824219,75.5999984741211,75.5999984741211,12000,0.0,0.0
2025-06-04 05:10:00+00:00,75.69999694824219,75.69999694824219,75.69999694824219,75.69999694824219,6020,0.0,0.0
2025-06-04 05:15:00+00:00,75.69999694824219,75.69999694824219,75.69999694824219,75.69999694824219,24056,0.0,0.0
2025-06-04 05:20:00+00:00,75.69999694824219,75.9000015258789,75.69999694824219,75.69999694824219,23022,0.0,0.0
2025-06-05 01:00:00+00:00,76.5,76.5,75.5999984741211,75.80000305175781,0,0.0,0.0
2025-06-05 01:05:00+00:00,75.80000305175781,75.80000305175781,75.80000305175781,75.80000305175781,14404,0.0,0.0
2025-06-05 01:10:00+00:00,75.9000015258789,75.9000015258789,75.80000305175781,75.80000305175781,18555,0.0,0.0
2025-06-05 01:15:00+00:00,75.80000305175781,75.80000305175781,75.5999984741211,75.5999984741211,26239,0.0,0.0
2025-06-05 01:20:00+00:00,75.5999984741211,75.5999984741211,75.4000015258789,75.4000015258789,25055,0.0,0.0
2025-06-05 01:25:00+00:00,75.4000015258789,75.4000015258789,75.19999694824219,75.30000305175781,20778,0.0,0.0
2025-06-05 01:30:00+00:00,75.4000015258789,75.4000015258789,75.19999694824219,75.4000015258789,23034,0.0,0.0
2025-06-05 01:35:00+00:00,75.4000015258789,75.4000015258789,75.30000305175781,75.4000015258789,10180,0.0,0.0
2025-06-05 01:40:00+00:00,75.4000015258789,75.4000015258789,75.30000305175781,75.30000305175781,4350,0.0,0.0
2025-06-05 01:45:00+00:00,75.4000015258789,75.5,75.30000305175781,75.5,4001,0.0,0.0
2025-06-05 01:50:00+00:00,75.5,75.5,75.4000015258789,75.4000015258789,8010,0.0,0.0
2025-06-05 01:55:00+00:00,75.5,75.5,75.5,75.5,1000,0.0,0.0
2025-06-05 02:00:00+00:00,75.5,75.5,75.4000015258789,75.4000015258789,19020,0.0,0.0
2025-06-05 02:05:00+00:00,75.5,75.5,75.4000015258789,75.4000015258789,23055,0.0,0.0
2025-06-05 02:10:00+00:00,75.30000305175781,75.30000305175781,75.19999694824219,75.19999694824219,14001,0.0,0.0
2025-06-05 02:15:00+00:00,75.0999984741211,75.30000305175781,75.0999984741211,75.30000305175781,20000,0.0,0.0
2025-06-05 02:20:00+00:00,75.30000305175781,75.30000305175781,75.19999694824219,75.30000305175781,7007,0.0,0.0
2025-06-05 02:25:00+00:00,75.19999694824219,75.19999694824219,75.0,75.0999984741211,16330,0.0,0.0
2025-06-05 02:30:00+00:00,75.0999984741211,75.19999694824219,75.0,75.19999694824219,7205,0.0,0.0
2025-06-05 02:35:00+00:00,75.19999694824219,75.19999694824219,75.0999984741211,75.19999694824219,8003,0.0,0.0
2025-06-05 02:40:00+00:00,75.19999694824219,75.19999694824219,75.19999694824219,75.19999694824219,3467,0.0,0.0
2025-06-05 02:45:00+00:00,75.19999694824219,75.19999694824219,75.0999984741211,75.0999984741211,9250,0.0,0.0
2025-06-05 02:50:00+00:00,75.0999984741211,75.19999694824219,75.0999984741211,75.0999984741211,9050,0.0,0.0
2025-06-05 02:55:00+00:00,75.19999694824219,75.19999694824219,75.19999694824219,75.19999694824219,3000,0.0,0.0
2025-06-05 03:00:00+00:00,75.0999984741211,75.0999984741211,75.0,75.0,18000,0.0,0.0
2025-06-05 03:05:00+00:00,75.0,75.0999984741211,75.0,75.0999984741211,7000,0.0,0.0
2025-06-05 03:10:00+00:00,75.0999984741211,75.4000015258789,75.0999984741211,75.30000305175781,32000,0.0,0.0
2025-06-05 03:15:00+00:00,75.30000305175781,75.30000305175781,75.30000305175781,75.30000305175781,3000,0.0,0.0
2025-06-05 03:20:00+00:00,75.19999694824219,75.19999694824219,75.19999694824219,75.19999694824219,0,0.0,0.0
2025-06-05 03:25:00+00:00,75.0999984741211,75.0999984741211,75.0999984741211,75.0999984741211,504994,0.0,0.0
2025-06-05 03:35:00+00:00,75.0999984741211,75.19999694824219,75.0999984741211,75.19999694824219,8000,0.0,0.0
2025-06-05 03:40:00+00:00,75.19999694824219,75.19999694824219,75.19999694824219,75.19999694824219,3100,0.0,0.0
2025-06-05 03:45:00+00:00,75.30000305175781,75.5,75.30000305175781,75.5,31000,0.0,0.0
2025-06-05 03:50:00+00:00,75.30000305175781,75.5,75.30000305175781,75.30000305175781,13092,0.0,0.0
2025-06-05 03:55:00+00:00,75.30000305175781,75.30000305175781,75.19999694824219,75.30000305175781,6079,0.0,0.0
2025-06-05 04:00:00+00:00,75.19999694824219,75.19999694824219,75.19999694824219,75.19999694824219,2000,0.0,0.0
2025-06-05 04:05:00+00:00,75.0999984741211,75.0999984741211,75.0999984741211,75.0999984741211,12039,0.0,0.0
2025-06-05 04:10:00+00:00,75.0999984741211,75.0999984741211,75.0999984741211,75.0999984741211,4000,0.0,0.0
2025-06-05 04:15:00+00:00,75.0999984741211,75.0999984741211,75.0,75.0999984741211,5242,0.0,0.0
2025-06-05 04:20:00+00:00,75.0999984741211,75.0999984741211,75.0999984741211,75.0999984741211,3147,0.0,0.0
2025-06-05 04:25:00+00:00,75.0999984741211,75.19999694824219,75.0999984741211,75.19999694824219,9145,0.0,0.0
2025-06-05 04:30:00+00:00,75.0999984741211,75.19999694824219,75.0999984741211,75.0999984741211,5100,0.0,0.0
2025-06-05 04:35:00+00:00,75.19999694824219,75.19999694824219,75.0999984741211,75.0999984741211,2000,0.0,0.0
2025-06-05 04:40:00+00:00,75.19999694824219,75.4000015258789,75.19999694824219,75.30000305175781,16068,0.0,0.0
2025-06-05 04:45:00+00:00,75.30000305175781,75.30000305175781,75.30000305175781,75.30000305175781,7000,0.0,0.0
2025-06-05 04:50:00+00:00,75.30000305175781,75.4000015258789,75.30000305175781,75.4000015258789,10100,0.0,0.0
2025-06-05 04:55:00+00:00,75.5,75.5,75.30000305175781,75.30000305175781,3164,0.0,0.0
2025-06-05 05:00:00+00:00,75.30000305175781,75.30000305175781,75.30000305175781,75.30000305175781,3000,0.0,0.0
2025-06-05 05:05:00+00:00,75.19999694824219,75.30000305175781,75.19999694824219,75.19999694824219,18100,0.0,0.0
2025-06-05 05:10:00+00:00,75.30000305175781,75.30000305175781,75.30000305175781,75.30000305175781,2221,0.0,0.0
2025-06-05 05:15:00+00:00,75.19999694824219,75.19999694824219,75.19999694824219,75.19999694824219,13000,0.0,0.0
2025-06-05 05:20:00+00:00,75.19999694824219,75.19999694824219,75.0999984741211,75.19999694824219,17681,0.0,0.0
2025-06-06 01:00:00+00:00,74.9000015258789,75.0,74.80000305175781,74.80000305175781,0,0.0,0.0
2025-06-06 01:05:00+00:00,74.80000305175781,75.0999984741211,74.80000305175781,75.0,8000,0.0,0.0
2025-06-06 01:10:00+00:00,75.19999694824219,75.19999694824219,75.19999694824219,75.19999694824219,2730,0.0,0.0
2025-06-06 01:15:00+00:00,75.19999694824219,75.5999984741211,75.19999694824219,75.5999984741211,31000,0.0,0.0
2025-06-06 01:20:00+00:00,75.5,75.5999984741211,75.30000305175781,75.30000305175781,25022,0.0,0.0
2025-06-06 01:25:00+00:00,75.30000305175781,75.30000305175781,75.30000305175781,75.30000305175781,4000,0.0,0.0
2025-06-06 01:30:00+00:00,75.30000305175781,75.30000305175781,75.30000305175781,75.30000305175781,16589,0.0,0.0
2025-06-06 01:35:00+00:00,75.30000305175781,75.30000305175781,75.19999694824219,75.30000305175781,32532,0.0,0.0
2025-06-06 01:40:00+00:00,75.4000015258789,75.69999694824219,75.4000015258789,75.5,39012,0.0,0.0
2025-06-06 01:45:00+00:00,75.5,75.69999694824219,75.5,75.69999694824219,44000,0.0,0.0
2025-06-06 01:50:00+00:00,75.69999694824219,75.69999694824219,75.5999984741211,75.5999984741211,7000,0.0,0.0
2025-06-06 01:55:00+00:00,75.5999984741211,75.80000305175781,75.5,75.80000305175781,22100,0.0,0.0
2025-06-06 02:00:00+00:00,75.80000305175781,75.80000305175781,75.5999984741211,75.5999984741211,10003,0.0,0.0
2025-06-06 02:05:00+00:00,75.5999984741211,75.5999984741211,75.5999984741211,75.5999984741211,7000,0.0,0.0
2025-06-06 02:10:00+00:00,75.5999984741211,75.69999694824219,75.5999984741211,75.69999694824219,4200,0.0,0.0
2025-06-06 02:15:00+00:00,75.69999694824219,76.5,75.69999694824219,76.19999694824219,194408,0.0,0.0
2025-06-06 02:20:00+00:00,76.19999694824219,76.4000015258789,76.19999694824219,76.30000305175781,54120,0.0,0.0
2025-06-06 02:25:00+00:00,76.4000015258789,76.4000015258789,76.19999694824219,76.19999694824219,24086,0.0,0.0
2025-06-06 02:30:00+00:00,76.19999694824219,76.19999694824219,76.0,76.0,17390,0.0,0.0
2025-06-06 02:35:00+00:00,76.0,76.0,76.0,76.0,3000,0.0,0.0
2025-06-06 02:40:00+00:00,76.0,76.0,75.9000015258789,75.9000015258789,8030,0.0,0.0
2025-06-06 02:45:00+00:00,75.9000015258789,76.0999984741211,75.5,76.0999984741211,51120,0.0,0.0
2025-06-06 02:50:00+00:00,76.0999984741211,76.0999984741211,76.0,76.0,3000,0.0,0.0
2025-06-06 03:00:00+00:00,76.0,76.0,76.0,76.0,4040,0.0,0.0
2025-06-06 03:05:00+00:00,75.9000015258789,76.0999984741211,75.80000305175781,76.0999984741211,13150,0.0,0.0
2025-06-06 03:10:00+00:00,76.0999984741211,76.0999984741211,76.0999984741211,76.0999984741211,18397,0.0,0.0
2025-06-06 03:15:00+00:00,76.0,76.0,76.0,76.0,2000,0.0,0.0
2025-06-06 03:20:00+00:00,76.0,76.0,76.0,76.0,2000,0.0,0.0
2025-06-06 03:25:00+00:00,76.0,76.0,75.9000015258789,75.9000015258789,14000,0.0,0.0
2025-06-06 03:30:00+00:00,75.9000015258789,75.9000015258789,75.9000015258789,75.9000015258789,4000,0.0,0.0
2025-06-06 03:35:00+00:00,75.69999694824219,75.69999694824219,75.69999694824219,75.69999694824219,12220,0.0,0.0
2025-06-06 03:40:00+00:00,75.5999984741211,75.5999984741211,75.5999984741211,75.5999984741211,9000,0.0,0.0
2025-06-06 03:45:00+00:00,75.5999984741211,75.5999984741211,75.5999984741211,75.5999984741211,2000,0.0,0.0
2025-06-06 03:50:00+00:00,75.5999984741211,75.69999694824219,75.5999984741211,75.69999694824219,5049,0.0,0.0
2025-06-06 03:55:00+00:00,75.69999694824219,75.80000305175781,75.69999694824219,75.80000305175781,4000,0.0,0.0
2025-06-06 04:00:00+00:00,75.80000305175781,75.80000305175781,75.80000305175781,75.80000305175781,4001,0.0,0.0
2025-06-06 04:05:00+00:00,75.80000305175781,75.80000305175781,75.80000305175781,75.80000305175781,7050,0.0,0.0
2025-06-06 04:10:00+00:00,75.80000305175781,75.80000305175781,75.80000305175781,75.80000305175781,2036,0.0,0.0
2025-06-06 04:15:00+00:00,75.69999694824219,75.69999694824219,75.5999984741211,75.5999984741211,7106,0.0,0.0
2025-06-06 04:20:00+00:00,75.5999984741211,75.80000305175781,75.5999984741211,75.80000305175781,5000,0.0,0.0
2025-06-06 04:30:00+00:00,75.69999694824219,75.69999694824219,75.5,75.5,19090,0.0,0.0
2025-06-06 04:35:00+00:00,75.5,75.5999984741211,75.5,75.5999984741211,3000,0.0,0.0
2025-06-06 04:40:00+00:00,75.5999984741211,75.5999984741211,75.5999984741211,75.5999984741211,1000,0.0,0.0
2025-06-06 04:45:00+00:00,75.69999694824219,75.80000305175781,75.69999694824219,75.80000305175781,19000,0.0,0.0
2025-06-06 04:50:00+00:00,75.69999694824219,75.69999694824219,75.69999694824219,75.69999694824219,1001,0.0,0.0
2025-06-06 04:55:00+00:00,75.80000305175781,75.80000305175781,75.80000305175781,75.80000305175781,19100,0.0,0.0
2025-06-06 05:00:00+00:00,75.9000015258789,75.9000015258789,75.80000305175781,75.80000305175781,4000,0.0,0.0
2025-06-06 05:05:00+00:00,76.0,76.0,75.9000015258789,76.0,35000,0.0,0.0
2025-06-06 05:10:00+00:00,76.0,76.0,75.9000015258789,75.9000015258789,12022,0.0,0.0
2025-06-06 05:15:00+00:00,75.9000015258789,75.9000015258789,75.69999694824219,75.9000015258789,38109,0.0,0.0
2025-06-06 05:20:00+00:00,75.80000305175781,75.9000015258789,75.69999694824219,75.69999694824219,14180,0.0,0.0
2025-06-09 01:00:00+00:00,74.0,74.0,72.19999694824219,72.5999984741211,0,0.0,0.0
2025-06-09 01:05:00+00:00,72.80000305175781,72.9000015258789,72.30000305175781,72.5,237000,0.0,0.0
2025-06-09 01:10:00+00:00,72.5,72.5999984741211,72.30000305175781,72.5,206185,0.0,0.0
2025-06-09 01:15:00+00:00,72.5,72.5,71.30000305175781,71.5,449690,0.0,0.0
2025-06-09 01:20:00+00:00,71.5,71.5999984741211,71.19999694824219,71.4000015258789,150277,0.0,0.0
2025-06-09 01:25:00+00:00,71.4000015258789,71.5,71.0,71.0999984741211,146870,0.0,0.0
2025-06-09 01:30:00+00:00,71.0999984741211,71.5,70.80000305175781,71.4000015258789,150981,0.0,0.0
2025-06-09 01:35:00+00:00,71.4000015258789,71.4000015258789,71.0999984741211,71.0999984741211,72855,0.0,0.0
2025-06-09 01:40:00+00:00,71.0999984741211,71.19999694824219,71.0,71.19999694824219,37064,0.0,0.0
2025-06-09 01:45:00+00:00,71.0999984741211,71.0999984741211,70.5,70.5999984741211,163982,0.0,0.0
2025-06-09 01:50:00+00:00,70.5,70.80000305175781,70.30000305175781,70.5999984741211,124066,0.0,0.0
2025-06-09 01:55:00+00:00,70.5999984741211,70.5999984741211,70.5999984741211,70.5999984741211,23677,0.0,0.0
2025-06-09 02:00:00+00:00,70.5999984741211,71.19999694824219,70.5999984741211,71.0999984741211,71000,0.0,0.0
2025-06-09 02:05:00+00:00,71.0,71.0,70.69999694824219,70.69999694824219,42092,0.0,0.0
2025-06-09 02:10:00+00:00,70.80000305175781,71.0,70.69999694824219,71.0,35210,0.0,0.0
2025-06-09 02:15:00+00:00,71.0,71.0,70.9000015258789,70.9000015258789,26615,0.0,0.0
2025-06-09 02:20:00+00:00,71.0,71.4000015258789,70.80000305175781,71.4000015258789,36000,0.0,0.0
2025-06-09 02:25:00+00:00,71.4000015258789,71.4000015258789,71.19999694824219,71.19999694824219,28005,0.0,0.0
2025-06-09 02:30:00+00:00,71.19999694824219,71.4000015258789,71.19999694824219,71.4000015258789,14662,0.0,0.0
2025-06-09 02:35:00+00:00,71.5,71.69999694824219,71.0999984741211,71.5,100100,0.0,0.0
2025-06-09 02:40:00+00:00,71.5999984741211,71.80000305175781,71.5999984741211,71.69999694824219,22430,0.0,0.0
2025-06-09 02:45:00+00:00,71.69999694824219,71.69999694824219,71.5999984741211,71.5999984741211,28018,0.0,0.0
2025-06-09 02:50:00+00:00,71.69999694824219,71.9000015258789,71.69999694824219,71.9000015258789,19528,0.0,0.0
2025-06-09 02:55:00+00:00,71.80000305175781,72.0,71.80000305175781,71.80000305175781,26400,0.0,0.0
2025-06-09 03:00:00+00:00,71.80000305175781,71.9000015258789,71.80000305175781,71.9000015258789,14200,0.0,0.0
2025-06-09 03:05:00+00:00,71.80000305175781,71.80000305175781,71.5999984741211,71.80000305175781,28109,0.0,0.0
2025-06-09 03:10:00+00:00,71.80000305175781,71.80000305175781,71.80000305175781,71.80000305175781,13000,0.0,0.0
2025-06-09 03:15:00+00:00,71.80000305175781,71.80000305175781,71.80000305175781,71.80000305175781,1000,0.0,0.0
2025-06-09 03:20:00+00:00,71.80000305175781,71.80000305175781,71.69999694824219,71.69999694824219,14150,0.0,0.0
2025-06-09 03:25:00+00:00,71.69999694824219,71.69999694824219,71.5,71.5999984741211,23536,0.0,0.0
2025-06-09 03:30:00+00:00,71.69999694824219,71.69999694824219,71.69999694824219,71.69999694824219,3000,0.0,0.0
2025-06-09 03:35:00+00:00,71.80000305175781,71.80000305175781,71.80000305175781,71.80000305175781,2212,0.0,0.0
2025-06-09 03:40:00+00:00,71.80000305175781,72.0,71.80000305175781,71.9000015258789,18137,0.0,0.0
2025-06-09 03:45:00+00:00,71.9000015258789,71.9000015258789,71.9000015258789,71.9000015258789,5000,0.0,0.0
2025-06-09 03:50:00+00:00,71.9000015258789,71.9000015258789,71.9000015258789,71.9000015258789,15000,0.0,0.0
2025-06-09 03:55:00+00:00,71.9000015258789,72.19999694824219,71.9000015258789,72.0999984741211,51000,0.0,0.0
2025-06-09 04:00:00+00:00,72.0999984741211,72.19999694824219,72.0999984741211,72.19999694824219,17010,0.0,0.0
2025-06-09 04:05:00+00:00,72.0999984741211,72.0999984741211,72.0999984741211,72.0999984741211,20000,0.0,0.0
2025-06-09 04:10:00+00:00,72.0999984741211,72.0999984741211,72.0999984741211,72.0999984741211,20500,0.0,0.0
2025-06-09 04:15:00+00:00,72.0999984741211,72.0999984741211,72.0999984741211,72.0999984741211,2000,0.0,0.0
2025-06-09 04:20:00+00:00,72.0999984741211,72.0999984741211,71.9000015258789,71.9000015258789,42008,0.0,0.0
2025-06-09 04:25:00+00:00,71.9000015258789,71.9000015258789,71.9000015258789,71.9000015258789,20200,0.0,0.0
2025-06-09 04:30:00+00:00,71.9000015258789,72.0,71.9000015258789,72.0,10050,0.0,0.0
2025-06-09 04:35:00+00:00,71.9000015258789,71.9000015258789,71.9000015258789,71.9000015258789,12050,0.0,0.0
2025-06-09 04:40:00+00:00,72.0,72.30000305175781,72.0,72.19999694824219,48019,0.0,0.0
2025-06-09 04:45:00+00:00,72.30000305175781,72.5999984741211,72.30000305175781,72.5,69431,0.0,0.0
2025-06-09 04:50:00+00:00,72.5,72.5999984741211,72.5,72.5,27090,0.0,0.0
2025-06-09 04:55:00+00:00,72.5,72.5,72.4000015258789,72.4000015258789,20272,0.0,0.0
2025-06-09 05:00:00+00:00,72.4000015258789,72.5,72.30000305175781,72.5,23236,0.0,0.0
2025-06-09 05:05:00+00:00,72.5,72.5,72.4000015258789,72.5,30229,0.0,0.0
2025-06-09 05:10:00+00:00,72.5,72.5999984741211,72.5,72.5,35050,0.0,0.0
2025-06-09 05:15:00+00:00,72.5,72.5,72.4000015258789,72.5,38179,0.0,0.0
2025-06-09 05:20:00+00:00,72.5,72.5999984741211,72.5,72.5,31080,0.0,0.0
2025-06-10 01:00:00+00:00,72.5,72.5999984741211,72.30000305175781,72.30000305175781,0,0.0,0.0
2025-06-10 01:05:00+00:00,72.5,72.5,72.4000015258789,72.4000015258789,15000,0.0,0.0
2025-06-10 01:10:00+00:00,72.5,72.5,72.5,72.5,51294,0.0,0.0
2025-06-10 01:15:00+00:00,72.5,72.5,72.4000015258789,72.4000015258789,13000,0.0,0.0
2025-06-10 01:20:00+00:00,72.4000015258789,72.5,72.4000015258789,72.5,36000,0.0,0.0
2025-06-10 01:25:00+00:00,72.5,73.0999984741211,72.5,73.0,47150,0.0,0.0
2025-06-10 01:30:00+00:00,73.0,73.30000305175781,72.80000305175781,72.80000305175781,72038,0.0,0.0
2025-06-10 01:35:00+00:00,72.69999694824219,72.69999694824219,72.5,72.5,25450,0.0,0.0
2025-06-10 01:40:00+00:00,72.5,72.69999694824219,72.5,72.69999694824219,16628,0.0,0.0
2025-06-10 01:45:00+00:00,72.69999694824219,72.69999694824219,72.5,72.69999694824219,15361,0.0,0.0
2025-06-10 01:50:00+00:00,72.5999984741211,72.5999984741211,72.5,72.5999984741211,11000,0.0,0.0
2025-06-10 01:55:00+00:00,72.5999984741211,72.5999984741211,72.5999984741211,72.5999984741211,7680,0.0,0.0
2025-06-10 02:00:00+00:00,72.5999984741211,72.5999984741211,72.4000015258789,72.5,19066,0.0,0.0
2025-06-10 02:05:00+00:00,72.5,72.5,72.5,72.5,7150,0.0,0.0
2025-06-10 02:10:00+00:00,72.5,72.69999694824219,72.5,72.69999694824219,26000,0.0,0.0
2025-06-10 02:15:00+00:00,72.69999694824219,72.69999694824219,72.5,72.5,26000,0.0,0.0
2025-06-10 02:20:00+00:00,72.69999694824219,72.80000305175781,72.5,72.5999984741211,23284,0.0,0.0
2025-06-10 02:30:00+00:00,72.5999984741211,72.69999694824219,72.5999984741211,72.69999694824219,3000,0.0,0.0
2025-06-10 02:35:00+00:00,72.69999694824219,72.69999694824219,72.69999694824219,72.69999694824219,8017,0.0,0.0
2025-06-10 02:40:00+00:00,72.69999694824219,72.80000305175781,72.5999984741211,72.69999694824219,31100,0.0,0.0
2025-06-10 02:45:00+00:00,72.69999694824219,72.80000305175781,72.69999694824219,72.80000305175781,8000,0.0,0.0
2025-06-10 02:50:00+00:00,72.69999694824219,72.80000305175781,72.69999694824219,72.80000305175781,4041,0.0,0.0
2025-06-10 02:55:00+00:00,72.80000305175781,72.80000305175781,72.80000305175781,72.80000305175781,3000,0.0,0.0
2025-06-10 03:00:00+00:00,72.69999694824219,72.69999694824219,72.69999694824219,72.69999694824219,5000,0.0,0.0
2025-06-10 03:05:00+00:00,72.69999694824219,72.69999694824219,72.69999694824219,72.69999694824219,1064,0.0,0.0
2025-06-10 03:10:00+00:00,72.5999984741211,72.5999984741211,72.5999984741211,72.5999984741211,16170,0.0,0.0
2025-06-10 03:15:00+00:00,72.5999984741211,72.5999984741211,72.5,72.5999984741211,6000,0.0,0.0
2025-06-10 03:20:00+00:00,72.69999694824219,72.69999694824219,72.69999694824219,72.69999694824219,0,0.0,0.0
2025-06-10 03:25:00+00:00,72.69999694824219,72.69999694824219,72.69999694824219,72.69999694824219,540711,0.0,0.0
2025-06-10 03:30:00+00:00,72.69999694824219,72.69999694824219,72.5,72.69999694824219,57005,0.0,0.0
2025-06-10 03:35:00+00:00,72.69999694824219,72.69999694824219,72.69999694824219,72.69999694824219,5000,0.0,0.0
2025-06-10 03:40:00+00:00,72.69999694824219,72.69999694824219,72.69999694824219,72.69999694824219,1000,0.0,0.0
2025-06-10 03:45:00+00:00,72.69999694824219,72.69999694824219,72.69999694824219,72.69999694824219,18000,0.0,0.0
2025-06-10 03:50:00+00:00,72.69999694824219,72.69999694824219,72.69999694824219,72.69999694824219,4134,0.0,0.0
2025-06-10 03:55:00+00:00,72.69999694824219,72.69999694824219,72.69999694824219,72.69999694824219,4000,0.0,0.0
2025-06-10 04:00:00+00:00,72.69999694824219,72.69999694824219,72.69999694824219,72.69999694824219,3300,0.0,0.0
2025-06-10 04:05:00+00:00,72.69999694824219,72.69999694824219,72.69999694824219,72.69999694824219,7000,0.0,0.0
2025-06-10 04:10:00+00:00,72.80000305175781,72.80000305175781,72.80000305175781,72.80000305175781,6101,0.0,0.0
2025-06-10 04:15:00+00:00,72.80000305175781,72.80000305175781,72.69999694824219,72.69999694824219,3000,0.0,0.0
2025-06-10 04:20:00+00:00,72.69999694824219,72.69999694824219,72.69999694824219,72.69999694824219,3662,0.0,0.0
2025-06-10 04:30:00+00:00,72.69999694824219,72.69999694824219,72.69999694824219,72.69999694824219,8127,0.0,0.0
2025-06-10 04:35:00+00:00,72.69999694824219,72.69999694824219,72.69999694824219,72.69999694824219,5000,0.0,0.0
2025-06-10 04:40:00+00:00,72.5999984741211,72.69999694824219,72.5999984741211,72.69999694824219,10150,0.0,0.0
2025-06-10 04:50:00+00:00,72.80000305175781,72.80000305175781,72.69999694824219,72.80000305175781,22000,0.0,0.0
2025-06-10 04:55:00+00:00,72.80000305175781,73.0999984741211,72.80000305175781,73.0999984741211,43073,0.0,0.0
2025-06-10 05:00:00+00:00,73.0,73.19999694824219,73.0,73.19999694824219,16250,0.0,0.0
2025-06-10 05:05:00+00:00,73.0999984741211,73.0999984741211,73.0999984741211,73.0999984741211,5400,0.0,0.0
2025-06-10 05:10:00+00:00,73.0,73.0,72.9000015258789,73.0,13000,0.0,0.0
2025-06-10 05:15:00+00:00,73.0,73.0,72.9000015258789,72.9000015258789,13003,0.0,0.0
2025-06-10 05:20:00+00:00,72.80000305175781,72.9000015258789,72.69999694824219,72.9000015258789,44571,0.0,0.0
2025-06-11 01:00:00+00:00,73.30000305175781,73.30000305175781,73.30000305175781,73.30000305175781,0,0.0,0.0
2025-06-11 01:05:00+00:00,73.0,73.0,72.9000015258789,73.0,32000,0.0,0.0
2025-06-11 01:10:00+00:00,73.0,73.0,72.80000305175781,72.80000305175781,7005,0.0,0.0
2025-06-11 01:15:00+00:00,73.0,73.0,72.9000015258789,72.9000015258789,17570,0.0,0.0
2025-06-11 01:25:00+00:00,73.0999984741211,73.0999984741211,73.0,73.0,16793,0.0,0.0
2025-06-11 01:30:00+00:00,73.0,73.0,72.9000015258789,72.9000015258789,10039,0.0,0.0
2025-06-11 01:35:00+00:00,73.0,73.0,72.9000015258789,72.9000015258789,18000,0.0,0.0
2025-06-11 01:40:00+00:00,72.9000015258789,73.0,72.9000015258789,73.0,27100,0.0,0.0
2025-06-11 01:45:00+00:00,73.0999984741211,73.0999984741211,73.0,73.0,13100,0.0,0.0
2025-06-11 01:50:00+00:00,73.0,73.0999984741211,73.0,73.0999984741211,9000,0.0,0.0
2025-06-11 01:55:00+00:00,73.0999984741211,73.0999984741211,73.0999984741211,73.0999984741211,2722,0.0,0.0
2025-06-11 02:00:00+00:00,73.0999984741211,73.30000305175781,73.0999984741211,73.30000305175781,16300,0.0,0.0
2025-06-11 02:05:00+00:00,73.19999694824219,73.19999694824219,73.0999984741211,73.0999984741211,3200,0.0,0.0
2025-06-11 02:10:00+00:00,73.30000305175781,73.30000305175781,73.0999984741211,73.0999984741211,32000,0.0,0.0
2025-06-11 02:15:00+00:00,73.19999694824219,73.5,73.19999694824219,73.5,22766,0.0,0.0
2025-06-11 02:20:00+00:00,73.5,73.5,73.4000015258789,73.4000015258789,20000,0.0,0.0
2025-06-11 02:25:00+00:00,73.4000015258789,73.9000015258789,73.30000305175781,73.69999694824219,66272,0.0,0.0
2025-06-11 02:30:00+00:00,73.69999694824219,73.80000305175781,73.69999694824219,73.80000305175781,18014,0.0,0.0
2025-06-11 02:35:00+00:00,73.80000305175781,74.19999694824219,73.80000305175781,74.0999984741211,75738,0.0,0.0
2025-06-11 02:40:00+00:00,74.0999984741211,74.0999984741211,74.0,74.0999984741211,13058,0.0,0.0
2025-06-11 02:45:00+00:00,74.0999984741211,74.4000015258789,74.0999984741211,74.19999694824219,35108,0.0,0.0
2025-06-11 02:50:00+00:00,74.30000305175781,74.30000305175781,74.19999694824219,74.19999694824219,10150,0.0,0.0
2025-06-11 02:55:00+00:00,74.19999694824219,74.19999694824219,74.0,74.0,17000,0.0,0.0
2025-06-11 03:00:00+00:00,74.0,74.5,74.0,74.5,152845,0.0,0.0
2025-06-11 03:05:00+00:00,74.4000015258789,74.5999984741211,74.4000015258789,74.5999984741211,28230,0.0,0.0
2025-06-11 03:10:00+00:00,74.5,74.5,74.4000015258789,74.5,17008,0.0,0.0
2025-06-11 03:15:00+00:00,74.5,74.5,74.4000015258789,74.5,32000,0.0,0.0
2025-06-11 03:20:00+00:00,74.4000015258789,74.5,74.4000015258789,74.5,3110,0.0,0.0
2025-06-11 03:25:00+00:00,74.5,74.5,74.4000015258789,74.4000015258789,27189,0.0,0.0
2025-06-11 03:30:00+00:00,74.4000015258789,74.5,74.4000015258789,74.5,4125,0.0,0.0
2025-06-11 03:35:00+00:00,74.5,74.5,74.4000015258789,74.4000015258789,4200,0.0,0.0
2025-06-11 03:40:00+00:00,74.4000015258789,74.4000015258789,74.4000015258789,74.4000015258789,5000,0.0,0.0
2025-06-11 03:45:00+00:00,74.30000305175781,74.4000015258789,74.30000305175781,74.4000015258789,13000,0.0,0.0
2025-06-11 03:50:00+00:00,74.4000015258789,74.5,74.4000015258789,74.5,27058,0.0,0.0
2025-06-11 03:55:00+00:00,74.4000015258789,74.4000015258789,74.4000015258789,74.4000015258789,5152,0.0,0.0
2025-06-11 04:00:00+00:00,74.4000015258789,74.5,74.4000015258789,74.5,6000,0.0,0.0
2025-06-11 04:05:00+00:00,74.5,74.5,74.5,74.5,1000,0.0,0.0
2025-06-11 04:10:00+00:00,74.30000305175781,74.30000305175781,74.30000305175781,74.30000305175781,1100,0.0,0.0
2025-06-11 04:15:00+00:00,74.30000305175781,74.4000015258789,74.30000305175781,74.4000015258789,5000,0.0,0.0
2025-06-11 04:20:00+00:00,74.4000015258789,74.4000015258789,74.4000015258789,74.4000015258789,1020,0.0,0.0
2025-06-11 04:25:00+00:00,74.30000305175781,74.30000305175781,74.19999694824219,74.19999694824219,6031,0.0,0.0
2025-06-11 04:30:00+00:00,74.19999694824219,74.19999694824219,74.19999694824219,74.19999694824219,6349,0.0,0.0
2025-06-11 04:35:00+00:00,74.0999984741211,74.19999694824219,74.0999984741211,74.0999984741211,8100,0.0,0.0
2025-06-11 04:40:00+00:00,74.0999984741211,74.0999984741211,74.0,74.0,10110,0.0,0.0
2025-06-12 01:00:00+00:00,74.0,74.0999984741211,73.69999694824219,73.69999694824219,30000,0.0,0.0
2025-06-12 01:05:00+00:00,73.80000305175781,73.80000305175781,73.5,73.5999984741211,23000,0.0,0.0
2025-06-12 01:10:00+00:00,73.9000015258789,74.19999694824219,73.9000015258789,74.19999694824219,11000,0.0,0.0
2025-06-12 01:15:00+00:00,74.0999984741211,74.0999984741211,74.0,74.0,6000,0.0,0.0
2025-06-12 01:20:00+00:00,74.0,74.0,74.0,74.0,7250,0.0,0.0
2025-06-12 01:25:00+00:00,74.0,74.30000305175781,74.0,74.30000305175781,24000,0.0,0.0
2025-06-12 01:30:00+00:00,74.30000305175781,74.5999984741211,74.30000305175781,74.5999984741211,25300,0.0,0.0
2025-06-12 01:35:00+00:00,74.5999984741211,74.80000305175781,74.5999984741211,74.80000305175781,18000,0.0,0.0
2025-06-12 01:40:00+00:00,74.80000305175781,76.4000015258789,74.80000305175781,76.19999694824219,196246,0.0,0.0
2025-06-12 01:45:00+00:00,76.19999694824219,76.19999694824219,75.80000305175781,75.9000015258789,99400,0.0,0.0
2025-06-12 01:50:00+00:00,75.9000015258789,76.0,75.9000015258789,76.0,95818,0.0,0.0
2025-06-12 01:55:00+00:00,76.0,77.5,76.0,76.69999694824219,447987,0.0,0.0
2025-06-12 02:00:00+00:00,76.69999694824219,76.69999694824219,76.30000305175781,76.4000015258789,62828,0.0,0.0
2025-06-12 02:05:00+00:00,76.4000015258789,76.5,75.80000305175781,76.0999984741211,65511,0.0,0.0
2025-06-12 02:10:00+00:00,76.0999984741211,76.30000305175781,76.0999984741211,76.19999694824219,22001,0.0,0.0
2025-06-12 02:15:00+00:00,76.19999694824219,76.19999694824219,76.0999984741211,76.19999694824219,9032,0.0,0.0
2025-06-12 02:20:00+00:00,76.19999694824219,76.19999694824219,75.9000015258789,76.0,44152,0.0,0.0
2025-06-12 02:25:00+00:00,76.0,76.5,76.0,76.30000305175781,57933,0.0,0.0
2025-06-12 02:30:00+00:00,76.19999694824219,76.19999694824219,76.0,76.0,43600,0.0,0.0
2025-06-12 02:35:00+00:00,76.0,76.0,76.0,76.0,3000,0.0,0.0
2025-06-12 02:40:00+00:00,76.0,76.19999694824219,76.0,76.19999694824219,6000,0.0,0.0
2025-06-12 02:45:00+00:00,76.19999694824219,76.19999694824219,76.0,76.0999984741211,17300,0.0,0.0
2025-06-12 02:50:00+00:00,76.0999984741211,76.30000305175781,76.0999984741211,76.30000305175781,9160,0.0,0.0
2025-06-12 02:55:00+00:00,76.4000015258789,76.4000015258789,76.0999984741211,76.30000305175781,22011,0.0,0.0
2025-06-12 03:00:00+00:00,76.30000305175781,76.5,76.19999694824219,76.5,30174,0.0,0.0
2025-06-12 03:05:00+00:00,76.5,76.5,76.5,76.5,9252,0.0,0.0
2025-06-12 03:10:00+00:00,76.4000015258789,76.4000015258789,76.4000015258789,76.4000015258789,13020,0.0,0.0
2025-06-12 03:15:00+00:00,76.4000015258789,76.4000015258789,76.30000305175781,76.30000305175781,8000,0.0,0.0
2025-06-12 03:25:00+00:00,76.30000305175781,76.4000015258789,76.30000305175781,76.4000015258789,4156,0.0,0.0
2025-06-12 03:30:00+00:00,76.30000305175781,76.5,76.30000305175781,76.30000305175781,0,0.0,0.0
2025-06-12 03:35:00+00:00,76.4000015258789,76.5999984741211,76.4000015258789,76.5999984741211,1461259,0.0,0.0
2025-06-12 03:40:00+00:00,76.5999984741211,76.69999694824219,76.5999984741211,76.69999694824219,27403,0.0,0.0
2025-06-12 03:45:00+00:00,76.69999694824219,77.4000015258789,76.69999694824219,77.30000305175781,218786,0.0,0.0
2025-06-12 03:50:00+00:00,77.19999694824219,77.80000305175781,77.0999984741211,77.69999694824219,187184,0.0,0.0
2025-06-12 03:55:00+00:00,77.69999694824219,77.69999694824219,77.30000305175781,77.4000015258789,92179,0.0,0.0
2025-06-12 04:00:00+00:00,77.4000015258789,77.5,77.30000305175781,77.30000305175781,48054,0.0,0.0
2025-06-12 04:05:00+00:00,77.30000305175781,77.4000015258789,77.0999984741211,77.0999984741211,72358,0.0,0.0
2025-06-12 04:10:00+00:00,77.0999984741211,77.19999694824219,77.0999984741211,77.0999984741211,16260,0.0,0.0
2025-06-12 04:15:00+00:00,77.19999694824219,77.4000015258789,77.0999984741211,77.4000015258789,42699,0.0,0.0
2025-06-12 04:20:00+00:00,77.4000015258789,77.5,77.0999984741211,77.0999984741211,16202,0.0,0.0
2025-06-12 04:25:00+00:00,77.0999984741211,77.0999984741211,77.0999984741211,77.0999984741211,13051,0.0,0.0
2025-06-12 04:30:00+00:00,77.0999984741211,77.0999984741211,77.0,77.0,52552,0.0,0.0
2025-06-12 04:35:00+00:00,77.0,77.0,76.9000015258789,77.0,32108,0.0,0.0
2025-06-12 04:40:00+00:00,77.0,77.0,76.9000015258789,77.0,41030,0.0,0.0
2025-06-12 04:45:00+00:00,76.9000015258789,76.9000015258789,76.80000305175781,76.80000305175781,6350,0.0,0.0
2025-06-12 04:50:00+00:00,76.80000305175781,77.0,76.80000305175781,76.80000305175781,16800,0.0,0.0
2025-06-12 04:55:00+00:00,76.80000305175781,76.80000305175781,76.80000305175781,76.80000305175781,14022,0.0,0.0
2025-06-12 05:00:00+00:00,76.80000305175781,76.9000015258789,76.80000305175781,76.80000305175781,13412,0.0,0.0
2025-06-12 05:05:00+00:00,76.69999694824219,76.80000305175781,76.69999694824219,76.80000305175781,22125,0.0,0.0
2025-06-12 05:10:00+00:00,76.69999694824219,77.0,76.69999694824219,77.0,24090,0.0,0.0
2025-06-12 05:15:00+00:00,77.0,77.0,76.9000015258789,77.0,31024,0.0,0.0
2025-06-12 05:20:00+00:00,77.0,77.0999984741211,76.9000015258789,77.0,79409,0.0,0.0
2025-06-13 01:00:00+00:00,76.19999694824219,76.19999694824219,75.19999694824219,76.0,124000,0.0,0.0
2025-06-13 01:05:00+00:00,76.0999984741211,76.19999694824219,76.0,76.0,40319,0.0,0.0
2025-06-13 01:10:00+00:00,76.0,76.19999694824219,75.9000015258789,76.0,37325,0.0,0.0
2025-06-13 01:15:00+00:00,76.0,76.0,75.5,75.5999984741211,39010,0.0,0.0
2025-06-13 01:20:00+00:00,75.5999984741211,75.80000305175781,75.5999984741211,75.69999694824219,28775,0.0,0.0
2025-06-13 01:25:00+00:00,75.5999984741211,75.5999984741211,75.30000305175781,75.5,49131,0.0,0.0
2025-06-13 01:30:00+00:00,75.5,75.5999984741211,75.5,75.5999984741211,4001,0.0,0.0
2025-06-13 01:35:00+00:00,75.69999694824219,75.9000015258789,75.69999694824219,75.9000015258789,22080,0.0,0.0
2025-06-13 01:40:00+00:00,75.9000015258789,75.9000015258789,75.69999694824219,75.69999694824219,13060,0.0,0.0
2025-06-13 01:45:00+00:00,75.69999694824219,75.69999694824219,75.69999694824219,75.69999694824219,6000,0.0,0.0
2025-06-13 01:50:00+00:00,75.69999694824219,75.69999694824219,75.5999984741211,75.5999984741211,7050,0.0,0.0
2025-06-13 01:55:00+00:00,75.80000305175781,75.80000305175781,75.80000305175781,75.80000305175781,2200,0.0,0.0
2025-06-13 02:00:00+00:00,75.9000015258789,76.0,75.9000015258789,76.0,18222,0.0,0.0
2025-06-13 02:05:00+00:00,76.0,76.0,75.80000305175781,75.80000305175781,20000,0.0,0.0
2025-06-13 02:10:00+00:00,75.80000305175781,75.9000015258789,75.69999694824219,75.69999694824219,40361,0.0,0.0
2025-06-13 02:15:00+00:00,75.80000305175781,76.0,75.80000305175781,76.0,14000,0.0,0.0
2025-06-13 02:20:00+00:00,76.0,76.0,75.5,75.5,61329,0.0,0.0
2025-06-13 02:25:00+00:00,75.5,75.5999984741211,75.5,75.5999984741211,8090,0.0,0.0
2025-06-13 02:30:00+00:00,75.5999984741211,75.5999984741211,75.30000305175781,75.30000305175781,58724,0.0,0.0
2025-06-13 02:35:00+00:00,75.30000305175781,75.30000305175781,75.0999984741211,75.0999984741211,59688,0.0,0.0
2025-06-13 02:40:00+00:00,75.0999984741211,76.0,75.0999984741211,76.0,82170,0.0,0.0
2025-06-13 02:45:00+00:00,75.5,75.5,75.19999694824219,75.19999694824219,11000,0.0,0.0
2025-06-13 02:50:00+00:00,75.30000305175781,75.4000015258789,75.30000305175781,75.4000015258789,6000,0.0,0.0
2025-06-13 02:55:00+00:00,75.19999694824219,75.19999694824219,75.0999984741211,75.0999984741211,9055,0.0,0.0
2025-06-13 03:00:00+00:00,75.19999694824219,75.19999694824219,75.0999984741211,75.0999984741211,15177,0.0,0.0
2025-06-13 03:05:00+00:00,75.0999984741211,75.19999694824219,75.0,75.0,82878,0.0,0.0
2025-06-13 03:10:00+00:00,75.0,75.0,74.9000015258789,74.9000015258789,13000,0.0,0.0
2025-06-13 03:15:00+00:00,74.9000015258789,75.0,74.9000015258789,75.0,17073,0.0,0.0
2025-06-13 03:20:00+00:00,75.0,75.0,75.0,75.0,8000,0.0,0.0
2025-06-13 03:25:00+00:00,75.0,75.0999984741211,75.0,75.0999984741211,20014,0.0,0.0
2025-06-13 03:30:00+00:00,75.0,75.0999984741211,75.0,75.0999984741211,26014,0.0,0.0
2025-06-13 03:35:00+00:00,75.0999984741211,75.0999984741211,75.0999984741211,75.0999984741211,1000,0.0,0.0
2025-06-13 03:40:00+00:00,75.0999984741211,75.0999984741211,75.0,75.0,21050,0.0,0.0
2025-06-13 03:45:00+00:00,75.0,75.19999694824219,75.0,75.19999694824219,24000,0.0,0.0
2025-06-13 03:50:00+00:00,75.19999694824219,75.19999694824219,75.19999694824219,75.19999694824219,3000,0.0,0.0
2025-06-13 03:55:00+00:00,75.19999694824219,75.19999694824219,75.19999694824219,75.19999694824219,2083,0.0,0.0
2025-06-13 04:00:00+00:00,75.0999984741211,75.0999984741211,75.0999984741211,75.0999984741211,8234,0.0,0.0
2025-06-13 04:05:00+00:00,75.0,75.0,75.0,75.0,1000,0.0,0.0
2025-06-13 04:10:00+00:00,75.0,75.0,74.9000015258789,74.9000015258789,32378,0.0,0.0
2025-06-13 04:15:00+00:00,74.9000015258789,75.0,74.9000015258789,74.9000015258789,13000,0.0,0.0
2025-06-13 04:20:00+00:00,74.9000015258789,74.9000015258789,74.9000015258789,74.9000015258789,10000,0.0,0.0
2025-06-13 04:25:00+00:00,74.9000015258789,75.0999984741211,74.9000015258789,74.9000015258789,22200,0.0,0.0
2025-06-13 04:35:00+00:00,74.9000015258789,74.9000015258789,74.9000015258789,74.9000015258789,9000,0.0,0.0
2025-06-13 04:40:00+00:00,74.9000015258789,75.0,74.9000015258789,75.0,16000,0.0,0.0
2025-06-13 04:45:00+00:00,75.0,75.0,75.0,75.0,17071,0.0,0.0
2025-06-13 04:50:00+00:00,75.0,75.0999984741211,75.0,75.0999984741211,7024,0.0,0.0
2025-06-13 04:55:00+00:00,75.0999984741211,75.30000305175781,75.0999984741211,75.30000305175781,5200,0.0,0.0
2025-06-13 05:00:00+00:00,75.19999694824219,75.19999694824219,75.19999694824219,75.19999694824219,4178,0.0,0.0
2025-06-13 05:05:00+00:00,75.19999694824219,75.19999694824219,75.0,75.0,14076,0.0,0.0
2025-06-13 05:10:00+00:00,74.9000015258789,75.0,74.9000015258789,75.0,3156,0.0,0.0
2025-06-13 05:15:00+00:00,75.0,75.0,74.80000305175781,74.80000305175781,56274,0.0,0.0
2025-06-13 05:20:00+00:00,74.80000305175781,75.0,74.80000305175781,74.80000305175781,24675,0.0,0.0
2025-06-16 01:00:00+00:00,74.80000305175781,74.80000305175781,73.30000305175781,73.9000015258789,0,0.0,0.0
2025-06-16 01:05:00+00:00,73.9000015258789,73.9000015258789,73.5,73.5,55000,0.0,0.0
2025-06-16 01:10:00+00:00,73.5,73.9000015258789,73.4000015258789,73.69999694824219,31680,0.0,0.0
2025-06-16 01:15:00+00:00,73.69999694824219,73.80000305175781,73.5,73.5,41976,0.0,0.0
2025-06-16 01:20:00+00:00,73.5,73.5999984741211,73.0999984741211,73.19999694824219,105872,0.0,0.0
2025-06-16 01:25:00+00:00,73.0999984741211,73.0999984741211,72.9000015258789,73.0,66319,0.0,0.0
2025-06-16 01:30:00+00:00,73.0,73.19999694824219,73.0,73.0999984741211,29099,0.0,0.0
2025-06-16 01:35:00+00:00,73.19999694824219,73.30000305175781,73.0,73.0,35802,0.0,0.0
2025-06-16 01:40:00+00:00,73.0,73.0,72.9000015258789,73.0,17356,0.0,0.0
2025-06-16 01:45:00+00:00,73.0999984741211,73.19999694824219,73.0999984741211,73.0999984741211,17200,0.0,0.0
2025-06-16 01:50:00+00:00,73.0999984741211,73.5,73.0999984741211,73.30000305175781,20138,0.0,0.0
2025-06-16 01:55:00+00:00,73.30000305175781,73.30000305175781,73.30000305175781,73.30000305175781,2310,0.0,0.0
2025-06-16 02:00:00+00:00,73.19999694824219,73.19999694824219,72.9000015258789,72.9000015258789,64136,0.0,0.0
2025-06-16 02:05:00+00:00,73.0,73.0,72.9000015258789,73.0,23088,0.0,0.0
2025-06-16 02:10:00+00:00,73.0,73.0,73.0,73.0,8273,0.0,0.0
2025-06-16 02:15:00+00:00,73.0,73.0,72.9000015258789,73.0,12020,0.0,0.0
2025-06-16 02:20:00+00:00,73.0,73.0,72.69999694824219,72.80000305175781,74970,0.0,0.0
2025-06-16 02:25:00+00:00,72.80000305175781,72.80000305175781,72.69999694824219,72.69999694824219,18000,0.0,0.0
2025-06-16 02:30:00+00:00,72.80000305175781,72.80000305175781,72.69999694824219,72.80000305175781,15000,0.0,0.0
2025-06-16 02:35:00+00:00,72.80000305175781,72.80000305175781,72.80000305175781,72.80000305175781,5000,0.0,0.0
2025-06-16 02:40:00+00:00,72.80000305175781,72.80000305175781,72.80000305175781,72.80000305175781,7030,0.0,0.0
2025-06-16 02:45:00+00:00,72.80000305175781,72.9000015258789,72.80000305175781,72.80000305175781,14193,0.0,0.0
2025-06-16 02:50:00+00:00,72.69999694824219,72.69999694824219,72.5999984741211,72.69999694824219,60002,0.0,0.0
2025-06-16 02:55:00+00:00,72.69999694824219,72.69999694824219,72.69999694824219,72.69999694824219,2000,0.0,0.0
2025-06-16 03:00:00+00:00,72.80000305175781,72.9000015258789,72.80000305175781,72.9000015258789,6230,0.0,0.0
2025-06-16 03:05:00+00:00,73.0,73.0999984741211,73.0,73.0999984741211,9020,0.0,0.0
2025-06-16 03:10:00+00:00,73.0999984741211,73.0999984741211,73.0,73.0,5134,0.0,0.0
2025-06-16 03:20:00+00:00,73.0,73.19999694824219,73.0,73.19999694824219,8130,0.0,0.0
2025-06-16 03:25:00+00:00,73.0999984741211,73.0999984741211,73.0999984741211,73.0999984741211,3186,0.0,0.0
2025-06-16 03:35:00+00:00,73.19999694824219,73.4000015258789,73.19999694824219,73.30000305175781,12000,0.0,0.0
2025-06-16 03:40:00+00:00,73.30000305175781,73.5,73.30000305175781,73.5,18000,0.0,0.0
2025-06-16 03:45:00+00:00,73.5,73.5,73.5,73.5,2005,0.0,0.0
2025-06-16 03:50:00+00:00,73.5,73.5,73.30000305175781,73.30000305175781,9000,0.0,0.0
2025-06-16 03:55:00+00:00,73.30000305175781,73.30000305175781,73.30000305175781,73.30000305175781,1005,0.0,0.0
2025-06-16 04:00:00+00:00,73.30000305175781,73.30000305175781,73.30000305175781,73.30000305175781,5025,0.0,0.0
2025-06-16 04:05:00+00:00,73.30000305175781,73.69999694824219,73.30000305175781,73.69999694824219,17070,0.0,0.0
2025-06-16 04:10:00+00:00,73.69999694824219,73.69999694824219,73.69999694824219,73.69999694824219,5100,0.0,0.0
2025-06-16 04:15:00+00:00,73.5999984741211,73.69999694824219,73.5999984741211,73.69999694824219,5000,0.0,0.0
2025-06-16 04:20:00+00:00,73.80000305175781,73.80000305175781,73.80000305175781,73.80000305175781,7000,0.0,0.0
2025-06-16 04:25:00+00:00,73.80000305175781,73.80000305175781,73.5,73.5,24145,0.0,0.0
2025-06-16 04:30:00+00:00,73.5,73.5999984741211,73.5,73.5999984741211,2085,0.0,0.0
2025-06-16 04:35:00+00:00,73.5999984741211,73.5999984741211,73.5999984741211,73.5999984741211,2051,0.0,0.0
2025-06-16 04:40:00+00:00,73.5,73.5,73.5,73.5,10000,0.0,0.0
2025-06-16 04:45:00+00:00,73.5,73.5,73.4000015258789,73.4000015258789,5017,0.0,0.0
2025-06-16 04:50:00+00:00,73.4000015258789,73.5999984741211,73.4000015258789,73.5999984741211,18012,0.0,0.0
2025-06-16 04:55:00+00:00,73.69999694824219,74.19999694824219,73.5999984741211,73.80000305175781,64315,0.0,0.0
2025-06-16 05:00:00+00:00,73.80000305175781,73.9000015258789,73.80000305175781,73.9000015258789,7042,0.0,0.0
2025-06-16 05:05:00+00:00,73.9000015258789,73.9000015258789,73.69999694824219,73.69999694824219,7017,0.0,0.0
2025-06-16 05:10:00+00:00,73.80000305175781,73.9000015258789,73.80000305175781,73.9000015258789,5020,0.0,0.0
2025-06-16 05:15:00+00:00,73.9000015258789,73.9000015258789,73.80000305175781,73.80000305175781,11105,0.0,0.0
2025-06-16 05:20:00+00:00,73.80000305175781,74.30000305175781,73.80000305175781,74.0999984741211,39258,0.0,0.0
2025-06-17 01:00:00+00:00,74.0999984741211,74.5,74.0999984741211,74.30000305175781,0,0.0,0.0
2025-06-17 01:05:00+00:00,74.19999694824219,74.5999984741211,74.19999694824219,74.5,36122,0.0,0.0
2025-06-17 01:10:00+00:00,74.5999984741211,74.5999984741211,74.4000015258789,74.5999984741211,10060,0.0,0.0
2025-06-17 01:15:00+00:00,74.5,74.5,74.30000305175781,74.30000305175781,16111,0.0,0.0
2025-06-17 01:20:00+00:00,74.5,74.5999984741211,74.5,74.5,30300,0.0,0.0
2025-06-17 01:25:00+00:00,74.5,74.5,74.5,74.5,2000,0.0,0.0
2025-06-17 01:30:00+00:00,74.4000015258789,74.4000015258789,74.4000015258789,74.4000015258789,6111,0.0,0.0
2025-06-17 01:35:00+00:00,74.4000015258789,74.4000015258789,74.4000015258789,74.4000015258789,3000,0.0,0.0
2025-06-17 01:40:00+00:00,74.4000015258789,74.4000015258789,74.4000015258789,74.4000015258789,11000,0.0,0.0
2025-06-17 01:45:00+00:00,74.4000015258789,74.5,74.4000015258789,74.4000015258789,7090,0.0,0.0
2025-06-17 01:50:00+00:00,74.30000305175781,74.30000305175781,74.30000305175781,74.30000305175781,2000,0.0,0.0
2025-06-17 01:55:00+00:00,74.30000305175781,74.30000305175781,74.0999984741211,74.19999694824219,20032,0.0,0.0
2025-06-17 02:00:00+00:00,74.0999984741211,74.0999984741211,74.0,74.0,14123,0.0,0.0
2025-06-17 02:05:00+00:00,74.0999984741211,74.0999984741211,74.0,74.0,3074,0.0,0.0
2025-06-17 02:10:00+00:00,74.0,74.0,73.80000305175781,73.80000305175781,15411,0.0,0.0
2025-06-17 02:15:00+00:00,73.80000305175781,73.80000305175781,73.80000305175781,73.80000305175781,4137,0.0,0.0
2025-06-17 02:20:00+00:00,73.69999694824219,73.69999694824219,73.5999984741211,73.5999984741211,17000,0.0,0.0
2025-06-17 02:25:00+00:00,73.5999984741211,73.69999694824219,73.5999984741211,73.69999694824219,6011,0.0,0.0
2025-06-17 02:30:00+00:00,73.69999694824219,73.69999694824219,73.69999694824219,73.69999694824219,2016,0.0,0.0
2025-06-17 02:35:00+00:00,73.69999694824219,73.69999694824219,73.69999694824219,73.69999694824219,2000,0.0,0.0
2025-06-17 02:40:00+00:00,73.69999694824219,73.69999694824219,73.5999984741211,73.69999694824219,5245,0.0,0.0
2025-06-17 02:45:00+00:00,73.69999694824219,73.69999694824219,73.69999694824219,73.69999694824219,2000,0.0,0.0
2025-06-17 02:50:00+00:00,73.80000305175781,74.0,73.80000305175781,74.0,2000,0.0,0.0
2025-06-17 02:55:00+00:00,73.80000305175781,74.0,73.80000305175781,74.0,4049,0.0,0.0
2025-06-17 03:00:00+00:00,74.0,74.0,73.9000015258789,73.9000015258789,8215,0.0,0.0
2025-06-17 03:05:00+00:00,73.9000015258789,74.0,73.9000015258789,74.0,12540,0.0,0.0
2025-06-17 03:15:00+00:00,74.0,74.0999984741211,73.9000015258789,73.9000015258789,16000,0.0,0.0
2025-06-17 03:20:00+00:00,73.9000015258789,73.9000015258789,73.9000015258789,73.9000015258789,2000,0.0,0.0
2025-06-17 03:25:00+00:00,73.80000305175781,73.80000305175781,73.80000305175781,73.80000305175781,2112,0.0,0.0
2025-06-17 03:30:00+00:00,73.80000305175781,73.80000305175781,73.80000305175781,73.80000305175781,8005,0.0,0.0
2025-06-17 03:35:00+00:00,73.9000015258789,73.9000015258789,73.9000015258789,73.9000015258789,1000,0.0,0.0
2025-06-17 03:45:00+00:00,73.69999694824219,73.69999694824219,73.4000015258789,73.4000015258789,70016,0.0,0.0
2025-06-17 03:50:00+00:00,73.4000015258789,73.4000015258789,73.4000015258789,73.4000015258789,4000,0.0,0.0
2025-06-17 03:55:00+00:00,73.4000015258789,73.4000015258789,73.4000015258789,73.4000015258789,2030,0.0,0.0
2025-06-17 04:00:00+00:00,73.5,73.5,73.5,73.5,14000,0.0,0.0
2025-06-17 04:05:00+00:00,73.5,73.5,73.4000015258789,73.4000015258789,26000,0.0,0.0
2025-06-17 04:10:00+00:00,73.4000015258789,73.4000015258789,73.4000015258789,73.4000015258789,3060,0.0,0.0
2025-06-17 04:15:00+00:00,73.5,73.5,73.5,73.5,3330,0.0,0.0
2025-06-17 04:20:00+00:00,73.4000015258789,73.4000015258789,73.30000305175781,73.30000305175781,27249,0.0,0.0
2025-06-17 04:25:00+00:00,73.30000305175781,73.5,73.19999694824219,73.5,30000,0.0,0.0
2025-06-17 04:30:00+00:00,73.30000305175781,73.4000015258789,73.30000305175781,73.4000015258789,6033,0.0,0.0
2025-06-17 04:35:00+00:00,73.30000305175781,73.30000305175781,73.19999694824219,73.19999694824219,2000,0.0,0.0
2025-06-17 04:40:00+00:00,73.30000305175781,73.5,73.30000305175781,73.5,40062,0.0,0.0
2025-06-17 04:45:00+00:00,73.4000015258789,73.5999984741211,73.4000015258789,73.4000015258789,20000,0.0,0.0
2025-06-17 04:50:00+00:00,73.30000305175781,73.5,73.30000305175781,73.4000015258789,38010,0.0,0.0
2025-06-17 04:55:00+00:00,73.5,73.5,73.5,73.5,6128,0.0,0.0
2025-06-17 05:00:00+00:00,73.5,73.69999694824219,73.5,73.69999694824219,16073,0.0,0.0
2025-06-17 05:05:00+00:00,73.69999694824219,73.69999694824219,73.69999694824219,73.69999694824219,1005,0.0,0.0
2025-06-17 05:10:00+00:00,73.5999984741211,73.5999984741211,73.5999984741211,73.5999984741211,3000,0.0,0.0
2025-06-17 05:15:00+00:00,73.5999984741211,73.5999984741211,73.4000015258789,73.5,18120,0.0,0.0
2025-06-17 05:20:00+00:00,73.4000015258789,73.5999984741211,73.4000015258789,73.4000015258789,26038,0.0,0.0
2025-06-18 01:00:00+00:00,74.19999694824219,74.19999694824219,73.80000305175781,73.9000015258789,15000,0.0,0.0
2025-06-18 01:05:00+00:00,73.69999694824219,74.80000305175781,73.69999694824219,74.4000015258789,77036,0.0,0.0
2025-06-18 01:10:00+00:00,74.30000305175781,74.30000305175781,74.0,74.0,14236,0.0,0.0
2025-06-18 01:15:00+00:00,73.9000015258789,74.0,73.9000015258789,74.0,6178,0.0,0.0
2025-06-18 01:20:00+00:00,74.0,74.0,73.9000015258789,74.0,7200,0.0,0.0
2025-06-18 01:25:00+00:00,73.9000015258789,74.19999694824219,73.9000015258789,74.19999694824219,25087,0.0,0.0
2025-06-18 01:30:00+00:00,74.19999694824219,74.30000305175781,74.0999984741211,74.19999694824219,6000,0.0,0.0
2025-06-18 01:35:00+00:00,74.30000305175781,74.30000305175781,74.19999694824219,74.19999694824219,10500,0.0,0.0
2025-06-18 01:40:00+00:00,74.0999984741211,74.0999984741211,74.0,74.0,8066,0.0,0.0
2025-06-18 01:45:00+00:00,74.0,74.0,74.0,74.0,2000,0.0,0.0
2025-06-18 01:50:00+00:00,74.0999984741211,74.0999984741211,74.0999984741211,74.0999984741211,6000,0.0,0.0
2025-06-18 01:55:00+00:00,74.0,74.0,74.0,74.0,11000,0.0,0.0
2025-06-18 02:00:00+00:00,73.9000015258789,73.9000015258789,73.80000305175781,73.80000305175781,8372,0.0,0.0
2025-06-18 02:05:00+00:00,73.69999694824219,73.69999694824219,73.5999984741211,73.5999984741211,4568,0.0,0.0
2025-06-18 02:10:00+00:00,73.69999694824219,73.69999694824219,73.69999694824219,73.69999694824219,1165,0.0,0.0
2025-06-18 02:15:00+00:00,73.69999694824219,73.69999694824219,73.69999694824219,73.69999694824219,4000,0.0,0.0
2025-06-18 02:20:00+00:00,73.69999694824219,73.69999694824219,73.69999694824219,73.69999694824219,1000,0.0,0.0
2025-06-18 02:30:00+00:00,73.69999694824219,73.69999694824219,73.69999694824219,73.69999694824219,7212,0.0,0.0
2025-06-18 02:35:00+00:00,73.80000305175781,73.80000305175781,73.80000305175781,73.80000305175781,7020,0.0,0.0
2025-06-18 02:40:00+00:00,73.9000015258789,73.9000015258789,73.9000015258789,73.9000015258789,4100,0.0,0.0
2025-06-18 02:45:00+00:00,73.9000015258789,73.9000015258789,73.9000015258789,73.9000015258789,1014,0.0,0.0
2025-06-18 02:50:00+00:00,73.9000015258789,73.9000015258789,73.9000015258789,73.9000015258789,3107,0.0,0.0
2025-06-18 03:00:00+00:00,74.0,74.30000305175781,74.0,74.30000305175781,32420,0.0,0.0
2025-06-18 03:05:00+00:00,74.30000305175781,74.30000305175781,74.0,74.30000305175781,9000,0.0,0.0
2025-06-18 03:10:00+00:00,74.30000305175781,74.30000305175781,74.19999694824219,74.19999694824219,2000,0.0,0.0
2025-06-18 03:15:00+00:00,74.19999694824219,74.30000305175781,74.0,74.19999694824219,8000,0.0,0.0
2025-06-18 03:20:00+00:00,74.19999694824219,74.30000305175781,74.19999694824219,74.30000305175781,9000,0.0,0.0
2025-06-18 03:25:00+00:00,74.30000305175781,74.4000015258789,74.30000305175781,74.4000015258789,12000,0.0,0.0
2025-06-18 03:30:00+00:00,74.4000015258789,74.5,74.4000015258789,74.5,10035,0.0,0.0
2025-06-18 03:35:00+00:00,74.30000305175781,74.4000015258789,74.19999694824219,74.30000305175781,13000,0.0,0.0
2025-06-18 03:40:00+00:00,74.4000015258789,74.4000015258789,74.4000015258789,74.4000015258789,7010,0.0,0.0
2025-06-18 03:45:00+00:00,74.4000015258789,74.5,74.4000015258789,74.5,3020,0.0,0.0
2025-06-18 03:50:00+00:00,74.4000015258789,74.4000015258789,74.4000015258789,74.4000015258789,4000,0.0,0.0
2025-06-18 03:55:00+00:00,74.30000305175781,74.30000305175781,74.19999694824219,74.19999694824219,8000,0.0,0.0
2025-06-18 04:00:00+00:00,74.0,74.19999694824219,74.0,74.19999694824219,2200,0.0,0.0
2025-06-18 04:05:00+00:00,74.0,74.0,74.0,74.0,4000,0.0,0.0
2025-06-18 04:10:00+00:00,74.0999984741211,74.0999984741211,74.0999984741211,74.0999984741211,2011,0.0,0.0
2025-06-18 04:15:00+00:00,74.0999984741211,74.0999984741211,74.0999984741211,74.0999984741211,9155,0.0,0.0
2025-06-18 04:20:00+00:00,74.0999984741211,74.0999984741211,74.0,74.0999984741211,7003,0.0,0.0
2025-06-18 04:25:00+00:00,74.0999984741211,74.0999984741211,74.0999984741211,74.0999984741211,1100,0.0,0.0
2025-06-18 04:30:00+00:00,74.0999984741211,74.0999984741211,74.0999984741211,74.0999984741211,1000,0.0,0.0
2025-06-18 04:35:00+00:00,74.0999984741211,74.0999984741211,74.0,74.0,11000,0.0,0.0
2025-06-18 04:40:00+00:00,74.0,74.0,74.0,74.0,3000,0.0,0.0
2025-06-18 04:45:00+00:00,74.0,74.0,74.0,74.0,1000,0.0,0.0
2025-06-18 04:50:00+00:00,74.0,74.0,74.0,74.0,6000,0.0,0.0
2025-06-18 04:55:00+00:00,73.9000015258789,73.9000015258789,73.9000015258789,73.9000015258789,1200,0.0,0.0
2025-06-18 05:00:00+00:00,73.9000015258789,74.0,73.9000015258789,73.9000015258789,12200,0.0,0.0
2025-06-18 05:05:00+00:00,74.0,74.0999984741211,73.9000015258789,73.9000015258789,10250,0.0,0.0
2025-06-18 05:10:00+00:00,73.80000305175781,73.9000015258789,73.80000305175781,73.80000305175781,5000,0.0,0.0
2025-06-18 05:15:00+00:00,73.80000305175781,73.9000015258789,73.69999694824219,73.80000305175781,29000,0.0,0.0
2025-06-18 05:20:00+00:00,73.69999694824219,73.9000015258789,73.69999694824219,73.9000015258789,19128,0.0,0.0
2025-06-19 01:00:00+00:00,73.5,73.5,73.19999694824219,73.4000015258789,0,0.0,0.0
2025-06-19 01:05:00+00:00,73.4000015258789,73.4000015258789,73.19999694824219,73.30000305175781,51000,0.0,0.0
2025-06-19 01:10:00+00:00,72.9000015258789,73.0,72.80000305175781,72.9000015258789,104979,0.0,0.0
2025-06-19 01:15:00+00:00,72.80000305175781,72.80000305175781,72.5999984741211,72.5999984741211,60391,0.0,0.0
2025-06-19 01:20:00+00:00,72.5999984741211,72.80000305175781,72.4000015258789,72.5999984741211,48494,0.0,0.0
2025-06-19 01:25:00+00:00,72.80000305175781,72.80000305175781,72.5,72.5,45700,0.0,0.0
2025-06-19 01:30:00+00:00,72.5,72.5,72.5,72.5,3184,0.0,0.0
2025-06-19 01:35:00+00:00,72.5999984741211,72.5999984741211,72.30000305175781,72.30000305175781,47390,0.0,0.0
2025-06-19 01:40:00+00:00,72.30000305175781,72.4000015258789,72.30000305175781,72.4000015258789,12642,0.0,0.0
2025-06-19 01:45:00+00:00,72.5,72.5999984741211,72.4000015258789,72.5999984741211,7370,0.0,0.0
2025-06-19 01:50:00+00:00,72.5,72.5,72.5,72.5,6385,0.0,0.0
2025-06-19 01:55:00+00:00,72.5,72.5,72.5,72.5,27000,0.0,0.0
2025-06-19 02:00:00+00:00,72.4000015258789,72.4000015258789,72.30000305175781,72.30000305175781,42131,0.0,0.0
2025-06-19 02:05:00+00:00,72.19999694824219,72.30000305175781,72.19999694824219,72.19999694824219,35100,0.0,0.0
2025-06-19 02:10:00+00:00,72.19999694824219,72.19999694824219,71.9000015258789,71.9000015258789,91007,0.0,0.0
2025-06-19 02:15:00+00:00,71.9000015258789,71.9000015258789,71.5,71.69999694824219,112958,0.0,0.0
2025-06-19 02:20:00+00:00,71.5999984741211,71.5999984741211,71.5999984741211,71.5999984741211,14506,0.0,0.0
2025-06-19 02:25:00+00:00,71.5999984741211,71.69999694824219,71.5,71.5999984741211,65188,0.0,0.0
2025-06-19 02:30:00+00:00,71.69999694824219,71.69999694824219,71.5,71.69999694824219,38407,0.0,0.0
2025-06-19 02:35:00+00:00,71.69999694824219,71.69999694824219,71.5999984741211,71.69999694824219,18000,0.0,0.0
2025-06-19 02:40:00+00:00,71.69999694824219,71.69999694824219,71.5999984741211,71.69999694824219,12121,0.0,0.0
2025-06-19 02:45:00+00:00,71.69999694824219,71.69999694824219,71.5999984741211,71.5999984741211,28000,0.0,0.0
2025-06-19 02:50:00+00:00,71.69999694824219,71.69999694824219,71.5999984741211,71.69999694824219,25406,0.0,0.0
2025-06-19 02:55:00+00:00,71.69999694824219,71.80000305175781,71.69999694824219,71.80000305175781,28050,0.0,0.0
2025-06-19 03:00:00+00:00,72.0,72.30000305175781,71.80000305175781,72.30000305175781,37010,0.0,0.0
2025-06-19 03:05:00+00:00,72.0999984741211,72.0999984741211,72.0,72.0,7150,0.0,0.0
2025-06-19 03:10:00+00:00,71.80000305175781,71.80000305175781,71.80000305175781,71.80000305175781,4000,0.0,0.0
2025-06-19 03:15:00+00:00,71.9000015258789,71.9000015258789,71.9000015258789,71.9000015258789,4005,0.0,0.0
2025-06-19 03:20:00+00:00,71.9000015258789,72.0999984741211,71.9000015258789,72.0,6215,0.0,0.0
2025-06-19 03:25:00+00:00,72.0,72.0999984741211,72.0,72.0999984741211,3000,0.0,0.0
2025-06-19 03:30:00+00:00,72.0999984741211,72.0999984741211,72.0999984741211,72.0999984741211,0,0.0,0.0
2025-06-19 03:35:00+00:00,72.19999694824219,72.19999694824219,72.0999984741211,72.0999984741211,1060239,0.0,0.0
2025-06-19 03:40:00+00:00,72.0999984741211,72.0999984741211,72.0999984741211,72.0999984741211,6000,0.0,0.0
2025-06-19 03:45:00+00:00,72.0,72.19999694824219,72.0,72.19999694824219,7040,0.0,0.0
2025-06-19 03:50:00+00:00,72.0999984741211,72.0999984741211,72.0999984741211,72.0999984741211,4001,0.0,0.0
2025-06-19 03:55:00+00:00,72.0999984741211,72.0999984741211,72.0,72.0,4353,0.0,0.0
2025-06-19 04:00:00+00:00,72.0,72.0999984741211,72.0,72.0,26000,0.0,0.0
2025-06-19 04:05:00+00:00,72.0,72.0,72.0,72.0,2050,0.0,0.0
2025-06-19 04:10:00+00:00,72.0,72.0,71.9000015258789,71.9000015258789,16050,0.0,0.0
2025-06-19 04:15:00+00:00,71.9000015258789,71.9000015258789,71.9000015258789,71.9000015258789,3441,0.0,0.0
2025-06-19 04:20:00+00:00,71.9000015258789,71.9000015258789,71.9000015258789,71.9000015258789,3799,0.0,0.0
2025-06-19 04:25:00+00:00,71.9000015258789,71.9000015258789,71.9000015258789,71.9000015258789,1000,0.0,0.0
2025-06-19 04:30:00+00:00,71.9000015258789,71.9000015258789,71.9000015258789,71.9000015258789,7000,0.0,0.0
2025-06-19 04:35:00+00:00,72.0,72.0,71.9000015258789,71.9000015258789,10220,0.0,0.0
2025-06-19 04:40:00+00:00,71.9000015258789,72.0,71.9000015258789,71.9000015258789,8000,0.0,0.0
2025-06-19 04:45:00+00:00,72.0,72.4000015258789,71.9000015258789,72.4000015258789,31000,0.0,0.0
2025-06-19 04:50:00+00:00,72.30000305175781,72.30000305175781,72.19999694824219,72.19999694824219,3100,0.0,0.0
2025-06-19 04:55:00+00:00,72.0999984741211,72.0999984741211,72.0,72.0,19000,0.0,0.0
2025-06-19 05:00:00+00:00,72.0,72.0999984741211,71.9000015258789,72.0,21100,0.0,0.0
2025-06-19 05:05:00+00:00,72.0,72.0,71.9000015258789,71.9000015258789,12279,0.0,0.0
2025-06-19 05:10:00+00:00,71.9000015258789,72.0,71.9000015258789,72.0,6000,0.0,0.0
2025-06-19 05:15:00+00:00,72.0,72.0999984741211,71.9000015258789,71.9000015258789,23000,0.0,0.0
2025-06-19 05:20:00+00:00,71.9000015258789,72.0,71.80000305175781,71.80000305175781,31250,0.0,0.0
2025-06-20 01:00:00+00:00,71.5,72.0,71.5,72.0,0,0.0,0.0
2025-06-20 01:05:00+00:00,72.0,72.0,71.80000305175781,71.80000305175781,13182,0.0,0.0
2025-06-20 01:10:00+00:00,71.80000305175781,71.9000015258789,71.5,71.5,32175,0.0,0.0
2025-06-20 01:15:00+00:00,71.5,71.5999984741211,71.5,71.5,14615,0.0,0.0
2025-06-20 01:20:00+00:00,71.5,71.5,71.30000305175781,71.30000305175781,13485,0.0,0.0
2025-06-20 01:25:00+00:00,71.30000305175781,71.30000305175781,71.0999984741211,71.19999694824219,27131,0.0,0.0
2025-06-20 01:30:00+00:00,71.0999984741211,71.0999984741211,70.69999694824219,70.69999694824219,51609,0.0,0.0
2025-06-20 01:35:00+00:00,70.69999694824219,70.80000305175781,70.5999984741211,70.69999694824219,46701,0.0,0.0
2025-06-20 01:40:00+00:00,70.69999694824219,70.69999694824219,70.5999984741211,70.5999984741211,38157,0.0,0.0
2025-06-20 01:45:00+00:00,70.5999984741211,70.5999984741211,70.5,70.5,67654,0.0,0.0
2025-06-20 01:50:00+00:00,70.4000015258789,70.5,70.4000015258789,70.5,30537,0.0,0.0
2025-06-20 01:55:00+00:00,70.5,70.5,70.5,70.5,7866,0.0,0.0
2025-06-20 02:00:00+00:00,70.4000015258789,70.4000015258789,70.30000305175781,70.4000015258789,26100,0.0,0.0
2025-06-20 02:05:00+00:00,70.4000015258789,70.69999694824219,70.4000015258789,70.69999694824219,22789,0.0,0.0
2025-06-20 02:10:00+00:00,70.5999984741211,70.5999984741211,70.5999984741211,70.5999984741211,6070,0.0,0.0
2025-06-20 02:15:00+00:00,70.5999984741211,70.69999694824219,70.5999984741211,70.69999694824219,18000,0.0,0.0
2025-06-20 02:20:00+00:00,70.69999694824219,70.9000015258789,70.69999694824219,70.9000015258789,7057,0.0,0.0
2025-06-20 02:25:00+00:00,70.80000305175781,70.80000305175781,70.80000305175781,70.80000305175781,14069,0.0,0.0
2025-06-20 02:30:00+00:00,70.80000305175781,70.9000015258789,70.80000305175781,70.9000015258789,7014,0.0,0.0
2025-06-20 02:35:00+00:00,71.0,71.0999984741211,71.0,71.0999984741211,22291,0.0,0.0
2025-06-20 02:40:00+00:00,71.0999984741211,71.0999984741211,70.80000305175781,70.80000305175781,5000,0.0,0.0
2025-06-20 02:45:00+00:00,71.0,71.19999694824219,71.0,71.19999694824219,9000,0.0,0.0
2025-06-20 02:50:00+00:00,71.0,71.0,70.80000305175781,71.0,22000,0.0,0.0
2025-06-20 02:55:00+00:00,71.0,71.30000305175781,70.80000305175781,71.30000305175781,25000,0.0,0.0
2025-06-20 03:00:00+00:00,71.30000305175781,71.30000305175781,71.30000305175781,71.30000305175781,1000,0.0,0.0
2025-06-20 03:05:00+00:00,71.0,71.0,71.0,71.0,4000,0.0,0.0
2025-06-20 03:10:00+00:00,70.9000015258789,71.0,70.9000015258789,71.0,5000,0.0,0.0
2025-06-20 03:20:00+00:00,71.0,71.0999984741211,71.0,71.0,11050,0.0,0.0
2025-06-20 03:25:00+00:00,71.0999984741211,71.0999984741211,71.0999984741211,71.0999984741211,0,0.0,0.0
2025-06-20 03:30:00+00:00,71.0999984741211,71.0999984741211,71.0999984741211,71.0999984741211,589552,0.0,0.0
2025-06-20 03:35:00+00:00,71.19999694824219,71.4000015258789,71.19999694824219,71.4000015258789,11070,0.0,0.0
2025-06-20 03:40:00+00:00,71.4000015258789,71.4000015258789,71.0,71.30000305175781,34300,0.0,0.0
2025-06-20 03:45:00+00:00,71.0999984741211,71.19999694824219,71.0,71.19999694824219,11000,0.0,0.0
2025-06-20 03:50:00+00:00,71.30000305175781,71.30000305175781,71.30000305175781,71.30000305175781,2030,0.0,0.0
2025-06-20 03:55:00+00:00,71.4000015258789,71.5,71.4000015258789,71.5,10173,0.0,0.0
2025-06-20 04:00:00+00:00,71.4000015258789,71.4000015258789,71.4000015258789,71.4000015258789,2000,0.0,0.0
2025-06-20 04:10:00+00:00,71.30000305175781,71.30000305175781,71.30000305175781,71.30000305175781,1100,0.0,0.0
2025-06-20 04:15:00+00:00,71.30000305175781,71.30000305175781,71.30000305175781,71.30000305175781,8000,0.0,0.0
2025-06-20 04:20:00+00:00,71.19999694824219,71.30000305175781,71.0999984741211,71.0999984741211,9092,0.0,0.0
2025-06-20 04:25:00+00:00,71.19999694824219,71.19999694824219,71.19999694824219,71.19999694824219,2010,0.0,0.0
2025-06-20 04:30:00+00:00,71.19999694824219,71.19999694824219,71.0999984741211,71.19999694824219,6300,0.0,0.0
2025-06-20 04:35:00+00:00,71.19999694824219,71.19999694824219,71.19999694824219,71.19999694824219,2000,0.0,0.0
2025-06-20 04:40:00+00:00,71.0999984741211,71.19999694824219,70.9000015258789,71.0999984741211,45368,0.0,0.0
2025-06-20 04:45:00+00:00,71.0,71.0,71.0,71.0,1000,0.0,0.0
2025-06-20 04:50:00+00:00,71.0999984741211,71.0999984741211,71.0,71.0,7050,0.0,0.0
2025-06-20 04:55:00+00:00,71.0,71.0,71.0,71.0,12210,0.0,0.0
2025-06-20 05:00:00+00:00,71.0999984741211,71.30000305175781,71.0999984741211,71.30000305175781,15162,0.0,0.0
2025-06-20 05:05:00+00:00,71.30000305175781,71.30000305175781,71.19999694824219,71.30000305175781,8000,0.0,0.0
2025-06-20 05:10:00+00:00,71.19999694824219,71.30000305175781,71.19999694824219,71.19999694824219,19000,0.0,0.0
2025-06-20 05:15:00+00:00,71.19999694824219,71.4000015258789,71.0999984741211,71.4000015258789,31096,0.0,0.0
2025-06-20 05:20:00+00:00,71.30000305175781,71.5,71.30000305175781,71.5,47824,0.0,0.0
2025-06-23 01:00:00+00:00,69.9000015258789,70.0,69.0999984741211,70.0,0,0.0,0.0
2025-06-23 01:05:00+00:00,70.0,70.69999694824219,69.9000015258789,70.69999694824219,46202,0.0,0.0
2025-06-23 01:10:00+00:00,70.69999694824219,70.9000015258789,70.69999694824219,70.9000015258789,7907,0.0,0.0
2025-06-23 01:15:00+00:00,70.9000015258789,70.9000015258789,70.5,70.5999984741211,36043,0.0,0.0
2025-06-23 01:20:00+00:00,70.5,70.9000015258789,70.5,70.80000305175781,37000,0.0,0.0
2025-06-23 01:25:00+00:00,70.9000015258789,71.0999984741211,70.80000305175781,70.80000305175781,42100,0.0,0.0
2025-06-23 01:30:00+00:00,70.80000305175781,70.80000305175781,70.69999694824219,70.80000305175781,7073,0.0,0.0
2025-06-23 01:35:00+00:00,70.69999694824219,70.80000305175781,70.69999694824219,70.69999694824219,5100,0.0,0.0
2025-06-23 01:40:00+00:00,70.80000305175781,70.80000305175781,70.69999694824219,70.69999694824219,5100,0.0,0.0
2025-06-23 01:45:00+00:00,70.69999694824219,70.9000015258789,70.69999694824219,70.69999694824219,9000,0.0,0.0
2025-06-23 01:50:00+00:00,70.9000015258789,71.19999694824219,70.9000015258789,71.19999694824219,43185,0.0,0.0
2025-06-23 01:55:00+00:00,71.19999694824219,71.19999694824219,71.0999984741211,71.0999984741211,3000,0.0,0.0
2025-06-23 02:00:00+00:00,71.0999984741211,71.0999984741211,70.9000015258789,70.9000015258789,27030,0.0,0.0
2025-06-23 02:05:00+00:00,70.80000305175781,71.30000305175781,70.69999694824219,71.0999984741211,42025,0.0,0.0
2025-06-23 02:10:00+00:00,71.30000305175781,71.30000305175781,71.0999984741211,71.0999984741211,7130,0.0,0.0
2025-06-23 02:15:00+00:00,71.0999984741211,71.0999984741211,71.0999984741211,71.0999984741211,6000,0.0,0.0
2025-06-23 02:20:00+00:00,71.0999984741211,71.0999984741211,71.0999984741211,71.0999984741211,2020,0.0,0.0
2025-06-23 02:25:00+00:00,71.0999984741211,71.5,71.0999984741211,71.5,8068,0.0,0.0
2025-06-23 02:30:00+00:00,71.5,71.5,71.4000015258789,71.4000015258789,5112,0.0,0.0
2025-06-23 02:35:00+00:00,71.4000015258789,71.4000015258789,71.30000305175781,71.30000305175781,5000,0.0,0.0
2025-06-23 02:40:00+00:00,71.4000015258789,71.4000015258789,71.4000015258789,71.4000015258789,3012,0.0,0.0
2025-06-23 02:45:00+00:00,71.4000015258789,71.5,71.4000015258789,71.4000015258789,5073,0.0,0.0
2025-06-23 02:50:00+00:00,71.4000015258789,71.4000015258789,71.30000305175781,71.4000015258789,6143,0.0,0.0
2025-06-23 02:55:00+00:00,71.5,71.5999984741211,71.5,71.5999984741211,20046,0.0,0.0
2025-06-23 03:00:00+00:00,71.5999984741211,71.80000305175781,71.5999984741211,71.69999694824219,12481,0.0,0.0
2025-06-23 03:05:00+00:00,71.69999694824219,71.69999694824219,71.5999984741211,71.69999694824219,6008,0.0,0.0
2025-06-23 03:10:00+00:00,71.69999694824219,71.69999694824219,71.5999984741211,71.5999984741211,4030,0.0,0.0
2025-06-23 03:15:00+00:00,71.69999694824219,71.69999694824219,71.5,71.5,4001,0.0,0.0
2025-06-23 03:20:00+00:00,71.5999984741211,71.5999984741211,71.4000015258789,71.5,9284,0.0,0.0
2025-06-23 03:25:00+00:00,71.4000015258789,71.4000015258789,71.4000015258789,71.4000015258789,1080,0.0,0.0
2025-06-23 03:30:00+00:00,71.5,71.5,71.4000015258789,71.5,8100,0.0,0.0
2025-06-23 03:35:00+00:00,71.4000015258789,71.5999984741211,71.4000015258789,71.5999984741211,4000,0.0,0.0
2025-06-23 03:40:00+00:00,71.5999984741211,71.5999984741211,71.5,71.5,5020,0.0,0.0
2025-06-23 03:45:00+00:00,71.5,71.5999984741211,71.5,71.5999984741211,3000,0.0,0.0
2025-06-23 03:50:00+00:00,71.5,71.5,71.4000015258789,71.5,23110,0.0,0.0
2025-06-23 03:55:00+00:00,71.4000015258789,71.4000015258789,71.4000015258789,71.4000015258789,1119,0.0,0.0
2025-06-23 04:05:00+00:00,71.4000015258789,71.4000015258789,71.0999984741211,71.0999984741211,7315,0.0,0.0
2025-06-23 04:10:00+00:00,71.19999694824219,71.30000305175781,71.19999694824219,71.30000305175781,6000,0.0,0.0
2025-06-23 04:15:00+00:00,71.30000305175781,71.30000305175781,71.30000305175781,71.30000305175781,2150,0.0,0.0
2025-06-23 04:20:00+00:00,71.30000305175781,71.30000305175781,71.30000305175781,71.30000305175781,15000,0.0,0.0
2025-06-23 04:30:00+00:00,71.19999694824219,71.19999694824219,71.19999694824219,71.19999694824219,1000,0.0,0.0
2025-06-23 04:35:00+00:00,71.19999694824219,71.30000305175781,71.19999694824219,71.30000305175781,4150,0.0,0.0
2025-06-23 04:40:00+00:00,71.19999694824219,71.30000305175781,71.19999694824219,71.19999694824219,16162,0.0,0.0
2025-06-23 04:45:00+00:00,71.19999694824219,71.19999694824219,71.0,71.0999984741211,51000,0.0,0.0
2025-06-23 04:50:00+00:00,71.0999984741211,71.0999984741211,71.0999984741211,71.0999984741211,1000,0.0,0.0
2025-06-23 04:55:00+00:00,71.0999984741211,71.0999984741211,71.0999984741211,71.0999984741211,8000,0.0,0.0
2025-06-23 05:00:00+00:00,71.19999694824219,71.19999694824219,71.0999984741211,71.0999984741211,11100,0.0,0.0
2025-06-23 05:05:00+00:00,71.0,71.0,71.0,71.0,4059,0.0,0.0
2025-06-23 05:10:00+00:00,71.0,71.19999694824219,71.0,71.19999694824219,7045,0.0,0.0
2025-06-23 05:15:00+00:00,71.30000305175781,71.30000305175781,71.19999694824219,71.19999694824219,4000,0.0,0.0
2025-06-23 05:20:00+00:00,71.0999984741211,71.30000305175781,71.0999984741211,71.19999694824219,12000,0.0,0.0
2025-06-24 01:00:00+00:00,72.0,72.30000305175781,72.0,72.30000305175781,0,0.0,0.0
2025-06-24 01:05:00+00:00,72.30000305175781,72.5999984741211,72.30000305175781,72.5,25000,0.0,0.0
2025-06-24 01:10:00+00:00,72.4000015258789,72.80000305175781,72.4000015258789,72.80000305175781,86327,0.0,0.0
2025-06-24 01:15:00+00:00,72.9000015258789,73.19999694824219,72.80000305175781,72.9000015258789,80469,0.0,0.0
2025-06-24 01:20:00+00:00,73.19999694824219,73.30000305175781,72.9000015258789,72.9000015258789,41100,0.0,0.0
2025-06-24 01:25:00+00:00,72.9000015258789,72.9000015258789,72.9000015258789,72.9000015258789,3011,0.0,0.0
2025-06-24 01:30:00+00:00,72.80000305175781,73.0,72.80000305175781,73.0,25137,0.0,0.0
2025-06-24 01:35:00+00:00,73.0,73.0,72.80000305175781,72.9000015258789,22000,0.0,0.0
2025-06-24 01:40:00+00:00,73.0999984741211,73.19999694824219,73.0,73.0,43610,0.0,0.0
2025-06-24 01:45:00+00:00,73.0,73.0999984741211,73.0,73.0999984741211,7000,0.0,0.0
2025-06-24 01:50:00+00:00,73.0999984741211,73.19999694824219,73.0,73.19999694824219,11200,0.0,0.0
2025-06-24 01:55:00+00:00,73.19999694824219,73.4000015258789,73.0999984741211,73.30000305175781,74943,0.0,0.0
2025-06-24 02:00:00+00:00,73.30000305175781,73.5,73.30000305175781,73.30000305175781,50134,0.0,0.0
2025-06-24 02:05:00+00:00,73.19999694824219,73.30000305175781,73.19999694824219,73.19999694824219,6100,0.0,0.0
2025-06-24 02:10:00+00:00,73.19999694824219,73.19999694824219,73.0999984741211,73.0999984741211,2030,0.0,0.0
2025-06-24 02:15:00+00:00,73.0999984741211,73.4000015258789,73.0999984741211,73.19999694824219,47070,0.0,0.0
2025-06-24 02:20:00+00:00,73.19999694824219,73.30000305175781,73.19999694824219,73.30000305175781,10009,0.0,0.0
2025-06-24 02:25:00+00:00,73.19999694824219,73.4000015258789,73.19999694824219,73.4000015258789,16000,0.0,0.0
2025-06-24 02:35:00+00:00,73.30000305175781,73.30000305175781,73.30000305175781,73.30000305175781,2021,0.0,0.0
2025-06-24 02:40:00+00:00,73.19999694824219,73.30000305175781,73.19999694824219,73.30000305175781,2549,0.0,0.0
2025-06-24 02:45:00+00:00,73.19999694824219,73.19999694824219,73.19999694824219,73.19999694824219,7000,0.0,0.0
2025-06-24 02:50:00+00:00,73.19999694824219,73.19999694824219,73.19999694824219,73.19999694824219,4353,0.0,0.0
2025-06-24 02:55:00+00:00,73.19999694824219,73.19999694824219,73.0999984741211,73.0999984741211,7000,0.0,0.0
2025-06-24 03:00:00+00:00,73.0999984741211,73.19999694824219,73.0999984741211,73.19999694824219,12020,0.0,0.0
2025-06-24 03:05:00+00:00,73.30000305175781,73.30000305175781,73.30000305175781,73.30000305175781,2000,0.0,0.0
2025-06-24 03:15:00+00:00,73.30000305175781,73.30000305175781,73.30000305175781,73.30000305175781,2000,0.0,0.0
2025-06-24 03:20:00+00:00,73.30000305175781,73.30000305175781,73.19999694824219,73.30000305175781,5000,0.0,0.0
2025-06-24 03:25:00+00:00,73.19999694824219,73.19999694824219,73.0999984741211,73.0999984741211,8000,0.0,0.0
2025-06-24 03:30:00+00:00,73.30000305175781,73.30000305175781,73.30000305175781,73.30000305175781,14002,0.0,0.0
2025-06-24 03:35:00+00:00,73.30000305175781,73.30000305175781,73.30000305175781,73.30000305175781,17010,0.0,0.0
2025-06-24 03:40:00+00:00,73.30000305175781,73.30000305175781,73.30000305175781,73.30000305175781,3050,0.0,0.0
2025-06-24 03:45:00+00:00,73.4000015258789,73.4000015258789,73.30000305175781,73.30000305175781,3000,0.0,0.0
2025-06-24 03:50:00+00:00,73.30000305175781,73.4000015258789,73.30000305175781,73.30000305175781,11030,0.0,0.0
2025-06-24 03:55:00+00:00,73.30000305175781,73.30000305175781,73.30000305175781,73.30000305175781,2000,0.0,0.0
2025-06-24 04:00:00+00:00,73.30000305175781,73.30000305175781,73.30000305175781,73.30000305175781,2000,0.0,0.0
2025-06-24 04:05:00+00:00,73.19999694824219,73.19999694824219,73.19999694824219,73.19999694824219,8000,0.0,0.0
2025-06-24 04:10:00+00:00,73.0999984741211,73.19999694824219,72.9000015258789,73.19999694824219,11137,0.0,0.0
2025-06-24 04:15:00+00:00,73.0,73.0,73.0,73.0,3028,0.0,0.0
2025-06-24 04:20:00+00:00,73.0,73.0,73.0,73.0,9150,0.0,0.0
2025-06-24 04:25:00+00:00,73.0,73.0,73.0,73.0,7150,0.0,0.0
2025-06-24 04:30:00+00:00,73.0,73.0999984741211,72.9000015258789,73.0999984741211,7014,0.0,0.0
2025-06-24 04:35:00+00:00,73.0999984741211,73.0999984741211,73.0999984741211,73.0999984741211,9000,0.0,0.0
2025-06-24 04:40:00+00:00,73.0999984741211,73.19999694824219,73.0999984741211,73.19999694824219,7000,0.0,0.0
2025-06-24 04:45:00+00:00,73.19999694824219,73.19999694824219,73.19999694824219,73.19999694824219,1000,0.0,0.0
2025-06-24 04:50:00+00:00,73.19999694824219,73.30000305175781,73.19999694824219,73.19999694824219,6000,0.0,0.0
2025-06-24 04:55:00+00:00,73.19999694824219,73.30000305175781,73.19999694824219,73.19999694824219,10079,0.0,0.0
2025-06-24 05:00:00+00:00,73.19999694824219,73.19999694824219,73.19999694824219,73.19999694824219,6060,0.0,0.0
2025-06-24 05:05:00+00:00,73.19999694824219,73.30000305175781,73.19999694824219,73.30000305175781,2000,0.0,0.0
2025-06-24 05:10:00+00:00,73.19999694824219,73.19999694824219,73.0999984741211,73.0999984741211,4000,0.0,0.0
2025-06-24 05:15:00+00:00,73.19999694824219,73.30000305175781,73.19999694824219,73.19999694824219,16000,0.0,0.0
2025-06-24 05:20:00+00:00,73.19999694824219,73.30000305175781,73.0,73.30000305175781,23145,0.0,0.0
2025-06-25 01:00:00+00:00,73.4000015258789,73.80000305175781,73.4000015258789,73.5999984741211,42000,0.0,0.0
2025-06-25 01:05:00+00:00,73.5999984741211,74.0999984741211,73.5,74.0999984741211,63000,0.0,0.0
2025-06-25 01:10:00+00:00,74.0,74.0,73.9000015258789,73.9000015258789,23676,0.0,0.0
2025-06-25 01:15:00+00:00,73.9000015258789,73.9000015258789,73.5,73.5,14373,0.0,0.0
2025-06-25 01:20:00+00:00,73.5,73.5999984741211,73.5,73.5999984741211,6232,0.0,0.0
2025-06-25 01:25:00+00:00,73.5999984741211,73.5999984741211,73.5999984741211,73.5999984741211,13429,0.0,0.0
2025-06-25 01:30:00+00:00,73.5,73.5999984741211,73.5,73.5,18004,0.0,0.0
2025-06-25 01:35:00+00:00,73.5,73.5,73.5,73.5,4008,0.0,0.0
2025-06-25 01:40:00+00:00,73.5999984741211,73.69999694824219,73.5999984741211,73.69999694824219,3050,0.0,0.0
2025-06-25 01:45:00+00:00,73.5,73.5,73.5,73.5,4175,0.0,0.0
2025-06-25 01:50:00+00:00,73.5,73.5,73.4000015258789,73.4000015258789,14010,0.0,0.0
2025-06-25 01:55:00+00:00,73.4000015258789,73.4000015258789,73.30000305175781,73.30000305175781,4106,0.0,0.0
2025-06-25 02:00:00+00:00,73.19999694824219,73.19999694824219,73.19999694824219,73.19999694824219,8100,0.0,0.0
2025-06-25 02:05:00+00:00,73.19999694824219,73.19999694824219,73.0,73.19999694824219,23056,0.0,0.0
2025-06-25 02:10:00+00:00,73.0999984741211,73.0999984741211,73.0999984741211,73.0999984741211,1000,0.0,0.0
2025-06-25 02:15:00+00:00,73.19999694824219,73.19999694824219,73.0999984741211,73.0999984741211,11486,0.0,0.0
2025-06-25 02:20:00+00:00,73.0,73.0,73.0,73.0,11000,0.0,0.0
2025-06-25 02:25:00+00:00,72.9000015258789,72.9000015258789,72.80000305175781,72.80000305175781,6110,0.0,0.0
2025-06-25 02:30:00+00:00,72.80000305175781,72.80000305175781,72.80000305175781,72.80000305175781,9000,0.0,0.0
2025-06-25 02:35:00+00:00,72.80000305175781,72.9000015258789,72.69999694824219,72.9000015258789,38151,0.0,0.0
2025-06-25 02:40:00+00:00,73.0999984741211,73.0999984741211,73.0999984741211,73.0999984741211,1010,0.0,0.0
2025-06-25 02:45:00+00:00,73.0999984741211,73.0999984741211,73.0999984741211,73.0999984741211,2000,0.0,0.0
2025-06-25 02:50:00+00:00,73.0,73.0,73.0,73.0,8000,0.0,0.0
2025-06-25 02:55:00+00:00,73.0,73.0,73.0,73.0,5014,0.0,0.0
2025-06-25 03:00:00+00:00,73.0,73.0,73.0,73.0,1000,0.0,0.0
2025-06-25 03:05:00+00:00,73.0,73.0,73.0,73.0,1100,0.0,0.0
2025-06-25 03:15:00+00:00,73.0,73.0,73.0,73.0,1200,0.0,0.0
2025-06-25 03:30:00+00:00,72.9000015258789,72.9000015258789,72.69999694824219,72.69999694824219,23389,0.0,0.0
2025-06-25 03:40:00+00:00,72.80000305175781,72.80000305175781,72.80000305175781,72.80000305175781,1000,0.0,0.0
2025-06-25 03:45:00+00:00,73.0,73.0,73.0,73.0,4110,0.0,0.0
2025-06-25 03:50:00+00:00,73.0,73.0,73.0,73.0,4061,0.0,0.0
2025-06-25 03:55:00+00:00,72.9000015258789,72.9000015258789,72.9000015258789,72.9000015258789,1001,0.0,0.0
2025-06-25 04:00:00+00:00,73.0,73.0,72.80000305175781,72.80000305175781,22000,0.0,0.0
2025-06-25 04:05:00+00:00,73.0999984741211,73.0999984741211,72.9000015258789,72.9000015258789,11200,0.0,0.0
2025-06-25 04:15:00+00:00,72.9000015258789,72.9000015258789,72.80000305175781,72.80000305175781,8000,0.0,0.0
2025-06-25 04:20:00+00:00,72.9000015258789,72.9000015258789,72.80000305175781,72.80000305175781,3000,0.0,0.0
2025-06-25 04:25:00+00:00,72.80000305175781,72.80000305175781,72.80000305175781,72.80000305175781,1075,0.0,0.0
2025-06-25 04:30:00+00:00,72.9000015258789,72.9000015258789,72.9000015258789,72.9000015258789,3000,0.0,0.0
2025-06-25 04:40:00+00:00,72.9000015258789,72.9000015258789,72.9000015258789,72.9000015258789,1000,0.0,0.0
2025-06-25 04:45:00+00:00,73.0,73.0,73.0,73.0,11100,0.0,0.0
2025-06-25 04:50:00+00:00,73.0,73.0,72.9000015258789,72.9000015258789,2402,0.0,0.0
2025-06-25 04:55:00+00:00,72.9000015258789,72.9000015258789,72.9000015258789,72.9000015258789,22094,0.0,0.0
2025-06-25 05:00:00+00:00,73.0,73.19999694824219,73.0,73.19999694824219,8000,0.0,0.0
2025-06-25 05:05:00+00:00,73.30000305175781,73.5,73.19999694824219,73.5,43058,0.0,0.0
2025-06-25 05:10:00+00:00,73.5,73.69999694824219,73.5,73.5,32300,0.0,0.0
2025-06-25 05:15:00+00:00,73.4000015258789,73.4000015258789,73.19999694824219,73.19999694824219,4011,0.0,0.0
2025-06-25 05:20:00+00:00,73.0999984741211,73.19999694824219,73.0,73.19999694824219,18100,0.0,0.0
2025-06-26 01:00:00+00:00,73.5,74.0,73.5,73.80000305175781,0,0.0,0.0
2025-06-26 01:05:00+00:00,73.80000305175781,74.0,73.80000305175781,73.80000305175781,42100,0.0,0.0
2025-06-26 01:10:00+00:00,73.80000305175781,73.80000305175781,73.5,73.5,25200,0.0,0.0
2025-06-26 01:15:00+00:00,73.5,73.9000015258789,73.5,73.9000015258789,7000,0.0,0.0
2025-06-26 01:20:00+00:00,73.69999694824219,73.9000015258789,73.5,73.9000015258789,49277,0.0,0.0
2025-06-26 01:25:00+00:00,73.9000015258789,74.30000305175781,73.9000015258789,74.0999984741211,55160,0.0,0.0
2025-06-26 01:30:00+00:00,74.30000305175781,74.30000305175781,74.0,74.0,33400,0.0,0.0
2025-06-26 01:35:00+00:00,74.0,74.0,73.69999694824219,73.69999694824219,17050,0.0,0.0
2025-06-26 01:40:00+00:00,73.69999694824219,73.69999694824219,73.69999694824219,73.69999694824219,1000,0.0,0.0
2025-06-26 01:45:00+00:00,73.80000305175781,73.9000015258789,73.80000305175781,73.80000305175781,7000,0.0,0.0
2025-06-26 01:50:00+00:00,73.80000305175781,73.9000015258789,73.5,73.5,18200,0.0,0.0
2025-06-26 01:55:00+00:00,73.5,73.5999984741211,73.4000015258789,73.5,17032,0.0,0.0
2025-06-26 02:00:00+00:00,73.5999984741211,73.69999694824219,73.5999984741211,73.69999694824219,3010,0.0,0.0
2025-06-26 02:05:00+00:00,73.69999694824219,73.69999694824219,73.5,73.5999984741211,20156,0.0,0.0
2025-06-26 02:10:00+00:00,73.80000305175781,74.0,73.80000305175781,74.0,12064,0.0,0.0
2025-06-26 02:15:00+00:00,74.0,74.0,73.9000015258789,73.9000015258789,8681,0.0,0.0
2025-06-26 02:20:00+00:00,73.80000305175781,73.80000305175781,73.69999694824219,73.69999694824219,10040,0.0,0.0
2025-06-26 02:25:00+00:00,73.69999694824219,73.69999694824219,73.5,73.5,11205,0.0,0.0
2025-06-26 02:30:00+00:00,73.4000015258789,73.4000015258789,73.4000015258789,73.4000015258789,2000,0.0,0.0
2025-06-26 02:35:00+00:00,73.4000015258789,73.4000015258789,73.4000015258789,73.4000015258789,9900,0.0,0.0
2025-06-26 02:40:00+00:00,73.30000305175781,73.5,73.30000305175781,73.5,2415,0.0,0.0
2025-06-26 02:45:00+00:00,73.4000015258789,73.5,73.4000015258789,73.5,4100,0.0,0.0
2025-06-26 02:50:00+00:00,73.5,73.5,73.5,73.5,1047,0.0,0.0
2025-06-26 02:55:00+00:00,73.30000305175781,73.30000305175781,73.19999694824219,73.19999694824219,12000,0.0,0.0
2025-06-26 03:05:00+00:00,73.19999694824219,73.19999694824219,73.19999694824219,73.19999694824219,3000,0.0,0.0
2025-06-26 03:10:00+00:00,73.19999694824219,73.4000015258789,73.19999694824219,73.4000015258789,14100,0.0,0.0
2025-06-26 03:15:00+00:00,73.30000305175781,73.30000305175781,73.30000305175781,73.30000305175781,1099,0.0,0.0
2025-06-26 03:20:00+00:00,73.30000305175781,73.30000305175781,73.19999694824219,73.19999694824219,4101,0.0,0.0
2025-06-26 03:30:00+00:00,73.30000305175781,73.30000305175781,73.19999694824219,73.19999694824219,11106,0.0,0.0
2025-06-26 03:40:00+00:00,73.19999694824219,73.19999694824219,73.19999694824219,73.19999694824219,1020,0.0,0.0
2025-06-26 03:45:00+00:00,73.19999694824219,73.19999694824219,73.19999694824219,73.19999694824219,5023,0.0,0.0
2025-06-26 03:55:00+00:00,73.19999694824219,73.19999694824219,73.19999694824219,73.19999694824219,9037,0.0,0.0
2025-06-26 04:00:00+00:00,73.19999694824219,73.19999694824219,73.19999694824219,73.19999694824219,3032,0.0,0.0
2025-06-26 04:05:00+00:00,73.19999694824219,73.19999694824219,73.19999694824219,73.19999694824219,5185,0.0,0.0
2025-06-26 04:10:00+00:00,73.19999694824219,73.19999694824219,73.19999694824219,73.19999694824219,1000,0.0,0.0
2025-06-26 04:15:00+00:00,73.0999984741211,73.19999694824219,73.0999984741211,73.19999694824219,7004,0.0,0.0
2025-06-26 04:25:00+00:00,73.19999694824219,73.19999694824219,73.19999694824219,73.19999694824219,5000,0.0,0.0
2025-06-26 04:30:00+00:00,73.19999694824219,73.30000305175781,73.19999694824219,73.30000305175781,12250,0.0,0.0
2025-06-26 04:35:00+00:00,73.19999694824219,73.19999694824219,73.19999694824219,73.19999694824219,1000,0.0,0.0
2025-06-26 04:40:00+00:00,73.30000305175781,73.30000305175781,73.19999694824219,73.19999694824219,3101,0.0,0.0
2025-06-26 04:45:00+00:00,73.19999694824219,73.19999694824219,73.19999694824219,73.19999694824219,4000,0.0,0.0
2025-06-26 04:50:00+00:00,73.19999694824219,73.19999694824219,73.0,73.19999694824219,22115,0.0,0.0
2025-06-26 04:55:00+00:00,73.0999984741211,73.19999694824219,73.0999984741211,73.19999694824219,3400,0.0,0.0
2025-06-26 05:00:00+00:00,73.19999694824219,73.30000305175781,73.0999984741211,73.30000305175781,11000,0.0,0.0
2025-06-26 05:05:00+00:00,73.30000305175781,73.30000305175781,73.0999984741211,73.19999694824219,11100,0.0,0.0
2025-06-26 05:10:00+00:00,73.0999984741211,73.0999984741211,73.0999984741211,73.0999984741211,10008,0.0,0.0
2025-06-26 05:15:00+00:00,73.0,73.19999694824219,73.0,73.19999694824219,14876,0.0,0.0
2025-06-26 05:20:00+00:00,73.0999984741211,73.19999694824219,73.0,73.0,9637,0.0,0.0
2025-06-27 01:00:00+00:00,73.5,73.5,73.5,73.5,0,0.0,0.0
2025-06-27 01:05:00+00:00,73.30000305175781,73.30000305175781,73.19999694824219,73.19999694824219,7004,0.0,0.0
2025-06-27 01:10:00+00:00,73.19999694824219,73.19999694824219,73.19999694824219,73.19999694824219,1151,0.0,0.0
2025-06-27 01:15:00+00:00,73.0999984741211,73.0999984741211,73.0999984741211,73.0999984741211,5000,0.0,0.0
2025-06-27 01:20:00+00:00,73.0,73.0,73.0,73.0,1000,0.0,0.0
2025-06-27 01:25:00+00:00,73.0,73.0,73.0,73.0,8758,0.0,0.0
2025-06-27 01:30:00+00:00,73.0,73.0,72.5999984741211,72.5999984741211,27000,0.0,0.0
2025-06-27 01:40:00+00:00,72.80000305175781,72.80000305175781,72.80000305175781,72.80000305175781,3055,0.0,0.0
2025-06-27 01:45:00+00:00,72.80000305175781,72.9000015258789,72.80000305175781,72.9000015258789,6000,0.0,0.0
2025-06-27 01:50:00+00:00,72.9000015258789,72.9000015258789,72.9000015258789,72.9000015258789,12014,0.0,0.0
2025-06-27 01:55:00+00:00,72.9000015258789,72.9000015258789,72.9000015258789,72.9000015258789,1060,0.0,0.0
2025-06-27 02:00:00+00:00,72.9000015258789,73.0,72.9000015258789,72.9000015258789,3250,0.0,0.0
2025-06-27 02:05:00+00:00,72.9000015258789,73.0,72.80000305175781,73.0,16000,0.0,0.0
2025-06-27 02:10:00+00:00,72.9000015258789,72.9000015258789,72.9000015258789,72.9000015258789,10100,0.0,0.0
2025-06-27 02:15:00+00:00,72.9000015258789,72.9000015258789,72.9000015258789,72.9000015258789,5000,0.0,0.0
2025-06-27 02:20:00+00:00,73.0,73.0,72.9000015258789,72.9000015258789,9058,0.0,0.0
2025-06-27 02:25:00+00:00,72.9000015258789,72.9000015258789,72.80000305175781,72.80000305175781,21035,0.0,0.0
2025-06-27 02:30:00+00:00,72.80000305175781,72.80000305175781,72.80000305175781,72.80000305175781,3001,0.0,0.0
2025-06-27 02:35:00+00:00,72.80000305175781,72.80000305175781,72.69999694824219,72.69999694824219,12215,0.0,0.0
2025-06-27 02:40:00+00:00,72.80000305175781,72.80000305175781,72.80000305175781,72.80000305175781,1000,0.0,0.0
2025-06-27 02:45:00+00:00,72.80000305175781,72.80000305175781,72.80000305175781,72.80000305175781,2000,0.0,0.0
2025-06-27 02:50:00+00:00,72.80000305175781,72.80000305175781,72.69999694824219,72.80000305175781,7889,0.0,0.0
2025-06-27 03:00:00+00:00,72.80000305175781,72.80000305175781,72.80000305175781,72.80000305175781,3901,0.0,0.0
2025-06-27 03:05:00+00:00,72.80000305175781,72.80000305175781,72.80000305175781,72.80000305175781,3000,0.0,0.0
2025-06-27 03:10:00+00:00,72.69999694824219,72.69999694824219,72.69999694824219,72.69999694824219,5000,0.0,0.0
2025-06-27 03:15:00+00:00,72.69999694824219,72.9000015258789,72.69999694824219,72.9000015258789,9000,0.0,0.0
2025-06-27 03:25:00+00:00,72.80000305175781,72.9000015258789,72.80000305175781,72.9000015258789,9000,0.0,0.0
2025-06-27 03:30:00+00:00,72.80000305175781,72.80000305175781,72.69999694824219,72.69999694824219,7100,0.0,0.0
2025-06-27 03:35:00+00:00,72.69999694824219,72.69999694824219,72.69999694824219,72.69999694824219,2000,0.0,0.0
2025-06-27 03:45:00+00:00,72.80000305175781,72.80000305175781,72.80000305175781,72.80000305175781,12000,0.0,0.0
2025-06-27 03:50:00+00:00,72.69999694824219,72.80000305175781,72.69999694824219,72.80000305175781,5200,0.0,0.0
2025-06-27 04:00:00+00:00,72.69999694824219,72.80000305175781,72.69999694824219,72.80000305175781,5235,0.0,0.0
2025-06-27 04:05:00+00:00,72.80000305175781,72.80000305175781,72.69999694824219,72.80000305175781,5025,0.0,0.0
2025-06-27 04:10:00+00:00,72.69999694824219,72.80000305175781,72.69999694824219,72.69999694824219,10040,0.0,0.0
2025-06-27 04:15:00+00:00,72.69999694824219,72.69999694824219,72.69999694824219,72.69999694824219,4000,0.0,0.0
2025-06-27 04:20:00+00:00,72.69999694824219,72.80000305175781,72.69999694824219,72.80000305175781,22000,0.0,0.0
2025-06-27 04:25:00+00:00,72.80000305175781,72.80000305175781,72.80000305175781,72.80000305175781,5000,0.0,0.0
2025-06-27 04:30:00+00:00,72.9000015258789,73.0,72.9000015258789,73.0,13000,0.0,0.0
2025-06-27 04:35:00+00:00,72.9000015258789,73.0,72.9000015258789,72.9000015258789,4019,0.0,0.0
2025-06-27 04:50:00+00:00,72.9000015258789,72.9000015258789,72.9000015258789,72.9000015258789,2000,0.0,0.0
2025-06-27 04:55:00+00:00,72.9000015258789,72.9000015258789,72.80000305175781,72.80000305175781,12000,0.0,0.0
2025-06-27 05:00:00+00:00,72.69999694824219,72.80000305175781,72.69999694824219,72.80000305175781,21090,0.0,0.0
2025-06-27 05:05:00+00:00,72.80000305175781,72.80000305175781,72.80000305175781,72.80000305175781,3070,0.0,0.0
2025-06-27 05:10:00+00:00,72.80000305175781,72.80000305175781,72.80000305175781,72.80000305175781,4000,0.0,0.0
2025-06-27 05:15:00+00:00,72.80000305175781,72.80000305175781,72.69999694824219,72.80000305175781,10000,0.0,0.0
2025-06-27 05:20:00+00:00,72.69999694824219,72.69999694824219,72.5,72.5,65019,0.0,0.0
2025-06-30 01:00:00+00:00,72.80000305175781,72.9000015258789,72.19999694824219,72.19999694824219,0,0.0,0.0
2025-06-30 01:05:00+00:00,72.0999984741211,72.0999984741211,71.9000015258789,71.9000015258789,52000,0.0,0.0
2025-06-30 01:10:00+00:00,71.9000015258789,71.9000015258789,71.80000305175781,71.9000015258789,21265,0.0,0.0
2025-06-30 01:15:00+00:00,72.0,72.0,71.80000305175781,71.9000015258789,14100,0.0,0.0
2025-06-30 01:20:00+00:00,71.80000305175781,71.80000305175781,71.69999694824219,71.69999694824219,37013,0.0,0.0
2025-06-30 01:25:00+00:00,71.9000015258789,71.9000015258789,71.9000015258789,71.9000015258789,8000,0.0,0.0
2025-06-30 01:30:00+00:00,71.80000305175781,71.80000305175781,71.69999694824219,71.80000305175781,21164,0.0,0.0
2025-06-30 01:35:00+00:00,71.80000305175781,72.0,71.80000305175781,72.0,9007,0.0,0.0
2025-06-30 01:40:00+00:00,72.19999694824219,72.19999694824219,72.19999694824219,72.19999694824219,1003,0.0,0.0
2025-06-30 01:45:00+00:00,72.19999694824219,72.19999694824219,72.19999694824219,72.19999694824219,2001,0.0,0.0
2025-06-30 01:50:00+00:00,72.19999694824219,72.19999694824219,72.19999694824219,72.19999694824219,5004,0.0,0.0
2025-06-30 02:00:00+00:00,72.0999984741211,72.0999984741211,72.0999984741211,72.0999984741211,7000,0.0,0.0
2025-06-30 02:05:00+00:00,72.0,72.0,72.0,72.0,14131,0.0,0.0
2025-06-30 02:10:00+00:00,72.0,72.0,71.9000015258789,71.9000015258789,2000,0.0,0.0
2025-06-30 02:15:00+00:00,72.0,72.0999984741211,72.0,72.0999984741211,3117,0.0,0.0
2025-06-30 02:20:00+00:00,72.0,72.0,71.9000015258789,71.9000015258789,5000,0.0,0.0
2025-06-30 02:30:00+00:00,71.9000015258789,71.9000015258789,71.9000015258789,71.9000015258789,8000,0.0,0.0
2025-06-30 02:35:00+00:00,71.80000305175781,71.9000015258789,71.80000305175781,71.9000015258789,11001,0.0,0.0
2025-06-30 02:40:00+00:00,71.9000015258789,71.9000015258789,71.80000305175781,71.80000305175781,2000,0.0,0.0
2025-06-30 02:45:00+00:00,71.80000305175781,71.9000015258789,71.80000305175781,71.80000305175781,10332,0.0,0.0
2025-06-30 02:50:00+00:00,71.80000305175781,72.0,71.69999694824219,72.0,9013,0.0,0.0
2025-06-30 02:55:00+00:00,71.69999694824219,71.69999694824219,71.5999984741211,71.5999984741211,31895,0.0,0.0
2025-06-30 03:00:00+00:00,71.69999694824219,71.69999694824219,71.69999694824219,71.69999694824219,4010,0.0,0.0
2025-06-30 03:05:00+00:00,71.69999694824219,71.69999694824219,71.5999984741211,71.5999984741211,15000,0.0,0.0
2025-06-30 03:10:00+00:00,71.5999984741211,71.5999984741211,71.5999984741211,71.5999984741211,1321,0.0,0.0
2025-06-30 03:15:00+00:00,71.5999984741211,71.5999984741211,71.5,71.5,30277,0.0,0.0
2025-06-30 03:20:00+00:00,71.5,71.5999984741211,71.4000015258789,71.4000015258789,12879,0.0,0.0
2025-06-30 03:25:00+00:00,71.4000015258789,71.5,71.4000015258789,71.5,20000,0.0,0.0
2025-06-30 03:30:00+00:00,71.5,71.5,71.5,71.5,7000,0.0,0.0
2025-06-30 03:35:00+00:00,71.4000015258789,71.5,71.4000015258789,71.4000015258789,11104,0.0,0.0
2025-06-30 03:40:00+00:00,71.4000015258789,71.4000015258789,71.4000015258789,71.4000015258789,5000,0.0,0.0
2025-06-30 03:45:00+00:00,71.4000015258789,71.4000015258789,71.19999694824219,71.19999694824219,32244,0.0,0.0
2025-06-30 03:50:00+00:00,71.19999694824219,71.19999694824219,71.19999694824219,71.19999694824219,5005,0.0,0.0
2025-06-30 03:55:00+00:00,71.19999694824219,71.30000305175781,71.19999694824219,71.19999694824219,6000,0.0,0.0
2025-06-30 04:00:00+00:00,71.4000015258789,71.4000015258789,71.4000015258789,71.4000015258789,1000,0.0,0.0
2025-06-30 04:05:00+00:00,71.4000015258789,71.4000015258789,71.4000015258789,71.4000015258789,1000,0.0,0.0
2025-06-30 04:10:00+00:00,71.30000305175781,71.30000305175781,71.30000305175781,71.30000305175781,5000,0.0,0.0
2025-06-30 04:15:00+00:00,71.30000305175781,71.30000305175781,71.19999694824219,71.19999694824219,22168,0.0,0.0
2025-06-30 04:20:00+00:00,71.0999984741211,71.30000305175781,71.0999984741211,71.30000305175781,11150,0.0,0.0
2025-06-30 04:25:00+00:00,71.19999694824219,71.19999694824219,71.19999694824219,71.19999694824219,4215,0.0,0.0
2025-06-30 04:30:00+00:00,71.19999694824219,71.19999694824219,71.0999984741211,71.0999984741211,9030,0.0,0.0
2025-06-30 04:35:00+00:00,71.0999984741211,71.4000015258789,71.0999984741211,71.4000015258789,5012,0.0,0.0
2025-06-30 04:40:00+00:00,71.19999694824219,71.19999694824219,71.19999694824219,71.19999694824219,2000,0.0,0.0
2025-06-30 04:45:00+00:00,71.30000305175781,71.30000305175781,71.0999984741211,71.0999984741211,35777,0.0,0.0
2025-06-30 04:50:00+00:00,71.0999984741211,71.0999984741211,71.0999984741211,71.0999984741211,5000,0.0,0.0
2025-06-30 04:55:00+00:00,71.19999694824219,71.30000305175781,71.19999694824219,71.19999694824219,21186,0.0,0.0
2025-06-30 05:00:00+00:00,71.19999694824219,71.19999694824219,71.0999984741211,71.19999694824219,13460,0.0,0.0
2025-06-30 05:05:00+00:00,71.0999984741211,71.19999694824219,71.0999984741211,71.19999694824219,22340,0.0,0.0
2025-06-30 05:10:00+00:00,71.19999694824219,71.19999694824219,71.19999694824219,71.19999694824219,12560,0.0,0.0
2025-06-30 05:15:00+00:00,71.30000305175781,71.30000305175781,71.0999984741211,71.0999984741211,21180,0.0,0.0
2025-06-30 05:20:00+00:00,71.19999694824219,71.30000305175781,71.0999984741211,71.0999984741211,14820,0.0,0.0
2025-07-01 01:00:00+00:00,71.19999694824219,71.5999984741211,71.19999694824219,71.5999984741211,0,0.0,0.0
2025-07-01 01:05:00+00:00,71.9000015258789,72.0,71.80000305175781,72.0,27000,0.0,0.0
2025-07-01 01:10:00+00:00,72.0,72.0,71.69999694824219,71.69999694824219,18047,0.0,0.0
2025-07-01 01:15:00+00:00,71.69999694824219,71.69999694824219,71.5999984741211,71.5999984741211,8235,0.0,0.0
2025-07-01 01:20:00+00:00,71.4000015258789,71.5,71.30000305175781,71.5,30000,0.0,0.0
2025-07-01 01:25:00+00:00,71.5,71.5,71.5,71.5,3090,0.0,0.0
2025-07-01 01:30:00+00:00,71.5999984741211,71.69999694824219,71.5999984741211,71.69999694824219,6200,0.0,0.0
2025-07-01 01:35:00+00:00,71.80000305175781,72.30000305175781,71.80000305175781,72.0999984741211,41000,0.0,0.0
2025-07-01 01:40:00+00:00,72.0999984741211,72.5,72.0,72.4000015258789,43510,0.0,0.0
2025-07-01 01:45:00+00:00,72.30000305175781,72.30000305175781,72.0999984741211,72.0999984741211,15064,0.0,0.0
2025-07-01 01:50:00+00:00,72.0999984741211,72.0999984741211,72.0,72.0,12000,0.0,0.0
2025-07-01 01:55:00+00:00,71.9000015258789,72.0999984741211,71.9000015258789,72.0999984741211,14100,0.0,0.0
2025-07-01 02:00:00+00:00,72.0999984741211,72.0999984741211,72.0999984741211,72.0999984741211,2000,0.0,0.0
2025-07-01 02:05:00+00:00,72.0999984741211,72.0999984741211,71.9000015258789,71.9000015258789,12000,0.0,0.0
2025-07-01 02:10:00+00:00,71.9000015258789,72.0,71.80000305175781,71.80000305175781,22000,0.0,0.0
2025-07-01 02:15:00+00:00,72.0,72.0,72.0,72.0,6020,0.0,0.0
2025-07-01 02:20:00+00:00,71.9000015258789,71.9000015258789,71.9000015258789,71.9000015258789,2250,0.0,0.0
2025-07-01 02:25:00+00:00,71.9000015258789,72.0999984741211,71.9000015258789,72.0999984741211,6014,0.0,0.0
2025-07-01 02:30:00+00:00,72.0,72.0999984741211,72.0,72.0999984741211,6006,0.0,0.0
2025-07-01 02:35:00+00:00,72.0,72.0,72.0,72.0,3000,0.0,0.0
2025-07-01 02:40:00+00:00,71.9000015258789,71.9000015258789,71.9000015258789,71.9000015258789,2035,0.0,0.0
2025-07-01 02:45:00+00:00,72.0,72.0999984741211,72.0,72.0999984741211,3000,0.0,0.0
2025-07-01 02:50:00+00:00,72.0,72.0999984741211,72.0,72.0,6000,0.0,0.0
2025-07-01 02:55:00+00:00,72.0,72.0,72.0,72.0,3000,0.0,0.0
2025-07-01 03:00:00+00:00,72.0,72.0,72.0,72.0,3200,0.0,0.0
2025-07-01 03:05:00+00:00,72.0,72.0999984741211,71.9000015258789,72.0999984741211,18100,0.0,0.0
2025-07-01 03:10:00+00:00,72.0,72.0,72.0,72.0,9000,0.0,0.0
2025-07-01 03:15:00+00:00,71.9000015258789,71.9000015258789,71.9000015258789,71.9000015258789,12014,0.0,0.0
2025-07-01 03:20:00+00:00,71.9000015258789,72.0,71.9000015258789,72.0,4000,0.0,0.0
2025-07-01 03:25:00+00:00,71.9000015258789,71.9000015258789,71.80000305175781,71.80000305175781,7000,0.0,0.0
2025-07-01 03:30:00+00:00,71.9000015258789,71.9000015258789,71.80000305175781,71.80000305175781,5000,0.0,0.0
2025-07-01 03:35:00+00:00,71.80000305175781,71.80000305175781,71.80000305175781,71.80000305175781,1000,0.0,0.0
2025-07-01 03:40:00+00:00,71.80000305175781,71.80000305175781,71.69999694824219,71.80000305175781,24064,0.0,0.0
2025-07-01 03:45:00+00:00,71.80000305175781,71.80000305175781,71.80000305175781,71.80000305175781,4000,0.0,0.0
2025-07-01 03:50:00+00:00,71.80000305175781,71.80000305175781,71.80000305175781,71.80000305175781,1129,0.0,0.0
2025-07-01 03:55:00+00:00,71.80000305175781,71.9000015258789,71.80000305175781,71.9000015258789,2050,0.0,0.0
2025-07-01 04:00:00+00:00,71.9000015258789,71.9000015258789,71.80000305175781,71.80000305175781,25000,0.0,0.0
2025-07-01 04:05:00+00:00,71.80000305175781,71.80000305175781,71.80000305175781,71.80000305175781,4000,0.0,0.0
2025-07-01 04:15:00+00:00,71.80000305175781,71.80000305175781,71.80000305175781,71.80000305175781,6000,0.0,0.0
2025-07-01 04:20:00+00:00,71.80000305175781,71.80000305175781,71.69999694824219,71.69999694824219,10027,0.0,0.0
2025-07-01 04:25:00+00:00,71.5999984741211,71.5999984741211,71.5999984741211,71.5999984741211,4000,0.0,0.0
2025-07-01 04:35:00+00:00,71.5999984741211,71.5999984741211,71.5999984741211,71.5999984741211,4000,0.0,0.0
2025-07-01 04:40:00+00:00,71.5999984741211,71.5999984741211,71.5999984741211,71.5999984741211,1063,0.0,0.0
2025-07-01 04:45:00+00:00,71.69999694824219,71.69999694824219,71.69999694824219,71.69999694824219,7330,0.0,0.0
2025-07-01 04:55:00+00:00,71.69999694824219,71.80000305175781,71.5999984741211,71.5999984741211,12013,0.0,0.0
2025-07-01 05:00:00+00:00,71.5999984741211,71.5999984741211,71.30000305175781,71.30000305175781,21214,0.0,0.0
2025-07-01 05:10:00+00:00,71.5999984741211,71.80000305175781,71.5999984741211,71.80000305175781,12002,0.0,0.0
2025-07-01 05:15:00+00:00,71.80000305175781,71.80000305175781,71.69999694824219,71.80000305175781,3006,0.0,0.0
2025-07-01 05:20:00+00:00,71.5999984741211,71.9000015258789,71.5999984741211,71.5999984741211,11050,0.0,0.0
2025-07-02 01:00:00+00:00,71.5,71.5999984741211,71.5,71.5999984741211,0,0.0,0.0
2025-07-02 01:05:00+00:00,71.5999984741211,71.9000015258789,71.5999984741211,71.80000305175781,7372,0.0,0.0
2025-07-02 01:10:00+00:00,71.69999694824219,71.69999694824219,71.5999984741211,71.69999694824219,6029,0.0,0.0
2025-07-02 01:15:00+00:00,71.5999984741211,71.5999984741211,71.5,71.5,16030,0.0,0.0
2025-07-02 01:20:00+00:00,71.4000015258789,71.4000015258789,71.30000305175781,71.30000305175781,3100,0.0,0.0
2025-07-02 01:25:00+00:00,71.4000015258789,71.5999984741211,71.30000305175781,71.5999984741211,8240,0.0,0.0
2025-07-02 01:30:00+00:00,71.4000015258789,71.4000015258789,71.4000015258789,71.4000015258789,1109,0.0,0.0
2025-07-02 01:35:00+00:00,71.5999984741211,71.5999984741211,71.5,71.5,3010,0.0,0.0
2025-07-02 01:40:00+00:00,71.5999984741211,71.5999984741211,71.5999984741211,71.5999984741211,1400,0.0,0.0
2025-07-02 01:45:00+00:00,71.5999984741211,71.5999984741211,71.5999984741211,71.5999984741211,6345,0.0,0.0
2025-07-02 01:55:00+00:00,71.5999984741211,71.5999984741211,71.5999984741211,71.5999984741211,5000,0.0,0.0
2025-07-02 02:00:00+00:00,71.69999694824219,71.80000305175781,71.69999694824219,71.80000305175781,11000,0.0,0.0
2025-07-02 02:05:00+00:00,71.9000015258789,72.0,71.9000015258789,72.0,2010,0.0,0.0
2025-07-02 02:10:00+00:00,72.0,72.5,72.0,72.4000015258789,48000,0.0,0.0
2025-07-02 02:15:00+00:00,72.4000015258789,72.80000305175781,72.4000015258789,72.80000305175781,39060,0.0,0.0
2025-07-02 02:20:00+00:00,72.69999694824219,72.69999694824219,72.5,72.5,22000,0.0,0.0
2025-07-02 02:25:00+00:00,72.5,72.5,72.5,72.5,7000,0.0,0.0
2025-07-02 02:35:00+00:00,72.5,72.5,72.5,72.5,1010,0.0,0.0
2025-07-02 02:40:00+00:00,72.4000015258789,72.4000015258789,72.30000305175781,72.30000305175781,4000,0.0,0.0
2025-07-02 02:45:00+00:00,72.30000305175781,72.30000305175781,72.30000305175781,72.30000305175781,4079,0.0,0.0
2025-07-02 03:05:00+00:00,72.30000305175781,72.30000305175781,72.30000305175781,72.30000305175781,7034,0.0,0.0
2025-07-02 03:10:00+00:00,72.30000305175781,72.30000305175781,72.30000305175781,72.30000305175781,5003,0.0,0.0
2025-07-02 03:15:00+00:00,72.19999694824219,72.30000305175781,72.19999694824219,72.30000305175781,9000,0.0,0.0
2025-07-02 03:25:00+00:00,72.19999694824219,72.19999694824219,72.0999984741211,72.0999984741211,12000,0.0,0.0
2025-07-02 03:30:00+00:00,72.0999984741211,72.0999984741211,72.0999984741211,72.0999984741211,1100,0.0,0.0
2025-07-02 03:55:00+00:00,72.0,72.0999984741211,72.0,72.0999984741211,11000,0.0,0.0
2025-07-02 04:10:00+00:00,72.0999984741211,72.0999984741211,72.0999984741211,72.0999984741211,4200,0.0,0.0
2025-07-02 04:15:00+00:00,72.0,72.0,72.0,72.0,1000,0.0,0.0
2025-07-02 04:30:00+00:00,72.0999984741211,72.0999984741211,72.0999984741211,72.0999984741211,4000,0.0,0.0
2025-07-02 04:35:00+00:00,72.0,72.0,72.0,72.0,1000,0.0,0.0
2025-07-02 04:40:00+00:00,72.0,72.0999984741211,72.0,72.0999984741211,15520,0.0,0.0
2025-07-02 04:45:00+00:00,71.9000015258789,71.9000015258789,71.9000015258789,71.9000015258789,2151,0.0,0.0
2025-07-02 05:00:00+00:00,72.0,72.0,72.0,72.0,4000,0.0,0.0
2025-07-02 05:05:00+00:00,71.9000015258789,72.0,71.9000015258789,71.9000015258789,9000,0.0,0.0
2025-07-02 05:10:00+00:00,71.9000015258789,71.9000015258789,71.9000015258789,71.9000015258789,1000,0.0,0.0
2025-07-02 05:15:00+00:00,71.9000015258789,71.9000015258789,71.9000015258789,71.9000015258789,3000,0.0,0.0
2025-07-02 05:20:00+00:00,71.9000015258789,72.0,71.69999694824219,71.80000305175781,26015,0.0,0.0
2025-07-03 01:00:00+00:00,72.0999984741211,72.5999984741211,72.0999984741211,72.5,0,0.0,0.0
2025-07-03 01:05:00+00:00,72.5,72.5,72.5,72.5,8003,0.0,0.0
2025-07-03 01:10:00+00:00,72.4000015258789,72.4000015258789,72.30000305175781,72.4000015258789,51004,0.0,0.0
2025-07-03 01:15:00+00:00,72.4000015258789,72.5,72.4000015258789,72.5,7321,0.0,0.0
2025-07-03 01:20:00+00:00,72.5,72.5,72.5,72.5,1157,0.0,0.0
2025-07-03 01:25:00+00:00,72.30000305175781,72.30000305175781,72.30000305175781,72.30000305175781,2000,0.0,0.0
2025-07-03 01:30:00+00:00,72.30000305175781,72.69999694824219,72.30000305175781,72.69999694824219,24254,0.0,0.0
2025-07-03 01:35:00+00:00,72.5999984741211,72.69999694824219,72.5,72.5999984741211,9028,0.0,0.0
2025-07-03 01:40:00+00:00,72.69999694824219,72.69999694824219,72.5999984741211,72.5999984741211,9450,0.0,0.0
2025-07-03 01:45:00+00:00,72.5,72.5,72.0,72.0,82046,0.0,0.0
2025-07-03 01:50:00+00:00,72.0,72.30000305175781,72.0,72.30000305175781,51274,0.0,0.0
2025-07-03 01:55:00+00:00,72.30000305175781,72.30000305175781,72.19999694824219,72.19999694824219,2352,0.0,0.0
2025-07-03 02:00:00+00:00,72.30000305175781,72.5,72.30000305175781,72.4000015258789,9200,0.0,0.0
2025-07-03 02:10:00+00:00,72.4000015258789,72.4000015258789,72.4000015258789,72.4000015258789,2000,0.0,0.0
2025-07-03 02:15:00+00:00,72.4000015258789,72.4000015258789,72.30000305175781,72.30000305175781,2000,0.0,0.0
2025-07-03 02:20:00+00:00,72.30000305175781,72.5999984741211,72.30000305175781,72.5999984741211,41071,0.0,0.0
2025-07-03 02:25:00+00:00,72.5,72.69999694824219,72.5,72.69999694824219,4000,0.0,0.0
2025-07-03 02:30:00+00:00,72.5999984741211,72.5999984741211,72.5,72.5999984741211,3150,0.0,0.0
2025-07-03 02:35:00+00:00,72.5999984741211,72.5999984741211,72.4000015258789,72.4000015258789,13139,0.0,0.0
2025-07-03 02:40:00+00:00,72.4000015258789,72.4000015258789,72.4000015258789,72.4000015258789,2000,0.0,0.0
2025-07-03 02:45:00+00:00,72.5,72.5,72.5,72.5,4008,0.0,0.0
2025-07-03 02:50:00+00:00,72.4000015258789,72.4000015258789,72.4000015258789,72.4000015258789,3000,0.0,0.0
2025-07-03 02:55:00+00:00,72.4000015258789,72.4000015258789,72.4000015258789,72.4000015258789,2000,0.0,0.0
2025-07-03 03:05:00+00:00,72.4000015258789,72.4000015258789,72.4000015258789,72.4000015258789,5000,0.0,0.0
2025-07-03 03:10:00+00:00,72.30000305175781,72.30000305175781,72.19999694824219,72.19999694824219,21001,0.0,0.0
2025-07-03 03:15:00+00:00,72.30000305175781,72.5,72.30000305175781,72.4000015258789,15000,0.0,0.0
2025-07-03 03:20:00+00:00,72.4000015258789,72.4000015258789,72.19999694824219,72.19999694824219,14014,0.0,0.0
2025-07-03 03:25:00+00:00,72.19999694824219,72.5,72.19999694824219,72.30000305175781,21118,0.0,0.0
2025-07-03 03:30:00+00:00,72.4000015258789,72.5,72.4000015258789,72.5,2000,0.0,0.0
2025-07-03 03:35:00+00:00,72.4000015258789,72.5,72.30000305175781,72.5,15000,0.0,0.0
2025-07-03 03:40:00+00:00,72.5999984741211,72.5999984741211,72.5999984741211,72.5999984741211,10000,0.0,0.0
2025-07-03 03:45:00+00:00,72.69999694824219,72.69999694824219,72.5,72.5,9347,0.0,0.0
2025-07-03 03:50:00+00:00,72.5,72.5,72.5,72.5,7000,0.0,0.0
2025-07-03 04:00:00+00:00,72.5,72.5,72.5,72.5,4000,0.0,0.0
2025-07-03 04:05:00+00:00,72.5,72.5,72.5,72.5,12000,0.0,0.0
2025-07-03 04:10:00+00:00,72.4000015258789,72.5999984741211,72.4000015258789,72.5,14001,0.0,0.0
2025-07-03 04:20:00+00:00,72.30000305175781,72.4000015258789,72.30000305175781,72.4000015258789,2000,0.0,0.0
2025-07-03 04:30:00+00:00,72.4000015258789,72.4000015258789,72.4000015258789,72.4000015258789,1000,0.0,0.0
2025-07-03 04:35:00+00:00,72.4000015258789,72.4000015258789,72.4000015258789,72.4000015258789,7000,0.0,0.0
2025-07-03 04:40:00+00:00,72.4000015258789,72.4000015258789,72.30000305175781,72.30000305175781,5034,0.0,0.0
2025-07-03 04:45:00+00:00,72.4000015258789,72.4000015258789,72.4000015258789,72.4000015258789,2000,0.0,0.0
2025-07-03 04:50:00+00:00,72.4000015258789,72.4000015258789,72.19999694824219,72.19999694824219,14000,0.0,0.0
2025-07-03 04:55:00+00:00,72.30000305175781,72.30000305175781,72.30000305175781,72.30000305175781,1060,0.0,0.0
2025-07-03 05:00:00+00:00,72.4000015258789,72.4000015258789,72.4000015258789,72.4000015258789,4250,0.0,0.0
2025-07-03 05:05:00+00:00,72.4000015258789,72.5,72.4000015258789,72.4000015258789,17500,0.0,0.0
2025-07-03 05:10:00+00:00,72.5,72.5,72.5,72.5,9117,0.0,0.0
2025-07-03 05:15:00+00:00,72.5,72.5,72.4000015258789,72.5,19050,0.0,0.0
2025-07-03 05:20:00+00:00,72.5,72.5,72.4000015258789,72.5,12053,0.0,0.0
2025-07-04 01:00:00+00:00,72.69999694824219,73.0,72.4000015258789,73.0,0,0.0,0.0
2025-07-04 01:05:00+00:00,73.0,73.0,72.5,72.5,13003,0.0,0.0
2025-07-04 01:10:00+00:00,72.5,72.5,72.5,72.5,7000,0.0,0.0
2025-07-04 01:15:00+00:00,72.4000015258789,72.4000015258789,72.0,72.0,22565,0.0,0.0
2025-07-04 01:20:00+00:00,72.0,72.0,72.0,72.0,16230,0.0,0.0
2025-07-04 01:25:00+00:00,72.0,72.0,71.80000305175781,71.80000305175781,27285,0.0,0.0
2025-07-04 01:30:00+00:00,71.80000305175781,71.80000305175781,71.30000305175781,71.4000015258789,45983,0.0,0.0
2025-07-04 01:35:00+00:00,71.4000015258789,71.5999984741211,71.19999694824219,71.5,38460,0.0,0.0
2025-07-04 01:40:00+00:00,71.30000305175781,71.4000015258789,71.0999984741211,71.0999984741211,72296,0.0,0.0
2025-07-04 01:45:00+00:00,71.0999984741211,71.0999984741211,70.80000305175781,70.80000305175781,64522,0.0,0.0
2025-07-04 01:50:00+00:00,70.80000305175781,71.0999984741211,70.80000305175781,71.0,8100,0.0,0.0
2025-07-04 01:55:00+00:00,70.9000015258789,70.9000015258789,70.80000305175781,70.9000015258789,20071,0.0,0.0
2025-07-04 02:00:00+00:00,71.0,71.0999984741211,70.9000015258789,71.0,24000,0.0,0.0
2025-07-04 02:05:00+00:00,71.0,71.0,70.9000015258789,70.9000015258789,15100,0.0,0.0
2025-07-04 02:10:00+00:00,70.9000015258789,70.9000015258789,70.5999984741211,70.69999694824219,58971,0.0,0.0
2025-07-04 02:15:00+00:00,70.80000305175781,70.80000305175781,70.80000305175781,70.80000305175781,3267,0.0,0.0
2025-07-04 02:20:00+00:00,70.69999694824219,71.0,70.69999694824219,71.0,3088,0.0,0.0
2025-07-04 02:25:00+00:00,71.0,71.30000305175781,70.9000015258789,71.30000305175781,21247,0.0,0.0
2025-07-04 02:30:00+00:00,71.0999984741211,71.0999984741211,71.0,71.0,7084,0.0,0.0
2025-07-04 02:35:00+00:00,71.0999984741211,71.0999984741211,71.0,71.0,3372,0.0,0.0
2025-07-04 02:40:00+00:00,71.0,71.0,71.0,71.0,1311,0.0,0.0
2025-07-04 02:50:00+00:00,71.0999984741211,71.0999984741211,70.80000305175781,70.9000015258789,26006,0.0,0.0
2025-07-04 02:55:00+00:00,70.9000015258789,70.9000015258789,70.9000015258789,70.9000015258789,1000,0.0,0.0
2025-07-04 03:00:00+00:00,70.9000015258789,70.9000015258789,70.9000015258789,70.9000015258789,1000,0.0,0.0
2025-07-04 03:05:00+00:00,70.9000015258789,70.9000015258789,70.80000305175781,70.80000305175781,2020,0.0,0.0
2025-07-04 03:10:00+00:00,70.80000305175781,70.9000015258789,70.80000305175781,70.9000015258789,6000,0.0,0.0
2025-07-04 03:15:00+00:00,70.9000015258789,70.9000015258789,70.9000015258789,70.9000015258789,7000,0.0,0.0
2025-07-04 03:20:00+00:00,70.9000015258789,70.9000015258789,70.9000015258789,70.9000015258789,3108,0.0,0.0
2025-07-04 03:25:00+00:00,70.9000015258789,70.9000015258789,70.9000015258789,70.9000015258789,6000,0.0,0.0
2025-07-04 03:30:00+00:00,70.9000015258789,71.30000305175781,70.9000015258789,71.0,33050,0.0,0.0
2025-07-04 03:35:00+00:00,70.9000015258789,70.9000015258789,70.80000305175781,70.80000305175781,11804,0.0,0.0
2025-07-04 03:40:00+00:00,70.80000305175781,70.80000305175781,70.80000305175781,70.80000305175781,14450,0.0,0.0
2025-07-04 03:45:00+00:00,70.69999694824219,70.69999694824219,70.69999694824219,70.69999694824219,32440,0.0,0.0
2025-07-04 03:50:00+00:00,70.5999984741211,70.69999694824219,70.5999984741211,70.5999984741211,48240,0.0,0.0
2025-07-04 03:55:00+00:00,70.5999984741211,70.69999694824219,70.5999984741211,70.5999984741211,7000,0.0,0.0
2025-07-04 04:00:00+00:00,70.69999694824219,70.69999694824219,70.5999984741211,70.69999694824219,8700,0.0,0.0
2025-07-04 04:05:00+00:00,70.69999694824219,70.69999694824219,70.69999694824219,70.69999694824219,9630,0.0,0.0
2025-07-04 04:10:00+00:00,70.69999694824219,70.80000305175781,70.5999984741211,70.80000305175781,15100,0.0,0.0
2025-07-04 04:20:00+00:00,70.80000305175781,70.80000305175781,70.69999694824219,70.69999694824219,8000,0.0,0.0
2025-07-04 04:25:00+00:00,70.69999694824219,70.69999694824219,70.69999694824219,70.69999694824219,6000,0.0,0.0
2025-07-04 04:30:00+00:00,70.80000305175781,70.80000305175781,70.69999694824219,70.69999694824219,13250,0.0,0.0
2025-07-04 04:35:00+00:00,70.69999694824219,70.69999694824219,70.69999694824219,70.69999694824219,3250,0.0,0.0
2025-07-04 04:40:00+00:00,70.69999694824219,70.80000305175781,70.69999694824219,70.80000305175781,14182,0.0,0.0
2025-07-04 04:45:00+00:00,70.69999694824219,70.69999694824219,70.69999694824219,70.69999694824219,4058,0.0,0.0
2025-07-04 04:50:00+00:00,70.80000305175781,70.80000305175781,70.69999694824219,70.69999694824219,4129,0.0,0.0
2025-07-04 04:55:00+00:00,70.69999694824219,70.69999694824219,70.69999694824219,70.69999694824219,4100,0.0,0.0
2025-07-04 05:00:00+00:00,70.69999694824219,70.80000305175781,70.5999984741211,70.80000305175781,18200,0.0,0.0
2025-07-04 05:05:00+00:00,70.5999984741211,70.69999694824219,70.5999984741211,70.5999984741211,21000,0.0,0.0
2025-07-04 05:10:00+00:00,70.5999984741211,70.5999984741211,70.5,70.5999984741211,47909,0.0,0.0
2025-07-04 05:15:00+00:00,70.5999984741211,70.5999984741211,70.5,70.5999984741211,55362,0.0,0.0
2025-07-04 05:20:00+00:00,70.5999984741211,70.5999984741211,70.5,70.5999984741211,18922,0.0,0.0
2025-05-08 01:00:00+00:00,70.9000015258789,71.5999984741211,70.9000015258789,71.0999984741211,0,0.0,0.0
2025-05-08 01:05:00+00:00,71.0,71.5999984741211,71.0,71.5,169369,0.0,0.0
2025-05-08 01:10:00+00:00,71.5,72.0999984741211,71.5,71.5,180129,0.0,0.0
2025-05-08 01:15:00+00:00,71.5,71.5,71.30000305175781,71.4000015258789,71705,0.0,0.0
2025-05-08 01:20:00+00:00,71.4000015258789,71.69999694824219,71.30000305175781,71.5999984741211,73758,0.0,0.0
2025-05-08 01:40:00+00:00,70.9000015258789,71.0999984741211,70.80000305175781,71.0,236019,0.0,0.0
2025-05-08 01:45:00+00:00,71.0999984741211,71.30000305175781,71.0999984741211,71.0999984741211,67068,0.0,0.0
2025-05-08 01:50:00+00:00,71.19999694824219,71.19999694824219,70.80000305175781,70.80000305175781,23010,0.0,0.0
2025-05-08 01:55:00+00:00,70.9000015258789,70.9000015258789,70.80000305175781,70.9000015258789,14020,0.0,0.0
2025-05-08 02:00:00+00:00,70.80000305175781,70.80000305175781,70.69999694824219,70.80000305175781,20000,0.0,0.0
2025-05-08 02:05:00+00:00,70.80000305175781,70.80000305175781,70.69999694824219,70.69999694824219,14500,0.0,0.0
2025-05-08 02:10:00+00:00,70.69999694824219,70.80000305175781,70.5999984741211,70.5999984741211,38174,0.0,0.0
2025-05-08 02:15:00+00:00,70.5999984741211,70.5999984741211,70.4000015258789,70.5,24020,0.0,0.0
2025-05-08 02:20:00+00:00,70.5,70.5999984741211,70.5,70.5,15000,0.0,0.0
2025-05-08 02:25:00+00:00,70.5,70.80000305175781,70.5,70.80000305175781,18000,0.0,0.0
2025-05-08 02:30:00+00:00,70.80000305175781,70.9000015258789,70.69999694824219,70.69999694824219,14132,0.0,0.0
2025-05-08 02:35:00+00:00,70.69999694824219,70.69999694824219,70.5999984741211,70.5999984741211,6000,0.0,0.0
2025-05-08 02:40:00+00:00,70.5999984741211,70.69999694824219,70.5999984741211,70.69999694824219,3120,0.0,0.0
2025-05-08 02:45:00+00:00,70.80000305175781,70.80000305175781,70.69999694824219,70.69999694824219,9000,0.0,0.0
2025-05-08 02:50:00+00:00,70.69999694824219,70.69999694824219,70.5999984741211,70.5999984741211,18507,0.0,0.0
2025-05-08 02:55:00+00:00,70.5,70.5,70.5,70.5,2000,0.0,0.0
2025-05-08 03:00:00+00:00,70.5999984741211,70.5999984741211,70.5999984741211,70.5999984741211,9000,0.0,0.0
2025-05-08 03:05:00+00:00,70.5999984741211,70.69999694824219,70.5999984741211,70.69999694824219,8000,0.0,0.0
2025-05-08 03:10:00+00:00,70.5999984741211,70.80000305175781,70.5999984741211,70.69999694824219,12000,0.0,0.0
2025-05-08 03:15:00+00:00,70.69999694824219,70.80000305175781,70.69999694824219,70.80000305175781,8000,0.0,0.0
2025-05-08 03:20:00+00:00,70.80000305175781,70.80000305175781,70.69999694824219,70.69999694824219,8196,0.0,0.0
2025-05-08 03:25:00+00:00,70.69999694824219,70.80000305175781,70.5999984741211,70.69999694824219,11083,0.0,0.0
2025-05-08 03:30:00+00:00,70.69999694824219,70.69999694824219,70.5999984741211,70.69999694824219,0,0.0,0.0
2025-05-08 03:35:00+00:00,70.5999984741211,70.69999694824219,70.5,70.5,602992,0.0,0.0
2025-05-08 03:40:00+00:00,70.5,70.5999984741211,70.5,70.5,27304,0.0,0.0
2025-05-08 03:45:00+00:00,70.69999694824219,70.69999694824219,70.5,70.5999984741211,7100,0.0,0.0
2025-05-08 03:50:00+00:00,70.5,70.5999984741211,70.5,70.5999984741211,7006,0.0,0.0
2025-05-08 03:55:00+00:00,70.5,70.5,70.4000015258789,70.5,23815,0.0,0.0
2025-05-08 04:00:00+00:00,70.5,70.5999984741211,70.5,70.5999984741211,6000,0.0,0.0
2025-05-08 04:05:00+00:00,70.5999984741211,70.5999984741211,70.5999984741211,70.5999984741211,9000,0.0,0.0
2025-05-08 04:10:00+00:00,70.5999984741211,70.69999694824219,70.5999984741211,70.69999694824219,10033,0.0,0.0
2025-05-08 04:15:00+00:00,70.5999984741211,70.69999694824219,70.5999984741211,70.5999984741211,8050,0.0,0.0
2025-05-08 04:20:00+00:00,70.69999694824219,70.80000305175781,70.5999984741211,70.80000305175781,27017,0.0,0.0
2025-05-08 04:25:00+00:00,70.80000305175781,70.80000305175781,70.80000305175781,70.80000305175781,14000,0.0,0.0
2025-05-08 04:30:00+00:00,70.80000305175781,70.9000015258789,70.69999694824219,70.69999694824219,17007,0.0,0.0
2025-05-08 04:35:00+00:00,70.69999694824219,70.69999694824219,70.69999694824219,70.69999694824219,13000,0.0,0.0
2025-05-08 04:40:00+00:00,70.69999694824219,70.69999694824219,70.69999694824219,70.69999694824219,10236,0.0,0.0
2025-05-08 04:45:00+00:00,70.80000305175781,70.80000305175781,70.80000305175781,70.80000305175781,7115,0.0,0.0
2025-05-08 04:50:00+00:00,70.69999694824219,70.80000305175781,70.69999694824219,70.69999694824219,23104,0.0,0.0
2025-05-08 04:55:00+00:00,70.69999694824219,70.69999694824219,70.69999694824219,70.69999694824219,4150,0.0,0.0
2025-05-08 05:00:00+00:00,70.69999694824219,70.69999694824219,70.5999984741211,70.5999984741211,21000,0.0,0.0
2025-05-08 05:05:00+00:00,70.5999984741211,70.69999694824219,70.5999984741211,70.69999694824219,23150,0.0,0.0
2025-05-08 05:10:00+00:00,70.69999694824219,70.69999694824219,70.5999984741211,70.5999984741211,4100,0.0,0.0
2025-05-08 05:15:00+00:00,70.5999984741211,70.69999694824219,70.5999984741211,70.5999984741211,24087,0.0,0.0
2025-05-08 05:20:00+00:00,70.5999984741211,70.80000305175781,70.5999984741211,70.80000305175781,60137,0.0,0.0
2025-05-09 01:00:00+00:00,71.5,71.5999984741211,70.9000015258789,70.9000015258789,0,0.0,0.0
2025-05-09 01:05:00+00:00,71.19999694824219,71.5999984741211,71.19999694824219,71.4000015258789,62028,0.0,0.0
2025-05-09 01:10:00+00:00,71.4000015258789,71.5,71.30000305175781,71.4000015258789,56996,0.0,0.0
2025-05-09 01:15:00+00:00,71.30000305175781,71.30000305175781,71.0999984741211,71.0999984741211,25000,0.0,0.0
2025-05-09 01:20:00+00:00,71.0999984741211,71.0999984741211,71.0,71.0999984741211,39348,0.0,0.0
2025-05-09 01:25:00+00:00,71.0,71.0,70.80000305175781,70.9000015258789,34069,0.0,0.0
2025-05-09 01:30:00+00:00,71.0,71.0,70.80000305175781,71.0,24000,0.0,0.0
2025-05-09 01:35:00+00:00,70.9000015258789,71.0,70.80000305175781,71.0,13460,0.0,0.0
2025-05-09 01:40:00+00:00,70.9000015258789,71.0,70.9000015258789,70.9000015258789,9010,0.0,0.0
2025-05-09 01:45:00+00:00,70.80000305175781,70.9000015258789,70.80000305175781,70.9000015258789,9160,0.0,0.0
2025-05-09 01:50:00+00:00,70.80000305175781,70.9000015258789,70.80000305175781,70.80000305175781,13000,0.0,0.0
2025-05-09 01:55:00+00:00,70.69999694824219,70.69999694824219,70.5999984741211,70.5999984741211,24429,0.0,0.0
2025-05-09 02:00:00+00:00,70.69999694824219,70.69999694824219,70.5999984741211,70.5999984741211,22472,0.0,0.0
2025-05-09 02:05:00+00:00,70.5,70.5999984741211,70.5,70.5999984741211,13001,0.0,0.0
2025-05-09 02:10:00+00:00,70.69999694824219,70.69999694824219,70.69999694824219,70.69999694824219,4000,0.0,0.0
2025-05-09 02:15:00+00:00,70.69999694824219,70.69999694824219,70.5999984741211,70.5999984741211,3000,0.0,0.0
2025-05-09 02:20:00+00:00,70.69999694824219,70.80000305175781,70.69999694824219,70.80000305175781,8010,0.0,0.0
2025-05-09 02:25:00+00:00,70.80000305175781,70.80000305175781,70.80000305175781,70.80000305175781,8150,0.0,0.0
2025-05-09 02:30:00+00:00,70.9000015258789,71.0,70.9000015258789,70.9000015258789,25105,0.0,0.0
2025-05-09 02:35:00+00:00,70.9000015258789,71.0999984741211,70.9000015258789,71.0,42270,0.0,0.0
2025-05-09 02:40:00+00:00,71.0999984741211,71.0999984741211,71.0999984741211,71.0999984741211,20000,0.0,0.0
2025-05-09 02:45:00+00:00,71.0999984741211,71.19999694824219,71.0999984741211,71.19999694824219,31000,0.0,0.0
2025-05-09 02:50:00+00:00,71.19999694824219,71.19999694824219,71.19999694824219,71.19999694824219,26000,0.0,0.0
2025-05-09 02:55:00+00:00,71.19999694824219,71.19999694824219,71.19999694824219,71.19999694824219,6000,0.0,0.0
2025-05-09 03:00:00+00:00,71.0999984741211,71.19999694824219,71.0999984741211,71.19999694824219,10000,0.0,0.0
2025-05-09 03:05:00+00:00,71.19999694824219,71.19999694824219,71.19999694824219,71.19999694824219,9000,0.0,0.0
2025-05-09 03:10:00+00:00,71.19999694824219,71.30000305175781,71.19999694824219,71.30000305175781,44829,0.0,0.0
2025-05-09 03:15:00+00:00,71.30000305175781,71.30000305175781,71.0,71.0999984741211,44010,0.0,0.0
2025-05-09 03:25:00+00:00,71.0999984741211,71.0999984741211,71.0999984741211,71.0999984741211,1020,0.0,0.0
2025-05-09 03:30:00+00:00,71.0999984741211,71.19999694824219,71.0,71.19999694824219,16225,0.0,0.0
2025-05-09 03:35:00+00:00,71.19999694824219,71.30000305175781,71.19999694824219,71.30000305175781,23000,0.0,0.0
2025-05-09 03:40:00+00:00,71.30000305175781,71.4000015258789,71.30000305175781,71.4000015258789,6000,0.0,0.0
2025-05-09 03:45:00+00:00,71.30000305175781,71.30000305175781,71.30000305175781,71.30000305175781,5000,0.0,0.0
2025-05-09 03:50:00+00:00,71.30000305175781,71.30000305175781,71.19999694824219,71.30000305175781,21000,0.0,0.0
2025-05-09 03:55:00+00:00,71.30000305175781,71.4000015258789,71.0999984741211,71.19999694824219,26240,0.0,0.0
2025-05-09 04:00:00+00:00,71.19999694824219,71.4000015258789,71.19999694824219,71.30000305175781,50000,0.0,0.0
2025-05-09 04:05:00+00:00,71.4000015258789,71.4000015258789,71.30000305175781,71.4000015258789,18148,0.0,0.0
2025-05-09 04:10:00+00:00,71.4000015258789,71.5,71.4000015258789,71.5,14000,0.0,0.0
2025-05-09 04:15:00+00:00,71.4000015258789,71.4000015258789,71.4000015258789,71.4000015258789,29486,0.0,0.0
2025-05-09 04:20:00+00:00,71.4000015258789,71.4000015258789,71.30000305175781,71.4000015258789,25000,0.0,0.0
2025-05-09 04:25:00+00:00,71.4000015258789,71.80000305175781,71.4000015258789,71.80000305175781,101642,0.0,0.0
2025-05-09 04:30:00+00:00,71.69999694824219,71.69999694824219,71.5999984741211,71.5999984741211,28016,0.0,0.0
2025-05-09 04:35:00+00:00,71.5999984741211,71.5999984741211,71.5,71.5,35234,0.0,0.0
2025-05-09 04:40:00+00:00,71.5,71.5999984741211,71.5,71.5999984741211,24216,0.0,0.0
2025-05-09 04:45:00+00:00,71.69999694824219,71.69999694824219,71.69999694824219,71.69999694824219,1030,0.0,0.0
2025-05-09 04:50:00+00:00,71.69999694824219,71.80000305175781,71.5999984741211,71.80000305175781,36000,0.0,0.0
2025-05-09 04:55:00+00:00,71.69999694824219,71.80000305175781,71.69999694824219,71.69999694824219,31001,0.0,0.0
2025-05-09 05:00:00+00:00,71.69999694824219,71.80000305175781,71.69999694824219,71.80000305175781,8169,0.0,0.0
2025-05-09 05:05:00+00:00,71.69999694824219,71.80000305175781,71.69999694824219,71.80000305175781,37041,0.0,0.0
2025-05-09 05:10:00+00:00,71.80000305175781,72.0,71.80000305175781,72.0,34220,0.0,0.0
2025-05-09 05:15:00+00:00,72.0,72.30000305175781,72.0,72.0,109552,0.0,0.0
2025-05-09 05:20:00+00:00,71.9000015258789,72.0,71.69999694824219,71.69999694824219,55277,0.0,0.0
2025-05-12 01:00:00+00:00,72.5,72.80000305175781,72.4000015258789,72.5999984741211,0,0.0,0.0
2025-05-12 01:05:00+00:00,72.5999984741211,73.0,72.5,73.0,114000,0.0,0.0
2025-05-12 01:10:00+00:00,73.0,73.19999694824219,72.5999984741211,72.80000305175781,114902,0.0,0.0
2025-05-12 01:15:00+00:00,72.9000015258789,73.30000305175781,72.9000015258789,73.0999984741211,91284,0.0,0.0
2025-05-12 01:20:00+00:00,73.0999984741211,73.30000305175781,72.9000015258789,73.19999694824219,80405,0.0,0.0
2025-05-12 01:25:00+00:00,73.19999694824219,73.30000305175781,73.19999694824219,73.30000305175781,29090,0.0,0.0
2025-05-12 01:30:00+00:00,73.4000015258789,73.80000305175781,73.0999984741211,73.69999694824219,148049,0.0,0.0
2025-05-12 01:35:00+00:00,73.69999694824219,74.5999984741211,73.5999984741211,74.5,287005,0.0,0.0
2025-05-12 01:40:00+00:00,74.5999984741211,74.5999984741211,74.0999984741211,74.4000015258789,194828,0.0,0.0
2025-05-12 01:45:00+00:00,74.4000015258789,74.5,74.19999694824219,74.19999694824219,132693,0.0,0.0
2025-05-12 01:50:00+00:00,74.19999694824219,74.19999694824219,74.0999984741211,74.0999984741211,68000,0.0,0.0
2025-05-12 01:55:00+00:00,74.0999984741211,74.19999694824219,74.0,74.19999694824219,40624,0.0,0.0
2025-05-12 02:00:00+00:00,74.30000305175781,74.5,74.30000305175781,74.4000015258789,48064,0.0,0.0
2025-05-12 02:05:00+00:00,74.30000305175781,74.30000305175781,74.19999694824219,74.19999694824219,24352,0.0,0.0
2025-05-12 02:10:00+00:00,74.19999694824219,74.30000305175781,74.0,74.0,91050,0.0,0.0
2025-05-12 02:15:00+00:00,74.0,74.19999694824219,74.0,74.0999984741211,54359,0.0,0.0
2025-05-12 02:20:00+00:00,74.0999984741211,74.30000305175781,74.0999984741211,74.19999694824219,18657,0.0,0.0
2025-05-12 02:25:00+00:00,74.19999694824219,74.30000305175781,74.19999694824219,74.19999694824219,9011,0.0,0.0
2025-05-12 02:30:00+00:00,74.30000305175781,74.30000305175781,74.30000305175781,74.30000305175781,21935,0.0,0.0
2025-05-12 02:35:00+00:00,74.30000305175781,74.30000305175781,74.19999694824219,74.30000305175781,24031,0.0,0.0
2025-05-12 02:40:00+00:00,74.30000305175781,74.30000305175781,74.19999694824219,74.19999694824219,22110,0.0,0.0
2025-05-12 02:45:00+00:00,74.19999694824219,74.19999694824219,74.19999694824219,74.19999694824219,6000,0.0,0.0
2025-05-12 02:50:00+00:00,74.19999694824219,74.19999694824219,74.19999694824219,74.19999694824219,9000,0.0,0.0
2025-05-12 02:55:00+00:00,74.19999694824219,74.19999694824219,74.0999984741211,74.19999694824219,7735,0.0,0.0
2025-05-12 03:00:00+00:00,74.19999694824219,74.19999694824219,74.0999984741211,74.0999984741211,6001,0.0,0.0
2025-05-12 03:05:00+00:00,74.19999694824219,74.19999694824219,74.0999984741211,74.0999984741211,7004,0.0,0.0
2025-05-12 03:10:00+00:00,74.19999694824219,74.19999694824219,74.0999984741211,74.0999984741211,9010,0.0,0.0
2025-05-12 03:15:00+00:00,74.0999984741211,74.19999694824219,74.0999984741211,74.19999694824219,8468,0.0,0.0
2025-05-12 03:20:00+00:00,74.19999694824219,74.19999694824219,74.0,74.0999984741211,30000,0.0,0.0
2025-05-12 03:25:00+00:00,74.0999984741211,74.19999694824219,74.0,74.0999984741211,42060,0.0,0.0
2025-05-12 03:30:00+00:00,74.0999984741211,74.30000305175781,74.0999984741211,74.30000305175781,23142,0.0,0.0
2025-05-12 03:35:00+00:00,74.30000305175781,74.30000305175781,74.19999694824219,74.30000305175781,5050,0.0,0.0
2025-05-12 03:40:00+00:00,74.30000305175781,74.30000305175781,74.19999694824219,74.19999694824219,3000,0.0,0.0
2025-05-12 03:45:00+00:00,74.19999694824219,74.19999694824219,74.19999694824219,74.19999694824219,12000,0.0,0.0
2025-05-12 03:50:00+00:00,74.19999694824219,74.19999694824219,74.19999694824219,74.19999694824219,7000,0.0,0.0
2025-05-12 03:55:00+00:00,74.19999694824219,74.19999694824219,74.0999984741211,74.0999984741211,8135,0.0,0.0
2025-05-12 04:00:00+00:00,74.0999984741211,74.0999984741211,74.0999984741211,74.0999984741211,1000,0.0,0.0
2025-05-12 04:05:00+00:00,74.0999984741211,74.19999694824219,74.0999984741211,74.19999694824219,3012,0.0,0.0
2025-05-12 04:10:00+00:00,74.19999694824219,74.19999694824219,74.0999984741211,74.0999984741211,14104,0.0,0.0
2025-05-12 04:15:00+00:00,74.0999984741211,74.19999694824219,74.0999984741211,74.19999694824219,14498,0.0,0.0
2025-05-12 04:20:00+00:00,74.19999694824219,74.19999694824219,74.0,74.0999984741211,23770,0.0,0.0
2025-05-12 04:25:00+00:00,74.19999694824219,74.30000305175781,74.0999984741211,74.30000305175781,85508,0.0,0.0
2025-05-12 04:30:00+00:00,74.4000015258789,74.5,74.30000305175781,74.4000015258789,75207,0.0,0.0
2025-05-12 04:35:00+00:00,74.4000015258789,74.5,74.4000015258789,74.4000015258789,14450,0.0,0.0
2025-05-12 04:40:00+00:00,74.4000015258789,74.4000015258789,74.4000015258789,74.4000015258789,13028,0.0,0.0
2025-05-12 04:45:00+00:00,74.4000015258789,74.5999984741211,74.4000015258789,74.5999984741211,32245,0.0,0.0
2025-05-12 04:50:00+00:00,74.5999984741211,74.5999984741211,74.5,74.5,22000,0.0,0.0
2025-05-12 04:55:00+00:00,74.5999984741211,74.5999984741211,74.5,74.5,20001,0.0,0.0
2025-05-12 05:00:00+00:00,74.5,74.5,74.4000015258789,74.4000015258789,44272,0.0,0.0
2025-05-12 05:05:00+00:00,74.4000015258789,74.4000015258789,74.4000015258789,74.4000015258789,9000,0.0,0.0
2025-05-12 05:10:00+00:00,74.4000015258789,74.4000015258789,74.30000305175781,74.30000305175781,30175,0.0,0.0
2025-05-12 05:15:00+00:00,74.30000305175781,74.4000015258789,74.30000305175781,74.30000305175781,12100,0.0,0.0
2025-05-12 05:20:00+00:00,74.4000015258789,74.4000015258789,74.19999694824219,74.19999694824219,86275,0.0,0.0
2025-05-13 01:00:00+00:00,76.0999984741211,76.5999984741211,75.5999984741211,75.80000305175781,562000,0.0,0.0
2025-05-13 01:05:00+00:00,75.80000305175781,75.80000305175781,75.30000305175781,75.4000015258789,122000,0.0,0.0
2025-05-13 01:10:00+00:00,75.5,75.5999984741211,75.4000015258789,75.4000015258789,80407,0.0,0.0
2025-05-13 01:15:00+00:00,75.4000015258789,75.5999984741211,75.0999984741211,75.19999694824219,91949,0.0,0.0
2025-05-13 01:20:00+00:00,75.19999694824219,75.19999694824219,75.0,75.0999984741211,134257,0.0,0.0
2025-05-13 01:25:00+00:00,75.0999984741211,75.19999694824219,74.80000305175781,75.0999984741211,134379,0.0,0.0
2025-05-13 01:30:00+00:00,75.0999984741211,75.0999984741211,75.0,75.0,61365,0.0,0.0
2025-05-13 01:35:00+00:00,75.0,75.0,74.5,74.5,87116,0.0,0.0
2025-05-13 01:40:00+00:00,74.5,74.80000305175781,74.5,74.69999694824219,58352,0.0,0.0
2025-05-13 01:45:00+00:00,74.69999694824219,74.69999694824219,74.5,74.5999984741211,55119,0.0,0.0
2025-05-13 01:50:00+00:00,74.5999984741211,74.69999694824219,74.5999984741211,74.5999984741211,48580,0.0,0.0
2025-05-13 01:55:00+00:00,74.5,74.5,74.19999694824219,74.5,100300,0.0,0.0
2025-05-13 02:00:00+00:00,74.5,74.5999984741211,74.4000015258789,74.4000015258789,14134,0.0,0.0
2025-05-13 02:05:00+00:00,74.5,74.5,74.4000015258789,74.5,25183,0.0,0.0
2025-05-13 02:10:00+00:00,74.4000015258789,74.5,74.0999984741211,74.0999984741211,72482,0.0,0.0
2025-05-13 02:15:00+00:00,74.0999984741211,74.0999984741211,73.9000015258789,74.0,134694,0.0,0.0
2025-05-13 02:20:00+00:00,73.9000015258789,74.19999694824219,73.9000015258789,74.19999694824219,38923,0.0,0.0
2025-05-13 02:25:00+00:00,74.0999984741211,74.0999984741211,74.0,74.0,9000,0.0,0.0
2025-05-13 02:30:00+00:00,74.0,74.0999984741211,74.0,74.0999984741211,18104,0.0,0.0
2025-05-13 02:35:00+00:00,74.0999984741211,74.19999694824219,74.0999984741211,74.19999694824219,17425,0.0,0.0
2025-05-13 02:40:00+00:00,74.19999694824219,74.19999694824219,74.0999984741211,74.0999984741211,24395,0.0,0.0
2025-05-13 02:45:00+00:00,74.19999694824219,74.30000305175781,74.0,74.0,71000,0.0,0.0
2025-05-13 02:50:00+00:00,73.9000015258789,74.0,73.9000015258789,74.0,7180,0.0,0.0
2025-05-13 02:55:00+00:00,74.0,74.0999984741211,73.9000015258789,73.9000015258789,3099,0.0,0.0
2025-05-13 03:00:00+00:00,74.0,74.0,73.69999694824219,73.69999694824219,85566,0.0,0.0
2025-05-13 03:05:00+00:00,73.69999694824219,73.80000305175781,73.4000015258789,73.80000305175781,122802,0.0,0.0
2025-05-13 03:10:00+00:00,73.80000305175781,73.80000305175781,73.80000305175781,73.80000305175781,7100,0.0,0.0
2025-05-13 03:15:00+00:00,73.69999694824219,73.80000305175781,73.5,73.5999984741211,22004,0.0,0.0
2025-05-13 03:20:00+00:00,73.5999984741211,73.69999694824219,73.5999984741211,73.5999984741211,11256,0.0,0.0
2025-05-13 03:25:00+00:00,73.5999984741211,73.80000305175781,73.5999984741211,73.5999984741211,40000,0.0,0.0
2025-05-13 03:30:00+00:00,73.5,73.69999694824219,73.5,73.69999694824219,53003,0.0,0.0
2025-05-13 03:35:00+00:00,73.69999694824219,73.69999694824219,73.69999694824219,73.69999694824219,7018,0.0,0.0
2025-05-13 03:40:00+00:00,73.5999984741211,73.5999984741211,73.5,73.5,17000,0.0,0.0
2025-05-13 03:45:00+00:00,73.5,73.5999984741211,73.5,73.5999984741211,19012,0.0,0.0
2025-05-13 03:50:00+00:00,73.5999984741211,73.5999984741211,73.5,73.5999984741211,3100,0.0,0.0
2025-05-13 03:55:00+00:00,73.5999984741211,73.69999694824219,73.5,73.5,25032,0.0,0.0
2025-05-13 04:00:00+00:00,73.5999984741211,73.5999984741211,73.5,73.5,6651,0.0,0.0
2025-05-13 04:05:00+00:00,73.69999694824219,73.69999694824219,73.69999694824219,73.69999694824219,1000,0.0,0.0
2025-05-13 04:10:00+00:00,73.69999694824219,73.69999694824219,73.5999984741211,73.69999694824219,5502,0.0,0.0
2025-05-13 04:15:00+00:00,73.5999984741211,73.5999984741211,73.5,73.5,24044,0.0,0.0
2025-05-13 04:20:00+00:00,73.5,73.5999984741211,73.5,73.5999984741211,12010,0.0,0.0
2025-05-13 04:25:00+00:00,73.5,73.5999984741211,73.5,73.5,7905,0.0,0.0
2025-05-13 04:30:00+00:00,73.5,73.5,73.5,73.5,29500,0.0,0.0
2025-05-13 04:35:00+00:00,73.5999984741211,73.5999984741211,73.5,73.5,25060,0.0,0.0
2025-05-13 04:40:00+00:00,73.5999984741211,73.5999984741211,73.5,73.5,5050,0.0,0.0
2025-05-13 04:45:00+00:00,73.5,73.5999984741211,73.5,73.5999984741211,15046,0.0,0.0
2025-05-13 04:50:00+00:00,73.5,73.5999984741211,73.5,73.5999984741211,14684,0.0,0.0
2025-05-13 04:55:00+00:00,73.5,73.5999984741211,73.5,73.5999984741211,9520,0.0,0.0
2025-05-13 05:00:00+00:00,73.69999694824219,74.0,73.69999694824219,73.9000015258789,41184,0.0,0.0
2025-05-13 05:05:00+00:00,73.80000305175781,73.80000305175781,73.69999694824219,73.69999694824219,21274,0.0,0.0
2025-05-13 05:10:00+00:00,73.69999694824219,73.80000305175781,73.5999984741211,73.5999984741211,38130,0.0,0.0
2025-05-13 05:15:00+00:00,73.5999984741211,73.80000305175781,73.5999984741211,73.80000305175781,20038,0.0,0.0
2025-05-13 05:20:00+00:00,73.69999694824219,73.80000305175781,73.5999984741211,73.69999694824219,29321,0.0,0.0
2025-05-14 01:00:00+00:00,74.80000305175781,74.80000305175781,73.80000305175781,74.0,66000,0.0,0.0
2025-05-14 01:05:00+00:00,74.0,74.19999694824219,73.9000015258789,74.0,61630,0.0,0.0
2025-05-14 01:10:00+00:00,73.9000015258789,74.0,73.80000305175781,74.0,50180,0.0,0.0
2025-05-14 01:15:00+00:00,73.9000015258789,74.0,73.80000305175781,73.80000305175781,52130,0.0,0.0
2025-05-14 01:20:00+00:00,74.0,74.0999984741211,74.0,74.0999984741211,25234,0.0,0.0
2025-05-14 01:25:00+00:00,74.0,74.4000015258789,74.0,74.30000305175781,17438,0.0,0.0
2025-05-14 01:30:00+00:00,74.4000015258789,74.5,74.30000305175781,74.4000015258789,33186,0.0,0.0
2025-05-14 01:35:00+00:00,74.30000305175781,74.30000305175781,74.19999694824219,74.30000305175781,20122,0.0,0.0
2025-05-14 01:40:00+00:00,74.30000305175781,74.4000015258789,74.30000305175781,74.4000015258789,17290,0.0,0.0
2025-05-14 01:45:00+00:00,74.4000015258789,74.5,74.4000015258789,74.5,46391,0.0,0.0
2025-05-14 01:50:00+00:00,74.5,74.5999984741211,74.5,74.5999984741211,45127,0.0,0.0
2025-05-14 01:55:00+00:00,74.5999984741211,74.5999984741211,74.5999984741211,74.5999984741211,22149,0.0,0.0
2025-05-14 02:00:00+00:00,74.5999984741211,74.5999984741211,74.5,74.5,22190,0.0,0.0
2025-05-14 02:05:00+00:00,74.5,74.5999984741211,74.5,74.5,14100,0.0,0.0
2025-05-14 02:10:00+00:00,74.5,74.5,74.4000015258789,74.4000015258789,27000,0.0,0.0
2025-05-14 02:15:00+00:00,74.5,74.5,74.4000015258789,74.5,10000,0.0,0.0
2025-05-14 02:20:00+00:00,74.5,74.5,74.4000015258789,74.4000015258789,19065,0.0,0.0
2025-05-14 02:25:00+00:00,74.4000015258789,74.5,74.4000015258789,74.4000015258789,35070,0.0,0.0
2025-05-14 02:30:00+00:00,74.5,74.5999984741211,74.5,74.5,20072,0.0,0.0
2025-05-14 02:35:00+00:00,74.5,74.5,74.4000015258789,74.4000015258789,26141,0.0,0.0
2025-05-14 02:40:00+00:00,74.4000015258789,74.4000015258789,74.4000015258789,74.4000015258789,27000,0.0,0.0
2025-05-14 02:45:00+00:00,74.5,74.5,74.4000015258789,74.4000015258789,7127,0.0,0.0
2025-05-14 02:50:00+00:00,74.30000305175781,74.4000015258789,74.30000305175781,74.30000305175781,10000,0.0,0.0
2025-05-14 02:55:00+00:00,74.30000305175781,74.4000015258789,74.30000305175781,74.4000015258789,12000,0.0,0.0
2025-05-14 03:00:00+00:00,74.4000015258789,74.4000015258789,74.30000305175781,74.4000015258789,19414,0.0,0.0
2025-05-14 03:05:00+00:00,74.4000015258789,74.4000015258789,74.4000015258789,74.4000015258789,2080,0.0,0.0
2025-05-14 03:10:00+00:00,74.4000015258789,74.5,74.4000015258789,74.4000015258789,6402,0.0,0.0
2025-05-14 03:15:00+00:00,74.4000015258789,74.5999984741211,74.4000015258789,74.5,57029,0.0,0.0
2025-05-14 03:20:00+00:00,74.5999984741211,74.5999984741211,74.5,74.5,5000,0.0,0.0
2025-05-14 03:25:00+00:00,74.5,74.5999984741211,74.5,74.5999984741211,4897,0.0,0.0
2025-05-14 03:30:00+00:00,74.5999984741211,74.5999984741211,74.5,74.5,9050,0.0,0.0
2025-05-14 03:35:00+00:00,74.5,74.5,74.4000015258789,74.4000015258789,16034,0.0,0.0
2025-05-14 03:40:00+00:00,74.4000015258789,74.4000015258789,74.4000015258789,74.4000015258789,2000,0.0,0.0
2025-05-14 03:45:00+00:00,74.4000015258789,74.5,74.4000015258789,74.5,14089,0.0,0.0
2025-05-14 03:50:00+00:00,74.5,74.5999984741211,74.5,74.5999984741211,47040,0.0,0.0
2025-05-14 03:55:00+00:00,74.5999984741211,74.5999984741211,74.5,74.5,21127,0.0,0.0
2025-05-14 04:00:00+00:00,74.5,74.5999984741211,74.5,74.5,11050,0.0,0.0
2025-05-14 04:05:00+00:00,74.5999984741211,74.5999984741211,74.5999984741211,74.5999984741211,3075,0.0,0.0
2025-05-14 04:10:00+00:00,74.5,74.5,74.5,74.5,2053,0.0,0.0
2025-05-14 04:15:00+00:00,74.5,74.5,74.5,74.5,10068,0.0,0.0
2025-05-14 04:20:00+00:00,74.5999984741211,74.80000305175781,74.5999984741211,74.80000305175781,84922,0.0,0.0
2025-05-14 04:25:00+00:00,74.80000305175781,74.80000305175781,74.69999694824219,74.80000305175781,29385,0.0,0.0
2025-05-14 04:30:00+00:00,74.9000015258789,74.9000015258789,74.80000305175781,74.9000015258789,47869,0.0,0.0
2025-05-14 04:35:00+00:00,74.9000015258789,75.0,74.9000015258789,75.0,43497,0.0,0.0
2025-05-14 04:40:00+00:00,75.0,75.0,74.9000015258789,74.9000015258789,64274,0.0,0.0
2025-05-14 04:45:00+00:00,75.0,75.0999984741211,75.0,75.0999984741211,29835,0.0,0.0
2025-05-14 04:50:00+00:00,75.0,75.0999984741211,75.0,75.0,31135,0.0,0.0
2025-05-14 04:55:00+00:00,75.0,75.0,74.9000015258789,74.9000015258789,5035,0.0,0.0
2025-05-14 05:00:00+00:00,75.0,75.0,74.9000015258789,75.0,25223,0.0,0.0
2025-05-14 05:05:00+00:00,75.0,75.0,74.9000015258789,75.0,7168,0.0,0.0
2025-05-14 05:10:00+00:00,74.9000015258789,75.0,74.9000015258789,75.0,26227,0.0,0.0
2025-05-14 05:15:00+00:00,75.0,75.0,74.9000015258789,75.0,13322,0.0,0.0
2025-05-14 05:20:00+00:00,74.9000015258789,75.0,74.9000015258789,74.9000015258789,24868,0.0,0.0
2025-05-15 01:00:00+00:00,75.30000305175781,75.30000305175781,74.80000305175781,75.0999984741211,0,0.0,0.0
2025-05-15 01:05:00+00:00,75.19999694824219,75.19999694824219,75.0999984741211,75.0999984741211,23006,0.0,0.0
2025-05-15 01:10:00+00:00,75.0999984741211,75.4000015258789,75.0999984741211,75.0999984741211,46044,0.0,0.0
2025-05-15 01:15:00+00:00,75.30000305175781,75.30000305175781,75.19999694824219,75.19999694824219,22250,0.0,0.0
2025-05-15 01:20:00+00:00,75.19999694824219,75.19999694824219,74.4000015258789,74.4000015258789,96464,0.0,0.0
2025-05-15 01:25:00+00:00,74.4000015258789,74.5,74.4000015258789,74.4000015258789,27790,0.0,0.0
2025-05-15 01:30:00+00:00,74.5,74.5,74.19999694824219,74.30000305175781,47000,0.0,0.0
2025-05-15 01:35:00+00:00,74.5,74.9000015258789,74.5,74.9000015258789,21330,0.0,0.0
2025-05-15 01:40:00+00:00,75.0,75.0999984741211,74.9000015258789,75.0999984741211,21115,0.0,0.0
2025-05-15 01:45:00+00:00,74.9000015258789,75.0999984741211,74.9000015258789,75.0,17023,0.0,0.0
2025-05-15 01:50:00+00:00,75.0999984741211,75.19999694824219,74.80000305175781,74.80000305175781,26336,0.0,0.0
2025-05-15 01:55:00+00:00,74.80000305175781,74.80000305175781,74.80000305175781,74.80000305175781,22192,0.0,0.0
2025-05-15 02:00:00+00:00,74.80000305175781,74.80000305175781,74.80000305175781,74.80000305175781,5597,0.0,0.0
2025-05-15 02:05:00+00:00,74.80000305175781,74.80000305175781,74.69999694824219,74.69999694824219,10168,0.0,0.0
2025-05-15 02:10:00+00:00,74.69999694824219,74.69999694824219,74.5999984741211,74.5999984741211,16014,0.0,0.0
2025-05-15 02:15:00+00:00,74.5999984741211,74.69999694824219,74.5,74.69999694824219,7089,0.0,0.0
2025-05-15 02:25:00+00:00,74.69999694824219,74.69999694824219,74.69999694824219,74.69999694824219,7000,0.0,0.0
2025-05-15 02:30:00+00:00,74.69999694824219,74.80000305175781,74.69999694824219,74.80000305175781,12103,0.0,0.0
2025-05-15 02:35:00+00:00,74.80000305175781,74.80000305175781,74.80000305175781,74.80000305175781,11002,0.0,0.0
2025-05-15 02:40:00+00:00,74.80000305175781,74.80000305175781,74.80000305175781,74.80000305175781,18003,0.0,0.0
2025-05-15 02:45:00+00:00,74.80000305175781,74.80000305175781,74.80000305175781,74.80000305175781,11108,0.0,0.0
2025-05-15 02:50:00+00:00,74.80000305175781,74.80000305175781,74.80000305175781,74.80000305175781,2000,0.0,0.0
2025-05-15 02:55:00+00:00,74.69999694824219,74.80000305175781,74.69999694824219,74.80000305175781,13100,0.0,0.0
2025-05-15 03:00:00+00:00,74.80000305175781,74.9000015258789,74.80000305175781,74.80000305175781,3000,0.0,0.0
2025-05-15 03:05:00+00:00,74.80000305175781,74.80000305175781,74.80000305175781,74.80000305175781,2000,0.0,0.0
2025-05-15 03:10:00+00:00,74.80000305175781,74.80000305175781,74.69999694824219,74.69999694824219,25200,0.0,0.0
2025-05-15 03:15:00+00:00,74.69999694824219,74.69999694824219,74.69999694824219,74.69999694824219,1000,0.0,0.0
2025-05-15 03:20:00+00:00,74.69999694824219,74.69999694824219,74.69999694824219,74.69999694824219,2100,0.0,0.0
2025-05-15 03:25:00+00:00,74.69999694824219,74.69999694824219,74.69999694824219,74.69999694824219,6139,0.0,0.0
2025-05-15 03:30:00+00:00,74.69999694824219,74.69999694824219,74.5999984741211,74.5999984741211,8000,0.0,0.0
2025-05-15 03:35:00+00:00,74.5999984741211,74.5999984741211,74.5999984741211,74.5999984741211,5400,0.0,0.0
2025-05-15 03:40:00+00:00,74.5999984741211,74.5999984741211,74.5999984741211,74.5999984741211,1116,0.0,0.0
2025-05-15 03:45:00+00:00,74.5999984741211,74.5999984741211,74.5,74.5,15002,0.0,0.0
2025-05-15 03:50:00+00:00,74.5999984741211,74.5999984741211,74.5999984741211,74.5999984741211,2050,0.0,0.0
2025-05-15 03:55:00+00:00,74.5,74.5999984741211,74.5,74.5,42355,0.0,0.0
2025-05-15 04:00:00+00:00,74.4000015258789,74.4000015258789,74.4000015258789,74.4000015258789,23003,0.0,0.0
2025-05-15 04:05:00+00:00,74.4000015258789,74.4000015258789,74.4000015258789,74.4000015258789,21582,0.0,0.0
2025-05-15 04:10:00+00:00,74.30000305175781,74.30000305175781,74.30000305175781,74.30000305175781,32524,0.0,0.0
2025-05-15 04:15:00+00:00,74.19999694824219,74.30000305175781,74.19999694824219,74.30000305175781,13940,0.0,0.0
2025-05-15 04:20:00+00:00,74.19999694824219,74.30000305175781,74.0,74.30000305175781,120368,0.0,0.0
2025-05-15 04:25:00+00:00,74.19999694824219,74.30000305175781,74.19999694824219,74.30000305175781,9000,0.0,0.0
2025-05-15 04:30:00+00:00,74.30000305175781,74.30000305175781,74.0,74.0,95000,0.0,0.0
2025-05-15 04:40:00+00:00,74.0999984741211,74.4000015258789,74.0999984741211,74.4000015258789,17000,0.0,0.0
2025-05-15 04:45:00+00:00,74.4000015258789,74.4000015258789,74.30000305175781,74.30000305175781,13000,0.0,0.0
2025-05-15 04:50:00+00:00,74.30000305175781,74.4000015258789,74.30000305175781,74.4000015258789,12360,0.0,0.0
2025-05-15 04:55:00+00:00,74.4000015258789,74.4000015258789,74.30000305175781,74.30000305175781,17015,0.0,0.0
2025-05-15 05:00:00+00:00,74.4000015258789,74.4000015258789,74.4000015258789,74.4000015258789,7130,0.0,0.0
2025-05-15 05:05:00+00:00,74.4000015258789,74.5,74.4000015258789,74.4000015258789,10173,0.0,0.0
2025-05-15 05:10:00+00:00,74.4000015258789,74.5,74.4000015258789,74.5,16327,0.0,0.0
2025-05-15 05:15:00+00:00,74.4000015258789,74.5,74.4000015258789,74.5,23300,0.0,0.0
2025-05-15 05:20:00+00:00,74.5,74.5999984741211,74.4000015258789,74.5999984741211,21040,0.0,0.0
2025-05-16 01:00:00+00:00,74.69999694824219,74.69999694824219,74.19999694824219,74.19999694824219,0,0.0,0.0
2025-05-16 01:05:00+00:00,74.5,74.80000305175781,74.5,74.80000305175781,23050,0.0,0.0
2025-05-16 01:10:00+00:00,74.80000305175781,74.80000305175781,74.69999694824219,74.69999694824219,7110,0.0,0.0
2025-05-16 01:15:00+00:00,74.69999694824219,74.69999694824219,74.5999984741211,74.5999984741211,8000,0.0,0.0
2025-05-16 01:20:00+00:00,74.5999984741211,74.5999984741211,74.5999984741211,74.5999984741211,19025,0.0,0.0
2025-05-16 01:25:00+00:00,74.5999984741211,74.5999984741211,74.5999984741211,74.5999984741211,7000,0.0,0.0
2025-05-16 01:30:00+00:00,74.69999694824219,74.80000305175781,74.5999984741211,74.80000305175781,12100,0.0,0.0
2025-05-16 01:35:00+00:00,74.80000305175781,74.9000015258789,74.80000305175781,74.80000305175781,9000,0.0,0.0
2025-05-16 01:40:00+00:00,74.80000305175781,75.0,74.69999694824219,75.0,29150,0.0,0.0
2025-05-16 01:45:00+00:00,75.0999984741211,75.0999984741211,75.0,75.0,20000,0.0,0.0
2025-05-16 01:50:00+00:00,75.0,75.0,74.80000305175781,74.80000305175781,18010,0.0,0.0
2025-05-16 01:55:00+00:00,74.80000305175781,75.0,74.80000305175781,75.0,8102,0.0,0.0
2025-05-16 02:00:00+00:00,74.9000015258789,74.9000015258789,74.9000015258789,74.9000015258789,14000,0.0,0.0
2025-05-16 02:05:00+00:00,74.80000305175781,74.80000305175781,74.80000305175781,74.80000305175781,12400,0.0,0.0
2025-05-16 02:10:00+00:00,74.80000305175781,74.80000305175781,74.69999694824219,74.69999694824219,14319,0.0,0.0
2025-05-16 02:15:00+00:00,74.5999984741211,74.69999694824219,74.5999984741211,74.5999984741211,7902,0.0,0.0
2025-05-16 02:20:00+00:00,74.69999694824219,74.69999694824219,74.69999694824219,74.69999694824219,11365,0.0,0.0
2025-05-16 02:25:00+00:00,74.69999694824219,74.80000305175781,74.69999694824219,74.80000305175781,17083,0.0,0.0
2025-05-16 02:30:00+00:00,74.80000305175781,74.80000305175781,74.69999694824219,74.69999694824219,23000,0.0,0.0
2025-05-16 02:35:00+00:00,74.69999694824219,74.80000305175781,74.69999694824219,74.80000305175781,4000,0.0,0.0
2025-05-16 02:40:00+00:00,74.69999694824219,74.80000305175781,74.69999694824219,74.80000305175781,2000,0.0,0.0
2025-05-16 02:45:00+00:00,74.80000305175781,74.80000305175781,74.5999984741211,74.80000305175781,16001,0.0,0.0
2025-05-16 02:55:00+00:00,74.5999984741211,74.5999984741211,74.5999984741211,74.5999984741211,1000,0.0,0.0
2025-05-16 03:00:00+00:00,74.5999984741211,74.69999694824219,74.5999984741211,74.5999984741211,10013,0.0,0.0
2025-05-16 03:10:00+00:00,74.69999694824219,74.69999694824219,74.5999984741211,74.69999694824219,13000,0.0,0.0
2025-05-16 03:15:00+00:00,74.5999984741211,74.5999984741211,74.4000015258789,74.4000015258789,49942,0.0,0.0
2025-05-16 03:20:00+00:00,74.4000015258789,74.4000015258789,74.30000305175781,74.4000015258789,25000,0.0,0.0
2025-05-16 03:25:00+00:00,74.4000015258789,74.4000015258789,74.4000015258789,74.4000015258789,6000,0.0,0.0
2025-05-16 03:30:00+00:00,74.4000015258789,74.4000015258789,74.4000015258789,74.4000015258789,7100,0.0,0.0
2025-05-16 03:35:00+00:00,74.4000015258789,74.4000015258789,74.4000015258789,74.4000015258789,1068,0.0,0.0
2025-05-16 03:40:00+00:00,74.4000015258789,74.4000015258789,74.4000015258789,74.4000015258789,4152,0.0,0.0
2025-05-16 03:45:00+00:00,74.4000015258789,74.4000015258789,74.19999694824219,74.19999694824219,31000,0.0,0.0
2025-05-16 03:50:00+00:00,74.19999694824219,74.30000305175781,74.19999694824219,74.30000305175781,8006,0.0,0.0
2025-05-16 03:55:00+00:00,74.30000305175781,74.30000305175781,74.19999694824219,74.19999694824219,34000,0.0,0.0
2025-05-16 04:00:00+00:00,74.19999694824219,74.30000305175781,74.19999694824219,74.30000305175781,14104,0.0,0.0
2025-05-16 04:10:00+00:00,74.30000305175781,74.30000305175781,74.0999984741211,74.0999984741211,16001,0.0,0.0
2025-05-16 04:15:00+00:00,74.19999694824219,74.19999694824219,74.19999694824219,74.19999694824219,1130,0.0,0.0
2025-05-16 04:20:00+00:00,74.19999694824219,74.30000305175781,74.0999984741211,74.30000305175781,12035,0.0,0.0
2025-05-16 04:25:00+00:00,74.0999984741211,74.30000305175781,74.0999984741211,74.30000305175781,2200,0.0,0.0
2025-05-16 04:30:00+00:00,74.19999694824219,74.30000305175781,74.19999694824219,74.30000305175781,4200,0.0,0.0
2025-05-16 04:35:00+00:00,74.30000305175781,74.30000305175781,74.30000305175781,74.30000305175781,10000,0.0,0.0
2025-05-16 04:40:00+00:00,74.30000305175781,74.30000305175781,74.30000305175781,74.30000305175781,4100,0.0,0.0
2025-05-16 04:45:00+00:00,74.30000305175781,74.30000305175781,74.30000305175781,74.30000305175781,7091,0.0,0.0
2025-05-16 04:50:00+00:00,74.30000305175781,74.30000305175781,74.30000305175781,74.30000305175781,2100,0.0,0.0
2025-05-16 04:55:00+00:00,74.30000305175781,74.30000305175781,74.30000305175781,74.30000305175781,1000,0.0,0.0
2025-05-16 05:00:00+00:00,74.30000305175781,74.30000305175781,74.19999694824219,74.30000305175781,30218,0.0,0.0
2025-05-16 05:05:00+00:00,74.19999694824219,74.19999694824219,74.19999694824219,74.19999694824219,7070,0.0,0.0
2025-05-16 05:10:00+00:00,74.19999694824219,74.19999694824219,74.19999694824219,74.19999694824219,9000,0.0,0.0
2025-05-16 05:15:00+00:00,74.19999694824219,74.19999694824219,74.19999694824219,74.19999694824219,25510,0.0,0.0
2025-05-16 05:20:00+00:00,74.19999694824219,74.30000305175781,74.19999694824219,74.30000305175781,13238,0.0,0.0
2025-05-19 01:00:00+00:00,74.5,75.5999984741211,74.5,75.0,0,0.0,0.0
2025-05-19 01:05:00+00:00,75.0,75.19999694824219,74.80000305175781,75.19999694824219,63303,0.0,0.0
2025-05-19 01:10:00+00:00,75.19999694824219,75.19999694824219,74.5999984741211,74.5999984741211,125679,0.0,0.0
2025-05-19 01:15:00+00:00,74.5999984741211,74.5999984741211,74.5,74.5,37035,0.0,0.0
2025-05-19 01:20:00+00:00,74.4000015258789,74.5999984741211,74.4000015258789,74.5999984741211,42287,0.0,0.0
2025-05-19 01:25:00+00:00,74.69999694824219,74.69999694824219,74.5999984741211,74.69999694824219,17000,0.0,0.0
2025-05-19 01:30:00+00:00,74.69999694824219,74.69999694824219,74.5,74.5,42006,0.0,0.0
2025-05-19 01:35:00+00:00,74.4000015258789,74.5,74.30000305175781,74.5,16368,0.0,0.0
2025-05-19 01:40:00+00:00,74.5,74.5,74.4000015258789,74.5,18000,0.0,0.0
2025-05-19 01:45:00+00:00,74.5,74.5,74.4000015258789,74.4000015258789,16000,0.0,0.0
2025-05-19 01:50:00+00:00,74.4000015258789,74.4000015258789,74.4000015258789,74.4000015258789,11003,0.0,0.0
2025-05-19 01:55:00+00:00,74.5999984741211,74.5999984741211,74.5,74.5,13800,0.0,0.0
2025-05-19 02:00:00+00:00,74.5999984741211,74.5999984741211,74.5999984741211,74.5999984741211,8011,0.0,0.0
2025-05-19 02:05:00+00:00,74.5,74.5,74.4000015258789,74.4000015258789,28054,0.0,0.0
2025-05-19 02:10:00+00:00,74.4000015258789,74.5,74.4000015258789,74.5,2009,0.0,0.0
2025-05-19 02:15:00+00:00,74.5,74.5999984741211,74.5,74.5999984741211,14028,0.0,0.0
2025-05-19 02:20:00+00:00,74.69999694824219,75.0,74.69999694824219,75.0,25141,0.0,0.0
2025-05-19 02:25:00+00:00,74.9000015258789,74.9000015258789,74.80000305175781,74.9000015258789,7000,0.0,0.0
2025-05-19 02:30:00+00:00,75.0,75.0999984741211,75.0,75.0,28000,0.0,0.0
2025-05-19 02:35:00+00:00,74.9000015258789,74.9000015258789,74.80000305175781,74.80000305175781,7000,0.0,0.0
2025-05-19 02:40:00+00:00,74.80000305175781,74.80000305175781,74.80000305175781,74.80000305175781,7000,0.0,0.0
2025-05-19 02:45:00+00:00,74.80000305175781,74.80000305175781,74.69999694824219,74.69999694824219,82200,0.0,0.0
2025-05-19 02:50:00+00:00,74.80000305175781,74.9000015258789,74.80000305175781,74.9000015258789,2311,0.0,0.0
2025-05-19 03:00:00+00:00,74.9000015258789,74.9000015258789,74.80000305175781,74.80000305175781,12200,0.0,0.0
2025-05-19 03:05:00+00:00,74.69999694824219,74.80000305175781,74.69999694824219,74.80000305175781,4024,0.0,0.0
2025-05-19 03:10:00+00:00,74.80000305175781,74.80000305175781,74.80000305175781,74.80000305175781,14010,0.0,0.0
2025-05-19 03:15:00+00:00,74.80000305175781,74.80000305175781,74.80000305175781,74.80000305175781,1001,0.0,0.0
2025-05-19 03:20:00+00:00,74.80000305175781,74.80000305175781,74.80000305175781,74.80000305175781,5030,0.0,0.0
2025-05-19 03:25:00+00:00,74.69999694824219,74.69999694824219,74.5999984741211,74.69999694824219,22006,0.0,0.0
2025-05-19 03:30:00+00:00,74.69999694824219,74.69999694824219,74.5,74.5,59015,0.0,0.0
2025-05-19 03:35:00+00:00,74.5,74.5999984741211,74.5,74.5999984741211,19010,0.0,0.0
2025-05-19 03:40:00+00:00,74.5,74.5,74.4000015258789,74.4000015258789,21468,0.0,0.0
2025-05-19 03:45:00+00:00,74.5,74.5,74.5,74.5,6116,0.0,0.0
2025-05-19 03:50:00+00:00,74.4000015258789,74.4000015258789,74.4000015258789,74.4000015258789,4000,0.0,0.0
2025-05-19 03:55:00+00:00,74.5,74.5,74.5,74.5,21000,0.0,0.0
2025-05-19 04:00:00+00:00,74.5,74.5,74.5,74.5,7200,0.0,0.0
2025-05-19 04:05:00+00:00,74.5,74.5,74.5,74.5,10000,0.0,0.0
2025-05-19 04:10:00+00:00,74.5,74.5999984741211,74.5,74.5999984741211,3117,0.0,0.0
2025-05-19 04:15:00+00:00,74.5,74.5,74.5,74.5,1001,0.0,0.0
2025-05-19 04:20:00+00:00,74.5,74.5999984741211,74.5,74.5,11012,0.0,0.0
2025-05-19 04:25:00+00:00,74.5,74.5,74.5,74.5,7000,0.0,0.0
2025-05-19 04:30:00+00:00,74.5,74.5,74.5,74.5,11178,0.0,0.0
2025-05-19 04:35:00+00:00,74.5,74.5,74.5,74.5,8000,0.0,0.0
2025-05-19 04:40:00+00:00,74.4000015258789,74.5,74.4000015258789,74.5,12000,0.0,0.0
2025-05-19 04:45:00+00:00,74.5,74.5,74.30000305175781,74.30000305175781,98195,0.0,0.0
2025-05-19 04:50:00+00:00,74.30000305175781,74.30000305175781,74.19999694824219,74.19999694824219,18000,0.0,0.0
2025-05-19 04:55:00+00:00,74.19999694824219,74.19999694824219,74.0999984741211,74.0999984741211,74705,0.0,0.0
2025-05-19 05:00:00+00:00,74.0999984741211,74.0999984741211,74.0999984741211,74.0999984741211,13000,0.0,0.0
2025-05-19 05:05:00+00:00,74.0999984741211,74.19999694824219,74.0999984741211,74.0999984741211,16016,0.0,0.0
2025-05-19 05:10:00+00:00,74.0999984741211,74.0999984741211,74.0,74.0999984741211,27700,0.0,0.0
2025-05-19 05:15:00+00:00,74.0999984741211,74.0999984741211,74.0,74.0999984741211,25151,0.0,0.0
2025-05-19 05:20:00+00:00,74.0,74.0999984741211,73.9000015258789,74.0,101065,0.0,0.0
2025-05-20 01:00:00+00:00,74.5,74.69999694824219,74.0999984741211,74.5,0,0.0,0.0
2025-05-20 01:05:00+00:00,74.5,74.69999694824219,74.5,74.5999984741211,54049,0.0,0.0
2025-05-20 01:10:00+00:00,74.5999984741211,74.5999984741211,74.4000015258789,74.5,10887,0.0,0.0
2025-05-20 01:15:00+00:00,74.5,74.5,74.5,74.5,2513,0.0,0.0
2025-05-20 01:20:00+00:00,74.5,74.5999984741211,74.5,74.5999984741211,19010,0.0,0.0
2025-05-20 01:25:00+00:00,74.5999984741211,74.5999984741211,74.5,74.5,8000,0.0,0.0
2025-05-20 01:30:00+00:00,74.4000015258789,74.4000015258789,74.0999984741211,74.19999694824219,36453,0.0,0.0
2025-05-20 01:35:00+00:00,74.19999694824219,74.19999694824219,74.19999694824219,74.19999694824219,8410,0.0,0.0
2025-05-20 01:40:00+00:00,74.19999694824219,74.19999694824219,74.0999984741211,74.0999984741211,5000,0.0,0.0
2025-05-20 01:45:00+00:00,74.0999984741211,74.30000305175781,74.0999984741211,74.30000305175781,16003,0.0,0.0
2025-05-20 01:50:00+00:00,74.30000305175781,74.4000015258789,74.30000305175781,74.4000015258789,7190,0.0,0.0
2025-05-20 01:55:00+00:00,74.4000015258789,74.4000015258789,74.30000305175781,74.30000305175781,13025,0.0,0.0
2025-05-20 02:05:00+00:00,74.30000305175781,74.30000305175781,74.19999694824219,74.19999694824219,5247,0.0,0.0
2025-05-20 02:10:00+00:00,74.19999694824219,74.19999694824219,74.19999694824219,74.19999694824219,4000,0.0,0.0
2025-05-20 02:15:00+00:00,74.19999694824219,74.19999694824219,74.19999694824219,74.19999694824219,6000,0.0,0.0
2025-05-20 02:20:00+00:00,74.19999694824219,74.19999694824219,74.0999984741211,74.0999984741211,10010,0.0,0.0
2025-05-20 02:25:00+00:00,74.0999984741211,74.19999694824219,74.0999984741211,74.0999984741211,7287,0.0,0.0
2025-05-20 02:30:00+00:00,74.0999984741211,74.0999984741211,74.0,74.0999984741211,23405,0.0,0.0
2025-05-20 02:35:00+00:00,74.19999694824219,74.30000305175781,74.19999694824219,74.19999694824219,13030,0.0,0.0
2025-05-20 02:40:00+00:00,74.30000305175781,74.5,74.30000305175781,74.4000015258789,23000,0.0,0.0
2025-05-20 02:45:00+00:00,74.4000015258789,74.4000015258789,74.30000305175781,74.30000305175781,5000,0.0,0.0
2025-05-20 02:50:00+00:00,74.30000305175781,74.30000305175781,74.30000305175781,74.30000305175781,2000,0.0,0.0
2025-05-20 02:55:00+00:00,74.30000305175781,74.30000305175781,74.30000305175781,74.30000305175781,1000,0.0,0.0
2025-05-20 03:00:00+00:00,74.30000305175781,74.30000305175781,74.19999694824219,74.19999694824219,2000,0.0,0.0
2025-05-20 03:05:00+00:00,74.19999694824219,74.19999694824219,74.19999694824219,74.19999694824219,6004,0.0,0.0
2025-05-20 03:10:00+00:00,74.30000305175781,74.30000305175781,74.30000305175781,74.30000305175781,12000,0.0,0.0
2025-05-20 03:15:00+00:00,74.19999694824219,74.19999694824219,74.0999984741211,74.0999984741211,8000,0.0,0.0
2025-05-20 03:20:00+00:00,74.19999694824219,74.19999694824219,74.0999984741211,74.0999984741211,7176,0.0,0.0
2025-05-20 03:30:00+00:00,74.19999694824219,74.19999694824219,74.19999694824219,74.19999694824219,2000,0.0,0.0
2025-05-20 03:35:00+00:00,74.0999984741211,74.19999694824219,74.0999984741211,74.19999694824219,6000,0.0,0.0
2025-05-20 03:40:00+00:00,74.19999694824219,74.4000015258789,74.19999694824219,74.30000305175781,14000,0.0,0.0
2025-05-20 03:45:00+00:00,74.30000305175781,74.30000305175781,74.30000305175781,74.30000305175781,1000,0.0,0.0
2025-05-20 03:50:00+00:00,74.30000305175781,74.4000015258789,74.30000305175781,74.4000015258789,11287,0.0,0.0
2025-05-20 03:55:00+00:00,74.30000305175781,74.30000305175781,74.30000305175781,74.30000305175781,10200,0.0,0.0
2025-05-20 04:00:00+00:00,74.30000305175781,74.30000305175781,74.19999694824219,74.19999694824219,8000,0.0,0.0
2025-05-20 04:05:00+00:00,74.0999984741211,74.19999694824219,74.0999984741211,74.0999984741211,6026,0.0,0.0
2025-05-20 04:10:00+00:00,74.0999984741211,74.0999984741211,74.0,74.0,12000,0.0,0.0
2025-05-20 04:15:00+00:00,74.0,74.0,74.0,74.0,30100,0.0,0.0
2025-05-20 04:20:00+00:00,74.0,74.0,74.0,74.0,4000,0.0,0.0
2025-05-20 04:25:00+00:00,74.0,74.0,73.9000015258789,74.0,4000,0.0,0.0
2025-05-20 04:30:00+00:00,73.9000015258789,73.9000015258789,73.80000305175781,73.80000305175781,26422,0.0,0.0
2025-05-20 04:35:00+00:00,73.80000305175781,73.80000305175781,73.80000305175781,73.80000305175781,4000,0.0,0.0
2025-05-20 04:45:00+00:00,73.80000305175781,73.9000015258789,73.80000305175781,73.80000305175781,8250,0.0,0.0
2025-05-20 04:50:00+00:00,73.80000305175781,73.9000015258789,73.80000305175781,73.9000015258789,5000,0.0,0.0
2025-05-20 04:55:00+00:00,73.9000015258789,74.0,73.9000015258789,74.0,9030,0.0,0.0
2025-05-20 05:00:00+00:00,73.9000015258789,73.9000015258789,73.9000015258789,73.9000015258789,4401,0.0,0.0
2025-05-20 05:05:00+00:00,74.0,74.0,73.9000015258789,73.9000015258789,8103,0.0,0.0
2025-05-20 05:10:00+00:00,73.9000015258789,73.9000015258789,73.80000305175781,73.80000305175781,16000,0.0,0.0
2025-05-20 05:15:00+00:00,74.0,74.0999984741211,74.0,74.0999984741211,25003,0.0,0.0
2025-05-20 05:20:00+00:00,74.0999984741211,74.19999694824219,73.80000305175781,73.9000015258789,34659,0.0,0.0
2025-05-21 01:00:00+00:00,74.0999984741211,74.4000015258789,74.0999984741211,74.30000305175781,0,0.0,0.0
2025-05-21 01:05:00+00:00,74.4000015258789,74.69999694824219,74.4000015258789,74.5,24800,0.0,0.0
2025-05-21 01:10:00+00:00,74.5,74.5,74.5,74.5,5000,0.0,0.0
2025-05-21 01:15:00+00:00,74.5,74.5999984741211,74.5,74.5999984741211,15120,0.0,0.0
2025-05-21 01:20:00+00:00,74.5999984741211,74.5999984741211,74.5,74.5,9000,0.0,0.0
2025-05-21 01:25:00+00:00,74.4000015258789,74.4000015258789,74.4000015258789,74.4000015258789,9000,0.0,0.0
2025-05-21 01:30:00+00:00,74.4000015258789,74.4000015258789,74.19999694824219,74.4000015258789,16001,0.0,0.0
2025-05-21 01:35:00+00:00,74.30000305175781,74.30000305175781,74.30000305175781,74.30000305175781,2000,0.0,0.0
2025-05-21 01:40:00+00:00,74.30000305175781,74.4000015258789,74.30000305175781,74.4000015258789,5251,0.0,0.0
2025-05-21 01:45:00+00:00,74.30000305175781,74.30000305175781,74.30000305175781,74.30000305175781,2000,0.0,0.0
2025-05-21 01:50:00+00:00,74.30000305175781,74.30000305175781,74.19999694824219,74.19999694824219,8001,0.0,0.0
2025-05-21 01:55:00+00:00,74.19999694824219,74.30000305175781,74.19999694824219,74.30000305175781,5174,0.0,0.0
2025-05-21 02:00:00+00:00,74.30000305175781,74.30000305175781,74.19999694824219,74.30000305175781,3010,0.0,0.0
2025-05-21 02:05:00+00:00,74.30000305175781,74.30000305175781,74.19999694824219,74.19999694824219,5000,0.0,0.0
2025-05-21 02:10:00+00:00,74.30000305175781,74.30000305175781,74.30000305175781,74.30000305175781,3200,0.0,0.0
2025-05-21 02:15:00+00:00,74.30000305175781,74.30000305175781,74.19999694824219,74.19999694824219,12429,0.0,0.0
2025-05-21 02:20:00+00:00,74.19999694824219,74.19999694824219,74.19999694824219,74.19999694824219,14171,0.0,0.0
2025-05-21 02:25:00+00:00,74.19999694824219,74.19999694824219,74.19999694824219,74.19999694824219,3000,0.0,0.0
2025-05-21 02:30:00+00:00,74.30000305175781,74.30000305175781,74.30000305175781,74.30000305175781,1000,0.0,0.0
2025-05-21 02:35:00+00:00,74.30000305175781,74.4000015258789,74.30000305175781,74.4000015258789,14000,0.0,0.0
2025-05-21 02:40:00+00:00,74.4000015258789,74.5,74.4000015258789,74.5,51000,0.0,0.0
2025-05-21 02:45:00+00:00,74.5,74.5999984741211,74.5,74.5999984741211,23053,0.0,0.0
2025-05-21 02:50:00+00:00,74.5999984741211,74.69999694824219,74.5,74.5,27000,0.0,0.0
2025-05-21 02:55:00+00:00,74.5999984741211,74.69999694824219,74.5999984741211,74.69999694824219,24000,0.0,0.0
2025-05-21 03:00:00+00:00,74.69999694824219,74.80000305175781,74.69999694824219,74.80000305175781,40000,0.0,0.0
2025-05-21 03:05:00+00:00,74.80000305175781,74.9000015258789,74.80000305175781,74.80000305175781,13003,0.0,0.0
2025-05-21 03:10:00+00:00,74.80000305175781,74.80000305175781,74.69999694824219,74.69999694824219,6000,0.0,0.0
2025-05-21 03:15:00+00:00,74.69999694824219,74.69999694824219,74.69999694824219,74.69999694824219,4000,0.0,0.0
2025-05-21 03:20:00+00:00,74.80000305175781,74.80000305175781,74.80000305175781,74.80000305175781,9113,0.0,0.0
2025-05-21 03:25:00+00:00,74.80000305175781,74.80000305175781,74.80000305175781,74.80000305175781,2005,0.0,0.0
2025-05-21 03:30:00+00:00,74.80000305175781,74.80000305175781,74.80000305175781,74.80000305175781,2000,0.0,0.0
2025-05-21 03:35:00+00:00,74.69999694824219,74.69999694824219,74.69999694824219,74.69999694824219,13000,0.0,0.0
2025-05-21 03:40:00+00:00,74.69999694824219,74.80000305175781,74.69999694824219,74.80000305175781,29100,0.0,0.0
2025-05-21 03:45:00+00:00,74.80000305175781,74.9000015258789,74.80000305175781,74.9000015258789,40013,0.0,0.0
2025-05-21 03:50:00+00:00,74.80000305175781,74.9000015258789,74.80000305175781,74.80000305175781,8000,0.0,0.0
2025-05-21 03:55:00+00:00,74.80000305175781,74.80000305175781,74.80000305175781,74.80000305175781,4000,0.0,0.0
2025-05-21 04:00:00+00:00,74.80000305175781,74.80000305175781,74.80000305175781,74.80000305175781,15100,0.0,0.0
2025-05-21 04:05:00+00:00,74.80000305175781,74.80000305175781,74.69999694824219,74.80000305175781,7017,0.0,0.0
2025-05-21 04:15:00+00:00,74.80000305175781,74.80000305175781,74.80000305175781,74.80000305175781,1003,0.0,0.0
2025-05-21 04:20:00+00:00,74.80000305175781,74.80000305175781,74.80000305175781,74.80000305175781,13000,0.0,0.0
2025-05-21 04:25:00+00:00,74.69999694824219,74.80000305175781,74.69999694824219,74.80000305175781,9400,0.0,0.0
2025-05-21 04:30:00+00:00,74.80000305175781,74.80000305175781,74.80000305175781,74.80000305175781,3386,0.0,0.0
2025-05-21 04:35:00+00:00,74.80000305175781,74.80000305175781,74.80000305175781,74.80000305175781,3164,0.0,0.0
2025-05-21 04:40:00+00:00,74.80000305175781,74.9000015258789,74.80000305175781,74.9000015258789,2186,0.0,0.0
2025-05-21 04:45:00+00:00,74.80000305175781,74.80000305175781,74.80000305175781,74.80000305175781,11000,0.0,0.0
2025-05-21 04:50:00+00:00,74.80000305175781,74.80000305175781,74.5999984741211,74.5999984741211,39000,0.0,0.0
2025-05-21 04:55:00+00:00,74.69999694824219,74.69999694824219,74.69999694824219,74.69999694824219,11000,0.0,0.0
2025-05-21 05:00:00+00:00,74.69999694824219,74.80000305175781,74.69999694824219,74.69999694824219,4000,0.0,0.0
2025-05-21 05:05:00+00:00,74.69999694824219,74.69999694824219,74.69999694824219,74.69999694824219,6101,0.0,0.0
2025-05-21 05:10:00+00:00,74.69999694824219,74.80000305175781,74.69999694824219,74.69999694824219,7055,0.0,0.0
2025-05-21 05:15:00+00:00,74.69999694824219,74.69999694824219,74.69999694824219,74.69999694824219,17785,0.0,0.0
2025-05-21 05:20:00+00:00,74.80000305175781,75.0,74.80000305175781,74.9000015258789,60122,0.0,0.0
2025-05-22 01:00:00+00:00,74.5,74.5,74.0,74.0,0,0.0,0.0
2025-05-22 01:05:00+00:00,74.0,74.5,74.0,74.5,23114,0.0,0.0
2025-05-22 01:10:00+00:00,74.30000305175781,74.4000015258789,74.30000305175781,74.4000015258789,7340,0.0,0.0
2025-05-22 01:15:00+00:00,74.4000015258789,74.5,74.4000015258789,74.5,64000,0.0,0.0
2025-05-22 01:20:00+00:00,74.30000305175781,74.30000305175781,74.30000305175781,74.30000305175781,16240,0.0,0.0
2025-05-22 01:25:00+00:00,74.30000305175781,74.30000305175781,74.30000305175781,74.30000305175781,5010,0.0,0.0
2025-05-22 01:30:00+00:00,74.30000305175781,74.30000305175781,74.30000305175781,74.30000305175781,6040,0.0,0.0
2025-05-22 01:35:00+00:00,74.30000305175781,74.30000305175781,74.30000305175781,74.30000305175781,2010,0.0,0.0
2025-05-22 01:40:00+00:00,74.30000305175781,74.30000305175781,74.30000305175781,74.30000305175781,2000,0.0,0.0
2025-05-22 01:45:00+00:00,74.4000015258789,74.4000015258789,74.30000305175781,74.30000305175781,9000,0.0,0.0
2025-05-22 01:50:00+00:00,74.30000305175781,74.30000305175781,74.0999984741211,74.19999694824219,22000,0.0,0.0
2025-05-22 01:55:00+00:00,74.19999694824219,74.19999694824219,74.19999694824219,74.19999694824219,5000,0.0,0.0
2025-05-22 02:00:00+00:00,74.19999694824219,74.30000305175781,74.19999694824219,74.30000305175781,34150,0.0,0.0
2025-05-22 02:05:00+00:00,74.19999694824219,74.19999694824219,74.0999984741211,74.0999984741211,12000,0.0,0.0
2025-05-22 02:10:00+00:00,74.19999694824219,74.19999694824219,74.19999694824219,74.19999694824219,3010,0.0,0.0
2025-05-22 02:15:00+00:00,74.30000305175781,74.30000305175781,74.0999984741211,74.0999984741211,3090,0.0,0.0
2025-05-22 02:20:00+00:00,74.0999984741211,74.19999694824219,74.0999984741211,74.19999694824219,2000,0.0,0.0
2025-05-22 02:25:00+00:00,74.19999694824219,74.19999694824219,74.19999694824219,74.19999694824219,3000,0.0,0.0
2025-05-22 02:30:00+00:00,74.4000015258789,74.4000015258789,74.4000015258789,74.4000015258789,4100,0.0,0.0
2025-05-22 02:35:00+00:00,74.30000305175781,74.30000305175781,74.19999694824219,74.19999694824219,5000,0.0,0.0
2025-05-22 02:40:00+00:00,74.19999694824219,74.30000305175781,74.19999694824219,74.19999694824219,13000,0.0,0.0
2025-05-22 02:45:00+00:00,74.19999694824219,74.19999694824219,74.0999984741211,74.0999984741211,23199,0.0,0.0
2025-05-22 02:50:00+00:00,74.0999984741211,74.0999984741211,74.0,74.0,26604,0.0,0.0
2025-05-22 02:55:00+00:00,74.0,74.0,74.0,74.0,3477,0.0,0.0
2025-05-22 03:00:00+00:00,74.0,74.0,74.0,74.0,6030,0.0,0.0
2025-05-22 03:05:00+00:00,74.0999984741211,74.0999984741211,74.0999984741211,74.0999984741211,3000,0.0,0.0
2025-05-22 03:10:00+00:00,74.0,74.0,74.0,74.0,10524,0.0,0.0
2025-05-22 03:15:00+00:00,74.0,74.0999984741211,74.0,74.0999984741211,3000,0.0,0.0
2025-05-22 03:20:00+00:00,74.0,74.0999984741211,74.0,74.0999984741211,11000,0.0,0.0
2025-05-22 03:25:00+00:00,74.0999984741211,74.0999984741211,74.0999984741211,74.0999984741211,3000,0.0,0.0
2025-05-22 03:30:00+00:00,74.0999984741211,74.0999984741211,74.0999984741211,74.0999984741211,3000,0.0,0.0
2025-05-22 03:35:00+00:00,74.0999984741211,74.0999984741211,73.9000015258789,73.9000015258789,20000,0.0,0.0
2025-05-22 03:40:00+00:00,73.9000015258789,73.9000015258789,73.9000015258789,73.9000015258789,11000,0.0,0.0
2025-05-22 03:50:00+00:00,74.0,74.0999984741211,74.0,74.0999984741211,2000,0.0,0.0
2025-05-22 03:55:00+00:00,74.0999984741211,74.0999984741211,74.0999984741211,74.0999984741211,1000,0.0,0.0
2025-05-22 04:00:00+00:00,74.0,74.0999984741211,74.0,74.0999984741211,2132,0.0,0.0
2025-05-22 04:10:00+00:00,74.19999694824219,74.19999694824219,74.0999984741211,74.0999984741211,3000,0.0,0.0
2025-05-22 04:15:00+00:00,74.0999984741211,74.0999984741211,74.0999984741211,74.0999984741211,6015,0.0,0.0
2025-05-22 04:25:00+00:00,74.0,74.0999984741211,74.0,74.0,12042,0.0,0.0
2025-05-22 04:30:00+00:00,74.0999984741211,74.0999984741211,74.0,74.0999984741211,5027,0.0,0.0
2025-05-22 04:35:00+00:00,74.0999984741211,74.0999984741211,74.0,74.0999984741211,5081,0.0,0.0
2025-05-22 04:40:00+00:00,74.0999984741211,74.0999984741211,74.0999984741211,74.0999984741211,1003,0.0,0.0
2025-05-22 04:45:00+00:00,74.0999984741211,74.19999694824219,74.0999984741211,74.19999694824219,6000,0.0,0.0
2025-05-22 04:50:00+00:00,74.19999694824219,74.19999694824219,74.19999694824219,74.19999694824219,2000,0.0,0.0
2025-05-22 04:55:00+00:00,74.0999984741211,74.0999984741211,74.0999984741211,74.0999984741211,3000,0.0,0.0
2025-05-22 05:00:00+00:00,74.0999984741211,74.0999984741211,74.0999984741211,74.0999984741211,9167,0.0,0.0
2025-05-22 05:05:00+00:00,74.0999984741211,74.19999694824219,74.0999984741211,74.0999984741211,15147,0.0,0.0
2025-05-22 05:10:00+00:00,74.19999694824219,74.19999694824219,74.0,74.0,17000,0.0,0.0
2025-05-22 05:15:00+00:00,74.0,74.0999984741211,74.0,74.0,51000,0.0,0.0
2025-05-22 05:20:00+00:00,73.9000015258789,74.0,73.9000015258789,73.9000015258789,22110,0.0,0.0
2025-05-23 01:00:00+00:00,74.5,74.5999984741211,74.5,74.5999984741211,0,0.0,0.0
2025-05-23 01:05:00+00:00,74.5,74.5999984741211,74.5,74.5999984741211,48000,0.0,0.0
2025-05-23 01:10:00+00:00,74.5999984741211,74.80000305175781,74.5999984741211,74.69999694824219,47318,0.0,0.0
2025-05-23 01:15:00+00:00,74.69999694824219,74.80000305175781,74.69999694824219,74.69999694824219,12453,0.0,0.0
2025-05-23 01:20:00+00:00,74.69999694824219,74.69999694824219,74.4000015258789,74.5,35000,0.0,0.0
2025-05-23 01:25:00+00:00,74.5,74.5,74.30000305175781,74.5,6050,0.0,0.0
2025-05-23 01:30:00+00:00,74.5,74.5,74.30000305175781,74.30000305175781,14070,0.0,0.0
2025-05-23 01:35:00+00:00,74.30000305175781,74.30000305175781,74.30000305175781,74.30000305175781,8000,0.0,0.0
2025-05-23 01:40:00+00:00,74.30000305175781,74.4000015258789,74.19999694824219,74.4000015258789,10205,0.0,0.0
2025-05-23 01:45:00+00:00,74.30000305175781,74.4000015258789,74.30000305175781,74.30000305175781,42045,0.0,0.0
2025-05-23 01:50:00+00:00,74.30000305175781,74.69999694824219,74.30000305175781,74.5999984741211,39006,0.0,0.0
2025-05-23 01:55:00+00:00,74.5999984741211,74.5999984741211,74.5,74.5,23098,0.0,0.0
2025-05-23 02:00:00+00:00,74.4000015258789,74.4000015258789,74.30000305175781,74.4000015258789,23054,0.0,0.0
2025-05-23 02:05:00+00:00,74.4000015258789,74.4000015258789,74.4000015258789,74.4000015258789,3002,0.0,0.0
2025-05-23 02:10:00+00:00,74.5,74.5,74.30000305175781,74.30000305175781,21000,0.0,0.0
2025-05-23 02:20:00+00:00,74.4000015258789,74.69999694824219,74.4000015258789,74.69999694824219,52000,0.0,0.0
2025-05-23 02:25:00+00:00,74.69999694824219,74.69999694824219,74.69999694824219,74.69999694824219,14500,0.0,0.0
2025-05-23 02:30:00+00:00,74.69999694824219,74.69999694824219,74.5999984741211,74.5999984741211,8580,0.0,0.0
2025-05-23 02:35:00+00:00,74.5,74.5999984741211,74.5,74.5999984741211,25170,0.0,0.0
2025-05-23 02:45:00+00:00,74.5999984741211,74.5999984741211,74.5999984741211,74.5999984741211,1007,0.0,0.0
2025-05-23 02:50:00+00:00,74.5,74.5,74.5,74.5,1004,0.0,0.0
2025-05-23 02:55:00+00:00,74.5,74.5,74.5,74.5,4050,0.0,0.0
2025-05-23 03:00:00+00:00,74.4000015258789,74.5,74.4000015258789,74.5,7000,0.0,0.0
2025-05-23 03:05:00+00:00,74.5,74.5999984741211,74.5,74.5,8003,0.0,0.0
2025-05-23 03:10:00+00:00,74.5999984741211,74.5999984741211,74.5,74.5,13010,0.0,0.0
2025-05-23 03:15:00+00:00,74.5,74.5,74.5,74.5,2150,0.0,0.0
2025-05-23 03:20:00+00:00,74.5,74.5,74.5,74.5,5030,0.0,0.0
2025-05-23 03:25:00+00:00,74.5,74.5,74.5,74.5,1003,0.0,0.0
2025-05-23 03:30:00+00:00,74.5,74.5,74.5,74.5,6000,0.0,0.0
2025-05-23 03:45:00+00:00,74.4000015258789,74.4000015258789,74.4000015258789,74.4000015258789,4045,0.0,0.0
2025-05-23 03:50:00+00:00,74.4000015258789,74.4000015258789,74.30000305175781,74.30000305175781,5000,0.0,0.0
2025-05-23 03:55:00+00:00,74.30000305175781,74.30000305175781,74.30000305175781,74.30000305175781,7303,0.0,0.0
2025-05-23 04:05:00+00:00,74.30000305175781,74.30000305175781,74.30000305175781,74.30000305175781,2000,0.0,0.0
2025-05-23 04:10:00+00:00,74.19999694824219,74.19999694824219,74.0999984741211,74.19999694824219,9004,0.0,0.0
2025-05-23 04:15:00+00:00,74.0999984741211,74.19999694824219,74.0999984741211,74.19999694824219,3000,0.0,0.0
2025-05-23 04:20:00+00:00,74.0999984741211,74.19999694824219,74.0,74.0999984741211,32744,0.0,0.0
2025-05-23 04:25:00+00:00,74.0,74.0,73.80000305175781,73.80000305175781,62690,0.0,0.0
2025-05-23 04:30:00+00:00,73.80000305175781,73.80000305175781,73.80000305175781,73.80000305175781,1000,0.0,0.0
2025-05-23 04:35:00+00:00,73.80000305175781,73.9000015258789,73.80000305175781,73.80000305175781,6000,0.0,0.0
2025-05-23 04:40:00+00:00,73.80000305175781,74.0,73.80000305175781,73.9000015258789,6572,0.0,0.0
2025-05-23 04:45:00+00:00,74.0,74.0,73.80000305175781,73.80000305175781,6200,0.0,0.0
2025-05-23 04:50:00+00:00,73.80000305175781,73.9000015258789,73.80000305175781,73.9000015258789,13248,0.0,0.0
2025-05-23 04:55:00+00:00,73.9000015258789,74.0,73.80000305175781,74.0,3230,0.0,0.0
2025-05-23 05:00:00+00:00,73.9000015258789,73.9000015258789,73.80000305175781,73.80000305175781,11410,0.0,0.0
2025-05-23 05:05:00+00:00,73.80000305175781,74.0,73.80000305175781,73.9000015258789,11103,0.0,0.0
2025-05-23 05:10:00+00:00,74.0,74.0,74.0,74.0,7000,0.0,0.0
2025-05-23 05:15:00+00:00,74.0,74.0,74.0,74.0,2000,0.0,0.0
2025-05-23 05:20:00+00:00,74.0,74.0999984741211,73.9000015258789,73.9000015258789,31003,0.0,0.0
2025-05-26 01:00:00+00:00,73.80000305175781,73.80000305175781,73.19999694824219,73.30000305175781,0,0.0,0.0
2025-05-26 01:05:00+00:00,73.30000305175781,73.4000015258789,73.0,73.4000015258789,28156,0.0,0.0
2025-05-26 01:10:00+00:00,73.5,73.9000015258789,73.5,73.80000305175781,8053,0.0,0.0
2025-05-26 01:15:00+00:00,74.0,74.0,73.9000015258789,74.0,7145,0.0,0.0
2025-05-26 01:20:00+00:00,73.9000015258789,73.9000015258789,73.80000305175781,73.80000305175781,18000,0.0,0.0
2025-05-26 01:25:00+00:00,73.9000015258789,74.0,73.80000305175781,73.9000015258789,12050,0.0,0.0
2025-05-26 01:30:00+00:00,74.0,74.0999984741211,73.9000015258789,74.0,12205,0.0,0.0
2025-05-26 01:35:00+00:00,73.9000015258789,74.0,73.9000015258789,74.0,8224,0.0,0.0
2025-05-26 01:40:00+00:00,73.9000015258789,74.0999984741211,73.80000305175781,74.0999984741211,16026,0.0,0.0
2025-05-26 01:45:00+00:00,74.0999984741211,74.0999984741211,74.0,74.0999984741211,4171,0.0,0.0
2025-05-26 01:50:00+00:00,74.0999984741211,74.0999984741211,74.0,74.0,6000,0.0,0.0
2025-05-26 01:55:00+00:00,74.0,74.30000305175781,73.80000305175781,74.30000305175781,12014,0.0,0.0
2025-05-26 02:00:00+00:00,74.4000015258789,74.5,74.4000015258789,74.5,23354,0.0,0.0
2025-05-26 02:05:00+00:00,74.4000015258789,74.4000015258789,74.4000015258789,74.4000015258789,3000,0.0,0.0
2025-05-26 02:10:00+00:00,74.4000015258789,74.4000015258789,74.0999984741211,74.0999984741211,11000,0.0,0.0
2025-05-26 02:15:00+00:00,74.0999984741211,74.0999984741211,74.0,74.0,2000,0.0,0.0
2025-05-26 02:20:00+00:00,74.19999694824219,74.19999694824219,74.19999694824219,74.19999694824219,3101,0.0,0.0
2025-05-26 02:25:00+00:00,74.0999984741211,74.0999984741211,74.0999984741211,74.0999984741211,1000,0.0,0.0
2025-05-26 02:30:00+00:00,74.19999694824219,74.19999694824219,74.19999694824219,74.19999694824219,6000,0.0,0.0
2025-05-26 02:40:00+00:00,74.19999694824219,74.19999694824219,74.19999694824219,74.19999694824219,4000,0.0,0.0
2025-05-26 02:45:00+00:00,74.19999694824219,74.19999694824219,74.19999694824219,74.19999694824219,7000,0.0,0.0
2025-05-26 02:55:00+00:00,74.0999984741211,74.0999984741211,74.0999984741211,74.0999984741211,9119,0.0,0.0
2025-05-26 03:05:00+00:00,74.0,74.0999984741211,74.0,74.0999984741211,4000,0.0,0.0
2025-05-26 03:15:00+00:00,74.0999984741211,74.0999984741211,74.0999984741211,74.0999984741211,5000,0.0,0.0
2025-05-26 03:20:00+00:00,74.0999984741211,74.0999984741211,74.0999984741211,74.0999984741211,1003,0.0,0.0
2025-05-26 03:30:00+00:00,74.0,74.0,74.0,74.0,7000,0.0,0.0
2025-05-26 03:35:00+00:00,74.0,74.0,73.9000015258789,73.9000015258789,12000,0.0,0.0
2025-05-26 03:40:00+00:00,74.0,74.0,74.0,74.0,2000,0.0,0.0
2025-05-26 03:45:00+00:00,73.9000015258789,73.9000015258789,73.9000015258789,73.9000015258789,1000,0.0,0.0
2025-05-26 03:55:00+00:00,73.9000015258789,73.9000015258789,73.80000305175781,73.80000305175781,6024,0.0,0.0
2025-05-26 04:00:00+00:00,73.80000305175781,73.80000305175781,73.80000305175781,73.80000305175781,7035,0.0,0.0
2025-05-26 04:05:00+00:00,73.9000015258789,73.9000015258789,73.9000015258789,73.9000015258789,4000,0.0,0.0
2025-05-26 04:10:00+00:00,73.9000015258789,73.9000015258789,73.9000015258789,73.9000015258789,3004,0.0,0.0
2025-05-26 04:15:00+00:00,74.0999984741211,74.0999984741211,73.80000305175781,73.80000305175781,25223,0.0,0.0
2025-05-26 04:20:00+00:00,73.80000305175781,73.80000305175781,73.69999694824219,73.69999694824219,25224,0.0,0.0
2025-05-26 04:25:00+00:00,73.5999984741211,73.69999694824219,73.5999984741211,73.5999984741211,11503,0.0,0.0
2025-05-26 04:30:00+00:00,73.5999984741211,73.5999984741211,73.5999984741211,73.5999984741211,7000,0.0,0.0
2025-05-26 04:35:00+00:00,73.69999694824219,73.80000305175781,73.69999694824219,73.80000305175781,27000,0.0,0.0
2025-05-26 04:40:00+00:00,73.80000305175781,73.80000305175781,73.80000305175781,73.80000305175781,5000,0.0,0.0
2025-05-26 04:45:00+00:00,73.80000305175781,73.9000015258789,73.80000305175781,73.80000305175781,6009,0.0,0.0
2025-05-26 04:50:00+00:00,73.9000015258789,73.9000015258789,73.9000015258789,73.9000015258789,1000,0.0,0.0
2025-05-26 04:55:00+00:00,73.9000015258789,73.9000015258789,73.9000015258789,73.9000015258789,4000,0.0,0.0
2025-05-26 05:00:00+00:00,73.80000305175781,73.80000305175781,73.80000305175781,73.80000305175781,3030,0.0,0.0
2025-05-26 05:05:00+00:00,73.80000305175781,73.80000305175781,73.80000305175781,73.80000305175781,4000,0.0,0.0
2025-05-26 05:10:00+00:00,73.80000305175781,73.9000015258789,73.80000305175781,73.9000015258789,3000,0.0,0.0
2025-05-26 05:15:00+00:00,73.80000305175781,73.9000015258789,73.80000305175781,73.9000015258789,11300,0.0,0.0
2025-05-26 05:20:00+00:00,73.9000015258789,74.0,73.9000015258789,73.9000015258789,5300,0.0,0.0
2025-05-27 01:00:00+00:00,74.0,74.4000015258789,74.0,74.0,0,0.0,0.0
2025-05-27 01:05:00+00:00,74.0999984741211,74.0999984741211,74.0,74.0,9002,0.0,0.0
2025-05-27 01:10:00+00:00,74.0,74.0,73.9000015258789,74.0,7058,0.0,0.0
2025-05-27 01:15:00+00:00,74.0,74.19999694824219,74.0,74.19999694824219,9000,0.0,0.0
2025-05-27 01:20:00+00:00,74.19999694824219,74.30000305175781,74.19999694824219,74.30000305175781,7092,0.0,0.0
2025-05-27 01:25:00+00:00,74.30000305175781,74.30000305175781,74.30000305175781,74.30000305175781,8000,0.0,0.0
2025-05-27 01:30:00+00:00,74.30000305175781,74.30000305175781,74.19999694824219,74.30000305175781,5000,0.0,0.0
2025-05-27 01:35:00+00:00,74.30000305175781,74.30000305175781,74.19999694824219,74.19999694824219,8000,0.0,0.0
2025-05-27 01:40:00+00:00,74.0999984741211,74.19999694824219,74.0999984741211,74.0999984741211,15019,0.0,0.0
2025-05-27 01:45:00+00:00,74.0999984741211,74.0999984741211,74.0,74.0,6000,0.0,0.0
2025-05-27 01:50:00+00:00,74.0,74.0999984741211,74.0,74.0,15109,0.0,0.0
2025-05-27 01:55:00+00:00,74.0,74.0,73.69999694824219,73.69999694824219,22061,0.0,0.0
2025-05-27 02:00:00+00:00,73.69999694824219,73.69999694824219,73.4000015258789,73.4000015258789,19300,0.0,0.0
2025-05-27 02:05:00+00:00,73.4000015258789,73.4000015258789,73.4000015258789,73.4000015258789,6015,0.0,0.0
2025-05-27 02:10:00+00:00,73.4000015258789,73.4000015258789,73.19999694824219,73.19999694824219,10965,0.0,0.0
2025-05-27 02:15:00+00:00,73.30000305175781,73.4000015258789,73.30000305175781,73.4000015258789,11007,0.0,0.0
2025-05-27 02:20:00+00:00,73.30000305175781,73.30000305175781,73.30000305175781,73.30000305175781,6006,0.0,0.0
2025-05-27 02:25:00+00:00,73.4000015258789,73.4000015258789,73.4000015258789,73.4000015258789,1145,0.0,0.0
2025-05-27 02:30:00+00:00,73.4000015258789,73.5,73.4000015258789,73.5,3250,0.0,0.0
2025-05-27 02:40:00+00:00,73.5999984741211,73.5999984741211,73.5999984741211,73.5999984741211,4000,0.0,0.0
2025-05-27 02:45:00+00:00,73.5,73.5,73.4000015258789,73.4000015258789,6067,0.0,0.0
2025-05-27 02:50:00+00:00,73.4000015258789,73.4000015258789,73.30000305175781,73.30000305175781,11000,0.0,0.0
2025-05-27 02:55:00+00:00,73.4000015258789,73.4000015258789,73.4000015258789,73.4000015258789,1000,0.0,0.0
2025-05-27 03:00:00+00:00,73.30000305175781,73.30000305175781,73.30000305175781,73.30000305175781,3040,0.0,0.0
2025-05-27 03:05:00+00:00,73.4000015258789,73.4000015258789,73.4000015258789,73.4000015258789,2129,0.0,0.0
2025-05-27 03:10:00+00:00,73.30000305175781,73.30000305175781,73.19999694824219,73.19999694824219,12070,0.0,0.0
2025-05-27 03:15:00+00:00,73.19999694824219,73.30000305175781,73.19999694824219,73.30000305175781,5018,0.0,0.0
2025-05-27 03:20:00+00:00,73.30000305175781,73.30000305175781,73.19999694824219,73.19999694824219,8000,0.0,0.0
2025-05-27 03:25:00+00:00,73.30000305175781,73.30000305175781,73.0999984741211,73.0999984741211,15261,0.0,0.0
2025-05-27 03:30:00+00:00,73.0999984741211,73.0999984741211,73.0,73.0999984741211,34167,0.0,0.0
2025-05-27 03:35:00+00:00,73.0999984741211,73.0999984741211,73.0,73.0,27480,0.0,0.0
2025-05-27 03:40:00+00:00,73.0,73.0,73.0,73.0,8495,0.0,0.0
2025-05-27 03:45:00+00:00,73.0,73.0,73.0,73.0,10000,0.0,0.0
2025-05-27 03:50:00+00:00,73.0,73.0,73.0,73.0,2751,0.0,0.0
2025-05-27 03:55:00+00:00,73.0,73.0,72.9000015258789,72.9000015258789,19123,0.0,0.0
2025-05-27 04:00:00+00:00,72.9000015258789,72.9000015258789,72.9000015258789,72.9000015258789,7318,0.0,0.0
2025-05-27 04:05:00+00:00,72.9000015258789,72.9000015258789,72.9000015258789,72.9000015258789,27200,0.0,0.0
2025-05-27 04:10:00+00:00,73.0,73.0,73.0,73.0,14317,0.0,0.0
2025-05-27 04:15:00+00:00,72.9000015258789,73.0,72.9000015258789,72.9000015258789,13002,0.0,0.0
2025-05-27 04:20:00+00:00,72.80000305175781,72.80000305175781,72.69999694824219,72.69999694824219,37001,0.0,0.0
2025-05-27 04:25:00+00:00,72.69999694824219,72.80000305175781,72.69999694824219,72.69999694824219,8000,0.0,0.0
2025-05-27 04:30:00+00:00,72.69999694824219,72.9000015258789,72.69999694824219,72.9000015258789,21000,0.0,0.0
2025-05-27 04:40:00+00:00,72.9000015258789,72.9000015258789,72.80000305175781,72.80000305175781,5500,0.0,0.0
2025-05-27 04:45:00+00:00,72.80000305175781,72.80000305175781,72.80000305175781,72.80000305175781,20000,0.0,0.0
2025-05-27 04:50:00+00:00,72.80000305175781,72.80000305175781,72.80000305175781,72.80000305175781,1000,0.0,0.0
2025-05-27 04:55:00+00:00,72.80000305175781,72.9000015258789,72.80000305175781,72.9000015258789,18396,0.0,0.0
2025-05-27 05:00:00+00:00,72.9000015258789,72.9000015258789,72.9000015258789,72.9000015258789,3000,0.0,0.0
2025-05-27 05:05:00+00:00,72.9000015258789,73.0,72.9000015258789,73.0,18072,0.0,0.0
2025-05-27 05:10:00+00:00,73.0,73.0999984741211,73.0,73.0999984741211,3200,0.0,0.0
2025-05-27 05:15:00+00:00,73.0999984741211,73.0999984741211,72.9000015258789,72.9000015258789,17120,0.0,0.0
2025-05-27 05:20:00+00:00,72.9000015258789,73.0,72.9000015258789,73.0,8030,0.0,0.0
2025-05-28 01:00:00+00:00,73.0,73.30000305175781,73.0,73.30000305175781,0,0.0,0.0
2025-05-28 01:05:00+00:00,73.30000305175781,73.80000305175781,73.30000305175781,73.80000305175781,18700,0.0,0.0
2025-05-28 01:10:00+00:00,73.69999694824219,73.69999694824219,73.69999694824219,73.69999694824219,5105,0.0,0.0
2025-05-28 01:15:00+00:00,73.5,73.5,73.0999984741211,73.0999984741211,12170,0.0,0.0
2025-05-28 01:20:00+00:00,73.0,73.0,72.9000015258789,73.0,30009,0.0,0.0
2025-05-28 01:25:00+00:00,73.0,73.0,72.9000015258789,72.9000015258789,19036,0.0,0.0
2025-05-28 01:30:00+00:00,72.9000015258789,72.9000015258789,72.80000305175781,72.80000305175781,25140,0.0,0.0
2025-05-28 01:35:00+00:00,72.69999694824219,73.0,72.69999694824219,73.0,23235,0.0,0.0
2025-05-28 01:40:00+00:00,73.0,73.0,73.0,73.0,1000,0.0,0.0
2025-05-28 01:45:00+00:00,73.0,73.0999984741211,73.0,73.0999984741211,10000,0.0,0.0
2025-05-28 01:50:00+00:00,73.0,73.0,72.9000015258789,72.9000015258789,12000,0.0,0.0
2025-05-28 01:55:00+00:00,73.0,73.0,72.9000015258789,72.9000015258789,2000,0.0,0.0
2025-05-28 02:00:00+00:00,73.0,73.0,73.0,73.0,5000,0.0,0.0
2025-05-28 02:05:00+00:00,73.0999984741211,73.0999984741211,73.0999984741211,73.0999984741211,4100,0.0,0.0
2025-05-28 02:10:00+00:00,73.0999984741211,73.0999984741211,73.0,73.0,8736,0.0,0.0
2025-05-28 02:20:00+00:00,73.0,73.0,72.69999694824219,72.69999694824219,33570,0.0,0.0
2025-05-28 02:25:00+00:00,72.69999694824219,72.80000305175781,72.69999694824219,72.80000305175781,5071,0.0,0.0
2025-05-28 02:30:00+00:00,72.9000015258789,72.9000015258789,72.9000015258789,72.9000015258789,1000,0.0,0.0
2025-05-28 02:35:00+00:00,72.80000305175781,72.80000305175781,72.80000305175781,72.80000305175781,1000,0.0,0.0
2025-05-28 02:45:00+00:00,72.80000305175781,72.9000015258789,72.80000305175781,72.9000015258789,12200,0.0,0.0
2025-05-28 02:50:00+00:00,72.9000015258789,72.9000015258789,72.9000015258789,72.9000015258789,4000,0.0,0.0
2025-05-28 02:55:00+00:00,72.80000305175781,72.80000305175781,72.80000305175781,72.80000305175781,5005,0.0,0.0
2025-05-28 03:05:00+00:00,72.9000015258789,72.9000015258789,72.9000015258789,72.9000015258789,3320,0.0,0.0
2025-05-28 03:15:00+00:00,72.9000015258789,72.9000015258789,72.9000015258789,72.9000015258789,6000,0.0,0.0
2025-05-28 03:20:00+00:00,72.9000015258789,72.9000015258789,72.9000015258789,72.9000015258789,1000,0.0,0.0
2025-05-28 03:25:00+00:00,72.9000015258789,73.0,72.9000015258789,73.0,2040,0.0,0.0
2025-05-28 03:30:00+00:00,72.9000015258789,72.9000015258789,72.9000015258789,72.9000015258789,6000,0.0,0.0
2025-05-28 03:35:00+00:00,72.9000015258789,72.9000015258789,72.80000305175781,72.80000305175781,16000,0.0,0.0
2025-05-28 03:40:00+00:00,72.69999694824219,72.69999694824219,72.5999984741211,72.5999984741211,26355,0.0,0.0
2025-05-28 03:45:00+00:00,72.69999694824219,72.69999694824219,72.5999984741211,72.5999984741211,12099,0.0,0.0
2025-05-28 03:50:00+00:00,72.5999984741211,72.5999984741211,72.5999984741211,72.5999984741211,2000,0.0,0.0
2025-05-28 03:55:00+00:00,72.69999694824219,72.80000305175781,72.69999694824219,72.80000305175781,9070,0.0,0.0
2025-05-28 04:05:00+00:00,72.69999694824219,72.69999694824219,72.69999694824219,72.69999694824219,6000,0.0,0.0
2025-05-28 04:10:00+00:00,72.5999984741211,72.5999984741211,72.5999984741211,72.5999984741211,7100,0.0,0.0
2025-05-28 04:15:00+00:00,72.5,72.5,72.5,72.5,8018,0.0,0.0
2025-05-28 04:20:00+00:00,72.4000015258789,72.4000015258789,72.4000015258789,72.4000015258789,24085,0.0,0.0
2025-05-28 04:25:00+00:00,72.30000305175781,72.4000015258789,72.30000305175781,72.4000015258789,23080,0.0,0.0
2025-05-28 04:30:00+00:00,72.30000305175781,72.30000305175781,72.19999694824219,72.30000305175781,13870,0.0,0.0
2025-05-28 04:35:00+00:00,72.30000305175781,72.30000305175781,72.0999984741211,72.0999984741211,26005,0.0,0.0
2025-05-28 04:40:00+00:00,72.0999984741211,72.19999694824219,72.0999984741211,72.19999694824219,9002,0.0,0.0
2025-05-28 04:45:00+00:00,72.19999694824219,72.19999694824219,72.0999984741211,72.0999984741211,14000,0.0,0.0
2025-05-28 04:50:00+00:00,72.0999984741211,72.0999984741211,72.0999984741211,72.0999984741211,24070,0.0,0.0
2025-05-28 04:55:00+00:00,72.0,72.0,71.80000305175781,71.9000015258789,81044,0.0,0.0
2025-05-28 05:00:00+00:00,72.0,72.0999984741211,72.0,72.0999984741211,12018,0.0,0.0
2025-05-28 05:05:00+00:00,72.0999984741211,72.19999694824219,72.0999984741211,72.19999694824219,14100,0.0,0.0
2025-05-28 05:10:00+00:00,72.19999694824219,72.30000305175781,72.19999694824219,72.19999694824219,7015,0.0,0.0
2025-05-28 05:15:00+00:00,72.30000305175781,72.4000015258789,72.19999694824219,72.30000305175781,24060,0.0,0.0
2025-05-28 05:20:00+00:00,72.19999694824219,72.4000015258789,72.19999694824219,72.4000015258789,11875,0.0,0.0
2025-05-29 01:00:00+00:00,73.4000015258789,73.4000015258789,72.9000015258789,72.9000015258789,0,0.0,0.0
2025-05-29 01:05:00+00:00,72.9000015258789,74.69999694824219,72.9000015258789,74.30000305175781,132425,0.0,0.0
2025-05-29 01:10:00+00:00,74.19999694824219,74.4000015258789,74.0,74.0999984741211,101550,0.0,0.0
2025-05-29 01:15:00+00:00,74.0999984741211,74.19999694824219,73.9000015258789,73.9000015258789,33470,0.0,0.0
2025-05-29 01:20:00+00:00,73.80000305175781,73.80000305175781,73.5,73.5,14030,0.0,0.0
2025-05-29 01:25:00+00:00,73.5,73.5,73.5,73.5,14400,0.0,0.0
2025-05-29 01:30:00+00:00,73.5,73.80000305175781,73.5,73.80000305175781,19080,0.0,0.0
2025-05-29 01:35:00+00:00,73.80000305175781,73.9000015258789,73.69999694824219,73.80000305175781,20020,0.0,0.0
2025-05-29 01:40:00+00:00,73.80000305175781,73.80000305175781,73.80000305175781,73.80000305175781,6000,0.0,0.0
2025-05-29 01:45:00+00:00,73.80000305175781,73.80000305175781,73.69999694824219,73.80000305175781,5028,0.0,0.0
2025-05-29 01:50:00+00:00,73.9000015258789,73.9000015258789,73.80000305175781,73.80000305175781,10000,0.0,0.0
2025-05-29 01:55:00+00:00,73.80000305175781,73.80000305175781,73.80000305175781,73.80000305175781,11055,0.0,0.0
2025-05-29 02:00:00+00:00,73.80000305175781,73.80000305175781,73.69999694824219,73.69999694824219,5300,0.0,0.0
2025-05-29 02:05:00+00:00,73.69999694824219,73.69999694824219,73.69999694824219,73.69999694824219,4034,0.0,0.0
2025-05-29 02:10:00+00:00,73.69999694824219,73.69999694824219,73.5999984741211,73.5999984741211,10000,0.0,0.0
2025-05-29 02:15:00+00:00,73.5,73.5,73.5,73.5,18166,0.0,0.0
2025-05-29 02:20:00+00:00,73.5,73.5,73.5,73.5,1571,0.0,0.0
2025-05-29 02:30:00+00:00,73.5,73.5,73.5,73.5,5439,0.0,0.0
2025-05-29 02:40:00+00:00,73.5999984741211,73.9000015258789,73.5999984741211,73.9000015258789,19025,0.0,0.0
2025-05-29 02:45:00+00:00,73.9000015258789,73.9000015258789,73.9000015258789,73.9000015258789,2003,0.0,0.0
2025-05-29 02:50:00+00:00,73.9000015258789,74.0,73.9000015258789,74.0,18175,0.0,0.0
2025-05-29 02:55:00+00:00,73.9000015258789,74.19999694824219,73.9000015258789,74.19999694824219,25370,0.0,0.0
2025-05-29 03:00:00+00:00,74.19999694824219,74.19999694824219,74.19999694824219,74.19999694824219,2000,0.0,0.0
2025-05-29 03:05:00+00:00,74.19999694824219,74.19999694824219,74.0,74.0,10000,0.0,0.0
2025-05-29 03:10:00+00:00,74.0,74.19999694824219,74.0,74.19999694824219,11011,0.0,0.0
2025-05-29 03:15:00+00:00,74.19999694824219,74.19999694824219,74.19999694824219,74.19999694824219,5000,0.0,0.0
2025-05-29 03:20:00+00:00,74.19999694824219,74.19999694824219,74.0999984741211,74.19999694824219,35052,0.0,0.0
2025-05-29 03:25:00+00:00,74.30000305175781,74.30000305175781,74.30000305175781,74.30000305175781,2111,0.0,0.0
2025-05-29 03:30:00+00:00,74.30000305175781,74.5,74.30000305175781,74.4000015258789,61474,0.0,0.0
2025-05-29 03:35:00+00:00,74.4000015258789,74.4000015258789,74.19999694824219,74.4000015258789,11747,0.0,0.0
2025-05-29 03:40:00+00:00,74.30000305175781,74.4000015258789,74.30000305175781,74.4000015258789,8000,0.0,0.0
2025-05-29 03:45:00+00:00,74.30000305175781,74.30000305175781,74.30000305175781,74.30000305175781,7000,0.0,0.0
2025-05-29 03:50:00+00:00,74.19999694824219,74.4000015258789,74.19999694824219,74.4000015258789,15287,0.0,0.0
2025-05-29 04:00:00+00:00,74.4000015258789,74.4000015258789,74.4000015258789,74.4000015258789,2037,0.0,0.0
2025-05-29 04:05:00+00:00,74.4000015258789,74.4000015258789,74.30000305175781,74.30000305175781,9000,0.0,0.0
2025-05-29 04:10:00+00:00,74.30000305175781,74.4000015258789,74.19999694824219,74.19999694824219,15500,0.0,0.0
2025-05-29 04:15:00+00:00,74.0999984741211,74.0999984741211,74.0,74.0,3101,0.0,0.0
2025-05-29 04:20:00+00:00,74.0,74.0999984741211,73.9000015258789,73.9000015258789,22258,0.0,0.0
2025-05-29 04:25:00+00:00,73.9000015258789,73.9000015258789,73.9000015258789,73.9000015258789,8000,0.0,0.0
2025-05-29 04:30:00+00:00,73.80000305175781,73.9000015258789,73.80000305175781,73.9000015258789,12057,0.0,0.0
2025-05-29 04:35:00+00:00,73.9000015258789,73.9000015258789,73.9000015258789,73.9000015258789,2000,0.0,0.0
2025-05-29 04:40:00+00:00,73.9000015258789,73.9000015258789,73.9000015258789,73.9000015258789,3001,0.0,0.0
2025-05-29 04:45:00+00:00,74.0,74.30000305175781,74.0,74.30000305175781,14340,0.0,0.0
2025-05-29 04:50:00+00:00,74.0999984741211,74.0999984741211,74.0999984741211,74.0999984741211,2050,0.0,0.0
2025-05-29 04:55:00+00:00,74.0999984741211,74.19999694824219,74.0999984741211,74.19999694824219,3013,0.0,0.0
2025-05-29 05:00:00+00:00,74.30000305175781,74.30000305175781,74.19999694824219,74.19999694824219,8159,0.0,0.0
2025-05-29 05:05:00+00:00,74.19999694824219,74.30000305175781,74.19999694824219,74.30000305175781,7258,0.0,0.0
2025-05-29 05:10:00+00:00,74.19999694824219,74.19999694824219,74.19999694824219,74.19999694824219,17089,0.0,0.0
2025-05-29 05:15:00+00:00,74.19999694824219,74.19999694824219,74.0999984741211,74.19999694824219,30001,0.0,0.0
2025-05-29 05:20:00+00:00,74.0999984741211,74.30000305175781,74.0999984741211,74.30000305175781,18691,0.0,0.0
2025-06-02 01:00:00+00:00,73.69999694824219,73.69999694824219,73.19999694824219,73.5,0,0.0,0.0
2025-06-02 01:05:00+00:00,73.5999984741211,74.19999694824219,73.5999984741211,74.0999984741211,34607,0.0,0.0
2025-06-02 01:10:00+00:00,74.0,74.69999694824219,74.0,74.4000015258789,30380,0.0,0.0
2025-06-02 01:15:00+00:00,74.30000305175781,74.4000015258789,74.0999984741211,74.4000015258789,27000,0.0,0.0
2025-06-02 01:20:00+00:00,74.0999984741211,74.0999984741211,73.80000305175781,73.9000015258789,38100,0.0,0.0
2025-06-02 01:25:00+00:00,73.9000015258789,73.9000015258789,73.69999694824219,73.80000305175781,12000,0.0,0.0
2025-06-02 01:30:00+00:00,73.5999984741211,73.5999984741211,73.5,73.5,15110,0.0,0.0
2025-06-02 01:35:00+00:00,73.5,73.5999984741211,73.19999694824219,73.19999694824219,20280,0.0,0.0
2025-06-02 01:40:00+00:00,73.5,73.5,72.80000305175781,72.80000305175781,37739,0.0,0.0
2025-06-02 01:45:00+00:00,72.9000015258789,73.0,72.9000015258789,73.0,17112,0.0,0.0
2025-06-02 01:50:00+00:00,73.0999984741211,73.0999984741211,73.0,73.0,3020,0.0,0.0
2025-06-02 01:55:00+00:00,73.0999984741211,73.0999984741211,73.0999984741211,73.0999984741211,6000,0.0,0.0
2025-06-02 02:00:00+00:00,73.0999984741211,73.19999694824219,73.0999984741211,73.0999984741211,11230,0.0,0.0
2025-06-02 02:05:00+00:00,73.0,73.0,73.0,73.0,5014,0.0,0.0
2025-06-02 02:10:00+00:00,73.0999984741211,73.0999984741211,73.0,73.0,3000,0.0,0.0
2025-06-02 02:15:00+00:00,73.0,73.19999694824219,73.0,73.19999694824219,3000,0.0,0.0
2025-06-02 02:20:00+00:00,73.19999694824219,73.19999694824219,73.19999694824219,73.19999694824219,4000,0.0,0.0
2025-06-02 02:25:00+00:00,73.19999694824219,73.19999694824219,73.0999984741211,73.0999984741211,12000,0.0,0.0
2025-06-02 02:30:00+00:00,73.0,73.0,72.9000015258789,73.0,37176,0.0,0.0
2025-06-02 02:35:00+00:00,72.9000015258789,72.9000015258789,72.9000015258789,72.9000015258789,11000,0.0,0.0
2025-06-02 02:40:00+00:00,72.9000015258789,72.9000015258789,72.80000305175781,72.80000305175781,23000,0.0,0.0
2025-06-02 02:45:00+00:00,72.80000305175781,72.80000305175781,72.69999694824219,72.69999694824219,16194,0.0,0.0
2025-06-02 02:50:00+00:00,72.69999694824219,72.69999694824219,72.5999984741211,72.69999694824219,37055,0.0,0.0
2025-06-02 02:55:00+00:00,72.69999694824219,72.69999694824219,72.5999984741211,72.5999984741211,12000,0.0,0.0
2025-06-02 03:00:00+00:00,72.69999694824219,72.69999694824219,72.5,72.5999984741211,40105,0.0,0.0
2025-06-02 03:05:00+00:00,72.5999984741211,72.5999984741211,72.5,72.5,26254,0.0,0.0
2025-06-02 03:15:00+00:00,72.4000015258789,72.5999984741211,72.30000305175781,72.5,39100,0.0,0.0
2025-06-02 03:20:00+00:00,72.5,72.5999984741211,72.5,72.5,6050,0.0,0.0
2025-06-02 03:25:00+00:00,72.5,72.5,72.5,72.5,5100,0.0,0.0
2025-06-02 03:30:00+00:00,72.5999984741211,73.0,72.5999984741211,73.0,24540,0.0,0.0
2025-06-02 03:35:00+00:00,72.80000305175781,72.80000305175781,72.80000305175781,72.80000305175781,3000,0.0,0.0
2025-06-02 03:40:00+00:00,72.80000305175781,72.80000305175781,72.80000305175781,72.80000305175781,2000,0.0,0.0
2025-06-02 03:45:00+00:00,72.69999694824219,72.69999694824219,72.69999694824219,72.69999694824219,6030,0.0,0.0
2025-06-02 03:50:00+00:00,72.69999694824219,72.69999694824219,72.69999694824219,72.69999694824219,2000,0.0,0.0
2025-06-02 03:55:00+00:00,72.69999694824219,72.69999694824219,72.69999694824219,72.69999694824219,1000,0.0,0.0
2025-06-02 04:00:00+00:00,72.5999984741211,72.5999984741211,72.5999984741211,72.5999984741211,1270,0.0,0.0
2025-06-02 04:05:00+00:00,72.5999984741211,72.5999984741211,72.5999984741211,72.5999984741211,2155,0.0,0.0
2025-06-02 04:10:00+00:00,72.69999694824219,72.69999694824219,72.5999984741211,72.5999984741211,4000,0.0,0.0
2025-06-02 04:20:00+00:00,72.69999694824219,72.69999694824219,72.69999694824219,72.69999694824219,10591,0.0,0.0
2025-06-02 04:25:00+00:00,72.80000305175781,72.80000305175781,72.80000305175781,72.80000305175781,1000,0.0,0.0
2025-06-02 04:30:00+00:00,72.80000305175781,72.9000015258789,72.80000305175781,72.9000015258789,4303,0.0,0.0
2025-06-02 04:35:00+00:00,72.9000015258789,72.9000015258789,72.80000305175781,72.80000305175781,3001,0.0,0.0
2025-06-02 04:45:00+00:00,72.80000305175781,72.80000305175781,72.69999694824219,72.69999694824219,6000,0.0,0.0
2025-06-02 04:50:00+00:00,72.80000305175781,72.80000305175781,72.80000305175781,72.80000305175781,8000,0.0,0.0
2025-06-02 04:55:00+00:00,72.80000305175781,72.9000015258789,72.80000305175781,72.9000015258789,17000,0.0,0.0
2025-06-02 05:00:00+00:00,72.9000015258789,72.9000015258789,72.80000305175781,72.80000305175781,3000,0.0,0.0
2025-06-02 05:05:00+00:00,72.9000015258789,72.9000015258789,72.9000015258789,72.9000015258789,6000,0.0,0.0
2025-06-02 05:10:00+00:00,72.9000015258789,72.9000015258789,72.9000015258789,72.9000015258789,3108,0.0,0.0
2025-06-02 05:15:00+00:00,72.9000015258789,73.0999984741211,72.9000015258789,73.0,9069,0.0,0.0
2025-06-02 05:20:00+00:00,73.0999984741211,73.0999984741211,72.80000305175781,72.80000305175781,50120,0.0,0.0
2025-06-03 01:00:00+00:00,73.0999984741211,73.80000305175781,73.0999984741211,73.4000015258789,0,0.0,0.0
2025-06-03 01:05:00+00:00,73.4000015258789,73.5999984741211,73.4000015258789,73.5999984741211,13000,0.0,0.0
2025-06-03 01:10:00+00:00,73.5999984741211,73.5999984741211,73.5999984741211,73.5999984741211,2150,0.0,0.0
2025-06-03 01:15:00+00:00,73.5,73.5999984741211,73.5,73.5999984741211,5016,0.0,0.0
2025-06-03 01:20:00+00:00,73.5,73.5,73.5,73.5,9130,0.0,0.0
2025-06-03 01:25:00+00:00,73.5,73.5999984741211,73.4000015258789,73.5999984741211,15000,0.0,0.0
2025-06-03 01:30:00+00:00,73.5,73.5,73.5,73.5,2000,0.0,0.0
2025-06-03 01:35:00+00:00,73.5999984741211,74.0,73.5999984741211,74.0,65724,0.0,0.0
2025-06-03 01:40:00+00:00,74.0999984741211,74.19999694824219,74.0,74.0999984741211,26100,0.0,0.0
2025-06-03 01:45:00+00:00,74.0999984741211,74.4000015258789,74.0999984741211,74.4000015258789,43255,0.0,0.0
2025-06-03 01:50:00+00:00,74.4000015258789,74.5,74.30000305175781,74.4000015258789,43101,0.0,0.0
2025-06-03 01:55:00+00:00,74.4000015258789,74.80000305175781,74.30000305175781,74.5999984741211,122048,0.0,0.0
2025-06-03 02:00:00+00:00,74.69999694824219,75.0,74.5,74.5999984741211,91988,0.0,0.0
2025-06-03 02:05:00+00:00,74.5999984741211,74.5999984741211,74.4000015258789,74.5,24102,0.0,0.0
2025-06-03 02:10:00+00:00,74.5,74.5,74.30000305175781,74.30000305175781,12018,0.0,0.0
2025-06-03 02:15:00+00:00,74.30000305175781,74.30000305175781,74.0999984741211,74.0999984741211,23128,0.0,0.0
2025-06-03 02:20:00+00:00,74.0999984741211,74.30000305175781,74.0999984741211,74.30000305175781,10000,0.0,0.0
2025-06-03 02:25:00+00:00,74.30000305175781,74.30000305175781,74.19999694824219,74.19999694824219,8000,0.0,0.0
2025-06-03 02:30:00+00:00,74.0999984741211,74.30000305175781,74.0999984741211,74.30000305175781,11000,0.0,0.0
2025-06-03 02:35:00+00:00,74.19999694824219,74.19999694824219,74.19999694824219,74.19999694824219,7000,0.0,0.0
2025-06-03 02:40:00+00:00,74.0999984741211,74.0999984741211,74.0,74.0,9000,0.0,0.0
2025-06-03 02:45:00+00:00,74.0999984741211,74.0999984741211,74.0999984741211,74.0999984741211,4129,0.0,0.0
2025-06-03 02:50:00+00:00,74.0999984741211,74.4000015258789,74.0999984741211,74.4000015258789,17111,0.0,0.0
2025-06-03 02:55:00+00:00,74.30000305175781,74.30000305175781,74.19999694824219,74.19999694824219,3001,0.0,0.0
2025-06-03 03:00:00+00:00,74.30000305175781,74.30000305175781,74.30000305175781,74.30000305175781,12000,0.0,0.0
2025-06-03 03:05:00+00:00,74.30000305175781,74.30000305175781,74.30000305175781,74.30000305175781,16039,0.0,0.0
2025-06-03 03:10:00+00:00,74.30000305175781,74.4000015258789,74.30000305175781,74.4000015258789,4014,0.0,0.0
2025-06-03 03:15:00+00:00,74.30000305175781,74.30000305175781,74.19999694824219,74.19999694824219,9015,0.0,0.0
2025-06-03 03:25:00+00:00,74.19999694824219,74.19999694824219,74.19999694824219,74.19999694824219,7000,0.0,0.0
2025-06-03 03:35:00+00:00,74.30000305175781,74.30000305175781,74.30000305175781,74.30000305175781,3000,0.0,0.0
2025-06-03 03:40:00+00:00,74.30000305175781,74.30000305175781,74.30000305175781,74.30000305175781,2002,0.0,0.0
2025-06-03 03:45:00+00:00,74.19999694824219,74.19999694824219,74.19999694824219,74.19999694824219,1150,0.0,0.0
2025-06-03 03:50:00+00:00,74.4000015258789,74.4000015258789,74.4000015258789,74.4000015258789,8185,0.0,0.0
2025-06-03 03:55:00+00:00,74.4000015258789,74.5,74.4000015258789,74.5,37416,0.0,0.0
2025-06-03 04:00:00+00:00,74.5,74.5999984741211,74.5,74.5,25180,0.0,0.0
2025-06-03 04:05:00+00:00,74.5,74.80000305175781,74.5,74.80000305175781,72282,0.0,0.0
2025-06-03 04:10:00+00:00,74.9000015258789,75.0999984741211,74.80000305175781,74.9000015258789,140249,0.0,0.0
2025-06-03 04:15:00+00:00,74.9000015258789,74.9000015258789,74.80000305175781,74.9000015258789,17000,0.0,0.0
2025-06-03 04:20:00+00:00,74.80000305175781,75.4000015258789,74.80000305175781,75.4000015258789,121015,0.0,0.0
2025-06-03 04:25:00+00:00,75.4000015258789,75.5,75.30000305175781,75.30000305175781,63165,0.0,0.0
2025-06-03 04:30:00+00:00,75.30000305175781,75.5999984741211,75.30000305175781,75.4000015258789,78949,0.0,0.0
2025-06-03 04:35:00+00:00,75.4000015258789,76.9000015258789,75.4000015258789,76.30000305175781,273357,0.0,0.0
2025-06-03 04:40:00+00:00,76.19999694824219,76.30000305175781,76.0999984741211,76.0999984741211,81212,0.0,0.0
2025-06-03 04:45:00+00:00,76.0999984741211,76.0999984741211,76.0,76.0,88150,0.0,0.0
2025-06-03 04:50:00+00:00,76.0,76.0,75.9000015258789,76.0,39488,0.0,0.0
2025-06-03 04:55:00+00:00,76.0,76.0,75.9000015258789,75.9000015258789,24275,0.0,0.0
2025-06-03 05:00:00+00:00,76.0,76.0,75.9000015258789,75.9000015258789,27525,0.0,0.0
2025-06-03 05:05:00+00:00,75.80000305175781,75.9000015258789,75.80000305175781,75.80000305175781,14280,0.0,0.0
2025-06-03 05:10:00+00:00,75.80000305175781,75.9000015258789,75.80000305175781,75.80000305175781,24000,0.0,0.0
2025-06-03 05:15:00+00:00,75.69999694824219,75.69999694824219,75.5,75.5999984741211,38386,0.0,0.0
2025-06-03 05:20:00+00:00,75.5999984741211,75.80000305175781,75.5,75.5,55107,0.0,0.0
2025-06-04 01:00:00+00:00,76.30000305175781,76.5999984741211,76.0,76.4000015258789,150000,0.0,0.0
2025-06-04 01:05:00+00:00,76.4000015258789,76.5999984741211,76.30000305175781,76.5,75000,0.0,0.0
2025-06-04 01:10:00+00:00,76.9000015258789,76.9000015258789,76.5,76.5,130928,0.0,0.0
2025-06-04 01:15:00+00:00,76.5,76.5,76.0,76.30000305175781,92078,0.0,0.0
2025-06-04 01:20:00+00:00,76.30000305175781,76.4000015258789,76.19999694824219,76.30000305175781,6503,0.0,0.0
2025-06-04 01:25:00+00:00,76.30000305175781,76.5999984741211,76.30000305175781,76.30000305175781,47321,0.0,0.0
2025-06-04 01:30:00+00:00,76.30000305175781,76.4000015258789,76.0,76.0,73428,0.0,0.0
2025-06-04 01:35:00+00:00,76.0,76.0,75.9000015258789,75.9000015258789,19292,0.0,0.0
2025-06-04 01:40:00+00:00,75.9000015258789,75.9000015258789,75.9000015258789,75.9000015258789,15200,0.0,0.0
2025-06-04 01:45:00+00:00,75.9000015258789,75.9000015258789,75.9000015258789,75.9000015258789,6000,0.0,0.0
2025-06-04 01:50:00+00:00,75.80000305175781,75.80000305175781,75.5999984741211,75.80000305175781,38400,0.0,0.0
2025-06-04 01:55:00+00:00,75.80000305175781,75.80000305175781,75.5999984741211,75.5999984741211,28252,0.0,0.0
2025-06-04 02:00:00+00:00,75.5999984741211,75.9000015258789,75.5,75.69999694824219,34000,0.0,0.0
2025-06-04 02:05:00+00:00,75.80000305175781,76.0,75.80000305175781,76.0,21000,0.0,0.0
2025-06-04 02:10:00+00:00,76.0999984741211,76.0999984741211,75.9000015258789,75.9000015258789,7000,0.0,0.0
2025-06-04 02:15:00+00:00,76.0,76.0,76.0,76.0,2220,0.0,0.0
2025-06-04 02:20:00+00:00,76.0,76.0999984741211,75.9000015258789,76.0,18004,0.0,0.0
2025-06-04 02:25:00+00:00,76.0,76.0,76.0,76.0,9000,0.0,0.0
2025-06-04 02:30:00+00:00,76.0,76.0999984741211,76.0,76.0,12600,0.0,0.0
2025-06-04 02:35:00+00:00,76.0,76.0,75.9000015258789,75.9000015258789,14000,0.0,0.0
2025-06-04 02:40:00+00:00,75.9000015258789,75.9000015258789,75.80000305175781,75.9000015258789,8037,0.0,0.0
2025-06-04 02:45:00+00:00,75.9000015258789,75.9000015258789,75.9000015258789,75.9000015258789,4313,0.0,0.0
2025-06-04 02:50:00+00:00,76.0,76.0999984741211,76.0,76.0999984741211,19150,0.0,0.0
2025-06-04 02:55:00+00:00,76.30000305175781,76.4000015258789,76.30000305175781,76.30000305175781,53451,0.0,0.0
2025-06-04 03:00:00+00:00,76.30000305175781,76.30000305175781,76.19999694824219,76.19999694824219,12000,0.0,0.0
2025-06-04 03:05:00+00:00,76.0999984741211,76.0999984741211,76.0,76.0,5000,0.0,0.0
2025-06-04 03:10:00+00:00,76.0,76.0,76.0,76.0,8000,0.0,0.0
2025-06-04 03:15:00+00:00,76.0999984741211,76.19999694824219,76.0999984741211,76.19999694824219,2100,0.0,0.0
2025-06-04 03:20:00+00:00,76.0999984741211,76.0999984741211,76.0,76.0,4660,0.0,0.0
2025-06-04 03:25:00+00:00,75.9000015258789,75.9000015258789,75.9000015258789,75.9000015258789,7339,0.0,0.0
2025-06-04 03:30:00+00:00,75.80000305175781,75.80000305175781,75.80000305175781,75.80000305175781,4000,0.0,0.0
2025-06-04 03:35:00+00:00,75.80000305175781,75.80000305175781,75.80000305175781,75.80000305175781,2782,0.0,0.0
2025-06-04 03:40:00+00:00,75.69999694824219,75.69999694824219,75.5999984741211,75.5999984741211,23000,0.0,0.0
2025-06-04 03:45:00+00:00,75.5999984741211,75.69999694824219,75.5999984741211,75.69999694824219,27000,0.0,0.0
2025-06-04 03:50:00+00:00,75.69999694824219,75.80000305175781,75.69999694824219,75.80000305175781,7000,0.0,0.0
2025-06-04 03:55:00+00:00,75.80000305175781,75.80000305175781,75.69999694824219,75.69999694824219,6010,0.0,0.0
2025-06-04 04:00:00+00:00,75.69999694824219,75.69999694824219,75.69999694824219,75.69999694824219,3000,0.0,0.0
2025-06-04 04:05:00+00:00,75.69999694824219,75.80000305175781,75.69999694824219,75.80000305175781,10025,0.0,0.0
2025-06-04 04:10:00+00:00,75.69999694824219,75.80000305175781,75.69999694824219,75.80000305175781,6000,0.0,0.0
2025-06-04 04:15:00+00:00,75.80000305175781,75.9000015258789,75.69999694824219,75.9000015258789,6010,0.0,0.0
2025-06-04 04:20:00+00:00,75.9000015258789,75.9000015258789,75.9000015258789,75.9000015258789,13016,0.0,0.0
2025-06-04 04:25:00+00:00,75.9000015258789,75.9000015258789,75.9000015258789,75.9000015258789,2350,0.0,0.0
2025-06-04 04:30:00+00:00,75.9000015258789,75.9000015258789,75.9000015258789,75.9000015258789,3010,0.0,0.0
2025-06-04 04:35:00+00:00,75.9000015258789,75.9000015258789,75.80000305175781,75.80000305175781,4140,0.0,0.0
2025-06-04 04:40:00+00:00,75.80000305175781,75.80000305175781,75.69999694824219,75.69999694824219,22067,0.0,0.0
2025-06-04 04:45:00+00:00,75.69999694824219,75.80000305175781,75.69999694824219,75.80000305175781,7026,0.0,0.0
2025-06-04 04:50:00+00:00,75.9000015258789,75.9000015258789,75.9000015258789,75.9000015258789,1000,0.0,0.0
2025-06-04 04:55:00+00:00,75.9000015258789,75.9000015258789,75.80000305175781,75.80000305175781,7000,0.0,0.0
2025-06-04 05:00:00+00:00,75.80000305175781,76.0,75.69999694824219,75.69999694824219,20090,0.0,0.0
2025-06-04 05:05:00+00:00,75.69999694824219,75.69999694824219,75.5999984741211,75.5999984741211,12000,0.0,0.0
2025-06-04 05:10:00+00:00,75.69999694824219,75.69999694824219,75.69999694824219,75.69999694824219,6020,0.0,0.0
2025-06-04 05:15:00+00:00,75.69999694824219,75.69999694824219,75.69999694824219,75.69999694824219,24056,0.0,0.0
2025-06-04 05:20:00+00:00,75.69999694824219,75.9000015258789,75.69999694824219,75.69999694824219,23022,0.0,0.0
2025-06-05 01:00:00+00:00,76.5,76.5,75.5999984741211,75.80000305175781,131000,0.0,0.0
2025-06-05 01:05:00+00:00,75.80000305175781,75.80000305175781,75.80000305175781,75.80000305175781,14404,0.0,0.0
2025-06-05 01:10:00+00:00,75.9000015258789,75.9000015258789,75.80000305175781,75.80000305175781,18555,0.0,0.0
2025-06-05 01:15:00+00:00,75.80000305175781,75.80000305175781,75.5999984741211,75.5999984741211,26239,0.0,0.0
2025-06-05 01:20:00+00:00,75.5999984741211,75.5999984741211,75.4000015258789,75.4000015258789,25055,0.0,0.0
2025-06-05 01:25:00+00:00,75.4000015258789,75.4000015258789,75.19999694824219,75.30000305175781,20778,0.0,0.0
2025-06-05 01:30:00+00:00,75.4000015258789,75.4000015258789,75.19999694824219,75.4000015258789,23034,0.0,0.0
2025-06-05 01:35:00+00:00,75.4000015258789,75.4000015258789,75.30000305175781,75.4000015258789,10180,0.0,0.0
2025-06-05 01:40:00+00:00,75.4000015258789,75.4000015258789,75.30000305175781,75.30000305175781,4350,0.0,0.0
2025-06-05 01:45:00+00:00,75.4000015258789,75.5,75.30000305175781,75.5,4001,0.0,0.0
2025-06-05 01:50:00+00:00,75.5,75.5,75.4000015258789,75.4000015258789,8010,0.0,0.0
2025-06-05 01:55:00+00:00,75.5,75.5,75.5,75.5,1000,0.0,0.0
2025-06-05 02:00:00+00:00,75.5,75.5,75.4000015258789,75.4000015258789,19020,0.0,0.0
2025-06-05 02:05:00+00:00,75.5,75.5,75.4000015258789,75.4000015258789,23055,0.0,0.0
2025-06-05 02:10:00+00:00,75.30000305175781,75.30000305175781,75.19999694824219,75.19999694824219,14001,0.0,0.0
2025-06-05 02:15:00+00:00,75.0999984741211,75.30000305175781,75.0999984741211,75.30000305175781,20000,0.0,0.0
2025-06-05 02:20:00+00:00,75.30000305175781,75.30000305175781,75.19999694824219,75.30000305175781,7007,0.0,0.0
2025-06-05 02:25:00+00:00,75.19999694824219,75.19999694824219,75.0,75.0999984741211,16330,0.0,0.0
2025-06-05 02:30:00+00:00,75.0999984741211,75.19999694824219,75.0,75.19999694824219,7205,0.0,0.0
2025-06-05 02:35:00+00:00,75.19999694824219,75.19999694824219,75.0999984741211,75.19999694824219,8003,0.0,0.0
2025-06-05 02:40:00+00:00,75.19999694824219,75.19999694824219,75.19999694824219,75.19999694824219,3467,0.0,0.0
2025-06-05 02:45:00+00:00,75.19999694824219,75.19999694824219,75.0999984741211,75.0999984741211,9250,0.0,0.0
2025-06-05 02:50:00+00:00,75.0999984741211,75.19999694824219,75.0999984741211,75.0999984741211,9050,0.0,0.0
2025-06-05 02:55:00+00:00,75.19999694824219,75.19999694824219,75.19999694824219,75.19999694824219,3000,0.0,0.0
2025-06-05 03:00:00+00:00,75.0999984741211,75.0999984741211,75.0,75.0,18000,0.0,0.0
2025-06-05 03:05:00+00:00,75.0,75.0999984741211,75.0,75.0999984741211,7000,0.0,0.0
2025-06-05 03:10:00+00:00,75.0999984741211,75.4000015258789,75.0999984741211,75.30000305175781,32000,0.0,0.0
2025-06-05 03:15:00+00:00,75.30000305175781,75.30000305175781,75.30000305175781,75.30000305175781,3000,0.0,0.0
2025-06-05 03:20:00+00:00,75.19999694824219,75.19999694824219,75.19999694824219,75.19999694824219,0,0.0,0.0
2025-06-05 03:25:00+00:00,75.0999984741211,75.0999984741211,75.0999984741211,75.0999984741211,504994,0.0,0.0
2025-06-05 03:35:00+00:00,75.0999984741211,75.19999694824219,75.0999984741211,75.19999694824219,8000,0.0,0.0
2025-06-05 03:40:00+00:00,75.19999694824219,75.19999694824219,75.19999694824219,75.19999694824219,3100,0.0,0.0
2025-06-05 03:45:00+00:00,75.30000305175781,75.5,75.30000305175781,75.5,31000,0.0,0.0
2025-06-05 03:50:00+00:00,75.30000305175781,75.5,75.30000305175781,75.30000305175781,13092,0.0,0.0
2025-06-05 03:55:00+00:00,75.30000305175781,75.30000305175781,75.19999694824219,75.30000305175781,6079,0.0,0.0
2025-06-05 04:00:00+00:00,75.19999694824219,75.19999694824219,75.19999694824219,75.19999694824219,2000,0.0,0.0
2025-06-05 04:05:00+00:00,75.0999984741211,75.0999984741211,75.0999984741211,75.0999984741211,12039,0.0,0.0
2025-06-05 04:10:00+00:00,75.0999984741211,75.0999984741211,75.0999984741211,75.0999984741211,4000,0.0,0.0
2025-06-05 04:15:00+00:00,75.0999984741211,75.0999984741211,75.0,75.0999984741211,5242,0.0,0.0
2025-06-05 04:20:00+00:00,75.0999984741211,75.0999984741211,75.0999984741211,75.0999984741211,3147,0.0,0.0
2025-06-05 04:25:00+00:00,75.0999984741211,75.19999694824219,75.0999984741211,75.19999694824219,9145,0.0,0.0
2025-06-05 04:30:00+00:00,75.0999984741211,75.19999694824219,75.0999984741211,75.0999984741211,5100,0.0,0.0
2025-06-05 04:35:00+00:00,75.19999694824219,75.19999694824219,75.0999984741211,75.0999984741211,2000,0.0,0.0
2025-06-05 04:40:00+00:00,75.19999694824219,75.4000015258789,75.19999694824219,75.30000305175781,16068,0.0,0.0
2025-06-05 04:45:00+00:00,75.30000305175781,75.30000305175781,75.30000305175781,75.30000305175781,7000,0.0,0.0
2025-06-05 04:50:00+00:00,75.30000305175781,75.4000015258789,75.30000305175781,75.4000015258789,10100,0.0,0.0
2025-06-05 04:55:00+00:00,75.5,75.5,75.30000305175781,75.30000305175781,3164,0.0,0.0
2025-06-05 05:00:00+00:00,75.30000305175781,75.30000305175781,75.30000305175781,75.30000305175781,4000,0.0,0.0
2025-06-05 05:05:00+00:00,75.19999694824219,75.30000305175781,75.19999694824219,75.19999694824219,17100,0.0,0.0
2025-06-05 05:10:00+00:00,75.30000305175781,75.30000305175781,75.30000305175781,75.30000305175781,2221,0.0,0.0
2025-06-05 05:15:00+00:00,75.19999694824219,75.19999694824219,75.19999694824219,75.19999694824219,13000,0.0,0.0
2025-06-05 05:20:00+00:00,75.19999694824219,75.19999694824219,75.0999984741211,75.19999694824219,17681,0.0,0.0
2025-06-06 01:00:00+00:00,74.9000015258789,75.0,74.80000305175781,74.80000305175781,13000,0.0,0.0
2025-06-06 01:05:00+00:00,74.80000305175781,75.0999984741211,74.80000305175781,75.0,8000,0.0,0.0
2025-06-06 01:10:00+00:00,75.19999694824219,75.19999694824219,75.19999694824219,75.19999694824219,2730,0.0,0.0
2025-06-06 01:15:00+00:00,75.19999694824219,75.5999984741211,75.19999694824219,75.5999984741211,31000,0.0,0.0
2025-06-06 01:20:00+00:00,75.5,75.5999984741211,75.30000305175781,75.30000305175781,25022,0.0,0.0
2025-06-06 01:25:00+00:00,75.30000305175781,75.30000305175781,75.30000305175781,75.30000305175781,4000,0.0,0.0
2025-06-06 01:30:00+00:00,75.30000305175781,75.30000305175781,75.30000305175781,75.30000305175781,16589,0.0,0.0
2025-06-06 01:35:00+00:00,75.30000305175781,75.30000305175781,75.19999694824219,75.30000305175781,32532,0.0,0.0
2025-06-06 01:40:00+00:00,75.4000015258789,75.69999694824219,75.4000015258789,75.5,39012,0.0,0.0
2025-06-06 01:45:00+00:00,75.5,75.69999694824219,75.5,75.69999694824219,44000,0.0,0.0
2025-06-06 01:50:00+00:00,75.69999694824219,75.69999694824219,75.5999984741211,75.5999984741211,7000,0.0,0.0
2025-06-06 01:55:00+00:00,75.5999984741211,75.80000305175781,75.5,75.80000305175781,22100,0.0,0.0
2025-06-06 02:00:00+00:00,75.80000305175781,75.80000305175781,75.5999984741211,75.5999984741211,10003,0.0,0.0
2025-06-06 02:05:00+00:00,75.5999984741211,75.5999984741211,75.5999984741211,75.5999984741211,7000,0.0,0.0
2025-06-06 02:10:00+00:00,75.5999984741211,75.69999694824219,75.5999984741211,75.69999694824219,4200,0.0,0.0
2025-06-06 02:15:00+00:00,75.69999694824219,76.5,75.69999694824219,76.19999694824219,194408,0.0,0.0
2025-06-06 02:20:00+00:00,76.19999694824219,76.4000015258789,76.19999694824219,76.30000305175781,54120,0.0,0.0
2025-06-06 02:25:00+00:00,76.4000015258789,76.4000015258789,76.19999694824219,76.19999694824219,20086,0.0,0.0
2025-06-06 02:30:00+00:00,76.19999694824219,76.19999694824219,76.0,76.0,21390,0.0,0.0
2025-06-06 02:35:00+00:00,76.0,76.0,76.0,76.0,3000,0.0,0.0
2025-06-06 02:40:00+00:00,76.0,76.0,75.9000015258789,75.9000015258789,8030,0.0,0.0
2025-06-06 02:45:00+00:00,75.9000015258789,76.0999984741211,75.5,76.0999984741211,51120,0.0,0.0
2025-06-06 02:50:00+00:00,76.0999984741211,76.0999984741211,76.0,76.0,3000,0.0,0.0
2025-06-06 03:00:00+00:00,76.0,76.0,76.0,76.0,4040,0.0,0.0
2025-06-06 03:05:00+00:00,75.9000015258789,76.0999984741211,75.80000305175781,76.0999984741211,13150,0.0,0.0
2025-06-06 03:10:00+00:00,76.0999984741211,76.0999984741211,76.0999984741211,76.0999984741211,18397,0.0,0.0
2025-06-06 03:15:00+00:00,76.0,76.0,76.0,76.0,2000,0.0,0.0
2025-06-06 03:20:00+00:00,76.0,76.0,76.0,76.0,2000,0.0,0.0
2025-06-06 03:25:00+00:00,76.0,76.0,75.9000015258789,75.9000015258789,14000,0.0,0.0
2025-06-06 03:30:00+00:00,75.9000015258789,75.9000015258789,75.80000305175781,75.80000305175781,12000,0.0,0.0
2025-06-06 03:35:00+00:00,75.69999694824219,75.69999694824219,75.69999694824219,75.69999694824219,4220,0.0,0.0
2025-06-06 03:40:00+00:00,75.5999984741211,75.5999984741211,75.5999984741211,75.5999984741211,9000,0.0,0.0
2025-06-06 03:45:00+00:00,75.5999984741211,75.5999984741211,75.5999984741211,75.5999984741211,2000,0.0,0.0
2025-06-06 03:50:00+00:00,75.5999984741211,75.69999694824219,75.5999984741211,75.69999694824219,5049,0.0,0.0
2025-06-06 03:55:00+00:00,75.69999694824219,75.80000305175781,75.69999694824219,75.80000305175781,4000,0.0,0.0
2025-06-06 04:00:00+00:00,75.80000305175781,75.80000305175781,75.80000305175781,75.80000305175781,4001,0.0,0.0
2025-06-06 04:05:00+00:00,75.80000305175781,75.80000305175781,75.80000305175781,75.80000305175781,7050,0.0,0.0
2025-06-06 04:10:00+00:00,75.80000305175781,75.80000305175781,75.80000305175781,75.80000305175781,2036,0.0,0.0
2025-06-06 04:15:00+00:00,75.69999694824219,75.69999694824219,75.5999984741211,75.5999984741211,7106,0.0,0.0
2025-06-06 04:20:00+00:00,75.5999984741211,75.80000305175781,75.5999984741211,75.80000305175781,5000,0.0,0.0
2025-06-06 04:30:00+00:00,75.69999694824219,75.69999694824219,75.5,75.5,19090,0.0,0.0
2025-06-06 04:35:00+00:00,75.5,75.5999984741211,75.5,75.5999984741211,3000,0.0,0.0
2025-06-06 04:40:00+00:00,75.5999984741211,75.5999984741211,75.5999984741211,75.5999984741211,1000,0.0,0.0
2025-06-06 04:45:00+00:00,75.69999694824219,75.80000305175781,75.69999694824219,75.80000305175781,19000,0.0,0.0
2025-06-06 04:50:00+00:00,75.69999694824219,75.69999694824219,75.69999694824219,75.69999694824219,1001,0.0,0.0
2025-06-06 04:55:00+00:00,75.80000305175781,75.80000305175781,75.80000305175781,75.80000305175781,19100,0.0,0.0
2025-06-06 05:00:00+00:00,75.9000015258789,75.9000015258789,75.80000305175781,75.9000015258789,21000,0.0,0.0
2025-06-06 05:05:00+00:00,75.9000015258789,76.0,75.9000015258789,76.0,18000,0.0,0.0
2025-06-06 05:10:00+00:00,76.0,76.0,75.9000015258789,75.9000015258789,12022,0.0,0.0
2025-06-06 05:15:00+00:00,75.9000015258789,75.9000015258789,75.69999694824219,75.9000015258789,38109,0.0,0.0
2025-06-06 05:20:00+00:00,75.80000305175781,75.9000015258789,75.69999694824219,75.69999694824219,14180,0.0,0.0
2025-06-09 01:00:00+00:00,74.0,74.0,72.19999694824219,72.5999984741211,0,0.0,0.0
2025-06-09 01:05:00+00:00,72.80000305175781,72.9000015258789,72.4000015258789,72.5999984741211,161000,0.0,0.0
2025-06-09 01:10:00+00:00,72.5,72.5999984741211,72.30000305175781,72.5,282185,0.0,0.0
2025-06-09 01:15:00+00:00,72.5,72.5,71.30000305175781,71.5,449690,0.0,0.0
2025-06-09 01:20:00+00:00,71.5,71.5999984741211,71.19999694824219,71.4000015258789,150277,0.0,0.0
2025-06-09 01:25:00+00:00,71.4000015258789,71.5,71.0,71.0999984741211,146870,0.0,0.0
2025-06-09 01:30:00+00:00,71.0999984741211,71.5,70.80000305175781,71.4000015258789,150981,0.0,0.0
2025-06-09 01:35:00+00:00,71.4000015258789,71.4000015258789,71.0999984741211,71.0999984741211,72855,0.0,0.0
2025-06-09 01:40:00+00:00,71.0999984741211,71.19999694824219,71.0,71.19999694824219,37064,0.0,0.0
2025-06-09 01:45:00+00:00,71.0999984741211,71.0999984741211,70.5,70.5999984741211,163982,0.0,0.0
2025-06-09 01:50:00+00:00,70.5,70.80000305175781,70.30000305175781,70.5999984741211,124066,0.0,0.0
2025-06-09 01:55:00+00:00,70.5999984741211,70.5999984741211,70.5999984741211,70.5999984741211,23677,0.0,0.0
2025-06-09 02:00:00+00:00,70.5999984741211,71.19999694824219,70.5999984741211,71.0999984741211,71000,0.0,0.0
2025-06-09 02:05:00+00:00,71.0,71.0,70.69999694824219,70.69999694824219,42092,0.0,0.0
2025-06-09 02:10:00+00:00,70.80000305175781,71.0,70.69999694824219,71.0,35210,0.0,0.0
2025-06-09 02:15:00+00:00,71.0,71.0,70.9000015258789,70.9000015258789,26615,0.0,0.0
2025-06-09 02:20:00+00:00,71.0,71.4000015258789,70.80000305175781,71.4000015258789,36000,0.0,0.0
2025-06-09 02:25:00+00:00,71.4000015258789,71.4000015258789,71.19999694824219,71.19999694824219,28005,0.0,0.0
2025-06-09 02:30:00+00:00,71.19999694824219,71.4000015258789,71.19999694824219,71.4000015258789,14662,0.0,0.0
2025-06-09 02:35:00+00:00,71.5,71.69999694824219,71.0999984741211,71.5,100100,0.0,0.0
2025-06-09 02:40:00+00:00,71.5999984741211,71.80000305175781,71.5999984741211,71.69999694824219,22430,0.0,0.0
2025-06-09 02:45:00+00:00,71.69999694824219,71.69999694824219,71.5999984741211,71.5999984741211,28018,0.0,0.0
2025-06-09 02:50:00+00:00,71.69999694824219,71.9000015258789,71.69999694824219,71.9000015258789,19528,0.0,0.0
2025-06-09 02:55:00+00:00,71.80000305175781,72.0,71.80000305175781,71.80000305175781,26400,0.0,0.0
2025-06-09 03:00:00+00:00,71.80000305175781,71.9000015258789,71.80000305175781,71.9000015258789,14200,0.0,0.0
2025-06-09 03:05:00+00:00,71.80000305175781,71.80000305175781,71.5999984741211,71.80000305175781,28109,0.0,0.0
2025-06-09 03:10:00+00:00,71.80000305175781,71.80000305175781,71.80000305175781,71.80000305175781,13000,0.0,0.0
2025-06-09 03:15:00+00:00,71.80000305175781,71.80000305175781,71.80000305175781,71.80000305175781,1000,0.0,0.0
2025-06-09 03:20:00+00:00,71.80000305175781,71.80000305175781,71.69999694824219,71.69999694824219,14150,0.0,0.0
2025-06-09 03:25:00+00:00,71.69999694824219,71.69999694824219,71.5,71.5999984741211,23536,0.0,0.0
2025-06-09 03:30:00+00:00,71.69999694824219,71.69999694824219,71.69999694824219,71.69999694824219,3000,0.0,0.0
2025-06-09 03:35:00+00:00,71.80000305175781,71.80000305175781,71.80000305175781,71.80000305175781,2212,0.0,0.0
2025-06-09 03:40:00+00:00,71.80000305175781,72.0,71.80000305175781,71.9000015258789,18137,0.0,0.0
2025-06-09 03:45:00+00:00,71.9000015258789,71.9000015258789,71.9000015258789,71.9000015258789,5000,0.0,0.0
2025-06-09 03:50:00+00:00,71.9000015258789,71.9000015258789,71.9000015258789,71.9000015258789,15000,0.0,0.0
2025-06-09 03:55:00+00:00,71.9000015258789,72.19999694824219,71.9000015258789,72.0999984741211,51000,0.0,0.0
2025-06-09 04:00:00+00:00,72.0999984741211,72.19999694824219,72.0999984741211,72.19999694824219,17010,0.0,0.0
2025-06-09 04:05:00+00:00,72.0999984741211,72.0999984741211,72.0999984741211,72.0999984741211,20000,0.0,0.0
2025-06-09 04:10:00+00:00,72.0999984741211,72.0999984741211,72.0999984741211,72.0999984741211,20500,0.0,0.0
2025-06-09 04:15:00+00:00,72.0999984741211,72.0999984741211,72.0999984741211,72.0999984741211,2000,0.0,0.0
2025-06-09 04:20:00+00:00,72.0999984741211,72.0999984741211,71.9000015258789,71.9000015258789,42008,0.0,0.0
2025-06-09 04:25:00+00:00,71.9000015258789,71.9000015258789,71.9000015258789,71.9000015258789,20200,0.0,0.0
2025-06-09 04:30:00+00:00,71.9000015258789,72.0,71.9000015258789,72.0,10050,0.0,0.0
2025-06-09 04:35:00+00:00,71.9000015258789,71.9000015258789,71.9000015258789,71.9000015258789,12050,0.0,0.0
2025-06-09 04:40:00+00:00,72.0,72.30000305175781,72.0,72.19999694824219,48019,0.0,0.0
2025-06-09 04:45:00+00:00,72.30000305175781,72.5999984741211,72.30000305175781,72.5,69431,0.0,0.0
2025-06-09 04:50:00+00:00,72.5,72.5999984741211,72.5,72.5,27090,0.0,0.0
2025-06-09 04:55:00+00:00,72.5,72.5,72.4000015258789,72.4000015258789,20272,0.0,0.0
2025-06-09 05:00:00+00:00,72.4000015258789,72.5,72.30000305175781,72.5,23236,0.0,0.0
2025-06-09 05:05:00+00:00,72.5,72.5,72.4000015258789,72.5,30229,0.0,0.0
2025-06-09 05:10:00+00:00,72.5,72.5999984741211,72.5,72.5,35050,0.0,0.0
2025-06-09 05:15:00+00:00,72.5,72.5,72.4000015258789,72.5,38179,0.0,0.0
2025-06-09 05:20:00+00:00,72.5,72.5999984741211,72.5,72.5,31080,0.0,0.0
2025-06-10 01:00:00+00:00,72.5,72.5999984741211,72.30000305175781,72.30000305175781,28000,0.0,0.0
2025-06-10 01:05:00+00:00,72.5,72.5,72.4000015258789,72.4000015258789,28244,0.0,0.0
2025-06-10 01:10:00+00:00,72.5,72.5,72.5,72.5,38050,0.0,0.0
2025-06-10 01:15:00+00:00,72.5,72.5,72.4000015258789,72.4000015258789,13000,0.0,0.0
2025-06-10 01:20:00+00:00,72.4000015258789,72.5,72.4000015258789,72.5,36000,0.0,0.0
2025-06-10 01:25:00+00:00,72.5,73.0999984741211,72.5,73.0,47150,0.0,0.0
2025-06-10 01:30:00+00:00,73.0,73.30000305175781,72.80000305175781,72.80000305175781,72038,0.0,0.0
2025-06-10 01:35:00+00:00,72.69999694824219,72.69999694824219,72.5,72.5,25450,0.0,0.0
2025-06-10 01:40:00+00:00,72.5,72.69999694824219,72.5,72.69999694824219,16628,0.0,0.0
2025-06-10 01:45:00+00:00,72.69999694824219,72.69999694824219,72.5,72.69999694824219,15361,0.0,0.0
2025-06-10 01:50:00+00:00,72.5999984741211,72.5999984741211,72.5,72.5999984741211,11000,0.0,0.0
2025-06-10 01:55:00+00:00,72.5999984741211,72.5999984741211,72.5999984741211,72.5999984741211,7680,0.0,0.0
2025-06-10 02:00:00+00:00,72.5999984741211,72.5999984741211,72.4000015258789,72.5,19066,0.0,0.0
2025-06-10 02:05:00+00:00,72.5,72.5,72.5,72.5,7150,0.0,0.0
2025-06-10 02:10:00+00:00,72.5,72.69999694824219,72.5,72.69999694824219,26000,0.0,0.0
2025-06-10 02:15:00+00:00,72.69999694824219,72.69999694824219,72.5,72.5,26000,0.0,0.0
2025-06-10 02:20:00+00:00,72.69999694824219,72.80000305175781,72.5,72.5999984741211,23284,0.0,0.0
2025-06-10 02:30:00+00:00,72.5999984741211,72.69999694824219,72.5999984741211,72.69999694824219,3000,0.0,0.0
2025-06-10 02:35:00+00:00,72.69999694824219,72.69999694824219,72.69999694824219,72.69999694824219,8017,0.0,0.0
2025-06-10 02:40:00+00:00,72.69999694824219,72.80000305175781,72.5999984741211,72.69999694824219,31100,0.0,0.0
2025-06-10 02:45:00+00:00,72.69999694824219,72.80000305175781,72.69999694824219,72.80000305175781,8000,0.0,0.0
2025-06-10 02:50:00+00:00,72.80000305175781,72.80000305175781,72.69999694824219,72.80000305175781,4041,0.0,0.0
2025-06-10 02:55:00+00:00,72.80000305175781,72.80000305175781,72.80000305175781,72.80000305175781,3000,0.0,0.0
2025-06-10 03:00:00+00:00,72.69999694824219,72.69999694824219,72.69999694824219,72.69999694824219,0,0.0,0.0
2025-06-10 03:05:00+00:00,72.69999694824219,72.69999694824219,72.69999694824219,72.69999694824219,503323,0.0,0.0
2025-06-10 03:10:00+00:00,72.5999984741211,72.5999984741211,72.5999984741211,72.5999984741211,16170,0.0,0.0
2025-06-10 03:15:00+00:00,72.5999984741211,72.5999984741211,72.5,72.5,12080,0.0,0.0
2025-06-10 03:20:00+00:00,72.69999694824219,72.69999694824219,72.69999694824219,72.69999694824219,7000,0.0,0.0
2025-06-10 03:25:00+00:00,72.69999694824219,72.69999694824219,72.69999694824219,72.69999694824219,2138,0.0,0.0
2025-06-10 03:30:00+00:00,72.69999694824219,72.69999694824219,72.5,72.69999694824219,57000,0.0,0.0
2025-06-10 03:35:00+00:00,72.69999694824219,72.69999694824219,72.69999694824219,72.69999694824219,5005,0.0,0.0
2025-06-10 03:40:00+00:00,72.69999694824219,72.69999694824219,72.69999694824219,72.69999694824219,1000,0.0,0.0
2025-06-10 03:45:00+00:00,72.69999694824219,72.69999694824219,72.69999694824219,72.69999694824219,18000,0.0,0.0
2025-06-10 03:50:00+00:00,72.69999694824219,72.69999694824219,72.69999694824219,72.69999694824219,4134,0.0,0.0
2025-06-10 03:55:00+00:00,72.69999694824219,72.69999694824219,72.69999694824219,72.69999694824219,4000,0.0,0.0
2025-06-10 04:00:00+00:00,72.69999694824219,72.69999694824219,72.69999694824219,72.69999694824219,3300,0.0,0.0
2025-06-10 04:05:00+00:00,72.69999694824219,72.69999694824219,72.69999694824219,72.69999694824219,7000,0.0,0.0
2025-06-10 04:10:00+00:00,72.80000305175781,72.80000305175781,72.80000305175781,72.80000305175781,6101,0.0,0.0
2025-06-10 04:15:00+00:00,72.80000305175781,72.80000305175781,72.69999694824219,72.69999694824219,3000,0.0,0.0
2025-06-10 04:20:00+00:00,72.69999694824219,72.69999694824219,72.69999694824219,72.69999694824219,3662,0.0,0.0
2025-06-10 04:30:00+00:00,72.69999694824219,72.69999694824219,72.69999694824219,72.69999694824219,8127,0.0,0.0
2025-06-10 04:35:00+00:00,72.69999694824219,72.69999694824219,72.69999694824219,72.69999694824219,5000,0.0,0.0
2025-06-10 04:40:00+00:00,72.5999984741211,72.69999694824219,72.5999984741211,72.69999694824219,10150,0.0,0.0
2025-06-10 04:50:00+00:00,72.80000305175781,72.80000305175781,72.69999694824219,72.80000305175781,22000,0.0,0.0
2025-06-10 04:55:00+00:00,72.80000305175781,73.0999984741211,72.80000305175781,73.0999984741211,43073,0.0,0.0
2025-06-10 05:00:00+00:00,73.0,73.19999694824219,73.0,73.19999694824219,16250,0.0,0.0
2025-06-10 05:05:00+00:00,73.0999984741211,73.0999984741211,73.0999984741211,73.0999984741211,5400,0.0,0.0
2025-06-10 05:10:00+00:00,73.0,73.0,72.9000015258789,73.0,13000,0.0,0.0
2025-06-10 05:15:00+00:00,73.0,73.0,72.9000015258789,72.9000015258789,13003,0.0,0.0
2025-06-10 05:20:00+00:00,72.80000305175781,72.9000015258789,72.69999694824219,72.9000015258789,44571,0.0,0.0
2025-06-11 01:00:00+00:00,73.30000305175781,73.30000305175781,73.30000305175781,73.30000305175781,11000,0.0,0.0
2025-06-11 01:05:00+00:00,73.0,73.0,72.9000015258789,73.0,32000,0.0,0.0
2025-06-11 01:10:00+00:00,73.0,73.0,72.80000305175781,72.80000305175781,7005,0.0,0.0
2025-06-11 01:15:00+00:00,73.0,73.0,72.9000015258789,72.9000015258789,17570,0.0,0.0
2025-06-11 01:25:00+00:00,73.0999984741211,73.0999984741211,73.0,73.0,16793,0.0,0.0
2025-06-11 01:30:00+00:00,73.0,73.0,72.9000015258789,72.9000015258789,10039,0.0,0.0
2025-06-11 01:35:00+00:00,73.0,73.0,72.9000015258789,72.9000015258789,18000,0.0,0.0
2025-06-11 01:40:00+00:00,72.9000015258789,73.0,72.9000015258789,73.0,27100,0.0,0.0
2025-06-11 01:45:00+00:00,73.0999984741211,73.0999984741211,73.0,73.0,13100,0.0,0.0
2025-06-11 01:50:00+00:00,73.0,73.0999984741211,73.0,73.0999984741211,9000,0.0,0.0
2025-06-11 01:55:00+00:00,73.0999984741211,73.0999984741211,73.0999984741211,73.0999984741211,2722,0.0,0.0
2025-06-11 02:00:00+00:00,73.0999984741211,73.30000305175781,73.0999984741211,73.30000305175781,16300,0.0,0.0
2025-06-11 02:05:00+00:00,73.19999694824219,73.19999694824219,73.0999984741211,73.0999984741211,3200,0.0,0.0
2025-06-11 02:10:00+00:00,73.30000305175781,73.30000305175781,73.0999984741211,73.0999984741211,32000,0.0,0.0
2025-06-11 02:15:00+00:00,73.19999694824219,73.5,73.19999694824219,73.5,22766,0.0,0.0
2025-06-11 02:20:00+00:00,73.5,73.5,73.4000015258789,73.4000015258789,20000,0.0,0.0
2025-06-11 02:25:00+00:00,73.4000015258789,73.9000015258789,73.30000305175781,73.69999694824219,66272,0.0,0.0
2025-06-11 02:30:00+00:00,73.69999694824219,73.80000305175781,73.69999694824219,73.80000305175781,18014,0.0,0.0
2025-06-11 02:35:00+00:00,73.80000305175781,74.19999694824219,73.80000305175781,74.0999984741211,75738,0.0,0.0
2025-06-11 02:40:00+00:00,74.0999984741211,74.0999984741211,74.0,74.0999984741211,13058,0.0,0.0
2025-06-11 02:45:00+00:00,74.0999984741211,74.4000015258789,74.0999984741211,74.19999694824219,35108,0.0,0.0
2025-06-11 02:50:00+00:00,74.30000305175781,74.30000305175781,74.19999694824219,74.19999694824219,10150,0.0,0.0
2025-06-11 02:55:00+00:00,74.19999694824219,74.19999694824219,74.0,74.0,17000,0.0,0.0
2025-06-11 03:00:00+00:00,74.0,74.5,74.0,74.5,152845,0.0,0.0
2025-06-11 03:05:00+00:00,74.4000015258789,74.5999984741211,74.4000015258789,74.5999984741211,28230,0.0,0.0
2025-06-11 03:10:00+00:00,74.5,74.5,74.4000015258789,74.5,17008,0.0,0.0
2025-06-11 03:15:00+00:00,74.5,74.5,74.4000015258789,74.5,32000,0.0,0.0
2025-06-11 03:20:00+00:00,74.4000015258789,74.5,74.4000015258789,74.5,3110,0.0,0.0
2025-06-11 03:25:00+00:00,74.5,74.5,74.4000015258789,74.4000015258789,27189,0.0,0.0
2025-06-11 03:30:00+00:00,74.4000015258789,74.5,74.4000015258789,74.5,4125,0.0,0.0
2025-06-11 03:35:00+00:00,74.5,74.5,74.4000015258789,74.4000015258789,4200,0.0,0.0
2025-06-11 03:40:00+00:00,74.4000015258789,74.4000015258789,74.4000015258789,74.4000015258789,5000,0.0,0.0
2025-06-11 03:45:00+00:00,74.30000305175781,74.4000015258789,74.30000305175781,74.4000015258789,13000,0.0,0.0
2025-06-11 03:50:00+00:00,74.4000015258789,74.5,74.4000015258789,74.5,27058,0.0,0.0
2025-06-11 03:55:00+00:00,74.4000015258789,74.4000015258789,74.4000015258789,74.4000015258789,5152,0.0,0.0
2025-06-11 04:00:00+00:00,74.4000015258789,74.5,74.4000015258789,74.5,6000,0.0,0.0
2025-06-11 04:05:00+00:00,74.5,74.5,74.5,74.5,1000,0.0,0.0
2025-06-11 04:10:00+00:00,74.30000305175781,74.30000305175781,74.30000305175781,74.30000305175781,1100,0.0,0.0
2025-06-11 04:15:00+00:00,74.30000305175781,74.4000015258789,74.30000305175781,74.4000015258789,5000,0.0,0.0
2025-06-11 04:20:00+00:00,74.4000015258789,74.4000015258789,74.4000015258789,74.4000015258789,1020,0.0,0.0
2025-06-11 04:25:00+00:00,74.30000305175781,74.30000305175781,74.19999694824219,74.19999694824219,6031,0.0,0.0
2025-06-11 04:30:00+00:00,74.19999694824219,74.19999694824219,74.19999694824219,74.19999694824219,6349,0.0,0.0
2025-06-11 04:35:00+00:00,74.0999984741211,74.19999694824219,74.0999984741211,74.0999984741211,8100,0.0,0.0
2025-06-11 04:40:00+00:00,74.0999984741211,74.0999984741211,74.0,74.0,10226,0.0,0.0
2025-06-11 04:45:00+00:00,74.0,74.0,74.0,74.0,2084,0.0,0.0
2025-06-11 04:50:00+00:00,74.0,74.30000305175781,74.0,74.30000305175781,22000,0.0,0.0
2025-06-11 04:55:00+00:00,74.0999984741211,74.0999984741211,74.0999984741211,74.0999984741211,1001,0.0,0.0
2025-06-11 05:00:00+00:00,74.19999694824219,74.19999694824219,74.0,74.0,13038,0.0,0.0
2025-06-11 05:05:00+00:00,74.0,74.0999984741211,74.0,74.0999984741211,22573,0.0,0.0
2025-06-11 05:10:00+00:00,74.0999984741211,74.0999984741211,74.0999984741211,74.0999984741211,2000,0.0,0.0
2025-06-11 05:15:00+00:00,74.19999694824219,74.19999694824219,74.0,74.19999694824219,18000,0.0,0.0
2025-06-11 05:20:00+00:00,74.0,74.0999984741211,74.0,74.0,18002,0.0,0.0
2025-06-12 01:00:00+00:00,74.0,74.0999984741211,73.69999694824219,73.69999694824219,30000,0.0,0.0
2025-06-12 01:05:00+00:00,73.80000305175781,73.80000305175781,73.5,73.5999984741211,23000,0.0,0.0
2025-06-12 01:10:00+00:00,73.9000015258789,74.19999694824219,73.9000015258789,74.19999694824219,11000,0.0,0.0
2025-06-12 01:15:00+00:00,74.0999984741211,74.0999984741211,74.0,74.0,6000,0.0,0.0
2025-06-12 01:20:00+00:00,74.0,74.0,74.0,74.0,7250,0.0,0.0
2025-06-12 01:25:00+00:00,74.0,74.30000305175781,74.0,74.30000305175781,24000,0.0,0.0
2025-06-12 01:30:00+00:00,74.30000305175781,74.5999984741211,74.30000305175781,74.5999984741211,25300,0.0,0.0
2025-06-12 01:35:00+00:00,74.5999984741211,74.80000305175781,74.5999984741211,74.80000305175781,18000,0.0,0.0
2025-06-12 01:40:00+00:00,74.80000305175781,76.4000015258789,74.80000305175781,76.19999694824219,196246,0.0,0.0
2025-06-12 01:45:00+00:00,76.19999694824219,76.19999694824219,75.80000305175781,75.9000015258789,99400,0.0,0.0
2025-06-12 01:50:00+00:00,75.9000015258789,76.0,75.9000015258789,76.0,95818,0.0,0.0
2025-06-12 01:55:00+00:00,76.0,77.5,76.0,76.69999694824219,447987,0.0,0.0
2025-06-12 02:00:00+00:00,76.69999694824219,76.69999694824219,76.30000305175781,76.4000015258789,62828,0.0,0.0
2025-06-12 02:05:00+00:00,76.4000015258789,76.5,75.80000305175781,76.0999984741211,65511,0.0,0.0
2025-06-12 02:10:00+00:00,76.0999984741211,76.30000305175781,76.0999984741211,76.19999694824219,22001,0.0,0.0
2025-06-12 02:15:00+00:00,76.19999694824219,76.19999694824219,76.0999984741211,76.19999694824219,9032,0.0,0.0
2025-06-12 02:20:00+00:00,76.19999694824219,76.19999694824219,75.9000015258789,76.0,44152,0.0,0.0
2025-06-12 02:25:00+00:00,76.0,76.5,76.0,76.30000305175781,57933,0.0,0.0
2025-06-12 02:30:00+00:00,76.19999694824219,76.19999694824219,76.0,76.0,43600,0.0,0.0
2025-06-12 02:35:00+00:00,76.0,76.0,76.0,76.0,3000,0.0,0.0
2025-06-12 02:40:00+00:00,76.0,76.19999694824219,76.0,76.19999694824219,6000,0.0,0.0
2025-06-12 02:45:00+00:00,76.19999694824219,76.19999694824219,76.0,76.0999984741211,17300,0.0,0.0
2025-06-12 02:50:00+00:00,76.0999984741211,76.30000305175781,76.0999984741211,76.30000305175781,9160,0.0,0.0
2025-06-12 02:55:00+00:00,76.4000015258789,76.4000015258789,76.0999984741211,76.30000305175781,22011,0.0,0.0
2025-06-12 03:00:00+00:00,76.30000305175781,76.5,76.19999694824219,76.5,30174,0.0,0.0
2025-06-12 03:05:00+00:00,76.5,76.5,76.5,76.5,9252,0.0,0.0
2025-06-12 03:10:00+00:00,76.4000015258789,76.4000015258789,76.4000015258789,76.4000015258789,13020,0.0,0.0
2025-06-12 03:15:00+00:00,76.4000015258789,76.4000015258789,76.30000305175781,76.30000305175781,8000,0.0,0.0
2025-06-12 03:25:00+00:00,76.30000305175781,76.4000015258789,76.30000305175781,76.4000015258789,4156,0.0,0.0
2025-06-12 03:30:00+00:00,76.30000305175781,76.5,76.30000305175781,76.30000305175781,0,0.0,0.0
2025-06-12 03:35:00+00:00,76.4000015258789,76.5999984741211,76.4000015258789,76.5999984741211,1461259,0.0,0.0
2025-06-12 03:40:00+00:00,76.5999984741211,76.69999694824219,76.5999984741211,76.69999694824219,27403,0.0,0.0
2025-06-12 03:45:00+00:00,76.69999694824219,77.4000015258789,76.69999694824219,77.30000305175781,218786,0.0,0.0
2025-06-12 03:50:00+00:00,77.19999694824219,77.80000305175781,77.0999984741211,77.69999694824219,187184,0.0,0.0
2025-06-12 03:55:00+00:00,77.69999694824219,77.69999694824219,77.30000305175781,77.4000015258789,92179,0.0,0.0
2025-06-12 04:00:00+00:00,77.4000015258789,77.5,77.30000305175781,77.30000305175781,48054,0.0,0.0
2025-06-12 04:05:00+00:00,77.30000305175781,77.4000015258789,77.0999984741211,77.0999984741211,72358,0.0,0.0
2025-06-12 04:10:00+00:00,77.0999984741211,77.19999694824219,77.0999984741211,77.0999984741211,16260,0.0,0.0
2025-06-12 04:15:00+00:00,77.19999694824219,77.4000015258789,77.0999984741211,77.4000015258789,42699,0.0,0.0
2025-06-12 04:20:00+00:00,77.4000015258789,77.5,77.0999984741211,77.0999984741211,16202,0.0,0.0
2025-06-12 04:25:00+00:00,77.0999984741211,77.0999984741211,77.0999984741211,77.0999984741211,13051,0.0,0.0
2025-06-12 04:30:00+00:00,77.0999984741211,77.0999984741211,77.0,77.0,52552,0.0,0.0
2025-06-12 04:35:00+00:00,77.0,77.0,76.9000015258789,77.0,32108,0.0,0.0
2025-06-12 04:40:00+00:00,77.0,77.0,76.9000015258789,77.0,41030,0.0,0.0
2025-06-12 04:45:00+00:00,76.9000015258789,76.9000015258789,76.80000305175781,76.80000305175781,6350,0.0,0.0
2025-06-12 04:50:00+00:00,76.80000305175781,77.0,76.80000305175781,76.80000305175781,16800,0.0,0.0
2025-06-12 04:55:00+00:00,76.80000305175781,76.80000305175781,76.80000305175781,76.80000305175781,14022,0.0,0.0
2025-06-12 05:00:00+00:00,76.80000305175781,76.9000015258789,76.80000305175781,76.80000305175781,13412,0.0,0.0
2025-06-12 05:05:00+00:00,76.69999694824219,76.80000305175781,76.69999694824219,76.80000305175781,22125,0.0,0.0
2025-06-12 05:10:00+00:00,76.69999694824219,77.0,76.69999694824219,77.0,24090,0.0,0.0
2025-06-12 05:15:00+00:00,77.0,77.0,76.9000015258789,77.0,31024,0.0,0.0
2025-06-12 05:20:00+00:00,77.0,77.0999984741211,76.9000015258789,77.0,79409,0.0,0.0
2025-06-13 01:00:00+00:00,76.19999694824219,76.19999694824219,75.19999694824219,76.0,124000,0.0,0.0
2025-06-13 01:05:00+00:00,76.0999984741211,76.19999694824219,76.0,76.0,40319,0.0,0.0
2025-06-13 01:10:00+00:00,76.0,76.19999694824219,75.9000015258789,76.0,37325,0.0,0.0
2025-06-13 01:15:00+00:00,76.0,76.0,75.5,75.5999984741211,39010,0.0,0.0
2025-06-13 01:20:00+00:00,75.5999984741211,75.80000305175781,75.5999984741211,75.69999694824219,28775,0.0,0.0
2025-06-13 01:25:00+00:00,75.5999984741211,75.5999984741211,75.30000305175781,75.5,49131,0.0,0.0
2025-06-13 01:30:00+00:00,75.5,75.5999984741211,75.5,75.5999984741211,4001,0.0,0.0
2025-06-13 01:35:00+00:00,75.69999694824219,75.9000015258789,75.69999694824219,75.9000015258789,22080,0.0,0.0
2025-06-13 01:40:00+00:00,75.9000015258789,75.9000015258789,75.69999694824219,75.69999694824219,13060,0.0,0.0
2025-06-13 01:45:00+00:00,75.69999694824219,75.69999694824219,75.69999694824219,75.69999694824219,6000,0.0,0.0
2025-06-13 01:50:00+00:00,75.69999694824219,75.69999694824219,75.5999984741211,75.5999984741211,7050,0.0,0.0
2025-06-13 01:55:00+00:00,75.80000305175781,75.80000305175781,75.80000305175781,75.80000305175781,2200,0.0,0.0
2025-06-13 02:00:00+00:00,75.9000015258789,76.0,75.9000015258789,76.0,18222,0.0,0.0
2025-06-13 02:05:00+00:00,76.0,76.0,75.80000305175781,75.80000305175781,20000,0.0,0.0
2025-06-13 02:10:00+00:00,75.80000305175781,75.9000015258789,75.69999694824219,75.69999694824219,40361,0.0,0.0
2025-06-13 02:15:00+00:00,75.80000305175781,76.0,75.80000305175781,76.0,14000,0.0,0.0
2025-06-13 02:20:00+00:00,76.0,76.0,75.5,75.5,61329,0.0,0.0
2025-06-13 02:25:00+00:00,75.5,75.5999984741211,75.5,75.5999984741211,8090,0.0,0.0
2025-06-13 02:30:00+00:00,75.5999984741211,75.5999984741211,75.30000305175781,75.30000305175781,58724,0.0,0.0
2025-06-13 02:35:00+00:00,75.30000305175781,75.30000305175781,75.0999984741211,75.0999984741211,59688,0.0,0.0
2025-06-13 02:40:00+00:00,75.0999984741211,76.0,75.0999984741211,76.0,82170,0.0,0.0
2025-06-13 02:45:00+00:00,75.5,75.5,75.19999694824219,75.19999694824219,11000,0.0,0.0
2025-06-13 02:50:00+00:00,75.30000305175781,75.4000015258789,75.30000305175781,75.4000015258789,6000,0.0,0.0
2025-06-13 02:55:00+00:00,75.19999694824219,75.19999694824219,75.0999984741211,75.0999984741211,9055,0.0,0.0
2025-06-13 03:00:00+00:00,75.19999694824219,75.19999694824219,75.0999984741211,75.0999984741211,15177,0.0,0.0
2025-06-13 03:05:00+00:00,75.0999984741211,75.19999694824219,75.0,75.0,82878,0.0,0.0
2025-06-13 03:10:00+00:00,75.0,75.0,74.9000015258789,74.9000015258789,13000,0.0,0.0
2025-06-13 03:15:00+00:00,74.9000015258789,75.0,74.9000015258789,75.0,17073,0.0,0.0
2025-06-13 03:20:00+00:00,75.0,75.0,75.0,75.0,8000,0.0,0.0
2025-06-13 03:25:00+00:00,75.0,75.0999984741211,75.0,75.0999984741211,20014,0.0,0.0
2025-06-13 03:30:00+00:00,75.0,75.0999984741211,75.0,75.0999984741211,26014,0.0,0.0
2025-06-13 03:35:00+00:00,75.0999984741211,75.0999984741211,75.0999984741211,75.0999984741211,1000,0.0,0.0
2025-06-13 03:40:00+00:00,75.0999984741211,75.0999984741211,75.0,75.0,21050,0.0,0.0
2025-06-13 03:45:00+00:00,75.0,75.19999694824219,75.0,75.19999694824219,24000,0.0,0.0
2025-06-13 03:50:00+00:00,75.19999694824219,75.19999694824219,75.19999694824219,75.19999694824219,3000,0.0,0.0
2025-06-13 03:55:00+00:00,75.19999694824219,75.19999694824219,75.19999694824219,75.19999694824219,2083,0.0,0.0
2025-06-13 04:00:00+00:00,75.0999984741211,75.0999984741211,75.0999984741211,75.0999984741211,8234,0.0,0.0
2025-06-13 04:05:00+00:00,75.0,75.0,75.0,75.0,1000,0.0,0.0
2025-06-13 04:10:00+00:00,75.0,75.0,74.9000015258789,74.9000015258789,32378,0.0,0.0
2025-06-13 04:15:00+00:00,74.9000015258789,75.0,74.9000015258789,74.9000015258789,13000,0.0,0.0
2025-06-13 04:20:00+00:00,74.9000015258789,74.9000015258789,74.9000015258789,74.9000015258789,10000,0.0,0.0
2025-06-13 04:25:00+00:00,74.9000015258789,75.0999984741211,74.9000015258789,74.9000015258789,22200,0.0,0.0
2025-06-13 04:35:00+00:00,74.9000015258789,74.9000015258789,74.9000015258789,74.9000015258789,9000,0.0,0.0
2025-06-13 04:40:00+00:00,74.9000015258789,75.0,74.9000015258789,75.0,16000,0.0,0.0
2025-06-13 04:45:00+00:00,75.0,75.0,75.0,75.0,17071,0.0,0.0
2025-06-13 04:50:00+00:00,75.0,75.0999984741211,75.0,75.0999984741211,7024,0.0,0.0
2025-06-13 04:55:00+00:00,75.0999984741211,75.30000305175781,75.0999984741211,75.30000305175781,5200,0.0,0.0
2025-06-13 05:00:00+00:00,75.19999694824219,75.19999694824219,75.19999694824219,75.19999694824219,4178,0.0,0.0
2025-06-13 05:05:00+00:00,75.19999694824219,75.19999694824219,75.0,75.0,14076,0.0,0.0
2025-06-13 05:10:00+00:00,74.9000015258789,75.0,74.9000015258789,75.0,3156,0.0,0.0
2025-06-13 05:15:00+00:00,75.0,75.0,74.80000305175781,74.80000305175781,56274,0.0,0.0
2025-06-13 05:20:00+00:00,74.80000305175781,75.0,74.80000305175781,74.80000305175781,24675,0.0,0.0
2025-06-16 01:00:00+00:00,74.80000305175781,74.80000305175781,73.30000305175781,73.9000015258789,0,0.0,0.0
2025-06-16 01:05:00+00:00,73.9000015258789,73.9000015258789,73.5,73.5,55000,0.0,0.0
2025-06-16 01:10:00+00:00,73.5,73.9000015258789,73.4000015258789,73.69999694824219,31680,0.0,0.0
2025-06-16 01:15:00+00:00,73.69999694824219,73.80000305175781,73.5,73.5,41976,0.0,0.0
2025-06-16 01:20:00+00:00,73.5,73.5999984741211,73.0999984741211,73.19999694824219,105872,0.0,0.0
2025-06-16 01:25:00+00:00,73.0999984741211,73.0999984741211,72.9000015258789,73.0,66319,0.0,0.0
2025-06-16 01:30:00+00:00,73.0,73.19999694824219,73.0,73.0999984741211,29099,0.0,0.0
2025-06-16 01:35:00+00:00,73.19999694824219,73.30000305175781,73.0,73.0,35802,0.0,0.0
2025-06-16 01:40:00+00:00,73.0,73.0,72.9000015258789,73.0,17356,0.0,0.0
2025-06-16 01:45:00+00:00,73.0999984741211,73.19999694824219,73.0999984741211,73.0999984741211,17200,0.0,0.0
2025-06-16 01:50:00+00:00,73.0999984741211,73.5,73.0999984741211,73.30000305175781,20138,0.0,0.0
2025-06-16 01:55:00+00:00,73.30000305175781,73.30000305175781,73.30000305175781,73.30000305175781,2310,0.0,0.0
2025-06-16 02:00:00+00:00,73.19999694824219,73.19999694824219,72.9000015258789,72.9000015258789,64136,0.0,0.0
2025-06-16 02:05:00+00:00,73.0,73.0,72.9000015258789,73.0,23088,0.0,0.0
2025-06-16 02:10:00+00:00,73.0,73.0,73.0,73.0,8273,0.0,0.0
2025-06-16 02:15:00+00:00,73.0,73.0,72.9000015258789,73.0,12020,0.0,0.0
2025-06-16 02:20:00+00:00,73.0,73.0,72.69999694824219,72.80000305175781,74970,0.0,0.0
2025-06-16 02:25:00+00:00,72.80000305175781,72.80000305175781,72.69999694824219,72.69999694824219,18000,0.0,0.0
2025-06-16 02:30:00+00:00,72.80000305175781,72.80000305175781,72.69999694824219,72.80000305175781,15000,0.0,0.0
2025-06-16 02:35:00+00:00,72.80000305175781,72.80000305175781,72.80000305175781,72.80000305175781,5000,0.0,0.0
2025-06-16 02:40:00+00:00,72.80000305175781,72.80000305175781,72.80000305175781,72.80000305175781,7030,0.0,0.0
2025-06-16 02:45:00+00:00,72.80000305175781,72.9000015258789,72.80000305175781,72.80000305175781,14193,0.0,0.0
2025-06-16 02:50:00+00:00,72.69999694824219,72.69999694824219,72.5999984741211,72.69999694824219,60002,0.0,0.0
2025-06-16 02:55:00+00:00,72.69999694824219,72.69999694824219,72.69999694824219,72.69999694824219,2000,0.0,0.0
2025-06-16 03:00:00+00:00,72.80000305175781,72.9000015258789,72.80000305175781,72.9000015258789,6230,0.0,0.0
2025-06-16 03:05:00+00:00,73.0,73.0999984741211,73.0,73.0999984741211,9020,0.0,0.0
2025-06-16 03:10:00+00:00,73.0999984741211,73.0999984741211,73.0,73.0,5134,0.0,0.0
2025-06-16 03:20:00+00:00,73.0,73.19999694824219,73.0,73.19999694824219,8130,0.0,0.0
2025-06-16 03:25:00+00:00,73.0999984741211,73.0999984741211,73.0999984741211,73.0999984741211,3186,0.0,0.0
2025-06-16 03:35:00+00:00,73.19999694824219,73.4000015258789,73.19999694824219,73.30000305175781,12000,0.0,0.0
2025-06-16 03:40:00+00:00,73.30000305175781,73.5,73.30000305175781,73.5,18000,0.0,0.0
2025-06-16 03:45:00+00:00,73.5,73.5,73.5,73.5,2005,0.0,0.0
2025-06-16 03:50:00+00:00,73.5,73.5,73.30000305175781,73.30000305175781,9000,0.0,0.0
2025-06-16 03:55:00+00:00,73.30000305175781,73.30000305175781,73.30000305175781,73.30000305175781,1005,0.0,0.0
2025-06-16 04:00:00+00:00,73.30000305175781,73.30000305175781,73.30000305175781,73.30000305175781,5025,0.0,0.0
2025-06-16 04:05:00+00:00,73.30000305175781,73.69999694824219,73.30000305175781,73.69999694824219,17070,0.0,0.0
2025-06-16 04:10:00+00:00,73.69999694824219,73.69999694824219,73.69999694824219,73.69999694824219,5100,0.0,0.0
2025-06-16 04:15:00+00:00,73.5999984741211,73.69999694824219,73.5999984741211,73.69999694824219,5000,0.0,0.0
2025-06-16 04:20:00+00:00,73.80000305175781,73.80000305175781,73.80000305175781,73.80000305175781,7000,0.0,0.0
2025-06-16 04:25:00+00:00,73.80000305175781,73.80000305175781,73.5,73.5,24145,0.0,0.0
2025-06-16 04:30:00+00:00,73.5,73.5999984741211,73.5,73.5999984741211,2085,0.0,0.0
2025-06-16 04:35:00+00:00,73.5999984741211,73.5999984741211,73.5999984741211,73.5999984741211,2051,0.0,0.0
2025-06-16 04:40:00+00:00,73.5,73.5,73.5,73.5,10000,0.0,0.0
2025-06-16 04:45:00+00:00,73.5,73.5,73.4000015258789,73.4000015258789,5017,0.0,0.0
2025-06-16 04:50:00+00:00,73.4000015258789,73.5999984741211,73.4000015258789,73.5999984741211,18012,0.0,0.0
2025-06-16 04:55:00+00:00,73.69999694824219,74.19999694824219,73.5999984741211,73.80000305175781,64315,0.0,0.0
2025-06-16 05:00:00+00:00,73.80000305175781,73.9000015258789,73.80000305175781,73.9000015258789,7042,0.0,0.0
2025-06-16 05:05:00+00:00,73.9000015258789,73.9000015258789,73.69999694824219,73.69999694824219,7017,0.0,0.0
2025-06-16 05:10:00+00:00,73.80000305175781,73.9000015258789,73.80000305175781,73.9000015258789,5020,0.0,0.0
2025-06-16 05:15:00+00:00,73.9000015258789,73.9000015258789,73.80000305175781,73.80000305175781,11105,0.0,0.0
2025-06-16 05:20:00+00:00,73.80000305175781,74.30000305175781,73.80000305175781,74.0999984741211,39258,0.0,0.0
2025-06-17 01:00:00+00:00,74.0999984741211,74.5,74.0999984741211,74.30000305175781,46000,0.0,0.0
2025-06-17 01:05:00+00:00,74.19999694824219,74.5999984741211,74.19999694824219,74.5,36122,0.0,0.0
2025-06-17 01:10:00+00:00,74.5999984741211,74.5999984741211,74.4000015258789,74.5999984741211,10060,0.0,0.0
2025-06-17 01:15:00+00:00,74.5,74.5,74.30000305175781,74.30000305175781,16111,0.0,0.0
2025-06-17 01:20:00+00:00,74.5,74.5999984741211,74.5,74.5,30300,0.0,0.0
2025-06-17 01:25:00+00:00,74.5,74.5,74.5,74.5,2000,0.0,0.0
2025-06-17 01:30:00+00:00,74.4000015258789,74.4000015258789,74.4000015258789,74.4000015258789,6111,0.0,0.0
2025-06-17 01:35:00+00:00,74.4000015258789,74.4000015258789,74.4000015258789,74.4000015258789,3000,0.0,0.0
2025-06-17 01:40:00+00:00,74.4000015258789,74.4000015258789,74.4000015258789,74.4000015258789,11000,0.0,0.0
2025-06-17 01:45:00+00:00,74.4000015258789,74.5,74.4000015258789,74.4000015258789,7090,0.0,0.0
2025-06-17 01:50:00+00:00,74.30000305175781,74.30000305175781,74.30000305175781,74.30000305175781,2000,0.0,0.0
2025-06-17 01:55:00+00:00,74.30000305175781,74.30000305175781,74.0999984741211,74.19999694824219,20032,0.0,0.0
2025-06-17 02:00:00+00:00,74.0999984741211,74.0999984741211,74.0,74.0,14123,0.0,0.0
2025-06-17 02:05:00+00:00,74.0999984741211,74.0999984741211,74.0,74.0,3074,0.0,0.0
2025-06-17 02:10:00+00:00,74.0,74.0,73.80000305175781,73.80000305175781,15411,0.0,0.0
2025-06-17 02:15:00+00:00,73.80000305175781,73.80000305175781,73.80000305175781,73.80000305175781,4137,0.0,0.0
2025-06-17 02:20:00+00:00,73.69999694824219,73.69999694824219,73.5999984741211,73.5999984741211,17000,0.0,0.0
2025-06-17 02:25:00+00:00,73.5999984741211,73.69999694824219,73.5999984741211,73.69999694824219,6011,0.0,0.0
2025-06-17 02:30:00+00:00,73.69999694824219,73.69999694824219,73.69999694824219,73.69999694824219,2016,0.0,0.0
2025-06-17 02:35:00+00:00,73.69999694824219,73.69999694824219,73.69999694824219,73.69999694824219,2000,0.0,0.0
2025-06-17 02:40:00+00:00,73.69999694824219,73.69999694824219,73.5999984741211,73.69999694824219,5245,0.0,0.0
2025-06-17 02:45:00+00:00,73.69999694824219,73.69999694824219,73.69999694824219,73.69999694824219,2000,0.0,0.0
2025-06-17 02:50:00+00:00,73.80000305175781,74.0,73.80000305175781,74.0,2000,0.0,0.0
2025-06-17 02:55:00+00:00,73.80000305175781,74.0,73.80000305175781,74.0,4049,0.0,0.0
2025-06-17 03:00:00+00:00,74.0,74.0,73.9000015258789,73.9000015258789,8215,0.0,0.0
2025-06-17 03:05:00+00:00,73.9000015258789,74.0,73.9000015258789,74.0,12540,0.0,0.0
2025-06-17 03:15:00+00:00,74.0,74.0999984741211,73.9000015258789,73.9000015258789,16000,0.0,0.0
2025-06-17 03:20:00+00:00,73.9000015258789,73.9000015258789,73.9000015258789,73.9000015258789,2000,0.0,0.0
2025-06-17 03:25:00+00:00,73.80000305175781,73.80000305175781,73.80000305175781,73.80000305175781,2112,0.0,0.0
2025-06-17 03:30:00+00:00,73.80000305175781,73.80000305175781,73.80000305175781,73.80000305175781,8005,0.0,0.0
2025-06-17 03:35:00+00:00,73.9000015258789,73.9000015258789,73.9000015258789,73.9000015258789,1000,0.0,0.0
2025-06-17 03:45:00+00:00,73.69999694824219,73.69999694824219,73.4000015258789,73.4000015258789,70016,0.0,0.0
2025-06-17 03:50:00+00:00,73.4000015258789,73.4000015258789,73.4000015258789,73.4000015258789,4000,0.0,0.0
2025-06-17 03:55:00+00:00,73.4000015258789,73.4000015258789,73.4000015258789,73.4000015258789,2030,0.0,0.0
2025-06-17 04:00:00+00:00,73.5,73.5,73.5,73.5,14000,0.0,0.0
2025-06-17 04:05:00+00:00,73.5,73.5,73.4000015258789,73.4000015258789,26000,0.0,0.0
2025-06-17 04:10:00+00:00,73.4000015258789,73.4000015258789,73.4000015258789,73.4000015258789,3060,0.0,0.0
2025-06-17 04:15:00+00:00,73.5,73.5,73.5,73.5,3330,0.0,0.0
2025-06-17 04:20:00+00:00,73.4000015258789,73.4000015258789,73.30000305175781,73.30000305175781,27249,0.0,0.0
2025-06-17 04:25:00+00:00,73.30000305175781,73.5,73.19999694824219,73.5,30000,0.0,0.0
2025-06-17 04:30:00+00:00,73.30000305175781,73.4000015258789,73.30000305175781,73.4000015258789,6033,0.0,0.0
2025-06-17 04:35:00+00:00,73.30000305175781,73.30000305175781,73.19999694824219,73.19999694824219,2000,0.0,0.0
2025-06-17 04:40:00+00:00,73.30000305175781,73.5,73.30000305175781,73.5,40062,0.0,0.0
2025-06-17 04:45:00+00:00,73.4000015258789,73.5999984741211,73.4000015258789,73.4000015258789,20000,0.0,0.0
2025-06-17 04:50:00+00:00,73.30000305175781,73.5,73.30000305175781,73.4000015258789,38010,0.0,0.0
2025-06-17 04:55:00+00:00,73.5,73.5,73.5,73.5,6128,0.0,0.0
2025-06-17 05:00:00+00:00,73.5,73.69999694824219,73.5,73.69999694824219,16073,0.0,0.0
2025-06-17 05:05:00+00:00,73.69999694824219,73.69999694824219,73.69999694824219,73.69999694824219,1005,0.0,0.0
2025-06-17 05:10:00+00:00,73.5999984741211,73.5999984741211,73.5999984741211,73.5999984741211,3000,0.0,0.0
2025-06-17 05:15:00+00:00,73.5999984741211,73.5999984741211,73.4000015258789,73.5,18120,0.0,0.0
2025-06-17 05:20:00+00:00,73.4000015258789,73.5999984741211,73.4000015258789,73.4000015258789,26038,0.0,0.0
2025-06-18 01:00:00+00:00,74.19999694824219,74.19999694824219,73.80000305175781,73.9000015258789,15000,0.0,0.0
2025-06-18 01:05:00+00:00,73.69999694824219,74.80000305175781,73.69999694824219,74.4000015258789,77036,0.0,0.0
2025-06-18 01:10:00+00:00,74.30000305175781,74.30000305175781,74.0,74.0,14236,0.0,0.0
2025-06-18 01:15:00+00:00,73.9000015258789,74.0,73.9000015258789,74.0,6178,0.0,0.0
2025-06-18 01:20:00+00:00,74.0,74.0,73.9000015258789,74.0,7200,0.0,0.0
2025-06-18 01:25:00+00:00,73.9000015258789,74.19999694824219,73.9000015258789,74.19999694824219,25087,0.0,0.0
2025-06-18 01:30:00+00:00,74.19999694824219,74.30000305175781,74.0999984741211,74.19999694824219,6000,0.0,0.0
2025-06-18 01:35:00+00:00,74.30000305175781,74.30000305175781,74.19999694824219,74.19999694824219,10500,0.0,0.0
2025-06-18 01:40:00+00:00,74.0999984741211,74.0999984741211,74.0,74.0,8066,0.0,0.0
2025-06-18 01:45:00+00:00,74.0,74.0,74.0,74.0,2000,0.0,0.0
2025-06-18 01:50:00+00:00,74.0999984741211,74.0999984741211,74.0999984741211,74.0999984741211,6000,0.0,0.0
2025-06-18 01:55:00+00:00,74.0,74.0,74.0,74.0,11000,0.0,0.0
2025-06-18 02:00:00+00:00,73.9000015258789,73.9000015258789,73.80000305175781,73.80000305175781,8372,0.0,0.0
2025-06-18 02:05:00+00:00,73.69999694824219,73.69999694824219,73.5999984741211,73.5999984741211,4568,0.0,0.0
2025-06-18 02:10:00+00:00,73.69999694824219,73.69999694824219,73.69999694824219,73.69999694824219,1165,0.0,0.0
2025-06-18 02:15:00+00:00,73.69999694824219,73.69999694824219,73.69999694824219,73.69999694824219,4000,0.0,0.0
2025-06-18 02:20:00+00:00,73.69999694824219,73.69999694824219,73.69999694824219,73.69999694824219,1000,0.0,0.0
2025-06-18 02:30:00+00:00,73.69999694824219,73.69999694824219,73.69999694824219,73.69999694824219,7212,0.0,0.0
2025-06-18 02:35:00+00:00,73.80000305175781,73.80000305175781,73.80000305175781,73.80000305175781,7020,0.0,0.0
2025-06-18 02:40:00+00:00,73.9000015258789,73.9000015258789,73.9000015258789,73.9000015258789,4100,0.0,0.0
2025-06-18 02:45:00+00:00,73.9000015258789,73.9000015258789,73.9000015258789,73.9000015258789,1014,0.0,0.0
2025-06-18 02:50:00+00:00,73.9000015258789,73.9000015258789,73.9000015258789,73.9000015258789,3107,0.0,0.0
2025-06-18 03:00:00+00:00,74.0,74.30000305175781,74.0,74.30000305175781,32420,0.0,0.0
2025-06-18 03:05:00+00:00,74.30000305175781,74.30000305175781,74.0,74.30000305175781,9000,0.0,0.0
2025-06-18 03:10:00+00:00,74.30000305175781,74.30000305175781,74.19999694824219,74.19999694824219,2000,0.0,0.0
2025-06-18 03:15:00+00:00,74.19999694824219,74.30000305175781,74.0,74.19999694824219,8000,0.0,0.0
2025-06-18 03:20:00+00:00,74.19999694824219,74.30000305175781,74.19999694824219,74.30000305175781,9000,0.0,0.0
2025-06-18 03:25:00+00:00,74.30000305175781,74.4000015258789,74.30000305175781,74.4000015258789,12000,0.0,0.0
2025-06-18 03:30:00+00:00,74.4000015258789,74.5,74.4000015258789,74.5,10035,0.0,0.0
2025-06-18 03:35:00+00:00,74.30000305175781,74.4000015258789,74.19999694824219,74.30000305175781,13000,0.0,0.0
2025-06-18 03:40:00+00:00,74.4000015258789,74.4000015258789,74.4000015258789,74.4000015258789,7010,0.0,0.0
2025-06-18 03:45:00+00:00,74.4000015258789,74.5,74.4000015258789,74.5,3020,0.0,0.0
2025-06-18 03:50:00+00:00,74.4000015258789,74.4000015258789,74.4000015258789,74.4000015258789,4000,0.0,0.0
2025-06-18 03:55:00+00:00,74.30000305175781,74.30000305175781,74.19999694824219,74.19999694824219,8000,0.0,0.0
2025-06-18 04:00:00+00:00,74.0,74.19999694824219,74.0,74.19999694824219,2200,0.0,0.0
2025-06-18 04:05:00+00:00,74.0,74.0,74.0,74.0,4000,0.0,0.0
2025-06-18 04:10:00+00:00,74.0999984741211,74.0999984741211,74.0999984741211,74.0999984741211,2011,0.0,0.0
2025-06-18 04:15:00+00:00,74.0999984741211,74.0999984741211,74.0999984741211,74.0999984741211,9155,0.0,0.0
2025-06-18 04:20:00+00:00,74.0999984741211,74.0999984741211,74.0,74.0999984741211,7003,0.0,0.0
2025-06-18 04:25:00+00:00,74.0999984741211,74.0999984741211,74.0999984741211,74.0999984741211,1100,0.0,0.0
2025-06-18 04:30:00+00:00,74.0999984741211,74.0999984741211,74.0999984741211,74.0999984741211,1000,0.0,0.0
2025-06-18 04:35:00+00:00,74.0999984741211,74.0999984741211,74.0,74.0,11000,0.0,0.0
2025-06-18 04:40:00+00:00,74.0,74.0,74.0,74.0,3000,0.0,0.0
2025-06-18 04:45:00+00:00,74.0,74.0,74.0,74.0,1000,0.0,0.0
2025-06-18 04:50:00+00:00,74.0,74.0,74.0,74.0,6000,0.0,0.0
2025-06-18 04:55:00+00:00,73.9000015258789,73.9000015258789,73.9000015258789,73.9000015258789,1200,0.0,0.0
2025-06-18 05:00:00+00:00,73.9000015258789,74.0,73.9000015258789,73.9000015258789,12200,0.0,0.0
2025-06-18 05:05:00+00:00,74.0,74.0999984741211,73.9000015258789,73.9000015258789,10250,0.0,0.0
2025-06-18 05:10:00+00:00,73.80000305175781,73.9000015258789,73.80000305175781,73.80000305175781,5000,0.0,0.0
2025-06-18 05:15:00+00:00,73.80000305175781,73.9000015258789,73.69999694824219,73.80000305175781,29000,0.0,0.0
2025-06-18 05:20:00+00:00,73.69999694824219,73.9000015258789,73.69999694824219,73.9000015258789,19128,0.0,0.0
2025-06-19 01:00:00+00:00,73.5,73.5,73.19999694824219,73.4000015258789,66000,0.0,0.0
2025-06-19 01:05:00+00:00,73.4000015258789,73.4000015258789,73.19999694824219,73.30000305175781,51000,0.0,0.0
2025-06-19 01:10:00+00:00,72.9000015258789,73.0,72.80000305175781,72.9000015258789,104979,0.0,0.0
2025-06-19 01:15:00+00:00,72.80000305175781,72.80000305175781,72.5999984741211,72.5999984741211,60391,0.0,0.0
2025-06-19 01:20:00+00:00,72.5999984741211,72.80000305175781,72.4000015258789,72.5999984741211,48494,0.0,0.0
2025-06-19 01:25:00+00:00,72.80000305175781,72.80000305175781,72.5,72.5,45700,0.0,0.0
2025-06-19 01:30:00+00:00,72.5,72.5,72.5,72.5,3184,0.0,0.0
2025-06-19 01:35:00+00:00,72.5999984741211,72.5999984741211,72.30000305175781,72.30000305175781,47390,0.0,0.0
2025-06-19 01:40:00+00:00,72.30000305175781,72.4000015258789,72.30000305175781,72.4000015258789,12642,0.0,0.0
2025-06-19 01:45:00+00:00,72.5,72.5999984741211,72.4000015258789,72.5999984741211,7370,0.0,0.0
2025-06-19 01:50:00+00:00,72.5,72.5,72.5,72.5,6385,0.0,0.0
2025-06-19 01:55:00+00:00,72.5,72.5,72.5,72.5,27000,0.0,0.0
2025-06-19 02:00:00+00:00,72.4000015258789,72.4000015258789,72.30000305175781,72.30000305175781,42131,0.0,0.0
2025-06-19 02:05:00+00:00,72.19999694824219,72.30000305175781,72.19999694824219,72.19999694824219,35100,0.0,0.0
2025-06-19 02:10:00+00:00,72.19999694824219,72.19999694824219,71.9000015258789,71.9000015258789,91007,0.0,0.0
2025-06-19 02:15:00+00:00,71.9000015258789,71.9000015258789,71.5,71.69999694824219,112958,0.0,0.0
2025-06-19 02:20:00+00:00,71.5999984741211,71.5999984741211,71.5999984741211,71.5999984741211,14506,0.0,0.0
2025-06-19 02:25:00+00:00,71.5999984741211,71.69999694824219,71.5,71.5999984741211,65188,0.0,0.0
2025-06-19 02:30:00+00:00,71.69999694824219,71.69999694824219,71.5,71.69999694824219,38407,0.0,0.0
2025-06-19 02:35:00+00:00,71.69999694824219,71.69999694824219,71.5999984741211,71.69999694824219,18000,0.0,0.0
2025-06-19 02:40:00+00:00,71.69999694824219,71.69999694824219,71.5999984741211,71.69999694824219,12121,0.0,0.0
2025-06-19 02:45:00+00:00,71.69999694824219,71.69999694824219,71.5999984741211,71.5999984741211,28000,0.0,0.0
2025-06-19 02:50:00+00:00,71.69999694824219,71.69999694824219,71.5999984741211,71.69999694824219,25406,0.0,0.0
2025-06-19 02:55:00+00:00,71.69999694824219,71.80000305175781,71.69999694824219,71.80000305175781,28050,0.0,0.0
2025-06-19 03:00:00+00:00,72.0,72.30000305175781,71.80000305175781,72.30000305175781,37010,0.0,0.0
2025-06-19 03:05:00+00:00,72.0999984741211,72.0999984741211,72.0,72.0,7150,0.0,0.0
2025-06-19 03:10:00+00:00,71.80000305175781,71.80000305175781,71.80000305175781,71.80000305175781,4000,0.0,0.0
2025-06-19 03:15:00+00:00,71.9000015258789,71.9000015258789,71.9000015258789,71.9000015258789,4005,0.0,0.0
2025-06-19 03:20:00+00:00,71.9000015258789,72.0999984741211,71.9000015258789,72.0,6215,0.0,0.0
2025-06-19 03:25:00+00:00,72.0,72.0999984741211,72.0,72.0999984741211,3000,0.0,0.0
2025-06-19 03:30:00+00:00,72.0999984741211,72.0999984741211,72.0999984741211,72.0999984741211,0,0.0,0.0
2025-06-19 03:35:00+00:00,72.19999694824219,72.19999694824219,72.0999984741211,72.0999984741211,1060239,0.0,0.0
2025-06-19 03:40:00+00:00,72.0999984741211,72.0999984741211,72.0999984741211,72.0999984741211,6000,0.0,0.0
2025-06-19 03:45:00+00:00,72.0,72.19999694824219,72.0,72.19999694824219,7040,0.0,0.0
2025-06-19 03:50:00+00:00,72.0999984741211,72.0999984741211,72.0999984741211,72.0999984741211,4001,0.0,0.0
2025-06-19 03:55:00+00:00,72.0999984741211,72.0999984741211,72.0,72.0,4353,0.0,0.0
2025-06-19 04:00:00+00:00,72.0,72.0999984741211,72.0,72.0,26000,0.0,0.0
2025-06-19 04:05:00+00:00,72.0,72.0,72.0,72.0,2050,0.0,0.0
2025-06-19 04:10:00+00:00,72.0,72.0,71.9000015258789,71.9000015258789,16050,0.0,0.0
2025-06-19 04:15:00+00:00,71.9000015258789,71.9000015258789,71.9000015258789,71.9000015258789,3441,0.0,0.0
2025-06-19 04:20:00+00:00,71.9000015258789,71.9000015258789,71.9000015258789,71.9000015258789,3799,0.0,0.0
2025-06-19 04:25:00+00:00,71.9000015258789,71.9000015258789,71.9000015258789,71.9000015258789,1000,0.0,0.0
2025-06-19 04:30:00+00:00,71.9000015258789,71.9000015258789,71.9000015258789,71.9000015258789,7000,0.0,0.0
2025-06-19 04:35:00+00:00,72.0,72.0,71.9000015258789,71.9000015258789,10220,0.0,0.0
2025-06-19 04:40:00+00:00,71.9000015258789,72.0,71.9000015258789,71.9000015258789,8000,0.0,0.0
2025-06-19 04:45:00+00:00,72.0,72.4000015258789,71.9000015258789,72.4000015258789,31000,0.0,0.0
2025-06-19 04:50:00+00:00,72.30000305175781,72.30000305175781,72.19999694824219,72.19999694824219,3100,0.0,0.0
2025-06-19 04:55:00+00:00,72.0999984741211,72.0999984741211,72.0,72.0,19000,0.0,0.0
2025-06-19 05:00:00+00:00,72.0,72.0999984741211,71.9000015258789,72.0,21100,0.0,0.0
2025-06-19 05:05:00+00:00,72.0,72.0,71.9000015258789,71.9000015258789,12279,0.0,0.0
2025-06-19 05:10:00+00:00,71.9000015258789,72.0,71.9000015258789,72.0,6000,0.0,0.0
2025-06-19 05:15:00+00:00,72.0,72.0999984741211,71.9000015258789,71.9000015258789,23000,0.0,0.0
2025-06-19 05:20:00+00:00,71.9000015258789,72.0,71.80000305175781,71.80000305175781,31250,0.0,0.0
2025-06-20 01:00:00+00:00,71.5,72.0,71.5,72.0,34000,0.0,0.0
2025-06-20 01:05:00+00:00,72.0,72.0,71.80000305175781,71.80000305175781,13182,0.0,0.0
2025-06-20 01:10:00+00:00,71.80000305175781,71.9000015258789,71.5,71.5,32175,0.0,0.0
2025-06-20 01:15:00+00:00,71.5,71.5999984741211,71.5,71.5,14615,0.0,0.0
2025-06-20 01:20:00+00:00,71.5,71.5,71.30000305175781,71.30000305175781,13485,0.0,0.0
2025-06-20 01:25:00+00:00,71.30000305175781,71.30000305175781,71.0999984741211,71.19999694824219,27131,0.0,0.0
2025-06-20 01:30:00+00:00,71.0999984741211,71.0999984741211,70.69999694824219,70.69999694824219,51609,0.0,0.0
2025-06-20 01:35:00+00:00,70.69999694824219,70.80000305175781,70.5999984741211,70.69999694824219,46701,0.0,0.0
2025-06-20 01:40:00+00:00,70.69999694824219,70.69999694824219,70.5999984741211,70.5999984741211,38157,0.0,0.0
2025-06-20 01:45:00+00:00,70.5999984741211,70.5999984741211,70.5,70.5,67654,0.0,0.0
2025-06-20 01:50:00+00:00,70.4000015258789,70.5,70.4000015258789,70.5,30537,0.0,0.0
2025-06-20 01:55:00+00:00,70.5,70.5,70.5,70.5,7866,0.0,0.0
2025-06-20 02:00:00+00:00,70.4000015258789,70.4000015258789,70.30000305175781,70.4000015258789,26100,0.0,0.0
2025-06-20 02:05:00+00:00,70.4000015258789,70.69999694824219,70.4000015258789,70.69999694824219,22789,0.0,0.0
2025-06-20 02:10:00+00:00,70.5999984741211,70.5999984741211,70.5999984741211,70.5999984741211,6070,0.0,0.0
2025-06-20 02:15:00+00:00,70.5999984741211,70.69999694824219,70.5999984741211,70.69999694824219,18000,0.0,0.0
2025-06-20 02:20:00+00:00,70.69999694824219,70.9000015258789,70.69999694824219,70.9000015258789,7057,0.0,0.0
2025-06-20 02:25:00+00:00,70.80000305175781,70.80000305175781,70.80000305175781,70.80000305175781,14069,0.0,0.0
2025-06-20 02:30:00+00:00,70.80000305175781,70.9000015258789,70.80000305175781,70.9000015258789,7014,0.0,0.0
2025-06-20 02:35:00+00:00,71.0,71.0999984741211,71.0,71.0999984741211,22291,0.0,0.0
2025-06-20 02:40:00+00:00,71.0999984741211,71.0999984741211,70.80000305175781,70.80000305175781,5000,0.0,0.0
2025-06-20 02:45:00+00:00,71.0,71.19999694824219,71.0,71.19999694824219,9000,0.0,0.0
2025-06-20 02:50:00+00:00,71.0,71.0,70.80000305175781,71.0,22000,0.0,0.0
2025-06-20 02:55:00+00:00,71.0,71.30000305175781,70.80000305175781,71.30000305175781,25000,0.0,0.0
2025-06-20 03:00:00+00:00,71.30000305175781,71.30000305175781,71.30000305175781,71.30000305175781,1000,0.0,0.0
2025-06-20 03:05:00+00:00,71.0,71.0,71.0,71.0,4000,0.0,0.0
2025-06-20 03:10:00+00:00,70.9000015258789,71.0,70.9000015258789,71.0,5000,0.0,0.0
2025-06-20 03:20:00+00:00,71.0,71.0999984741211,71.0,71.0,11050,0.0,0.0
2025-06-20 03:25:00+00:00,71.0999984741211,71.0999984741211,71.0999984741211,71.0999984741211,0,0.0,0.0
2025-06-20 03:30:00+00:00,71.0999984741211,71.0999984741211,71.0999984741211,71.0999984741211,589552,0.0,0.0
2025-06-20 03:35:00+00:00,71.19999694824219,71.4000015258789,71.19999694824219,71.4000015258789,11070,0.0,0.0
2025-06-20 03:40:00+00:00,71.4000015258789,71.4000015258789,71.0,71.30000305175781,34300,0.0,0.0
2025-06-20 03:45:00+00:00,71.0999984741211,71.19999694824219,71.0,71.19999694824219,11000,0.0,0.0
2025-06-20 03:50:00+00:00,71.30000305175781,71.30000305175781,71.30000305175781,71.30000305175781,2030,0.0,0.0
2025-06-20 03:55:00+00:00,71.4000015258789,71.5,71.4000015258789,71.5,10173,0.0,0.0
2025-06-20 04:00:00+00:00,71.4000015258789,71.4000015258789,71.4000015258789,71.4000015258789,2000,0.0,0.0
2025-06-20 04:10:00+00:00,71.30000305175781,71.30000305175781,71.30000305175781,71.30000305175781,1100,0.0,0.0
2025-06-20 04:15:00+00:00,71.30000305175781,71.30000305175781,71.30000305175781,71.30000305175781,8000,0.0,0.0
2025-06-20 04:20:00+00:00,71.19999694824219,71.30000305175781,71.0999984741211,71.0999984741211,9092,0.0,0.0
2025-06-20 04:25:00+00:00,71.19999694824219,71.19999694824219,71.19999694824219,71.19999694824219,2010,0.0,0.0
2025-06-20 04:30:00+00:00,71.19999694824219,71.19999694824219,71.0999984741211,71.19999694824219,6300,0.0,0.0
2025-06-20 04:35:00+00:00,71.19999694824219,71.19999694824219,71.19999694824219,71.19999694824219,2000,0.0,0.0
2025-06-20 04:40:00+00:00,71.0999984741211,71.19999694824219,70.9000015258789,71.0999984741211,45368,0.0,0.0
2025-06-20 04:45:00+00:00,71.0,71.0,71.0,71.0,1000,0.0,0.0
2025-06-20 04:50:00+00:00,71.0999984741211,71.0999984741211,71.0,71.0,7050,0.0,0.0
2025-06-20 04:55:00+00:00,71.0,71.0,71.0,71.0,12210,0.0,0.0
2025-06-20 05:00:00+00:00,71.0999984741211,71.30000305175781,71.0999984741211,71.30000305175781,15162,0.0,0.0
2025-06-20 05:05:00+00:00,71.30000305175781,71.30000305175781,71.19999694824219,71.30000305175781,8000,0.0,0.0
2025-06-20 05:10:00+00:00,71.19999694824219,71.30000305175781,71.19999694824219,71.19999694824219,19000,0.0,0.0
2025-06-20 05:15:00+00:00,71.19999694824219,71.4000015258789,71.0999984741211,71.4000015258789,31096,0.0,0.0
2025-06-20 05:20:00+00:00,71.30000305175781,71.5,71.30000305175781,71.5,47824,0.0,0.0
2025-06-23 01:00:00+00:00,69.9000015258789,70.0,69.0999984741211,70.0,0,0.0,0.0
2025-06-23 01:05:00+00:00,70.0,70.69999694824219,69.9000015258789,70.69999694824219,46202,0.0,0.0
2025-06-23 01:10:00+00:00,70.69999694824219,70.9000015258789,70.69999694824219,70.9000015258789,7907,0.0,0.0
2025-06-23 01:15:00+00:00,70.9000015258789,70.9000015258789,70.5,70.5999984741211,36043,0.0,0.0
2025-06-23 01:20:00+00:00,70.5,70.9000015258789,70.5,70.80000305175781,37000,0.0,0.0
2025-06-23 01:25:00+00:00,70.9000015258789,71.0999984741211,70.80000305175781,70.80000305175781,42100,0.0,0.0
2025-06-23 01:30:00+00:00,70.80000305175781,70.80000305175781,70.69999694824219,70.80000305175781,7073,0.0,0.0
2025-06-23 01:35:00+00:00,70.69999694824219,70.80000305175781,70.69999694824219,70.69999694824219,5100,0.0,0.0
2025-06-23 01:40:00+00:00,70.80000305175781,70.80000305175781,70.69999694824219,70.69999694824219,5100,0.0,0.0
2025-06-23 01:45:00+00:00,70.69999694824219,70.9000015258789,70.69999694824219,70.69999694824219,9000,0.0,0.0
2025-06-23 01:50:00+00:00,70.9000015258789,71.19999694824219,70.9000015258789,71.19999694824219,43185,0.0,0.0
2025-06-23 01:55:00+00:00,71.19999694824219,71.19999694824219,71.0999984741211,71.0999984741211,3000,0.0,0.0
2025-06-23 02:00:00+00:00,71.0999984741211,71.0999984741211,70.9000015258789,70.9000015258789,27030,0.0,0.0
2025-06-23 02:05:00+00:00,70.80000305175781,71.30000305175781,70.69999694824219,71.0999984741211,42025,0.0,0.0
2025-06-23 02:10:00+00:00,71.30000305175781,71.30000305175781,71.0999984741211,71.0999984741211,7130,0.0,0.0
2025-06-23 02:15:00+00:00,71.0999984741211,71.0999984741211,71.0999984741211,71.0999984741211,6000,0.0,0.0
2025-06-23 02:20:00+00:00,71.0999984741211,71.0999984741211,71.0999984741211,71.0999984741211,2020,0.0,0.0
2025-06-23 02:25:00+00:00,71.0999984741211,71.5,71.0999984741211,71.5,8068,0.0,0.0
2025-06-23 02:30:00+00:00,71.5,71.5,71.4000015258789,71.4000015258789,5112,0.0,0.0
2025-06-23 02:35:00+00:00,71.4000015258789,71.4000015258789,71.30000305175781,71.30000305175781,5000,0.0,0.0
2025-06-23 02:40:00+00:00,71.4000015258789,71.4000015258789,71.4000015258789,71.4000015258789,3012,0.0,0.0
2025-06-23 02:45:00+00:00,71.4000015258789,71.5,71.4000015258789,71.4000015258789,5073,0.0,0.0
2025-06-23 02:50:00+00:00,71.4000015258789,71.4000015258789,71.30000305175781,71.4000015258789,6143,0.0,0.0
2025-06-23 02:55:00+00:00,71.5,71.5999984741211,71.5,71.5999984741211,20046,0.0,0.0
2025-06-23 03:00:00+00:00,71.5999984741211,71.80000305175781,71.5999984741211,71.69999694824219,12481,0.0,0.0
2025-06-23 03:05:00+00:00,71.69999694824219,71.69999694824219,71.5999984741211,71.69999694824219,6008,0.0,0.0
2025-06-23 03:10:00+00:00,71.69999694824219,71.69999694824219,71.5999984741211,71.5999984741211,4030,0.0,0.0
2025-06-23 03:15:00+00:00,71.69999694824219,71.69999694824219,71.5,71.5,4001,0.0,0.0
2025-06-23 03:20:00+00:00,71.5999984741211,71.5999984741211,71.4000015258789,71.5,9284,0.0,0.0
2025-06-23 03:25:00+00:00,71.4000015258789,71.4000015258789,71.4000015258789,71.4000015258789,1080,0.0,0.0
2025-06-23 03:30:00+00:00,71.5,71.5,71.4000015258789,71.5,8100,0.0,0.0
2025-06-23 03:35:00+00:00,71.4000015258789,71.5999984741211,71.4000015258789,71.5999984741211,4000,0.0,0.0
2025-06-23 03:40:00+00:00,71.5999984741211,71.5999984741211,71.5,71.5,5020,0.0,0.0
2025-06-23 03:45:00+00:00,71.5,71.5999984741211,71.5,71.5999984741211,3000,0.0,0.0
2025-06-23 03:50:00+00:00,71.5,71.5,71.4000015258789,71.5,23110,0.0,0.0
2025-06-23 03:55:00+00:00,71.4000015258789,71.4000015258789,71.4000015258789,71.4000015258789,1119,0.0,0.0
2025-06-23 04:05:00+00:00,71.4000015258789,71.4000015258789,71.0999984741211,71.0999984741211,7315,0.0,0.0
2025-06-23 04:10:00+00:00,71.19999694824219,71.30000305175781,71.19999694824219,71.30000305175781,6000,0.0,0.0
2025-06-23 04:15:00+00:00,71.30000305175781,71.30000305175781,71.30000305175781,71.30000305175781,2150,0.0,0.0
2025-06-23 04:20:00+00:00,71.30000305175781,71.30000305175781,71.30000305175781,71.30000305175781,15000,0.0,0.0
2025-06-23 04:30:00+00:00,71.19999694824219,71.19999694824219,71.19999694824219,71.19999694824219,1000,0.0,0.0
2025-06-23 04:35:00+00:00,71.19999694824219,71.30000305175781,71.19999694824219,71.30000305175781,4150,0.0,0.0
2025-06-23 04:40:00+00:00,71.19999694824219,71.30000305175781,71.19999694824219,71.19999694824219,16162,0.0,0.0
2025-06-23 04:45:00+00:00,71.19999694824219,71.19999694824219,71.0,71.0999984741211,51000,0.0,0.0
2025-06-23 04:50:00+00:00,71.0999984741211,71.0999984741211,71.0999984741211,71.0999984741211,1000,0.0,0.0
2025-06-23 04:55:00+00:00,71.0999984741211,71.0999984741211,71.0999984741211,71.0999984741211,8000,0.0,0.0
2025-06-23 05:00:00+00:00,71.19999694824219,71.19999694824219,71.0999984741211,71.0999984741211,11100,0.0,0.0
2025-06-23 05:05:00+00:00,71.0,71.0,71.0,71.0,4059,0.0,0.0
2025-06-23 05:10:00+00:00,71.0,71.19999694824219,71.0,71.19999694824219,7045,0.0,0.0
2025-06-23 05:15:00+00:00,71.30000305175781,71.30000305175781,71.19999694824219,71.19999694824219,4000,0.0,0.0
2025-06-23 05:20:00+00:00,71.0999984741211,71.30000305175781,71.0999984741211,71.19999694824219,12000,0.0,0.0
2025-06-24 01:00:00+00:00,72.0,72.30000305175781,72.0,72.30000305175781,32000,0.0,0.0
2025-06-24 01:05:00+00:00,72.30000305175781,72.5999984741211,72.30000305175781,72.5,25000,0.0,0.0
2025-06-24 01:10:00+00:00,72.4000015258789,72.80000305175781,72.4000015258789,72.80000305175781,86327,0.0,0.0
2025-06-24 01:15:00+00:00,72.9000015258789,73.19999694824219,72.80000305175781,72.9000015258789,80469,0.0,0.0
2025-06-24 01:20:00+00:00,73.19999694824219,73.30000305175781,72.9000015258789,72.9000015258789,41100,0.0,0.0
2025-06-24 01:25:00+00:00,72.9000015258789,72.9000015258789,72.9000015258789,72.9000015258789,3011,0.0,0.0
2025-06-24 01:30:00+00:00,72.80000305175781,73.0,72.80000305175781,73.0,25137,0.0,0.0
2025-06-24 01:35:00+00:00,73.0,73.0,72.80000305175781,72.9000015258789,22000,0.0,0.0
2025-06-24 01:40:00+00:00,73.0999984741211,73.19999694824219,73.0,73.0,43610,0.0,0.0
2025-06-24 01:45:00+00:00,73.0,73.0999984741211,73.0,73.0999984741211,7000,0.0,0.0
2025-06-24 01:50:00+00:00,73.0999984741211,73.19999694824219,73.0,73.19999694824219,11200,0.0,0.0
2025-06-24 01:55:00+00:00,73.19999694824219,73.4000015258789,73.0999984741211,73.30000305175781,74943,0.0,0.0
2025-06-24 02:00:00+00:00,73.30000305175781,73.5,73.30000305175781,73.30000305175781,50134,0.0,0.0
2025-06-24 02:05:00+00:00,73.19999694824219,73.30000305175781,73.19999694824219,73.19999694824219,6100,0.0,0.0
2025-06-24 02:10:00+00:00,73.19999694824219,73.19999694824219,73.0999984741211,73.0999984741211,2030,0.0,0.0
2025-06-24 02:15:00+00:00,73.0999984741211,73.4000015258789,73.0999984741211,73.19999694824219,47070,0.0,0.0
2025-06-24 02:20:00+00:00,73.19999694824219,73.30000305175781,73.19999694824219,73.30000305175781,10009,0.0,0.0
2025-06-24 02:25:00+00:00,73.19999694824219,73.4000015258789,73.19999694824219,73.4000015258789,16000,0.0,0.0
2025-06-24 02:35:00+00:00,73.30000305175781,73.30000305175781,73.30000305175781,73.30000305175781,2021,0.0,0.0
2025-06-24 02:40:00+00:00,73.19999694824219,73.30000305175781,73.19999694824219,73.30000305175781,2549,0.0,0.0
2025-06-24 02:45:00+00:00,73.19999694824219,73.19999694824219,73.19999694824219,73.19999694824219,7000,0.0,0.0
2025-06-24 02:50:00+00:00,73.19999694824219,73.19999694824219,73.19999694824219,73.19999694824219,4353,0.0,0.0
2025-06-24 02:55:00+00:00,73.19999694824219,73.19999694824219,73.0999984741211,73.0999984741211,7000,0.0,0.0
2025-06-24 03:00:00+00:00,73.0999984741211,73.19999694824219,73.0999984741211,73.19999694824219,12020,0.0,0.0
2025-06-24 03:05:00+00:00,73.30000305175781,73.30000305175781,73.30000305175781,73.30000305175781,2000,0.0,0.0
2025-06-24 03:15:00+00:00,73.30000305175781,73.30000305175781,73.30000305175781,73.30000305175781,2000,0.0,0.0
2025-06-24 03:20:00+00:00,73.30000305175781,73.30000305175781,73.19999694824219,73.30000305175781,5000,0.0,0.0
2025-06-24 03:25:00+00:00,73.19999694824219,73.19999694824219,73.0999984741211,73.0999984741211,8000,0.0,0.0
2025-06-24 03:30:00+00:00,73.30000305175781,73.30000305175781,73.30000305175781,73.30000305175781,14002,0.0,0.0
2025-06-24 03:35:00+00:00,73.30000305175781,73.30000305175781,73.30000305175781,73.30000305175781,17010,0.0,0.0
2025-06-24 03:40:00+00:00,73.30000305175781,73.30000305175781,73.30000305175781,73.30000305175781,3050,0.0,0.0
2025-06-24 03:45:00+00:00,73.4000015258789,73.4000015258789,73.30000305175781,73.30000305175781,3000,0.0,0.0
2025-06-24 03:50:00+00:00,73.30000305175781,73.4000015258789,73.30000305175781,73.30000305175781,11030,0.0,0.0
2025-06-24 03:55:00+00:00,73.30000305175781,73.30000305175781,73.30000305175781,73.30000305175781,2000,0.0,0.0
2025-06-24 04:00:00+00:00,73.30000305175781,73.30000305175781,73.30000305175781,73.30000305175781,2000,0.0,0.0
2025-06-24 04:05:00+00:00,73.19999694824219,73.19999694824219,73.19999694824219,73.19999694824219,8000,0.0,0.0
2025-06-24 04:10:00+00:00,73.0999984741211,73.19999694824219,72.9000015258789,73.19999694824219,11137,0.0,0.0
2025-06-24 04:15:00+00:00,73.0,73.0,73.0,73.0,3028,0.0,0.0
2025-06-24 04:20:00+00:00,73.0,73.0,73.0,73.0,9150,0.0,0.0
2025-06-24 04:25:00+00:00,73.0,73.0,73.0,73.0,7150,0.0,0.0
2025-06-24 04:30:00+00:00,73.0,73.0999984741211,72.9000015258789,73.0999984741211,7014,0.0,0.0
2025-06-24 04:35:00+00:00,73.0999984741211,73.0999984741211,73.0999984741211,73.0999984741211,9000,0.0,0.0
2025-06-24 04:40:00+00:00,73.0999984741211,73.19999694824219,73.0999984741211,73.19999694824219,7000,0.0,0.0
2025-06-24 04:45:00+00:00,73.19999694824219,73.19999694824219,73.19999694824219,73.19999694824219,1000,0.0,0.0
2025-06-24 04:50:00+00:00,73.19999694824219,73.30000305175781,73.19999694824219,73.19999694824219,6000,0.0,0.0
2025-06-24 04:55:00+00:00,73.19999694824219,73.30000305175781,73.19999694824219,73.19999694824219,10079,0.0,0.0
2025-06-24 05:00:00+00:00,73.19999694824219,73.19999694824219,73.19999694824219,73.19999694824219,6060,0.0,0.0
2025-06-24 05:05:00+00:00,73.19999694824219,73.30000305175781,73.19999694824219,73.30000305175781,2000,0.0,0.0
2025-06-24 05:10:00+00:00,73.19999694824219,73.19999694824219,73.0999984741211,73.0999984741211,4000,0.0,0.0
2025-06-24 05:15:00+00:00,73.19999694824219,73.30000305175781,73.19999694824219,73.19999694824219,16000,0.0,0.0
2025-06-24 05:20:00+00:00,73.19999694824219,73.30000305175781,73.0,73.30000305175781,23145,0.0,0.0
2025-06-25 01:00:00+00:00,73.4000015258789,73.80000305175781,73.4000015258789,73.5999984741211,42000,0.0,0.0
2025-06-25 01:05:00+00:00,73.5999984741211,74.0999984741211,73.5,74.0999984741211,63000,0.0,0.0
2025-06-25 01:10:00+00:00,74.0,74.0,73.9000015258789,73.9000015258789,23676,0.0,0.0
2025-06-25 01:15:00+00:00,73.9000015258789,73.9000015258789,73.5,73.5,14373,0.0,0.0
2025-06-25 01:20:00+00:00,73.5,73.5999984741211,73.5,73.5999984741211,6232,0.0,0.0
2025-06-25 01:25:00+00:00,73.5999984741211,73.5999984741211,73.5999984741211,73.5999984741211,13429,0.0,0.0
2025-06-25 01:30:00+00:00,73.5,73.5999984741211,73.5,73.5,18004,0.0,0.0
2025-06-25 01:35:00+00:00,73.5,73.5,73.5,73.5,4008,0.0,0.0
2025-06-25 01:40:00+00:00,73.5999984741211,73.69999694824219,73.5999984741211,73.69999694824219,3050,0.0,0.0
2025-06-25 01:45:00+00:00,73.5,73.5,73.5,73.5,4175,0.0,0.0
2025-06-25 01:50:00+00:00,73.5,73.5,73.4000015258789,73.4000015258789,14010,0.0,0.0
2025-06-25 01:55:00+00:00,73.4000015258789,73.4000015258789,73.30000305175781,73.30000305175781,4106,0.0,0.0
2025-06-25 02:00:00+00:00,73.19999694824219,73.19999694824219,73.19999694824219,73.19999694824219,8100,0.0,0.0
2025-06-25 02:05:00+00:00,73.19999694824219,73.19999694824219,73.0,73.19999694824219,23056,0.0,0.0
2025-06-25 02:10:00+00:00,73.0999984741211,73.0999984741211,73.0999984741211,73.0999984741211,1000,0.0,0.0
2025-06-25 02:15:00+00:00,73.19999694824219,73.19999694824219,73.0999984741211,73.0999984741211,11486,0.0,0.0
2025-06-25 02:20:00+00:00,73.0,73.0,73.0,73.0,11000,0.0,0.0
2025-06-25 02:25:00+00:00,72.9000015258789,72.9000015258789,72.80000305175781,72.80000305175781,6110,0.0,0.0
2025-06-25 02:30:00+00:00,72.80000305175781,72.80000305175781,72.80000305175781,72.80000305175781,9000,0.0,0.0
2025-06-25 02:35:00+00:00,72.80000305175781,72.9000015258789,72.69999694824219,72.9000015258789,38151,0.0,0.0
2025-06-25 02:40:00+00:00,73.0999984741211,73.0999984741211,73.0999984741211,73.0999984741211,1010,0.0,0.0
2025-06-25 02:45:00+00:00,73.0999984741211,73.0999984741211,73.0999984741211,73.0999984741211,2000,0.0,0.0
2025-06-25 02:50:00+00:00,73.0,73.0,73.0,73.0,8000,0.0,0.0
2025-06-25 02:55:00+00:00,73.0,73.0,73.0,73.0,5014,0.0,0.0
2025-06-25 03:00:00+00:00,73.0,73.0,73.0,73.0,1000,0.0,0.0
2025-06-25 03:05:00+00:00,73.0,73.0,73.0,73.0,1100,0.0,0.0
2025-06-25 03:15:00+00:00,73.0,73.0,73.0,73.0,1200,0.0,0.0
2025-06-25 03:30:00+00:00,72.9000015258789,72.9000015258789,72.69999694824219,72.69999694824219,23389,0.0,0.0
2025-06-25 03:40:00+00:00,72.80000305175781,72.80000305175781,72.80000305175781,72.80000305175781,1000,0.0,0.0
2025-06-25 03:45:00+00:00,73.0,73.0,73.0,73.0,4110,0.0,0.0
2025-06-25 03:50:00+00:00,73.0,73.0,73.0,73.0,4061,0.0,0.0
2025-06-25 03:55:00+00:00,72.9000015258789,72.9000015258789,72.9000015258789,72.9000015258789,1001,0.0,0.0
2025-06-25 04:00:00+00:00,73.0,73.0,72.80000305175781,72.80000305175781,22000,0.0,0.0
2025-06-25 04:05:00+00:00,73.0999984741211,73.0999984741211,72.9000015258789,72.9000015258789,11200,0.0,0.0
2025-06-25 04:15:00+00:00,72.9000015258789,72.9000015258789,72.80000305175781,72.80000305175781,8000,0.0,0.0
2025-06-25 04:20:00+00:00,72.9000015258789,72.9000015258789,72.80000305175781,72.80000305175781,3000,0.0,0.0
2025-06-25 04:25:00+00:00,72.80000305175781,72.80000305175781,72.80000305175781,72.80000305175781,1075,0.0,0.0
2025-06-25 04:30:00+00:00,72.9000015258789,72.9000015258789,72.9000015258789,72.9000015258789,3000,0.0,0.0
2025-06-25 04:40:00+00:00,72.9000015258789,72.9000015258789,72.9000015258789,72.9000015258789,1000,0.0,0.0
2025-06-25 04:45:00+00:00,73.0,73.0,73.0,73.0,11100,0.0,0.0
2025-06-25 04:50:00+00:00,73.0,73.0,72.9000015258789,72.9000015258789,2402,0.0,0.0
2025-06-25 04:55:00+00:00,72.9000015258789,72.9000015258789,72.9000015258789,72.9000015258789,22094,0.0,0.0
2025-06-25 05:00:00+00:00,73.0,73.19999694824219,73.0,73.19999694824219,8000,0.0,0.0
2025-06-25 05:05:00+00:00,73.30000305175781,73.5,73.19999694824219,73.5,43058,0.0,0.0
2025-06-25 05:10:00+00:00,73.5,73.69999694824219,73.5,73.5,32300,0.0,0.0
2025-06-25 05:15:00+00:00,73.4000015258789,73.4000015258789,73.19999694824219,73.19999694824219,4011,0.0,0.0
2025-06-25 05:20:00+00:00,73.0999984741211,73.19999694824219,73.0,73.19999694824219,18100,0.0,0.0
2025-06-26 01:00:00+00:00,73.5,74.0,73.5,73.80000305175781,67000,0.0,0.0
2025-06-26 01:05:00+00:00,73.80000305175781,74.0,73.80000305175781,73.80000305175781,42100,0.0,0.0
2025-06-26 01:10:00+00:00,73.80000305175781,73.80000305175781,73.5,73.5,25200,0.0,0.0
2025-06-26 01:15:00+00:00,73.5,73.9000015258789,73.5,73.9000015258789,7000,0.0,0.0
2025-06-26 01:20:00+00:00,73.69999694824219,73.9000015258789,73.5,73.9000015258789,49277,0.0,0.0
2025-06-26 01:25:00+00:00,73.9000015258789,74.30000305175781,73.9000015258789,74.0999984741211,55160,0.0,0.0
2025-06-26 01:30:00+00:00,74.30000305175781,74.30000305175781,74.0,74.0,33400,0.0,0.0
2025-06-26 01:35:00+00:00,74.0,74.0,73.69999694824219,73.69999694824219,17050,0.0,0.0
2025-06-26 01:40:00+00:00,73.69999694824219,73.69999694824219,73.69999694824219,73.69999694824219,1000,0.0,0.0
2025-06-26 01:45:00+00:00,73.80000305175781,73.9000015258789,73.80000305175781,73.80000305175781,7000,0.0,0.0
2025-06-26 01:50:00+00:00,73.80000305175781,73.9000015258789,73.5,73.5,18200,0.0,0.0
2025-06-26 01:55:00+00:00,73.5,73.5999984741211,73.4000015258789,73.5,17032,0.0,0.0
2025-06-26 02:00:00+00:00,73.5999984741211,73.69999694824219,73.5999984741211,73.69999694824219,3010,0.0,0.0
2025-06-26 02:05:00+00:00,73.69999694824219,73.69999694824219,73.5,73.5999984741211,20156,0.0,0.0
2025-06-26 02:10:00+00:00,73.80000305175781,74.0,73.80000305175781,74.0,12064,0.0,0.0
2025-06-26 02:15:00+00:00,74.0,74.0,73.9000015258789,73.9000015258789,8681,0.0,0.0
2025-06-26 02:20:00+00:00,73.80000305175781,73.80000305175781,73.69999694824219,73.69999694824219,10040,0.0,0.0
2025-06-26 02:25:00+00:00,73.69999694824219,73.69999694824219,73.5,73.5,11205,0.0,0.0
2025-06-26 02:30:00+00:00,73.4000015258789,73.4000015258789,73.4000015258789,73.4000015258789,2000,0.0,0.0
2025-06-26 02:35:00+00:00,73.4000015258789,73.4000015258789,73.4000015258789,73.4000015258789,9900,0.0,0.0
2025-06-26 02:40:00+00:00,73.30000305175781,73.5,73.30000305175781,73.5,2415,0.0,0.0
2025-06-26 02:45:00+00:00,73.4000015258789,73.5,73.4000015258789,73.5,4100,0.0,0.0
2025-06-26 02:50:00+00:00,73.5,73.5,73.5,73.5,1047,0.0,0.0
2025-06-26 02:55:00+00:00,73.30000305175781,73.30000305175781,73.19999694824219,73.19999694824219,12000,0.0,0.0
2025-06-26 03:05:00+00:00,73.19999694824219,73.19999694824219,73.19999694824219,73.19999694824219,3000,0.0,0.0
2025-06-26 03:10:00+00:00,73.19999694824219,73.4000015258789,73.19999694824219,73.4000015258789,14100,0.0,0.0
2025-06-26 03:15:00+00:00,73.30000305175781,73.30000305175781,73.30000305175781,73.30000305175781,1099,0.0,0.0
2025-06-26 03:20:00+00:00,73.30000305175781,73.30000305175781,73.19999694824219,73.19999694824219,4101,0.0,0.0
2025-06-26 03:30:00+00:00,73.30000305175781,73.30000305175781,73.19999694824219,73.19999694824219,11106,0.0,0.0
2025-06-26 03:40:00+00:00,73.19999694824219,73.19999694824219,73.19999694824219,73.19999694824219,1020,0.0,0.0
2025-06-26 03:45:00+00:00,73.19999694824219,73.19999694824219,73.19999694824219,73.19999694824219,5023,0.0,0.0
2025-06-26 03:55:00+00:00,73.19999694824219,73.19999694824219,73.19999694824219,73.19999694824219,9037,0.0,0.0
2025-06-26 04:00:00+00:00,73.19999694824219,73.19999694824219,73.19999694824219,73.19999694824219,3032,0.0,0.0
2025-06-26 04:05:00+00:00,73.19999694824219,73.19999694824219,73.19999694824219,73.19999694824219,5185,0.0,0.0
2025-06-26 04:10:00+00:00,73.19999694824219,73.19999694824219,73.19999694824219,73.19999694824219,1000,0.0,0.0
2025-06-26 04:15:00+00:00,73.0999984741211,73.19999694824219,73.0999984741211,73.19999694824219,7004,0.0,0.0
2025-06-26 04:25:00+00:00,73.19999694824219,73.19999694824219,73.19999694824219,73.19999694824219,5000,0.0,0.0
2025-06-26 04:30:00+00:00,73.19999694824219,73.30000305175781,73.19999694824219,73.30000305175781,12250,0.0,0.0
2025-06-26 04:35:00+00:00,73.19999694824219,73.19999694824219,73.19999694824219,73.19999694824219,1000,0.0,0.0
2025-06-26 04:40:00+00:00,73.30000305175781,73.30000305175781,73.19999694824219,73.19999694824219,3101,0.0,0.0
2025-06-26 04:45:00+00:00,73.19999694824219,73.19999694824219,73.19999694824219,73.19999694824219,4000,0.0,0.0
2025-06-26 04:50:00+00:00,73.19999694824219,73.19999694824219,73.0,73.19999694824219,22115,0.0,0.0
2025-06-26 04:55:00+00:00,73.0999984741211,73.19999694824219,73.0999984741211,73.19999694824219,3400,0.0,0.0
2025-06-26 05:00:00+00:00,73.19999694824219,73.30000305175781,73.0999984741211,73.30000305175781,11000,0.0,0.0
2025-06-26 05:05:00+00:00,73.30000305175781,73.30000305175781,73.0999984741211,73.19999694824219,11100,0.0,0.0
2025-06-26 05:10:00+00:00,73.0999984741211,73.0999984741211,73.0999984741211,73.0999984741211,10008,0.0,0.0
2025-06-26 05:15:00+00:00,73.0,73.19999694824219,73.0,73.19999694824219,14876,0.0,0.0
2025-06-26 05:20:00+00:00,73.0999984741211,73.19999694824219,73.0,73.0,9637,0.0,0.0
2025-06-27 01:00:00+00:00,73.5,73.5,73.5,73.5,39000,0.0,0.0
2025-06-27 01:05:00+00:00,73.30000305175781,73.30000305175781,73.19999694824219,73.19999694824219,7004,0.0,0.0
2025-06-27 01:10:00+00:00,73.19999694824219,73.19999694824219,73.19999694824219,73.19999694824219,1151,0.0,0.0
2025-06-27 01:15:00+00:00,73.0999984741211,73.0999984741211,73.0999984741211,73.0999984741211,5000,0.0,0.0
2025-06-27 01:20:00+00:00,73.0,73.0,73.0,73.0,1000,0.0,0.0
2025-06-27 01:25:00+00:00,73.0,73.0,73.0,73.0,8758,0.0,0.0
2025-06-27 01:30:00+00:00,73.0,73.0,72.5999984741211,72.5999984741211,27000,0.0,0.0
2025-06-27 01:40:00+00:00,72.80000305175781,72.80000305175781,72.80000305175781,72.80000305175781,3055,0.0,0.0
2025-06-27 01:45:00+00:00,72.80000305175781,72.9000015258789,72.80000305175781,72.9000015258789,6000,0.0,0.0
2025-06-27 01:50:00+00:00,72.9000015258789,72.9000015258789,72.9000015258789,72.9000015258789,12014,0.0,0.0
2025-06-27 01:55:00+00:00,72.9000015258789,72.9000015258789,72.9000015258789,72.9000015258789,1060,0.0,0.0
2025-06-27 02:00:00+00:00,72.9000015258789,73.0,72.9000015258789,72.9000015258789,3250,0.0,0.0
2025-06-27 02:05:00+00:00,72.9000015258789,73.0,72.80000305175781,73.0,16000,0.0,0.0
2025-06-27 02:10:00+00:00,72.9000015258789,72.9000015258789,72.9000015258789,72.9000015258789,10100,0.0,0.0
2025-06-27 02:15:00+00:00,72.9000015258789,72.9000015258789,72.9000015258789,72.9000015258789,5000,0.0,0.0
2025-06-27 02:20:00+00:00,73.0,73.0,72.9000015258789,72.9000015258789,9058,0.0,0.0
2025-06-27 02:25:00+00:00,72.9000015258789,72.9000015258789,72.80000305175781,72.80000305175781,21035,0.0,0.0
2025-06-27 02:30:00+00:00,72.80000305175781,72.80000305175781,72.80000305175781,72.80000305175781,3001,0.0,0.0
2025-06-27 02:35:00+00:00,72.80000305175781,72.80000305175781,72.69999694824219,72.69999694824219,12215,0.0,0.0
2025-06-27 02:40:00+00:00,72.80000305175781,72.80000305175781,72.80000305175781,72.80000305175781,1000,0.0,0.0
2025-06-27 02:45:00+00:00,72.80000305175781,72.80000305175781,72.80000305175781,72.80000305175781,2000,0.0,0.0
2025-06-27 02:50:00+00:00,72.80000305175781,72.80000305175781,72.69999694824219,72.80000305175781,7889,0.0,0.0
2025-06-27 03:00:00+00:00,72.80000305175781,72.80000305175781,72.80000305175781,72.80000305175781,3901,0.0,0.0
2025-06-27 03:05:00+00:00,72.80000305175781,72.80000305175781,72.80000305175781,72.80000305175781,3000,0.0,0.0
2025-06-27 03:10:00+00:00,72.69999694824219,72.69999694824219,72.69999694824219,72.69999694824219,5000,0.0,0.0
2025-06-27 03:15:00+00:00,72.69999694824219,72.9000015258789,72.69999694824219,72.9000015258789,9000,0.0,0.0
2025-06-27 03:25:00+00:00,72.80000305175781,72.9000015258789,72.80000305175781,72.9000015258789,9000,0.0,0.0
2025-06-27 03:30:00+00:00,72.80000305175781,72.80000305175781,72.69999694824219,72.69999694824219,7100,0.0,0.0
2025-06-27 03:35:00+00:00,72.69999694824219,72.69999694824219,72.69999694824219,72.69999694824219,2000,0.0,0.0
2025-06-27 03:45:00+00:00,72.80000305175781,72.80000305175781,72.80000305175781,72.80000305175781,12000,0.0,0.0
2025-06-27 03:50:00+00:00,72.69999694824219,72.80000305175781,72.69999694824219,72.80000305175781,5200,0.0,0.0
2025-06-27 04:00:00+00:00,72.69999694824219,72.80000305175781,72.69999694824219,72.80000305175781,5235,0.0,0.0
2025-06-27 04:05:00+00:00,72.80000305175781,72.80000305175781,72.69999694824219,72.80000305175781,5025,0.0,0.0
2025-06-27 04:10:00+00:00,72.69999694824219,72.80000305175781,72.69999694824219,72.69999694824219,10040,0.0,0.0
2025-06-27 04:15:00+00:00,72.69999694824219,72.69999694824219,72.69999694824219,72.69999694824219,4000,0.0,0.0
2025-06-27 04:20:00+00:00,72.69999694824219,72.80000305175781,72.69999694824219,72.80000305175781,22000,0.0,0.0
2025-06-27 04:25:00+00:00,72.80000305175781,72.80000305175781,72.80000305175781,72.80000305175781,5000,0.0,0.0
2025-06-27 04:30:00+00:00,72.9000015258789,73.0,72.9000015258789,73.0,13000,0.0,0.0
2025-06-27 04:35:00+00:00,72.9000015258789,73.0,72.9000015258789,72.9000015258789,4019,0.0,0.0
2025-06-27 04:50:00+00:00,72.9000015258789,72.9000015258789,72.9000015258789,72.9000015258789,2000,0.0,0.0
2025-06-27 04:55:00+00:00,72.9000015258789,72.9000015258789,72.80000305175781,72.80000305175781,12000,0.0,0.0
2025-06-27 05:00:00+00:00,72.69999694824219,72.80000305175781,72.69999694824219,72.80000305175781,21090,0.0,0.0
2025-06-27 05:05:00+00:00,72.80000305175781,72.80000305175781,72.80000305175781,72.80000305175781,3070,0.0,0.0
2025-06-27 05:10:00+00:00,72.80000305175781,72.80000305175781,72.80000305175781,72.80000305175781,4000,0.0,0.0
2025-06-27 05:15:00+00:00,72.80000305175781,72.80000305175781,72.69999694824219,72.80000305175781,10000,0.0,0.0
2025-06-27 05:20:00+00:00,72.69999694824219,72.69999694824219,72.5,72.5,65019,0.0,0.0
2025-06-30 01:00:00+00:00,72.80000305175781,72.9000015258789,72.19999694824219,72.19999694824219,0,0.0,0.0
2025-06-30 01:05:00+00:00,72.0999984741211,72.0999984741211,71.9000015258789,71.9000015258789,52000,0.0,0.0
2025-06-30 01:10:00+00:00,71.9000015258789,71.9000015258789,71.80000305175781,71.9000015258789,21265,0.0,0.0
2025-06-30 01:15:00+00:00,72.0,72.0,71.80000305175781,71.9000015258789,14100,0.0,0.0
2025-06-30 01:20:00+00:00,71.80000305175781,71.80000305175781,71.69999694824219,71.69999694824219,37013,0.0,0.0
2025-06-30 01:25:00+00:00,71.9000015258789,71.9000015258789,71.9000015258789,71.9000015258789,8000,0.0,0.0
2025-06-30 01:30:00+00:00,71.80000305175781,71.80000305175781,71.69999694824219,71.80000305175781,21164,0.0,0.0
2025-06-30 01:35:00+00:00,71.80000305175781,72.0,71.80000305175781,72.0,9007,0.0,0.0
2025-06-30 01:40:00+00:00,72.19999694824219,72.19999694824219,72.19999694824219,72.19999694824219,1003,0.0,0.0
2025-06-30 01:45:00+00:00,72.19999694824219,72.19999694824219,72.19999694824219,72.19999694824219,2001,0.0,0.0
2025-06-30 01:50:00+00:00,72.19999694824219,72.19999694824219,72.19999694824219,72.19999694824219,5004,0.0,0.0
2025-06-30 02:00:00+00:00,72.0999984741211,72.0999984741211,72.0999984741211,72.0999984741211,7000,0.0,0.0
2025-06-30 02:05:00+00:00,72.0,72.0,72.0,72.0,14131,0.0,0.0
2025-06-30 02:10:00+00:00,72.0,72.0,71.9000015258789,71.9000015258789,2000,0.0,0.0
2025-06-30 02:15:00+00:00,72.0,72.0999984741211,72.0,72.0999984741211,3117,0.0,0.0
2025-06-30 02:20:00+00:00,72.0,72.0,71.9000015258789,71.9000015258789,5000,0.0,0.0
2025-06-30 02:30:00+00:00,71.9000015258789,71.9000015258789,71.9000015258789,71.9000015258789,8000,0.0,0.0
2025-06-30 02:35:00+00:00,71.80000305175781,71.9000015258789,71.80000305175781,71.9000015258789,11001,0.0,0.0
2025-06-30 02:40:00+00:00,71.9000015258789,71.9000015258789,71.80000305175781,71.80000305175781,2000,0.0,0.0
2025-06-30 02:45:00+00:00,71.80000305175781,71.9000015258789,71.80000305175781,71.80000305175781,10332,0.0,0.0
2025-06-30 02:50:00+00:00,71.80000305175781,72.0,71.69999694824219,72.0,9013,0.0,0.0
2025-06-30 02:55:00+00:00,71.69999694824219,71.69999694824219,71.5999984741211,71.5999984741211,31895,0.0,0.0
2025-06-30 03:00:00+00:00,71.69999694824219,71.69999694824219,71.69999694824219,71.69999694824219,4010,0.0,0.0
2025-06-30 03:05:00+00:00,71.69999694824219,71.69999694824219,71.5999984741211,71.5999984741211,15000,0.0,0.0
2025-06-30 03:10:00+00:00,71.5999984741211,71.5999984741211,71.5999984741211,71.5999984741211,1321,0.0,0.0
2025-06-30 03:15:00+00:00,71.5999984741211,71.5999984741211,71.5,71.5,30277,0.0,0.0
2025-06-30 03:20:00+00:00,71.5,71.5999984741211,71.4000015258789,71.4000015258789,12879,0.0,0.0
2025-06-30 03:25:00+00:00,71.4000015258789,71.5,71.4000015258789,71.5,20000,0.0,0.0
2025-06-30 03:30:00+00:00,71.5,71.5,71.5,71.5,7000,0.0,0.0
2025-06-30 03:35:00+00:00,71.4000015258789,71.5,71.4000015258789,71.4000015258789,11104,0.0,0.0
2025-06-30 03:40:00+00:00,71.4000015258789,71.4000015258789,71.4000015258789,71.4000015258789,5000,0.0,0.0
2025-06-30 03:45:00+00:00,71.4000015258789,71.4000015258789,71.19999694824219,71.19999694824219,32244,0.0,0.0
2025-06-30 03:50:00+00:00,71.19999694824219,71.19999694824219,71.19999694824219,71.19999694824219,5005,0.0,0.0
2025-06-30 03:55:00+00:00,71.19999694824219,71.30000305175781,71.19999694824219,71.19999694824219,6000,0.0,0.0
2025-06-30 04:00:00+00:00,71.4000015258789,71.4000015258789,71.4000015258789,71.4000015258789,1000,0.0,0.0
2025-06-30 04:05:00+00:00,71.4000015258789,71.4000015258789,71.4000015258789,71.4000015258789,1000,0.0,0.0
2025-06-30 04:10:00+00:00,71.30000305175781,71.30000305175781,71.30000305175781,71.30000305175781,5000,0.0,0.0
2025-06-30 04:15:00+00:00,71.30000305175781,71.30000305175781,71.19999694824219,71.19999694824219,22168,0.0,0.0
2025-06-30 04:20:00+00:00,71.0999984741211,71.30000305175781,71.0999984741211,71.30000305175781,11150,0.0,0.0
2025-06-30 04:25:00+00:00,71.19999694824219,71.19999694824219,71.19999694824219,71.19999694824219,4215,0.0,0.0
2025-06-30 04:30:00+00:00,71.19999694824219,71.19999694824219,71.0999984741211,71.0999984741211,9030,0.0,0.0
2025-06-30 04:35:00+00:00,71.0999984741211,71.4000015258789,71.0999984741211,71.4000015258789,5012,0.0,0.0
2025-06-30 04:40:00+00:00,71.19999694824219,71.19999694824219,71.19999694824219,71.19999694824219,2000,0.0,0.0
2025-06-30 04:45:00+00:00,71.30000305175781,71.30000305175781,71.0999984741211,71.0999984741211,35777,0.0,0.0
2025-06-30 04:50:00+00:00,71.0999984741211,71.0999984741211,71.0999984741211,71.0999984741211,5000,0.0,0.0
2025-06-30 04:55:00+00:00,71.19999694824219,71.30000305175781,71.19999694824219,71.19999694824219,21186,0.0,0.0
2025-06-30 05:00:00+00:00,71.19999694824219,71.19999694824219,71.0999984741211,71.19999694824219,13460,0.0,0.0
2025-06-30 05:05:00+00:00,71.0999984741211,71.19999694824219,71.0999984741211,71.19999694824219,22340,0.0,0.0
2025-06-30 05:10:00+00:00,71.19999694824219,71.19999694824219,71.19999694824219,71.19999694824219,12560,0.0,0.0
2025-06-30 05:15:00+00:00,71.30000305175781,71.30000305175781,71.0999984741211,71.0999984741211,21180,0.0,0.0
2025-06-30 05:20:00+00:00,71.19999694824219,71.30000305175781,71.0999984741211,71.0999984741211,14820,0.0,0.0
2025-07-01 01:00:00+00:00,71.19999694824219,71.5999984741211,71.19999694824219,71.5999984741211,13000,0.0,0.0
2025-07-01 01:05:00+00:00,71.9000015258789,72.0,71.80000305175781,72.0,27000,0.0,0.0
2025-07-01 01:10:00+00:00,72.0,72.0,71.69999694824219,71.69999694824219,18047,0.0,0.0
2025-07-01 01:15:00+00:00,71.69999694824219,71.69999694824219,71.5999984741211,71.5999984741211,8235,0.0,0.0
2025-07-01 01:20:00+00:00,71.4000015258789,71.5,71.30000305175781,71.5,30000,0.0,0.0
2025-07-01 01:25:00+00:00,71.5,71.5,71.5,71.5,3090,0.0,0.0
2025-07-01 01:30:00+00:00,71.5999984741211,71.69999694824219,71.5999984741211,71.69999694824219,6200,0.0,0.0
2025-07-01 01:35:00+00:00,71.80000305175781,72.30000305175781,71.80000305175781,72.0999984741211,41000,0.0,0.0
2025-07-01 01:40:00+00:00,72.0999984741211,72.5,72.0,72.4000015258789,43510,0.0,0.0
2025-07-01 01:45:00+00:00,72.30000305175781,72.30000305175781,72.0999984741211,72.0999984741211,15064,0.0,0.0
2025-07-01 01:50:00+00:00,72.0999984741211,72.0999984741211,72.0,72.0,12000,0.0,0.0
2025-07-01 01:55:00+00:00,71.9000015258789,72.0999984741211,71.9000015258789,72.0999984741211,14100,0.0,0.0
2025-07-01 02:00:00+00:00,72.0999984741211,72.0999984741211,72.0999984741211,72.0999984741211,2000,0.0,0.0
2025-07-01 02:05:00+00:00,72.0999984741211,72.0999984741211,71.9000015258789,71.9000015258789,12000,0.0,0.0
2025-07-01 02:10:00+00:00,71.9000015258789,72.0,71.80000305175781,71.80000305175781,22000,0.0,0.0
2025-07-01 02:15:00+00:00,72.0,72.0,72.0,72.0,6020,0.0,0.0
2025-07-01 02:20:00+00:00,71.9000015258789,71.9000015258789,71.9000015258789,71.9000015258789,2250,0.0,0.0
2025-07-01 02:25:00+00:00,71.9000015258789,72.0999984741211,71.9000015258789,72.0999984741211,6014,0.0,0.0
2025-07-01 02:30:00+00:00,72.0,72.0999984741211,72.0,72.0999984741211,6006,0.0,0.0
2025-07-01 02:35:00+00:00,72.0,72.0,72.0,72.0,3000,0.0,0.0
2025-07-01 02:40:00+00:00,71.9000015258789,71.9000015258789,71.9000015258789,71.9000015258789,2035,0.0,0.0
2025-07-01 02:45:00+00:00,72.0,72.0999984741211,72.0,72.0999984741211,3000,0.0,0.0
2025-07-01 02:50:00+00:00,72.0,72.0999984741211,72.0,72.0,6000,0.0,0.0
2025-07-01 02:55:00+00:00,72.0,72.0,72.0,72.0,3000,0.0,0.0
2025-07-01 03:00:00+00:00,72.0,72.0,72.0,72.0,3200,0.0,0.0
2025-07-01 03:05:00+00:00,72.0,72.0999984741211,71.9000015258789,72.0999984741211,18100,0.0,0.0
2025-07-01 03:10:00+00:00,72.0,72.0,72.0,72.0,9000,0.0,0.0
2025-07-01 03:15:00+00:00,71.9000015258789,71.9000015258789,71.9000015258789,71.9000015258789,12014,0.0,0.0
2025-07-01 03:20:00+00:00,71.9000015258789,72.0,71.9000015258789,72.0,4000,0.0,0.0
2025-07-01 03:25:00+00:00,71.9000015258789,71.9000015258789,71.80000305175781,71.80000305175781,7000,0.0,0.0
2025-07-01 03:30:00+00:00,71.9000015258789,71.9000015258789,71.80000305175781,71.80000305175781,5000,0.0,0.0
2025-07-01 03:35:00+00:00,71.80000305175781,71.80000305175781,71.80000305175781,71.80000305175781,1000,0.0,0.0
2025-07-01 03:40:00+00:00,71.80000305175781,71.80000305175781,71.69999694824219,71.80000305175781,24064,0.0,0.0
2025-07-01 03:45:00+00:00,71.80000305175781,71.80000305175781,71.80000305175781,71.80000305175781,4000,0.0,0.0
2025-07-01 03:50:00+00:00,71.80000305175781,71.80000305175781,71.80000305175781,71.80000305175781,1129,0.0,0.0
2025-07-01 03:55:00+00:00,71.80000305175781,71.9000015258789,71.80000305175781,71.9000015258789,2050,0.0,0.0
2025-07-01 04:00:00+00:00,71.9000015258789,71.9000015258789,71.80000305175781,71.80000305175781,25000,0.0,0.0
2025-07-01 04:05:00+00:00,71.80000305175781,71.80000305175781,71.80000305175781,71.80000305175781,4000,0.0,0.0
2025-07-01 04:15:00+00:00,71.80000305175781,71.80000305175781,71.80000305175781,71.80000305175781,6000,0.0,0.0
2025-07-01 04:20:00+00:00,71.80000305175781,71.80000305175781,71.69999694824219,71.69999694824219,10027,0.0,0.0
2025-07-01 04:25:00+00:00,71.5999984741211,71.5999984741211,71.5999984741211,71.5999984741211,4000,0.0,0.0
2025-07-01 04:35:00+00:00,71.5999984741211,71.5999984741211,71.5999984741211,71.5999984741211,4000,0.0,0.0
2025-07-01 04:40:00+00:00,71.5999984741211,71.5999984741211,71.5999984741211,71.5999984741211,1063,0.0,0.0
2025-07-01 04:45:00+00:00,71.69999694824219,71.69999694824219,71.69999694824219,71.69999694824219,7330,0.0,0.0
2025-07-01 04:55:00+00:00,71.69999694824219,71.80000305175781,71.5999984741211,71.5999984741211,12013,0.0,0.0
2025-07-01 05:00:00+00:00,71.5999984741211,71.5999984741211,71.30000305175781,71.30000305175781,21214,0.0,0.0
2025-07-01 05:10:00+00:00,71.5999984741211,71.80000305175781,71.5999984741211,71.80000305175781,12002,0.0,0.0
2025-07-01 05:15:00+00:00,71.80000305175781,71.80000305175781,71.69999694824219,71.80000305175781,3006,0.0,0.0
2025-07-01 05:20:00+00:00,71.5999984741211,71.9000015258789,71.5999984741211,71.5999984741211,11050,0.0,0.0
2025-07-02 01:00:00+00:00,71.5,71.5999984741211,71.5,71.5999984741211,11000,0.0,0.0
2025-07-02 01:05:00+00:00,71.5999984741211,71.9000015258789,71.5999984741211,71.80000305175781,7372,0.0,0.0
2025-07-02 01:10:00+00:00,71.69999694824219,71.69999694824219,71.5999984741211,71.69999694824219,6029,0.0,0.0
2025-07-02 01:15:00+00:00,71.5999984741211,71.5999984741211,71.5,71.5,16030,0.0,0.0
2025-07-02 01:20:00+00:00,71.4000015258789,71.4000015258789,71.30000305175781,71.30000305175781,3100,0.0,0.0
2025-07-02 01:25:00+00:00,71.4000015258789,71.5999984741211,71.30000305175781,71.5999984741211,8240,0.0,0.0
2025-07-02 01:30:00+00:00,71.4000015258789,71.4000015258789,71.4000015258789,71.4000015258789,1109,0.0,0.0
2025-07-02 01:35:00+00:00,71.5999984741211,71.5999984741211,71.5,71.5,3010,0.0,0.0
2025-07-02 01:40:00+00:00,71.5999984741211,71.5999984741211,71.5999984741211,71.5999984741211,1400,0.0,0.0
2025-07-02 01:45:00+00:00,71.5999984741211,71.5999984741211,71.5999984741211,71.5999984741211,6345,0.0,0.0
2025-07-02 01:55:00+00:00,71.5999984741211,71.5999984741211,71.5999984741211,71.5999984741211,5000,0.0,0.0
2025-07-02 02:00:00+00:00,71.69999694824219,71.80000305175781,71.69999694824219,71.80000305175781,11000,0.0,0.0
2025-07-02 02:05:00+00:00,71.9000015258789,72.0,71.9000015258789,72.0,2010,0.0,0.0
2025-07-02 02:10:00+00:00,72.0,72.5,72.0,72.4000015258789,48000,0.0,0.0
2025-07-02 02:15:00+00:00,72.4000015258789,72.80000305175781,72.4000015258789,72.80000305175781,39060,0.0,0.0
2025-07-02 02:20:00+00:00,72.69999694824219,72.69999694824219,72.5,72.5,22000,0.0,0.0
2025-07-02 02:25:00+00:00,72.5,72.5,72.5,72.5,7000,0.0,0.0
2025-07-02 02:35:00+00:00,72.5,72.5,72.5,72.5,1010,0.0,0.0
2025-07-02 02:40:00+00:00,72.4000015258789,72.4000015258789,72.30000305175781,72.30000305175781,4000,0.0,0.0
2025-07-02 02:45:00+00:00,72.30000305175781,72.30000305175781,72.30000305175781,72.30000305175781,4079,0.0,0.0
2025-07-02 03:05:00+00:00,72.30000305175781,72.30000305175781,72.30000305175781,72.30000305175781,7034,0.0,0.0
2025-07-02 03:10:00+00:00,72.30000305175781,72.30000305175781,72.30000305175781,72.30000305175781,5003,0.0,0.0
2025-07-02 03:15:00+00:00,72.19999694824219,72.30000305175781,72.19999694824219,72.30000305175781,9000,0.0,0.0
2025-07-02 03:25:00+00:00,72.19999694824219,72.19999694824219,72.0999984741211,72.0999984741211,12000,0.0,0.0
2025-07-02 03:30:00+00:00,72.0999984741211,72.0999984741211,72.0999984741211,72.0999984741211,1100,0.0,0.0
2025-07-02 03:55:00+00:00,72.0,72.0999984741211,72.0,72.0999984741211,11000,0.0,0.0
2025-07-02 04:10:00+00:00,72.0999984741211,72.0999984741211,72.0999984741211,72.0999984741211,4200,0.0,0.0
2025-07-02 04:15:00+00:00,72.0,72.0,72.0,72.0,1000,0.0,0.0
2025-07-02 04:30:00+00:00,72.0999984741211,72.0999984741211,72.0999984741211,72.0999984741211,4000,0.0,0.0
2025-07-02 04:35:00+00:00,72.0,72.0,72.0,72.0,1000,0.0,0.0
2025-07-02 04:40:00+00:00,72.0,72.0999984741211,72.0,72.0999984741211,15520,0.0,0.0
2025-07-02 04:45:00+00:00,71.9000015258789,71.9000015258789,71.9000015258789,71.9000015258789,2151,0.0,0.0
2025-07-02 05:00:00+00:00,72.0,72.0,72.0,72.0,4000,0.0,0.0
2025-07-02 05:05:00+00:00,71.9000015258789,72.0,71.9000015258789,71.9000015258789,9000,0.0,0.0
2025-07-02 05:10:00+00:00,71.9000015258789,71.9000015258789,71.9000015258789,71.9000015258789,1000,0.0,0.0
2025-07-02 05:15:00+00:00,71.9000015258789,71.9000015258789,71.9000015258789,71.9000015258789,3000,0.0,0.0
2025-07-02 05:20:00+00:00,71.9000015258789,72.0,71.69999694824219,71.80000305175781,26015,0.0,0.0
2025-07-03 01:00:00+00:00,72.0999984741211,72.5999984741211,72.0999984741211,72.5,49000,0.0,0.0
2025-07-03 01:05:00+00:00,72.5,72.5,72.5,72.5,8003,0.0,0.0
2025-07-03 01:10:00+00:00,72.4000015258789,72.4000015258789,72.30000305175781,72.4000015258789,51004,0.0,0.0
2025-07-03 01:15:00+00:00,72.4000015258789,72.5,72.4000015258789,72.5,7321,0.0,0.0
2025-07-03 01:20:00+00:00,72.5,72.5,72.5,72.5,1157,0.0,0.0
2025-07-03 01:25:00+00:00,72.30000305175781,72.30000305175781,72.30000305175781,72.30000305175781,2000,0.0,0.0
2025-07-03 01:30:00+00:00,72.30000305175781,72.69999694824219,72.30000305175781,72.69999694824219,24254,0.0,0.0
2025-07-03 01:35:00+00:00,72.5999984741211,72.69999694824219,72.5,72.5999984741211,9028,0.0,0.0
2025-07-03 01:40:00+00:00,72.69999694824219,72.69999694824219,72.5999984741211,72.5999984741211,9450,0.0,0.0
2025-07-03 01:45:00+00:00,72.5,72.5,72.0,72.0,82046,0.0,0.0
2025-07-03 01:50:00+00:00,72.0,72.30000305175781,72.0,72.30000305175781,51274,0.0,0.0
2025-07-03 01:55:00+00:00,72.30000305175781,72.30000305175781,72.19999694824219,72.19999694824219,2352,0.0,0.0
2025-07-03 02:00:00+00:00,72.30000305175781,72.5,72.30000305175781,72.4000015258789,9200,0.0,0.0
2025-07-03 02:10:00+00:00,72.4000015258789,72.4000015258789,72.4000015258789,72.4000015258789,2000,0.0,0.0
2025-07-03 02:15:00+00:00,72.4000015258789,72.4000015258789,72.30000305175781,72.30000305175781,2000,0.0,0.0
2025-07-03 02:20:00+00:00,72.30000305175781,72.5999984741211,72.30000305175781,72.5999984741211,41071,0.0,0.0
2025-07-03 02:25:00+00:00,72.5,72.69999694824219,72.5,72.69999694824219,4000,0.0,0.0
2025-07-03 02:30:00+00:00,72.5999984741211,72.5999984741211,72.5,72.5999984741211,3150,0.0,0.0
2025-07-03 02:35:00+00:00,72.5999984741211,72.5999984741211,72.4000015258789,72.4000015258789,13139,0.0,0.0
2025-07-03 02:40:00+00:00,72.4000015258789,72.4000015258789,72.4000015258789,72.4000015258789,2000,0.0,0.0
2025-07-03 02:45:00+00:00,72.5,72.5,72.5,72.5,4008,0.0,0.0
2025-07-03 02:50:00+00:00,72.4000015258789,72.4000015258789,72.4000015258789,72.4000015258789,3000,0.0,0.0
2025-07-03 02:55:00+00:00,72.4000015258789,72.4000015258789,72.4000015258789,72.4000015258789,2000,0.0,0.0
2025-07-03 03:05:00+00:00,72.4000015258789,72.4000015258789,72.4000015258789,72.4000015258789,5000,0.0,0.0
2025-07-03 03:10:00+00:00,72.30000305175781,72.30000305175781,72.19999694824219,72.19999694824219,21001,0.0,0.0
2025-07-03 03:15:00+00:00,72.30000305175781,72.5,72.30000305175781,72.4000015258789,15000,0.0,0.0
2025-07-03 03:20:00+00:00,72.4000015258789,72.4000015258789,72.19999694824219,72.19999694824219,14014,0.0,0.0
2025-07-03 03:25:00+00:00,72.19999694824219,72.5,72.19999694824219,72.30000305175781,21118,0.0,0.0
2025-07-03 03:30:00+00:00,72.4000015258789,72.5,72.4000015258789,72.5,2000,0.0,0.0
2025-07-03 03:35:00+00:00,72.4000015258789,72.5,72.30000305175781,72.5,15000,0.0,0.0
2025-07-03 03:40:00+00:00,72.5999984741211,72.5999984741211,72.5999984741211,72.5999984741211,10000,0.0,0.0
2025-07-03 03:45:00+00:00,72.69999694824219,72.69999694824219,72.5,72.5,9347,0.0,0.0
2025-07-03 03:50:00+00:00,72.5,72.5,72.5,72.5,7000,0.0,0.0
2025-07-03 04:00:00+00:00,72.5,72.5,72.5,72.5,4000,0.0,0.0
2025-07-03 04:05:00+00:00,72.5,72.5,72.5,72.5,12000,0.0,0.0
2025-07-03 04:10:00+00:00,72.4000015258789,72.5999984741211,72.4000015258789,72.5,14001,0.0,0.0
2025-07-03 04:20:00+00:00,72.30000305175781,72.4000015258789,72.30000305175781,72.4000015258789,2000,0.0,0.0
2025-07-03 04:30:00+00:00,72.4000015258789,72.4000015258789,72.4000015258789,72.4000015258789,1000,0.0,0.0
2025-07-03 04:35:00+00:00,72.4000015258789,72.4000015258789,72.4000015258789,72.4000015258789,7000,0.0,0.0
2025-07-03 04:40:00+00:00,72.4000015258789,72.4000015258789,72.30000305175781,72.30000305175781,5034,0.0,0.0
2025-07-03 04:45:00+00:00,72.4000015258789,72.4000015258789,72.4000015258789,72.4000015258789,2000,0.0,0.0
2025-07-03 04:50:00+00:00,72.4000015258789,72.4000015258789,72.19999694824219,72.19999694824219,14000,0.0,0.0
2025-07-03 04:55:00+00:00,72.30000305175781,72.30000305175781,72.30000305175781,72.30000305175781,1060,0.0,0.0
2025-07-03 05:00:00+00:00,72.4000015258789,72.4000015258789,72.4000015258789,72.4000015258789,4250,0.0,0.0
2025-07-03 05:05:00+00:00,72.4000015258789,72.5,72.4000015258789,72.4000015258789,17500,0.0,0.0
2025-07-03 05:10:00+00:00,72.5,72.5,72.5,72.5,9117,0.0,0.0
2025-07-03 05:15:00+00:00,72.5,72.5,72.4000015258789,72.5,19050,0.0,0.0
2025-07-03 05:20:00+00:00,72.5,72.5,72.4000015258789,72.5,12053,0.0,0.0
2025-07-04 01:00:00+00:00,72.69999694824219,73.0,72.4000015258789,73.0,48000,0.0,0.0
2025-07-04 01:05:00+00:00,73.0,73.0,72.5,72.5,13003,0.0,0.0
2025-07-04 01:10:00+00:00,72.5,72.5,72.5,72.5,7000,0.0,0.0
2025-07-04 01:15:00+00:00,72.4000015258789,72.4000015258789,72.0,72.0,22565,0.0,0.0
2025-07-04 01:20:00+00:00,72.0,72.0,72.0,72.0,16230,0.0,0.0
2025-07-04 01:25:00+00:00,72.0,72.0,71.80000305175781,71.80000305175781,27285,0.0,0.0
2025-07-04 01:30:00+00:00,71.80000305175781,71.80000305175781,71.30000305175781,71.4000015258789,45983,0.0,0.0
2025-07-04 01:35:00+00:00,71.4000015258789,71.5999984741211,71.19999694824219,71.5,38460,0.0,0.0
2025-07-04 01:40:00+00:00,71.30000305175781,71.4000015258789,71.0999984741211,71.0999984741211,72296,0.0,0.0
2025-07-04 01:45:00+00:00,71.0999984741211,71.0999984741211,70.80000305175781,70.80000305175781,64522,0.0,0.0
2025-07-04 01:50:00+00:00,70.80000305175781,71.0999984741211,70.80000305175781,71.0,8100,0.0,0.0
2025-07-04 01:55:00+00:00,71.0,71.0,70.80000305175781,70.9000015258789,20071,0.0,0.0
2025-07-04 02:00:00+00:00,71.0,71.0999984741211,70.9000015258789,71.0,24000,0.0,0.0
2025-07-04 02:05:00+00:00,71.0,71.0,70.9000015258789,70.9000015258789,15100,0.0,0.0
2025-07-04 02:10:00+00:00,70.9000015258789,70.9000015258789,70.5999984741211,70.69999694824219,58971,0.0,0.0
2025-07-04 02:15:00+00:00,70.80000305175781,70.80000305175781,70.80000305175781,70.80000305175781,3267,0.0,0.0
2025-07-04 02:20:00+00:00,70.69999694824219,71.0,70.69999694824219,71.0,3088,0.0,0.0
2025-07-04 02:25:00+00:00,71.0,71.30000305175781,70.9000015258789,71.30000305175781,21247,0.0,0.0
2025-07-04 02:30:00+00:00,71.0999984741211,71.0999984741211,71.0,71.0,7084,0.0,0.0
2025-07-04 02:35:00+00:00,71.0999984741211,71.0999984741211,71.0,71.0,3372,0.0,0.0
2025-07-04 02:40:00+00:00,71.0,71.0,71.0,71.0,1311,0.0,0.0
2025-07-04 02:50:00+00:00,71.0999984741211,71.0999984741211,70.80000305175781,70.9000015258789,26006,0.0,0.0
2025-07-04 02:55:00+00:00,70.9000015258789,70.9000015258789,70.9000015258789,70.9000015258789,1000,0.0,0.0
2025-07-04 03:00:00+00:00,70.9000015258789,70.9000015258789,70.9000015258789,70.9000015258789,1000,0.0,0.0
2025-07-04 03:05:00+00:00,70.9000015258789,70.9000015258789,70.80000305175781,70.80000305175781,2020,0.0,0.0
2025-07-04 03:10:00+00:00,70.80000305175781,70.9000015258789,70.80000305175781,70.9000015258789,6000,0.0,0.0
2025-07-04 03:15:00+00:00,70.9000015258789,70.9000015258789,70.9000015258789,70.9000015258789,7100,0.0,0.0
2025-07-04 03:20:00+00:00,70.9000015258789,70.9000015258789,70.9000015258789,70.9000015258789,3008,0.0,0.0
2025-07-04 03:25:00+00:00,70.9000015258789,70.9000015258789,70.9000015258789,70.9000015258789,6000,0.0,0.0
2025-07-04 03:30:00+00:00,70.9000015258789,71.30000305175781,70.9000015258789,71.0,33050,0.0,0.0
2025-07-04 03:35:00+00:00,70.9000015258789,70.9000015258789,70.80000305175781,70.80000305175781,11804,0.0,0.0
2025-07-04 03:40:00+00:00,70.80000305175781,70.80000305175781,70.80000305175781,70.80000305175781,14450,0.0,0.0
2025-07-04 03:45:00+00:00,70.69999694824219,70.69999694824219,70.69999694824219,70.69999694824219,32440,0.0,0.0
2025-07-04 03:50:00+00:00,70.5999984741211,70.69999694824219,70.5999984741211,70.5999984741211,48240,0.0,0.0
2025-07-04 03:55:00+00:00,70.5999984741211,70.69999694824219,70.5999984741211,70.5999984741211,7000,0.0,0.0
2025-07-04 04:00:00+00:00,70.69999694824219,70.69999694824219,70.5999984741211,70.69999694824219,8700,0.0,0.0
2025-07-04 04:05:00+00:00,70.69999694824219,70.69999694824219,70.69999694824219,70.69999694824219,9630,0.0,0.0
2025-07-04 04:10:00+00:00,70.69999694824219,70.80000305175781,70.5999984741211,70.80000305175781,15100,0.0,0.0
2025-07-04 04:20:00+00:00,70.80000305175781,70.80000305175781,70.69999694824219,70.69999694824219,8000,0.0,0.0
2025-07-04 04:25:00+00:00,70.69999694824219,70.69999694824219,70.69999694824219,70.69999694824219,6000,0.0,0.0
2025-07-04 04:30:00+00:00,70.80000305175781,70.80000305175781,70.69999694824219,70.69999694824219,13250,0.0,0.0
2025-07-04 04:35:00+00:00,70.69999694824219,70.69999694824219,70.69999694824219,70.69999694824219,3250,0.0,0.0
2025-07-04 04:40:00+00:00,70.69999694824219,70.80000305175781,70.69999694824219,70.80000305175781,14182,0.0,0.0
2025-07-04 04:45:00+00:00,70.69999694824219,70.69999694824219,70.69999694824219,70.69999694824219,4058,0.0,0.0
2025-07-04 04:50:00+00:00,70.80000305175781,70.80000305175781,70.69999694824219,70.69999694824219,4129,0.0,0.0
2025-07-04 04:55:00+00:00,70.69999694824219,70.69999694824219,70.69999694824219,70.69999694824219,4100,0.0,0.0
2025-07-04 05:00:00+00:00,70.69999694824219,70.80000305175781,70.5999984741211,70.80000305175781,18200,0.0,0.0
2025-07-04 05:05:00+00:00,70.5999984741211,70.69999694824219,70.5999984741211,70.5999984741211,21000,0.0,0.0
2025-07-04 05:10:00+00:00,70.5999984741211,70.5999984741211,70.5,70.5999984741211,47909,0.0,0.0
2025-07-04 05:15:00+00:00,70.5999984741211,70.5999984741211,70.5,70.5999984741211,55362,0.0,0.0
2025-07-04 05:20:00+00:00,70.5999984741211,70.5999984741211,70.5,70.5999984741211,18922,0.0,0.0
2025-07-07 01:00:00+00:00,70.5999984741211,71.0,70.0,70.0,0,0.0,0.0
2025-07-07 01:05:00+00:00,70.0999984741211,70.19999694824219,69.9000015258789,69.9000015258789,66532,0.0,0.0
2025-07-07 01:10:00+00:00,69.9000015258789,69.9000015258789,69.4000015258789,69.5,43376,0.0,0.0
2025-07-07 01:15:00+00:00,69.9000015258789,70.0,69.9000015258789,70.0,2120,0.0,0.0
2025-07-07 01:20:00+00:00,70.0,70.19999694824219,69.9000015258789,70.0,9020,0.0,0.0
2025-07-07 01:25:00+00:00,70.0,70.0999984741211,70.0,70.0999984741211,2000,0.0,0.0
2025-07-07 01:30:00+00:00,70.0999984741211,70.69999694824219,70.0999984741211,70.5999984741211,34750,0.0,0.0
2025-07-07 01:35:00+00:00,70.5,70.5,70.5,70.5,4350,0.0,0.0
2025-07-07 01:45:00+00:00,70.30000305175781,70.5999984741211,70.30000305175781,70.5999984741211,4340,0.0,0.0
2025-07-07 01:50:00+00:00,70.69999694824219,70.80000305175781,70.69999694824219,70.80000305175781,4440,0.0,0.0
2025-07-07 01:55:00+00:00,70.80000305175781,70.80000305175781,70.80000305175781,70.80000305175781,2101,0.0,0.0
2025-07-07 02:00:00+00:00,70.80000305175781,70.80000305175781,70.5999984741211,70.5999984741211,2000,0.0,0.0
2025-07-07 02:05:00+00:00,70.5,70.5,70.5,70.5,4000,0.0,0.0
2025-07-07 02:10:00+00:00,70.4000015258789,70.5,70.0,70.4000015258789,52100,0.0,0.0
2025-07-07 02:15:00+00:00,70.4000015258789,70.5999984741211,70.4000015258789,70.5999984741211,6000,0.0,0.0
2025-07-07 02:20:00+00:00,70.5,70.5,70.5,70.5,1305,0.0,0.0
2025-07-07 02:25:00+00:00,70.19999694824219,70.19999694824219,70.19999694824219,70.19999694824219,3135,0.0,0.0
2025-07-07 02:30:00+00:00,70.19999694824219,70.19999694824219,70.0999984741211,70.0999984741211,10000,0.0,0.0
2025-07-07 02:35:00+00:00,70.0999984741211,70.0999984741211,70.0999984741211,70.0999984741211,1000,0.0,0.0
2025-07-07 02:40:00+00:00,70.19999694824219,70.19999694824219,70.19999694824219,70.19999694824219,1000,0.0,0.0
2025-07-07 02:45:00+00:00,70.19999694824219,70.19999694824219,70.0999984741211,70.0999984741211,8675,0.0,0.0
2025-07-07 02:50:00+00:00,70.19999694824219,70.19999694824219,70.19999694824219,70.19999694824219,1100,0.0,0.0
2025-07-07 02:55:00+00:00,70.0999984741211,70.19999694824219,70.0,70.0999984741211,162201,0.0,0.0
2025-07-07 03:00:00+00:00,69.9000015258789,69.9000015258789,69.80000305175781,69.9000015258789,10253,0.0,0.0
2025-07-07 03:05:00+00:00,69.80000305175781,69.80000305175781,69.80000305175781,69.80000305175781,4001,0.0,0.0
2025-07-07 03:10:00+00:00,69.80000305175781,69.9000015258789,69.80000305175781,69.9000015258789,4100,0.0,0.0
2025-07-07 03:15:00+00:00,69.80000305175781,69.9000015258789,69.80000305175781,69.9000015258789,7000,0.0,0.0
2025-07-07 03:20:00+00:00,69.80000305175781,69.80000305175781,69.80000305175781,69.80000305175781,2000,0.0,0.0
2025-07-07 03:25:00+00:00,69.80000305175781,69.80000305175781,69.80000305175781,69.80000305175781,3362,0.0,0.0
2025-07-07 03:30:00+00:00,69.80000305175781,69.80000305175781,69.80000305175781,69.80000305175781,3010,0.0,0.0
2025-07-07 03:40:00+00:00,69.80000305175781,69.80000305175781,69.80000305175781,69.80000305175781,3013,0.0,0.0
2025-07-07 03:50:00+00:00,69.80000305175781,69.9000015258789,69.80000305175781,69.9000015258789,8000,0.0,0.0
2025-07-07 03:55:00+00:00,69.9000015258789,69.9000015258789,69.9000015258789,69.9000015258789,3345,0.0,0.0
2025-07-07 04:00:00+00:00,69.9000015258789,70.0,69.9000015258789,70.0,3000,0.0,0.0
2025-07-07 04:05:00+00:00,70.0,70.0,70.0,70.0,2030,0.0,0.0
2025-07-07 04:10:00+00:00,70.0,70.0,70.0,70.0,4105,0.0,0.0
2025-07-07 04:15:00+00:00,70.0,70.0,70.0,70.0,6000,0.0,0.0
2025-07-07 04:20:00+00:00,70.0,70.0999984741211,70.0,70.0999984741211,4050,0.0,0.0
2025-07-07 04:25:00+00:00,70.0,70.0,70.0,70.0,9100,0.0,0.0
2025-07-07 04:30:00+00:00,70.0,70.0,69.9000015258789,69.9000015258789,5002,0.0,0.0
2025-07-07 04:35:00+00:00,69.9000015258789,69.9000015258789,69.80000305175781,69.80000305175781,5000,0.0,0.0
2025-07-07 04:40:00+00:00,69.80000305175781,69.80000305175781,69.80000305175781,69.80000305175781,11703,0.0,0.0
2025-07-07 04:45:00+00:00,69.69999694824219,69.80000305175781,69.69999694824219,69.69999694824219,15000,0.0,0.0
2025-07-07 04:50:00+00:00,69.69999694824219,69.69999694824219,69.69999694824219,69.69999694824219,7043,0.0,0.0
2025-07-07 04:55:00+00:00,69.80000305175781,69.80000305175781,69.80000305175781,69.80000305175781,1010,0.0,0.0
2025-07-07 05:00:00+00:00,69.80000305175781,69.80000305175781,69.80000305175781,69.80000305175781,6310,0.0,0.0
2025-07-07 05:10:00+00:00,69.80000305175781,69.9000015258789,69.69999694824219,69.80000305175781,35030,0.0,0.0
2025-07-07 05:15:00+00:00,69.80000305175781,69.80000305175781,69.69999694824219,69.69999694824219,21010,0.0,0.0
2025-07-07 05:20:00+00:00,69.69999694824219,70.0,69.69999694824219,70.0,21000,0.0,0.0
2025-07-08 01:00:00+00:00,69.9000015258789,70.0,69.30000305175781,69.4000015258789,0,0.0,0.0
2025-07-08 01:05:00+00:00,69.4000015258789,69.5,69.4000015258789,69.5,20238,0.0,0.0
2025-07-08 01:10:00+00:00,69.4000015258789,69.4000015258789,69.0999984741211,69.19999694824219,64681,0.0,0.0
2025-07-08 01:15:00+00:00,69.30000305175781,69.4000015258789,69.30000305175781,69.4000015258789,3000,0.0,0.0
2025-07-08 01:20:00+00:00,69.5,70.0,69.5,69.80000305175781,38040,0.0,0.0
2025-07-08 01:25:00+00:00,69.80000305175781,69.80000305175781,69.5999984741211,69.5999984741211,2000,0.0,0.0
2025-07-08 01:30:00+00:00,69.9000015258789,70.0,69.69999694824219,69.69999694824219,21100,0.0,0.0
2025-07-08 01:35:00+00:00,69.5999984741211,69.5999984741211,69.5,69.5,13000,0.0,0.0
2025-07-08 01:40:00+00:00,69.5,69.5,69.5,69.5,14000,0.0,0.0
2025-07-08 01:45:00+00:00,69.5,69.5,69.19999694824219,69.19999694824219,57011,0.0,0.0
2025-07-08 01:55:00+00:00,69.30000305175781,69.30000305175781,69.30000305175781,69.30000305175781,2045,0.0,0.0
2025-07-08 02:00:00+00:00,69.30000305175781,69.5,69.19999694824219,69.30000305175781,26055,0.0,0.0
2025-07-08 02:05:00+00:00,69.30000305175781,69.5999984741211,69.30000305175781,69.30000305175781,26400,0.0,0.0
2025-07-08 02:10:00+00:00,69.30000305175781,69.30000305175781,69.19999694824219,69.19999694824219,7000,0.0,0.0
2025-07-08 02:15:00+00:00,69.19999694824219,69.30000305175781,69.19999694824219,69.30000305175781,13355,0.0,0.0
2025-07-08 02:20:00+00:00,69.4000015258789,69.5999984741211,69.30000305175781,69.30000305175781,8000,0.0,0.0
2025-07-08 02:25:00+00:00,69.5999984741211,69.80000305175781,69.5999984741211,69.80000305175781,2000,0.0,0.0
2025-07-08 02:30:00+00:00,69.80000305175781,69.80000305175781,69.80000305175781,69.80000305175781,6000,0.0,0.0
2025-07-08 02:35:00+00:00,69.9000015258789,69.9000015258789,69.80000305175781,69.80000305175781,2000,0.0,0.0
2025-07-08 02:40:00+00:00,69.80000305175781,69.80000305175781,69.69999694824219,69.80000305175781,6000,0.0,0.0
2025-07-08 02:45:00+00:00,69.69999694824219,69.69999694824219,69.5999984741211,69.5999984741211,11000,0.0,0.0
2025-07-08 02:50:00+00:00,69.80000305175781,69.9000015258789,69.80000305175781,69.9000015258789,27100,0.0,0.0
2025-07-08 02:55:00+00:00,70.0,70.19999694824219,70.0,70.0999984741211,21100,0.0,0.0
2025-07-08 03:00:00+00:00,70.19999694824219,70.19999694824219,70.19999694824219,70.19999694824219,2002,0.0,0.0
2025-07-08 03:05:00+00:00,70.19999694824219,70.19999694824219,70.19999694824219,70.19999694824219,2000,0.0,0.0
2025-07-08 03:10:00+00:00,70.19999694824219,70.19999694824219,70.0,70.0,3010,0.0,0.0
2025-07-08 03:15:00+00:00,70.0,70.0,70.0,70.0,4000,0.0,0.0
2025-07-08 03:20:00+00:00,70.0,70.0,70.0,70.0,1000,0.0,0.0
2025-07-08 03:25:00+00:00,70.0,70.0,70.0,70.0,1000,0.0,0.0
2025-07-08 03:30:00+00:00,70.0999984741211,70.0999984741211,70.0,70.0,11050,0.0,0.0
2025-07-08 03:35:00+00:00,70.0,70.0,70.0,70.0,5000,0.0,0.0
2025-07-08 03:40:00+00:00,70.0999984741211,70.0999984741211,70.0,70.0,5002,0.0,0.0
2025-07-08 03:50:00+00:00,70.0,70.0999984741211,70.0,70.0999984741211,5001,0.0,0.0
2025-07-08 03:55:00+00:00,69.9000015258789,69.9000015258789,69.9000015258789,69.9000015258789,6066,0.0,0.0
2025-07-08 04:05:00+00:00,69.80000305175781,69.80000305175781,69.80000305175781,69.80000305175781,8300,0.0,0.0
2025-07-08 04:10:00+00:00,69.69999694824219,69.69999694824219,69.69999694824219,69.69999694824219,1000,0.0,0.0
2025-07-08 04:15:00+00:00,69.80000305175781,69.9000015258789,69.80000305175781,69.9000015258789,5364,0.0,0.0
2025-07-08 04:20:00+00:00,69.80000305175781,69.9000015258789,69.69999694824219,69.9000015258789,6000,0.0,0.0
2025-07-08 04:25:00+00:00,69.9000015258789,69.9000015258789,69.9000015258789,69.9000015258789,7000,0.0,0.0
2025-07-08 04:30:00+00:00,69.80000305175781,69.9000015258789,69.69999694824219,69.69999694824219,5000,0.0,0.0
2025-07-08 04:35:00+00:00,69.80000305175781,69.80000305175781,69.69999694824219,69.69999694824219,4000,0.0,0.0
2025-07-08 04:40:00+00:00,69.5999984741211,69.5999984741211,69.5,69.5999984741211,8171,0.0,0.0
2025-07-08 04:45:00+00:00,69.5999984741211,69.5999984741211,69.5999984741211,69.5999984741211,2075,0.0,0.0
2025-07-08 04:50:00+00:00,69.5999984741211,69.5999984741211,69.5999984741211,69.5999984741211,4242,0.0,0.0
2025-07-08 04:55:00+00:00,69.5999984741211,69.5999984741211,69.30000305175781,69.30000305175781,49253,0.0,0.0
2025-07-08 05:00:00+00:00,69.30000305175781,69.30000305175781,69.30000305175781,69.30000305175781,1000,0.0,0.0
2025-07-08 05:05:00+00:00,69.5,69.5,69.4000015258789,69.4000015258789,4000,0.0,0.0
2025-07-08 05:10:00+00:00,69.4000015258789,69.4000015258789,69.4000015258789,69.4000015258789,6000,0.0,0.0
2025-07-08 05:15:00+00:00,69.4000015258789,69.4000015258789,69.4000015258789,69.4000015258789,5107,0.0,0.0
2025-07-08 05:20:00+00:00,69.4000015258789,69.5,69.4000015258789,69.5,10333,0.0,0.0
2025-07-09 01:00:00+00:00,69.80000305175781,69.80000305175781,69.5,69.5,0,0.0,0.0
2025-07-09 01:05:00+00:00,69.5999984741211,69.80000305175781,69.5999984741211,69.5999984741211,12005,0.0,0.0
2025-07-09 01:10:00+00:00,69.80000305175781,69.9000015258789,69.69999694824219,69.9000015258789,5225,0.0,0.0
2025-07-09 01:15:00+00:00,69.9000015258789,70.0,69.80000305175781,70.0,7000,0.0,0.0
2025-07-09 01:20:00+00:00,70.0,70.0,69.69999694824219,69.69999694824219,14075,0.0,0.0
2025-07-09 01:25:00+00:00,69.80000305175781,69.80000305175781,69.80000305175781,69.80000305175781,5000,0.0,0.0
2025-07-09 01:30:00+00:00,69.69999694824219,69.80000305175781,69.69999694824219,69.80000305175781,26175,0.0,0.0
2025-07-09 01:35:00+00:00,69.69999694824219,69.69999694824219,69.5999984741211,69.69999694824219,9000,0.0,0.0
2025-07-09 01:40:00+00:00,69.69999694824219,69.69999694824219,69.69999694824219,69.69999694824219,2000,0.0,0.0
2025-07-09 01:45:00+00:00,69.80000305175781,70.19999694824219,69.80000305175781,70.19999694824219,28055,0.0,0.0
2025-07-09 01:50:00+00:00,70.0,70.0,70.0,70.0,1200,0.0,0.0
2025-07-09 01:55:00+00:00,70.0,70.0999984741211,70.0,70.0999984741211,18000,0.0,0.0
2025-07-09 02:00:00+00:00,70.19999694824219,70.4000015258789,70.19999694824219,70.30000305175781,18200,0.0,0.0
2025-07-09 02:05:00+00:00,70.4000015258789,70.4000015258789,70.4000015258789,70.4000015258789,1050,0.0,0.0
2025-07-09 02:10:00+00:00,70.19999694824219,70.19999694824219,70.0999984741211,70.0999984741211,9115,0.0,0.0
2025-07-09 02:15:00+00:00,70.0999984741211,70.19999694824219,70.0999984741211,70.19999694824219,8250,0.0,0.0
2025-07-09 02:20:00+00:00,70.0999984741211,70.19999694824219,70.0999984741211,70.19999694824219,7000,0.0,0.0
2025-07-09 02:25:00+00:00,70.0999984741211,70.0999984741211,70.0,70.0,12000,0.0,0.0
2025-07-09 02:30:00+00:00,70.0999984741211,70.0999984741211,70.0,70.0,3115,0.0,0.0
2025-07-09 02:40:00+00:00,70.0,70.0,70.0,70.0,5579,0.0,0.0
2025-07-09 02:50:00+00:00,70.0,70.0,70.0,70.0,3008,0.0,0.0
2025-07-09 02:55:00+00:00,70.19999694824219,70.19999694824219,70.19999694824219,70.19999694824219,6000,0.0,0.0
2025-07-09 03:00:00+00:00,70.0,70.0,70.0,70.0,6000,0.0,0.0
2025-07-09 03:10:00+00:00,70.0999984741211,70.0999984741211,70.0,70.0,12000,0.0,0.0
2025-07-09 03:15:00+00:00,70.0,70.0,70.0,70.0,12055,0.0,0.0
2025-07-09 03:25:00+00:00,70.0,70.0,70.0,70.0,1000,0.0,0.0
2025-07-09 03:30:00+00:00,70.0,70.0,70.0,70.0,1000,0.0,0.0
2025-07-09 03:40:00+00:00,69.9000015258789,70.0,69.9000015258789,70.0,8000,0.0,0.0
2025-07-09 03:45:00+00:00,70.0,70.0,70.0,70.0,10000,0.0,0.0
2025-07-09 03:50:00+00:00,70.0,70.30000305175781,70.0,70.30000305175781,37000,0.0,0.0
2025-07-09 03:55:00+00:00,70.19999694824219,70.19999694824219,70.19999694824219,70.19999694824219,5400,0.0,0.0
2025-07-09 04:05:00+00:00,70.0999984741211,70.0999984741211,70.0999984741211,70.0999984741211,1000,0.0,0.0
2025-07-09 04:10:00+00:00,70.0999984741211,70.19999694824219,70.0999984741211,70.19999694824219,10000,0.0,0.0
2025-07-09 04:15:00+00:00,70.19999694824219,70.19999694824219,70.19999694824219,70.19999694824219,4000,0.0,0.0
2025-07-09 04:20:00+00:00,70.19999694824219,70.19999694824219,70.0999984741211,70.0999984741211,3000,0.0,0.0
2025-07-09 04:25:00+00:00,70.19999694824219,70.19999694824219,70.19999694824219,70.19999694824219,5000,0.0,0.0
2025-07-09 04:30:00+00:00,70.19999694824219,70.19999694824219,70.0999984741211,70.19999694824219,14000,0.0,0.0
2025-07-09 04:35:00+00:00,70.19999694824219,70.19999694824219,70.19999694824219,70.19999694824219,1153,0.0,0.0
2025-07-09 04:40:00+00:00,70.19999694824219,70.19999694824219,70.19999694824219,70.19999694824219,1000,0.0,0.0
2025-07-09 04:45:00+00:00,70.0999984741211,70.19999694824219,70.0999984741211,70.19999694824219,9010,0.0,0.0
2025-07-09 04:50:00+00:00,70.19999694824219,70.30000305175781,70.19999694824219,70.30000305175781,5000,0.0,0.0
2025-07-09 04:55:00+00:00,70.30000305175781,70.30000305175781,70.19999694824219,70.30000305175781,12000,0.0,0.0
2025-07-09 05:00:00+00:00,70.30000305175781,70.30000305175781,70.30000305175781,70.30000305175781,1000,0.0,0.0
2025-07-09 05:05:00+00:00,70.30000305175781,70.4000015258789,70.30000305175781,70.4000015258789,11000,0.0,0.0
2025-07-09 05:10:00+00:00,70.4000015258789,70.4000015258789,70.4000015258789,70.4000015258789,3051,0.0,0.0
2025-07-09 05:15:00+00:00,70.4000015258789,70.4000015258789,70.19999694824219,70.19999694824219,8000,0.0,0.0
2025-07-09 05:20:00+00:00,70.19999694824219,70.19999694824219,70.0999984741211,70.19999694824219,12025,0.0,0.0
2025-07-10 01:00:00+00:00,70.0,70.30000305175781,70.0,70.30000305175781,0,0.0,0.0
2025-07-10 01:05:00+00:00,70.30000305175781,70.30000305175781,70.19999694824219,70.19999694824219,2350,0.0,0.0
2025-07-10 01:10:00+00:00,70.19999694824219,70.19999694824219,70.0999984741211,70.0999984741211,12000,0.0,0.0
2025-07-10 01:15:00+00:00,70.0999984741211,70.0999984741211,70.0,70.0999984741211,20050,0.0,0.0
2025-07-10 01:20:00+00:00,70.0,70.5999984741211,70.0,70.5,29030,0.0,0.0
2025-07-10 01:25:00+00:00,70.5,70.5999984741211,70.5,70.5999984741211,4042,0.0,0.0
2025-07-10 01:30:00+00:00,70.5999984741211,70.5999984741211,70.5,70.5,10001,0.0,0.0
2025-07-10 01:35:00+00:00,70.5,70.5,70.5,70.5,1000,0.0,0.0
2025-07-10 01:40:00+00:00,70.5,70.5,70.5,70.5,4000,0.0,0.0
2025-07-10 01:45:00+00:00,70.4000015258789,70.4000015258789,70.4000015258789,70.4000015258789,4000,0.0,0.0
2025-07-10 01:50:00+00:00,70.30000305175781,70.30000305175781,70.19999694824219,70.19999694824219,4250,0.0,0.0
2025-07-10 01:55:00+00:00,70.19999694824219,70.19999694824219,70.19999694824219,70.19999694824219,2075,0.0,0.0
2025-07-10 02:00:00+00:00,70.19999694824219,70.19999694824219,70.19999694824219,70.19999694824219,5080,0.0,0.0
2025-07-10 02:10:00+00:00,70.30000305175781,70.30000305175781,70.30000305175781,70.30000305175781,1000,0.0,0.0
2025-07-10 02:15:00+00:00,70.4000015258789,70.4000015258789,70.4000015258789,70.4000015258789,1040,0.0,0.0
2025-07-10 02:20:00+00:00,70.4000015258789,70.4000015258789,70.4000015258789,70.4000015258789,7100,0.0,0.0
2025-07-10 02:25:00+00:00,70.5,70.5,70.30000305175781,70.4000015258789,27000,0.0,0.0
2025-07-10 02:30:00+00:00,70.30000305175781,70.30000305175781,70.30000305175781,70.30000305175781,2160,0.0,0.0
2025-07-10 02:40:00+00:00,70.4000015258789,70.4000015258789,70.30000305175781,70.30000305175781,6040,0.0,0.0
2025-07-10 02:45:00+00:00,70.19999694824219,70.19999694824219,70.19999694824219,70.19999694824219,3000,0.0,0.0
2025-07-10 02:50:00+00:00,70.19999694824219,70.19999694824219,70.19999694824219,70.19999694824219,2000,0.0,0.0
2025-07-10 02:55:00+00:00,70.30000305175781,70.30000305175781,70.19999694824219,70.19999694824219,15026,0.0,0.0
2025-07-10 03:00:00+00:00,70.0999984741211,70.0999984741211,70.0999984741211,70.0999984741211,6001,0.0,0.0
2025-07-10 03:05:00+00:00,70.0,70.0,70.0,70.0,12136,0.0,0.0
2025-07-10 03:10:00+00:00,69.9000015258789,69.9000015258789,69.80000305175781,69.80000305175781,14573,0.0,0.0
2025-07-10 03:15:00+00:00,69.80000305175781,69.80000305175781,69.80000305175781,69.80000305175781,7305,0.0,0.0
2025-07-10 03:25:00+00:00,69.9000015258789,69.9000015258789,69.80000305175781,69.80000305175781,7054,0.0,0.0
2025-07-10 03:30:00+00:00,69.9000015258789,69.9000015258789,69.80000305175781,69.80000305175781,13264,0.0,0.0
2025-07-10 03:35:00+00:00,69.9000015258789,69.9000015258789,69.80000305175781,69.80000305175781,3000,0.0,0.0
2025-07-10 03:40:00+00:00,69.80000305175781,69.80000305175781,69.69999694824219,69.69999694824219,10000,0.0,0.0
2025-07-10 03:45:00+00:00,69.80000305175781,69.80000305175781,69.80000305175781,69.80000305175781,1050,0.0,0.0
2025-07-10 03:50:00+00:00,69.80000305175781,69.9000015258789,69.80000305175781,69.9000015258789,3055,0.0,0.0
2025-07-10 04:05:00+00:00,70.0,70.0999984741211,70.0,70.0999984741211,5005,0.0,0.0
2025-07-10 04:10:00+00:00,70.0999984741211,70.0999984741211,70.0999984741211,70.0999984741211,1000,0.0,0.0
2025-07-10 04:20:00+00:00,70.0999984741211,70.0999984741211,70.0999984741211,70.0999984741211,1030,0.0,0.0
2025-07-10 04:25:00+00:00,70.0999984741211,70.0999984741211,70.0999984741211,70.0999984741211,1053,0.0,0.0
2025-07-10 04:30:00+00:00,70.0,70.0,70.0,70.0,2000,0.0,0.0
2025-07-10 04:35:00+00:00,70.0,70.0,70.0,70.0,1305,0.0,0.0
2025-07-10 04:40:00+00:00,70.0999984741211,70.19999694824219,70.0999984741211,70.19999694824219,10000,0.0,0.0
2025-07-10 04:45:00+00:00,70.30000305175781,70.30000305175781,70.30000305175781,70.30000305175781,7008,0.0,0.0
2025-07-10 04:50:00+00:00,70.19999694824219,70.19999694824219,70.19999694824219,70.19999694824219,2049,0.0,0.0
2025-07-10 04:55:00+00:00,70.30000305175781,70.30000305175781,70.19999694824219,70.19999694824219,6000,0.0,0.0
2025-07-10 05:00:00+00:00,70.19999694824219,70.30000305175781,70.19999694824219,70.30000305175781,4000,0.0,0.0
2025-07-10 05:05:00+00:00,70.19999694824219,70.30000305175781,70.19999694824219,70.19999694824219,3101,0.0,0.0
2025-07-10 05:10:00+00:00,70.30000305175781,70.30000305175781,70.19999694824219,70.19999694824219,3203,0.0,0.0
2025-07-10 05:15:00+00:00,70.19999694824219,70.5,70.19999694824219,70.4000015258789,22030,0.0,0.0
2025-07-10 05:20:00+00:00,70.30000305175781,70.4000015258789,70.30000305175781,70.4000015258789,7078,0.0,0.0
2025-07-11 01:00:00+00:00,70.5999984741211,70.9000015258789,70.5999984741211,70.9000015258789,0,0.0,0.0
2025-07-11 01:05:00+00:00,70.9000015258789,71.0,70.80000305175781,70.80000305175781,34127,0.0,0.0
2025-07-11 01:15:00+00:00,70.9000015258789,70.9000015258789,70.69999694824219,70.69999694824219,11214,0.0,0.0
2025-07-11 01:20:00+00:00,70.69999694824219,70.9000015258789,70.5999984741211,70.5999984741211,5023,0.0,0.0
2025-07-11 01:25:00+00:00,70.80000305175781,70.9000015258789,70.80000305175781,70.9000015258789,2000,0.0,0.0
2025-07-11 01:30:00+00:00,70.80000305175781,71.5,70.80000305175781,71.30000305175781,37365,0.0,0.0
2025-07-11 01:35:00+00:00,71.5,71.5999984741211,71.30000305175781,71.5999984741211,28000,0.0,0.0
2025-07-11 01:40:00+00:00,71.5999984741211,71.5999984741211,71.5,71.5,28060,0.0,0.0
2025-07-11 01:45:00+00:00,71.4000015258789,71.80000305175781,71.4000015258789,71.69999694824219,51103,0.0,0.0
2025-07-11 01:50:00+00:00,71.80000305175781,72.0,71.80000305175781,72.0,97350,0.0,0.0
2025-07-11 01:55:00+00:00,72.0,72.0,71.80000305175781,72.0,33145,0.0,0.0
2025-07-11 02:00:00+00:00,72.0,72.19999694824219,72.0,72.0999984741211,25055,0.0,0.0
2025-07-11 02:05:00+00:00,72.0,72.0,72.0,72.0,12517,0.0,0.0
2025-07-11 02:10:00+00:00,71.9000015258789,71.9000015258789,71.80000305175781,71.80000305175781,5100,0.0,0.0
2025-07-11 02:15:00+00:00,71.80000305175781,71.80000305175781,71.80000305175781,71.80000305175781,2000,0.0,0.0
2025-07-11 02:20:00+00:00,71.80000305175781,71.80000305175781,71.80000305175781,71.80000305175781,4049,0.0,0.0
2025-07-11 02:25:00+00:00,71.69999694824219,71.80000305175781,71.69999694824219,71.80000305175781,8000,0.0,0.0
2025-07-11 02:30:00+00:00,71.69999694824219,71.69999694824219,71.5999984741211,71.5999984741211,2000,0.0,0.0
2025-07-11 02:35:00+00:00,71.5999984741211,71.5999984741211,71.5999984741211,71.5999984741211,4000,0.0,0.0
2025-07-11 02:45:00+00:00,71.5999984741211,71.5999984741211,71.5999984741211,71.5999984741211,1060,0.0,0.0
2025-07-11 02:50:00+00:00,71.5999984741211,71.69999694824219,71.5999984741211,71.69999694824219,2000,0.0,0.0
2025-07-11 02:55:00+00:00,71.5999984741211,71.5999984741211,71.5999984741211,71.5999984741211,2000,0.0,0.0
2025-07-11 03:00:00+00:00,71.5999984741211,71.5999984741211,71.5999984741211,71.5999984741211,1003,0.0,0.0
2025-07-11 03:10:00+00:00,71.5999984741211,71.5999984741211,71.5,71.5,7021,0.0,0.0
2025-07-11 03:15:00+00:00,71.5999984741211,71.5999984741211,71.5,71.5,4213,0.0,0.0
2025-07-11 03:20:00+00:00,71.5999984741211,71.5999984741211,71.5999984741211,71.5999984741211,4000,0.0,0.0
2025-07-11 03:25:00+00:00,71.69999694824219,71.9000015258789,71.69999694824219,71.9000015258789,18313,0.0,0.0
2025-07-11 03:30:00+00:00,71.9000015258789,72.0,71.9000015258789,72.0,17275,0.0,0.0
2025-07-11 03:35:00+00:00,72.0,72.0,72.0,72.0,4296,0.0,0.0
2025-07-11 03:40:00+00:00,72.0999984741211,72.0999984741211,72.0,72.0,6035,0.0,0.0
2025-07-11 03:45:00+00:00,72.0999984741211,72.0999984741211,72.0,72.0,14000,0.0,0.0
2025-07-11 03:50:00+00:00,72.0,72.0,72.0,72.0,3007,0.0,0.0
2025-07-11 03:55:00+00:00,71.9000015258789,71.9000015258789,71.9000015258789,71.9000015258789,5000,0.0,0.0
2025-07-11 04:00:00+00:00,71.9000015258789,72.0,71.9000015258789,72.0,15093,0.0,0.0
2025-07-11 04:05:00+00:00,72.0,72.0,72.0,72.0,11050,0.0,0.0
2025-07-11 04:15:00+00:00,72.0,72.0,72.0,72.0,1000,0.0,0.0
2025-07-11 04:20:00+00:00,72.0,72.0999984741211,72.0,72.0999984741211,33000,0.0,0.0
2025-07-11 04:25:00+00:00,72.0999984741211,72.0999984741211,72.0999984741211,72.0999984741211,14050,0.0,0.0
2025-07-11 04:30:00+00:00,72.0,72.0,72.0,72.0,7092,0.0,0.0
2025-07-11 04:35:00+00:00,72.0,72.0999984741211,72.0,72.0999984741211,30325,0.0,0.0
2025-07-11 04:40:00+00:00,72.0999984741211,72.0999984741211,72.0999984741211,72.0999984741211,5000,0.0,0.0
2025-07-11 04:45:00+00:00,72.0,72.0999984741211,72.0,72.0999984741211,2005,0.0,0.0
2025-07-11 04:50:00+00:00,72.0999984741211,72.0999984741211,72.0,72.0,4000,0.0,0.0
2025-07-11 04:55:00+00:00,72.0,72.0999984741211,72.0,72.0,7020,0.0,0.0
2025-07-11 05:00:00+00:00,72.0999984741211,72.0999984741211,72.0999984741211,72.0999984741211,3000,0.0,0.0
2025-07-11 05:05:00+00:00,72.0999984741211,72.0999984741211,72.0,72.0,6100,0.0,0.0
2025-07-11 05:10:00+00:00,72.0,72.0,72.0,72.0,10538,0.0,0.0
2025-07-11 05:15:00+00:00,72.0,72.0,71.9000015258789,71.9000015258789,8100,0.0,0.0
2025-07-11 05:20:00+00:00,71.9000015258789,72.0999984741211,71.80000305175781,72.0999984741211,13320,0.0,0.0
2025-07-14 01:00:00+00:00,72.5,72.5,71.5,71.5,0,0.0,0.0
2025-07-14 01:05:00+00:00,71.5999984741211,71.5999984741211,71.4000015258789,71.4000015258789,7320,0.0,0.0
2025-07-14 01:10:00+00:00,71.30000305175781,71.30000305175781,71.19999694824219,71.19999694824219,6100,0.0,0.0
2025-07-14 01:15:00+00:00,71.19999694824219,71.19999694824219,71.0999984741211,71.0999984741211,10100,0.0,0.0
2025-07-14 01:20:00+00:00,71.19999694824219,71.19999694824219,71.19999694824219,71.19999694824219,8200,0.0,0.0
2025-07-14 01:25:00+00:00,71.19999694824219,71.19999694824219,71.0999984741211,71.0999984741211,5050,0.0,0.0
2025-07-14 01:30:00+00:00,71.0999984741211,71.19999694824219,71.0999984741211,71.19999694824219,7005,0.0,0.0
2025-07-14 01:35:00+00:00,71.4000015258789,71.69999694824219,71.4000015258789,71.4000015258789,7695,0.0,0.0
2025-07-14 01:40:00+00:00,71.5,71.5,71.5,71.5,2000,0.0,0.0
2025-07-14 01:45:00+00:00,71.5,71.5,71.5,71.5,5000,0.0,0.0
2025-07-14 01:50:00+00:00,71.4000015258789,71.5,71.4000015258789,71.5,2100,0.0,0.0
2025-07-14 02:00:00+00:00,71.4000015258789,71.4000015258789,71.4000015258789,71.4000015258789,9000,0.0,0.0
2025-07-14 02:10:00+00:00,71.4000015258789,71.4000015258789,71.4000015258789,71.4000015258789,1024,0.0,0.0
2025-07-14 02:25:00+00:00,71.5,71.5,71.30000305175781,71.30000305175781,3008,0.0,0.0
2025-07-14 02:30:00+00:00,71.30000305175781,71.30000305175781,71.19999694824219,71.19999694824219,12096,0.0,0.0
2025-07-14 02:35:00+00:00,71.19999694824219,71.19999694824219,71.19999694824219,71.19999694824219,5250,0.0,0.0
2025-07-14 02:40:00+00:00,71.0999984741211,71.19999694824219,71.0999984741211,71.0999984741211,5000,0.0,0.0
2025-07-14 02:45:00+00:00,71.0999984741211,71.0999984741211,71.0999984741211,71.0999984741211,2103,0.0,0.0
2025-07-14 02:50:00+00:00,71.0999984741211,71.19999694824219,71.0999984741211,71.0999984741211,15002,0.0,0.0
2025-07-14 02:55:00+00:00,71.19999694824219,71.19999694824219,71.19999694824219,71.19999694824219,3000,0.0,0.0
2025-07-14 03:00:00+00:00,71.0999984741211,71.0999984741211,71.0,71.0,8000,0.0,0.0
2025-07-14 03:05:00+00:00,71.0999984741211,71.0999984741211,71.0,71.0,12008,0.0,0.0
2025-07-14 03:10:00+00:00,71.0,71.0999984741211,71.0,71.0999984741211,8000,0.0,0.0
2025-07-14 03:15:00+00:00,71.0999984741211,71.0999984741211,71.0,71.0,16000,0.0,0.0
2025-07-14 03:20:00+00:00,71.0,71.0,71.0,71.0,1000,0.0,0.0
2025-07-14 03:25:00+00:00,71.0,71.0,71.0,71.0,3234,0.0,0.0
2025-07-14 03:30:00+00:00,70.9000015258789,70.9000015258789,70.9000015258789,70.9000015258789,3661,0.0,0.0
2025-07-14 03:35:00+00:00,70.9000015258789,71.0,70.9000015258789,71.0,2081,0.0,0.0
2025-07-14 03:40:00+00:00,70.9000015258789,70.9000015258789,70.80000305175781,70.9000015258789,18000,0.0,0.0
2025-07-14 03:50:00+00:00,71.0,71.0,71.0,71.0,2050,0.0,0.0
2025-07-14 04:00:00+00:00,71.0,71.0,71.0,71.0,1000,0.0,0.0
2025-07-14 04:05:00+00:00,70.9000015258789,70.9000015258789,70.9000015258789,70.9000015258789,5000,0.0,0.0
2025-07-14 04:15:00+00:00,71.0,71.0,71.0,71.0,3000,0.0,0.0
2025-07-14 04:20:00+00:00,71.0,71.0,71.0,71.0,4010,0.0,0.0
2025-07-14 04:30:00+00:00,71.0999984741211,71.0999984741211,71.0,71.0,4200,0.0,0.0
2025-07-14 04:35:00+00:00,71.0,71.0,71.0,71.0,5100,0.0,0.0
2025-07-14 04:45:00+00:00,71.0,71.0,71.0,71.0,1200,0.0,0.0
2025-07-14 04:55:00+00:00,70.9000015258789,70.9000015258789,70.9000015258789,70.9000015258789,17000,0.0,0.0
2025-07-14 05:00:00+00:00,70.9000015258789,70.9000015258789,70.9000015258789,70.9000015258789,1035,0.0,0.0
2025-07-14 05:05:00+00:00,70.9000015258789,70.9000015258789,70.9000015258789,70.9000015258789,1425,0.0,0.0
2025-07-14 05:10:00+00:00,70.80000305175781,70.9000015258789,70.80000305175781,70.9000015258789,9000,0.0,0.0
2025-07-14 05:15:00+00:00,70.9000015258789,70.9000015258789,70.80000305175781,70.80000305175781,14000,0.0,0.0
2025-07-14 05:20:00+00:00,70.80000305175781,70.9000015258789,70.80000305175781,70.9000015258789,5000,0.0,0.0
2025-07-15 01:00:00+00:00,70.69999694824219,70.9000015258789,70.69999694824219,70.9000015258789,0,0.0,0.0
2025-07-15 01:05:00+00:00,71.0999984741211,71.0999984741211,71.0999984741211,71.0999984741211,3167,0.0,0.0
2025-07-15 01:10:00+00:00,71.0,71.0,71.0,71.0,1000,0.0,0.0
2025-07-15 01:15:00+00:00,71.0999984741211,71.0999984741211,71.0999984741211,71.0999984741211,2091,0.0,0.0
2025-07-15 01:20:00+00:00,71.0999984741211,71.19999694824219,71.0999984741211,71.19999694824219,23934,0.0,0.0
2025-07-15 01:40:00+00:00,71.19999694824219,71.19999694824219,71.19999694824219,71.19999694824219,2020,0.0,0.0
2025-07-15 01:45:00+00:00,71.19999694824219,71.30000305175781,71.19999694824219,71.30000305175781,11000,0.0,0.0
2025-07-15 01:50:00+00:00,71.30000305175781,71.4000015258789,71.30000305175781,71.4000015258789,5000,0.0,0.0
2025-07-15 01:55:00+00:00,71.4000015258789,71.4000015258789,71.4000015258789,71.4000015258789,4250,0.0,0.0
2025-07-15 02:05:00+00:00,71.19999694824219,71.19999694824219,71.0999984741211,71.19999694824219,20000,0.0,0.0
2025-07-15 02:10:00+00:00,71.30000305175781,71.30000305175781,71.19999694824219,71.30000305175781,5000,0.0,0.0
2025-07-15 02:15:00+00:00,71.19999694824219,71.19999694824219,71.0999984741211,71.19999694824219,8030,0.0,0.0
2025-07-15 02:20:00+00:00,71.0999984741211,71.19999694824219,71.0999984741211,71.19999694824219,4005,0.0,0.0
2025-07-15 02:25:00+00:00,71.19999694824219,71.19999694824219,71.19999694824219,71.19999694824219,3078,0.0,0.0
2025-07-15 02:30:00+00:00,71.0999984741211,71.0999984741211,71.0,71.0,28122,0.0,0.0
2025-07-15 02:35:00+00:00,70.9000015258789,71.0,70.9000015258789,71.0,2491,0.0,0.0
2025-07-15 02:40:00+00:00,71.0,71.0,71.0,71.0,2032,0.0,0.0
2025-07-15 02:45:00+00:00,71.0,71.0,71.0,71.0,4000,0.0,0.0
2025-07-15 02:50:00+00:00,71.0,71.19999694824219,71.0,71.19999694824219,4100,0.0,0.0
2025-07-15 02:55:00+00:00,71.0999984741211,71.0999984741211,71.0999984741211,71.0999984741211,3000,0.0,0.0
2025-07-15 03:05:00+00:00,71.0999984741211,71.0999984741211,71.0,71.0999984741211,8127,0.0,0.0
2025-07-15 03:10:00+00:00,71.0999984741211,71.19999694824219,71.0999984741211,71.19999694824219,12000,0.0,0.0
2025-07-15 03:15:00+00:00,71.19999694824219,71.30000305175781,71.19999694824219,71.19999694824219,13000,0.0,0.0
2025-07-15 03:20:00+00:00,71.19999694824219,71.19999694824219,71.19999694824219,71.19999694824219,4000,0.0,0.0
2025-07-15 03:25:00+00:00,71.30000305175781,71.5,71.19999694824219,71.5,24355,0.0,0.0
2025-07-15 03:35:00+00:00,71.30000305175781,71.30000305175781,71.30000305175781,71.30000305175781,3005,0.0,0.0
2025-07-15 03:40:00+00:00,71.30000305175781,71.5,71.30000305175781,71.5,9020,0.0,0.0
2025-07-15 03:45:00+00:00,71.5,71.5,71.5,71.5,4126,0.0,0.0
2025-07-15 03:50:00+00:00,71.5,71.5,71.5,71.5,2000,0.0,0.0
2025-07-15 03:55:00+00:00,71.5,71.5,71.5,71.5,1000,0.0,0.0
2025-07-15 04:00:00+00:00,71.4000015258789,71.5,71.4000015258789,71.5,6016,0.0,0.0
2025-07-15 04:10:00+00:00,71.4000015258789,71.4000015258789,71.4000015258789,71.4000015258789,1120,0.0,0.0
2025-07-15 04:15:00+00:00,71.5,71.5,71.5,71.5,4251,0.0,0.0
2025-07-15 04:20:00+00:00,71.5,71.5,71.5,71.5,3021,0.0,0.0
2025-07-15 04:25:00+00:00,71.5,71.5,71.5,71.5,1150,0.0,0.0
2025-07-15 04:30:00+00:00,71.5,71.5,71.5,71.5,1000,0.0,0.0
2025-07-15 04:35:00+00:00,71.5,71.5,71.5,71.5,6000,0.0,0.0
2025-07-15 04:40:00+00:00,71.5999984741211,71.69999694824219,71.5999984741211,71.69999694824219,17000,0.0,0.0
2025-07-15 04:45:00+00:00,71.5999984741211,71.69999694824219,71.5999984741211,71.69999694824219,4000,0.0,0.0
2025-07-15 04:50:00+00:00,71.69999694824219,71.9000015258789,71.69999694824219,71.9000015258789,16000,0.0,0.0
2025-07-15 04:55:00+00:00,71.80000305175781,71.80000305175781,71.69999694824219,71.69999694824219,5020,0.0,0.0
2025-07-15 05:05:00+00:00,71.80000305175781,71.80000305175781,71.69999694824219,71.69999694824219,4040,0.0,0.0
2025-07-15 05:10:00+00:00,71.69999694824219,71.9000015258789,71.69999694824219,71.9000015258789,23000,0.0,0.0
2025-07-15 05:15:00+00:00,71.80000305175781,71.80000305175781,71.80000305175781,71.80000305175781,4038,0.0,0.0
2025-07-15 05:20:00+00:00,71.69999694824219,71.80000305175781,71.5999984741211,71.80000305175781,7327,0.0,0.0
2025-07-16 01:00:00+00:00,71.30000305175781,71.9000015258789,71.19999694824219,71.5999984741211,0,0.0,0.0
2025-07-16 01:05:00+00:00,71.5999984741211,71.5999984741211,71.5,71.5,4233,0.0,0.0
2025-07-16 01:10:00+00:00,71.69999694824219,71.69999694824219,71.5999984741211,71.5999984741211,6000,0.0,0.0
2025-07-16 01:15:00+00:00,71.69999694824219,71.9000015258789,71.69999694824219,71.9000015258789,20149,0.0,0.0
2025-07-16 01:20:00+00:00,71.80000305175781,71.80000305175781,71.80000305175781,71.80000305175781,1000,0.0,0.0
2025-07-16 01:25:00+00:00,71.69999694824219,71.80000305175781,71.69999694824219,71.80000305175781,4000,0.0,0.0
2025-07-16 01:30:00+00:00,71.80000305175781,71.80000305175781,71.80000305175781,71.80000305175781,5000,0.0,0.0
2025-07-16 01:35:00+00:00,71.80000305175781,71.9000015258789,71.80000305175781,71.9000015258789,5040,0.0,0.0
2025-07-16 01:40:00+00:00,71.80000305175781,72.0,71.80000305175781,72.0,15000,0.0,0.0
2025-07-16 01:45:00+00:00,72.0999984741211,72.30000305175781,72.0,72.30000305175781,28410,0.0,0.0
2025-07-16 01:50:00+00:00,72.30000305175781,72.5,72.19999694824219,72.4000015258789,25000,0.0,0.0
2025-07-16 01:55:00+00:00,72.30000305175781,72.30000305175781,72.30000305175781,72.30000305175781,7000,0.0,0.0
2025-07-16 02:00:00+00:00,72.19999694824219,72.19999694824219,72.19999694824219,72.19999694824219,3231,0.0,0.0
2025-07-16 02:05:00+00:00,72.19999694824219,72.19999694824219,72.19999694824219,72.19999694824219,5000,0.0,0.0
2025-07-16 02:10:00+00:00,72.30000305175781,72.30000305175781,72.30000305175781,72.30000305175781,4276,0.0,0.0
2025-07-16 02:15:00+00:00,72.30000305175781,72.30000305175781,72.0999984741211,72.0999984741211,6000,0.0,0.0
2025-07-16 02:20:00+00:00,72.19999694824219,72.19999694824219,72.19999694824219,72.19999694824219,1088,0.0,0.0
2025-07-16 02:25:00+00:00,72.19999694824219,72.19999694824219,72.19999694824219,72.19999694824219,2000,0.0,0.0
2025-07-16 02:30:00+00:00,72.19999694824219,72.4000015258789,72.19999694824219,72.4000015258789,12800,0.0,0.0
2025-07-16 02:35:00+00:00,72.4000015258789,72.4000015258789,72.4000015258789,72.4000015258789,1000,0.0,0.0
2025-07-16 02:40:00+00:00,72.30000305175781,72.30000305175781,72.30000305175781,72.30000305175781,4317,0.0,0.0
2025-07-16 02:45:00+00:00,72.30000305175781,72.30000305175781,72.30000305175781,72.30000305175781,2000,0.0,0.0
2025-07-16 02:50:00+00:00,72.19999694824219,72.19999694824219,72.19999694824219,72.19999694824219,5000,0.0,0.0
2025-07-16 02:55:00+00:00,72.0999984741211,72.0999984741211,71.9000015258789,72.0,26005,0.0,0.0
2025-07-16 03:00:00+00:00,72.0,72.0,72.0,72.0,2000,0.0,0.0
2025-07-16 03:05:00+00:00,72.0,72.0,72.0,72.0,6000,0.0,0.0
2025-07-16 03:10:00+00:00,72.0,72.0,72.0,72.0,1005,0.0,0.0
2025-07-16 03:15:00+00:00,72.0999984741211,72.0999984741211,72.0999984741211,72.0999984741211,4128,0.0,0.0
2025-07-16 03:25:00+00:00,72.0999984741211,72.0999984741211,72.0999984741211,72.0999984741211,1414,0.0,0.0
2025-07-16 03:30:00+00:00,72.0,72.0,72.0,72.0,9048,0.0,0.0
2025-07-16 03:40:00+00:00,72.0,72.0,72.0,72.0,1406,0.0,0.0
2025-07-16 03:45:00+00:00,71.9000015258789,72.0,71.9000015258789,72.0,3000,0.0,0.0
2025-07-16 03:50:00+00:00,72.0,72.0,72.0,72.0,1218,0.0,0.0
2025-07-16 04:00:00+00:00,72.0,72.0,72.0,72.0,1098,0.0,0.0
2025-07-16 04:05:00+00:00,72.0,72.0,72.0,72.0,5060,0.0,0.0
2025-07-16 04:10:00+00:00,71.9000015258789,71.9000015258789,71.9000015258789,71.9000015258789,3100,0.0,0.0
2025-07-16 04:15:00+00:00,71.9000015258789,71.9000015258789,71.9000015258789,71.9000015258789,2100,0.0,0.0
2025-07-16 04:20:00+00:00,71.9000015258789,72.0,71.9000015258789,72.0,4000,0.0,0.0
2025-07-16 04:25:00+00:00,71.9000015258789,72.0,71.9000015258789,71.9000015258789,8050,0.0,0.0
2025-07-16 04:30:00+00:00,71.9000015258789,71.9000015258789,71.9000015258789,71.9000015258789,3000,0.0,0.0
2025-07-16 04:40:00+00:00,72.0,72.0,71.9000015258789,71.9000015258789,14305,0.0,0.0
2025-07-16 04:45:00+00:00,72.0,72.0,72.0,72.0,2117,0.0,0.0
2025-07-16 04:50:00+00:00,71.9000015258789,71.9000015258789,71.5,71.69999694824219,77443,0.0,0.0
2025-07-16 04:55:00+00:00,71.69999694824219,71.69999694824219,71.69999694824219,71.69999694824219,2000,0.0,0.0
2025-07-16 05:00:00+00:00,71.69999694824219,71.80000305175781,71.69999694824219,71.69999694824219,15000,0.0,0.0
2025-07-16 05:05:00+00:00,71.69999694824219,71.80000305175781,71.69999694824219,71.69999694824219,12176,0.0,0.0
2025-07-16 05:10:00+00:00,71.9000015258789,71.9000015258789,71.9000015258789,71.9000015258789,2355,0.0,0.0
2025-07-16 05:15:00+00:00,71.9000015258789,71.9000015258789,71.80000305175781,71.80000305175781,14162,0.0,0.0
2025-07-16 05:20:00+00:00,71.80000305175781,71.80000305175781,71.69999694824219,71.69999694824219,12000,0.0,0.0
2025-07-17 01:00:00+00:00,71.80000305175781,72.4000015258789,71.80000305175781,72.4000015258789,0,0.0,0.0
2025-07-17 01:05:00+00:00,72.30000305175781,72.4000015258789,72.30000305175781,72.4000015258789,11121,0.0,0.0
2025-07-17 01:10:00+00:00,72.4000015258789,72.9000015258789,72.4000015258789,72.9000015258789,75050,0.0,0.0
2025-07-17 01:15:00+00:00,73.0,73.4000015258789,73.0,73.19999694824219,119775,0.0,0.0
2025-07-17 01:20:00+00:00,73.19999694824219,73.4000015258789,73.0999984741211,73.4000015258789,38812,0.0,0.0
2025-07-17 01:25:00+00:00,73.4000015258789,73.69999694824219,73.30000305175781,73.4000015258789,85695,0.0,0.0
2025-07-17 01:30:00+00:00,73.4000015258789,73.5999984741211,73.0999984741211,73.0999984741211,39000,0.0,0.0
2025-07-17 01:35:00+00:00,73.0,73.0,72.69999694824219,72.80000305175781,23140,0.0,0.0
2025-07-17 01:40:00+00:00,72.80000305175781,73.0999984741211,72.80000305175781,73.0999984741211,15245,0.0,0.0
2025-07-17 01:45:00+00:00,73.0999984741211,73.9000015258789,73.0999984741211,73.9000015258789,98229,0.0,0.0
2025-07-17 01:50:00+00:00,73.9000015258789,75.0,73.80000305175781,74.80000305175781,309278,0.0,0.0
2025-07-17 01:55:00+00:00,74.80000305175781,75.5,74.80000305175781,75.30000305175781,325226,0.0,0.0
2025-07-17 02:00:00+00:00,75.30000305175781,76.30000305175781,75.19999694824219,75.5,316969,0.0,0.0
2025-07-17 02:05:00+00:00,75.4000015258789,76.0,75.4000015258789,75.5999984741211,87852,0.0,0.0
2025-07-17 02:10:00+00:00,75.5,75.5,75.19999694824219,75.5,65328,0.0,0.0
2025-07-17 02:15:00+00:00,75.5,75.69999694824219,75.30000305175781,75.30000305175781,45062,0.0,0.0
2025-07-17 02:20:00+00:00,75.19999694824219,75.19999694824219,75.0,75.0,55025,0.0,0.0
2025-07-17 02:25:00+00:00,75.0,75.69999694824219,75.0,75.5999984741211,121586,0.0,0.0
2025-07-17 02:30:00+00:00,75.5,75.5999984741211,75.4000015258789,75.4000015258789,17202,0.0,0.0
2025-07-17 02:35:00+00:00,75.4000015258789,75.5999984741211,75.4000015258789,75.5999984741211,24049,0.0,0.0
2025-07-17 02:40:00+00:00,75.5999984741211,75.5999984741211,75.5,75.5,23049,0.0,0.0
2025-07-17 02:45:00+00:00,75.5,75.69999694824219,75.4000015258789,75.5999984741211,40483,0.0,0.0
2025-07-17 02:50:00+00:00,75.5,75.5999984741211,75.4000015258789,75.5,20177,0.0,0.0
2025-07-17 02:55:00+00:00,75.5999984741211,75.5999984741211,75.4000015258789,75.5999984741211,19823,0.0,0.0
2025-07-17 03:00:00+00:00,75.69999694824219,75.69999694824219,75.30000305175781,75.30000305175781,47167,0.0,0.0
2025-07-17 03:05:00+00:00,75.4000015258789,75.69999694824219,75.4000015258789,75.5999984741211,6158,0.0,0.0
2025-07-17 03:10:00+00:00,75.69999694824219,75.80000305175781,75.5999984741211,75.69999694824219,49624,0.0,0.0
2025-07-17 03:15:00+00:00,75.69999694824219,75.80000305175781,75.5999984741211,75.80000305175781,38878,0.0,0.0
2025-07-17 03:20:00+00:00,75.80000305175781,75.80000305175781,75.69999694824219,75.69999694824219,27110,0.0,0.0
2025-07-17 03:25:00+00:00,75.69999694824219,75.69999694824219,75.5,75.69999694824219,34040,0.0,0.0
2025-07-17 03:30:00+00:00,75.69999694824219,75.80000305175781,75.4000015258789,75.5,18410,0.0,0.0
2025-07-17 03:35:00+00:00,75.5,75.69999694824219,75.4000015258789,75.69999694824219,29484,0.0,0.0
2025-07-17 03:40:00+00:00,75.69999694824219,76.0,75.69999694824219,76.0,45458,0.0,0.0
2025-07-17 03:45:00+00:00,75.9000015258789,76.0,75.80000305175781,75.80000305175781,39145,0.0,0.0
2025-07-17 03:50:00+00:00,75.80000305175781,75.9000015258789,75.80000305175781,75.9000015258789,12060,0.0,0.0
2025-07-17 03:55:00+00:00,75.9000015258789,75.9000015258789,75.80000305175781,75.80000305175781,10520,0.0,0.0
2025-07-17 04:00:00+00:00,75.9000015258789,75.9000015258789,75.80000305175781,75.80000305175781,9178,0.0,0.0
2025-07-17 04:05:00+00:00,75.80000305175781,76.19999694824219,75.80000305175781,76.19999694824219,133329,0.0,0.0
2025-07-17 04:10:00+00:00,76.0999984741211,76.30000305175781,76.0999984741211,76.19999694824219,143132,0.0,0.0
2025-07-17 04:15:00+00:00,76.0999984741211,76.19999694824219,75.69999694824219,75.69999694824219,48605,0.0,0.0
2025-07-17 04:20:00+00:00,75.69999694824219,76.0,75.69999694824219,76.0,34268,0.0,0.0
2025-07-17 04:25:00+00:00,76.0,76.0999984741211,76.0,76.0999984741211,30555,0.0,0.0
2025-07-17 04:30:00+00:00,76.0999984741211,76.19999694824219,76.0,76.0,67330,0.0,0.0
2025-07-17 04:35:00+00:00,76.19999694824219,76.30000305175781,76.0,76.0999984741211,52960,0.0,0.0
2025-07-17 04:40:00+00:00,76.0999984741211,76.19999694824219,76.0999984741211,76.19999694824219,28110,0.0,0.0
2025-07-17 04:45:00+00:00,76.0999984741211,76.0999984741211,76.0999984741211,76.0999984741211,20345,0.0,0.0
2025-07-17 04:50:00+00:00,76.0999984741211,76.0999984741211,76.0,76.0999984741211,25178,0.0,0.0
2025-07-17 04:55:00+00:00,76.0999984741211,76.0999984741211,76.0,76.0999984741211,17813,0.0,0.0
2025-07-17 05:00:00+00:00,76.0,76.0999984741211,76.0,76.0,7221,0.0,0.0
2025-07-17 05:05:00+00:00,76.0,76.0999984741211,76.0,76.0999984741211,31455,0.0,0.0
2025-07-17 05:10:00+00:00,76.0999984741211,76.0999984741211,76.0,76.0,28445,0.0,0.0
2025-07-17 05:15:00+00:00,76.0,76.0999984741211,75.69999694824219,75.80000305175781,74356,0.0,0.0
2025-07-17 05:20:00+00:00,75.69999694824219,75.80000305175781,75.69999694824219,75.69999694824219,58368,0.0,0.0
2025-07-18 01:00:00+00:00,76.69999694824219,76.9000015258789,76.30000305175781,76.9000015258789,0,0.0,0.0
2025-07-18 01:05:00+00:00,76.9000015258789,77.5999984741211,76.69999694824219,77.30000305175781,357000,0.0,0.0
2025-07-18 01:10:00+00:00,77.4000015258789,77.4000015258789,77.0,77.0,156484,0.0,0.0
2025-07-18 01:15:00+00:00,77.0,77.5,76.80000305175781,77.4000015258789,117988,0.0,0.0
2025-07-18 01:20:00+00:00,77.30000305175781,77.5999984741211,77.30000305175781,77.5,253606,0.0,0.0
2025-07-18 01:25:00+00:00,77.5,78.30000305175781,77.4000015258789,77.5999984741211,440237,0.0,0.0
2025-07-18 01:30:00+00:00,77.5999984741211,79.9000015258789,77.30000305175781,79.80000305175781,938840,0.0,0.0
2025-07-18 01:35:00+00:00,79.80000305175781,79.9000015258789,78.4000015258789,78.5999984741211,290144,0.0,0.0
2025-07-18 01:40:00+00:00,78.5999984741211,79.0999984741211,78.5999984741211,79.0999984741211,216813,0.0,0.0
2025-07-18 01:45:00+00:00,78.9000015258789,79.19999694824219,78.69999694824219,79.19999694824219,191658,0.0,0.0
2025-07-18 01:50:00+00:00,79.30000305175781,79.4000015258789,79.0999984741211,79.0999984741211,112154,0.0,0.0
2025-07-18 01:55:00+00:00,79.19999694824219,79.19999694824219,78.5999984741211,78.5999984741211,165658,0.0,0.0
2025-07-18 02:00:00+00:00,78.5999984741211,78.80000305175781,78.4000015258789,78.69999694824219,133315,0.0,0.0
2025-07-18 02:05:00+00:00,78.69999694824219,78.69999694824219,78.19999694824219,78.30000305175781,82636,0.0,0.0
2025-07-18 02:10:00+00:00,78.30000305175781,78.5,78.0,78.4000015258789,163253,0.0,0.0
2025-07-18 02:15:00+00:00,78.4000015258789,78.69999694824219,78.4000015258789,78.69999694824219,40350,0.0,0.0
2025-07-18 02:20:00+00:00,78.69999694824219,79.19999694824219,78.5,78.9000015258789,113833,0.0,0.0
2025-07-18 02:25:00+00:00,78.9000015258789,79.0,78.69999694824219,79.0,37209,0.0,0.0
2025-07-18 02:30:00+00:00,78.9000015258789,79.19999694824219,78.69999694824219,78.80000305175781,71841,0.0,0.0
2025-07-18 02:35:00+00:00,78.80000305175781,78.80000305175781,78.5999984741211,78.5999984741211,21227,0.0,0.0
2025-07-18 02:40:00+00:00,78.5,78.5999984741211,78.30000305175781,78.4000015258789,47145,0.0,0.0
2025-07-18 02:45:00+00:00,78.30000305175781,78.4000015258789,78.19999694824219,78.30000305175781,56316,0.0,0.0
2025-07-18 02:50:00+00:00,78.30000305175781,78.5,78.30000305175781,78.4000015258789,34201,0.0,0.0
2025-07-18 02:55:00+00:00,78.4000015258789,78.4000015258789,78.30000305175781,78.30000305175781,11300,0.0,0.0
2025-07-18 03:00:00+00:00,78.19999694824219,78.19999694824219,78.0999984741211,78.0999984741211,39476,0.0,0.0
2025-07-18 03:05:00+00:00,78.0999984741211,78.0999984741211,77.80000305175781,77.9000015258789,141495,0.0,0.0
2025-07-18 03:10:00+00:00,77.9000015258789,78.0,77.9000015258789,78.0,20151,0.0,0.0
2025-07-18 03:15:00+00:00,78.0,78.19999694824219,78.0,78.0,47120,0.0,0.0
2025-07-18 03:20:00+00:00,78.0,78.0,77.9000015258789,78.0,16335,0.0,0.0
2025-07-18 03:25:00+00:00,77.80000305175781,78.0,77.80000305175781,77.9000015258789,26602,0.0,0.0
2025-07-18 03:30:00+00:00,77.9000015258789,77.9000015258789,77.69999694824219,77.69999694824219,34949,0.0,0.0
2025-07-18 03:35:00+00:00,77.69999694824219,77.69999694824219,77.69999694824219,77.69999694824219,20260,0.0,0.0
2025-07-18 03:40:00+00:00,77.69999694824219,77.80000305175781,77.5999984741211,77.80000305175781,37245,0.0,0.0
2025-07-18 03:45:00+00:00,77.69999694824219,77.69999694824219,77.69999694824219,77.69999694824219,16200,0.0,0.0
2025-07-18 03:50:00+00:00,77.69999694824219,78.0999984741211,77.5999984741211,78.0999984741211,75022,0.0,0.0
2025-07-18 03:55:00+00:00,78.0999984741211,78.19999694824219,78.0,78.19999694824219,26119,0.0,0.0
2025-07-18 04:00:00+00:00,78.19999694824219,78.30000305175781,78.0999984741211,78.19999694824219,54100,0.0,0.0
2025-07-18 04:05:00+00:00,78.19999694824219,78.19999694824219,78.0,78.0999984741211,22232,0.0,0.0
2025-07-18 04:10:00+00:00,78.19999694824219,78.30000305175781,78.19999694824219,78.30000305175781,36093,0.0,0.0
2025-07-18 04:15:00+00:00,78.4000015258789,78.4000015258789,78.30000305175781,78.30000305175781,47353,0.0,0.0
2025-07-18 04:20:00+00:00,78.30000305175781,78.5,78.19999694824219,78.4000015258789,53160,0.0,0.0
2025-07-18 04:25:00+00:00,78.4000015258789,78.4000015258789,78.4000015258789,78.4000015258789,13368,0.0,0.0
2025-07-18 04:30:00+00:00,78.4000015258789,78.4000015258789,78.30000305175781,78.30000305175781,21261,0.0,0.0
2025-07-18 04:35:00+00:00,78.19999694824219,78.5,78.19999694824219,78.5,46330,0.0,0.0
2025-07-18 04:40:00+00:00,78.5,78.5,78.0999984741211,78.0999984741211,78818,0.0,0.0
2025-07-18 04:45:00+00:00,78.19999694824219,78.30000305175781,78.19999694824219,78.19999694824219,33017,0.0,0.0
2025-07-18 04:50:00+00:00,78.0999984741211,78.0999984741211,77.9000015258789,78.0999984741211,74953,0.0,0.0
2025-07-18 04:55:00+00:00,78.0,78.0,77.9000015258789,77.9000015258789,29180,0.0,0.0
2025-07-18 05:00:00+00:00,77.9000015258789,78.0,77.80000305175781,77.9000015258789,90426,0.0,0.0
2025-07-18 05:05:00+00:00,78.0,78.0,77.80000305175781,77.80000305175781,35637,0.0,0.0
2025-07-18 05:10:00+00:00,77.9000015258789,78.0999984741211,77.80000305175781,78.0999984741211,88610,0.0,0.0
2025-07-18 05:15:00+00:00,78.0,78.30000305175781,77.80000305175781,77.9000015258789,158759,0.0,0.0
2025-07-18 05:20:00+00:00,77.9000015258789,78.19999694824219,77.69999694824219,77.80000305175781,101974,0.0,0.0
2025-07-21 01:00:00+00:00,78.30000305175781,79.30000305175781,77.9000015258789,78.80000305175781,0,0.0,0.0
2025-07-21 01:05:00+00:00,78.80000305175781,79.80000305175781,78.80000305175781,79.5999984741211,385000,0.0,0.0
2025-07-21 01:10:00+00:00,79.80000305175781,79.9000015258789,78.80000305175781,78.9000015258789,284792,0.0,0.0
2025-07-21 01:15:00+00:00,78.9000015258789,79.0999984741211,78.5,78.69999694824219,90130,0.0,0.0
2025-07-21 01:20:00+00:00,78.69999694824219,79.4000015258789,78.69999694824219,79.19999694824219,120080,0.0,0.0
2025-07-21 01:25:00+00:00,79.19999694824219,79.30000305175781,78.80000305175781,79.19999694824219,32003,0.0,0.0
2025-07-21 01:30:00+00:00,79.19999694824219,79.30000305175781,78.69999694824219,78.69999694824219,58106,0.0,0.0
2025-07-21 01:35:00+00:00,78.5999984741211,78.69999694824219,78.4000015258789,78.5,116689,0.0,0.0
2025-07-21 01:40:00+00:00,78.5,78.9000015258789,78.5,78.9000015258789,37956,0.0,0.0
2025-07-21 01:45:00+00:00,78.9000015258789,79.0,78.5999984741211,78.9000015258789,20587,0.0,0.0
2025-07-21 01:50:00+00:00,78.9000015258789,78.9000015258789,78.69999694824219,78.69999694824219,10198,0.0,0.0
2025-07-21 01:55:00+00:00,78.69999694824219,78.69999694824219,78.5999984741211,78.5999984741211,26250,0.0,0.0
2025-07-21 02:00:00+00:00,78.5999984741211,80.19999694824219,78.5999984741211,80.19999694824219,523039,0.0,0.0
2025-07-21 02:05:00+00:00,80.19999694824219,81.30000305175781,80.19999694824219,80.69999694824219,686164,0.0,0.0
2025-07-21 02:10:00+00:00,80.5,81.4000015258789,80.30000305175781,81.0999984741211,307492,0.0,0.0
2025-07-21 02:15:00+00:00,81.0,81.69999694824219,80.80000305175781,81.19999694824219,312981,0.0,0.0
2025-07-21 02:20:00+00:00,81.5,81.80000305175781,80.9000015258789,81.5,165623,0.0,0.0
2025-07-21 02:25:00+00:00,81.4000015258789,81.80000305175781,81.30000305175781,81.30000305175781,150610,0.0,0.0
2025-07-21 02:30:00+00:00,81.4000015258789,81.5999984741211,81.19999694824219,81.5,80086,0.0,0.0
2025-07-21 02:35:00+00:00,81.5999984741211,81.80000305175781,81.4000015258789,81.5,62976,0.0,0.0
2025-07-21 02:40:00+00:00,81.5,81.69999694824219,81.5,81.69999694824219,47132,0.0,0.0
2025-07-21 02:45:00+00:00,81.69999694824219,81.69999694824219,81.19999694824219,81.19999694824219,58102,0.0,0.0
2025-07-21 02:50:00+00:00,81.19999694824219,81.4000015258789,81.19999694824219,81.19999694824219,22128,0.0,0.0
2025-07-21 02:55:00+00:00,81.0999984741211,81.0999984741211,80.80000305175781,80.80000305175781,84565,0.0,0.0
2025-07-21 03:00:00+00:00,80.80000305175781,80.80000305175781,80.4000015258789,80.5,103292,0.0,0.0
2025-07-21 03:05:00+00:00,80.5999984741211,80.69999694824219,80.4000015258789,80.5,41227,0.0,0.0
2025-07-21 03:10:00+00:00,80.5,80.69999694824219,80.19999694824219,80.4000015258789,49298,0.0,0.0
2025-07-21 03:15:00+00:00,80.4000015258789,80.4000015258789,79.69999694824219,79.69999694824219,159072,0.0,0.0
2025-07-21 03:20:00+00:00,79.69999694824219,79.80000305175781,79.5999984741211,79.5999984741211,96112,0.0,0.0
2025-07-21 03:25:00+00:00,79.69999694824219,80.30000305175781,79.69999694824219,80.0999984741211,48000,0.0,0.0
2025-07-21 03:30:00+00:00,80.0999984741211,80.19999694824219,79.80000305175781,79.80000305175781,66080,0.0,0.0
2025-07-21 03:35:00+00:00,79.9000015258789,79.9000015258789,79.5,79.5999984741211,76533,0.0,0.0
2025-07-21 03:40:00+00:00,79.5999984741211,79.69999694824219,79.5999984741211,79.69999694824219,18000,0.0,0.0
2025-07-21 03:45:00+00:00,79.69999694824219,79.69999694824219,79.5999984741211,79.69999694824219,28506,0.0,0.0
2025-07-21 03:50:00+00:00,79.69999694824219,79.69999694824219,79.5,79.5999984741211,30230,0.0,0.0
2025-07-21 03:55:00+00:00,79.5999984741211,80.0,79.5999984741211,79.80000305175781,31200,0.0,0.0
2025-07-21 04:00:00+00:00,79.9000015258789,80.19999694824219,79.80000305175781,79.80000305175781,48108,0.0,0.0
2025-07-21 04:05:00+00:00,79.69999694824219,79.80000305175781,79.5999984741211,79.80000305175781,40020,0.0,0.0
2025-07-21 04:10:00+00:00,79.69999694824219,79.9000015258789,79.69999694824219,79.9000015258789,23015,0.0,0.0
2025-07-21 04:15:00+00:00,80.0,80.0,80.0,80.0,12385,0.0,0.0
2025-07-21 04:20:00+00:00,80.0,80.0,80.0,80.0,18411,0.0,0.0
2025-07-21 04:25:00+00:00,80.0,80.19999694824219,80.0,80.19999694824219,34284,0.0,0.0
2025-07-21 04:30:00+00:00,80.19999694824219,80.30000305175781,80.0,80.19999694824219,31250,0.0,0.0
2025-07-21 04:35:00+00:00,80.19999694824219,80.19999694824219,80.0,80.0,20100,0.0,0.0
2025-07-21 04:40:00+00:00,80.0,80.0999984741211,79.9000015258789,79.9000015258789,55590,0.0,0.0
2025-07-21 04:45:00+00:00,79.9000015258789,79.9000015258789,79.80000305175781,79.80000305175781,7009,0.0,0.0
2025-07-21 04:50:00+00:00,79.80000305175781,80.0,79.80000305175781,80.0,38010,0.0,0.0
2025-07-21 04:55:00+00:00,80.0,80.19999694824219,79.9000015258789,80.0,26015,0.0,0.0
2025-07-21 05:00:00+00:00,80.0,80.0,79.9000015258789,80.0,16163,0.0,0.0
2025-07-21 05:05:00+00:00,80.0,80.0999984741211,79.80000305175781,79.80000305175781,70305,0.0,0.0
2025-07-21 05:10:00+00:00,79.69999694824219,80.0,79.69999694824219,79.9000015258789,65123,0.0,0.0
2025-07-21 05:15:00+00:00,80.0,80.0,79.5999984741211,79.69999694824219,67718,0.0,0.0
2025-07-21 05:20:00+00:00,79.5999984741211,79.69999694824219,79.5,79.69999694824219,87387,0.0,0.0
2025-07-22 01:00:00+00:00,80.0,80.0,79.19999694824219,79.30000305175781,0,0.0,0.0
2025-07-22 01:05:00+00:00,79.30000305175781,79.80000305175781,79.30000305175781,79.69999694824219,87469,0.0,0.0
2025-07-22 01:10:00+00:00,79.69999694824219,79.80000305175781,79.5,79.5,92028,0.0,0.0
2025-07-22 01:15:00+00:00,79.5,79.9000015258789,79.5,79.5999984741211,39491,0.0,0.0
2025-07-22 01:20:00+00:00,79.5,79.5999984741211,78.80000305175781,78.80000305175781,176932,0.0,0.0
2025-07-22 01:25:00+00:00,78.80000305175781,79.0,78.5,78.69999694824219,97857,0.0,0.0
2025-07-22 01:30:00+00:00,78.80000305175781,78.80000305175781,78.69999694824219,78.69999694824219,43319,0.0,0.0
2025-07-22 01:35:00+00:00,78.69999694824219,78.80000305175781,78.5999984741211,78.5999984741211,42062,0.0,0.0
2025-07-22 01:40:00+00:00,78.5,78.80000305175781,78.30000305175781,78.5,134275,0.0,0.0
2025-07-22 01:45:00+00:00,78.69999694824219,78.80000305175781,78.5999984741211,78.5999984741211,29353,0.0,0.0
2025-07-22 01:50:00+00:00,78.5,78.5999984741211,78.30000305175781,78.4000015258789,53501,0.0,0.0
2025-07-22 01:55:00+00:00,78.4000015258789,78.5999984741211,78.0999984741211,78.5999984741211,136646,0.0,0.0
2025-07-22 02:00:00+00:00,78.5999984741211,78.5999984741211,78.5999984741211,78.5999984741211,15030,0.0,0.0
2025-07-22 02:05:00+00:00,78.5999984741211,78.5999984741211,78.5,78.5,15119,0.0,0.0
2025-07-22 02:10:00+00:00,78.5,78.5,78.19999694824219,78.30000305175781,73443,0.0,0.0
2025-07-22 02:15:00+00:00,78.30000305175781,78.4000015258789,78.0999984741211,78.30000305175781,38397,0.0,0.0
2025-07-22 02:20:00+00:00,78.4000015258789,78.5999984741211,78.30000305175781,78.5999984741211,37369,0.0,0.0
2025-07-22 02:25:00+00:00,78.5999984741211,79.0999984741211,78.5,79.0999984741211,49367,0.0,0.0
2025-07-22 02:30:00+00:00,79.0999984741211,79.0999984741211,79.0,79.0,30700,0.0,0.0
2025-07-22 02:35:00+00:00,79.0999984741211,79.0999984741211,79.0,79.0,30170,0.0,0.0
2025-07-22 02:40:00+00:00,78.9000015258789,78.9000015258789,78.5999984741211,78.5999984741211,47900,0.0,0.0
2025-07-22 02:45:00+00:00,78.5,78.5,78.19999694824219,78.19999694824219,30378,0.0,0.0
2025-07-22 02:50:00+00:00,78.19999694824219,78.30000305175781,77.80000305175781,78.0999984741211,232338,0.0,0.0
2025-07-22 02:55:00+00:00,78.19999694824219,78.4000015258789,77.80000305175781,77.80000305175781,62124,0.0,0.0
2025-07-22 03:00:00+00:00,77.9000015258789,78.0,77.69999694824219,77.80000305175781,90180,0.0,0.0
2025-07-22 03:05:00+00:00,77.80000305175781,77.80000305175781,77.5,77.5999984741211,172281,0.0,0.0
2025-07-22 03:10:00+00:00,77.5999984741211,77.5999984741211,77.30000305175781,77.4000015258789,140705,0.0,0.0
2025-07-22 03:15:00+00:00,77.4000015258789,77.80000305175781,77.4000015258789,77.4000015258789,68333,0.0,0.0
2025-07-22 03:20:00+00:00,77.4000015258789,77.5999984741211,77.4000015258789,77.4000015258789,26208,0.0,0.0
2025-07-22 03:25:00+00:00,77.4000015258789,77.5,76.80000305175781,76.9000015258789,186167,0.0,0.0
2025-07-22 03:30:00+00:00,76.9000015258789,77.4000015258789,76.9000015258789,77.0999984741211,57829,0.0,0.0
2025-07-22 03:35:00+00:00,77.30000305175781,77.30000305175781,77.0,77.0,40683,0.0,0.0
2025-07-22 03:40:00+00:00,77.0,77.0999984741211,76.9000015258789,77.0999984741211,32430,0.0,0.0
2025-07-22 03:45:00+00:00,77.0999984741211,77.0999984741211,77.0,77.0999984741211,26684,0.0,0.0
2025-07-22 03:50:00+00:00,77.19999694824219,77.19999694824219,76.80000305175781,76.80000305175781,67548,0.0,0.0
2025-07-22 03:55:00+00:00,76.9000015258789,77.0,76.80000305175781,76.80000305175781,41288,0.0,0.0
2025-07-22 04:00:00+00:00,76.80000305175781,77.19999694824219,76.80000305175781,76.80000305175781,26030,0.0,0.0
2025-07-22 04:05:00+00:00,76.80000305175781,76.80000305175781,76.5999984741211,76.5999984741211,72150,0.0,0.0
2025-07-22 04:10:00+00:00,76.5999984741211,76.80000305175781,76.5,76.69999694824219,34500,0.0,0.0
2025-07-22 04:15:00+00:00,76.5999984741211,76.5999984741211,76.5,76.5,22785,0.0,0.0
2025-07-22 04:20:00+00:00,76.5999984741211,76.5999984741211,76.19999694824219,76.4000015258789,70857,0.0,0.0
2025-07-22 04:25:00+00:00,76.4000015258789,76.80000305175781,75.9000015258789,76.5,181548,0.0,0.0
2025-07-22 04:30:00+00:00,76.5,76.80000305175781,76.5,76.5,21175,0.0,0.0
2025-07-22 04:35:00+00:00,76.5,76.5999984741211,76.4000015258789,76.5,23011,0.0,0.0
2025-07-22 04:40:00+00:00,76.69999694824219,76.69999694824219,76.19999694824219,76.5,172470,0.0,0.0
2025-07-22 04:45:00+00:00,76.5999984741211,76.80000305175781,76.19999694824219,76.30000305175781,47043,0.0,0.0
2025-07-22 04:50:00+00:00,76.5,76.69999694824219,76.30000305175781,76.30000305175781,32654,0.0,0.0
2025-07-22 04:55:00+00:00,76.4000015258789,76.5,76.30000305175781,76.5,85099,0.0,0.0
2025-07-22 05:00:00+00:00,76.5,76.69999694824219,76.4000015258789,76.5999984741211,69427,0.0,0.0
2025-07-22 05:05:00+00:00,76.69999694824219,76.69999694824219,76.5999984741211,76.69999694824219,20097,0.0,0.0
2025-07-22 05:10:00+00:00,76.69999694824219,76.69999694824219,76.5,76.5999984741211,41372,0.0,0.0
2025-07-22 05:15:00+00:00,76.5999984741211,76.5999984741211,76.5,76.5999984741211,31090,0.0,0.0
2025-07-22 05:20:00+00:00,76.5999984741211,76.69999694824219,76.5,76.69999694824219,96119,0.0,0.0
2025-07-23 01:00:00+00:00,77.80000305175781,78.5,77.5999984741211,78.5,0,0.0,0.0
2025-07-23 01:05:00+00:00,78.4000015258789,79.0,78.19999694824219,78.5,105104,0.0,0.0
2025-07-23 01:10:00+00:00,78.5,78.5,78.19999694824219,78.30000305175781,33361,0.0,0.0
2025-07-23 01:15:00+00:00,78.4000015258789,78.9000015258789,78.4000015258789,78.5999984741211,46660,0.0,0.0
2025-07-23 01:20:00+00:00,78.5999984741211,78.5999984741211,78.0999984741211,78.0999984741211,65368,0.0,0.0
2025-07-23 01:25:00+00:00,78.0999984741211,78.0999984741211,77.4000015258789,77.5,85078,0.0,0.0
2025-07-23 01:30:00+00:00,77.5,77.69999694824219,77.5,77.69999694824219,20025,0.0,0.0
2025-07-23 01:35:00+00:00,77.80000305175781,78.30000305175781,77.69999694824219,78.30000305175781,37188,0.0,0.0
2025-07-23 01:40:00+00:00,78.19999694824219,78.19999694824219,78.0999984741211,78.0999984741211,22016,0.0,0.0
2025-07-23 01:45:00+00:00,78.0,78.0999984741211,78.0,78.0999984741211,6270,0.0,0.0
2025-07-23 01:50:00+00:00,78.0,78.0,78.0,78.0,26050,0.0,0.0
2025-07-23 01:55:00+00:00,78.0999984741211,78.5,78.0999984741211,78.4000015258789,45255,0.0,0.0
2025-07-23 02:00:00+00:00,78.4000015258789,78.4000015258789,78.30000305175781,78.30000305175781,8165,0.0,0.0
2025-07-23 02:05:00+00:00,78.30000305175781,78.30000305175781,78.19999694824219,78.19999694824219,9195,0.0,0.0
2025-07-23 02:10:00+00:00,78.30000305175781,78.30000305175781,78.30000305175781,78.30000305175781,9100,0.0,0.0
2025-07-23 02:15:00+00:00,78.19999694824219,78.30000305175781,78.19999694824219,78.30000305175781,3020,0.0,0.0
2025-07-23 02:20:00+00:00,78.19999694824219,78.5999984741211,78.19999694824219,78.5,61123,0.0,0.0
2025-07-23 02:25:00+00:00,78.4000015258789,78.4000015258789,78.19999694824219,78.19999694824219,30647,0.0,0.0
2025-07-23 02:30:00+00:00,78.19999694824219,78.19999694824219,78.19999694824219,78.19999694824219,10010,0.0,0.0
2025-07-23 02:35:00+00:00,78.19999694824219,78.4000015258789,78.19999694824219,78.4000015258789,6400,0.0,0.0
2025-07-23 02:40:00+00:00,78.4000015258789,78.5999984741211,78.30000305175781,78.30000305175781,20311,0.0,0.0
2025-07-23 02:45:00+00:00,78.19999694824219,78.5999984741211,78.19999694824219,78.5,15006,0.0,0.0
2025-07-23 02:50:00+00:00,78.4000015258789,78.4000015258789,78.0999984741211,78.0999984741211,26020,0.0,0.0
2025-07-23 02:55:00+00:00,78.0999984741211,78.0999984741211,78.0,78.0999984741211,7020,0.0,0.0
2025-07-23 03:00:00+00:00,78.0999984741211,78.30000305175781,78.0999984741211,78.30000305175781,8368,0.0,0.0
2025-07-23 03:05:00+00:00,78.0999984741211,78.0999984741211,77.9000015258789,77.9000015258789,20000,0.0,0.0
2025-07-23 03:10:00+00:00,77.9000015258789,78.0999984741211,77.9000015258789,78.0999984741211,18175,0.0,0.0
2025-07-23 03:15:00+00:00,78.0999984741211,78.0999984741211,78.0999984741211,78.0999984741211,5051,0.0,0.0
2025-07-23 03:20:00+00:00,78.0999984741211,78.30000305175781,78.0999984741211,78.19999694824219,8020,0.0,0.0
2025-07-23 03:25:00+00:00,78.19999694824219,78.19999694824219,78.19999694824219,78.19999694824219,2500,0.0,0.0
2025-07-23 03:30:00+00:00,78.19999694824219,78.19999694824219,78.19999694824219,78.19999694824219,3000,0.0,0.0
2025-07-23 03:35:00+00:00,78.19999694824219,78.19999694824219,78.0,78.0,42400,0.0,0.0
2025-07-23 03:40:00+00:00,77.9000015258789,77.9000015258789,77.9000015258789,77.9000015258789,4535,0.0,0.0
2025-07-23 03:45:00+00:00,77.9000015258789,78.0,77.9000015258789,78.0,29100,0.0,0.0
2025-07-23 03:50:00+00:00,78.19999694824219,78.19999694824219,78.0999984741211,78.19999694824219,7015,0.0,0.0
2025-07-23 03:55:00+00:00,78.19999694824219,78.19999694824219,78.0,78.0,32320,0.0,0.0
2025-07-23 04:00:00+00:00,78.0,78.0,78.0,78.0,2371,0.0,0.0
2025-07-23 04:05:00+00:00,77.9000015258789,77.9000015258789,77.69999694824219,77.69999694824219,60228,0.0,0.0
2025-07-23 04:10:00+00:00,77.80000305175781,77.80000305175781,77.80000305175781,77.80000305175781,2000,0.0,0.0
2025-07-23 04:15:00+00:00,78.0,78.0,78.0,78.0,1000,0.0,0.0
2025-07-23 04:20:00+00:00,78.0,78.19999694824219,78.0,78.19999694824219,10010,0.0,0.0
2025-07-23 04:25:00+00:00,78.0999984741211,78.0999984741211,78.0,78.0,12065,0.0,0.0
2025-07-23 04:30:00+00:00,78.0999984741211,78.0999984741211,78.0,78.0,10050,0.0,0.0
2025-07-23 04:35:00+00:00,78.0,78.0999984741211,78.0,78.0999984741211,8050,0.0,0.0
2025-07-23 04:40:00+00:00,78.0,78.0,78.0,78.0,6300,0.0,0.0
2025-07-23 04:45:00+00:00,77.9000015258789,77.9000015258789,77.80000305175781,77.80000305175781,16215,0.0,0.0
2025-07-23 04:50:00+00:00,77.80000305175781,77.80000305175781,77.80000305175781,77.80000305175781,34766,0.0,0.0
2025-07-23 04:55:00+00:00,77.80000305175781,77.9000015258789,77.80000305175781,77.9000015258789,18000,0.0,0.0
2025-07-23 05:00:00+00:00,78.0,78.0,77.9000015258789,78.0,18100,0.0,0.0
2025-07-23 05:05:00+00:00,78.0,78.0999984741211,78.0,78.0,21000,0.0,0.0
2025-07-23 05:10:00+00:00,78.0,78.0999984741211,77.9000015258789,78.0999984741211,13000,0.0,0.0
2025-07-23 05:15:00+00:00,78.0999984741211,78.0999984741211,77.9000015258789,78.0999984741211,34000,0.0,0.0
2025-07-23 05:20:00+00:00,78.0999984741211,78.30000305175781,78.0999984741211,78.30000305175781,54396,0.0,0.0
2025-07-24 01:00:00+00:00,78.5,78.69999694824219,78.4000015258789,78.5,0,0.0,0.0
2025-07-24 01:05:00+00:00,78.5,78.5999984741211,78.30000305175781,78.30000305175781,64020,0.0,0.0
2025-07-24 01:10:00+00:00,78.30000305175781,78.30000305175781,77.9000015258789,78.0,54509,0.0,0.0
2025-07-24 01:15:00+00:00,77.9000015258789,77.9000015258789,77.9000015258789,77.9000015258789,11058,0.0,0.0
2025-07-24 01:20:00+00:00,77.9000015258789,78.0999984741211,77.9000015258789,77.9000015258789,32229,0.0,0.0
2025-07-24 01:25:00+00:00,78.0999984741211,78.0999984741211,77.80000305175781,77.80000305175781,21157,0.0,0.0
2025-07-24 01:30:00+00:00,77.69999694824219,77.69999694824219,77.5,77.5,49468,0.0,0.0
2025-07-24 01:35:00+00:00,77.5,77.5999984741211,77.5,77.5999984741211,20300,0.0,0.0
2025-07-24 01:40:00+00:00,77.5999984741211,77.80000305175781,77.5999984741211,77.80000305175781,13330,0.0,0.0
2025-07-24 01:45:00+00:00,77.80000305175781,77.80000305175781,77.80000305175781,77.80000305175781,9000,0.0,0.0
2025-07-24 01:50:00+00:00,77.80000305175781,77.80000305175781,77.80000305175781,77.80000305175781,3000,0.0,0.0
2025-07-24 01:55:00+00:00,77.80000305175781,78.0999984741211,77.80000305175781,78.0999984741211,24341,0.0,0.0
2025-07-24 02:00:00+00:00,78.0999984741211,78.19999694824219,78.0999984741211,78.19999694824219,6211,0.0,0.0
2025-07-24 02:05:00+00:00,78.19999694824219,78.19999694824219,78.19999694824219,78.19999694824219,4000,0.0,0.0
2025-07-24 02:10:00+00:00,78.19999694824219,78.19999694824219,78.19999694824219,78.19999694824219,12000,0.0,0.0
2025-07-24 02:15:00+00:00,78.19999694824219,78.19999694824219,78.19999694824219,78.19999694824219,5100,0.0,0.0
2025-07-24 02:20:00+00:00,78.19999694824219,78.30000305175781,78.19999694824219,78.19999694824219,4000,0.0,0.0
2025-07-24 02:25:00+00:00,78.19999694824219,78.19999694824219,78.19999694824219,78.19999694824219,8200,0.0,0.0
2025-07-24 02:30:00+00:00,78.19999694824219,79.0,78.19999694824219,78.80000305175781,61670,0.0,0.0
2025-07-24 02:35:00+00:00,78.80000305175781,79.5,78.80000305175781,79.0,139884,0.0,0.0
2025-07-24 02:40:00+00:00,78.9000015258789,78.9000015258789,78.80000305175781,78.80000305175781,8000,0.0,0.0
2025-07-24 02:45:00+00:00,78.69999694824219,78.69999694824219,78.5,78.5,9250,0.0,0.0
2025-07-24 02:50:00+00:00,78.5999984741211,78.5999984741211,78.5999984741211,78.5999984741211,4030,0.0,0.0
2025-07-24 02:55:00+00:00,78.69999694824219,78.69999694824219,78.69999694824219,78.69999694824219,2000,0.0,0.0
2025-07-24 03:00:00+00:00,78.69999694824219,78.69999694824219,78.5999984741211,78.5999984741211,12200,0.0,0.0
2025-07-24 03:05:00+00:00,78.5999984741211,78.5999984741211,78.5999984741211,78.5999984741211,2010,0.0,0.0
2025-07-24 03:10:00+00:00,78.5999984741211,78.5999984741211,78.5999984741211,78.5999984741211,4000,0.0,0.0
2025-07-24 03:15:00+00:00,78.69999694824219,78.69999694824219,78.4000015258789,78.4000015258789,19000,0.0,0.0
2025-07-24 03:20:00+00:00,78.5999984741211,78.5999984741211,78.5999984741211,78.5999984741211,2100,0.0,0.0
2025-07-24 03:25:00+00:00,78.5,78.5999984741211,78.4000015258789,78.5999984741211,15000,0.0,0.0
2025-07-24 03:30:00+00:00,78.5,78.5,78.5,78.5,1000,0.0,0.0
2025-07-24 03:35:00+00:00,78.5,78.5,78.5,78.5,1000,0.0,0.0
2025-07-24 03:40:00+00:00,78.5,78.5,78.0999984741211,78.0999984741211,65050,0.0,0.0
2025-07-24 03:45:00+00:00,78.4000015258789,78.4000015258789,78.19999694824219,78.30000305175781,5000,0.0,0.0
2025-07-24 03:50:00+00:00,78.30000305175781,78.30000305175781,78.30000305175781,78.30000305175781,2000,0.0,0.0
2025-07-24 03:55:00+00:00,78.30000305175781,78.30000305175781,78.30000305175781,78.30000305175781,1000,0.0,0.0
2025-07-24 04:00:00+00:00,78.30000305175781,78.30000305175781,78.30000305175781,78.30000305175781,4120,0.0,0.0
2025-07-24 04:05:00+00:00,78.30000305175781,78.30000305175781,78.19999694824219,78.19999694824219,7100,0.0,0.0
2025-07-24 04:10:00+00:00,78.19999694824219,78.19999694824219,78.19999694824219,78.19999694824219,2000,0.0,0.0
2025-07-24 04:15:00+00:00,78.19999694824219,78.19999694824219,78.0999984741211,78.0999984741211,18344,0.0,0.0
2025-07-24 04:20:00+00:00,78.19999694824219,78.19999694824219,78.19999694824219,78.19999694824219,2004,0.0,0.0
2025-07-24 04:25:00+00:00,78.19999694824219,78.19999694824219,78.19999694824219,78.19999694824219,2000,0.0,0.0
2025-07-24 04:30:00+00:00,78.19999694824219,78.4000015258789,78.19999694824219,78.30000305175781,17000,0.0,0.0
2025-07-24 04:35:00+00:00,78.19999694824219,78.30000305175781,78.19999694824219,78.30000305175781,7000,0.0,0.0
2025-07-24 04:40:00+00:00,78.30000305175781,78.30000305175781,78.30000305175781,78.30000305175781,5000,0.0,0.0
2025-07-24 04:45:00+00:00,78.30000305175781,78.30000305175781,78.19999694824219,78.19999694824219,22055,0.0,0.0
2025-07-24 04:50:00+00:00,78.19999694824219,78.30000305175781,78.19999694824219,78.30000305175781,3337,0.0,0.0
2025-07-24 04:55:00+00:00,78.30000305175781,78.30000305175781,78.19999694824219,78.30000305175781,9328,0.0,0.0
2025-07-24 05:00:00+00:00,78.30000305175781,78.4000015258789,78.30000305175781,78.4000015258789,5000,0.0,0.0
2025-07-24 05:05:00+00:00,78.4000015258789,78.5,78.30000305175781,78.30000305175781,20020,0.0,0.0
2025-07-24 05:10:00+00:00,78.30000305175781,78.4000015258789,78.19999694824219,78.4000015258789,10040,0.0,0.0
2025-07-24 05:15:00+00:00,78.30000305175781,78.30000305175781,78.19999694824219,78.19999694824219,30010,0.0,0.0
2025-07-24 05:20:00+00:00,78.30000305175781,78.4000015258789,78.19999694824219,78.30000305175781,11202,0.0,0.0
2025-07-25 01:00:00+00:00,78.80000305175781,78.9000015258789,78.30000305175781,78.5,0,0.0,0.0
2025-07-25 01:05:00+00:00,78.5,78.9000015258789,78.4000015258789,78.69999694824219,38000,0.0,0.0
2025-07-25 01:10:00+00:00,78.5999984741211,78.9000015258789,78.5999984741211,78.5999984741211,36178,0.0,0.0
2025-07-25 01:15:00+00:00,78.5,78.5,78.0,78.19999694824219,43162,0.0,0.0
2025-07-25 01:20:00+00:00,78.19999694824219,78.19999694824219,78.0,78.0,11090,0.0,0.0
2025-07-25 01:25:00+00:00,77.9000015258789,77.9000015258789,77.5,77.69999694824219,51790,0.0,0.0
2025-07-25 01:30:00+00:00,77.69999694824219,77.80000305175781,77.69999694824219,77.80000305175781,6000,0.0,0.0
2025-07-25 01:35:00+00:00,77.80000305175781,77.9000015258789,77.80000305175781,77.80000305175781,10000,0.0,0.0
2025-07-25 01:40:00+00:00,77.69999694824219,77.69999694824219,77.69999694824219,77.69999694824219,22140,0.0,0.0
2025-07-25 01:45:00+00:00,77.9000015258789,77.9000015258789,77.69999694824219,77.69999694824219,14135,0.0,0.0
2025-07-25 01:50:00+00:00,77.9000015258789,77.9000015258789,77.9000015258789,77.9000015258789,1010,0.0,0.0
2025-07-25 01:55:00+00:00,77.9000015258789,78.0,77.9000015258789,77.9000015258789,10005,0.0,0.0
2025-07-25 02:00:00+00:00,77.9000015258789,77.9000015258789,77.80000305175781,77.80000305175781,14001,0.0,0.0
2025-07-25 02:05:00+00:00,77.9000015258789,77.9000015258789,77.9000015258789,77.9000015258789,1000,0.0,0.0
2025-07-25 02:10:00+00:00,77.80000305175781,77.9000015258789,77.80000305175781,77.9000015258789,3016,0.0,0.0
2025-07-25 02:15:00+00:00,77.9000015258789,77.9000015258789,77.9000015258789,77.9000015258789,1000,0.0,0.0
2025-07-25 02:20:00+00:00,78.0,78.0,77.9000015258789,78.0,13210,0.0,0.0
2025-07-25 02:25:00+00:00,78.0,78.30000305175781,78.0,78.30000305175781,20321,0.0,0.0
2025-07-25 02:30:00+00:00,78.4000015258789,78.4000015258789,78.19999694824219,78.19999694824219,15100,0.0,0.0
2025-07-25 02:35:00+00:00,78.19999694824219,78.19999694824219,78.19999694824219,78.19999694824219,2400,0.0,0.0
2025-07-25 02:45:00+00:00,78.0999984741211,78.0999984741211,78.0,78.0,6000,0.0,0.0
2025-07-25 02:50:00+00:00,78.0,78.0999984741211,78.0,78.0,5483,0.0,0.0
2025-07-25 02:55:00+00:00,77.9000015258789,77.9000015258789,77.9000015258789,77.9000015258789,6070,0.0,0.0
2025-07-25 03:00:00+00:00,77.80000305175781,77.80000305175781,77.80000305175781,77.80000305175781,1016,0.0,0.0
2025-07-25 03:05:00+00:00,77.80000305175781,78.0,77.80000305175781,77.9000015258789,16061,0.0,0.0
2025-07-25 03:10:00+00:00,77.9000015258789,77.9000015258789,77.80000305175781,77.80000305175781,21323,0.0,0.0
2025-07-25 03:15:00+00:00,77.80000305175781,77.80000305175781,77.69999694824219,77.69999694824219,11151,0.0,0.0
2025-07-25 03:20:00+00:00,77.69999694824219,77.80000305175781,77.69999694824219,77.80000305175781,16000,0.0,0.0
2025-07-25 03:25:00+00:00,77.80000305175781,77.80000305175781,77.80000305175781,77.80000305175781,3000,0.0,0.0
2025-07-25 03:30:00+00:00,77.80000305175781,77.80000305175781,77.69999694824219,77.69999694824219,11250,0.0,0.0
2025-07-25 03:35:00+00:00,77.69999694824219,77.80000305175781,77.69999694824219,77.80000305175781,3000,0.0,0.0
2025-07-25 03:40:00+00:00,77.80000305175781,77.80000305175781,77.69999694824219,77.69999694824219,6765,0.0,0.0
2025-07-25 03:45:00+00:00,77.69999694824219,77.80000305175781,77.69999694824219,77.69999694824219,15000,0.0,0.0
2025-07-25 03:50:00+00:00,77.69999694824219,77.80000305175781,77.69999694824219,77.80000305175781,3000,0.0,0.0
2025-07-25 03:55:00+00:00,77.69999694824219,77.69999694824219,77.69999694824219,77.69999694824219,6000,0.0,0.0
2025-07-25 04:00:00+00:00,77.69999694824219,77.69999694824219,77.69999694824219,77.69999694824219,1000,0.0,0.0
2025-07-25 04:05:00+00:00,77.80000305175781,77.80000305175781,77.80000305175781,77.80000305175781,2070,0.0,0.0
2025-07-25 04:10:00+00:00,77.69999694824219,77.69999694824219,77.69999694824219,77.69999694824219,5000,0.0,0.0
2025-07-25 04:15:00+00:00,77.69999694824219,77.69999694824219,77.5999984741211,77.5999984741211,14035,0.0,0.0
2025-07-25 04:20:00+00:00,77.5999984741211,77.80000305175781,77.5999984741211,77.80000305175781,5000,0.0,0.0
2025-07-25 04:25:00+00:00,77.80000305175781,77.80000305175781,77.80000305175781,77.80000305175781,6000,0.0,0.0
2025-07-25 04:30:00+00:00,77.80000305175781,77.80000305175781,77.80000305175781,77.80000305175781,18100,0.0,0.0
2025-07-25 04:35:00+00:00,77.69999694824219,77.80000305175781,77.69999694824219,77.80000305175781,9080,0.0,0.0
2025-07-25 04:40:00+00:00,77.80000305175781,77.80000305175781,77.80000305175781,77.80000305175781,4000,0.0,0.0
2025-07-25 04:45:00+00:00,77.80000305175781,77.80000305175781,77.80000305175781,77.80000305175781,20066,0.0,0.0
2025-07-25 04:50:00+00:00,77.80000305175781,77.80000305175781,77.80000305175781,77.80000305175781,5000,0.0,0.0
2025-07-25 04:55:00+00:00,77.80000305175781,77.9000015258789,77.80000305175781,77.9000015258789,16000,0.0,0.0
2025-07-25 05:00:00+00:00,77.9000015258789,77.9000015258789,77.9000015258789,77.9000015258789,9000,0.0,0.0
2025-07-25 05:05:00+00:00,77.80000305175781,77.80000305175781,77.69999694824219,77.80000305175781,15809,0.0,0.0
2025-07-25 05:10:00+00:00,77.80000305175781,77.80000305175781,77.69999694824219,77.69999694824219,20000,0.0,0.0
2025-07-25 05:15:00+00:00,77.69999694824219,77.80000305175781,77.69999694824219,77.80000305175781,22160,0.0,0.0
2025-07-25 05:20:00+00:00,77.80000305175781,77.80000305175781,77.69999694824219,77.80000305175781,33275,0.0,0.0
2025-07-28 01:00:00+00:00,78.19999694824219,78.4000015258789,78.0,78.0,0,0.0,0.0
2025-07-28 01:05:00+00:00,78.0,78.0,77.5999984741211,77.5999984741211,65144,0.0,0.0
2025-07-28 01:10:00+00:00,77.5999984741211,77.5999984741211,77.0,77.19999694824219,40530,0.0,0.0
2025-07-28 01:15:00+00:00,77.19999694824219,77.80000305175781,77.19999694824219,77.69999694824219,25364,0.0,0.0
2025-07-28 01:20:00+00:00,77.69999694824219,77.69999694824219,77.69999694824219,77.69999694824219,8000,0.0,0.0
2025-07-28 01:25:00+00:00,77.69999694824219,78.0,77.69999694824219,78.0,26280,0.0,0.0
2025-07-28 01:30:00+00:00,78.0,78.0999984741211,77.9000015258789,78.0,24000,0.0,0.0
2025-07-28 01:35:00+00:00,78.0,78.19999694824219,78.0,78.0999984741211,14100,0.0,0.0
2025-07-28 01:40:00+00:00,78.19999694824219,78.5999984741211,78.0,78.5999984741211,59050,0.0,0.0
2025-07-28 01:45:00+00:00,78.5999984741211,78.69999694824219,78.0,78.4000015258789,25085,0.0,0.0
2025-07-28 01:50:00+00:00,78.4000015258789,78.4000015258789,78.4000015258789,78.4000015258789,13100,0.0,0.0
2025-07-28 01:55:00+00:00,78.4000015258789,78.4000015258789,78.4000015258789,78.4000015258789,5000,0.0,0.0
2025-07-28 02:00:00+00:00,78.4000015258789,78.5999984741211,78.4000015258789,78.5999984741211,20000,0.0,0.0
2025-07-28 02:05:00+00:00,78.5999984741211,79.0,78.5999984741211,79.0,69016,0.0,0.0
2025-07-28 02:10:00+00:00,79.0,79.5999984741211,78.9000015258789,79.4000015258789,227159,0.0,0.0
2025-07-28 02:15:00+00:00,79.5,80.4000015258789,79.30000305175781,80.19999694824219,272891,0.0,0.0
2025-07-28 02:20:00+00:00,80.19999694824219,80.5999984741211,80.0,80.0,232310,0.0,0.0
2025-07-28 02:25:00+00:00,80.0,80.30000305175781,80.0,80.19999694824219,60760,0.0,0.0
2025-07-28 02:30:00+00:00,80.0999984741211,80.5,80.0,80.30000305175781,96599,0.0,0.0
2025-07-28 02:35:00+00:00,80.4000015258789,80.69999694824219,80.19999694824219,80.5999984741211,140883,0.0,0.0
2025-07-28 02:40:00+00:00,80.5999984741211,80.69999694824219,80.4000015258789,80.5,64451,0.0,0.0
2025-07-28 02:45:00+00:00,80.5,80.9000015258789,80.4000015258789,80.80000305175781,121520,0.0,0.0
2025-07-28 02:50:00+00:00,80.80000305175781,81.19999694824219,80.80000305175781,80.9000015258789,178249,0.0,0.0
2025-07-28 02:55:00+00:00,81.0,81.19999694824219,80.9000015258789,81.0,82972,0.0,0.0
2025-07-28 03:00:00+00:00,81.0,81.0999984741211,81.0,81.0999984741211,63115,0.0,0.0
2025-07-28 03:05:00+00:00,81.0999984741211,81.19999694824219,81.0,81.0,61510,0.0,0.0
2025-07-28 03:10:00+00:00,80.9000015258789,81.0999984741211,80.69999694824219,81.0,78262,0.0,0.0
2025-07-28 03:15:00+00:00,81.0,81.30000305175781,81.0,81.19999694824219,60149,0.0,0.0
2025-07-28 03:20:00+00:00,81.19999694824219,81.30000305175781,81.0,81.30000305175781,58233,0.0,0.0
2025-07-28 03:25:00+00:00,81.30000305175781,81.30000305175781,81.0999984741211,81.19999694824219,28005,0.0,0.0
2025-07-28 03:30:00+00:00,81.30000305175781,81.4000015258789,81.19999694824219,81.4000015258789,39100,0.0,0.0
2025-07-28 03:35:00+00:00,81.30000305175781,81.4000015258789,81.30000305175781,81.30000305175781,37083,0.0,0.0
2025-07-28 03:40:00+00:00,81.4000015258789,81.4000015258789,81.30000305175781,81.30000305175781,44120,0.0,0.0
2025-07-28 03:45:00+00:00,81.30000305175781,81.30000305175781,81.0,81.0,61269,0.0,0.0
2025-07-28 03:50:00+00:00,81.0,81.69999694824219,81.0,81.69999694824219,190343,0.0,0.0
2025-07-28 03:55:00+00:00,81.69999694824219,81.80000305175781,81.5999984741211,81.5999984741211,94439,0.0,0.0
2025-07-28 04:00:00+00:00,81.5999984741211,81.5999984741211,81.5,81.5999984741211,20356,0.0,0.0
2025-07-28 04:05:00+00:00,81.5999984741211,82.5,81.5999984741211,82.0,300127,0.0,0.0
2025-07-28 04:10:00+00:00,81.9000015258789,81.9000015258789,81.5999984741211,81.5999984741211,61443,0.0,0.0
2025-07-28 04:15:00+00:00,81.5999984741211,81.5999984741211,81.4000015258789,81.4000015258789,40174,0.0,0.0
2025-07-28 04:20:00+00:00,81.4000015258789,81.4000015258789,81.4000015258789,81.4000015258789,15180,0.0,0.0
2025-07-28 04:25:00+00:00,81.4000015258789,81.4000015258789,81.0999984741211,81.0999984741211,62048,0.0,0.0
2025-07-28 04:30:00+00:00,81.0999984741211,81.19999694824219,81.0,81.0999984741211,39270,0.0,0.0
2025-07-28 04:35:00+00:00,81.0999984741211,81.0999984741211,81.0,81.0,32432,0.0,0.0
2025-07-28 04:40:00+00:00,81.0,81.30000305175781,81.0,81.19999694824219,31650,0.0,0.0
2025-07-28 04:45:00+00:00,81.0999984741211,81.4000015258789,81.0999984741211,81.4000015258789,65350,0.0,0.0
2025-07-28 04:50:00+00:00,81.4000015258789,81.5,81.19999694824219,81.19999694824219,51401,0.0,0.0
2025-07-28 04:55:00+00:00,81.19999694824219,81.30000305175781,81.19999694824219,81.19999694824219,26277,0.0,0.0
2025-07-28 05:00:00+00:00,81.19999694824219,81.4000015258789,81.19999694824219,81.19999694824219,34024,0.0,0.0
2025-07-28 05:05:00+00:00,81.19999694824219,81.30000305175781,81.19999694824219,81.19999694824219,47328,0.0,0.0
2025-07-28 05:10:00+00:00,81.19999694824219,81.19999694824219,81.0999984741211,81.19999694824219,52753,0.0,0.0
2025-07-28 05:15:00+00:00,81.19999694824219,81.30000305175781,81.0999984741211,81.19999694824219,52213,0.0,0.0
2025-07-28 05:20:00+00:00,81.0999984741211,81.19999694824219,81.0,81.0999984741211,131410,0.0,0.0
2025-07-29 01:00:00+00:00,81.80000305175781,82.5,81.4000015258789,82.4000015258789,0,0.0,0.0
2025-07-29 01:05:00+00:00,82.5,82.5,81.69999694824219,82.19999694824219,456000,0.0,0.0
2025-07-29 01:10:00+00:00,82.19999694824219,82.19999694824219,81.69999694824219,81.80000305175781,216663,0.0,0.0
2025-07-29 01:15:00+00:00,81.80000305175781,81.80000305175781,81.0,81.0,315529,0.0,0.0
2025-07-29 01:20:00+00:00,81.0,81.0999984741211,80.69999694824219,80.80000305175781,216290,0.0,0.0
2025-07-29 01:25:00+00:00,80.80000305175781,80.80000305175781,80.69999694824219,80.80000305175781,78670,0.0,0.0
2025-07-29 01:30:00+00:00,80.80000305175781,80.80000305175781,80.5,80.5999984741211,136942,0.0,0.0
2025-07-29 01:35:00+00:00,80.5999984741211,80.9000015258789,80.5999984741211,80.9000015258789,46021,0.0,0.0
2025-07-29 01:40:00+00:00,80.9000015258789,80.9000015258789,80.80000305175781,80.80000305175781,46617,0.0,0.0
2025-07-29 01:45:00+00:00,80.80000305175781,80.9000015258789,80.30000305175781,80.4000015258789,179177,0.0,0.0
2025-07-29 01:50:00+00:00,80.4000015258789,80.4000015258789,80.19999694824219,80.30000305175781,99188,0.0,0.0
2025-07-29 01:55:00+00:00,80.30000305175781,80.30000305175781,79.5999984741211,79.5999984741211,226696,0.0,0.0
2025-07-29 02:00:00+00:00,79.5999984741211,79.69999694824219,79.0999984741211,79.5,258700,0.0,0.0
2025-07-29 02:05:00+00:00,79.5,79.80000305175781,79.5,79.69999694824219,79624,0.0,0.0
2025-07-29 02:10:00+00:00,79.69999694824219,80.0,79.5999984741211,80.0,47010,0.0,0.0
2025-07-29 02:15:00+00:00,80.0,80.0,79.69999694824219,79.80000305175781,62050,0.0,0.0
2025-07-29 02:20:00+00:00,79.80000305175781,79.80000305175781,79.5,79.80000305175781,45205,0.0,0.0
2025-07-29 02:25:00+00:00,79.69999694824219,79.69999694824219,79.5,79.69999694824219,40307,0.0,0.0
2025-07-29 02:30:00+00:00,79.5999984741211,79.80000305175781,79.5999984741211,79.69999694824219,30350,0.0,0.0
2025-07-29 02:35:00+00:00,79.5999984741211,79.5999984741211,79.30000305175781,79.4000015258789,65321,0.0,0.0
2025-07-29 02:40:00+00:00,79.5,79.69999694824219,79.0999984741211,79.5,144523,0.0,0.0
2025-07-29 02:45:00+00:00,79.5,79.5999984741211,79.5,79.5,12141,0.0,0.0
2025-07-29 02:50:00+00:00,79.5,80.30000305175781,79.5,80.0999984741211,72000,0.0,0.0
2025-07-29 02:55:00+00:00,80.0999984741211,80.4000015258789,80.0999984741211,80.30000305175781,119603,0.0,0.0
2025-07-29 03:00:00+00:00,80.30000305175781,80.4000015258789,80.19999694824219,80.19999694824219,43242,0.0,0.0
2025-07-29 03:05:00+00:00,80.19999694824219,80.19999694824219,80.0999984741211,80.0999984741211,26013,0.0,0.0
2025-07-29 03:10:00+00:00,80.0999984741211,80.0999984741211,80.0999984741211,80.0999984741211,4310,0.0,0.0
2025-07-29 03:15:00+00:00,80.19999694824219,80.30000305175781,80.19999694824219,80.19999694824219,26375,0.0,0.0
2025-07-29 03:20:00+00:00,80.19999694824219,80.30000305175781,80.0999984741211,80.0999984741211,31289,0.0,0.0
2025-07-29 03:25:00+00:00,80.0,80.0999984741211,80.0,80.0999984741211,24100,0.0,0.0
2025-07-29 03:30:00+00:00,80.0,80.0,79.9000015258789,79.9000015258789,34670,0.0,0.0
2025-07-29 03:35:00+00:00,80.0,80.19999694824219,79.9000015258789,80.0999984741211,31207,0.0,0.0
2025-07-29 03:40:00+00:00,80.0999984741211,80.0999984741211,80.0999984741211,80.0999984741211,11000,0.0,0.0
2025-07-29 03:45:00+00:00,80.19999694824219,80.4000015258789,80.19999694824219,80.30000305175781,21012,0.0,0.0
2025-07-29 03:50:00+00:00,80.30000305175781,80.4000015258789,80.19999694824219,80.4000015258789,19129,0.0,0.0
2025-07-29 03:55:00+00:00,80.4000015258789,80.4000015258789,80.30000305175781,80.4000015258789,16000,0.0,0.0
2025-07-29 04:00:00+00:00,80.4000015258789,80.5999984741211,80.4000015258789,80.4000015258789,44000,0.0,0.0
2025-07-29 04:05:00+00:00,80.4000015258789,80.4000015258789,80.30000305175781,80.30000305175781,11333,0.0,0.0
2025-07-29 04:10:00+00:00,80.30000305175781,80.30000305175781,80.0999984741211,80.19999694824219,17455,0.0,0.0
2025-07-29 04:20:00+00:00,80.19999694824219,80.30000305175781,80.19999694824219,80.30000305175781,27004,0.0,0.0
2025-07-29 04:25:00+00:00,80.30000305175781,80.30000305175781,80.30000305175781,80.30000305175781,7000,0.0,0.0
2025-07-29 04:30:00+00:00,80.30000305175781,80.30000305175781,80.30000305175781,80.30000305175781,15111,0.0,0.0
2025-07-29 04:35:00+00:00,80.19999694824219,80.4000015258789,80.19999694824219,80.4000015258789,27803,0.0,0.0
2025-07-29 04:40:00+00:00,80.4000015258789,80.5,80.4000015258789,80.4000015258789,16000,0.0,0.0
2025-07-29 04:45:00+00:00,80.4000015258789,80.4000015258789,80.30000305175781,80.30000305175781,6651,0.0,0.0
2025-07-29 04:50:00+00:00,80.30000305175781,80.30000305175781,80.19999694824219,80.19999694824219,32221,0.0,0.0
2025-07-29 04:55:00+00:00,80.19999694824219,80.19999694824219,80.0,80.0,97360,0.0,0.0
2025-07-29 05:00:00+00:00,80.0,80.0999984741211,80.0,80.0999984741211,20100,0.0,0.0
2025-07-29 05:05:00+00:00,80.0999984741211,80.30000305175781,80.0,80.0,51009,0.0,0.0
2025-07-29 05:10:00+00:00,80.0999984741211,80.19999694824219,80.0,80.19999694824219,46001,0.0,0.0
2025-07-29 05:15:00+00:00,80.0999984741211,80.30000305175781,80.0999984741211,80.19999694824219,54100,0.0,0.0
2025-07-29 05:20:00+00:00,80.30000305175781,80.30000305175781,79.9000015258789,80.0999984741211,116326,0.0,0.0
2025-07-30 01:00:00+00:00,80.5999984741211,80.9000015258789,79.19999694824219,79.30000305175781,0,0.0,0.0
2025-07-30 01:05:00+00:00,79.5,79.80000305175781,78.69999694824219,79.80000305175781,181837,0.0,0.0
2025-07-30 01:10:00+00:00,79.5999984741211,79.69999694824219,79.30000305175781,79.5,34108,0.0,0.0
2025-07-30 01:15:00+00:00,79.4000015258789,79.4000015258789,79.0999984741211,79.0999984741211,47916,0.0,0.0
2025-07-30 01:20:00+00:00,79.0999984741211,79.0999984741211,78.80000305175781,78.80000305175781,103837,0.0,0.0
2025-07-30 01:25:00+00:00,78.9000015258789,78.9000015258789,78.5999984741211,78.80000305175781,83718,0.0,0.0
2025-07-30 01:30:00+00:00,78.80000305175781,79.19999694824219,78.69999694824219,79.19999694824219,41997,0.0,0.0
2025-07-30 01:35:00+00:00,79.19999694824219,79.4000015258789,79.0999984741211,79.4000015258789,34451,0.0,0.0
2025-07-30 01:40:00+00:00,79.5,79.5,79.4000015258789,79.5,7009,0.0,0.0
2025-07-30 01:45:00+00:00,79.4000015258789,79.4000015258789,79.0,79.0,44438,0.0,0.0
2025-07-30 01:50:00+00:00,79.0,79.19999694824219,79.0,79.0999984741211,29005,0.0,0.0
2025-07-30 01:55:00+00:00,79.0999984741211,79.30000305175781,79.0,79.19999694824219,43194,0.0,0.0
2025-07-30 02:00:00+00:00,79.30000305175781,79.30000305175781,79.30000305175781,79.30000305175781,4005,0.0,0.0
2025-07-30 02:05:00+00:00,79.30000305175781,79.9000015258789,79.30000305175781,79.9000015258789,30200,0.0,0.0
2025-07-30 02:10:00+00:00,79.80000305175781,79.9000015258789,79.69999694824219,79.80000305175781,15058,0.0,0.0
2025-07-30 02:15:00+00:00,79.80000305175781,80.0,79.69999694824219,80.0,72433,0.0,0.0
2025-07-30 02:20:00+00:00,80.0999984741211,80.19999694824219,80.0999984741211,80.0999984741211,27219,0.0,0.0
2025-07-30 02:25:00+00:00,80.0,80.0,79.9000015258789,79.9000015258789,15001,0.0,0.0
2025-07-30 02:30:00+00:00,79.9000015258789,79.9000015258789,79.69999694824219,79.69999694824219,17331,0.0,0.0
2025-07-30 02:35:00+00:00,79.69999694824219,79.69999694824219,79.69999694824219,79.69999694824219,13012,0.0,0.0
2025-07-30 02:40:00+00:00,79.69999694824219,79.80000305175781,79.69999694824219,79.80000305175781,7347,0.0,0.0
2025-07-30 02:45:00+00:00,79.80000305175781,80.0,79.80000305175781,79.9000015258789,11000,0.0,0.0
2025-07-30 02:50:00+00:00,79.9000015258789,79.9000015258789,79.80000305175781,79.80000305175781,16600,0.0,0.0
2025-07-30 02:55:00+00:00,79.69999694824219,80.19999694824219,79.69999694824219,80.19999694824219,21100,0.0,0.0
2025-07-30 03:00:00+00:00,80.0,80.30000305175781,80.0,80.19999694824219,25000,0.0,0.0
2025-07-30 03:05:00+00:00,80.30000305175781,80.30000305175781,80.19999694824219,80.19999694824219,18100,0.0,0.0
2025-07-30 03:10:00+00:00,80.0999984741211,80.0999984741211,80.0,80.0,15020,0.0,0.0
2025-07-30 03:15:00+00:00,80.0999984741211,80.0999984741211,80.0999984741211,80.0999984741211,5200,0.0,0.0
2025-07-30 03:20:00+00:00,80.0999984741211,80.0999984741211,80.0999984741211,80.0999984741211,6310,0.0,0.0
2025-07-30 03:25:00+00:00,80.0,80.0,79.69999694824219,79.69999694824219,82926,0.0,0.0
2025-07-30 03:30:00+00:00,79.69999694824219,79.69999694824219,79.69999694824219,79.69999694824219,5005,0.0,0.0
2025-07-30 03:35:00+00:00,79.69999694824219,79.69999694824219,79.5999984741211,79.69999694824219,9293,0.0,0.0
2025-07-30 03:40:00+00:00,79.69999694824219,79.69999694824219,79.69999694824219,79.69999694824219,7002,0.0,0.0
2025-07-30 03:45:00+00:00,79.69999694824219,79.69999694824219,79.69999694824219,79.69999694824219,5000,0.0,0.0
2025-07-30 03:50:00+00:00,79.69999694824219,79.69999694824219,79.69999694824219,79.69999694824219,3012,0.0,0.0
2025-07-30 03:55:00+00:00,79.69999694824219,79.69999694824219,79.69999694824219,79.69999694824219,6363,0.0,0.0
2025-07-30 04:00:00+00:00,79.69999694824219,79.69999694824219,79.69999694824219,79.69999694824219,2129,0.0,0.0
2025-07-30 04:05:00+00:00,79.69999694824219,79.80000305175781,79.69999694824219,79.80000305175781,6000,0.0,0.0
2025-07-30 04:10:00+00:00,79.69999694824219,79.69999694824219,79.5999984741211,79.5999984741211,10140,0.0,0.0
2025-07-30 04:20:00+00:00,79.5999984741211,79.5999984741211,79.5,79.5,44087,0.0,0.0
2025-07-30 04:25:00+00:00,79.5,79.5999984741211,79.5,79.5999984741211,17120,0.0,0.0
2025-07-30 04:30:00+00:00,79.69999694824219,79.69999694824219,79.5999984741211,79.69999694824219,10168,0.0,0.0
2025-07-30 04:35:00+00:00,79.69999694824219,79.69999694824219,79.69999694824219,79.69999694824219,3000,0.0,0.0
2025-07-30 04:40:00+00:00,79.69999694824219,79.69999694824219,79.5999984741211,79.5999984741211,8153,0.0,0.0
2025-07-30 04:45:00+00:00,79.5999984741211,79.69999694824219,79.5,79.69999694824219,23050,0.0,0.0
2025-07-30 04:50:00+00:00,79.80000305175781,79.80000305175781,79.69999694824219,79.80000305175781,18022,0.0,0.0
2025-07-30 04:55:00+00:00,79.80000305175781,79.9000015258789,79.80000305175781,79.9000015258789,10100,0.0,0.0
2025-07-30 05:00:00+00:00,80.0,80.19999694824219,79.9000015258789,79.9000015258789,45603,0.0,0.0
2025-07-30 05:05:00+00:00,79.9000015258789,80.0,79.9000015258789,79.9000015258789,35965,0.0,0.0
2025-07-30 05:10:00+00:00,79.9000015258789,80.0,79.69999694824219,80.0,45122,0.0,0.0
2025-07-30 05:15:00+00:00,79.9000015258789,80.0,79.9000015258789,80.0,35274,0.0,0.0
2025-07-30 05:20:00+00:00,80.0,80.0,79.9000015258789,79.9000015258789,43205,0.0,0.0
2025-07-31 01:00:00+00:00,80.4000015258789,81.0,80.30000305175781,80.80000305175781,0,0.0,0.0
2025-07-31 01:05:00+00:00,80.80000305175781,81.9000015258789,80.5,80.9000015258789,405000,0.0,0.0
2025-07-31 01:10:00+00:00,80.80000305175781,80.9000015258789,80.5,80.5,137098,0.0,0.0
2025-07-31 01:15:00+00:00,80.5999984741211,80.5999984741211,80.4000015258789,80.5,58699,0.0,0.0
2025-07-31 01:20:00+00:00,80.4000015258789,80.5999984741211,80.30000305175781,80.5999984741211,69480,0.0,0.0
2025-07-31 01:25:00+00:00,80.5999984741211,80.5999984741211,80.4000015258789,80.5999984741211,45000,0.0,0.0
2025-07-31 01:30:00+00:00,80.5999984741211,80.69999694824219,80.5,80.5,29014,0.0,0.0
2025-07-31 01:35:00+00:00,80.5,81.30000305175781,80.5,81.30000305175781,113172,0.0,0.0
2025-07-31 01:40:00+00:00,81.30000305175781,81.30000305175781,80.9000015258789,81.0,52842,0.0,0.0
2025-07-31 01:45:00+00:00,80.9000015258789,81.0999984741211,80.69999694824219,81.0999984741211,50275,0.0,0.0
2025-07-31 01:50:00+00:00,81.0,81.0,80.80000305175781,80.9000015258789,17040,0.0,0.0
2025-07-31 01:55:00+00:00,80.9000015258789,80.9000015258789,80.80000305175781,80.80000305175781,43745,0.0,0.0
2025-07-31 02:00:00+00:00,80.80000305175781,80.9000015258789,80.80000305175781,80.80000305175781,25324,0.0,0.0
2025-07-31 02:05:00+00:00,80.80000305175781,80.9000015258789,80.5,80.5,101030,0.0,0.0
2025-07-31 02:10:00+00:00,80.5999984741211,80.5999984741211,80.4000015258789,80.5,71925,0.0,0.0
2025-07-31 02:15:00+00:00,80.5,80.5999984741211,80.4000015258789,80.5,20080,0.0,0.0
2025-07-31 02:20:00+00:00,80.5,80.5,80.0999984741211,80.19999694824219,102203,0.0,0.0
2025-07-31 02:25:00+00:00,80.30000305175781,80.5,80.19999694824219,80.4000015258789,46169,0.0,0.0
2025-07-31 02:30:00+00:00,80.4000015258789,80.4000015258789,80.19999694824219,80.19999694824219,16101,0.0,0.0
2025-07-31 02:35:00+00:00,80.30000305175781,80.4000015258789,80.30000305175781,80.4000015258789,6000,0.0,0.0
2025-07-31 02:40:00+00:00,80.4000015258789,80.5999984741211,80.4000015258789,80.5999984741211,11080,0.0,0.0
2025-07-31 02:45:00+00:00,80.5999984741211,80.5999984741211,80.5,80.5,16125,0.0,0.0
2025-07-31 02:50:00+00:00,80.5,80.5,80.5,80.5,3075,0.0,0.0
2025-07-31 02:55:00+00:00,80.5999984741211,80.5999984741211,80.5,80.5,5000,0.0,0.0
2025-07-31 03:00:00+00:00,80.5,80.5,80.5,80.5,7111,0.0,0.0
2025-07-31 03:05:00+00:00,80.4000015258789,80.4000015258789,80.30000305175781,80.4000015258789,21400,0.0,0.0
2025-07-31 03:10:00+00:00,80.4000015258789,80.5,80.4000015258789,80.4000015258789,17100,0.0,0.0
2025-07-31 03:15:00+00:00,80.4000015258789,80.5,80.4000015258789,80.5,22000,0.0,0.0
2025-07-31 03:20:00+00:00,80.4000015258789,80.4000015258789,80.4000015258789,80.4000015258789,5536,0.0,0.0
2025-07-31 03:25:00+00:00,80.4000015258789,80.5,80.4000015258789,80.5,20000,0.0,0.0
2025-07-31 03:30:00+00:00,80.5999984741211,80.69999694824219,80.5999984741211,80.69999694824219,22000,0.0,0.0
2025-07-31 03:35:00+00:00,80.69999694824219,80.80000305175781,80.5,80.5999984741211,25379,0.0,0.0
2025-07-31 03:40:00+00:00,80.69999694824219,80.69999694824219,80.5999984741211,80.5999984741211,10100,0.0,0.0
2025-07-31 03:45:00+00:00,80.69999694824219,81.0,80.69999694824219,81.0,48025,0.0,0.0
2025-07-31 03:50:00+00:00,81.0,81.0,80.80000305175781,80.9000015258789,17310,0.0,0.0
2025-07-31 03:55:00+00:00,80.80000305175781,80.80000305175781,80.5999984741211,80.69999694824219,35025,0.0,0.0
2025-07-31 04:00:00+00:00,80.69999694824219,80.80000305175781,80.69999694824219,80.80000305175781,8000,0.0,0.0
2025-07-31 04:05:00+00:00,80.9000015258789,81.19999694824219,80.9000015258789,81.0,53620,0.0,0.0
2025-07-31 04:10:00+00:00,81.0,81.0,80.9000015258789,80.9000015258789,14069,0.0,0.0
2025-07-31 04:15:00+00:00,80.9000015258789,80.9000015258789,80.69999694824219,80.80000305175781,41000,0.0,0.0
2025-07-31 04:20:00+00:00,80.80000305175781,80.80000305175781,80.69999694824219,80.80000305175781,12028,0.0,0.0
2025-07-31 04:25:00+00:00,80.80000305175781,80.80000305175781,80.69999694824219,80.80000305175781,9152,0.0,0.0
2025-07-31 04:30:00+00:00,80.80000305175781,80.80000305175781,80.69999694824219,80.80000305175781,16198,0.0,0.0
2025-07-31 04:35:00+00:00,80.80000305175781,80.9000015258789,80.69999694824219,80.9000015258789,23007,0.0,0.0
2025-07-31 04:40:00+00:00,80.80000305175781,80.80000305175781,80.69999694824219,80.69999694824219,17020,0.0,0.0
2025-07-31 04:45:00+00:00,80.69999694824219,80.9000015258789,80.69999694824219,80.80000305175781,33046,0.0,0.0
2025-07-31 04:50:00+00:00,80.80000305175781,80.9000015258789,80.69999694824219,80.80000305175781,40545,0.0,0.0
2025-07-31 04:55:00+00:00,80.80000305175781,80.80000305175781,80.69999694824219,80.69999694824219,18101,0.0,0.0
2025-07-31 05:00:00+00:00,80.69999694824219,80.80000305175781,80.5999984741211,80.69999694824219,20502,0.0,0.0
2025-07-31 05:05:00+00:00,80.69999694824219,80.80000305175781,80.5999984741211,80.80000305175781,43304,0.0,0.0
2025-07-31 05:10:00+00:00,80.69999694824219,80.80000305175781,80.69999694824219,80.69999694824219,43003,0.0,0.0
2025-07-31 05:15:00+00:00,80.5999984741211,80.69999694824219,80.5,80.5999984741211,67784,0.0,0.0
2025-07-31 05:20:00+00:00,80.5,80.69999694824219,80.5,80.5999984741211,51695,0.0,0.0
2025-08-01 01:00:00+00:00,79.0,80.19999694824219,78.5999984741211,79.80000305175781,0,0.0,0.0
2025-08-01 01:05:00+00:00,79.5,79.9000015258789,79.5,79.9000015258789,45000,0.0,0.0
2025-08-01 01:10:00+00:00,79.9000015258789,80.19999694824219,79.80000305175781,79.9000015258789,120766,0.0,0.0
2025-08-01 01:15:00+00:00,80.19999694824219,80.19999694824219,79.9000015258789,79.9000015258789,34000,0.0,0.0
2025-08-01 01:20:00+00:00,80.0,80.0,79.80000305175781,79.80000305175781,23578,0.0,0.0
2025-08-01 01:25:00+00:00,79.80000305175781,80.0,79.5999984741211,80.0,47633,0.0,0.0
2025-08-01 01:30:00+00:00,80.0999984741211,80.5999984741211,80.0999984741211,80.5999984741211,29728,0.0,0.0
2025-08-01 01:35:00+00:00,80.69999694824219,81.4000015258789,80.69999694824219,81.0999984741211,97080,0.0,0.0
2025-08-01 01:40:00+00:00,81.0,81.0999984741211,80.9000015258789,80.9000015258789,35412,0.0,0.0
2025-08-01 01:45:00+00:00,80.9000015258789,81.19999694824219,80.80000305175781,80.80000305175781,75400,0.0,0.0
2025-08-01 01:50:00+00:00,80.80000305175781,81.0,80.5,80.5,28907,0.0,0.0
2025-08-01 01:55:00+00:00,80.5,80.5999984741211,80.5,80.5999984741211,10206,0.0,0.0
2025-08-01 02:00:00+00:00,80.5,80.5,80.4000015258789,80.4000015258789,12609,0.0,0.0
2025-08-01 02:05:00+00:00,80.4000015258789,80.4000015258789,80.4000015258789,80.4000015258789,9000,0.0,0.0
2025-08-01 02:10:00+00:00,80.4000015258789,80.80000305175781,80.30000305175781,80.80000305175781,43031,0.0,0.0
2025-08-01 02:15:00+00:00,80.80000305175781,80.80000305175781,80.5999984741211,80.80000305175781,16092,0.0,0.0
2025-08-01 02:20:00+00:00,80.80000305175781,80.80000305175781,80.5,80.5,16148,0.0,0.0
2025-08-01 02:25:00+00:00,80.5,80.69999694824219,80.5,80.5,18015,0.0,0.0
2025-08-01 02:30:00+00:00,80.5,80.5,79.80000305175781,79.80000305175781,90496,0.0,0.0
2025-08-01 02:35:00+00:00,79.80000305175781,80.0999984741211,79.80000305175781,80.0999984741211,11200,0.0,0.0
2025-08-01 02:40:00+00:00,80.0999984741211,80.19999694824219,80.0,80.19999694824219,18000,0.0,0.0
2025-08-01 02:45:00+00:00,80.0999984741211,80.0999984741211,80.0999984741211,80.0999984741211,5000,0.0,0.0
2025-08-01 02:50:00+00:00,80.0999984741211,80.19999694824219,80.0,80.0999984741211,11050,0.0,0.0
2025-08-01 02:55:00+00:00,80.0,80.0999984741211,79.5999984741211,79.5999984741211,69553,0.0,0.0
2025-08-01 03:00:00+00:00,79.9000015258789,80.0999984741211,79.9000015258789,80.0,46000,0.0,0.0
2025-08-01 03:05:00+00:00,80.0,80.0,80.0,80.0,20000,0.0,0.0
2025-08-01 03:10:00+00:00,80.0,80.0,79.9000015258789,79.9000015258789,20026,0.0,0.0
2025-08-01 03:15:00+00:00,79.80000305175781,80.0999984741211,79.5999984741211,80.0999984741211,84689,0.0,0.0
2025-08-01 03:20:00+00:00,80.0999984741211,80.19999694824219,80.0999984741211,80.19999694824219,11000,0.0,0.0
2025-08-01 03:25:00+00:00,80.19999694824219,80.30000305175781,80.0999984741211,80.0999984741211,19100,0.0,0.0
2025-08-01 03:30:00+00:00,80.0999984741211,80.0999984741211,80.0999984741211,80.0999984741211,4294,0.0,0.0
2025-08-01 03:35:00+00:00,80.19999694824219,80.19999694824219,80.0999984741211,80.19999694824219,15032,0.0,0.0
2025-08-01 03:40:00+00:00,80.0999984741211,80.0999984741211,79.9000015258789,80.0,24100,0.0,0.0
2025-08-01 03:45:00+00:00,79.9000015258789,80.19999694824219,79.9000015258789,80.19999694824219,7000,0.0,0.0
2025-08-01 03:50:00+00:00,80.19999694824219,80.19999694824219,80.0999984741211,80.19999694824219,5000,0.0,0.0
2025-08-01 03:55:00+00:00,80.19999694824219,80.19999694824219,80.19999694824219,80.19999694824219,3525,0.0,0.0
2025-08-01 04:00:00+00:00,80.0999984741211,80.0999984741211,80.0,80.0,45100,0.0,0.0
2025-08-01 04:05:00+00:00,79.9000015258789,79.9000015258789,79.9000015258789,79.9000015258789,5000,0.0,0.0
2025-08-01 04:10:00+00:00,79.9000015258789,80.0,79.9000015258789,79.9000015258789,17498,0.0,0.0
2025-08-01 04:15:00+00:00,79.9000015258789,80.0,79.9000015258789,80.0,9002,0.0,0.0
2025-08-01 04:20:00+00:00,80.0,80.0999984741211,80.0,80.0,6000,0.0,0.0
2025-08-01 04:25:00+00:00,80.0,80.0,80.0,80.0,8050,0.0,0.0
2025-08-01 04:30:00+00:00,80.0,80.0,79.80000305175781,79.80000305175781,49353,0.0,0.0
2025-08-01 04:35:00+00:00,79.9000015258789,80.0,79.9000015258789,80.0,17115,0.0,0.0
2025-08-01 04:40:00+00:00,80.0,80.0,79.9000015258789,80.0,15025,0.0,0.0
2025-08-01 04:45:00+00:00,80.0,80.0,80.0,80.0,4200,0.0,0.0
2025-08-01 04:50:00+00:00,79.9000015258789,80.19999694824219,79.9000015258789,80.19999694824219,43010,0.0,0.0
2025-08-01 04:55:00+00:00,80.0999984741211,80.0999984741211,80.0999984741211,80.0999984741211,9000,0.0,0.0
2025-08-01 05:00:00+00:00,80.0,80.0,79.9000015258789,79.9000015258789,27000,0.0,0.0
2025-08-01 05:05:00+00:00,79.9000015258789,79.9000015258789,79.5999984741211,79.69999694824219,69905,0.0,0.0
2025-08-01 05:10:00+00:00,79.69999694824219,79.80000305175781,79.5999984741211,79.80000305175781,37210,0.0,0.0
2025-08-01 05:15:00+00:00,79.69999694824219,79.69999694824219,79.5999984741211,79.69999694824219,52057,0.0,0.0
2025-08-01 05:20:00+00:00,79.69999694824219,79.80000305175781,79.69999694824219,79.80000305175781,43357,0.0,0.0
2025-08-04 01:00:00+00:00,79.30000305175781,79.30000305175781,78.5,78.69999694824219,0,0.0,0.0
2025-08-04 01:05:00+00:00,78.9000015258789,78.9000015258789,78.5,78.5,98000,0.0,0.0
2025-08-04 01:10:00+00:00,78.5,79.30000305175781,78.4000015258789,79.0999984741211,90176,0.0,0.0
2025-08-04 01:15:00+00:00,79.0999984741211,79.30000305175781,78.80000305175781,79.0999984741211,55579,0.0,0.0
2025-08-04 01:20:00+00:00,79.19999694824219,79.4000015258789,79.19999694824219,79.30000305175781,20000,0.0,0.0
2025-08-04 01:25:00+00:00,79.19999694824219,79.80000305175781,79.19999694824219,79.69999694824219,33010,0.0,0.0
2025-08-04 01:30:00+00:00,79.80000305175781,80.4000015258789,79.80000305175781,80.30000305175781,77017,0.0,0.0
2025-08-04 01:35:00+00:00,80.4000015258789,80.5,80.19999694824219,80.30000305175781,39105,0.0,0.0
2025-08-04 01:40:00+00:00,80.30000305175781,80.4000015258789,80.19999694824219,80.19999694824219,14201,0.0,0.0
2025-08-04 01:45:00+00:00,80.0999984741211,80.0999984741211,80.0999984741211,80.0999984741211,5152,0.0,0.0
2025-08-04 01:50:00+00:00,80.0999984741211,80.4000015258789,80.0999984741211,80.4000015258789,33005,0.0,0.0
2025-08-04 01:55:00+00:00,80.30000305175781,80.30000305175781,80.0,80.0999984741211,26050,0.0,0.0
2025-08-04 02:00:00+00:00,80.19999694824219,80.30000305175781,80.0999984741211,80.19999694824219,9030,0.0,0.0
2025-08-04 02:05:00+00:00,80.19999694824219,80.19999694824219,80.0,80.0,28150,0.0,0.0
2025-08-04 02:10:00+00:00,80.0,80.0999984741211,80.0,80.0,15019,0.0,0.0
2025-08-04 02:15:00+00:00,80.0,80.69999694824219,80.0,80.5999984741211,107225,0.0,0.0
2025-08-04 02:20:00+00:00,80.5,80.5,80.30000305175781,80.30000305175781,15055,0.0,0.0
2025-08-04 02:25:00+00:00,80.19999694824219,80.19999694824219,79.9000015258789,79.9000015258789,23182,0.0,0.0
2025-08-04 02:30:00+00:00,79.9000015258789,80.0,79.80000305175781,79.80000305175781,23250,0.0,0.0
2025-08-04 02:35:00+00:00,79.69999694824219,79.69999694824219,79.5999984741211,79.5999984741211,18229,0.0,0.0
2025-08-04 02:40:00+00:00,79.69999694824219,79.9000015258789,79.69999694824219,79.9000015258789,11000,0.0,0.0
2025-08-04 02:45:00+00:00,79.80000305175781,79.80000305175781,79.80000305175781,79.80000305175781,5506,0.0,0.0
2025-08-04 02:50:00+00:00,79.69999694824219,79.69999694824219,79.5999984741211,79.5999984741211,19225,0.0,0.0
2025-08-04 02:55:00+00:00,79.69999694824219,79.69999694824219,79.5,79.5,8468,0.0,0.0
2025-08-04 03:00:00+00:00,79.5999984741211,79.5999984741211,79.4000015258789,79.5,26064,0.0,0.0
2025-08-04 03:05:00+00:00,79.5,79.5,79.30000305175781,79.4000015258789,27000,0.0,0.0
2025-08-04 03:10:00+00:00,79.30000305175781,79.4000015258789,79.30000305175781,79.4000015258789,9000,0.0,0.0
2025-08-04 03:15:00+00:00,79.4000015258789,79.5,79.30000305175781,79.30000305175781,7006,0.0,0.0
2025-08-04 03:20:00+00:00,79.30000305175781,79.30000305175781,79.19999694824219,79.19999694824219,23511,0.0,0.0
2025-08-04 03:25:00+00:00,79.19999694824219,79.30000305175781,79.19999694824219,79.30000305175781,12653,0.0,0.0
2025-08-04 03:30:00+00:00,79.30000305175781,79.30000305175781,79.30000305175781,79.30000305175781,5025,0.0,0.0
2025-08-04 03:35:00+00:00,79.30000305175781,79.4000015258789,79.30000305175781,79.30000305175781,9000,0.0,0.0
2025-08-04 03:40:00+00:00,79.5,79.5999984741211,79.5,79.5999984741211,9364,0.0,0.0
2025-08-04 03:45:00+00:00,79.5999984741211,79.80000305175781,79.5999984741211,79.80000305175781,2000,0.0,0.0
2025-08-04 03:50:00+00:00,79.80000305175781,79.80000305175781,79.69999694824219,79.80000305175781,3000,0.0,0.0
2025-08-04 03:55:00+00:00,79.80000305175781,79.80000305175781,79.69999694824219,79.69999694824219,6075,0.0,0.0
2025-08-04 04:00:00+00:00,79.69999694824219,79.69999694824219,79.69999694824219,79.69999694824219,4000,0.0,0.0
2025-08-04 04:05:00+00:00,79.80000305175781,79.80000305175781,79.5999984741211,79.5999984741211,6000,0.0,0.0
2025-08-04 04:10:00+00:00,79.5999984741211,79.5999984741211,79.5,79.5,3015,0.0,0.0
2025-08-04 04:15:00+00:00,79.5,79.5999984741211,79.5,79.5999984741211,7000,0.0,0.0
2025-08-04 04:20:00+00:00,79.69999694824219,79.69999694824219,79.5999984741211,79.5999984741211,6117,0.0,0.0
2025-08-04 04:25:00+00:00,79.5999984741211,79.5999984741211,79.5999984741211,79.5999984741211,2000,0.0,0.0
2025-08-04 04:30:00+00:00,79.69999694824219,79.69999694824219,79.69999694824219,79.69999694824219,3000,0.0,0.0
2025-08-04 04:35:00+00:00,79.69999694824219,79.80000305175781,79.69999694824219,79.69999694824219,5000,0.0,0.0
2025-08-04 04:40:00+00:00,79.69999694824219,79.69999694824219,79.5999984741211,79.5999984741211,5000,0.0,0.0
2025-08-04 04:45:00+00:00,79.5999984741211,79.5999984741211,79.5999984741211,79.5999984741211,5530,0.0,0.0
2025-08-04 04:50:00+00:00,79.69999694824219,79.69999694824219,79.69999694824219,79.69999694824219,2024,0.0,0.0
2025-08-04 04:55:00+00:00,79.5999984741211,79.5999984741211,79.4000015258789,79.4000015258789,31164,0.0,0.0
2025-08-04 05:00:00+00:00,79.4000015258789,79.5,79.4000015258789,79.5,8113,0.0,0.0
2025-08-04 05:05:00+00:00,79.5,79.5,79.30000305175781,79.5,40026,0.0,0.0
2025-08-04 05:10:00+00:00,79.5,79.5,79.30000305175781,79.30000305175781,17012,0.0,0.0
2025-08-04 05:15:00+00:00,79.30000305175781,79.4000015258789,79.30000305175781,79.30000305175781,34973,0.0,0.0
2025-08-04 05:20:00+00:00,79.4000015258789,79.5,79.19999694824219,79.19999694824219,46359,0.0,0.0
2025-08-05 01:00:00+00:00,78.5,79.0,77.69999694824219,78.0,0,0.0,0.0
2025-08-05 01:05:00+00:00,78.0,79.30000305175781,77.9000015258789,79.30000305175781,249943,0.0,0.0
2025-08-05 01:10:00+00:00,79.30000305175781,80.19999694824219,78.9000015258789,79.0,217234,0.0,0.0
2025-08-05 01:15:00+00:00,79.0999984741211,79.5,79.0,79.5,46276,0.0,0.0
2025-08-05 01:20:00+00:00,79.4000015258789,81.4000015258789,79.30000305175781,81.4000015258789,393778,0.0,0.0
2025-08-05 01:25:00+00:00,81.30000305175781,81.5,80.5999984741211,80.5999984741211,336052,0.0,0.0
2025-08-05 01:30:00+00:00,80.5999984741211,80.9000015258789,80.5999984741211,80.69999694824219,90075,0.0,0.0
2025-08-05 01:35:00+00:00,80.69999694824219,80.9000015258789,80.4000015258789,80.69999694824219,113345,0.0,0.0
2025-08-05 01:40:00+00:00,80.69999694824219,81.0999984741211,80.69999694824219,81.0999984741211,142300,0.0,0.0
2025-08-05 01:45:00+00:00,81.0999984741211,83.0,81.0999984741211,82.5,824358,0.0,0.0
2025-08-05 01:50:00+00:00,82.5,82.5,81.5999984741211,82.30000305175781,311840,0.0,0.0
2025-08-05 01:55:00+00:00,82.30000305175781,82.5,82.0,82.0,193701,0.0,0.0
2025-08-05 02:00:00+00:00,82.0,82.0,81.69999694824219,81.9000015258789,72240,0.0,0.0
2025-08-05 02:05:00+00:00,81.9000015258789,81.9000015258789,81.5999984741211,81.69999694824219,55344,0.0,0.0
2025-08-05 02:10:00+00:00,81.69999694824219,81.69999694824219,81.5,81.69999694824219,87249,0.0,0.0
2025-08-05 02:15:00+00:00,81.69999694824219,82.0999984741211,81.69999694824219,82.0,119712,0.0,0.0
2025-08-05 02:20:00+00:00,82.0,82.4000015258789,82.0,82.30000305175781,161549,0.0,0.0
2025-08-05 02:25:00+00:00,82.30000305175781,82.5999984741211,82.30000305175781,82.4000015258789,208492,0.0,0.0
2025-08-05 02:30:00+00:00,82.4000015258789,82.9000015258789,82.4000015258789,82.80000305175781,267128,0.0,0.0
2025-08-05 02:35:00+00:00,82.80000305175781,83.0,82.5999984741211,82.5999984741211,124533,0.0,0.0
2025-08-05 02:40:00+00:00,82.69999694824219,82.80000305175781,82.5999984741211,82.5999984741211,73354,0.0,0.0
2025-08-05 02:45:00+00:00,82.5,82.80000305175781,82.4000015258789,82.69999694824219,111195,0.0,0.0
2025-08-05 02:50:00+00:00,82.69999694824219,82.9000015258789,82.5,82.5,171443,0.0,0.0
2025-08-05 02:55:00+00:00,82.5,82.5999984741211,82.19999694824219,82.30000305175781,71612,0.0,0.0
2025-08-05 03:00:00+00:00,82.30000305175781,82.5,82.0999984741211,82.19999694824219,57424,0.0,0.0
2025-08-05 03:05:00+00:00,82.19999694824219,82.4000015258789,82.19999694824219,82.19999694824219,26261,0.0,0.0
2025-08-05 03:10:00+00:00,82.19999694824219,82.19999694824219,82.0,82.0,49886,0.0,0.0
2025-08-05 03:15:00+00:00,82.0,82.0999984741211,82.0,82.0,37337,0.0,0.0
2025-08-05 03:20:00+00:00,82.0,82.19999694824219,82.0,82.19999694824219,19010,0.0,0.0
2025-08-05 03:25:00+00:00,82.0999984741211,82.0999984741211,82.0,82.0,30185,0.0,0.0
2025-08-05 03:30:00+00:00,82.0,82.0,81.9000015258789,82.0,23004,0.0,0.0
2025-08-05 03:35:00+00:00,81.9000015258789,81.9000015258789,81.69999694824219,81.69999694824219,47011,0.0,0.0
2025-08-05 03:40:00+00:00,81.69999694824219,81.69999694824219,81.69999694824219,81.69999694824219,18516,0.0,0.0
2025-08-05 03:45:00+00:00,81.69999694824219,81.80000305175781,81.5999984741211,81.69999694824219,45127,0.0,0.0
2025-08-05 03:50:00+00:00,81.69999694824219,81.80000305175781,81.30000305175781,81.30000305175781,83001,0.0,0.0
2025-08-05 03:55:00+00:00,81.30000305175781,81.4000015258789,81.30000305175781,81.30000305175781,50299,0.0,0.0
2025-08-05 04:00:00+00:00,81.30000305175781,81.5,81.30000305175781,81.30000305175781,34252,0.0,0.0
2025-08-05 04:05:00+00:00,81.30000305175781,81.4000015258789,81.30000305175781,81.30000305175781,14070,0.0,0.0
2025-08-05 04:10:00+00:00,81.30000305175781,81.30000305175781,81.0,81.0,69236,0.0,0.0
2025-08-05 04:15:00+00:00,81.0999984741211,81.0999984741211,81.0,81.0,67010,0.0,0.0
2025-08-05 04:20:00+00:00,81.0,81.0999984741211,80.9000015258789,81.0999984741211,16010,0.0,0.0
2025-08-05 04:25:00+00:00,81.0,81.0999984741211,81.0,81.0,13150,0.0,0.0
2025-08-05 04:30:00+00:00,81.0,81.0,80.80000305175781,80.80000305175781,51275,0.0,0.0
2025-08-05 04:35:00+00:00,80.80000305175781,80.80000305175781,80.5,80.69999694824219,79564,0.0,0.0
2025-08-05 04:40:00+00:00,80.69999694824219,80.69999694824219,80.5,80.69999694824219,28039,0.0,0.0
2025-08-05 04:45:00+00:00,80.69999694824219,80.80000305175781,80.5999984741211,80.5999984741211,32548,0.0,0.0
2025-08-05 04:50:00+00:00,80.5999984741211,80.5999984741211,80.5,80.5,17134,0.0,0.0
2025-08-05 04:55:00+00:00,80.5,80.5999984741211,80.4000015258789,80.5999984741211,66807,0.0,0.0
2025-08-05 05:00:00+00:00,80.69999694824219,80.69999694824219,80.5,80.5,29300,0.0,0.0
2025-08-05 05:05:00+00:00,80.5999984741211,80.5999984741211,80.4000015258789,80.5999984741211,40248,0.0,0.0
2025-08-05 05:10:00+00:00,80.5999984741211,80.5999984741211,80.19999694824219,80.30000305175781,104532,0.0,0.0
2025-08-05 05:15:00+00:00,80.30000305175781,80.5,80.30000305175781,80.5,42212,0.0,0.0
2025-08-05 05:20:00+00:00,80.5,80.5999984741211,80.30000305175781,80.5,70488,0.0,0.0
2025-08-06 01:00:00+00:00,81.69999694824219,82.5,81.5999984741211,82.19999694824219,0,0.0,0.0
2025-08-06 01:05:00+00:00,82.19999694824219,83.19999694824219,82.19999694824219,82.9000015258789,680000,0.0,0.0
2025-08-06 01:10:00+00:00,82.9000015258789,83.0,82.5999984741211,83.0,395160,0.0,0.0
2025-08-06 01:15:00+00:00,83.0,83.30000305175781,82.4000015258789,82.69999694824219,499315,0.0,0.0
2025-08-06 01:20:00+00:00,82.5999984741211,82.69999694824219,82.4000015258789,82.4000015258789,109083,0.0,0.0
2025-08-06 01:25:00+00:00,82.4000015258789,82.4000015258789,81.30000305175781,81.69999694824219,284660,0.0,0.0
2025-08-06 01:30:00+00:00,81.5,81.69999694824219,81.0999984741211,81.0999984741211,204990,0.0,0.0
2025-08-06 01:35:00+00:00,81.0999984741211,81.69999694824219,81.0,81.5999984741211,155610,0.0,0.0
2025-08-06 01:40:00+00:00,81.5999984741211,81.69999694824219,81.4000015258789,81.4000015258789,76631,0.0,0.0
2025-08-06 01:45:00+00:00,81.30000305175781,81.5,81.19999694824219,81.19999694824219,71430,0.0,0.0
2025-08-06 01:50:00+00:00,81.19999694824219,81.69999694824219,81.19999694824219,81.5,45208,0.0,0.0
2025-08-06 01:55:00+00:00,81.5,81.5999984741211,81.19999694824219,81.5,27040,0.0,0.0
2025-08-06 02:00:00+00:00,81.4000015258789,82.0,81.4000015258789,82.0,96025,0.0,0.0
2025-08-06 02:05:00+00:00,82.0,82.4000015258789,81.69999694824219,81.80000305175781,147644,0.0,0.0
2025-08-06 02:10:00+00:00,81.9000015258789,82.19999694824219,81.80000305175781,82.19999694824219,61057,0.0,0.0
2025-08-06 02:15:00+00:00,82.0999984741211,82.30000305175781,82.0,82.0,43923,0.0,0.0
2025-08-06 02:20:00+00:00,82.0,82.0999984741211,81.69999694824219,81.69999694824219,39130,0.0,0.0
2025-08-06 02:25:00+00:00,81.69999694824219,81.80000305175781,81.5,81.5999984741211,63209,0.0,0.0
2025-08-06 02:30:00+00:00,81.5999984741211,81.80000305175781,81.5999984741211,81.69999694824219,27243,0.0,0.0
2025-08-06 02:35:00+00:00,81.80000305175781,81.9000015258789,81.80000305175781,81.80000305175781,9003,0.0,0.0
2025-08-06 02:40:00+00:00,81.69999694824219,81.80000305175781,81.69999694824219,81.80000305175781,11000,0.0,0.0
2025-08-06 02:45:00+00:00,81.9000015258789,82.0999984741211,81.80000305175781,82.0,40550,0.0,0.0
2025-08-06 02:50:00+00:00,82.0,82.0,81.5,81.69999694824219,93519,0.0,0.0
2025-08-06 02:55:00+00:00,81.80000305175781,82.80000305175781,81.80000305175781,82.5999984741211,307715,0.0,0.0
2025-08-06 03:00:00+00:00,82.5999984741211,82.9000015258789,82.5,82.69999694824219,182211,0.0,0.0
2025-08-06 03:05:00+00:00,82.69999694824219,83.19999694824219,82.4000015258789,83.19999694824219,311657,0.0,0.0
2025-08-06 03:10:00+00:00,83.19999694824219,83.30000305175781,82.69999694824219,82.69999694824219,164763,0.0,0.0
2025-08-06 03:15:00+00:00,82.69999694824219,83.5,82.69999694824219,83.19999694824219,356904,0.0,0.0
2025-08-06 03:20:00+00:00,83.19999694824219,83.30000305175781,82.9000015258789,82.9000015258789,84373,0.0,0.0
2025-08-06 03:25:00+00:00,82.9000015258789,83.5,82.9000015258789,83.5,166057,0.0,0.0
2025-08-06 03:30:00+00:00,83.4000015258789,83.5,83.19999694824219,83.5,272787,0.0,0.0
2025-08-06 03:35:00+00:00,83.5,83.80000305175781,83.5,83.69999694824219,353474,0.0,0.0
2025-08-06 03:40:00+00:00,83.69999694824219,83.80000305175781,83.19999694824219,83.5,177203,0.0,0.0
2025-08-06 03:45:00+00:00,83.5,83.9000015258789,83.5,83.80000305175781,133864,0.0,0.0
2025-08-06 03:50:00+00:00,83.80000305175781,83.9000015258789,83.69999694824219,83.69999694824219,89221,0.0,0.0
2025-08-06 03:55:00+00:00,83.5999984741211,83.80000305175781,83.5999984741211,83.69999694824219,73073,0.0,0.0
2025-08-06 04:00:00+00:00,83.80000305175781,83.9000015258789,83.69999694824219,83.69999694824219,63212,0.0,0.0
2025-08-06 04:05:00+00:00,83.69999694824219,83.80000305175781,83.69999694824219,83.80000305175781,69563,0.0,0.0
2025-08-06 04:10:00+00:00,83.80000305175781,83.80000305175781,83.69999694824219,83.69999694824219,47405,0.0,0.0
2025-08-06 04:15:00+00:00,83.80000305175781,83.80000305175781,83.5999984741211,83.5999984741211,54059,0.0,0.0
2025-08-06 04:20:00+00:00,83.5,83.5999984741211,83.19999694824219,83.30000305175781,127950,0.0,0.0
2025-08-06 04:25:00+00:00,83.30000305175781,83.5999984741211,83.19999694824219,83.30000305175781,111144,0.0,0.0
2025-08-06 04:30:00+00:00,83.30000305175781,83.4000015258789,83.30000305175781,83.4000015258789,28125,0.0,0.0
2025-08-06 04:35:00+00:00,83.4000015258789,83.5,83.4000015258789,83.4000015258789,31018,0.0,0.0
2025-08-06 04:40:00+00:00,83.4000015258789,83.5,83.0999984741211,83.5,101777,0.0,0.0
2025-08-06 04:45:00+00:00,83.5,84.19999694824219,83.4000015258789,83.9000015258789,412864,0.0,0.0
2025-08-06 04:50:00+00:00,84.0,84.0,83.80000305175781,83.9000015258789,94460,0.0,0.0
2025-08-06 04:55:00+00:00,83.9000015258789,83.9000015258789,83.4000015258789,83.4000015258789,59576,0.0,0.0
2025-08-06 05:00:00+00:00,83.5,84.0,83.4000015258789,83.80000305175781,70503,0.0,0.0
2025-08-06 05:05:00+00:00,83.9000015258789,84.0,83.69999694824219,83.69999694824219,118222,0.0,0.0
2025-08-06 05:10:00+00:00,83.69999694824219,83.80000305175781,83.4000015258789,83.5,129117,0.0,0.0
2025-08-06 05:15:00+00:00,83.5,83.80000305175781,83.5,83.69999694824219,89212,0.0,0.0
2025-08-06 05:20:00+00:00,83.69999694824219,83.80000305175781,83.5,83.5999984741211,186309,0.0,0.0
2025-08-07 01:00:00+00:00,84.19999694824219,85.0,83.0999984741211,83.9000015258789,0,0.0,0.0
2025-08-07 01:05:00+00:00,83.9000015258789,84.0,83.5,83.5,278942,0.0,0.0
2025-08-07 01:10:00+00:00,83.4000015258789,83.69999694824219,83.30000305175781,83.5999984741211,218153,0.0,0.0
2025-08-07 01:15:00+00:00,83.80000305175781,84.30000305175781,83.69999694824219,84.30000305175781,241112,0.0,0.0
2025-08-07 01:20:00+00:00,84.30000305175781,84.80000305175781,84.19999694824219,84.5999984741211,577476,0.0,0.0
2025-08-07 01:25:00+00:00,84.5999984741211,84.5999984741211,84.19999694824219,84.19999694824219,199263,0.0,0.0
2025-08-07 01:30:00+00:00,84.30000305175781,84.4000015258789,84.19999694824219,84.30000305175781,86660,0.0,0.0
2025-08-07 01:35:00+00:00,84.19999694824219,84.80000305175781,84.19999694824219,84.5999984741211,207008,0.0,0.0
2025-08-07 01:40:00+00:00,84.5999984741211,84.80000305175781,84.4000015258789,84.4000015258789,182040,0.0,0.0
2025-08-07 01:45:00+00:00,84.4000015258789,84.5,84.30000305175781,84.4000015258789,53260,0.0,0.0
2025-08-07 01:50:00+00:00,84.4000015258789,84.4000015258789,83.9000015258789,84.0,294881,0.0,0.0
2025-08-07 01:55:00+00:00,84.0,84.0999984741211,83.9000015258789,83.9000015258789,45102,0.0,0.0
2025-08-07 02:00:00+00:00,83.9000015258789,84.0,83.80000305175781,83.80000305175781,83564,0.0,0.0
2025-08-07 02:05:00+00:00,83.80000305175781,83.80000305175781,83.5999984741211,83.80000305175781,98084,0.0,0.0
2025-08-07 02:10:00+00:00,83.69999694824219,83.9000015258789,83.69999694824219,83.9000015258789,63020,0.0,0.0
2025-08-07 02:15:00+00:00,84.0,84.30000305175781,83.9000015258789,84.0999984741211,77389,0.0,0.0
2025-08-07 02:20:00+00:00,84.0,84.0,83.80000305175781,83.80000305175781,68401,0.0,0.0
2025-08-07 02:25:00+00:00,83.80000305175781,84.0,83.5999984741211,84.0,73301,0.0,0.0
2025-08-07 02:30:00+00:00,84.0,84.0,83.80000305175781,84.0,18293,0.0,0.0
2025-08-07 02:35:00+00:00,84.0,84.0999984741211,84.0,84.0999984741211,29381,0.0,0.0
2025-08-07 02:40:00+00:00,84.0999984741211,84.0999984741211,83.9000015258789,83.9000015258789,56555,0.0,0.0
2025-08-07 02:45:00+00:00,83.9000015258789,83.9000015258789,83.9000015258789,83.9000015258789,20624,0.0,0.0
2025-08-07 02:50:00+00:00,83.9000015258789,84.0,83.9000015258789,83.9000015258789,19010,0.0,0.0
2025-08-07 02:55:00+00:00,83.9000015258789,83.9000015258789,83.80000305175781,83.80000305175781,61617,0.0,0.0
2025-08-07 03:00:00+00:00,83.80000305175781,83.80000305175781,83.69999694824219,83.69999694824219,47574,0.0,0.0
2025-08-07 03:05:00+00:00,83.69999694824219,83.69999694824219,83.5999984741211,83.69999694824219,57576,0.0,0.0
2025-08-07 03:10:00+00:00,83.69999694824219,83.9000015258789,83.5,83.9000015258789,136362,0.0,0.0
2025-08-07 03:15:00+00:00,83.9000015258789,83.9000015258789,83.80000305175781,83.80000305175781,10000,0.0,0.0
2025-08-07 03:20:00+00:00,83.80000305175781,84.0,83.80000305175781,84.0,41010,0.0,0.0
2025-08-07 03:25:00+00:00,84.0,84.0999984741211,83.9000015258789,84.0,33282,0.0,0.0
2025-08-07 03:30:00+00:00,83.9000015258789,83.9000015258789,83.80000305175781,83.80000305175781,49002,0.0,0.0
2025-08-07 03:35:00+00:00,83.80000305175781,83.9000015258789,83.80000305175781,83.80000305175781,10024,0.0,0.0
2025-08-07 03:40:00+00:00,83.80000305175781,83.80000305175781,83.80000305175781,83.80000305175781,9100,0.0,0.0
2025-08-07 03:45:00+00:00,83.9000015258789,83.9000015258789,83.80000305175781,83.9000015258789,32222,0.0,0.0
2025-08-07 03:50:00+00:00,83.9000015258789,84.0,83.9000015258789,83.9000015258789,14058,0.0,0.0
2025-08-07 03:55:00+00:00,83.9000015258789,84.0,83.9000015258789,83.9000015258789,31406,0.0,0.0
2025-08-07 04:00:00+00:00,83.9000015258789,84.0,83.9000015258789,84.0,22215,0.0,0.0
2025-08-07 04:05:00+00:00,83.9000015258789,83.9000015258789,83.80000305175781,83.80000305175781,11224,0.0,0.0
2025-08-07 04:10:00+00:00,83.9000015258789,83.9000015258789,83.80000305175781,83.80000305175781,12000,0.0,0.0
2025-08-07 04:15:00+00:00,83.80000305175781,83.9000015258789,83.80000305175781,83.80000305175781,22000,0.0,0.0
2025-08-07 04:20:00+00:00,83.80000305175781,83.80000305175781,83.80000305175781,83.80000305175781,14200,0.0,0.0
2025-08-07 04:25:00+00:00,83.80000305175781,83.9000015258789,83.80000305175781,83.80000305175781,32050,0.0,0.0
2025-08-07 04:30:00+00:00,83.80000305175781,83.9000015258789,83.19999694824219,83.19999694824219,366561,0.0,0.0
2025-08-07 04:35:00+00:00,83.19999694824219,83.5,83.19999694824219,83.5,36626,0.0,0.0
2025-08-07 04:40:00+00:00,83.5,83.5,83.0,83.0999984741211,117166,0.0,0.0
2025-08-07 04:45:00+00:00,83.0999984741211,83.30000305175781,83.0,83.30000305175781,107240,0.0,0.0
2025-08-07 04:50:00+00:00,83.30000305175781,83.5999984741211,83.30000305175781,83.5,86380,0.0,0.0
2025-08-07 04:55:00+00:00,83.4000015258789,83.4000015258789,83.30000305175781,83.30000305175781,49600,0.0,0.0
2025-08-07 05:00:00+00:00,83.30000305175781,83.30000305175781,83.0999984741211,83.19999694824219,65324,0.0,0.0
2025-08-07 05:05:00+00:00,83.19999694824219,83.19999694824219,83.0,83.0999984741211,71360,0.0,0.0
2025-08-07 05:10:00+00:00,83.0999984741211,83.19999694824219,83.0999984741211,83.0999984741211,94210,0.0,0.0
2025-08-07 05:15:00+00:00,83.0999984741211,83.30000305175781,83.0999984741211,83.19999694824219,119000,0.0,0.0
2025-08-07 05:20:00+00:00,83.19999694824219,83.30000305175781,83.0,83.0,154503,0.0,0.0
2025-08-08 01:00:00+00:00,82.80000305175781,83.30000305175781,82.80000305175781,82.80000305175781,0,0.0,0.0
2025-08-08 01:05:00+00:00,82.9000015258789,82.9000015258789,82.5,82.69999694824219,184000,0.0,0.0
2025-08-08 01:10:00+00:00,82.80000305175781,82.9000015258789,82.5999984741211,82.5999984741211,89466,0.0,0.0
2025-08-08 01:15:00+00:00,82.5999984741211,82.69999694824219,82.0,82.19999694824219,302649,0.0,0.0
2025-08-08 01:20:00+00:00,82.19999694824219,82.30000305175781,82.0999984741211,82.19999694824219,76755,0.0,0.0
2025-08-08 01:25:00+00:00,82.4000015258789,82.69999694824219,82.4000015258789,82.69999694824219,68200,0.0,0.0
2025-08-08 01:30:00+00:00,82.69999694824219,83.5,82.69999694824219,83.0999984741211,153180,0.0,0.0
2025-08-08 01:35:00+00:00,83.0999984741211,83.19999694824219,82.69999694824219,82.9000015258789,58929,0.0,0.0
2025-08-08 01:40:00+00:00,82.9000015258789,83.0,82.69999694824219,83.0,24225,0.0,0.0
2025-08-08 01:45:00+00:00,83.0,83.0999984741211,82.80000305175781,82.80000305175781,33543,0.0,0.0
2025-08-08 01:50:00+00:00,82.80000305175781,82.80000305175781,82.80000305175781,82.80000305175781,27178,0.0,0.0
2025-08-08 01:55:00+00:00,82.80000305175781,82.80000305175781,82.5,82.69999694824219,93433,0.0,0.0
2025-08-08 02:00:00+00:00,82.69999694824219,83.0999984741211,82.69999694824219,83.0999984741211,40323,0.0,0.0
2025-08-08 02:05:00+00:00,83.0999984741211,83.19999694824219,83.0,83.0999984741211,79100,0.0,0.0
2025-08-08 02:10:00+00:00,83.0999984741211,83.0999984741211,83.0,83.0999984741211,14130,0.0,0.0
2025-08-08 02:15:00+00:00,83.0999984741211,83.0999984741211,83.0,83.0999984741211,41000,0.0,0.0
2025-08-08 02:20:00+00:00,83.19999694824219,83.19999694824219,83.0,83.0,19722,0.0,0.0
2025-08-08 02:25:00+00:00,82.9000015258789,82.9000015258789,82.69999694824219,82.69999694824219,31015,0.0,0.0
2025-08-08 02:30:00+00:00,82.69999694824219,82.9000015258789,82.5999984741211,82.9000015258789,33277,0.0,0.0
2025-08-08 02:35:00+00:00,83.0,83.5,83.0,83.19999694824219,87143,0.0,0.0
2025-08-08 02:40:00+00:00,83.19999694824219,83.5,83.0999984741211,83.4000015258789,48401,0.0,0.0
2025-08-08 02:45:00+00:00,83.4000015258789,83.69999694824219,83.19999694824219,83.69999694824219,137613,0.0,0.0
2025-08-08 02:50:00+00:00,83.69999694824219,83.69999694824219,83.5,83.5,50100,0.0,0.0
2025-08-08 02:55:00+00:00,83.4000015258789,83.5999984741211,83.19999694824219,83.5,50050,0.0,0.0
2025-08-08 03:00:00+00:00,83.5,83.5,83.4000015258789,83.4000015258789,16100,0.0,0.0
2025-08-08 03:05:00+00:00,83.4000015258789,83.69999694824219,83.4000015258789,83.69999694824219,72555,0.0,0.0
2025-08-08 03:10:00+00:00,83.69999694824219,83.69999694824219,83.30000305175781,83.5999984741211,38140,0.0,0.0
2025-08-08 03:15:00+00:00,83.5999984741211,84.0999984741211,83.5999984741211,83.9000015258789,146660,0.0,0.0
2025-08-08 03:20:00+00:00,83.9000015258789,83.9000015258789,83.5999984741211,83.69999694824219,56195,0.0,0.0
2025-08-08 03:25:00+00:00,83.5999984741211,83.69999694824219,83.5,83.5,11355,0.0,0.0
2025-08-08 03:30:00+00:00,83.5,83.5,83.19999694824219,83.19999694824219,50050,0.0,0.0
2025-08-08 03:35:00+00:00,83.19999694824219,83.19999694824219,83.19999694824219,83.19999694824219,9530,0.0,0.0
2025-08-08 03:40:00+00:00,83.19999694824219,83.19999694824219,83.19999694824219,83.19999694824219,8020,0.0,0.0
2025-08-08 03:45:00+00:00,83.19999694824219,83.5999984741211,83.0999984741211,83.5999984741211,40338,0.0,0.0
2025-08-08 03:50:00+00:00,83.5999984741211,83.80000305175781,83.5,83.5,60188,0.0,0.0
2025-08-08 03:55:00+00:00,83.5999984741211,83.69999694824219,83.5999984741211,83.5999984741211,22000,0.0,0.0
2025-08-08 04:00:00+00:00,83.5999984741211,83.69999694824219,83.5,83.5999984741211,66200,0.0,0.0
2025-08-08 04:05:00+00:00,83.5999984741211,84.0,83.5,83.69999694824219,65347,0.0,0.0
2025-08-08 04:10:00+00:00,83.69999694824219,83.80000305175781,83.5999984741211,83.80000305175781,28088,0.0,0.0
2025-08-08 04:15:00+00:00,83.80000305175781,83.9000015258789,83.69999694824219,83.69999694824219,59000,0.0,0.0
2025-08-08 04:20:00+00:00,83.69999694824219,84.0,83.69999694824219,83.9000015258789,135302,0.0,0.0
2025-08-08 04:25:00+00:00,83.9000015258789,83.9000015258789,83.80000305175781,83.9000015258789,64143,0.0,0.0
2025-08-08 04:30:00+00:00,84.0,84.0999984741211,83.9000015258789,84.0999984741211,58721,0.0,0.0
2025-08-08 04:35:00+00:00,84.0999984741211,84.0999984741211,84.0,84.0999984741211,34220,0.0,0.0
2025-08-08 04:40:00+00:00,84.0999984741211,84.19999694824219,83.9000015258789,84.0,57187,0.0,0.0
2025-08-08 04:45:00+00:00,84.0,84.0,83.9000015258789,83.9000015258789,15045,0.0,0.0
2025-08-08 04:50:00+00:00,83.9000015258789,84.0,83.9000015258789,83.9000015258789,59860,0.0,0.0
2025-08-08 04:55:00+00:00,84.0,84.0,83.80000305175781,83.80000305175781,56030,0.0,0.0
2025-08-08 05:00:00+00:00,83.80000305175781,84.0,83.80000305175781,84.0,69160,0.0,0.0
2025-08-08 05:05:00+00:00,84.0,84.0999984741211,83.9000015258789,84.0,82578,0.0,0.0
2025-08-08 05:10:00+00:00,84.0,84.0,83.9000015258789,84.0,54306,0.0,0.0
2025-08-08 05:15:00+00:00,83.9000015258789,84.0,83.80000305175781,83.9000015258789,76024,0.0,0.0
2025-08-08 05:20:00+00:00,83.9000015258789,84.0,83.80000305175781,83.80000305175781,99135,0.0,0.0
2025-08-11 01:00:00+00:00,83.9000015258789,84.5999984741211,83.19999694824219,84.5,0,0.0,0.0
2025-08-11 01:05:00+00:00,84.5,84.80000305175781,83.5,83.5999984741211,284000,0.0,0.0
2025-08-11 01:10:00+00:00,83.69999694824219,84.0,83.0999984741211,83.5999984741211,196442,0.0,0.0
2025-08-11 01:15:00+00:00,83.5,83.80000305175781,83.30000305175781,83.80000305175781,40677,0.0,0.0
2025-08-11 01:20:00+00:00,83.80000305175781,84.0,83.5999984741211,83.5999984741211,32273,0.0,0.0
2025-08-11 01:25:00+00:00,83.5999984741211,83.5999984741211,83.30000305175781,83.5,56583,0.0,0.0
2025-08-11 01:30:00+00:00,83.5,83.5999984741211,83.4000015258789,83.5999984741211,46100,0.0,0.0
2025-08-11 01:35:00+00:00,83.4000015258789,83.4000015258789,83.19999694824219,83.30000305175781,57123,0.0,0.0
2025-08-11 01:40:00+00:00,83.4000015258789,83.5999984741211,83.30000305175781,83.5999984741211,63084,0.0,0.0
2025-08-11 01:45:00+00:00,83.5999984741211,83.5999984741211,83.30000305175781,83.30000305175781,35223,0.0,0.0
2025-08-11 01:50:00+00:00,83.4000015258789,83.5,83.4000015258789,83.4000015258789,43102,0.0,0.0
2025-08-11 01:55:00+00:00,83.4000015258789,83.5,83.30000305175781,83.5,68500,0.0,0.0
2025-08-11 02:00:00+00:00,83.5,83.5,83.30000305175781,83.30000305175781,36529,0.0,0.0
2025-08-11 02:05:00+00:00,83.4000015258789,83.4000015258789,83.19999694824219,83.19999694824219,34105,0.0,0.0
2025-08-11 02:10:00+00:00,83.30000305175781,83.30000305175781,82.9000015258789,83.0999984741211,174477,0.0,0.0
2025-08-11 02:15:00+00:00,83.0999984741211,83.0999984741211,83.0,83.0999984741211,31160,0.0,0.0
2025-08-11 02:20:00+00:00,83.0999984741211,83.69999694824219,83.0999984741211,83.69999694824219,43111,0.0,0.0
2025-08-11 02:25:00+00:00,83.5,83.69999694824219,83.4000015258789,83.4000015258789,26072,0.0,0.0
2025-08-11 02:30:00+00:00,83.30000305175781,83.4000015258789,83.30000305175781,83.30000305175781,14151,0.0,0.0
2025-08-11 02:35:00+00:00,83.30000305175781,83.30000305175781,83.30000305175781,83.30000305175781,4020,0.0,0.0
2025-08-11 02:40:00+00:00,83.30000305175781,83.30000305175781,83.30000305175781,83.30000305175781,19300,0.0,0.0
2025-08-11 02:45:00+00:00,83.4000015258789,83.4000015258789,83.4000015258789,83.4000015258789,16214,0.0,0.0
2025-08-11 02:50:00+00:00,83.4000015258789,83.4000015258789,83.30000305175781,83.4000015258789,12505,0.0,0.0
2025-08-11 02:55:00+00:00,83.4000015258789,83.5,83.4000015258789,83.5,14060,0.0,0.0
2025-08-11 03:00:00+00:00,83.5,83.5,83.4000015258789,83.4000015258789,17057,0.0,0.0
2025-08-11 03:05:00+00:00,83.4000015258789,83.4000015258789,83.0999984741211,83.0999984741211,32058,0.0,0.0
2025-08-11 03:10:00+00:00,83.19999694824219,83.30000305175781,83.19999694824219,83.19999694824219,17694,0.0,0.0
2025-08-11 03:15:00+00:00,83.19999694824219,83.19999694824219,83.0999984741211,83.0999984741211,35619,0.0,0.0
2025-08-11 03:20:00+00:00,83.19999694824219,83.30000305175781,83.19999694824219,83.30000305175781,13154,0.0,0.0
2025-08-11 03:25:00+00:00,83.19999694824219,83.5999984741211,83.19999694824219,83.5999984741211,37620,0.0,0.0
2025-08-11 03:30:00+00:00,83.5999984741211,83.5999984741211,83.4000015258789,83.4000015258789,9358,0.0,0.0
2025-08-11 03:35:00+00:00,83.4000015258789,83.4000015258789,83.30000305175781,83.30000305175781,26120,0.0,0.0
2025-08-11 03:40:00+00:00,83.30000305175781,83.4000015258789,83.30000305175781,83.4000015258789,19000,0.0,0.0
2025-08-11 03:45:00+00:00,83.4000015258789,83.4000015258789,83.19999694824219,83.19999694824219,23686,0.0,0.0
2025-08-11 03:50:00+00:00,83.19999694824219,83.19999694824219,83.0999984741211,83.0999984741211,58838,0.0,0.0
2025-08-11 03:55:00+00:00,83.0999984741211,83.5999984741211,83.0,83.5999984741211,153853,0.0,0.0
2025-08-11 04:00:00+00:00,83.5999984741211,83.5999984741211,83.4000015258789,83.5,14150,0.0,0.0
2025-08-11 04:05:00+00:00,83.5,83.5,83.5,83.5,3050,0.0,0.0
2025-08-11 04:10:00+00:00,83.5,83.5,83.4000015258789,83.4000015258789,13999,0.0,0.0
2025-08-11 04:15:00+00:00,83.4000015258789,83.5,83.4000015258789,83.5,19000,0.0,0.0
2025-08-11 04:20:00+00:00,83.5,83.5,83.4000015258789,83.4000015258789,14100,0.0,0.0
2025-08-11 04:25:00+00:00,83.4000015258789,83.4000015258789,83.4000015258789,83.4000015258789,7060,0.0,0.0
2025-08-11 04:30:00+00:00,83.4000015258789,83.5999984741211,83.4000015258789,83.5999984741211,40001,0.0,0.0
2025-08-11 04:35:00+00:00,83.5999984741211,83.69999694824219,83.5999984741211,83.5999984741211,22849,0.0,0.0
2025-08-11 04:40:00+00:00,83.5999984741211,83.5999984741211,83.5999984741211,83.5999984741211,2000,0.0,0.0
2025-08-11 04:45:00+00:00,83.5,83.5,83.5,83.5,33752,0.0,0.0
2025-08-11 04:50:00+00:00,83.5,83.5,83.4000015258789,83.4000015258789,36188,0.0,0.0
2025-08-11 04:55:00+00:00,83.5,83.5,83.4000015258789,83.4000015258789,21140,0.0,0.0
2025-08-11 05:00:00+00:00,83.4000015258789,83.4000015258789,83.19999694824219,83.19999694824219,53935,0.0,0.0
2025-08-11 05:05:00+00:00,83.19999694824219,83.30000305175781,83.0999984741211,83.30000305175781,59651,0.0,0.0
2025-08-11 05:10:00+00:00,83.19999694824219,83.5,83.19999694824219,83.5,54140,0.0,0.0
2025-08-11 05:15:00+00:00,83.4000015258789,83.5,83.30000305175781,83.30000305175781,44266,0.0,0.0
2025-08-11 05:20:00+00:00,83.30000305175781,83.30000305175781,83.19999694824219,83.19999694824219,77735,0.0,0.0
2025-08-12 01:00:00+00:00,83.0,83.0,82.69999694824219,82.69999694824219,0,0.0,0.0
2025-08-12 01:05:00+00:00,82.69999694824219,83.0,82.69999694824219,82.80000305175781,83817,0.0,0.0
2025-08-12 01:10:00+00:00,82.80000305175781,83.0,82.80000305175781,82.9000015258789,49236,0.0,0.0
2025-08-12 01:15:00+00:00,82.9000015258789,82.9000015258789,82.80000305175781,82.9000015258789,32346,0.0,0.0
2025-08-12 01:20:00+00:00,82.9000015258789,83.0,82.80000305175781,82.9000015258789,30020,0.0,0.0
2025-08-12 01:25:00+00:00,83.0,83.5999984741211,83.0,83.5,132762,0.0,0.0
2025-08-12 01:30:00+00:00,83.4000015258789,83.5,83.30000305175781,83.30000305175781,33190,0.0,0.0
2025-08-12 01:35:00+00:00,83.30000305175781,83.30000305175781,82.9000015258789,82.9000015258789,92690,0.0,0.0
2025-08-12 01:40:00+00:00,83.0999984741211,83.0999984741211,83.0999984741211,83.0999984741211,5200,0.0,0.0
2025-08-12 01:45:00+00:00,83.0999984741211,83.0999984741211,83.0,83.0,50530,0.0,0.0
2025-08-12 01:50:00+00:00,83.0,83.0999984741211,83.0,83.0,11120,0.0,0.0
2025-08-12 01:55:00+00:00,83.0,83.0999984741211,82.9000015258789,82.9000015258789,46410,0.0,0.0
2025-08-12 02:00:00+00:00,82.9000015258789,82.9000015258789,82.80000305175781,82.80000305175781,69583,0.0,0.0
2025-08-12 02:05:00+00:00,82.80000305175781,82.9000015258789,82.80000305175781,82.9000015258789,12158,0.0,0.0
2025-08-12 02:10:00+00:00,82.9000015258789,82.9000015258789,82.9000015258789,82.9000015258789,4000,0.0,0.0
2025-08-12 02:15:00+00:00,82.9000015258789,82.9000015258789,82.80000305175781,82.80000305175781,48680,0.0,0.0
2025-08-12 02:20:00+00:00,82.80000305175781,82.80000305175781,82.69999694824219,82.69999694824219,30375,0.0,0.0
2025-08-12 02:25:00+00:00,82.69999694824219,82.69999694824219,82.5,82.5,158357,0.0,0.0
2025-08-12 02:30:00+00:00,82.5,82.69999694824219,82.5,82.69999694824219,55350,0.0,0.0
2025-08-12 02:35:00+00:00,82.69999694824219,82.69999694824219,82.5,82.5999984741211,31365,0.0,0.0
2025-08-12 02:40:00+00:00,82.5999984741211,82.5999984741211,82.5,82.5999984741211,16075,0.0,0.0
2025-08-12 02:45:00+00:00,82.5,82.5999984741211,82.5,82.5999984741211,143020,0.0,0.0
2025-08-12 02:50:00+00:00,82.5999984741211,83.19999694824219,82.5999984741211,83.19999694824219,175835,0.0,0.0
2025-08-12 02:55:00+00:00,83.19999694824219,83.5,83.19999694824219,83.4000015258789,50429,0.0,0.0
2025-08-12 03:00:00+00:00,83.4000015258789,83.5999984741211,83.4000015258789,83.5,59211,0.0,0.0
2025-08-12 03:05:00+00:00,83.4000015258789,84.0,83.4000015258789,84.0,135599,0.0,0.0
2025-08-12 03:10:00+00:00,84.0,84.0999984741211,83.69999694824219,84.0999984741211,203457,0.0,0.0
2025-08-12 03:15:00+00:00,84.19999694824219,84.30000305175781,84.0,84.30000305175781,195744,0.0,0.0
2025-08-12 03:20:00+00:00,84.30000305175781,85.5999984741211,84.30000305175781,85.5999984741211,593728,0.0,0.0
2025-08-12 03:25:00+00:00,85.5999984741211,86.5,85.5,86.0,540790,0.0,0.0
2025-08-12 03:30:00+00:00,85.9000015258789,86.0999984741211,85.5,85.5,194784,0.0,0.0
2025-08-12 03:35:00+00:00,85.5,86.0999984741211,85.4000015258789,86.0999984741211,248258,0.0,0.0
2025-08-12 03:40:00+00:00,86.0999984741211,87.30000305175781,86.0,87.19999694824219,633121,0.0,0.0
2025-08-12 03:45:00+00:00,87.19999694824219,87.19999694824219,86.69999694824219,86.80000305175781,178830,0.0,0.0
2025-08-12 03:50:00+00:00,86.69999694824219,88.19999694824219,86.69999694824219,88.0,561613,0.0,0.0
2025-08-12 03:55:00+00:00,88.0,88.5,87.9000015258789,88.0999984741211,300725,0.0,0.0
2025-08-12 04:00:00+00:00,88.0999984741211,88.5999984741211,87.9000015258789,88.5,351372,0.0,0.0
2025-08-12 04:05:00+00:00,88.5,89.4000015258789,88.4000015258789,89.30000305175781,468533,0.0,0.0
2025-08-12 04:10:00+00:00,89.19999694824219,89.19999694824219,88.5999984741211,88.5999984741211,212422,0.0,0.0
2025-08-12 04:15:00+00:00,88.5999984741211,89.0,88.5,88.80000305175781,128779,0.0,0.0
2025-08-12 04:20:00+00:00,88.80000305175781,88.9000015258789,88.5,88.5999984741211,81211,0.0,0.0
2025-08-12 04:25:00+00:00,88.5,88.5999984741211,88.4000015258789,88.5,76454,0.0,0.0
2025-08-12 04:30:00+00:00,88.4000015258789,88.4000015258789,88.0999984741211,88.30000305175781,132332,0.0,0.0
2025-08-12 04:35:00+00:00,88.19999694824219,88.4000015258789,88.0,88.0,68304,0.0,0.0
2025-08-12 04:40:00+00:00,88.0,88.5,87.9000015258789,88.5,117151,0.0,0.0
2025-08-12 04:45:00+00:00,88.30000305175781,88.80000305175781,88.30000305175781,88.80000305175781,138157,0.0,0.0
2025-08-12 04:50:00+00:00,88.80000305175781,88.9000015258789,88.5999984741211,88.69999694824219,125620,0.0,0.0
2025-08-12 04:55:00+00:00,88.69999694824219,88.69999694824219,88.4000015258789,88.5,39586,0.0,0.0
2025-08-12 05:00:00+00:00,88.5,88.5999984741211,88.30000305175781,88.30000305175781,70428,0.0,0.0
2025-08-12 05:05:00+00:00,88.30000305175781,88.4000015258789,88.30000305175781,88.30000305175781,58379,0.0,0.0
2025-08-12 05:10:00+00:00,88.30000305175781,88.4000015258789,88.0,88.30000305175781,100293,0.0,0.0
2025-08-12 05:15:00+00:00,88.4000015258789,88.4000015258789,88.19999694824219,88.4000015258789,89438,0.0,0.0
2025-08-12 05:20:00+00:00,88.4000015258789,88.5999984741211,88.4000015258789,88.5999984741211,123344,0.0,0.0
2025-08-13 01:00:00+00:00,89.0,90.69999694824219,88.0999984741211,90.5,0,0.0,0.0
2025-08-13 01:05:00+00:00,90.5,93.30000305175781,89.9000015258789,92.9000015258789,1358000,0.0,0.0
2025-08-13 01:10:00+00:00,92.9000015258789,93.5,91.5,91.69999694824219,955455,0.0,0.0
2025-08-13 01:15:00+00:00,91.5,92.30000305175781,91.4000015258789,91.5,392496,0.0,0.0
2025-08-13 01:20:00+00:00,91.4000015258789,91.80000305175781,90.9000015258789,91.0,266103,0.0,0.0
2025-08-13 01:25:00+00:00,91.19999694824219,91.19999694824219,90.0,90.9000015258789,378973,0.0,0.0
2025-08-13 01:30:00+00:00,90.9000015258789,90.9000015258789,90.30000305175781,90.80000305175781,145558,0.0,0.0
2025-08-13 01:35:00+00:00,90.9000015258789,90.9000015258789,90.69999694824219,90.80000305175781,151299,0.0,0.0
2025-08-13 01:40:00+00:00,90.80000305175781,90.80000305175781,90.5,90.5,172779,0.0,0.0
2025-08-13 01:45:00+00:00,90.5,91.4000015258789,90.4000015258789,91.4000015258789,171033,0.0,0.0
2025-08-13 01:50:00+00:00,91.4000015258789,92.0,91.30000305175781,91.4000015258789,220207,0.0,0.0
2025-08-13 01:55:00+00:00,91.5,91.5,90.80000305175781,90.80000305175781,103685,0.0,0.0
2025-08-13 02:00:00+00:00,90.80000305175781,90.9000015258789,90.5,90.5,58381,0.0,0.0
2025-08-13 02:05:00+00:00,90.5,90.5,90.4000015258789,90.4000015258789,65959,0.0,0.0
2025-08-13 02:10:00+00:00,90.4000015258789,90.5,90.0999984741211,90.30000305175781,140995,0.0,0.0
2025-08-13 02:15:00+00:00,90.19999694824219,90.5,90.0,90.0,174541,0.0,0.0
2025-08-13 02:20:00+00:00,89.9000015258789,90.0,89.5,90.0,144098,0.0,0.0
2025-08-13 02:25:00+00:00,90.0,90.0,89.30000305175781,89.5,172278,0.0,0.0
2025-08-13 02:30:00+00:00,89.5,89.5,89.30000305175781,89.4000015258789,107769,0.0,0.0
2025-08-13 02:35:00+00:00,89.4000015258789,89.4000015258789,89.0,89.0,203788,0.0,0.0
2025-08-13 02:40:00+00:00,89.0,89.0,88.5999984741211,88.80000305175781,197711,0.0,0.0
2025-08-13 02:45:00+00:00,88.80000305175781,89.0,88.69999694824219,88.69999694824219,77514,0.0,0.0
2025-08-13 02:50:00+00:00,88.69999694824219,88.80000305175781,88.4000015258789,88.5,142933,0.0,0.0
2025-08-13 02:55:00+00:00,88.4000015258789,89.30000305175781,88.4000015258789,89.19999694824219,131219,0.0,0.0
2025-08-13 03:00:00+00:00,89.0999984741211,89.19999694824219,88.9000015258789,88.9000015258789,66701,0.0,0.0
2025-08-13 03:05:00+00:00,88.9000015258789,89.0,88.5999984741211,88.69999694824219,51155,0.0,0.0
2025-08-13 03:10:00+00:00,88.69999694824219,88.9000015258789,88.5999984741211,88.9000015258789,44250,0.0,0.0
2025-08-13 03:15:00+00:00,88.9000015258789,89.0,88.9000015258789,88.9000015258789,20350,0.0,0.0
2025-08-13 03:20:00+00:00,88.9000015258789,88.9000015258789,88.5,88.5,117658,0.0,0.0
2025-08-13 03:25:00+00:00,88.5,88.5,87.30000305175781,87.5,316713,0.0,0.0
2025-08-13 03:30:00+00:00,87.5,87.5,87.0999984741211,87.30000305175781,203832,0.0,0.0
2025-08-13 03:35:00+00:00,87.19999694824219,87.19999694824219,86.30000305175781,86.69999694824219,380980,0.0,0.0
2025-08-13 03:40:00+00:00,86.80000305175781,87.0,86.69999694824219,86.80000305175781,135956,0.0,0.0
2025-08-13 03:45:00+00:00,86.69999694824219,87.4000015258789,86.69999694824219,87.30000305175781,135577,0.0,0.0
2025-08-13 03:50:00+00:00,87.5,87.5,87.0999984741211,87.0999984741211,56444,0.0,0.0
2025-08-13 03:55:00+00:00,87.0999984741211,87.0999984741211,86.9000015258789,86.9000015258789,97573,0.0,0.0
2025-08-13 04:00:00+00:00,86.9000015258789,87.5,86.80000305175781,87.5,106059,0.0,0.0
2025-08-13 04:05:00+00:00,87.5,87.69999694824219,87.4000015258789,87.5999984741211,47455,0.0,0.0
2025-08-13 04:10:00+00:00,87.5,87.69999694824219,87.4000015258789,87.69999694824219,45666,0.0,0.0
2025-08-13 04:15:00+00:00,87.5999984741211,87.80000305175781,87.5999984741211,87.80000305175781,45390,0.0,0.0
2025-08-13 04:20:00+00:00,87.80000305175781,88.5,87.80000305175781,88.19999694824219,74285,0.0,0.0
2025-08-13 04:25:00+00:00,88.19999694824219,88.5,88.0999984741211,88.5,64711,0.0,0.0
2025-08-13 04:30:00+00:00,88.5999984741211,88.80000305175781,88.4000015258789,88.5999984741211,85241,0.0,0.0
2025-08-13 04:35:00+00:00,88.5,88.5999984741211,88.0,88.0,98618,0.0,0.0
2025-08-13 04:40:00+00:00,87.9000015258789,88.30000305175781,87.69999694824219,88.30000305175781,110002,0.0,0.0
2025-08-13 04:45:00+00:00,88.5,88.69999694824219,88.30000305175781,88.30000305175781,126236,0.0,0.0
2025-08-13 04:50:00+00:00,88.30000305175781,88.5999984741211,88.30000305175781,88.5999984741211,34000,0.0,0.0
2025-08-13 04:55:00+00:00,88.69999694824219,89.0,88.69999694824219,88.80000305175781,157270,0.0,0.0
2025-08-13 05:00:00+00:00,88.69999694824219,89.0,88.69999694824219,88.80000305175781,138398,0.0,0.0
2025-08-13 05:05:00+00:00,88.80000305175781,88.9000015258789,88.5999984741211,88.5999984741211,91445,0.0,0.0
2025-08-13 05:10:00+00:00,88.5999984741211,88.5999984741211,88.0999984741211,88.5,188525,0.0,0.0
2025-08-13 05:15:00+00:00,88.5,88.69999694824219,88.4000015258789,88.5,85840,0.0,0.0
2025-08-13 05:20:00+00:00,88.5,88.69999694824219,88.4000015258789,88.5,243967,0.0,0.0
2025-08-14 01:00:00+00:00,87.0,88.5,86.80000305175781,88.19999694824219,0,3.497377,0.0
2025-08-14 01:05:00+00:00,88.5,89.0,87.19999694824219,87.4000015258789,515858,0.0,0.0
2025-08-14 01:10:00+00:00,87.4000015258789,87.5999984741211,87.0999984741211,87.4000015258789,218157,0.0,0.0
2025-08-14 01:15:00+00:00,87.30000305175781,88.19999694824219,87.30000305175781,87.5999984741211,220506,0.0,0.0
2025-08-14 01:20:00+00:00,87.5999984741211,88.5,87.5,88.0999984741211,170893,0.0,0.0
2025-08-14 01:25:00+00:00,88.19999694824219,89.19999694824219,88.0,88.69999694824219,748471,0.0,0.0
2025-08-14 01:30:00+00:00,88.4000015258789,89.0,88.0,88.5999984741211,268563,0.0,0.0
2025-08-14 01:35:00+00:00,88.9000015258789,89.9000015258789,88.5,89.80000305175781,585199,0.0,0.0
2025-08-14 01:40:00+00:00,89.4000015258789,90.80000305175781,89.0999984741211,89.4000015258789,843058,0.0,0.0
2025-08-14 01:45:00+00:00,89.30000305175781,89.5999984741211,89.19999694824219,89.30000305175781,118859,0.0,0.0
2025-08-14 01:50:00+00:00,89.4000015258789,89.4000015258789,88.9000015258789,89.0,151107,0.0,0.0
2025-08-14 01:55:00+00:00,89.0,89.19999694824219,88.5,89.19999694824219,145046,0.0,0.0
2025-08-14 02:00:00+00:00,89.19999694824219,89.19999694824219,88.4000015258789,88.4000015258789,133601,0.0,0.0
2025-08-14 02:05:00+00:00,88.4000015258789,89.5,88.30000305175781,89.4000015258789,126514,0.0,0.0
2025-08-14 02:10:00+00:00,89.5,89.69999694824219,88.5999984741211,88.5999984741211,88449,0.0,0.0
2025-08-14 02:15:00+00:00,88.5999984741211,89.0999984741211,88.5999984741211,89.0,99732,0.0,0.0
2025-08-14 02:20:00+00:00,88.9000015258789,89.0999984741211,88.69999694824219,89.0,35507,0.0,0.0
2025-08-14 02:25:00+00:00,89.0999984741211,89.0999984741211,88.9000015258789,88.9000015258789,11052,0.0,0.0
2025-08-14 02:30:00+00:00,89.0999984741211,89.0999984741211,88.9000015258789,88.9000015258789,27052,0.0,0.0
2025-08-14 02:35:00+00:00,88.9000015258789,88.9000015258789,88.5,88.5,96064,0.0,0.0
2025-08-14 02:40:00+00:00,88.5,88.69999694824219,88.5,88.69999694824219,23760,0.0,0.0
2025-08-14 02:45:00+00:00,88.69999694824219,89.0,88.69999694824219,88.80000305175781,31278,0.0,0.0
2025-08-14 02:50:00+00:00,88.80000305175781,88.9000015258789,88.80000305175781,88.9000015258789,11500,0.0,0.0
2025-08-14 02:55:00+00:00,88.9000015258789,89.5,88.9000015258789,89.30000305175781,148629,0.0,0.0
2025-08-14 03:00:00+00:00,89.30000305175781,89.30000305175781,88.80000305175781,89.0,68051,0.0,0.0
2025-08-14 03:05:00+00:00,88.80000305175781,89.30000305175781,88.80000305175781,88.80000305175781,50500,0.0,0.0
2025-08-14 03:10:00+00:00,88.69999694824219,88.69999694824219,88.4000015258789,88.4000015258789,65985,0.0,0.0
2025-08-14 03:15:00+00:00,88.5,88.80000305175781,88.19999694824219,88.19999694824219,79070,0.0,0.0
2025-08-14 03:20:00+00:00,88.19999694824219,88.5,88.19999694824219,88.4000015258789,28309,0.0,0.0
2025-08-14 03:25:00+00:00,88.4000015258789,88.4000015258789,88.0999984741211,88.0999984741211,70300,0.0,0.0
2025-08-14 03:30:00+00:00,88.0,88.0,87.5999984741211,87.5999984741211,117841,0.0,0.0
2025-08-14 03:35:00+00:00,87.69999694824219,88.0,87.4000015258789,88.0,125989,0.0,0.0
2025-08-14 03:40:00+00:00,88.0,88.0,87.69999694824219,87.69999694824219,24037,0.0,0.0
2025-08-14 03:45:00+00:00,87.80000305175781,87.80000305175781,87.5999984741211,87.5999984741211,31458,0.0,0.0
2025-08-14 03:50:00+00:00,87.5999984741211,88.0999984741211,87.5,87.9000015258789,73033,0.0,0.0
2025-08-14 03:55:00+00:00,87.9000015258789,88.30000305175781,87.80000305175781,88.30000305175781,81627,0.0,0.0
2025-08-14 04:00:00+00:00,88.30000305175781,88.30000305175781,87.80000305175781,87.9000015258789,22000,0.0,0.0
2025-08-14 04:05:00+00:00,87.9000015258789,87.9000015258789,87.5999984741211,87.5999984741211,60010,0.0,0.0
2025-08-14 04:10:00+00:00,87.5999984741211,87.80000305175781,87.5999984741211,87.69999694824219,38403,0.0,0.0
2025-08-14 04:15:00+00:00,87.69999694824219,87.80000305175781,87.5999984741211,87.80000305175781,11000,0.0,0.0
2025-08-14 04:20:00+00:00,87.80000305175781,87.80000305175781,87.5999984741211,87.5999984741211,35234,0.0,0.0
2025-08-14 04:25:00+00:00,87.5999984741211,87.69999694824219,87.5,87.5999984741211,47656,0.0,0.0
2025-08-14 04:30:00+00:00,87.5999984741211,87.69999694824219,87.5999984741211,87.5999984741211,25133,0.0,0.0
2025-08-14 04:35:00+00:00,87.5999984741211,88.0999984741211,87.5999984741211,88.0,81253,0.0,0.0
2025-08-14 04:40:00+00:00,88.0,88.19999694824219,88.0,88.0999984741211,44014,0.0,0.0
2025-08-14 04:45:00+00:00,88.0999984741211,88.19999694824219,87.80000305175781,88.19999694824219,63310,0.0,0.0
2025-08-14 04:50:00+00:00,88.19999694824219,88.19999694824219,87.9000015258789,87.9000015258789,41332,0.0,0.0
2025-08-14 04:55:00+00:00,87.80000305175781,87.9000015258789,87.80000305175781,87.80000305175781,23121,0.0,0.0
2025-08-14 05:00:00+00:00,87.80000305175781,87.9000015258789,87.0,87.19999694824219,248399,0.0,0.0
2025-08-14 05:05:00+00:00,87.19999694824219,87.4000015258789,87.19999694824219,87.4000015258789,41069,0.0,0.0
2025-08-14 05:10:00+00:00,87.30000305175781,87.5,87.19999694824219,87.30000305175781,68640,0.0,0.0
2025-08-14 05:15:00+00:00,87.30000305175781,87.5999984741211,87.0,87.0999984741211,188841,0.0,0.0
2025-08-14 05:20:00+00:00,87.19999694824219,87.19999694824219,86.5999984741211,86.69999694824219,229406,0.0,0.0
2025-08-15 01:00:00+00:00,89.19999694824219,89.5999984741211,88.0999984741211,88.5,0,0.0,0.0
2025-08-15 01:05:00+00:00,88.5,88.5,87.30000305175781,87.5999984741211,522000,0.0,0.0
2025-08-15 01:10:00+00:00,87.5999984741211,88.0999984741211,87.5,87.5999984741211,123683,0.0,0.0
2025-08-15 01:15:00+00:00,87.9000015258789,88.5,87.30000305175781,87.4000015258789,179894,0.0,0.0
2025-08-15 01:20:00+00:00,87.4000015258789,87.69999694824219,87.30000305175781,87.30000305175781,59642,0.0,0.0
2025-08-15 01:25:00+00:00,87.30000305175781,87.80000305175781,86.80000305175781,87.80000305175781,312800,0.0,0.0
2025-08-15 01:30:00+00:00,87.69999694824219,87.9000015258789,87.5,87.80000305175781,72470,0.0,0.0
2025-08-15 01:35:00+00:00,87.9000015258789,87.9000015258789,87.5999984741211,87.80000305175781,49511,0.0,0.0
2025-08-15 01:40:00+00:00,87.9000015258789,88.4000015258789,87.69999694824219,88.30000305175781,138223,0.0,0.0
2025-08-15 01:45:00+00:00,88.19999694824219,88.19999694824219,87.5999984741211,87.69999694824219,44789,0.0,0.0
2025-08-15 01:50:00+00:00,87.69999694824219,87.80000305175781,87.4000015258789,87.4000015258789,47094,0.0,0.0
2025-08-15 01:55:00+00:00,87.4000015258789,87.9000015258789,87.4000015258789,87.9000015258789,32598,0.0,0.0
2025-08-15 02:00:00+00:00,87.9000015258789,87.9000015258789,87.5999984741211,87.5999984741211,29005,0.0,0.0
2025-08-15 02:05:00+00:00,87.5,87.5999984741211,87.0,87.5999984741211,127061,0.0,0.0
2025-08-15 02:10:00+00:00,87.5999984741211,88.4000015258789,87.0,88.0,260589,0.0,0.0
2025-08-15 02:15:00+00:00,88.19999694824219,89.0,88.19999694824219,88.30000305175781,172889,0.0,0.0
2025-08-15 02:20:00+00:00,88.30000305175781,88.30000305175781,88.0,88.19999694824219,34291,0.0,0.0
2025-08-15 02:25:00+00:00,88.19999694824219,88.80000305175781,88.19999694824219,88.80000305175781,115000,0.0,0.0
2025-08-15 02:30:00+00:00,88.9000015258789,89.5999984741211,88.5999984741211,88.80000305175781,398874,0.0,0.0
2025-08-15 02:35:00+00:00,88.80000305175781,89.0,88.80000305175781,88.9000015258789,39132,0.0,0.0
2025-08-15 02:40:00+00:00,88.80000305175781,89.9000015258789,88.80000305175781,89.5,311049,0.0,0.0
2025-08-15 02:45:00+00:00,89.5,90.5,89.19999694824219,90.5,624246,0.0,0.0
2025-08-15 02:50:00+00:00,90.30000305175781,91.5,89.80000305175781,89.80000305175781,787275,0.0,0.0
2025-08-15 02:55:00+00:00,89.80000305175781,89.9000015258789,89.19999694824219,89.4000015258789,95011,0.0,0.0
2025-08-15 03:00:00+00:00,89.4000015258789,89.5,89.30000305175781,89.30000305175781,42368,0.0,0.0
2025-08-15 03:05:00+00:00,89.19999694824219,89.19999694824219,89.0999984741211,89.0999984741211,37229,0.0,0.0
2025-08-15 03:10:00+00:00,89.0999984741211,89.19999694824219,89.0,89.19999694824219,28041,0.0,0.0
2025-08-15 03:15:00+00:00,89.19999694824219,89.19999694824219,89.19999694824219,89.19999694824219,7000,0.0,0.0
2025-08-15 03:20:00+00:00,89.19999694824219,89.19999694824219,88.80000305175781,88.80000305175781,84440,0.0,0.0
2025-08-15 03:25:00+00:00,88.9000015258789,89.0,88.4000015258789,88.5,93223,0.0,0.0
2025-08-15 03:30:00+00:00,88.5,88.80000305175781,88.4000015258789,88.5,47301,0.0,0.0
2025-08-15 03:35:00+00:00,88.5999984741211,88.80000305175781,88.5999984741211,88.5999984741211,11009,0.0,0.0
2025-08-15 03:40:00+00:00,88.80000305175781,89.0999984741211,88.80000305175781,89.0,35034,0.0,0.0
2025-08-15 03:45:00+00:00,88.9000015258789,88.9000015258789,88.69999694824219,88.80000305175781,14719,0.0,0.0
2025-08-15 03:50:00+00:00,88.80000305175781,88.9000015258789,88.69999694824219,88.9000015258789,14025,0.0,0.0
2025-08-15 03:55:00+00:00,88.80000305175781,89.0,88.80000305175781,89.0,25107,0.0,0.0
2025-08-15 04:00:00+00:00,89.0,89.0,88.80000305175781,88.80000305175781,10225,0.0,0.0
2025-08-15 04:05:00+00:00,88.69999694824219,88.69999694824219,88.5999984741211,88.5999984741211,47004,0.0,0.0
2025-08-15 04:10:00+00:00,88.69999694824219,88.69999694824219,88.5999984741211,88.5999984741211,11131,0.0,0.0
2025-08-15 04:15:00+00:00,88.69999694824219,88.69999694824219,88.69999694824219,88.69999694824219,9150,0.0,0.0
2025-08-15 04:20:00+00:00,88.69999694824219,89.0,88.69999694824219,88.9000015258789,44200,0.0,0.0
2025-08-15 04:25:00+00:00,88.9000015258789,89.0,88.9000015258789,88.9000015258789,9336,0.0,0.0
2025-08-15 04:30:00+00:00,88.9000015258789,88.9000015258789,88.69999694824219,88.69999694824219,33400,0.0,0.0
2025-08-15 04:35:00+00:00,88.69999694824219,88.80000305175781,88.69999694824219,88.69999694824219,21199,0.0,0.0
2025-08-15 04:40:00+00:00,88.69999694824219,88.80000305175781,88.5999984741211,88.80000305175781,44230,0.0,0.0
2025-08-15 04:45:00+00:00,88.80000305175781,88.9000015258789,88.80000305175781,88.80000305175781,8010,0.0,0.0
2025-08-15 04:50:00+00:00,88.80000305175781,88.9000015258789,88.69999694824219,88.69999694824219,48160,0.0,0.0
2025-08-15 04:55:00+00:00,88.5999984741211,88.5999984741211,88.30000305175781,88.30000305175781,123937,0.0,0.0
2025-08-15 05:00:00+00:00,88.30000305175781,88.5,88.30000305175781,88.4000015258789,39100,0.0,0.0
2025-08-15 05:05:00+00:00,88.4000015258789,88.5999984741211,88.4000015258789,88.5999984741211,27513,0.0,0.0
2025-08-15 05:10:00+00:00,88.5999984741211,88.69999694824219,88.5,88.5,69801,0.0,0.0
2025-08-15 05:15:00+00:00,88.4000015258789,88.5,88.4000015258789,88.5,68120,0.0,0.0
2025-08-15 05:20:00+00:00,88.5,88.5999984741211,88.4000015258789,88.5999984741211,95025,0.0,0.0
2025-08-18 01:00:00+00:00,89.0,89.0,88.0,88.0999984741211,0,0.0,0.0
2025-08-18 01:05:00+00:00,88.0999984741211,88.5,87.69999694824219,88.4000015258789,188000,0.0,0.0
2025-08-18 01:10:00+00:00,88.4000015258789,89.0,88.4000015258789,88.9000015258789,163808,0.0,0.0
2025-08-18 01:15:00+00:00,89.0,89.0999984741211,88.5,88.5999984741211,130420,0.0,0.0
2025-08-18 01:20:00+00:00,88.5999984741211,88.80000305175781,88.30000305175781,88.4000015258789,109039,0.0,0.0
2025-08-18 01:25:00+00:00,88.4000015258789,88.4000015258789,88.0,88.0999984741211,174926,0.0,0.0
2025-08-18 01:30:00+00:00,88.0999984741211,88.4000015258789,88.0999984741211,88.19999694824219,59286,0.0,0.0
2025-08-18 01:35:00+00:00,88.4000015258789,88.4000015258789,88.0999984741211,88.4000015258789,44026,0.0,0.0
2025-08-18 01:40:00+00:00,88.5,88.5,88.30000305175781,88.30000305175781,28111,0.0,0.0
2025-08-18 01:45:00+00:00,88.30000305175781,88.4000015258789,88.19999694824219,88.30000305175781,38000,0.0,0.0
2025-08-18 01:50:00+00:00,88.19999694824219,88.30000305175781,88.19999694824219,88.30000305175781,44168,0.0,0.0
2025-08-18 01:55:00+00:00,88.30000305175781,88.9000015258789,88.0999984741211,88.80000305175781,154342,0.0,0.0
2025-08-18 02:00:00+00:00,88.69999694824219,88.9000015258789,88.5999984741211,88.69999694824219,64014,0.0,0.0
2025-08-18 02:05:00+00:00,88.69999694824219,88.69999694824219,88.5,88.5,32822,0.0,0.0
2025-08-18 02:10:00+00:00,88.5999984741211,88.5999984741211,88.0999984741211,88.19999694824219,80427,0.0,0.0
2025-08-18 02:15:00+00:00,88.0999984741211,88.30000305175781,88.0,88.0,76687,0.0,0.0
2025-08-18 02:20:00+00:00,88.0999984741211,88.19999694824219,87.5,87.5,206395,0.0,0.0
2025-08-18 02:25:00+00:00,87.5,88.0,87.5,88.0,163287,0.0,0.0
2025-08-18 02:30:00+00:00,88.0,88.0,87.80000305175781,87.80000305175781,38820,0.0,0.0
2025-08-18 02:35:00+00:00,87.9000015258789,87.9000015258789,87.80000305175781,87.80000305175781,9001,0.0,0.0
2025-08-18 02:40:00+00:00,87.80000305175781,87.9000015258789,87.80000305175781,87.9000015258789,48520,0.0,0.0
2025-08-18 02:45:00+00:00,88.0,88.0,87.9000015258789,88.0,47060,0.0,0.0
2025-08-18 02:50:00+00:00,88.0999984741211,89.69999694824219,88.0,89.5,336969,0.0,0.0
2025-08-18 02:55:00+00:00,89.5,93.0,89.0,92.9000015258789,1170807,0.0,0.0
2025-08-18 03:00:00+00:00,92.80000305175781,94.0,92.69999694824219,93.5999984741211,1339520,0.0,0.0
2025-08-18 03:05:00+00:00,93.5999984741211,95.0999984741211,93.4000015258789,94.5999984741211,1252112,0.0,0.0
2025-08-18 03:10:00+00:00,94.69999694824219,96.4000015258789,94.5999984741211,95.5,945273,0.0,0.0
2025-08-18 03:15:00+00:00,95.5,95.9000015258789,94.5999984741211,95.5999984741211,492330,0.0,0.0
2025-08-18 03:20:00+00:00,95.4000015258789,95.5999984741211,94.5,94.5,252404,0.0,0.0
2025-08-18 03:25:00+00:00,94.5,95.5999984741211,94.5,95.19999694824219,431737,0.0,0.0
2025-08-18 03:30:00+00:00,95.19999694824219,97.5,95.19999694824219,96.19999694824219,1209306,0.0,0.0
2025-08-18 03:35:00+00:00,96.30000305175781,96.5999984741211,95.30000305175781,95.30000305175781,313105,0.0,0.0
2025-08-18 03:40:00+00:00,95.19999694824219,95.30000305175781,94.80000305175781,94.9000015258789,200873,0.0,0.0
2025-08-18 03:45:00+00:00,94.9000015258789,94.9000015258789,94.4000015258789,94.4000015258789,256807,0.0,0.0
2025-08-18 03:50:00+00:00,94.5,94.5999984741211,94.4000015258789,94.5,132114,0.0,0.0
2025-08-18 03:55:00+00:00,94.5,94.80000305175781,94.19999694824219,94.80000305175781,150769,0.0,0.0
2025-08-18 04:00:00+00:00,94.80000305175781,95.5,94.69999694824219,94.80000305175781,225964,0.0,0.0
2025-08-18 04:05:00+00:00,94.80000305175781,94.9000015258789,94.5,94.80000305175781,46709,0.0,0.0
2025-08-18 04:10:00+00:00,94.80000305175781,94.80000305175781,94.5,94.5999984741211,31213,0.0,0.0
2025-08-18 04:15:00+00:00,94.5999984741211,94.9000015258789,94.5,94.9000015258789,58656,0.0,0.0
2025-08-18 04:20:00+00:00,94.80000305175781,94.80000305175781,94.5999984741211,94.5999984741211,31899,0.0,0.0
2025-08-18 04:25:00+00:00,94.5999984741211,94.69999694824219,94.5999984741211,94.69999694824219,27347,0.0,0.0
2025-08-18 04:30:00+00:00,94.5999984741211,94.80000305175781,94.5999984741211,94.80000305175781,44353,0.0,0.0
2025-08-18 04:35:00+00:00,94.80000305175781,94.80000305175781,94.69999694824219,94.69999694824219,30341,0.0,0.0
2025-08-18 04:40:00+00:00,94.69999694824219,94.69999694824219,94.5,94.5,55414,0.0,0.0
2025-08-18 04:45:00+00:00,94.5,94.5,94.30000305175781,94.4000015258789,73118,0.0,0.0
2025-08-18 04:50:00+00:00,94.5,94.5,94.30000305175781,94.30000305175781,34241,0.0,0.0
2025-08-18 04:55:00+00:00,94.4000015258789,94.4000015258789,93.5,93.80000305175781,359624,0.0,0.0
2025-08-18 05:00:00+00:00,93.9000015258789,94.0,93.69999694824219,93.80000305175781,75303,0.0,0.0
2025-08-18 05:05:00+00:00,93.80000305175781,94.19999694824219,93.69999694824219,94.0999984741211,97726,0.0,0.0
2025-08-18 05:10:00+00:00,94.0999984741211,94.19999694824219,94.0,94.0999984741211,68300,0.0,0.0
2025-08-18 05:15:00+00:00,94.0999984741211,94.0999984741211,93.69999694824219,93.69999694824219,143874,0.0,0.0
2025-08-18 05:20:00+00:00,93.9000015258789,93.9000015258789,93.30000305175781,93.5999984741211,189577,0.0,0.0
2025-08-19 01:00:00+00:00,93.19999694824219,93.5999984741211,92.69999694824219,92.80000305175781,0,0.0,0.0
2025-08-19 01:05:00+00:00,92.80000305175781,93.0,91.69999694824219,91.80000305175781,829000,0.0,0.0
2025-08-19 01:10:00+00:00,91.80000305175781,91.80000305175781,90.5,90.9000015258789,887716,0.0,0.0
2025-08-19 01:15:00+00:00,90.9000015258789,91.9000015258789,90.19999694824219,91.4000015258789,409806,0.0,0.0
2025-08-19 01:20:00+00:00,91.69999694824219,91.9000015258789,90.9000015258789,91.4000015258789,200092,0.0,0.0
2025-08-19 01:25:00+00:00,91.5,92.0,91.30000305175781,91.9000015258789,198122,0.0,0.0
2025-08-19 01:30:00+00:00,91.80000305175781,92.0,91.0999984741211,91.9000015258789,276746,0.0,0.0
2025-08-19 01:35:00+00:00,92.0,92.5,92.0,92.4000015258789,298429,0.0,0.0
2025-08-19 01:40:00+00:00,92.4000015258789,92.5999984741211,92.0999984741211,92.5999984741211,96545,0.0,0.0
2025-08-19 01:45:00+00:00,92.5999984741211,92.69999694824219,91.9000015258789,92.0999984741211,147653,0.0,0.0
2025-08-19 01:50:00+00:00,92.19999694824219,92.19999694824219,91.0999984741211,91.0999984741211,209927,0.0,0.0
2025-08-19 01:55:00+00:00,91.30000305175781,91.30000305175781,90.30000305175781,90.80000305175781,424519,0.0,0.0
2025-08-19 02:00:00+00:00,90.80000305175781,90.80000305175781,90.4000015258789,90.4000015258789,158598,0.0,0.0
2025-08-19 02:05:00+00:00,90.4000015258789,90.9000015258789,90.30000305175781,90.80000305175781,135325,0.0,0.0
2025-08-19 02:10:00+00:00,90.9000015258789,91.0,90.69999694824219,90.9000015258789,43782,0.0,0.0
2025-08-19 02:15:00+00:00,90.9000015258789,91.19999694824219,90.9000015258789,91.0999984741211,64060,0.0,0.0
2025-08-19 02:20:00+00:00,91.19999694824219,91.30000305175781,90.9000015258789,90.9000015258789,75391,0.0,0.0
2025-08-19 02:25:00+00:00,90.9000015258789,91.0999984741211,90.9000015258789,91.0999984741211,16725,0.0,0.0
2025-08-19 02:30:00+00:00,91.0,91.0,90.5999984741211,90.80000305175781,142845,0.0,0.0
2025-08-19 02:35:00+00:00,90.9000015258789,91.19999694824219,90.9000015258789,91.19999694824219,31474,0.0,0.0
2025-08-19 02:40:00+00:00,91.19999694824219,91.19999694824219,90.69999694824219,90.69999694824219,67524,0.0,0.0
2025-08-19 02:45:00+00:00,90.80000305175781,90.80000305175781,90.5999984741211,90.69999694824219,78490,0.0,0.0
2025-08-19 02:50:00+00:00,90.69999694824219,90.80000305175781,90.5999984741211,90.5999984741211,44447,0.0,0.0
2025-08-19 02:55:00+00:00,90.5999984741211,91.0999984741211,90.5999984741211,90.69999694824219,45125,0.0,0.0
2025-08-19 03:00:00+00:00,90.69999694824219,91.5999984741211,90.69999694824219,91.5999984741211,62337,0.0,0.0
2025-08-19 03:05:00+00:00,91.5,91.5,91.19999694824219,91.4000015258789,34250,0.0,0.0
2025-08-19 03:10:00+00:00,91.4000015258789,91.4000015258789,91.30000305175781,91.30000305175781,12253,0.0,0.0
2025-08-19 03:15:00+00:00,91.30000305175781,91.30000305175781,91.19999694824219,91.19999694824219,34000,0.0,0.0
2025-08-19 03:20:00+00:00,91.19999694824219,91.19999694824219,91.0999984741211,91.0999984741211,23469,0.0,0.0
2025-08-19 03:25:00+00:00,91.19999694824219,91.19999694824219,91.0999984741211,91.0999984741211,27248,0.0,0.0
2025-08-19 03:30:00+00:00,91.30000305175781,91.4000015258789,91.0999984741211,91.4000015258789,13002,0.0,0.0
2025-08-19 03:35:00+00:00,91.4000015258789,91.4000015258789,91.30000305175781,91.4000015258789,4220,0.0,0.0
2025-08-19 03:40:00+00:00,91.30000305175781,91.30000305175781,91.19999694824219,91.19999694824219,6200,0.0,0.0
2025-08-19 03:45:00+00:00,91.30000305175781,91.4000015258789,91.19999694824219,91.19999694824219,17261,0.0,0.0
2025-08-19 03:50:00+00:00,91.19999694824219,91.19999694824219,91.0999984741211,91.19999694824219,17364,0.0,0.0
2025-08-19 03:55:00+00:00,91.19999694824219,91.19999694824219,91.0,91.0,50300,0.0,0.0
2025-08-19 04:00:00+00:00,91.0,91.0999984741211,91.0,91.0,33172,0.0,0.0
2025-08-19 04:05:00+00:00,91.0,91.0,90.9000015258789,91.0,14608,0.0,0.0
2025-08-19 04:10:00+00:00,90.9000015258789,91.0,90.9000015258789,91.0,30150,0.0,0.0
2025-08-19 04:15:00+00:00,91.0,91.0,90.80000305175781,90.80000305175781,31594,0.0,0.0
2025-08-19 04:20:00+00:00,90.80000305175781,90.9000015258789,90.5,90.5,131540,0.0,0.0
2025-08-19 04:25:00+00:00,90.5,90.69999694824219,90.5,90.5,60500,0.0,0.0
2025-08-19 04:30:00+00:00,90.5999984741211,90.69999694824219,90.5,90.5999984741211,70223,0.0,0.0
2025-08-19 04:35:00+00:00,90.5999984741211,90.5999984741211,90.5,90.5,66661,0.0,0.0
2025-08-19 04:40:00+00:00,90.5,90.5999984741211,90.5,90.5999984741211,23146,0.0,0.0
2025-08-19 04:45:00+00:00,90.5999984741211,90.69999694824219,90.30000305175781,90.69999694824219,133331,0.0,0.0
2025-08-19 04:50:00+00:00,90.69999694824219,90.69999694824219,90.5999984741211,90.5999984741211,22455,0.0,0.0
2025-08-19 04:55:00+00:00,90.5999984741211,90.69999694824219,90.5,90.5,39194,0.0,0.0
2025-08-19 05:00:00+00:00,90.5999984741211,90.69999694824219,90.5,90.69999694824219,29999,0.0,0.0
2025-08-19 05:05:00+00:00,90.5999984741211,90.69999694824219,90.19999694824219,90.30000305175781,330612,0.0,0.0
2025-08-19 05:10:00+00:00,90.19999694824219,90.30000305175781,90.19999694824219,90.19999694824219,94692,0.0,0.0
2025-08-19 05:15:00+00:00,90.19999694824219,90.30000305175781,90.19999694824219,90.19999694824219,76415,0.0,0.0
2025-08-19 05:20:00+00:00,90.30000305175781,90.30000305175781,90.0,90.30000305175781,294405,0.0,0.0
2025-08-20 01:00:00+00:00,88.0999984741211,89.30000305175781,88.0,89.0,0,0.0,0.0
2025-08-20 01:05:00+00:00,89.0,89.19999694824219,88.5,88.80000305175781,179000,0.0,0.0
2025-08-20 01:10:00+00:00,88.69999694824219,89.5999984741211,88.5,89.30000305175781,167421,0.0,0.0
2025-08-20 01:15:00+00:00,89.30000305175781,89.30000305175781,88.80000305175781,89.30000305175781,103055,0.0,0.0
2025-08-20 01:20:00+00:00,89.0999984741211,89.0999984741211,87.80000305175781,88.0999984741211,489207,0.0,0.0
2025-08-20 01:25:00+00:00,88.0,88.5999984741211,87.80000305175781,88.0999984741211,311135,0.0,0.0
2025-08-20 01:30:00+00:00,88.0,88.0999984741211,86.80000305175781,87.19999694824219,726800,0.0,0.0
2025-08-20 01:35:00+00:00,87.4000015258789,87.80000305175781,87.0999984741211,87.5999984741211,138878,0.0,0.0
2025-08-20 01:40:00+00:00,87.5999984741211,87.9000015258789,87.4000015258789,87.5999984741211,93710,0.0,0.0
2025-08-20 01:45:00+00:00,87.69999694824219,88.0,87.5999984741211,87.80000305175781,52800,0.0,0.0
2025-08-20 01:50:00+00:00,87.80000305175781,88.5,87.80000305175781,88.4000015258789,92371,0.0,0.0
2025-08-20 01:55:00+00:00,88.4000015258789,89.19999694824219,88.19999694824219,89.0999984741211,216440,0.0,0.0
2025-08-20 02:00:00+00:00,89.0999984741211,89.0999984741211,88.4000015258789,88.5999984741211,107711,0.0,0.0
2025-08-20 02:05:00+00:00,88.5,88.5,88.0,88.30000305175781,124456,0.0,0.0
2025-08-20 02:10:00+00:00,88.30000305175781,88.30000305175781,88.0,88.0,48583,0.0,0.0
2025-08-20 02:15:00+00:00,88.0999984741211,88.5,88.0,88.19999694824219,31031,0.0,0.0
2025-08-20 02:20:00+00:00,88.19999694824219,88.30000305175781,87.9000015258789,87.9000015258789,97329,0.0,0.0
2025-08-20 02:25:00+00:00,87.9000015258789,88.30000305175781,87.9000015258789,88.30000305175781,30952,0.0,0.0
2025-08-20 02:30:00+00:00,88.30000305175781,88.80000305175781,88.0999984741211,88.80000305175781,63014,0.0,0.0
2025-08-20 02:35:00+00:00,88.5999984741211,88.5999984741211,88.30000305175781,88.5,20209,0.0,0.0
2025-08-20 02:40:00+00:00,88.5,88.5,88.4000015258789,88.4000015258789,8000,0.0,0.0
2025-08-20 02:45:00+00:00,88.4000015258789,89.0,88.4000015258789,88.5999984741211,59263,0.0,0.0
2025-08-20 02:50:00+00:00,88.5,88.80000305175781,88.5,88.80000305175781,20346,0.0,0.0
2025-08-20 02:55:00+00:00,88.69999694824219,88.69999694824219,88.4000015258789,88.5,37300,0.0,0.0
2025-08-20 03:00:00+00:00,88.4000015258789,88.5999984741211,88.4000015258789,88.5,18005,0.0,0.0
2025-08-20 03:05:00+00:00,88.5,88.5,88.4000015258789,88.4000015258789,10012,0.0,0.0
2025-08-20 03:10:00+00:00,88.30000305175781,88.30000305175781,88.30000305175781,88.30000305175781,8170,0.0,0.0
2025-08-20 03:15:00+00:00,88.30000305175781,88.69999694824219,88.30000305175781,88.5999984741211,45417,0.0,0.0
2025-08-20 03:20:00+00:00,88.5999984741211,88.5999984741211,88.5,88.5999984741211,11005,0.0,0.0
2025-08-20 03:25:00+00:00,88.5999984741211,88.5999984741211,88.5999984741211,88.5999984741211,7300,0.0,0.0
2025-08-20 03:30:00+00:00,88.69999694824219,89.4000015258789,88.69999694824219,89.0,151119,0.0,0.0
2025-08-20 03:35:00+00:00,88.9000015258789,88.9000015258789,88.80000305175781,88.80000305175781,32219,0.0,0.0
2025-08-20 03:40:00+00:00,88.69999694824219,88.80000305175781,88.5999984741211,88.80000305175781,33335,0.0,0.0
2025-08-20 03:45:00+00:00,88.5,89.0,88.5,89.0,37736,0.0,0.0
2025-08-20 03:50:00+00:00,89.0,89.0,88.5999984741211,88.5999984741211,24000,0.0,0.0
2025-08-20 03:55:00+00:00,88.5999984741211,88.5999984741211,88.4000015258789,88.4000015258789,28712,0.0,0.0
2025-08-20 04:00:00+00:00,88.30000305175781,88.30000305175781,88.0,88.19999694824219,75250,0.0,0.0
2025-08-20 04:05:00+00:00,88.30000305175781,88.4000015258789,88.19999694824219,88.30000305175781,24669,0.0,0.0
2025-08-20 04:10:00+00:00,88.30000305175781,88.5,88.30000305175781,88.5,16000,0.0,0.0
2025-08-20 04:15:00+00:00,88.5999984741211,88.69999694824219,88.5,88.5,10000,0.0,0.0
2025-08-20 04:20:00+00:00,88.5,88.5999984741211,88.5,88.5,11160,0.0,0.0
2025-08-20 04:25:00+00:00,88.5,88.5,88.5,88.5,6000,0.0,0.0
2025-08-20 04:30:00+00:00,88.5,88.5,88.19999694824219,88.5,34105,0.0,0.0
2025-08-20 04:35:00+00:00,88.5,88.5,88.30000305175781,88.30000305175781,8136,0.0,0.0
2025-08-20 04:40:00+00:00,88.30000305175781,88.5,88.30000305175781,88.4000015258789,34691,0.0,0.0
2025-08-20 04:45:00+00:00,88.4000015258789,88.5999984741211,88.30000305175781,88.5,49345,0.0,0.0
2025-08-20 04:50:00+00:00,88.5,88.5,88.30000305175781,88.30000305175781,40145,0.0,0.0
2025-08-20 04:55:00+00:00,88.30000305175781,88.5,88.30000305175781,88.4000015258789,44041,0.0,0.0
2025-08-20 05:00:00+00:00,88.4000015258789,88.4000015258789,88.0,88.0999984741211,65857,0.0,0.0
2025-08-20 05:05:00+00:00,88.0,88.30000305175781,87.9000015258789,88.0999984741211,141679,0.0,0.0
2025-08-20 05:10:00+00:00,88.0999984741211,88.19999694824219,88.0,88.0,158220,0.0,0.0
2025-08-20 05:15:00+00:00,88.0,88.0,87.80000305175781,87.80000305175781,95714,0.0,0.0
2025-08-20 05:20:00+00:00,88.0,88.0999984741211,87.9000015258789,88.0,111198,0.0,0.0
2025-08-21 01:00:00+00:00,89.0,89.4000015258789,88.9000015258789,89.4000015258789,0,0.0,0.0
2025-08-21 01:05:00+00:00,89.30000305175781,89.4000015258789,88.5999984741211,88.9000015258789,143000,0.0,0.0
2025-08-21 01:10:00+00:00,88.9000015258789,88.9000015258789,88.30000305175781,88.5,120593,0.0,0.0
2025-08-21 01:15:00+00:00,88.5,88.80000305175781,88.30000305175781,88.5999984741211,117430,0.0,0.0
2025-08-21 01:20:00+00:00,88.5,89.0,88.5,89.0,120398,0.0,0.0
2025-08-21 01:25:00+00:00,89.0,89.19999694824219,89.0,89.0,41169,0.0,0.0
2025-08-21 01:30:00+00:00,89.0999984741211,89.30000305175781,89.0999984741211,89.30000305175781,58360,0.0,0.0
2025-08-21 01:35:00+00:00,89.4000015258789,90.0,89.4000015258789,89.69999694824219,333593,0.0,0.0
2025-08-21 01:40:00+00:00,89.69999694824219,90.19999694824219,89.69999694824219,89.69999694824219,122035,0.0,0.0
2025-08-21 01:45:00+00:00,89.69999694824219,89.80000305175781,89.5999984741211,89.80000305175781,23200,0.0,0.0
2025-08-21 01:50:00+00:00,89.80000305175781,89.9000015258789,89.80000305175781,89.9000015258789,46873,0.0,0.0
2025-08-21 01:55:00+00:00,90.0,90.5,90.0,90.19999694824219,259033,0.0,0.0
2025-08-21 02:00:00+00:00,90.19999694824219,90.19999694824219,89.80000305175781,89.9000015258789,130333,0.0,0.0
2025-08-21 02:05:00+00:00,89.9000015258789,90.0999984741211,89.80000305175781,89.9000015258789,67050,0.0,0.0
2025-08-21 02:10:00+00:00,89.80000305175781,89.9000015258789,89.5999984741211,89.9000015258789,173866,0.0,0.0
2025-08-21 02:15:00+00:00,89.80000305175781,89.80000305175781,89.69999694824219,89.80000305175781,22884,0.0,0.0
2025-08-21 02:20:00+00:00,89.69999694824219,90.0,89.5,90.0,181625,0.0,0.0
2025-08-21 02:25:00+00:00,90.0999984741211,90.19999694824219,90.0,90.19999694824219,30650,0.0,0.0
2025-08-21 02:30:00+00:00,90.30000305175781,90.30000305175781,90.0999984741211,90.0999984741211,36892,0.0,0.0
2025-08-21 02:35:00+00:00,90.0,90.4000015258789,89.80000305175781,90.4000015258789,88050,0.0,0.0
2025-08-21 02:40:00+00:00,90.4000015258789,90.4000015258789,90.0999984741211,90.4000015258789,50030,0.0,0.0
2025-08-21 02:45:00+00:00,90.4000015258789,90.4000015258789,89.9000015258789,89.9000015258789,31300,0.0,0.0
2025-08-21 02:50:00+00:00,90.0,90.19999694824219,89.69999694824219,89.80000305175781,54114,0.0,0.0
2025-08-21 02:55:00+00:00,89.80000305175781,89.9000015258789,89.80000305175781,89.9000015258789,55306,0.0,0.0
2025-08-21 03:00:00+00:00,89.69999694824219,89.80000305175781,89.5999984741211,89.5999984741211,48466,0.0,0.0
2025-08-21 03:05:00+00:00,89.5999984741211,89.5999984741211,89.30000305175781,89.5999984741211,94121,0.0,0.0
2025-08-21 03:10:00+00:00,89.5,90.0,89.5,90.0,28310,0.0,0.0
2025-08-21 03:15:00+00:00,89.80000305175781,89.80000305175781,89.5999984741211,89.5999984741211,15028,0.0,0.0
2025-08-21 03:20:00+00:00,89.5999984741211,90.0,89.4000015258789,89.5999984741211,46754,0.0,0.0
2025-08-21 03:25:00+00:00,89.5999984741211,90.0999984741211,89.4000015258789,90.0,127809,0.0,0.0
2025-08-21 03:30:00+00:00,89.9000015258789,90.4000015258789,89.9000015258789,90.4000015258789,154413,0.0,0.0
2025-08-21 03:35:00+00:00,90.30000305175781,90.5999984741211,90.30000305175781,90.5999984741211,192703,0.0,0.0
2025-08-21 03:40:00+00:00,90.5999984741211,90.69999694824219,90.4000015258789,90.4000015258789,42058,0.0,0.0
2025-08-21 03:45:00+00:00,90.5,91.0999984741211,90.5,91.0999984741211,284028,0.0,0.0
2025-08-21 03:50:00+00:00,91.0,91.30000305175781,90.80000305175781,90.80000305175781,139540,0.0,0.0
2025-08-21 03:55:00+00:00,90.80000305175781,90.80000305175781,90.5999984741211,90.5999984741211,9386,0.0,0.0
2025-08-21 04:00:00+00:00,90.5999984741211,91.5,90.5999984741211,91.30000305175781,162818,0.0,0.0
2025-08-21 04:05:00+00:00,91.30000305175781,91.30000305175781,90.9000015258789,90.9000015258789,60138,0.0,0.0
2025-08-21 04:10:00+00:00,91.0,91.19999694824219,91.0,91.0999984741211,50443,0.0,0.0
2025-08-21 04:15:00+00:00,91.19999694824219,91.4000015258789,90.9000015258789,90.9000015258789,95358,0.0,0.0
2025-08-21 04:20:00+00:00,90.9000015258789,90.9000015258789,90.69999694824219,90.69999694824219,43285,0.0,0.0
2025-08-21 04:25:00+00:00,90.69999694824219,90.80000305175781,90.5,90.69999694824219,60323,0.0,0.0
2025-08-21 04:30:00+00:00,90.69999694824219,90.69999694824219,90.5999984741211,90.69999694824219,17506,0.0,0.0
2025-08-21 04:35:00+00:00,90.69999694824219,90.80000305175781,90.5999984741211,90.69999694824219,40351,0.0,0.0
2025-08-21 04:40:00+00:00,90.69999694824219,91.0999984741211,90.5999984741211,91.0,63397,0.0,0.0
2025-08-21 04:45:00+00:00,91.0,91.0,90.80000305175781,91.0,22010,0.0,0.0
2025-08-21 04:50:00+00:00,91.0,91.0999984741211,90.80000305175781,91.0999984741211,69379,0.0,0.0
2025-08-21 04:55:00+00:00,91.19999694824219,91.19999694824219,91.0999984741211,91.0999984741211,39168,0.0,0.0
2025-08-21 05:00:00+00:00,91.0999984741211,91.0999984741211,91.0,91.0,45190,0.0,0.0
2025-08-21 05:05:00+00:00,91.0,91.0999984741211,90.80000305175781,90.9000015258789,53201,0.0,0.0
2025-08-21 05:10:00+00:00,90.80000305175781,90.9000015258789,90.80000305175781,90.9000015258789,63533,0.0,0.0
2025-08-21 05:15:00+00:00,90.9000015258789,91.0999984741211,90.9000015258789,91.0,95322,0.0,0.0
2025-08-21 05:20:00+00:00,91.0,91.0999984741211,90.80000305175781,90.80000305175781,130968,0.0,0.0
2025-08-22 01:00:00+00:00,91.0999984741211,92.9000015258789,91.0999984741211,92.5999984741211,0,0.0,0.0
2025-08-22 01:05:00+00:00,92.5999984741211,92.9000015258789,91.0,91.5,562000,0.0,0.0
2025-08-22 01:10:00+00:00,91.4000015258789,92.5,91.0999984741211,91.9000015258789,564013,0.0,0.0
2025-08-22 01:15:00+00:00,92.0,92.0,91.30000305175781,91.5999984741211,185092,0.0,0.0
2025-08-22 01:20:00+00:00,91.5,91.5,90.5,90.5999984741211,341283,0.0,0.0
2025-08-22 01:25:00+00:00,90.5999984741211,91.0999984741211,90.5999984741211,90.9000015258789,94149,0.0,0.0
2025-08-22 01:30:00+00:00,90.80000305175781,92.30000305175781,90.69999694824219,91.69999694824219,464216,0.0,0.0
2025-08-22 01:35:00+00:00,91.80000305175781,91.9000015258789,91.0,91.0999984741211,246874,0.0,0.0
2025-08-22 01:40:00+00:00,91.0999984741211,91.5,90.80000305175781,91.5,171394,0.0,0.0
2025-08-22 01:45:00+00:00,91.5,92.30000305175781,91.5,92.30000305175781,152231,0.0,0.0
2025-08-22 01:50:00+00:00,92.19999694824219,92.5,92.0,92.0,347405,0.0,0.0
2025-08-22 01:55:00+00:00,92.0,92.0999984741211,92.0,92.0,101612,0.0,0.0
2025-08-22 02:00:00+00:00,92.0,93.0999984741211,92.0,92.19999694824219,795871,0.0,0.0
2025-08-22 02:05:00+00:00,92.30000305175781,92.9000015258789,92.19999694824219,92.80000305175781,203130,0.0,0.0
2025-08-22 02:10:00+00:00,92.69999694824219,93.0999984741211,92.30000305175781,93.0,359466,0.0,0.0
2025-08-22 02:15:00+00:00,93.0,93.0999984741211,92.4000015258789,92.4000015258789,359913,0.0,0.0
2025-08-22 02:20:00+00:00,92.5,92.80000305175781,92.30000305175781,92.69999694824219,158225,0.0,0.0
2025-08-22 02:25:00+00:00,92.69999694824219,92.69999694824219,92.30000305175781,92.4000015258789,116235,0.0,0.0
2025-08-22 02:30:00+00:00,92.4000015258789,92.5,92.19999694824219,92.4000015258789,159400,0.0,0.0
2025-08-22 02:35:00+00:00,92.30000305175781,92.4000015258789,92.0999984741211,92.4000015258789,84557,0.0,0.0
2025-08-22 02:40:00+00:00,92.4000015258789,92.4000015258789,92.0999984741211,92.0999984741211,88488,0.0,0.0
2025-08-22 02:45:00+00:00,92.19999694824219,92.30000305175781,92.0,92.0999984741211,98120,0.0,0.0
2025-08-22 02:50:00+00:00,92.0999984741211,92.19999694824219,92.0,92.0999984741211,19149,0.0,0.0
2025-08-22 02:55:00+00:00,92.0999984741211,92.0999984741211,91.80000305175781,91.80000305175781,95150,0.0,0.0
2025-08-22 03:00:00+00:00,91.80000305175781,91.80000305175781,91.5999984741211,91.5999984741211,95221,0.0,0.0
2025-08-22 03:05:00+00:00,91.5999984741211,91.69999694824219,91.5,91.5,64477,0.0,0.0
2025-08-22 03:10:00+00:00,91.4000015258789,91.4000015258789,91.19999694824219,91.30000305175781,67307,0.0,0.0
2025-08-22 03:15:00+00:00,91.4000015258789,91.4000015258789,90.9000015258789,91.0,148394,0.0,0.0
2025-08-22 03:20:00+00:00,91.0999984741211,91.0999984741211,90.5999984741211,90.69999694824219,172845,0.0,0.0
2025-08-22 03:25:00+00:00,90.5999984741211,90.80000305175781,90.5999984741211,90.69999694824219,147107,0.0,0.0
2025-08-22 03:30:00+00:00,90.69999694824219,90.9000015258789,90.69999694824219,90.9000015258789,21303,0.0,0.0
2025-08-22 03:35:00+00:00,90.80000305175781,91.0999984741211,90.80000305175781,91.0999984741211,50151,0.0,0.0
2025-08-22 03:40:00+00:00,91.0999984741211,91.0999984741211,90.80000305175781,90.80000305175781,65461,0.0,0.0
2025-08-22 03:45:00+00:00,90.9000015258789,90.9000015258789,90.80000305175781,90.80000305175781,64064,0.0,0.0
2025-08-22 03:50:00+00:00,90.80000305175781,90.9000015258789,90.5999984741211,90.5999984741211,71100,0.0,0.0
2025-08-22 03:55:00+00:00,90.69999694824219,90.80000305175781,90.69999694824219,90.69999694824219,47010,0.0,0.0
2025-08-22 04:00:00+00:00,90.5999984741211,90.69999694824219,90.5,90.5,102496,0.0,0.0
2025-08-22 04:05:00+00:00,90.5,90.5999984741211,90.4000015258789,90.5,100040,0.0,0.0
2025-08-22 04:10:00+00:00,90.5,90.80000305175781,90.5,90.69999694824219,26100,0.0,0.0
2025-08-22 04:15:00+00:00,90.69999694824219,90.69999694824219,90.5999984741211,90.69999694824219,21070,0.0,0.0
2025-08-22 04:20:00+00:00,90.5999984741211,90.69999694824219,90.5,90.5999984741211,37094,0.0,0.0
2025-08-22 04:25:00+00:00,90.5999984741211,90.5999984741211,90.4000015258789,90.4000015258789,130200,0.0,0.0
2025-08-22 04:30:00+00:00,90.4000015258789,90.5,90.30000305175781,90.30000305175781,40097,0.0,0.0
2025-08-22 04:35:00+00:00,90.19999694824219,90.4000015258789,90.19999694824219,90.4000015258789,34170,0.0,0.0
2025-08-22 04:40:00+00:00,90.4000015258789,90.69999694824219,90.4000015258789,90.5,32000,0.0,0.0
2025-08-22 04:45:00+00:00,90.5999984741211,90.80000305175781,90.5999984741211,90.69999694824219,35200,0.0,0.0
2025-08-22 04:50:00+00:00,90.5999984741211,90.5999984741211,90.4000015258789,90.4000015258789,32186,0.0,0.0
2025-08-22 04:55:00+00:00,90.4000015258789,90.5,90.0999984741211,90.0999984741211,95365,0.0,0.0
2025-08-22 05:00:00+00:00,90.0999984741211,90.19999694824219,90.0999984741211,90.19999694824219,39550,0.0,0.0
2025-08-22 05:05:00+00:00,90.19999694824219,90.5,90.0999984741211,90.4000015258789,82427,0.0,0.0
2025-08-22 05:10:00+00:00,90.5,90.5999984741211,90.4000015258789,90.4000015258789,46070,0.0,0.0
2025-08-22 05:15:00+00:00,90.30000305175781,90.30000305175781,90.0,90.0999984741211,165035,0.0,0.0
2025-08-22 05:20:00+00:00,90.19999694824219,90.4000015258789,89.80000305175781,90.4000015258789,249533,0.0,0.0
2025-08-22 05:25:00+00:00,90.30000305175781,90.30000305175781,90.19999694824219,90.19999694824219,3493,0.0,0.0
2025-08-25 01:00:00+00:00,91.30000305175781,93.19999694824219,91.30000305175781,91.5999984741211,0,0.0,0.0
2025-08-25 01:05:00+00:00,91.69999694824219,92.4000015258789,91.5999984741211,91.69999694824219,158936,0.0,0.0
2025-08-25 01:10:00+00:00,91.69999694824219,93.0999984741211,91.5999984741211,93.0,492463,0.0,0.0
2025-08-25 01:15:00+00:00,93.0,93.0,92.19999694824219,92.5999984741211,158966,0.0,0.0
2025-08-25 01:20:00+00:00,92.4000015258789,92.69999694824219,92.19999694824219,92.5999984741211,73556,0.0,0.0
2025-08-25 01:25:00+00:00,92.80000305175781,93.0999984741211,92.4000015258789,92.9000015258789,239893,0.0,0.0
2025-08-25 01:30:00+00:00,92.9000015258789,93.5,92.5999984741211,93.0,527310,0.0,0.0
2025-08-25 01:35:00+00:00,92.9000015258789,93.5,92.4000015258789,93.19999694824219,479984,0.0,0.0
2025-08-25 01:40:00+00:00,93.19999694824219,94.30000305175781,93.0,93.80000305175781,909128,0.0,0.0
2025-08-25 01:45:00+00:00,93.9000015258789,94.30000305175781,93.19999694824219,93.5,390001,0.0,0.0
2025-08-25 01:50:00+00:00,93.5999984741211,94.0999984741211,93.4000015258789,93.5999984741211,261252,0.0,0.0
2025-08-25 01:55:00+00:00,93.5999984741211,93.5999984741211,93.19999694824219,93.30000305175781,94135,0.0,0.0
2025-08-25 02:00:00+00:00,93.30000305175781,93.30000305175781,93.0,93.0999984741211,81905,0.0,0.0
2025-08-25 02:05:00+00:00,93.0999984741211,93.0999984741211,92.69999694824219,92.69999694824219,106215,0.0,0.0
2025-08-25 02:10:00+00:00,92.69999694824219,93.0999984741211,92.5999984741211,92.5999984741211,111231,0.0,0.0
2025-08-25 02:15:00+00:00,92.69999694824219,92.69999694824219,92.5999984741211,92.69999694824219,96877,0.0,0.0
2025-08-25 02:20:00+00:00,92.69999694824219,92.80000305175781,92.30000305175781,92.4000015258789,91938,0.0,0.0
2025-08-25 02:25:00+00:00,92.5,92.5999984741211,92.4000015258789,92.5,40045,0.0,0.0
2025-08-25 02:30:00+00:00,92.5,92.9000015258789,92.4000015258789,92.69999694824219,67632,0.0,0.0
2025-08-25 02:35:00+00:00,92.80000305175781,92.9000015258789,92.4000015258789,92.5,69869,0.0,0.0
2025-08-25 02:40:00+00:00,92.4000015258789,92.5,92.4000015258789,92.5,20726,0.0,0.0
2025-08-25 02:45:00+00:00,92.5999984741211,92.9000015258789,92.5999984741211,92.80000305175781,53495,0.0,0.0
2025-08-25 02:50:00+00:00,92.80000305175781,92.80000305175781,92.5999984741211,92.80000305175781,18116,0.0,0.0
2025-08-25 02:55:00+00:00,92.80000305175781,93.19999694824219,92.69999694824219,92.9000015258789,108275,0.0,0.0
2025-08-25 03:00:00+00:00,92.9000015258789,93.0,92.69999694824219,92.80000305175781,29109,0.0,0.0
2025-08-25 03:05:00+00:00,92.69999694824219,92.80000305175781,92.5999984741211,92.5999984741211,89996,0.0,0.0
2025-08-25 03:10:00+00:00,92.69999694824219,92.9000015258789,92.5999984741211,92.5999984741211,22123,0.0,0.0
2025-08-25 03:15:00+00:00,92.5999984741211,92.5999984741211,92.5,92.5,47195,0.0,0.0
2025-08-25 03:20:00+00:00,92.5,92.5,92.4000015258789,92.4000015258789,53200,0.0,0.0
2025-08-25 03:25:00+00:00,92.30000305175781,92.30000305175781,91.9000015258789,92.0999984741211,227447,0.0,0.0
2025-08-25 03:30:00+00:00,92.19999694824219,92.30000305175781,92.19999694824219,92.19999694824219,10050,0.0,0.0
2025-08-25 03:35:00+00:00,92.19999694824219,92.30000305175781,92.0999984741211,92.0999984741211,13025,0.0,0.0
2025-08-25 03:40:00+00:00,92.0999984741211,92.4000015258789,92.0999984741211,92.4000015258789,44399,0.0,0.0
2025-08-25 03:45:00+00:00,92.4000015258789,92.5,92.19999694824219,92.5,31204,0.0,0.0
2025-08-25 03:50:00+00:00,92.5,92.5999984741211,92.4000015258789,92.5999984741211,56820,0.0,0.0
2025-08-25 03:55:00+00:00,92.5,92.5999984741211,92.4000015258789,92.5999984741211,7000,0.0,0.0
2025-08-25 04:00:00+00:00,92.5999984741211,92.5999984741211,92.30000305175781,92.4000015258789,27025,0.0,0.0
2025-08-25 04:05:00+00:00,92.4000015258789,92.5,92.30000305175781,92.4000015258789,16010,0.0,0.0
2025-08-25 04:10:00+00:00,92.4000015258789,92.5,92.30000305175781,92.5,32490,0.0,0.0
2025-08-25 04:15:00+00:00,92.4000015258789,92.5,92.4000015258789,92.5,7012,0.0,0.0
2025-08-25 04:20:00+00:00,92.5999984741211,92.5999984741211,92.5,92.5999984741211,17113,0.0,0.0
2025-08-25 04:25:00+00:00,92.5,92.5999984741211,92.5,92.5,12080,0.0,0.0
2025-08-25 04:30:00+00:00,92.5,92.5,92.19999694824219,92.19999694824219,105658,0.0,0.0
2025-08-25 04:35:00+00:00,92.19999694824219,92.19999694824219,91.9000015258789,92.0,82180,0.0,0.0
2025-08-25 04:40:00+00:00,92.0,92.0,91.9000015258789,92.0,53672,0.0,0.0
2025-08-25 04:45:00+00:00,91.9000015258789,92.0,91.9000015258789,91.9000015258789,26376,0.0,0.0
2025-08-25 04:50:00+00:00,91.9000015258789,91.9000015258789,91.5,91.5,173337,0.0,0.0
2025-08-25 04:55:00+00:00,91.5999984741211,91.5999984741211,91.4000015258789,91.5999984741211,142764,0.0,0.0
2025-08-25 05:00:00+00:00,91.5,91.80000305175781,91.5,91.80000305175781,50410,0.0,0.0
2025-08-25 05:05:00+00:00,91.9000015258789,92.0,91.5999984741211,91.69999694824219,70026,0.0,0.0
2025-08-25 05:10:00+00:00,91.80000305175781,91.9000015258789,91.80000305175781,91.9000015258789,37220,0.0,0.0
2025-08-25 05:15:00+00:00,91.80000305175781,91.80000305175781,91.5999984741211,91.69999694824219,83502,0.0,0.0
2025-08-25 05:20:00+00:00,91.69999694824219,91.80000305175781,91.5999984741211,91.80000305175781,103940,0.0,0.0
2025-08-26 01:00:00+00:00,91.69999694824219,91.9000015258789,91.0,91.19999694824219,0,0.0,0.0
2025-08-26 01:05:00+00:00,91.4000015258789,91.5999984741211,91.0999984741211,91.4000015258789,156000,0.0,0.0
2025-08-26 01:10:00+00:00,91.5,91.5,90.80000305175781,91.0,194515,0.0,0.0
2025-08-26 01:15:00+00:00,91.0,91.4000015258789,90.80000305175781,90.80000305175781,106822,0.0,0.0
2025-08-26 01:20:00+00:00,90.80000305175781,91.19999694824219,90.80000305175781,91.19999694824219,40935,0.0,0.0
2025-08-26 01:25:00+00:00,91.30000305175781,91.30000305175781,90.5999984741211,90.5999984741211,162653,0.0,0.0
2025-08-26 01:30:00+00:00,90.5999984741211,90.9000015258789,90.5,90.9000015258789,55818,0.0,0.0
2025-08-26 01:35:00+00:00,90.80000305175781,91.5,90.69999694824219,91.4000015258789,74399,0.0,0.0
2025-08-26 01:40:00+00:00,91.30000305175781,92.0,91.30000305175781,92.0,106060,0.0,0.0
2025-08-26 01:45:00+00:00,92.0,92.5999984741211,91.80000305175781,92.5999984741211,236906,0.0,0.0
2025-08-26 01:50:00+00:00,92.5999984741211,92.9000015258789,92.0,92.5,204454,0.0,0.0
2025-08-26 01:55:00+00:00,92.5,92.69999694824219,92.19999694824219,92.30000305175781,98489,0.0,0.0
2025-08-26 02:00:00+00:00,92.19999694824219,92.30000305175781,92.0999984741211,92.0999984741211,32836,0.0,0.0
2025-08-26 02:05:00+00:00,92.19999694824219,92.19999694824219,91.9000015258789,91.9000015258789,58340,0.0,0.0
2025-08-26 02:10:00+00:00,91.9000015258789,92.5,91.80000305175781,92.4000015258789,80416,0.0,0.0
2025-08-26 02:15:00+00:00,92.4000015258789,92.5,92.4000015258789,92.5,69990,0.0,0.0
2025-08-26 02:20:00+00:00,92.4000015258789,93.30000305175781,92.4000015258789,92.9000015258789,351680,0.0,0.0
2025-08-26 02:25:00+00:00,92.80000305175781,93.19999694824219,92.80000305175781,93.19999694824219,141926,0.0,0.0
2025-08-26 02:30:00+00:00,93.0999984741211,93.19999694824219,92.5,92.9000015258789,85113,0.0,0.0
2025-08-26 02:35:00+00:00,92.9000015258789,93.0999984741211,92.9000015258789,93.0,32257,0.0,0.0
2025-08-26 02:40:00+00:00,93.0,93.30000305175781,92.80000305175781,93.30000305175781,104696,0.0,0.0
2025-08-26 02:45:00+00:00,93.30000305175781,93.30000305175781,93.0999984741211,93.19999694824219,72440,0.0,0.0
2025-08-26 02:50:00+00:00,93.19999694824219,93.19999694824219,92.9000015258789,92.9000015258789,64252,0.0,0.0
2025-08-26 02:55:00+00:00,92.9000015258789,93.0,92.80000305175781,92.80000305175781,37026,0.0,0.0
2025-08-26 03:00:00+00:00,92.80000305175781,93.19999694824219,92.5999984741211,93.0,106486,0.0,0.0
2025-08-26 03:05:00+00:00,93.0,93.0,92.9000015258789,92.9000015258789,12000,0.0,0.0
2025-08-26 03:10:00+00:00,92.9000015258789,92.9000015258789,92.69999694824219,92.69999694824219,33633,0.0,0.0
2025-08-26 03:15:00+00:00,92.5999984741211,92.69999694824219,92.5999984741211,92.69999694824219,17100,0.0,0.0
2025-08-26 03:20:00+00:00,92.69999694824219,92.69999694824219,92.5999984741211,92.5999984741211,19022,0.0,0.0
2025-08-26 03:25:00+00:00,92.5999984741211,92.80000305175781,92.5,92.80000305175781,73172,0.0,0.0
2025-08-26 03:30:00+00:00,92.80000305175781,92.80000305175781,92.5999984741211,92.5999984741211,24559,0.0,0.0
2025-08-26 03:35:00+00:00,92.5,92.5999984741211,92.4000015258789,92.5999984741211,79057,0.0,0.0
2025-08-26 03:40:00+00:00,92.69999694824219,92.69999694824219,92.5,92.5,46754,0.0,0.0
2025-08-26 03:45:00+00:00,92.5,92.5,92.4000015258789,92.5,35042,0.0,0.0
2025-08-26 03:50:00+00:00,92.4000015258789,92.4000015258789,92.30000305175781,92.30000305175781,17004,0.0,0.0
2025-08-26 03:55:00+00:00,92.30000305175781,92.5,92.19999694824219,92.5,72267,0.0,0.0
2025-08-26 04:00:00+00:00,92.5999984741211,92.5999984741211,92.5,92.5999984741211,25094,0.0,0.0
2025-08-26 04:05:00+00:00,92.69999694824219,92.9000015258789,92.69999694824219,92.9000015258789,99006,0.0,0.0
2025-08-26 04:10:00+00:00,92.9000015258789,92.9000015258789,92.80000305175781,92.80000305175781,33000,0.0,0.0
2025-08-26 04:15:00+00:00,92.80000305175781,93.4000015258789,92.80000305175781,93.4000015258789,339949,0.0,0.0
2025-08-26 04:20:00+00:00,93.30000305175781,93.30000305175781,93.19999694824219,93.30000305175781,55774,0.0,0.0
2025-08-26 04:25:00+00:00,93.30000305175781,93.30000305175781,93.19999694824219,93.30000305175781,43193,0.0,0.0
2025-08-26 04:30:00+00:00,93.30000305175781,93.4000015258789,93.19999694824219,93.30000305175781,116416,0.0,0.0
2025-08-26 04:35:00+00:00,93.30000305175781,93.5,93.19999694824219,93.4000015258789,186184,0.0,0.0
2025-08-26 04:40:00+00:00,93.5,93.5,93.30000305175781,93.4000015258789,72152,0.0,0.0
2025-08-26 04:45:00+00:00,93.5,93.5,93.4000015258789,93.4000015258789,43408,0.0,0.0
2025-08-26 04:50:00+00:00,93.4000015258789,93.4000015258789,93.4000015258789,93.4000015258789,58507,0.0,0.0
2025-08-26 04:55:00+00:00,93.4000015258789,93.5,93.30000305175781,93.5,67725,0.0,0.0
2025-08-26 05:00:00+00:00,93.5,93.5,93.30000305175781,93.4000015258789,78483,0.0,0.0
2025-08-26 05:05:00+00:00,93.4000015258789,93.80000305175781,93.30000305175781,93.5999984741211,323290,0.0,0.0
2025-08-26 05:10:00+00:00,93.69999694824219,94.19999694824219,93.5999984741211,94.0999984741211,409994,0.0,0.0
2025-08-26 05:15:00+00:00,94.0,94.0999984741211,93.9000015258789,94.0,160845,0.0,0.0
2025-08-26 05:20:00+00:00,94.0,94.0999984741211,93.9000015258789,94.0999984741211,180404,0.0,0.0
2025-08-27 01:00:00+00:00,94.30000305175781,94.9000015258789,93.5999984741211,94.0999984741211,0,0.0,0.0
2025-08-27 01:05:00+00:00,94.0999984741211,95.0,94.0,94.30000305175781,293825,0.0,0.0
2025-08-27 01:10:00+00:00,94.4000015258789,94.9000015258789,94.0999984741211,94.69999694824219,132431,0.0,0.0
2025-08-27 01:15:00+00:00,94.69999694824219,94.69999694824219,94.0,94.19999694824219,167645,0.0,0.0
2025-08-27 01:20:00+00:00,94.19999694824219,94.80000305175781,94.0999984741211,94.5,102205,0.0,0.0
2025-08-27 01:25:00+00:00,94.5,94.9000015258789,94.4000015258789,94.69999694824219,97133,0.0,0.0
2025-08-27 01:30:00+00:00,94.5999984741211,94.5999984741211,94.30000305175781,94.5,113765,0.0,0.0
2025-08-27 01:35:00+00:00,94.5999984741211,94.69999694824219,94.4000015258789,94.4000015258789,46507,0.0,0.0
2025-08-27 01:40:00+00:00,94.4000015258789,94.5,94.0999984741211,94.19999694824219,140173,0.0,0.0
2025-08-27 01:45:00+00:00,94.30000305175781,94.30000305175781,94.19999694824219,94.30000305175781,25230,0.0,0.0
2025-08-27 01:50:00+00:00,94.30000305175781,94.30000305175781,94.19999694824219,94.19999694824219,63120,0.0,0.0
2025-08-27 01:55:00+00:00,94.0999984741211,94.19999694824219,94.0,94.0,76730,0.0,0.0
2025-08-27 02:00:00+00:00,94.0999984741211,94.80000305175781,94.0,94.69999694824219,169002,0.0,0.0
2025-08-27 02:05:00+00:00,94.5999984741211,94.5999984741211,94.4000015258789,94.5,27020,0.0,0.0
2025-08-27 02:10:00+00:00,94.4000015258789,94.5,94.30000305175781,94.30000305175781,50110,0.0,0.0
2025-08-27 02:15:00+00:00,94.30000305175781,94.30000305175781,94.19999694824219,94.30000305175781,14020,0.0,0.0
2025-08-27 02:20:00+00:00,94.4000015258789,94.4000015258789,94.0999984741211,94.30000305175781,82313,0.0,0.0
2025-08-27 02:25:00+00:00,94.30000305175781,94.30000305175781,94.19999694824219,94.30000305175781,22350,0.0,0.0
2025-08-27 02:30:00+00:00,94.30000305175781,94.4000015258789,94.30000305175781,94.4000015258789,60707,0.0,0.0
2025-08-27 02:35:00+00:00,94.4000015258789,94.5,94.4000015258789,94.4000015258789,22340,0.0,0.0
2025-08-27 02:40:00+00:00,94.4000015258789,94.5999984741211,94.30000305175781,94.5,71179,0.0,0.0
2025-08-27 02:45:00+00:00,94.5,94.5,94.4000015258789,94.4000015258789,19200,0.0,0.0
2025-08-27 02:50:00+00:00,94.4000015258789,94.4000015258789,94.4000015258789,94.4000015258789,27533,0.0,0.0
2025-08-27 02:55:00+00:00,94.30000305175781,94.4000015258789,94.30000305175781,94.30000305175781,18000,0.0,0.0
2025-08-27 03:00:00+00:00,94.4000015258789,94.69999694824219,94.30000305175781,94.5999984741211,113121,0.0,0.0
2025-08-27 03:05:00+00:00,94.5999984741211,94.5999984741211,94.5999984741211,94.5999984741211,20369,0.0,0.0
2025-08-27 03:10:00+00:00,94.5999984741211,94.80000305175781,94.5999984741211,94.80000305175781,20414,0.0,0.0
2025-08-27 03:15:00+00:00,94.80000305175781,95.4000015258789,94.69999694824219,95.19999694824219,442386,0.0,0.0
2025-08-27 03:20:00+00:00,95.19999694824219,95.30000305175781,95.0,95.19999694824219,162195,0.0,0.0
2025-08-27 03:25:00+00:00,95.19999694824219,95.19999694824219,95.0999984741211,95.0999984741211,39330,0.0,0.0
2025-08-27 03:30:00+00:00,95.0999984741211,95.0999984741211,95.0999984741211,95.0999984741211,25885,0.0,0.0
2025-08-27 03:35:00+00:00,95.0999984741211,95.0999984741211,95.0,95.0999984741211,15062,0.0,0.0
2025-08-27 03:40:00+00:00,95.0999984741211,95.0999984741211,94.80000305175781,94.9000015258789,119052,0.0,0.0
2025-08-27 03:45:00+00:00,94.9000015258789,95.0,94.80000305175781,95.0,45625,0.0,0.0
2025-08-27 03:50:00+00:00,94.9000015258789,94.9000015258789,94.80000305175781,94.9000015258789,14436,0.0,0.0
2025-08-27 03:55:00+00:00,94.9000015258789,95.0999984741211,94.9000015258789,95.0,37300,0.0,0.0
2025-08-27 04:00:00+00:00,95.0999984741211,95.19999694824219,95.0,95.19999694824219,78150,0.0,0.0
2025-08-27 04:05:00+00:00,95.19999694824219,95.19999694824219,95.0,95.0999984741211,59200,0.0,0.0
2025-08-27 04:10:00+00:00,95.0999984741211,95.80000305175781,95.0999984741211,95.69999694824219,240444,0.0,0.0
2025-08-27 04:15:00+00:00,95.69999694824219,96.0999984741211,95.5999984741211,95.5999984741211,323382,0.0,0.0
2025-08-27 04:20:00+00:00,95.5,95.80000305175781,95.4000015258789,95.80000305175781,87966,0.0,0.0
2025-08-27 04:25:00+00:00,95.69999694824219,95.69999694824219,95.5,95.5,42145,0.0,0.0
2025-08-27 04:30:00+00:00,95.5,95.5999984741211,95.4000015258789,95.5999984741211,51150,0.0,0.0
2025-08-27 04:35:00+00:00,95.5,95.9000015258789,95.4000015258789,95.9000015258789,137661,0.0,0.0
2025-08-27 04:40:00+00:00,95.9000015258789,96.0,95.69999694824219,95.69999694824219,52560,0.0,0.0
2025-08-27 04:45:00+00:00,95.69999694824219,95.69999694824219,95.30000305175781,95.4000015258789,45295,0.0,0.0
2025-08-27 04:50:00+00:00,95.4000015258789,95.4000015258789,95.30000305175781,95.30000305175781,46100,0.0,0.0
2025-08-27 04:55:00+00:00,95.30000305175781,95.5,95.30000305175781,95.5,41046,0.0,0.0
2025-08-27 05:00:00+00:00,95.4000015258789,95.4000015258789,95.19999694824219,95.30000305175781,79577,0.0,0.0
2025-08-27 05:05:00+00:00,95.30000305175781,95.30000305175781,95.0999984741211,95.19999694824219,74420,0.0,0.0
2025-08-27 05:10:00+00:00,95.19999694824219,95.19999694824219,95.0,95.0,279012,0.0,0.0
2025-08-27 05:15:00+00:00,95.0999984741211,95.0999984741211,95.0,95.0,65003,0.0,0.0
2025-08-27 05:20:00+00:00,95.0,95.0999984741211,94.9000015258789,94.9000015258789,106007,0.0,0.0
2025-08-28 01:00:00+00:00,95.19999694824219,95.5999984741211,94.9000015258789,95.19999694824219,0,0.0,0.0
2025-08-28 01:05:00+00:00,95.19999694824219,95.69999694824219,95.19999694824219,95.5999984741211,86870,0.0,0.0
2025-08-28 01:10:00+00:00,95.5999984741211,96.0999984741211,95.5999984741211,96.0999984741211,179727,0.0,0.0
2025-08-28 01:15:00+00:00,96.0999984741211,96.80000305175781,96.0,96.30000305175781,305785,0.0,0.0
2025-08-28 01:20:00+00:00,96.19999694824219,96.19999694824219,95.30000305175781,95.30000305175781,175906,0.0,0.0
2025-08-28 01:25:00+00:00,95.30000305175781,96.4000015258789,95.30000305175781,96.4000015258789,135562,0.0,0.0
2025-08-28 01:30:00+00:00,96.30000305175781,96.80000305175781,96.19999694824219,96.80000305175781,263442,0.0,0.0
2025-08-28 01:35:00+00:00,96.80000305175781,97.30000305175781,96.5999984741211,97.19999694824219,468741,0.0,0.0
2025-08-28 01:40:00+00:00,97.0999984741211,97.4000015258789,96.80000305175781,96.80000305175781,279619,0.0,0.0
2025-08-28 01:45:00+00:00,96.69999694824219,97.0999984741211,96.5999984741211,97.0,125770,0.0,0.0
2025-08-28 01:50:00+00:00,97.0,97.0999984741211,96.80000305175781,96.80000305175781,79191,0.0,0.0
2025-08-28 01:55:00+00:00,96.80000305175781,96.80000305175781,96.4000015258789,96.5,101088,0.0,0.0
2025-08-28 02:00:00+00:00,96.5,96.5999984741211,96.5,96.5999984741211,43112,0.0,0.0
2025-08-28 02:05:00+00:00,96.5999984741211,96.9000015258789,96.5999984741211,96.69999694824219,115185,0.0,0.0
2025-08-28 02:10:00+00:00,96.69999694824219,96.69999694824219,96.5,96.5,69211,0.0,0.0
2025-08-28 02:15:00+00:00,96.5,97.30000305175781,96.5,97.19999694824219,305559,0.0,0.0
2025-08-28 02:20:00+00:00,97.30000305175781,97.5,97.0,97.0,422943,0.0,0.0
2025-08-28 02:25:00+00:00,97.0,97.30000305175781,96.80000305175781,97.0999984741211,97785,0.0,0.0
2025-08-28 02:30:00+00:00,97.0999984741211,97.30000305175781,96.9000015258789,96.9000015258789,59874,0.0,0.0
2025-08-28 02:35:00+00:00,96.9000015258789,97.0,96.5999984741211,96.5999984741211,53755,0.0,0.0
2025-08-28 02:40:00+00:00,96.69999694824219,97.19999694824219,96.69999694824219,97.19999694824219,74111,0.0,0.0
2025-08-28 02:45:00+00:00,97.0999984741211,98.5,97.0999984741211,98.4000015258789,707116,0.0,0.0
2025-08-28 02:50:00+00:00,98.5,98.5,97.69999694824219,97.80000305175781,177942,0.0,0.0
2025-08-28 02:55:00+00:00,97.80000305175781,97.9000015258789,97.5999984741211,97.9000015258789,70256,0.0,0.0
2025-08-28 03:00:00+00:00,97.9000015258789,98.19999694824219,97.9000015258789,98.0999984741211,157539,0.0,0.0
2025-08-28 03:05:00+00:00,98.0999984741211,98.19999694824219,98.0,98.19999694824219,85810,0.0,0.0
2025-08-28 03:10:00+00:00,98.19999694824219,98.30000305175781,98.0,98.0,94182,0.0,0.0
2025-08-28 03:15:00+00:00,98.0,98.9000015258789,98.0,98.4000015258789,498912,0.0,0.0
2025-08-28 03:20:00+00:00,98.4000015258789,98.5,98.30000305175781,98.30000305175781,61443,0.0,0.0
2025-08-28 03:25:00+00:00,98.30000305175781,98.5999984741211,98.19999694824219,98.5,138769,0.0,0.0
2025-08-28 03:30:00+00:00,98.69999694824219,99.69999694824219,98.5,99.5,740414,0.0,0.0
2025-08-28 03:35:00+00:00,99.30000305175781,99.5999984741211,99.19999694824219,99.30000305175781,209122,0.0,0.0
2025-08-28 03:40:00+00:00,99.19999694824219,99.69999694824219,99.0,99.5999984741211,285469,0.0,0.0
2025-08-28 03:45:00+00:00,99.69999694824219,99.69999694824219,99.0999984741211,99.0999984741211,112047,0.0,0.0
2025-08-28 03:50:00+00:00,99.0999984741211,99.4000015258789,99.0,99.30000305175781,70448,0.0,0.0
2025-08-28 03:55:00+00:00,99.19999694824219,99.5,99.0,99.30000305175781,89174,0.0,0.0
2025-08-28 04:00:00+00:00,99.19999694824219,99.30000305175781,98.0,98.30000305175781,384853,0.0,0.0
2025-08-28 04:05:00+00:00,98.4000015258789,98.5,97.5999984741211,97.9000015258789,402766,0.0,0.0
2025-08-28 04:10:00+00:00,98.0999984741211,98.9000015258789,97.9000015258789,98.9000015258789,229605,0.0,0.0
2025-08-28 04:15:00+00:00,98.9000015258789,98.9000015258789,98.5,98.5999984741211,117641,0.0,0.0
2025-08-28 04:20:00+00:00,98.69999694824219,98.69999694824219,98.4000015258789,98.5999984741211,67867,0.0,0.0
2025-08-28 04:25:00+00:00,98.5999984741211,98.80000305175781,98.5,98.5,54229,0.0,0.0
2025-08-28 04:30:00+00:00,98.5,98.5999984741211,98.4000015258789,98.5999984741211,57825,0.0,0.0
2025-08-28 04:35:00+00:00,98.5999984741211,98.80000305175781,98.5,98.80000305175781,32500,0.0,0.0
2025-08-28 04:40:00+00:00,98.80000305175781,98.9000015258789,98.5999984741211,98.5999984741211,66150,0.0,0.0
2025-08-28 04:45:00+00:00,98.5999984741211,98.80000305175781,98.5999984741211,98.80000305175781,18287,0.0,0.0
2025-08-28 04:50:00+00:00,98.80000305175781,98.9000015258789,98.5999984741211,98.9000015258789,33210,0.0,0.0
2025-08-28 04:55:00+00:00,98.9000015258789,98.9000015258789,98.5999984741211,98.5999984741211,49224,0.0,0.0
2025-08-28 05:00:00+00:00,98.69999694824219,98.69999694824219,98.4000015258789,98.69999694824219,99927,0.0,0.0
2025-08-28 05:05:00+00:00,98.69999694824219,98.69999694824219,98.5,98.5,45025,0.0,0.0
2025-08-28 05:10:00+00:00,98.5,98.5,98.4000015258789,98.5,67920,0.0,0.0
2025-08-28 05:15:00+00:00,98.5,98.5,98.19999694824219,98.4000015258789,107355,0.0,0.0
2025-08-28 05:20:00+00:00,98.30000305175781,98.30000305175781,98.0999984741211,98.19999694824219,130216,0.0,0.0
2025-08-29 01:00:00+00:00,99.4000015258789,104.0,99.4000015258789,103.0,0,0.0,0.0
2025-08-29 01:05:00+00:00,103.0,106.5,102.5,106.0,2035000,0.0,0.0
2025-08-29 01:10:00+00:00,105.5,107.5,105.5,106.5,2740023,0.0,0.0
2025-08-29 01:15:00+00:00,106.5,107.0,104.0,104.0,1582776,0.0,0.0
2025-08-29 01:20:00+00:00,104.0,105.0,104.0,104.0,384019,0.0,0.0
2025-08-29 01:25:00+00:00,104.0,104.5,104.0,104.0,521502,0.0,0.0
2025-08-29 01:30:00+00:00,104.0,104.0,103.0,103.5,789442,0.0,0.0
2025-08-29 01:35:00+00:00,103.5,103.5,101.0,101.5,841968,0.0,0.0
2025-08-29 01:40:00+00:00,101.5,102.0,101.0,101.5,402862,0.0,0.0
2025-08-29 01:45:00+00:00,101.0,102.0,101.0,101.5,145038,0.0,0.0
2025-08-29 01:50:00+00:00,101.5,101.5,100.0,101.0,1012600,0.0,0.0
2025-08-29 01:55:00+00:00,101.5,102.0,101.0,101.5,250765,0.0,0.0
2025-08-29 02:00:00+00:00,101.5,102.0,101.0,101.5,168708,0.0,0.0
2025-08-29 02:05:00+00:00,102.0,102.0,101.5,102.0,218571,0.0,0.0
2025-08-29 02:10:00+00:00,102.0,103.0,101.5,102.5,486488,0.0,0.0
2025-08-29 02:15:00+00:00,102.5,103.5,102.5,103.5,446721,0.0,0.0
2025-08-29 02:20:00+00:00,103.5,104.0,103.0,103.5,349445,0.0,0.0
2025-08-29 02:25:00+00:00,103.5,103.5,102.5,102.5,192886,0.0,0.0
2025-08-29 02:30:00+00:00,103.0,103.0,102.5,102.5,104414,0.0,0.0
2025-08-29 02:35:00+00:00,102.5,103.0,102.5,103.0,118090,0.0,0.0
2025-08-29 02:40:00+00:00,103.0,103.5,102.5,103.0,155700,0.0,0.0
2025-08-29 02:45:00+00:00,103.0,104.0,103.0,103.5,109920,0.0,0.0
2025-08-29 02:50:00+00:00,103.5,104.0,103.5,104.0,95066,0.0,0.0
2025-08-29 02:55:00+00:00,104.0,105.0,104.0,104.5,584245,0.0,0.0
2025-08-29 03:00:00+00:00,104.5,104.5,104.0,104.5,139987,0.0,0.0
2025-08-29 03:05:00+00:00,104.5,104.5,104.0,104.0,110584,0.0,0.0
2025-08-29 03:10:00+00:00,104.0,104.0,103.5,103.5,91391,0.0,0.0
2025-08-29 03:15:00+00:00,103.5,103.5,103.0,103.5,40038,0.0,0.0
2025-08-29 03:20:00+00:00,103.0,103.5,103.0,103.5,38428,0.0,0.0
2025-08-29 03:25:00+00:00,103.5,104.0,103.0,103.5,120469,0.0,0.0
2025-08-29 03:30:00+00:00,103.5,103.5,103.0,103.0,84066,0.0,0.0
2025-08-29 03:35:00+00:00,103.0,103.5,103.0,103.0,53200,0.0,0.0
2025-08-29 03:40:00+00:00,103.0,103.5,102.5,103.5,158281,0.0,0.0
2025-08-29 03:45:00+00:00,103.0,103.5,103.0,103.0,21063,0.0,0.0
2025-08-29 03:50:00+00:00,103.0,103.5,103.0,103.5,33273,0.0,0.0
2025-08-29 03:55:00+00:00,103.5,103.5,103.0,103.5,15231,0.0,0.0
2025-08-29 04:00:00+00:00,103.5,103.5,103.0,103.0,44540,0.0,0.0
2025-08-29 04:05:00+00:00,103.0,103.0,103.0,103.0,7200,0.0,0.0
2025-08-29 04:10:00+00:00,103.0,103.5,103.0,103.5,28006,0.0,0.0
2025-08-29 04:15:00+00:00,103.0,103.5,103.0,103.5,36414,0.0,0.0
2025-08-29 04:20:00+00:00,103.5,103.5,102.5,103.0,150105,0.0,0.0
2025-08-29 04:25:00+00:00,103.0,103.0,102.5,102.5,34209,0.0,0.0
2025-08-29 04:30:00+00:00,103.0,103.0,102.0,102.5,140612,0.0,0.0
2025-08-29 04:35:00+00:00,102.5,102.5,102.0,102.5,70479,0.0,0.0
2025-08-29 04:40:00+00:00,102.5,103.0,102.5,103.0,27490,0.0,0.0
2025-08-29 04:45:00+00:00,103.0,103.5,102.0,103.0,483922,0.0,0.0
2025-08-29 04:50:00+00:00,103.0,104.0,103.0,103.5,230394,0.0,0.0
2025-08-29 04:55:00+00:00,103.0,103.5,103.0,103.0,64438,0.0,0.0
2025-08-29 05:00:00+00:00,103.0,103.5,103.0,103.5,39254,0.0,0.0
2025-08-29 05:05:00+00:00,103.5,103.5,102.5,102.5,108157,0.0,0.0
2025-08-29 05:10:00+00:00,102.5,103.0,102.0,102.0,154830,0.0,0.0
2025-08-29 05:15:00+00:00,102.0,102.5,102.0,102.0,85267,0.0,0.0
2025-08-29 05:20:00+00:00,102.0,103.0,102.0,103.0,293238,0.0,0.0
2025-09-01 01:00:00+00:00,102.5,103.5,102.0,103.0,0,0.0,0.0
2025-09-01 01:05:00+00:00,103.0,104.0,102.0,103.0,385542,0.0,0.0
2025-09-01 01:10:00+00:00,103.5,104.5,103.0,104.0,479294,0.0,0.0
2025-09-01 01:15:00+00:00,104.0,106.0,104.0,104.0,844829,0.0,0.0
2025-09-01 01:20:00+00:00,104.0,105.0,104.0,105.0,309943,0.0,0.0
2025-09-01 01:25:00+00:00,105.0,105.5,104.5,105.5,149241,0.0,0.0
2025-09-01 01:30:00+00:00,105.5,106.5,104.5,106.0,798647,0.0,0.0
2025-09-01 01:35:00+00:00,105.5,106.5,105.0,106.5,346247,0.0,0.0
2025-09-01 01:40:00+00:00,106.0,106.5,105.5,106.0,263435,0.0,0.0
2025-09-01 01:45:00+00:00,106.0,106.5,105.0,105.0,261430,0.0,0.0
2025-09-01 01:50:00+00:00,105.0,105.5,104.5,104.5,208222,0.0,0.0
2025-09-01 01:55:00+00:00,104.5,105.0,104.0,104.0,268803,0.0,0.0
2025-09-01 02:00:00+00:00,104.0,104.0,103.5,104.0,125898,0.0,0.0
2025-09-01 02:05:00+00:00,104.0,104.0,102.0,102.5,600626,0.0,0.0
2025-09-01 02:10:00+00:00,102.5,103.0,101.5,101.5,581856,0.0,0.0
2025-09-01 02:15:00+00:00,101.5,102.0,101.0,101.5,413607,0.0,0.0
2025-09-01 02:20:00+00:00,101.5,102.0,101.0,101.5,548989,0.0,0.0
2025-09-01 02:25:00+00:00,101.5,102.0,101.0,101.5,181405,0.0,0.0
2025-09-01 02:30:00+00:00,101.5,103.5,101.5,102.0,384007,0.0,0.0
2025-09-01 02:35:00+00:00,102.0,103.0,102.0,102.5,65391,0.0,0.0
2025-09-01 02:40:00+00:00,102.5,103.5,102.5,103.0,149946,0.0,0.0
2025-09-01 02:45:00+00:00,103.0,103.5,102.0,102.0,174339,0.0,0.0
2025-09-01 02:50:00+00:00,102.0,102.5,101.5,102.0,261600,0.0,0.0
2025-09-01 02:55:00+00:00,102.0,102.0,101.5,101.5,35760,0.0,0.0
2025-09-01 03:00:00+00:00,102.0,102.0,101.5,101.5,53120,0.0,0.0
2025-09-01 03:05:00+00:00,101.5,102.0,101.5,101.5,90274,0.0,0.0
2025-09-01 03:10:00+00:00,101.5,103.0,101.5,103.0,251196,0.0,0.0
2025-09-01 03:15:00+00:00,103.0,103.0,102.5,103.0,161548,0.0,0.0
2025-09-01 03:20:00+00:00,103.0,103.5,102.5,102.5,97701,0.0,0.0
2025-09-01 03:25:00+00:00,102.5,103.0,102.5,102.5,12331,0.0,0.0
2025-09-01 03:30:00+00:00,102.5,103.0,102.5,102.5,8210,0.0,0.0
2025-09-01 03:35:00+00:00,103.0,103.0,103.0,103.0,77544,0.0,0.0
2025-09-01 03:40:00+00:00,103.0,103.0,103.0,103.0,44100,0.0,0.0
2025-09-01 03:45:00+00:00,103.0,103.0,103.0,103.0,14153,0.0,0.0
2025-09-01 03:50:00+00:00,103.0,103.0,103.0,103.0,9631,0.0,0.0
2025-09-01 03:55:00+00:00,103.0,103.5,103.0,103.5,18452,0.0,0.0
2025-09-01 04:00:00+00:00,103.0,103.0,102.5,103.0,198605,0.0,0.0
2025-09-01 04:05:00+00:00,103.0,103.5,103.0,103.0,99647,0.0,0.0
2025-09-01 04:10:00+00:00,103.0,103.5,103.0,103.5,209505,0.0,0.0
2025-09-01 04:15:00+00:00,103.5,103.5,103.0,103.0,83565,0.0,0.0
2025-09-01 04:20:00+00:00,103.0,103.0,102.5,103.0,26515,0.0,0.0
2025-09-01 04:25:00+00:00,103.0,103.5,103.0,103.0,49120,0.0,0.0
2025-09-01 04:30:00+00:00,103.0,103.5,103.0,103.0,62820,0.0,0.0
2025-09-01 04:35:00+00:00,103.0,103.0,102.5,103.0,50784,0.0,0.0
2025-09-01 04:40:00+00:00,103.0,103.0,103.0,103.0,65149,0.0,0.0
2025-09-01 04:45:00+00:00,103.0,103.5,103.0,103.0,31818,0.0,0.0
2025-09-01 04:50:00+00:00,103.0,103.5,103.0,103.0,24300,0.0,0.0
2025-09-01 04:55:00+00:00,103.0,103.5,103.0,103.0,26931,0.0,0.0
2025-09-01 05:00:00+00:00,103.5,103.5,103.0,103.0,21519,0.0,0.0
2025-09-01 05:05:00+00:00,103.5,103.5,103.0,103.5,57283,0.0,0.0
2025-09-01 05:10:00+00:00,103.5,103.5,103.0,103.0,49514,0.0,0.0
2025-09-01 05:15:00+00:00,103.0,103.5,103.0,103.0,89685,0.0,0.0
2025-09-01 05:20:00+00:00,103.0,103.5,102.5,102.5,150704,0.0,0.0
2025-09-02 01:00:00+00:00,106.0,107.5,105.0,105.5,0,0.0,0.0
2025-09-02 01:05:00+00:00,105.5,106.0,104.5,105.0,500000,0.0,0.0
2025-09-02 01:10:00+00:00,105.0,105.5,104.0,104.5,280276,0.0,0.0
2025-09-02 01:15:00+00:00,104.0,104.5,102.5,103.0,520795,0.0,0.0
2025-09-02 01:20:00+00:00,103.5,104.0,102.0,103.0,440512,0.0,0.0
2025-09-02 01:25:00+00:00,102.5,103.0,102.5,103.0,192634,0.0,0.0
2025-09-02 01:30:00+00:00,103.0,103.5,102.0,103.0,349509,0.0,0.0
2025-09-02 01:35:00+00:00,103.0,104.0,103.0,103.5,122456,0.0,0.0
2025-09-02 01:40:00+00:00,103.5,104.0,103.0,103.0,233460,0.0,0.0
2025-09-02 01:45:00+00:00,103.0,103.0,102.0,103.0,464240,0.0,0.0
2025-09-02 01:50:00+00:00,102.5,102.5,102.0,102.5,204221,0.0,0.0
2025-09-02 01:55:00+00:00,102.5,102.5,101.0,101.5,625322,0.0,0.0
2025-09-02 02:00:00+00:00,101.5,102.0,100.5,101.5,842597,0.0,0.0
2025-09-02 02:05:00+00:00,101.5,102.0,101.0,101.0,480520,0.0,0.0
2025-09-02 02:10:00+00:00,100.5,101.0,100.5,100.5,265432,0.0,0.0
2025-09-02 02:15:00+00:00,100.5,101.0,100.0,101.0,245628,0.0,0.0
2025-09-02 02:20:00+00:00,100.5,101.0,100.0,100.0,94885,0.0,0.0
2025-09-02 02:25:00+00:00,100.0,100.5,100.0,100.5,240924,0.0,0.0
2025-09-02 02:30:00+00:00,100.5,100.5,99.9000015258789,100.0,270329,0.0,0.0
2025-09-02 02:35:00+00:00,100.5,100.5,100.0,100.0,57010,0.0,0.0
2025-09-02 02:40:00+00:00,100.0,100.5,100.0,100.0,26159,0.0,0.0
2025-09-02 02:45:00+00:00,100.0,100.5,99.5,99.5999984741211,227247,0.0,0.0
2025-09-02 02:50:00+00:00,99.5999984741211,100.0,99.5,99.5999984741211,266378,0.0,0.0
2025-09-02 02:55:00+00:00,99.5999984741211,100.5,99.4000015258789,100.5,342338,0.0,0.0
2025-09-02 03:00:00+00:00,100.5,100.5,99.80000305175781,99.80000305175781,65703,0.0,0.0
2025-09-02 03:05:00+00:00,99.69999694824219,99.80000305175781,99.5,99.5,72603,0.0,0.0
2025-09-02 03:10:00+00:00,99.5,100.5,99.5,99.9000015258789,224990,0.0,0.0
2025-09-02 03:15:00+00:00,99.9000015258789,100.5,99.9000015258789,100.5,92825,0.0,0.0
2025-09-02 03:20:00+00:00,100.5,100.5,100.0,100.5,11403,0.0,0.0
2025-09-02 03:25:00+00:00,100.5,101.0,100.5,101.0,83461,0.0,0.0
2025-09-02 03:30:00+00:00,100.5,101.0,100.5,101.0,10716,0.0,0.0
2025-09-02 03:35:00+00:00,100.5,101.0,100.5,101.0,23388,0.0,0.0
2025-09-02 03:40:00+00:00,101.0,101.5,100.5,101.0,83087,0.0,0.0
2025-09-02 03:45:00+00:00,101.0,101.0,101.0,101.0,12250,0.0,0.0
2025-09-02 03:50:00+00:00,101.0,101.0,100.5,101.0,43429,0.0,0.0
2025-09-02 03:55:00+00:00,101.0,101.5,101.0,101.5,17268,0.0,0.0
2025-09-02 04:00:00+00:00,101.5,101.5,101.0,101.0,27970,0.0,0.0
2025-09-02 04:05:00+00:00,101.0,101.5,101.0,101.5,5108,0.0,0.0
2025-09-02 04:10:00+00:00,101.5,101.5,101.5,101.5,21555,0.0,0.0
2025-09-02 04:15:00+00:00,101.5,101.5,101.0,101.5,20205,0.0,0.0
2025-09-02 04:20:00+00:00,101.0,101.5,101.0,101.5,133700,0.0,0.0
2025-09-02 04:25:00+00:00,101.5,101.5,101.5,101.5,61213,0.0,0.0
2025-09-02 04:30:00+00:00,101.5,101.5,101.5,101.5,22153,0.0,0.0
2025-09-02 04:35:00+00:00,101.5,101.5,101.0,101.0,83107,0.0,0.0
2025-09-02 04:40:00+00:00,101.0,101.5,101.0,101.5,51745,0.0,0.0
2025-09-02 04:45:00+00:00,101.0,101.5,101.0,101.5,94167,0.0,0.0
2025-09-02 04:50:00+00:00,101.5,101.5,101.0,101.5,20615,0.0,0.0
2025-09-02 04:55:00+00:00,101.0,101.5,101.0,101.0,85001,0.0,0.0
2025-09-02 05:00:00+00:00,101.0,101.0,100.5,100.5,35155,0.0,0.0
2025-09-02 05:05:00+00:00,100.5,101.0,100.5,101.0,103032,0.0,0.0
2025-09-02 05:10:00+00:00,101.0,101.5,100.5,101.0,80462,0.0,0.0
2025-09-02 05:15:00+00:00,101.0,101.0,100.5,100.5,72763,0.0,0.0
2025-09-02 05:20:00+00:00,100.5,101.0,100.5,101.0,113043,0.0,0.0
2025-09-03 01:00:00+00:00,102.5,103.5,100.5,103.5,0,0.0,0.0
2025-09-03 01:05:00+00:00,103.5,103.5,102.0,102.5,198940,0.0,0.0
2025-09-03 01:10:00+00:00,102.5,103.5,102.5,102.5,90291,0.0,0.0
2025-09-03 01:15:00+00:00,102.5,102.5,101.5,102.5,155869,0.0,0.0
2025-09-03 01:20:00+00:00,102.5,102.5,102.0,102.0,15016,0.0,0.0
2025-09-03 01:25:00+00:00,102.0,102.5,102.0,102.0,21015,0.0,0.0
2025-09-03 01:30:00+00:00,102.0,102.5,102.0,102.5,53673,0.0,0.0
2025-09-03 01:35:00+00:00,102.5,103.0,102.5,102.5,35612,0.0,0.0
2025-09-03 01:40:00+00:00,102.5,102.5,102.0,102.0,40115,0.0,0.0
2025-09-03 01:45:00+00:00,102.0,102.0,101.5,101.5,18000,0.0,0.0
2025-09-03 01:50:00+00:00,101.5,102.5,101.5,102.5,86267,0.0,0.0
2025-09-03 01:55:00+00:00,102.0,102.5,102.0,102.0,23035,0.0,0.0
2025-09-03 02:00:00+00:00,102.0,102.5,102.0,102.5,32303,0.0,0.0
2025-09-03 02:05:00+00:00,102.5,102.5,102.0,102.5,18067,0.0,0.0
2025-09-03 02:10:00+00:00,102.5,102.5,102.0,102.5,15000,0.0,0.0
2025-09-03 02:15:00+00:00,102.5,103.5,102.5,102.5,323307,0.0,0.0
2025-09-03 02:20:00+00:00,102.0,102.0,101.5,102.0,97934,0.0,0.0
2025-09-03 02:25:00+00:00,102.0,102.0,102.0,102.0,4050,0.0,0.0
2025-09-03 02:30:00+00:00,102.0,102.0,101.0,101.0,173015,0.0,0.0
2025-09-03 02:35:00+00:00,101.0,101.5,101.0,101.5,30320,0.0,0.0
2025-09-03 02:40:00+00:00,101.5,101.5,101.5,101.5,37131,0.0,0.0
2025-09-03 02:45:00+00:00,101.5,101.5,101.5,101.5,17118,0.0,0.0
2025-09-03 02:50:00+00:00,101.5,101.5,101.0,101.0,19250,0.0,0.0
2025-09-03 02:55:00+00:00,101.0,101.5,101.0,101.0,24535,0.0,0.0
2025-09-03 03:00:00+00:00,101.0,101.0,101.0,101.0,44316,0.0,0.0
2025-09-03 03:05:00+00:00,101.0,101.0,101.0,101.0,25038,0.0,0.0
2025-09-03 03:10:00+00:00,101.0,101.5,101.0,101.5,20178,0.0,0.0
2025-09-03 03:15:00+00:00,101.5,101.5,101.0,101.5,46000,0.0,0.0
2025-09-03 03:20:00+00:00,101.5,101.5,101.5,101.5,19120,0.0,0.0
2025-09-03 03:25:00+00:00,101.5,101.5,101.0,101.0,16901,0.0,0.0
2025-09-03 03:30:00+00:00,101.0,101.5,101.0,101.5,36100,0.0,0.0
2025-09-03 03:35:00+00:00,101.5,102.0,101.5,101.5,10031,0.0,0.0
2025-09-03 03:40:00+00:00,101.5,101.5,101.5,101.5,7050,0.0,0.0
2025-09-03 03:45:00+00:00,101.5,101.5,101.5,101.5,24200,0.0,0.0
2025-09-03 03:50:00+00:00,101.5,101.5,101.5,101.5,48031,0.0,0.0
2025-09-03 03:55:00+00:00,101.5,101.5,101.0,101.5,47010,0.0,0.0
2025-09-03 04:00:00+00:00,101.5,101.5,101.5,101.5,19631,0.0,0.0
2025-09-03 04:05:00+00:00,101.5,101.5,101.5,101.5,33205,0.0,0.0
2025-09-03 04:10:00+00:00,101.5,101.5,101.5,101.5,43000,0.0,0.0
2025-09-03 04:15:00+00:00,101.5,101.5,101.0,101.5,66350,0.0,0.0
2025-09-03 04:20:00+00:00,101.5,101.5,101.5,101.5,23769,0.0,0.0
2025-09-03 04:25:00+00:00,101.5,101.5,101.5,101.5,4070,0.0,0.0
2025-09-03 04:30:00+00:00,101.5,102.0,101.5,101.5,9105,0.0,0.0
2025-09-03 04:35:00+00:00,101.5,102.5,101.5,102.0,128025,0.0,0.0
2025-09-03 04:40:00+00:00,102.0,102.5,102.0,102.5,48892,0.0,0.0
2025-09-03 04:45:00+00:00,102.5,103.5,102.5,103.5,501516,0.0,0.0
2025-09-03 04:50:00+00:00,103.5,104.5,103.5,103.5,635515,0.0,0.0
2025-09-03 04:55:00+00:00,103.5,104.0,103.5,104.0,50171,0.0,0.0
2025-09-03 05:00:00+00:00,104.0,104.5,103.5,104.0,165189,0.0,0.0
2025-09-03 05:05:00+00:00,104.0,104.5,104.0,104.0,102947,0.0,0.0
2025-09-03 05:10:00+00:00,104.0,104.0,103.5,103.5,237851,0.0,0.0
2025-09-03 05:15:00+00:00,103.5,104.0,103.0,104.0,175079,0.0,0.0
2025-09-03 05:20:00+00:00,104.0,104.0,103.5,103.5,102719,0.0,0.0
2025-09-04 01:00:00+00:00,104.5,104.5,103.5,104.0,0,0.0,0.0
2025-09-04 01:05:00+00:00,104.0,105.5,104.0,105.0,554000,0.0,0.0
2025-09-04 01:10:00+00:00,105.5,105.5,104.0,104.0,422830,0.0,0.0
2025-09-04 01:15:00+00:00,104.0,104.5,103.5,104.5,227030,0.0,0.0
2025-09-04 01:20:00+00:00,104.5,104.5,103.5,104.0,128878,0.0,0.0
2025-09-04 01:25:00+00:00,104.0,104.0,103.5,104.0,35031,0.0,0.0
2025-09-04 01:30:00+00:00,104.0,104.5,103.5,103.5,172607,0.0,0.0
2025-09-04 01:35:00+00:00,104.0,104.0,103.5,104.0,80430,0.0,0.0
2025-09-04 01:40:00+00:00,104.0,105.0,104.0,105.0,260360,0.0,0.0
2025-09-04 01:45:00+00:00,105.0,105.5,105.0,105.5,601939,0.0,0.0
2025-09-04 01:50:00+00:00,105.5,106.0,105.0,105.5,131910,0.0,0.0
2025-09-04 01:55:00+00:00,105.5,105.5,104.5,104.5,128213,0.0,0.0
2025-09-04 02:00:00+00:00,104.5,105.0,104.5,105.0,10066,0.0,0.0
2025-09-04 02:05:00+00:00,105.0,105.0,104.0,104.0,87147,0.0,0.0
2025-09-04 02:10:00+00:00,104.0,104.0,103.5,104.0,197580,0.0,0.0
2025-09-04 02:15:00+00:00,104.0,104.0,103.5,103.5,199403,0.0,0.0
2025-09-04 02:20:00+00:00,103.5,103.5,103.5,103.5,11000,0.0,0.0
2025-09-04 02:25:00+00:00,103.5,103.5,103.0,103.5,78010,0.0,0.0
2025-09-04 02:30:00+00:00,103.5,104.0,103.0,104.0,118424,0.0,0.0
2025-09-04 02:35:00+00:00,104.0,104.0,104.0,104.0,125448,0.0,0.0
2025-09-04 02:40:00+00:00,104.0,104.0,104.0,104.0,3200,0.0,0.0
2025-09-04 02:45:00+00:00,103.5,104.5,103.5,104.0,128489,0.0,0.0
2025-09-04 02:50:00+00:00,104.0,104.5,104.0,104.0,6060,0.0,0.0
2025-09-04 02:55:00+00:00,104.0,104.5,104.0,104.0,35000,0.0,0.0
2025-09-04 03:00:00+00:00,103.5,104.0,103.5,104.0,8055,0.0,0.0
2025-09-04 03:05:00+00:00,104.0,104.0,103.5,103.5,21000,0.0,0.0
2025-09-04 03:10:00+00:00,104.0,104.0,103.5,103.5,81094,0.0,0.0
2025-09-04 03:15:00+00:00,103.5,104.0,103.0,103.5,81478,0.0,0.0
2025-09-04 03:20:00+00:00,103.5,105.0,103.0,104.5,302302,0.0,0.0
2025-09-04 03:25:00+00:00,104.5,104.5,103.5,103.5,36235,0.0,0.0
2025-09-04 03:30:00+00:00,104.0,104.5,103.5,104.5,51080,0.0,0.0
2025-09-04 03:35:00+00:00,104.0,104.0,104.0,104.0,36050,0.0,0.0
2025-09-04 03:40:00+00:00,104.0,104.0,104.0,104.0,16161,0.0,0.0
2025-09-04 03:45:00+00:00,104.0,105.0,104.0,104.5,120794,0.0,0.0
2025-09-04 03:50:00+00:00,104.5,105.0,104.5,105.0,170460,0.0,0.0
2025-09-04 03:55:00+00:00,105.0,105.0,104.5,105.0,116630,0.0,0.0
2025-09-04 04:00:00+00:00,105.0,105.0,104.5,105.0,35370,0.0,0.0
2025-09-04 04:05:00+00:00,105.0,105.0,104.5,105.0,45300,0.0,0.0
2025-09-04 04:10:00+00:00,105.0,105.0,104.5,104.5,18170,0.0,0.0
2025-09-04 04:15:00+00:00,105.0,105.0,104.0,104.0,106858,0.0,0.0
2025-09-04 04:20:00+00:00,104.0,104.5,104.0,104.5,7422,0.0,0.0
2025-09-04 04:25:00+00:00,104.5,104.5,104.0,104.5,21720,0.0,0.0
2025-09-04 04:30:00+00:00,104.5,104.5,104.0,104.0,24016,0.0,0.0
2025-09-04 04:35:00+00:00,104.0,104.5,104.0,104.5,17237,0.0,0.0
2025-09-04 04:40:00+00:00,104.5,104.5,104.0,104.0,21640,0.0,0.0
2025-09-04 04:45:00+00:00,104.0,104.5,104.0,104.0,26815,0.0,0.0
2025-09-04 04:50:00+00:00,104.0,104.5,104.0,104.0,93853,0.0,0.0
2025-09-04 04:55:00+00:00,104.0,104.0,103.5,103.5,35615,0.0,0.0
2025-09-04 05:00:00+00:00,104.0,104.5,103.5,104.0,90373,0.0,0.0
2025-09-04 05:05:00+00:00,104.0,104.0,103.5,103.5,23791,0.0,0.0
2025-09-04 05:10:00+00:00,103.5,104.0,103.5,103.5,41456,0.0,0.0
2025-09-04 05:15:00+00:00,103.5,104.0,103.5,103.5,33431,0.0,0.0
2025-09-04 05:20:00+00:00,103.5,104.0,103.5,104.0,112434,0.0,0.0
2025-09-05 01:00:00+00:00,104.5,105.0,104.0,104.5,0,0.0,0.0
2025-09-05 01:05:00+00:00,104.0,105.5,104.0,105.0,330000,0.0,0.0
2025-09-05 01:10:00+00:00,104.5,104.5,102.5,103.0,855734,0.0,0.0
2025-09-05 01:15:00+00:00,103.0,103.5,102.5,102.5,241162,0.0,0.0
2025-09-05 01:20:00+00:00,102.5,104.0,102.5,103.5,443840,0.0,0.0
2025-09-05 01:25:00+00:00,103.5,104.5,103.5,104.5,477000,0.0,0.0
2025-09-05 01:30:00+00:00,104.5,105.0,104.0,104.5,414234,0.0,0.0
2025-09-05 01:35:00+00:00,105.0,110.0,105.0,109.0,2840620,0.0,0.0
2025-09-05 01:40:00+00:00,108.5,109.0,107.0,108.0,934074,0.0,0.0
2025-09-05 01:45:00+00:00,108.0,108.0,106.5,106.5,480858,0.0,0.0
2025-09-05 01:50:00+00:00,107.0,108.0,106.5,108.0,260201,0.0,0.0
2025-09-05 01:55:00+00:00,108.0,109.0,107.0,108.5,820498,0.0,0.0
2025-09-05 02:00:00+00:00,109.0,110.0,108.5,109.0,975615,0.0,0.0
2025-09-05 02:05:00+00:00,109.0,109.5,108.0,108.0,353521,0.0,0.0
2025-09-05 02:10:00+00:00,108.0,108.0,107.5,108.0,157309,0.0,0.0
2025-09-05 02:15:00+00:00,108.0,108.0,107.0,107.0,170895,0.0,0.0
2025-09-05 02:20:00+00:00,107.5,108.0,107.0,107.5,183485,0.0,0.0
2025-09-05 02:25:00+00:00,107.5,107.5,106.5,106.5,215411,0.0,0.0
2025-09-05 02:30:00+00:00,106.5,107.5,106.0,107.5,222158,0.0,0.0
2025-09-05 02:35:00+00:00,107.5,108.0,107.0,107.5,75589,0.0,0.0
2025-09-05 02:40:00+00:00,107.5,108.0,107.5,107.5,109413,0.0,0.0
2025-09-05 02:45:00+00:00,108.0,108.0,107.5,107.5,48788,0.0,0.0
2025-09-05 02:50:00+00:00,107.5,109.0,107.5,108.5,373317,0.0,0.0
2025-09-05 02:55:00+00:00,108.5,109.5,108.5,109.0,640929,0.0,0.0
2025-09-05 03:00:00+00:00,109.0,110.0,109.0,109.5,426759,0.0,0.0
2025-09-05 03:05:00+00:00,109.5,111.0,109.5,111.0,1791393,0.0,0.0
2025-09-05 03:10:00+00:00,110.5,112.5,110.0,112.0,1640367,0.0,0.0
2025-09-05 03:15:00+00:00,112.0,112.5,111.5,112.0,310848,0.0,0.0
2025-09-05 03:20:00+00:00,112.0,112.0,111.0,111.0,299508,0.0,0.0
2025-09-05 03:25:00+00:00,111.0,111.5,110.5,111.5,392782,0.0,0.0
2025-09-05 03:30:00+00:00,111.5,111.5,111.0,111.0,115439,0.0,0.0
2025-09-05 03:35:00+00:00,111.0,111.5,110.5,111.5,129720,0.0,0.0
2025-09-05 03:40:00+00:00,111.5,111.5,111.0,111.5,104979,0.0,0.0
2025-09-05 03:45:00+00:00,111.5,111.5,111.0,111.5,177535,0.0,0.0
2025-09-05 03:50:00+00:00,111.5,112.0,111.0,111.0,56826,0.0,0.0
2025-09-05 03:55:00+00:00,111.0,112.0,111.0,111.0,75709,0.0,0.0
2025-09-05 04:00:00+00:00,111.0,111.5,111.0,111.0,104949,0.0,0.0
2025-09-05 04:05:00+00:00,111.0,111.0,110.0,110.5,289742,0.0,0.0
2025-09-05 04:10:00+00:00,110.5,111.0,110.5,111.0,167597,0.0,0.0
2025-09-05 04:15:00+00:00,111.0,111.5,111.0,111.0,80003,0.0,0.0
2025-09-05 04:20:00+00:00,110.5,110.5,110.0,110.5,135220,0.0,0.0
2025-09-05 04:25:00+00:00,110.5,110.5,110.0,110.5,40821,0.0,0.0
2025-09-05 04:30:00+00:00,110.0,110.5,110.0,110.5,34545,0.0,0.0
2025-09-05 04:35:00+00:00,110.0,110.5,110.0,110.0,89011,0.0,0.0
2025-09-05 04:40:00+00:00,110.0,110.5,109.5,109.5,133436,0.0,0.0
2025-09-05 04:45:00+00:00,109.5,110.0,109.5,109.5,111018,0.0,0.0
2025-09-05 04:50:00+00:00,109.5,110.5,109.5,110.0,101455,0.0,0.0
2025-09-05 04:55:00+00:00,110.0,110.5,110.0,110.0,86607,0.0,0.0
2025-09-05 05:00:00+00:00,110.5,111.0,110.0,110.5,172600,0.0,0.0
2025-09-05 05:05:00+00:00,111.0,111.0,110.5,111.0,132900,0.0,0.0
2025-09-05 05:10:00+00:00,111.0,111.5,110.5,111.0,225183,0.0,0.0
2025-09-05 05:15:00+00:00,111.5,111.5,110.5,111.0,417029,0.0,0.0
2025-09-05 05:20:00+00:00,111.5,111.5,110.0,110.5,202105,0.0,0.0
2025-09-08 01:00:00+00:00,112.5,114.5,111.0,111.0,0,0.0,0.0
2025-09-08 01:05:00+00:00,111.0,112.0,110.0,110.5,736751,0.0,0.0
2025-09-08 01:10:00+00:00,110.0,110.5,109.0,110.0,550222,0.0,0.0
2025-09-08 01:15:00+00:00,110.0,110.0,108.5,109.0,496804,0.0,0.0
2025-09-08 01:20:00+00:00,109.0,109.5,108.0,108.5,590584,0.0,0.0
2025-09-08 01:25:00+00:00,108.5,109.0,108.0,109.0,163671,0.0,0.0
2025-09-08 01:30:00+00:00,109.0,109.5,108.0,108.5,467238,0.0,0.0
2025-09-08 01:35:00+00:00,108.5,109.0,108.0,109.0,102120,0.0,0.0
2025-09-08 01:40:00+00:00,109.0,109.5,108.5,109.0,141409,0.0,0.0
2025-09-08 01:45:00+00:00,109.5,110.0,108.5,109.5,228350,0.0,0.0
2025-09-08 01:50:00+00:00,109.5,110.5,109.5,110.0,244615,0.0,0.0
2025-09-08 01:55:00+00:00,110.0,110.5,109.5,110.0,100486,0.0,0.0
2025-09-08 02:00:00+00:00,110.0,110.0,109.5,109.5,109481,0.0,0.0
2025-09-08 02:05:00+00:00,109.5,110.5,109.5,110.5,97693,0.0,0.0
2025-09-08 02:10:00+00:00,110.5,112.0,110.5,110.5,551299,0.0,0.0
2025-09-08 02:15:00+00:00,110.5,111.0,110.5,110.5,81638,0.0,0.0
2025-09-08 02:20:00+00:00,111.0,111.5,110.0,111.0,241135,0.0,0.0
2025-09-08 02:25:00+00:00,111.5,111.5,110.5,111.0,219036,0.0,0.0
2025-09-08 02:30:00+00:00,111.0,112.0,110.5,111.5,199541,0.0,0.0
2025-09-08 02:35:00+00:00,111.5,113.0,111.5,112.5,753250,0.0,0.0
2025-09-08 02:40:00+00:00,112.5,114.0,112.5,113.5,1354496,0.0,0.0
2025-09-08 02:45:00+00:00,113.5,114.5,113.0,114.0,539834,0.0,0.0
2025-09-08 02:50:00+00:00,114.0,115.0,114.0,115.0,819981,0.0,0.0
2025-09-08 02:55:00+00:00,114.5,116.0,114.5,115.5,838787,0.0,0.0
2025-09-08 03:00:00+00:00,115.5,116.0,113.5,114.5,822258,0.0,0.0
2025-09-08 03:05:00+00:00,114.5,115.5,114.0,115.5,274788,0.0,0.0
2025-09-08 03:10:00+00:00,115.0,115.5,114.5,115.0,190656,0.0,0.0
2025-09-08 03:15:00+00:00,115.0,115.0,114.0,114.5,121243,0.0,0.0
2025-09-08 03:20:00+00:00,114.5,114.5,114.0,114.5,30490,0.0,0.0
2025-09-08 03:25:00+00:00,114.5,114.5,114.0,114.5,36471,0.0,0.0
2025-09-08 03:30:00+00:00,114.5,114.5,113.5,113.5,293426,0.0,0.0
2025-09-08 03:35:00+00:00,113.5,114.0,113.0,113.5,140162,0.0,0.0
2025-09-08 03:40:00+00:00,114.0,114.0,113.5,114.0,37299,0.0,0.0
2025-09-08 03:45:00+00:00,114.0,114.5,113.5,114.5,157453,0.0,0.0
2025-09-08 03:50:00+00:00,114.5,114.5,114.0,114.5,52347,0.0,0.0
2025-09-08 03:55:00+00:00,114.5,114.5,114.0,114.0,46095,0.0,0.0
2025-09-08 04:00:00+00:00,114.5,114.5,114.0,114.5,14233,0.0,0.0
2025-09-08 04:05:00+00:00,114.0,114.5,114.0,114.0,23863,0.0,0.0
2025-09-08 04:10:00+00:00,114.0,114.5,114.0,114.5,37827,0.0,0.0
2025-09-08 04:15:00+00:00,114.5,114.5,114.0,114.5,74170,0.0,0.0
2025-09-08 04:20:00+00:00,114.0,114.5,114.0,114.5,17552,0.0,0.0
2025-09-08 04:25:00+00:00,114.0,114.5,114.0,114.5,63921,0.0,0.0
2025-09-08 04:30:00+00:00,114.5,114.5,114.0,114.0,24028,0.0,0.0
2025-09-08 04:35:00+00:00,114.0,114.5,114.0,114.5,203218,0.0,0.0
2025-09-08 04:40:00+00:00,114.5,114.5,113.5,114.0,62128,0.0,0.0
2025-09-08 04:45:00+00:00,114.0,114.5,113.5,114.0,52257,0.0,0.0
2025-09-08 04:50:00+00:00,114.0,114.0,113.5,113.5,14178,0.0,0.0
2025-09-08 04:55:00+00:00,113.5,114.0,113.5,114.0,104681,0.0,0.0
2025-09-08 05:00:00+00:00,114.0,114.5,114.0,114.5,49540,0.0,0.0
2025-09-08 05:05:00+00:00,114.5,114.5,114.0,114.0,34156,0.0,0.0
2025-09-08 05:10:00+00:00,114.0,114.5,114.0,114.0,206890,0.0,0.0
2025-09-08 05:15:00+00:00,114.0,115.0,114.0,115.0,162476,0.0,0.0
2025-09-08 05:20:00+00:00,115.0,115.0,114.0,114.0,332084,0.0,0.0
2025-09-09 01:00:00+00:00,116.5,120.0,115.5,116.5,2494000,0.0,0.0
2025-09-09 01:05:00+00:00,116.5,117.0,114.0,116.0,1013000,0.0,0.0
2025-09-09 01:10:00+00:00,116.0,117.0,115.5,116.5,323861,0.0,0.0
2025-09-09 01:15:00+00:00,116.5,116.5,115.5,115.5,338785,0.0,0.0
2025-09-09 01:20:00+00:00,115.5,116.0,115.0,116.0,172117,0.0,0.0
2025-09-09 01:25:00+00:00,116.0,116.0,115.0,116.0,180441,0.0,0.0
2025-09-09 01:30:00+00:00,116.0,116.0,115.0,115.5,182795,0.0,0.0
2025-09-09 01:35:00+00:00,115.0,116.0,115.0,115.5,62810,0.0,0.0
2025-09-09 01:40:00+00:00,115.5,116.0,115.5,115.5,54117,0.0,0.0
2025-09-09 01:45:00+00:00,115.5,116.0,115.0,115.5,265052,0.0,0.0
2025-09-09 01:50:00+00:00,116.0,116.5,115.5,115.5,272851,0.0,0.0
2025-09-09 01:55:00+00:00,115.5,116.0,115.0,116.0,222278,0.0,0.0
2025-09-09 02:00:00+00:00,116.0,118.0,115.5,117.0,749849,0.0,0.0
2025-09-09 02:05:00+00:00,117.0,117.0,116.0,116.0,168413,0.0,0.0
2025-09-09 02:10:00+00:00,116.0,116.5,116.0,116.0,62840,0.0,0.0
2025-09-09 02:15:00+00:00,116.0,116.5,116.0,116.5,71458,0.0,0.0
2025-09-09 02:20:00+00:00,116.0,116.5,115.0,115.0,430706,0.0,0.0
2025-09-09 02:25:00+00:00,115.0,115.0,114.0,114.0,664281,0.0,0.0
2025-09-09 02:30:00+00:00,114.0,115.0,114.0,114.5,208008,0.0,0.0
2025-09-09 02:35:00+00:00,114.5,114.5,114.0,114.0,150475,0.0,0.0
2025-09-09 02:40:00+00:00,114.0,114.5,113.5,113.5,290878,0.0,0.0
2025-09-09 02:45:00+00:00,113.5,114.5,113.5,114.5,253606,0.0,0.0
2025-09-09 02:50:00+00:00,114.5,115.0,114.0,114.5,115764,0.0,0.0
2025-09-09 02:55:00+00:00,114.0,114.5,114.0,114.5,61091,0.0,0.0
2025-09-09 03:00:00+00:00,114.5,115.0,114.5,114.5,43217,0.0,0.0
2025-09-09 03:05:00+00:00,114.5,114.5,114.0,114.0,48722,0.0,0.0
2025-09-09 03:10:00+00:00,114.0,114.0,114.0,114.0,107338,0.0,0.0
2025-09-09 03:15:00+00:00,114.0,114.5,114.0,114.5,64053,0.0,0.0
2025-09-09 03:20:00+00:00,114.0,114.5,114.0,114.5,12109,0.0,0.0
2025-09-09 03:25:00+00:00,114.5,114.5,114.0,114.5,83253,0.0,0.0
2025-09-09 03:30:00+00:00,114.5,114.5,114.5,114.5,5013,0.0,0.0
2025-09-09 03:35:00+00:00,114.5,115.0,114.5,115.0,20221,0.0,0.0
2025-09-09 03:40:00+00:00,115.0,115.0,115.0,115.0,122461,0.0,0.0
2025-09-09 03:45:00+00:00,115.0,115.5,115.0,115.5,177340,0.0,0.0
2025-09-09 03:50:00+00:00,115.5,116.0,115.5,115.5,177122,0.0,0.0
2025-09-09 03:55:00+00:00,115.5,116.5,115.5,116.0,203750,0.0,0.0
2025-09-09 04:00:00+00:00,116.0,116.5,116.0,116.0,150222,0.0,0.0
2025-09-09 04:05:00+00:00,116.0,116.5,115.5,116.0,67190,0.0,0.0
2025-09-09 04:10:00+00:00,116.0,116.5,115.5,116.5,147047,0.0,0.0
2025-09-09 04:15:00+00:00,116.5,118.0,116.5,117.5,1035788,0.0,0.0
2025-09-09 04:20:00+00:00,117.5,117.5,116.5,116.5,262318,0.0,0.0
2025-09-09 04:25:00+00:00,117.0,117.0,116.5,116.5,52247,0.0,0.0
2025-09-09 04:30:00+00:00,116.5,117.0,116.5,116.5,99738,0.0,0.0
2025-09-09 04:35:00+00:00,116.5,116.5,116.0,116.0,43722,0.0,0.0
2025-09-09 04:40:00+00:00,116.0,116.5,116.0,116.5,43335,0.0,0.0
2025-09-09 04:45:00+00:00,116.5,116.5,116.0,116.5,31523,0.0,0.0
2025-09-09 04:50:00+00:00,116.0,116.5,116.0,116.5,63848,0.0,0.0
2025-09-09 04:55:00+00:00,116.5,116.5,116.0,116.0,63709,0.0,0.0
2025-09-09 05:00:00+00:00,116.5,117.5,116.5,117.5,288933,0.0,0.0
2025-09-09 05:05:00+00:00,117.5,117.5,117.0,117.0,111462,0.0,0.0
2025-09-09 05:10:00+00:00,117.0,117.5,117.0,117.5,124606,0.0,0.0
2025-09-09 05:15:00+00:00,117.0,117.5,117.0,117.5,70075,0.0,0.0
2025-09-09 05:20:00+00:00,117.5,118.0,117.0,117.5,463262,0.0,0.0
2025-09-10 01:00:00+00:00,118.5,119.0,117.5,117.5,657000,0.0,0.0
2025-09-10 01:05:00+00:00,117.5,118.5,117.0,118.5,423000,0.0,0.0
2025-09-10 01:10:00+00:00,118.5,120.0,118.0,120.0,757647,0.0,0.0
2025-09-10 01:15:00+00:00,120.0,120.0,118.5,118.5,357505,0.0,0.0
2025-09-10 01:20:00+00:00,118.5,119.0,118.5,119.0,149848,0.0,0.0
2025-09-10 01:25:00+00:00,119.5,119.5,119.0,119.0,98579,0.0,0.0
2025-09-10 01:30:00+00:00,119.0,119.5,119.0,119.5,93890,0.0,0.0
2025-09-10 01:35:00+00:00,119.0,119.5,118.5,118.5,309189,0.0,0.0
2025-09-10 01:40:00+00:00,118.5,119.0,118.5,119.0,95132,0.0,0.0
2025-09-10 01:45:00+00:00,119.0,119.0,118.5,118.5,86452,0.0,0.0
2025-09-10 01:50:00+00:00,118.5,119.0,118.0,118.0,109673,0.0,0.0
2025-09-10 01:55:00+00:00,118.5,118.5,118.0,118.5,50620,0.0,0.0
2025-09-10 02:00:00+00:00,118.5,118.5,117.5,117.5,286832,0.0,0.0
2025-09-10 02:05:00+00:00,117.5,118.5,117.5,118.5,169845,0.0,0.0
2025-09-10 02:10:00+00:00,118.5,119.5,118.0,119.5,306252,0.0,0.0
2025-09-10 02:15:00+00:00,119.5,119.5,118.5,118.5,177964,0.0,0.0
2025-09-10 02:20:00+00:00,118.5,118.5,118.0,118.0,100000,0.0,0.0
2025-09-10 02:25:00+00:00,118.0,118.5,118.0,118.5,49110,0.0,0.0
2025-09-10 02:30:00+00:00,118.5,118.5,118.5,118.5,33092,0.0,0.0
2025-09-10 02:35:00+00:00,118.5,119.0,118.5,118.5,20435,0.0,0.0
2025-09-10 02:40:00+00:00,118.5,119.0,118.5,118.5,10231,0.0,0.0
2025-09-10 02:45:00+00:00,118.5,119.0,118.5,119.0,24000,0.0,0.0
2025-09-10 02:50:00+00:00,119.0,119.0,118.5,118.5,43771,0.0,0.0
2025-09-10 02:55:00+00:00,119.0,119.0,118.5,119.0,15113,0.0,0.0
2025-09-10 03:00:00+00:00,118.5,119.0,118.5,119.0,55200,0.0,0.0
2025-09-10 03:05:00+00:00,119.0,119.0,118.5,119.0,61060,0.0,0.0
2025-09-10 03:10:00+00:00,119.0,119.0,118.5,119.0,36140,0.0,0.0
2025-09-10 03:15:00+00:00,119.0,119.0,118.5,119.0,76219,0.0,0.0
2025-09-10 03:20:00+00:00,118.5,118.5,118.0,118.0,279719,0.0,0.0
2025-09-10 03:25:00+00:00,118.5,118.5,118.0,118.0,164846,0.0,0.0
2025-09-10 03:30:00+00:00,118.0,118.5,118.0,118.5,43196,0.0,0.0
2025-09-10 03:35:00+00:00,118.5,118.5,118.5,118.5,40071,0.0,0.0
2025-09-10 03:40:00+00:00,118.5,119.0,118.5,118.5,35702,0.0,0.0
2025-09-10 03:45:00+00:00,118.5,118.5,118.5,118.5,60809,0.0,0.0
2025-09-10 03:50:00+00:00,118.5,119.0,118.5,118.5,29212,0.0,0.0
2025-09-10 03:55:00+00:00,118.5,119.5,118.5,119.0,221762,0.0,0.0
2025-09-10 04:00:00+00:00,119.0,119.0,119.0,119.0,171182,0.0,0.0
2025-09-10 04:05:00+00:00,119.0,119.5,119.0,119.0,88830,0.0,0.0
2025-09-10 04:10:00+00:00,119.0,119.0,118.5,118.5,62220,0.0,0.0
2025-09-10 04:15:00+00:00,118.5,119.5,118.5,119.5,104861,0.0,0.0
2025-09-10 04:20:00+00:00,119.5,119.5,118.5,119.0,85074,0.0,0.0
2025-09-10 04:25:00+00:00,119.0,119.0,118.5,119.0,56443,0.0,0.0
2025-09-10 04:30:00+00:00,118.5,119.0,118.0,118.5,164199,0.0,0.0
2025-09-10 04:35:00+00:00,118.5,118.5,118.5,118.5,13246,0.0,0.0
2025-09-10 04:40:00+00:00,118.5,118.5,118.0,118.5,114215,0.0,0.0
2025-09-10 04:45:00+00:00,118.5,119.0,118.5,118.5,54610,0.0,0.0
2025-09-10 04:50:00+00:00,118.5,119.0,118.5,118.5,52453,0.0,0.0
2025-09-10 04:55:00+00:00,119.0,119.0,118.5,118.5,103601,0.0,0.0
2025-09-10 05:00:00+00:00,118.5,118.5,118.0,118.5,59183,0.0,0.0
2025-09-10 05:05:00+00:00,118.5,118.5,118.0,118.5,93562,0.0,0.0
2025-09-10 05:10:00+00:00,118.5,118.5,118.0,118.0,64675,0.0,0.0
2025-09-10 05:15:00+00:00,118.0,118.5,117.5,117.5,222316,0.0,0.0
2025-09-10 05:20:00+00:00,118.0,118.0,117.5,118.0,110983,0.0,0.0
2025-09-11 01:00:00+00:00,119.0,120.0,118.5,120.0,837000,0.0,0.0
2025-09-11 01:05:00+00:00,120.0,121.0,119.0,119.0,1003000,0.0,0.0
2025-09-11 01:10:00+00:00,119.5,119.5,117.5,117.5,668112,0.0,0.0
2025-09-11 01:15:00+00:00,117.5,118.0,116.5,117.0,648062,0.0,0.0
2025-09-11 01:20:00+00:00,117.0,117.5,115.5,116.0,596771,0.0,0.0
2025-09-11 01:25:00+00:00,115.5,117.0,115.5,117.0,263964,0.0,0.0
2025-09-11 01:30:00+00:00,117.0,117.0,116.0,116.0,230248,0.0,0.0
2025-09-11 01:35:00+00:00,116.5,117.0,116.0,116.5,102424,0.0,0.0
2025-09-11 01:40:00+00:00,116.5,116.5,116.0,116.0,102755,0.0,0.0
2025-09-11 01:45:00+00:00,116.0,116.5,115.5,116.0,268066,0.0,0.0
2025-09-11 01:50:00+00:00,116.0,116.5,116.0,116.0,68610,0.0,0.0
2025-09-11 01:55:00+00:00,116.0,116.5,116.0,116.0,94345,0.0,0.0
2025-09-11 02:00:00+00:00,116.5,116.5,116.0,116.0,38569,0.0,0.0
2025-09-11 02:05:00+00:00,116.0,116.5,115.5,115.5,131723,0.0,0.0
2025-09-11 02:10:00+00:00,115.5,116.5,115.5,116.5,66282,0.0,0.0
2025-09-11 02:15:00+00:00,116.0,116.5,116.0,116.5,45422,0.0,0.0
2025-09-11 02:20:00+00:00,116.5,117.0,116.5,116.5,21543,0.0,0.0
2025-09-11 02:25:00+00:00,116.5,116.5,116.5,116.5,51760,0.0,0.0
2025-09-11 02:30:00+00:00,116.5,117.5,116.5,117.0,187188,0.0,0.0
2025-09-11 02:35:00+00:00,117.5,117.5,117.0,117.0,86131,0.0,0.0
2025-09-11 02:40:00+00:00,117.0,117.0,116.5,116.5,72112,0.0,0.0
2025-09-11 02:45:00+00:00,117.0,117.0,117.0,117.0,22248,0.0,0.0
2025-09-11 02:50:00+00:00,117.5,118.0,117.5,118.0,162920,0.0,0.0
2025-09-11 02:55:00+00:00,118.0,118.0,117.5,118.0,169120,0.0,0.0
2025-09-11 03:00:00+00:00,118.0,118.0,117.5,117.5,63010,0.0,0.0
2025-09-11 03:05:00+00:00,117.5,117.5,117.0,117.5,21299,0.0,0.0
2025-09-11 03:10:00+00:00,117.5,117.5,117.5,117.5,5580,0.0,0.0
2025-09-11 03:15:00+00:00,117.5,117.5,117.0,117.5,18360,0.0,0.0
2025-09-11 03:20:00+00:00,117.0,117.5,117.0,117.0,15030,0.0,0.0
2025-09-11 03:25:00+00:00,117.0,117.5,117.0,117.5,22050,0.0,0.0
2025-09-11 03:30:00+00:00,117.5,118.0,117.0,118.0,27338,0.0,0.0
2025-09-11 03:35:00+00:00,117.5,117.5,117.5,117.5,32657,0.0,0.0
2025-09-11 03:40:00+00:00,117.5,117.5,117.0,117.0,57281,0.0,0.0
2025-09-11 03:45:00+00:00,117.0,117.5,117.0,117.0,32166,0.0,0.0
2025-09-11 03:50:00+00:00,117.0,117.0,117.0,117.0,31027,0.0,0.0
2025-09-11 03:55:00+00:00,117.0,117.0,116.5,116.5,20728,0.0,0.0
2025-09-11 04:00:00+00:00,116.5,116.5,116.5,116.5,98742,0.0,0.0
2025-09-11 04:05:00+00:00,116.5,116.5,116.0,116.0,71654,0.0,0.0
2025-09-11 04:10:00+00:00,116.0,116.5,116.0,116.0,38174,0.0,0.0
2025-09-11 04:15:00+00:00,116.0,116.5,116.0,116.0,124281,0.0,0.0
2025-09-11 04:20:00+00:00,116.0,116.0,114.5,115.0,652056,0.0,0.0
2025-09-11 04:25:00+00:00,115.0,115.5,114.5,115.5,378066,0.0,0.0
2025-09-11 04:30:00+00:00,115.5,116.0,115.5,116.0,145097,0.0,0.0
2025-09-11 04:35:00+00:00,116.0,116.5,115.5,116.5,154811,0.0,0.0
2025-09-11 04:40:00+00:00,116.5,116.5,116.0,116.0,98660,0.0,0.0
2025-09-11 04:45:00+00:00,116.0,116.5,115.5,115.5,116794,0.0,0.0
2025-09-11 04:50:00+00:00,115.5,116.5,115.5,116.0,146265,0.0,0.0
2025-09-11 04:55:00+00:00,116.0,116.0,115.5,115.5,133218,0.0,0.0
2025-09-11 05:00:00+00:00,115.5,115.5,114.5,115.0,482910,0.0,0.0
2025-09-11 05:05:00+00:00,115.0,115.0,114.5,115.0,182405,0.0,0.0
2025-09-11 05:10:00+00:00,115.0,115.5,114.5,114.5,211946,0.0,0.0
2025-09-11 05:15:00+00:00,114.5,115.0,114.5,115.0,274368,0.0,0.0
2025-09-11 05:20:00+00:00,115.0,115.5,115.0,115.5,153700,0.0,0.0
2025-09-12 01:00:00+00:00,116.5,118.0,116.5,117.5,491000,0.0,0.0
2025-09-12 01:05:00+00:00,117.5,117.5,115.5,116.0,290000,0.0,0.0
2025-09-12 01:10:00+00:00,115.5,116.0,113.5,114.0,788175,0.0,0.0
2025-09-12 01:15:00+00:00,114.0,114.5,113.0,113.5,502137,0.0,0.0
2025-09-12 01:20:00+00:00,113.5,113.5,112.0,112.5,700823,0.0,0.0
2025-09-12 01:25:00+00:00,112.5,112.5,111.5,112.0,601328,0.0,0.0
2025-09-12 01:30:00+00:00,112.0,112.0,111.0,111.5,556219,0.0,0.0
2025-09-12 01:35:00+00:00,111.5,112.5,111.5,112.0,243449,0.0,0.0
2025-09-12 01:40:00+00:00,112.5,113.0,111.5,112.0,386402,0.0,0.0
2025-09-12 01:45:00+00:00,112.0,113.0,112.0,112.5,257888,0.0,0.0
2025-09-12 01:50:00+00:00,112.5,113.0,112.0,112.5,88317,0.0,0.0
2025-09-12 01:55:00+00:00,112.5,113.0,112.5,112.5,58624,0.0,0.0
2025-09-12 02:00:00+00:00,113.0,113.0,112.0,112.5,59513,0.0,0.0
2025-09-12 02:05:00+00:00,112.0,112.5,111.5,111.5,281202,0.0,0.0
2025-09-12 02:10:00+00:00,111.5,112.0,111.5,111.5,93487,0.0,0.0
2025-09-12 02:15:00+00:00,111.5,111.5,111.0,111.5,101183,0.0,0.0
2025-09-12 02:20:00+00:00,111.5,111.5,111.0,111.5,91025,0.0,0.0
2025-09-12 02:25:00+00:00,111.5,111.5,111.0,111.5,117524,0.0,0.0
2025-09-12 02:30:00+00:00,111.5,112.0,111.0,111.5,118908,0.0,0.0
2025-09-12 02:35:00+00:00,111.5,112.0,111.0,111.0,92585,0.0,0.0
2025-09-12 02:40:00+00:00,111.0,111.5,111.0,111.5,24446,0.0,0.0
2025-09-12 02:45:00+00:00,111.5,111.5,111.0,111.5,99700,0.0,0.0
2025-09-12 02:50:00+00:00,111.5,111.5,111.0,111.5,90576,0.0,0.0
2025-09-12 02:55:00+00:00,111.5,112.0,111.0,111.5,82540,0.0,0.0
2025-09-12 03:00:00+00:00,111.5,111.5,111.5,111.5,41434,0.0,0.0
2025-09-12 03:05:00+00:00,111.0,111.5,110.5,110.5,428280,0.0,0.0
2025-09-12 03:10:00+00:00,110.5,111.0,110.5,110.5,220530,0.0,0.0
2025-09-12 03:15:00+00:00,110.5,111.0,110.5,111.0,47840,0.0,0.0
2025-09-12 03:20:00+00:00,110.5,111.5,110.5,111.0,110781,0.0,0.0
2025-09-12 03:25:00+00:00,111.5,111.5,111.0,111.0,54500,0.0,0.0
2025-09-12 03:30:00+00:00,111.0,112.0,111.0,111.5,99919,0.0,0.0
2025-09-12 03:35:00+00:00,111.5,112.0,111.5,112.0,23708,0.0,0.0
2025-09-12 03:40:00+00:00,111.5,112.0,111.5,112.0,15285,0.0,0.0
2025-09-12 03:45:00+00:00,111.5,112.5,111.5,112.0,192169,0.0,0.0
2025-09-12 03:50:00+00:00,112.0,112.0,111.5,111.5,47908,0.0,0.0
2025-09-12 03:55:00+00:00,111.5,111.5,111.5,111.5,12000,0.0,0.0
2025-09-12 04:00:00+00:00,111.5,112.0,111.5,111.5,31399,0.0,0.0
2025-09-12 04:05:00+00:00,111.5,112.5,111.5,112.0,125171,0.0,0.0
2025-09-12 04:10:00+00:00,112.0,112.0,111.5,111.5,72044,0.0,0.0
2025-09-12 04:15:00+00:00,112.0,112.0,111.5,111.5,20370,0.0,0.0
2025-09-12 04:20:00+00:00,112.0,113.0,111.5,112.5,259793,0.0,0.0
2025-09-12 04:25:00+00:00,112.5,113.0,112.5,112.5,32238,0.0,0.0
2025-09-12 04:30:00+00:00,112.5,112.5,112.0,112.0,54037,0.0,0.0
2025-09-12 04:35:00+00:00,112.0,112.5,112.0,112.5,74570,0.0,0.0
2025-09-12 04:40:00+00:00,112.0,112.5,112.0,112.0,21091,0.0,0.0
2025-09-12 04:45:00+00:00,112.0,112.5,111.5,111.5,193953,0.0,0.0
2025-09-12 04:50:00+00:00,111.5,112.0,111.5,111.5,84645,0.0,0.0
2025-09-12 04:55:00+00:00,111.5,112.0,111.5,112.0,22578,0.0,0.0
2025-09-12 05:00:00+00:00,111.5,112.0,111.5,111.5,27151,0.0,0.0
2025-09-12 05:05:00+00:00,111.5,112.0,111.5,111.5,75297,0.0,0.0
2025-09-12 05:10:00+00:00,111.5,112.0,111.5,112.0,222939,0.0,0.0
2025-09-12 05:15:00+00:00,112.0,112.5,112.0,112.0,251652,0.0,0.0
2025-09-12 05:20:00+00:00,111.5,112.0,111.5,112.0,156056,0.0,0.0
2025-09-15 01:00:00+00:00,112.0,112.0,111.0,111.5,0,0.0,0.0
2025-09-15 01:05:00+00:00,111.5,111.5,110.0,110.5,289000,0.0,0.0
2025-09-15 01:10:00+00:00,110.5,112.0,110.5,110.5,276745,0.0,0.0
2025-09-15 01:15:00+00:00,111.0,111.0,110.5,111.0,60682,0.0,0.0
2025-09-15 01:20:00+00:00,111.0,111.0,110.0,110.5,175760,0.0,0.0
2025-09-15 01:25:00+00:00,110.5,110.5,109.0,109.5,510147,0.0,0.0
2025-09-15 01:30:00+00:00,109.5,110.5,109.5,110.5,148820,0.0,0.0
2025-09-15 01:35:00+00:00,110.5,111.0,110.0,110.5,85769,0.0,0.0
2025-09-15 01:40:00+00:00,110.5,110.5,110.5,110.5,17137,0.0,0.0
2025-09-15 01:45:00+00:00,110.0,110.5,110.0,110.0,39053,0.0,0.0
2025-09-15 01:50:00+00:00,110.0,110.5,109.0,109.0,187781,0.0,0.0
2025-09-15 01:55:00+00:00,109.0,109.0,107.5,107.5,582238,0.0,0.0
2025-09-15 02:00:00+00:00,107.5,108.5,107.0,108.0,462913,0.0,0.0
2025-09-15 02:05:00+00:00,108.0,108.5,107.5,107.5,144929,0.0,0.0
2025-09-15 02:10:00+00:00,108.0,108.0,107.0,107.5,217284,0.0,0.0
2025-09-15 02:15:00+00:00,107.0,107.5,107.0,107.5,299054,0.0,0.0
2025-09-15 02:20:00+00:00,107.5,107.5,107.0,107.5,30015,0.0,0.0
2025-09-15 02:25:00+00:00,107.5,107.5,106.5,106.5,183795,0.0,0.0
2025-09-15 02:30:00+00:00,106.5,106.5,106.0,106.5,259478,0.0,0.0
2025-09-15 02:35:00+00:00,106.0,107.0,105.5,107.0,554575,0.0,0.0
2025-09-15 02:40:00+00:00,107.0,108.0,107.0,108.0,189449,0.0,0.0
2025-09-15 02:45:00+00:00,108.0,108.0,108.0,108.0,56632,0.0,0.0
2025-09-15 02:50:00+00:00,108.0,108.0,107.5,107.5,30352,0.0,0.0
2025-09-15 02:55:00+00:00,107.5,107.5,107.0,107.5,84331,0.0,0.0
2025-09-15 03:00:00+00:00,107.5,108.0,107.0,108.0,60623,0.0,0.0
2025-09-15 03:05:00+00:00,108.0,108.0,107.5,108.0,22250,0.0,0.0
2025-09-15 03:10:00+00:00,107.5,108.0,107.5,108.0,52150,0.0,0.0
2025-09-15 03:15:00+00:00,107.5,108.0,107.5,108.0,20061,0.0,0.0
2025-09-15 03:20:00+00:00,108.0,108.0,108.0,108.0,53608,0.0,0.0
2025-09-15 03:25:00+00:00,108.0,108.0,107.5,107.5,25334,0.0,0.0
2025-09-15 03:30:00+00:00,108.0,108.0,107.5,107.5,11166,0.0,0.0
2025-09-15 03:35:00+00:00,107.5,107.5,107.5,107.5,7695,0.0,0.0
2025-09-15 03:40:00+00:00,107.5,107.5,107.5,107.5,8385,0.0,0.0
2025-09-15 03:45:00+00:00,107.5,107.5,107.5,107.5,97280,0.0,0.0
2025-09-15 03:50:00+00:00,107.5,108.0,107.5,107.5,50329,0.0,0.0
2025-09-15 03:55:00+00:00,107.5,108.0,107.5,108.0,21010,0.0,0.0
2025-09-15 04:00:00+00:00,108.0,108.0,107.5,107.5,24953,0.0,0.0
2025-09-15 04:05:00+00:00,107.5,107.5,107.0,107.5,20418,0.0,0.0
2025-09-15 04:10:00+00:00,107.5,107.5,107.0,107.0,33360,0.0,0.0
2025-09-15 04:15:00+00:00,107.0,107.5,107.0,107.5,36481,0.0,0.0
2025-09-15 04:20:00+00:00,107.0,107.5,106.5,107.5,209632,0.0,0.0
2025-09-15 04:25:00+00:00,107.0,107.0,107.0,107.0,20045,0.0,0.0
2025-09-15 04:30:00+00:00,107.0,107.5,107.0,107.0,35212,0.0,0.0
2025-09-15 04:35:00+00:00,107.0,107.0,107.0,107.0,20232,0.0,0.0
2025-09-15 04:40:00+00:00,106.5,107.0,106.5,106.5,44150,0.0,0.0
2025-09-15 04:45:00+00:00,106.5,107.0,106.5,106.5,43877,0.0,0.0
2025-09-15 04:50:00+00:00,107.0,107.0,106.5,106.5,29881,0.0,0.0
2025-09-15 04:55:00+00:00,106.5,107.0,106.5,107.0,88634,0.0,0.0
2025-09-15 05:00:00+00:00,107.0,107.0,106.5,106.5,82453,0.0,0.0
2025-09-15 05:05:00+00:00,106.5,107.0,106.5,107.0,64352,0.0,0.0
2025-09-15 05:10:00+00:00,106.5,107.5,106.5,107.0,206337,0.0,0.0
2025-09-15 05:15:00+00:00,107.0,107.5,107.0,107.0,238171,0.0,0.0
2025-09-15 05:20:00+00:00,107.0,107.5,107.0,107.0,68184,0.0,0.0
2025-09-16 01:00:00+00:00,109.0,109.5,108.5,108.5,0,0.0,0.0
2025-09-16 01:20:00+00:00,110.0,110.0,109.0,109.5,1059923,0.0,0.0
2025-09-16 01:25:00+00:00,109.5,110.0,109.0,109.0,147215,0.0,0.0
2025-09-16 01:30:00+00:00,109.0,109.5,109.0,109.5,26900,0.0,0.0
2025-09-16 01:35:00+00:00,109.5,109.5,109.0,109.0,14847,0.0,0.0
2025-09-16 01:40:00+00:00,109.0,109.0,108.0,108.5,239464,0.0,0.0
2025-09-16 01:45:00+00:00,108.5,108.5,108.0,108.0,198783,0.0,0.0
2025-09-16 01:50:00+00:00,108.0,108.0,108.0,108.0,35000,0.0,0.0
2025-09-16 01:55:00+00:00,108.5,109.0,108.0,108.0,204810,0.0,0.0
2025-09-16 02:00:00+00:00,108.0,108.5,107.5,108.0,94322,0.0,0.0
2025-09-16 02:05:00+00:00,108.0,108.0,108.0,108.0,19115,0.0,0.0
2025-09-16 02:10:00+00:00,108.0,109.5,107.5,108.5,336450,0.0,0.0
2025-09-16 02:15:00+00:00,108.5,109.0,108.0,108.5,121395,0.0,0.0
2025-09-16 02:20:00+00:00,108.5,109.0,108.0,108.5,26251,0.0,0.0
2025-09-16 02:25:00+00:00,108.5,108.5,108.5,108.5,12610,0.0,0.0
2025-09-16 02:30:00+00:00,108.0,108.5,108.0,108.5,57548,0.0,0.0
2025-09-16 02:35:00+00:00,108.5,108.5,108.5,108.5,32162,0.0,0.0
2025-09-16 02:40:00+00:00,108.5,108.5,108.0,108.5,33375,0.0,0.0
2025-09-16 02:45:00+00:00,108.5,109.0,108.5,108.5,70090,0.0,0.0
2025-09-16 02:50:00+00:00,109.0,109.5,108.5,109.0,179401,0.0,0.0
2025-09-16 02:55:00+00:00,109.5,109.5,109.0,109.0,54150,0.0,0.0
2025-09-16 03:00:00+00:00,109.0,109.0,109.0,109.0,37135,0.0,0.0
2025-09-16 03:05:00+00:00,109.0,109.0,108.5,108.5,22252,0.0,0.0
2025-09-16 03:10:00+00:00,109.0,109.0,109.0,109.0,40167,0.0,0.0
2025-09-16 03:15:00+00:00,109.0,109.0,108.5,109.0,6202,0.0,0.0
2025-09-16 03:20:00+00:00,108.5,109.0,108.5,109.0,32060,0.0,0.0
2025-09-16 03:25:00+00:00,109.0,109.5,109.0,109.0,44340,0.0,0.0
2025-09-16 03:30:00+00:00,109.0,109.0,109.0,109.0,3220,0.0,0.0
2025-09-16 03:35:00+00:00,109.0,109.0,108.5,108.5,3280,0.0,0.0
2025-09-16 03:40:00+00:00,108.5,108.5,107.5,108.0,295602,0.0,0.0
2025-09-16 03:45:00+00:00,107.5,107.5,107.5,107.5,135494,0.0,0.0
2025-09-16 03:50:00+00:00,107.5,108.0,107.5,107.5,37355,0.0,0.0
2025-09-16 03:55:00+00:00,107.5,108.0,107.0,107.5,113711,0.0,0.0
2025-09-16 04:00:00+00:00,107.5,107.5,107.0,107.0,294188,0.0,0.0
2025-09-16 04:05:00+00:00,107.0,107.5,107.0,107.0,58118,0.0,0.0
2025-09-16 04:10:00+00:00,107.0,107.5,106.5,107.0,144273,0.0,0.0
2025-09-16 04:15:00+00:00,107.0,107.0,106.5,106.5,25177,0.0,0.0
2025-09-16 04:20:00+00:00,106.5,107.0,106.5,106.5,20030,0.0,0.0
2025-09-16 04:25:00+00:00,106.5,107.0,106.5,106.5,75050,0.0,0.0
2025-09-16 04:30:00+00:00,106.5,107.0,106.5,107.0,17385,0.0,0.0
2025-09-16 04:35:00+00:00,106.5,107.0,106.5,106.5,19341,0.0,0.0
2025-09-16 04:40:00+00:00,106.5,107.0,106.5,107.0,9223,0.0,0.0
2025-09-16 05:05:00+00:00,106.5,107.0,106.5,107.0,176843,0.0,0.0
2025-09-16 05:10:00+00:00,106.5,107.0,106.5,107.0,45952,0.0,0.0
2025-09-16 05:15:00+00:00,107.0,107.0,106.5,107.0,81569,0.0,0.0
2025-09-16 05:20:00+00:00,106.5,107.5,106.5,107.5,149935,0.0,0.0
2025-09-17 01:00:00+00:00,107.0,108.0,106.5,107.5,0,0.0,0.0
2025-09-17 01:05:00+00:00,107.5,108.0,107.0,108.0,133950,0.0,0.0
2025-09-17 01:10:00+00:00,108.0,108.5,107.5,108.0,175122,0.0,0.0
2025-09-17 01:15:00+00:00,108.0,108.0,107.0,107.0,138868,0.0,0.0
2025-09-17 01:20:00+00:00,107.0,107.5,107.0,107.5,68680,0.0,0.0
2025-09-17 01:25:00+00:00,108.0,108.0,107.5,107.5,46350,0.0,0.0
2025-09-17 01:30:00+00:00,107.5,107.5,106.5,106.5,273715,0.0,0.0
2025-09-17 01:35:00+00:00,106.0,106.5,106.0,106.5,38523,0.0,0.0
2025-09-17 01:40:00+00:00,106.5,106.5,105.5,105.5,157798,0.0,0.0
2025-09-17 01:45:00+00:00,105.5,106.5,105.5,106.0,233423,0.0,0.0
2025-09-17 01:50:00+00:00,106.0,106.5,106.0,106.5,35200,0.0,0.0
2025-09-17 01:55:00+00:00,106.5,107.0,106.0,106.5,145234,0.0,0.0
2025-09-17 02:00:00+00:00,106.5,106.5,106.0,106.0,25460,0.0,0.0
2025-09-17 02:05:00+00:00,106.0,107.0,106.0,106.5,163899,0.0,0.0
2025-09-17 02:10:00+00:00,106.5,106.5,106.0,106.0,18388,0.0,0.0
2025-09-17 02:15:00+00:00,106.5,106.5,106.0,106.5,113437,0.0,0.0
2025-09-17 02:20:00+00:00,106.5,106.5,106.5,106.5,181125,0.0,0.0
2025-09-17 02:25:00+00:00,106.0,106.5,106.0,106.5,13010,0.0,0.0
2025-09-17 02:30:00+00:00,106.5,106.5,106.0,106.0,13010,0.0,0.0
2025-09-17 02:35:00+00:00,106.0,106.0,106.0,106.0,118530,0.0,0.0
2025-09-17 02:40:00+00:00,106.0,106.0,105.5,106.0,73100,0.0,0.0
2025-09-17 02:45:00+00:00,106.0,106.5,106.0,106.5,62160,0.0,0.0
2025-09-17 02:50:00+00:00,106.5,106.5,106.5,106.5,11291,0.0,0.0
2025-09-17 02:55:00+00:00,106.5,107.0,106.0,106.5,74145,0.0,0.0
2025-09-17 03:00:00+00:00,106.5,106.5,106.5,106.5,2000,0.0,0.0
2025-09-17 03:05:00+00:00,106.5,107.0,106.5,107.0,8120,0.0,0.0
2025-09-17 03:10:00+00:00,107.0,107.0,107.0,107.0,21191,0.0,0.0
2025-09-17 03:15:00+00:00,107.0,107.0,106.5,106.5,13300,0.0,0.0
2025-09-17 03:20:00+00:00,107.0,107.0,106.5,106.5,6510,0.0,0.0
2025-09-17 03:25:00+00:00,106.5,106.5,106.0,106.5,72000,0.0,0.0
2025-09-17 03:30:00+00:00,106.5,106.5,106.0,106.5,7523,0.0,0.0
2025-09-17 03:35:00+00:00,106.5,106.5,106.5,106.5,51144,0.0,0.0
2025-09-17 03:40:00+00:00,106.5,106.5,106.5,106.5,5100,0.0,0.0
2025-09-17 03:45:00+00:00,106.5,106.5,106.0,106.5,19000,0.0,0.0
2025-09-17 03:50:00+00:00,106.0,106.5,106.0,106.0,11518,0.0,0.0
2025-09-17 03:55:00+00:00,106.0,106.5,106.0,106.5,5365,0.0,0.0
2025-09-17 04:00:00+00:00,106.5,106.5,106.0,106.5,6050,0.0,0.0
2025-09-17 04:05:00+00:00,106.5,106.5,106.0,106.0,23700,0.0,0.0
2025-09-17 04:10:00+00:00,106.0,106.0,106.0,106.0,31203,0.0,0.0
2025-09-17 04:15:00+00:00,106.0,106.5,106.0,106.5,110088,0.0,0.0
2025-09-17 04:20:00+00:00,106.5,107.0,106.5,106.5,21101,0.0,0.0
2025-09-17 04:25:00+00:00,106.5,106.5,106.5,106.5,6000,0.0,0.0
2025-09-17 04:30:00+00:00,106.5,107.0,106.5,107.0,13011,0.0,0.0
2025-09-17 04:35:00+00:00,107.0,107.0,106.5,106.5,15710,0.0,0.0
2025-09-17 04:40:00+00:00,107.0,107.0,106.5,107.0,57351,0.0,0.0
2025-09-17 04:45:00+00:00,107.0,107.0,106.5,106.5,15808,0.0,0.0
2025-09-17 04:50:00+00:00,107.0,107.0,106.5,107.0,49265,0.0,0.0
2025-09-17 04:55:00+00:00,107.0,107.0,106.5,106.5,12082,0.0,0.0
2025-09-17 05:00:00+00:00,106.5,107.0,106.5,106.5,53175,0.0,0.0
2025-09-17 05:05:00+00:00,106.5,106.5,106.5,106.5,57785,0.0,0.0
2025-09-17 05:10:00+00:00,106.5,106.5,106.5,106.5,23135,0.0,0.0
2025-09-17 05:15:00+00:00,106.5,107.0,106.5,106.5,52175,0.0,0.0
2025-09-17 05:20:00+00:00,106.0,106.5,106.0,106.0,80734,0.0,0.0
2025-09-18 01:00:00+00:00,107.5,107.5,107.0,107.5,0,0.0,0.0
2025-09-18 01:05:00+00:00,107.5,107.5,106.5,107.0,130417,0.0,0.0
2025-09-18 01:10:00+00:00,106.5,107.5,106.5,107.5,58101,0.0,0.0
2025-09-18 01:15:00+00:00,107.5,108.5,107.0,108.0,286905,0.0,0.0
2025-09-18 01:20:00+00:00,108.0,108.5,107.0,107.0,98271,0.0,0.0
2025-09-18 01:25:00+00:00,107.0,107.5,107.0,107.5,45745,0.0,0.0
2025-09-18 01:30:00+00:00,107.5,107.5,107.5,107.5,29000,0.0,0.0
2025-09-18 01:35:00+00:00,107.5,108.0,107.0,107.0,115814,0.0,0.0
2025-09-18 01:40:00+00:00,107.0,107.0,106.5,107.0,37479,0.0,0.0
2025-09-18 01:45:00+00:00,107.0,107.5,106.5,107.0,77108,0.0,0.0
2025-09-18 01:50:00+00:00,107.0,107.5,106.5,107.5,56217,0.0,0.0
2025-09-18 01:55:00+00:00,107.5,107.5,107.5,107.5,3110,0.0,0.0
2025-09-18 02:00:00+00:00,107.5,107.5,106.5,107.0,68356,0.0,0.0
2025-09-18 02:05:00+00:00,107.0,108.0,107.0,107.5,105160,0.0,0.0
2025-09-18 02:10:00+00:00,107.5,107.5,107.0,107.5,11000,0.0,0.0
2025-09-18 02:15:00+00:00,107.5,107.5,107.0,107.0,63851,0.0,0.0
2025-09-18 02:20:00+00:00,106.5,106.5,106.0,106.5,154177,0.0,0.0
2025-09-18 02:25:00+00:00,106.5,107.5,106.0,107.0,152096,0.0,0.0
2025-09-18 02:30:00+00:00,107.0,107.5,106.5,107.0,73100,0.0,0.0
2025-09-18 02:35:00+00:00,107.0,107.0,107.0,107.0,46197,0.0,0.0
2025-09-18 02:40:00+00:00,107.0,107.0,107.0,107.0,8028,0.0,0.0
2025-09-18 02:45:00+00:00,107.0,107.0,106.5,106.5,14020,0.0,0.0
2025-09-18 02:50:00+00:00,107.0,107.0,107.0,107.0,20200,0.0,0.0
2025-09-18 02:55:00+00:00,107.0,107.5,107.0,107.5,28197,0.0,0.0
2025-09-18 03:00:00+00:00,107.5,108.0,107.5,108.0,198357,0.0,0.0
2025-09-18 03:05:00+00:00,108.0,109.0,107.5,109.0,319191,0.0,0.0
2025-09-18 03:10:00+00:00,109.0,110.0,108.5,109.0,471916,0.0,0.0
2025-09-18 03:15:00+00:00,109.0,109.5,108.5,109.0,134982,0.0,0.0
2025-09-18 03:20:00+00:00,109.0,109.5,108.5,108.5,56655,0.0,0.0
2025-09-18 03:25:00+00:00,109.0,109.0,108.5,108.5,167522,0.0,0.0
2025-09-18 03:30:00+00:00,108.5,109.0,108.5,108.5,26051,0.0,0.0
2025-09-18 03:35:00+00:00,109.0,109.0,109.0,109.0,59225,0.0,0.0
2025-09-18 03:40:00+00:00,109.0,109.0,109.0,109.0,24121,0.0,0.0
2025-09-18 03:45:00+00:00,109.0,109.0,109.0,109.0,16254,0.0,0.0
2025-09-18 03:50:00+00:00,109.0,109.0,108.0,108.0,109778,0.0,0.0
2025-09-18 03:55:00+00:00,108.0,108.5,108.0,108.5,32220,0.0,0.0
2025-09-18 04:00:00+00:00,108.5,108.5,108.0,108.0,154812,0.0,0.0
2025-09-18 04:05:00+00:00,108.0,108.5,108.0,108.5,39100,0.0,0.0
2025-09-18 04:10:00+00:00,108.5,109.5,108.5,109.5,109851,0.0,0.0
2025-09-18 04:15:00+00:00,109.5,109.5,109.0,109.5,68293,0.0,0.0
2025-09-18 04:20:00+00:00,109.5,109.5,109.0,109.5,34220,0.0,0.0
2025-09-18 04:25:00+00:00,109.5,109.5,109.0,109.0,103842,0.0,0.0
2025-09-18 04:30:00+00:00,109.0,109.0,108.5,109.0,32470,0.0,0.0
2025-09-18 04:35:00+00:00,109.0,109.0,108.5,109.0,52051,0.0,0.0
2025-09-18 04:40:00+00:00,109.0,109.0,109.0,109.0,15125,0.0,0.0
2025-09-18 04:45:00+00:00,109.0,109.0,108.5,109.0,12377,0.0,0.0
2025-09-18 04:50:00+00:00,108.5,109.0,108.5,109.0,33100,0.0,0.0
2025-09-18 04:55:00+00:00,108.5,108.5,108.0,108.5,234097,0.0,0.0
2025-09-18 05:00:00+00:00,108.5,109.0,108.0,108.5,70225,0.0,0.0
2025-09-18 05:05:00+00:00,108.5,108.5,108.5,108.5,29700,0.0,0.0
2025-09-18 05:10:00+00:00,108.5,108.5,108.0,108.5,36586,0.0,0.0
2025-09-18 05:15:00+00:00,108.5,108.5,108.5,108.5,56914,0.0,0.0
2025-09-18 05:20:00+00:00,108.5,109.0,108.0,109.0,111661,0.0,0.0
2025-09-19 01:00:00+00:00,109.5,109.5,107.0,107.5,0,0.0,0.0
2025-09-19 01:05:00+00:00,107.5,108.5,107.0,108.0,177374,0.0,0.0
2025-09-19 01:10:00+00:00,108.5,108.5,108.0,108.5,71464,0.0,0.0
2025-09-19 01:15:00+00:00,108.5,108.5,107.5,107.5,103782,0.0,0.0
2025-09-19 01:20:00+00:00,107.5,107.5,107.0,107.5,118027,0.0,0.0
2025-09-19 01:25:00+00:00,107.5,108.0,107.5,107.5,63006,0.0,0.0
2025-09-19 01:30:00+00:00,108.0,109.0,108.0,109.0,177188,0.0,0.0
2025-09-19 01:35:00+00:00,109.0,110.0,109.0,109.5,235553,0.0,0.0
2025-09-19 01:40:00+00:00,109.5,110.0,108.5,109.0,277292,0.0,0.0
2025-09-19 01:45:00+00:00,109.0,109.0,108.5,108.5,40580,0.0,0.0
2025-09-19 01:50:00+00:00,108.5,109.5,108.5,109.5,64430,0.0,0.0
2025-09-19 01:55:00+00:00,109.5,109.5,109.0,109.0,40196,0.0,0.0
2025-09-19 02:00:00+00:00,109.0,110.5,109.0,110.5,255700,0.0,0.0
2025-09-19 02:05:00+00:00,110.5,110.5,110.0,110.0,72900,0.0,0.0
2025-09-19 02:10:00+00:00,110.5,111.0,110.0,110.5,200954,0.0,0.0
2025-09-19 02:15:00+00:00,111.0,111.5,110.5,111.0,312913,0.0,0.0
2025-09-19 02:20:00+00:00,111.0,111.0,110.5,111.0,41920,0.0,0.0
2025-09-19 02:25:00+00:00,111.0,112.0,110.5,111.5,354212,0.0,0.0
2025-09-19 02:30:00+00:00,111.5,112.0,111.0,112.0,216503,0.0,0.0
2025-09-19 02:35:00+00:00,112.0,112.0,111.0,112.0,241891,0.0,0.0
2025-09-19 02:40:00+00:00,112.0,112.0,111.5,111.5,131791,0.0,0.0
2025-09-19 02:45:00+00:00,111.5,112.0,111.5,111.5,64413,0.0,0.0
2025-09-19 02:50:00+00:00,111.5,111.5,111.0,111.0,41439,0.0,0.0
2025-09-19 02:55:00+00:00,111.0,111.0,110.5,111.0,101264,0.0,0.0
2025-09-19 03:00:00+00:00,110.5,111.0,110.5,111.0,75860,0.0,0.0
2025-09-19 03:05:00+00:00,111.0,111.5,110.5,111.0,119266,0.0,0.0
2025-09-19 03:10:00+00:00,110.5,111.0,110.5,111.0,113235,0.0,0.0
2025-09-19 03:15:00+00:00,111.0,111.0,110.5,110.5,11010,0.0,0.0
2025-09-19 03:20:00+00:00,110.5,111.0,110.5,110.5,65891,0.0,0.0
2025-09-19 03:25:00+00:00,110.5,111.0,110.5,111.0,37301,0.0,0.0
2025-09-19 03:30:00+00:00,111.0,111.0,111.0,111.0,11055,0.0,0.0
2025-09-19 03:35:00+00:00,110.5,111.0,110.5,110.5,13056,0.0,0.0
2025-09-19 03:40:00+00:00,110.5,111.0,110.5,111.0,14946,0.0,0.0
2025-09-19 03:45:00+00:00,111.0,111.0,110.5,111.0,24272,0.0,0.0
2025-09-19 03:50:00+00:00,111.0,111.0,110.5,110.5,10005,0.0,0.0
2025-09-19 03:55:00+00:00,111.0,111.0,110.0,110.0,150345,0.0,0.0
2025-09-19 04:00:00+00:00,110.0,110.5,110.0,110.0,13150,0.0,0.0
2025-09-19 04:05:00+00:00,110.0,110.5,110.0,110.0,39828,0.0,0.0
2025-09-19 04:10:00+00:00,110.0,110.5,110.0,110.5,6733,0.0,0.0
2025-09-19 04:15:00+00:00,110.5,110.5,110.5,110.5,7189,0.0,0.0
2025-09-19 04:20:00+00:00,110.5,110.5,110.0,110.0,26600,0.0,0.0
2025-09-19 04:25:00+00:00,110.5,110.5,110.0,110.0,13202,0.0,0.0
2025-09-19 04:30:00+00:00,110.0,110.5,110.0,110.0,43035,0.0,0.0
2025-09-19 04:35:00+00:00,110.0,110.5,110.0,110.0,14007,0.0,0.0
2025-09-19 04:40:00+00:00,110.0,110.0,109.5,109.5,348531,0.0,0.0
2025-09-19 04:45:00+00:00,109.5,110.0,109.5,109.5,41367,0.0,0.0
2025-09-19 04:50:00+00:00,109.5,109.5,109.5,109.5,18119,0.0,0.0
2025-09-19 04:55:00+00:00,109.5,110.0,109.5,109.5,11130,0.0,0.0
2025-09-19 05:00:00+00:00,109.5,110.0,109.5,110.0,34370,0.0,0.0
2025-09-19 05:05:00+00:00,110.0,110.0,109.5,110.0,66426,0.0,0.0
2025-09-19 05:10:00+00:00,110.0,110.0,109.5,110.0,50965,0.0,0.0
2025-09-19 05:15:00+00:00,110.0,110.0,109.5,110.0,37997,0.0,0.0
2025-09-19 05:20:00+00:00,110.0,110.0,109.5,110.0,67979,0.0,0.0
2025-09-22 01:00:00+00:00,110.5,110.5,108.5,109.5,0,0.0,0.0
2025-09-22 01:05:00+00:00,109.5,109.5,108.0,108.0,336000,0.0,0.0
2025-09-22 01:10:00+00:00,108.0,109.5,108.0,109.0,159747,0.0,0.0
2025-09-22 01:15:00+00:00,109.5,109.5,109.0,109.0,74223,0.0,0.0
2025-09-22 01:20:00+00:00,109.0,110.0,109.0,109.5,68445,0.0,0.0
2025-09-22 01:25:00+00:00,109.5,111.0,109.5,111.0,202802,0.0,0.0
2025-09-22 01:30:00+00:00,111.0,111.0,110.5,111.0,133685,0.0,0.0
2025-09-22 01:35:00+00:00,111.0,111.0,110.5,110.5,102279,0.0,0.0
2025-09-22 01:40:00+00:00,110.5,111.0,110.0,110.5,39000,0.0,0.0
2025-09-22 01:45:00+00:00,110.5,110.5,110.0,110.5,41095,0.0,0.0
2025-09-22 01:50:00+00:00,110.5,111.0,110.0,110.5,156064,0.0,0.0
2025-09-22 01:55:00+00:00,110.0,110.5,110.0,110.5,94720,0.0,0.0
2025-09-22 02:00:00+00:00,110.5,111.0,110.5,110.5,9192,0.0,0.0
2025-09-22 02:05:00+00:00,110.5,112.5,110.5,112.5,434398,0.0,0.0
2025-09-22 02:10:00+00:00,112.5,112.5,112.0,112.5,152929,0.0,0.0
2025-09-22 02:15:00+00:00,112.0,113.0,112.0,113.0,230855,0.0,0.0
2025-09-22 02:20:00+00:00,113.0,113.0,112.0,112.0,141580,0.0,0.0
2025-09-22 02:25:00+00:00,112.0,112.5,112.0,112.0,85562,0.0,0.0
2025-09-22 02:30:00+00:00,112.0,113.0,112.0,113.0,146866,0.0,0.0
2025-09-22 02:35:00+00:00,113.0,113.0,112.5,113.0,363000,0.0,0.0
2025-09-22 02:40:00+00:00,113.0,113.5,112.5,113.0,188329,0.0,0.0
2025-09-22 02:45:00+00:00,113.0,113.0,112.5,112.5,25328,0.0,0.0
2025-09-22 02:50:00+00:00,112.5,113.0,112.0,112.5,77584,0.0,0.0
2025-09-22 02:55:00+00:00,112.5,113.0,112.5,112.5,29554,0.0,0.0
2025-09-22 03:00:00+00:00,112.0,112.0,112.0,112.0,11253,0.0,0.0
2025-09-22 03:05:00+00:00,112.0,112.5,112.0,112.0,150142,0.0,0.0
2025-09-22 03:10:00+00:00,112.0,112.0,111.5,112.0,78338,0.0,0.0
2025-09-22 03:15:00+00:00,112.0,112.0,111.0,111.5,82194,0.0,0.0
2025-09-22 03:20:00+00:00,111.5,111.5,111.0,111.0,6150,0.0,0.0
2025-09-22 03:25:00+00:00,111.0,111.5,111.0,111.0,14120,0.0,0.0
2025-09-22 03:30:00+00:00,111.0,111.0,111.0,111.0,4000,0.0,0.0
2025-09-22 03:35:00+00:00,111.0,111.5,111.0,111.5,13963,0.0,0.0
2025-09-22 03:40:00+00:00,111.5,112.0,111.5,111.5,60120,0.0,0.0
2025-09-22 03:45:00+00:00,111.0,111.0,111.0,111.0,106023,0.0,0.0
2025-09-22 03:50:00+00:00,111.0,111.0,110.5,110.5,14100,0.0,0.0
2025-09-22 03:55:00+00:00,111.0,111.0,110.5,110.5,15080,0.0,0.0
2025-09-22 04:00:00+00:00,110.5,111.0,110.5,111.0,12300,0.0,0.0
2025-09-22 04:05:00+00:00,110.5,110.5,110.5,110.5,7009,0.0,0.0
2025-09-22 04:10:00+00:00,110.5,110.5,110.0,110.5,233674,0.0,0.0
2025-09-22 04:15:00+00:00,110.5,110.5,110.5,110.5,17000,0.0,0.0
2025-09-22 04:20:00+00:00,110.5,111.0,110.5,111.0,60148,0.0,0.0
2025-09-22 04:25:00+00:00,111.0,111.0,111.0,111.0,3002,0.0,0.0
2025-09-22 04:30:00+00:00,111.0,111.0,110.5,110.5,9170,0.0,0.0
2025-09-22 04:35:00+00:00,110.5,110.5,110.0,110.0,69298,0.0,0.0
2025-09-22 04:40:00+00:00,110.0,110.5,110.0,110.0,125004,0.0,0.0
2025-09-22 04:45:00+00:00,110.0,110.0,109.5,110.0,54281,0.0,0.0
2025-09-22 04:50:00+00:00,110.0,110.5,109.5,110.0,82310,0.0,0.0
2025-09-22 04:55:00+00:00,110.0,110.0,109.5,109.5,20338,0.0,0.0
2025-09-22 05:00:00+00:00,109.5,110.0,109.5,110.0,16287,0.0,0.0
2025-09-22 05:05:00+00:00,109.5,110.0,109.5,110.0,54238,0.0,0.0
2025-09-22 05:10:00+00:00,110.0,110.5,110.0,110.5,35334,0.0,0.0
2025-09-22 05:15:00+00:00,110.0,110.5,110.0,110.5,44200,0.0,0.0
2025-09-22 05:20:00+00:00,110.5,110.5,110.0,110.0,127386,0.0,0.0
2025-09-23 01:00:00+00:00,110.5,111.5,110.5,111.0,0,0.0,0.0
2025-09-23 01:05:00+00:00,111.0,111.5,110.0,110.5,168000,0.0,0.0
2025-09-23 01:10:00+00:00,110.5,111.0,110.0,110.0,75521,0.0,0.0
2025-09-23 01:15:00+00:00,110.0,110.5,109.0,109.0,277911,0.0,0.0
2025-09-23 01:20:00+00:00,109.0,109.5,108.5,109.5,263165,0.0,0.0
2025-09-23 01:25:00+00:00,109.0,110.0,109.0,109.5,91326,0.0,0.0
2025-09-23 01:30:00+00:00,110.0,110.0,109.5,109.5,29923,0.0,0.0
2025-09-23 01:35:00+00:00,109.0,109.5,108.5,109.0,151786,0.0,0.0
2025-09-23 01:40:00+00:00,109.0,109.5,108.5,108.5,125171,0.0,0.0
2025-09-23 01:45:00+00:00,108.5,109.0,108.5,108.5,243800,0.0,0.0
2025-09-23 01:50:00+00:00,108.5,108.5,108.0,108.5,192347,0.0,0.0
2025-09-23 01:55:00+00:00,108.5,108.5,108.0,108.0,75484,0.0,0.0
2025-09-23 02:00:00+00:00,108.5,108.5,108.0,108.5,49001,0.0,0.0
2025-09-23 02:05:00+00:00,108.5,108.5,108.0,108.0,57936,0.0,0.0
2025-09-23 02:10:00+00:00,108.5,109.0,108.5,109.0,55394,0.0,0.0
2025-09-23 02:15:00+00:00,109.0,109.0,108.5,109.0,78558,0.0,0.0
2025-09-23 02:20:00+00:00,109.0,109.5,109.0,109.0,10398,0.0,0.0
2025-09-23 02:25:00+00:00,109.0,109.0,109.0,109.0,62840,0.0,0.0
2025-09-23 02:30:00+00:00,109.0,109.0,108.0,108.5,112659,0.0,0.0
2025-09-23 02:35:00+00:00,108.5,108.5,108.5,108.5,33568,0.0,0.0
2025-09-23 02:40:00+00:00,108.5,108.5,108.5,108.5,36282,0.0,0.0
2025-09-23 02:45:00+00:00,108.5,108.5,108.5,108.5,48279,0.0,0.0
2025-09-23 02:50:00+00:00,108.5,109.0,108.5,109.0,12170,0.0,0.0
2025-09-23 02:55:00+00:00,109.0,109.0,109.0,109.0,2000,0.0,0.0
2025-09-23 03:00:00+00:00,109.0,109.0,108.5,109.0,12381,0.0,0.0
2025-09-23 03:05:00+00:00,108.5,109.0,108.5,109.0,15300,0.0,0.0
2025-09-23 03:10:00+00:00,109.0,109.0,108.5,108.5,5000,0.0,0.0
2025-09-23 03:15:00+00:00,108.5,109.0,108.5,108.5,26030,0.0,0.0
2025-09-23 03:20:00+00:00,109.0,109.0,108.5,109.0,22200,0.0,0.0
2025-09-23 03:25:00+00:00,109.0,109.5,109.0,109.5,57423,0.0,0.0
2025-09-23 03:30:00+00:00,109.0,109.5,109.0,109.0,7180,0.0,0.0
2025-09-23 03:35:00+00:00,109.0,109.5,109.0,109.0,15364,0.0,0.0
2025-09-23 03:40:00+00:00,109.0,109.0,109.0,109.0,12100,0.0,0.0
2025-09-23 03:45:00+00:00,109.0,109.0,108.5,108.5,56100,0.0,0.0
2025-09-23 03:50:00+00:00,108.5,109.0,108.5,108.5,3900,0.0,0.0
2025-09-23 03:55:00+00:00,108.5,109.0,108.5,109.0,9250,0.0,0.0
2025-09-23 04:00:00+00:00,109.0,109.0,108.5,108.5,52601,0.0,0.0
2025-09-23 04:05:00+00:00,108.5,108.5,108.0,108.0,125024,0.0,0.0
2025-09-23 04:10:00+00:00,108.5,108.5,108.5,108.5,112150,0.0,0.0
2025-09-23 04:15:00+00:00,108.5,108.5,108.5,108.5,27100,0.0,0.0
2025-09-23 04:20:00+00:00,108.5,108.5,108.0,108.0,209263,0.0,0.0
2025-09-23 04:25:00+00:00,108.0,108.5,108.0,108.0,26616,0.0,0.0
2025-09-23 04:30:00+00:00,108.5,108.5,108.0,108.0,17040,0.0,0.0
2025-09-23 04:35:00+00:00,108.0,108.5,108.0,108.0,19552,0.0,0.0
2025-09-23 04:40:00+00:00,108.5,108.5,108.0,108.0,80183,0.0,0.0
2025-09-23 04:45:00+00:00,108.0,108.5,108.0,108.5,29312,0.0,0.0
2025-09-23 04:50:00+00:00,108.5,108.5,108.0,108.0,31209,0.0,0.0
2025-09-23 04:55:00+00:00,108.0,108.0,108.0,108.0,11109,0.0,0.0
2025-09-23 05:00:00+00:00,108.0,108.5,108.0,108.0,144762,0.0,0.0
2025-09-23 05:05:00+00:00,108.0,108.0,108.0,108.0,39501,0.0,0.0
2025-09-23 05:10:00+00:00,108.0,108.0,108.0,108.0,65200,0.0,0.0
2025-09-23 05:15:00+00:00,108.0,108.5,108.0,108.5,150740,0.0,0.0
2025-09-23 05:20:00+00:00,108.5,108.5,108.0,108.0,28715,0.0,0.0
2025-09-24 01:00:00+00:00,108.0,109.0,108.0,108.5,0,0.0,0.0
2025-09-24 01:05:00+00:00,108.5,109.5,108.5,108.5,87096,0.0,0.0
2025-09-24 01:10:00+00:00,108.5,109.0,108.5,108.5,98164,0.0,0.0
2025-09-24 01:15:00+00:00,108.5,108.5,107.5,108.0,200331,0.0,0.0
2025-09-24 01:20:00+00:00,108.0,108.0,107.5,108.0,81777,0.0,0.0
2025-09-24 01:25:00+00:00,107.5,109.0,107.5,109.0,176452,0.0,0.0
2025-09-24 01:30:00+00:00,109.0,109.0,108.5,108.5,71000,0.0,0.0
2025-09-24 01:35:00+00:00,108.5,108.5,108.5,108.5,26303,0.0,0.0
2025-09-24 01:40:00+00:00,108.5,109.5,108.5,109.5,131567,0.0,0.0
2025-09-24 01:45:00+00:00,109.5,109.5,108.5,108.5,61231,0.0,0.0
2025-09-24 01:50:00+00:00,109.0,109.0,109.0,109.0,3188,0.0,0.0
2025-09-24 01:55:00+00:00,108.5,108.5,108.5,108.5,11286,0.0,0.0
2025-09-24 02:00:00+00:00,108.5,108.5,108.0,108.0,85414,0.0,0.0
2025-09-24 02:05:00+00:00,108.0,109.0,108.0,109.0,90322,0.0,0.0
2025-09-24 02:10:00+00:00,109.0,109.0,108.5,108.5,29040,0.0,0.0
2025-09-24 02:15:00+00:00,108.5,109.0,108.5,108.5,40004,0.0,0.0
2025-09-24 02:20:00+00:00,108.5,108.5,108.5,108.5,10209,0.0,0.0
2025-09-24 02:25:00+00:00,108.5,109.0,108.5,108.5,7011,0.0,0.0
2025-09-24 02:30:00+00:00,108.5,108.5,108.5,108.5,22885,0.0,0.0
2025-09-24 02:35:00+00:00,108.5,108.5,108.5,108.5,4380,0.0,0.0
2025-09-24 02:40:00+00:00,108.5,108.5,108.5,108.5,31021,0.0,0.0
2025-09-24 02:45:00+00:00,108.5,108.5,108.5,108.5,3337,0.0,0.0
2025-09-24 02:50:00+00:00,108.5,108.5,108.5,108.5,3183,0.0,0.0
2025-09-24 02:55:00+00:00,108.5,108.5,108.5,108.5,67527,0.0,0.0
2025-09-24 03:00:00+00:00,108.5,108.5,108.0,108.5,6132,0.0,0.0
2025-09-24 03:05:00+00:00,108.5,109.0,108.5,108.5,44797,0.0,0.0
2025-09-24 03:10:00+00:00,108.5,108.5,108.5,108.5,2020,0.0,0.0
2025-09-24 03:15:00+00:00,108.5,108.5,108.5,108.5,18000,0.0,0.0
2025-09-24 03:20:00+00:00,108.5,108.5,108.5,108.5,31000,0.0,0.0
2025-09-24 03:25:00+00:00,108.5,108.5,108.5,108.5,23500,0.0,0.0
2025-09-24 03:30:00+00:00,108.5,108.5,108.0,108.5,38000,0.0,0.0
2025-09-24 03:35:00+00:00,108.5,108.5,108.0,108.0,57475,0.0,0.0
2025-09-24 03:45:00+00:00,108.0,108.5,108.0,108.5,4000,0.0,0.0
2025-09-24 03:50:00+00:00,108.5,108.5,108.0,108.0,96275,0.0,0.0
2025-09-24 03:55:00+00:00,108.0,108.0,108.0,108.0,6059,0.0,0.0
2025-09-24 04:00:00+00:00,108.0,108.5,108.0,108.5,6200,0.0,0.0
2025-09-24 04:05:00+00:00,108.5,108.5,108.0,108.0,5001,0.0,0.0
2025-09-24 04:10:00+00:00,108.0,108.0,108.0,108.0,5000,0.0,0.0
2025-09-24 04:15:00+00:00,108.0,108.5,108.0,108.0,20100,0.0,0.0
2025-09-24 04:20:00+00:00,108.0,108.5,108.0,108.0,19202,0.0,0.0
2025-09-24 04:25:00+00:00,108.0,108.0,108.0,108.0,18898,0.0,0.0
2025-09-24 04:30:00+00:00,108.0,108.5,108.0,108.5,18000,0.0,0.0
2025-09-24 04:35:00+00:00,108.0,108.0,108.0,108.0,10062,0.0,0.0
2025-09-24 04:40:00+00:00,108.0,108.5,108.0,108.0,14549,0.0,0.0
2025-09-24 04:45:00+00:00,108.0,108.0,108.0,108.0,10071,0.0,0.0
2025-09-24 04:50:00+00:00,108.0,108.0,108.0,108.0,8000,0.0,0.0
2025-09-24 04:55:00+00:00,108.0,108.5,108.0,108.0,10326,0.0,0.0
2025-09-24 05:00:00+00:00,108.0,108.0,108.0,108.0,31189,0.0,0.0
2025-09-24 05:05:00+00:00,108.0,108.0,108.0,108.0,27300,0.0,0.0
2025-09-24 05:10:00+00:00,108.0,108.5,107.5,108.0,64820,0.0,0.0
2025-09-24 05:15:00+00:00,108.0,108.5,107.5,107.5,36592,0.0,0.0
2025-09-24 05:20:00+00:00,107.5,108.0,107.5,108.0,96590,0.0,0.0
2025-09-25 01:00:00+00:00,108.0,108.0,107.0,107.5,0,0.0,0.0
2025-09-25 01:05:00+00:00,107.5,108.0,107.5,108.0,40106,0.0,0.0
2025-09-25 01:10:00+00:00,108.0,108.0,107.5,107.5,25630,0.0,0.0
2025-09-25 01:15:00+00:00,108.0,108.0,108.0,108.0,39280,0.0,0.0
2025-09-25 01:20:00+00:00,108.0,109.0,108.0,109.0,56349,0.0,0.0
2025-09-25 01:25:00+00:00,109.0,110.5,109.0,109.5,360710,0.0,0.0
2025-09-25 01:30:00+00:00,109.5,110.0,109.5,109.5,104362,0.0,0.0
2025-09-25 01:35:00+00:00,110.0,110.5,109.5,109.5,108795,0.0,0.0
2025-09-25 01:40:00+00:00,109.5,110.0,109.0,109.0,58356,0.0,0.0
2025-09-25 01:45:00+00:00,109.0,109.5,109.0,109.5,59005,0.0,0.0
2025-09-25 01:50:00+00:00,109.5,109.5,109.5,109.5,29060,0.0,0.0
2025-09-25 01:55:00+00:00,109.5,109.5,109.5,109.5,2611,0.0,0.0
2025-09-25 02:00:00+00:00,109.5,109.5,109.0,109.5,25000,0.0,0.0
2025-09-25 02:05:00+00:00,109.0,109.5,108.5,108.5,58701,0.0,0.0
2025-09-25 02:10:00+00:00,109.0,109.0,108.0,108.0,72100,0.0,0.0
2025-09-25 02:15:00+00:00,108.0,108.5,108.0,108.0,16160,0.0,0.0
2025-09-25 02:20:00+00:00,108.0,108.5,108.0,108.0,88548,0.0,0.0
2025-09-25 02:25:00+00:00,107.5,108.0,107.0,107.5,213786,0.0,0.0
2025-09-25 02:30:00+00:00,107.5,107.5,107.0,107.5,50218,0.0,0.0
2025-09-25 02:35:00+00:00,107.5,107.5,105.5,105.5,516997,0.0,0.0
2025-09-25 02:40:00+00:00,105.5,106.0,105.0,105.5,463573,0.0,0.0
2025-09-25 02:45:00+00:00,105.5,106.0,105.0,105.5,222657,0.0,0.0
2025-09-25 02:50:00+00:00,106.0,106.0,105.5,105.5,63312,0.0,0.0
2025-09-25 02:55:00+00:00,105.5,106.0,105.5,105.5,31782,0.0,0.0
2025-09-25 03:00:00+00:00,105.5,106.0,105.0,105.0,184225,0.0,0.0
2025-09-25 03:05:00+00:00,105.0,105.5,104.0,104.5,391852,0.0,0.0
2025-09-25 03:10:00+00:00,104.5,104.5,104.0,104.0,233390,0.0,0.0
2025-09-25 03:15:00+00:00,104.0,104.0,103.0,103.5,399415,0.0,0.0
2025-09-25 03:20:00+00:00,103.5,104.5,103.5,104.5,157960,0.0,0.0
2025-09-25 03:25:00+00:00,104.5,105.0,104.0,105.0,54612,0.0,0.0
2025-09-25 03:30:00+00:00,105.0,105.0,104.5,104.5,50576,0.0,0.0
2025-09-25 03:35:00+00:00,104.5,105.0,104.5,104.5,49305,0.0,0.0
2025-09-25 03:40:00+00:00,104.5,104.5,104.0,104.0,28050,0.0,0.0
2025-09-25 03:45:00+00:00,104.5,104.5,104.0,104.5,37460,0.0,0.0
2025-09-25 03:50:00+00:00,105.0,105.0,104.0,104.0,53900,0.0,0.0
2025-09-25 03:55:00+00:00,104.0,104.5,104.0,104.0,9313,0.0,0.0
2025-09-25 04:00:00+00:00,104.0,104.0,103.5,103.5,167225,0.0,0.0
2025-09-25 04:05:00+00:00,103.5,104.0,103.0,103.5,282626,0.0,0.0
2025-09-25 04:10:00+00:00,103.5,103.5,103.5,103.5,33030,0.0,0.0
2025-09-25 04:15:00+00:00,103.0,103.5,103.0,103.5,77960,0.0,0.0
2025-09-25 04:20:00+00:00,103.5,104.0,103.5,103.5,25504,0.0,0.0
2025-09-25 04:25:00+00:00,103.5,103.5,103.5,103.5,66415,0.0,0.0
2025-09-25 04:30:00+00:00,103.5,104.0,103.0,103.5,77052,0.0,0.0
2025-09-25 04:35:00+00:00,103.5,103.5,103.0,103.5,84010,0.0,0.0
2025-09-25 04:40:00+00:00,103.5,104.0,103.5,103.5,34645,0.0,0.0
2025-09-25 04:45:00+00:00,103.5,104.0,103.0,103.5,70957,0.0,0.0
2025-09-25 04:50:00+00:00,103.5,103.5,103.0,103.5,88852,0.0,0.0
2025-09-25 04:55:00+00:00,103.5,103.5,103.0,103.5,60844,0.0,0.0
2025-09-25 05:00:00+00:00,103.5,104.0,103.5,103.5,51520,0.0,0.0
2025-09-25 05:05:00+00:00,103.5,103.5,103.0,103.0,90399,0.0,0.0
2025-09-25 05:10:00+00:00,103.0,103.5,103.0,103.0,226575,0.0,0.0
2025-09-25 05:15:00+00:00,103.0,103.0,102.5,103.0,294483,0.0,0.0
2025-09-25 05:20:00+00:00,103.0,103.0,102.5,103.0,110127,0.0,0.0
2025-09-26 01:00:00+00:00,102.5,104.0,102.0,102.5,0,0.0,0.0
2025-09-26 01:05:00+00:00,102.5,103.0,101.0,101.5,332358,0.0,0.0
2025-09-26 01:10:00+00:00,101.5,102.0,100.5,101.0,262233,0.0,0.0
2025-09-26 01:15:00+00:00,101.0,102.0,100.5,100.5,328327,0.0,0.0
2025-09-26 01:20:00+00:00,100.5,101.5,100.0,101.0,325803,0.0,0.0
2025-09-26 01:25:00+00:00,101.0,101.5,100.5,100.5,83450,0.0,0.0
2025-09-26 01:30:00+00:00,100.5,101.0,100.5,101.0,145975,0.0,0.0
2025-09-26 01:35:00+00:00,100.5,101.5,100.5,101.0,169349,0.0,0.0
2025-09-26 01:40:00+00:00,101.0,101.5,101.0,101.5,26693,0.0,0.0
2025-09-26 01:45:00+00:00,101.5,101.5,100.5,100.5,113305,0.0,0.0
2025-09-26 01:50:00+00:00,100.5,101.0,100.0,100.5,172536,0.0,0.0
2025-09-26 01:55:00+00:00,101.0,101.0,100.0,100.0,68489,0.0,0.0
2025-09-26 02:00:00+00:00,100.0,100.5,99.9000015258789,100.0,278277,0.0,0.0
2025-09-26 02:05:00+00:00,100.0,100.0,99.69999694824219,99.69999694824219,253422,0.0,0.0
2025-09-26 02:10:00+00:00,99.69999694824219,100.0,99.5,99.9000015258789,323517,0.0,0.0
2025-09-26 02:15:00+00:00,99.9000015258789,100.5,99.9000015258789,100.5,58936,0.0,0.0
2025-09-26 02:20:00+00:00,100.0,100.5,100.0,100.0,116125,0.0,0.0
2025-09-26 02:25:00+00:00,100.0,100.5,100.0,100.5,81524,0.0,0.0
2025-09-26 02:30:00+00:00,101.0,101.0,100.5,101.0,18220,0.0,0.0
2025-09-26 02:35:00+00:00,101.0,101.0,100.5,100.5,70201,0.0,0.0
2025-09-26 02:40:00+00:00,100.5,101.0,100.5,101.0,71233,0.0,0.0
2025-09-26 02:45:00+00:00,101.0,101.5,101.0,101.0,105551,0.0,0.0
2025-09-26 02:50:00+00:00,101.0,101.0,101.0,101.0,12070,0.0,0.0
2025-09-26 02:55:00+00:00,101.0,101.0,100.5,100.5,32003,0.0,0.0
2025-09-26 03:00:00+00:00,101.0,101.5,100.5,101.5,64087,0.0,0.0
2025-09-26 03:05:00+00:00,101.0,101.5,101.0,101.0,16050,0.0,0.0
2025-09-26 03:10:00+00:00,101.0,101.0,100.5,101.0,56254,0.0,0.0
2025-09-26 03:15:00+00:00,100.5,101.0,100.0,100.0,69006,0.0,0.0
2025-09-26 03:20:00+00:00,100.5,100.5,100.5,100.5,13395,0.0,0.0
2025-09-26 03:25:00+00:00,100.0,100.5,100.0,100.5,14150,0.0,0.0
2025-09-26 03:30:00+00:00,100.0,100.5,100.0,100.5,21135,0.0,0.0
2025-09-26 03:35:00+00:00,100.5,100.5,100.5,100.5,1000,0.0,0.0
2025-09-26 03:40:00+00:00,100.5,101.0,100.5,101.0,10512,0.0,0.0
2025-09-26 03:45:00+00:00,101.0,101.5,100.5,101.5,62343,0.0,0.0
2025-09-26 03:50:00+00:00,101.0,101.5,101.0,101.5,4555,0.0,0.0
2025-09-26 03:55:00+00:00,101.0,101.5,101.0,101.0,24200,0.0,0.0
2025-09-26 04:00:00+00:00,100.5,100.5,100.5,100.5,5000,0.0,0.0
2025-09-26 04:05:00+00:00,100.5,100.5,100.5,100.5,3199,0.0,0.0
2025-09-26 04:10:00+00:00,100.5,100.5,100.5,100.5,1000,0.0,0.0
2025-09-26 04:15:00+00:00,100.5,100.5,100.5,100.5,4154,0.0,0.0
2025-09-26 04:20:00+00:00,100.5,100.5,100.5,100.5,5040,0.0,0.0
2025-09-26 04:25:00+00:00,100.5,100.5,100.5,100.5,79060,0.0,0.0
2025-09-26 04:30:00+00:00,100.5,101.0,100.5,101.0,13261,0.0,0.0
2025-09-26 04:35:00+00:00,101.0,101.0,101.0,101.0,75861,0.0,0.0
2025-09-26 04:40:00+00:00,101.0,101.0,101.0,101.0,18254,0.0,0.0
2025-09-26 04:45:00+00:00,101.0,101.0,101.0,101.0,22472,0.0,0.0
2025-09-26 04:50:00+00:00,101.0,101.5,101.0,101.0,52052,0.0,0.0
2025-09-26 04:55:00+00:00,101.0,101.0,101.0,101.0,24160,0.0,0.0
2025-09-26 05:00:00+00:00,101.0,101.0,101.0,101.0,4050,0.0,0.0
2025-09-26 05:05:00+00:00,101.0,101.5,101.0,101.5,17000,0.0,0.0
2025-09-26 05:10:00+00:00,101.5,102.0,101.5,102.0,197079,0.0,0.0
2025-09-26 05:15:00+00:00,102.0,102.0,101.5,101.5,109591,0.0,0.0
2025-09-26 05:20:00+00:00,101.5,102.0,101.5,102.0,77526,0.0,0.0
2025-09-30 01:00:00+00:00,103.0,103.0,102.0,102.5,0,0.0,0.0
2025-09-30 01:05:00+00:00,102.5,103.0,102.0,102.5,120422,0.0,0.0
2025-09-30 01:10:00+00:00,102.5,103.0,102.5,103.0,92424,0.0,0.0
2025-09-30 01:15:00+00:00,103.0,104.5,103.0,103.5,196986,0.0,0.0
2025-09-30 01:20:00+00:00,103.5,104.0,103.5,104.0,19365,0.0,0.0
2025-09-30 01:25:00+00:00,104.0,104.0,104.0,104.0,72211,0.0,0.0
2025-09-30 01:30:00+00:00,104.0,105.0,104.0,104.5,112434,0.0,0.0
2025-09-30 01:35:00+00:00,104.5,105.0,104.0,104.5,165978,0.0,0.0
2025-09-30 01:40:00+00:00,104.5,105.5,104.5,104.5,150978,0.0,0.0
2025-09-30 01:45:00+00:00,104.5,105.0,104.5,105.0,34182,0.0,0.0
2025-09-30 01:50:00+00:00,105.0,105.5,105.0,105.5,146213,0.0,0.0
2025-09-30 01:55:00+00:00,105.5,105.5,105.0,105.0,31610,0.0,0.0
2025-09-30 02:00:00+00:00,105.0,105.0,105.0,105.0,28237,0.0,0.0
2025-09-30 02:05:00+00:00,105.0,106.0,105.0,105.5,144110,0.0,0.0
2025-09-30 02:10:00+00:00,105.5,105.5,105.0,105.0,14213,0.0,0.0
2025-09-30 02:15:00+00:00,105.0,105.5,105.0,105.0,6617,0.0,0.0
2025-09-30 02:20:00+00:00,105.0,105.0,105.0,105.0,15214,0.0,0.0
2025-09-30 02:25:00+00:00,105.0,105.0,104.5,104.5,68342,0.0,0.0
2025-09-30 02:30:00+00:00,105.0,105.0,104.5,104.5,4000,0.0,0.0
2025-09-30 02:35:00+00:00,104.5,105.5,104.5,105.5,110126,0.0,0.0
2025-09-30 02:40:00+00:00,105.5,105.5,105.0,105.0,10360,0.0,0.0
2025-09-30 02:45:00+00:00,105.0,106.0,105.0,105.0,120170,0.0,0.0
2025-09-30 02:50:00+00:00,105.0,105.0,104.5,104.5,57719,0.0,0.0
2025-09-30 02:55:00+00:00,104.5,105.0,104.5,105.0,18050,0.0,0.0
2025-09-30 03:00:00+00:00,105.0,105.5,105.0,105.5,89006,0.0,0.0
2025-09-30 03:05:00+00:00,105.5,105.5,105.0,105.5,28000,0.0,0.0
2025-09-30 03:10:00+00:00,105.5,106.0,105.0,106.0,25031,0.0,0.0
2025-09-30 03:15:00+00:00,105.5,105.5,105.5,105.5,13192,0.0,0.0
2025-09-30 03:20:00+00:00,105.0,105.5,105.0,105.5,10070,0.0,0.0
2025-09-30 03:25:00+00:00,105.5,105.5,105.0,105.5,26025,0.0,0.0
2025-09-30 03:30:00+00:00,105.5,105.5,105.5,105.5,14000,0.0,0.0
2025-09-30 03:35:00+00:00,105.5,106.0,105.5,105.5,25010,0.0,0.0
2025-09-30 03:40:00+00:00,105.5,105.5,105.5,105.5,8198,0.0,0.0
2025-09-30 03:45:00+00:00,105.0,105.0,105.0,105.0,10800,0.0,0.0
2025-09-30 03:50:00+00:00,105.0,105.0,105.0,105.0,6925,0.0,0.0
2025-09-30 03:55:00+00:00,105.5,105.5,105.0,105.5,5010,0.0,0.0
2025-09-30 04:00:00+00:00,105.0,105.5,105.0,105.5,12060,0.0,0.0
2025-09-30 04:05:00+00:00,105.0,105.0,105.0,105.0,2498,0.0,0.0
2025-09-30 04:10:00+00:00,105.5,105.5,105.0,105.0,6300,0.0,0.0
2025-09-30 04:15:00+00:00,105.0,105.0,105.0,105.0,13000,0.0,0.0
2025-09-30 04:20:00+00:00,105.0,105.0,105.0,105.0,3147,0.0,0.0
2025-09-30 04:25:00+00:00,105.0,105.5,105.0,105.0,26027,0.0,0.0
2025-09-30 04:30:00+00:00,105.0,105.5,105.0,105.0,9200,0.0,0.0
2025-09-30 04:35:00+00:00,105.0,105.0,105.0,105.0,5107,0.0,0.0
2025-09-30 04:40:00+00:00,105.0,105.5,105.0,105.5,58140,0.0,0.0
2025-09-30 04:45:00+00:00,105.5,105.5,105.0,105.0,3300,0.0,0.0
2025-09-30 04:50:00+00:00,105.0,105.0,105.0,105.0,5450,0.0,0.0
2025-09-30 04:55:00+00:00,105.0,105.0,105.0,105.0,11000,0.0,0.0
2025-09-30 05:00:00+00:00,105.5,105.5,104.5,104.5,73100,0.0,0.0
2025-09-30 05:05:00+00:00,104.5,105.0,104.5,105.0,18145,0.0,0.0
2025-09-30 05:10:00+00:00,105.0,105.5,105.0,105.5,46200,0.0,0.0
2025-09-30 05:15:00+00:00,105.5,105.5,105.0,105.5,67466,0.0,0.0
2025-09-30 05:20:00+00:00,105.5,106.0,105.0,105.5,117614,0.0,0.0
2025-10-01 01:00:00+00:00,106.0,106.0,105.0,106.0,0,0.0,0.0
2025-10-01 01:05:00+00:00,106.0,106.5,106.0,106.5,70912,0.0,0.0
2025-10-01 01:10:00+00:00,106.5,107.0,105.5,106.0,113460,0.0,0.0
2025-10-01 01:15:00+00:00,106.0,106.0,105.5,106.0,40310,0.0,0.0
2025-10-01 01:20:00+00:00,106.0,106.0,105.5,105.5,32802,0.0,0.0
2025-10-01 01:25:00+00:00,105.5,106.0,105.5,106.0,13064,0.0,0.0
2025-10-01 01:30:00+00:00,106.0,106.0,105.5,105.5,19300,0.0,0.0
2025-10-01 01:35:00+00:00,105.5,106.0,105.5,106.0,7221,0.0,0.0
2025-10-01 01:40:00+00:00,106.0,106.0,105.0,105.5,146247,0.0,0.0
2025-10-01 01:45:00+00:00,105.5,105.5,105.0,105.5,29860,0.0,0.0
2025-10-01 01:50:00+00:00,105.5,105.5,105.0,105.5,29090,0.0,0.0
2025-10-01 01:55:00+00:00,105.5,105.5,105.0,105.0,18520,0.0,0.0
2025-10-01 02:00:00+00:00,105.5,105.5,105.0,105.0,10702,0.0,0.0
2025-10-01 02:05:00+00:00,105.0,105.0,105.0,105.0,2330,0.0,0.0
2025-10-01 02:10:00+00:00,105.0,105.5,104.5,105.5,210194,0.0,0.0
2025-10-01 02:15:00+00:00,105.5,105.5,104.5,105.0,95119,0.0,0.0
2025-10-01 02:20:00+00:00,105.0,105.0,105.0,105.0,19084,0.0,0.0
2025-10-01 02:25:00+00:00,105.0,105.0,105.0,105.0,6200,0.0,0.0
2025-10-01 02:30:00+00:00,105.0,105.0,104.5,105.0,12001,0.0,0.0
2025-10-01 02:35:00+00:00,105.0,105.0,105.0,105.0,4479,0.0,0.0
2025-10-01 02:40:00+00:00,105.0,105.0,104.5,105.0,17110,0.0,0.0
2025-10-01 02:45:00+00:00,105.0,105.0,104.5,104.5,13000,0.0,0.0
2025-10-01 02:50:00+00:00,104.5,105.0,104.5,104.5,13210,0.0,0.0
2025-10-01 02:55:00+00:00,104.5,104.5,104.0,104.0,56041,0.0,0.0
2025-10-01 03:00:00+00:00,104.0,104.0,104.0,104.0,18000,0.0,0.0
2025-10-01 03:05:00+00:00,104.0,104.0,104.0,104.0,59000,0.0,0.0
2025-10-01 03:10:00+00:00,104.0,104.0,104.0,104.0,20040,0.0,0.0
2025-10-01 03:15:00+00:00,104.0,104.0,104.0,104.0,15060,0.0,0.0
2025-10-01 03:20:00+00:00,104.0,104.0,104.0,104.0,4002,0.0,0.0
2025-10-01 03:25:00+00:00,104.0,104.0,104.0,104.0,2000,0.0,0.0
2025-10-01 03:30:00+00:00,104.0,104.0,104.0,104.0,1094,0.0,0.0
2025-10-01 03:35:00+00:00,104.0,105.0,104.0,105.0,39005,0.0,0.0
2025-10-01 03:40:00+00:00,104.5,104.5,104.5,104.5,3550,0.0,0.0
2025-10-01 03:45:00+00:00,104.5,104.5,104.5,104.5,16185,0.0,0.0
2025-10-01 03:50:00+00:00,104.5,104.5,104.5,104.5,5060,0.0,0.0
2025-10-01 03:55:00+00:00,104.0,104.0,104.0,104.0,8560,0.0,0.0
2025-10-01 04:00:00+00:00,104.0,104.5,104.0,104.5,18050,0.0,0.0
2025-10-01 04:05:00+00:00,104.5,104.5,104.0,104.5,17235,0.0,0.0
2025-10-01 04:10:00+00:00,104.5,104.5,104.5,104.5,8130,0.0,0.0
2025-10-01 04:15:00+00:00,104.5,104.5,104.0,104.0,19036,0.0,0.0
2025-10-01 04:20:00+00:00,104.5,104.5,104.5,104.5,13196,0.0,0.0
2025-10-01 04:25:00+00:00,104.5,104.5,104.5,104.5,17210,0.0,0.0
2025-10-01 04:30:00+00:00,104.5,104.5,104.5,104.5,1000,0.0,0.0
2025-10-01 04:35:00+00:00,104.5,104.5,104.5,104.5,17130,0.0,0.0
2025-10-01 04:40:00+00:00,104.5,105.0,104.5,105.0,9027,0.0,0.0
2025-10-01 04:45:00+00:00,104.5,104.5,104.0,104.5,19059,0.0,0.0
2025-10-01 04:50:00+00:00,104.5,104.5,104.5,104.5,12000,0.0,0.0
2025-10-01 04:55:00+00:00,104.5,104.5,104.5,104.5,8002,0.0,0.0
2025-10-01 05:00:00+00:00,104.5,104.5,104.5,104.5,6130,0.0,0.0
2025-10-01 05:05:00+00:00,105.0,105.0,104.5,104.5,4382,0.0,0.0
2025-10-01 05:10:00+00:00,104.5,104.5,104.0,104.5,53001,0.0,0.0
2025-10-01 05:15:00+00:00,104.5,104.5,104.0,104.0,20310,0.0,0.0
2025-10-01 05:20:00+00:00,104.0,104.0,104.0,104.0,74594,0.0,0.0
2025-10-02 01:00:00+00:00,105.5,105.5,104.5,104.5,0,0.0,0.0
2025-10-02 01:05:00+00:00,104.5,104.5,103.5,104.0,72861,0.0,0.0
2025-10-02 01:10:00+00:00,104.5,104.5,104.0,104.0,20468,0.0,0.0
2025-10-02 01:15:00+00:00,104.0,104.5,103.5,104.0,32160,0.0,0.0
2025-10-02 01:20:00+00:00,104.0,104.0,104.0,104.0,7167,0.0,0.0
2025-10-02 01:25:00+00:00,104.0,104.0,102.5,103.0,124359,0.0,0.0
2025-10-02 01:30:00+00:00,103.0,103.0,103.0,103.0,47000,0.0,0.0
2025-10-02 01:35:00+00:00,103.0,103.5,103.0,103.0,47362,0.0,0.0
2025-10-02 01:40:00+00:00,103.0,103.5,102.0,102.5,174448,0.0,0.0
2025-10-02 01:45:00+00:00,102.5,103.5,102.5,103.0,57044,0.0,0.0
2025-10-02 01:50:00+00:00,103.0,104.0,103.0,103.0,63774,0.0,0.0
2025-10-02 01:55:00+00:00,103.5,104.0,103.0,104.0,28054,0.0,0.0
2025-10-02 02:00:00+00:00,104.0,104.0,104.0,104.0,56654,0.0,0.0
2025-10-02 02:05:00+00:00,104.0,104.5,104.0,104.0,19123,0.0,0.0
2025-10-02 02:10:00+00:00,104.0,105.5,104.0,105.5,302401,0.0,0.0
2025-10-02 02:15:00+00:00,105.5,105.5,105.0,105.0,86405,0.0,0.0
2025-10-02 02:20:00+00:00,105.0,105.5,105.0,105.5,40293,0.0,0.0
2025-10-02 02:25:00+00:00,105.5,105.5,105.0,105.0,29041,0.0,0.0
2025-10-02 02:30:00+00:00,105.0,105.0,105.0,105.0,50218,0.0,0.0
2025-10-02 02:35:00+00:00,104.5,104.5,104.5,104.5,10130,0.0,0.0
2025-10-02 02:40:00+00:00,104.5,104.5,104.5,104.5,2095,0.0,0.0
2025-10-02 02:45:00+00:00,104.5,104.5,104.5,104.5,11050,0.0,0.0
2025-10-02 02:50:00+00:00,105.0,105.0,104.5,104.5,3003,0.0,0.0
2025-10-02 02:55:00+00:00,104.5,105.0,104.5,104.5,16535,0.0,0.0
2025-10-02 03:00:00+00:00,104.5,104.5,104.5,104.5,2000,0.0,0.0
2025-10-02 03:05:00+00:00,104.5,104.5,104.5,104.5,7000,0.0,0.0
2025-10-02 03:10:00+00:00,104.5,104.5,104.0,104.0,6152,0.0,0.0
2025-10-02 03:15:00+00:00,104.0,104.5,104.0,104.0,18000,0.0,0.0
2025-10-02 03:20:00+00:00,104.0,104.0,104.0,104.0,6100,0.0,0.0
2025-10-02 03:25:00+00:00,104.0,104.0,103.5,103.5,57648,0.0,0.0
2025-10-02 03:30:00+00:00,103.5,104.0,103.5,103.5,11633,0.0,0.0
2025-10-02 03:35:00+00:00,103.5,103.5,103.5,103.5,6201,0.0,0.0
2025-10-02 03:40:00+00:00,103.5,103.5,103.5,103.5,7350,0.0,0.0
2025-10-02 03:45:00+00:00,103.5,104.0,103.5,104.0,4000,0.0,0.0
2025-10-02 03:50:00+00:00,103.5,103.5,103.5,103.5,4030,0.0,0.0
2025-10-02 03:55:00+00:00,103.5,103.5,103.5,103.5,10020,0.0,0.0
2025-10-02 04:00:00+00:00,103.5,103.5,103.5,103.5,1150,0.0,0.0
2025-10-02 04:05:00+00:00,103.5,104.0,103.5,104.0,3508,0.0,0.0
2025-10-02 04:10:00+00:00,104.0,104.5,104.0,104.0,52050,0.0,0.0
2025-10-02 04:15:00+00:00,104.5,104.5,104.0,104.0,6000,0.0,0.0
2025-10-02 04:20:00+00:00,104.5,104.5,104.5,104.5,1050,0.0,0.0
2025-10-02 04:25:00+00:00,104.5,104.5,104.0,104.0,31300,0.0,0.0
2025-10-02 04:30:00+00:00,104.0,104.0,104.0,104.0,7170,0.0,0.0
2025-10-02 04:35:00+00:00,104.0,104.0,104.0,104.0,9976,0.0,0.0
2025-10-02 04:40:00+00:00,104.0,104.5,104.0,104.5,2000,0.0,0.0
2025-10-02 04:45:00+00:00,104.0,104.0,104.0,104.0,7168,0.0,0.0
2025-10-02 04:50:00+00:00,104.0,104.0,104.0,104.0,12203,0.0,0.0
2025-10-02 04:55:00+00:00,104.0,104.5,104.0,104.5,47100,0.0,0.0
2025-10-02 05:00:00+00:00,104.5,105.0,104.5,105.0,33220,0.0,0.0
2025-10-02 05:05:00+00:00,104.5,105.0,104.5,104.5,56190,0.0,0.0
2025-10-02 05:10:00+00:00,105.0,105.0,104.5,104.5,44186,0.0,0.0
2025-10-02 05:15:00+00:00,104.5,104.5,104.5,104.5,18095,0.0,0.0
2025-10-02 05:20:00+00:00,104.5,105.0,104.0,104.5,44380,0.0,0.0
2025-10-03 01:00:00+00:00,104.0,106.0,104.0,105.0,0,0.0,0.0
2025-10-03 01:05:00+00:00,105.0,105.0,104.5,104.5,56000,0.0,0.0
2025-10-03 01:10:00+00:00,104.5,104.5,104.0,104.5,26159,0.0,0.0
2025-10-03 01:15:00+00:00,104.0,105.0,104.0,104.5,36251,0.0,0.0
2025-10-03 01:20:00+00:00,104.5,105.0,104.5,105.0,45535,0.0,0.0
2025-10-03 01:25:00+00:00,105.0,105.0,105.0,105.0,13629,0.0,0.0
2025-10-03 01:30:00+00:00,104.5,105.0,104.5,105.0,2199,0.0,0.0
2025-10-03 01:35:00+00:00,105.0,105.0,104.5,104.5,6537,0.0,0.0
2025-10-03 01:40:00+00:00,104.5,105.0,104.5,105.0,11085,0.0,0.0
2025-10-03 01:45:00+00:00,105.0,105.5,105.0,105.0,35000,0.0,0.0
2025-10-03 01:50:00+00:00,105.0,105.5,105.0,105.0,18113,0.0,0.0
2025-10-03 01:55:00+00:00,105.0,105.0,104.5,104.5,57581,0.0,0.0
2025-10-03 02:00:00+00:00,104.5,105.0,104.5,105.0,10084,0.0,0.0
2025-10-03 02:05:00+00:00,105.0,105.0,104.5,104.5,2010,0.0,0.0
2025-10-03 02:10:00+00:00,104.5,104.5,104.0,104.0,66987,0.0,0.0
2025-10-03 02:15:00+00:00,104.0,104.5,104.0,104.5,22000,0.0,0.0
2025-10-03 02:20:00+00:00,104.5,104.5,104.5,104.5,2010,0.0,0.0
2025-10-03 02:25:00+00:00,104.5,104.5,104.5,104.5,3000,0.0,0.0
2025-10-03 02:30:00+00:00,104.5,104.5,104.0,104.0,14100,0.0,0.0
2025-10-03 02:35:00+00:00,104.5,104.5,104.5,104.5,9100,0.0,0.0
2025-10-03 02:40:00+00:00,104.5,104.5,103.5,104.0,95470,0.0,0.0
2025-10-03 02:45:00+00:00,104.0,104.0,104.0,104.0,8050,0.0,0.0
2025-10-03 02:50:00+00:00,104.0,104.0,104.0,104.0,15000,0.0,0.0
2025-10-03 02:55:00+00:00,104.0,104.0,104.0,104.0,14000,0.0,0.0
2025-10-03 03:00:00+00:00,104.0,104.0,104.0,104.0,13250,0.0,0.0
2025-10-03 03:05:00+00:00,104.0,104.0,104.0,104.0,28001,0.0,0.0
2025-10-03 03:10:00+00:00,104.0,104.0,104.0,104.0,2181,0.0,0.0
2025-10-03 03:15:00+00:00,104.0,104.0,104.0,104.0,27000,0.0,0.0
2025-10-03 03:20:00+00:00,104.0,104.0,104.0,104.0,8000,0.0,0.0
2025-10-03 03:25:00+00:00,104.0,104.0,104.0,104.0,3110,0.0,0.0
2025-10-03 03:30:00+00:00,104.0,104.0,104.0,104.0,4030,0.0,0.0
2025-10-03 03:35:00+00:00,104.0,104.0,104.0,104.0,29100,0.0,0.0
2025-10-03 03:40:00+00:00,104.0,104.0,104.0,104.0,2011,0.0,0.0
2025-10-03 03:45:00+00:00,104.0,104.0,103.5,104.0,26068,0.0,0.0
2025-10-03 03:50:00+00:00,104.0,104.0,104.0,104.0,9201,0.0,0.0
2025-10-03 03:55:00+00:00,104.0,104.0,103.5,104.0,17350,0.0,0.0
2025-10-03 04:05:00+00:00,104.0,104.0,104.0,104.0,4270,0.0,0.0
2025-10-03 04:10:00+00:00,104.0,104.0,104.0,104.0,10037,0.0,0.0
2025-10-03 04:15:00+00:00,104.0,104.0,104.0,104.0,13200,0.0,0.0
2025-10-03 04:20:00+00:00,104.0,104.0,104.0,104.0,2010,0.0,0.0
2025-10-03 04:25:00+00:00,104.5,104.5,104.0,104.0,4350,0.0,0.0
2025-10-03 04:30:00+00:00,104.5,104.5,104.0,104.0,21014,0.0,0.0
2025-10-03 04:35:00+00:00,104.0,104.0,104.0,104.0,11003,0.0,0.0
2025-10-03 04:40:00+00:00,104.0,104.0,104.0,104.0,41300,0.0,0.0
2025-10-03 04:45:00+00:00,104.0,104.5,104.0,104.5,37422,0.0,0.0
2025-10-03 04:55:00+00:00,104.0,104.0,104.0,104.0,7189,0.0,0.0
2025-10-03 05:00:00+00:00,104.0,104.0,104.0,104.0,26690,0.0,0.0
2025-10-03 05:05:00+00:00,104.0,104.0,104.0,104.0,25210,0.0,0.0
2025-10-03 05:10:00+00:00,104.0,104.0,103.5,103.5,20305,0.0,0.0
2025-10-03 05:15:00+00:00,104.0,104.0,103.5,103.5,40080,0.0,0.0
2025-10-03 05:20:00+00:00,103.5,104.0,103.5,103.5,56160,0.0,0.0
2025-10-07 01:00:00+00:00,106.0,106.5,105.0,106.5,0,0.0,0.0
2025-10-07 01:05:00+00:00,106.5,106.5,106.0,106.0,113599,0.0,0.0
2025-10-07 01:10:00+00:00,106.0,107.0,106.0,106.0,102699,0.0,0.0
2025-10-07 01:15:00+00:00,106.0,106.0,105.5,105.5,88502,0.0,0.0
2025-10-07 01:20:00+00:00,105.5,107.0,105.5,106.5,182408,0.0,0.0
2025-10-07 01:25:00+00:00,106.5,107.0,106.5,106.5,113542,0.0,0.0
2025-10-07 01:30:00+00:00,106.5,108.0,106.5,106.5,458743,0.0,0.0
2025-10-07 01:35:00+00:00,106.5,106.5,106.0,106.0,62554,0.0,0.0
2025-10-07 01:40:00+00:00,106.0,106.0,105.5,106.0,129093,0.0,0.0
2025-10-07 01:45:00+00:00,106.0,106.0,105.5,105.5,37212,0.0,0.0
2025-10-07 01:50:00+00:00,105.5,106.0,105.5,106.0,5150,0.0,0.0
2025-10-07 01:55:00+00:00,106.0,106.0,106.0,106.0,63000,0.0,0.0
2025-10-07 02:00:00+00:00,106.0,106.5,106.0,106.5,38000,0.0,0.0
2025-10-07 02:05:00+00:00,106.5,107.0,106.5,106.5,60956,0.0,0.0
2025-10-07 02:10:00+00:00,106.5,106.5,106.5,106.5,11500,0.0,0.0
2025-10-07 02:15:00+00:00,106.5,106.5,106.0,106.5,12148,0.0,0.0
2025-10-07 02:20:00+00:00,106.5,106.5,106.0,106.5,98441,0.0,0.0
2025-10-07 02:25:00+00:00,106.5,107.0,106.5,106.5,138175,0.0,0.0
2025-10-07 02:30:00+00:00,106.5,107.0,106.5,107.0,29086,0.0,0.0
2025-10-07 02:35:00+00:00,107.0,108.0,107.0,107.5,276823,0.0,0.0
2025-10-07 02:40:00+00:00,107.5,109.0,107.5,108.5,637480,0.0,0.0
2025-10-07 02:45:00+00:00,108.5,108.5,108.0,108.5,87719,0.0,0.0
2025-10-07 02:50:00+00:00,108.5,108.5,108.0,108.5,29030,0.0,0.0
2025-10-07 02:55:00+00:00,108.5,108.5,108.0,108.0,55878,0.0,0.0
2025-10-07 03:00:00+00:00,108.5,108.5,108.0,108.5,7060,0.0,0.0
2025-10-07 03:05:00+00:00,108.5,108.5,108.0,108.0,58536,0.0,0.0
2025-10-07 03:10:00+00:00,108.0,108.0,107.5,107.5,9815,0.0,0.0
2025-10-07 03:15:00+00:00,107.5,107.5,107.5,107.5,59979,0.0,0.0
2025-10-07 03:20:00+00:00,107.0,107.5,107.0,107.5,17462,0.0,0.0
2025-10-07 03:25:00+00:00,107.5,107.5,107.0,107.5,6000,0.0,0.0
2025-10-07 03:30:00+00:00,107.5,108.5,107.0,108.5,57646,0.0,0.0
2025-10-07 03:35:00+00:00,108.5,109.0,108.5,108.5,136948,0.0,0.0
2025-10-07 03:40:00+00:00,108.5,109.0,108.5,108.5,55801,0.0,0.0
2025-10-07 03:45:00+00:00,108.5,109.0,108.0,108.5,80124,0.0,0.0
2025-10-07 03:50:00+00:00,108.5,108.5,108.5,108.5,11000,0.0,0.0
2025-10-07 03:55:00+00:00,108.0,108.0,107.5,107.5,64597,0.0,0.0
2025-10-07 04:00:00+00:00,107.5,108.0,107.5,107.5,5100,0.0,0.0
2025-10-07 04:05:00+00:00,107.5,108.0,107.5,108.0,17011,0.0,0.0
2025-10-07 04:10:00+00:00,108.0,108.0,108.0,108.0,15000,0.0,0.0
2025-10-07 04:15:00+00:00,108.0,108.0,107.5,107.5,17010,0.0,0.0
2025-10-07 04:20:00+00:00,108.0,108.0,107.5,107.5,13165,0.0,0.0
2025-10-07 04:25:00+00:00,108.0,108.0,108.0,108.0,27900,0.0,0.0
2025-10-07 04:30:00+00:00,108.0,108.0,107.5,108.0,15522,0.0,0.0
2025-10-07 04:35:00+00:00,108.0,108.0,107.5,107.5,28020,0.0,0.0
2025-10-07 04:40:00+00:00,107.5,107.5,107.0,107.5,135216,0.0,0.0
2025-10-07 04:45:00+00:00,107.0,107.5,107.0,107.0,7000,0.0,0.0
2025-10-07 04:50:00+00:00,107.0,107.0,107.0,107.0,10000,0.0,0.0
2025-10-07 04:55:00+00:00,107.5,107.5,107.5,107.5,6555,0.0,0.0
2025-10-07 05:00:00+00:00,107.5,107.5,107.5,107.5,22050,0.0,0.0
2025-10-07 05:05:00+00:00,107.5,108.0,107.0,107.5,48050,0.0,0.0
2025-10-07 05:10:00+00:00,107.5,107.5,107.0,107.5,42488,0.0,0.0
2025-10-07 05:15:00+00:00,107.5,108.0,107.5,108.0,43304,0.0,0.0
2025-10-07 05:20:00+00:00,108.0,108.0,107.5,108.0,41075,0.0,0.0
2025-10-08 01:00:00+00:00,105.5,105.5,102.0,103.0,0,0.0,0.0
2025-10-08 01:05:00+00:00,103.0,104.0,102.5,103.5,331000,0.0,0.0
2025-10-08 01:10:00+00:00,103.5,104.0,102.0,103.5,572994,0.0,0.0
2025-10-08 01:15:00+00:00,103.5,104.0,103.0,103.0,149593,0.0,0.0
2025-10-08 01:20:00+00:00,103.0,103.5,103.0,103.5,52635,0.0,0.0
2025-10-08 01:25:00+00:00,103.5,104.0,103.5,103.5,52314,0.0,0.0
2025-10-08 01:30:00+00:00,103.5,105.5,103.5,104.5,273320,0.0,0.0
2025-10-08 01:35:00+00:00,105.0,106.0,105.0,105.0,190086,0.0,0.0
2025-10-08 01:40:00+00:00,105.0,105.5,104.5,105.5,53055,0.0,0.0
2025-10-08 01:45:00+00:00,105.5,105.5,105.0,105.5,11070,0.0,0.0
2025-10-08 01:50:00+00:00,105.5,105.5,105.0,105.5,53538,0.0,0.0
2025-10-08 01:55:00+00:00,105.5,106.0,105.5,105.5,34698,0.0,0.0
2025-10-08 02:00:00+00:00,105.5,106.0,105.5,105.5,4157,0.0,0.0
2025-10-08 02:05:00+00:00,105.5,105.5,105.5,105.5,31417,0.0,0.0
2025-10-08 02:10:00+00:00,105.0,105.0,105.0,105.0,34678,0.0,0.0
2025-10-08 02:15:00+00:00,104.5,105.0,104.5,104.5,148072,0.0,0.0
2025-10-08 02:20:00+00:00,104.5,105.0,104.5,105.0,13010,0.0,0.0
2025-10-08 02:25:00+00:00,105.0,105.0,105.0,105.0,2402,0.0,0.0
2025-10-08 02:30:00+00:00,104.5,104.5,104.5,104.5,1100,0.0,0.0
2025-10-08 02:40:00+00:00,104.5,105.0,104.5,105.0,3410,0.0,0.0
2025-10-08 02:45:00+00:00,104.5,104.5,104.5,104.5,6000,0.0,0.0
2025-10-08 02:50:00+00:00,104.5,104.5,104.5,104.5,5417,0.0,0.0
2025-10-08 02:55:00+00:00,104.5,104.5,104.5,104.5,1000,0.0,0.0
2025-10-08 03:00:00+00:00,105.0,105.0,104.5,104.5,2000,0.0,0.0
2025-10-08 03:05:00+00:00,104.5,104.5,104.5,104.5,1653,0.0,0.0
2025-10-08 03:10:00+00:00,105.0,105.0,105.0,105.0,11100,0.0,0.0
2025-10-08 03:15:00+00:00,105.0,105.5,105.0,105.0,47185,0.0,0.0
2025-10-08 03:20:00+00:00,105.0,105.0,105.0,105.0,4264,0.0,0.0
2025-10-08 03:25:00+00:00,104.5,105.0,104.5,105.0,10000,0.0,0.0
2025-10-08 03:30:00+00:00,104.5,105.0,104.5,105.0,11000,0.0,0.0
2025-10-08 03:35:00+00:00,105.0,105.0,105.0,105.0,3856,0.0,0.0
2025-10-08 03:40:00+00:00,105.0,105.0,105.0,105.0,58058,0.0,0.0
2025-10-08 03:45:00+00:00,105.0,105.0,105.0,105.0,12068,0.0,0.0
2025-10-08 03:50:00+00:00,105.0,105.0,105.0,105.0,13008,0.0,0.0
2025-10-08 03:55:00+00:00,105.0,105.0,105.0,105.0,2100,0.0,0.0
2025-10-08 04:00:00+00:00,105.0,105.5,105.0,105.5,3180,0.0,0.0
2025-10-08 04:05:00+00:00,105.5,105.5,105.0,105.0,20040,0.0,0.0
2025-10-08 04:10:00+00:00,105.0,105.0,105.0,105.0,6000,0.0,0.0
2025-10-08 04:15:00+00:00,105.0,105.0,105.0,105.0,23270,0.0,0.0
2025-10-08 04:20:00+00:00,105.0,105.5,105.0,105.0,16072,0.0,0.0
2025-10-08 04:25:00+00:00,105.0,105.0,105.0,105.0,11110,0.0,0.0
2025-10-08 04:30:00+00:00,105.0,105.0,104.5,104.5,45176,0.0,0.0
2025-10-08 04:35:00+00:00,104.5,104.5,104.5,104.5,1108,0.0,0.0
2025-10-08 04:40:00+00:00,104.5,105.0,104.5,105.0,6150,0.0,0.0
2025-10-08 04:45:00+00:00,105.0,105.0,104.5,104.5,7700,0.0,0.0
2025-10-08 04:50:00+00:00,104.5,104.5,104.5,104.5,7451,0.0,0.0
2025-10-08 04:55:00+00:00,104.5,105.0,104.5,104.5,26185,0.0,0.0
2025-10-08 05:00:00+00:00,105.0,105.0,104.5,105.0,11702,0.0,0.0
2025-10-08 05:05:00+00:00,104.5,104.5,104.5,104.5,47032,0.0,0.0
2025-10-08 05:10:00+00:00,104.5,105.0,104.5,104.5,32600,0.0,0.0
2025-10-08 05:15:00+00:00,104.5,105.0,104.5,104.5,53002,0.0,0.0
2025-10-08 05:20:00+00:00,104.5,105.0,104.5,104.5,56107,0.0,0.0
2025-10-09 01:00:00+00:00,106.0,106.0,105.0,105.5,0,0.0,0.0
2025-10-09 01:05:00+00:00,105.5,105.5,105.0,105.5,55687,0.0,0.0
2025-10-09 01:10:00+00:00,105.5,105.5,105.0,105.0,30010,0.0,0.0
2025-10-09 01:15:00+00:00,105.0,106.0,105.0,106.0,75058,0.0,0.0
2025-10-09 01:20:00+00:00,106.0,106.0,105.0,105.0,33120,0.0,0.0
2025-10-09 01:25:00+00:00,105.0,106.0,105.0,106.0,127932,0.0,0.0
2025-10-09 01:30:00+00:00,106.0,106.0,105.5,105.5,42000,0.0,0.0
2025-10-09 01:35:00+00:00,105.5,105.5,105.5,105.5,9526,0.0,0.0
2025-10-09 01:40:00+00:00,105.0,105.5,105.0,105.5,52124,0.0,0.0
2025-10-09 01:45:00+00:00,105.5,106.0,105.5,106.0,6200,0.0,0.0
2025-10-09 01:50:00+00:00,106.0,106.0,105.5,105.5,6303,0.0,0.0
2025-10-09 01:55:00+00:00,105.5,105.5,105.0,105.5,136058,0.0,0.0
2025-10-09 02:00:00+00:00,105.5,105.5,105.0,105.0,15030,0.0,0.0
2025-10-09 02:05:00+00:00,105.0,105.0,104.5,105.0,38624,0.0,0.0
2025-10-09 02:10:00+00:00,105.5,105.5,104.5,105.0,82230,0.0,0.0
2025-10-09 02:15:00+00:00,105.0,105.0,105.0,105.0,12005,0.0,0.0
2025-10-09 02:20:00+00:00,105.0,105.5,105.0,105.5,62891,0.0,0.0
2025-10-09 02:25:00+00:00,105.5,105.5,105.0,105.0,11114,0.0,0.0
2025-10-09 02:30:00+00:00,105.0,105.0,105.0,105.0,18218,0.0,0.0
2025-10-09 02:35:00+00:00,105.0,105.0,104.5,104.5,15100,0.0,0.0
2025-10-09 02:40:00+00:00,104.5,104.5,104.5,104.5,22303,0.0,0.0
2025-10-09 02:45:00+00:00,104.5,104.5,104.5,104.5,5035,0.0,0.0
2025-10-09 02:50:00+00:00,104.5,105.0,104.5,105.0,4410,0.0,0.0
2025-10-09 02:55:00+00:00,105.0,105.0,104.5,104.5,2050,0.0,0.0
2025-10-09 03:00:00+00:00,104.5,104.5,104.5,104.5,10250,0.0,0.0
2025-10-09 03:05:00+00:00,104.5,104.5,104.5,104.5,7220,0.0,0.0
2025-10-09 03:10:00+00:00,104.5,105.0,104.5,105.0,13140,0.0,0.0
2025-10-09 03:15:00+00:00,104.5,104.5,104.5,104.5,1224,0.0,0.0
2025-10-09 03:20:00+00:00,104.5,104.5,104.5,104.5,5044,0.0,0.0
2025-10-09 03:25:00+00:00,104.5,105.0,104.5,105.0,14060,0.0,0.0
2025-10-09 03:30:00+00:00,104.5,104.5,104.5,104.5,2120,0.0,0.0
2025-10-09 03:35:00+00:00,105.0,105.0,104.5,104.5,74600,0.0,0.0
2025-10-09 03:40:00+00:00,104.0,104.5,104.0,104.0,6030,0.0,0.0
2025-10-09 03:45:00+00:00,104.5,104.5,104.0,104.0,10260,0.0,0.0
2025-10-09 03:50:00+00:00,104.5,104.5,104.0,104.0,22700,0.0,0.0
2025-10-09 03:55:00+00:00,104.5,104.5,104.0,104.0,4100,0.0,0.0
2025-10-09 04:00:00+00:00,104.5,104.5,104.5,104.5,19225,0.0,0.0
2025-10-09 04:05:00+00:00,104.5,104.5,104.5,104.5,6000,0.0,0.0
2025-10-09 04:10:00+00:00,104.5,104.5,104.0,104.0,4538,0.0,0.0
2025-10-09 04:15:00+00:00,104.0,104.5,104.0,104.5,10150,0.0,0.0
2025-10-09 04:20:00+00:00,104.5,104.5,104.5,104.5,3454,0.0,0.0
2025-10-09 04:25:00+00:00,104.5,104.5,104.5,104.5,10235,0.0,0.0
2025-10-09 04:30:00+00:00,105.0,105.0,104.0,104.0,8190,0.0,0.0
2025-10-09 04:35:00+00:00,104.5,104.5,104.0,104.0,10045,0.0,0.0
2025-10-09 04:40:00+00:00,104.0,104.0,104.0,104.0,12374,0.0,0.0
2025-10-09 04:45:00+00:00,104.0,104.5,104.0,104.0,4172,0.0,0.0
2025-10-09 04:50:00+00:00,104.0,105.0,104.0,104.5,49000,0.0,0.0
2025-10-09 04:55:00+00:00,104.5,104.5,104.0,104.5,17112,0.0,0.0
2025-10-09 05:00:00+00:00,104.0,104.5,104.0,104.5,17000,0.0,0.0
2025-10-09 05:05:00+00:00,104.5,105.0,104.5,104.5,15250,0.0,0.0
2025-10-09 05:10:00+00:00,104.5,104.5,104.5,104.5,14156,0.0,0.0
2025-10-09 05:15:00+00:00,104.5,104.5,104.5,104.5,17120,0.0,0.0
2025-10-09 05:20:00+00:00,104.5,105.0,104.0,104.5,51177,0.0,0.0
2025-10-13 01:00:00+00:00,100.0,101.0,99.4000015258789,101.0,0,0.0,0.0
2025-10-13 01:05:00+00:00,100.5,102.0,100.5,101.5,189881,0.0,0.0
2025-10-13 01:10:00+00:00,101.5,101.5,100.5,101.5,78811,0.0,0.0
2025-10-13 01:15:00+00:00,101.5,102.0,101.5,102.0,38480,0.0,0.0
2025-10-13 01:20:00+00:00,102.0,102.0,101.0,101.5,112002,0.0,0.0
2025-10-13 01:25:00+00:00,101.5,101.5,101.0,101.0,102171,0.0,0.0
2025-10-13 01:30:00+00:00,101.5,102.0,101.5,102.0,91050,0.0,0.0
2025-10-13 01:35:00+00:00,102.0,102.0,100.0,100.0,476268,0.0,0.0
2025-10-13 01:40:00+00:00,100.5,100.5,100.0,100.5,128250,0.0,0.0
2025-10-13 01:45:00+00:00,100.0,100.5,100.0,100.5,138282,0.0,0.0
2025-10-13 01:50:00+00:00,100.5,101.0,100.0,100.5,44899,0.0,0.0
2025-10-13 01:55:00+00:00,100.5,101.5,100.5,101.0,86235,0.0,0.0
2025-10-13 02:00:00+00:00,101.0,101.0,101.0,101.0,17851,0.0,0.0
2025-10-13 02:05:00+00:00,101.0,101.5,101.0,101.5,88524,0.0,0.0
2025-10-13 02:10:00+00:00,101.5,101.5,101.0,101.5,15259,0.0,0.0
2025-10-13 02:15:00+00:00,101.5,101.5,101.5,101.5,11239,0.0,0.0
2025-10-13 02:20:00+00:00,101.5,101.5,101.5,101.5,36550,0.0,0.0
2025-10-13 02:25:00+00:00,101.5,101.5,101.5,101.5,10020,0.0,0.0
2025-10-13 02:30:00+00:00,101.5,102.0,101.5,102.0,13102,0.0,0.0
2025-10-13 02:35:00+00:00,101.5,102.0,101.5,101.5,24165,0.0,0.0
2025-10-13 02:40:00+00:00,101.5,101.5,101.5,101.5,18240,0.0,0.0
2025-10-13 02:45:00+00:00,101.5,101.5,101.5,101.5,12139,0.0,0.0
2025-10-13 02:50:00+00:00,101.5,101.5,101.5,101.5,8500,0.0,0.0
2025-10-13 02:55:00+00:00,101.5,101.5,101.0,101.5,21050,0.0,0.0
2025-10-13 03:00:00+00:00,101.5,101.5,101.5,101.5,1070,0.0,0.0
2025-10-13 03:05:00+00:00,101.5,102.0,101.5,101.5,21360,0.0,0.0
2025-10-13 03:10:00+00:00,102.0,102.0,102.0,102.0,69400,0.0,0.0
2025-10-13 03:15:00+00:00,102.0,102.0,102.0,102.0,6000,0.0,0.0
2025-10-13 03:20:00+00:00,102.0,102.0,102.0,102.0,8532,0.0,0.0
2025-10-13 03:25:00+00:00,102.0,102.0,101.5,102.0,13508,0.0,0.0
2025-10-13 03:30:00+00:00,101.5,101.5,101.5,101.5,1000,0.0,0.0
2025-10-13 03:35:00+00:00,101.5,101.5,101.5,101.5,10000,0.0,0.0
2025-10-13 03:40:00+00:00,101.5,101.5,101.5,101.5,16040,0.0,0.0
2025-10-13 03:45:00+00:00,101.5,101.5,101.5,101.5,3070,0.0,0.0
2025-10-13 03:50:00+00:00,101.5,101.5,101.5,101.5,3203,0.0,0.0
2025-10-13 03:55:00+00:00,101.5,101.5,101.5,101.5,2100,0.0,0.0
2025-10-13 04:00:00+00:00,101.5,101.5,101.5,101.5,1020,0.0,0.0
2025-10-13 04:05:00+00:00,101.5,101.5,101.5,101.5,2001,0.0,0.0
2025-10-13 04:10:00+00:00,101.5,101.5,101.5,101.5,17000,0.0,0.0
2025-10-13 04:15:00+00:00,101.5,101.5,101.5,101.5,16569,0.0,0.0
2025-10-13 04:20:00+00:00,101.5,101.5,101.0,101.5,16212,0.0,0.0
2025-10-13 04:25:00+00:00,101.0,101.5,101.0,101.5,29000,0.0,0.0
2025-10-13 04:30:00+00:00,101.5,102.0,101.5,102.0,11200,0.0,0.0
2025-10-13 04:35:00+00:00,102.0,102.0,101.5,101.5,7300,0.0,0.0
2025-10-13 04:40:00+00:00,101.5,101.5,101.5,101.5,28426,0.0,0.0
2025-10-13 04:45:00+00:00,101.5,101.5,101.5,101.5,5113,0.0,0.0
2025-10-13 04:50:00+00:00,101.5,101.5,101.5,101.5,13118,0.0,0.0
2025-10-13 04:55:00+00:00,101.5,101.5,101.5,101.5,11324,0.0,0.0
2025-10-13 05:00:00+00:00,101.5,101.5,101.0,101.0,6210,0.0,0.0
2025-10-13 05:05:00+00:00,101.5,101.5,101.0,101.5,12255,0.0,0.0
2025-10-13 05:10:00+00:00,101.5,101.5,101.0,101.5,40105,0.0,0.0
2025-10-13 05:15:00+00:00,101.5,101.5,101.5,101.5,36380,0.0,0.0
2025-10-13 05:20:00+00:00,101.5,102.0,101.0,101.5,45607,0.0,0.0
2025-10-14 01:00:00+00:00,102.5,103.5,102.5,103.5,0,0.0,0.0
2025-10-14 01:05:00+00:00,103.5,103.5,102.5,103.0,37000,0.0,0.0
2025-10-14 01:10:00+00:00,103.0,103.0,102.5,102.5,47654,0.0,0.0
2025-10-14 01:15:00+00:00,102.5,102.5,102.0,102.5,28081,0.0,0.0
2025-10-14 01:20:00+00:00,102.0,102.0,101.5,101.5,37800,0.0,0.0
2025-10-14 01:25:00+00:00,101.5,102.0,101.5,101.5,25000,0.0,0.0
2025-10-14 01:30:00+00:00,101.5,102.0,101.5,101.5,11406,0.0,0.0
2025-10-14 01:35:00+00:00,101.5,101.5,101.0,101.5,192889,0.0,0.0
2025-10-14 01:40:00+00:00,101.5,101.5,101.0,101.0,80120,0.0,0.0
2025-10-14 01:45:00+00:00,101.5,101.5,101.5,101.5,15211,0.0,0.0
2025-10-14 01:50:00+00:00,101.5,101.5,101.5,101.5,40330,0.0,0.0
2025-10-14 01:55:00+00:00,101.5,101.5,101.5,101.5,6013,0.0,0.0
2025-10-14 02:00:00+00:00,101.5,101.5,101.0,101.0,18300,0.0,0.0
2025-10-14 02:05:00+00:00,101.5,101.5,101.0,101.0,14025,0.0,0.0
2025-10-14 02:10:00+00:00,101.5,101.5,101.5,101.5,7050,0.0,0.0
2025-10-14 02:15:00+00:00,101.5,101.5,101.0,101.0,48240,0.0,0.0
2025-10-14 02:20:00+00:00,101.0,101.5,100.5,100.5,61384,0.0,0.0
2025-10-14 02:25:00+00:00,100.5,100.5,100.0,100.0,163359,0.0,0.0
2025-10-14 02:30:00+00:00,100.0,100.5,100.0,100.5,217498,0.0,0.0
2025-10-14 02:35:00+00:00,100.0,100.0,99.80000305175781,100.0,161270,0.0,0.0
2025-10-14 02:40:00+00:00,99.9000015258789,100.0,99.9000015258789,100.0,13026,0.0,0.0
2025-10-14 02:45:00+00:00,100.0,100.0,99.4000015258789,99.5,253489,0.0,0.0
2025-10-14 02:50:00+00:00,99.4000015258789,99.5,99.0,99.4000015258789,127861,0.0,0.0
2025-10-14 02:55:00+00:00,99.4000015258789,99.5,99.0,99.0999984741211,164680,0.0,0.0
2025-10-14 03:00:00+00:00,99.19999694824219,99.19999694824219,98.69999694824219,98.80000305175781,220207,0.0,0.0
2025-10-14 03:05:00+00:00,98.5999984741211,98.80000305175781,98.5999984741211,98.69999694824219,78144,0.0,0.0
2025-10-14 03:10:00+00:00,98.69999694824219,99.0,98.5,98.80000305175781,79012,0.0,0.0
2025-10-14 03:15:00+00:00,98.80000305175781,98.80000305175781,98.5,98.5,72506,0.0,0.0
2025-10-14 03:20:00+00:00,98.5,99.0,98.4000015258789,99.0,147828,0.0,0.0
2025-10-14 03:25:00+00:00,99.0,99.30000305175781,98.69999694824219,98.69999694824219,84194,0.0,0.0
2025-10-14 03:30:00+00:00,98.80000305175781,98.9000015258789,98.5,98.9000015258789,38520,0.0,0.0
2025-10-14 03:35:00+00:00,98.80000305175781,98.80000305175781,98.69999694824219,98.80000305175781,17100,0.0,0.0
2025-10-14 03:40:00+00:00,98.80000305175781,98.80000305175781,98.4000015258789,98.69999694824219,69403,0.0,0.0
2025-10-14 03:45:00+00:00,98.69999694824219,98.69999694824219,98.5999984741211,98.69999694824219,26167,0.0,0.0
2025-10-14 03:50:00+00:00,98.69999694824219,98.80000305175781,98.69999694824219,98.80000305175781,13450,0.0,0.0
2025-10-14 03:55:00+00:00,98.69999694824219,98.69999694824219,98.4000015258789,98.5,39884,0.0,0.0
2025-10-14 04:00:00+00:00,98.5,98.69999694824219,98.30000305175781,98.30000305175781,40925,0.0,0.0
2025-10-14 04:05:00+00:00,98.30000305175781,98.4000015258789,98.0999984741211,98.30000305175781,109325,0.0,0.0
2025-10-14 04:10:00+00:00,98.30000305175781,98.69999694824219,98.30000305175781,98.5999984741211,38163,0.0,0.0
2025-10-14 04:15:00+00:00,98.5999984741211,98.5999984741211,97.9000015258789,97.9000015258789,189749,0.0,0.0
2025-10-14 04:20:00+00:00,97.80000305175781,98.0,97.30000305175781,97.5,275971,0.0,0.0
2025-10-14 04:25:00+00:00,97.5999984741211,97.80000305175781,97.30000305175781,97.30000305175781,55088,0.0,0.0
2025-10-14 04:30:00+00:00,97.5,97.5,97.0,97.4000015258789,276519,0.0,0.0
2025-10-14 04:35:00+00:00,97.4000015258789,97.4000015258789,96.9000015258789,97.19999694824219,177774,0.0,0.0
2025-10-14 04:40:00+00:00,97.0999984741211,97.4000015258789,97.0,97.19999694824219,150765,0.0,0.0
2025-10-14 04:45:00+00:00,97.19999694824219,97.19999694824219,97.0999984741211,97.0999984741211,89335,0.0,0.0
2025-10-14 04:50:00+00:00,97.19999694824219,97.19999694824219,96.9000015258789,96.9000015258789,184410,0.0,0.0
2025-10-14 04:55:00+00:00,97.0,97.4000015258789,97.0,97.19999694824219,78742,0.0,0.0
2025-10-14 05:00:00+00:00,97.30000305175781,97.5,97.30000305175781,97.4000015258789,84601,0.0,0.0
2025-10-14 05:05:00+00:00,97.4000015258789,97.5,97.19999694824219,97.4000015258789,152062,0.0,0.0
2025-10-14 05:10:00+00:00,97.4000015258789,97.9000015258789,97.4000015258789,97.80000305175781,111081,0.0,0.0
2025-10-14 05:15:00+00:00,97.80000305175781,97.80000305175781,97.69999694824219,97.69999694824219,83452,0.0,0.0
2025-10-14 05:20:00+00:00,97.80000305175781,97.9000015258789,97.5999984741211,97.80000305175781,157139,0.0,0.0
2025-10-15 01:00:00+00:00,98.4000015258789,98.4000015258789,97.5999984741211,97.80000305175781,0,0.0,0.0
2025-10-15 01:05:00+00:00,97.80000305175781,98.0999984741211,97.80000305175781,97.80000305175781,65000,0.0,0.0
2025-10-15 01:10:00+00:00,97.69999694824219,97.80000305175781,97.19999694824219,97.5,155525,0.0,0.0
2025-10-15 01:15:00+00:00,97.80000305175781,97.80000305175781,97.0999984741211,97.5999984741211,73711,0.0,0.0
2025-10-15 01:20:00+00:00,97.69999694824219,97.9000015258789,97.69999694824219,97.80000305175781,78450,0.0,0.0
2025-10-15 01:25:00+00:00,97.80000305175781,98.19999694824219,97.69999694824219,97.80000305175781,72926,0.0,0.0
2025-10-15 01:30:00+00:00,97.80000305175781,97.9000015258789,97.69999694824219,97.9000015258789,9810,0.0,0.0
2025-10-15 01:35:00+00:00,97.9000015258789,98.30000305175781,97.9000015258789,98.0999984741211,70227,0.0,0.0
2025-10-15 01:40:00+00:00,98.19999694824219,98.5,98.19999694824219,98.5,61031,0.0,0.0
2025-10-15 01:45:00+00:00,98.5,99.69999694824219,98.5,99.4000015258789,255889,0.0,0.0
2025-10-15 01:50:00+00:00,99.4000015258789,99.4000015258789,99.0999984741211,99.30000305175781,83965,0.0,0.0
2025-10-15 01:55:00+00:00,99.30000305175781,99.30000305175781,98.80000305175781,98.80000305175781,67365,0.0,0.0
2025-10-15 02:00:00+00:00,98.80000305175781,99.30000305175781,98.80000305175781,99.30000305175781,41099,0.0,0.0
2025-10-15 02:05:00+00:00,99.19999694824219,99.19999694824219,99.0999984741211,99.19999694824219,14614,0.0,0.0
2025-10-15 02:10:00+00:00,99.0999984741211,99.0999984741211,99.0,99.0,10176,0.0,0.0
2025-10-15 02:15:00+00:00,98.9000015258789,99.0999984741211,98.9000015258789,99.0999984741211,31756,0.0,0.0
2025-10-15 02:20:00+00:00,99.19999694824219,99.19999694824219,99.19999694824219,99.19999694824219,7035,0.0,0.0
2025-10-15 02:25:00+00:00,99.19999694824219,99.5999984741211,99.19999694824219,99.5999984741211,73217,0.0,0.0
2025-10-15 02:30:00+00:00,99.5999984741211,101.0,99.5,101.0,214091,0.0,0.0
2025-10-15 02:35:00+00:00,100.5,100.5,100.0,100.0,87083,0.0,0.0
2025-10-15 02:40:00+00:00,100.0,100.5,100.0,100.5,19000,0.0,0.0
2025-10-15 02:45:00+00:00,100.5,100.5,100.5,100.5,15056,0.0,0.0
2025-10-15 02:50:00+00:00,100.0,100.0,99.5999984741211,99.5999984741211,86581,0.0,0.0
2025-10-15 02:55:00+00:00,99.9000015258789,99.9000015258789,99.80000305175781,99.80000305175781,12100,0.0,0.0
2025-10-15 03:00:00+00:00,99.9000015258789,99.9000015258789,99.80000305175781,99.9000015258789,20000,0.0,0.0
2025-10-15 03:05:00+00:00,99.80000305175781,99.80000305175781,99.69999694824219,99.69999694824219,10065,0.0,0.0
2025-10-15 03:10:00+00:00,99.69999694824219,99.80000305175781,99.5999984741211,99.80000305175781,13403,0.0,0.0
2025-10-15 03:15:00+00:00,99.80000305175781,99.80000305175781,99.5999984741211,99.5999984741211,23442,0.0,0.0
2025-10-15 03:20:00+00:00,99.69999694824219,99.69999694824219,99.69999694824219,99.69999694824219,5000,0.0,0.0
2025-10-15 03:25:00+00:00,99.5999984741211,99.5999984741211,99.5,99.5,24000,0.0,0.0
2025-10-15 03:30:00+00:00,99.5,99.5,99.4000015258789,99.4000015258789,9009,0.0,0.0
2025-10-15 03:35:00+00:00,99.4000015258789,99.5999984741211,99.4000015258789,99.5,24010,0.0,0.0
2025-10-15 03:40:00+00:00,99.5,99.5999984741211,99.5,99.5999984741211,16377,0.0,0.0
2025-10-15 03:45:00+00:00,99.5,99.5,99.4000015258789,99.5,27000,0.0,0.0
2025-10-15 03:50:00+00:00,99.5,99.5,99.4000015258789,99.5,11000,0.0,0.0
2025-10-15 03:55:00+00:00,99.5,99.5,99.5,99.5,7000,0.0,0.0
2025-10-15 04:00:00+00:00,99.5,99.5,99.4000015258789,99.4000015258789,22010,0.0,0.0
2025-10-15 04:05:00+00:00,99.4000015258789,99.80000305175781,99.4000015258789,99.80000305175781,42010,0.0,0.0
2025-10-15 04:10:00+00:00,99.69999694824219,99.69999694824219,99.5999984741211,99.5999984741211,9000,0.0,0.0
2025-10-15 04:15:00+00:00,99.69999694824219,99.80000305175781,99.5999984741211,99.80000305175781,24058,0.0,0.0
2025-10-15 04:20:00+00:00,99.80000305175781,99.9000015258789,99.80000305175781,99.9000015258789,6048,0.0,0.0
2025-10-15 04:25:00+00:00,99.9000015258789,100.5,99.9000015258789,100.0,68273,0.0,0.0
2025-10-15 04:30:00+00:00,100.0,100.0,99.9000015258789,99.9000015258789,22083,0.0,0.0
2025-10-15 04:35:00+00:00,99.9000015258789,100.0,99.80000305175781,100.0,16000,0.0,0.0
2025-10-15 04:40:00+00:00,99.9000015258789,100.0,99.80000305175781,99.80000305175781,9000,0.0,0.0
2025-10-15 04:45:00+00:00,99.80000305175781,99.80000305175781,99.69999694824219,99.69999694824219,56262,0.0,0.0
2025-10-15 04:50:00+00:00,99.69999694824219,99.80000305175781,99.69999694824219,99.80000305175781,13161,0.0,0.0
2025-10-15 04:55:00+00:00,99.80000305175781,99.80000305175781,99.69999694824219,99.80000305175781,11060,0.0,0.0
2025-10-15 05:00:00+00:00,99.80000305175781,99.9000015258789,99.5999984741211,99.80000305175781,16000,0.0,0.0
2025-10-15 05:05:00+00:00,99.80000305175781,99.80000305175781,99.5999984741211,99.5999984741211,14063,0.0,0.0
2025-10-15 05:10:00+00:00,99.5999984741211,99.69999694824219,99.19999694824219,99.4000015258789,64064,0.0,0.0
2025-10-15 05:15:00+00:00,99.4000015258789,99.5999984741211,99.4000015258789,99.5,30060,0.0,0.0
2025-10-15 05:20:00+00:00,99.5999984741211,99.5999984741211,99.5,99.5999984741211,17738,0.0,0.0
2025-10-16 01:00:00+00:00,100.0,101.0,100.0,101.0,0,0.0,0.0
2025-10-16 01:05:00+00:00,101.0,101.0,100.5,101.0,57710,0.0,0.0
2025-10-16 01:10:00+00:00,101.0,101.0,101.0,101.0,33251,0.0,0.0
2025-10-16 01:15:00+00:00,101.0,101.0,100.5,100.5,154200,0.0,0.0
2025-10-16 01:20:00+00:00,100.5,100.5,100.5,100.5,12305,0.0,0.0
2025-10-16 01:25:00+00:00,100.5,100.5,100.0,100.0,6000,0.0,0.0
2025-10-16 01:30:00+00:00,100.0,100.5,100.0,100.5,2102,0.0,0.0
2025-10-16 01:35:00+00:00,100.5,101.0,100.0,100.0,59230,0.0,0.0
2025-10-16 01:40:00+00:00,100.0,100.5,100.0,100.5,7031,0.0,0.0
2025-10-16 01:45:00+00:00,100.5,100.5,100.0,100.5,12100,0.0,0.0
2025-10-16 01:50:00+00:00,100.5,100.5,100.0,100.0,14065,0.0,0.0
2025-10-16 01:55:00+00:00,100.0,100.0,99.80000305175781,100.0,139262,0.0,0.0
2025-10-16 02:00:00+00:00,99.9000015258789,100.0,99.80000305175781,100.0,43624,0.0,0.0
2025-10-16 02:05:00+00:00,99.9000015258789,100.0,99.80000305175781,99.9000015258789,35555,0.0,0.0
2025-10-16 02:10:00+00:00,100.0,100.5,100.0,100.0,36182,0.0,0.0
2025-10-16 02:15:00+00:00,100.0,100.0,99.80000305175781,99.80000305175781,47462,0.0,0.0
2025-10-16 02:20:00+00:00,100.0,100.0,99.9000015258789,99.9000015258789,18184,0.0,0.0
2025-10-16 02:25:00+00:00,99.9000015258789,99.9000015258789,99.5,99.80000305175781,66232,0.0,0.0
2025-10-16 02:30:00+00:00,99.80000305175781,99.80000305175781,99.0,99.0,50041,0.0,0.0
2025-10-16 02:35:00+00:00,99.0999984741211,99.5,99.0,99.4000015258789,19315,0.0,0.0
2025-10-16 02:40:00+00:00,99.5,99.5999984741211,99.5,99.5999984741211,4550,0.0,0.0
2025-10-16 02:45:00+00:00,99.5999984741211,99.69999694824219,99.5,99.69999694824219,22388,0.0,0.0
2025-10-16 02:50:00+00:00,99.69999694824219,99.9000015258789,99.69999694824219,99.9000015258789,17088,0.0,0.0
2025-10-16 02:55:00+00:00,99.9000015258789,99.9000015258789,99.9000015258789,99.9000015258789,3175,0.0,0.0
2025-10-16 03:00:00+00:00,99.80000305175781,99.80000305175781,99.69999694824219,99.80000305175781,3253,0.0,0.0
2025-10-16 03:05:00+00:00,99.80000305175781,99.80000305175781,99.69999694824219,99.80000305175781,11209,0.0,0.0
2025-10-16 03:10:00+00:00,99.80000305175781,99.80000305175781,99.5,99.5,30438,0.0,0.0
2025-10-16 03:15:00+00:00,99.4000015258789,99.80000305175781,99.4000015258789,99.80000305175781,30036,0.0,0.0
2025-10-16 03:20:00+00:00,99.69999694824219,100.0,99.69999694824219,100.0,64056,0.0,0.0
2025-10-16 03:25:00+00:00,100.0,100.0,99.80000305175781,99.80000305175781,5200,0.0,0.0
2025-10-16 03:30:00+00:00,99.9000015258789,99.9000015258789,99.9000015258789,99.9000015258789,5058,0.0,0.0
2025-10-16 03:35:00+00:00,99.9000015258789,99.9000015258789,99.9000015258789,99.9000015258789,3000,0.0,0.0
2025-10-16 03:40:00+00:00,99.9000015258789,99.9000015258789,99.80000305175781,99.80000305175781,5183,0.0,0.0
2025-10-16 03:45:00+00:00,99.80000305175781,99.80000305175781,99.69999694824219,99.80000305175781,6250,0.0,0.0
2025-10-16 03:50:00+00:00,99.69999694824219,99.69999694824219,99.69999694824219,99.69999694824219,2000,0.0,0.0
2025-10-16 03:55:00+00:00,99.69999694824219,99.69999694824219,99.69999694824219,99.69999694824219,10100,0.0,0.0
2025-10-16 04:00:00+00:00,99.69999694824219,99.80000305175781,99.69999694824219,99.80000305175781,4000,0.0,0.0
2025-10-16 04:05:00+00:00,99.69999694824219,99.69999694824219,99.69999694824219,99.69999694824219,6100,0.0,0.0
2025-10-16 04:10:00+00:00,99.80000305175781,99.80000305175781,99.80000305175781,99.80000305175781,13300,0.0,0.0
2025-10-16 04:15:00+00:00,99.9000015258789,100.0,99.9000015258789,100.0,94462,0.0,0.0
2025-10-16 04:20:00+00:00,100.5,100.5,100.0,100.0,13096,0.0,0.0
2025-10-16 04:25:00+00:00,100.0,100.0,99.80000305175781,99.9000015258789,13101,0.0,0.0
2025-10-16 04:30:00+00:00,99.9000015258789,99.9000015258789,99.9000015258789,99.9000015258789,3300,0.0,0.0
2025-10-16 04:35:00+00:00,100.0,100.0,99.9000015258789,99.9000015258789,4050,0.0,0.0
2025-10-16 04:40:00+00:00,99.9000015258789,100.5,99.9000015258789,100.0,16436,0.0,0.0
2025-10-16 04:45:00+00:00,100.0,100.0,99.9000015258789,99.9000015258789,7000,0.0,0.0
2025-10-16 04:50:00+00:00,99.9000015258789,100.0,99.9000015258789,100.0,10060,0.0,0.0
2025-10-16 04:55:00+00:00,100.0,100.0,100.0,100.0,4260,0.0,0.0
2025-10-16 05:00:00+00:00,100.0,100.5,100.0,100.5,11020,0.0,0.0
2025-10-16 05:05:00+00:00,100.5,100.5,100.0,100.0,13090,0.0,0.0
2025-10-16 05:10:00+00:00,100.0,100.5,100.0,100.0,17000,0.0,0.0
2025-10-16 05:15:00+00:00,100.0,100.0,100.0,100.0,34000,0.0,0.0
2025-10-16 05:20:00+00:00,100.0,100.5,100.0,100.5,106465,0.0,0.0
2025-10-17 01:00:00+00:00,99.80000305175781,99.9000015258789,99.5999984741211,99.5999984741211,0,0.0,0.0
2025-10-17 01:05:00+00:00,99.5999984741211,99.9000015258789,99.5,99.9000015258789,16000,0.0,0.0
2025-10-17 01:10:00+00:00,99.9000015258789,99.9000015258789,99.0999984741211,99.0999984741211,83890,0.0,0.0
2025-10-17 01:15:00+00:00,99.30000305175781,99.5,99.30000305175781,99.30000305175781,33330,0.0,0.0
2025-10-17 01:20:00+00:00,99.5,99.5999984741211,99.4000015258789,99.5,45000,0.0,0.0
2025-10-17 01:25:00+00:00,99.69999694824219,99.9000015258789,99.5,99.5,40198,0.0,0.0
2025-10-17 01:30:00+00:00,99.5,99.5,99.4000015258789,99.4000015258789,23600,0.0,0.0
2025-10-17 01:35:00+00:00,99.4000015258789,99.5,99.4000015258789,99.5,13100,0.0,0.0
2025-10-17 01:40:00+00:00,99.5999984741211,99.80000305175781,99.5,99.80000305175781,15005,0.0,0.0
2025-10-17 01:45:00+00:00,99.80000305175781,99.80000305175781,99.5999984741211,99.5999984741211,13100,0.0,0.0
2025-10-17 01:50:00+00:00,99.5,99.5999984741211,99.0999984741211,99.0999984741211,53961,0.0,0.0
2025-10-17 01:55:00+00:00,99.0999984741211,99.0999984741211,98.9000015258789,99.0,102752,0.0,0.0
2025-10-17 02:00:00+00:00,99.0999984741211,99.4000015258789,99.0999984741211,99.19999694824219,7000,0.0,0.0
2025-10-17 02:05:00+00:00,99.0999984741211,99.0999984741211,99.0,99.0,16007,0.0,0.0
2025-10-17 02:10:00+00:00,99.0,99.0999984741211,98.9000015258789,99.0999984741211,27341,0.0,0.0
2025-10-17 02:15:00+00:00,99.0999984741211,99.19999694824219,98.80000305175781,99.19999694824219,29072,0.0,0.0
2025-10-17 02:20:00+00:00,99.30000305175781,99.30000305175781,99.30000305175781,99.30000305175781,4000,0.0,0.0
2025-10-17 02:25:00+00:00,99.30000305175781,99.30000305175781,99.19999694824219,99.19999694824219,3006,0.0,0.0
2025-10-17 02:30:00+00:00,99.19999694824219,99.19999694824219,99.19999694824219,99.19999694824219,5073,0.0,0.0
2025-10-17 02:35:00+00:00,99.19999694824219,99.30000305175781,99.19999694824219,99.30000305175781,11501,0.0,0.0
2025-10-17 02:40:00+00:00,99.4000015258789,99.5,99.4000015258789,99.5,12154,0.0,0.0
2025-10-17 02:45:00+00:00,99.5999984741211,99.80000305175781,99.5999984741211,99.80000305175781,51309,0.0,0.0
2025-10-17 02:50:00+00:00,99.80000305175781,99.80000305175781,99.69999694824219,99.69999694824219,6012,0.0,0.0
2025-10-17 02:55:00+00:00,99.5,99.5999984741211,99.5,99.5999984741211,8055,0.0,0.0
2025-10-17 03:00:00+00:00,99.5999984741211,99.5999984741211,99.5,99.5,3100,0.0,0.0
2025-10-17 03:05:00+00:00,99.5,99.5,99.5,99.5,2150,0.0,0.0
2025-10-17 03:10:00+00:00,99.5,99.5,99.30000305175781,99.30000305175781,12687,0.0,0.0
2025-10-17 03:15:00+00:00,99.30000305175781,99.30000305175781,99.19999694824219,99.19999694824219,2030,0.0,0.0
2025-10-17 03:20:00+00:00,99.30000305175781,99.30000305175781,99.19999694824219,99.30000305175781,7000,0.0,0.0
2025-10-17 03:25:00+00:00,99.19999694824219,99.19999694824219,99.0999984741211,99.0999984741211,6150,0.0,0.0
2025-10-17 03:30:00+00:00,99.0999984741211,99.30000305175781,99.0999984741211,99.30000305175781,6526,0.0,0.0
2025-10-17 03:35:00+00:00,99.30000305175781,99.4000015258789,99.0,99.0,37413,0.0,0.0
2025-10-17 03:40:00+00:00,99.0,99.0,99.0,99.0,4937,0.0,0.0
2025-10-17 03:45:00+00:00,99.0,99.0,99.0,99.0,2070,0.0,0.0
2025-10-17 03:50:00+00:00,98.9000015258789,99.0,98.9000015258789,99.0,15313,0.0,0.0
2025-10-17 03:55:00+00:00,99.0,99.0,98.9000015258789,99.0,4730,0.0,0.0
2025-10-17 04:00:00+00:00,99.0,99.0,98.9000015258789,99.0,28062,0.0,0.0
2025-10-17 04:05:00+00:00,98.9000015258789,99.0,98.9000015258789,99.0,9040,0.0,0.0
2025-10-17 04:10:00+00:00,99.0,99.0,99.0,99.0,18001,0.0,0.0
2025-10-17 04:15:00+00:00,99.0,99.0,98.9000015258789,99.0,27705,0.0,0.0
2025-10-17 04:20:00+00:00,99.0,99.0,99.0,99.0,37190,0.0,0.0
2025-10-17 04:25:00+00:00,99.0,99.0999984741211,98.9000015258789,99.0,52350,0.0,0.0
2025-10-17 04:30:00+00:00,99.0999984741211,99.0999984741211,99.0999984741211,99.0999984741211,1000,0.0,0.0
2025-10-17 04:35:00+00:00,99.0999984741211,99.0999984741211,99.0999984741211,99.0999984741211,1210,0.0,0.0
2025-10-17 04:40:00+00:00,99.0999984741211,99.0999984741211,99.0999984741211,99.0999984741211,3110,0.0,0.0
2025-10-17 04:45:00+00:00,99.0,99.0999984741211,99.0,99.0999984741211,3000,0.0,0.0
2025-10-17 04:50:00+00:00,99.0999984741211,99.0999984741211,99.0999984741211,99.0999984741211,12000,0.0,0.0
2025-10-17 04:55:00+00:00,99.0999984741211,99.0999984741211,99.0999984741211,99.0999984741211,3000,0.0,0.0
2025-10-17 05:00:00+00:00,99.0999984741211,99.19999694824219,99.0999984741211,99.0999984741211,5020,0.0,0.0
2025-10-17 05:05:00+00:00,99.0999984741211,99.19999694824219,99.0999984741211,99.0999984741211,4313,0.0,0.0
2025-10-17 05:10:00+00:00,99.0999984741211,99.30000305175781,99.0999984741211,99.30000305175781,40077,0.0,0.0
2025-10-17 05:15:00+00:00,99.19999694824219,99.30000305175781,99.19999694824219,99.19999694824219,46060,0.0,0.0
2025-10-17 05:20:00+00:00,99.19999694824219,99.4000015258789,99.19999694824219,99.19999694824219,22286,0.0,0.0
2025-10-20 01:00:00+00:00,100.0,101.0,100.0,100.5,0,0.0,0.0
2025-10-20 01:05:00+00:00,100.5,100.5,99.80000305175781,100.0,29544,0.0,0.0
2025-10-20 01:10:00+00:00,100.0,100.0,99.9000015258789,100.0,40000,0.0,0.0
2025-10-20 01:15:00+00:00,100.5,100.5,100.0,100.0,71000,0.0,0.0
2025-10-20 01:20:00+00:00,100.0,100.5,100.0,100.5,7110,0.0,0.0
2025-10-20 01:25:00+00:00,100.5,100.5,99.9000015258789,99.9000015258789,31457,0.0,0.0
2025-10-20 01:30:00+00:00,99.9000015258789,100.0,99.9000015258789,100.0,16892,0.0,0.0
2025-10-20 01:35:00+00:00,100.0,100.0,100.0,100.0,12100,0.0,0.0
2025-10-20 01:40:00+00:00,99.9000015258789,99.9000015258789,99.80000305175781,99.9000015258789,13009,0.0,0.0
2025-10-20 01:45:00+00:00,99.9000015258789,99.9000015258789,99.9000015258789,99.9000015258789,18112,0.0,0.0
2025-10-20 01:50:00+00:00,99.9000015258789,99.9000015258789,99.9000015258789,99.9000015258789,2605,0.0,0.0
2025-10-20 01:55:00+00:00,99.9000015258789,100.0,99.9000015258789,100.0,8000,0.0,0.0
2025-10-20 02:00:00+00:00,100.0,100.0,99.9000015258789,99.9000015258789,12188,0.0,0.0
2025-10-20 02:05:00+00:00,99.9000015258789,99.9000015258789,99.5999984741211,99.5999984741211,18070,0.0,0.0
2025-10-20 02:10:00+00:00,99.5999984741211,99.5999984741211,99.5,99.5,22000,0.0,0.0
2025-10-20 02:15:00+00:00,99.5999984741211,100.0,99.5999984741211,100.0,26150,0.0,0.0
2025-10-20 02:20:00+00:00,100.0,100.0,100.0,100.0,12000,0.0,0.0
2025-10-20 02:25:00+00:00,100.0,101.0,100.0,100.5,101602,0.0,0.0
2025-10-20 02:30:00+00:00,100.5,101.0,100.5,101.0,19658,0.0,0.0
2025-10-20 02:35:00+00:00,100.5,100.5,100.5,100.5,3140,0.0,0.0
2025-10-20 02:40:00+00:00,100.5,100.5,100.5,100.5,11110,0.0,0.0
2025-10-20 02:45:00+00:00,100.5,101.0,100.5,101.0,55004,0.0,0.0
2025-10-20 02:50:00+00:00,101.0,101.0,101.0,101.0,3050,0.0,0.0
2025-10-20 02:55:00+00:00,100.5,101.0,100.5,101.0,20058,0.0,0.0
2025-10-20 03:00:00+00:00,100.5,100.5,100.5,100.5,19050,0.0,0.0
2025-10-20 03:05:00+00:00,100.5,100.5,100.5,100.5,6039,0.0,0.0
2025-10-20 03:10:00+00:00,100.5,100.5,100.0,100.0,13000,0.0,0.0
2025-10-20 03:15:00+00:00,100.5,101.5,100.0,101.5,167305,0.0,0.0
2025-10-20 03:20:00+00:00,101.5,101.5,101.5,101.5,45324,0.0,0.0
2025-10-20 03:25:00+00:00,101.5,101.5,101.5,101.5,28020,0.0,0.0
2025-10-20 03:30:00+00:00,101.5,101.5,101.5,101.5,54494,0.0,0.0
2025-10-20 03:35:00+00:00,101.5,101.5,101.0,101.0,7110,0.0,0.0
2025-10-20 03:40:00+00:00,101.0,101.5,101.0,101.5,21020,0.0,0.0
2025-10-20 03:45:00+00:00,101.0,101.5,101.0,101.5,6000,0.0,0.0
2025-10-20 03:50:00+00:00,101.5,101.5,101.5,101.5,2050,0.0,0.0
2025-10-20 03:55:00+00:00,101.5,101.5,101.0,101.0,10111,0.0,0.0
2025-10-20 04:00:00+00:00,101.0,101.5,101.0,101.5,34000,0.0,0.0
2025-10-20 04:05:00+00:00,101.5,101.5,101.5,101.5,15100,0.0,0.0
2025-10-20 04:10:00+00:00,102.0,102.5,101.5,102.0,163849,0.0,0.0
2025-10-20 04:15:00+00:00,102.0,102.0,102.0,102.0,20402,0.0,0.0
2025-10-20 04:20:00+00:00,102.0,102.0,101.5,101.5,4608,0.0,0.0
2025-10-20 04:25:00+00:00,101.5,101.5,101.5,101.5,1000,0.0,0.0
2025-10-20 04:30:00+00:00,101.5,102.0,101.5,101.5,7030,0.0,0.0
2025-10-20 04:35:00+00:00,101.5,102.0,101.5,102.0,6100,0.0,0.0
2025-10-20 04:40:00+00:00,102.0,102.0,102.0,102.0,17600,0.0,0.0
2025-10-20 04:45:00+00:00,102.0,102.0,101.5,101.5,10202,0.0,0.0
2025-10-20 04:50:00+00:00,102.0,102.0,101.5,102.0,5220,0.0,0.0
2025-10-20 04:55:00+00:00,102.0,102.0,101.0,101.0,38444,0.0,0.0
2025-10-20 05:00:00+00:00,101.0,101.5,101.0,101.5,8003,0.0,0.0
2025-10-20 05:05:00+00:00,101.5,101.5,101.0,101.5,9150,0.0,0.0
2025-10-20 05:10:00+00:00,101.5,101.5,101.0,101.5,31200,0.0,0.0
2025-10-20 05:15:00+00:00,101.0,101.5,101.0,101.0,53340,0.0,0.0
2025-10-20 05:20:00+00:00,101.0,101.5,101.0,101.5,12206,0.0,0.0
2025-10-21 01:00:00+00:00,102.5,105.0,102.5,104.0,0,0.0,0.0
2025-10-21 01:05:00+00:00,104.0,104.5,103.5,104.5,143000,0.0,0.0
2025-10-21 01:10:00+00:00,104.5,106.5,104.0,106.0,738035,0.0,0.0
2025-10-21 01:15:00+00:00,106.0,106.0,104.5,105.5,227516,0.0,0.0
2025-10-21 01:20:00+00:00,105.5,106.5,105.5,105.5,346656,0.0,0.0
2025-10-21 01:25:00+00:00,106.0,106.0,105.0,105.5,65140,0.0,0.0
2025-10-21 01:30:00+00:00,105.5,105.5,104.5,105.0,153830,0.0,0.0
2025-10-21 01:35:00+00:00,105.0,105.0,105.0,105.0,25323,0.0,0.0
2025-10-21 01:40:00+00:00,105.0,105.5,105.0,105.5,46162,0.0,0.0
2025-10-21 01:45:00+00:00,105.0,105.0,105.0,105.0,19132,0.0,0.0
2025-10-21 01:50:00+00:00,105.0,105.0,105.0,105.0,7560,0.0,0.0
2025-10-21 01:55:00+00:00,105.0,105.5,105.0,105.5,23710,0.0,0.0
2025-10-21 02:00:00+00:00,105.5,105.5,105.0,105.0,47307,0.0,0.0
2025-10-21 02:05:00+00:00,104.5,105.0,104.5,105.0,75207,0.0,0.0
2025-10-21 02:10:00+00:00,105.0,106.0,104.5,106.0,148074,0.0,0.0
2025-10-21 02:15:00+00:00,106.0,106.0,105.5,105.5,34100,0.0,0.0
2025-10-21 02:20:00+00:00,105.5,105.5,105.0,105.5,29206,0.0,0.0
2025-10-21 02:25:00+00:00,105.5,105.5,105.0,105.0,17000,0.0,0.0
2025-10-21 02:30:00+00:00,105.0,105.0,105.0,105.0,1250,0.0,0.0
2025-10-21 02:35:00+00:00,105.0,105.0,105.0,105.0,3366,0.0,0.0
2025-10-21 02:40:00+00:00,105.0,105.0,104.5,104.5,92250,0.0,0.0
2025-10-21 02:45:00+00:00,105.0,105.0,104.5,104.5,31217,0.0,0.0
2025-10-21 02:50:00+00:00,104.5,104.5,104.0,104.0,61050,0.0,0.0
2025-10-21 02:55:00+00:00,104.0,104.0,103.5,103.5,110873,0.0,0.0
2025-10-21 03:00:00+00:00,103.5,104.0,103.5,104.0,5308,0.0,0.0
2025-10-21 03:05:00+00:00,104.0,104.0,103.5,103.5,7531,0.0,0.0
2025-10-21 03:10:00+00:00,104.0,104.0,103.5,103.5,9501,0.0,0.0
2025-10-21 03:15:00+00:00,103.5,103.5,103.5,103.5,4000,0.0,0.0
2025-10-21 03:20:00+00:00,103.5,103.5,103.5,103.5,59000,0.0,0.0
2025-10-21 03:25:00+00:00,103.5,103.5,103.0,103.0,48701,0.0,0.0
2025-10-21 03:30:00+00:00,103.5,104.0,103.0,104.0,32033,0.0,0.0
2025-10-21 03:35:00+00:00,104.0,104.0,103.5,103.5,3000,0.0,0.0
2025-10-21 03:40:00+00:00,104.0,104.0,104.0,104.0,11003,0.0,0.0
2025-10-21 03:45:00+00:00,104.0,104.0,104.0,104.0,17000,0.0,0.0
2025-10-21 03:50:00+00:00,104.0,104.0,104.0,104.0,10150,0.0,0.0
2025-10-21 03:55:00+00:00,103.5,103.5,103.0,103.0,90770,0.0,0.0
2025-10-21 04:00:00+00:00,103.0,103.5,103.0,103.0,7600,0.0,0.0
2025-10-21 04:05:00+00:00,103.0,103.5,103.0,103.5,18650,0.0,0.0
2025-10-21 04:10:00+00:00,103.5,103.5,103.5,103.5,5175,0.0,0.0
2025-10-21 04:15:00+00:00,103.5,103.5,103.0,103.5,28000,0.0,0.0
2025-10-21 04:20:00+00:00,103.5,103.5,103.5,103.5,36000,0.0,0.0
2025-10-21 04:25:00+00:00,103.5,103.5,103.5,103.5,7000,0.0,0.0
2025-10-21 04:30:00+00:00,103.0,103.5,103.0,103.5,8069,0.0,0.0
2025-10-21 04:35:00+00:00,103.5,103.5,103.5,103.5,9002,0.0,0.0
2025-10-21 04:40:00+00:00,103.5,103.5,103.0,103.0,5150,0.0,0.0
2025-10-21 04:45:00+00:00,103.5,103.5,103.0,103.0,26100,0.0,0.0
2025-10-21 04:50:00+00:00,103.5,103.5,103.5,103.5,6170,0.0,0.0
2025-10-21 04:55:00+00:00,103.5,103.5,103.0,103.0,23500,0.0,0.0
2025-10-21 05:00:00+00:00,103.5,103.5,103.0,103.5,3000,0.0,0.0
2025-10-21 05:05:00+00:00,103.5,103.5,103.0,103.0,16107,0.0,0.0
2025-10-21 05:10:00+00:00,103.0,103.5,103.0,103.0,22285,0.0,0.0
2025-10-21 05:15:00+00:00,103.0,103.5,103.0,103.5,38101,0.0,0.0
2025-10-21 05:20:00+00:00,103.5,103.5,103.0,103.0,53500,0.0,0.0
2025-10-22 01:00:00+00:00,102.5,103.5,102.0,103.5,0,0.0,0.0
2025-10-22 01:05:00+00:00,103.5,104.5,103.5,104.5,80512,0.0,0.0
2025-10-22 01:10:00+00:00,104.0,104.0,103.5,104.0,54613,0.0,0.0
2025-10-22 01:15:00+00:00,104.0,104.0,103.5,104.0,26188,0.0,0.0
2025-10-22 01:20:00+00:00,104.0,104.0,103.5,104.0,38010,0.0,0.0
2025-10-22 01:25:00+00:00,104.0,104.0,103.0,103.0,70300,0.0,0.0
2025-10-22 01:30:00+00:00,103.0,103.5,103.0,103.5,34074,0.0,0.0
2025-10-22 01:35:00+00:00,103.5,103.5,103.5,103.5,39100,0.0,0.0
2025-10-22 01:40:00+00:00,103.5,103.5,103.0,103.0,19000,0.0,0.0
2025-10-22 01:45:00+00:00,103.0,103.0,103.0,103.0,13100,0.0,0.0
2025-10-22 01:50:00+00:00,103.0,103.0,103.0,103.0,3144,0.0,0.0
2025-10-22 01:55:00+00:00,103.5,103.5,103.0,103.0,9000,0.0,0.0
2025-10-22 02:00:00+00:00,103.5,104.5,103.5,104.5,199401,0.0,0.0
2025-10-22 02:05:00+00:00,104.5,104.5,104.0,104.0,54063,0.0,0.0
2025-10-22 02:10:00+00:00,104.0,104.0,103.5,103.5,15306,0.0,0.0
2025-10-22 02:15:00+00:00,103.5,103.5,103.5,103.5,9033,0.0,0.0
2025-10-22 02:20:00+00:00,103.5,103.5,103.0,103.0,73392,0.0,0.0
2025-10-22 02:25:00+00:00,103.0,103.0,103.0,103.0,3000,0.0,0.0
2025-10-22 02:30:00+00:00,103.0,103.5,103.0,103.5,4000,0.0,0.0
2025-10-22 02:35:00+00:00,103.5,103.5,103.5,103.5,1000,0.0,0.0
2025-10-22 02:45:00+00:00,103.0,103.5,103.0,103.5,13256,0.0,0.0
2025-10-22 02:50:00+00:00,103.0,103.0,103.0,103.0,1021,0.0,0.0
2025-10-22 02:55:00+00:00,103.0,103.0,103.0,103.0,12000,0.0,0.0
2025-10-22 03:00:00+00:00,103.0,103.0,103.0,103.0,7011,0.0,0.0
2025-10-22 03:05:00+00:00,103.5,103.5,103.0,103.0,7000,0.0,0.0
2025-10-22 03:10:00+00:00,103.0,103.0,103.0,103.0,20307,0.0,0.0
2025-10-22 03:15:00+00:00,103.0,103.0,103.0,103.0,3000,0.0,0.0
2025-10-22 03:20:00+00:00,103.0,103.0,103.0,103.0,7100,0.0,0.0
2025-10-22 03:25:00+00:00,103.0,103.0,103.0,103.0,16037,0.0,0.0
2025-10-22 03:35:00+00:00,102.5,102.5,102.0,102.0,126769,0.0,0.0
2025-10-22 03:40:00+00:00,102.0,102.0,102.0,102.0,39022,0.0,0.0
2025-10-22 03:45:00+00:00,102.0,102.0,102.0,102.0,7110,0.0,0.0
2025-10-22 03:50:00+00:00,102.0,102.0,102.0,102.0,6000,0.0,0.0
2025-10-22 03:55:00+00:00,102.0,102.0,102.0,102.0,1000,0.0,0.0
2025-10-22 04:00:00+00:00,102.0,102.0,102.0,102.0,4100,0.0,0.0
2025-10-22 04:05:00+00:00,102.5,102.5,102.5,102.5,1200,0.0,0.0
2025-10-22 04:10:00+00:00,102.5,102.5,102.5,102.5,3001,0.0,0.0
2025-10-22 04:15:00+00:00,102.5,102.5,102.0,102.5,6000,0.0,0.0
2025-10-22 04:20:00+00:00,102.0,102.0,102.0,102.0,19019,0.0,0.0
2025-10-22 04:25:00+00:00,102.5,102.5,102.5,102.5,4200,0.0,0.0
2025-10-22 04:30:00+00:00,102.0,102.0,102.0,102.0,1000,0.0,0.0
2025-10-22 04:35:00+00:00,102.0,102.0,102.0,102.0,4000,0.0,0.0
2025-10-22 04:40:00+00:00,102.5,102.5,101.5,102.0,55250,0.0,0.0
2025-10-22 04:45:00+00:00,102.0,102.0,102.0,102.0,28103,0.0,0.0
2025-10-22 04:50:00+00:00,101.5,102.0,101.5,102.0,32104,0.0,0.0
2025-10-22 04:55:00+00:00,101.5,101.5,101.5,101.5,13274,0.0,0.0
2025-10-22 05:00:00+00:00,101.5,101.5,101.5,101.5,15001,0.0,0.0
2025-10-22 05:05:00+00:00,102.0,102.0,101.0,101.0,68611,0.0,0.0
2025-10-22 05:10:00+00:00,101.0,101.0,101.0,101.0,51311,0.0,0.0
2025-10-22 05:15:00+00:00,101.0,101.0,100.5,100.5,51303,0.0,0.0
2025-10-22 05:20:00+00:00,100.5,101.5,100.5,101.0,171181,0.0,0.0
2025-10-23 01:00:00+00:00,100.5,101.5,100.5,101.0,0,0.0,0.0
2025-10-23 01:05:00+00:00,101.0,101.0,100.5,100.5,81385,0.0,0.0
2025-10-23 01:10:00+00:00,100.0,100.0,100.0,100.0,57483,0.0,0.0
2025-10-23 01:15:00+00:00,100.0,100.0,100.0,100.0,20299,0.0,0.0
2025-10-23 01:20:00+00:00,100.0,100.5,100.0,100.5,14140,0.0,0.0
2025-10-23 01:25:00+00:00,100.5,100.5,100.0,100.0,21300,0.0,0.0
2025-10-23 01:30:00+00:00,100.5,100.5,100.0,100.5,14015,0.0,0.0
2025-10-23 01:35:00+00:00,100.5,100.5,99.5999984741211,99.9000015258789,127456,0.0,0.0
2025-10-23 01:40:00+00:00,100.0,100.0,100.0,100.0,7500,0.0,0.0
2025-10-23 01:45:00+00:00,100.0,100.0,99.69999694824219,99.80000305175781,28593,0.0,0.0
2025-10-23 01:50:00+00:00,99.80000305175781,99.9000015258789,99.69999694824219,99.9000015258789,19000,0.0,0.0
2025-10-23 01:55:00+00:00,99.9000015258789,100.0,99.9000015258789,100.0,39002,0.0,0.0
2025-10-23 02:00:00+00:00,100.0,100.5,100.0,100.0,4101,0.0,0.0
2025-10-23 02:05:00+00:00,100.0,101.0,100.0,101.0,51526,0.0,0.0
2025-10-23 02:10:00+00:00,101.0,101.0,100.5,101.0,5000,0.0,0.0
2025-10-23 02:15:00+00:00,100.5,100.5,99.9000015258789,100.0,45885,0.0,0.0
2025-10-23 02:20:00+00:00,100.0,100.0,100.0,100.0,3000,0.0,0.0
2025-10-23 02:25:00+00:00,100.0,100.0,99.9000015258789,99.9000015258789,5065,0.0,0.0
2025-10-23 02:30:00+00:00,99.9000015258789,99.9000015258789,99.9000015258789,99.9000015258789,10000,0.0,0.0
2025-10-23 02:35:00+00:00,99.9000015258789,99.9000015258789,99.69999694824219,99.69999694824219,42100,0.0,0.0
2025-10-23 02:40:00+00:00,99.69999694824219,99.80000305175781,99.69999694824219,99.69999694824219,7301,0.0,0.0
2025-10-23 02:45:00+00:00,99.69999694824219,99.9000015258789,99.69999694824219,99.9000015258789,20300,0.0,0.0
2025-10-23 02:50:00+00:00,99.9000015258789,100.0,99.80000305175781,99.9000015258789,25010,0.0,0.0
2025-10-23 02:55:00+00:00,100.0,100.5,100.0,100.5,45250,0.0,0.0
2025-10-23 03:00:00+00:00,100.5,100.5,100.0,100.0,2000,0.0,0.0
2025-10-23 03:05:00+00:00,100.5,100.5,100.0,100.0,6011,0.0,0.0
2025-10-23 03:10:00+00:00,100.0,100.0,100.0,100.0,19100,0.0,0.0
2025-10-23 03:15:00+00:00,100.0,100.0,100.0,100.0,1000,0.0,0.0
2025-10-23 03:20:00+00:00,100.0,100.0,100.0,100.0,2000,0.0,0.0
2025-10-23 03:25:00+00:00,100.0,100.0,100.0,100.0,4100,0.0,0.0
2025-10-23 03:30:00+00:00,100.0,100.5,99.9000015258789,100.0,41010,0.0,0.0
2025-10-23 03:35:00+00:00,100.0,100.0,100.0,100.0,5100,0.0,0.0
2025-10-23 03:40:00+00:00,100.5,100.5,100.0,100.0,3515,0.0,0.0
2025-10-23 03:45:00+00:00,100.0,100.0,100.0,100.0,2000,0.0,0.0
2025-10-23 03:50:00+00:00,100.0,100.0,99.9000015258789,100.0,57000,0.0,0.0
2025-10-23 03:55:00+00:00,100.0,100.0,100.0,100.0,12000,0.0,0.0
2025-10-23 04:00:00+00:00,100.0,100.0,100.0,100.0,2260,0.0,0.0
2025-10-23 04:05:00+00:00,100.5,101.0,100.5,100.5,69911,0.0,0.0
2025-10-23 04:10:00+00:00,100.5,100.5,100.0,100.0,45323,0.0,0.0
2025-10-23 04:15:00+00:00,100.0,100.5,100.0,100.5,6211,0.0,0.0
2025-10-23 04:20:00+00:00,100.0,100.0,100.0,100.0,11030,0.0,0.0
2025-10-23 04:25:00+00:00,100.0,100.0,100.0,100.0,7000,0.0,0.0
2025-10-23 04:30:00+00:00,100.0,100.0,100.0,100.0,4000,0.0,0.0
2025-10-23 04:35:00+00:00,100.0,100.0,100.0,100.0,3222,0.0,0.0
2025-10-23 04:40:00+00:00,100.0,100.0,100.0,100.0,1100,0.0,0.0
2025-10-23 04:45:00+00:00,100.0,100.0,100.0,100.0,14001,0.0,0.0
2025-10-23 04:50:00+00:00,100.0,100.0,100.0,100.0,4000,0.0,0.0
2025-10-23 04:55:00+00:00,100.0,100.5,100.0,100.5,8620,0.0,0.0
2025-10-23 05:00:00+00:00,100.0,100.0,100.0,100.0,13100,0.0,0.0
2025-10-23 05:05:00+00:00,100.0,100.5,100.0,100.0,19401,0.0,0.0
2025-10-23 05:10:00+00:00,100.0,100.0,99.9000015258789,99.9000015258789,47000,0.0,0.0
2025-10-23 05:15:00+00:00,100.0,100.5,100.0,100.0,26110,0.0,0.0
2025-10-23 05:20:00+00:00,100.0,100.5,99.9000015258789,99.9000015258789,35591,0.0,0.0
2025-10-27 01:00:00+00:00,102.0,102.5,101.0,101.5,0,0.0,0.0
2025-10-27 01:05:00+00:00,101.0,101.0,100.5,100.5,50337,0.0,0.0
2025-10-27 01:10:00+00:00,100.5,100.5,99.9000015258789,100.0,87745,0.0,0.0
2025-10-27 01:15:00+00:00,100.0,100.0,99.80000305175781,100.0,69102,0.0,0.0
2025-10-27 01:20:00+00:00,100.0,100.0,100.0,100.0,3080,0.0,0.0
2025-10-27 01:25:00+00:00,100.0,100.5,100.0,100.5,85204,0.0,0.0
2025-10-27 01:30:00+00:00,101.0,101.5,100.5,101.5,36260,0.0,0.0
2025-10-27 01:35:00+00:00,101.5,101.5,101.0,101.0,49020,0.0,0.0
2025-10-27 01:40:00+00:00,101.5,101.5,101.5,101.5,24044,0.0,0.0
2025-10-27 01:45:00+00:00,101.5,102.0,101.0,101.5,21318,0.0,0.0
2025-10-27 01:50:00+00:00,101.5,101.5,101.0,101.5,5069,0.0,0.0
2025-10-27 01:55:00+00:00,101.0,101.0,100.5,100.5,13097,0.0,0.0
2025-10-27 02:00:00+00:00,101.0,101.0,101.0,101.0,31000,0.0,0.0
2025-10-27 02:05:00+00:00,101.0,101.5,101.0,101.5,3200,0.0,0.0
2025-10-27 02:10:00+00:00,101.5,101.5,101.5,101.5,1081,0.0,0.0
2025-10-27 02:15:00+00:00,101.0,101.0,101.0,101.0,12021,0.0,0.0
2025-10-27 02:25:00+00:00,100.5,100.5,100.5,100.5,5011,0.0,0.0
2025-10-27 02:30:00+00:00,100.5,100.5,100.5,100.5,24000,0.0,0.0
2025-10-27 02:35:00+00:00,100.5,100.5,100.5,100.5,16189,0.0,0.0
2025-10-27 02:40:00+00:00,100.5,100.5,100.5,100.5,3021,0.0,0.0
2025-10-27 02:45:00+00:00,100.0,100.5,100.0,100.5,7000,0.0,0.0
2025-10-27 02:50:00+00:00,100.5,100.5,100.5,100.5,3000,0.0,0.0
2025-10-27 02:55:00+00:00,100.5,100.5,100.0,100.0,52395,0.0,0.0
2025-10-27 03:00:00+00:00,100.5,100.5,100.5,100.5,7004,0.0,0.0
2025-10-27 03:05:00+00:00,100.5,100.5,100.5,100.5,1000,0.0,0.0
2025-10-27 03:10:00+00:00,100.0,100.0,100.0,100.0,9718,0.0,0.0
2025-10-27 03:15:00+00:00,100.0,100.0,100.0,100.0,4090,0.0,0.0
2025-10-27 03:20:00+00:00,100.5,100.5,100.0,100.0,4000,0.0,0.0
2025-10-27 03:25:00+00:00,100.0,100.5,100.0,100.5,5000,0.0,0.0
2025-10-27 03:30:00+00:00,100.5,100.5,100.5,100.5,12000,0.0,0.0
2025-10-27 03:35:00+00:00,100.5,100.5,100.5,100.5,23118,0.0,0.0
2025-10-27 03:40:00+00:00,100.5,100.5,100.5,100.5,3000,0.0,0.0
2025-10-27 03:45:00+00:00,100.5,100.5,100.0,100.0,13000,0.0,0.0
2025-10-27 03:50:00+00:00,100.0,100.5,100.0,100.0,5666,0.0,0.0
2025-10-27 03:55:00+00:00,100.0,100.5,100.0,100.5,62000,0.0,0.0
2025-10-27 04:00:00+00:00,100.5,100.5,100.0,100.0,5011,0.0,0.0
2025-10-27 04:05:00+00:00,100.0,100.0,100.0,100.0,60025,0.0,0.0
2025-10-27 04:10:00+00:00,100.0,100.0,100.0,100.0,16200,0.0,0.0
2025-10-27 04:15:00+00:00,100.0,100.5,100.0,100.0,12000,0.0,0.0
2025-10-27 04:20:00+00:00,100.0,100.0,100.0,100.0,10100,0.0,0.0
2025-10-27 04:25:00+00:00,100.0,100.0,100.0,100.0,5000,0.0,0.0
2025-10-27 04:30:00+00:00,100.0,100.0,100.0,100.0,12081,0.0,0.0
2025-10-27 04:35:00+00:00,100.0,100.0,100.0,100.0,5610,0.0,0.0
2025-10-27 04:40:00+00:00,100.0,100.0,100.0,100.0,7156,0.0,0.0
2025-10-27 04:45:00+00:00,100.0,100.5,100.0,100.0,13200,0.0,0.0
2025-10-27 04:50:00+00:00,100.5,100.5,100.0,100.0,41004,0.0,0.0
2025-10-27 04:55:00+00:00,100.0,100.5,100.0,100.5,15000,0.0,0.0
2025-10-27 05:00:00+00:00,100.0,100.5,100.0,100.5,15100,0.0,0.0
2025-10-27 05:05:00+00:00,100.0,100.5,100.0,100.0,17002,0.0,0.0
2025-10-27 05:10:00+00:00,100.0,100.5,100.0,100.0,10102,0.0,0.0
2025-10-27 05:15:00+00:00,100.0,100.5,100.0,100.0,34020,0.0,0.0
2025-10-27 05:20:00+00:00,100.0,100.5,100.0,100.0,114271,0.0,0.0
2025-10-28 01:00:00+00:00,101.0,101.0,99.5,99.69999694824219,0,0.0,0.0
2025-10-28 01:05:00+00:00,99.9000015258789,99.9000015258789,99.19999694824219,99.19999694824219,125300,0.0,0.0
2025-10-28 01:10:00+00:00,99.0999984741211,99.19999694824219,97.5999984741211,98.0,401859,0.0,0.0
2025-10-28 01:15:00+00:00,98.0,98.9000015258789,97.9000015258789,98.4000015258789,110494,0.0,0.0
2025-10-28 01:20:00+00:00,98.4000015258789,98.5,98.0,98.19999694824219,140666,0.0,0.0
2025-10-28 01:25:00+00:00,98.19999694824219,98.19999694824219,97.0,97.0,328854,0.0,0.0
2025-10-28 01:30:00+00:00,96.9000015258789,97.0,95.9000015258789,96.0,455408,0.0,0.0
2025-10-28 01:35:00+00:00,96.0,96.30000305175781,95.69999694824219,95.9000015258789,330411,0.0,0.0
2025-10-28 01:40:00+00:00,95.80000305175781,96.30000305175781,95.69999694824219,96.30000305175781,215034,0.0,0.0
2025-10-28 01:45:00+00:00,96.4000015258789,96.5,96.19999694824219,96.4000015258789,89446,0.0,0.0
2025-10-28 01:50:00+00:00,96.4000015258789,96.5999984741211,96.30000305175781,96.4000015258789,60189,0.0,0.0
2025-10-28 01:55:00+00:00,96.30000305175781,96.5,96.0999984741211,96.0999984741211,76810,0.0,0.0
2025-10-28 02:00:00+00:00,96.0999984741211,96.30000305175781,95.69999694824219,95.80000305175781,228602,0.0,0.0
2025-10-28 02:05:00+00:00,95.80000305175781,95.9000015258789,95.5999984741211,95.80000305175781,88599,0.0,0.0
2025-10-28 02:10:00+00:00,95.69999694824219,95.80000305175781,95.4000015258789,95.4000015258789,187586,0.0,0.0
2025-10-28 02:15:00+00:00,95.5999984741211,95.69999694824219,95.5,95.69999694824219,53450,0.0,0.0
2025-10-28 02:20:00+00:00,95.80000305175781,95.80000305175781,95.0,95.5,200875,0.0,0.0
2025-10-28 02:25:00+00:00,95.5,95.5,94.69999694824219,94.80000305175781,160374,0.0,0.0
2025-10-28 02:30:00+00:00,94.69999694824219,95.4000015258789,94.5999984741211,95.30000305175781,106441,0.0,0.0
2025-10-28 02:35:00+00:00,95.30000305175781,95.4000015258789,95.0999984741211,95.0999984741211,47721,0.0,0.0
2025-10-28 02:40:00+00:00,95.30000305175781,95.30000305175781,94.69999694824219,94.80000305175781,86862,0.0,0.0
2025-10-28 02:45:00+00:00,94.80000305175781,95.19999694824219,94.69999694824219,94.69999694824219,72290,0.0,0.0
2025-10-28 02:50:00+00:00,94.69999694824219,94.9000015258789,94.5,94.5,138628,0.0,0.0
2025-10-28 02:55:00+00:00,94.69999694824219,94.69999694824219,94.5,94.69999694824219,79990,0.0,0.0
2025-10-28 03:00:00+00:00,94.80000305175781,95.0,94.80000305175781,95.0,40893,0.0,0.0
2025-10-28 03:05:00+00:00,95.0,95.0,94.9000015258789,95.0,21020,0.0,0.0
2025-10-28 03:10:00+00:00,95.0,95.0,94.80000305175781,94.80000305175781,34264,0.0,0.0
2025-10-28 03:15:00+00:00,94.9000015258789,94.9000015258789,94.80000305175781,94.9000015258789,23350,0.0,0.0
2025-10-28 03:20:00+00:00,94.9000015258789,95.0,94.80000305175781,94.9000015258789,27375,0.0,0.0
2025-10-28 03:25:00+00:00,94.9000015258789,95.0,94.9000015258789,95.0,15124,0.0,0.0
2025-10-28 03:30:00+00:00,95.0,95.0,94.9000015258789,95.0,11121,0.0,0.0
2025-10-28 03:35:00+00:00,95.0,95.0999984741211,94.9000015258789,95.0,81267,0.0,0.0
2025-10-28 03:40:00+00:00,95.0,95.0999984741211,94.9000015258789,94.9000015258789,34320,0.0,0.0
2025-10-28 03:45:00+00:00,94.9000015258789,95.0999984741211,94.9000015258789,95.0999984741211,72800,0.0,0.0
2025-10-28 03:50:00+00:00,95.0,95.0999984741211,95.0,95.0,12050,0.0,0.0
2025-10-28 03:55:00+00:00,95.0,95.0999984741211,94.9000015258789,95.0,59000,0.0,0.0
2025-10-28 04:00:00+00:00,95.0,95.80000305175781,95.0,95.80000305175781,189680,0.0,0.0
2025-10-28 04:05:00+00:00,95.80000305175781,95.80000305175781,95.5999984741211,95.69999694824219,36195,0.0,0.0
2025-10-28 04:10:00+00:00,95.69999694824219,95.69999694824219,95.5,95.5,19729,0.0,0.0
2025-10-28 04:15:00+00:00,95.5999984741211,95.5999984741211,95.5,95.5,22410,0.0,0.0
2025-10-28 04:20:00+00:00,95.5,95.5,95.4000015258789,95.4000015258789,7220,0.0,0.0
2025-10-28 04:25:00+00:00,95.4000015258789,95.4000015258789,95.30000305175781,95.30000305175781,16338,0.0,0.0
2025-10-28 04:30:00+00:00,95.30000305175781,95.5999984741211,95.30000305175781,95.5999984741211,32312,0.0,0.0
2025-10-28 04:35:00+00:00,95.5,95.69999694824219,95.5,95.69999694824219,18268,0.0,0.0
2025-10-28 04:40:00+00:00,95.69999694824219,95.69999694824219,95.30000305175781,95.30000305175781,35618,0.0,0.0
2025-10-28 04:45:00+00:00,95.30000305175781,95.30000305175781,95.19999694824219,95.19999694824219,11312,0.0,0.0
2025-10-28 04:50:00+00:00,95.19999694824219,95.4000015258789,95.0,95.0,48320,0.0,0.0
2025-10-28 04:55:00+00:00,95.0999984741211,95.0999984741211,94.80000305175781,94.80000305175781,129313,0.0,0.0
2025-10-28 05:00:00+00:00,94.80000305175781,94.9000015258789,94.5999984741211,94.69999694824219,118830,0.0,0.0
2025-10-28 05:05:00+00:00,94.80000305175781,95.0999984741211,94.80000305175781,95.0999984741211,46584,0.0,0.0
2025-10-28 05:10:00+00:00,95.0999984741211,95.19999694824219,95.0,95.0999984741211,48474,0.0,0.0
2025-10-28 05:15:00+00:00,95.0,95.0,94.80000305175781,94.80000305175781,72650,0.0,0.0
2025-10-28 05:20:00+00:00,94.80000305175781,95.0,94.69999694824219,94.80000305175781,97643,0.0,0.0
2025-10-29 01:00:00+00:00,94.5999984741211,95.19999694824219,94.4000015258789,94.9000015258789,0,0.0,0.0
2025-10-29 01:05:00+00:00,94.9000015258789,95.5999984741211,94.9000015258789,95.5999984741211,123218,0.0,0.0
2025-10-29 01:10:00+00:00,95.5999984741211,95.80000305175781,95.5999984741211,95.5999984741211,56551,0.0,0.0
2025-10-29 01:15:00+00:00,95.5,95.5,94.80000305175781,95.19999694824219,70571,0.0,0.0
2025-10-29 01:20:00+00:00,95.0999984741211,95.4000015258789,95.0,95.19999694824219,55950,0.0,0.0
2025-10-29 01:25:00+00:00,95.19999694824219,95.30000305175781,95.0,95.19999694824219,55440,0.0,0.0
2025-10-29 01:30:00+00:00,95.19999694824219,95.19999694824219,94.9000015258789,95.0,45168,0.0,0.0
2025-10-29 01:35:00+00:00,95.0,95.0,94.5999984741211,94.69999694824219,45176,0.0,0.0
2025-10-29 01:40:00+00:00,94.80000305175781,95.0,94.69999694824219,94.69999694824219,46330,0.0,0.0
2025-10-29 01:45:00+00:00,94.9000015258789,95.0999984741211,94.80000305175781,95.0,68323,0.0,0.0
2025-10-29 01:50:00+00:00,94.9000015258789,94.9000015258789,94.80000305175781,94.80000305175781,10999,0.0,0.0
2025-10-29 01:55:00+00:00,94.80000305175781,95.69999694824219,94.80000305175781,95.5,183128,0.0,0.0
2025-10-29 02:00:00+00:00,95.4000015258789,96.0,95.19999694824219,95.5999984741211,136560,0.0,0.0
2025-10-29 02:05:00+00:00,95.5999984741211,95.80000305175781,95.4000015258789,95.4000015258789,97590,0.0,0.0
2025-10-29 02:10:00+00:00,95.4000015258789,95.5999984741211,95.0999984741211,95.5,93611,0.0,0.0
2025-10-29 02:15:00+00:00,95.5,95.5,95.0999984741211,95.19999694824219,29747,0.0,0.0
2025-10-29 02:20:00+00:00,95.19999694824219,95.30000305175781,95.19999694824219,95.30000305175781,8650,0.0,0.0
2025-10-29 02:25:00+00:00,95.30000305175781,95.4000015258789,95.19999694824219,95.19999694824219,23286,0.0,0.0
2025-10-29 02:30:00+00:00,95.19999694824219,95.4000015258789,95.19999694824219,95.19999694824219,24366,0.0,0.0
2025-10-29 02:35:00+00:00,95.19999694824219,95.19999694824219,95.0999984741211,95.19999694824219,27111,0.0,0.0
2025-10-29 02:40:00+00:00,95.0999984741211,95.0999984741211,94.9000015258789,94.9000015258789,121783,0.0,0.0
2025-10-29 02:45:00+00:00,94.9000015258789,94.9000015258789,94.80000305175781,94.80000305175781,31362,0.0,0.0
2025-10-29 02:50:00+00:00,94.80000305175781,94.9000015258789,94.80000305175781,94.9000015258789,8600,0.0,0.0
2025-10-29 02:55:00+00:00,95.0,95.0,95.0,95.0,5100,0.0,0.0
2025-10-29 03:00:00+00:00,94.9000015258789,94.9000015258789,94.80000305175781,94.9000015258789,32313,0.0,0.0
2025-10-29 03:05:00+00:00,94.9000015258789,94.9000015258789,94.80000305175781,94.80000305175781,13000,0.0,0.0
2025-10-29 03:10:00+00:00,94.9000015258789,94.9000015258789,94.9000015258789,94.9000015258789,2010,0.0,0.0
2025-10-29 03:15:00+00:00,95.0,95.30000305175781,95.0,95.30000305175781,23304,0.0,0.0
2025-10-29 03:20:00+00:00,95.30000305175781,95.30000305175781,95.19999694824219,95.30000305175781,30392,0.0,0.0
2025-10-29 03:25:00+00:00,95.30000305175781,95.30000305175781,95.30000305175781,95.30000305175781,9050,0.0,0.0
2025-10-29 03:30:00+00:00,95.30000305175781,95.30000305175781,95.19999694824219,95.30000305175781,21089,0.0,0.0
2025-10-29 03:35:00+00:00,95.30000305175781,95.30000305175781,95.30000305175781,95.30000305175781,2050,0.0,0.0
2025-10-29 03:40:00+00:00,95.19999694824219,95.19999694824219,95.0,95.0999984741211,26175,0.0,0.0
2025-10-29 03:45:00+00:00,95.0,95.4000015258789,95.0,95.19999694824219,68245,0.0,0.0
2025-10-29 03:50:00+00:00,95.19999694824219,95.19999694824219,95.0999984741211,95.0999984741211,17029,0.0,0.0
2025-10-29 03:55:00+00:00,95.0999984741211,95.19999694824219,95.0,95.19999694824219,30000,0.0,0.0
2025-10-29 04:00:00+00:00,95.19999694824219,95.19999694824219,94.9000015258789,95.0999984741211,16100,0.0,0.0
2025-10-29 04:05:00+00:00,94.9000015258789,95.0,94.9000015258789,95.0,11049,0.0,0.0
2025-10-29 04:10:00+00:00,94.9000015258789,94.9000015258789,94.80000305175781,94.9000015258789,24068,0.0,0.0
2025-10-29 04:15:00+00:00,94.9000015258789,94.9000015258789,94.9000015258789,94.9000015258789,29350,0.0,0.0
2025-10-29 04:20:00+00:00,94.80000305175781,95.0,94.80000305175781,95.0,40285,0.0,0.0
2025-10-29 04:25:00+00:00,95.0,95.0,94.69999694824219,94.80000305175781,37000,0.0,0.0
2025-10-29 04:30:00+00:00,94.69999694824219,94.80000305175781,94.69999694824219,94.80000305175781,37023,0.0,0.0
2025-10-29 04:35:00+00:00,94.80000305175781,94.80000305175781,94.69999694824219,94.69999694824219,24497,0.0,0.0
2025-10-29 04:40:00+00:00,94.5999984741211,94.69999694824219,94.5,94.5999984741211,46803,0.0,0.0
2025-10-29 04:45:00+00:00,94.69999694824219,94.80000305175781,94.5999984741211,94.69999694824219,45345,0.0,0.0
2025-10-29 04:50:00+00:00,94.69999694824219,94.9000015258789,94.69999694824219,94.9000015258789,35280,0.0,0.0
2025-10-29 04:55:00+00:00,94.80000305175781,94.80000305175781,94.69999694824219,94.69999694824219,18348,0.0,0.0
2025-10-29 05:00:00+00:00,94.69999694824219,95.0,94.69999694824219,95.0,39280,0.0,0.0
2025-10-29 05:05:00+00:00,95.0,95.0,94.80000305175781,94.9000015258789,16070,0.0,0.0
2025-10-29 05:10:00+00:00,94.9000015258789,94.9000015258789,94.5999984741211,94.69999694824219,42167,0.0,0.0
2025-10-29 05:15:00+00:00,94.69999694824219,94.80000305175781,94.69999694824219,94.80000305175781,27100,0.0,0.0
2025-10-29 05:20:00+00:00,94.80000305175781,94.9000015258789,94.5,94.5,138048,0.0,0.0
2025-10-30 01:00:00+00:00,94.80000305175781,95.4000015258789,94.5999984741211,94.80000305175781,0,0.0,0.0
2025-10-30 01:05:00+00:00,94.9000015258789,95.19999694824219,94.5999984741211,95.0,41611,0.0,0.0
2025-10-30 01:10:00+00:00,95.0,95.0,94.5,94.5,59844,0.0,0.0
2025-10-30 01:15:00+00:00,94.5,94.69999694824219,94.4000015258789,94.5,51557,0.0,0.0
2025-10-30 01:20:00+00:00,94.5,94.5999984741211,94.30000305175781,94.4000015258789,31014,0.0,0.0
2025-10-30 01:25:00+00:00,94.30000305175781,94.4000015258789,93.5,93.5,146333,0.0,0.0
2025-10-30 01:30:00+00:00,93.4000015258789,93.5999984741211,93.0,93.5,122771,0.0,0.0
2025-10-30 01:35:00+00:00,93.4000015258789,94.30000305175781,93.19999694824219,93.69999694824219,103470,0.0,0.0
2025-10-30 01:40:00+00:00,93.69999694824219,94.5999984741211,93.5999984741211,94.5999984741211,68048,0.0,0.0
2025-10-30 01:45:00+00:00,94.80000305175781,95.0999984741211,94.80000305175781,94.9000015258789,44011,0.0,0.0
2025-10-30 01:50:00+00:00,94.9000015258789,94.9000015258789,94.5999984741211,94.5999984741211,25120,0.0,0.0
2025-10-30 01:55:00+00:00,94.5,94.5999984741211,94.19999694824219,94.19999694824219,89262,0.0,0.0
2025-10-30 02:00:00+00:00,94.30000305175781,94.30000305175781,94.19999694824219,94.19999694824219,11540,0.0,0.0
2025-10-30 02:05:00+00:00,94.19999694824219,94.4000015258789,94.19999694824219,94.4000015258789,7260,0.0,0.0
2025-10-30 02:10:00+00:00,94.5,94.5999984741211,94.5,94.5,10002,0.0,0.0
2025-10-30 02:15:00+00:00,94.5,94.5,94.0,94.0,10055,0.0,0.0
2025-10-30 02:20:00+00:00,94.0999984741211,94.0999984741211,94.0,94.0,6290,0.0,0.0
2025-10-30 02:25:00+00:00,94.0,94.19999694824219,93.9000015258789,94.19999694824219,12367,0.0,0.0
2025-10-30 02:30:00+00:00,94.0,94.0,93.80000305175781,93.80000305175781,15244,0.0,0.0
2025-10-30 02:35:00+00:00,93.9000015258789,93.9000015258789,93.5999984741211,93.5999984741211,17999,0.0,0.0
2025-10-30 02:40:00+00:00,93.5999984741211,93.80000305175781,93.5999984741211,93.69999694824219,49080,0.0,0.0
2025-10-30 02:45:00+00:00,93.5999984741211,93.9000015258789,93.5999984741211,93.9000015258789,6850,0.0,0.0
2025-10-30 02:55:00+00:00,93.5999984741211,93.80000305175781,93.5999984741211,93.80000305175781,8330,0.0,0.0
2025-10-30 03:00:00+00:00,93.69999694824219,93.69999694824219,93.69999694824219,93.69999694824219,13640,0.0,0.0
2025-10-30 03:05:00+00:00,93.80000305175781,93.80000305175781,93.80000305175781,93.80000305175781,3182,0.0,0.0
2025-10-30 03:10:00+00:00,93.80000305175781,93.80000305175781,93.80000305175781,93.80000305175781,2180,0.0,0.0
2025-10-30 03:15:00+00:00,93.80000305175781,93.80000305175781,93.5999984741211,93.80000305175781,22058,0.0,0.0
2025-10-30 03:20:00+00:00,93.80000305175781,93.80000305175781,93.5999984741211,93.5999984741211,11000,0.0,0.0
2025-10-30 03:25:00+00:00,93.5999984741211,93.5999984741211,93.5,93.5999984741211,56300,0.0,0.0
2025-10-30 03:30:00+00:00,93.5999984741211,93.5999984741211,93.5,93.5,12002,0.0,0.0
2025-10-30 03:35:00+00:00,93.4000015258789,93.5,93.30000305175781,93.4000015258789,40511,0.0,0.0
2025-10-30 03:40:00+00:00,93.4000015258789,93.4000015258789,93.4000015258789,93.4000015258789,24536,0.0,0.0
2025-10-30 03:45:00+00:00,93.4000015258789,93.5,93.4000015258789,93.5,23256,0.0,0.0
2025-10-30 03:50:00+00:00,93.5,93.5,93.5,93.5,7307,0.0,0.0
2025-10-30 03:55:00+00:00,93.5,93.5999984741211,93.5,93.5999984741211,8697,0.0,0.0
2025-10-30 04:00:00+00:00,93.5999984741211,93.5999984741211,93.5,93.5999984741211,10106,0.0,0.0
2025-10-30 04:05:00+00:00,93.69999694824219,93.69999694824219,93.5999984741211,93.5999984741211,7000,0.0,0.0
2025-10-30 04:10:00+00:00,93.5,93.5999984741211,93.4000015258789,93.4000015258789,44050,0.0,0.0
2025-10-30 04:15:00+00:00,93.30000305175781,93.30000305175781,93.0,93.0,64873,0.0,0.0
2025-10-30 04:20:00+00:00,93.0999984741211,93.0999984741211,92.5999984741211,93.0,120385,0.0,0.0
2025-10-30 04:25:00+00:00,93.0,93.0,92.5999984741211,92.5999984741211,49397,0.0,0.0
2025-10-30 04:30:00+00:00,92.5999984741211,92.80000305175781,92.5999984741211,92.80000305175781,25169,0.0,0.0
2025-10-30 04:35:00+00:00,92.80000305175781,92.80000305175781,92.5,92.80000305175781,42304,0.0,0.0
2025-10-30 04:40:00+00:00,92.69999694824219,93.0,92.5,92.9000015258789,18614,0.0,0.0
2025-10-30 04:45:00+00:00,92.9000015258789,92.9000015258789,92.80000305175781,92.80000305175781,24817,0.0,0.0
2025-10-30 04:50:00+00:00,93.0,93.19999694824219,93.0,93.19999694824219,75839,0.0,0.0
2025-10-30 04:55:00+00:00,93.0999984741211,93.0999984741211,93.0,93.0,27800,0.0,0.0
2025-10-30 05:00:00+00:00,92.9000015258789,93.0,92.80000305175781,93.0,53000,0.0,0.0
2025-10-30 05:05:00+00:00,93.0,93.19999694824219,93.0,93.0,30124,0.0,0.0
2025-10-30 05:10:00+00:00,93.0,93.19999694824219,93.0,93.19999694824219,14497,0.0,0.0
2025-10-30 05:15:00+00:00,93.19999694824219,93.30000305175781,93.0,93.30000305175781,34043,0.0,0.0
2025-10-30 05:20:00+00:00,93.19999694824219,93.4000015258789,93.19999694824219,93.30000305175781,15443,0.0,0.0
2025-10-31 01:00:00+00:00,95.0,95.80000305175781,94.30000305175781,95.0,0,0.0,0.0
2025-10-31 01:05:00+00:00,94.9000015258789,94.9000015258789,93.69999694824219,93.9000015258789,96964,0.0,0.0
2025-10-31 01:10:00+00:00,93.9000015258789,94.5,93.9000015258789,94.0999984741211,21575,0.0,0.0
2025-10-31 01:15:00+00:00,94.0999984741211,94.19999694824219,93.9000015258789,94.0999984741211,45731,0.0,0.0
2025-10-31 01:20:00+00:00,94.0,94.19999694824219,93.9000015258789,94.19999694824219,30542,0.0,0.0
2025-10-31 01:25:00+00:00,93.9000015258789,93.9000015258789,93.5,93.5,55161,0.0,0.0
2025-10-31 01:30:00+00:00,93.5,94.0999984741211,93.5,94.0999984741211,50620,0.0,0.0
2025-10-31 01:35:00+00:00,94.19999694824219,94.80000305175781,94.19999694824219,94.5,37637,0.0,0.0
2025-10-31 01:40:00+00:00,94.5,94.5,94.0999984741211,94.0999984741211,7000,0.0,0.0
2025-10-31 01:45:00+00:00,94.0,94.0999984741211,94.0,94.0,20021,0.0,0.0
2025-10-31 01:50:00+00:00,94.0,94.0,93.69999694824219,93.69999694824219,19302,0.0,0.0
2025-10-31 01:55:00+00:00,93.69999694824219,94.0999984741211,93.5999984741211,94.0999984741211,30441,0.0,0.0
2025-10-31 02:00:00+00:00,94.0,94.4000015258789,94.0,94.4000015258789,14111,0.0,0.0
2025-10-31 02:05:00+00:00,94.4000015258789,94.4000015258789,94.0,94.0,38343,0.0,0.0
2025-10-31 02:10:00+00:00,94.0999984741211,97.19999694824219,94.0999984741211,96.80000305175781,662837,0.0,0.0
2025-10-31 02:15:00+00:00,96.80000305175781,96.80000305175781,95.9000015258789,96.30000305175781,90416,0.0,0.0
2025-10-31 02:20:00+00:00,96.30000305175781,96.30000305175781,95.69999694824219,95.69999694824219,66209,0.0,0.0
2025-10-31 02:25:00+00:00,95.69999694824219,95.9000015258789,95.5999984741211,95.5999984741211,34330,0.0,0.0
2025-10-31 02:30:00+00:00,95.69999694824219,96.4000015258789,95.5999984741211,96.4000015258789,66427,0.0,0.0
2025-10-31 02:35:00+00:00,96.30000305175781,96.30000305175781,95.69999694824219,96.0,31386,0.0,0.0
2025-10-31 02:40:00+00:00,96.0999984741211,96.5,96.0999984741211,96.5,88072,0.0,0.0
2025-10-31 02:45:00+00:00,96.5999984741211,96.80000305175781,96.5,96.5999984741211,93516,0.0,0.0
2025-10-31 02:50:00+00:00,96.5999984741211,96.69999694824219,96.5,96.69999694824219,30508,0.0,0.0
2025-10-31 02:55:00+00:00,96.5999984741211,96.5999984741211,96.19999694824219,96.19999694824219,46180,0.0,0.0
2025-10-31 03:00:00+00:00,96.0999984741211,96.19999694824219,96.0,96.19999694824219,14130,0.0,0.0
2025-10-31 03:05:00+00:00,96.19999694824219,96.80000305175781,96.19999694824219,96.80000305175781,71330,0.0,0.0
2025-10-31 03:10:00+00:00,96.69999694824219,96.9000015258789,96.5999984741211,96.9000015258789,84156,0.0,0.0
2025-10-31 03:15:00+00:00,96.9000015258789,96.9000015258789,96.5999984741211,96.69999694824219,31675,0.0,0.0
2025-10-31 03:20:00+00:00,96.80000305175781,96.80000305175781,96.30000305175781,96.4000015258789,47260,0.0,0.0
2025-10-31 03:25:00+00:00,96.30000305175781,96.5,96.0,96.5,39645,0.0,0.0
2025-10-31 03:30:00+00:00,96.5,96.5999984741211,96.5,96.5,18210,0.0,0.0
2025-10-31 03:35:00+00:00,96.5999984741211,96.5999984741211,96.30000305175781,96.30000305175781,8021,0.0,0.0
2025-10-31 03:40:00+00:00,96.4000015258789,96.4000015258789,96.19999694824219,96.19999694824219,12521,0.0,0.0
2025-10-31 03:45:00+00:00,96.19999694824219,96.19999694824219,96.0999984741211,96.0999984741211,13398,0.0,0.0
2025-10-31 03:50:00+00:00,96.0,96.0,95.80000305175781,95.80000305175781,26050,0.0,0.0
2025-10-31 03:55:00+00:00,95.9000015258789,96.30000305175781,95.9000015258789,96.19999694824219,25141,0.0,0.0
2025-10-31 04:00:00+00:00,96.19999694824219,96.5,96.19999694824219,96.5,12075,0.0,0.0
2025-10-31 04:05:00+00:00,96.4000015258789,96.4000015258789,96.19999694824219,96.19999694824219,7005,0.0,0.0
2025-10-31 04:10:00+00:00,96.0,96.0,95.69999694824219,95.80000305175781,42194,0.0,0.0
2025-10-31 04:15:00+00:00,95.80000305175781,95.80000305175781,95.80000305175781,95.80000305175781,3250,0.0,0.0
2025-10-31 04:20:00+00:00,95.80000305175781,95.80000305175781,95.5999984741211,95.5999984741211,21661,0.0,0.0
2025-10-31 04:25:00+00:00,95.69999694824219,95.80000305175781,95.69999694824219,95.80000305175781,12693,0.0,0.0
2025-10-31 04:30:00+00:00,95.80000305175781,95.9000015258789,95.80000305175781,95.9000015258789,19000,0.0,0.0
2025-10-31 04:35:00+00:00,95.9000015258789,96.19999694824219,95.9000015258789,96.19999694824219,30000,0.0,0.0
2025-10-31 04:40:00+00:00,96.19999694824219,96.5,96.19999694824219,96.19999694824219,65202,0.0,0.0
2025-10-31 04:45:00+00:00,96.0999984741211,96.19999694824219,96.0999984741211,96.19999694824219,9062,0.0,0.0
2025-10-31 04:50:00+00:00,96.19999694824219,97.30000305175781,96.19999694824219,96.5999984741211,335980,0.0,0.0
2025-10-31 04:55:00+00:00,96.5999984741211,96.5999984741211,96.5,96.5,32500,0.0,0.0
2025-10-31 05:00:00+00:00,96.5999984741211,96.5999984741211,96.30000305175781,96.30000305175781,43108,0.0,0.0
2025-10-31 05:05:00+00:00,96.4000015258789,96.5999984741211,96.30000305175781,96.30000305175781,39002,0.0,0.0
2025-10-31 05:10:00+00:00,96.5,96.80000305175781,96.4000015258789,96.4000015258789,51050,0.0,0.0
2025-10-31 05:15:00+00:00,96.5,96.5,96.19999694824219,96.4000015258789,40337,0.0,0.0
2025-10-31 05:20:00+00:00,96.5,96.5,96.30000305175781,96.4000015258789,43460,0.0,0.0
2025-11-03 01:00:00+00:00,97.0,98.4000015258789,94.5,94.69999694824219,0,0.0,0.0
2025-11-03 01:05:00+00:00,94.5999984741211,95.0999984741211,94.4000015258789,95.0999984741211,259042,0.0,0.0
2025-11-03 01:10:00+00:00,95.0999984741211,95.69999694824219,95.0,95.5999984741211,63557,0.0,0.0
2025-11-03 01:15:00+00:00,95.5999984741211,97.0,95.5,96.69999694824219,89513,0.0,0.0
2025-11-03 01:20:00+00:00,97.0,97.0,96.19999694824219,96.9000015258789,52340,0.0,0.0
2025-11-03 01:25:00+00:00,96.5999984741211,97.5,96.4000015258789,97.5,164027,0.0,0.0
2025-11-03 01:30:00+00:00,97.5,99.5999984741211,97.5,99.19999694824219,525652,0.0,0.0
2025-11-03 01:35:00+00:00,99.19999694824219,99.30000305175781,98.5,98.5,104218,0.0,0.0
2025-11-03 01:40:00+00:00,98.5,98.5,97.69999694824219,97.9000015258789,81592,0.0,0.0
2025-11-03 01:45:00+00:00,97.9000015258789,98.0,97.80000305175781,97.9000015258789,41071,0.0,0.0
2025-11-03 01:50:00+00:00,97.9000015258789,98.80000305175781,97.9000015258789,98.80000305175781,51654,0.0,0.0
2025-11-03 01:55:00+00:00,98.80000305175781,98.80000305175781,98.4000015258789,98.5,33287,0.0,0.0
2025-11-03 02:00:00+00:00,98.30000305175781,98.30000305175781,97.9000015258789,97.9000015258789,35334,0.0,0.0
2025-11-03 02:05:00+00:00,97.80000305175781,97.9000015258789,97.80000305175781,97.9000015258789,9300,0.0,0.0
2025-11-03 02:10:00+00:00,98.0,98.0,97.5,97.5,54819,0.0,0.0
2025-11-03 02:15:00+00:00,97.5,97.69999694824219,97.4000015258789,97.5999984741211,47330,0.0,0.0
2025-11-03 02:20:00+00:00,97.69999694824219,98.19999694824219,97.69999694824219,98.19999694824219,47345,0.0,0.0
2025-11-03 02:25:00+00:00,98.30000305175781,98.4000015258789,98.30000305175781,98.4000015258789,14220,0.0,0.0
2025-11-03 02:30:00+00:00,98.30000305175781,98.69999694824219,98.30000305175781,98.30000305175781,61660,0.0,0.0
2025-11-03 02:35:00+00:00,98.19999694824219,98.19999694824219,97.5999984741211,98.0999984741211,72440,0.0,0.0
2025-11-03 02:40:00+00:00,98.0999984741211,98.4000015258789,97.9000015258789,98.0999984741211,28190,0.0,0.0
2025-11-03 02:45:00+00:00,98.0999984741211,98.0999984741211,98.0,98.0999984741211,18155,0.0,0.0
2025-11-03 02:50:00+00:00,98.19999694824219,98.4000015258789,98.0,98.19999694824219,37171,0.0,0.0
2025-11-03 02:55:00+00:00,98.19999694824219,98.19999694824219,98.19999694824219,98.19999694824219,8458,0.0,0.0
2025-11-03 03:00:00+00:00,98.0999984741211,98.0999984741211,98.0,98.0,11220,0.0,0.0
2025-11-03 03:05:00+00:00,98.0,98.0,97.80000305175781,97.80000305175781,3005,0.0,0.0
2025-11-03 03:10:00+00:00,97.80000305175781,97.80000305175781,97.69999694824219,97.69999694824219,49288,0.0,0.0
2025-11-03 03:20:00+00:00,97.69999694824219,97.80000305175781,97.69999694824219,97.80000305175781,4005,0.0,0.0
2025-11-03 03:25:00+00:00,97.69999694824219,97.80000305175781,97.5999984741211,97.69999694824219,18124,0.0,0.0
2025-11-03 03:30:00+00:00,97.69999694824219,98.0999984741211,97.69999694824219,98.0,23040,0.0,0.0
2025-11-03 03:35:00+00:00,98.0999984741211,98.0999984741211,98.0999984741211,98.0999984741211,9450,0.0,0.0
2025-11-03 03:40:00+00:00,98.0,98.0,98.0,98.0,1100,0.0,0.0
2025-11-03 03:45:00+00:00,98.0,98.0,97.80000305175781,97.80000305175781,16246,0.0,0.0
2025-11-03 03:55:00+00:00,97.9000015258789,97.9000015258789,97.9000015258789,97.9000015258789,3004,0.0,0.0
2025-11-03 04:00:00+00:00,97.80000305175781,97.9000015258789,97.80000305175781,97.9000015258789,5000,0.0,0.0
2025-11-03 04:05:00+00:00,97.80000305175781,97.80000305175781,97.69999694824219,97.69999694824219,16000,0.0,0.0
2025-11-03 04:10:00+00:00,97.80000305175781,97.80000305175781,97.19999694824219,97.19999694824219,68002,0.0,0.0
2025-11-03 04:15:00+00:00,97.19999694824219,97.30000305175781,97.0,97.0,47215,0.0,0.0
2025-11-03 04:20:00+00:00,97.0,97.0,96.9000015258789,97.0,5200,0.0,0.0
2025-11-03 04:25:00+00:00,97.0,97.0999984741211,97.0,97.0999984741211,4005,0.0,0.0
2025-11-03 04:30:00+00:00,97.0999984741211,97.0999984741211,97.0999984741211,97.0999984741211,7600,0.0,0.0
2025-11-03 04:35:00+00:00,97.0999984741211,97.19999694824219,97.0999984741211,97.19999694824219,6000,0.0,0.0
2025-11-03 04:40:00+00:00,97.19999694824219,97.19999694824219,97.0999984741211,97.0999984741211,6264,0.0,0.0
2025-11-03 04:45:00+00:00,97.0999984741211,97.0999984741211,97.0999984741211,97.0999984741211,8933,0.0,0.0
2025-11-03 04:50:00+00:00,97.0999984741211,97.0999984741211,97.0,97.0,19155,0.0,0.0
2025-11-03 04:55:00+00:00,97.0,97.0999984741211,97.0,97.0999984741211,25440,0.0,0.0
2025-11-03 05:00:00+00:00,97.0999984741211,97.0999984741211,97.0999984741211,97.0999984741211,22000,0.0,0.0
2025-11-03 05:05:00+00:00,97.0999984741211,97.4000015258789,97.0999984741211,97.4000015258789,73345,0.0,0.0
2025-11-03 05:10:00+00:00,97.4000015258789,97.69999694824219,97.4000015258789,97.5999984741211,29066,0.0,0.0
2025-11-03 05:15:00+00:00,97.5999984741211,97.5999984741211,97.5,97.5,12000,0.0,0.0
2025-11-03 05:20:00+00:00,97.5,97.5,97.30000305175781,97.30000305175781,47000,0.0,0.0
2025-11-04 01:00:00+00:00,101.0,102.0,99.4000015258789,100.5,0,0.0,0.0
2025-11-04 01:05:00+00:00,100.5,101.0,99.69999694824219,100.5,432000,0.0,0.0
2025-11-04 01:10:00+00:00,100.5,100.5,99.69999694824219,99.80000305175781,232992,0.0,0.0
2025-11-04 01:15:00+00:00,99.80000305175781,100.0,99.80000305175781,100.0,106198,0.0,0.0
2025-11-04 01:20:00+00:00,100.0,100.5,99.9000015258789,100.5,111557,0.0,0.0
2025-11-04 01:25:00+00:00,100.5,101.0,100.0,100.5,146431,0.0,0.0
2025-11-04 01:30:00+00:00,100.5,100.5,99.9000015258789,99.9000015258789,131180,0.0,0.0
2025-11-04 01:35:00+00:00,99.9000015258789,101.0,99.9000015258789,100.5,160896,0.0,0.0
2025-11-04 01:40:00+00:00,100.5,100.5,100.0,100.0,34741,0.0,0.0
2025-11-04 01:45:00+00:00,100.0,100.5,99.80000305175781,99.9000015258789,93880,0.0,0.0
2025-11-04 01:50:00+00:00,99.9000015258789,99.9000015258789,99.0,99.19999694824219,184032,0.0,0.0
2025-11-04 01:55:00+00:00,99.0999984741211,99.5,99.0999984741211,99.30000305175781,32100,0.0,0.0
2025-11-04 02:00:00+00:00,99.4000015258789,99.4000015258789,98.5,98.80000305175781,240154,0.0,0.0
2025-11-04 02:05:00+00:00,98.69999694824219,99.0,98.5,98.80000305175781,60980,0.0,0.0
2025-11-04 02:10:00+00:00,98.80000305175781,98.9000015258789,98.5,98.80000305175781,58110,0.0,0.0
2025-11-04 02:15:00+00:00,98.5999984741211,98.80000305175781,98.5,98.80000305175781,25250,0.0,0.0
2025-11-04 02:20:00+00:00,98.80000305175781,99.4000015258789,98.80000305175781,99.0999984741211,51518,0.0,0.0
2025-11-04 02:25:00+00:00,99.0999984741211,99.19999694824219,98.9000015258789,98.9000015258789,25000,0.0,0.0
2025-11-04 02:30:00+00:00,98.9000015258789,99.0,98.80000305175781,98.9000015258789,15228,0.0,0.0
2025-11-04 02:35:00+00:00,99.0,99.0,98.69999694824219,98.69999694824219,14812,0.0,0.0
2025-11-04 02:40:00+00:00,98.80000305175781,98.80000305175781,98.5999984741211,98.5999984741211,56730,0.0,0.0
2025-11-04 02:45:00+00:00,98.5999984741211,98.69999694824219,98.0,98.0999984741211,136592,0.0,0.0
2025-11-04 02:50:00+00:00,98.19999694824219,98.5,98.19999694824219,98.5,23457,0.0,0.0
2025-11-04 02:55:00+00:00,98.69999694824219,98.80000305175781,98.19999694824219,98.4000015258789,20106,0.0,0.0
2025-11-04 03:00:00+00:00,98.4000015258789,98.69999694824219,98.4000015258789,98.69999694824219,10148,0.0,0.0
2025-11-04 03:05:00+00:00,98.69999694824219,98.9000015258789,98.5,98.5,19346,0.0,0.0
2025-11-04 03:10:00+00:00,98.5,98.69999694824219,98.4000015258789,98.5,16001,0.0,0.0
2025-11-04 03:15:00+00:00,98.69999694824219,98.69999694824219,98.19999694824219,98.19999694824219,26010,0.0,0.0
2025-11-04 03:20:00+00:00,98.19999694824219,98.5,98.0999984741211,98.30000305175781,23010,0.0,0.0
2025-11-04 03:25:00+00:00,98.30000305175781,98.5,98.0999984741211,98.19999694824219,33019,0.0,0.0
2025-11-04 03:30:00+00:00,98.19999694824219,98.19999694824219,97.9000015258789,97.9000015258789,77907,0.0,0.0
2025-11-04 03:35:00+00:00,98.0999984741211,98.0999984741211,97.9000015258789,98.0,20005,0.0,0.0
2025-11-04 03:40:00+00:00,98.0,98.0999984741211,98.0,98.0999984741211,13095,0.0,0.0
2025-11-04 03:45:00+00:00,98.30000305175781,98.30000305175781,98.30000305175781,98.30000305175781,2100,0.0,0.0
2025-11-04 03:50:00+00:00,98.30000305175781,98.30000305175781,98.19999694824219,98.19999694824219,22117,0.0,0.0
2025-11-04 03:55:00+00:00,98.19999694824219,98.19999694824219,97.80000305175781,98.0,83940,0.0,0.0
2025-11-04 04:00:00+00:00,97.80000305175781,97.80000305175781,97.80000305175781,97.80000305175781,11350,0.0,0.0
2025-11-04 04:05:00+00:00,97.80000305175781,98.0,97.80000305175781,98.0,13018,0.0,0.0
2025-11-04 04:10:00+00:00,97.9000015258789,97.9000015258789,97.69999694824219,97.69999694824219,37363,0.0,0.0
2025-11-04 04:15:00+00:00,97.69999694824219,97.80000305175781,97.19999694824219,97.4000015258789,119378,0.0,0.0
2025-11-04 04:20:00+00:00,97.30000305175781,97.30000305175781,97.0999984741211,97.30000305175781,64081,0.0,0.0
2025-11-04 04:25:00+00:00,97.30000305175781,97.4000015258789,97.19999694824219,97.4000015258789,20398,0.0,0.0
2025-11-04 04:30:00+00:00,97.4000015258789,97.4000015258789,97.19999694824219,97.30000305175781,22063,0.0,0.0
2025-11-04 04:35:00+00:00,97.30000305175781,97.30000305175781,97.19999694824219,97.30000305175781,18287,0.0,0.0
2025-11-04 04:40:00+00:00,97.30000305175781,98.0,97.30000305175781,97.9000015258789,109079,0.0,0.0
2025-11-04 04:45:00+00:00,97.9000015258789,98.19999694824219,97.9000015258789,98.0999984741211,29000,0.0,0.0
2025-11-04 04:50:00+00:00,98.0,98.0999984741211,97.80000305175781,98.0,25030,0.0,0.0
2025-11-04 04:55:00+00:00,98.0,98.0,97.80000305175781,97.80000305175781,35177,0.0,0.0
2025-11-04 05:00:00+00:00,97.9000015258789,97.9000015258789,97.5,97.5,42052,0.0,0.0
2025-11-04 05:05:00+00:00,97.5,97.5,97.30000305175781,97.30000305175781,48082,0.0,0.0
2025-11-04 05:10:00+00:00,97.4000015258789,97.5,97.30000305175781,97.4000015258789,57694,0.0,0.0
2025-11-04 05:15:00+00:00,97.4000015258789,97.5,97.30000305175781,97.30000305175781,134080,0.0,0.0
2025-11-04 05:20:00+00:00,97.4000015258789,97.4000015258789,96.5,96.5,316131,0.0,0.0
2025-11-05 01:00:00+00:00,95.0999984741211,95.9000015258789,94.0,95.0,0,0.0,0.0
2025-11-05 01:05:00+00:00,95.0999984741211,95.69999694824219,94.9000015258789,95.19999694824219,87000,0.0,0.0
2025-11-05 01:10:00+00:00,95.19999694824219,96.19999694824219,95.0999984741211,95.5999984741211,88786,0.0,0.0
2025-11-05 01:15:00+00:00,95.80000305175781,95.9000015258789,95.0999984741211,95.5,31735,0.0,0.0
2025-11-05 01:20:00+00:00,95.30000305175781,95.30000305175781,94.4000015258789,94.4000015258789,106803,0.0,0.0
2025-11-05 01:25:00+00:00,94.4000015258789,94.5,94.0,94.0999984741211,117558,0.0,0.0
2025-11-05 01:30:00+00:00,94.19999694824219,94.4000015258789,94.0,94.19999694824219,44377,0.0,0.0
2025-11-05 01:35:00+00:00,94.0,94.19999694824219,93.9000015258789,93.9000015258789,87744,0.0,0.0
2025-11-05 01:40:00+00:00,93.9000015258789,94.0999984741211,93.80000305175781,93.80000305175781,43886,0.0,0.0
2025-11-05 01:45:00+00:00,93.9000015258789,94.30000305175781,93.9000015258789,94.30000305175781,35000,0.0,0.0
2025-11-05 01:50:00+00:00,94.30000305175781,94.30000305175781,93.9000015258789,94.0999984741211,49005,0.0,0.0
2025-11-05 01:55:00+00:00,94.19999694824219,94.4000015258789,93.9000015258789,94.0,28783,0.0,0.0
2025-11-05 02:00:00+00:00,94.0,94.4000015258789,94.0,94.4000015258789,23000,0.0,0.0
2025-11-05 02:05:00+00:00,94.4000015258789,94.5999984741211,94.4000015258789,94.5999984741211,12000,0.0,0.0
2025-11-05 02:10:00+00:00,94.5999984741211,94.69999694824219,94.30000305175781,94.30000305175781,21575,0.0,0.0
2025-11-05 02:15:00+00:00,94.4000015258789,94.4000015258789,94.0999984741211,94.19999694824219,13862,0.0,0.0
2025-11-05 02:20:00+00:00,94.0999984741211,94.0999984741211,93.5,93.69999694824219,150208,0.0,0.0
2025-11-05 02:25:00+00:00,93.69999694824219,94.0999984741211,93.69999694824219,93.9000015258789,7210,0.0,0.0
2025-11-05 02:30:00+00:00,93.9000015258789,94.0,93.69999694824219,94.0,33360,0.0,0.0
2025-11-05 02:35:00+00:00,94.0,94.19999694824219,93.9000015258789,94.0999984741211,29257,0.0,0.0
2025-11-05 02:40:00+00:00,94.0,94.19999694824219,94.0,94.19999694824219,19090,0.0,0.0
2025-11-05 02:45:00+00:00,94.30000305175781,94.30000305175781,94.19999694824219,94.30000305175781,4141,0.0,0.0
2025-11-05 02:50:00+00:00,94.30000305175781,94.30000305175781,94.0,94.0,39045,0.0,0.0
2025-11-05 02:55:00+00:00,94.0,94.0,93.9000015258789,93.9000015258789,41020,0.0,0.0
2025-11-05 03:00:00+00:00,94.0,94.0999984741211,94.0,94.0,7247,0.0,0.0
2025-11-05 03:05:00+00:00,94.0999984741211,94.5,94.0999984741211,94.5,31053,0.0,0.0
2025-11-05 03:10:00+00:00,94.5,94.5,94.0,94.0999984741211,49216,0.0,0.0
2025-11-05 03:15:00+00:00,94.30000305175781,94.80000305175781,94.0999984741211,94.5,57115,0.0,0.0
2025-11-05 03:20:00+00:00,94.5,94.5,94.19999694824219,94.4000015258789,11010,0.0,0.0
2025-11-05 03:25:00+00:00,94.4000015258789,94.5,94.4000015258789,94.5,14000,0.0,0.0
2025-11-05 03:30:00+00:00,94.5,94.5,94.5,94.5,10000,0.0,0.0
2025-11-05 03:35:00+00:00,94.4000015258789,94.4000015258789,94.30000305175781,94.30000305175781,5300,0.0,0.0
2025-11-05 03:40:00+00:00,94.30000305175781,94.4000015258789,94.19999694824219,94.30000305175781,14000,0.0,0.0
2025-11-05 03:45:00+00:00,94.30000305175781,94.5,94.30000305175781,94.5,5002,0.0,0.0
2025-11-05 03:50:00+00:00,94.5,94.5999984741211,94.30000305175781,94.5,34050,0.0,0.0
2025-11-05 03:55:00+00:00,94.4000015258789,94.5,94.4000015258789,94.4000015258789,4233,0.0,0.0
2025-11-05 04:00:00+00:00,94.5,94.5999984741211,94.5,94.5999984741211,12100,0.0,0.0
2025-11-05 04:05:00+00:00,94.5999984741211,94.9000015258789,94.5999984741211,94.80000305175781,27000,0.0,0.0
2025-11-05 04:10:00+00:00,94.80000305175781,94.9000015258789,94.69999694824219,94.80000305175781,11050,0.0,0.0
2025-11-05 04:15:00+00:00,94.80000305175781,94.9000015258789,94.80000305175781,94.80000305175781,18370,0.0,0.0
2025-11-05 04:20:00+00:00,94.80000305175781,94.80000305175781,94.69999694824219,94.69999694824219,22050,0.0,0.0
2025-11-05 04:25:00+00:00,94.69999694824219,94.69999694824219,94.5999984741211,94.5999984741211,10130,0.0,0.0
2025-11-05 04:30:00+00:00,94.69999694824219,94.9000015258789,94.5999984741211,94.9000015258789,28196,0.0,0.0
2025-11-05 04:35:00+00:00,94.9000015258789,95.0999984741211,94.9000015258789,94.9000015258789,23000,0.0,0.0
2025-11-05 04:40:00+00:00,94.9000015258789,95.30000305175781,94.9000015258789,95.0999984741211,41198,0.0,0.0
2025-11-05 04:45:00+00:00,95.0999984741211,95.30000305175781,95.0,95.19999694824219,13050,0.0,0.0
2025-11-05 04:50:00+00:00,95.30000305175781,95.4000015258789,95.30000305175781,95.4000015258789,11105,0.0,0.0
2025-11-05 04:55:00+00:00,95.30000305175781,95.4000015258789,95.0999984741211,95.0999984741211,16130,0.0,0.0
2025-11-05 05:00:00+00:00,95.19999694824219,95.19999694824219,95.0999984741211,95.19999694824219,25000,0.0,0.0
2025-11-05 05:05:00+00:00,95.0999984741211,95.5999984741211,95.0,95.5,69059,0.0,0.0
2025-11-05 05:10:00+00:00,95.69999694824219,95.69999694824219,95.30000305175781,95.30000305175781,107620,0.0,0.0
2025-11-05 05:15:00+00:00,95.19999694824219,95.4000015258789,95.19999694824219,95.4000015258789,23420,0.0,0.0
2025-11-05 05:20:00+00:00,95.30000305175781,95.4000015258789,95.19999694824219,95.30000305175781,62950,0.0,0.0
2025-11-06 01:00:00+00:00,96.30000305175781,97.0999984741211,95.80000305175781,96.0,0,0.0,0.0
2025-11-06 01:05:00+00:00,96.0999984741211,96.0999984741211,95.5999984741211,95.69999694824219,60231,0.0,0.0
2025-11-06 01:10:00+00:00,95.5999984741211,95.5999984741211,95.19999694824219,95.19999694824219,84319,0.0,0.0
2025-11-06 01:15:00+00:00,95.19999694824219,95.30000305175781,95.0,95.30000305175781,77576,0.0,0.0
2025-11-06 01:20:00+00:00,95.4000015258789,95.4000015258789,95.0,95.0999984741211,68148,0.0,0.0
2025-11-06 01:25:00+00:00,95.0999984741211,95.30000305175781,94.5,94.5,97310,0.0,0.0
2025-11-06 01:30:00+00:00,94.5999984741211,94.9000015258789,94.5999984741211,94.9000015258789,25002,0.0,0.0
2025-11-06 01:35:00+00:00,95.0,95.19999694824219,94.80000305175781,94.80000305175781,34300,0.0,0.0
2025-11-06 01:40:00+00:00,95.0,95.69999694824219,94.80000305175781,95.4000015258789,49520,0.0,0.0
2025-11-06 01:45:00+00:00,95.5,95.69999694824219,95.5,95.5999984741211,16041,0.0,0.0
2025-11-06 01:50:00+00:00,95.5999984741211,95.5999984741211,95.4000015258789,95.5,9094,0.0,0.0
2025-11-06 01:55:00+00:00,95.5,95.5999984741211,95.5,95.5,10006,0.0,0.0
2025-11-06 02:00:00+00:00,95.4000015258789,95.4000015258789,94.9000015258789,94.9000015258789,30354,0.0,0.0
2025-11-06 02:05:00+00:00,94.80000305175781,94.80000305175781,94.69999694824219,94.80000305175781,14397,0.0,0.0
2025-11-06 02:10:00+00:00,94.69999694824219,94.80000305175781,94.5999984741211,94.69999694824219,27112,0.0,0.0
2025-11-06 02:15:00+00:00,94.5999984741211,94.5999984741211,93.9000015258789,93.9000015258789,207836,0.0,0.0
2025-11-06 02:20:00+00:00,94.0,94.0,93.19999694824219,93.4000015258789,166551,0.0,0.0
2025-11-06 02:25:00+00:00,93.5999984741211,93.69999694824219,93.5,93.69999694824219,30080,0.0,0.0
2025-11-06 02:30:00+00:00,93.69999694824219,94.0,93.69999694824219,94.0,21682,0.0,0.0
2025-11-06 02:35:00+00:00,94.0999984741211,94.4000015258789,94.0999984741211,94.30000305175781,15000,0.0,0.0
2025-11-06 02:40:00+00:00,94.30000305175781,94.30000305175781,94.0999984741211,94.0999984741211,13000,0.0,0.0
2025-11-06 02:45:00+00:00,94.19999694824219,94.80000305175781,94.19999694824219,94.80000305175781,22000,0.0,0.0
2025-11-06 02:50:00+00:00,94.5,94.5,94.5,94.5,17006,0.0,0.0
2025-11-06 02:55:00+00:00,94.5,94.5999984741211,94.4000015258789,94.5999984741211,18100,0.0,0.0
2025-11-06 03:00:00+00:00,94.5,94.5,94.30000305175781,94.30000305175781,29600,0.0,0.0
2025-11-06 03:05:00+00:00,94.5,94.5,94.4000015258789,94.4000015258789,9166,0.0,0.0
2025-11-06 03:10:00+00:00,94.4000015258789,94.4000015258789,94.19999694824219,94.19999694824219,20100,0.0,0.0
2025-11-06 03:15:00+00:00,94.19999694824219,94.30000305175781,94.19999694824219,94.30000305175781,4100,0.0,0.0
2025-11-06 03:20:00+00:00,94.4000015258789,94.4000015258789,94.19999694824219,94.19999694824219,12000,0.0,0.0
2025-11-06 03:25:00+00:00,94.30000305175781,94.30000305175781,94.0999984741211,94.0999984741211,23612,0.0,0.0
2025-11-06 03:30:00+00:00,94.0999984741211,94.30000305175781,94.0999984741211,94.30000305175781,3398,0.0,0.0
2025-11-06 03:35:00+00:00,94.19999694824219,94.5999984741211,94.19999694824219,94.5999984741211,17000,0.0,0.0
2025-11-06 03:40:00+00:00,94.5999984741211,94.5999984741211,94.4000015258789,94.5,5000,0.0,0.0
2025-11-06 03:45:00+00:00,94.5,95.19999694824219,94.5,95.0999984741211,66050,0.0,0.0
2025-11-06 03:50:00+00:00,94.9000015258789,95.0,94.69999694824219,94.69999694824219,6043,0.0,0.0
2025-11-06 03:55:00+00:00,94.9000015258789,94.9000015258789,94.9000015258789,94.9000015258789,1000,0.0,0.0
2025-11-06 04:00:00+00:00,94.9000015258789,94.9000015258789,94.80000305175781,94.80000305175781,6011,0.0,0.0
2025-11-06 04:05:00+00:00,94.80000305175781,94.80000305175781,94.80000305175781,94.80000305175781,4030,0.0,0.0
2025-11-06 04:10:00+00:00,94.80000305175781,94.80000305175781,94.69999694824219,94.80000305175781,11000,0.0,0.0
2025-11-06 04:15:00+00:00,94.69999694824219,94.80000305175781,94.69999694824219,94.69999694824219,8100,0.0,0.0
2025-11-06 04:20:00+00:00,94.5999984741211,94.5999984741211,94.5999984741211,94.5999984741211,5030,0.0,0.0
2025-11-06 04:25:00+00:00,94.5999984741211,94.5999984741211,94.5999984741211,94.5999984741211,5027,0.0,0.0
2025-11-06 04:30:00+00:00,94.5999984741211,94.5999984741211,94.5999984741211,94.5999984741211,4050,0.0,0.0
2025-11-06 04:35:00+00:00,94.5,94.5,94.30000305175781,94.30000305175781,13000,0.0,0.0
2025-11-06 04:40:00+00:00,94.30000305175781,94.5999984741211,94.30000305175781,94.5999984741211,9190,0.0,0.0
2025-11-06 04:45:00+00:00,94.30000305175781,94.30000305175781,94.19999694824219,94.30000305175781,19380,0.0,0.0
2025-11-06 04:50:00+00:00,94.5,94.5,94.5,94.5,2205,0.0,0.0
2025-11-06 04:55:00+00:00,94.5,94.5999984741211,94.4000015258789,94.4000015258789,12555,0.0,0.0
2025-11-06 05:00:00+00:00,94.5,94.69999694824219,94.0999984741211,94.0999984741211,57921,0.0,0.0
2025-11-06 05:05:00+00:00,94.19999694824219,94.30000305175781,94.19999694824219,94.30000305175781,10351,0.0,0.0
2025-11-06 05:10:00+00:00,94.30000305175781,94.30000305175781,94.19999694824219,94.30000305175781,18762,0.0,0.0
2025-11-06 05:15:00+00:00,94.30000305175781,94.4000015258789,94.19999694824219,94.30000305175781,35788,0.0,0.0
2025-11-06 05:20:00+00:00,94.30000305175781,94.4000015258789,94.0,94.0,64744,0.0,0.0
2025-11-07 01:00:00+00:00,93.80000305175781,94.0999984741211,93.5999984741211,93.80000305175781,0,0.0,0.0
2025-11-07 01:05:00+00:00,93.80000305175781,94.0,93.5999984741211,93.5999984741211,33410,0.0,0.0
2025-11-07 01:10:00+00:00,93.69999694824219,93.9000015258789,93.5999984741211,93.80000305175781,26302,0.0,0.0
2025-11-07 01:15:00+00:00,93.69999694824219,94.19999694824219,93.69999694824219,94.19999694824219,23000,0.0,0.0
2025-11-07 01:20:00+00:00,94.0,94.0,93.69999694824219,93.69999694824219,30438,0.0,0.0
2025-11-07 01:25:00+00:00,93.69999694824219,93.69999694824219,93.5,93.69999694824219,31605,0.0,0.0
2025-11-07 01:30:00+00:00,93.69999694824219,94.0,93.4000015258789,93.5,73714,0.0,0.0
2025-11-07 01:35:00+00:00,93.4000015258789,93.5,93.30000305175781,93.5,10542,0.0,0.0
2025-11-07 01:40:00+00:00,93.5,93.5,93.30000305175781,93.30000305175781,23602,0.0,0.0
2025-11-07 01:45:00+00:00,93.30000305175781,93.5,93.30000305175781,93.5,22030,0.0,0.0
2025-11-07 01:50:00+00:00,93.4000015258789,93.4000015258789,93.0999984741211,93.0999984741211,68714,0.0,0.0
2025-11-07 01:55:00+00:00,93.19999694824219,93.5,93.0999984741211,93.0999984741211,28172,0.0,0.0
2025-11-07 02:00:00+00:00,93.0999984741211,93.0999984741211,92.80000305175781,92.9000015258789,82480,0.0,0.0
2025-11-07 02:05:00+00:00,92.9000015258789,93.0,92.80000305175781,92.9000015258789,32740,0.0,0.0
2025-11-07 02:10:00+00:00,93.0,93.0,92.80000305175781,92.9000015258789,17020,0.0,0.0
2025-11-07 02:15:00+00:00,92.80000305175781,93.0,92.80000305175781,93.0,15225,0.0,0.0
2025-11-07 02:20:00+00:00,93.19999694824219,93.19999694824219,93.19999694824219,93.19999694824219,3124,0.0,0.0
2025-11-07 02:25:00+00:00,93.0999984741211,93.0999984741211,92.80000305175781,92.80000305175781,38145,0.0,0.0
2025-11-07 02:30:00+00:00,93.0999984741211,93.4000015258789,93.0999984741211,93.0999984741211,8190,0.0,0.0
2025-11-07 02:35:00+00:00,93.0999984741211,93.4000015258789,92.9000015258789,93.30000305175781,26721,0.0,0.0
2025-11-07 02:40:00+00:00,93.4000015258789,93.5,93.4000015258789,93.5,13396,0.0,0.0
2025-11-07 02:45:00+00:00,93.5,93.5999984741211,93.5,93.5999984741211,8599,0.0,0.0
2025-11-07 02:50:00+00:00,93.5,93.69999694824219,93.5,93.69999694824219,14045,0.0,0.0
2025-11-07 02:55:00+00:00,93.69999694824219,93.9000015258789,93.69999694824219,93.80000305175781,29000,0.0,0.0
2025-11-07 03:00:00+00:00,93.80000305175781,94.0,93.80000305175781,94.0,14000,0.0,0.0
2025-11-07 03:05:00+00:00,94.0,94.0999984741211,94.0,94.0999984741211,28000,0.0,0.0
2025-11-07 03:10:00+00:00,94.0,94.0999984741211,93.9000015258789,94.0999984741211,16000,0.0,0.0
2025-11-07 03:15:00+00:00,94.0,94.0999984741211,94.0,94.0999984741211,11000,0.0,0.0
2025-11-07 03:20:00+00:00,94.0999984741211,94.0999984741211,94.0999984741211,94.0999984741211,10197,0.0,0.0
2025-11-07 03:25:00+00:00,94.0999984741211,94.19999694824219,94.0999984741211,94.0999984741211,4013,0.0,0.0
2025-11-07 03:30:00+00:00,94.0999984741211,94.0999984741211,94.0999984741211,94.0999984741211,1000,0.0,0.0
2025-11-07 03:35:00+00:00,94.0999984741211,94.19999694824219,94.0999984741211,94.19999694824219,4000,0.0,0.0
2025-11-07 03:40:00+00:00,94.0999984741211,94.0999984741211,94.0999984741211,94.0999984741211,10000,0.0,0.0
2025-11-07 03:45:00+00:00,94.0,94.0999984741211,94.0,94.0999984741211,8000,0.0,0.0
2025-11-07 03:50:00+00:00,94.0,94.0,93.9000015258789,93.9000015258789,4000,0.0,0.0
2025-11-07 03:55:00+00:00,93.9000015258789,93.9000015258789,93.9000015258789,93.9000015258789,2100,0.0,0.0
2025-11-07 04:00:00+00:00,94.0999984741211,94.0999984741211,93.9000015258789,93.9000015258789,7025,0.0,0.0
2025-11-07 04:05:00+00:00,94.0,94.0999984741211,93.9000015258789,93.9000015258789,5000,0.0,0.0
2025-11-07 04:10:00+00:00,94.0,94.0999984741211,94.0,94.0,3007,0.0,0.0
2025-11-07 04:15:00+00:00,94.0,94.5,94.0,94.5,85392,0.0,0.0
2025-11-07 04:20:00+00:00,94.4000015258789,94.4000015258789,94.19999694824219,94.19999694824219,18000,0.0,0.0
2025-11-07 04:25:00+00:00,94.19999694824219,94.19999694824219,94.19999694824219,94.19999694824219,14000,0.0,0.0
2025-11-07 04:30:00+00:00,94.19999694824219,94.19999694824219,94.0,94.0,8030,0.0,0.0
2025-11-07 04:35:00+00:00,94.0,94.0,94.0,94.0,10010,0.0,0.0
2025-11-07 04:40:00+00:00,94.0,94.0999984741211,94.0,94.0,10010,0.0,0.0
2025-11-07 04:45:00+00:00,94.0,94.0999984741211,94.0,94.0,6026,0.0,0.0
2025-11-07 04:50:00+00:00,94.0999984741211,94.0999984741211,94.0,94.0999984741211,6074,0.0,0.0
2025-11-07 04:55:00+00:00,94.0999984741211,94.0999984741211,93.69999694824219,93.69999694824219,24000,0.0,0.0
2025-11-07 05:00:00+00:00,93.69999694824219,93.9000015258789,93.69999694824219,93.9000015258789,6436,0.0,0.0
2025-11-07 05:05:00+00:00,93.9000015258789,93.9000015258789,93.80000305175781,93.80000305175781,6580,0.0,0.0
2025-11-07 05:10:00+00:00,93.80000305175781,93.80000305175781,93.69999694824219,93.80000305175781,13353,0.0,0.0
2025-11-07 05:15:00+00:00,93.69999694824219,93.9000015258789,93.69999694824219,93.69999694824219,24036,0.0,0.0
2025-11-07 05:20:00+00:00,93.69999694824219,93.9000015258789,93.5,93.69999694824219,46861,0.0,0.0
2025-11-10 01:00:00+00:00,93.69999694824219,95.30000305175781,93.69999694824219,93.80000305175781,0,0.0,0.0
2025-11-10 01:05:00+00:00,94.0999984741211,94.0999984741211,93.30000305175781,93.5,50363,0.0,0.0
2025-11-10 01:10:00+00:00,93.4000015258789,93.5,93.30000305175781,93.4000015258789,18028,0.0,0.0
2025-11-10 01:15:00+00:00,93.5,94.19999694824219,93.30000305175781,93.30000305175781,43078,0.0,0.0
2025-11-10 01:20:00+00:00,93.30000305175781,93.4000015258789,93.0,93.19999694824219,64420,0.0,0.0
2025-11-10 01:25:00+00:00,93.0999984741211,93.19999694824219,93.0,93.19999694824219,21408,0.0,0.0
2025-11-10 01:30:00+00:00,93.19999694824219,93.4000015258789,93.19999694824219,93.30000305175781,14399,0.0,0.0
2025-11-10 01:35:00+00:00,93.30000305175781,93.30000305175781,93.0,93.0,17180,0.0,0.0
2025-11-10 01:40:00+00:00,92.9000015258789,92.9000015258789,92.80000305175781,92.80000305175781,15390,0.0,0.0
2025-11-10 01:45:00+00:00,92.9000015258789,93.19999694824219,92.9000015258789,93.0,20000,0.0,0.0
2025-11-10 01:50:00+00:00,93.0999984741211,93.5,93.0999984741211,93.4000015258789,28301,0.0,0.0
2025-11-10 01:55:00+00:00,93.5999984741211,93.5999984741211,93.5999984741211,93.5999984741211,1000,0.0,0.0
2025-11-10 02:00:00+00:00,93.69999694824219,93.69999694824219,93.0999984741211,93.4000015258789,61010,0.0,0.0
2025-11-10 02:05:00+00:00,93.5,93.9000015258789,93.5,93.5999984741211,55400,0.0,0.0
2025-11-10 02:10:00+00:00,93.5999984741211,93.5999984741211,93.5999984741211,93.5999984741211,14000,0.0,0.0
2025-11-10 02:15:00+00:00,93.5999984741211,94.0,93.5999984741211,93.9000015258789,34210,0.0,0.0
2025-11-10 02:20:00+00:00,94.0,94.0999984741211,94.0,94.0999984741211,14091,0.0,0.0
2025-11-10 02:25:00+00:00,94.0,94.0999984741211,94.0,94.0999984741211,5030,0.0,0.0
2025-11-10 02:30:00+00:00,94.0,94.30000305175781,93.9000015258789,94.30000305175781,20671,0.0,0.0
2025-11-10 02:35:00+00:00,94.30000305175781,94.5,94.30000305175781,94.5,9000,0.0,0.0
2025-11-10 02:40:00+00:00,94.5,94.5,94.4000015258789,94.4000015258789,11039,0.0,0.0
2025-11-10 02:45:00+00:00,94.4000015258789,94.4000015258789,94.19999694824219,94.19999694824219,19575,0.0,0.0
2025-11-10 02:50:00+00:00,94.19999694824219,94.30000305175781,94.0999984741211,94.0999984741211,5200,0.0,0.0
2025-11-10 02:55:00+00:00,94.19999694824219,94.19999694824219,94.0,94.0,13200,0.0,0.0
2025-11-10 03:00:00+00:00,94.0,94.0999984741211,94.0,94.0999984741211,4000,0.0,0.0
2025-11-10 03:05:00+00:00,94.0,94.0,93.9000015258789,93.9000015258789,11255,0.0,0.0
2025-11-10 03:10:00+00:00,93.9000015258789,93.9000015258789,93.9000015258789,93.9000015258789,2011,0.0,0.0
2025-11-10 03:15:00+00:00,93.80000305175781,93.9000015258789,93.69999694824219,93.9000015258789,8274,0.0,0.0
2025-11-10 03:20:00+00:00,93.9000015258789,93.9000015258789,93.9000015258789,93.9000015258789,1000,0.0,0.0
2025-11-10 03:25:00+00:00,93.5999984741211,93.5999984741211,93.5999984741211,93.5999984741211,3000,0.0,0.0
2025-11-10 03:30:00+00:00,93.69999694824219,93.69999694824219,93.69999694824219,93.69999694824219,1200,0.0,0.0
2025-11-10 03:35:00+00:00,93.5999984741211,93.5999984741211,93.5999984741211,93.5999984741211,3510,0.0,0.0
2025-11-10 03:40:00+00:00,93.5999984741211,93.5999984741211,93.4000015258789,93.5,9187,0.0,0.0
2025-11-10 03:45:00+00:00,93.5,93.5,93.5,93.5,10000,0.0,0.0
2025-11-10 03:50:00+00:00,93.5999984741211,93.5999984741211,93.4000015258789,93.4000015258789,6002,0.0,0.0
2025-11-10 03:55:00+00:00,93.30000305175781,93.30000305175781,93.30000305175781,93.30000305175781,5308,0.0,0.0
2025-11-10 04:00:00+00:00,93.19999694824219,93.19999694824219,93.19999694824219,93.19999694824219,1000,0.0,0.0
2025-11-10 04:05:00+00:00,93.30000305175781,93.30000305175781,93.30000305175781,93.30000305175781,6010,0.0,0.0
2025-11-10 04:10:00+00:00,93.19999694824219,93.19999694824219,93.19999694824219,93.19999694824219,7000,0.0,0.0
2025-11-10 04:15:00+00:00,93.19999694824219,93.19999694824219,93.19999694824219,93.19999694824219,3239,0.0,0.0
2025-11-10 04:20:00+00:00,93.30000305175781,93.30000305175781,93.0999984741211,93.0999984741211,15050,0.0,0.0
2025-11-10 04:25:00+00:00,93.0999984741211,93.0999984741211,93.0999984741211,93.0999984741211,12919,0.0,0.0
2025-11-10 04:30:00+00:00,93.0999984741211,93.0999984741211,93.0999984741211,93.0999984741211,4216,0.0,0.0
2025-11-10 04:35:00+00:00,93.0999984741211,93.0999984741211,92.9000015258789,92.9000015258789,66000,0.0,0.0
2025-11-10 04:40:00+00:00,93.0,93.0,93.0,93.0,18400,0.0,0.0
2025-11-10 04:45:00+00:00,93.0999984741211,93.19999694824219,93.0999984741211,93.19999694824219,4202,0.0,0.0
2025-11-10 04:50:00+00:00,93.19999694824219,93.4000015258789,93.19999694824219,93.4000015258789,5200,0.0,0.0
2025-11-10 04:55:00+00:00,93.4000015258789,93.5,93.30000305175781,93.5,17185,0.0,0.0
2025-11-10 05:00:00+00:00,93.5999984741211,93.69999694824219,93.5999984741211,93.69999694824219,3254,0.0,0.0
2025-11-10 05:05:00+00:00,93.69999694824219,93.80000305175781,93.5,93.5,20000,0.0,0.0
2025-11-10 05:10:00+00:00,93.5,93.80000305175781,93.5,93.69999694824219,36347,0.0,0.0
2025-11-10 05:15:00+00:00,93.4000015258789,93.69999694824219,93.4000015258789,93.5999984741211,19100,0.0,0.0
2025-11-10 05:20:00+00:00,93.5999984741211,93.80000305175781,93.30000305175781,93.80000305175781,48789,0.0,0.0
2025-11-11 01:00:00+00:00,93.30000305175781,94.0,93.30000305175781,93.69999694824219,0,0.0,0.0
2025-11-11 01:05:00+00:00,93.69999694824219,95.5,93.69999694824219,95.30000305175781,221000,0.0,0.0
2025-11-11 01:10:00+00:00,95.30000305175781,95.4000015258789,95.0,95.30000305175781,76558,0.0,0.0
2025-11-11 01:15:00+00:00,95.30000305175781,95.4000015258789,94.9000015258789,94.9000015258789,22663,0.0,0.0
2025-11-11 01:20:00+00:00,94.9000015258789,95.0,94.4000015258789,94.4000015258789,48197,0.0,0.0
2025-11-11 01:25:00+00:00,94.4000015258789,94.69999694824219,94.4000015258789,94.69999694824219,24000,0.0,0.0
2025-11-11 01:30:00+00:00,94.5,94.5,94.5,94.5,15301,0.0,0.0
2025-11-11 01:35:00+00:00,94.4000015258789,94.5999984741211,94.30000305175781,94.5,14100,0.0,0.0
2025-11-11 01:40:00+00:00,94.5,94.80000305175781,94.5,94.80000305175781,17072,0.0,0.0
2025-11-11 01:45:00+00:00,94.80000305175781,95.5,94.80000305175781,95.0999984741211,92490,0.0,0.0
2025-11-11 01:50:00+00:00,95.0,95.4000015258789,95.0,95.19999694824219,54106,0.0,0.0
2025-11-11 01:55:00+00:00,95.30000305175781,96.5,95.30000305175781,95.80000305175781,198092,0.0,0.0
2025-11-11 02:00:00+00:00,95.80000305175781,95.80000305175781,95.69999694824219,95.80000305175781,23190,0.0,0.0
2025-11-11 02:05:00+00:00,95.5999984741211,95.69999694824219,95.5999984741211,95.69999694824219,31050,0.0,0.0
2025-11-11 02:10:00+00:00,95.69999694824219,95.9000015258789,95.69999694824219,95.80000305175781,32568,0.0,0.0
2025-11-11 02:15:00+00:00,95.9000015258789,96.19999694824219,95.9000015258789,96.0999984741211,60653,0.0,0.0
2025-11-11 02:20:00+00:00,96.0,96.0999984741211,96.0,96.0999984741211,3150,0.0,0.0
2025-11-11 02:25:00+00:00,95.9000015258789,96.0,95.5999984741211,95.5999984741211,25120,0.0,0.0
2025-11-11 02:30:00+00:00,95.5999984741211,95.5999984741211,95.5,95.5,22245,0.0,0.0
2025-11-11 02:35:00+00:00,95.4000015258789,95.5,95.4000015258789,95.5,4005,0.0,0.0
2025-11-11 02:45:00+00:00,95.80000305175781,95.9000015258789,95.80000305175781,95.80000305175781,5517,0.0,0.0
2025-11-11 02:50:00+00:00,95.80000305175781,95.80000305175781,95.69999694824219,95.80000305175781,7000,0.0,0.0
2025-11-11 02:55:00+00:00,95.69999694824219,95.69999694824219,95.5999984741211,95.5999984741211,13201,0.0,0.0
2025-11-11 03:00:00+00:00,95.5999984741211,95.5999984741211,95.5,95.5,17400,0.0,0.0
2025-11-11 03:05:00+00:00,95.5,95.5,95.5,95.5,1000,0.0,0.0
2025-11-11 03:10:00+00:00,95.5,95.5999984741211,95.5,95.5999984741211,7000,0.0,0.0
2025-11-11 03:15:00+00:00,95.5,95.5999984741211,95.5,95.5999984741211,2491,0.0,0.0
2025-11-11 03:20:00+00:00,95.5999984741211,95.5999984741211,95.5999984741211,95.5999984741211,5003,0.0,0.0
2025-11-11 03:25:00+00:00,95.5,95.5,95.5,95.5,4007,0.0,0.0
2025-11-11 03:30:00+00:00,95.4000015258789,95.4000015258789,95.4000015258789,95.4000015258789,1000,0.0,0.0
2025-11-11 03:35:00+00:00,95.4000015258789,95.4000015258789,95.0999984741211,95.0999984741211,24223,0.0,0.0
2025-11-11 03:40:00+00:00,95.0999984741211,95.0999984741211,94.9000015258789,94.9000015258789,65700,0.0,0.0
2025-11-11 03:45:00+00:00,95.0,95.0,94.9000015258789,94.9000015258789,6020,0.0,0.0
2025-11-11 03:50:00+00:00,94.9000015258789,94.9000015258789,94.9000015258789,94.9000015258789,4030,0.0,0.0
2025-11-11 03:55:00+00:00,94.9000015258789,94.9000015258789,94.9000015258789,94.9000015258789,2058,0.0,0.0
2025-11-11 04:00:00+00:00,94.9000015258789,94.9000015258789,94.9000015258789,94.9000015258789,1000,0.0,0.0
2025-11-11 04:05:00+00:00,94.9000015258789,94.9000015258789,94.80000305175781,94.80000305175781,21020,0.0,0.0
2025-11-11 04:10:00+00:00,94.80000305175781,94.80000305175781,94.5,94.69999694824219,23280,0.0,0.0
2025-11-11 04:15:00+00:00,94.5999984741211,94.5999984741211,94.5999984741211,94.5999984741211,1049,0.0,0.0
2025-11-11 04:20:00+00:00,94.69999694824219,94.69999694824219,94.69999694824219,94.69999694824219,2044,0.0,0.0
2025-11-11 04:25:00+00:00,94.69999694824219,94.80000305175781,94.5999984741211,94.80000305175781,34809,0.0,0.0
2025-11-11 04:30:00+00:00,94.5999984741211,94.5999984741211,94.5999984741211,94.5999984741211,6100,0.0,0.0
2025-11-11 04:35:00+00:00,94.5999984741211,94.69999694824219,94.5999984741211,94.69999694824219,18020,0.0,0.0
2025-11-11 04:40:00+00:00,94.69999694824219,94.69999694824219,94.69999694824219,94.69999694824219,9006,0.0,0.0
2025-11-11 04:45:00+00:00,94.69999694824219,94.80000305175781,94.5999984741211,94.80000305175781,12000,0.0,0.0
2025-11-11 04:50:00+00:00,94.69999694824219,94.69999694824219,94.69999694824219,94.69999694824219,8030,0.0,0.0
2025-11-11 04:55:00+00:00,94.69999694824219,94.80000305175781,94.69999694824219,94.69999694824219,9020,0.0,0.0
2025-11-11 05:00:00+00:00,94.69999694824219,94.69999694824219,94.5999984741211,94.5999984741211,14100,0.0,0.0
2025-11-11 05:05:00+00:00,94.5999984741211,94.69999694824219,94.5999984741211,94.69999694824219,8000,0.0,0.0
2025-11-11 05:10:00+00:00,94.5999984741211,94.69999694824219,94.4000015258789,94.4000015258789,55509,0.0,0.0
2025-11-11 05:15:00+00:00,94.4000015258789,94.5,94.30000305175781,94.30000305175781,22030,0.0,0.0
2025-11-11 05:20:00+00:00,94.30000305175781,94.30000305175781,94.19999694824219,94.30000305175781,32187,0.0,0.0
2025-11-12 01:00:00+00:00,95.0,96.0,95.0,95.5999984741211,0,0.0,0.0
2025-11-12 01:05:00+00:00,95.5999984741211,96.0,95.5999984741211,95.9000015258789,124000,0.0,0.0
2025-11-12 01:10:00+00:00,95.9000015258789,96.0,95.5,95.5999984741211,39332,0.0,0.0
2025-11-12 01:15:00+00:00,95.5,95.5,95.30000305175781,95.4000015258789,20000,0.0,0.0
2025-11-12 01:20:00+00:00,95.4000015258789,95.5,95.0999984741211,95.5,41103,0.0,0.0
2025-11-12 01:25:00+00:00,95.5,95.5999984741211,95.30000305175781,95.30000305175781,23000,0.0,0.0
2025-11-12 01:30:00+00:00,95.30000305175781,95.30000305175781,95.0999984741211,95.30000305175781,9519,0.0,0.0
2025-11-12 01:35:00+00:00,95.30000305175781,95.5999984741211,95.19999694824219,95.5999984741211,18643,0.0,0.0
2025-11-12 01:40:00+00:00,95.5999984741211,95.80000305175781,95.5999984741211,95.80000305175781,17227,0.0,0.0
2025-11-12 01:45:00+00:00,95.69999694824219,95.69999694824219,95.5999984741211,95.5999984741211,10105,0.0,0.0
2025-11-12 01:50:00+00:00,95.5999984741211,95.5999984741211,95.5,95.5999984741211,9108,0.0,0.0
2025-11-12 01:55:00+00:00,95.5,95.80000305175781,95.5,95.80000305175781,16250,0.0,0.0
2025-11-12 02:00:00+00:00,95.69999694824219,95.69999694824219,95.5999984741211,95.5999984741211,10200,0.0,0.0
2025-11-12 02:05:00+00:00,95.5,95.5,95.30000305175781,95.30000305175781,12516,0.0,0.0
2025-11-12 02:10:00+00:00,95.4000015258789,95.4000015258789,95.30000305175781,95.30000305175781,4300,0.0,0.0
2025-11-12 02:15:00+00:00,95.4000015258789,95.5,95.4000015258789,95.5,19525,0.0,0.0
2025-11-12 02:20:00+00:00,95.5,95.5,95.30000305175781,95.4000015258789,10060,0.0,0.0
2025-11-12 02:25:00+00:00,95.5,95.5,95.4000015258789,95.4000015258789,6000,0.0,0.0
2025-11-12 02:30:00+00:00,95.4000015258789,95.4000015258789,95.19999694824219,95.30000305175781,36000,0.0,0.0
2025-11-12 02:35:00+00:00,95.30000305175781,95.30000305175781,95.0999984741211,95.0999984741211,10475,0.0,0.0
2025-11-12 02:40:00+00:00,95.0999984741211,95.0999984741211,95.0999984741211,95.0999984741211,22000,0.0,0.0
2025-11-12 02:45:00+00:00,95.0,95.0,94.80000305175781,94.80000305175781,56832,0.0,0.0
2025-11-12 02:50:00+00:00,94.80000305175781,94.9000015258789,94.5999984741211,94.69999694824219,41200,0.0,0.0
2025-11-12 02:55:00+00:00,94.69999694824219,94.69999694824219,94.5999984741211,94.5999984741211,11466,0.0,0.0
2025-11-12 03:00:00+00:00,94.5999984741211,94.69999694824219,94.5999984741211,94.69999694824219,14400,0.0,0.0
2025-11-12 03:05:00+00:00,94.69999694824219,95.0,94.69999694824219,95.0,9000,0.0,0.0
2025-11-12 03:10:00+00:00,94.9000015258789,95.0,94.80000305175781,94.80000305175781,6000,0.0,0.0
2025-11-12 03:15:00+00:00,94.80000305175781,94.80000305175781,94.80000305175781,94.80000305175781,5110,0.0,0.0
2025-11-12 03:20:00+00:00,94.69999694824219,94.69999694824219,94.30000305175781,94.30000305175781,52987,0.0,0.0
2025-11-12 03:25:00+00:00,94.30000305175781,94.4000015258789,94.30000305175781,94.4000015258789,11762,0.0,0.0
2025-11-12 03:30:00+00:00,94.5,94.5,94.5,94.5,11000,0.0,0.0
2025-11-12 03:35:00+00:00,94.4000015258789,94.4000015258789,94.30000305175781,94.30000305175781,17117,0.0,0.0
2025-11-12 03:40:00+00:00,94.4000015258789,94.4000015258789,94.19999694824219,94.19999694824219,21772,0.0,0.0
2025-11-12 03:45:00+00:00,94.19999694824219,94.19999694824219,94.19999694824219,94.19999694824219,8000,0.0,0.0
2025-11-12 03:50:00+00:00,94.30000305175781,94.4000015258789,94.30000305175781,94.30000305175781,11198,0.0,0.0
2025-11-12 03:55:00+00:00,94.30000305175781,94.30000305175781,94.30000305175781,94.30000305175781,4005,0.0,0.0
2025-11-12 04:00:00+00:00,94.30000305175781,94.30000305175781,94.19999694824219,94.19999694824219,16050,0.0,0.0
2025-11-12 04:05:00+00:00,94.0999984741211,94.0999984741211,93.9000015258789,93.9000015258789,49164,0.0,0.0
2025-11-12 04:10:00+00:00,93.9000015258789,93.9000015258789,93.9000015258789,93.9000015258789,10120,0.0,0.0
2025-11-12 04:15:00+00:00,94.0,94.0,93.80000305175781,93.9000015258789,16816,0.0,0.0
2025-11-12 04:20:00+00:00,93.80000305175781,93.80000305175781,93.69999694824219,93.69999694824219,8290,0.0,0.0
2025-11-12 04:25:00+00:00,93.80000305175781,93.9000015258789,93.69999694824219,93.80000305175781,24160,0.0,0.0
2025-11-12 04:30:00+00:00,93.80000305175781,93.80000305175781,93.80000305175781,93.80000305175781,9080,0.0,0.0
2025-11-12 04:35:00+00:00,93.80000305175781,93.9000015258789,93.80000305175781,93.9000015258789,6380,0.0,0.0
2025-11-12 04:40:00+00:00,93.9000015258789,93.9000015258789,93.9000015258789,93.9000015258789,2000,0.0,0.0
2025-11-12 04:45:00+00:00,93.9000015258789,93.9000015258789,93.9000015258789,93.9000015258789,6033,0.0,0.0
2025-11-12 04:50:00+00:00,93.9000015258789,93.9000015258789,93.9000015258789,93.9000015258789,13030,0.0,0.0
2025-11-12 04:55:00+00:00,93.9000015258789,94.0,93.80000305175781,93.80000305175781,42120,0.0,0.0
2025-11-12 05:00:00+00:00,93.9000015258789,94.0,93.9000015258789,94.0,18000,0.0,0.0
2025-11-12 05:05:00+00:00,94.0,94.0,93.80000305175781,93.9000015258789,16135,0.0,0.0
2025-11-12 05:10:00+00:00,93.80000305175781,93.9000015258789,93.80000305175781,93.80000305175781,27791,0.0,0.0
2025-11-12 05:15:00+00:00,93.80000305175781,93.80000305175781,93.80000305175781,93.80000305175781,12320,0.0,0.0
2025-11-12 05:20:00+00:00,93.80000305175781,93.80000305175781,93.5,93.5999984741211,109971,0.0,0.0
2025-11-13 01:00:00+00:00,94.0,94.30000305175781,93.5,93.80000305175781,0,0.0,0.0
2025-11-13 01:05:00+00:00,93.9000015258789,94.5,93.69999694824219,94.19999694824219,67009,0.0,0.0
2025-11-13 01:10:00+00:00,94.19999694824219,94.19999694824219,93.5,93.5,85954,0.0,0.0
2025-11-13 01:15:00+00:00,93.5,93.5999984741211,93.30000305175781,93.30000305175781,45476,0.0,0.0
2025-11-13 01:20:00+00:00,93.30000305175781,93.4000015258789,93.0999984741211,93.19999694824219,38778,0.0,0.0
2025-11-13 01:25:00+00:00,93.30000305175781,93.30000305175781,93.0,93.0,79020,0.0,0.0
2025-11-13 01:30:00+00:00,93.0,93.4000015258789,93.0,93.4000015258789,18720,0.0,0.0
2025-11-13 01:35:00+00:00,93.4000015258789,93.5,93.4000015258789,93.5,7363,0.0,0.0
2025-11-13 01:40:00+00:00,93.5999984741211,94.30000305175781,93.5999984741211,94.19999694824219,45040,0.0,0.0
2025-11-13 01:45:00+00:00,94.19999694824219,94.19999694824219,94.0,94.0999984741211,31128,0.0,0.0
2025-11-13 01:50:00+00:00,94.0,94.69999694824219,94.0,94.69999694824219,63400,0.0,0.0
2025-11-13 01:55:00+00:00,94.5999984741211,94.80000305175781,94.5,94.5999984741211,32550,0.0,0.0
2025-11-13 02:00:00+00:00,94.5999984741211,94.5999984741211,94.4000015258789,94.5,16050,0.0,0.0
2025-11-13 02:05:00+00:00,94.4000015258789,94.5,94.4000015258789,94.5,6000,0.0,0.0
2025-11-13 02:10:00+00:00,94.5,94.5,94.0999984741211,94.4000015258789,31000,0.0,0.0
2025-11-13 02:15:00+00:00,94.5,94.69999694824219,94.5,94.5,29024,0.0,0.0
2025-11-13 02:20:00+00:00,94.69999694824219,94.80000305175781,94.69999694824219,94.80000305175781,37100,0.0,0.0
2025-11-13 02:25:00+00:00,94.80000305175781,94.80000305175781,94.5,94.5,14450,0.0,0.0
2025-11-13 02:30:00+00:00,94.5,94.5,94.30000305175781,94.30000305175781,2321,0.0,0.0
2025-11-13 02:40:00+00:00,94.30000305175781,94.30000305175781,94.19999694824219,94.19999694824219,6200,0.0,0.0
2025-11-13 02:45:00+00:00,94.19999694824219,94.30000305175781,94.0999984741211,94.30000305175781,11001,0.0,0.0
2025-11-13 02:50:00+00:00,94.4000015258789,94.4000015258789,94.30000305175781,94.4000015258789,6000,0.0,0.0
2025-11-13 02:55:00+00:00,94.4000015258789,94.4000015258789,94.4000015258789,94.4000015258789,4083,0.0,0.0
2025-11-13 03:00:00+00:00,94.30000305175781,94.30000305175781,94.30000305175781,94.30000305175781,2000,0.0,0.0
2025-11-13 03:05:00+00:00,94.30000305175781,94.30000305175781,94.0999984741211,94.0999984741211,10002,0.0,0.0
2025-11-13 03:10:00+00:00,94.0999984741211,94.0999984741211,94.0999984741211,94.0999984741211,8011,0.0,0.0
2025-11-13 03:15:00+00:00,94.0,94.0,93.80000305175781,93.80000305175781,51700,0.0,0.0
2025-11-13 03:20:00+00:00,94.0999984741211,94.0999984741211,94.0,94.0,2000,0.0,0.0
2025-11-13 03:25:00+00:00,94.0999984741211,94.0999984741211,93.80000305175781,93.80000305175781,17791,0.0,0.0
2025-11-13 03:35:00+00:00,93.9000015258789,94.5,93.9000015258789,94.5,42991,0.0,0.0
2025-11-13 03:40:00+00:00,94.4000015258789,94.4000015258789,94.4000015258789,94.4000015258789,9030,0.0,0.0
2025-11-13 03:45:00+00:00,94.4000015258789,94.4000015258789,94.30000305175781,94.30000305175781,3171,0.0,0.0
2025-11-13 03:50:00+00:00,94.19999694824219,94.19999694824219,94.0,94.0,4029,0.0,0.0
2025-11-13 03:55:00+00:00,94.0,94.19999694824219,93.9000015258789,94.0,32000,0.0,0.0
2025-11-13 04:00:00+00:00,94.0,94.30000305175781,94.0,94.30000305175781,9000,0.0,0.0
2025-11-13 04:05:00+00:00,94.0999984741211,94.0999984741211,94.0,94.0999984741211,23000,0.0,0.0
2025-11-13 04:10:00+00:00,94.19999694824219,95.30000305175781,94.0999984741211,95.0999984741211,114928,0.0,0.0
2025-11-13 04:15:00+00:00,95.0999984741211,95.0999984741211,94.9000015258789,94.9000015258789,30000,0.0,0.0
2025-11-13 04:20:00+00:00,94.9000015258789,95.0,94.80000305175781,94.80000305175781,25316,0.0,0.0
2025-11-13 04:25:00+00:00,94.80000305175781,94.80000305175781,94.69999694824219,94.69999694824219,10026,0.0,0.0
2025-11-13 04:30:00+00:00,94.80000305175781,95.0999984741211,94.69999694824219,94.69999694824219,65000,0.0,0.0
2025-11-13 04:35:00+00:00,94.9000015258789,95.0,94.80000305175781,94.80000305175781,8000,0.0,0.0
2025-11-13 04:40:00+00:00,94.80000305175781,95.0,94.80000305175781,94.9000015258789,14030,0.0,0.0
2025-11-13 04:45:00+00:00,94.9000015258789,94.9000015258789,94.80000305175781,94.80000305175781,13030,0.0,0.0
2025-11-13 04:50:00+00:00,94.9000015258789,94.9000015258789,94.9000015258789,94.9000015258789,3000,0.0,0.0
2025-11-13 04:55:00+00:00,94.9000015258789,95.19999694824219,94.9000015258789,95.0,44149,0.0,0.0
2025-11-13 05:00:00+00:00,95.0,95.0999984741211,95.0,95.0,17123,0.0,0.0
2025-11-13 05:05:00+00:00,95.0,95.0,94.9000015258789,94.9000015258789,22150,0.0,0.0
2025-11-13 05:10:00+00:00,95.0,95.0,94.80000305175781,94.80000305175781,8119,0.0,0.0
2025-11-13 05:15:00+00:00,94.80000305175781,94.9000015258789,94.80000305175781,94.9000015258789,26326,0.0,0.0
2025-11-13 05:20:00+00:00,94.80000305175781,94.9000015258789,94.69999694824219,94.80000305175781,31590,0.0,0.0
2025-11-14 01:00:00+00:00,92.5,92.80000305175781,91.0999984741211,92.5999984741211,0,0.0,0.0
2025-11-14 01:05:00+00:00,92.5999984741211,93.0,92.5,93.0,63081,0.0,0.0
2025-11-14 01:10:00+00:00,93.0,93.0,92.4000015258789,92.4000015258789,55559,0.0,0.0
2025-11-14 01:15:00+00:00,92.30000305175781,92.69999694824219,91.9000015258789,92.69999694824219,54775,0.0,0.0
2025-11-14 01:20:00+00:00,92.80000305175781,92.80000305175781,92.30000305175781,92.5,44500,0.0,0.0
2025-11-14 01:25:00+00:00,92.5,92.5,92.4000015258789,92.4000015258789,34050,0.0,0.0
2025-11-14 01:30:00+00:00,92.30000305175781,92.69999694824219,92.30000305175781,92.69999694824219,14277,0.0,0.0
2025-11-14 01:35:00+00:00,92.80000305175781,92.80000305175781,92.5999984741211,92.5999984741211,9446,0.0,0.0
2025-11-14 01:40:00+00:00,92.5999984741211,92.69999694824219,92.5,92.5,23983,0.0,0.0
2025-11-14 01:45:00+00:00,92.5,92.5999984741211,92.5,92.5999984741211,5000,0.0,0.0
2025-11-14 01:50:00+00:00,92.5999984741211,93.30000305175781,92.5999984741211,93.0999984741211,38100,0.0,0.0
2025-11-14 01:55:00+00:00,93.0999984741211,93.19999694824219,93.0999984741211,93.0999984741211,6000,0.0,0.0
2025-11-14 02:00:00+00:00,93.0,93.19999694824219,92.5,92.5,37010,0.0,0.0
2025-11-14 02:05:00+00:00,92.5,92.5,92.4000015258789,92.4000015258789,22235,0.0,0.0
2025-11-14 02:10:00+00:00,92.4000015258789,92.4000015258789,92.0999984741211,92.30000305175781,33290,0.0,0.0
2025-11-14 02:20:00+00:00,92.4000015258789,92.5999984741211,92.4000015258789,92.5999984741211,3144,0.0,0.0
2025-11-14 02:25:00+00:00,92.5999984741211,92.5999984741211,92.5999984741211,92.5999984741211,2080,0.0,0.0
2025-11-14 02:30:00+00:00,92.5999984741211,92.80000305175781,92.5999984741211,92.80000305175781,4180,0.0,0.0
2025-11-14 02:35:00+00:00,92.80000305175781,92.80000305175781,92.30000305175781,92.30000305175781,34258,0.0,0.0
2025-11-14 02:40:00+00:00,92.30000305175781,92.30000305175781,92.0,92.0,41490,0.0,0.0
2025-11-14 02:45:00+00:00,92.0999984741211,92.0999984741211,92.0999984741211,92.0999984741211,5627,0.0,0.0
2025-11-14 02:50:00+00:00,92.0999984741211,92.19999694824219,92.0999984741211,92.19999694824219,7030,0.0,0.0
2025-11-14 02:55:00+00:00,92.0999984741211,92.0999984741211,91.9000015258789,91.9000015258789,38640,0.0,0.0
2025-11-14 03:00:00+00:00,91.80000305175781,92.4000015258789,91.80000305175781,91.80000305175781,74491,0.0,0.0
2025-11-14 03:05:00+00:00,92.19999694824219,92.19999694824219,92.0,92.0999984741211,8080,0.0,0.0
2025-11-14 03:10:00+00:00,92.0999984741211,92.0999984741211,92.0,92.0,9000,0.0,0.0
2025-11-14 03:15:00+00:00,92.0,92.0,91.80000305175781,91.9000015258789,11454,0.0,0.0
2025-11-14 03:20:00+00:00,91.9000015258789,91.9000015258789,91.80000305175781,91.9000015258789,10001,0.0,0.0
2025-11-14 03:25:00+00:00,91.80000305175781,92.0,91.5,91.80000305175781,85244,0.0,0.0
2025-11-14 03:30:00+00:00,91.69999694824219,91.69999694824219,91.5999984741211,91.5999984741211,7038,0.0,0.0
2025-11-14 03:35:00+00:00,91.5999984741211,91.80000305175781,91.5999984741211,91.80000305175781,10100,0.0,0.0
2025-11-14 03:40:00+00:00,91.80000305175781,91.80000305175781,91.80000305175781,91.80000305175781,2000,0.0,0.0
2025-11-14 03:45:00+00:00,91.80000305175781,91.80000305175781,91.69999694824219,91.80000305175781,7000,0.0,0.0
2025-11-14 03:50:00+00:00,91.80000305175781,91.80000305175781,91.80000305175781,91.80000305175781,4110,0.0,0.0
2025-11-14 03:55:00+00:00,91.80000305175781,91.80000305175781,91.80000305175781,91.80000305175781,11100,0.0,0.0
2025-11-14 04:00:00+00:00,91.80000305175781,91.80000305175781,91.80000305175781,91.80000305175781,20160,0.0,0.0
2025-11-14 04:05:00+00:00,91.69999694824219,91.9000015258789,91.69999694824219,91.9000015258789,32890,0.0,0.0
2025-11-14 04:10:00+00:00,91.80000305175781,91.9000015258789,91.80000305175781,91.80000305175781,16050,0.0,0.0
2025-11-14 04:15:00+00:00,91.80000305175781,91.80000305175781,91.5999984741211,91.69999694824219,24300,0.0,0.0
2025-11-14 04:20:00+00:00,91.69999694824219,91.69999694824219,91.69999694824219,91.69999694824219,9012,0.0,0.0
2025-11-14 04:25:00+00:00,91.69999694824219,91.69999694824219,91.69999694824219,91.69999694824219,9000,0.0,0.0
2025-11-14 04:30:00+00:00,91.69999694824219,91.69999694824219,91.5,91.69999694824219,116336,0.0,0.0
2025-11-14 04:35:00+00:00,91.69999694824219,91.69999694824219,91.69999694824219,91.69999694824219,13566,0.0,0.0
2025-11-14 04:40:00+00:00,91.5,91.69999694824219,91.5,91.69999694824219,12000,0.0,0.0
2025-11-14 04:45:00+00:00,91.69999694824219,91.80000305175781,91.69999694824219,91.80000305175781,12060,0.0,0.0
2025-11-14 04:50:00+00:00,91.80000305175781,91.80000305175781,91.69999694824219,91.69999694824219,13060,0.0,0.0
2025-11-14 04:55:00+00:00,91.69999694824219,91.69999694824219,91.69999694824219,91.69999694824219,8733,0.0,0.0
2025-11-14 05:00:00+00:00,91.5999984741211,91.5999984741211,91.5999984741211,91.5999984741211,18000,0.0,0.0
2025-11-14 05:05:00+00:00,91.5999984741211,91.69999694824219,91.5,91.69999694824219,23732,0.0,0.0
2025-11-14 05:10:00+00:00,91.69999694824219,91.69999694824219,91.5,91.5,69835,0.0,0.0
2025-11-14 05:15:00+00:00,91.4000015258789,91.5,91.30000305175781,91.4000015258789,62096,0.0,0.0
2025-11-14 05:20:00+00:00,91.4000015258789,91.5999984741211,91.0,91.4000015258789,243535,0.0,0.0
2025-11-17 01:00:00+00:00,90.0,91.5,90.0,90.5999984741211,0,0.0,0.0
2025-11-17 01:05:00+00:00,90.5999984741211,91.0,90.5,90.5,77203,0.0,0.0
2025-11-17 01:10:00+00:00,90.4000015258789,90.5,90.19999694824219,90.5,74891,0.0,0.0
2025-11-17 01:15:00+00:00,90.69999694824219,91.0999984741211,90.5999984741211,91.0999984741211,35500,0.0,0.0
2025-11-17 01:20:00+00:00,91.0,91.0999984741211,91.0,91.0,20062,0.0,0.0
2025-11-17 01:25:00+00:00,91.0999984741211,91.19999694824219,90.80000305175781,90.80000305175781,24081,0.0,0.0
2025-11-17 01:30:00+00:00,90.5999984741211,90.5999984741211,90.19999694824219,90.30000305175781,44093,0.0,0.0
2025-11-17 01:35:00+00:00,90.30000305175781,90.5,90.0,90.4000015258789,149571,0.0,0.0
2025-11-17 01:40:00+00:00,90.0999984741211,90.19999694824219,90.0999984741211,90.19999694824219,18588,0.0,0.0
2025-11-17 01:45:00+00:00,90.0999984741211,90.5999984741211,90.0999984741211,90.5999984741211,24200,0.0,0.0
2025-11-17 01:50:00+00:00,90.5999984741211,90.69999694824219,90.5999984741211,90.69999694824219,7011,0.0,0.0
2025-11-17 01:55:00+00:00,90.5999984741211,90.5999984741211,90.4000015258789,90.4000015258789,13050,0.0,0.0
2025-11-17 02:00:00+00:00,90.4000015258789,90.4000015258789,90.0,90.0,25463,0.0,0.0
2025-11-17 02:05:00+00:00,90.30000305175781,90.30000305175781,89.80000305175781,90.0,42250,0.0,0.0
2025-11-17 02:10:00+00:00,90.0,90.4000015258789,90.0,90.4000015258789,22004,0.0,0.0
2025-11-17 02:15:00+00:00,90.30000305175781,90.30000305175781,90.0999984741211,90.0999984741211,11000,0.0,0.0
2025-11-17 02:20:00+00:00,90.0,90.30000305175781,90.0,90.0999984741211,11001,0.0,0.0
2025-11-17 02:25:00+00:00,90.0999984741211,90.0999984741211,89.80000305175781,89.80000305175781,39505,0.0,0.0
2025-11-17 02:30:00+00:00,89.80000305175781,90.80000305175781,89.69999694824219,90.0,76975,0.0,0.0
2025-11-17 02:35:00+00:00,90.4000015258789,90.5,90.30000305175781,90.30000305175781,13106,0.0,0.0
2025-11-17 02:40:00+00:00,90.30000305175781,90.5,90.30000305175781,90.30000305175781,13245,0.0,0.0
2025-11-17 02:45:00+00:00,90.4000015258789,90.9000015258789,90.30000305175781,90.5999984741211,16119,0.0,0.0
2025-11-17 02:50:00+00:00,90.5,90.5999984741211,90.30000305175781,90.30000305175781,24040,0.0,0.0
2025-11-17 02:55:00+00:00,90.30000305175781,90.4000015258789,90.30000305175781,90.4000015258789,3050,0.0,0.0
2025-11-17 03:00:00+00:00,90.4000015258789,90.5999984741211,90.30000305175781,90.30000305175781,9425,0.0,0.0
2025-11-17 03:05:00+00:00,90.30000305175781,90.30000305175781,90.30000305175781,90.30000305175781,7136,0.0,0.0
2025-11-17 03:10:00+00:00,90.30000305175781,90.4000015258789,90.30000305175781,90.4000015258789,6310,0.0,0.0
2025-11-17 03:15:00+00:00,90.30000305175781,90.30000305175781,90.0999984741211,90.0999984741211,6259,0.0,0.0
2025-11-17 03:20:00+00:00,90.19999694824219,90.19999694824219,90.0,90.0,28599,0.0,0.0
2025-11-17 03:25:00+00:00,90.0,90.19999694824219,89.9000015258789,90.19999694824219,26000,0.0,0.0
2025-11-17 03:30:00+00:00,90.19999694824219,90.4000015258789,90.0,90.19999694824219,15111,0.0,0.0
2025-11-17 03:35:00+00:00,90.0999984741211,90.0999984741211,90.0,90.0,3000,0.0,0.0
2025-11-17 03:40:00+00:00,90.0,90.0,90.0,90.0,15000,0.0,0.0
2025-11-17 03:45:00+00:00,90.0,90.0,89.80000305175781,89.80000305175781,31112,0.0,0.0
2025-11-17 03:50:00+00:00,89.80000305175781,89.80000305175781,89.80000305175781,89.80000305175781,6223,0.0,0.0
2025-11-17 03:55:00+00:00,89.9000015258789,89.9000015258789,89.80000305175781,89.80000305175781,6000,0.0,0.0
2025-11-17 04:00:00+00:00,89.80000305175781,89.80000305175781,89.69999694824219,89.80000305175781,14000,0.0,0.0
2025-11-17 04:05:00+00:00,89.80000305175781,89.9000015258789,89.69999694824219,89.80000305175781,10615,0.0,0.0
2025-11-17 04:10:00+00:00,89.69999694824219,89.69999694824219,89.69999694824219,89.69999694824219,12131,0.0,0.0
2025-11-17 04:15:00+00:00,89.69999694824219,89.9000015258789,89.69999694824219,89.9000015258789,29130,0.0,0.0
2025-11-17 04:20:00+00:00,89.80000305175781,89.9000015258789,89.80000305175781,89.9000015258789,9601,0.0,0.0
2025-11-17 04:25:00+00:00,89.80000305175781,89.80000305175781,89.80000305175781,89.80000305175781,6380,0.0,0.0
2025-11-17 04:30:00+00:00,89.80000305175781,89.9000015258789,89.80000305175781,89.80000305175781,17887,0.0,0.0
2025-11-17 04:35:00+00:00,89.80000305175781,89.80000305175781,89.5,89.5999984741211,60984,0.0,0.0
2025-11-17 04:40:00+00:00,89.5,89.69999694824219,89.4000015258789,89.69999694824219,60000,0.0,0.0
2025-11-17 04:45:00+00:00,89.5999984741211,89.9000015258789,89.5999984741211,89.9000015258789,9000,0.0,0.0
2025-11-17 04:50:00+00:00,89.9000015258789,89.9000015258789,89.69999694824219,89.80000305175781,21947,0.0,0.0
2025-11-17 04:55:00+00:00,89.5999984741211,89.5999984741211,89.5,89.5999984741211,40310,0.0,0.0
2025-11-17 05:00:00+00:00,89.5999984741211,89.9000015258789,89.5,89.9000015258789,40657,0.0,0.0
2025-11-17 05:05:00+00:00,89.9000015258789,89.9000015258789,89.69999694824219,89.80000305175781,16371,0.0,0.0
2025-11-17 05:10:00+00:00,89.69999694824219,89.80000305175781,89.5,89.5,31047,0.0,0.0
2025-11-17 05:15:00+00:00,89.69999694824219,89.69999694824219,89.5,89.69999694824219,22052,0.0,0.0
2025-11-17 05:20:00+00:00,89.5999984741211,89.9000015258789,89.5,89.5,51380,0.0,0.0
2025-11-17 05:25:00+00:00,89.5,89.5,89.5,89.5,1300,0.0,0.0
2025-11-18 01:00:00+00:00,88.80000305175781,89.5999984741211,88.5999984741211,89.30000305175781,0,0.0,0.0
2025-11-18 01:05:00+00:00,89.30000305175781,89.9000015258789,89.30000305175781,89.9000015258789,29007,0.0,0.0
2025-11-18 01:10:00+00:00,89.5,89.5,89.19999694824219,89.19999694824219,11767,0.0,0.0
2025-11-18 01:15:00+00:00,89.0999984741211,89.0999984741211,88.80000305175781,89.0999984741211,56352,0.0,0.0
2025-11-18 01:20:00+00:00,89.0999984741211,89.5,89.0999984741211,89.19999694824219,14365,0.0,0.0
2025-11-18 01:25:00+00:00,89.19999694824219,89.19999694824219,88.80000305175781,88.9000015258789,59517,0.0,0.0
2025-11-18 01:30:00+00:00,89.0,89.30000305175781,89.0,89.30000305175781,5342,0.0,0.0
2025-11-18 01:35:00+00:00,89.30000305175781,89.4000015258789,89.30000305175781,89.4000015258789,14224,0.0,0.0
2025-11-18 01:40:00+00:00,89.4000015258789,89.5,89.30000305175781,89.5,20300,0.0,0.0
2025-11-18 01:45:00+00:00,89.5,89.5,89.5,89.5,15206,0.0,0.0
2025-11-18 01:50:00+00:00,89.5,89.5999984741211,89.5,89.5999984741211,4144,0.0,0.0
2025-11-18 01:55:00+00:00,89.5,89.5,89.30000305175781,89.30000305175781,16164,0.0,0.0
2025-11-18 02:00:00+00:00,89.19999694824219,89.30000305175781,89.19999694824219,89.30000305175781,6023,0.0,0.0
2025-11-18 02:05:00+00:00,89.19999694824219,89.19999694824219,89.0999984741211,89.0999984741211,6103,0.0,0.0
2025-11-18 02:10:00+00:00,89.19999694824219,89.19999694824219,89.19999694824219,89.19999694824219,5212,0.0,0.0
2025-11-18 02:15:00+00:00,89.0999984741211,89.0999984741211,88.80000305175781,88.80000305175781,19006,0.0,0.0
2025-11-18 02:20:00+00:00,88.80000305175781,88.80000305175781,88.5999984741211,88.69999694824219,34521,0.0,0.0
2025-11-18 02:25:00+00:00,88.69999694824219,88.9000015258789,88.69999694824219,88.9000015258789,13268,0.0,0.0
2025-11-18 02:30:00+00:00,88.9000015258789,88.9000015258789,88.69999694824219,88.69999694824219,9230,0.0,0.0
2025-11-18 02:35:00+00:00,88.69999694824219,88.69999694824219,88.5999984741211,88.5999984741211,12070,0.0,0.0
2025-11-18 02:40:00+00:00,88.5999984741211,88.69999694824219,88.5,88.5,20357,0.0,0.0
2025-11-18 02:45:00+00:00,88.5,88.5,88.0,88.0999984741211,116328,0.0,0.0
2025-11-18 02:50:00+00:00,88.0,88.30000305175781,88.0,88.30000305175781,32310,0.0,0.0
2025-11-18 02:55:00+00:00,88.0999984741211,88.0999984741211,87.9000015258789,88.0,24706,0.0,0.0
2025-11-18 03:00:00+00:00,87.80000305175781,87.9000015258789,87.5999984741211,87.69999694824219,56444,0.0,0.0
2025-11-18 03:05:00+00:00,87.5999984741211,87.80000305175781,87.5999984741211,87.80000305175781,29633,0.0,0.0
2025-11-18 03:10:00+00:00,87.9000015258789,87.9000015258789,87.80000305175781,87.80000305175781,19925,0.0,0.0
2025-11-18 03:15:00+00:00,87.69999694824219,87.9000015258789,87.5999984741211,87.69999694824219,45100,0.0,0.0
2025-11-18 03:20:00+00:00,87.69999694824219,87.80000305175781,87.5999984741211,87.5999984741211,14201,0.0,0.0
2025-11-18 03:25:00+00:00,87.5999984741211,87.5999984741211,87.5,87.5,32185,0.0,0.0
2025-11-18 03:30:00+00:00,87.4000015258789,87.4000015258789,87.30000305175781,87.4000015258789,24673,0.0,0.0
2025-11-18 03:35:00+00:00,87.4000015258789,87.80000305175781,87.19999694824219,87.5,249265,0.0,0.0
2025-11-18 03:40:00+00:00,87.5,87.5,87.4000015258789,87.4000015258789,12418,0.0,0.0
2025-11-18 03:45:00+00:00,87.30000305175781,87.5,87.19999694824219,87.19999694824219,24232,0.0,0.0
2025-11-18 03:50:00+00:00,87.19999694824219,87.5,87.19999694824219,87.5,11215,0.0,0.0
2025-11-18 03:55:00+00:00,87.4000015258789,87.5,87.4000015258789,87.5,13405,0.0,0.0
2025-11-18 04:00:00+00:00,87.5,87.5999984741211,87.5,87.5,16000,0.0,0.0
2025-11-18 04:05:00+00:00,87.5,87.69999694824219,87.5,87.69999694824219,21013,0.0,0.0
2025-11-18 04:10:00+00:00,87.69999694824219,87.80000305175781,87.5,87.5,16000,0.0,0.0
2025-11-18 04:15:00+00:00,87.5999984741211,87.5999984741211,87.4000015258789,87.4000015258789,23289,0.0,0.0
2025-11-18 04:20:00+00:00,87.30000305175781,87.30000305175781,87.19999694824219,87.19999694824219,33093,0.0,0.0
2025-11-18 04:25:00+00:00,87.19999694824219,87.30000305175781,87.19999694824219,87.30000305175781,6010,0.0,0.0
2025-11-18 04:30:00+00:00,87.4000015258789,87.4000015258789,87.30000305175781,87.30000305175781,8030,0.0,0.0
2025-11-18 04:35:00+00:00,87.4000015258789,87.4000015258789,87.4000015258789,87.4000015258789,6025,0.0,0.0
2025-11-18 04:40:00+00:00,87.4000015258789,87.4000015258789,87.19999694824219,87.4000015258789,23005,0.0,0.0
2025-11-18 04:45:00+00:00,87.5,87.80000305175781,87.4000015258789,87.4000015258789,47200,0.0,0.0
2025-11-18 04:50:00+00:00,87.5,87.5999984741211,87.19999694824219,87.4000015258789,44000,0.0,0.0
2025-11-18 04:55:00+00:00,87.4000015258789,87.5,87.30000305175781,87.4000015258789,42450,0.0,0.0
2025-11-18 05:00:00+00:00,87.5,87.5,87.4000015258789,87.4000015258789,21000,0.0,0.0
2025-11-18 05:05:00+00:00,87.4000015258789,87.4000015258789,87.30000305175781,87.30000305175781,19570,0.0,0.0
2025-11-18 05:10:00+00:00,87.30000305175781,87.5999984741211,87.30000305175781,87.30000305175781,60896,0.0,0.0
2025-11-18 05:15:00+00:00,87.4000015258789,87.5,87.19999694824219,87.4000015258789,15294,0.0,0.0
2025-11-18 05:20:00+00:00,87.30000305175781,87.5,87.19999694824219,87.5,25786,0.0,0.0
2025-11-19 01:00:00+00:00,87.69999694824219,87.9000015258789,86.80000305175781,87.9000015258789,0,0.0,0.0
2025-11-19 01:05:00+00:00,87.9000015258789,87.9000015258789,87.5,87.5,24054,0.0,0.0
2025-11-19 01:10:00+00:00,87.5,87.5999984741211,87.0,87.19999694824219,16311,0.0,0.0
2025-11-19 01:15:00+00:00,87.4000015258789,87.5999984741211,87.4000015258789,87.5,18001,0.0,0.0
2025-11-19 01:20:00+00:00,87.4000015258789,87.4000015258789,86.69999694824219,86.69999694824219,71765,0.0,0.0
2025-11-19 01:25:00+00:00,86.80000305175781,86.9000015258789,86.69999694824219,86.9000015258789,20475,0.0,0.0
2025-11-19 01:30:00+00:00,86.9000015258789,86.9000015258789,86.5999984741211,86.69999694824219,40432,0.0,0.0
2025-11-19 01:35:00+00:00,86.5999984741211,86.9000015258789,86.5999984741211,86.69999694824219,15003,0.0,0.0
2025-11-19 01:40:00+00:00,86.5999984741211,86.80000305175781,86.5999984741211,86.80000305175781,23151,0.0,0.0
2025-11-19 01:45:00+00:00,87.0,87.19999694824219,87.0,87.0999984741211,49019,0.0,0.0
2025-11-19 01:50:00+00:00,87.19999694824219,87.19999694824219,87.0,87.0,16394,0.0,0.0
2025-11-19 01:55:00+00:00,87.0,87.0,87.0,87.0,10160,0.0,0.0
2025-11-19 02:00:00+00:00,86.9000015258789,87.19999694824219,86.9000015258789,87.19999694824219,23086,0.0,0.0
2025-11-19 02:05:00+00:00,87.19999694824219,87.30000305175781,87.19999694824219,87.30000305175781,3475,0.0,0.0
2025-11-19 02:10:00+00:00,87.30000305175781,87.30000305175781,87.19999694824219,87.19999694824219,3235,0.0,0.0
2025-11-19 02:15:00+00:00,87.19999694824219,87.19999694824219,87.0,87.19999694824219,6131,0.0,0.0
2025-11-19 02:20:00+00:00,87.19999694824219,87.19999694824219,87.0,87.19999694824219,3007,0.0,0.0
2025-11-19 02:25:00+00:00,87.0999984741211,87.0999984741211,86.9000015258789,87.0,11398,0.0,0.0
2025-11-19 02:30:00+00:00,86.80000305175781,86.80000305175781,86.80000305175781,86.80000305175781,6000,0.0,0.0
2025-11-19 02:35:00+00:00,86.9000015258789,86.9000015258789,86.9000015258789,86.9000015258789,8020,0.0,0.0
2025-11-19 02:40:00+00:00,86.80000305175781,86.80000305175781,86.80000305175781,86.80000305175781,5286,0.0,0.0
2025-11-19 02:45:00+00:00,86.69999694824219,86.69999694824219,86.69999694824219,86.69999694824219,3207,0.0,0.0
2025-11-19 02:50:00+00:00,86.69999694824219,86.9000015258789,86.69999694824219,86.69999694824219,23000,0.0,0.0
2025-11-19 02:55:00+00:00,86.69999694824219,86.80000305175781,86.69999694824219,86.80000305175781,18393,0.0,0.0
2025-11-19 03:00:00+00:00,86.69999694824219,86.69999694824219,86.69999694824219,86.69999694824219,5100,0.0,0.0
2025-11-19 03:05:00+00:00,86.69999694824219,86.80000305175781,86.69999694824219,86.80000305175781,10210,0.0,0.0
2025-11-19 03:10:00+00:00,86.80000305175781,86.80000305175781,86.5,86.5,37189,0.0,0.0
2025-11-19 03:15:00+00:00,86.5999984741211,86.5999984741211,86.0,86.30000305175781,107685,0.0,0.0
2025-11-19 03:20:00+00:00,86.30000305175781,86.5,86.30000305175781,86.5,18163,0.0,0.0
2025-11-19 03:25:00+00:00,86.30000305175781,86.4000015258789,86.30000305175781,86.4000015258789,8585,0.0,0.0
2025-11-19 03:30:00+00:00,86.4000015258789,86.4000015258789,86.30000305175781,86.30000305175781,13000,0.0,0.0
2025-11-19 03:35:00+00:00,86.19999694824219,86.19999694824219,86.19999694824219,86.19999694824219,4000,0.0,0.0
2025-11-19 03:40:00+00:00,86.19999694824219,86.30000305175781,86.0,86.0999984741211,35601,0.0,0.0
2025-11-19 03:45:00+00:00,86.0999984741211,86.0999984741211,86.0,86.0999984741211,12454,0.0,0.0
2025-11-19 03:50:00+00:00,86.0,86.30000305175781,86.0,86.30000305175781,9000,0.0,0.0
2025-11-19 03:55:00+00:00,86.19999694824219,86.19999694824219,86.0999984741211,86.19999694824219,22065,0.0,0.0
2025-11-19 04:00:00+00:00,86.19999694824219,86.19999694824219,86.19999694824219,86.19999694824219,1200,0.0,0.0
2025-11-19 04:05:00+00:00,86.0999984741211,86.0999984741211,86.0,86.0,24000,0.0,0.0
2025-11-19 04:10:00+00:00,86.0,86.0,85.9000015258789,86.0,74049,0.0,0.0
2025-11-19 04:15:00+00:00,86.0999984741211,86.30000305175781,86.0999984741211,86.30000305175781,18031,0.0,0.0
2025-11-19 04:20:00+00:00,86.30000305175781,86.5999984741211,86.19999694824219,86.5,27524,0.0,0.0
2025-11-19 04:25:00+00:00,86.5999984741211,86.69999694824219,86.5999984741211,86.5999984741211,9132,0.0,0.0
2025-11-19 04:30:00+00:00,86.5,86.5,86.30000305175781,86.30000305175781,13332,0.0,0.0
2025-11-19 04:35:00+00:00,86.4000015258789,86.4000015258789,86.19999694824219,86.4000015258789,8000,0.0,0.0
2025-11-19 04:40:00+00:00,86.4000015258789,86.4000015258789,86.30000305175781,86.4000015258789,12030,0.0,0.0
2025-11-19 04:45:00+00:00,86.19999694824219,86.30000305175781,86.19999694824219,86.19999694824219,10000,0.0,0.0
2025-11-19 04:50:00+00:00,86.19999694824219,86.19999694824219,86.0999984741211,86.19999694824219,11000,0.0,0.0
2025-11-19 04:55:00+00:00,86.19999694824219,86.30000305175781,86.0999984741211,86.30000305175781,14000,0.0,0.0
2025-11-19 05:00:00+00:00,86.4000015258789,86.5,86.4000015258789,86.4000015258789,12020,0.0,0.0
2025-11-19 05:05:00+00:00,86.4000015258789,86.5,86.30000305175781,86.4000015258789,46280,0.0,0.0
2025-11-19 05:10:00+00:00,86.5,86.5999984741211,86.5,86.5999984741211,20103,0.0,0.0
2025-11-19 05:15:00+00:00,86.5999984741211,86.69999694824219,86.5,86.5,29000,0.0,0.0
2025-11-19 05:20:00+00:00,86.69999694824219,86.69999694824219,86.4000015258789,86.5,37100,0.0,0.0
2025-11-20 01:00:00+00:00,88.5999984741211,89.0,88.0999984741211,88.80000305175781,0,0.0,0.0
2025-11-20 01:05:00+00:00,88.80000305175781,89.0,88.5999984741211,88.5999984741211,28000,0.0,0.0
2025-11-20 01:10:00+00:00,88.5999984741211,88.80000305175781,88.4000015258789,88.5999984741211,43309,0.0,0.0
2025-11-20 01:15:00+00:00,88.5999984741211,88.9000015258789,88.5,88.5999984741211,16034,0.0,0.0
2025-11-20 01:20:00+00:00,88.5999984741211,89.4000015258789,88.5999984741211,89.0,42007,0.0,0.0
2025-11-20 01:25:00+00:00,89.0,89.19999694824219,88.9000015258789,89.0,23325,0.0,0.0
2025-11-20 01:30:00+00:00,88.80000305175781,88.9000015258789,88.80000305175781,88.9000015258789,11500,0.0,0.0
2025-11-20 01:35:00+00:00,88.80000305175781,88.80000305175781,88.5,88.5,20605,0.0,0.0
2025-11-20 01:40:00+00:00,88.4000015258789,88.4000015258789,88.30000305175781,88.30000305175781,4140,0.0,0.0
2025-11-20 01:45:00+00:00,88.5,88.5,88.30000305175781,88.30000305175781,16461,0.0,0.0
2025-11-20 01:50:00+00:00,88.30000305175781,88.30000305175781,88.30000305175781,88.30000305175781,5217,0.0,0.0
2025-11-20 01:55:00+00:00,88.5,88.5,88.30000305175781,88.30000305175781,13582,0.0,0.0
2025-11-20 02:00:00+00:00,88.19999694824219,88.19999694824219,88.19999694824219,88.19999694824219,12007,0.0,0.0
2025-11-20 02:05:00+00:00,88.19999694824219,88.30000305175781,88.0999984741211,88.0999984741211,11000,0.0,0.0
2025-11-20 02:10:00+00:00,88.0999984741211,88.19999694824219,88.0999984741211,88.19999694824219,8271,0.0,0.0
2025-11-20 02:15:00+00:00,88.0,88.0,88.0,88.0,8018,0.0,0.0
2025-11-20 02:20:00+00:00,88.0999984741211,88.0999984741211,88.0999984741211,88.0999984741211,3208,0.0,0.0
2025-11-20 02:25:00+00:00,88.0999984741211,88.4000015258789,88.0999984741211,88.4000015258789,18020,0.0,0.0
2025-11-20 02:30:00+00:00,88.4000015258789,88.4000015258789,88.30000305175781,88.30000305175781,2000,0.0,0.0
2025-11-20 02:40:00+00:00,88.0,88.0,87.9000015258789,87.9000015258789,9149,0.0,0.0
2025-11-20 02:45:00+00:00,87.9000015258789,88.19999694824219,87.9000015258789,88.19999694824219,9250,0.0,0.0
2025-11-20 02:50:00+00:00,88.0,88.0,88.0,88.0,6100,0.0,0.0
2025-11-20 03:00:00+00:00,88.0,88.0,87.9000015258789,87.9000015258789,14006,0.0,0.0
2025-11-20 03:05:00+00:00,88.0,88.0,88.0,88.0,10008,0.0,0.0
2025-11-20 03:10:00+00:00,88.30000305175781,88.4000015258789,88.30000305175781,88.4000015258789,18113,0.0,0.0
2025-11-20 03:15:00+00:00,88.4000015258789,88.5999984741211,88.4000015258789,88.5999984741211,5381,0.0,0.0
2025-11-20 03:20:00+00:00,88.4000015258789,88.5,88.4000015258789,88.5,6000,0.0,0.0
2025-11-20 03:25:00+00:00,88.5999984741211,88.69999694824219,88.5999984741211,88.69999694824219,8026,0.0,0.0
2025-11-20 03:30:00+00:00,88.69999694824219,88.69999694824219,88.69999694824219,88.69999694824219,2048,0.0,0.0
2025-11-20 03:35:00+00:00,88.5999984741211,88.5999984741211,88.4000015258789,88.4000015258789,11238,0.0,0.0
2025-11-20 03:45:00+00:00,88.4000015258789,88.4000015258789,88.0999984741211,88.0999984741211,8008,0.0,0.0
2025-11-20 03:50:00+00:00,88.0999984741211,88.0999984741211,88.0999984741211,88.0999984741211,3078,0.0,0.0
2025-11-20 03:55:00+00:00,88.0999984741211,88.0999984741211,88.0,88.0,29291,0.0,0.0
2025-11-20 04:00:00+00:00,88.0,88.0,88.0,88.0,2000,0.0,0.0
2025-11-20 04:05:00+00:00,88.19999694824219,88.19999694824219,88.19999694824219,88.19999694824219,2210,0.0,0.0
2025-11-20 04:15:00+00:00,88.4000015258789,88.5,88.0999984741211,88.0999984741211,16216,0.0,0.0
2025-11-20 04:20:00+00:00,88.0999984741211,88.4000015258789,88.0999984741211,88.0999984741211,52084,0.0,0.0
2025-11-20 04:25:00+00:00,88.19999694824219,88.19999694824219,88.19999694824219,88.19999694824219,2200,0.0,0.0
2025-11-20 04:30:00+00:00,88.19999694824219,88.19999694824219,88.19999694824219,88.19999694824219,1190,0.0,0.0
2025-11-20 04:35:00+00:00,88.19999694824219,88.19999694824219,88.0999984741211,88.19999694824219,4000,0.0,0.0
2025-11-20 04:40:00+00:00,88.19999694824219,88.19999694824219,88.19999694824219,88.19999694824219,2150,0.0,0.0
2025-11-20 04:45:00+00:00,88.19999694824219,88.30000305175781,88.19999694824219,88.30000305175781,5000,0.0,0.0
2025-11-20 04:50:00+00:00,88.30000305175781,88.30000305175781,88.30000305175781,88.30000305175781,4100,0.0,0.0
2025-11-20 04:55:00+00:00,88.19999694824219,88.30000305175781,88.0999984741211,88.30000305175781,16181,0.0,0.0
2025-11-20 05:00:00+00:00,88.19999694824219,88.30000305175781,88.19999694824219,88.19999694824219,6000,0.0,0.0
2025-11-20 05:05:00+00:00,88.19999694824219,88.4000015258789,88.19999694824219,88.4000015258789,11020,0.0,0.0
2025-11-20 05:10:00+00:00,88.30000305175781,88.30000305175781,88.0999984741211,88.19999694824219,11282,0.0,0.0
2025-11-20 05:15:00+00:00,88.19999694824219,88.4000015258789,88.19999694824219,88.19999694824219,20099,0.0,0.0
2025-11-20 05:20:00+00:00,88.19999694824219,88.30000305175781,88.0,88.0999984741211,29548,0.0,0.0
2025-11-21 01:00:00+00:00,86.69999694824219,86.80000305175781,86.4000015258789,86.80000305175781,0,0.0,0.0
2025-11-21 01:05:00+00:00,86.80000305175781,87.4000015258789,86.80000305175781,87.4000015258789,38061,0.0,0.0
2025-11-21 01:10:00+00:00,87.19999694824219,87.4000015258789,87.0999984741211,87.30000305175781,11114,0.0,0.0
2025-11-21 01:15:00+00:00,87.5,87.5999984741211,87.4000015258789,87.4000015258789,21516,0.0,0.0
2025-11-21 01:20:00+00:00,87.30000305175781,87.30000305175781,87.19999694824219,87.19999694824219,30200,0.0,0.0
2025-11-21 01:25:00+00:00,87.19999694824219,87.30000305175781,87.19999694824219,87.19999694824219,9050,0.0,0.0
2025-11-21 01:30:00+00:00,87.4000015258789,87.4000015258789,87.0999984741211,87.19999694824219,20363,0.0,0.0
2025-11-21 01:35:00+00:00,87.0999984741211,87.0999984741211,87.0,87.0999984741211,49179,0.0,0.0
2025-11-21 01:40:00+00:00,87.0999984741211,87.0999984741211,86.9000015258789,87.0,6010,0.0,0.0
2025-11-21 01:45:00+00:00,86.9000015258789,87.0999984741211,86.9000015258789,87.0999984741211,7198,0.0,0.0
2025-11-21 01:50:00+00:00,87.0999984741211,87.0999984741211,87.0999984741211,87.0999984741211,4200,0.0,0.0
2025-11-21 01:55:00+00:00,87.0,87.0,87.0,87.0,4200,0.0,0.0
2025-11-21 02:00:00+00:00,87.0,87.0,86.5,86.5,54962,0.0,0.0
2025-11-21 02:05:00+00:00,86.4000015258789,86.4000015258789,86.0999984741211,86.30000305175781,30870,0.0,0.0
2025-11-21 02:10:00+00:00,86.19999694824219,86.19999694824219,85.80000305175781,85.80000305175781,53767,0.0,0.0
2025-11-21 02:15:00+00:00,85.9000015258789,86.0,85.9000015258789,85.9000015258789,23115,0.0,0.0
2025-11-21 02:20:00+00:00,86.0,86.0,85.9000015258789,86.0,7070,0.0,0.0
2025-11-21 02:25:00+00:00,86.0,86.0,85.9000015258789,85.9000015258789,3025,0.0,0.0
2025-11-21 02:30:00+00:00,85.9000015258789,85.9000015258789,85.5,85.5,34022,0.0,0.0
2025-11-21 02:35:00+00:00,85.5,85.5999984741211,85.4000015258789,85.4000015258789,25401,0.0,0.0
2025-11-21 02:40:00+00:00,85.5,85.5999984741211,85.5,85.5999984741211,11600,0.0,0.0
2025-11-21 02:45:00+00:00,85.5999984741211,85.69999694824219,85.5999984741211,85.69999694824219,8000,0.0,0.0
2025-11-21 02:50:00+00:00,85.5,85.5,85.5,85.5,9005,0.0,0.0
2025-11-21 02:55:00+00:00,85.5,85.5999984741211,84.9000015258789,84.9000015258789,130293,0.0,0.0
2025-11-21 03:00:00+00:00,85.0,85.19999694824219,85.0,85.0,31010,0.0,0.0
2025-11-21 03:05:00+00:00,84.9000015258789,85.0,84.80000305175781,85.0,16485,0.0,0.0
2025-11-21 03:10:00+00:00,85.0999984741211,85.19999694824219,85.0,85.0,29215,0.0,0.0
2025-11-21 03:15:00+00:00,85.0,85.0,85.0,85.0,16567,0.0,0.0
2025-11-21 03:20:00+00:00,85.0999984741211,85.0999984741211,85.0,85.0,21455,0.0,0.0
2025-11-21 03:25:00+00:00,85.0,85.0,84.9000015258789,84.9000015258789,12560,0.0,0.0
2025-11-21 03:30:00+00:00,84.80000305175781,84.9000015258789,84.5,84.9000015258789,43711,0.0,0.0
2025-11-21 03:35:00+00:00,84.69999694824219,84.9000015258789,84.5,84.9000015258789,6140,0.0,0.0
2025-11-21 03:40:00+00:00,84.69999694824219,84.9000015258789,84.69999694824219,84.9000015258789,9400,0.0,0.0
2025-11-21 03:45:00+00:00,85.0,85.0,85.0,85.0,2000,0.0,0.0
2025-11-21 03:50:00+00:00,85.0,85.30000305175781,85.0,85.19999694824219,16000,0.0,0.0
2025-11-21 03:55:00+00:00,85.0999984741211,85.30000305175781,85.0,85.0999984741211,13063,0.0,0.0
2025-11-21 04:00:00+00:00,85.0999984741211,85.0999984741211,84.9000015258789,85.0,20537,0.0,0.0
2025-11-21 04:05:00+00:00,84.9000015258789,85.30000305175781,84.9000015258789,85.30000305175781,20024,0.0,0.0
2025-11-21 04:10:00+00:00,85.19999694824219,85.30000305175781,85.0,85.0,18020,0.0,0.0
2025-11-21 04:15:00+00:00,85.0,85.0,84.9000015258789,85.0,9100,0.0,0.0
2025-11-21 04:20:00+00:00,85.0,85.0,85.0,85.0,2000,0.0,0.0
2025-11-21 04:25:00+00:00,84.80000305175781,84.9000015258789,84.69999694824219,84.80000305175781,24100,0.0,0.0
2025-11-21 04:30:00+00:00,84.80000305175781,84.80000305175781,84.69999694824219,84.69999694824219,6571,0.0,0.0
2025-11-21 04:35:00+00:00,84.69999694824219,85.0,84.69999694824219,85.0,18108,0.0,0.0
2025-11-21 04:40:00+00:00,84.69999694824219,84.69999694824219,84.69999694824219,84.69999694824219,9020,0.0,0.0
2025-11-21 04:45:00+00:00,84.80000305175781,85.0,84.69999694824219,84.69999694824219,31000,0.0,0.0
2025-11-21 04:50:00+00:00,84.69999694824219,85.0,84.69999694824219,85.0,5024,0.0,0.0
2025-11-21 04:55:00+00:00,84.80000305175781,85.0999984741211,84.80000305175781,85.0999984741211,36000,0.0,0.0
2025-11-21 05:00:00+00:00,85.0,85.19999694824219,85.0,85.19999694824219,20192,0.0,0.0
2025-11-21 05:05:00+00:00,85.19999694824219,85.19999694824219,85.0,85.0,9130,0.0,0.0
2025-11-21 05:10:00+00:00,85.19999694824219,85.5,85.19999694824219,85.5,21110,0.0,0.0
2025-11-21 05:15:00+00:00,85.5,85.69999694824219,85.5,85.69999694824219,15574,0.0,0.0
2025-11-21 05:20:00+00:00,85.5999984741211,85.5999984741211,85.30000305175781,85.30000305175781,20031,0.0,0.0
2025-11-24 01:00:00+00:00,86.30000305175781,86.30000305175781,86.0999984741211,86.0999984741211,0,0.0,0.0
2025-11-24 01:05:00+00:00,86.0999984741211,86.30000305175781,85.5,85.9000015258789,33316,0.0,0.0
2025-11-24 01:10:00+00:00,85.80000305175781,85.80000305175781,85.5999984741211,85.69999694824219,14222,0.0,0.0
2025-11-24 01:15:00+00:00,85.69999694824219,86.0,85.5999984741211,86.0,35326,0.0,0.0
2025-11-24 01:20:00+00:00,86.0999984741211,86.0999984741211,85.5999984741211,85.9000015258789,26088,0.0,0.0
2025-11-24 01:25:00+00:00,86.0999984741211,86.19999694824219,86.0999984741211,86.0999984741211,11000,0.0,0.0
2025-11-24 01:30:00+00:00,86.0999984741211,86.0999984741211,86.0,86.0999984741211,21014,0.0,0.0
2025-11-24 01:35:00+00:00,86.0,86.0,85.9000015258789,85.9000015258789,10020,0.0,0.0
2025-11-24 01:40:00+00:00,85.80000305175781,86.0,85.80000305175781,86.0,5043,0.0,0.0
2025-11-24 01:45:00+00:00,85.80000305175781,85.9000015258789,85.69999694824219,85.69999694824219,7234,0.0,0.0
2025-11-24 01:50:00+00:00,85.9000015258789,86.0,85.9000015258789,86.0,12100,0.0,0.0
2025-11-24 01:55:00+00:00,85.9000015258789,85.9000015258789,85.9000015258789,85.9000015258789,5000,0.0,0.0
2025-11-24 02:00:00+00:00,86.0999984741211,86.0999984741211,85.9000015258789,85.9000015258789,4000,0.0,0.0
2025-11-24 02:05:00+00:00,85.9000015258789,85.9000015258789,85.69999694824219,85.69999694824219,13005,0.0,0.0
2025-11-24 02:10:00+00:00,85.69999694824219,85.69999694824219,85.69999694824219,85.69999694824219,2002,0.0,0.0
2025-11-24 02:20:00+00:00,85.5999984741211,85.69999694824219,85.5,85.69999694824219,24000,0.0,0.0
2025-11-24 02:25:00+00:00,85.69999694824219,85.69999694824219,85.69999694824219,85.69999694824219,2310,0.0,0.0
2025-11-24 02:30:00+00:00,85.69999694824219,85.69999694824219,85.69999694824219,85.69999694824219,1000,0.0,0.0
2025-11-24 02:35:00+00:00,85.5999984741211,85.5999984741211,85.5,85.5,13999,0.0,0.0
2025-11-24 02:40:00+00:00,85.5,85.5,85.5,85.5,10050,0.0,0.0
2025-11-24 02:45:00+00:00,85.5,85.5999984741211,85.5,85.5999984741211,6000,0.0,0.0
2025-11-24 02:50:00+00:00,85.5,85.5,85.5,85.5,7000,0.0,0.0
2025-11-24 02:55:00+00:00,85.5999984741211,85.5999984741211,85.5999984741211,85.5999984741211,7600,0.0,0.0
2025-11-24 03:00:00+00:00,85.5,85.5,85.5,85.5,5000,0.0,0.0
2025-11-24 03:05:00+00:00,85.5,85.5,85.5,85.5,3000,0.0,0.0
2025-11-24 03:10:00+00:00,85.5999984741211,85.5999984741211,85.5,85.5999984741211,7000,0.0,0.0
2025-11-24 03:15:00+00:00,85.5,85.5,85.5,85.5,3000,0.0,0.0
2025-11-24 03:20:00+00:00,85.5999984741211,85.5999984741211,85.4000015258789,85.4000015258789,22184,0.0,0.0
2025-11-24 03:25:00+00:00,85.4000015258789,85.4000015258789,85.30000305175781,85.30000305175781,10285,0.0,0.0
2025-11-24 03:30:00+00:00,85.4000015258789,85.4000015258789,85.30000305175781,85.30000305175781,10000,0.0,0.0
2025-11-24 03:35:00+00:00,85.30000305175781,85.4000015258789,85.0999984741211,85.4000015258789,19088,0.0,0.0
2025-11-24 03:40:00+00:00,85.4000015258789,85.5999984741211,85.4000015258789,85.5999984741211,18100,0.0,0.0
2025-11-24 03:45:00+00:00,85.9000015258789,85.9000015258789,85.69999694824219,85.69999694824219,4000,0.0,0.0
2025-11-24 03:50:00+00:00,85.69999694824219,85.80000305175781,85.69999694824219,85.80000305175781,6000,0.0,0.0
2025-11-24 03:55:00+00:00,85.69999694824219,85.80000305175781,85.69999694824219,85.80000305175781,6000,0.0,0.0
2025-11-24 04:00:00+00:00,85.69999694824219,85.69999694824219,85.4000015258789,85.4000015258789,55750,0.0,0.0
2025-11-24 04:05:00+00:00,85.4000015258789,85.4000015258789,85.4000015258789,85.4000015258789,2100,0.0,0.0
2025-11-24 04:10:00+00:00,85.4000015258789,85.4000015258789,85.4000015258789,85.4000015258789,9050,0.0,0.0
2025-11-24 04:15:00+00:00,85.5,85.5,85.5,85.5,1000,0.0,0.0
2025-11-24 04:20:00+00:00,85.4000015258789,85.80000305175781,85.4000015258789,85.80000305175781,6000,0.0,0.0
2025-11-24 04:25:00+00:00,85.5999984741211,85.5999984741211,85.5,85.5,5006,0.0,0.0
2025-11-24 04:30:00+00:00,85.5999984741211,85.5999984741211,85.5999984741211,85.5999984741211,2000,0.0,0.0
2025-11-24 04:35:00+00:00,85.5999984741211,85.80000305175781,85.5,85.80000305175781,21160,0.0,0.0
2025-11-24 04:40:00+00:00,85.5999984741211,85.69999694824219,85.5999984741211,85.69999694824219,2000,0.0,0.0
2025-11-24 04:45:00+00:00,85.69999694824219,85.80000305175781,85.5999984741211,85.80000305175781,42246,0.0,0.0
2025-11-24 04:50:00+00:00,85.69999694824219,85.69999694824219,85.5999984741211,85.5999984741211,4020,0.0,0.0
2025-11-24 04:55:00+00:00,85.5999984741211,85.80000305175781,85.5,85.80000305175781,6025,0.0,0.0
2025-11-24 05:00:00+00:00,85.80000305175781,85.80000305175781,85.80000305175781,85.80000305175781,5106,0.0,0.0
2025-11-24 05:05:00+00:00,85.80000305175781,85.9000015258789,85.80000305175781,85.80000305175781,16000,0.0,0.0
2025-11-24 05:10:00+00:00,85.9000015258789,85.9000015258789,85.5,85.5999984741211,18050,0.0,0.0
2025-11-24 05:15:00+00:00,85.5999984741211,85.80000305175781,85.5999984741211,85.80000305175781,9000,0.0,0.0
2025-11-24 05:20:00+00:00,85.9000015258789,85.9000015258789,85.69999694824219,85.80000305175781,25020,0.0,0.0
2025-11-25 01:00:00+00:00,87.69999694824219,87.69999694824219,87.0,87.0999984741211,0,0.0,0.0
2025-11-25 01:05:00+00:00,87.0999984741211,87.30000305175781,87.0,87.30000305175781,24925,0.0,0.0
2025-11-25 01:10:00+00:00,87.4000015258789,87.4000015258789,87.19999694824219,87.4000015258789,19080,0.0,0.0
2025-11-25 01:15:00+00:00,87.4000015258789,87.4000015258789,87.19999694824219,87.30000305175781,18030,0.0,0.0
2025-11-25 01:20:00+00:00,87.30000305175781,87.5,87.19999694824219,87.5,19000,0.0,0.0
2025-11-25 01:25:00+00:00,87.5,87.5,87.5,87.5,24470,0.0,0.0
2025-11-25 01:30:00+00:00,87.5,87.5,87.30000305175781,87.30000305175781,8050,0.0,0.0
2025-11-25 01:35:00+00:00,87.19999694824219,87.19999694824219,87.0999984741211,87.19999694824219,5100,0.0,0.0
2025-11-25 01:40:00+00:00,87.30000305175781,87.30000305175781,87.30000305175781,87.30000305175781,1102,0.0,0.0
2025-11-25 01:45:00+00:00,87.19999694824219,87.19999694824219,87.0999984741211,87.0999984741211,4000,0.0,0.0
2025-11-25 01:50:00+00:00,87.19999694824219,87.19999694824219,87.19999694824219,87.19999694824219,1000,0.0,0.0
2025-11-25 01:55:00+00:00,87.19999694824219,87.19999694824219,87.0999984741211,87.0999984741211,5200,0.0,0.0
2025-11-25 02:00:00+00:00,87.0999984741211,87.0999984741211,87.0,87.0999984741211,7499,0.0,0.0
2025-11-25 02:05:00+00:00,87.0,87.0,87.0,87.0,20466,0.0,0.0
2025-11-25 02:15:00+00:00,86.9000015258789,87.0,86.9000015258789,87.0,6005,0.0,0.0
2025-11-25 02:20:00+00:00,87.0,87.0,86.9000015258789,87.0,4432,0.0,0.0
2025-11-25 02:30:00+00:00,87.0,87.0,87.0,87.0,4011,0.0,0.0
2025-11-25 02:35:00+00:00,87.0,87.0,87.0,87.0,1025,0.0,0.0
2025-11-25 02:40:00+00:00,87.0,87.0999984741211,86.80000305175781,86.80000305175781,12060,0.0,0.0
2025-11-25 02:45:00+00:00,87.0,87.0,87.0,87.0,1030,0.0,0.0
2025-11-25 02:50:00+00:00,87.0,87.0,86.69999694824219,86.69999694824219,22760,0.0,0.0
2025-11-25 02:55:00+00:00,86.80000305175781,86.80000305175781,86.69999694824219,86.69999694824219,2240,0.0,0.0
2025-11-25 03:00:00+00:00,86.80000305175781,86.9000015258789,86.80000305175781,86.9000015258789,3000,0.0,0.0
2025-11-25 03:05:00+00:00,86.9000015258789,86.9000015258789,86.80000305175781,86.80000305175781,2074,0.0,0.0
2025-11-25 03:15:00+00:00,86.80000305175781,86.80000305175781,86.69999694824219,86.69999694824219,17026,0.0,0.0
2025-11-25 03:20:00+00:00,86.69999694824219,86.69999694824219,86.69999694824219,86.69999694824219,6000,0.0,0.0
2025-11-25 03:25:00+00:00,86.69999694824219,86.69999694824219,86.69999694824219,86.69999694824219,6613,0.0,0.0
2025-11-25 03:30:00+00:00,86.69999694824219,86.69999694824219,86.5999984741211,86.5999984741211,4000,0.0,0.0
2025-11-25 03:35:00+00:00,86.69999694824219,86.69999694824219,86.69999694824219,86.69999694824219,3000,0.0,0.0
2025-11-25 03:40:00+00:00,86.69999694824219,86.69999694824219,86.5999984741211,86.5999984741211,2000,0.0,0.0
2025-11-25 03:45:00+00:00,86.69999694824219,86.69999694824219,86.5,86.5,27199,0.0,0.0
2025-11-25 03:50:00+00:00,86.5,86.5,85.9000015258789,85.9000015258789,54601,0.0,0.0
2025-11-25 03:55:00+00:00,85.9000015258789,86.0,85.9000015258789,86.0,7000,0.0,0.0
2025-11-25 04:00:00+00:00,86.0,86.30000305175781,86.0,86.30000305175781,7019,0.0,0.0
2025-11-25 04:05:00+00:00,86.30000305175781,86.30000305175781,86.19999694824219,86.19999694824219,3000,0.0,0.0
2025-11-25 04:10:00+00:00,86.19999694824219,86.19999694824219,86.0999984741211,86.19999694824219,6930,0.0,0.0
2025-11-25 04:15:00+00:00,86.19999694824219,86.19999694824219,86.19999694824219,86.19999694824219,12000,0.0,0.0
2025-11-25 04:25:00+00:00,86.19999694824219,86.19999694824219,86.19999694824219,86.19999694824219,8042,0.0,0.0
2025-11-25 04:30:00+00:00,86.0999984741211,86.30000305175781,86.0999984741211,86.19999694824219,18095,0.0,0.0
2025-11-25 04:35:00+00:00,86.19999694824219,86.19999694824219,86.19999694824219,86.19999694824219,5059,0.0,0.0
2025-11-25 04:45:00+00:00,86.30000305175781,86.5999984741211,86.30000305175781,86.5999984741211,11251,0.0,0.0
2025-11-25 04:50:00+00:00,86.69999694824219,86.69999694824219,86.5999984741211,86.69999694824219,10010,0.0,0.0
2025-11-25 04:55:00+00:00,86.80000305175781,86.80000305175781,86.69999694824219,86.80000305175781,9000,0.0,0.0
2025-11-25 05:00:00+00:00,86.80000305175781,86.80000305175781,86.80000305175781,86.80000305175781,2001,0.0,0.0
2025-11-25 05:05:00+00:00,86.80000305175781,86.9000015258789,86.69999694824219,86.80000305175781,16000,0.0,0.0
2025-11-25 05:10:00+00:00,86.80000305175781,86.80000305175781,86.80000305175781,86.80000305175781,1000,0.0,0.0
2025-11-25 05:15:00+00:00,86.80000305175781,87.0,86.4000015258789,86.4000015258789,28000,0.0,0.0
2025-11-25 05:20:00+00:00,86.5,86.69999694824219,86.5,86.69999694824219,18130,0.0,0.0
2025-11-26 01:00:00+00:00,87.19999694824219,87.80000305175781,87.19999694824219,87.80000305175781,0,0.0,0.0
2025-11-26 01:05:00+00:00,87.69999694824219,87.69999694824219,87.4000015258789,87.5999984741211,14002,0.0,0.0
2025-11-26 01:10:00+00:00,87.5999984741211,87.5999984741211,87.5,87.5,16031,0.0,0.0
2025-11-26 01:15:00+00:00,87.69999694824219,87.9000015258789,87.69999694824219,87.9000015258789,44794,0.0,0.0
2025-11-26 01:20:00+00:00,87.9000015258789,87.9000015258789,87.4000015258789,87.4000015258789,19530,0.0,0.0
2025-11-26 01:25:00+00:00,87.5999984741211,87.69999694824219,87.5999984741211,87.69999694824219,3000,0.0,0.0
2025-11-26 01:30:00+00:00,87.69999694824219,87.69999694824219,87.5999984741211,87.5999984741211,2000,0.0,0.0
2025-11-26 01:35:00+00:00,87.5,87.5,87.19999694824219,87.19999694824219,30000,0.0,0.0
2025-11-26 01:40:00+00:00,87.19999694824219,87.19999694824219,87.19999694824219,87.19999694824219,1000,0.0,0.0
2025-11-26 01:45:00+00:00,87.19999694824219,87.4000015258789,87.19999694824219,87.4000015258789,16200,0.0,0.0
2025-11-26 01:50:00+00:00,87.4000015258789,87.4000015258789,87.4000015258789,87.4000015258789,4020,0.0,0.0
2025-11-26 01:55:00+00:00,87.4000015258789,87.4000015258789,87.30000305175781,87.30000305175781,11500,0.0,0.0
2025-11-26 02:00:00+00:00,87.30000305175781,87.30000305175781,87.19999694824219,87.30000305175781,7025,0.0,0.0
2025-11-26 02:05:00+00:00,87.30000305175781,87.30000305175781,87.30000305175781,87.30000305175781,23000,0.0,0.0
2025-11-26 02:10:00+00:00,87.4000015258789,87.5,87.4000015258789,87.5,24050,0.0,0.0
2025-11-26 02:15:00+00:00,87.5,87.5,87.4000015258789,87.4000015258789,3229,0.0,0.0
2025-11-26 02:20:00+00:00,87.5,87.69999694824219,87.5,87.5999984741211,20180,0.0,0.0
2025-11-26 02:25:00+00:00,87.5999984741211,87.5999984741211,87.5,87.5,15025,0.0,0.0
2025-11-26 02:30:00+00:00,87.5,87.5,87.5,87.5,2015,0.0,0.0
2025-11-26 02:35:00+00:00,87.5,87.69999694824219,87.4000015258789,87.69999694824219,12000,0.0,0.0
2025-11-26 02:40:00+00:00,87.80000305175781,87.9000015258789,87.80000305175781,87.9000015258789,14117,0.0,0.0
2025-11-26 02:45:00+00:00,87.9000015258789,87.9000015258789,87.69999694824219,87.69999694824219,14014,0.0,0.0
2025-11-26 02:50:00+00:00,87.69999694824219,87.69999694824219,87.69999694824219,87.69999694824219,3000,0.0,0.0
2025-11-26 02:55:00+00:00,87.69999694824219,87.69999694824219,87.69999694824219,87.69999694824219,2000,0.0,0.0
2025-11-26 03:00:00+00:00,87.69999694824219,87.69999694824219,87.69999694824219,87.69999694824219,4001,0.0,0.0
2025-11-26 03:05:00+00:00,87.5999984741211,87.9000015258789,87.19999694824219,87.9000015258789,67015,0.0,0.0
2025-11-26 03:10:00+00:00,87.9000015258789,87.9000015258789,87.80000305175781,87.80000305175781,12000,0.0,0.0
2025-11-26 03:15:00+00:00,87.69999694824219,87.69999694824219,87.4000015258789,87.5,9000,0.0,0.0
2025-11-26 03:20:00+00:00,87.4000015258789,87.4000015258789,87.4000015258789,87.4000015258789,1241,0.0,0.0
2025-11-26 03:35:00+00:00,87.4000015258789,87.5,87.4000015258789,87.5,7000,0.0,0.0
2025-11-26 03:40:00+00:00,87.5,87.5,87.5,87.5,3020,0.0,0.0
2025-11-26 03:45:00+00:00,87.5,87.5999984741211,87.5,87.5999984741211,3050,0.0,0.0
2025-11-26 03:50:00+00:00,87.5999984741211,87.9000015258789,87.5999984741211,87.80000305175781,15020,0.0,0.0
2025-11-26 03:55:00+00:00,87.80000305175781,87.9000015258789,87.80000305175781,87.9000015258789,17060,0.0,0.0
2025-11-26 04:00:00+00:00,87.9000015258789,87.9000015258789,87.5999984741211,87.5999984741211,7000,0.0,0.0
2025-11-26 04:05:00+00:00,87.5999984741211,87.9000015258789,87.5999984741211,87.9000015258789,8000,0.0,0.0
2025-11-26 04:10:00+00:00,87.9000015258789,87.9000015258789,87.80000305175781,87.80000305175781,6044,0.0,0.0
2025-11-26 04:15:00+00:00,87.5999984741211,87.5999984741211,87.5999984741211,87.5999984741211,4200,0.0,0.0
2025-11-26 04:20:00+00:00,87.5999984741211,87.69999694824219,87.4000015258789,87.4000015258789,18000,0.0,0.0
2025-11-26 04:25:00+00:00,87.4000015258789,87.5,87.4000015258789,87.5,18210,0.0,0.0
2025-11-26 04:30:00+00:00,87.5,87.5,87.4000015258789,87.4000015258789,14000,0.0,0.0
2025-11-26 04:35:00+00:00,87.4000015258789,87.4000015258789,87.30000305175781,87.30000305175781,12586,0.0,0.0
2025-11-26 04:40:00+00:00,87.5,87.5,87.5,87.5,2000,0.0,0.0
2025-11-26 04:45:00+00:00,87.5999984741211,87.80000305175781,87.5999984741211,87.80000305175781,13511,0.0,0.0
2025-11-26 04:50:00+00:00,87.5999984741211,87.5999984741211,87.5999984741211,87.5999984741211,1050,0.0,0.0
2025-11-26 05:00:00+00:00,87.69999694824219,87.69999694824219,87.5999984741211,87.5999984741211,7000,0.0,0.0
2025-11-26 05:05:00+00:00,87.5,87.69999694824219,87.5,87.5,7030,0.0,0.0
2025-11-26 05:10:00+00:00,87.5999984741211,87.5999984741211,87.30000305175781,87.30000305175781,13226,0.0,0.0
2025-11-26 05:15:00+00:00,87.5999984741211,87.80000305175781,87.5999984741211,87.69999694824219,22000,0.0,0.0
2025-11-26 05:20:00+00:00,87.69999694824219,87.9000015258789,87.5,87.80000305175781,23352,0.0,0.0
2025-11-27 01:00:00+00:00,87.9000015258789,88.5,87.9000015258789,87.9000015258789,0,0.0,0.0
2025-11-27 01:05:00+00:00,87.9000015258789,88.0,87.9000015258789,87.9000015258789,7033,0.0,0.0
2025-11-27 01:10:00+00:00,88.0,88.0,87.80000305175781,87.80000305175781,16040,0.0,0.0
2025-11-27 01:15:00+00:00,87.80000305175781,87.80000305175781,87.69999694824219,87.69999694824219,9106,0.0,0.0
2025-11-27 01:20:00+00:00,87.69999694824219,87.9000015258789,87.69999694824219,87.80000305175781,5000,0.0,0.0
2025-11-27 01:25:00+00:00,87.80000305175781,87.9000015258789,87.69999694824219,87.9000015258789,11002,0.0,0.0
2025-11-27 01:30:00+00:00,88.0,88.19999694824219,88.0,88.0999984741211,28691,0.0,0.0
2025-11-27 01:35:00+00:00,88.0999984741211,88.30000305175781,88.0999984741211,88.0999984741211,13002,0.0,0.0
2025-11-27 01:40:00+00:00,88.0,88.0,87.80000305175781,87.80000305175781,17259,0.0,0.0
2025-11-27 01:45:00+00:00,87.9000015258789,87.9000015258789,87.9000015258789,87.9000015258789,7000,0.0,0.0
2025-11-27 01:50:00+00:00,88.0,88.0,88.0,88.0,4050,0.0,0.0
2025-11-27 01:55:00+00:00,88.0,88.0,88.0,88.0,4100,0.0,0.0
2025-11-27 02:00:00+00:00,88.0,88.0,87.80000305175781,87.80000305175781,12000,0.0,0.0
2025-11-27 02:05:00+00:00,87.80000305175781,88.30000305175781,87.80000305175781,88.30000305175781,9010,0.0,0.0
2025-11-27 02:10:00+00:00,88.30000305175781,88.30000305175781,88.19999694824219,88.19999694824219,3030,0.0,0.0
2025-11-27 02:15:00+00:00,88.19999694824219,88.19999694824219,88.19999694824219,88.19999694824219,2020,0.0,0.0
2025-11-27 02:20:00+00:00,88.0999984741211,88.0999984741211,88.0999984741211,88.0999984741211,3000,0.0,0.0
2025-11-27 02:25:00+00:00,88.0,88.0999984741211,88.0,88.0999984741211,2250,0.0,0.0
2025-11-27 02:35:00+00:00,88.0,88.0999984741211,88.0,88.0999984741211,4000,0.0,0.0
2025-11-27 02:40:00+00:00,88.19999694824219,88.30000305175781,88.19999694824219,88.30000305175781,10905,0.0,0.0
2025-11-27 02:45:00+00:00,88.30000305175781,88.4000015258789,88.30000305175781,88.4000015258789,8000,0.0,0.0
2025-11-27 02:50:00+00:00,88.4000015258789,88.4000015258789,88.0,88.0,23479,0.0,0.0
2025-11-27 02:55:00+00:00,88.0,88.0,87.80000305175781,87.80000305175781,31827,0.0,0.0
2025-11-27 03:00:00+00:00,87.80000305175781,87.80000305175781,87.69999694824219,87.69999694824219,7400,0.0,0.0
2025-11-27 03:05:00+00:00,87.69999694824219,87.69999694824219,87.69999694824219,87.69999694824219,13001,0.0,0.0
2025-11-27 03:10:00+00:00,87.69999694824219,87.69999694824219,87.5999984741211,87.69999694824219,3000,0.0,0.0
2025-11-27 03:15:00+00:00,87.5999984741211,87.69999694824219,87.5,87.69999694824219,22028,0.0,0.0
2025-11-27 03:20:00+00:00,87.5999984741211,87.69999694824219,87.5999984741211,87.69999694824219,7120,0.0,0.0
2025-11-27 03:25:00+00:00,87.69999694824219,87.69999694824219,87.5,87.5,23100,0.0,0.0
2025-11-27 03:30:00+00:00,87.4000015258789,87.5,87.4000015258789,87.5,5755,0.0,0.0
2025-11-27 03:35:00+00:00,87.5,87.5,87.4000015258789,87.4000015258789,14000,0.0,0.0
2025-11-27 03:40:00+00:00,87.5,87.5999984741211,87.5,87.5,4815,0.0,0.0
2025-11-27 03:45:00+00:00,87.5,87.5,87.5,87.5,1000,0.0,0.0
2025-11-27 03:50:00+00:00,87.5,87.5,87.5,87.5,2003,0.0,0.0
2025-11-27 03:55:00+00:00,87.5999984741211,87.5999984741211,87.5999984741211,87.5999984741211,1050,0.0,0.0
2025-11-27 04:00:00+00:00,87.5999984741211,87.69999694824219,87.5999984741211,87.5999984741211,8201,0.0,0.0
2025-11-27 04:05:00+00:00,87.5999984741211,87.5999984741211,87.5999984741211,87.5999984741211,3374,0.0,0.0
2025-11-27 04:10:00+00:00,87.5999984741211,87.5999984741211,87.5999984741211,87.5999984741211,2152,0.0,0.0
2025-11-27 04:20:00+00:00,87.5,87.5,87.30000305175781,87.30000305175781,11206,0.0,0.0
2025-11-27 04:25:00+00:00,87.30000305175781,87.30000305175781,87.30000305175781,87.30000305175781,9100,0.0,0.0
2025-11-27 04:30:00+00:00,87.30000305175781,87.30000305175781,87.0,87.0,63653,0.0,0.0
2025-11-27 04:35:00+00:00,87.0,87.30000305175781,87.0,87.19999694824219,11000,0.0,0.0
2025-11-27 04:40:00+00:00,87.30000305175781,87.4000015258789,87.19999694824219,87.4000015258789,7150,0.0,0.0
2025-11-27 04:45:00+00:00,87.4000015258789,87.5,87.19999694824219,87.30000305175781,9755,0.0,0.0
2025-11-27 04:50:00+00:00,87.30000305175781,87.5,87.30000305175781,87.4000015258789,5001,0.0,0.0
2025-11-27 04:55:00+00:00,87.4000015258789,87.5999984741211,87.4000015258789,87.5999984741211,8299,0.0,0.0
2025-11-27 05:05:00+00:00,87.5,87.5,87.4000015258789,87.4000015258789,4500,0.0,0.0
2025-11-27 05:10:00+00:00,87.4000015258789,87.4000015258789,87.4000015258789,87.4000015258789,6000,0.0,0.0
2025-11-27 05:15:00+00:00,87.30000305175781,87.4000015258789,87.0999984741211,87.19999694824219,27269,0.0,0.0
2025-11-27 05:20:00+00:00,87.19999694824219,87.5,87.19999694824219,87.5,23066,0.0,0.0
2025-11-28 01:00:00+00:00,87.9000015258789,87.9000015258789,87.0,87.0,0,0.0,0.0
2025-11-28 01:05:00+00:00,87.0999984741211,87.4000015258789,87.0999984741211,87.19999694824219,7000,0.0,0.0
2025-11-28 01:10:00+00:00,87.4000015258789,87.80000305175781,87.4000015258789,87.69999694824219,23155,0.0,0.0
2025-11-28 01:15:00+00:00,87.5999984741211,87.5999984741211,87.5,87.5,4379,0.0,0.0
2025-11-28 01:20:00+00:00,87.4000015258789,87.4000015258789,87.4000015258789,87.4000015258789,2012,0.0,0.0
2025-11-28 01:25:00+00:00,87.30000305175781,87.30000305175781,87.0999984741211,87.19999694824219,13345,0.0,0.0
2025-11-28 01:30:00+00:00,87.0999984741211,87.19999694824219,87.0999984741211,87.0999984741211,10000,0.0,0.0
2025-11-28 01:35:00+00:00,87.0999984741211,87.0999984741211,87.0,87.0,21000,0.0,0.0
2025-11-28 01:40:00+00:00,86.9000015258789,87.4000015258789,86.9000015258789,87.4000015258789,16398,0.0,0.0
2025-11-28 01:45:00+00:00,87.5,87.5,87.4000015258789,87.4000015258789,5340,0.0,0.0
2025-11-28 01:50:00+00:00,87.4000015258789,87.4000015258789,87.30000305175781,87.30000305175781,3000,0.0,0.0
2025-11-28 01:55:00+00:00,87.4000015258789,87.69999694824219,87.4000015258789,87.69999694824219,10157,0.0,0.0
2025-11-28 02:00:00+00:00,87.5999984741211,87.5999984741211,87.5999984741211,87.5999984741211,3263,0.0,0.0
2025-11-28 02:05:00+00:00,87.5,87.5,87.19999694824219,87.19999694824219,3022,0.0,0.0
2025-11-28 02:10:00+00:00,87.5999984741211,87.5999984741211,87.5,87.5,9000,0.0,0.0
2025-11-28 02:15:00+00:00,87.5,87.5999984741211,87.5,87.5999984741211,3000,0.0,0.0
2025-11-28 02:20:00+00:00,87.5999984741211,87.5999984741211,87.5999984741211,87.5999984741211,2003,0.0,0.0
2025-11-28 02:25:00+00:00,87.69999694824219,87.69999694824219,87.4000015258789,87.4000015258789,7000,0.0,0.0
2025-11-28 02:30:00+00:00,87.19999694824219,87.30000305175781,87.19999694824219,87.30000305175781,6000,0.0,0.0
2025-11-28 02:35:00+00:00,87.4000015258789,87.5999984741211,87.4000015258789,87.5999984741211,7000,0.0,0.0
2025-11-28 02:40:00+00:00,87.5,87.5,87.5,87.5,1000,0.0,0.0
2025-11-28 02:45:00+00:00,87.5999984741211,87.5999984741211,87.5,87.5999984741211,4005,0.0,0.0
2025-11-28 02:50:00+00:00,87.69999694824219,87.69999694824219,87.5,87.5999984741211,5011,0.0,0.0
2025-11-28 02:55:00+00:00,87.5999984741211,87.5999984741211,87.5999984741211,87.5999984741211,1000,0.0,0.0
2025-11-28 03:00:00+00:00,87.4000015258789,87.4000015258789,87.4000015258789,87.4000015258789,4002,0.0,0.0
2025-11-28 03:10:00+00:00,87.30000305175781,87.30000305175781,87.30000305175781,87.30000305175781,5000,0.0,0.0
2025-11-28 03:15:00+00:00,87.4000015258789,87.4000015258789,87.4000015258789,87.4000015258789,4120,0.0,0.0
2025-11-28 03:20:00+00:00,87.4000015258789,87.4000015258789,87.4000015258789,87.4000015258789,1000,0.0,0.0
2025-11-28 03:25:00+00:00,87.30000305175781,87.4000015258789,87.0,87.4000015258789,59117,0.0,0.0
2025-11-28 03:30:00+00:00,87.5,87.5999984741211,87.5,87.5,8000,0.0,0.0
2025-11-28 03:35:00+00:00,87.5,87.5,87.5,87.5,1000,0.0,0.0
2025-11-28 03:40:00+00:00,87.5,87.5999984741211,87.5,87.5,5030,0.0,0.0
2025-11-28 03:45:00+00:00,87.5999984741211,87.5999984741211,87.5999984741211,87.5999984741211,1000,0.0,0.0
2025-11-28 03:50:00+00:00,87.5999984741211,87.69999694824219,87.5999984741211,87.69999694824219,7013,0.0,0.0
2025-11-28 03:55:00+00:00,87.5999984741211,87.5999984741211,87.5999984741211,87.5999984741211,2270,0.0,0.0
2025-11-28 04:00:00+00:00,87.5,87.5,87.5,87.5,3050,0.0,0.0
2025-11-28 04:05:00+00:00,87.5999984741211,87.5999984741211,87.5,87.5,2350,0.0,0.0
2025-11-28 04:15:00+00:00,87.4000015258789,87.5999984741211,87.4000015258789,87.5999984741211,8000,0.0,0.0
2025-11-28 04:20:00+00:00,87.5999984741211,87.5999984741211,87.5,87.5,3000,0.0,0.0
2025-11-28 04:25:00+00:00,87.5,87.5,87.4000015258789,87.4000015258789,13000,0.0,0.0
2025-11-28 04:30:00+00:00,87.4000015258789,87.4000015258789,87.4000015258789,87.4000015258789,7111,0.0,0.0
2025-11-28 04:35:00+00:00,87.30000305175781,87.4000015258789,87.30000305175781,87.30000305175781,8100,0.0,0.0
2025-11-28 04:40:00+00:00,87.30000305175781,87.30000305175781,87.19999694824219,87.19999694824219,2184,0.0,0.0
2025-11-28 04:45:00+00:00,87.30000305175781,87.4000015258789,87.30000305175781,87.4000015258789,8100,0.0,0.0
2025-11-28 04:50:00+00:00,87.4000015258789,87.4000015258789,87.30000305175781,87.30000305175781,6457,0.0,0.0
2025-11-28 04:55:00+00:00,87.5,87.5,87.4000015258789,87.4000015258789,7582,0.0,0.0
2025-11-28 05:00:00+00:00,87.5,87.5,87.4000015258789,87.5,10008,0.0,0.0
2025-11-28 05:05:00+00:00,87.5,87.5,87.5,87.5,2100,0.0,0.0
2025-11-28 05:10:00+00:00,87.5,87.5,87.5,87.5,20000,0.0,0.0
2025-11-28 05:15:00+00:00,87.5,87.5999984741211,87.4000015258789,87.4000015258789,19090,0.0,0.0
2025-11-28 05:20:00+00:00,87.5,87.69999694824219,87.4000015258789,87.4000015258789,7250,0.0,0.0
2025-12-01 01:00:00+00:00,87.5,87.5,87.0,87.0999984741211,0,0.0,0.0
2025-12-01 01:05:00+00:00,87.5,87.5999984741211,87.5,87.5,11374,0.0,0.0
2025-12-01 01:10:00+00:00,87.5,87.5,87.0999984741211,87.0999984741211,27089,0.0,0.0
2025-12-01 01:15:00+00:00,87.4000015258789,87.4000015258789,87.4000015258789,87.4000015258789,6050,0.0,0.0
2025-12-01 01:20:00+00:00,87.69999694824219,88.0,87.69999694824219,88.0,8000,0.0,0.0
2025-12-01 01:25:00+00:00,88.0,88.0,88.0,88.0,14000,0.0,0.0
2025-12-01 01:30:00+00:00,88.0,88.0,87.80000305175781,88.0,13201,0.0,0.0
2025-12-01 01:35:00+00:00,88.0,88.19999694824219,88.0,88.19999694824219,6000,0.0,0.0
2025-12-01 01:40:00+00:00,88.0999984741211,88.19999694824219,87.9000015258789,87.9000015258789,17111,0.0,0.0
2025-12-01 01:45:00+00:00,88.0,88.0,87.9000015258789,88.0,9056,0.0,0.0
2025-12-01 01:50:00+00:00,88.0,88.0,87.80000305175781,87.80000305175781,5324,0.0,0.0
2025-12-01 01:55:00+00:00,87.9000015258789,87.9000015258789,87.9000015258789,87.9000015258789,13003,0.0,0.0
2025-12-01 02:00:00+00:00,87.9000015258789,87.9000015258789,87.9000015258789,87.9000015258789,7000,0.0,0.0
2025-12-01 02:05:00+00:00,87.9000015258789,87.9000015258789,87.80000305175781,87.80000305175781,12100,0.0,0.0
2025-12-01 02:10:00+00:00,87.9000015258789,87.9000015258789,87.5999984741211,87.5999984741211,17641,0.0,0.0
2025-12-01 02:15:00+00:00,87.5999984741211,87.5999984741211,87.5999984741211,87.5999984741211,1050,0.0,0.0
2025-12-01 02:20:00+00:00,87.5,87.5,87.30000305175781,87.4000015258789,41016,0.0,0.0
2025-12-01 02:30:00+00:00,87.4000015258789,87.4000015258789,87.19999694824219,87.19999694824219,11286,0.0,0.0
2025-12-01 02:35:00+00:00,87.19999694824219,87.19999694824219,86.80000305175781,86.9000015258789,98674,0.0,0.0
2025-12-01 02:40:00+00:00,86.9000015258789,86.9000015258789,86.80000305175781,86.80000305175781,17904,0.0,0.0
2025-12-01 02:45:00+00:00,86.80000305175781,86.80000305175781,86.80000305175781,86.80000305175781,8102,0.0,0.0
2025-12-01 02:50:00+00:00,86.9000015258789,87.0999984741211,86.9000015258789,87.0999984741211,12008,0.0,0.0
2025-12-01 02:55:00+00:00,87.19999694824219,87.69999694824219,87.19999694824219,87.5,54000,0.0,0.0
2025-12-01 03:00:00+00:00,87.5,87.5,87.19999694824219,87.19999694824219,9005,0.0,0.0
2025-12-01 03:05:00+00:00,87.4000015258789,88.0999984741211,87.0999984741211,87.9000015258789,50316,0.0,0.0
2025-12-01 03:10:00+00:00,87.9000015258789,87.9000015258789,87.9000015258789,87.9000015258789,1000,0.0,0.0
2025-12-01 03:15:00+00:00,87.5999984741211,87.5999984741211,87.5,87.5,2030,0.0,0.0
2025-12-01 03:20:00+00:00,87.69999694824219,88.30000305175781,87.69999694824219,88.0999984741211,79690,0.0,0.0
2025-12-01 03:25:00+00:00,88.0999984741211,89.0,88.0999984741211,88.80000305175781,96153,0.0,0.0
2025-12-01 03:30:00+00:00,88.80000305175781,88.80000305175781,88.30000305175781,88.30000305175781,14060,0.0,0.0
2025-12-01 03:35:00+00:00,88.30000305175781,88.4000015258789,88.30000305175781,88.4000015258789,4000,0.0,0.0
2025-12-01 03:40:00+00:00,88.30000305175781,88.30000305175781,88.30000305175781,88.30000305175781,3033,0.0,0.0
2025-12-01 03:45:00+00:00,88.19999694824219,88.19999694824219,88.0999984741211,88.19999694824219,13074,0.0,0.0
2025-12-01 03:55:00+00:00,88.0999984741211,88.19999694824219,88.0999984741211,88.19999694824219,9000,0.0,0.0
2025-12-01 04:00:00+00:00,88.0999984741211,88.30000305175781,88.0999984741211,88.30000305175781,19000,0.0,0.0
2025-12-01 04:05:00+00:00,88.5,88.5999984741211,88.0,88.0,56028,0.0,0.0
2025-12-01 04:10:00+00:00,88.0,88.0,87.4000015258789,87.5,40503,0.0,0.0
2025-12-01 04:15:00+00:00,87.5,87.5,87.4000015258789,87.5,7150,0.0,0.0
2025-12-01 04:20:00+00:00,87.5,87.5,87.5,87.5,2000,0.0,0.0
2025-12-01 04:25:00+00:00,87.4000015258789,87.4000015258789,87.0999984741211,87.30000305175781,21104,0.0,0.0
2025-12-01 04:30:00+00:00,87.30000305175781,87.5,87.30000305175781,87.5,7000,0.0,0.0
2025-12-01 04:35:00+00:00,87.5,87.80000305175781,87.5,87.69999694824219,7000,0.0,0.0
2025-12-01 04:40:00+00:00,87.69999694824219,87.80000305175781,87.5999984741211,87.5999984741211,7000,0.0,0.0
2025-12-01 04:45:00+00:00,87.80000305175781,87.80000305175781,87.5999984741211,87.5999984741211,5000,0.0,0.0
2025-12-01 04:50:00+00:00,87.5999984741211,87.5999984741211,87.5999984741211,87.5999984741211,5001,0.0,0.0
2025-12-01 04:55:00+00:00,87.5,87.5,87.19999694824219,87.19999694824219,31269,0.0,0.0
2025-12-01 05:00:00+00:00,87.5999984741211,87.5999984741211,87.5,87.5999984741211,5023,0.0,0.0
2025-12-01 05:05:00+00:00,87.5999984741211,87.5999984741211,87.19999694824219,87.19999694824219,7000,0.0,0.0
2025-12-01 05:10:00+00:00,87.30000305175781,87.4000015258789,87.19999694824219,87.4000015258789,12482,0.0,0.0
2025-12-01 05:15:00+00:00,87.19999694824219,87.4000015258789,87.19999694824219,87.30000305175781,3040,0.0,0.0
2025-12-01 05:20:00+00:00,87.30000305175781,87.5,87.30000305175781,87.5,20739,0.0,0.0
2025-12-02 01:00:00+00:00,87.5,87.5999984741211,87.30000305175781,87.30000305175781,0,0.0,0.0
2025-12-02 01:05:00+00:00,87.4000015258789,87.4000015258789,87.30000305175781,87.30000305175781,5168,0.0,0.0
2025-12-02 01:10:00+00:00,87.30000305175781,87.30000305175781,87.0999984741211,87.0999984741211,27142,0.0,0.0
2025-12-02 01:15:00+00:00,87.19999694824219,87.4000015258789,87.0999984741211,87.4000015258789,9270,0.0,0.0
2025-12-02 01:20:00+00:00,87.4000015258789,87.4000015258789,87.30000305175781,87.30000305175781,15204,0.0,0.0
2025-12-02 01:25:00+00:00,87.4000015258789,87.5999984741211,87.30000305175781,87.5999984741211,27315,0.0,0.0
2025-12-02 01:30:00+00:00,87.5,87.80000305175781,87.5,87.80000305175781,11000,0.0,0.0
2025-12-02 01:35:00+00:00,87.80000305175781,88.9000015258789,87.80000305175781,88.9000015258789,105969,0.0,0.0
2025-12-02 01:40:00+00:00,88.9000015258789,88.9000015258789,88.4000015258789,88.4000015258789,37457,0.0,0.0
2025-12-02 01:45:00+00:00,88.4000015258789,88.4000015258789,88.30000305175781,88.30000305175781,15000,0.0,0.0
2025-12-02 01:50:00+00:00,88.30000305175781,88.30000305175781,88.0999984741211,88.0999984741211,15003,0.0,0.0
2025-12-02 01:55:00+00:00,88.19999694824219,88.19999694824219,88.0999984741211,88.0999984741211,6200,0.0,0.0
2025-12-02 02:00:00+00:00,88.0999984741211,88.19999694824219,88.0,88.19999694824219,22070,0.0,0.0
2025-12-02 02:05:00+00:00,88.19999694824219,88.19999694824219,87.9000015258789,87.9000015258789,13102,0.0,0.0
2025-12-02 02:20:00+00:00,88.0999984741211,88.0999984741211,87.9000015258789,87.9000015258789,7808,0.0,0.0
2025-12-02 02:25:00+00:00,87.9000015258789,87.9000015258789,87.9000015258789,87.9000015258789,2000,0.0,0.0
2025-12-02 02:30:00+00:00,87.9000015258789,87.9000015258789,87.80000305175781,87.80000305175781,7000,0.0,0.0
2025-12-02 02:35:00+00:00,87.69999694824219,87.69999694824219,87.5,87.5,11200,0.0,0.0
2025-12-02 02:45:00+00:00,87.69999694824219,87.69999694824219,87.5,87.5,11007,0.0,0.0
2025-12-02 02:50:00+00:00,87.4000015258789,87.5,87.30000305175781,87.5,16000,0.0,0.0
2025-12-02 02:55:00+00:00,87.5999984741211,87.69999694824219,87.5999984741211,87.69999694824219,5001,0.0,0.0
2025-12-02 03:00:00+00:00,87.69999694824219,87.69999694824219,87.5,87.5,8000,0.0,0.0
2025-12-02 03:05:00+00:00,87.69999694824219,87.80000305175781,87.69999694824219,87.80000305175781,4020,0.0,0.0
2025-12-02 03:10:00+00:00,87.69999694824219,87.69999694824219,87.5999984741211,87.5999984741211,15010,0.0,0.0
2025-12-02 03:15:00+00:00,87.5999984741211,87.5999984741211,87.4000015258789,87.4000015258789,5128,0.0,0.0
2025-12-02 03:20:00+00:00,87.4000015258789,87.4000015258789,87.30000305175781,87.30000305175781,9101,0.0,0.0
2025-12-02 03:25:00+00:00,87.30000305175781,87.4000015258789,87.0999984741211,87.4000015258789,25000,0.0,0.0
2025-12-02 03:30:00+00:00,87.4000015258789,87.4000015258789,87.19999694824219,87.19999694824219,6000,0.0,0.0
2025-12-02 03:35:00+00:00,87.19999694824219,87.30000305175781,87.19999694824219,87.30000305175781,7000,0.0,0.0
2025-12-02 03:40:00+00:00,87.30000305175781,87.4000015258789,87.30000305175781,87.4000015258789,8000,0.0,0.0
2025-12-02 03:45:00+00:00,87.5,87.5,87.5,87.5,4000,0.0,0.0
2025-12-02 03:50:00+00:00,87.5,87.5999984741211,87.5,87.5999984741211,3000,0.0,0.0
2025-12-02 04:00:00+00:00,87.5999984741211,87.5999984741211,87.5999984741211,87.5999984741211,7400,0.0,0.0
2025-12-02 04:05:00+00:00,87.5,87.5,87.4000015258789,87.4000015258789,10075,0.0,0.0
2025-12-02 04:10:00+00:00,87.4000015258789,87.4000015258789,87.30000305175781,87.30000305175781,4025,0.0,0.0
2025-12-02 04:15:00+00:00,87.30000305175781,87.30000305175781,87.30000305175781,87.30000305175781,2000,0.0,0.0
2025-12-02 04:20:00+00:00,87.30000305175781,87.30000305175781,87.30000305175781,87.30000305175781,10020,0.0,0.0
2025-12-02 04:25:00+00:00,87.30000305175781,87.4000015258789,87.30000305175781,87.4000015258789,9000,0.0,0.0
2025-12-02 04:30:00+00:00,87.4000015258789,87.4000015258789,87.4000015258789,87.4000015258789,2260,0.0,0.0
2025-12-02 04:35:00+00:00,87.30000305175781,87.4000015258789,87.30000305175781,87.4000015258789,9000,0.0,0.0
2025-12-02 04:40:00+00:00,87.30000305175781,87.30000305175781,87.30000305175781,87.30000305175781,4010,0.0,0.0
2025-12-02 04:45:00+00:00,87.4000015258789,87.4000015258789,87.0999984741211,87.0999984741211,22805,0.0,0.0
2025-12-02 04:50:00+00:00,87.0999984741211,87.19999694824219,87.0999984741211,87.19999694824219,10904,0.0,0.0
2025-12-02 04:55:00+00:00,87.0999984741211,87.19999694824219,87.0999984741211,87.19999694824219,6000,0.0,0.0
2025-12-02 05:00:00+00:00,87.19999694824219,87.30000305175781,87.19999694824219,87.30000305175781,24613,0.0,0.0
2025-12-02 05:05:00+00:00,87.30000305175781,87.30000305175781,87.30000305175781,87.30000305175781,3050,0.0,0.0
2025-12-02 05:10:00+00:00,87.30000305175781,87.30000305175781,87.19999694824219,87.19999694824219,6039,0.0,0.0
2025-12-02 05:15:00+00:00,87.19999694824219,87.19999694824219,87.0,87.0999984741211,49046,0.0,0.0
2025-12-02 05:20:00+00:00,87.0999984741211,87.4000015258789,87.0999984741211,87.4000015258789,11242,0.0,0.0
2025-12-03 01:00:00+00:00,87.5,88.80000305175781,87.5,88.80000305175781,0,0.0,0.0
2025-12-03 01:05:00+00:00,88.80000305175781,88.80000305175781,88.19999694824219,88.19999694824219,68200,0.0,0.0
2025-12-03 01:10:00+00:00,88.19999694824219,88.30000305175781,88.0999984741211,88.0999984741211,6195,0.0,0.0
2025-12-03 01:15:00+00:00,88.0999984741211,88.0999984741211,87.69999694824219,87.69999694824219,19245,0.0,0.0
2025-12-03 01:20:00+00:00,87.69999694824219,87.69999694824219,87.4000015258789,87.4000015258789,33170,0.0,0.0
2025-12-03 01:25:00+00:00,87.4000015258789,87.4000015258789,87.4000015258789,87.4000015258789,5011,0.0,0.0
2025-12-03 01:30:00+00:00,87.5999984741211,87.69999694824219,87.5999984741211,87.69999694824219,4000,0.0,0.0
2025-12-03 01:35:00+00:00,87.69999694824219,87.69999694824219,87.5999984741211,87.5999984741211,2000,0.0,0.0
2025-12-03 01:40:00+00:00,87.69999694824219,87.9000015258789,87.5999984741211,87.9000015258789,7000,0.0,0.0
2025-12-03 01:45:00+00:00,87.80000305175781,87.80000305175781,87.5,87.5,7150,0.0,0.0
2025-12-03 01:50:00+00:00,87.5,87.5,87.4000015258789,87.5,9201,0.0,0.0
2025-12-03 01:55:00+00:00,87.5999984741211,87.5999984741211,87.5999984741211,87.5999984741211,4050,0.0,0.0
2025-12-03 02:00:00+00:00,87.5999984741211,87.69999694824219,87.5999984741211,87.5999984741211,6010,0.0,0.0
2025-12-03 02:05:00+00:00,87.5,87.5,87.5,87.5,4378,0.0,0.0
2025-12-03 02:10:00+00:00,87.5999984741211,87.5999984741211,87.4000015258789,87.4000015258789,22300,0.0,0.0
2025-12-03 02:15:00+00:00,87.5,87.5,87.5,87.5,3030,0.0,0.0
2025-12-03 02:20:00+00:00,87.5,87.5,87.5,87.5,3050,0.0,0.0
2025-12-03 02:25:00+00:00,87.5999984741211,87.69999694824219,87.5999984741211,87.69999694824219,6257,0.0,0.0
2025-12-03 02:30:00+00:00,87.5999984741211,87.5999984741211,87.5999984741211,87.5999984741211,3150,0.0,0.0
2025-12-03 02:35:00+00:00,87.5,87.5,87.5,87.5,2000,0.0,0.0
2025-12-03 02:40:00+00:00,87.5,87.5,87.5,87.5,3000,0.0,0.0
2025-12-03 02:45:00+00:00,87.5,87.5,87.5,87.5,11035,0.0,0.0
2025-12-03 02:50:00+00:00,87.5,87.5,87.4000015258789,87.4000015258789,7210,0.0,0.0
2025-12-03 02:55:00+00:00,87.4000015258789,87.4000015258789,87.4000015258789,87.4000015258789,1000,0.0,0.0
2025-12-03 03:00:00+00:00,87.5,87.5,87.5,87.5,2653,0.0,0.0
2025-12-03 03:05:00+00:00,87.5,87.5,87.5,87.5,2000,0.0,0.0
2025-12-03 03:10:00+00:00,87.4000015258789,87.5,87.4000015258789,87.5,26000,0.0,0.0
2025-12-03 03:15:00+00:00,87.4000015258789,87.4000015258789,87.30000305175781,87.30000305175781,16000,0.0,0.0
2025-12-03 03:20:00+00:00,87.30000305175781,87.30000305175781,87.19999694824219,87.19999694824219,21284,0.0,0.0
2025-12-03 03:25:00+00:00,87.30000305175781,87.30000305175781,87.19999694824219,87.19999694824219,8000,0.0,0.0
2025-12-03 03:30:00+00:00,87.30000305175781,87.30000305175781,87.30000305175781,87.30000305175781,3000,0.0,0.0
2025-12-03 03:35:00+00:00,87.30000305175781,87.30000305175781,87.30000305175781,87.30000305175781,3000,0.0,0.0
2025-12-03 03:40:00+00:00,87.19999694824219,87.19999694824219,87.19999694824219,87.19999694824219,8100,0.0,0.0
2025-12-03 03:45:00+00:00,87.30000305175781,87.30000305175781,87.30000305175781,87.30000305175781,1000,0.0,0.0
2025-12-03 03:50:00+00:00,87.30000305175781,87.30000305175781,87.0999984741211,87.19999694824219,17000,0.0,0.0
2025-12-03 03:55:00+00:00,87.19999694824219,87.30000305175781,87.19999694824219,87.30000305175781,7000,0.0,0.0
2025-12-03 04:00:00+00:00,87.19999694824219,87.30000305175781,87.19999694824219,87.30000305175781,7000,0.0,0.0
2025-12-03 04:05:00+00:00,87.30000305175781,87.30000305175781,87.0999984741211,87.0999984741211,30010,0.0,0.0
2025-12-03 04:10:00+00:00,87.19999694824219,87.19999694824219,87.19999694824219,87.19999694824219,8000,0.0,0.0
2025-12-03 04:15:00+00:00,87.0999984741211,87.5999984741211,87.0999984741211,87.5999984741211,25054,0.0,0.0
2025-12-03 04:25:00+00:00,87.5999984741211,87.69999694824219,87.5999984741211,87.69999694824219,3000,0.0,0.0
2025-12-03 04:30:00+00:00,87.69999694824219,87.69999694824219,87.69999694824219,87.69999694824219,5000,0.0,0.0
2025-12-03 04:35:00+00:00,87.80000305175781,87.9000015258789,87.80000305175781,87.9000015258789,14002,0.0,0.0
2025-12-03 04:40:00+00:00,87.9000015258789,87.9000015258789,87.80000305175781,87.9000015258789,7038,0.0,0.0
2025-12-03 04:45:00+00:00,87.9000015258789,87.9000015258789,87.80000305175781,87.80000305175781,12000,0.0,0.0
2025-12-03 04:50:00+00:00,87.9000015258789,87.9000015258789,87.80000305175781,87.80000305175781,13000,0.0,0.0
2025-12-03 04:55:00+00:00,87.80000305175781,87.80000305175781,87.69999694824219,87.69999694824219,10016,0.0,0.0
2025-12-03 05:00:00+00:00,87.69999694824219,87.69999694824219,87.5,87.5,47200,0.0,0.0
2025-12-03 05:05:00+00:00,87.5,87.5999984741211,87.5,87.5999984741211,5000,0.0,0.0
2025-12-03 05:10:00+00:00,87.69999694824219,87.69999694824219,87.5,87.5,18350,0.0,0.0
2025-12-03 05:15:00+00:00,87.5999984741211,87.69999694824219,87.5999984741211,87.69999694824219,12838,0.0,0.0
2025-12-03 05:20:00+00:00,87.69999694824219,87.69999694824219,87.5,87.69999694824219,13488,0.0,0.0
2025-12-04 01:00:00+00:00,87.9000015258789,88.80000305175781,87.9000015258789,88.0999984741211,0,0.0,0.0
2025-12-04 01:05:00+00:00,88.4000015258789,88.80000305175781,88.4000015258789,88.5,41053,0.0,0.0
2025-12-04 01:10:00+00:00,88.4000015258789,88.4000015258789,88.0,88.0,12206,0.0,0.0
2025-12-04 01:15:00+00:00,88.0,88.0,87.9000015258789,87.9000015258789,9101,0.0,0.0
2025-12-04 01:20:00+00:00,88.0,88.19999694824219,88.0,88.19999694824219,6089,0.0,0.0
2025-12-04 01:25:00+00:00,88.0999984741211,88.0999984741211,87.9000015258789,87.9000015258789,16176,0.0,0.0
2025-12-04 01:30:00+00:00,87.9000015258789,87.9000015258789,87.69999694824219,87.69999694824219,10020,0.0,0.0
2025-12-04 01:35:00+00:00,87.80000305175781,87.9000015258789,87.69999694824219,87.69999694824219,11060,0.0,0.0
2025-12-04 01:40:00+00:00,87.69999694824219,87.69999694824219,87.5999984741211,87.69999694824219,21100,0.0,0.0
2025-12-04 01:45:00+00:00,87.5999984741211,87.5999984741211,87.19999694824219,87.19999694824219,22170,0.0,0.0
2025-12-04 01:50:00+00:00,87.30000305175781,87.30000305175781,87.0,87.0999984741211,36273,0.0,0.0
2025-12-04 01:55:00+00:00,87.0999984741211,87.0999984741211,87.0,87.0999984741211,16495,0.0,0.0
2025-12-04 02:00:00+00:00,87.19999694824219,87.19999694824219,86.80000305175781,87.0999984741211,44180,0.0,0.0
2025-12-04 02:05:00+00:00,87.0999984741211,87.30000305175781,87.0999984741211,87.30000305175781,3100,0.0,0.0
2025-12-04 02:10:00+00:00,87.0999984741211,87.19999694824219,86.9000015258789,86.9000015258789,38250,0.0,0.0
2025-12-04 02:15:00+00:00,87.0,87.0999984741211,87.0,87.0,4000,0.0,0.0
2025-12-04 02:20:00+00:00,87.0999984741211,87.19999694824219,87.0,87.19999694824219,6193,0.0,0.0
2025-12-04 02:25:00+00:00,87.0999984741211,87.19999694824219,87.0999984741211,87.19999694824219,4100,0.0,0.0
2025-12-04 02:35:00+00:00,87.0999984741211,87.0999984741211,87.0999984741211,87.0999984741211,1000,0.0,0.0
2025-12-04 02:40:00+00:00,87.0999984741211,87.0999984741211,87.0999984741211,87.0999984741211,2000,0.0,0.0
2025-12-04 02:45:00+00:00,87.0999984741211,87.0999984741211,86.9000015258789,86.9000015258789,53000,0.0,0.0
2025-12-04 02:50:00+00:00,87.0,87.0,87.0,87.0,2000,0.0,0.0
2025-12-04 02:55:00+00:00,87.0,87.0999984741211,87.0,87.0,3000,0.0,0.0
2025-12-04 03:00:00+00:00,87.0999984741211,87.0999984741211,87.0,87.0,3030,0.0,0.0
2025-12-04 03:05:00+00:00,87.0,87.0999984741211,87.0,87.0,9170,0.0,0.0
2025-12-04 03:10:00+00:00,87.0999984741211,87.0999984741211,87.0,87.0,17000,0.0,0.0
2025-12-04 03:15:00+00:00,87.0,87.0999984741211,86.9000015258789,87.0999984741211,8010,0.0,0.0
2025-12-04 03:20:00+00:00,87.0999984741211,87.0999984741211,87.0,87.0,3000,0.0,0.0
2025-12-04 03:25:00+00:00,87.0999984741211,87.19999694824219,87.0,87.19999694824219,37011,0.0,0.0
2025-12-04 03:30:00+00:00,87.30000305175781,87.30000305175781,87.30000305175781,87.30000305175781,3000,0.0,0.0
2025-12-04 03:35:00+00:00,87.19999694824219,87.19999694824219,87.0999984741211,87.19999694824219,17489,0.0,0.0
2025-12-04 03:45:00+00:00,87.0999984741211,87.0999984741211,86.9000015258789,86.9000015258789,28440,0.0,0.0
2025-12-04 03:50:00+00:00,86.9000015258789,86.9000015258789,86.9000015258789,86.9000015258789,8340,0.0,0.0
2025-12-04 03:55:00+00:00,87.0,87.0,87.0,87.0,2152,0.0,0.0
2025-12-04 04:00:00+00:00,87.0,87.0,87.0,87.0,1000,0.0,0.0
2025-12-04 04:05:00+00:00,86.9000015258789,87.0,86.80000305175781,86.9000015258789,27003,0.0,0.0
2025-12-04 04:10:00+00:00,86.9000015258789,86.9000015258789,86.69999694824219,86.80000305175781,23265,0.0,0.0
2025-12-04 04:15:00+00:00,86.80000305175781,86.80000305175781,86.80000305175781,86.80000305175781,6098,0.0,0.0
2025-12-04 04:20:00+00:00,86.80000305175781,86.80000305175781,86.80000305175781,86.80000305175781,2011,0.0,0.0
2025-12-04 04:25:00+00:00,86.80000305175781,86.80000305175781,86.69999694824219,86.80000305175781,10107,0.0,0.0
2025-12-04 04:30:00+00:00,86.9000015258789,86.9000015258789,86.9000015258789,86.9000015258789,2000,0.0,0.0
2025-12-04 04:35:00+00:00,87.0,87.0,86.69999694824219,86.80000305175781,21050,0.0,0.0
2025-12-04 04:40:00+00:00,86.80000305175781,86.80000305175781,86.80000305175781,86.80000305175781,1000,0.0,0.0
2025-12-04 04:45:00+00:00,86.80000305175781,86.80000305175781,86.80000305175781,86.80000305175781,4000,0.0,0.0
2025-12-04 04:50:00+00:00,86.9000015258789,86.9000015258789,86.80000305175781,86.80000305175781,2000,0.0,0.0
2025-12-04 04:55:00+00:00,86.9000015258789,86.9000015258789,86.80000305175781,86.80000305175781,8250,0.0,0.0
2025-12-04 05:00:00+00:00,86.9000015258789,86.9000015258789,86.80000305175781,86.9000015258789,12430,0.0,0.0
2025-12-04 05:05:00+00:00,86.9000015258789,86.9000015258789,86.80000305175781,86.80000305175781,17030,0.0,0.0
2025-12-04 05:10:00+00:00,86.9000015258789,86.9000015258789,86.80000305175781,86.9000015258789,10328,0.0,0.0
2025-12-04 05:15:00+00:00,86.80000305175781,86.9000015258789,86.80000305175781,86.80000305175781,16010,0.0,0.0
2025-12-04 05:20:00+00:00,86.9000015258789,87.0,86.69999694824219,86.9000015258789,42025,0.0,0.0
2025-12-05 01:00:00+00:00,87.30000305175781,87.9000015258789,87.30000305175781,87.5999984741211,0,0.0,0.0
2025-12-05 01:05:00+00:00,87.5,87.5,87.30000305175781,87.4000015258789,19060,0.0,0.0
2025-12-05 01:10:00+00:00,87.30000305175781,87.4000015258789,87.30000305175781,87.30000305175781,8076,0.0,0.0
2025-12-05 01:15:00+00:00,87.19999694824219,87.30000305175781,87.0999984741211,87.30000305175781,5000,0.0,0.0
2025-12-05 01:20:00+00:00,87.30000305175781,87.4000015258789,87.19999694824219,87.4000015258789,5000,0.0,0.0
2025-12-05 01:25:00+00:00,87.4000015258789,87.4000015258789,87.19999694824219,87.19999694824219,9216,0.0,0.0
2025-12-05 01:30:00+00:00,87.0,87.0,86.9000015258789,86.9000015258789,21790,0.0,0.0
2025-12-05 01:35:00+00:00,86.80000305175781,86.80000305175781,86.80000305175781,86.80000305175781,12400,0.0,0.0
2025-12-05 01:40:00+00:00,86.69999694824219,86.80000305175781,86.69999694824219,86.80000305175781,19097,0.0,0.0
2025-12-05 01:45:00+00:00,86.80000305175781,86.80000305175781,86.80000305175781,86.80000305175781,13124,0.0,0.0
2025-12-05 01:50:00+00:00,86.9000015258789,86.9000015258789,86.69999694824219,86.69999694824219,5500,0.0,0.0
2025-12-05 01:55:00+00:00,86.69999694824219,86.80000305175781,86.69999694824219,86.80000305175781,4071,0.0,0.0
2025-12-05 02:00:00+00:00,86.80000305175781,86.80000305175781,86.80000305175781,86.80000305175781,1015,0.0,0.0
2025-12-05 02:05:00+00:00,86.80000305175781,86.80000305175781,86.69999694824219,86.69999694824219,12004,0.0,0.0
2025-12-05 02:10:00+00:00,86.69999694824219,86.9000015258789,86.69999694824219,86.9000015258789,10000,0.0,0.0
2025-12-05 02:15:00+00:00,87.0,87.0,87.0,87.0,1614,0.0,0.0
2025-12-05 02:20:00+00:00,87.0999984741211,87.0999984741211,87.0,87.0,14000,0.0,0.0
2025-12-05 02:25:00+00:00,87.0,87.0,87.0,87.0,2000,0.0,0.0
2025-12-05 02:30:00+00:00,87.0,87.0,87.0,87.0,8000,0.0,0.0
2025-12-05 02:35:00+00:00,87.0,87.0999984741211,87.0,87.0999984741211,5000,0.0,0.0
2025-12-05 02:40:00+00:00,87.0,87.0,87.0,87.0,5000,0.0,0.0
2025-12-05 02:45:00+00:00,87.0,87.0,86.80000305175781,86.80000305175781,17000,0.0,0.0
2025-12-05 02:50:00+00:00,86.80000305175781,86.80000305175781,86.69999694824219,86.69999694824219,4007,0.0,0.0
2025-12-05 02:55:00+00:00,86.69999694824219,86.80000305175781,86.69999694824219,86.80000305175781,14176,0.0,0.0
2025-12-05 03:05:00+00:00,86.69999694824219,86.80000305175781,86.69999694824219,86.80000305175781,2000,0.0,0.0
2025-12-05 03:10:00+00:00,86.80000305175781,86.80000305175781,86.80000305175781,86.80000305175781,2000,0.0,0.0
2025-12-05 03:15:00+00:00,86.80000305175781,86.80000305175781,86.80000305175781,86.80000305175781,4000,0.0,0.0
2025-12-05 03:20:00+00:00,86.80000305175781,86.80000305175781,86.5999984741211,86.5999984741211,27000,0.0,0.0
2025-12-05 03:25:00+00:00,86.5999984741211,86.5999984741211,86.5,86.5999984741211,8134,0.0,0.0
2025-12-05 03:30:00+00:00,86.5,86.5,86.5,86.5,30089,0.0,0.0
2025-12-05 03:35:00+00:00,86.5,86.5,86.4000015258789,86.4000015258789,9260,0.0,0.0
2025-12-05 03:40:00+00:00,86.4000015258789,86.4000015258789,86.30000305175781,86.30000305175781,23491,0.0,0.0
2025-12-05 03:45:00+00:00,86.30000305175781,86.30000305175781,86.19999694824219,86.19999694824219,5263,0.0,0.0
2025-12-05 03:50:00+00:00,86.19999694824219,86.19999694824219,86.0999984741211,86.19999694824219,9231,0.0,0.0
2025-12-05 04:00:00+00:00,86.19999694824219,86.19999694824219,86.19999694824219,86.19999694824219,3000,0.0,0.0
2025-12-05 04:05:00+00:00,86.30000305175781,86.4000015258789,86.30000305175781,86.4000015258789,0,0.0,0.0
2025-12-05 04:10:00+00:00,86.4000015258789,86.4000015258789,86.30000305175781,86.30000305175781,378618,0.0,0.0
2025-12-05 04:15:00+00:00,86.4000015258789,86.4000015258789,86.4000015258789,86.4000015258789,2000,0.0,0.0
2025-12-05 04:20:00+00:00,86.4000015258789,86.4000015258789,86.30000305175781,86.30000305175781,13000,0.0,0.0
2025-12-05 04:25:00+00:00,86.19999694824219,86.4000015258789,86.19999694824219,86.4000015258789,6000,0.0,0.0
2025-12-05 04:30:00+00:00,86.4000015258789,86.5,86.4000015258789,86.5,6200,0.0,0.0
2025-12-05 04:35:00+00:00,86.4000015258789,86.4000015258789,86.19999694824219,86.19999694824219,11042,0.0,0.0
2025-12-05 04:40:00+00:00,86.30000305175781,86.30000305175781,86.30000305175781,86.30000305175781,2250,0.0,0.0
2025-12-05 04:45:00+00:00,86.5,86.5,86.30000305175781,86.30000305175781,20010,0.0,0.0
2025-12-05 04:50:00+00:00,86.19999694824219,86.30000305175781,86.19999694824219,86.30000305175781,13553,0.0,0.0
2025-12-05 04:55:00+00:00,86.4000015258789,86.4000015258789,86.30000305175781,86.4000015258789,5350,0.0,0.0
2025-12-05 05:00:00+00:00,86.4000015258789,86.5,86.4000015258789,86.5,3000,0.0,0.0
2025-12-05 05:05:00+00:00,86.4000015258789,86.4000015258789,86.30000305175781,86.30000305175781,15000,0.0,0.0
2025-12-05 05:10:00+00:00,86.4000015258789,86.4000015258789,86.30000305175781,86.4000015258789,20543,0.0,0.0
2025-12-05 05:15:00+00:00,86.30000305175781,86.5,86.30000305175781,86.5,12175,0.0,0.0
2025-12-05 05:20:00+00:00,86.5,86.5999984741211,86.4000015258789,86.5999984741211,19040,0.0,0.0
2025-12-08 01:00:00+00:00,86.5999984741211,86.69999694824219,86.5999984741211,86.5999984741211,0,0.0,0.0
2025-12-08 01:05:00+00:00,86.5,86.5,86.4000015258789,86.5,13292,0.0,0.0
2025-12-08 01:10:00+00:00,86.5,86.5999984741211,86.4000015258789,86.5999984741211,19106,0.0,0.0
2025-12-08 01:15:00+00:00,86.5,86.5999984741211,86.5,86.5999984741211,2396,0.0,0.0
2025-12-08 01:20:00+00:00,86.5,86.69999694824219,86.4000015258789,86.69999694824219,11001,0.0,0.0
2025-12-08 01:25:00+00:00,86.69999694824219,86.69999694824219,86.69999694824219,86.69999694824219,1050,0.0,0.0
2025-12-08 01:30:00+00:00,86.69999694824219,86.69999694824219,86.69999694824219,86.69999694824219,1169,0.0,0.0
2025-12-08 01:35:00+00:00,86.5,86.69999694824219,86.5,86.5999984741211,21117,0.0,0.0
2025-12-08 01:40:00+00:00,86.5,86.5,86.30000305175781,86.30000305175781,32010,0.0,0.0
2025-12-08 01:45:00+00:00,86.30000305175781,86.5,86.30000305175781,86.5,10000,0.0,0.0
2025-12-08 01:50:00+00:00,86.5999984741211,86.69999694824219,86.5999984741211,86.5999984741211,17350,0.0,0.0
2025-12-08 01:55:00+00:00,86.5999984741211,86.5999984741211,86.5999984741211,86.5999984741211,1000,0.0,0.0
2025-12-08 02:00:00+00:00,86.5999984741211,86.5999984741211,86.5999984741211,86.5999984741211,1000,0.0,0.0
2025-12-08 02:05:00+00:00,86.69999694824219,86.69999694824219,86.5999984741211,86.5999984741211,2000,0.0,0.0
2025-12-08 02:10:00+00:00,86.5999984741211,86.5999984741211,86.5,86.5,5000,0.0,0.0
2025-12-08 02:15:00+00:00,86.4000015258789,86.5,86.30000305175781,86.5,31070,0.0,0.0
2025-12-08 02:20:00+00:00,86.30000305175781,86.30000305175781,86.30000305175781,86.30000305175781,6750,0.0,0.0
2025-12-08 02:25:00+00:00,86.4000015258789,86.5,86.4000015258789,86.5,2436,0.0,0.0
2025-12-08 02:30:00+00:00,86.5,86.5999984741211,86.5,86.5999984741211,7002,0.0,0.0
2025-12-08 02:35:00+00:00,86.5999984741211,86.5999984741211,86.5999984741211,86.5999984741211,1100,0.0,0.0
2025-12-08 02:40:00+00:00,86.5999984741211,86.5999984741211,86.5999984741211,86.5999984741211,2100,0.0,0.0
2025-12-08 02:45:00+00:00,86.5,86.5,86.5,86.5,2020,0.0,0.0
2025-12-08 02:50:00+00:00,86.4000015258789,86.4000015258789,86.4000015258789,86.4000015258789,4000,0.0,0.0
2025-12-08 02:55:00+00:00,86.5999984741211,86.5999984741211,86.5999984741211,86.5999984741211,1151,0.0,0.0
2025-12-08 03:00:00+00:00,86.5999984741211,86.5999984741211,86.5,86.5,4050,0.0,0.0
2025-12-08 03:05:00+00:00,86.5,86.5,86.5,86.5,2047,0.0,0.0
2025-12-08 03:10:00+00:00,86.4000015258789,86.4000015258789,86.30000305175781,86.30000305175781,13060,0.0,0.0
2025-12-08 03:15:00+00:00,86.30000305175781,86.30000305175781,86.30000305175781,86.30000305175781,6000,0.0,0.0
2025-12-08 03:20:00+00:00,86.5,86.5,86.5,86.5,17323,0.0,0.0
2025-12-08 03:25:00+00:00,86.5,86.5,86.30000305175781,86.5,16015,0.0,0.0
2025-12-08 03:30:00+00:00,86.4000015258789,86.5,86.19999694824219,86.19999694824219,36265,0.0,0.0
2025-12-08 03:35:00+00:00,86.30000305175781,86.30000305175781,86.0999984741211,86.0999984741211,35089,0.0,0.0
2025-12-08 03:40:00+00:00,86.19999694824219,86.5,86.19999694824219,86.4000015258789,46830,0.0,0.0
2025-12-08 03:45:00+00:00,86.30000305175781,86.4000015258789,86.30000305175781,86.4000015258789,2500,0.0,0.0
2025-12-08 03:50:00+00:00,86.30000305175781,86.30000305175781,86.30000305175781,86.30000305175781,6000,0.0,0.0
2025-12-08 03:55:00+00:00,86.19999694824219,86.30000305175781,86.19999694824219,86.30000305175781,9180,0.0,0.0
2025-12-08 04:00:00+00:00,86.30000305175781,86.30000305175781,86.30000305175781,86.30000305175781,1040,0.0,0.0
2025-12-08 04:05:00+00:00,86.30000305175781,86.30000305175781,86.30000305175781,86.30000305175781,3000,0.0,0.0
2025-12-08 04:10:00+00:00,86.19999694824219,86.30000305175781,86.19999694824219,86.19999694824219,19200,0.0,0.0
2025-12-08 04:15:00+00:00,86.30000305175781,86.30000305175781,86.30000305175781,86.30000305175781,4451,0.0,0.0
2025-12-08 04:20:00+00:00,86.30000305175781,86.30000305175781,86.30000305175781,86.30000305175781,1150,0.0,0.0
2025-12-08 04:25:00+00:00,86.30000305175781,86.4000015258789,86.30000305175781,86.4000015258789,4197,0.0,0.0
2025-12-08 04:35:00+00:00,86.4000015258789,86.4000015258789,86.30000305175781,86.30000305175781,11115,0.0,0.0
2025-12-08 04:40:00+00:00,86.30000305175781,86.30000305175781,86.19999694824219,86.30000305175781,20950,0.0,0.0
2025-12-08 04:45:00+00:00,86.30000305175781,86.4000015258789,86.30000305175781,86.4000015258789,9308,0.0,0.0
2025-12-08 04:50:00+00:00,86.4000015258789,86.4000015258789,86.4000015258789,86.4000015258789,1000,0.0,0.0
2025-12-08 04:55:00+00:00,86.4000015258789,87.5,86.30000305175781,87.5,86841,0.0,0.0
2025-12-08 05:00:00+00:00,87.5,87.69999694824219,87.4000015258789,87.5,53199,0.0,0.0
2025-12-08 05:05:00+00:00,87.5,87.5,87.0999984741211,87.0999984741211,9191,0.0,0.0
2025-12-08 05:10:00+00:00,87.19999694824219,87.30000305175781,87.19999694824219,87.30000305175781,6060,0.0,0.0
2025-12-08 05:15:00+00:00,87.30000305175781,87.30000305175781,87.19999694824219,87.30000305175781,23025,0.0,0.0
2025-12-08 05:20:00+00:00,87.19999694824219,87.30000305175781,86.80000305175781,87.30000305175781,19005,0.0,0.0
2025-12-09 01:00:00+00:00,88.0,89.0,88.0,88.69999694824219,0,0.0,0.0
2025-12-09 01:05:00+00:00,88.80000305175781,88.80000305175781,87.9000015258789,87.9000015258789,59480,0.0,0.0
2025-12-09 01:10:00+00:00,88.0,88.0,87.69999694824219,87.80000305175781,25716,0.0,0.0
2025-12-09 01:15:00+00:00,87.69999694824219,87.69999694824219,87.5,87.69999694824219,45307,0.0,0.0
2025-12-09 01:20:00+00:00,87.69999694824219,87.80000305175781,87.69999694824219,87.80000305175781,18050,0.0,0.0
2025-12-09 01:25:00+00:00,87.80000305175781,87.80000305175781,87.80000305175781,87.80000305175781,10500,0.0,0.0
2025-12-09 01:30:00+00:00,87.69999694824219,87.9000015258789,87.69999694824219,87.9000015258789,24021,0.0,0.0
2025-12-09 01:35:00+00:00,87.9000015258789,87.9000015258789,87.4000015258789,87.69999694824219,55030,0.0,0.0
2025-12-09 01:40:00+00:00,87.5,87.69999694824219,87.30000305175781,87.69999694824219,14117,0.0,0.0
2025-12-09 01:45:00+00:00,87.69999694824219,87.69999694824219,87.69999694824219,87.69999694824219,2000,0.0,0.0
2025-12-09 01:50:00+00:00,87.5,87.69999694824219,87.5,87.69999694824219,9260,0.0,0.0
2025-12-09 01:55:00+00:00,87.5,87.69999694824219,87.5,87.5999984741211,8000,0.0,0.0
2025-12-09 02:00:00+00:00,87.69999694824219,88.0,87.69999694824219,88.0,17180,0.0,0.0
2025-12-09 02:05:00+00:00,88.0,88.69999694824219,88.0,88.69999694824219,88095,0.0,0.0
2025-12-09 02:10:00+00:00,88.69999694824219,90.19999694824219,88.5999984741211,90.19999694824219,342744,0.0,0.0
2025-12-09 02:15:00+00:00,90.0,90.69999694824219,89.69999694824219,89.9000015258789,282127,0.0,0.0
2025-12-09 02:20:00+00:00,89.9000015258789,90.30000305175781,89.69999694824219,89.9000015258789,91707,0.0,0.0
2025-12-09 02:25:00+00:00,90.0,90.4000015258789,89.9000015258789,89.9000015258789,139695,0.0,0.0
2025-12-09 02:30:00+00:00,89.80000305175781,89.80000305175781,89.4000015258789,89.4000015258789,116380,0.0,0.0
2025-12-09 02:35:00+00:00,89.4000015258789,89.5,89.19999694824219,89.5,38101,0.0,0.0
2025-12-09 02:40:00+00:00,89.5,89.5999984741211,89.0999984741211,89.30000305175781,55582,0.0,0.0
2025-12-09 02:45:00+00:00,89.4000015258789,89.4000015258789,89.19999694824219,89.4000015258789,28022,0.0,0.0
2025-12-09 02:50:00+00:00,89.4000015258789,89.69999694824219,89.19999694824219,89.19999694824219,40014,0.0,0.0
2025-12-09 02:55:00+00:00,89.19999694824219,89.4000015258789,89.0999984741211,89.19999694824219,52408,0.0,0.0
2025-12-09 03:00:00+00:00,89.19999694824219,89.19999694824219,88.9000015258789,89.0,78393,0.0,0.0
2025-12-09 03:05:00+00:00,88.9000015258789,89.0,88.5999984741211,88.5999984741211,81325,0.0,0.0
2025-12-09 03:10:00+00:00,88.5999984741211,88.9000015258789,88.5999984741211,88.9000015258789,27090,0.0,0.0
2025-12-09 03:15:00+00:00,88.9000015258789,88.9000015258789,88.69999694824219,88.9000015258789,22000,0.0,0.0
2025-12-09 03:20:00+00:00,88.80000305175781,88.80000305175781,88.80000305175781,88.80000305175781,18268,0.0,0.0
2025-12-09 03:25:00+00:00,88.80000305175781,89.0,88.80000305175781,88.9000015258789,32200,0.0,0.0
2025-12-09 03:30:00+00:00,88.9000015258789,89.0999984741211,88.9000015258789,89.0,36020,0.0,0.0
2025-12-09 03:35:00+00:00,89.0,89.0999984741211,88.9000015258789,88.9000015258789,15100,0.0,0.0
2025-12-09 03:40:00+00:00,88.9000015258789,88.9000015258789,88.80000305175781,88.80000305175781,23000,0.0,0.0
2025-12-09 03:45:00+00:00,88.80000305175781,88.80000305175781,88.80000305175781,88.80000305175781,2000,0.0,0.0
2025-12-09 03:50:00+00:00,88.9000015258789,89.0999984741211,88.9000015258789,88.9000015258789,27050,0.0,0.0
2025-12-09 03:55:00+00:00,89.0,89.0,88.69999694824219,88.69999694824219,36547,0.0,0.0
2025-12-09 04:00:00+00:00,88.69999694824219,88.80000305175781,88.5999984741211,88.69999694824219,28750,0.0,0.0
2025-12-09 04:05:00+00:00,89.0,89.0,88.9000015258789,88.9000015258789,6367,0.0,0.0
2025-12-09 04:10:00+00:00,88.9000015258789,89.0,88.9000015258789,89.0,10050,0.0,0.0
2025-12-09 04:15:00+00:00,89.0,89.0999984741211,88.9000015258789,89.0,33317,0.0,0.0
2025-12-09 04:20:00+00:00,89.0,89.0,88.9000015258789,88.9000015258789,12030,0.0,0.0
2025-12-09 04:25:00+00:00,88.9000015258789,89.0,88.9000015258789,89.0,24211,0.0,0.0
2025-12-09 04:30:00+00:00,88.9000015258789,88.9000015258789,88.9000015258789,88.9000015258789,1000,0.0,0.0
2025-12-09 04:35:00+00:00,89.0,89.0999984741211,88.9000015258789,89.0,24617,0.0,0.0
2025-12-09 04:40:00+00:00,89.0,89.19999694824219,89.0,89.19999694824219,26073,0.0,0.0
2025-12-09 04:45:00+00:00,89.19999694824219,89.5,89.19999694824219,89.5,27327,0.0,0.0
2025-12-09 04:50:00+00:00,89.5,89.5,89.19999694824219,89.30000305175781,44129,0.0,0.0
2025-12-09 04:55:00+00:00,89.30000305175781,89.80000305175781,89.30000305175781,89.5,57250,0.0,0.0
2025-12-09 05:00:00+00:00,89.5999984741211,89.80000305175781,89.5,89.5999984741211,39200,0.0,0.0
2025-12-09 05:05:00+00:00,89.69999694824219,89.9000015258789,89.5999984741211,89.69999694824219,69213,0.0,0.0
2025-12-09 05:10:00+00:00,89.69999694824219,89.80000305175781,89.5,89.69999694824219,61723,0.0,0.0
2025-12-09 05:15:00+00:00,89.69999694824219,89.69999694824219,89.4000015258789,89.4000015258789,45985,0.0,0.0
2025-12-09 05:20:00+00:00,89.4000015258789,89.69999694824219,89.4000015258789,89.69999694824219,31487,0.0,0.0
2025-12-10 01:00:00+00:00,89.5999984741211,91.30000305175781,88.69999694824219,91.30000305175781,0,0.0,0.0
2025-12-10 01:05:00+00:00,91.4000015258789,92.0,91.19999694824219,91.5,240703,0.0,0.0
2025-12-10 01:10:00+00:00,91.4000015258789,91.5999984741211,90.80000305175781,91.0999984741211,96858,0.0,0.0
2025-12-10 01:15:00+00:00,91.0,91.0999984741211,90.5999984741211,91.0999984741211,45894,0.0,0.0
2025-12-10 01:20:00+00:00,91.19999694824219,91.19999694824219,90.69999694824219,91.19999694824219,92156,0.0,0.0
2025-12-10 01:25:00+00:00,91.19999694824219,91.19999694824219,90.80000305175781,90.80000305175781,34763,0.0,0.0
2025-12-10 01:30:00+00:00,90.80000305175781,90.80000305175781,90.0,90.0,139834,0.0,0.0
2025-12-10 01:35:00+00:00,90.0,90.5,89.9000015258789,90.5,68065,0.0,0.0
2025-12-10 01:40:00+00:00,90.5,90.5999984741211,90.30000305175781,90.30000305175781,57138,0.0,0.0
2025-12-10 01:45:00+00:00,90.30000305175781,90.30000305175781,89.9000015258789,89.9000015258789,68562,0.0,0.0
2025-12-10 01:50:00+00:00,90.0,90.5,89.9000015258789,90.5,50122,0.0,0.0
2025-12-10 01:55:00+00:00,90.5,90.69999694824219,90.19999694824219,90.30000305175781,25183,0.0,0.0
2025-12-10 02:00:00+00:00,90.30000305175781,90.4000015258789,90.19999694824219,90.19999694824219,24150,0.0,0.0
2025-12-10 02:05:00+00:00,90.30000305175781,90.30000305175781,90.19999694824219,90.19999694824219,10407,0.0,0.0
2025-12-10 02:10:00+00:00,90.30000305175781,90.5,90.19999694824219,90.5,5021,0.0,0.0
2025-12-10 02:15:00+00:00,90.5,90.5,90.4000015258789,90.4000015258789,9050,0.0,0.0
2025-12-10 02:20:00+00:00,90.30000305175781,90.30000305175781,89.9000015258789,89.9000015258789,61184,0.0,0.0
2025-12-10 02:25:00+00:00,89.9000015258789,89.9000015258789,89.69999694824219,89.69999694824219,49637,0.0,0.0
2025-12-10 02:30:00+00:00,89.69999694824219,89.69999694824219,89.69999694824219,89.69999694824219,11100,0.0,0.0
2025-12-10 02:35:00+00:00,89.5999984741211,89.69999694824219,89.5999984741211,89.69999694824219,8000,0.0,0.0
2025-12-10 02:40:00+00:00,89.69999694824219,89.69999694824219,89.69999694824219,89.69999694824219,15000,0.0,0.0
2025-12-10 02:45:00+00:00,89.5999984741211,89.80000305175781,89.5999984741211,89.80000305175781,12000,0.0,0.0
2025-12-10 02:50:00+00:00,89.9000015258789,89.9000015258789,89.9000015258789,89.9000015258789,5200,0.0,0.0
2025-12-10 02:55:00+00:00,89.80000305175781,89.80000305175781,89.69999694824219,89.69999694824219,21020,0.0,0.0
2025-12-10 03:00:00+00:00,89.80000305175781,90.0,89.80000305175781,89.80000305175781,11000,0.0,0.0
2025-12-10 03:05:00+00:00,90.0,90.0,89.9000015258789,90.0,9009,0.0,0.0
2025-12-10 03:10:00+00:00,89.80000305175781,89.80000305175781,89.5999984741211,89.5999984741211,58135,0.0,0.0
2025-12-10 03:15:00+00:00,89.5999984741211,89.5999984741211,89.5999984741211,89.5999984741211,4000,0.0,0.0
2025-12-10 03:20:00+00:00,89.5999984741211,89.69999694824219,89.5,89.69999694824219,31495,0.0,0.0
2025-12-10 03:25:00+00:00,89.69999694824219,89.9000015258789,89.69999694824219,89.9000015258789,18011,0.0,0.0
2025-12-10 03:30:00+00:00,89.9000015258789,89.9000015258789,89.69999694824219,89.69999694824219,7002,0.0,0.0
2025-12-10 03:35:00+00:00,89.9000015258789,89.9000015258789,89.5999984741211,89.80000305175781,65000,0.0,0.0
2025-12-10 03:40:00+00:00,89.80000305175781,89.9000015258789,89.80000305175781,89.9000015258789,5000,0.0,0.0
2025-12-10 03:45:00+00:00,89.9000015258789,90.0,89.9000015258789,89.9000015258789,19000,0.0,0.0
2025-12-10 03:50:00+00:00,89.9000015258789,89.9000015258789,89.9000015258789,89.9000015258789,3000,0.0,0.0
2025-12-10 03:55:00+00:00,89.9000015258789,89.9000015258789,89.9000015258789,89.9000015258789,3000,0.0,0.0
2025-12-10 04:00:00+00:00,89.9000015258789,89.9000015258789,89.9000015258789,89.9000015258789,1080,0.0,0.0
2025-12-10 04:05:00+00:00,89.9000015258789,89.9000015258789,89.80000305175781,89.80000305175781,12225,0.0,0.0
2025-12-10 04:10:00+00:00,89.80000305175781,89.80000305175781,89.69999694824219,89.69999694824219,11050,0.0,0.0
2025-12-10 04:15:00+00:00,89.69999694824219,89.69999694824219,89.69999694824219,89.69999694824219,15130,0.0,0.0
2025-12-10 04:20:00+00:00,89.80000305175781,89.80000305175781,89.69999694824219,89.69999694824219,10020,0.0,0.0
2025-12-10 04:25:00+00:00,89.69999694824219,89.80000305175781,89.69999694824219,89.80000305175781,3000,0.0,0.0
2025-12-10 04:30:00+00:00,89.80000305175781,90.19999694824219,89.80000305175781,89.80000305175781,58826,0.0,0.0
2025-12-10 04:35:00+00:00,89.80000305175781,89.80000305175781,89.80000305175781,89.80000305175781,4322,0.0,0.0
2025-12-10 04:40:00+00:00,89.80000305175781,89.80000305175781,89.80000305175781,89.80000305175781,6170,0.0,0.0
2025-12-10 04:45:00+00:00,89.80000305175781,89.80000305175781,89.69999694824219,89.69999694824219,14022,0.0,0.0
2025-12-10 04:50:00+00:00,89.69999694824219,89.80000305175781,89.69999694824219,89.69999694824219,11000,0.0,0.0
2025-12-10 04:55:00+00:00,89.80000305175781,89.80000305175781,89.5999984741211,89.5999984741211,20000,0.0,0.0
2025-12-10 05:00:00+00:00,89.69999694824219,89.69999694824219,89.5999984741211,89.5999984741211,11900,0.0,0.0
2025-12-10 05:05:00+00:00,89.5999984741211,89.69999694824219,89.5,89.5999984741211,59189,0.0,0.0
2025-12-10 05:10:00+00:00,89.5,89.5999984741211,89.4000015258789,89.4000015258789,60820,0.0,0.0
2025-12-10 05:15:00+00:00,89.4000015258789,89.5999984741211,89.4000015258789,89.5,51000,0.0,0.0
2025-12-10 05:20:00+00:00,89.5,90.0999984741211,89.5,89.9000015258789,86700,0.0,0.0
2025-12-11 01:00:00+00:00,90.5,91.0,90.0,91.0,0,0.0,0.0
2025-12-11 01:05:00+00:00,91.0,91.0,90.5999984741211,90.69999694824219,72000,0.0,0.0
2025-12-11 01:10:00+00:00,90.69999694824219,90.69999694824219,90.4000015258789,90.5,28320,0.0,0.0
2025-12-11 01:15:00+00:00,90.5,90.5,89.80000305175781,90.5,69501,0.0,0.0
2025-12-11 01:20:00+00:00,90.5999984741211,91.0999984741211,90.5,91.0,105095,0.0,0.0
2025-12-11 01:25:00+00:00,91.0999984741211,91.5999984741211,91.0,91.30000305175781,156081,0.0,0.0
2025-12-11 01:30:00+00:00,91.19999694824219,91.19999694824219,91.0,91.0999984741211,36681,0.0,0.0
2025-12-11 01:35:00+00:00,91.19999694824219,91.4000015258789,91.19999694824219,91.30000305175781,53136,0.0,0.0
2025-12-11 01:40:00+00:00,91.30000305175781,91.5999984741211,91.30000305175781,91.5,69251,0.0,0.0
2025-12-11 01:45:00+00:00,91.5999984741211,91.5999984741211,91.19999694824219,91.19999694824219,35129,0.0,0.0
2025-12-11 01:50:00+00:00,91.0999984741211,91.0999984741211,90.80000305175781,90.9000015258789,19020,0.0,0.0
2025-12-11 01:55:00+00:00,90.9000015258789,91.0,90.9000015258789,90.9000015258789,30453,0.0,0.0
2025-12-11 02:00:00+00:00,90.9000015258789,91.0,90.80000305175781,91.0,10039,0.0,0.0
2025-12-11 02:05:00+00:00,91.0,91.0,90.80000305175781,90.80000305175781,7520,0.0,0.0
2025-12-11 02:10:00+00:00,90.80000305175781,90.80000305175781,90.69999694824219,90.69999694824219,51057,0.0,0.0
2025-12-11 02:15:00+00:00,90.80000305175781,90.80000305175781,90.5,90.5,26643,0.0,0.0
2025-12-11 02:20:00+00:00,90.5,90.5999984741211,90.5,90.5999984741211,4000,0.0,0.0
2025-12-11 02:25:00+00:00,90.5999984741211,90.5999984741211,90.5999984741211,90.5999984741211,8300,0.0,0.0
2025-12-11 02:30:00+00:00,90.5,90.5,90.19999694824219,90.19999694824219,41392,0.0,0.0
2025-12-11 02:35:00+00:00,90.19999694824219,90.19999694824219,90.0999984741211,90.19999694824219,7315,0.0,0.0
2025-12-11 02:40:00+00:00,90.4000015258789,90.5,90.30000305175781,90.30000305175781,3050,0.0,0.0
2025-12-11 02:45:00+00:00,90.4000015258789,90.4000015258789,90.4000015258789,90.4000015258789,7053,0.0,0.0
2025-12-11 02:50:00+00:00,90.4000015258789,90.4000015258789,90.30000305175781,90.4000015258789,15109,0.0,0.0
2025-12-11 02:55:00+00:00,90.19999694824219,90.30000305175781,90.19999694824219,90.30000305175781,20002,0.0,0.0
2025-12-11 03:00:00+00:00,90.30000305175781,90.30000305175781,90.0,90.0,58054,0.0,0.0
2025-12-11 03:05:00+00:00,90.0,90.4000015258789,90.0,90.30000305175781,22632,0.0,0.0
2025-12-11 03:10:00+00:00,90.4000015258789,90.4000015258789,90.19999694824219,90.19999694824219,19030,0.0,0.0
2025-12-11 03:15:00+00:00,90.0999984741211,90.19999694824219,90.0999984741211,90.0999984741211,6500,0.0,0.0
2025-12-11 03:20:00+00:00,90.19999694824219,90.19999694824219,90.19999694824219,90.19999694824219,5160,0.0,0.0
2025-12-11 03:25:00+00:00,90.0999984741211,90.0999984741211,90.0999984741211,90.0999984741211,1000,0.0,0.0
2025-12-11 03:30:00+00:00,90.0999984741211,90.0999984741211,90.0,90.0,23030,0.0,0.0
2025-12-11 03:35:00+00:00,90.0,90.0,90.0,90.0,10200,0.0,0.0
2025-12-11 03:40:00+00:00,90.0,90.30000305175781,90.0,90.30000305175781,2060,0.0,0.0
2025-12-11 03:45:00+00:00,90.0,90.0,90.0,90.0,4259,0.0,0.0
2025-12-11 03:50:00+00:00,90.0,90.0,90.0,90.0,10000,0.0,0.0
2025-12-11 03:55:00+00:00,90.0,90.0,89.69999694824219,89.69999694824219,48050,0.0,0.0
2025-12-11 04:00:00+00:00,89.80000305175781,89.80000305175781,89.69999694824219,89.80000305175781,7011,0.0,0.0
2025-12-11 04:05:00+00:00,89.9000015258789,89.9000015258789,89.80000305175781,89.80000305175781,9146,0.0,0.0
2025-12-11 04:10:00+00:00,89.69999694824219,89.69999694824219,89.69999694824219,89.69999694824219,2000,0.0,0.0
2025-12-11 04:15:00+00:00,89.80000305175781,89.80000305175781,89.5999984741211,89.5999984741211,17030,0.0,0.0
2025-12-11 04:20:00+00:00,89.5999984741211,89.69999694824219,89.5999984741211,89.69999694824219,19000,0.0,0.0
2025-12-11 04:25:00+00:00,89.5999984741211,89.80000305175781,89.5999984741211,89.80000305175781,8223,0.0,0.0
2025-12-11 04:30:00+00:00,89.69999694824219,89.69999694824219,89.69999694824219,89.69999694824219,7000,0.0,0.0
2025-12-11 04:35:00+00:00,89.69999694824219,90.0,89.69999694824219,90.0,19111,0.0,0.0
2025-12-11 04:40:00+00:00,90.0,90.19999694824219,90.0,90.19999694824219,13333,0.0,0.0
2025-12-11 04:45:00+00:00,90.0,90.0,89.9000015258789,90.0,5070,0.0,0.0
2025-12-11 04:50:00+00:00,90.0,90.0,89.69999694824219,89.69999694824219,12000,0.0,0.0
2025-12-11 04:55:00+00:00,89.80000305175781,89.80000305175781,89.80000305175781,89.80000305175781,9000,0.0,0.0
2025-12-11 05:00:00+00:00,89.80000305175781,89.9000015258789,89.69999694824219,89.9000015258789,5000,0.0,0.0
2025-12-11 05:05:00+00:00,89.9000015258789,89.9000015258789,89.5999984741211,89.5999984741211,27000,0.0,0.0
2025-12-11 05:10:00+00:00,89.5999984741211,89.69999694824219,89.5999984741211,89.69999694824219,32461,0.0,0.0
2025-12-11 05:15:00+00:00,89.5999984741211,89.69999694824219,89.5999984741211,89.69999694824219,33168,0.0,0.0
2025-12-11 05:20:00+00:00,89.69999694824219,89.80000305175781,89.4000015258789,89.5,45221,0.0,0.0
2025-12-12 01:00:00+00:00,90.19999694824219,90.30000305175781,89.69999694824219,89.9000015258789,0,0.0,0.0
2025-12-12 01:05:00+00:00,90.0,90.0,90.0,90.0,14285,0.0,0.0
2025-12-12 01:10:00+00:00,89.80000305175781,89.9000015258789,89.5999984741211,89.5999984741211,18000,0.0,0.0
2025-12-12 01:15:00+00:00,89.5999984741211,89.5999984741211,89.5,89.5,16000,0.0,0.0
2025-12-12 01:20:00+00:00,89.5,89.69999694824219,89.5,89.5999984741211,3357,0.0,0.0
2025-12-12 01:25:00+00:00,89.5999984741211,89.5999984741211,89.5,89.5,34000,0.0,0.0
2025-12-12 01:30:00+00:00,89.5,90.0,89.4000015258789,90.0,34546,0.0,0.0
2025-12-12 01:35:00+00:00,90.0,90.19999694824219,90.0,90.0,27460,0.0,0.0
2025-12-12 01:40:00+00:00,90.0,90.0,90.0,90.0,5000,0.0,0.0
2025-12-12 01:45:00+00:00,89.9000015258789,89.9000015258789,89.9000015258789,89.9000015258789,20175,0.0,0.0
2025-12-12 01:50:00+00:00,89.80000305175781,89.80000305175781,89.80000305175781,89.80000305175781,1000,0.0,0.0
2025-12-12 01:55:00+00:00,89.80000305175781,89.80000305175781,89.80000305175781,89.80000305175781,1000,0.0,0.0
2025-12-12 02:00:00+00:00,89.5999984741211,89.5999984741211,89.4000015258789,89.5,40915,0.0,0.0
2025-12-12 02:05:00+00:00,89.30000305175781,89.5,89.19999694824219,89.4000015258789,25351,0.0,0.0
2025-12-12 02:10:00+00:00,89.5,89.5,89.5,89.5,10099,0.0,0.0
2025-12-12 02:15:00+00:00,89.5,89.5,89.5,89.5,1051,0.0,0.0
2025-12-12 02:20:00+00:00,89.5999984741211,89.5999984741211,89.5,89.5,11000,0.0,0.0
2025-12-12 02:25:00+00:00,89.5999984741211,89.5999984741211,89.5999984741211,89.5999984741211,5000,0.0,0.0
2025-12-12 02:30:00+00:00,89.5,89.5,89.5,89.5,7024,0.0,0.0
2025-12-12 02:35:00+00:00,89.5,89.5,89.5,89.5,2115,0.0,0.0
2025-12-12 02:40:00+00:00,89.4000015258789,89.4000015258789,89.0,89.0,95380,0.0,0.0
2025-12-12 02:45:00+00:00,89.0,89.0999984741211,89.0,89.0999984741211,24000,0.0,0.0
2025-12-12 02:50:00+00:00,89.0,90.0999984741211,88.9000015258789,89.0999984741211,160131,0.0,0.0
2025-12-12 02:55:00+00:00,89.0999984741211,89.0999984741211,89.0999984741211,89.0999984741211,3000,0.0,0.0
2025-12-12 03:00:00+00:00,89.0,89.0,88.9000015258789,88.9000015258789,25659,0.0,0.0
2025-12-12 03:05:00+00:00,88.9000015258789,89.5999984741211,88.9000015258789,89.5,41014,0.0,0.0
2025-12-12 03:10:00+00:00,89.4000015258789,89.4000015258789,89.30000305175781,89.30000305175781,7000,0.0,0.0
2025-12-12 03:15:00+00:00,89.4000015258789,89.4000015258789,89.30000305175781,89.4000015258789,8000,0.0,0.0
2025-12-12 03:20:00+00:00,89.30000305175781,89.30000305175781,89.0999984741211,89.0999984741211,51010,0.0,0.0
2025-12-12 03:25:00+00:00,89.0999984741211,89.19999694824219,89.0999984741211,89.19999694824219,7010,0.0,0.0
2025-12-12 03:30:00+00:00,89.0999984741211,89.19999694824219,89.0,89.19999694824219,27193,0.0,0.0
2025-12-12 03:35:00+00:00,89.0999984741211,89.19999694824219,89.0999984741211,89.19999694824219,10003,0.0,0.0
2025-12-12 03:40:00+00:00,89.19999694824219,89.19999694824219,89.19999694824219,89.19999694824219,5000,0.0,0.0
2025-12-12 03:45:00+00:00,89.19999694824219,89.19999694824219,89.0999984741211,89.0999984741211,11734,0.0,0.0
2025-12-12 03:50:00+00:00,89.0999984741211,89.0999984741211,89.0999984741211,89.0999984741211,4010,0.0,0.0
2025-12-12 03:55:00+00:00,89.0999984741211,89.9000015258789,89.0999984741211,89.4000015258789,102186,0.0,0.0
2025-12-12 04:00:00+00:00,89.19999694824219,89.19999694824219,89.19999694824219,89.19999694824219,1800,0.0,0.0
2025-12-12 04:15:00+00:00,89.4000015258789,89.4000015258789,89.0999984741211,89.19999694824219,4000,0.0,0.0
2025-12-12 04:20:00+00:00,89.0999984741211,89.19999694824219,89.0999984741211,89.19999694824219,2000,0.0,0.0
2025-12-12 04:30:00+00:00,89.0999984741211,89.0999984741211,89.0999984741211,89.0999984741211,6135,0.0,0.0
2025-12-12 04:35:00+00:00,89.0,89.0,89.0,89.0,2000,0.0,0.0
2025-12-12 04:40:00+00:00,89.0,89.0,89.0,89.0,4000,0.0,0.0
2025-12-12 04:45:00+00:00,89.0,89.0,89.0,89.0,10050,0.0,0.0
2025-12-12 04:50:00+00:00,89.0999984741211,89.0999984741211,89.0,89.0,5000,0.0,0.0
2025-12-12 04:55:00+00:00,89.0,89.0,89.0,89.0,4101,0.0,0.0
2025-12-12 05:00:00+00:00,89.0,89.0,89.0,89.0,20259,0.0,0.0
2025-12-12 05:05:00+00:00,89.0,89.0,89.0,89.0,13040,0.0,0.0
2025-12-12 05:10:00+00:00,89.0,89.0999984741211,89.0,89.0999984741211,8190,0.0,0.0
2025-12-12 05:15:00+00:00,89.0,89.0999984741211,89.0,89.0999984741211,9000,0.0,0.0
2025-12-12 05:20:00+00:00,89.0999984741211,89.0999984741211,89.0,89.0999984741211,23349,0.0,0.0
2025-12-15 01:00:00+00:00,87.5,87.69999694824219,87.0,87.19999694824219,0,0.0,0.0
2025-12-15 01:05:00+00:00,87.30000305175781,87.4000015258789,87.19999694824219,87.30000305175781,33374,0.0,0.0
2025-12-15 01:10:00+00:00,87.30000305175781,87.80000305175781,87.0,87.80000305175781,38124,0.0,0.0
2025-12-15 01:15:00+00:00,87.80000305175781,87.80000305175781,87.5,87.5,15260,0.0,0.0
2025-12-15 01:20:00+00:00,87.5,87.5,87.30000305175781,87.30000305175781,9599,0.0,0.0
2025-12-15 01:25:00+00:00,87.30000305175781,87.30000305175781,87.19999694824219,87.30000305175781,11569,0.0,0.0
2025-12-15 01:30:00+00:00,87.4000015258789,87.5,87.4000015258789,87.4000015258789,11105,0.0,0.0
2025-12-15 01:35:00+00:00,87.5,87.80000305175781,87.5,87.80000305175781,13200,0.0,0.0
2025-12-15 01:40:00+00:00,87.80000305175781,87.80000305175781,87.69999694824219,87.80000305175781,16220,0.0,0.0
2025-12-15 01:45:00+00:00,88.0,88.0999984741211,88.0,88.0,7404,0.0,0.0
2025-12-15 01:50:00+00:00,88.19999694824219,88.30000305175781,88.19999694824219,88.30000305175781,9000,0.0,0.0
2025-12-15 01:55:00+00:00,88.30000305175781,88.4000015258789,88.30000305175781,88.4000015258789,18000,0.0,0.0
2025-12-15 02:00:00+00:00,88.4000015258789,88.4000015258789,88.30000305175781,88.30000305175781,2000,0.0,0.0
2025-12-15 02:05:00+00:00,88.19999694824219,88.4000015258789,88.0999984741211,88.4000015258789,14000,0.0,0.0
2025-12-15 02:10:00+00:00,88.0999984741211,88.0999984741211,88.0999984741211,88.0999984741211,6095,0.0,0.0
2025-12-15 02:20:00+00:00,88.30000305175781,88.4000015258789,88.0999984741211,88.4000015258789,11005,0.0,0.0
2025-12-15 02:25:00+00:00,88.4000015258789,88.5,88.30000305175781,88.5,18095,0.0,0.0
2025-12-15 02:30:00+00:00,88.4000015258789,88.5,88.4000015258789,88.5,3096,0.0,0.0
2025-12-15 02:35:00+00:00,88.5999984741211,89.0,88.5999984741211,88.9000015258789,13422,0.0,0.0
2025-12-15 02:40:00+00:00,88.9000015258789,89.0,88.9000015258789,89.0,7050,0.0,0.0
2025-12-15 02:45:00+00:00,89.0,89.19999694824219,89.0,89.0,4048,0.0,0.0
2025-12-15 02:50:00+00:00,89.0,89.0,88.9000015258789,88.9000015258789,5182,0.0,0.0
2025-12-15 02:55:00+00:00,89.0,89.0,89.0,89.0,1070,0.0,0.0
2025-12-15 03:00:00+00:00,89.0,89.0,88.80000305175781,88.80000305175781,7321,0.0,0.0
2025-12-15 03:05:00+00:00,88.9000015258789,89.0,88.9000015258789,89.0,13000,0.0,0.0
2025-12-15 03:10:00+00:00,89.0,89.0999984741211,89.0,89.0999984741211,9000,0.0,0.0
2025-12-15 03:15:00+00:00,89.0999984741211,89.0999984741211,89.0999984741211,89.0999984741211,1000,0.0,0.0
2025-12-15 03:25:00+00:00,89.0,89.0,88.9000015258789,88.9000015258789,22000,0.0,0.0
2025-12-15 03:30:00+00:00,88.9000015258789,88.9000015258789,88.80000305175781,88.80000305175781,13000,0.0,0.0
2025-12-15 03:35:00+00:00,88.80000305175781,89.0,88.80000305175781,89.0,14000,0.0,0.0
2025-12-15 03:40:00+00:00,89.0,89.0,88.9000015258789,88.9000015258789,5150,0.0,0.0
2025-12-15 03:45:00+00:00,88.9000015258789,88.9000015258789,88.80000305175781,88.80000305175781,2000,0.0,0.0
2025-12-15 03:50:00+00:00,88.9000015258789,88.9000015258789,88.80000305175781,88.80000305175781,2000,0.0,0.0
2025-12-15 03:55:00+00:00,88.9000015258789,88.9000015258789,88.9000015258789,88.9000015258789,3000,0.0,0.0
2025-12-15 04:00:00+00:00,88.80000305175781,88.9000015258789,88.80000305175781,88.80000305175781,7200,0.0,0.0
2025-12-15 04:05:00+00:00,88.80000305175781,88.80000305175781,88.80000305175781,88.80000305175781,3050,0.0,0.0
2025-12-15 04:10:00+00:00,88.80000305175781,88.9000015258789,88.80000305175781,88.9000015258789,3100,0.0,0.0
2025-12-15 04:15:00+00:00,88.9000015258789,88.9000015258789,88.9000015258789,88.9000015258789,1000,0.0,0.0
2025-12-15 04:20:00+00:00,88.80000305175781,88.9000015258789,88.80000305175781,88.9000015258789,4342,0.0,0.0
2025-12-15 04:25:00+00:00,88.9000015258789,89.0,88.9000015258789,89.0,8000,0.0,0.0
2025-12-15 04:30:00+00:00,89.0,89.0,88.9000015258789,88.9000015258789,5241,0.0,0.0
2025-12-15 04:35:00+00:00,88.9000015258789,89.0999984741211,88.9000015258789,89.0,10000,0.0,0.0
2025-12-15 04:45:00+00:00,89.0,89.0,89.0,89.0,7275,0.0,0.0
2025-12-15 04:55:00+00:00,88.9000015258789,89.0,88.9000015258789,88.9000015258789,9072,0.0,0.0
2025-12-15 05:00:00+00:00,88.9000015258789,88.9000015258789,88.5,88.5999984741211,35176,0.0,0.0
2025-12-15 05:05:00+00:00,88.5999984741211,88.5999984741211,88.5,88.5999984741211,13535,0.0,0.0
2025-12-15 05:10:00+00:00,88.5999984741211,88.5999984741211,88.4000015258789,88.5999984741211,27000,0.0,0.0
2025-12-15 05:15:00+00:00,88.5999984741211,89.0,88.5999984741211,89.0,20000,0.0,0.0
2025-12-15 05:20:00+00:00,88.9000015258789,89.0,88.80000305175781,88.80000305175781,13250,0.0,0.0
2025-12-16 01:00:00+00:00,88.19999694824219,89.0,88.19999694824219,89.0,0,0.0,0.0
2025-12-16 01:05:00+00:00,89.0,89.4000015258789,89.0,89.30000305175781,18100,0.0,0.0
2025-12-16 01:10:00+00:00,89.30000305175781,90.30000305175781,89.19999694824219,90.19999694824219,71719,0.0,0.0
2025-12-16 01:15:00+00:00,90.19999694824219,90.19999694824219,89.5,89.9000015258789,38219,0.0,0.0
2025-12-16 01:20:00+00:00,89.80000305175781,90.69999694824219,89.80000305175781,90.69999694824219,152183,0.0,0.0
2025-12-16 01:25:00+00:00,90.69999694824219,90.80000305175781,90.4000015258789,90.4000015258789,150487,0.0,0.0
2025-12-16 01:30:00+00:00,90.19999694824219,90.19999694824219,90.0999984741211,90.19999694824219,26198,0.0,0.0
2025-12-16 01:35:00+00:00,90.0999984741211,90.19999694824219,89.9000015258789,89.9000015258789,35140,0.0,0.0
2025-12-16 01:40:00+00:00,89.9000015258789,89.9000015258789,89.5999984741211,89.5999984741211,45480,0.0,0.0
2025-12-16 01:45:00+00:00,89.5,89.5,89.4000015258789,89.4000015258789,19987,0.0,0.0
2025-12-16 01:50:00+00:00,89.30000305175781,89.5999984741211,89.30000305175781,89.5,42020,0.0,0.0
2025-12-16 01:55:00+00:00,89.4000015258789,89.5,89.4000015258789,89.5,19020,0.0,0.0
2025-12-16 02:00:00+00:00,89.5,89.5,89.0999984741211,89.0999984741211,57005,0.0,0.0
2025-12-16 02:05:00+00:00,89.19999694824219,89.19999694824219,89.0999984741211,89.0999984741211,13080,0.0,0.0
2025-12-16 02:10:00+00:00,89.0999984741211,89.19999694824219,89.0999984741211,89.0999984741211,9064,0.0,0.0
2025-12-16 02:15:00+00:00,89.0,89.0,89.0,89.0,2000,0.0,0.0
2025-12-16 02:20:00+00:00,89.0,89.0,88.80000305175781,89.0,39006,0.0,0.0
2025-12-16 02:25:00+00:00,89.19999694824219,89.5,89.19999694824219,89.5,10020,0.0,0.0
2025-12-16 02:30:00+00:00,89.5999984741211,89.69999694824219,89.30000305175781,89.30000305175781,28150,0.0,0.0
2025-12-16 02:35:00+00:00,89.19999694824219,89.30000305175781,89.0,89.0,8208,0.0,0.0
2025-12-16 02:40:00+00:00,89.0999984741211,89.0999984741211,89.0999984741211,89.0999984741211,3000,0.0,0.0
2025-12-16 02:45:00+00:00,89.0999984741211,89.0999984741211,88.9000015258789,88.9000015258789,26000,0.0,0.0
2025-12-16 02:50:00+00:00,88.9000015258789,89.0,88.9000015258789,89.0,17150,0.0,0.0
2025-12-16 02:55:00+00:00,89.0999984741211,89.0999984741211,88.9000015258789,88.9000015258789,15000,0.0,0.0
2025-12-16 03:00:00+00:00,88.9000015258789,88.9000015258789,88.69999694824219,88.9000015258789,28209,0.0,0.0
2025-12-16 03:05:00+00:00,88.80000305175781,88.80000305175781,88.5,88.5,41399,0.0,0.0
2025-12-16 03:10:00+00:00,88.5,88.5999984741211,88.0999984741211,88.0999984741211,82749,0.0,0.0
2025-12-16 03:15:00+00:00,88.0999984741211,88.19999694824219,88.0,88.0,31390,0.0,0.0
2025-12-16 03:20:00+00:00,88.0,88.0999984741211,87.80000305175781,87.80000305175781,50156,0.0,0.0
2025-12-16 03:25:00+00:00,87.80000305175781,87.80000305175781,87.69999694824219,87.69999694824219,8135,0.0,0.0
2025-12-16 03:30:00+00:00,87.69999694824219,87.80000305175781,87.69999694824219,87.80000305175781,12000,0.0,0.0
2025-12-16 03:35:00+00:00,87.9000015258789,88.0,87.80000305175781,87.80000305175781,19000,0.0,0.0
2025-12-16 03:40:00+00:00,87.9000015258789,88.19999694824219,87.9000015258789,88.0999984741211,50000,0.0,0.0
2025-12-16 03:45:00+00:00,88.0999984741211,88.0999984741211,87.9000015258789,87.9000015258789,7000,0.0,0.0
2025-12-16 03:50:00+00:00,87.9000015258789,87.9000015258789,87.9000015258789,87.9000015258789,2000,0.0,0.0
2025-12-16 03:55:00+00:00,88.19999694824219,88.4000015258789,88.19999694824219,88.4000015258789,8754,0.0,0.0
2025-12-16 04:00:00+00:00,88.4000015258789,88.5999984741211,88.4000015258789,88.5999984741211,8000,0.0,0.0
2025-12-16 04:05:00+00:00,88.4000015258789,88.4000015258789,88.19999694824219,88.19999694824219,5000,0.0,0.0
2025-12-16 04:10:00+00:00,88.30000305175781,88.30000305175781,88.19999694824219,88.30000305175781,10000,0.0,0.0
2025-12-16 04:15:00+00:00,88.19999694824219,88.19999694824219,88.19999694824219,88.19999694824219,3251,0.0,0.0
2025-12-16 04:20:00+00:00,88.19999694824219,88.5999984741211,88.0,88.5999984741211,31168,0.0,0.0
2025-12-16 04:25:00+00:00,88.5,88.5,88.0,88.5,37699,0.0,0.0
2025-12-16 04:35:00+00:00,88.69999694824219,88.9000015258789,88.69999694824219,88.80000305175781,21099,0.0,0.0
2025-12-16 04:40:00+00:00,88.80000305175781,88.80000305175781,88.5999984741211,88.5999984741211,11000,0.0,0.0
2025-12-16 04:45:00+00:00,88.5999984741211,88.69999694824219,88.5999984741211,88.69999694824219,3010,0.0,0.0
2025-12-16 04:50:00+00:00,88.5999984741211,88.5999984741211,88.19999694824219,88.30000305175781,29000,0.0,0.0
2025-12-16 04:55:00+00:00,88.5,88.5,88.5,88.5,6000,0.0,0.0
2025-12-16 05:00:00+00:00,88.5,88.69999694824219,88.5,88.69999694824219,5302,0.0,0.0
2025-12-16 05:05:00+00:00,88.69999694824219,88.9000015258789,88.5,88.5,41000,0.0,0.0
2025-12-16 05:10:00+00:00,88.5,88.5,88.4000015258789,88.4000015258789,11000,0.0,0.0
2025-12-16 05:15:00+00:00,88.4000015258789,88.9000015258789,88.4000015258789,88.80000305175781,40100,0.0,0.0
2025-12-16 05:20:00+00:00,88.80000305175781,88.80000305175781,88.5999984741211,88.69999694824219,20100,0.0,0.0
2025-12-17 01:00:00+00:00,89.19999694824219,89.5999984741211,89.19999694824219,89.4000015258789,0,0.0,0.0
2025-12-17 01:05:00+00:00,89.30000305175781,89.30000305175781,89.0999984741211,89.0999984741211,14210,0.0,0.0
2025-12-17 01:10:00+00:00,89.0999984741211,89.0999984741211,89.0,89.0,5000,0.0,0.0
2025-12-17 01:15:00+00:00,89.0,89.0,88.9000015258789,88.9000015258789,3035,0.0,0.0
2025-12-17 01:20:00+00:00,88.80000305175781,88.9000015258789,88.80000305175781,88.80000305175781,4000,0.0,0.0
2025-12-17 01:25:00+00:00,88.80000305175781,89.19999694824219,88.80000305175781,89.19999694824219,21186,0.0,0.0
2025-12-17 01:30:00+00:00,89.30000305175781,89.4000015258789,89.30000305175781,89.4000015258789,12000,0.0,0.0
2025-12-17 01:35:00+00:00,89.4000015258789,89.4000015258789,88.9000015258789,89.0,37105,0.0,0.0
2025-12-17 01:40:00+00:00,88.9000015258789,88.9000015258789,88.69999694824219,88.9000015258789,43100,0.0,0.0
2025-12-17 01:45:00+00:00,88.9000015258789,88.9000015258789,88.9000015258789,88.9000015258789,12075,0.0,0.0
2025-12-17 01:50:00+00:00,89.0999984741211,89.0999984741211,89.0,89.0,14000,0.0,0.0
2025-12-17 01:55:00+00:00,88.9000015258789,89.0,88.80000305175781,88.9000015258789,17300,0.0,0.0
2025-12-17 02:00:00+00:00,89.0999984741211,89.0999984741211,89.0999984741211,89.0999984741211,2217,0.0,0.0
2025-12-17 02:05:00+00:00,88.9000015258789,89.5,88.9000015258789,89.30000305175781,29000,0.0,0.0
2025-12-17 02:10:00+00:00,89.30000305175781,89.30000305175781,89.30000305175781,89.30000305175781,4000,0.0,0.0
2025-12-17 02:15:00+00:00,89.30000305175781,89.30000305175781,88.9000015258789,88.9000015258789,14022,0.0,0.0
2025-12-17 02:20:00+00:00,88.9000015258789,88.9000015258789,88.5999984741211,88.5999984741211,23288,0.0,0.0
2025-12-17 02:25:00+00:00,88.80000305175781,89.30000305175781,88.80000305175781,89.0999984741211,10015,0.0,0.0
2025-12-17 02:30:00+00:00,89.0999984741211,89.0999984741211,89.0999984741211,89.0999984741211,2000,0.0,0.0
2025-12-17 02:35:00+00:00,89.30000305175781,89.30000305175781,89.30000305175781,89.30000305175781,8000,0.0,0.0
2025-12-17 02:40:00+00:00,89.30000305175781,89.30000305175781,89.30000305175781,89.30000305175781,2000,0.0,0.0
2025-12-17 02:45:00+00:00,89.19999694824219,89.19999694824219,89.19999694824219,89.19999694824219,9000,0.0,0.0
2025-12-17 02:50:00+00:00,89.30000305175781,89.30000305175781,89.30000305175781,89.30000305175781,3060,0.0,0.0
2025-12-17 02:55:00+00:00,89.4000015258789,89.4000015258789,89.30000305175781,89.30000305175781,21020,0.0,0.0
2025-12-17 03:00:00+00:00,89.4000015258789,89.4000015258789,89.30000305175781,89.4000015258789,10010,0.0,0.0
2025-12-17 03:05:00+00:00,89.4000015258789,89.5999984741211,89.4000015258789,89.5999984741211,14300,0.0,0.0
2025-12-17 03:10:00+00:00,89.5,89.5,89.4000015258789,89.4000015258789,3395,0.0,0.0
2025-12-17 03:15:00+00:00,89.4000015258789,89.4000015258789,89.4000015258789,89.4000015258789,4000,0.0,0.0
2025-12-17 03:30:00+00:00,89.4000015258789,89.4000015258789,89.30000305175781,89.30000305175781,12000,0.0,0.0
2025-12-17 03:35:00+00:00,89.19999694824219,89.19999694824219,89.19999694824219,89.19999694824219,1000,0.0,0.0
2025-12-17 03:40:00+00:00,89.30000305175781,89.30000305175781,89.30000305175781,89.30000305175781,7000,0.0,0.0
2025-12-17 03:45:00+00:00,89.30000305175781,89.30000305175781,89.30000305175781,89.30000305175781,1026,0.0,0.0
2025-12-17 03:50:00+00:00,89.30000305175781,89.30000305175781,89.19999694824219,89.30000305175781,3000,0.0,0.0
2025-12-17 03:55:00+00:00,89.30000305175781,89.30000305175781,89.30000305175781,89.30000305175781,1000,0.0,0.0
2025-12-17 04:00:00+00:00,89.30000305175781,89.30000305175781,89.0999984741211,89.0999984741211,14000,0.0,0.0
2025-12-17 04:05:00+00:00,89.0999984741211,89.0999984741211,89.0999984741211,89.0999984741211,2000,0.0,0.0
2025-12-17 04:10:00+00:00,89.0999984741211,89.0999984741211,89.0999984741211,89.0999984741211,1100,0.0,0.0
2025-12-17 04:15:00+00:00,89.0,89.0999984741211,89.0,89.0999984741211,14300,0.0,0.0
2025-12-17 04:25:00+00:00,89.0,89.0,88.9000015258789,88.9000015258789,5000,0.0,0.0
2025-12-17 04:30:00+00:00,88.80000305175781,88.9000015258789,88.80000305175781,88.9000015258789,7000,0.0,0.0
2025-12-17 04:35:00+00:00,88.9000015258789,88.9000015258789,88.80000305175781,88.80000305175781,17046,0.0,0.0
2025-12-17 04:40:00+00:00,88.80000305175781,88.80000305175781,88.5,88.5,65050,0.0,0.0
2025-12-17 04:45:00+00:00,88.5,88.5,88.30000305175781,88.4000015258789,52632,0.0,0.0
2025-12-17 04:50:00+00:00,88.4000015258789,88.4000015258789,88.30000305175781,88.30000305175781,15000,0.0,0.0
2025-12-17 04:55:00+00:00,88.4000015258789,88.4000015258789,88.0999984741211,88.0999984741211,49205,0.0,0.0
2025-12-17 05:00:00+00:00,88.0,88.19999694824219,88.0,88.19999694824219,16000,0.0,0.0
2025-12-17 05:05:00+00:00,88.0999984741211,88.0999984741211,88.0999984741211,88.0999984741211,1288,0.0,0.0
2025-12-17 05:10:00+00:00,88.30000305175781,88.5,88.30000305175781,88.4000015258789,24212,0.0,0.0
2025-12-17 05:15:00+00:00,88.4000015258789,88.5,88.4000015258789,88.5,4070,0.0,0.0
2025-12-17 05:20:00+00:00,88.5,88.5,88.4000015258789,88.4000015258789,14230,0.0,0.0
2025-12-18 01:00:00+00:00,88.69999694824219,88.69999694824219,87.69999694824219,87.80000305175781,0,0.0,0.0
2025-12-18 01:05:00+00:00,87.5999984741211,88.0999984741211,87.5999984741211,88.0,23200,0.0,0.0
2025-12-18 01:10:00+00:00,88.0,88.0,87.5,87.5,88646,0.0,0.0
2025-12-18 01:15:00+00:00,87.5,87.9000015258789,87.5,87.9000015258789,43000,0.0,0.0
2025-12-18 01:20:00+00:00,87.5999984741211,88.30000305175781,87.5999984741211,88.30000305175781,94380,0.0,0.0
2025-12-18 01:25:00+00:00,88.0,88.0,87.80000305175781,87.80000305175781,47065,0.0,0.0
2025-12-18 01:30:00+00:00,87.9000015258789,87.9000015258789,87.9000015258789,87.9000015258789,2000,0.0,0.0
2025-12-18 01:35:00+00:00,88.0999984741211,88.30000305175781,88.0999984741211,88.30000305175781,16031,0.0,0.0
2025-12-18 01:40:00+00:00,88.19999694824219,88.30000305175781,88.19999694824219,88.30000305175781,2000,0.0,0.0
2025-12-18 01:45:00+00:00,88.19999694824219,88.5999984741211,88.19999694824219,88.5999984741211,30119,0.0,0.0
2025-12-18 01:50:00+00:00,88.5999984741211,88.5999984741211,88.5,88.5,5000,0.0,0.0
2025-12-18 01:55:00+00:00,88.5,88.69999694824219,88.5,88.5999984741211,32291,0.0,0.0
2025-12-18 02:00:00+00:00,88.5,88.5,88.4000015258789,88.4000015258789,8000,0.0,0.0
2025-12-18 02:05:00+00:00,88.4000015258789,88.4000015258789,88.30000305175781,88.30000305175781,5070,0.0,0.0
2025-12-18 02:10:00+00:00,88.30000305175781,88.30000305175781,88.19999694824219,88.19999694824219,4332,0.0,0.0
2025-12-18 02:15:00+00:00,88.19999694824219,88.19999694824219,88.19999694824219,88.19999694824219,3000,0.0,0.0
2025-12-18 02:20:00+00:00,88.30000305175781,88.4000015258789,88.19999694824219,88.4000015258789,20002,0.0,0.0
2025-12-18 02:25:00+00:00,88.4000015258789,88.5,88.4000015258789,88.5,6048,0.0,0.0
2025-12-18 02:30:00+00:00,88.5,88.69999694824219,88.5,88.69999694824219,23000,0.0,0.0
2025-12-18 02:35:00+00:00,88.69999694824219,88.80000305175781,88.69999694824219,88.80000305175781,4100,0.0,0.0
2025-12-18 02:40:00+00:00,88.80000305175781,88.80000305175781,88.80000305175781,88.80000305175781,1000,0.0,0.0
2025-12-18 02:45:00+00:00,88.80000305175781,88.80000305175781,88.80000305175781,88.80000305175781,1100,0.0,0.0
2025-12-18 02:50:00+00:00,88.80000305175781,88.80000305175781,88.80000305175781,88.80000305175781,1000,0.0,0.0
2025-12-18 02:55:00+00:00,88.5999984741211,88.5999984741211,88.5,88.5,9000,0.0,0.0
2025-12-18 03:20:00+00:00,88.0999984741211,88.0999984741211,87.9000015258789,87.9000015258789,48816,0.0,0.0
2025-12-18 03:25:00+00:00,87.9000015258789,87.9000015258789,87.9000015258789,87.9000015258789,1050,0.0,0.0
2025-12-18 03:30:00+00:00,87.9000015258789,87.9000015258789,87.9000015258789,87.9000015258789,3060,0.0,0.0
2025-12-18 03:35:00+00:00,87.9000015258789,87.9000015258789,87.9000015258789,87.9000015258789,12277,0.0,0.0
2025-12-18 03:40:00+00:00,87.80000305175781,88.5,87.80000305175781,88.0,92046,0.0,0.0
2025-12-18 03:45:00+00:00,87.9000015258789,87.9000015258789,87.80000305175781,87.80000305175781,10020,0.0,0.0
2025-12-18 03:50:00+00:00,87.80000305175781,87.9000015258789,87.80000305175781,87.80000305175781,9160,0.0,0.0
2025-12-18 03:55:00+00:00,87.69999694824219,87.69999694824219,87.5999984741211,87.5999984741211,11496,0.0,0.0
2025-12-18 04:00:00+00:00,87.5999984741211,88.0,87.5,88.0,31146,0.0,0.0
2025-12-18 04:10:00+00:00,88.0,88.0,88.0,88.0,4010,0.0,0.0
2025-12-18 04:15:00+00:00,88.0,88.0,87.9000015258789,87.9000015258789,26000,0.0,0.0
2025-12-18 04:20:00+00:00,87.9000015258789,87.9000015258789,87.80000305175781,87.80000305175781,9002,0.0,0.0
2025-12-18 04:25:00+00:00,87.80000305175781,88.0,87.80000305175781,88.0,12000,0.0,0.0
2025-12-18 04:30:00+00:00,88.0,88.19999694824219,88.0,88.19999694824219,9121,0.0,0.0
2025-12-18 04:35:00+00:00,88.19999694824219,88.19999694824219,88.0999984741211,88.0999984741211,4313,0.0,0.0
2025-12-18 04:40:00+00:00,88.0999984741211,88.19999694824219,88.0999984741211,88.19999694824219,2011,0.0,0.0
2025-12-18 04:45:00+00:00,88.0999984741211,88.19999694824219,88.0999984741211,88.19999694824219,13025,0.0,0.0
2025-12-18 04:50:00+00:00,88.30000305175781,88.30000305175781,88.30000305175781,88.30000305175781,1000,0.0,0.0
2025-12-18 04:55:00+00:00,88.19999694824219,88.19999694824219,88.19999694824219,88.19999694824219,1000,0.0,0.0
2025-12-18 05:00:00+00:00,88.19999694824219,88.30000305175781,88.19999694824219,88.30000305175781,18000,0.0,0.0
2025-12-18 05:05:00+00:00,88.30000305175781,88.30000305175781,88.30000305175781,88.30000305175781,13000,0.0,0.0
2025-12-18 05:10:00+00:00,88.30000305175781,88.4000015258789,88.30000305175781,88.4000015258789,16000,0.0,0.0
2025-12-18 05:15:00+00:00,88.5,88.5,88.30000305175781,88.30000305175781,14000,0.0,0.0
2025-12-18 05:20:00+00:00,88.30000305175781,88.30000305175781,88.0,88.0,43199,0.0,0.0
2025-12-19 01:00:00+00:00,88.4000015258789,89.0999984741211,88.4000015258789,89.0,0,0.0,0.0
2025-12-19 01:05:00+00:00,88.80000305175781,88.80000305175781,88.69999694824219,88.69999694824219,9150,0.0,0.0
2025-12-19 01:10:00+00:00,89.0,89.0999984741211,89.0,89.0,32000,0.0,0.0
2025-12-19 01:15:00+00:00,89.19999694824219,89.30000305175781,88.80000305175781,89.0,17591,0.0,0.0
2025-12-19 01:20:00+00:00,88.80000305175781,88.80000305175781,88.69999694824219,88.69999694824219,5200,0.0,0.0
2025-12-19 01:25:00+00:00,88.80000305175781,89.0999984741211,88.80000305175781,88.9000015258789,8618,0.0,0.0
2025-12-19 01:30:00+00:00,88.9000015258789,88.9000015258789,88.69999694824219,88.9000015258789,49117,0.0,0.0
2025-12-19 01:35:00+00:00,89.0,89.0,88.5,88.5,8520,0.0,0.0
2025-12-19 01:45:00+00:00,88.5999984741211,89.30000305175781,88.5999984741211,89.0999984741211,115496,0.0,0.0
2025-12-19 01:50:00+00:00,89.0999984741211,89.0999984741211,89.0999984741211,89.0999984741211,6300,0.0,0.0
2025-12-19 01:55:00+00:00,89.0999984741211,89.0999984741211,88.69999694824219,88.9000015258789,26009,0.0,0.0
2025-12-19 02:00:00+00:00,89.0999984741211,89.0999984741211,89.0999984741211,89.0999984741211,11000,0.0,0.0
2025-12-19 02:05:00+00:00,88.9000015258789,88.9000015258789,88.9000015258789,88.9000015258789,4000,0.0,0.0
2025-12-19 02:10:00+00:00,88.80000305175781,88.9000015258789,88.80000305175781,88.80000305175781,11000,0.0,0.0
2025-12-19 02:15:00+00:00,88.80000305175781,89.0,88.80000305175781,89.0,5021,0.0,0.0
2025-12-19 02:25:00+00:00,89.0,89.0,88.80000305175781,88.80000305175781,6022,0.0,0.0
2025-12-19 02:30:00+00:00,88.9000015258789,89.0,88.80000305175781,88.80000305175781,11000,0.0,0.0
2025-12-19 02:35:00+00:00,88.69999694824219,88.69999694824219,88.69999694824219,88.69999694824219,4434,0.0,0.0
2025-12-19 02:40:00+00:00,89.0,89.0,89.0,89.0,10066,0.0,0.0
2025-12-19 02:45:00+00:00,89.0,89.0,89.0,89.0,10356,0.0,0.0
2025-12-19 02:50:00+00:00,89.0,89.4000015258789,89.0,89.4000015258789,78556,0.0,0.0
2025-12-19 02:55:00+00:00,89.5,89.5,89.30000305175781,89.30000305175781,18000,0.0,0.0
2025-12-19 03:00:00+00:00,89.19999694824219,89.19999694824219,89.19999694824219,89.19999694824219,6024,0.0,0.0
2025-12-19 03:05:00+00:00,89.30000305175781,89.30000305175781,89.30000305175781,89.30000305175781,7300,0.0,0.0
2025-12-19 03:10:00+00:00,89.30000305175781,89.30000305175781,89.19999694824219,89.19999694824219,2000,0.0,0.0
2025-12-19 03:15:00+00:00,89.19999694824219,89.5999984741211,89.19999694824219,89.5999984741211,46100,0.0,0.0
2025-12-19 03:20:00+00:00,89.5999984741211,89.69999694824219,89.5999984741211,89.69999694824219,16400,0.0,0.0
2025-12-19 03:25:00+00:00,89.69999694824219,89.9000015258789,89.69999694824219,89.80000305175781,46328,0.0,0.0
2025-12-19 03:30:00+00:00,89.80000305175781,90.0,89.80000305175781,90.0,69200,0.0,0.0
2025-12-19 03:35:00+00:00,90.0999984741211,90.0999984741211,90.0999984741211,90.0999984741211,19125,0.0,0.0
2025-12-19 03:40:00+00:00,90.0999984741211,90.0999984741211,90.0999984741211,90.0999984741211,7140,0.0,0.0
2025-12-19 03:45:00+00:00,90.0999984741211,90.0999984741211,89.9000015258789,90.0,26200,0.0,0.0
2025-12-19 03:50:00+00:00,90.0,90.0,89.80000305175781,89.80000305175781,34000,0.0,0.0
2025-12-19 03:55:00+00:00,89.9000015258789,90.0999984741211,89.80000305175781,90.0,29089,0.0,0.0
2025-12-19 04:00:00+00:00,90.0999984741211,90.19999694824219,90.0999984741211,90.19999694824219,21104,0.0,0.0
2025-12-19 04:05:00+00:00,90.19999694824219,90.5,90.19999694824219,90.5,52220,0.0,0.0
2025-12-19 04:10:00+00:00,90.5,90.5,90.19999694824219,90.30000305175781,33072,0.0,0.0
2025-12-19 04:15:00+00:00,90.4000015258789,90.4000015258789,90.0999984741211,90.19999694824219,17110,0.0,0.0
2025-12-19 04:20:00+00:00,90.0999984741211,90.0999984741211,90.0,90.0,15233,0.0,0.0
2025-12-19 04:25:00+00:00,89.9000015258789,89.9000015258789,89.9000015258789,89.9000015258789,12000,0.0,0.0
2025-12-19 04:30:00+00:00,89.9000015258789,90.0999984741211,89.9000015258789,90.0999984741211,18000,0.0,0.0
2025-12-19 04:35:00+00:00,90.0,90.0,90.0,90.0,1030,0.0,0.0
2025-12-19 04:40:00+00:00,90.0,90.0,90.0,90.0,12445,0.0,0.0
2025-12-19 04:45:00+00:00,90.0,90.0,90.0,90.0,20012,0.0,0.0
2025-12-19 04:50:00+00:00,90.0,90.0,89.9000015258789,89.9000015258789,11000,0.0,0.0
2025-12-19 04:55:00+00:00,90.0,90.30000305175781,90.0,90.30000305175781,63032,0.0,0.0
2025-12-19 05:00:00+00:00,90.19999694824219,90.19999694824219,90.0999984741211,90.0999984741211,16010,0.0,0.0
2025-12-19 05:05:00+00:00,90.0,90.30000305175781,90.0,90.19999694824219,23000,0.0,0.0
2025-12-19 05:10:00+00:00,90.0999984741211,90.0999984741211,90.0999984741211,90.0999984741211,9122,0.0,0.0
2025-12-19 05:15:00+00:00,90.0999984741211,90.19999694824219,90.0,90.19999694824219,24168,0.0,0.0
2025-12-19 05:20:00+00:00,90.19999694824219,90.19999694824219,90.0999984741211,90.0999984741211,21218,0.0,0.0
2025-12-22 01:00:00+00:00,90.5,90.80000305175781,90.5,90.80000305175781,0,0.0,0.0
2025-12-22 01:05:00+00:00,90.80000305175781,90.80000305175781,90.19999694824219,90.30000305175781,29000,0.0,0.0
2025-12-22 01:10:00+00:00,90.19999694824219,90.19999694824219,89.9000015258789,89.9000015258789,32120,0.0,0.0
2025-12-22 01:15:00+00:00,90.0,90.0,89.5999984741211,89.9000015258789,25502,0.0,0.0
2025-12-22 01:20:00+00:00,90.0,90.30000305175781,90.0,90.30000305175781,13150,0.0,0.0
2025-12-22 01:25:00+00:00,90.30000305175781,90.5999984741211,90.0999984741211,90.5,58000,0.0,0.0
2025-12-22 01:30:00+00:00,90.5,90.5999984741211,90.19999694824219,90.5,13050,0.0,0.0
2025-12-22 01:35:00+00:00,90.19999694824219,90.30000305175781,90.0999984741211,90.19999694824219,8588,0.0,0.0
2025-12-22 01:40:00+00:00,90.0999984741211,90.19999694824219,90.0999984741211,90.19999694824219,11000,0.0,0.0
2025-12-22 01:45:00+00:00,90.30000305175781,90.30000305175781,90.0999984741211,90.30000305175781,4010,0.0,0.0
2025-12-22 01:50:00+00:00,90.30000305175781,90.30000305175781,90.0,90.0,27100,0.0,0.0
2025-12-22 01:55:00+00:00,90.0999984741211,90.19999694824219,90.0999984741211,90.19999694824219,7090,0.0,0.0
2025-12-22 02:00:00+00:00,90.19999694824219,90.19999694824219,90.19999694824219,90.19999694824219,2000,0.0,0.0
2025-12-22 02:05:00+00:00,90.30000305175781,90.30000305175781,90.19999694824219,90.19999694824219,12040,0.0,0.0
2025-12-22 02:10:00+00:00,90.30000305175781,90.30000305175781,90.0999984741211,90.0999984741211,7121,0.0,0.0
2025-12-22 02:15:00+00:00,90.0999984741211,90.0999984741211,89.80000305175781,90.0,48025,0.0,0.0
2025-12-22 02:20:00+00:00,89.9000015258789,89.9000015258789,89.80000305175781,89.80000305175781,3040,0.0,0.0
2025-12-22 02:25:00+00:00,89.9000015258789,89.9000015258789,89.9000015258789,89.9000015258789,1126,0.0,0.0
2025-12-22 02:30:00+00:00,90.0,90.0,89.9000015258789,89.9000015258789,16024,0.0,0.0
2025-12-22 02:35:00+00:00,89.80000305175781,89.9000015258789,89.80000305175781,89.9000015258789,11554,0.0,0.0
2025-12-22 02:40:00+00:00,89.9000015258789,90.0,89.80000305175781,89.9000015258789,19200,0.0,0.0
2025-12-22 02:45:00+00:00,89.9000015258789,89.9000015258789,89.9000015258789,89.9000015258789,3050,0.0,0.0
2025-12-22 02:50:00+00:00,90.0,90.0,89.9000015258789,89.9000015258789,6300,0.0,0.0
2025-12-22 02:55:00+00:00,89.9000015258789,90.19999694824219,89.80000305175781,90.0999984741211,20100,0.0,0.0
2025-12-22 03:00:00+00:00,89.80000305175781,89.80000305175781,89.80000305175781,89.80000305175781,32523,0.0,0.0
2025-12-22 03:05:00+00:00,89.9000015258789,89.9000015258789,89.4000015258789,89.4000015258789,184314,0.0,0.0
2025-12-22 03:10:00+00:00,89.5,89.5999984741211,89.4000015258789,89.5,13100,0.0,0.0
2025-12-22 03:15:00+00:00,89.5,89.80000305175781,89.5,89.80000305175781,5000,0.0,0.0
2025-12-22 03:20:00+00:00,89.69999694824219,89.69999694824219,89.5,89.5,28070,0.0,0.0
2025-12-22 03:25:00+00:00,89.5,89.5999984741211,89.5,89.5,19653,0.0,0.0
2025-12-22 03:30:00+00:00,89.5,89.5999984741211,89.4000015258789,89.4000015258789,103118,0.0,0.0
2025-12-22 03:35:00+00:00,89.5,89.5,89.5,89.5,6000,0.0,0.0
2025-12-22 03:40:00+00:00,89.69999694824219,90.0,89.69999694824219,90.0,12211,0.0,0.0
2025-12-22 03:45:00+00:00,89.80000305175781,89.80000305175781,89.80000305175781,89.80000305175781,17264,0.0,0.0
2025-12-22 03:50:00+00:00,89.9000015258789,90.0,89.9000015258789,90.0,11000,0.0,0.0
2025-12-22 03:55:00+00:00,90.0,90.0999984741211,90.0,90.0999984741211,11000,0.0,0.0
2025-12-22 04:00:00+00:00,90.0999984741211,90.0999984741211,90.0,90.0,5138,0.0,0.0
2025-12-22 04:05:00+00:00,90.0,90.0999984741211,90.0,90.0999984741211,11100,0.0,0.0
2025-12-22 04:10:00+00:00,90.0,90.0,90.0,90.0,1299,0.0,0.0
2025-12-22 04:15:00+00:00,89.9000015258789,89.9000015258789,89.80000305175781,89.80000305175781,17000,0.0,0.0
2025-12-22 04:20:00+00:00,89.80000305175781,89.9000015258789,89.80000305175781,89.9000015258789,4000,0.0,0.0
2025-12-22 04:25:00+00:00,89.80000305175781,89.9000015258789,89.80000305175781,89.80000305175781,5000,0.0,0.0
2025-12-22 04:30:00+00:00,89.9000015258789,89.9000015258789,89.69999694824219,89.69999694824219,3140,0.0,0.0
2025-12-22 04:35:00+00:00,89.9000015258789,89.9000015258789,89.9000015258789,89.9000015258789,7000,0.0,0.0
2025-12-22 04:40:00+00:00,90.0,90.0999984741211,89.5,89.9000015258789,254554,0.0,0.0
2025-12-22 04:45:00+00:00,89.9000015258789,89.9000015258789,89.5999984741211,89.69999694824219,11005,0.0,0.0
2025-12-22 04:50:00+00:00,89.69999694824219,89.69999694824219,89.5,89.5,15210,0.0,0.0
2025-12-22 04:55:00+00:00,89.5999984741211,89.5999984741211,89.5,89.5,9293,0.0,0.0
2025-12-22 05:00:00+00:00,89.5,89.69999694824219,89.5,89.69999694824219,14025,0.0,0.0
2025-12-22 05:05:00+00:00,89.69999694824219,89.69999694824219,89.5999984741211,89.69999694824219,20590,0.0,0.0
2025-12-22 05:10:00+00:00,89.5999984741211,89.69999694824219,89.5999984741211,89.5999984741211,9000,0.0,0.0
2025-12-22 05:15:00+00:00,89.5999984741211,89.5999984741211,89.4000015258789,89.4000015258789,36000,0.0,0.0
2025-12-22 05:20:00+00:00,89.5,89.5999984741211,89.4000015258789,89.5999984741211,21449,0.0,0.0
2025-12-23 01:00:00+00:00,90.0999984741211,90.19999694824219,89.5999984741211,89.9000015258789,0,0.0,0.0
2025-12-23 01:05:00+00:00,90.0,90.0,89.9000015258789,89.9000015258789,20093,0.0,0.0
2025-12-23 01:10:00+00:00,89.9000015258789,90.0,89.69999694824219,89.69999694824219,40301,0.0,0.0
2025-12-23 01:15:00+00:00,89.69999694824219,89.69999694824219,89.30000305175781,89.30000305175781,83055,0.0,0.0
2025-12-23 01:20:00+00:00,89.30000305175781,89.80000305175781,89.30000305175781,89.69999694824219,12000,0.0,0.0
2025-12-23 01:25:00+00:00,89.5999984741211,89.69999694824219,89.5999984741211,89.69999694824219,4000,0.0,0.0
2025-12-23 01:30:00+00:00,89.69999694824219,90.0,89.69999694824219,89.9000015258789,17200,0.0,0.0
2025-12-23 01:35:00+00:00,90.0,90.0,89.30000305175781,89.80000305175781,246150,0.0,0.0
2025-12-23 01:40:00+00:00,89.69999694824219,89.80000305175781,89.4000015258789,89.80000305175781,78030,0.0,0.0
2025-12-23 01:45:00+00:00,89.69999694824219,89.69999694824219,89.19999694824219,89.19999694824219,48622,0.0,0.0
2025-12-23 01:50:00+00:00,89.5,89.5999984741211,89.4000015258789,89.4000015258789,7000,0.0,0.0
2025-12-23 01:55:00+00:00,89.4000015258789,89.4000015258789,89.30000305175781,89.30000305175781,11199,0.0,0.0
2025-12-23 02:00:00+00:00,89.19999694824219,89.30000305175781,89.19999694824219,89.19999694824219,31042,0.0,0.0
2025-12-23 02:05:00+00:00,89.30000305175781,89.30000305175781,89.0,89.0,37271,0.0,0.0
2025-12-23 02:10:00+00:00,89.0,89.0,88.9000015258789,88.9000015258789,48778,0.0,0.0
2025-12-23 02:15:00+00:00,89.0,89.0999984741211,89.0,89.0999984741211,6000,0.0,0.0
2025-12-23 02:20:00+00:00,89.0,89.0,88.9000015258789,88.9000015258789,14000,0.0,0.0
2025-12-23 02:25:00+00:00,88.9000015258789,88.9000015258789,88.5999984741211,88.5999984741211,53910,0.0,0.0
2025-12-23 02:30:00+00:00,88.69999694824219,88.80000305175781,88.69999694824219,88.80000305175781,4033,0.0,0.0
2025-12-23 02:35:00+00:00,88.9000015258789,88.9000015258789,88.80000305175781,88.80000305175781,19000,0.0,0.0
2025-12-23 02:40:00+00:00,88.80000305175781,88.80000305175781,88.80000305175781,88.80000305175781,8100,0.0,0.0
2025-12-23 02:45:00+00:00,88.80000305175781,88.80000305175781,88.69999694824219,88.69999694824219,5063,0.0,0.0
2025-12-23 02:50:00+00:00,88.80000305175781,88.80000305175781,88.69999694824219,88.69999694824219,35000,0.0,0.0
2025-12-23 02:55:00+00:00,88.5999984741211,88.69999694824219,88.5999984741211,88.69999694824219,6112,0.0,0.0
2025-12-23 03:00:00+00:00,88.69999694824219,88.69999694824219,88.5999984741211,88.5999984741211,4050,0.0,0.0
2025-12-23 03:05:00+00:00,88.5999984741211,88.69999694824219,88.5999984741211,88.69999694824219,5000,0.0,0.0
2025-12-23 03:10:00+00:00,88.69999694824219,88.69999694824219,88.5,88.5,31243,0.0,0.0
2025-12-23 03:15:00+00:00,88.5,88.5,88.4000015258789,88.4000015258789,33097,0.0,0.0
2025-12-23 03:20:00+00:00,88.5,88.5,88.5,88.5,2500,0.0,0.0
2025-12-23 03:25:00+00:00,88.5999984741211,88.5999984741211,88.5999984741211,88.5999984741211,10100,0.0,0.0
2025-12-23 03:30:00+00:00,88.69999694824219,88.69999694824219,88.5,88.5999984741211,21100,0.0,0.0
2025-12-23 03:35:00+00:00,88.5999984741211,89.19999694824219,88.5999984741211,88.69999694824219,27000,0.0,0.0
2025-12-23 03:40:00+00:00,88.5999984741211,88.69999694824219,88.5999984741211,88.69999694824219,2689,0.0,0.0
2025-12-23 03:45:00+00:00,88.69999694824219,88.69999694824219,88.69999694824219,88.69999694824219,3070,0.0,0.0
2025-12-23 03:50:00+00:00,88.80000305175781,88.80000305175781,88.80000305175781,88.80000305175781,2080,0.0,0.0
2025-12-23 03:55:00+00:00,88.80000305175781,88.9000015258789,88.80000305175781,88.9000015258789,4006,0.0,0.0
2025-12-23 04:05:00+00:00,88.9000015258789,89.0,88.9000015258789,89.0,2020,0.0,0.0
2025-12-23 04:10:00+00:00,89.0,89.0,88.9000015258789,88.9000015258789,3000,0.0,0.0
2025-12-23 04:15:00+00:00,89.0,89.0,89.0,89.0,2030,0.0,0.0
2025-12-23 04:20:00+00:00,89.0,89.0,89.0,89.0,9254,0.0,0.0
2025-12-23 04:25:00+00:00,89.0,89.0999984741211,89.0,89.0999984741211,3050,0.0,0.0
2025-12-23 04:30:00+00:00,89.0999984741211,89.0999984741211,89.0,89.0,5000,0.0,0.0
2025-12-23 04:35:00+00:00,89.0,89.0,89.0,89.0,2000,0.0,0.0
2025-12-23 04:40:00+00:00,88.9000015258789,88.9000015258789,88.9000015258789,88.9000015258789,20000,0.0,0.0
2025-12-23 04:45:00+00:00,88.80000305175781,88.80000305175781,88.69999694824219,88.69999694824219,18826,0.0,0.0
2025-12-23 04:50:00+00:00,88.69999694824219,88.69999694824219,88.69999694824219,88.69999694824219,1000,0.0,0.0
2025-12-23 04:55:00+00:00,88.69999694824219,88.80000305175781,88.69999694824219,88.80000305175781,13000,0.0,0.0
2025-12-23 05:00:00+00:00,88.80000305175781,88.9000015258789,88.69999694824219,88.9000015258789,20129,0.0,0.0
2025-12-23 05:05:00+00:00,88.9000015258789,88.9000015258789,88.80000305175781,88.80000305175781,7001,0.0,0.0
2025-12-23 05:10:00+00:00,88.9000015258789,88.9000015258789,88.9000015258789,88.9000015258789,9000,0.0,0.0
2025-12-23 05:15:00+00:00,88.80000305175781,88.80000305175781,88.69999694824219,88.80000305175781,13000,0.0,0.0
2025-12-23 05:20:00+00:00,88.69999694824219,88.80000305175781,88.5999984741211,88.69999694824219,18074,0.0,0.0
2025-12-24 01:00:00+00:00,89.30000305175781,90.0999984741211,89.30000305175781,90.0999984741211,0,0.0,0.0
2025-12-24 01:05:00+00:00,90.0,90.0999984741211,89.80000305175781,89.80000305175781,20000,0.0,0.0
2025-12-24 01:10:00+00:00,89.80000305175781,89.80000305175781,89.5999984741211,89.69999694824219,33590,0.0,0.0
2025-12-24 01:15:00+00:00,89.69999694824219,89.69999694824219,89.69999694824219,89.69999694824219,6100,0.0,0.0
2025-12-24 01:20:00+00:00,89.69999694824219,89.69999694824219,89.5999984741211,89.5999984741211,9176,0.0,0.0
2025-12-24 01:25:00+00:00,89.5,89.5999984741211,89.30000305175781,89.30000305175781,8000,0.0,0.0
2025-12-24 01:30:00+00:00,89.4000015258789,89.4000015258789,89.30000305175781,89.30000305175781,10181,0.0,0.0
2025-12-24 01:35:00+00:00,89.30000305175781,89.30000305175781,89.30000305175781,89.30000305175781,1094,0.0,0.0
2025-12-24 01:40:00+00:00,89.19999694824219,89.30000305175781,89.19999694824219,89.30000305175781,6013,0.0,0.0
2025-12-24 01:45:00+00:00,89.30000305175781,89.30000305175781,89.19999694824219,89.19999694824219,7360,0.0,0.0
2025-12-24 01:50:00+00:00,89.19999694824219,89.19999694824219,89.0999984741211,89.0999984741211,2025,0.0,0.0
2025-12-24 01:55:00+00:00,89.0999984741211,89.0999984741211,89.0,89.0,13005,0.0,0.0
2025-12-24 02:00:00+00:00,89.0,89.0999984741211,89.0,89.0,10150,0.0,0.0
2025-12-24 02:05:00+00:00,88.9000015258789,88.9000015258789,88.9000015258789,88.9000015258789,2100,0.0,0.0
2025-12-24 02:10:00+00:00,89.0999984741211,89.0999984741211,89.0999984741211,89.0999984741211,2000,0.0,0.0
2025-12-24 02:15:00+00:00,89.0,89.19999694824219,89.0,89.19999694824219,8461,0.0,0.0
2025-12-24 02:20:00+00:00,89.19999694824219,89.19999694824219,89.19999694824219,89.19999694824219,5100,0.0,0.0
2025-12-24 02:25:00+00:00,89.19999694824219,89.19999694824219,89.0,89.0,6000,0.0,0.0
2025-12-24 02:30:00+00:00,89.0,89.0,89.0,89.0,7150,0.0,0.0
2025-12-24 02:35:00+00:00,88.9000015258789,88.9000015258789,88.9000015258789,88.9000015258789,6010,0.0,0.0
2025-12-24 02:40:00+00:00,88.80000305175781,88.80000305175781,88.80000305175781,88.80000305175781,15041,0.0,0.0
2025-12-24 02:45:00+00:00,88.80000305175781,89.0,88.80000305175781,88.9000015258789,5387,0.0,0.0
2025-12-24 03:00:00+00:00,88.80000305175781,88.80000305175781,88.80000305175781,88.80000305175781,1000,0.0,0.0
2025-12-24 03:05:00+00:00,88.80000305175781,88.80000305175781,88.19999694824219,88.19999694824219,124796,0.0,0.0
2025-12-24 03:10:00+00:00,88.30000305175781,88.30000305175781,88.0,88.19999694824219,114157,0.0,0.0
2025-12-24 03:15:00+00:00,88.0,88.0999984741211,87.9000015258789,87.9000015258789,25457,0.0,0.0
2025-12-24 03:20:00+00:00,88.0,88.0,87.9000015258789,88.0,36204,0.0,0.0
2025-12-24 03:25:00+00:00,87.9000015258789,87.9000015258789,87.69999694824219,87.69999694824219,54435,0.0,0.0
2025-12-24 03:30:00+00:00,87.69999694824219,87.69999694824219,87.5999984741211,87.69999694824219,84170,0.0,0.0
2025-12-24 03:35:00+00:00,88.0,88.0,87.69999694824219,87.80000305175781,8030,0.0,0.0
2025-12-24 03:40:00+00:00,87.80000305175781,87.80000305175781,87.80000305175781,87.80000305175781,19000,0.0,0.0
2025-12-24 03:45:00+00:00,87.80000305175781,87.80000305175781,87.69999694824219,87.69999694824219,15000,0.0,0.0
2025-12-24 03:50:00+00:00,87.80000305175781,87.9000015258789,87.80000305175781,87.9000015258789,16000,0.0,0.0
2025-12-24 03:55:00+00:00,87.9000015258789,87.9000015258789,87.9000015258789,87.9000015258789,1000,0.0,0.0
2025-12-24 04:00:00+00:00,87.80000305175781,87.80000305175781,87.5999984741211,87.69999694824219,52050,0.0,0.0
2025-12-24 04:05:00+00:00,87.69999694824219,87.80000305175781,87.4000015258789,87.5,111468,0.0,0.0
2025-12-24 04:10:00+00:00,87.5,87.5,87.5,87.5,13249,0.0,0.0
2025-12-24 04:15:00+00:00,87.5,87.5,87.5,87.5,12000,0.0,0.0
2025-12-24 04:20:00+00:00,87.5,87.69999694824219,87.5,87.69999694824219,3313,0.0,0.0
2025-12-24 04:25:00+00:00,87.69999694824219,87.69999694824219,87.69999694824219,87.69999694824219,1011,0.0,0.0
2025-12-24 04:30:00+00:00,87.69999694824219,87.69999694824219,87.5999984741211,87.69999694824219,6076,0.0,0.0
2025-12-24 04:35:00+00:00,87.69999694824219,87.69999694824219,87.5999984741211,87.69999694824219,8000,0.0,0.0
2025-12-24 04:40:00+00:00,87.5999984741211,87.5999984741211,87.4000015258789,87.4000015258789,82501,0.0,0.0
2025-12-24 04:45:00+00:00,87.4000015258789,87.4000015258789,87.30000305175781,87.4000015258789,26280,0.0,0.0
2025-12-24 04:50:00+00:00,87.4000015258789,87.4000015258789,87.30000305175781,87.30000305175781,33200,0.0,0.0
2025-12-24 04:55:00+00:00,87.30000305175781,87.4000015258789,87.30000305175781,87.4000015258789,17200,0.0,0.0
2025-12-24 05:00:00+00:00,87.4000015258789,87.5,87.4000015258789,87.4000015258789,22010,0.0,0.0
2025-12-24 05:05:00+00:00,87.5,87.5,87.5,87.5,29314,0.0,0.0
2025-12-24 05:10:00+00:00,87.5,87.5,87.19999694824219,87.19999694824219,61141,0.0,0.0
2025-12-24 05:15:00+00:00,87.30000305175781,87.30000305175781,87.19999694824219,87.30000305175781,22198,0.0,0.0
2025-12-24 05:20:00+00:00,87.30000305175781,87.5,87.19999694824219,87.5,20310,0.0,0.0
2025-12-26 01:00:00+00:00,88.30000305175781,88.30000305175781,87.5,87.5,0,0.0,0.0
2025-12-26 01:05:00+00:00,87.5,87.69999694824219,87.5,87.5999984741211,6010,0.0,0.0
2025-12-26 01:10:00+00:00,87.69999694824219,87.69999694824219,87.4000015258789,87.4000015258789,23238,0.0,0.0
2025-12-26 01:15:00+00:00,87.4000015258789,87.4000015258789,87.4000015258789,87.4000015258789,13050,0.0,0.0
2025-12-26 01:20:00+00:00,87.4000015258789,87.4000015258789,87.4000015258789,87.4000015258789,10303,0.0,0.0
2025-12-26 01:25:00+00:00,87.4000015258789,87.4000015258789,87.30000305175781,87.30000305175781,11010,0.0,0.0
2025-12-26 01:30:00+00:00,87.30000305175781,87.30000305175781,87.0999984741211,87.0999984741211,38721,0.0,0.0
2025-12-26 01:35:00+00:00,87.0,87.0,86.80000305175781,86.9000015258789,92283,0.0,0.0
2025-12-26 01:40:00+00:00,87.0,87.0999984741211,87.0,87.0999984741211,27999,0.0,0.0
2025-12-26 01:45:00+00:00,87.0999984741211,87.4000015258789,87.0999984741211,87.4000015258789,19022,0.0,0.0
2025-12-26 01:50:00+00:00,87.4000015258789,87.4000015258789,87.4000015258789,87.4000015258789,5145,0.0,0.0
2025-12-26 01:55:00+00:00,87.4000015258789,87.4000015258789,87.30000305175781,87.4000015258789,9000,0.0,0.0
2025-12-26 02:00:00+00:00,87.4000015258789,87.4000015258789,87.30000305175781,87.30000305175781,6020,0.0,0.0
2025-12-26 02:05:00+00:00,87.19999694824219,87.19999694824219,87.0999984741211,87.0999984741211,6000,0.0,0.0
2025-12-26 02:10:00+00:00,87.0999984741211,87.4000015258789,87.0999984741211,87.19999694824219,25311,0.0,0.0
2025-12-26 02:15:00+00:00,87.0,87.0999984741211,87.0,87.0,15000,0.0,0.0
2025-12-26 02:20:00+00:00,87.0,87.0,86.9000015258789,86.9000015258789,20238,0.0,0.0
2025-12-26 02:25:00+00:00,86.9000015258789,86.9000015258789,86.9000015258789,86.9000015258789,9050,0.0,0.0
2025-12-26 02:30:00+00:00,86.80000305175781,86.80000305175781,86.4000015258789,86.5,106004,0.0,0.0
2025-12-26 02:35:00+00:00,86.4000015258789,86.5999984741211,86.4000015258789,86.5999984741211,8000,0.0,0.0
2025-12-26 02:40:00+00:00,86.5999984741211,86.69999694824219,86.5999984741211,86.69999694824219,15200,0.0,0.0
2025-12-26 02:45:00+00:00,86.69999694824219,86.69999694824219,86.69999694824219,86.69999694824219,7000,0.0,0.0
2025-12-26 02:55:00+00:00,86.69999694824219,86.9000015258789,86.5999984741211,86.9000015258789,16000,0.0,0.0
2025-12-26 03:00:00+00:00,87.0,87.0,87.0,87.0,2015,0.0,0.0
2025-12-26 03:05:00+00:00,87.0,87.19999694824219,87.0,87.19999694824219,9225,0.0,0.0
2025-12-26 03:10:00+00:00,87.30000305175781,87.4000015258789,87.19999694824219,87.4000015258789,23508,0.0,0.0
2025-12-26 03:15:00+00:00,87.4000015258789,87.4000015258789,87.4000015258789,87.4000015258789,3353,0.0,0.0
2025-12-26 03:20:00+00:00,87.4000015258789,87.5999984741211,87.4000015258789,87.5999984741211,14200,0.0,0.0
2025-12-26 03:25:00+00:00,87.5,87.5999984741211,87.5,87.5999984741211,2298,0.0,0.0
2025-12-26 03:30:00+00:00,87.5,87.5,87.5,87.5,4002,0.0,0.0
2025-12-26 03:35:00+00:00,87.30000305175781,87.30000305175781,87.30000305175781,87.30000305175781,1000,0.0,0.0
2025-12-26 03:40:00+00:00,87.4000015258789,87.4000015258789,87.4000015258789,87.4000015258789,1000,0.0,0.0
2025-12-26 03:45:00+00:00,87.4000015258789,87.4000015258789,87.4000015258789,87.4000015258789,1000,0.0,0.0
2025-12-26 03:50:00+00:00,87.19999694824219,87.19999694824219,87.19999694824219,87.19999694824219,4013,0.0,0.0
2025-12-26 03:55:00+00:00,87.0999984741211,87.0999984741211,87.0,87.0,40089,0.0,0.0
2025-12-26 04:00:00+00:00,87.0,87.0,87.0,87.0,2301,0.0,0.0
2025-12-26 04:05:00+00:00,87.0,87.0,86.9000015258789,86.9000015258789,7450,0.0,0.0
2025-12-26 04:15:00+00:00,86.9000015258789,86.9000015258789,86.9000015258789,86.9000015258789,3000,0.0,0.0
2025-12-26 04:20:00+00:00,86.9000015258789,86.9000015258789,86.80000305175781,86.80000305175781,5000,0.0,0.0
2025-12-26 04:25:00+00:00,86.80000305175781,86.80000305175781,86.69999694824219,86.69999694824219,13325,0.0,0.0
2025-12-26 04:30:00+00:00,86.80000305175781,86.9000015258789,86.80000305175781,86.9000015258789,10511,0.0,0.0
2025-12-26 04:35:00+00:00,86.9000015258789,86.9000015258789,86.9000015258789,86.9000015258789,1000,0.0,0.0
2025-12-26 04:40:00+00:00,86.9000015258789,86.9000015258789,86.9000015258789,86.9000015258789,1000,0.0,0.0
2025-12-26 04:45:00+00:00,86.80000305175781,86.9000015258789,86.80000305175781,86.80000305175781,13000,0.0,0.0
2025-12-26 04:50:00+00:00,86.80000305175781,86.9000015258789,86.80000305175781,86.9000015258789,15285,0.0,0.0
2025-12-26 04:55:00+00:00,86.9000015258789,86.9000015258789,86.9000015258789,86.9000015258789,12551,0.0,0.0
2025-12-26 05:00:00+00:00,86.9000015258789,86.9000015258789,86.80000305175781,86.80000305175781,18000,0.0,0.0
2025-12-26 05:05:00+00:00,86.9000015258789,87.0999984741211,86.80000305175781,87.0,23463,0.0,0.0
2025-12-26 05:10:00+00:00,86.9000015258789,87.19999694824219,86.9000015258789,87.0999984741211,19186,0.0,0.0
2025-12-26 05:15:00+00:00,87.0,87.0999984741211,86.80000305175781,86.80000305175781,110050,0.0,0.0
2025-12-26 05:20:00+00:00,86.80000305175781,87.0999984741211,86.80000305175781,87.0,24186,0.0,0.0
2025-12-29 01:00:00+00:00,87.5,87.69999694824219,87.30000305175781,87.30000305175781,0,0.0,0.0
2025-12-29 01:05:00+00:00,87.19999694824219,87.4000015258789,87.0,87.4000015258789,19394,0.0,0.0
2025-12-29 01:10:00+00:00,87.4000015258789,87.4000015258789,87.30000305175781,87.30000305175781,4693,0.0,0.0
2025-12-29 01:15:00+00:00,87.19999694824219,87.19999694824219,87.0999984741211,87.19999694824219,5700,0.0,0.0
2025-12-29 01:20:00+00:00,87.19999694824219,87.19999694824219,87.19999694824219,87.19999694824219,10016,0.0,0.0
2025-12-29 01:25:00+00:00,87.19999694824219,87.5,87.19999694824219,87.5,16035,0.0,0.0
2025-12-29 01:30:00+00:00,87.69999694824219,87.9000015258789,87.5,87.9000015258789,10000,0.0,0.0
2025-12-29 01:35:00+00:00,87.9000015258789,87.9000015258789,87.80000305175781,87.80000305175781,22000,0.0,0.0
2025-12-29 01:40:00+00:00,87.69999694824219,87.69999694824219,87.5,87.69999694824219,21014,0.0,0.0
2025-12-29 01:45:00+00:00,87.80000305175781,87.9000015258789,87.5999984741211,87.5999984741211,18300,0.0,0.0
2025-12-29 01:50:00+00:00,87.69999694824219,87.69999694824219,87.5999984741211,87.5999984741211,2234,0.0,0.0
2025-12-29 01:55:00+00:00,87.5999984741211,87.5999984741211,87.5,87.5,4400,0.0,0.0
2025-12-29 02:00:00+00:00,87.5,87.5999984741211,87.5,87.5999984741211,3126,0.0,0.0
2025-12-29 02:05:00+00:00,87.5999984741211,87.69999694824219,87.5999984741211,87.69999694824219,6000,0.0,0.0
2025-12-29 02:10:00+00:00,87.5999984741211,87.5999984741211,87.5,87.5,5028,0.0,0.0
2025-12-29 02:15:00+00:00,87.5999984741211,87.5999984741211,87.5999984741211,87.5999984741211,1074,0.0,0.0
2025-12-29 02:20:00+00:00,87.5999984741211,87.69999694824219,87.5999984741211,87.69999694824219,7600,0.0,0.0
2025-12-29 02:30:00+00:00,87.5999984741211,87.69999694824219,87.5999984741211,87.5999984741211,8300,0.0,0.0
2025-12-29 02:35:00+00:00,87.5999984741211,87.80000305175781,87.5999984741211,87.80000305175781,4015,0.0,0.0
2025-12-29 02:45:00+00:00,87.69999694824219,87.80000305175781,87.5999984741211,87.5999984741211,6100,0.0,0.0
2025-12-29 02:50:00+00:00,87.5999984741211,87.5999984741211,87.5999984741211,87.5999984741211,5066,0.0,0.0
2025-12-29 02:55:00+00:00,87.5999984741211,87.80000305175781,87.4000015258789,87.80000305175781,11035,0.0,0.0
2025-12-29 03:00:00+00:00,87.80000305175781,87.80000305175781,87.80000305175781,87.80000305175781,1695,0.0,0.0
2025-12-29 03:05:00+00:00,87.5999984741211,87.5999984741211,87.5999984741211,87.5999984741211,1000,0.0,0.0
2025-12-29 03:10:00+00:00,87.5999984741211,87.80000305175781,87.5999984741211,87.80000305175781,7255,0.0,0.0
2025-12-29 03:15:00+00:00,87.69999694824219,87.69999694824219,87.69999694824219,87.69999694824219,1000,0.0,0.0
2025-12-29 03:20:00+00:00,87.69999694824219,87.69999694824219,87.69999694824219,87.69999694824219,3000,0.0,0.0
2025-12-29 03:25:00+00:00,87.69999694824219,87.9000015258789,87.69999694824219,87.80000305175781,46200,0.0,0.0
2025-12-29 03:30:00+00:00,87.80000305175781,87.80000305175781,87.80000305175781,87.80000305175781,4000,0.0,0.0
2025-12-29 03:35:00+00:00,87.69999694824219,87.69999694824219,87.69999694824219,87.69999694824219,3003,0.0,0.0
2025-12-29 03:40:00+00:00,87.80000305175781,87.80000305175781,87.80000305175781,87.80000305175781,2000,0.0,0.0
2025-12-29 03:45:00+00:00,87.69999694824219,87.69999694824219,87.5999984741211,87.69999694824219,5001,0.0,0.0
2025-12-29 03:50:00+00:00,87.69999694824219,87.80000305175781,87.69999694824219,87.80000305175781,13117,0.0,0.0
2025-12-29 04:00:00+00:00,87.80000305175781,87.80000305175781,87.80000305175781,87.80000305175781,1003,0.0,0.0
2025-12-29 04:05:00+00:00,87.69999694824219,87.80000305175781,87.69999694824219,87.80000305175781,4100,0.0,0.0
2025-12-29 04:10:00+00:00,87.80000305175781,87.80000305175781,87.80000305175781,87.80000305175781,1000,0.0,0.0
2025-12-29 04:15:00+00:00,87.80000305175781,87.80000305175781,87.80000305175781,87.80000305175781,3122,0.0,0.0
2025-12-29 04:30:00+00:00,87.69999694824219,87.80000305175781,87.69999694824219,87.80000305175781,6119,0.0,0.0
2025-12-29 04:35:00+00:00,87.69999694824219,87.80000305175781,87.69999694824219,87.80000305175781,7006,0.0,0.0
2025-12-29 04:40:00+00:00,87.80000305175781,87.80000305175781,87.80000305175781,87.80000305175781,7030,0.0,0.0
2025-12-29 04:45:00+00:00,87.69999694824219,87.69999694824219,87.69999694824219,87.69999694824219,3000,0.0,0.0
2025-12-29 04:50:00+00:00,87.80000305175781,87.9000015258789,87.80000305175781,87.9000015258789,3650,0.0,0.0
2025-12-29 04:55:00+00:00,87.9000015258789,87.9000015258789,87.80000305175781,87.80000305175781,7178,0.0,0.0
2025-12-29 05:00:00+00:00,87.80000305175781,87.80000305175781,87.80000305175781,87.80000305175781,5030,0.0,0.0
2025-12-29 05:05:00+00:00,87.80000305175781,87.80000305175781,87.80000305175781,87.80000305175781,3000,0.0,0.0
2025-12-29 05:10:00+00:00,87.80000305175781,87.80000305175781,87.69999694824219,87.69999694824219,7000,0.0,0.0
2025-12-29 05:15:00+00:00,87.69999694824219,87.80000305175781,87.69999694824219,87.69999694824219,15150,0.0,0.0
2025-12-29 05:20:00+00:00,87.69999694824219,87.9000015258789,87.5,87.9000015258789,40291,0.0,0.0
2025-12-30 01:00:00+00:00,87.0999984741211,87.19999694824219,86.69999694824219,86.69999694824219,0,0.0,0.0
2025-12-30 01:05:00+00:00,86.69999694824219,86.69999694824219,86.4000015258789,86.4000015258789,75492,0.0,0.0
2025-12-30 01:10:00+00:00,86.5,86.9000015258789,86.5,86.80000305175781,8160,0.0,0.0
2025-12-30 01:15:00+00:00,86.80000305175781,86.80000305175781,86.69999694824219,86.69999694824219,10796,0.0,0.0
2025-12-30 01:20:00+00:00,86.69999694824219,86.69999694824219,86.69999694824219,86.69999694824219,1225,0.0,0.0
2025-12-30 01:25:00+00:00,86.69999694824219,86.80000305175781,86.5999984741211,86.80000305175781,18200,0.0,0.0
2025-12-30 01:35:00+00:00,86.9000015258789,86.9000015258789,86.9000015258789,86.9000015258789,6000,0.0,0.0
2025-12-30 01:40:00+00:00,87.0,87.0,87.0,87.0,2011,0.0,0.0
2025-12-30 01:45:00+00:00,86.9000015258789,86.9000015258789,86.80000305175781,86.9000015258789,12040,0.0,0.0
2025-12-30 01:50:00+00:00,86.9000015258789,86.9000015258789,86.5999984741211,86.69999694824219,17629,0.0,0.0
2025-12-30 01:55:00+00:00,86.69999694824219,86.69999694824219,86.69999694824219,86.69999694824219,1000,0.0,0.0
2025-12-30 02:00:00+00:00,86.5999984741211,86.5999984741211,86.4000015258789,86.5,185020,0.0,0.0
2025-12-30 02:05:00+00:00,86.5,86.80000305175781,86.5,86.80000305175781,7350,0.0,0.0
2025-12-30 02:10:00+00:00,86.80000305175781,86.80000305175781,86.5999984741211,86.5999984741211,4035,0.0,0.0
2025-12-30 02:20:00+00:00,86.69999694824219,86.69999694824219,86.5999984741211,86.5999984741211,6000,0.0,0.0
2025-12-30 02:25:00+00:00,86.5999984741211,86.5999984741211,86.5999984741211,86.5999984741211,1005,0.0,0.0
2025-12-30 02:30:00+00:00,86.5999984741211,86.5999984741211,86.5999984741211,86.5999984741211,4506,0.0,0.0
2025-12-30 02:35:00+00:00,86.5999984741211,86.5999984741211,86.5999984741211,86.5999984741211,2332,0.0,0.0
2025-12-30 02:40:00+00:00,86.69999694824219,86.69999694824219,86.5999984741211,86.5999984741211,5232,0.0,0.0
2025-12-30 02:45:00+00:00,86.5999984741211,86.5999984741211,86.5999984741211,86.5999984741211,7000,0.0,0.0
2025-12-30 02:50:00+00:00,86.5999984741211,86.69999694824219,86.5999984741211,86.69999694824219,11050,0.0,0.0
2025-12-30 02:55:00+00:00,86.69999694824219,86.69999694824219,86.69999694824219,86.69999694824219,3100,0.0,0.0
2025-12-30 03:00:00+00:00,86.69999694824219,86.69999694824219,86.69999694824219,86.69999694824219,1250,0.0,0.0
2025-12-30 03:05:00+00:00,86.69999694824219,86.69999694824219,86.5999984741211,86.5999984741211,8000,0.0,0.0
2025-12-30 03:10:00+00:00,86.69999694824219,86.80000305175781,86.69999694824219,86.80000305175781,2100,0.0,0.0
2025-12-30 03:15:00+00:00,86.80000305175781,86.80000305175781,86.69999694824219,86.69999694824219,8300,0.0,0.0
2025-12-30 03:25:00+00:00,86.9000015258789,86.9000015258789,86.69999694824219,86.69999694824219,3020,0.0,0.0
2025-12-30 03:35:00+00:00,86.9000015258789,86.9000015258789,86.69999694824219,86.69999694824219,6245,0.0,0.0
2025-12-30 03:40:00+00:00,86.9000015258789,86.9000015258789,86.80000305175781,86.80000305175781,3305,0.0,0.0
2025-12-30 03:45:00+00:00,86.80000305175781,86.9000015258789,86.80000305175781,86.9000015258789,5000,0.0,0.0
2025-12-30 03:55:00+00:00,86.9000015258789,86.9000015258789,86.9000015258789,86.9000015258789,1300,0.0,0.0
2025-12-30 04:05:00+00:00,86.9000015258789,86.9000015258789,86.9000015258789,86.9000015258789,3000,0.0,0.0
2025-12-30 04:10:00+00:00,86.80000305175781,86.80000305175781,86.69999694824219,86.69999694824219,5078,0.0,0.0
2025-12-30 04:20:00+00:00,86.69999694824219,86.69999694824219,86.69999694824219,86.69999694824219,3391,0.0,0.0
2025-12-30 04:25:00+00:00,86.80000305175781,86.80000305175781,86.69999694824219,86.69999694824219,7240,0.0,0.0
2025-12-30 04:30:00+00:00,86.69999694824219,86.69999694824219,86.69999694824219,86.69999694824219,1096,0.0,0.0
2025-12-30 04:35:00+00:00,86.80000305175781,86.80000305175781,86.80000305175781,86.80000305175781,1000,0.0,0.0
2025-12-30 04:40:00+00:00,86.80000305175781,86.80000305175781,86.80000305175781,86.80000305175781,3200,0.0,0.0
2025-12-30 04:45:00+00:00,86.80000305175781,86.80000305175781,86.80000305175781,86.80000305175781,2006,0.0,0.0
2025-12-30 04:50:00+00:00,86.80000305175781,86.80000305175781,86.80000305175781,86.80000305175781,10000,0.0,0.0
2025-12-30 04:55:00+00:00,86.80000305175781,86.80000305175781,86.80000305175781,86.80000305175781,6000,0.0,0.0
2025-12-30 05:00:00+00:00,86.9000015258789,86.9000015258789,86.9000015258789,86.9000015258789,5000,0.0,0.0
2025-12-30 05:05:00+00:00,86.80000305175781,86.9000015258789,86.80000305175781,86.9000015258789,11077,0.0,0.0
2025-12-30 05:10:00+00:00,86.80000305175781,86.9000015258789,86.80000305175781,86.9000015258789,7380,0.0,0.0
2025-12-30 05:15:00+00:00,86.80000305175781,87.0,86.80000305175781,87.0,22408,0.0,0.0
2025-12-30 05:20:00+00:00,87.0,87.0999984741211,86.9000015258789,87.0,19000,0.0,0.0
2025-12-31 01:00:00+00:00,86.5,87.0,86.5,87.0,0,0.0,0.0
2025-12-31 01:05:00+00:00,87.19999694824219,87.5,87.0,87.19999694824219,31050,0.0,0.0
2025-12-31 01:10:00+00:00,87.30000305175781,87.30000305175781,87.19999694824219,87.19999694824219,2015,0.0,0.0
2025-12-31 01:15:00+00:00,87.5,87.5,87.0999984741211,87.4000015258789,35040,0.0,0.0
2025-12-31 01:20:00+00:00,87.4000015258789,87.4000015258789,87.4000015258789,87.4000015258789,3059,0.0,0.0
2025-12-31 01:25:00+00:00,87.19999694824219,87.19999694824219,86.9000015258789,86.9000015258789,21261,0.0,0.0
2025-12-31 01:30:00+00:00,86.80000305175781,86.80000305175781,86.5,86.5,16832,0.0,0.0
2025-12-31 01:35:00+00:00,86.5,86.69999694824219,86.5,86.69999694824219,12030,0.0,0.0
2025-12-31 01:40:00+00:00,86.5,86.5999984741211,86.5,86.5,21627,0.0,0.0
2025-12-31 01:45:00+00:00,86.4000015258789,86.80000305175781,86.4000015258789,86.5,27345,0.0,0.0
2025-12-31 01:50:00+00:00,86.4000015258789,86.9000015258789,86.19999694824219,86.19999694824219,106374,0.0,0.0
2025-12-31 01:55:00+00:00,86.19999694824219,86.19999694824219,86.19999694824219,86.19999694824219,7000,0.0,0.0
2025-12-31 02:00:00+00:00,86.30000305175781,86.30000305175781,86.30000305175781,86.30000305175781,10000,0.0,0.0
2025-12-31 02:05:00+00:00,86.30000305175781,86.30000305175781,86.30000305175781,86.30000305175781,1159,0.0,0.0
2025-12-31 02:10:00+00:00,86.30000305175781,86.30000305175781,86.30000305175781,86.30000305175781,11000,0.0,0.0
2025-12-31 02:15:00+00:00,86.4000015258789,86.4000015258789,86.30000305175781,86.30000305175781,24110,0.0,0.0
2025-12-31 02:20:00+00:00,86.30000305175781,86.30000305175781,86.30000305175781,86.30000305175781,19000,0.0,0.0
2025-12-31 02:25:00+00:00,86.30000305175781,86.30000305175781,86.30000305175781,86.30000305175781,3010,0.0,0.0
2025-12-31 02:30:00+00:00,86.4000015258789,86.4000015258789,86.4000015258789,86.4000015258789,3000,0.0,0.0
2025-12-31 02:35:00+00:00,86.30000305175781,86.4000015258789,86.30000305175781,86.30000305175781,5000,0.0,0.0
2025-12-31 02:40:00+00:00,86.30000305175781,86.4000015258789,86.30000305175781,86.4000015258789,10015,0.0,0.0
2025-12-31 02:45:00+00:00,86.4000015258789,86.4000015258789,86.4000015258789,86.4000015258789,4165,0.0,0.0
2025-12-31 02:50:00+00:00,86.4000015258789,86.4000015258789,86.4000015258789,86.4000015258789,3221,0.0,0.0
2025-12-31 02:55:00+00:00,86.4000015258789,86.4000015258789,86.30000305175781,86.4000015258789,12114,0.0,0.0
2025-12-31 03:05:00+00:00,86.5,87.0,86.5,87.0,49760,0.0,0.0
2025-12-31 03:10:00+00:00,87.0,87.0,87.0,87.0,4000,0.0,0.0
2025-12-31 03:15:00+00:00,86.9000015258789,86.9000015258789,86.9000015258789,86.9000015258789,6050,0.0,0.0
2025-12-31 03:20:00+00:00,86.9000015258789,86.9000015258789,86.9000015258789,86.9000015258789,1000,0.0,0.0
2025-12-31 03:25:00+00:00,86.9000015258789,86.9000015258789,86.9000015258789,86.9000015258789,15445,0.0,0.0
2025-12-31 03:35:00+00:00,86.9000015258789,86.9000015258789,86.80000305175781,86.80000305175781,5015,0.0,0.0
2025-12-31 03:40:00+00:00,86.69999694824219,86.9000015258789,86.69999694824219,86.9000015258789,3053,0.0,0.0
2025-12-31 03:50:00+00:00,86.80000305175781,86.80000305175781,86.80000305175781,86.80000305175781,5110,0.0,0.0
2025-12-31 03:55:00+00:00,86.69999694824219,86.69999694824219,86.5999984741211,86.5999984741211,8000,0.0,0.0
2025-12-31 04:00:00+00:00,86.5,86.5,86.5,86.5,6500,0.0,0.0
2025-12-31 04:05:00+00:00,86.5,86.5,86.5,86.5,5010,0.0,0.0
2025-12-31 04:10:00+00:00,86.5,86.5,86.5,86.5,6000,0.0,0.0
2025-12-31 04:15:00+00:00,86.5,86.5,86.4000015258789,86.4000015258789,9164,0.0,0.0
2025-12-31 04:20:00+00:00,86.4000015258789,86.4000015258789,86.4000015258789,86.4000015258789,1100,0.0,0.0
2025-12-31 04:25:00+00:00,86.5,86.5,86.5,86.5,8436,0.0,0.0
2025-12-31 04:30:00+00:00,86.5,86.5,86.5,86.5,7020,0.0,0.0
2025-12-31 04:35:00+00:00,86.5999984741211,86.5999984741211,86.5999984741211,86.5999984741211,2140,0.0,0.0
2025-12-31 04:40:00+00:00,86.5999984741211,86.5999984741211,86.5999984741211,86.5999984741211,6138,0.0,0.0
2025-12-31 04:45:00+00:00,86.5,86.5,86.4000015258789,86.5,11000,0.0,0.0
2025-12-31 04:50:00+00:00,86.5,86.69999694824219,86.5,86.5999984741211,20000,0.0,0.0
2025-12-31 04:55:00+00:00,86.5999984741211,86.5999984741211,86.5999984741211,86.5999984741211,2542,0.0,0.0
2025-12-31 05:00:00+00:00,86.5999984741211,86.5999984741211,86.5999984741211,86.5999984741211,5000,0.0,0.0
2025-12-31 05:05:00+00:00,86.69999694824219,86.69999694824219,86.69999694824219,86.69999694824219,1000,0.0,0.0
2025-12-31 05:10:00+00:00,86.69999694824219,86.69999694824219,86.69999694824219,86.69999694824219,7000,0.0,0.0
2025-12-31 05:15:00+00:00,86.69999694824219,86.69999694824219,86.5999984741211,86.5999984741211,26000,0.0,0.0
2025-12-31 05:20:00+00:00,86.5999984741211,86.80000305175781,86.5999984741211,86.69999694824219,22234,0.0,0.0
2026-01-02 01:00:00+00:00,86.5,87.0,86.5,86.69999694824219,0,0.0,0.0
2026-01-02 01:05:00+00:00,86.9000015258789,87.5999984741211,86.9000015258789,87.5999984741211,41010,0.0,0.0
2026-01-02 01:10:00+00:00,87.69999694824219,88.4000015258789,87.5,88.4000015258789,76318,0.0,0.0
2026-01-02 01:15:00+00:00,88.19999694824219,88.5999984741211,88.0999984741211,88.4000015258789,71050,0.0,0.0
2026-01-02 01:20:00+00:00,88.4000015258789,88.69999694824219,88.4000015258789,88.69999694824219,52640,0.0,0.0
2026-01-02 01:25:00+00:00,88.80000305175781,89.5,88.69999694824219,89.5,161974,0.0,0.0
2026-01-02 01:30:00+00:00,89.5,90.0,89.4000015258789,89.80000305175781,284446,0.0,0.0
2026-01-02 01:35:00+00:00,89.80000305175781,90.5,89.80000305175781,90.30000305175781,211683,0.0,0.0
2026-01-02 01:40:00+00:00,90.30000305175781,90.5999984741211,90.0999984741211,90.30000305175781,164483,0.0,0.0
2026-01-02 01:45:00+00:00,90.30000305175781,90.30000305175781,90.19999694824219,90.19999694824219,39891,0.0,0.0
2026-01-02 01:50:00+00:00,90.19999694824219,90.5,90.0,90.4000015258789,101271,0.0,0.0
2026-01-02 01:55:00+00:00,90.4000015258789,90.4000015258789,90.19999694824219,90.19999694824219,22068,0.0,0.0
2026-01-02 02:00:00+00:00,90.0999984741211,90.0999984741211,90.0,90.0999984741211,48543,0.0,0.0
2026-01-02 02:05:00+00:00,90.0999984741211,90.30000305175781,90.0999984741211,90.19999694824219,31260,0.0,0.0
2026-01-02 02:10:00+00:00,90.19999694824219,90.19999694824219,89.9000015258789,89.9000015258789,111360,0.0,0.0
2026-01-02 02:15:00+00:00,89.9000015258789,90.30000305175781,89.9000015258789,90.19999694824219,69200,0.0,0.0
2026-01-02 02:20:00+00:00,90.0999984741211,90.19999694824219,90.0999984741211,90.0999984741211,17797,0.0,0.0
2026-01-02 02:25:00+00:00,90.0999984741211,90.30000305175781,90.0999984741211,90.19999694824219,39240,0.0,0.0
2026-01-02 02:30:00+00:00,90.30000305175781,90.4000015258789,90.30000305175781,90.30000305175781,31200,0.0,0.0
2026-01-02 02:35:00+00:00,90.30000305175781,90.4000015258789,90.19999694824219,90.4000015258789,33195,0.0,0.0
2026-01-02 02:40:00+00:00,90.4000015258789,90.4000015258789,90.30000305175781,90.30000305175781,42190,0.0,0.0
2026-01-02 02:45:00+00:00,90.30000305175781,90.30000305175781,90.0999984741211,90.19999694824219,41009,0.0,0.0
2026-01-02 02:50:00+00:00,90.0999984741211,90.30000305175781,90.0999984741211,90.30000305175781,7445,0.0,0.0
2026-01-02 02:55:00+00:00,90.19999694824219,90.19999694824219,90.19999694824219,90.19999694824219,11502,0.0,0.0
2026-01-02 03:00:00+00:00,90.19999694824219,90.19999694824219,90.0999984741211,90.19999694824219,15140,0.0,0.0
2026-01-02 03:05:00+00:00,90.0999984741211,90.19999694824219,89.9000015258789,89.9000015258789,32219,0.0,0.0
2026-01-02 03:10:00+00:00,89.9000015258789,89.9000015258789,89.80000305175781,89.9000015258789,28122,0.0,0.0
2026-01-02 03:15:00+00:00,89.9000015258789,90.0,89.9000015258789,89.9000015258789,12140,0.0,0.0
2026-01-02 03:20:00+00:00,89.9000015258789,90.4000015258789,89.9000015258789,90.4000015258789,65183,0.0,0.0
2026-01-02 03:25:00+00:00,90.4000015258789,90.80000305175781,90.4000015258789,90.80000305175781,94543,0.0,0.0
2026-01-02 03:30:00+00:00,90.69999694824219,90.80000305175781,90.69999694824219,90.69999694824219,24530,0.0,0.0
2026-01-02 03:35:00+00:00,90.5999984741211,90.69999694824219,90.5999984741211,90.69999694824219,24005,0.0,0.0
2026-01-02 03:40:00+00:00,90.69999694824219,90.80000305175781,90.69999694824219,90.80000305175781,27230,0.0,0.0
2026-01-02 03:45:00+00:00,90.80000305175781,90.9000015258789,90.69999694824219,90.80000305175781,76598,0.0,0.0
2026-01-02 03:50:00+00:00,90.9000015258789,90.9000015258789,90.69999694824219,90.69999694824219,14578,0.0,0.0
2026-01-02 03:55:00+00:00,90.80000305175781,91.0999984741211,90.80000305175781,91.0,130547,0.0,0.0
2026-01-02 04:00:00+00:00,91.0999984741211,91.5999984741211,91.0,91.19999694824219,141335,0.0,0.0
2026-01-02 04:05:00+00:00,91.19999694824219,91.5,91.19999694824219,91.4000015258789,56136,0.0,0.0
2026-01-02 04:10:00+00:00,91.4000015258789,91.4000015258789,91.0999984741211,91.0999984741211,37255,0.0,0.0
2026-01-02 04:15:00+00:00,91.0,91.0,91.0,91.0,20864,0.0,0.0
2026-01-02 04:20:00+00:00,91.0999984741211,91.0999984741211,91.0,91.0,11365,0.0,0.0
2026-01-02 04:25:00+00:00,91.0,91.0,90.9000015258789,90.9000015258789,23835,0.0,0.0
2026-01-02 04:30:00+00:00,90.9000015258789,91.0,90.80000305175781,91.0,52081,0.0,0.0
2026-01-02 04:35:00+00:00,91.0999984741211,91.0999984741211,91.0999984741211,91.0999984741211,20323,0.0,0.0
2026-01-02 04:40:00+00:00,91.0,91.0999984741211,91.0,91.0999984741211,15410,0.0,0.0
2026-01-02 04:45:00+00:00,91.0999984741211,91.19999694824219,91.0999984741211,91.19999694824219,19228,0.0,0.0
2026-01-02 04:50:00+00:00,91.0999984741211,91.0999984741211,91.0,91.0999984741211,27863,0.0,0.0
2026-01-02 04:55:00+00:00,91.0999984741211,91.19999694824219,91.0999984741211,91.19999694824219,20554,0.0,0.0
2026-01-02 05:00:00+00:00,91.19999694824219,91.19999694824219,91.0,91.0,48258,0.0,0.0
2026-01-02 05:05:00+00:00,91.0,91.0,90.9000015258789,91.0,38840,0.0,0.0
2026-01-02 05:10:00+00:00,91.0,91.0999984741211,90.9000015258789,90.9000015258789,59130,0.0,0.0
2026-01-02 05:15:00+00:00,90.9000015258789,91.0,90.80000305175781,90.9000015258789,44569,0.0,0.0
2026-01-02 05:20:00+00:00,90.9000015258789,91.0,90.80000305175781,90.9000015258789,75837,0.0,0.0
2026-01-05 01:00:00+00:00,92.4000015258789,92.4000015258789,90.9000015258789,90.9000015258789,0,0.0,0.0
2026-01-05 01:05:00+00:00,90.9000015258789,91.0,90.0999984741211,90.19999694824219,89941,0.0,0.0
2026-01-05 01:10:00+00:00,90.19999694824219,90.19999694824219,89.80000305175781,90.19999694824219,172851,0.0,0.0
2026-01-05 01:15:00+00:00,90.30000305175781,91.0999984741211,90.30000305175781,90.5999984741211,99000,0.0,0.0
2026-01-05 01:20:00+00:00,90.5999984741211,90.5999984741211,90.0999984741211,90.19999694824219,37326,0.0,0.0
2026-01-05 01:25:00+00:00,90.0999984741211,90.19999694824219,89.69999694824219,89.69999694824219,106270,0.0,0.0
2026-01-05 01:30:00+00:00,89.5999984741211,89.80000305175781,89.5,89.69999694824219,71156,0.0,0.0
2026-01-05 01:35:00+00:00,89.5999984741211,90.0999984741211,89.5,90.0,74700,0.0,0.0
2026-01-05 01:40:00+00:00,90.0,90.0999984741211,90.0,90.0999984741211,31235,0.0,0.0
2026-01-05 01:45:00+00:00,90.0999984741211,90.19999694824219,90.0,90.0999984741211,28200,0.0,0.0
2026-01-05 01:50:00+00:00,90.0,90.0,89.5,89.5,107125,0.0,0.0
2026-01-05 01:55:00+00:00,89.5,89.5999984741211,89.30000305175781,89.4000015258789,49662,0.0,0.0
2026-01-05 02:00:00+00:00,89.4000015258789,89.4000015258789,89.0999984741211,89.19999694824219,39015,0.0,0.0
2026-01-05 02:05:00+00:00,89.19999694824219,89.19999694824219,88.9000015258789,88.9000015258789,80201,0.0,0.0
2026-01-05 02:10:00+00:00,89.0,89.19999694824219,89.0,89.19999694824219,8020,0.0,0.0
2026-01-05 02:15:00+00:00,89.0999984741211,89.19999694824219,89.0,89.19999694824219,12260,0.0,0.0
2026-01-05 02:20:00+00:00,89.19999694824219,89.19999694824219,89.0,89.0999984741211,35875,0.0,0.0
2026-01-05 02:25:00+00:00,89.0,89.0999984741211,89.0,89.0999984741211,10100,0.0,0.0
2026-01-05 02:30:00+00:00,89.0,89.0999984741211,89.0,89.0999984741211,28846,0.0,0.0
2026-01-05 02:35:00+00:00,89.0999984741211,89.0999984741211,88.80000305175781,88.9000015258789,85279,0.0,0.0
2026-01-05 02:40:00+00:00,89.0,89.0,88.9000015258789,88.9000015258789,9090,0.0,0.0
2026-01-05 02:45:00+00:00,88.9000015258789,88.9000015258789,88.80000305175781,88.80000305175781,20030,0.0,0.0
2026-01-05 02:50:00+00:00,88.9000015258789,89.0999984741211,88.9000015258789,89.0999984741211,9020,0.0,0.0
2026-01-05 02:55:00+00:00,89.0999984741211,89.4000015258789,89.0,89.4000015258789,14740,0.0,0.0
2026-01-05 03:00:00+00:00,89.30000305175781,89.30000305175781,89.30000305175781,89.30000305175781,11048,0.0,0.0
2026-01-05 03:05:00+00:00,89.19999694824219,89.19999694824219,89.0999984741211,89.0999984741211,21155,0.0,0.0
2026-01-05 03:10:00+00:00,89.0999984741211,89.0999984741211,89.0,89.0999984741211,6300,0.0,0.0
2026-01-05 03:15:00+00:00,89.19999694824219,89.19999694824219,89.19999694824219,89.19999694824219,1000,0.0,0.0
2026-01-05 03:20:00+00:00,89.19999694824219,89.19999694824219,89.19999694824219,89.19999694824219,19000,0.0,0.0
2026-01-05 03:25:00+00:00,89.19999694824219,89.19999694824219,89.19999694824219,89.19999694824219,1050,0.0,0.0
2026-01-05 03:30:00+00:00,89.19999694824219,89.30000305175781,89.19999694824219,89.30000305175781,12351,0.0,0.0
2026-01-05 03:35:00+00:00,89.4000015258789,89.4000015258789,89.4000015258789,89.4000015258789,2025,0.0,0.0
2026-01-05 03:40:00+00:00,89.30000305175781,89.30000305175781,89.19999694824219,89.19999694824219,13200,0.0,0.0
2026-01-05 03:45:00+00:00,89.30000305175781,89.30000305175781,89.0999984741211,89.0999984741211,18226,0.0,0.0
2026-01-05 03:50:00+00:00,89.19999694824219,89.19999694824219,89.19999694824219,89.19999694824219,22020,0.0,0.0
2026-01-05 03:55:00+00:00,89.0999984741211,89.0999984741211,89.0,89.0999984741211,69510,0.0,0.0
2026-01-05 04:00:00+00:00,89.0999984741211,89.0999984741211,89.0,89.0,70559,0.0,0.0
2026-01-05 04:05:00+00:00,88.9000015258789,88.9000015258789,88.9000015258789,88.9000015258789,12000,0.0,0.0
2026-01-05 04:10:00+00:00,88.9000015258789,88.9000015258789,88.9000015258789,88.9000015258789,3000,0.0,0.0
2026-01-05 04:15:00+00:00,88.9000015258789,88.9000015258789,88.80000305175781,88.80000305175781,32545,0.0,0.0
2026-01-05 04:20:00+00:00,88.9000015258789,88.9000015258789,88.9000015258789,88.9000015258789,13020,0.0,0.0
2026-01-05 04:25:00+00:00,88.9000015258789,88.9000015258789,88.9000015258789,88.9000015258789,11100,0.0,0.0
2026-01-05 04:30:00+00:00,89.0,89.0,88.9000015258789,89.0,5000,0.0,0.0
2026-01-05 04:35:00+00:00,89.0,89.0,88.9000015258789,88.9000015258789,3000,0.0,0.0
2026-01-05 04:40:00+00:00,88.9000015258789,88.9000015258789,88.9000015258789,88.9000015258789,12000,0.0,0.0
2026-01-05 04:45:00+00:00,88.9000015258789,89.0,88.9000015258789,88.9000015258789,9313,0.0,0.0
2026-01-05 04:50:00+00:00,88.9000015258789,89.0,88.9000015258789,89.0,6575,0.0,0.0
2026-01-05 04:55:00+00:00,89.0,89.5999984741211,89.0,89.4000015258789,47312,0.0,0.0
2026-01-05 05:00:00+00:00,89.4000015258789,89.5999984741211,89.4000015258789,89.5999984741211,17040,0.0,0.0
2026-01-05 05:05:00+00:00,89.5999984741211,89.5999984741211,89.4000015258789,89.5,16104,0.0,0.0
2026-01-05 05:10:00+00:00,89.5999984741211,89.5999984741211,89.30000305175781,89.30000305175781,27180,0.0,0.0
2026-01-05 05:15:00+00:00,89.4000015258789,89.5,89.30000305175781,89.5,26039,0.0,0.0
2026-01-05 05:20:00+00:00,89.5,89.5999984741211,89.5,89.5999984741211,42042,0.0,0.0
2026-01-06 01:00:00+00:00,89.9000015258789,89.9000015258789,89.19999694824219,89.19999694824219,0,0.0,0.0
2026-01-06 01:05:00+00:00,89.0999984741211,89.5999984741211,89.0,89.30000305175781,51000,0.0,0.0
2026-01-06 01:10:00+00:00,89.30000305175781,89.30000305175781,89.30000305175781,89.30000305175781,14594,0.0,0.0
2026-01-06 01:15:00+00:00,89.30000305175781,89.5,89.30000305175781,89.30000305175781,9060,0.0,0.0
2026-01-06 01:20:00+00:00,89.5,89.5,89.30000305175781,89.4000015258789,38142,0.0,0.0
2026-01-06 01:25:00+00:00,89.4000015258789,89.5999984741211,89.19999694824219,89.19999694824219,68049,0.0,0.0
2026-01-06 01:30:00+00:00,89.0,89.19999694824219,89.0,89.0,29659,0.0,0.0
2026-01-06 01:35:00+00:00,89.0,89.0,88.9000015258789,88.9000015258789,16272,0.0,0.0
2026-01-06 01:40:00+00:00,88.9000015258789,89.19999694824219,88.9000015258789,89.19999694824219,80041,0.0,0.0
2026-01-06 01:45:00+00:00,89.30000305175781,89.30000305175781,89.0999984741211,89.0999984741211,26030,0.0,0.0
2026-01-06 01:50:00+00:00,89.19999694824219,89.19999694824219,89.0,89.0999984741211,18100,0.0,0.0
2026-01-06 01:55:00+00:00,89.0999984741211,89.0999984741211,89.0999984741211,89.0999984741211,8670,0.0,0.0
2026-01-06 02:00:00+00:00,89.19999694824219,89.19999694824219,89.0999984741211,89.0999984741211,11130,0.0,0.0
2026-01-06 02:05:00+00:00,89.0,89.0999984741211,89.0,89.0999984741211,8000,0.0,0.0
2026-01-06 02:10:00+00:00,89.0999984741211,89.0999984741211,89.0,89.0999984741211,7100,0.0,0.0
2026-01-06 02:15:00+00:00,89.0,89.0,89.0,89.0,36200,0.0,0.0
2026-01-06 02:20:00+00:00,89.0,89.0,88.80000305175781,88.80000305175781,93612,0.0,0.0
2026-01-06 02:25:00+00:00,88.9000015258789,89.0,88.9000015258789,89.0,12000,0.0,0.0
2026-01-06 02:30:00+00:00,89.0,89.0,89.0,89.0,8000,0.0,0.0
2026-01-06 02:35:00+00:00,89.0,89.0,89.0,89.0,3010,0.0,0.0
2026-01-06 02:40:00+00:00,89.0,89.0,88.9000015258789,88.9000015258789,17022,0.0,0.0
2026-01-06 02:45:00+00:00,88.9000015258789,88.9000015258789,88.69999694824219,88.69999694824219,56240,0.0,0.0
2026-01-06 02:50:00+00:00,88.69999694824219,88.80000305175781,88.69999694824219,88.80000305175781,19860,0.0,0.0
2026-01-06 02:55:00+00:00,88.69999694824219,89.19999694824219,88.5999984741211,89.0999984741211,135095,0.0,0.0
2026-01-06 03:00:00+00:00,89.0999984741211,89.4000015258789,89.0,89.4000015258789,49000,0.0,0.0
2026-01-06 03:05:00+00:00,89.4000015258789,89.4000015258789,89.30000305175781,89.30000305175781,11000,0.0,0.0
2026-01-06 03:10:00+00:00,89.19999694824219,89.30000305175781,89.0999984741211,89.0999984741211,13350,0.0,0.0
2026-01-06 03:15:00+00:00,89.19999694824219,89.19999694824219,89.19999694824219,89.19999694824219,4000,0.0,0.0
2026-01-06 03:20:00+00:00,89.19999694824219,89.19999694824219,89.19999694824219,89.19999694824219,3010,0.0,0.0
2026-01-06 03:25:00+00:00,89.30000305175781,89.30000305175781,89.30000305175781,89.30000305175781,4124,0.0,0.0
2026-01-06 03:30:00+00:00,89.0999984741211,89.0999984741211,89.0,89.0,7030,0.0,0.0
2026-01-06 03:35:00+00:00,89.0999984741211,89.0999984741211,89.0999984741211,89.0999984741211,2070,0.0,0.0
2026-01-06 03:40:00+00:00,89.19999694824219,89.19999694824219,89.19999694824219,89.19999694824219,1000,0.0,0.0
2026-01-06 03:45:00+00:00,89.0999984741211,89.19999694824219,89.0999984741211,89.19999694824219,7583,0.0,0.0
2026-01-06 03:50:00+00:00,89.19999694824219,89.19999694824219,89.0999984741211,89.0999984741211,10000,0.0,0.0
2026-01-06 03:55:00+00:00,89.0999984741211,89.19999694824219,89.0999984741211,89.19999694824219,23001,0.0,0.0
2026-01-06 04:00:00+00:00,89.0999984741211,89.19999694824219,89.0999984741211,89.0999984741211,4728,0.0,0.0
2026-01-06 04:05:00+00:00,89.0999984741211,89.0999984741211,89.0999984741211,89.0999984741211,7000,0.0,0.0
2026-01-06 04:10:00+00:00,89.0999984741211,89.0999984741211,89.0,89.0,9062,0.0,0.0
2026-01-06 04:15:00+00:00,89.0,89.0,88.80000305175781,88.80000305175781,61319,0.0,0.0
2026-01-06 04:20:00+00:00,88.69999694824219,88.80000305175781,88.69999694824219,88.80000305175781,15000,0.0,0.0
2026-01-06 04:25:00+00:00,88.80000305175781,88.80000305175781,88.80000305175781,88.80000305175781,16313,0.0,0.0
2026-01-06 04:30:00+00:00,88.80000305175781,88.80000305175781,88.80000305175781,88.80000305175781,10757,0.0,0.0
2026-01-06 04:35:00+00:00,88.69999694824219,88.80000305175781,88.69999694824219,88.80000305175781,8000,0.0,0.0
2026-01-06 04:40:00+00:00,88.80000305175781,88.80000305175781,88.69999694824219,88.80000305175781,13634,0.0,0.0
2026-01-06 04:45:00+00:00,88.80000305175781,88.80000305175781,88.80000305175781,88.80000305175781,6011,0.0,0.0
2026-01-06 04:50:00+00:00,88.80000305175781,88.80000305175781,88.5999984741211,88.5999984741211,39105,0.0,0.0
2026-01-06 04:55:00+00:00,88.5999984741211,88.69999694824219,88.5999984741211,88.69999694824219,16131,0.0,0.0
2026-01-06 05:00:00+00:00,88.69999694824219,88.69999694824219,88.5999984741211,88.5999984741211,44000,0.0,0.0
2026-01-06 05:05:00+00:00,88.5999984741211,89.4000015258789,88.5999984741211,89.4000015258789,128068,0.0,0.0
2026-01-06 05:10:00+00:00,89.19999694824219,89.30000305175781,89.19999694824219,89.30000305175781,4000,0.0,0.0
2026-01-06 05:15:00+00:00,89.19999694824219,89.19999694824219,89.0999984741211,89.0999984741211,30002,0.0,0.0
2026-01-06 05:20:00+00:00,89.0999984741211,89.30000305175781,89.0,89.30000305175781,27675,0.0,0.0
2026-01-07 01:00:00+00:00,89.5,89.5,89.19999694824219,89.5,0,0.0,0.0
2026-01-07 01:05:00+00:00,89.5,90.80000305175781,89.5,90.69999694824219,127000,0.0,0.0
2026-01-07 01:10:00+00:00,90.5999984741211,90.5999984741211,90.19999694824219,90.4000015258789,56145,0.0,0.0
2026-01-07 01:15:00+00:00,90.30000305175781,90.30000305175781,89.69999694824219,89.69999694824219,22000,0.0,0.0
2026-01-07 01:20:00+00:00,89.80000305175781,89.80000305175781,89.5999984741211,89.69999694824219,16226,0.0,0.0
2026-01-07 01:25:00+00:00,89.9000015258789,90.0999984741211,89.9000015258789,89.9000015258789,62200,0.0,0.0
2026-01-07 01:30:00+00:00,89.80000305175781,90.0,89.69999694824219,89.69999694824219,34000,0.0,0.0
2026-01-07 01:35:00+00:00,89.69999694824219,89.80000305175781,89.69999694824219,89.69999694824219,16150,0.0,0.0
2026-01-07 01:40:00+00:00,89.5999984741211,90.30000305175781,89.5999984741211,90.30000305175781,83806,0.0,0.0
2026-01-07 01:45:00+00:00,90.30000305175781,90.5,90.30000305175781,90.30000305175781,65201,0.0,0.0
2026-01-07 01:50:00+00:00,90.30000305175781,90.4000015258789,90.19999694824219,90.30000305175781,34050,0.0,0.0
2026-01-07 01:55:00+00:00,90.19999694824219,91.9000015258789,90.0999984741211,91.9000015258789,297391,0.0,0.0
2026-01-07 02:00:00+00:00,91.69999694824219,91.69999694824219,90.9000015258789,90.9000015258789,64535,0.0,0.0
2026-01-07 02:05:00+00:00,90.9000015258789,90.9000015258789,90.5999984741211,90.5999984741211,23138,0.0,0.0
2026-01-07 02:10:00+00:00,90.5999984741211,90.80000305175781,90.4000015258789,90.4000015258789,43587,0.0,0.0
2026-01-07 02:15:00+00:00,90.4000015258789,90.4000015258789,90.19999694824219,90.4000015258789,9153,0.0,0.0
2026-01-07 02:20:00+00:00,90.4000015258789,90.4000015258789,90.4000015258789,90.4000015258789,1050,0.0,0.0
2026-01-07 02:25:00+00:00,90.4000015258789,90.4000015258789,90.4000015258789,90.4000015258789,2000,0.0,0.0
2026-01-07 02:30:00+00:00,90.4000015258789,91.0999984741211,90.30000305175781,91.0999984741211,78132,0.0,0.0
2026-01-07 02:35:00+00:00,91.0,91.30000305175781,90.80000305175781,90.80000305175781,50280,0.0,0.0
2026-01-07 02:40:00+00:00,90.80000305175781,90.80000305175781,90.69999694824219,90.69999694824219,5100,0.0,0.0
2026-01-07 02:45:00+00:00,90.69999694824219,91.0999984741211,90.69999694824219,90.9000015258789,27100,0.0,0.0
2026-01-07 02:50:00+00:00,90.9000015258789,91.19999694824219,90.9000015258789,91.0,33130,0.0,0.0
2026-01-07 02:55:00+00:00,91.0999984741211,91.0999984741211,91.0,91.0,10040,0.0,0.0
2026-01-07 03:00:00+00:00,91.0,91.30000305175781,91.0,91.19999694824219,63007,0.0,0.0
2026-01-07 03:05:00+00:00,91.0999984741211,91.0999984741211,90.9000015258789,90.9000015258789,23063,0.0,0.0
2026-01-07 03:10:00+00:00,91.0,91.0,91.0,91.0,3120,0.0,0.0
2026-01-07 03:15:00+00:00,91.0,91.0,90.9000015258789,91.0,8407,0.0,0.0
2026-01-07 03:20:00+00:00,91.0,91.0,90.80000305175781,90.80000305175781,10050,0.0,0.0
2026-01-07 03:25:00+00:00,90.80000305175781,90.80000305175781,90.80000305175781,90.80000305175781,1171,0.0,0.0
2026-01-07 03:30:00+00:00,90.80000305175781,90.80000305175781,90.80000305175781,90.80000305175781,2081,0.0,0.0
2026-01-07 03:35:00+00:00,90.9000015258789,90.9000015258789,90.9000015258789,90.9000015258789,2002,0.0,0.0
2026-01-07 03:40:00+00:00,90.9000015258789,90.9000015258789,90.69999694824219,90.69999694824219,15027,0.0,0.0
2026-01-07 03:45:00+00:00,90.80000305175781,90.80000305175781,90.5999984741211,90.5999984741211,6100,0.0,0.0
2026-01-07 03:50:00+00:00,90.5999984741211,90.5999984741211,90.5999984741211,90.5999984741211,14050,0.0,0.0
2026-01-07 03:55:00+00:00,90.69999694824219,90.69999694824219,90.5999984741211,90.69999694824219,9075,0.0,0.0
2026-01-07 04:05:00+00:00,90.69999694824219,90.69999694824219,90.5,90.5999984741211,15200,0.0,0.0
2026-01-07 04:10:00+00:00,90.5,90.5999984741211,90.5,90.5999984741211,3100,0.0,0.0
2026-01-07 04:15:00+00:00,90.5999984741211,90.5999984741211,90.5999984741211,90.5999984741211,7492,0.0,0.0
2026-01-07 04:20:00+00:00,90.5,90.5,90.4000015258789,90.4000015258789,23000,0.0,0.0
2026-01-07 04:25:00+00:00,90.4000015258789,90.4000015258789,90.19999694824219,90.19999694824219,26324,0.0,0.0
2026-01-07 04:30:00+00:00,90.0999984741211,90.0999984741211,89.9000015258789,89.9000015258789,28851,0.0,0.0
2026-01-07 04:35:00+00:00,89.9000015258789,89.9000015258789,89.80000305175781,89.80000305175781,15221,0.0,0.0
2026-01-07 04:40:00+00:00,89.9000015258789,90.0,89.9000015258789,90.0,3110,0.0,0.0
2026-01-07 04:45:00+00:00,90.0,90.0,89.9000015258789,89.9000015258789,13115,0.0,0.0
2026-01-07 04:50:00+00:00,89.9000015258789,90.0,89.9000015258789,90.0,10444,0.0,0.0
2026-01-07 04:55:00+00:00,90.0999984741211,90.0999984741211,90.0999984741211,90.0999984741211,5176,0.0,0.0
2026-01-07 05:00:00+00:00,90.0999984741211,90.19999694824219,90.0999984741211,90.19999694824219,4404,0.0,0.0
2026-01-07 05:05:00+00:00,90.19999694824219,90.19999694824219,90.0999984741211,90.19999694824219,13050,0.0,0.0
2026-01-07 05:10:00+00:00,90.0999984741211,90.19999694824219,90.0999984741211,90.19999694824219,8000,0.0,0.0
2026-01-07 05:15:00+00:00,90.0999984741211,90.0999984741211,90.0,90.0,23442,0.0,0.0
2026-01-07 05:20:00+00:00,90.0,90.19999694824219,90.0,90.19999694824219,27300,0.0,0.0
2026-01-08 01:00:00+00:00,92.69999694824219,94.0,92.0,93.0999984741211,0,0.0,0.0
2026-01-08 01:05:00+00:00,93.0999984741211,93.19999694824219,92.0,92.19999694824219,222000,0.0,0.0
2026-01-08 01:10:00+00:00,92.19999694824219,92.5,92.0999984741211,92.4000015258789,88241,0.0,0.0
2026-01-08 01:15:00+00:00,92.4000015258789,92.5,92.19999694824219,92.19999694824219,70316,0.0,0.0
2026-01-08 01:20:00+00:00,92.30000305175781,92.80000305175781,92.30000305175781,92.4000015258789,57762,0.0,0.0
2026-01-08 01:25:00+00:00,92.4000015258789,92.69999694824219,92.0999984741211,92.69999694824219,59723,0.0,0.0
2026-01-08 01:30:00+00:00,92.30000305175781,92.80000305175781,92.19999694824219,92.30000305175781,42859,0.0,0.0
2026-01-08 01:35:00+00:00,92.30000305175781,92.4000015258789,91.9000015258789,92.0999984741211,109481,0.0,0.0
2026-01-08 01:40:00+00:00,92.0,92.0999984741211,91.5999984741211,91.5999984741211,92261,0.0,0.0
2026-01-08 01:45:00+00:00,91.69999694824219,92.0,91.5999984741211,91.9000015258789,43395,0.0,0.0
2026-01-08 01:50:00+00:00,92.0,92.0,91.4000015258789,91.4000015258789,84472,0.0,0.0
2026-01-08 01:55:00+00:00,91.5,91.9000015258789,91.30000305175781,91.80000305175781,69638,0.0,0.0
2026-01-08 02:00:00+00:00,91.69999694824219,91.80000305175781,91.5999984741211,91.5999984741211,14102,0.0,0.0
2026-01-08 02:05:00+00:00,91.5,91.5999984741211,91.5,91.5999984741211,12370,0.0,0.0
2026-01-08 02:10:00+00:00,91.5999984741211,91.5999984741211,91.5999984741211,91.5999984741211,5000,0.0,0.0
2026-01-08 02:15:00+00:00,91.5999984741211,91.80000305175781,91.5999984741211,91.5999984741211,11370,0.0,0.0
2026-01-08 02:20:00+00:00,91.5999984741211,91.5999984741211,91.30000305175781,91.30000305175781,32172,0.0,0.0
2026-01-08 02:25:00+00:00,91.4000015258789,91.4000015258789,91.4000015258789,91.4000015258789,4959,0.0,0.0
2026-01-08 02:30:00+00:00,91.4000015258789,91.4000015258789,91.0,91.19999694824219,74012,0.0,0.0
2026-01-08 02:35:00+00:00,91.0999984741211,91.0999984741211,90.4000015258789,90.4000015258789,63568,0.0,0.0
2026-01-08 02:40:00+00:00,90.5,90.69999694824219,90.4000015258789,90.5999984741211,28450,0.0,0.0
2026-01-08 02:45:00+00:00,90.5999984741211,90.5999984741211,90.19999694824219,90.30000305175781,49365,0.0,0.0
2026-01-08 02:50:00+00:00,90.30000305175781,90.69999694824219,90.30000305175781,90.69999694824219,16095,0.0,0.0
2026-01-08 02:55:00+00:00,90.69999694824219,90.69999694824219,90.5,90.5999984741211,12070,0.0,0.0
2026-01-08 03:00:00+00:00,90.5,90.80000305175781,90.30000305175781,90.80000305175781,35454,0.0,0.0
2026-01-08 03:05:00+00:00,90.80000305175781,90.80000305175781,90.5999984741211,90.80000305175781,28000,0.0,0.0
2026-01-08 03:10:00+00:00,90.80000305175781,90.80000305175781,90.4000015258789,90.5,13028,0.0,0.0
2026-01-08 03:15:00+00:00,90.5999984741211,90.5999984741211,90.19999694824219,90.19999694824219,54188,0.0,0.0
2026-01-08 03:20:00+00:00,90.30000305175781,90.5,90.30000305175781,90.5,9000,0.0,0.0
2026-01-08 03:25:00+00:00,90.5,90.9000015258789,90.5,90.69999694824219,21000,0.0,0.0
2026-01-08 03:30:00+00:00,90.69999694824219,91.69999694824219,90.69999694824219,91.5,145794,0.0,0.0
2026-01-08 03:35:00+00:00,91.30000305175781,91.30000305175781,91.19999694824219,91.19999694824219,11000,0.0,0.0
2026-01-08 03:40:00+00:00,91.19999694824219,91.19999694824219,91.0,91.0,4030,0.0,0.0
2026-01-08 03:45:00+00:00,91.0,91.0999984741211,90.9000015258789,90.9000015258789,5000,0.0,0.0
2026-01-08 03:50:00+00:00,90.9000015258789,91.30000305175781,90.9000015258789,91.30000305175781,26550,0.0,0.0
2026-01-08 03:55:00+00:00,91.5,91.80000305175781,91.5,91.5999984741211,27856,0.0,0.0
2026-01-08 04:00:00+00:00,91.5999984741211,91.5999984741211,91.4000015258789,91.4000015258789,7063,0.0,0.0
2026-01-08 04:05:00+00:00,91.30000305175781,91.4000015258789,91.30000305175781,91.4000015258789,4000,0.0,0.0
2026-01-08 04:10:00+00:00,91.30000305175781,91.30000305175781,91.0999984741211,91.0999984741211,10900,0.0,0.0
2026-01-08 04:20:00+00:00,91.0999984741211,91.19999694824219,91.0999984741211,91.0999984741211,5007,0.0,0.0
2026-01-08 04:25:00+00:00,91.0999984741211,91.0999984741211,91.0999984741211,91.0999984741211,4193,0.0,0.0
2026-01-08 04:30:00+00:00,91.0999984741211,91.0999984741211,90.80000305175781,90.80000305175781,42015,0.0,0.0
2026-01-08 04:35:00+00:00,91.0999984741211,91.0999984741211,91.0,91.0,8011,0.0,0.0
2026-01-08 04:40:00+00:00,91.0,91.19999694824219,90.9000015258789,90.9000015258789,13000,0.0,0.0
2026-01-08 04:45:00+00:00,90.80000305175781,90.80000305175781,90.69999694824219,90.69999694824219,16058,0.0,0.0
2026-01-08 04:50:00+00:00,90.69999694824219,90.80000305175781,90.69999694824219,90.69999694824219,23100,0.0,0.0
2026-01-08 04:55:00+00:00,90.69999694824219,91.19999694824219,90.5999984741211,91.0999984741211,88413,0.0,0.0
2026-01-08 05:00:00+00:00,91.0999984741211,91.19999694824219,91.0999984741211,91.19999694824219,14161,0.0,0.0
2026-01-08 05:05:00+00:00,91.0999984741211,91.0999984741211,90.9000015258789,90.9000015258789,21267,0.0,0.0
2026-01-08 05:10:00+00:00,91.0,91.0,90.80000305175781,91.0,20121,0.0,0.0
2026-01-08 05:15:00+00:00,90.9000015258789,91.19999694824219,90.80000305175781,91.19999694824219,49000,0.0,0.0
2026-01-08 05:20:00+00:00,91.19999694824219,91.30000305175781,91.0,91.0,78697,0.0,0.0
2026-01-09 01:00:00+00:00,90.0,91.0,89.80000305175781,90.9000015258789,0,0.0,0.0
2026-01-09 01:05:00+00:00,90.80000305175781,90.80000305175781,90.5,90.5,7412,0.0,0.0
2026-01-09 01:10:00+00:00,90.30000305175781,90.69999694824219,90.30000305175781,90.69999694824219,36485,0.0,0.0
2026-01-09 01:15:00+00:00,90.5,90.5,90.30000305175781,90.30000305175781,28168,0.0,0.0
2026-01-09 01:20:00+00:00,90.19999694824219,90.19999694824219,89.4000015258789,89.5,88580,0.0,0.0
2026-01-09 01:25:00+00:00,89.5,89.5,88.80000305175781,88.80000305175781,160340,0.0,0.0
2026-01-09 01:30:00+00:00,88.9000015258789,89.5999984741211,88.9000015258789,89.4000015258789,61266,0.0,0.0
2026-01-09 01:35:00+00:00,89.4000015258789,89.80000305175781,89.4000015258789,89.80000305175781,15100,0.0,0.0
2026-01-09 01:40:00+00:00,89.80000305175781,90.0,89.80000305175781,90.0,22300,0.0,0.0
2026-01-09 01:45:00+00:00,90.0999984741211,90.0999984741211,90.0999984741211,90.0999984741211,3100,0.0,0.0
2026-01-09 01:50:00+00:00,90.19999694824219,90.30000305175781,90.19999694824219,90.30000305175781,15000,0.0,0.0
2026-01-09 01:55:00+00:00,90.4000015258789,90.4000015258789,90.19999694824219,90.19999694824219,22550,0.0,0.0
2026-01-09 02:00:00+00:00,90.0999984741211,90.0999984741211,90.0999984741211,90.0999984741211,11000,0.0,0.0
2026-01-09 02:05:00+00:00,90.19999694824219,90.19999694824219,90.19999694824219,90.19999694824219,8010,0.0,0.0
2026-01-09 02:10:00+00:00,90.19999694824219,90.19999694824219,90.19999694824219,90.19999694824219,5000,0.0,0.0
2026-01-09 02:15:00+00:00,90.19999694824219,90.30000305175781,90.19999694824219,90.30000305175781,17000,0.0,0.0
2026-01-09 02:20:00+00:00,90.4000015258789,90.4000015258789,90.19999694824219,90.19999694824219,20000,0.0,0.0
2026-01-09 02:25:00+00:00,90.30000305175781,90.4000015258789,90.30000305175781,90.4000015258789,2000,0.0,0.0
2026-01-09 02:30:00+00:00,90.4000015258789,90.69999694824219,90.4000015258789,90.5,17041,0.0,0.0
2026-01-09 02:35:00+00:00,90.5,91.0,90.4000015258789,90.69999694824219,53175,0.0,0.0
2026-01-09 02:40:00+00:00,90.9000015258789,91.69999694824219,90.9000015258789,91.69999694824219,42065,0.0,0.0
2026-01-09 02:45:00+00:00,91.5999984741211,92.0,91.30000305175781,91.9000015258789,104657,0.0,0.0
2026-01-09 02:50:00+00:00,91.9000015258789,92.0,91.69999694824219,91.80000305175781,25530,0.0,0.0
2026-01-09 02:55:00+00:00,91.69999694824219,92.19999694824219,91.69999694824219,92.19999694824219,122182,0.0,0.0
2026-01-09 03:00:00+00:00,92.19999694824219,93.30000305175781,92.19999694824219,93.0,204710,0.0,0.0
2026-01-09 03:05:00+00:00,93.0,93.0,92.5,92.69999694824219,51845,0.0,0.0
2026-01-09 03:10:00+00:00,92.5999984741211,92.69999694824219,92.5,92.69999694824219,82400,0.0,0.0
2026-01-09 03:15:00+00:00,92.69999694824219,92.80000305175781,92.5,92.5,31130,0.0,0.0
2026-01-09 03:20:00+00:00,92.5,92.80000305175781,92.4000015258789,92.69999694824219,32100,0.0,0.0
2026-01-09 03:25:00+00:00,92.5999984741211,92.69999694824219,92.5,92.5,56764,0.0,0.0
2026-01-09 03:30:00+00:00,92.4000015258789,92.5,92.4000015258789,92.5,28360,0.0,0.0
2026-01-09 03:35:00+00:00,92.5,92.5999984741211,92.5,92.5,16150,0.0,0.0
2026-01-09 03:40:00+00:00,92.5999984741211,92.69999694824219,92.5999984741211,92.69999694824219,18815,0.0,0.0
2026-01-09 03:45:00+00:00,92.5999984741211,92.5999984741211,92.5999984741211,92.5999984741211,17000,0.0,0.0
2026-01-09 03:50:00+00:00,92.5999984741211,92.5999984741211,92.30000305175781,92.30000305175781,40042,0.0,0.0
2026-01-09 03:55:00+00:00,92.30000305175781,92.30000305175781,92.30000305175781,92.30000305175781,28188,0.0,0.0
2026-01-09 04:00:00+00:00,92.19999694824219,92.19999694824219,92.0999984741211,92.0999984741211,14071,0.0,0.0
2026-01-09 04:05:00+00:00,92.0999984741211,92.0999984741211,91.9000015258789,92.0,32156,0.0,0.0
2026-01-09 04:10:00+00:00,92.0,92.0,91.9000015258789,91.9000015258789,35731,0.0,0.0
2026-01-09 04:15:00+00:00,91.9000015258789,92.0,91.9000015258789,92.0,13610,0.0,0.0
2026-01-09 04:20:00+00:00,92.0,92.0,91.9000015258789,91.9000015258789,8112,0.0,0.0
2026-01-09 04:25:00+00:00,92.0,92.0,91.9000015258789,91.9000015258789,8290,0.0,0.0
2026-01-09 04:30:00+00:00,91.9000015258789,91.9000015258789,91.9000015258789,91.9000015258789,18008,0.0,0.0
2026-01-09 04:35:00+00:00,91.9000015258789,91.9000015258789,91.80000305175781,91.9000015258789,6079,0.0,0.0
2026-01-09 04:40:00+00:00,91.9000015258789,91.9000015258789,91.9000015258789,91.9000015258789,2071,0.0,0.0
2026-01-09 04:45:00+00:00,91.9000015258789,91.9000015258789,91.5999984741211,91.5999984741211,38080,0.0,0.0
2026-01-09 04:50:00+00:00,91.5999984741211,91.69999694824219,91.5999984741211,91.69999694824219,13239,0.0,0.0
2026-01-09 04:55:00+00:00,91.69999694824219,91.69999694824219,91.5999984741211,91.69999694824219,22426,0.0,0.0
2026-01-09 05:00:00+00:00,91.69999694824219,91.69999694824219,91.5,91.5999984741211,31250,0.0,0.0
2026-01-09 05:05:00+00:00,91.5999984741211,91.5999984741211,91.5,91.5,18135,0.0,0.0
2026-01-09 05:10:00+00:00,91.5,91.5999984741211,91.5,91.5999984741211,15450,0.0,0.0
2026-01-09 05:15:00+00:00,91.5999984741211,91.5999984741211,91.4000015258789,91.5,29470,0.0,0.0
2026-01-09 05:20:00+00:00,91.5,92.30000305175781,91.4000015258789,92.0,80642,0.0,0.0
2026-01-12 01:00:00+00:00,93.0,93.0,92.19999694824219,92.30000305175781,0,0.0,0.0
2026-01-12 01:05:00+00:00,92.4000015258789,92.9000015258789,92.30000305175781,92.5,44500,0.0,0.0
2026-01-12 01:10:00+00:00,92.5,92.5,92.0999984741211,92.0999984741211,49910,0.0,0.0
2026-01-12 01:15:00+00:00,92.0999984741211,92.30000305175781,91.80000305175781,92.30000305175781,70953,0.0,0.0
2026-01-12 01:20:00+00:00,92.30000305175781,92.30000305175781,92.19999694824219,92.19999694824219,13227,0.0,0.0
2026-01-12 01:25:00+00:00,92.0999984741211,92.0999984741211,92.0,92.0,18005,0.0,0.0
2026-01-12 01:30:00+00:00,92.0,92.4000015258789,92.0,92.30000305175781,18107,0.0,0.0
2026-01-12 01:35:00+00:00,92.19999694824219,92.19999694824219,91.9000015258789,92.0,34690,0.0,0.0
2026-01-12 01:40:00+00:00,92.19999694824219,92.30000305175781,91.9000015258789,91.9000015258789,34704,0.0,0.0
2026-01-12 01:45:00+00:00,91.80000305175781,91.80000305175781,91.19999694824219,91.30000305175781,176020,0.0,0.0
2026-01-12 01:50:00+00:00,91.4000015258789,91.5999984741211,91.4000015258789,91.5999984741211,27491,0.0,0.0
2026-01-12 01:55:00+00:00,91.4000015258789,91.69999694824219,91.4000015258789,91.69999694824219,23310,0.0,0.0
2026-01-12 02:00:00+00:00,91.69999694824219,91.69999694824219,91.5,91.5,20000,0.0,0.0
2026-01-12 02:05:00+00:00,91.5,91.5999984741211,91.5,91.5,21100,0.0,0.0
2026-01-12 02:10:00+00:00,91.5,91.5,91.5,91.5,21093,0.0,0.0
2026-01-12 02:15:00+00:00,91.5999984741211,91.80000305175781,91.5999984741211,91.80000305175781,11050,0.0,0.0
2026-01-12 02:20:00+00:00,91.69999694824219,91.69999694824219,91.5,91.5,15010,0.0,0.0
2026-01-12 02:25:00+00:00,91.80000305175781,91.9000015258789,91.80000305175781,91.9000015258789,2065,0.0,0.0
2026-01-12 02:30:00+00:00,91.69999694824219,91.69999694824219,91.5,91.5999984741211,7571,0.0,0.0
2026-01-12 02:35:00+00:00,91.5999984741211,91.69999694824219,91.5999984741211,91.69999694824219,4000,0.0,0.0
2026-01-12 02:40:00+00:00,91.69999694824219,91.9000015258789,91.5,91.5999984741211,37000,0.0,0.0
2026-01-12 02:45:00+00:00,91.69999694824219,91.69999694824219,91.5,91.5,10200,0.0,0.0
2026-01-12 02:50:00+00:00,91.5,91.5999984741211,91.5,91.5,9082,0.0,0.0
2026-01-12 02:55:00+00:00,91.5999984741211,91.5999984741211,91.4000015258789,91.4000015258789,44135,0.0,0.0
2026-01-12 03:00:00+00:00,91.5,91.5999984741211,91.30000305175781,91.30000305175781,44918,0.0,0.0
2026-01-12 03:05:00+00:00,91.30000305175781,91.4000015258789,91.30000305175781,91.30000305175781,10051,0.0,0.0
2026-01-12 03:10:00+00:00,91.4000015258789,91.5,91.4000015258789,91.5,5011,0.0,0.0
2026-01-12 03:15:00+00:00,91.5,91.5,91.30000305175781,91.30000305175781,22109,0.0,0.0
2026-01-12 03:20:00+00:00,91.30000305175781,91.30000305175781,91.30000305175781,91.30000305175781,2150,0.0,0.0
2026-01-12 03:25:00+00:00,91.30000305175781,91.80000305175781,91.30000305175781,91.5999984741211,51050,0.0,0.0
2026-01-12 03:30:00+00:00,91.5,91.5999984741211,91.5,91.5999984741211,7000,0.0,0.0
2026-01-12 03:35:00+00:00,91.5999984741211,91.69999694824219,91.5999984741211,91.69999694824219,4220,0.0,0.0
2026-01-12 03:40:00+00:00,91.69999694824219,91.69999694824219,91.5999984741211,91.5999984741211,13032,0.0,0.0
2026-01-12 03:45:00+00:00,91.5999984741211,91.5999984741211,91.5,91.5,8100,0.0,0.0
2026-01-12 03:50:00+00:00,91.5,91.5,91.4000015258789,91.4000015258789,13100,0.0,0.0
2026-01-12 03:55:00+00:00,91.4000015258789,91.4000015258789,91.30000305175781,91.30000305175781,7020,0.0,0.0
2026-01-12 04:00:00+00:00,91.30000305175781,91.4000015258789,91.30000305175781,91.4000015258789,10260,0.0,0.0
2026-01-12 04:05:00+00:00,91.4000015258789,91.5,91.4000015258789,91.4000015258789,13430,0.0,0.0
2026-01-12 04:10:00+00:00,91.4000015258789,91.4000015258789,91.4000015258789,91.4000015258789,3500,0.0,0.0
2026-01-12 04:15:00+00:00,91.5,91.5999984741211,91.5,91.5999984741211,10000,0.0,0.0
2026-01-12 04:20:00+00:00,91.5999984741211,91.5999984741211,91.5999984741211,91.5999984741211,5100,0.0,0.0
2026-01-12 04:25:00+00:00,91.5999984741211,91.69999694824219,91.5,91.5999984741211,16134,0.0,0.0
2026-01-12 04:30:00+00:00,91.5999984741211,91.5999984741211,91.5,91.5,17350,0.0,0.0
2026-01-12 04:35:00+00:00,91.5999984741211,91.5999984741211,91.5,91.5,4463,0.0,0.0
2026-01-12 04:40:00+00:00,91.5,91.5999984741211,91.4000015258789,91.5999984741211,27442,0.0,0.0
2026-01-12 04:45:00+00:00,91.5,91.5999984741211,91.5,91.5999984741211,13300,0.0,0.0
2026-01-12 04:50:00+00:00,91.5999984741211,91.69999694824219,91.4000015258789,91.69999694824219,45586,0.0,0.0
2026-01-12 04:55:00+00:00,91.69999694824219,91.69999694824219,91.5,91.5,16095,0.0,0.0
2026-01-12 05:00:00+00:00,91.5,91.5,91.4000015258789,91.5,10420,0.0,0.0
2026-01-12 05:05:00+00:00,91.5,91.5999984741211,91.4000015258789,91.5,17010,0.0,0.0
2026-01-12 05:10:00+00:00,91.5999984741211,91.5999984741211,91.5,91.5999984741211,15066,0.0,0.0
2026-01-12 05:15:00+00:00,91.5999984741211,91.69999694824219,91.4000015258789,91.4000015258789,36447,0.0,0.0
2026-01-12 05:20:00+00:00,91.30000305175781,91.5,91.30000305175781,91.5,38973,0.0,0.0
2026-01-13 01:20:00+00:00,92.0999984741211,92.80000305175781,92.0999984741211,92.5,60525,0.0,0.0
2026-01-13 01:25:00+00:00,92.5,92.5,92.0,92.30000305175781,44793,0.0,0.0
2026-01-13 01:30:00+00:00,92.19999694824219,92.30000305175781,92.0,92.0,28316,0.0,0.0
2026-01-13 01:35:00+00:00,92.0,92.0,91.69999694824219,91.69999694824219,31070,0.0,0.0
2026-01-13 01:40:00+00:00,91.69999694824219,91.80000305175781,91.5999984741211,91.80000305175781,51150,0.0,0.0
2026-01-13 01:45:00+00:00,91.5999984741211,91.80000305175781,91.4000015258789,91.80000305175781,68640,0.0,0.0
2026-01-13 01:50:00+00:00,91.5999984741211,92.0,91.5,91.5,23260,0.0,0.0
2026-01-13 01:55:00+00:00,91.5,91.5,91.4000015258789,91.5,30420,0.0,0.0
2026-01-13 02:00:00+00:00,91.5,91.5,91.4000015258789,91.4000015258789,25909,0.0,0.0
2026-01-13 02:05:00+00:00,91.30000305175781,91.30000305175781,90.9000015258789,91.0,105981,0.0,0.0
2026-01-13 02:10:00+00:00,91.0,91.0999984741211,90.80000305175781,91.0,32220,0.0,0.0
2026-01-13 02:15:00+00:00,91.0999984741211,91.19999694824219,91.0,91.0,72000,0.0,0.0
2026-01-13 02:20:00+00:00,90.9000015258789,92.0999984741211,90.9000015258789,91.69999694824219,267500,0.0,0.0
2026-01-13 02:25:00+00:00,91.69999694824219,91.69999694824219,91.4000015258789,91.4000015258789,5300,0.0,0.0
2026-01-13 02:30:00+00:00,91.0,91.30000305175781,90.9000015258789,91.0999984741211,34000,0.0,0.0
2026-01-13 02:35:00+00:00,91.0,91.19999694824219,91.0,91.0,5002,0.0,0.0
2026-01-13 02:40:00+00:00,91.0999984741211,91.0999984741211,90.9000015258789,91.0,14531,0.0,0.0
2026-01-13 02:45:00+00:00,91.0,91.0,91.0,91.0,1000,0.0,0.0
2026-01-13 02:50:00+00:00,91.0,91.0,91.0,91.0,7000,0.0,0.0
2026-01-13 02:55:00+00:00,91.0999984741211,91.0999984741211,91.0,91.0,2060,0.0,0.0
2026-01-13 03:00:00+00:00,91.0999984741211,91.0999984741211,90.80000305175781,90.9000015258789,45896,0.0,0.0
2026-01-13 03:05:00+00:00,90.9000015258789,91.0,90.9000015258789,91.0,4000,0.0,0.0
2026-01-13 03:10:00+00:00,91.0,91.0,91.0,91.0,5258,0.0,0.0
2026-01-13 03:15:00+00:00,91.0,91.0,91.0,91.0,3000,0.0,0.0
2026-01-13 03:20:00+00:00,91.0,91.5999984741211,91.0,91.5999984741211,48834,0.0,0.0
2026-01-13 03:25:00+00:00,91.69999694824219,91.69999694824219,91.5999984741211,91.5999984741211,7000,0.0,0.0
2026-01-13 03:30:00+00:00,91.5,91.5,91.4000015258789,91.4000015258789,3000,0.0,0.0
2026-01-13 03:35:00+00:00,91.4000015258789,91.4000015258789,91.19999694824219,91.19999694824219,10000,0.0,0.0
2026-01-13 03:40:00+00:00,91.19999694824219,91.19999694824219,91.0999984741211,91.0999984741211,6000,0.0,0.0
2026-01-13 03:45:00+00:00,91.4000015258789,91.4000015258789,91.0999984741211,91.0999984741211,9350,0.0,0.0
2026-01-13 03:50:00+00:00,91.0999984741211,91.0999984741211,91.0999984741211,91.0999984741211,5170,0.0,0.0
2026-01-13 03:55:00+00:00,91.19999694824219,91.19999694824219,91.0999984741211,91.0999984741211,6593,0.0,0.0
2026-01-13 04:05:00+00:00,91.0999984741211,91.19999694824219,91.0999984741211,91.19999694824219,4000,0.0,0.0
2026-01-13 04:10:00+00:00,91.0999984741211,91.19999694824219,91.0999984741211,91.19999694824219,7329,0.0,0.0
2026-01-13 04:15:00+00:00,91.0999984741211,91.0999984741211,91.0999984741211,91.0999984741211,4000,0.0,0.0
2026-01-13 04:20:00+00:00,91.0999984741211,91.0999984741211,91.0,91.0,11100,0.0,0.0
2026-01-13 04:25:00+00:00,91.0999984741211,91.0999984741211,91.0,91.0,4000,0.0,0.0
2026-01-13 04:30:00+00:00,91.0,91.0999984741211,91.0,91.0999984741211,3000,0.0,0.0
2026-01-13 04:35:00+00:00,91.0999984741211,91.0999984741211,91.0999984741211,91.0999984741211,4395,0.0,0.0
2026-01-13 04:40:00+00:00,91.19999694824219,91.19999694824219,91.0999984741211,91.0999984741211,3000,0.0,0.0
2026-01-13 04:45:00+00:00,91.0999984741211,91.0999984741211,91.0,91.0999984741211,9000,0.0,0.0
2026-01-13 04:50:00+00:00,91.0999984741211,91.0999984741211,91.0,91.0,39000,0.0,0.0
2026-01-13 04:55:00+00:00,91.0,91.0,90.9000015258789,91.0,17523,0.0,0.0
2026-01-13 05:00:00+00:00,91.0,91.0,90.9000015258789,90.9000015258789,2110,0.0,0.0
2026-01-13 05:05:00+00:00,91.0999984741211,91.0999984741211,90.9000015258789,90.9000015258789,29100,0.0,0.0
2026-01-13 05:10:00+00:00,90.9000015258789,91.0999984741211,90.9000015258789,91.0999984741211,17054,0.0,0.0
2026-01-13 05:15:00+00:00,91.0999984741211,91.0999984741211,91.0,91.0,8575,0.0,0.0
2026-01-13 05:20:00+00:00,91.0,91.0,90.80000305175781,90.9000015258789,58325,0.0,0.0
2026-01-14 01:00:00+00:00,91.69999694824219,91.69999694824219,91.0999984741211,91.69999694824219,0,0.0,0.0
2026-01-14 01:05:00+00:00,91.69999694824219,91.9000015258789,91.30000305175781,91.30000305175781,28000,0.0,0.0
2026-01-14 01:10:00+00:00,91.4000015258789,91.9000015258789,91.4000015258789,91.80000305175781,29010,0.0,0.0
2026-01-14 01:15:00+00:00,91.9000015258789,92.9000015258789,91.9000015258789,92.5999984741211,158155,0.0,0.0
2026-01-14 01:20:00+00:00,92.5999984741211,93.19999694824219,92.19999694824219,92.9000015258789,312750,0.0,0.0
2026-01-14 01:25:00+00:00,92.80000305175781,93.0,92.5999984741211,92.80000305175781,47050,0.0,0.0
2026-01-14 01:30:00+00:00,92.80000305175781,93.0,92.5999984741211,92.9000015258789,103000,0.0,0.0
2026-01-14 01:35:00+00:00,92.9000015258789,93.4000015258789,92.9000015258789,93.0,323446,0.0,0.0
2026-01-14 01:40:00+00:00,93.0,93.0999984741211,93.0,93.0,49547,0.0,0.0
2026-01-14 01:45:00+00:00,93.0,93.0999984741211,92.69999694824219,92.69999694824219,24323,0.0,0.0
2026-01-14 01:50:00+00:00,92.69999694824219,93.4000015258789,92.69999694824219,93.0999984741211,97319,0.0,0.0
2026-01-14 01:55:00+00:00,93.19999694824219,93.30000305175781,93.0999984741211,93.19999694824219,59743,0.0,0.0
2026-01-14 02:00:00+00:00,93.19999694824219,93.30000305175781,92.9000015258789,93.0,67880,0.0,0.0
2026-01-14 02:05:00+00:00,93.0,93.0999984741211,93.0,93.0,19125,0.0,0.0
2026-01-14 02:10:00+00:00,93.0,93.0999984741211,92.9000015258789,92.9000015258789,54762,0.0,0.0
2026-01-14 02:15:00+00:00,92.9000015258789,92.9000015258789,92.80000305175781,92.9000015258789,20203,0.0,0.0
2026-01-14 02:20:00+00:00,92.9000015258789,93.0,92.9000015258789,93.0,17810,0.0,0.0
2026-01-14 02:25:00+00:00,93.0,93.0,92.9000015258789,92.9000015258789,21179,0.0,0.0
2026-01-14 02:30:00+00:00,92.9000015258789,93.19999694824219,92.9000015258789,93.0999984741211,82100,0.0,0.0
2026-01-14 02:35:00+00:00,93.19999694824219,93.19999694824219,93.0,93.0,25210,0.0,0.0
2026-01-14 02:40:00+00:00,93.0,93.0999984741211,93.0,93.0,9031,0.0,0.0
2026-01-14 02:45:00+00:00,93.0,93.0,92.9000015258789,92.9000015258789,5350,0.0,0.0
2026-01-14 02:50:00+00:00,92.9000015258789,93.19999694824219,92.9000015258789,93.0,42070,0.0,0.0
2026-01-14 02:55:00+00:00,92.9000015258789,93.0,92.9000015258789,93.0,17397,0.0,0.0
2026-01-14 03:00:00+00:00,93.0,93.19999694824219,93.0,93.19999694824219,17422,0.0,0.0
2026-01-14 03:05:00+00:00,93.19999694824219,93.19999694824219,93.0999984741211,93.0999984741211,16456,0.0,0.0
2026-01-14 03:10:00+00:00,93.0999984741211,93.0999984741211,93.0999984741211,93.0999984741211,22605,0.0,0.0
2026-01-14 03:15:00+00:00,93.0999984741211,93.19999694824219,93.0999984741211,93.19999694824219,14001,0.0,0.0
2026-01-14 03:20:00+00:00,93.0999984741211,93.19999694824219,93.0999984741211,93.19999694824219,21672,0.0,0.0
2026-01-14 03:25:00+00:00,93.19999694824219,93.30000305175781,93.0,93.0,42316,0.0,0.0
2026-01-14 03:30:00+00:00,93.0999984741211,93.0999984741211,93.0,93.0,16037,0.0,0.0
2026-01-14 03:35:00+00:00,93.0,93.0,93.0,93.0,1310,0.0,0.0
2026-01-14 03:40:00+00:00,93.0999984741211,93.19999694824219,93.0999984741211,93.0999984741211,11147,0.0,0.0
2026-01-14 03:45:00+00:00,93.0999984741211,93.0999984741211,93.0999984741211,93.0999984741211,7050,0.0,0.0
2026-01-14 03:50:00+00:00,93.0999984741211,93.0999984741211,93.0,93.0,8102,0.0,0.0
2026-01-14 03:55:00+00:00,93.0,93.0999984741211,93.0,93.0999984741211,19054,0.0,0.0
2026-01-14 04:00:00+00:00,93.0999984741211,93.19999694824219,93.0999984741211,93.0999984741211,13211,0.0,0.0
2026-01-14 04:05:00+00:00,93.0999984741211,93.0999984741211,93.0,93.0,2000,0.0,0.0
2026-01-14 04:10:00+00:00,93.0999984741211,93.0999984741211,93.0,93.0999984741211,7390,0.0,0.0
2026-01-14 04:15:00+00:00,93.0999984741211,93.19999694824219,93.0,93.19999694824219,20196,0.0,0.0
2026-01-14 04:20:00+00:00,93.19999694824219,93.19999694824219,93.0,93.0,46295,0.0,0.0
2026-01-14 04:25:00+00:00,93.0,93.19999694824219,92.9000015258789,93.0999984741211,28000,0.0,0.0
2026-01-14 04:30:00+00:00,93.0999984741211,93.0999984741211,93.0999984741211,93.0999984741211,4003,0.0,0.0
2026-01-14 04:35:00+00:00,93.0,93.19999694824219,93.0,93.0999984741211,20322,0.0,0.0
2026-01-14 04:40:00+00:00,93.0999984741211,93.0999984741211,93.0,93.0,21376,0.0,0.0
2026-01-14 04:45:00+00:00,93.0,93.0,92.9000015258789,93.0,20361,0.0,0.0
2026-01-14 04:50:00+00:00,93.0,93.0,92.9000015258789,92.9000015258789,12315,0.0,0.0
2026-01-14 04:55:00+00:00,92.9000015258789,92.9000015258789,92.80000305175781,92.80000305175781,33405,0.0,0.0
2026-01-14 05:00:00+00:00,92.9000015258789,92.9000015258789,92.9000015258789,92.9000015258789,18900,0.0,0.0
2026-01-14 05:05:00+00:00,92.80000305175781,92.9000015258789,92.80000305175781,92.80000305175781,8085,0.0,0.0
2026-01-14 05:10:00+00:00,92.9000015258789,93.0,92.80000305175781,92.80000305175781,50560,0.0,0.0
2026-01-14 05:15:00+00:00,92.9000015258789,92.9000015258789,92.80000305175781,92.9000015258789,13873,0.0,0.0
2026-01-14 05:20:00+00:00,92.9000015258789,93.0,92.9000015258789,92.9000015258789,47879,0.0,0.0
2026-01-15 01:00:00+00:00,93.0,93.0,92.5,92.5,0,0.0,0.0
2026-01-15 01:05:00+00:00,92.5,93.19999694824219,92.5,92.69999694824219,48849,0.0,0.0
2026-01-15 01:10:00+00:00,92.69999694824219,93.0,92.69999694824219,92.69999694824219,30400,0.0,0.0
2026-01-15 01:15:00+00:00,92.69999694824219,92.69999694824219,92.19999694824219,92.4000015258789,54712,0.0,0.0
2026-01-15 01:20:00+00:00,92.4000015258789,92.69999694824219,92.4000015258789,92.69999694824219,26202,0.0,0.0
2026-01-15 01:25:00+00:00,92.5,92.5,92.0999984741211,92.30000305175781,67100,0.0,0.0
2026-01-15 01:30:00+00:00,92.30000305175781,92.30000305175781,92.0,92.0,72476,0.0,0.0
2026-01-15 01:35:00+00:00,92.0,92.30000305175781,92.0,92.30000305175781,13050,0.0,0.0
2026-01-15 01:40:00+00:00,92.19999694824219,92.30000305175781,92.0999984741211,92.19999694824219,23500,0.0,0.0
2026-01-15 01:45:00+00:00,92.19999694824219,92.19999694824219,92.0,92.0,20100,0.0,0.0
2026-01-15 01:50:00+00:00,92.0,92.0999984741211,92.0,92.0,21296,0.0,0.0
2026-01-15 01:55:00+00:00,92.0999984741211,92.0999984741211,92.0,92.0,40750,0.0,0.0
2026-01-15 02:00:00+00:00,92.0,92.0,91.80000305175781,91.9000015258789,15802,0.0,0.0
2026-01-15 02:05:00+00:00,91.9000015258789,92.0,91.9000015258789,92.0,15195,0.0,0.0
2026-01-15 02:10:00+00:00,92.0,92.0,92.0,92.0,9000,0.0,0.0
2026-01-15 02:15:00+00:00,92.0,92.0,92.0,92.0,9000,0.0,0.0
2026-01-15 02:20:00+00:00,92.0,92.0,91.80000305175781,91.80000305175781,38455,0.0,0.0
2026-01-15 02:25:00+00:00,91.80000305175781,92.0,91.80000305175781,91.9000015258789,4346,0.0,0.0
2026-01-15 02:30:00+00:00,91.9000015258789,91.9000015258789,91.69999694824219,91.69999694824219,30506,0.0,0.0
2026-01-15 02:35:00+00:00,91.80000305175781,92.0999984741211,91.80000305175781,92.0999984741211,36210,0.0,0.0
2026-01-15 02:40:00+00:00,92.0999984741211,92.0999984741211,92.0,92.0,7176,0.0,0.0
2026-01-15 02:50:00+00:00,91.9000015258789,91.9000015258789,91.9000015258789,91.9000015258789,1000,0.0,0.0
2026-01-15 02:55:00+00:00,91.9000015258789,92.0,91.9000015258789,92.0,3325,0.0,0.0
2026-01-15 03:00:00+00:00,91.9000015258789,91.9000015258789,91.9000015258789,91.9000015258789,1000,0.0,0.0
2026-01-15 03:05:00+00:00,92.0,92.0,92.0,92.0,7130,0.0,0.0
2026-01-15 03:10:00+00:00,92.0999984741211,92.19999694824219,92.0,92.0999984741211,22575,0.0,0.0
2026-01-15 03:15:00+00:00,92.0999984741211,92.0999984741211,92.0999984741211,92.0999984741211,2113,0.0,0.0
2026-01-15 03:20:00+00:00,92.0999984741211,92.0999984741211,92.0999984741211,92.0999984741211,1000,0.0,0.0
2026-01-15 03:25:00+00:00,92.0999984741211,92.0999984741211,92.0999984741211,92.0999984741211,3010,0.0,0.0
2026-01-15 03:30:00+00:00,92.19999694824219,92.19999694824219,92.19999694824219,92.19999694824219,5049,0.0,0.0
2026-01-15 03:40:00+00:00,92.0999984741211,92.0999984741211,92.0999984741211,92.0999984741211,2308,0.0,0.0
2026-01-15 03:45:00+00:00,92.0999984741211,92.0999984741211,92.0,92.0,3002,0.0,0.0
2026-01-15 03:50:00+00:00,92.0999984741211,92.19999694824219,92.0,92.0,13200,0.0,0.0
2026-01-15 03:55:00+00:00,92.0999984741211,92.0999984741211,92.0999984741211,92.0999984741211,3048,0.0,0.0
2026-01-15 04:00:00+00:00,92.19999694824219,92.19999694824219,92.0999984741211,92.0999984741211,10010,0.0,0.0
2026-01-15 04:05:00+00:00,92.19999694824219,92.19999694824219,92.19999694824219,92.19999694824219,1031,0.0,0.0
2026-01-15 04:10:00+00:00,92.19999694824219,92.30000305175781,92.19999694824219,92.30000305175781,4046,0.0,0.0
2026-01-15 04:15:00+00:00,92.30000305175781,92.30000305175781,92.30000305175781,92.30000305175781,16023,0.0,0.0
2026-01-15 04:20:00+00:00,92.30000305175781,92.30000305175781,92.30000305175781,92.30000305175781,2010,0.0,0.0
2026-01-15 04:25:00+00:00,92.30000305175781,92.4000015258789,92.30000305175781,92.30000305175781,11128,0.0,0.0
2026-01-15 04:30:00+00:00,92.4000015258789,92.5,92.30000305175781,92.5,13167,0.0,0.0
2026-01-15 04:35:00+00:00,92.5,92.69999694824219,92.5,92.69999694824219,25104,0.0,0.0
2026-01-15 04:40:00+00:00,92.5999984741211,92.69999694824219,92.5,92.5999984741211,17200,0.0,0.0
2026-01-15 04:45:00+00:00,92.5999984741211,92.80000305175781,92.5999984741211,92.80000305175781,17216,0.0,0.0
2026-01-15 04:50:00+00:00,92.80000305175781,92.80000305175781,92.69999694824219,92.80000305175781,10384,0.0,0.0
2026-01-15 04:55:00+00:00,92.80000305175781,92.80000305175781,92.80000305175781,92.80000305175781,7000,0.0,0.0
2026-01-15 05:00:00+00:00,92.80000305175781,92.80000305175781,92.80000305175781,92.80000305175781,14300,0.0,0.0
2026-01-15 05:05:00+00:00,92.80000305175781,92.9000015258789,92.80000305175781,92.80000305175781,24863,0.0,0.0
2026-01-15 05:10:00+00:00,92.80000305175781,93.0,92.80000305175781,92.9000015258789,52439,0.0,0.0
2026-01-15 05:15:00+00:00,92.9000015258789,93.0999984741211,92.80000305175781,93.0,30535,0.0,0.0
2026-01-15 05:20:00+00:00,93.0,93.0,92.9000015258789,92.9000015258789,21539,0.0,0.0
2026-01-16 01:00:00+00:00,92.80000305175781,93.19999694824219,92.80000305175781,93.0999984741211,0,0.0,0.0
2026-01-16 01:05:00+00:00,93.0999984741211,93.0999984741211,92.80000305175781,92.80000305175781,53722,0.0,0.0
2026-01-16 01:10:00+00:00,92.5999984741211,92.5999984741211,92.19999694824219,92.30000305175781,36200,0.0,0.0
2026-01-16 01:15:00+00:00,92.30000305175781,92.4000015258789,92.19999694824219,92.19999694824219,26528,0.0,0.0
2026-01-16 01:20:00+00:00,92.19999694824219,92.4000015258789,92.0,92.0,41538,0.0,0.0
2026-01-16 01:25:00+00:00,92.0,92.0999984741211,91.9000015258789,91.9000015258789,52369,0.0,0.0
2026-01-16 01:30:00+00:00,91.9000015258789,91.9000015258789,91.80000305175781,91.80000305175781,36431,0.0,0.0
2026-01-16 01:35:00+00:00,91.80000305175781,91.9000015258789,91.69999694824219,91.69999694824219,25904,0.0,0.0
2026-01-16 01:40:00+00:00,91.69999694824219,91.80000305175781,91.5999984741211,91.5999984741211,40520,0.0,0.0
2026-01-16 01:45:00+00:00,91.69999694824219,91.80000305175781,91.69999694824219,91.69999694824219,17250,0.0,0.0
2026-01-16 01:50:00+00:00,91.69999694824219,91.69999694824219,91.69999694824219,91.69999694824219,12145,0.0,0.0
2026-01-16 01:55:00+00:00,91.5999984741211,91.5999984741211,91.30000305175781,91.30000305175781,79190,0.0,0.0
2026-01-16 02:00:00+00:00,91.5,91.5,91.5,91.5,8050,0.0,0.0
2026-01-16 02:05:00+00:00,91.5,91.5,91.4000015258789,91.4000015258789,14069,0.0,0.0
2026-01-16 02:10:00+00:00,91.5,91.5999984741211,91.5,91.5999984741211,12458,0.0,0.0
2026-01-16 02:15:00+00:00,91.5999984741211,91.69999694824219,91.5999984741211,91.5999984741211,18040,0.0,0.0
2026-01-16 02:20:00+00:00,91.69999694824219,91.69999694824219,91.69999694824219,91.69999694824219,1251,0.0,0.0
2026-01-16 02:25:00+00:00,91.69999694824219,91.69999694824219,91.69999694824219,91.69999694824219,5000,0.0,0.0
2026-01-16 02:30:00+00:00,91.80000305175781,91.80000305175781,91.80000305175781,91.80000305175781,6110,0.0,0.0
2026-01-16 02:35:00+00:00,91.80000305175781,91.80000305175781,91.30000305175781,91.30000305175781,91536,0.0,0.0
2026-01-16 02:40:00+00:00,91.4000015258789,91.5,91.4000015258789,91.5,9000,0.0,0.0
2026-01-16 02:45:00+00:00,91.5,91.69999694824219,91.5,91.5999984741211,10000,0.0,0.0
2026-01-16 02:50:00+00:00,91.5999984741211,91.5999984741211,91.5,91.5,19020,0.0,0.0
2026-01-16 02:55:00+00:00,91.5,91.5,91.30000305175781,91.30000305175781,81101,0.0,0.0
2026-01-16 03:00:00+00:00,91.30000305175781,91.4000015258789,91.30000305175781,91.4000015258789,10018,0.0,0.0
2026-01-16 03:05:00+00:00,91.4000015258789,91.4000015258789,91.0,91.0999984741211,197478,0.0,0.0
2026-01-16 03:10:00+00:00,91.0999984741211,91.19999694824219,91.0,91.0,59087,0.0,0.0
2026-01-16 03:15:00+00:00,91.0,91.0999984741211,90.4000015258789,90.80000305175781,126216,0.0,0.0
2026-01-16 03:20:00+00:00,90.80000305175781,90.80000305175781,90.80000305175781,90.80000305175781,17080,0.0,0.0
2026-01-16 03:25:00+00:00,90.69999694824219,90.69999694824219,90.69999694824219,90.69999694824219,27000,0.0,0.0
2026-01-16 03:30:00+00:00,90.69999694824219,90.80000305175781,90.69999694824219,90.69999694824219,16400,0.0,0.0
2026-01-16 03:35:00+00:00,90.5999984741211,90.69999694824219,90.5,90.5999984741211,58803,0.0,0.0
2026-01-16 03:40:00+00:00,90.5999984741211,90.69999694824219,90.5999984741211,90.5999984741211,31098,0.0,0.0
2026-01-16 03:45:00+00:00,90.69999694824219,90.80000305175781,90.69999694824219,90.69999694824219,14602,0.0,0.0
2026-01-16 03:50:00+00:00,90.80000305175781,91.0,90.80000305175781,90.80000305175781,14000,0.0,0.0
2026-01-16 03:55:00+00:00,90.80000305175781,90.80000305175781,90.80000305175781,90.80000305175781,5000,0.0,0.0
2026-01-16 04:00:00+00:00,90.69999694824219,90.80000305175781,90.69999694824219,90.69999694824219,12100,0.0,0.0
2026-01-16 04:05:00+00:00,90.5999984741211,90.5999984741211,90.5,90.5999984741211,31200,0.0,0.0
2026-01-16 04:10:00+00:00,90.5999984741211,90.5999984741211,90.5,90.5999984741211,14000,0.0,0.0
2026-01-16 04:15:00+00:00,90.5999984741211,90.69999694824219,90.5999984741211,90.5999984741211,26610,0.0,0.0
2026-01-16 04:20:00+00:00,90.5,90.5999984741211,90.4000015258789,90.4000015258789,101643,0.0,0.0
2026-01-16 04:25:00+00:00,90.30000305175781,90.4000015258789,90.30000305175781,90.4000015258789,54010,0.0,0.0
2026-01-16 04:30:00+00:00,90.4000015258789,90.5,90.4000015258789,90.4000015258789,10000,0.0,0.0
2026-01-16 04:35:00+00:00,90.4000015258789,90.5,90.30000305175781,90.30000305175781,40564,0.0,0.0
2026-01-16 04:40:00+00:00,90.4000015258789,90.4000015258789,90.30000305175781,90.4000015258789,32175,0.0,0.0
2026-01-16 04:45:00+00:00,90.4000015258789,90.5,90.30000305175781,90.5,14264,0.0,0.0
2026-01-16 04:50:00+00:00,90.5,90.5,90.4000015258789,90.4000015258789,12000,0.0,0.0
2026-01-16 04:55:00+00:00,90.4000015258789,90.5,90.4000015258789,90.5,45552,0.0,0.0
2026-01-16 05:00:00+00:00,90.5,90.5,90.4000015258789,90.5,28050,0.0,0.0
2026-01-16 05:05:00+00:00,90.4000015258789,90.4000015258789,90.4000015258789,90.4000015258789,6210,0.0,0.0
2026-01-16 05:10:00+00:00,90.4000015258789,90.4000015258789,90.30000305175781,90.4000015258789,36150,0.0,0.0
2026-01-16 05:15:00+00:00,90.4000015258789,90.69999694824219,90.4000015258789,90.69999694824219,28500,0.0,0.0
2026-01-16 05:20:00+00:00,90.69999694824219,90.80000305175781,90.5999984741211,90.5999984741211,57321,0.0,0.0
2026-01-19 01:00:00+00:00,91.0,91.0,90.0,90.4000015258789,0,0.0,0.0
2026-01-19 01:05:00+00:00,90.30000305175781,92.9000015258789,90.30000305175781,92.69999694824219,209700,0.0,0.0
2026-01-19 01:10:00+00:00,92.9000015258789,94.80000305175781,92.9000015258789,93.9000015258789,512592,0.0,0.0
2026-01-19 01:15:00+00:00,93.9000015258789,95.5,93.9000015258789,94.5999984741211,634827,0.0,0.0
2026-01-19 01:20:00+00:00,94.5999984741211,94.9000015258789,94.5,94.69999694824219,132883,0.0,0.0
2026-01-19 01:25:00+00:00,94.69999694824219,96.5999984741211,94.5999984741211,96.5,734689,0.0,0.0
2026-01-19 01:30:00+00:00,96.5,96.9000015258789,95.9000015258789,96.0,322092,0.0,0.0
2026-01-19 01:35:00+00:00,96.0,96.5,95.9000015258789,96.4000015258789,227650,0.0,0.0
2026-01-19 01:40:00+00:00,96.4000015258789,97.19999694824219,96.4000015258789,96.80000305175781,379350,0.0,0.0
2026-01-19 01:45:00+00:00,96.80000305175781,96.9000015258789,96.4000015258789,96.4000015258789,141662,0.0,0.0
2026-01-19 01:50:00+00:00,96.4000015258789,97.0,96.4000015258789,96.69999694824219,215208,0.0,0.0
2026-01-19 01:55:00+00:00,96.69999694824219,97.0,96.5999984741211,96.5999984741211,84382,0.0,0.0
2026-01-19 02:00:00+00:00,96.5999984741211,96.69999694824219,96.30000305175781,96.30000305175781,56675,0.0,0.0
2026-01-19 02:05:00+00:00,96.30000305175781,96.4000015258789,95.80000305175781,96.0,112318,0.0,0.0
2026-01-19 02:10:00+00:00,96.0,96.0,95.5999984741211,95.80000305175781,91240,0.0,0.0
2026-01-19 02:15:00+00:00,95.69999694824219,96.0999984741211,95.5999984741211,96.0,55131,0.0,0.0
2026-01-19 02:20:00+00:00,96.0,96.19999694824219,96.0,96.19999694824219,26175,0.0,0.0
2026-01-19 02:25:00+00:00,96.30000305175781,96.5,96.30000305175781,96.5,66244,0.0,0.0
2026-01-19 02:30:00+00:00,96.5,96.5,96.0,96.0,29467,0.0,0.0
2026-01-19 02:35:00+00:00,96.0999984741211,96.30000305175781,96.0,96.30000305175781,32530,0.0,0.0
2026-01-19 02:40:00+00:00,96.30000305175781,96.30000305175781,96.0,96.0999984741211,21589,0.0,0.0
2026-01-19 02:45:00+00:00,96.0999984741211,96.19999694824219,96.0999984741211,96.0999984741211,16175,0.0,0.0
2026-01-19 02:50:00+00:00,96.0999984741211,96.19999694824219,95.9000015258789,95.9000015258789,38901,0.0,0.0
2026-01-19 02:55:00+00:00,95.9000015258789,95.9000015258789,95.5999984741211,95.9000015258789,37724,0.0,0.0
2026-01-19 03:00:00+00:00,95.80000305175781,95.80000305175781,95.5999984741211,95.69999694824219,39066,0.0,0.0
2026-01-19 03:05:00+00:00,95.80000305175781,95.80000305175781,95.5,95.5,31318,0.0,0.0
2026-01-19 03:10:00+00:00,95.5,95.5999984741211,95.30000305175781,95.30000305175781,68137,0.0,0.0
2026-01-19 03:15:00+00:00,95.30000305175781,95.5,95.30000305175781,95.30000305175781,59105,0.0,0.0
2026-01-19 03:20:00+00:00,95.4000015258789,95.4000015258789,95.19999694824219,95.19999694824219,67444,0.0,0.0
2026-01-19 03:25:00+00:00,95.19999694824219,95.30000305175781,95.0999984741211,95.30000305175781,25478,0.0,0.0
2026-01-19 03:30:00+00:00,95.30000305175781,95.5,95.30000305175781,95.5,30503,0.0,0.0
2026-01-19 03:35:00+00:00,95.5,95.80000305175781,95.5,95.5999984741211,40767,0.0,0.0
2026-01-19 03:40:00+00:00,95.5999984741211,95.5999984741211,95.5,95.5,18242,0.0,0.0
2026-01-19 03:45:00+00:00,95.5,95.5999984741211,95.30000305175781,95.4000015258789,23300,0.0,0.0
2026-01-19 03:50:00+00:00,95.4000015258789,95.4000015258789,95.30000305175781,95.4000015258789,10206,0.0,0.0
2026-01-19 03:55:00+00:00,95.4000015258789,95.4000015258789,95.30000305175781,95.4000015258789,29991,0.0,0.0
2026-01-19 04:00:00+00:00,95.4000015258789,95.4000015258789,95.4000015258789,95.4000015258789,8113,0.0,0.0
2026-01-19 04:05:00+00:00,95.4000015258789,95.4000015258789,95.30000305175781,95.30000305175781,11050,0.0,0.0
2026-01-19 04:10:00+00:00,95.30000305175781,95.30000305175781,95.19999694824219,95.30000305175781,35805,0.0,0.0
2026-01-19 04:15:00+00:00,95.30000305175781,95.30000305175781,95.19999694824219,95.30000305175781,11759,0.0,0.0
2026-01-19 04:20:00+00:00,95.4000015258789,95.5999984741211,95.4000015258789,95.5999984741211,31368,0.0,0.0
2026-01-19 04:25:00+00:00,95.5999984741211,95.5999984741211,95.5,95.5,20551,0.0,0.0
2026-01-19 04:30:00+00:00,95.5,95.80000305175781,95.4000015258789,95.80000305175781,47019,0.0,0.0
2026-01-19 04:35:00+00:00,95.80000305175781,95.80000305175781,95.69999694824219,95.80000305175781,25363,0.0,0.0
2026-01-19 04:40:00+00:00,95.80000305175781,95.9000015258789,95.5999984741211,95.69999694824219,37287,0.0,0.0
2026-01-19 04:45:00+00:00,95.69999694824219,95.69999694824219,95.5999984741211,95.69999694824219,24249,0.0,0.0
2026-01-19 04:50:00+00:00,95.69999694824219,95.69999694824219,95.69999694824219,95.69999694824219,35378,0.0,0.0
2026-01-19 04:55:00+00:00,95.5999984741211,95.5999984741211,95.5,95.5999984741211,30549,0.0,0.0
2026-01-19 05:00:00+00:00,95.5999984741211,95.69999694824219,95.5,95.5999984741211,46318,0.0,0.0
2026-01-19 05:05:00+00:00,95.69999694824219,95.69999694824219,95.5999984741211,95.5999984741211,39345,0.0,0.0
2026-01-19 05:10:00+00:00,95.5999984741211,95.69999694824219,95.5999984741211,95.69999694824219,33201,0.0,0.0
2026-01-19 05:15:00+00:00,95.69999694824219,95.69999694824219,95.5999984741211,95.69999694824219,47945,0.0,0.0
2026-01-19 05:20:00+00:00,95.69999694824219,95.69999694824219,95.5999984741211,95.69999694824219,97816,0.0,0.0
2026-01-20 01:00:00+00:00,95.5,95.5,94.19999694824219,95.0,0,0.0,0.0
2026-01-20 01:05:00+00:00,95.0,97.19999694824219,94.80000305175781,97.19999694824219,262000,0.0,0.0
2026-01-20 01:10:00+00:00,97.0999984741211,97.5999984741211,96.5999984741211,97.0,470262,0.0,0.0
2026-01-20 01:15:00+00:00,97.0,97.0,96.0,96.19999694824219,151421,0.0,0.0
2026-01-20 01:20:00+00:00,96.0999984741211,96.4000015258789,96.0,96.0999984741211,67647,0.0,0.0
2026-01-20 01:25:00+00:00,96.0,96.0,95.5999984741211,95.69999694824219,51896,0.0,0.0
2026-01-20 01:30:00+00:00,95.69999694824219,95.69999694824219,95.30000305175781,95.4000015258789,60055,0.0,0.0
2026-01-20 01:35:00+00:00,95.4000015258789,95.5,95.19999694824219,95.30000305175781,41140,0.0,0.0
2026-01-20 01:40:00+00:00,95.5,95.5,95.0,95.0,40724,0.0,0.0
2026-01-20 01:45:00+00:00,94.9000015258789,95.19999694824219,94.9000015258789,95.0,20751,0.0,0.0
2026-01-20 01:50:00+00:00,95.0999984741211,95.4000015258789,95.0999984741211,95.4000015258789,34330,0.0,0.0
2026-01-20 01:55:00+00:00,95.30000305175781,95.5,95.0,95.0999984741211,60668,0.0,0.0
2026-01-20 02:00:00+00:00,95.0999984741211,95.0999984741211,94.69999694824219,94.80000305175781,73189,0.0,0.0
2026-01-20 02:05:00+00:00,94.80000305175781,94.80000305175781,94.5999984741211,94.69999694824219,42165,0.0,0.0
2026-01-20 02:10:00+00:00,94.80000305175781,94.9000015258789,94.80000305175781,94.80000305175781,19200,0.0,0.0
2026-01-20 02:15:00+00:00,94.80000305175781,95.0,94.80000305175781,95.0,27409,0.0,0.0
2026-01-20 02:20:00+00:00,95.0,95.0,94.9000015258789,94.9000015258789,39405,0.0,0.0
2026-01-20 02:25:00+00:00,95.0,95.0,94.69999694824219,94.69999694824219,49780,0.0,0.0
2026-01-20 02:30:00+00:00,94.9000015258789,94.9000015258789,94.9000015258789,94.9000015258789,3138,0.0,0.0
2026-01-20 02:35:00+00:00,94.9000015258789,95.4000015258789,94.9000015258789,95.19999694824219,42350,0.0,0.0
2026-01-20 02:40:00+00:00,95.0999984741211,95.19999694824219,95.0999984741211,95.0999984741211,10074,0.0,0.0
2026-01-20 02:45:00+00:00,95.19999694824219,95.19999694824219,95.0999984741211,95.0999984741211,17788,0.0,0.0
2026-01-20 02:50:00+00:00,95.0,95.0,94.9000015258789,94.9000015258789,35800,0.0,0.0
2026-01-20 02:55:00+00:00,94.9000015258789,94.9000015258789,94.9000015258789,94.9000015258789,6360,0.0,0.0
2026-01-20 03:00:00+00:00,94.9000015258789,94.9000015258789,94.69999694824219,94.80000305175781,17400,0.0,0.0
2026-01-20 03:05:00+00:00,94.69999694824219,95.0999984741211,94.5,95.0999984741211,150998,0.0,0.0
2026-01-20 03:10:00+00:00,95.0999984741211,95.0999984741211,94.9000015258789,94.9000015258789,10111,0.0,0.0
2026-01-20 03:15:00+00:00,94.80000305175781,94.9000015258789,94.80000305175781,94.9000015258789,5330,0.0,0.0
2026-01-20 03:20:00+00:00,94.9000015258789,94.9000015258789,94.9000015258789,94.9000015258789,1002,0.0,0.0
2026-01-20 03:25:00+00:00,95.0,95.0,94.80000305175781,94.80000305175781,10141,0.0,0.0
2026-01-20 03:30:00+00:00,94.80000305175781,94.9000015258789,94.80000305175781,94.9000015258789,14172,0.0,0.0
2026-01-20 03:35:00+00:00,94.9000015258789,94.9000015258789,94.69999694824219,94.69999694824219,18785,0.0,0.0
2026-01-20 03:40:00+00:00,94.80000305175781,94.80000305175781,94.69999694824219,94.80000305175781,19216,0.0,0.0
2026-01-20 03:45:00+00:00,94.69999694824219,94.69999694824219,94.30000305175781,94.30000305175781,113450,0.0,0.0
2026-01-20 03:50:00+00:00,94.30000305175781,94.4000015258789,94.19999694824219,94.4000015258789,18190,0.0,0.0
2026-01-20 03:55:00+00:00,94.4000015258789,94.4000015258789,94.30000305175781,94.4000015258789,14010,0.0,0.0
2026-01-20 04:00:00+00:00,94.4000015258789,94.4000015258789,94.19999694824219,94.30000305175781,26059,0.0,0.0
2026-01-20 04:05:00+00:00,94.30000305175781,94.30000305175781,94.19999694824219,94.19999694824219,6250,0.0,0.0
2026-01-20 04:10:00+00:00,94.30000305175781,94.4000015258789,94.19999694824219,94.4000015258789,16304,0.0,0.0
2026-01-20 04:15:00+00:00,94.30000305175781,94.4000015258789,94.30000305175781,94.4000015258789,30762,0.0,0.0
2026-01-20 04:20:00+00:00,94.30000305175781,94.30000305175781,94.30000305175781,94.30000305175781,5629,0.0,0.0
2026-01-20 04:25:00+00:00,94.30000305175781,94.5,94.30000305175781,94.5,27703,0.0,0.0
2026-01-20 04:30:00+00:00,94.5,94.5999984741211,94.4000015258789,94.5,22003,0.0,0.0
2026-01-20 04:35:00+00:00,94.5,94.5999984741211,94.5,94.5999984741211,13506,0.0,0.0
2026-01-20 04:40:00+00:00,94.5,94.5,94.19999694824219,94.19999694824219,65442,0.0,0.0
2026-01-20 04:45:00+00:00,94.30000305175781,94.30000305175781,94.0,94.19999694824219,164535,0.0,0.0
2026-01-20 04:50:00+00:00,94.19999694824219,94.19999694824219,94.0999984741211,94.19999694824219,11500,0.0,0.0
2026-01-20 04:55:00+00:00,94.19999694824219,94.19999694824219,94.19999694824219,94.19999694824219,14000,0.0,0.0
2026-01-20 05:00:00+00:00,94.19999694824219,94.19999694824219,94.0,94.0999984741211,51200,0.0,0.0
2026-01-20 05:05:00+00:00,94.0999984741211,94.19999694824219,94.0999984741211,94.19999694824219,21000,0.0,0.0
2026-01-20 05:10:00+00:00,94.19999694824219,94.4000015258789,94.0999984741211,94.4000015258789,37000,0.0,0.0
2026-01-20 05:15:00+00:00,94.4000015258789,94.4000015258789,94.0999984741211,94.19999694824219,59250,0.0,0.0
2026-01-20 05:20:00+00:00,94.0999984741211,94.19999694824219,94.0999984741211,94.0999984741211,73321,0.0,0.0
2026-01-21 01:00:00+00:00,93.5,93.5,93.0999984741211,93.4000015258789,0,0.0,0.0
2026-01-21 01:05:00+00:00,93.4000015258789,93.5,93.30000305175781,93.5,32000,0.0,0.0
2026-01-21 01:10:00+00:00,93.4000015258789,93.5,92.69999694824219,93.0,123021,0.0,0.0
2026-01-21 01:15:00+00:00,93.19999694824219,93.69999694824219,93.0999984741211,93.69999694824219,41381,0.0,0.0
2026-01-21 01:20:00+00:00,93.5999984741211,93.9000015258789,93.0999984741211,93.9000015258789,59182,0.0,0.0
2026-01-21 01:25:00+00:00,93.80000305175781,94.0,93.80000305175781,93.80000305175781,42597,0.0,0.0
2026-01-21 01:30:00+00:00,93.69999694824219,93.69999694824219,93.5,93.5,5100,0.0,0.0
2026-01-21 01:35:00+00:00,93.5999984741211,93.80000305175781,93.4000015258789,93.69999694824219,38620,0.0,0.0
2026-01-21 01:40:00+00:00,93.69999694824219,93.9000015258789,93.69999694824219,93.9000015258789,17000,0.0,0.0
2026-01-21 01:45:00+00:00,93.80000305175781,93.9000015258789,93.69999694824219,93.69999694824219,20000,0.0,0.0
2026-01-21 01:50:00+00:00,93.69999694824219,93.69999694824219,93.5999984741211,93.5999984741211,9300,0.0,0.0
2026-01-21 01:55:00+00:00,93.5999984741211,93.5999984741211,93.30000305175781,93.30000305175781,27621,0.0,0.0
2026-01-21 02:00:00+00:00,93.4000015258789,93.4000015258789,93.4000015258789,93.4000015258789,5157,0.0,0.0
2026-01-21 02:05:00+00:00,93.30000305175781,93.4000015258789,93.30000305175781,93.4000015258789,26653,0.0,0.0
2026-01-21 02:10:00+00:00,93.4000015258789,93.4000015258789,93.30000305175781,93.30000305175781,7255,0.0,0.0
2026-01-21 02:15:00+00:00,93.19999694824219,93.19999694824219,92.9000015258789,92.9000015258789,71645,0.0,0.0
2026-01-21 02:20:00+00:00,92.9000015258789,92.9000015258789,92.5,92.5,167878,0.0,0.0
2026-01-21 02:25:00+00:00,92.5999984741211,92.5999984741211,92.0,92.19999694824219,82208,0.0,0.0
2026-01-21 02:30:00+00:00,92.19999694824219,92.19999694824219,92.0999984741211,92.0999984741211,34454,0.0,0.0
2026-01-21 02:35:00+00:00,92.0999984741211,92.0999984741211,92.0,92.0,43210,0.0,0.0
2026-01-21 02:40:00+00:00,92.0,92.80000305175781,92.0,92.80000305175781,95210,0.0,0.0
2026-01-21 02:45:00+00:00,92.69999694824219,92.69999694824219,92.69999694824219,92.69999694824219,7041,0.0,0.0
2026-01-21 02:50:00+00:00,92.69999694824219,92.69999694824219,92.69999694824219,92.69999694824219,4500,0.0,0.0
2026-01-21 02:55:00+00:00,92.5999984741211,92.5999984741211,92.4000015258789,92.4000015258789,20050,0.0,0.0
2026-01-21 03:05:00+00:00,92.4000015258789,92.4000015258789,92.4000015258789,92.4000015258789,4000,0.0,0.0
2026-01-21 03:10:00+00:00,92.4000015258789,92.5,92.30000305175781,92.5,25200,0.0,0.0
2026-01-21 03:15:00+00:00,92.5999984741211,92.5999984741211,92.19999694824219,92.19999694824219,31315,0.0,0.0
2026-01-21 03:20:00+00:00,92.4000015258789,92.5,92.4000015258789,92.4000015258789,6030,0.0,0.0
2026-01-21 03:25:00+00:00,92.4000015258789,92.4000015258789,92.0999984741211,92.19999694824219,13075,0.0,0.0
2026-01-21 03:30:00+00:00,92.30000305175781,92.30000305175781,92.30000305175781,92.30000305175781,8253,0.0,0.0
2026-01-21 03:35:00+00:00,92.30000305175781,92.30000305175781,92.30000305175781,92.30000305175781,5148,0.0,0.0
2026-01-21 03:40:00+00:00,92.30000305175781,92.30000305175781,92.30000305175781,92.30000305175781,6025,0.0,0.0
2026-01-21 03:45:00+00:00,92.30000305175781,92.30000305175781,92.19999694824219,92.19999694824219,8000,0.0,0.0
2026-01-21 03:50:00+00:00,92.19999694824219,92.19999694824219,92.0999984741211,92.0999984741211,6100,0.0,0.0
2026-01-21 03:55:00+00:00,92.0999984741211,92.19999694824219,92.0,92.19999694824219,28200,0.0,0.0
2026-01-21 04:00:00+00:00,92.0999984741211,92.5,92.0999984741211,92.5,45400,0.0,0.0
2026-01-21 04:05:00+00:00,92.4000015258789,92.4000015258789,92.4000015258789,92.4000015258789,2090,0.0,0.0
2026-01-21 04:10:00+00:00,92.30000305175781,92.30000305175781,92.0,92.19999694824219,91453,0.0,0.0
2026-01-21 04:15:00+00:00,92.0,92.19999694824219,92.0,92.19999694824219,6000,0.0,0.0
2026-01-21 04:20:00+00:00,92.19999694824219,92.19999694824219,92.0,92.0,34000,0.0,0.0
2026-01-21 04:25:00+00:00,92.0,92.0999984741211,91.9000015258789,92.0,20214,0.0,0.0
2026-01-21 04:30:00+00:00,91.9000015258789,91.9000015258789,91.80000305175781,91.80000305175781,20020,0.0,0.0
2026-01-21 04:35:00+00:00,91.9000015258789,91.9000015258789,91.69999694824219,91.80000305175781,48710,0.0,0.0
2026-01-21 04:40:00+00:00,91.5999984741211,91.80000305175781,91.5,91.5999984741211,46889,0.0,0.0
2026-01-21 04:45:00+00:00,91.5999984741211,91.69999694824219,91.5999984741211,91.69999694824219,34216,0.0,0.0
2026-01-21 04:50:00+00:00,91.69999694824219,91.80000305175781,91.69999694824219,91.80000305175781,8581,0.0,0.0
2026-01-21 04:55:00+00:00,91.80000305175781,91.80000305175781,91.80000305175781,91.80000305175781,3436,0.0,0.0
2026-01-21 05:00:00+00:00,91.80000305175781,91.9000015258789,91.69999694824219,91.69999694824219,19164,0.0,0.0
2026-01-21 05:05:00+00:00,91.69999694824219,91.80000305175781,91.69999694824219,91.69999694824219,28092,0.0,0.0
2026-01-21 05:10:00+00:00,91.80000305175781,91.9000015258789,91.69999694824219,91.9000015258789,21265,0.0,0.0
2026-01-21 05:15:00+00:00,91.9000015258789,92.0,91.69999694824219,92.0,28260,0.0,0.0
2026-01-21 05:20:00+00:00,91.80000305175781,91.9000015258789,91.69999694824219,91.9000015258789,26560,0.0,0.0
2026-01-22 01:00:00+00:00,93.0999984741211,93.4000015258789,92.4000015258789,92.5999984741211,0,0.0,0.0
2026-01-22 01:05:00+00:00,92.5999984741211,93.0,92.5999984741211,92.80000305175781,37000,0.0,0.0
2026-01-22 01:10:00+00:00,92.80000305175781,93.30000305175781,92.80000305175781,93.19999694824219,59532,0.0,0.0
2026-01-22 01:15:00+00:00,93.19999694824219,93.30000305175781,93.0999984741211,93.19999694824219,26113,0.0,0.0
2026-01-22 01:20:00+00:00,93.19999694824219,93.4000015258789,92.9000015258789,93.4000015258789,70162,0.0,0.0
2026-01-22 01:25:00+00:00,93.30000305175781,93.80000305175781,93.30000305175781,93.5999984741211,77746,0.0,0.0
2026-01-22 01:30:00+00:00,93.5,93.5999984741211,93.0,93.0,20169,0.0,0.0
2026-01-22 01:35:00+00:00,93.0999984741211,93.0999984741211,92.80000305175781,93.0,51516,0.0,0.0
2026-01-22 01:40:00+00:00,93.0,93.0,92.80000305175781,92.80000305175781,27203,0.0,0.0
2026-01-22 01:45:00+00:00,92.80000305175781,92.80000305175781,92.5,92.5999984741211,29480,0.0,0.0
2026-01-22 01:50:00+00:00,92.5999984741211,92.69999694824219,92.5999984741211,92.69999694824219,7286,0.0,0.0
2026-01-22 01:55:00+00:00,92.5999984741211,92.5999984741211,92.5,92.5,20020,0.0,0.0
2026-01-22 02:00:00+00:00,92.5,92.5,92.4000015258789,92.4000015258789,25500,0.0,0.0
2026-01-22 02:05:00+00:00,92.4000015258789,92.5,92.19999694824219,92.30000305175781,45881,0.0,0.0
2026-01-22 02:10:00+00:00,92.5,92.5,92.4000015258789,92.4000015258789,5589,0.0,0.0
2026-01-22 02:15:00+00:00,92.4000015258789,92.5,92.4000015258789,92.5,19000,0.0,0.0
2026-01-22 02:20:00+00:00,92.4000015258789,92.4000015258789,92.30000305175781,92.30000305175781,17205,0.0,0.0
2026-01-22 02:25:00+00:00,92.30000305175781,92.69999694824219,92.30000305175781,92.69999694824219,12423,0.0,0.0
2026-01-22 02:30:00+00:00,92.69999694824219,92.69999694824219,92.5999984741211,92.5999984741211,4100,0.0,0.0
2026-01-22 02:35:00+00:00,92.4000015258789,92.4000015258789,92.30000305175781,92.30000305175781,21700,0.0,0.0
2026-01-22 02:40:00+00:00,92.30000305175781,92.4000015258789,92.30000305175781,92.30000305175781,28030,0.0,0.0
2026-01-22 02:45:00+00:00,92.30000305175781,92.30000305175781,92.19999694824219,92.19999694824219,22148,0.0,0.0
2026-01-22 02:50:00+00:00,92.0999984741211,92.19999694824219,92.0999984741211,92.19999694824219,4000,0.0,0.0
2026-01-22 02:55:00+00:00,92.0999984741211,92.19999694824219,92.0999984741211,92.19999694824219,18130,0.0,0.0
2026-01-22 03:00:00+00:00,92.19999694824219,92.30000305175781,92.19999694824219,92.30000305175781,12000,0.0,0.0
2026-01-22 03:05:00+00:00,92.30000305175781,92.30000305175781,91.69999694824219,92.19999694824219,117085,0.0,0.0
2026-01-22 03:10:00+00:00,92.0999984741211,92.0999984741211,91.80000305175781,92.0,9060,0.0,0.0
2026-01-22 03:15:00+00:00,92.0999984741211,92.0999984741211,92.0999984741211,92.0999984741211,4015,0.0,0.0
2026-01-22 03:20:00+00:00,92.0999984741211,92.19999694824219,92.0,92.0,37555,0.0,0.0
2026-01-22 03:25:00+00:00,92.0,92.0,92.0,92.0,1000,0.0,0.0
2026-01-22 03:30:00+00:00,92.0,92.0,91.9000015258789,91.9000015258789,16050,0.0,0.0
2026-01-22 03:35:00+00:00,92.0999984741211,92.0999984741211,92.0,92.0,15400,0.0,0.0
2026-01-22 03:40:00+00:00,92.0999984741211,92.0999984741211,92.0,92.0,34243,0.0,0.0
2026-01-22 03:45:00+00:00,92.0,92.0,91.80000305175781,92.0,21181,0.0,0.0
2026-01-22 03:50:00+00:00,92.0,92.0,92.0,92.0,4019,0.0,0.0
2026-01-22 03:55:00+00:00,92.0,92.0,92.0,92.0,30002,0.0,0.0
2026-01-22 04:00:00+00:00,92.0,92.0,91.9000015258789,91.9000015258789,36030,0.0,0.0
2026-01-22 04:05:00+00:00,91.80000305175781,91.80000305175781,91.4000015258789,91.5999984741211,193420,0.0,0.0
2026-01-22 04:10:00+00:00,91.5999984741211,91.5999984741211,91.5999984741211,91.5999984741211,2030,0.0,0.0
2026-01-22 04:15:00+00:00,91.80000305175781,91.80000305175781,91.69999694824219,91.80000305175781,16000,0.0,0.0
2026-01-22 04:20:00+00:00,91.9000015258789,91.9000015258789,91.69999694824219,91.9000015258789,8313,0.0,0.0
2026-01-22 04:25:00+00:00,91.9000015258789,91.9000015258789,91.69999694824219,91.80000305175781,12351,0.0,0.0
2026-01-22 04:30:00+00:00,91.80000305175781,91.9000015258789,91.69999694824219,91.9000015258789,20050,0.0,0.0
2026-01-22 04:35:00+00:00,91.9000015258789,92.0,91.80000305175781,91.80000305175781,50005,0.0,0.0
2026-01-22 04:40:00+00:00,91.9000015258789,91.9000015258789,91.9000015258789,91.9000015258789,6300,0.0,0.0
2026-01-22 04:45:00+00:00,91.9000015258789,91.9000015258789,91.9000015258789,91.9000015258789,13024,0.0,0.0
2026-01-22 04:50:00+00:00,92.0,92.0999984741211,91.80000305175781,91.80000305175781,16186,0.0,0.0
2026-01-22 04:55:00+00:00,91.80000305175781,91.80000305175781,91.80000305175781,91.80000305175781,10253,0.0,0.0
2026-01-22 05:00:00+00:00,91.9000015258789,91.9000015258789,91.9000015258789,91.9000015258789,9110,0.0,0.0
2026-01-22 05:05:00+00:00,91.9000015258789,91.9000015258789,91.9000015258789,91.9000015258789,11093,0.0,0.0
2026-01-22 05:10:00+00:00,92.0,92.0,91.9000015258789,91.9000015258789,29500,0.0,0.0
2026-01-22 05:15:00+00:00,91.9000015258789,92.0,91.9000015258789,92.0,22276,0.0,0.0
2026-01-22 05:20:00+00:00,92.0,92.0,91.80000305175781,91.9000015258789,50300,0.0,0.0
2026-01-23 01:00:00+00:00,92.0,92.5999984741211,92.0,92.19999694824219,0,0.0,0.0
2026-01-23 01:05:00+00:00,92.30000305175781,92.4000015258789,92.30000305175781,92.4000015258789,23000,0.0,0.0
2026-01-23 01:10:00+00:00,92.5,92.69999694824219,92.5,92.5,28202,0.0,0.0
2026-01-23 01:15:00+00:00,92.4000015258789,92.5,92.0999984741211,92.0999984741211,15412,0.0,0.0
2026-01-23 01:20:00+00:00,92.0,92.0,91.5,91.80000305175781,39459,0.0,0.0
2026-01-23 01:25:00+00:00,91.80000305175781,92.0,91.80000305175781,92.0,17000,0.0,0.0
2026-01-23 01:30:00+00:00,92.0,92.19999694824219,92.0,92.0,11337,0.0,0.0
2026-01-23 01:35:00+00:00,92.0,92.0,91.9000015258789,92.0,25000,0.0,0.0
2026-01-23 01:40:00+00:00,91.9000015258789,91.9000015258789,91.80000305175781,91.80000305175781,12265,0.0,0.0
2026-01-23 01:45:00+00:00,91.80000305175781,91.80000305175781,91.30000305175781,91.4000015258789,36072,0.0,0.0
2026-01-23 01:50:00+00:00,91.4000015258789,91.4000015258789,91.4000015258789,91.4000015258789,2284,0.0,0.0
2026-01-23 01:55:00+00:00,91.5,91.5,91.5,91.5,3027,0.0,0.0
2026-01-23 02:00:00+00:00,91.5,91.69999694824219,91.5,91.69999694824219,3730,0.0,0.0
2026-01-23 02:05:00+00:00,91.69999694824219,91.9000015258789,91.69999694824219,91.9000015258789,8149,0.0,0.0
2026-01-23 02:10:00+00:00,91.80000305175781,91.80000305175781,91.69999694824219,91.69999694824219,11012,0.0,0.0
2026-01-23 02:15:00+00:00,91.5999984741211,91.5999984741211,91.4000015258789,91.5,39000,0.0,0.0
2026-01-23 02:20:00+00:00,91.5,91.5999984741211,91.5,91.5999984741211,5010,0.0,0.0
2026-01-23 02:25:00+00:00,91.5999984741211,91.5999984741211,91.5,91.5999984741211,14050,0.0,0.0
2026-01-23 02:30:00+00:00,91.5,91.5,91.4000015258789,91.4000015258789,9119,0.0,0.0
2026-01-23 02:35:00+00:00,91.4000015258789,91.5999984741211,91.4000015258789,91.5999984741211,52481,0.0,0.0
2026-01-23 02:40:00+00:00,91.69999694824219,91.69999694824219,91.5999984741211,91.5999984741211,10010,0.0,0.0
2026-01-23 02:45:00+00:00,91.5999984741211,91.69999694824219,91.5999984741211,91.69999694824219,8100,0.0,0.0
2026-01-23 02:55:00+00:00,91.69999694824219,91.69999694824219,91.69999694824219,91.69999694824219,4094,0.0,0.0
2026-01-23 03:00:00+00:00,91.69999694824219,91.9000015258789,91.69999694824219,91.9000015258789,7000,0.0,0.0
2026-01-23 03:05:00+00:00,91.9000015258789,91.9000015258789,91.9000015258789,91.9000015258789,1000,0.0,0.0
2026-01-23 03:10:00+00:00,91.80000305175781,91.80000305175781,91.80000305175781,91.80000305175781,4000,0.0,0.0
2026-01-23 03:15:00+00:00,91.80000305175781,91.80000305175781,91.80000305175781,91.80000305175781,5004,0.0,0.0
2026-01-23 03:20:00+00:00,91.80000305175781,91.80000305175781,91.69999694824219,91.69999694824219,2000,0.0,0.0
2026-01-23 03:25:00+00:00,91.69999694824219,91.69999694824219,91.5999984741211,91.5999984741211,11317,0.0,0.0
2026-01-23 03:30:00+00:00,91.5999984741211,91.5999984741211,91.5999984741211,91.5999984741211,1500,0.0,0.0
2026-01-23 03:35:00+00:00,91.5999984741211,91.5999984741211,91.5999984741211,91.5999984741211,4500,0.0,0.0
2026-01-23 03:40:00+00:00,91.5999984741211,91.5999984741211,91.5999984741211,91.5999984741211,9500,0.0,0.0
2026-01-23 03:45:00+00:00,91.5999984741211,91.5999984741211,91.30000305175781,91.4000015258789,82440,0.0,0.0
2026-01-23 03:50:00+00:00,91.30000305175781,91.30000305175781,91.19999694824219,91.19999694824219,11184,0.0,0.0
2026-01-23 03:55:00+00:00,91.19999694824219,91.19999694824219,91.0999984741211,91.19999694824219,30118,0.0,0.0
2026-01-23 04:00:00+00:00,91.19999694824219,91.30000305175781,91.0,91.30000305175781,16000,0.0,0.0
2026-01-23 04:05:00+00:00,91.19999694824219,91.19999694824219,91.0999984741211,91.19999694824219,10061,0.0,0.0
2026-01-23 04:10:00+00:00,91.19999694824219,91.30000305175781,90.80000305175781,90.9000015258789,121342,0.0,0.0
2026-01-23 04:15:00+00:00,90.9000015258789,90.9000015258789,90.9000015258789,90.9000015258789,12060,0.0,0.0
2026-01-23 04:20:00+00:00,91.0,91.0,91.0,91.0,2122,0.0,0.0
2026-01-23 04:25:00+00:00,91.0,91.0,90.80000305175781,90.80000305175781,18010,0.0,0.0
2026-01-23 04:30:00+00:00,90.80000305175781,90.9000015258789,90.80000305175781,90.80000305175781,22993,0.0,0.0
2026-01-23 04:35:00+00:00,90.80000305175781,90.80000305175781,90.69999694824219,90.69999694824219,6100,0.0,0.0
2026-01-23 04:40:00+00:00,90.80000305175781,90.9000015258789,90.80000305175781,90.9000015258789,9709,0.0,0.0
2026-01-23 04:45:00+00:00,90.80000305175781,90.80000305175781,90.80000305175781,90.80000305175781,9570,0.0,0.0
2026-01-23 04:50:00+00:00,90.80000305175781,91.0,90.80000305175781,91.0,27010,0.0,0.0
2026-01-23 04:55:00+00:00,91.19999694824219,91.5,91.0999984741211,91.5,14300,0.0,0.0
2026-01-23 05:00:00+00:00,91.4000015258789,91.4000015258789,91.30000305175781,91.30000305175781,8050,0.0,0.0
2026-01-23 05:05:00+00:00,91.30000305175781,91.30000305175781,91.30000305175781,91.30000305175781,13504,0.0,0.0
2026-01-23 05:10:00+00:00,91.4000015258789,91.4000015258789,91.30000305175781,91.30000305175781,22300,0.0,0.0
2026-01-23 05:15:00+00:00,91.30000305175781,91.4000015258789,91.19999694824219,91.19999694824219,23000,0.0,0.0
2026-01-23 05:20:00+00:00,91.30000305175781,91.4000015258789,91.19999694824219,91.30000305175781,39150,0.0,0.0
2026-01-26 01:00:00+00:00,91.30000305175781,92.69999694824219,91.30000305175781,92.30000305175781,0,0.0,0.0
2026-01-26 01:05:00+00:00,92.4000015258789,92.5,91.5999984741211,91.5999984741211,42200,0.0,0.0
2026-01-26 01:10:00+00:00,91.5999984741211,91.80000305175781,91.5999984741211,91.5999984741211,11683,0.0,0.0
2026-01-26 01:15:00+00:00,91.69999694824219,91.69999694824219,91.69999694824219,91.69999694824219,2000,0.0,0.0
2026-01-26 01:20:00+00:00,91.69999694824219,91.9000015258789,91.5999984741211,91.9000015258789,9000,0.0,0.0
2026-01-26 01:25:00+00:00,92.0,92.0,91.5,91.5,36505,0.0,0.0
2026-01-26 01:30:00+00:00,91.5,91.5,91.0,91.30000305175781,113901,0.0,0.0
2026-01-26 01:35:00+00:00,91.19999694824219,91.4000015258789,91.19999694824219,91.30000305175781,11322,0.0,0.0
2026-01-26 01:40:00+00:00,91.69999694824219,92.19999694824219,91.69999694824219,91.9000015258789,30018,0.0,0.0
2026-01-26 01:45:00+00:00,91.80000305175781,91.80000305175781,91.30000305175781,91.30000305175781,29537,0.0,0.0
2026-01-26 01:50:00+00:00,91.30000305175781,91.4000015258789,91.0999984741211,91.0999984741211,61396,0.0,0.0
2026-01-26 01:55:00+00:00,91.19999694824219,91.19999694824219,91.19999694824219,91.19999694824219,13370,0.0,0.0
2026-01-26 02:00:00+00:00,91.4000015258789,91.4000015258789,91.19999694824219,91.19999694824219,10036,0.0,0.0
2026-01-26 02:05:00+00:00,91.0999984741211,91.19999694824219,91.0999984741211,91.19999694824219,3261,0.0,0.0
2026-01-26 02:10:00+00:00,91.19999694824219,91.19999694824219,91.19999694824219,91.19999694824219,6000,0.0,0.0
2026-01-26 02:15:00+00:00,91.30000305175781,91.4000015258789,91.19999694824219,91.4000015258789,8486,0.0,0.0
2026-01-26 02:20:00+00:00,91.4000015258789,91.80000305175781,91.4000015258789,91.80000305175781,27558,0.0,0.0
2026-01-26 02:25:00+00:00,91.69999694824219,91.80000305175781,91.69999694824219,91.69999694824219,6080,0.0,0.0
2026-01-26 02:30:00+00:00,91.69999694824219,91.69999694824219,91.69999694824219,91.69999694824219,6000,0.0,0.0
2026-01-26 02:35:00+00:00,91.69999694824219,92.0,91.69999694824219,92.0,16002,0.0,0.0
2026-01-26 02:40:00+00:00,92.0,92.0,91.69999694824219,91.69999694824219,3000,0.0,0.0
2026-01-26 02:45:00+00:00,91.69999694824219,91.9000015258789,91.69999694824219,91.9000015258789,10894,0.0,0.0
2026-01-26 02:50:00+00:00,91.9000015258789,91.9000015258789,91.69999694824219,91.69999694824219,6150,0.0,0.0
2026-01-26 02:55:00+00:00,91.69999694824219,91.69999694824219,91.5,91.5,65300,0.0,0.0
2026-01-26 03:00:00+00:00,91.5,91.5,91.5,91.5,5000,0.0,0.0
2026-01-26 03:05:00+00:00,91.5999984741211,91.69999694824219,91.5999984741211,91.69999694824219,2266,0.0,0.0
2026-01-26 03:10:00+00:00,91.69999694824219,91.80000305175781,91.69999694824219,91.80000305175781,6228,0.0,0.0
2026-01-26 03:15:00+00:00,91.69999694824219,91.69999694824219,91.5,91.5,5264,0.0,0.0
2026-01-26 03:20:00+00:00,91.5999984741211,91.5999984741211,91.19999694824219,91.19999694824219,35002,0.0,0.0
2026-01-26 03:25:00+00:00,91.30000305175781,91.5,91.30000305175781,91.5,2250,0.0,0.0
2026-01-26 03:30:00+00:00,91.30000305175781,91.30000305175781,91.19999694824219,91.19999694824219,5000,0.0,0.0
2026-01-26 03:35:00+00:00,91.5,91.5,91.5,91.5,2000,0.0,0.0
2026-01-26 03:40:00+00:00,91.5,91.5999984741211,91.30000305175781,91.30000305175781,15000,0.0,0.0
2026-01-26 03:45:00+00:00,91.5,91.5999984741211,91.5,91.5,11050,0.0,0.0
2026-01-26 03:50:00+00:00,91.5,91.5,91.4000015258789,91.5,7100,0.0,0.0
2026-01-26 03:55:00+00:00,91.5,91.5,91.5,91.5,1000,0.0,0.0
2026-01-26 04:00:00+00:00,91.5,91.5,91.5,91.5,1100,0.0,0.0
2026-01-26 04:05:00+00:00,91.5999984741211,91.69999694824219,91.5999984741211,91.69999694824219,4000,0.0,0.0
2026-01-26 04:10:00+00:00,91.69999694824219,91.69999694824219,91.5999984741211,91.5999984741211,6000,0.0,0.0
2026-01-26 04:15:00+00:00,91.5999984741211,91.69999694824219,91.5999984741211,91.69999694824219,7251,0.0,0.0
2026-01-26 04:20:00+00:00,91.5999984741211,91.69999694824219,91.5999984741211,91.5999984741211,5050,0.0,0.0
2026-01-26 04:25:00+00:00,91.5999984741211,91.5999984741211,91.19999694824219,91.5,61072,0.0,0.0
2026-01-26 04:35:00+00:00,91.69999694824219,91.69999694824219,91.69999694824219,91.69999694824219,1015,0.0,0.0
2026-01-26 04:40:00+00:00,91.5,91.5,91.4000015258789,91.4000015258789,2003,0.0,0.0
2026-01-26 04:45:00+00:00,91.4000015258789,91.4000015258789,91.19999694824219,91.19999694824219,29107,0.0,0.0
2026-01-26 04:50:00+00:00,91.19999694824219,91.30000305175781,91.19999694824219,91.30000305175781,3000,0.0,0.0
2026-01-26 04:55:00+00:00,91.4000015258789,91.5999984741211,91.19999694824219,91.19999694824219,23000,0.0,0.0
2026-01-26 05:00:00+00:00,91.19999694824219,91.30000305175781,91.19999694824219,91.30000305175781,8140,0.0,0.0
2026-01-26 05:05:00+00:00,91.30000305175781,91.80000305175781,91.30000305175781,91.69999694824219,38386,0.0,0.0
2026-01-26 05:10:00+00:00,91.5999984741211,91.5999984741211,91.5,91.5,9052,0.0,0.0
2026-01-26 05:15:00+00:00,91.5,91.5,91.19999694824219,91.19999694824219,25238,0.0,0.0
2026-01-26 05:20:00+00:00,91.19999694824219,91.5999984741211,91.19999694824219,91.5999984741211,19641,0.0,0.0
2026-01-27 01:00:00+00:00,91.30000305175781,91.5,91.30000305175781,91.5,0,0.0,0.0
2026-01-27 01:05:00+00:00,91.5,91.5,91.19999694824219,91.19999694824219,26205,0.0,0.0
2026-01-27 01:10:00+00:00,91.19999694824219,91.30000305175781,91.19999694824219,91.30000305175781,16000,0.0,0.0
2026-01-27 01:15:00+00:00,91.19999694824219,91.30000305175781,90.9000015258789,91.30000305175781,51750,0.0,0.0
2026-01-27 01:20:00+00:00,91.30000305175781,91.80000305175781,91.30000305175781,91.30000305175781,36059,0.0,0.0
2026-01-27 01:25:00+00:00,91.5,92.0,91.4000015258789,91.9000015258789,47251,0.0,0.0
2026-01-27 01:30:00+00:00,91.69999694824219,91.69999694824219,91.69999694824219,91.69999694824219,7000,0.0,0.0
2026-01-27 01:35:00+00:00,91.5999984741211,91.80000305175781,91.5999984741211,91.80000305175781,19000,0.0,0.0
2026-01-27 01:40:00+00:00,91.69999694824219,91.69999694824219,91.30000305175781,91.30000305175781,32150,0.0,0.0
2026-01-27 01:45:00+00:00,91.30000305175781,91.30000305175781,91.0999984741211,91.0999984741211,24002,0.0,0.0
2026-01-27 01:50:00+00:00,91.0999984741211,91.19999694824219,91.0999984741211,91.19999694824219,15401,0.0,0.0
2026-01-27 01:55:00+00:00,91.19999694824219,91.19999694824219,91.19999694824219,91.19999694824219,6010,0.0,0.0
2026-01-27 02:00:00+00:00,91.19999694824219,91.19999694824219,91.0,91.0,32281,0.0,0.0
2026-01-27 02:05:00+00:00,91.0,91.0,91.0,91.0,11589,0.0,0.0
2026-01-27 02:10:00+00:00,91.0,91.0,91.0,91.0,13160,0.0,0.0
2026-01-27 02:15:00+00:00,91.0,91.0,90.80000305175781,90.80000305175781,52644,0.0,0.0
2026-01-27 02:20:00+00:00,90.80000305175781,91.0999984741211,90.80000305175781,91.0999984741211,23231,0.0,0.0
2026-01-27 02:25:00+00:00,90.9000015258789,91.19999694824219,90.9000015258789,91.19999694824219,13065,0.0,0.0
2026-01-27 02:30:00+00:00,91.0,91.19999694824219,90.9000015258789,91.0,23000,0.0,0.0
2026-01-27 02:35:00+00:00,91.0,91.19999694824219,91.0,91.19999694824219,31330,0.0,0.0
2026-01-27 02:40:00+00:00,91.30000305175781,91.5,91.30000305175781,91.5,10000,0.0,0.0
2026-01-27 02:45:00+00:00,91.4000015258789,91.5,91.4000015258789,91.5,19181,0.0,0.0
2026-01-27 02:50:00+00:00,91.4000015258789,91.5,91.4000015258789,91.5,4018,0.0,0.0
2026-01-27 02:55:00+00:00,91.4000015258789,91.5,91.4000015258789,91.5,5000,0.0,0.0
2026-01-27 03:00:00+00:00,91.5,91.5999984741211,91.4000015258789,91.5,20201,0.0,0.0
2026-01-27 03:05:00+00:00,91.5,91.5,91.5,91.5,3000,0.0,0.0
2026-01-27 03:10:00+00:00,91.4000015258789,91.4000015258789,90.80000305175781,90.80000305175781,56000,0.0,0.0
2026-01-27 03:15:00+00:00,91.0999984741211,91.0999984741211,91.0,91.0999984741211,4001,0.0,0.0
2026-01-27 03:20:00+00:00,91.0999984741211,91.0999984741211,91.0,91.0999984741211,7003,0.0,0.0
2026-01-27 03:25:00+00:00,91.0999984741211,91.19999694824219,91.0,91.0999984741211,21005,0.0,0.0
2026-01-27 03:30:00+00:00,91.19999694824219,91.30000305175781,91.19999694824219,91.19999694824219,23001,0.0,0.0
2026-01-27 03:35:00+00:00,91.19999694824219,91.19999694824219,91.19999694824219,91.19999694824219,4000,0.0,0.0
2026-01-27 03:40:00+00:00,91.19999694824219,91.19999694824219,91.19999694824219,91.19999694824219,1000,0.0,0.0
2026-01-27 03:45:00+00:00,91.19999694824219,91.19999694824219,90.80000305175781,90.80000305175781,59921,0.0,0.0
2026-01-27 03:50:00+00:00,90.80000305175781,90.80000305175781,90.80000305175781,90.80000305175781,2010,0.0,0.0
2026-01-27 03:55:00+00:00,90.9000015258789,90.9000015258789,90.9000015258789,90.9000015258789,3486,0.0,0.0
2026-01-27 04:00:00+00:00,90.80000305175781,90.80000305175781,90.5999984741211,90.5999984741211,42776,0.0,0.0
2026-01-27 04:05:00+00:00,90.5999984741211,90.80000305175781,90.5999984741211,90.80000305175781,25619,0.0,0.0
2026-01-27 04:10:00+00:00,90.80000305175781,90.80000305175781,90.80000305175781,90.80000305175781,5300,0.0,0.0
2026-01-27 04:15:00+00:00,90.80000305175781,90.80000305175781,90.69999694824219,90.80000305175781,12390,0.0,0.0
2026-01-27 04:20:00+00:00,90.69999694824219,90.69999694824219,90.69999694824219,90.69999694824219,7060,0.0,0.0
2026-01-27 04:25:00+00:00,90.5999984741211,90.69999694824219,90.5,90.5999984741211,50013,0.0,0.0
2026-01-27 04:30:00+00:00,90.5,90.5,90.4000015258789,90.4000015258789,6937,0.0,0.0
2026-01-27 04:35:00+00:00,90.5,90.69999694824219,90.5,90.69999694824219,10435,0.0,0.0
2026-01-27 04:40:00+00:00,90.5999984741211,90.5999984741211,90.5999984741211,90.5999984741211,5112,0.0,0.0
2026-01-27 04:45:00+00:00,90.69999694824219,91.0,90.69999694824219,91.0,21003,0.0,0.0
2026-01-27 04:50:00+00:00,90.9000015258789,91.0,90.80000305175781,90.9000015258789,13072,0.0,0.0
2026-01-27 04:55:00+00:00,90.9000015258789,90.9000015258789,90.9000015258789,90.9000015258789,4215,0.0,0.0
2026-01-27 05:00:00+00:00,90.9000015258789,90.9000015258789,90.69999694824219,90.69999694824219,32315,0.0,0.0
2026-01-27 05:05:00+00:00,90.69999694824219,90.9000015258789,90.69999694824219,90.9000015258789,12480,0.0,0.0
2026-01-27 05:10:00+00:00,90.80000305175781,90.80000305175781,90.80000305175781,90.80000305175781,8690,0.0,0.0
2026-01-27 05:15:00+00:00,90.80000305175781,90.9000015258789,90.5999984741211,90.9000015258789,28290,0.0,0.0
2026-01-27 05:20:00+00:00,90.80000305175781,90.80000305175781,90.5999984741211,90.80000305175781,46400,0.0,0.0
2026-01-28 01:00:00+00:00,90.5999984741211,90.69999694824219,90.5,90.5,0,0.0,0.0
2026-01-28 01:05:00+00:00,90.5999984741211,90.69999694824219,90.4000015258789,90.4000015258789,61705,0.0,0.0
2026-01-28 01:10:00+00:00,90.4000015258789,90.5,90.4000015258789,90.5,18224,0.0,0.0
2026-01-28 01:15:00+00:00,90.4000015258789,91.0,90.30000305175781,91.0,83085,0.0,0.0
2026-01-28 01:20:00+00:00,90.9000015258789,90.9000015258789,90.0999984741211,90.19999694824219,49780,0.0,0.0
2026-01-28 01:25:00+00:00,90.30000305175781,90.5,90.30000305175781,90.5,28499,0.0,0.0
2026-01-28 01:30:00+00:00,90.30000305175781,90.30000305175781,89.69999694824219,89.9000015258789,187854,0.0,0.0
2026-01-28 01:35:00+00:00,89.9000015258789,90.0999984741211,89.80000305175781,89.80000305175781,58316,0.0,0.0
2026-01-28 01:40:00+00:00,89.9000015258789,89.9000015258789,89.80000305175781,89.9000015258789,21771,0.0,0.0
2026-01-28 01:45:00+00:00,89.9000015258789,90.0,89.80000305175781,90.0,20249,0.0,0.0
2026-01-28 01:50:00+00:00,90.0,90.0999984741211,90.0,90.0,28662,0.0,0.0
2026-01-28 01:55:00+00:00,90.0,90.0,89.9000015258789,89.9000015258789,36325,0.0,0.0
2026-01-28 02:00:00+00:00,89.9000015258789,90.0,89.9000015258789,90.0,12086,0.0,0.0
2026-01-28 02:05:00+00:00,89.9000015258789,89.9000015258789,89.80000305175781,89.80000305175781,21026,0.0,0.0
2026-01-28 02:10:00+00:00,89.80000305175781,89.9000015258789,89.80000305175781,89.9000015258789,16862,0.0,0.0
2026-01-28 02:15:00+00:00,89.9000015258789,89.9000015258789,89.80000305175781,89.9000015258789,7018,0.0,0.0
2026-01-28 02:20:00+00:00,89.9000015258789,90.0,89.69999694824219,90.0,63020,0.0,0.0
2026-01-28 02:25:00+00:00,90.0999984741211,90.0999984741211,90.0999984741211,90.0999984741211,5880,0.0,0.0
2026-01-28 02:30:00+00:00,90.0999984741211,90.19999694824219,90.0999984741211,90.19999694824219,6252,0.0,0.0
2026-01-28 02:35:00+00:00,90.19999694824219,90.19999694824219,90.19999694824219,90.19999694824219,6000,0.0,0.0
2026-01-28 02:40:00+00:00,90.19999694824219,90.30000305175781,90.19999694824219,90.19999694824219,7220,0.0,0.0
2026-01-28 02:45:00+00:00,90.19999694824219,90.19999694824219,90.0,90.0,16000,0.0,0.0
2026-01-28 02:50:00+00:00,90.0,90.4000015258789,90.0,90.4000015258789,24100,0.0,0.0
2026-01-28 02:55:00+00:00,90.19999694824219,90.19999694824219,90.19999694824219,90.19999694824219,2000,0.0,0.0
2026-01-28 03:00:00+00:00,90.19999694824219,90.19999694824219,90.19999694824219,90.19999694824219,5000,0.0,0.0
2026-01-28 03:05:00+00:00,90.19999694824219,90.4000015258789,90.0999984741211,90.4000015258789,5231,0.0,0.0
2026-01-28 03:15:00+00:00,90.19999694824219,90.19999694824219,90.19999694824219,90.19999694824219,5026,0.0,0.0
2026-01-28 03:25:00+00:00,90.0999984741211,90.0999984741211,90.0999984741211,90.0999984741211,20503,0.0,0.0
2026-01-28 03:30:00+00:00,90.0,90.0,90.0,90.0,15100,0.0,0.0
2026-01-28 03:35:00+00:00,90.0,90.0,89.9000015258789,89.9000015258789,21000,0.0,0.0
2026-01-28 03:40:00+00:00,89.9000015258789,89.9000015258789,89.9000015258789,89.9000015258789,1000,0.0,0.0
2026-01-28 03:45:00+00:00,89.9000015258789,90.0,89.69999694824219,89.69999694824219,36280,0.0,0.0
2026-01-28 03:50:00+00:00,89.80000305175781,89.9000015258789,89.80000305175781,89.9000015258789,2450,0.0,0.0
2026-01-28 03:55:00+00:00,89.9000015258789,89.9000015258789,89.9000015258789,89.9000015258789,5449,0.0,0.0
2026-01-28 04:00:00+00:00,89.9000015258789,89.9000015258789,89.80000305175781,89.80000305175781,7000,0.0,0.0
2026-01-28 04:05:00+00:00,89.80000305175781,89.80000305175781,89.80000305175781,89.80000305175781,8290,0.0,0.0
2026-01-28 04:10:00+00:00,89.80000305175781,89.9000015258789,89.80000305175781,89.9000015258789,23101,0.0,0.0
2026-01-28 04:15:00+00:00,89.9000015258789,89.9000015258789,89.80000305175781,89.80000305175781,6274,0.0,0.0
2026-01-28 04:20:00+00:00,89.9000015258789,89.9000015258789,89.80000305175781,89.80000305175781,7310,0.0,0.0
2026-01-28 04:25:00+00:00,89.9000015258789,89.9000015258789,89.80000305175781,89.80000305175781,10780,0.0,0.0
2026-01-28 04:30:00+00:00,89.9000015258789,90.0,89.9000015258789,89.9000015258789,5410,0.0,0.0
2026-01-28 04:35:00+00:00,89.9000015258789,89.9000015258789,89.9000015258789,89.9000015258789,3205,0.0,0.0
2026-01-28 04:40:00+00:00,90.0,90.0,89.69999694824219,89.69999694824219,146030,0.0,0.0
2026-01-28 04:45:00+00:00,89.80000305175781,89.80000305175781,89.80000305175781,89.80000305175781,5011,0.0,0.0
2026-01-28 04:50:00+00:00,89.9000015258789,90.0,89.80000305175781,89.80000305175781,20288,0.0,0.0
2026-01-28 04:55:00+00:00,89.80000305175781,90.0,89.80000305175781,89.80000305175781,22267,0.0,0.0
2026-01-28 05:00:00+00:00,89.80000305175781,89.9000015258789,89.80000305175781,89.80000305175781,7033,0.0,0.0
2026-01-28 05:05:00+00:00,89.80000305175781,89.9000015258789,89.80000305175781,89.80000305175781,44215,0.0,0.0
2026-01-28 05:10:00+00:00,90.0,90.0999984741211,90.0,90.0,19467,0.0,0.0
2026-01-28 05:15:00+00:00,90.0999984741211,90.0999984741211,89.9000015258789,90.0999984741211,31570,0.0,0.0
2026-01-28 05:20:00+00:00,90.0999984741211,90.30000305175781,89.9000015258789,90.30000305175781,35600,0.0,0.0
2026-01-29 01:00:00+00:00,90.0999984741211,91.19999694824219,90.0999984741211,90.9000015258789,0,0.0,0.0
2026-01-29 01:05:00+00:00,90.69999694824219,90.69999694824219,90.30000305175781,90.4000015258789,25118,0.0,0.0
2026-01-29 01:10:00+00:00,90.30000305175781,90.30000305175781,90.19999694824219,90.19999694824219,5726,0.0,0.0
2026-01-29 01:15:00+00:00,90.0999984741211,90.0999984741211,89.5999984741211,89.69999694824219,54468,0.0,0.0
2026-01-29 01:20:00+00:00,89.69999694824219,89.69999694824219,89.0999984741211,89.0999984741211,70647,0.0,0.0
2026-01-29 01:25:00+00:00,89.0999984741211,89.0999984741211,88.4000015258789,88.80000305175781,130771,0.0,0.0
2026-01-29 01:30:00+00:00,88.80000305175781,89.0999984741211,88.80000305175781,89.0999984741211,34620,0.0,0.0
2026-01-29 01:35:00+00:00,88.9000015258789,89.19999694824219,88.69999694824219,89.0999984741211,50546,0.0,0.0
2026-01-29 01:40:00+00:00,89.19999694824219,89.19999694824219,88.5999984741211,88.5999984741211,42230,0.0,0.0
2026-01-29 01:45:00+00:00,88.5,88.69999694824219,88.4000015258789,88.4000015258789,72449,0.0,0.0
2026-01-29 01:50:00+00:00,88.4000015258789,88.4000015258789,88.0999984741211,88.30000305175781,81323,0.0,0.0
2026-01-29 01:55:00+00:00,88.30000305175781,88.4000015258789,88.0,88.0,105675,0.0,0.0
2026-01-29 02:00:00+00:00,88.19999694824219,88.30000305175781,88.0999984741211,88.30000305175781,22010,0.0,0.0
2026-01-29 02:05:00+00:00,88.30000305175781,88.5999984741211,88.19999694824219,88.19999694824219,28509,0.0,0.0
2026-01-29 02:10:00+00:00,88.19999694824219,88.4000015258789,88.19999694824219,88.19999694824219,12300,0.0,0.0
2026-01-29 02:15:00+00:00,88.5,88.9000015258789,88.0999984741211,88.4000015258789,65177,0.0,0.0
2026-01-29 02:20:00+00:00,88.5,88.5,88.5,88.5,1000,0.0,0.0
2026-01-29 02:25:00+00:00,88.69999694824219,88.69999694824219,88.5999984741211,88.69999694824219,22228,0.0,0.0
2026-01-29 02:30:00+00:00,88.80000305175781,89.0,88.80000305175781,89.0,36267,0.0,0.0
2026-01-29 02:35:00+00:00,88.5999984741211,88.5999984741211,88.19999694824219,88.19999694824219,25050,0.0,0.0
2026-01-29 02:40:00+00:00,88.19999694824219,88.5,88.19999694824219,88.4000015258789,4261,0.0,0.0
2026-01-29 02:45:00+00:00,88.30000305175781,88.5,88.0999984741211,88.0999984741211,21333,0.0,0.0
2026-01-29 02:50:00+00:00,88.0999984741211,88.19999694824219,88.0,88.19999694824219,42255,0.0,0.0
2026-01-29 02:55:00+00:00,88.30000305175781,88.5999984741211,88.30000305175781,88.4000015258789,8040,0.0,0.0
2026-01-29 03:00:00+00:00,88.5,88.69999694824219,88.5,88.69999694824219,4010,0.0,0.0
2026-01-29 03:05:00+00:00,88.69999694824219,88.80000305175781,88.69999694824219,88.69999694824219,9450,0.0,0.0
2026-01-29 03:10:00+00:00,88.69999694824219,88.69999694824219,88.69999694824219,88.69999694824219,7000,0.0,0.0
2026-01-29 03:15:00+00:00,88.69999694824219,88.80000305175781,88.69999694824219,88.80000305175781,7000,0.0,0.0
2026-01-29 03:20:00+00:00,88.69999694824219,88.69999694824219,88.5999984741211,88.5999984741211,3090,0.0,0.0
2026-01-29 03:25:00+00:00,88.5999984741211,88.5999984741211,88.5,88.5999984741211,6528,0.0,0.0
2026-01-29 03:30:00+00:00,88.5999984741211,88.5999984741211,88.4000015258789,88.4000015258789,14120,0.0,0.0
2026-01-29 03:40:00+00:00,88.4000015258789,88.5,88.4000015258789,88.5,6064,0.0,0.0
2026-01-29 03:45:00+00:00,88.5999984741211,88.5999984741211,88.4000015258789,88.4000015258789,26100,0.0,0.0
2026-01-29 03:50:00+00:00,88.30000305175781,88.30000305175781,88.19999694824219,88.19999694824219,34100,0.0,0.0
2026-01-29 03:55:00+00:00,88.19999694824219,88.30000305175781,88.0,88.0,142566,0.0,0.0
2026-01-29 04:00:00+00:00,87.9000015258789,87.9000015258789,87.9000015258789,87.9000015258789,21102,0.0,0.0
2026-01-29 04:05:00+00:00,87.9000015258789,88.0,87.80000305175781,87.80000305175781,27200,0.0,0.0
2026-01-29 04:10:00+00:00,87.80000305175781,87.80000305175781,87.5999984741211,87.69999694824219,48724,0.0,0.0
2026-01-29 04:15:00+00:00,87.69999694824219,87.69999694824219,87.5999984741211,87.69999694824219,26768,0.0,0.0
2026-01-29 04:20:00+00:00,87.69999694824219,87.69999694824219,87.5,87.5,38428,0.0,0.0
2026-01-29 04:25:00+00:00,87.5999984741211,87.69999694824219,87.5,87.5999984741211,21350,0.0,0.0
2026-01-29 04:30:00+00:00,87.5999984741211,87.5999984741211,87.5,87.5999984741211,28100,0.0,0.0
2026-01-29 04:35:00+00:00,87.5999984741211,87.5999984741211,87.5,87.5,42100,0.0,0.0
2026-01-29 04:40:00+00:00,87.4000015258789,87.5,87.4000015258789,87.4000015258789,41955,0.0,0.0
2026-01-29 04:45:00+00:00,87.4000015258789,87.5,87.4000015258789,87.5,12260,0.0,0.0
2026-01-29 04:50:00+00:00,87.5,87.9000015258789,87.4000015258789,87.9000015258789,78335,0.0,0.0
2026-01-29 04:55:00+00:00,87.80000305175781,87.80000305175781,87.80000305175781,87.80000305175781,15678,0.0,0.0
2026-01-29 05:00:00+00:00,87.80000305175781,87.80000305175781,87.5,87.5,18140,0.0,0.0
2026-01-29 05:05:00+00:00,87.69999694824219,87.69999694824219,87.5,87.5,29276,0.0,0.0
2026-01-29 05:10:00+00:00,87.5999984741211,87.69999694824219,87.5,87.69999694824219,31112,0.0,0.0
2026-01-29 05:15:00+00:00,87.5999984741211,87.69999694824219,87.5999984741211,87.69999694824219,25811,0.0,0.0
2026-01-29 05:20:00+00:00,87.69999694824219,87.80000305175781,87.5,87.80000305175781,39154,0.0,0.0
2026-01-30 01:00:00+00:00,87.0,87.5,87.0,87.0999984741211,0,0.0,0.0
2026-01-30 01:05:00+00:00,87.0999984741211,87.0999984741211,86.30000305175781,86.30000305175781,90647,0.0,0.0
2026-01-30 01:10:00+00:00,86.19999694824219,86.19999694824219,85.80000305175781,85.9000015258789,168861,0.0,0.0
2026-01-30 01:15:00+00:00,85.9000015258789,86.19999694824219,85.80000305175781,85.9000015258789,71315,0.0,0.0
2026-01-30 01:20:00+00:00,85.9000015258789,85.9000015258789,85.5,85.5999984741211,114317,0.0,0.0
2026-01-30 01:25:00+00:00,85.5999984741211,85.69999694824219,85.5,85.69999694824219,9675,0.0,0.0
2026-01-30 01:30:00+00:00,85.69999694824219,85.80000305175781,85.69999694824219,85.69999694824219,10320,0.0,0.0
2026-01-30 01:35:00+00:00,85.80000305175781,85.80000305175781,85.0999984741211,85.0999984741211,142798,0.0,0.0
2026-01-30 01:40:00+00:00,85.0999984741211,85.0999984741211,84.9000015258789,84.9000015258789,192132,0.0,0.0
2026-01-30 01:45:00+00:00,84.9000015258789,85.0999984741211,84.80000305175781,85.0,41216,0.0,0.0
2026-01-30 01:50:00+00:00,85.0,85.0,84.4000015258789,84.4000015258789,204493,0.0,0.0
2026-01-30 01:55:00+00:00,84.5,84.5999984741211,84.4000015258789,84.5,25167,0.0,0.0
2026-01-30 02:00:00+00:00,84.5999984741211,84.69999694824219,84.4000015258789,84.4000015258789,37798,0.0,0.0
2026-01-30 02:05:00+00:00,84.4000015258789,85.0,84.30000305175781,85.0,52329,0.0,0.0
2026-01-30 02:10:00+00:00,85.0,85.19999694824219,84.5999984741211,84.5999984741211,31880,0.0,0.0
2026-01-30 02:15:00+00:00,85.0,85.0999984741211,84.80000305175781,84.80000305175781,8388,0.0,0.0
2026-01-30 02:20:00+00:00,84.69999694824219,84.69999694824219,84.5,84.5,32201,0.0,0.0
2026-01-30 02:25:00+00:00,84.5,84.5,84.4000015258789,84.4000015258789,23146,0.0,0.0
2026-01-30 02:30:00+00:00,84.30000305175781,84.4000015258789,84.0999984741211,84.19999694824219,36103,0.0,0.0
2026-01-30 02:35:00+00:00,84.19999694824219,84.19999694824219,84.0999984741211,84.0999984741211,32133,0.0,0.0
2026-01-30 02:40:00+00:00,84.0999984741211,84.19999694824219,84.0999984741211,84.0999984741211,53409,0.0,0.0
2026-01-30 02:45:00+00:00,84.0999984741211,84.19999694824219,84.0,84.19999694824219,29250,0.0,0.0
2026-01-30 02:50:00+00:00,84.19999694824219,84.5,84.19999694824219,84.5,9331,0.0,0.0
2026-01-30 02:55:00+00:00,84.5,84.5,84.5,84.5,5163,0.0,0.0
2026-01-30 03:00:00+00:00,84.5,84.5,84.4000015258789,84.4000015258789,13234,0.0,0.0
2026-01-30 03:05:00+00:00,84.4000015258789,84.4000015258789,84.4000015258789,84.4000015258789,7000,0.0,0.0
2026-01-30 03:10:00+00:00,84.4000015258789,84.4000015258789,84.0999984741211,84.0999984741211,85463,0.0,0.0
2026-01-30 03:15:00+00:00,84.0,84.0999984741211,83.80000305175781,84.0,160903,0.0,0.0
2026-01-30 03:20:00+00:00,84.0,84.0,83.80000305175781,83.9000015258789,17223,0.0,0.0
2026-01-30 03:25:00+00:00,83.9000015258789,84.0,83.9000015258789,84.0,24450,0.0,0.0
2026-01-30 03:30:00+00:00,84.0,84.0,83.9000015258789,83.9000015258789,10024,0.0,0.0
2026-01-30 03:35:00+00:00,83.80000305175781,83.80000305175781,83.30000305175781,83.30000305175781,131163,0.0,0.0
2026-01-30 03:40:00+00:00,83.30000305175781,83.5999984741211,83.0999984741211,83.5999984741211,90930,0.0,0.0
2026-01-30 03:45:00+00:00,83.30000305175781,83.69999694824219,83.30000305175781,83.69999694824219,9620,0.0,0.0
2026-01-30 03:50:00+00:00,83.80000305175781,83.9000015258789,83.80000305175781,83.9000015258789,6142,0.0,0.0
2026-01-30 03:55:00+00:00,83.9000015258789,83.9000015258789,83.5999984741211,83.5999984741211,20158,0.0,0.0
2026-01-30 04:00:00+00:00,83.5,83.5,83.5,83.5,10000,0.0,0.0
2026-01-30 04:05:00+00:00,83.5,83.5999984741211,83.5,83.5999984741211,9540,0.0,0.0
2026-01-30 04:10:00+00:00,83.80000305175781,83.80000305175781,83.5999984741211,83.5999984741211,6000,0.0,0.0
2026-01-30 04:15:00+00:00,83.80000305175781,83.80000305175781,83.69999694824219,83.80000305175781,12000,0.0,0.0
2026-01-30 04:20:00+00:00,83.80000305175781,83.80000305175781,83.69999694824219,83.69999694824219,14020,0.0,0.0
2026-01-30 04:25:00+00:00,83.5999984741211,83.80000305175781,83.5,83.80000305175781,10520,0.0,0.0
2026-01-30 04:30:00+00:00,83.80000305175781,83.9000015258789,83.80000305175781,83.9000015258789,6006,0.0,0.0
2026-01-30 04:35:00+00:00,83.9000015258789,83.9000015258789,83.9000015258789,83.9000015258789,4600,0.0,0.0
2026-01-30 04:40:00+00:00,84.0,84.30000305175781,84.0,84.30000305175781,20000,0.0,0.0
2026-01-30 04:45:00+00:00,84.30000305175781,84.30000305175781,84.30000305175781,84.30000305175781,12000,0.0,0.0
2026-01-30 04:50:00+00:00,84.30000305175781,84.30000305175781,84.19999694824219,84.30000305175781,11003,0.0,0.0
2026-01-30 04:55:00+00:00,84.4000015258789,84.4000015258789,84.0999984741211,84.0999984741211,19551,0.0,0.0
2026-01-30 05:00:00+00:00,84.19999694824219,84.4000015258789,84.19999694824219,84.4000015258789,7712,0.0,0.0
2026-01-30 05:05:00+00:00,84.4000015258789,84.4000015258789,84.30000305175781,84.30000305175781,17000,0.0,0.0
2026-01-30 05:10:00+00:00,84.30000305175781,84.30000305175781,84.19999694824219,84.19999694824219,12605,0.0,0.0
2026-01-30 05:15:00+00:00,84.30000305175781,84.4000015258789,84.19999694824219,84.19999694824219,61279,0.0,0.0
2026-01-30 05:20:00+00:00,84.19999694824219,84.30000305175781,84.0999984741211,84.30000305175781,54325,0.0,0.0
2026-02-02 01:00:00+00:00,82.0,82.5,81.5,81.80000305175781,0,0.0,0.0
2026-02-02 01:05:00+00:00,81.80000305175781,82.30000305175781,81.0,82.30000305175781,179097,0.0,0.0
2026-02-02 01:10:00+00:00,82.0,82.30000305175781,81.80000305175781,81.80000305175781,30726,0.0,0.0
2026-02-02 01:15:00+00:00,81.5999984741211,82.19999694824219,81.5999984741211,81.9000015258789,50595,0.0,0.0
2026-02-02 01:20:00+00:00,81.9000015258789,82.0999984741211,81.69999694824219,82.0,43610,0.0,0.0
2026-02-02 01:25:00+00:00,82.0999984741211,82.30000305175781,82.0999984741211,82.30000305175781,44700,0.0,0.0
2026-02-02 01:30:00+00:00,82.19999694824219,82.19999694824219,81.69999694824219,81.80000305175781,33283,0.0,0.0
2026-02-02 01:35:00+00:00,81.80000305175781,81.80000305175781,81.5999984741211,81.5999984741211,22974,0.0,0.0
2026-02-02 01:40:00+00:00,81.5999984741211,81.5999984741211,81.0999984741211,81.0999984741211,50811,0.0,0.0
2026-02-02 01:45:00+00:00,81.0999984741211,81.19999694824219,81.0,81.0999984741211,45449,0.0,0.0
2026-02-02 01:50:00+00:00,81.0999984741211,81.0999984741211,80.9000015258789,81.0,117736,0.0,0.0
2026-02-02 01:55:00+00:00,81.0,81.0,80.5999984741211,80.69999694824219,105357,0.0,0.0
2026-02-02 02:00:00+00:00,80.69999694824219,81.0999984741211,80.4000015258789,80.9000015258789,56429,0.0,0.0
2026-02-02 02:05:00+00:00,81.0999984741211,81.30000305175781,81.0999984741211,81.0999984741211,9102,0.0,0.0
2026-02-02 02:10:00+00:00,81.0999984741211,81.4000015258789,80.9000015258789,80.9000015258789,23400,0.0,0.0
2026-02-02 02:15:00+00:00,80.9000015258789,81.19999694824219,80.9000015258789,81.0,35410,0.0,0.0
2026-02-02 02:20:00+00:00,81.30000305175781,81.5999984741211,81.30000305175781,81.5999984741211,14100,0.0,0.0
2026-02-02 02:25:00+00:00,81.5999984741211,81.69999694824219,81.5999984741211,81.69999694824219,8105,0.0,0.0
2026-02-02 02:30:00+00:00,81.69999694824219,82.0,81.69999694824219,81.9000015258789,35032,0.0,0.0
2026-02-02 02:35:00+00:00,81.80000305175781,82.19999694824219,81.80000305175781,82.19999694824219,50001,0.0,0.0
2026-02-02 02:40:00+00:00,82.19999694824219,82.30000305175781,82.0999984741211,82.19999694824219,18009,0.0,0.0
2026-02-02 02:45:00+00:00,82.19999694824219,82.19999694824219,82.0,82.0,13461,0.0,0.0
2026-02-02 02:50:00+00:00,81.9000015258789,81.9000015258789,81.9000015258789,81.9000015258789,4000,0.0,0.0
2026-02-02 02:55:00+00:00,81.69999694824219,81.69999694824219,81.5,81.5,7227,0.0,0.0
2026-02-02 03:00:00+00:00,81.5,81.5,81.5,81.5,14375,0.0,0.0
2026-02-02 03:05:00+00:00,81.5,81.5,81.5,81.5,6000,0.0,0.0
2026-02-02 03:10:00+00:00,81.4000015258789,81.4000015258789,81.19999694824219,81.19999694824219,12574,0.0,0.0
2026-02-02 03:15:00+00:00,81.19999694824219,81.19999694824219,81.19999694824219,81.19999694824219,10209,0.0,0.0
2026-02-02 03:20:00+00:00,81.19999694824219,81.19999694824219,81.0999984741211,81.0999984741211,15063,0.0,0.0
2026-02-02 03:25:00+00:00,81.0999984741211,81.0999984741211,81.0999984741211,81.0999984741211,1412,0.0,0.0
2026-02-02 03:30:00+00:00,81.0999984741211,81.19999694824219,81.0,81.19999694824219,25263,0.0,0.0
2026-02-02 03:35:00+00:00,81.0999984741211,81.0999984741211,81.0,81.0,3337,0.0,0.0
2026-02-02 03:40:00+00:00,81.0999984741211,81.0999984741211,80.9000015258789,81.0,98916,0.0,0.0
2026-02-02 03:45:00+00:00,81.0,81.0999984741211,81.0,81.0999984741211,75000,0.0,0.0
2026-02-02 03:50:00+00:00,81.0999984741211,81.19999694824219,81.0,81.19999694824219,19661,0.0,0.0
2026-02-02 03:55:00+00:00,81.19999694824219,81.30000305175781,81.19999694824219,81.30000305175781,7467,0.0,0.0
2026-02-02 04:00:00+00:00,81.0999984741211,81.30000305175781,81.0999984741211,81.30000305175781,9250,0.0,0.0
2026-02-02 04:05:00+00:00,81.19999694824219,81.19999694824219,81.19999694824219,81.19999694824219,1035,0.0,0.0
2026-02-02 04:10:00+00:00,81.19999694824219,81.30000305175781,81.0,81.0999984741211,107030,0.0,0.0
2026-02-02 04:15:00+00:00,81.0999984741211,81.4000015258789,81.0999984741211,81.4000015258789,24130,0.0,0.0
2026-02-02 04:20:00+00:00,81.5,81.5,81.30000305175781,81.30000305175781,5155,0.0,0.0
2026-02-02 04:25:00+00:00,81.5,81.5999984741211,81.5,81.5999984741211,25000,0.0,0.0
2026-02-02 04:30:00+00:00,81.5999984741211,81.69999694824219,81.5999984741211,81.69999694824219,26183,0.0,0.0
2026-02-02 04:35:00+00:00,81.80000305175781,81.80000305175781,81.69999694824219,81.80000305175781,8429,0.0,0.0
2026-02-02 04:40:00+00:00,81.9000015258789,82.0,81.9000015258789,82.0,41496,0.0,0.0
2026-02-02 04:45:00+00:00,82.0,82.0,82.0,82.0,3000,0.0,0.0
2026-02-02 04:50:00+00:00,82.0999984741211,82.0999984741211,82.0,82.0,4114,0.0,0.0
2026-02-02 04:55:00+00:00,82.0999984741211,82.19999694824219,82.0999984741211,82.19999694824219,33025,0.0,0.0
2026-02-02 05:00:00+00:00,82.19999694824219,82.19999694824219,82.0999984741211,82.0999984741211,13210,0.0,0.0
2026-02-02 05:05:00+00:00,82.0999984741211,82.30000305175781,82.0999984741211,82.19999694824219,23500,0.0,0.0
2026-02-02 05:10:00+00:00,82.19999694824219,82.19999694824219,81.9000015258789,81.9000015258789,31007,0.0,0.0
2026-02-02 05:15:00+00:00,82.0,82.0999984741211,82.0,82.0,25020,0.0,0.0
2026-02-02 05:20:00+00:00,82.0999984741211,82.19999694824219,82.0999984741211,82.0999984741211,15988,0.0,0.0
2026-02-03 01:00:00+00:00,82.9000015258789,83.30000305175781,82.9000015258789,83.0,0,0.0,0.0
2026-02-03 01:05:00+00:00,83.0999984741211,83.4000015258789,83.0999984741211,83.0999984741211,31032,0.0,0.0
2026-02-03 01:10:00+00:00,83.0999984741211,83.30000305175781,83.0999984741211,83.19999694824219,12825,0.0,0.0
2026-02-03 01:15:00+00:00,83.19999694824219,83.19999694824219,82.9000015258789,82.9000015258789,20425,0.0,0.0
2026-02-03 01:20:00+00:00,82.9000015258789,83.0,82.9000015258789,83.0,7177,0.0,0.0
2026-02-03 01:25:00+00:00,83.0,83.0,83.0,83.0,3130,0.0,0.0
2026-02-03 01:30:00+00:00,83.0,83.0,82.80000305175781,82.80000305175781,22277,0.0,0.0
2026-02-03 01:35:00+00:00,82.69999694824219,82.9000015258789,82.69999694824219,82.9000015258789,9000,0.0,0.0
2026-02-03 01:40:00+00:00,82.69999694824219,82.69999694824219,82.69999694824219,82.69999694824219,6000,0.0,0.0
2026-02-03 01:45:00+00:00,82.5999984741211,82.5999984741211,82.19999694824219,82.19999694824219,52696,0.0,0.0
2026-02-03 01:50:00+00:00,82.30000305175781,82.4000015258789,82.19999694824219,82.19999694824219,8237,0.0,0.0
2026-02-03 01:55:00+00:00,82.0999984741211,82.19999694824219,81.80000305175781,81.80000305175781,63459,0.0,0.0
2026-02-03 02:00:00+00:00,81.9000015258789,81.9000015258789,81.9000015258789,81.9000015258789,10736,0.0,0.0
2026-02-03 02:05:00+00:00,81.9000015258789,82.0999984741211,81.9000015258789,82.0,22025,0.0,0.0
2026-02-03 02:10:00+00:00,82.0,82.0,81.5,81.5,43414,0.0,0.0
2026-02-03 02:15:00+00:00,81.4000015258789,81.9000015258789,81.4000015258789,81.9000015258789,6312,0.0,0.0
2026-02-03 02:20:00+00:00,81.9000015258789,81.9000015258789,81.80000305175781,81.80000305175781,3001,0.0,0.0
2026-02-03 02:25:00+00:00,81.80000305175781,81.80000305175781,81.5999984741211,81.5999984741211,6292,0.0,0.0
2026-02-03 02:30:00+00:00,81.5999984741211,81.9000015258789,81.5999984741211,81.9000015258789,10110,0.0,0.0
2026-02-03 02:35:00+00:00,81.9000015258789,81.9000015258789,81.9000015258789,81.9000015258789,1000,0.0,0.0
2026-02-03 02:40:00+00:00,81.69999694824219,81.69999694824219,81.69999694824219,81.69999694824219,3015,0.0,0.0
2026-02-03 02:45:00+00:00,81.69999694824219,81.80000305175781,81.69999694824219,81.80000305175781,4000,0.0,0.0
2026-02-03 02:50:00+00:00,81.80000305175781,81.9000015258789,81.5,81.9000015258789,21050,0.0,0.0
2026-02-03 02:55:00+00:00,81.69999694824219,82.0,81.5999984741211,82.0,20000,0.0,0.0
2026-02-03 03:00:00+00:00,81.9000015258789,81.9000015258789,81.9000015258789,81.9000015258789,1318,0.0,0.0
2026-02-03 03:05:00+00:00,82.0,82.0,82.0,82.0,5055,0.0,0.0
2026-02-03 03:10:00+00:00,82.0999984741211,82.0999984741211,82.0999984741211,82.0999984741211,5058,0.0,0.0
2026-02-03 03:15:00+00:00,82.0999984741211,82.19999694824219,82.0,82.19999694824219,9004,0.0,0.0
2026-02-03 03:20:00+00:00,82.30000305175781,82.30000305175781,82.30000305175781,82.30000305175781,3000,0.0,0.0
2026-02-03 03:25:00+00:00,82.4000015258789,82.4000015258789,82.4000015258789,82.4000015258789,5000,0.0,0.0
2026-02-03 03:30:00+00:00,82.4000015258789,82.4000015258789,82.19999694824219,82.19999694824219,20000,0.0,0.0
2026-02-03 03:35:00+00:00,82.19999694824219,82.19999694824219,82.0999984741211,82.0999984741211,7200,0.0,0.0
2026-02-03 03:40:00+00:00,82.0999984741211,82.0999984741211,82.0999984741211,82.0999984741211,1155,0.0,0.0
2026-02-03 03:50:00+00:00,82.0999984741211,82.0999984741211,82.0999984741211,82.0999984741211,13014,0.0,0.0
2026-02-03 03:55:00+00:00,82.0999984741211,82.0999984741211,82.0999984741211,82.0999984741211,2006,0.0,0.0
2026-02-03 04:00:00+00:00,82.19999694824219,82.4000015258789,82.19999694824219,82.4000015258789,12020,0.0,0.0
2026-02-03 04:05:00+00:00,82.30000305175781,82.30000305175781,82.19999694824219,82.19999694824219,10117,0.0,0.0
2026-02-03 04:15:00+00:00,82.30000305175781,82.30000305175781,82.30000305175781,82.30000305175781,3210,0.0,0.0
2026-02-03 04:20:00+00:00,82.30000305175781,82.30000305175781,82.30000305175781,82.30000305175781,1274,0.0,0.0
2026-02-03 04:25:00+00:00,82.30000305175781,82.5,82.30000305175781,82.5,7000,0.0,0.0
2026-02-03 04:30:00+00:00,82.5,82.9000015258789,82.5,82.9000015258789,18850,0.0,0.0
2026-02-03 04:35:00+00:00,82.9000015258789,82.9000015258789,82.5,82.5,18150,0.0,0.0
2026-02-03 04:40:00+00:00,82.5,82.5999984741211,82.5,82.5999984741211,10000,0.0,0.0
2026-02-03 04:45:00+00:00,82.5999984741211,82.80000305175781,82.5999984741211,82.80000305175781,11015,0.0,0.0
2026-02-03 04:50:00+00:00,82.80000305175781,82.80000305175781,82.80000305175781,82.80000305175781,4059,0.0,0.0
2026-02-03 04:55:00+00:00,82.80000305175781,82.80000305175781,82.69999694824219,82.69999694824219,8150,0.0,0.0
2026-02-03 05:00:00+00:00,82.69999694824219,82.80000305175781,82.69999694824219,82.69999694824219,11100,0.0,0.0
2026-02-03 05:05:00+00:00,82.80000305175781,82.9000015258789,82.69999694824219,82.69999694824219,13100,0.0,0.0
2026-02-03 05:10:00+00:00,82.9000015258789,83.19999694824219,82.9000015258789,83.0999984741211,46382,0.0,0.0
2026-02-03 05:15:00+00:00,83.0,83.19999694824219,83.0,83.0999984741211,17092,0.0,0.0
2026-02-03 05:20:00+00:00,83.0999984741211,83.0999984741211,82.80000305175781,83.0,14310,0.0,0.0
2026-02-04 01:00:00+00:00,82.69999694824219,82.80000305175781,82.19999694824219,82.80000305175781,0,0.0,0.0
2026-02-04 01:05:00+00:00,82.80000305175781,82.80000305175781,82.5,82.80000305175781,5374,0.0,0.0
2026-02-04 01:10:00+00:00,83.0,83.0,82.9000015258789,83.0,12260,0.0,0.0
2026-02-04 01:15:00+00:00,83.30000305175781,83.4000015258789,83.0999984741211,83.30000305175781,16100,0.0,0.0
2026-02-04 01:20:00+00:00,83.0,83.19999694824219,83.0,83.19999694824219,14180,0.0,0.0
2026-02-04 01:25:00+00:00,83.19999694824219,83.19999694824219,83.0,83.0,18055,0.0,0.0
2026-02-04 01:30:00+00:00,83.0999984741211,83.0999984741211,83.0,83.0,8085,0.0,0.0
2026-02-04 01:35:00+00:00,83.0999984741211,83.0999984741211,82.9000015258789,82.9000015258789,17412,0.0,0.0
2026-02-04 01:40:00+00:00,82.80000305175781,83.0,82.5,82.69999694824219,15137,0.0,0.0
2026-02-04 01:45:00+00:00,82.69999694824219,82.9000015258789,82.69999694824219,82.9000015258789,5038,0.0,0.0
2026-02-04 01:50:00+00:00,82.9000015258789,83.0,82.9000015258789,83.0,4056,0.0,0.0
2026-02-04 01:55:00+00:00,82.9000015258789,83.0,82.9000015258789,83.0,10341,0.0,0.0
2026-02-04 02:00:00+00:00,83.0,83.0,82.9000015258789,83.0,9000,0.0,0.0
2026-02-04 02:05:00+00:00,83.0,83.0,83.0,83.0,9000,0.0,0.0
2026-02-04 02:10:00+00:00,82.9000015258789,82.9000015258789,82.9000015258789,82.9000015258789,7005,0.0,0.0
2026-02-04 02:15:00+00:00,82.80000305175781,82.80000305175781,82.80000305175781,82.80000305175781,4570,0.0,0.0
2026-02-04 02:20:00+00:00,82.69999694824219,82.69999694824219,82.5,82.5999984741211,24223,0.0,0.0
2026-02-04 02:25:00+00:00,82.5999984741211,82.5999984741211,82.5,82.5,8099,0.0,0.0
2026-02-04 02:30:00+00:00,82.5999984741211,82.80000305175781,82.5999984741211,82.80000305175781,10062,0.0,0.0
2026-02-04 02:35:00+00:00,82.69999694824219,82.69999694824219,82.69999694824219,82.69999694824219,1000,0.0,0.0
2026-02-04 02:40:00+00:00,82.5999984741211,82.5999984741211,82.5999984741211,82.5999984741211,2000,0.0,0.0
2026-02-04 02:45:00+00:00,82.69999694824219,82.69999694824219,82.69999694824219,82.69999694824219,1250,0.0,0.0
2026-02-04 02:50:00+00:00,82.80000305175781,83.0999984741211,82.69999694824219,82.69999694824219,11200,0.0,0.0
2026-02-04 02:55:00+00:00,82.9000015258789,82.9000015258789,82.80000305175781,82.80000305175781,4040,0.0,0.0
2026-02-04 03:00:00+00:00,82.80000305175781,82.80000305175781,82.5,82.5,65000,0.0,0.0
2026-02-04 03:05:00+00:00,82.5,82.5,82.5,82.5,2263,0.0,0.0
2026-02-04 03:10:00+00:00,82.5,82.5,82.5,82.5,1660,0.0,0.0
2026-02-04 03:15:00+00:00,82.69999694824219,82.69999694824219,82.69999694824219,82.69999694824219,1000,0.0,0.0
2026-02-04 03:20:00+00:00,82.69999694824219,82.69999694824219,82.69999694824219,82.69999694824219,1000,0.0,0.0
2026-02-04 03:25:00+00:00,82.5999984741211,82.80000305175781,82.4000015258789,82.80000305175781,62007,0.0,0.0
2026-02-04 03:30:00+00:00,82.80000305175781,82.80000305175781,82.69999694824219,82.69999694824219,2000,0.0,0.0
2026-02-04 03:35:00+00:00,82.5999984741211,82.5999984741211,82.5999984741211,82.5999984741211,13134,0.0,0.0
2026-02-04 03:40:00+00:00,82.5999984741211,82.69999694824219,82.5,82.5,7000,0.0,0.0
2026-02-04 03:45:00+00:00,82.5,82.5999984741211,82.5,82.5,14870,0.0,0.0
2026-02-04 03:50:00+00:00,82.5,82.5,82.5,82.5,3260,0.0,0.0
2026-02-04 04:00:00+00:00,82.5,82.5,82.5,82.5,12020,0.0,0.0
2026-02-04 04:05:00+00:00,82.69999694824219,82.69999694824219,82.4000015258789,82.4000015258789,11008,0.0,0.0
2026-02-04 04:10:00+00:00,82.4000015258789,82.5,82.4000015258789,82.5,10050,0.0,0.0
2026-02-04 04:15:00+00:00,82.5999984741211,82.5999984741211,82.5999984741211,82.5999984741211,3063,0.0,0.0
2026-02-04 04:20:00+00:00,82.5999984741211,82.5999984741211,82.5999984741211,82.5999984741211,3000,0.0,0.0
2026-02-04 04:25:00+00:00,82.5999984741211,82.69999694824219,82.5,82.5999984741211,46001,0.0,0.0
2026-02-04 04:30:00+00:00,82.5,82.5,82.4000015258789,82.4000015258789,19058,0.0,0.0
2026-02-04 04:35:00+00:00,82.69999694824219,82.69999694824219,82.5,82.5,2000,0.0,0.0
2026-02-04 04:40:00+00:00,82.69999694824219,82.9000015258789,82.69999694824219,82.9000015258789,24537,0.0,0.0
2026-02-04 04:45:00+00:00,82.80000305175781,82.80000305175781,82.80000305175781,82.80000305175781,1010,0.0,0.0
2026-02-04 04:50:00+00:00,82.80000305175781,82.80000305175781,82.5999984741211,82.5999984741211,33085,0.0,0.0
2026-02-04 04:55:00+00:00,82.5999984741211,82.69999694824219,82.5999984741211,82.69999694824219,10189,0.0,0.0
2026-02-04 05:00:00+00:00,82.5999984741211,82.5999984741211,82.5999984741211,82.5999984741211,5010,0.0,0.0
2026-02-04 05:05:00+00:00,82.69999694824219,82.69999694824219,82.69999694824219,82.69999694824219,28200,0.0,0.0
2026-02-04 05:10:00+00:00,82.5999984741211,82.69999694824219,82.5,82.5999984741211,32220,0.0,0.0
2026-02-04 05:15:00+00:00,82.5999984741211,82.69999694824219,82.5999984741211,82.69999694824219,11683,0.0,0.0
2026-02-04 05:20:00+00:00,82.69999694824219,82.9000015258789,82.5999984741211,82.9000015258789,13404,0.0,0.0
2026-02-05 01:00:00+00:00,82.9000015258789,82.9000015258789,81.80000305175781,82.0,0,0.0,0.0
2026-02-05 01:05:00+00:00,82.0999984741211,82.5,82.0999984741211,82.4000015258789,16314,0.0,0.0
2026-02-05 01:10:00+00:00,82.4000015258789,82.9000015258789,82.4000015258789,82.69999694824219,14141,0.0,0.0
2026-02-05 01:15:00+00:00,82.80000305175781,82.80000305175781,82.80000305175781,82.80000305175781,4243,0.0,0.0
2026-02-05 01:20:00+00:00,82.80000305175781,82.80000305175781,82.5999984741211,82.5999984741211,14010,0.0,0.0
2026-02-05 01:25:00+00:00,82.69999694824219,83.0,82.5999984741211,82.9000015258789,72104,0.0,0.0
2026-02-05 01:30:00+00:00,82.5999984741211,82.5999984741211,82.5999984741211,82.5999984741211,5097,0.0,0.0
2026-02-05 01:35:00+00:00,82.5999984741211,82.5999984741211,82.5,82.5,2105,0.0,0.0
2026-02-05 01:40:00+00:00,82.69999694824219,82.9000015258789,82.69999694824219,82.9000015258789,21105,0.0,0.0
2026-02-05 01:45:00+00:00,82.69999694824219,82.69999694824219,82.5,82.5,20100,0.0,0.0
2026-02-05 01:50:00+00:00,82.5,82.5,82.4000015258789,82.4000015258789,10000,0.0,0.0
2026-02-05 01:55:00+00:00,82.4000015258789,82.4000015258789,82.30000305175781,82.30000305175781,13000,0.0,0.0
2026-02-05 02:00:00+00:00,82.30000305175781,82.30000305175781,82.19999694824219,82.19999694824219,7575,0.0,0.0
2026-02-05 02:05:00+00:00,82.19999694824219,82.19999694824219,82.0999984741211,82.19999694824219,10755,0.0,0.0
2026-02-05 02:10:00+00:00,82.19999694824219,82.4000015258789,82.0999984741211,82.0999984741211,5116,0.0,0.0
2026-02-05 02:15:00+00:00,82.0999984741211,82.0999984741211,82.0,82.0,18364,0.0,0.0
2026-02-05 02:20:00+00:00,82.0,82.0,82.0,82.0,7100,0.0,0.0
2026-02-05 02:25:00+00:00,82.0,82.19999694824219,82.0,82.19999694824219,33448,0.0,0.0
2026-02-05 02:30:00+00:00,82.30000305175781,82.30000305175781,82.0999984741211,82.0999984741211,5553,0.0,0.0
2026-02-05 02:40:00+00:00,82.0999984741211,82.0999984741211,81.9000015258789,82.0,25040,0.0,0.0
2026-02-05 02:45:00+00:00,81.9000015258789,82.0,81.80000305175781,81.9000015258789,11040,0.0,0.0
2026-02-05 02:50:00+00:00,82.0999984741211,82.0999984741211,81.69999694824219,81.9000015258789,34030,0.0,0.0
2026-02-05 02:55:00+00:00,81.80000305175781,81.80000305175781,81.69999694824219,81.69999694824219,5043,0.0,0.0
2026-02-05 03:00:00+00:00,81.69999694824219,81.69999694824219,81.5999984741211,81.69999694824219,22843,0.0,0.0
2026-02-05 03:05:00+00:00,81.69999694824219,81.69999694824219,81.5999984741211,81.69999694824219,6120,0.0,0.0
2026-02-05 03:10:00+00:00,81.69999694824219,81.69999694824219,81.69999694824219,81.69999694824219,1000,0.0,0.0
2026-02-05 03:15:00+00:00,81.69999694824219,81.69999694824219,81.5999984741211,81.69999694824219,23355,0.0,0.0
2026-02-05 03:20:00+00:00,81.5999984741211,81.5999984741211,81.5999984741211,81.5999984741211,4000,0.0,0.0
2026-02-05 03:25:00+00:00,81.69999694824219,81.69999694824219,81.4000015258789,81.4000015258789,33167,0.0,0.0
2026-02-05 03:30:00+00:00,81.5,81.5,81.4000015258789,81.4000015258789,11370,0.0,0.0
2026-02-05 03:35:00+00:00,81.4000015258789,81.4000015258789,81.30000305175781,81.30000305175781,5332,0.0,0.0
2026-02-05 03:40:00+00:00,81.4000015258789,81.4000015258789,81.30000305175781,81.30000305175781,2000,0.0,0.0
2026-02-05 03:45:00+00:00,81.30000305175781,81.4000015258789,81.30000305175781,81.4000015258789,2041,0.0,0.0
2026-02-05 03:50:00+00:00,81.30000305175781,81.30000305175781,81.19999694824219,81.30000305175781,8020,0.0,0.0
2026-02-05 03:55:00+00:00,81.30000305175781,81.30000305175781,81.0999984741211,81.0999984741211,48446,0.0,0.0
2026-02-05 04:00:00+00:00,81.19999694824219,81.19999694824219,81.19999694824219,81.19999694824219,5110,0.0,0.0
2026-02-05 04:05:00+00:00,81.19999694824219,81.19999694824219,80.9000015258789,81.0,97625,0.0,0.0
2026-02-05 04:10:00+00:00,81.19999694824219,81.19999694824219,81.0999984741211,81.0999984741211,2003,0.0,0.0
2026-02-05 04:15:00+00:00,81.0999984741211,81.0999984741211,81.0999984741211,81.0999984741211,12060,0.0,0.0
2026-02-05 04:25:00+00:00,81.19999694824219,81.30000305175781,81.0999984741211,81.30000305175781,10444,0.0,0.0
2026-02-05 04:30:00+00:00,81.30000305175781,81.30000305175781,81.30000305175781,81.30000305175781,2255,0.0,0.0
2026-02-05 04:35:00+00:00,81.30000305175781,81.30000305175781,81.30000305175781,81.30000305175781,2010,0.0,0.0
2026-02-05 04:40:00+00:00,81.19999694824219,81.19999694824219,81.19999694824219,81.19999694824219,5158,0.0,0.0
2026-02-05 04:45:00+00:00,81.19999694824219,81.19999694824219,81.19999694824219,81.19999694824219,3000,0.0,0.0
2026-02-05 04:50:00+00:00,81.19999694824219,81.30000305175781,81.19999694824219,81.19999694824219,16000,0.0,0.0
2026-02-05 04:55:00+00:00,81.19999694824219,81.19999694824219,81.0999984741211,81.19999694824219,34030,0.0,0.0
2026-02-05 05:00:00+00:00,81.19999694824219,81.5,81.0999984741211,81.19999694824219,51103,0.0,0.0
2026-02-05 05:05:00+00:00,81.0999984741211,81.19999694824219,81.0999984741211,81.19999694824219,13000,0.0,0.0
2026-02-05 05:10:00+00:00,81.0999984741211,81.19999694824219,81.0999984741211,81.19999694824219,18377,0.0,0.0
2026-02-05 05:15:00+00:00,81.19999694824219,81.19999694824219,81.0999984741211,81.19999694824219,30633,0.0,0.0
2026-02-05 05:20:00+00:00,81.19999694824219,81.30000305175781,81.0999984741211,81.30000305175781,16100,0.0,0.0
2026-02-06 01:00:00+00:00,81.19999694824219,81.19999694824219,80.5,80.5,0,0.0,0.0
2026-02-06 01:05:00+00:00,80.4000015258789,80.4000015258789,79.69999694824219,80.0,89000,0.0,0.0
2026-02-06 01:10:00+00:00,79.80000305175781,80.0999984741211,79.69999694824219,80.0999984741211,29309,0.0,0.0
2026-02-06 01:15:00+00:00,80.0,80.0,79.4000015258789,79.4000015258789,73304,0.0,0.0
2026-02-06 01:20:00+00:00,79.30000305175781,79.30000305175781,78.5,78.5,154859,0.0,0.0
2026-02-06 01:25:00+00:00,78.5,78.5999984741211,78.0999984741211,78.4000015258789,117008,0.0,0.0
2026-02-06 01:30:00+00:00,78.4000015258789,78.69999694824219,78.0,78.5999984741211,109441,0.0,0.0
2026-02-06 01:35:00+00:00,78.69999694824219,79.0,78.5999984741211,79.0,29909,0.0,0.0
2026-02-06 01:40:00+00:00,79.0,79.0999984741211,78.80000305175781,78.80000305175781,43475,0.0,0.0
2026-02-06 01:45:00+00:00,79.0,79.5,79.0,79.5,28092,0.0,0.0
2026-02-06 01:50:00+00:00,79.4000015258789,80.0,79.4000015258789,79.80000305175781,33717,0.0,0.0
2026-02-06 01:55:00+00:00,79.80000305175781,79.80000305175781,79.80000305175781,79.80000305175781,20346,0.0,0.0
2026-02-06 02:00:00+00:00,79.9000015258789,80.0,79.69999694824219,79.80000305175781,25100,0.0,0.0
2026-02-06 02:05:00+00:00,79.80000305175781,80.0,79.80000305175781,80.0,6000,0.0,0.0
2026-02-06 02:10:00+00:00,80.0,80.19999694824219,79.9000015258789,79.9000015258789,17538,0.0,0.0
2026-02-06 02:15:00+00:00,79.9000015258789,79.9000015258789,79.9000015258789,79.9000015258789,2135,0.0,0.0
2026-02-06 02:20:00+00:00,79.9000015258789,79.9000015258789,79.80000305175781,79.80000305175781,8020,0.0,0.0
2026-02-06 02:25:00+00:00,80.0,80.0999984741211,80.0,80.0999984741211,15484,0.0,0.0
2026-02-06 02:30:00+00:00,80.0999984741211,80.19999694824219,80.0999984741211,80.19999694824219,7551,0.0,0.0
2026-02-06 02:35:00+00:00,80.30000305175781,80.5999984741211,80.30000305175781,80.4000015258789,16075,0.0,0.0
2026-02-06 02:40:00+00:00,80.19999694824219,80.19999694824219,80.19999694824219,80.19999694824219,3100,0.0,0.0
2026-02-06 02:45:00+00:00,80.19999694824219,80.4000015258789,80.19999694824219,80.4000015258789,13016,0.0,0.0
2026-02-06 02:50:00+00:00,80.19999694824219,80.19999694824219,80.0999984741211,80.0999984741211,8000,0.0,0.0
2026-02-06 02:55:00+00:00,80.0999984741211,80.0999984741211,80.0999984741211,80.0999984741211,2352,0.0,0.0
2026-02-06 03:00:00+00:00,80.0999984741211,80.0999984741211,80.0999984741211,80.0999984741211,35000,0.0,0.0
2026-02-06 03:10:00+00:00,80.0999984741211,80.0999984741211,80.0999984741211,80.0999984741211,3000,0.0,0.0
2026-02-06 03:20:00+00:00,80.19999694824219,80.19999694824219,80.0999984741211,80.0999984741211,9464,0.0,0.0
2026-02-06 03:25:00+00:00,80.0999984741211,80.0999984741211,80.0999984741211,80.0999984741211,9000,0.0,0.0
2026-02-06 03:30:00+00:00,80.0,80.0999984741211,79.9000015258789,79.9000015258789,15000,0.0,0.0
2026-02-06 03:35:00+00:00,79.9000015258789,79.9000015258789,79.9000015258789,79.9000015258789,7073,0.0,0.0
2026-02-06 03:40:00+00:00,79.9000015258789,80.0,79.80000305175781,79.9000015258789,7240,0.0,0.0
2026-02-06 03:50:00+00:00,79.9000015258789,80.4000015258789,79.9000015258789,80.4000015258789,46020,0.0,0.0
2026-02-06 03:55:00+00:00,80.5,80.5,80.0999984741211,80.19999694824219,10050,0.0,0.0
2026-02-06 04:00:00+00:00,80.19999694824219,80.30000305175781,80.19999694824219,80.30000305175781,5868,0.0,0.0
2026-02-06 04:05:00+00:00,80.4000015258789,80.5999984741211,80.30000305175781,80.5,14321,0.0,0.0
2026-02-06 04:10:00+00:00,80.5,80.5999984741211,80.5,80.5999984741211,17102,0.0,0.0
2026-02-06 04:15:00+00:00,80.69999694824219,80.80000305175781,80.5,80.5,9000,0.0,0.0
2026-02-06 04:20:00+00:00,80.5,80.5,80.19999694824219,80.19999694824219,13045,0.0,0.0
2026-02-06 04:30:00+00:00,80.4000015258789,80.4000015258789,80.19999694824219,80.19999694824219,4008,0.0,0.0
2026-02-06 04:40:00+00:00,80.19999694824219,80.19999694824219,80.19999694824219,80.19999694824219,1015,0.0,0.0
2026-02-06 04:45:00+00:00,80.19999694824219,80.5,80.19999694824219,80.5,15795,0.0,0.0
2026-02-06 04:50:00+00:00,80.5999984741211,80.69999694824219,80.5999984741211,80.69999694824219,7000,0.0,0.0
2026-02-06 04:55:00+00:00,80.5999984741211,80.5999984741211,80.4000015258789,80.4000015258789,19000,0.0,0.0
2026-02-06 05:00:00+00:00,80.5,80.5,80.5,80.5,4000,0.0,0.0
2026-02-06 05:05:00+00:00,80.5,80.69999694824219,80.5,80.69999694824219,3000,0.0,0.0
2026-02-06 05:10:00+00:00,80.5999984741211,80.5999984741211,80.5,80.5999984741211,29000,0.0,0.0
2026-02-06 05:15:00+00:00,80.5999984741211,80.80000305175781,80.5999984741211,80.80000305175781,6000,0.0,0.0
2026-02-06 05:20:00+00:00,80.80000305175781,80.80000305175781,80.5999984741211,80.69999694824219,28346,0.0,0.0
2026-02-09 01:00:00+00:00,83.9000015258789,84.4000015258789,83.0,83.0999984741211,0,0.0,0.0
2026-02-09 01:05:00+00:00,82.80000305175781,83.0999984741211,82.30000305175781,82.30000305175781,56888,0.0,0.0
2026-02-09 01:10:00+00:00,82.30000305175781,82.69999694824219,82.19999694824219,82.5999984741211,27330,0.0,0.0
2026-02-09 01:15:00+00:00,82.80000305175781,83.5,82.80000305175781,83.30000305175781,53176,0.0,0.0
2026-02-09 01:20:00+00:00,83.19999694824219,83.80000305175781,83.19999694824219,83.30000305175781,51207,0.0,0.0
2026-02-09 01:25:00+00:00,83.19999694824219,83.30000305175781,83.0,83.0,15508,0.0,0.0
2026-02-09 01:30:00+00:00,82.9000015258789,82.9000015258789,82.80000305175781,82.80000305175781,7528,0.0,0.0
2026-02-09 01:35:00+00:00,82.80000305175781,83.5999984741211,82.80000305175781,83.5,48418,0.0,0.0
2026-02-09 01:40:00+00:00,83.4000015258789,83.4000015258789,83.19999694824219,83.19999694824219,20020,0.0,0.0
2026-02-09 01:45:00+00:00,83.19999694824219,83.69999694824219,83.0999984741211,83.5,55020,0.0,0.0
2026-02-09 01:50:00+00:00,83.4000015258789,83.5,83.4000015258789,83.4000015258789,13100,0.0,0.0
2026-02-09 01:55:00+00:00,83.4000015258789,83.4000015258789,83.0999984741211,83.0999984741211,12070,0.0,0.0
2026-02-09 02:00:00+00:00,83.0,83.0,82.9000015258789,83.0,12063,0.0,0.0
2026-02-09 02:05:00+00:00,82.9000015258789,82.9000015258789,82.80000305175781,82.80000305175781,8195,0.0,0.0
2026-02-09 02:10:00+00:00,82.9000015258789,83.0999984741211,82.9000015258789,83.0999984741211,9000,0.0,0.0
2026-02-09 02:15:00+00:00,83.0999984741211,83.0999984741211,83.0999984741211,83.0999984741211,1000,0.0,0.0
2026-02-09 02:20:00+00:00,83.0,83.0,83.0,83.0,2564,0.0,0.0
2026-02-09 02:25:00+00:00,82.9000015258789,82.9000015258789,82.80000305175781,82.80000305175781,8001,0.0,0.0
2026-02-09 02:30:00+00:00,83.0,83.0,83.0,83.0,8126,0.0,0.0
2026-02-09 02:35:00+00:00,83.0,83.4000015258789,83.0,83.4000015258789,25158,0.0,0.0
2026-02-09 02:40:00+00:00,83.30000305175781,83.30000305175781,83.30000305175781,83.30000305175781,2051,0.0,0.0
2026-02-09 02:45:00+00:00,83.19999694824219,83.19999694824219,83.19999694824219,83.19999694824219,1000,0.0,0.0
2026-02-09 02:50:00+00:00,83.19999694824219,83.19999694824219,83.19999694824219,83.19999694824219,1100,0.0,0.0
2026-02-09 02:55:00+00:00,83.19999694824219,83.19999694824219,83.0999984741211,83.0999984741211,7000,0.0,0.0
2026-02-09 03:00:00+00:00,83.0999984741211,83.19999694824219,83.0999984741211,83.0999984741211,6060,0.0,0.0
2026-02-09 03:05:00+00:00,83.0999984741211,83.19999694824219,83.0,83.0,16071,0.0,0.0
2026-02-09 03:10:00+00:00,83.0,83.0,83.0,83.0,3010,0.0,0.0
2026-02-09 03:15:00+00:00,82.9000015258789,82.9000015258789,82.9000015258789,82.9000015258789,13030,0.0,0.0
2026-02-09 03:20:00+00:00,82.9000015258789,83.0999984741211,82.9000015258789,83.0999984741211,15539,0.0,0.0
2026-02-09 03:25:00+00:00,83.0999984741211,83.0999984741211,83.0999984741211,83.0999984741211,2163,0.0,0.0
2026-02-09 03:30:00+00:00,83.0,83.0,83.0,83.0,11132,0.0,0.0
2026-02-09 03:35:00+00:00,83.0999984741211,83.0999984741211,83.0999984741211,83.0999984741211,2000,0.0,0.0
2026-02-09 03:40:00+00:00,83.0999984741211,83.0999984741211,83.0999984741211,83.0999984741211,1000,0.0,0.0
2026-02-09 03:45:00+00:00,83.0999984741211,83.0999984741211,83.0,83.0,5000,0.0,0.0
2026-02-09 03:50:00+00:00,83.0,83.0,82.9000015258789,83.0,54043,0.0,0.0
2026-02-09 03:55:00+00:00,82.9000015258789,82.9000015258789,82.80000305175781,82.80000305175781,15371,0.0,0.0
2026-02-09 04:00:00+00:00,82.80000305175781,82.9000015258789,82.80000305175781,82.9000015258789,26184,0.0,0.0
2026-02-09 04:05:00+00:00,82.80000305175781,83.0,82.80000305175781,83.0,16287,0.0,0.0
2026-02-09 04:15:00+00:00,83.0,83.0,82.9000015258789,82.9000015258789,7000,0.0,0.0
2026-02-09 04:20:00+00:00,82.80000305175781,82.80000305175781,82.80000305175781,82.80000305175781,8218,0.0,0.0
2026-02-09 04:25:00+00:00,82.80000305175781,82.80000305175781,82.80000305175781,82.80000305175781,3000,0.0,0.0
2026-02-09 04:30:00+00:00,82.80000305175781,82.9000015258789,82.80000305175781,82.9000015258789,9436,0.0,0.0
2026-02-09 04:35:00+00:00,82.80000305175781,82.80000305175781,82.80000305175781,82.80000305175781,2200,0.0,0.0
2026-02-09 04:40:00+00:00,82.80000305175781,82.80000305175781,82.69999694824219,82.80000305175781,15005,0.0,0.0
2026-02-09 04:45:00+00:00,82.80000305175781,82.80000305175781,82.80000305175781,82.80000305175781,6000,0.0,0.0
2026-02-09 04:50:00+00:00,82.80000305175781,82.80000305175781,82.5999984741211,82.5999984741211,10000,0.0,0.0
2026-02-09 04:55:00+00:00,82.5999984741211,82.80000305175781,82.5999984741211,82.69999694824219,12052,0.0,0.0
2026-02-09 05:00:00+00:00,82.69999694824219,82.80000305175781,82.69999694824219,82.80000305175781,9030,0.0,0.0
2026-02-09 05:05:00+00:00,82.80000305175781,83.0,82.80000305175781,83.0,4101,0.0,0.0
2026-02-09 05:10:00+00:00,82.80000305175781,82.9000015258789,82.5,82.5999984741211,27265,0.0,0.0
2026-02-09 05:15:00+00:00,82.5999984741211,82.5999984741211,82.5999984741211,82.5999984741211,16100,0.0,0.0
2026-02-09 05:20:00+00:00,82.69999694824219,82.80000305175781,82.5,82.80000305175781,56057,0.0,0.0
2026-02-10 01:00:00+00:00,83.0,83.0,82.5999984741211,82.5999984741211,0,0.0,0.0
2026-02-10 01:05:00+00:00,82.5999984741211,82.80000305175781,82.4000015258789,82.4000015258789,29800,0.0,0.0
2026-02-10 01:10:00+00:00,82.19999694824219,82.9000015258789,82.0999984741211,82.9000015258789,36320,0.0,0.0
2026-02-10 01:15:00+00:00,82.5999984741211,82.5999984741211,82.19999694824219,82.19999694824219,14290,0.0,0.0
2026-02-10 01:20:00+00:00,82.19999694824219,82.30000305175781,82.0999984741211,82.0999984741211,19080,0.0,0.0
2026-02-10 01:25:00+00:00,82.19999694824219,82.19999694824219,82.0,82.0,14370,0.0,0.0
2026-02-10 01:30:00+00:00,82.0,82.0999984741211,82.0,82.0999984741211,14095,0.0,0.0
2026-02-10 01:35:00+00:00,82.0999984741211,82.0999984741211,82.0999984741211,82.0999984741211,2160,0.0,0.0
2026-02-10 01:40:00+00:00,82.30000305175781,82.5,82.30000305175781,82.5,5137,0.0,0.0
2026-02-10 01:45:00+00:00,82.5999984741211,82.5999984741211,82.5999984741211,82.5999984741211,3568,0.0,0.0
2026-02-10 01:50:00+00:00,82.5,82.5,82.5,82.5,2003,0.0,0.0
2026-02-10 01:55:00+00:00,82.4000015258789,82.5999984741211,82.4000015258789,82.5999984741211,5332,0.0,0.0
2026-02-10 02:00:00+00:00,82.5,82.5,82.5,82.5,1000,0.0,0.0
2026-02-10 02:05:00+00:00,82.4000015258789,82.4000015258789,82.30000305175781,82.30000305175781,6491,0.0,0.0
2026-02-10 02:10:00+00:00,82.5,82.80000305175781,82.5,82.80000305175781,19109,0.0,0.0
2026-02-10 02:15:00+00:00,82.80000305175781,83.30000305175781,82.80000305175781,83.30000305175781,35551,0.0,0.0
2026-02-10 02:20:00+00:00,83.30000305175781,83.4000015258789,83.0999984741211,83.0999984741211,13030,0.0,0.0
2026-02-10 02:25:00+00:00,83.0999984741211,83.0999984741211,83.0,83.0,7000,0.0,0.0
2026-02-10 02:30:00+00:00,83.0,83.0999984741211,82.9000015258789,83.0,8010,0.0,0.0
2026-02-10 02:35:00+00:00,82.9000015258789,82.9000015258789,82.9000015258789,82.9000015258789,2000,0.0,0.0
2026-02-10 02:40:00+00:00,82.9000015258789,82.9000015258789,82.9000015258789,82.9000015258789,1000,0.0,0.0
2026-02-10 02:45:00+00:00,82.80000305175781,82.80000305175781,82.69999694824219,82.69999694824219,5000,0.0,0.0
2026-02-10 02:50:00+00:00,82.69999694824219,82.9000015258789,82.69999694824219,82.9000015258789,19030,0.0,0.0
2026-02-10 02:55:00+00:00,82.9000015258789,82.9000015258789,82.9000015258789,82.9000015258789,1100,0.0,0.0
2026-02-10 03:00:00+00:00,82.9000015258789,82.9000015258789,82.9000015258789,82.9000015258789,5053,0.0,0.0
2026-02-10 03:05:00+00:00,82.9000015258789,82.9000015258789,82.80000305175781,82.80000305175781,3096,0.0,0.0
2026-02-10 03:15:00+00:00,82.80000305175781,83.0,82.80000305175781,82.9000015258789,12001,0.0,0.0
2026-02-10 03:20:00+00:00,82.69999694824219,82.69999694824219,82.69999694824219,82.69999694824219,4050,0.0,0.0
2026-02-10 03:25:00+00:00,82.9000015258789,82.9000015258789,82.69999694824219,82.69999694824219,4000,0.0,0.0
2026-02-10 03:30:00+00:00,82.69999694824219,82.69999694824219,82.69999694824219,82.69999694824219,6553,0.0,0.0
2026-02-10 03:35:00+00:00,82.69999694824219,82.9000015258789,82.69999694824219,82.69999694824219,3000,0.0,0.0
2026-02-10 03:40:00+00:00,82.69999694824219,82.69999694824219,82.69999694824219,82.69999694824219,2000,0.0,0.0
2026-02-10 03:45:00+00:00,82.69999694824219,83.0,82.69999694824219,83.0,19000,0.0,0.0
2026-02-10 03:50:00+00:00,83.0,83.0,83.0,83.0,3000,0.0,0.0
2026-02-10 03:55:00+00:00,83.0,83.0,82.9000015258789,82.9000015258789,5788,0.0,0.0
2026-02-10 04:00:00+00:00,82.9000015258789,82.9000015258789,82.80000305175781,82.80000305175781,6240,0.0,0.0
2026-02-10 04:10:00+00:00,83.0,83.0,83.0,83.0,1000,0.0,0.0
2026-02-10 04:15:00+00:00,82.9000015258789,83.0,82.9000015258789,83.0,5110,0.0,0.0
2026-02-10 04:25:00+00:00,82.80000305175781,82.80000305175781,82.69999694824219,82.69999694824219,11000,0.0,0.0
2026-02-10 04:30:00+00:00,82.69999694824219,82.69999694824219,82.69999694824219,82.69999694824219,3068,0.0,0.0
2026-02-10 04:35:00+00:00,82.69999694824219,82.69999694824219,82.69999694824219,82.69999694824219,2150,0.0,0.0
2026-02-10 04:40:00+00:00,82.69999694824219,82.69999694824219,82.69999694824219,82.69999694824219,3229,0.0,0.0
2026-02-10 04:45:00+00:00,82.80000305175781,82.80000305175781,82.69999694824219,82.69999694824219,3354,0.0,0.0
2026-02-10 04:50:00+00:00,82.80000305175781,82.80000305175781,82.80000305175781,82.80000305175781,4647,0.0,0.0
2026-02-10 04:55:00+00:00,82.69999694824219,82.80000305175781,82.69999694824219,82.80000305175781,3001,0.0,0.0
2026-02-10 05:00:00+00:00,82.69999694824219,82.69999694824219,82.5999984741211,82.5999984741211,9000,0.0,0.0
2026-02-10 05:05:00+00:00,82.5999984741211,82.80000305175781,82.5999984741211,82.80000305175781,2000,0.0,0.0
2026-02-10 05:10:00+00:00,82.69999694824219,82.69999694824219,82.5,82.5,32531,0.0,0.0
2026-02-10 05:15:00+00:00,82.5,82.5,82.30000305175781,82.5,26156,0.0,0.0
2026-02-10 05:20:00+00:00,82.5,82.5999984741211,82.30000305175781,82.30000305175781,10123,0.0,0.0
2026-02-11 01:00:00+00:00,82.4000015258789,82.5,82.19999694824219,82.19999694824219,0,0.0,0.0
2026-02-11 01:05:00+00:00,82.19999694824219,82.30000305175781,82.0999984741211,82.0999984741211,43308,0.0,0.0
2026-02-11 01:10:00+00:00,82.0999984741211,82.19999694824219,82.0999984741211,82.0999984741211,19286,0.0,0.0
2026-02-11 01:15:00+00:00,82.19999694824219,82.19999694824219,82.19999694824219,82.19999694824219,1235,0.0,0.0
2026-02-11 01:20:00+00:00,82.19999694824219,82.19999694824219,82.19999694824219,82.19999694824219,2000,0.0,0.0
2026-02-11 01:25:00+00:00,82.0999984741211,82.0999984741211,82.0999984741211,82.0999984741211,8000,0.0,0.0
2026-02-11 01:30:00+00:00,82.19999694824219,82.19999694824219,82.0999984741211,82.0999984741211,20000,0.0,0.0
2026-02-11 01:35:00+00:00,82.0,82.0999984741211,81.9000015258789,82.0999984741211,36100,0.0,0.0
2026-02-11 01:40:00+00:00,82.0999984741211,82.0999984741211,82.0,82.0,10050,0.0,0.0
2026-02-11 01:45:00+00:00,81.9000015258789,81.9000015258789,81.9000015258789,81.9000015258789,7900,0.0,0.0
2026-02-11 01:50:00+00:00,81.9000015258789,81.9000015258789,81.9000015258789,81.9000015258789,6195,0.0,0.0
2026-02-11 01:55:00+00:00,81.9000015258789,82.19999694824219,81.9000015258789,82.19999694824219,26420,0.0,0.0
2026-02-11 02:00:00+00:00,82.19999694824219,82.19999694824219,82.19999694824219,82.19999694824219,4030,0.0,0.0
2026-02-11 02:05:00+00:00,82.19999694824219,82.19999694824219,82.19999694824219,82.19999694824219,8249,0.0,0.0
2026-02-11 02:10:00+00:00,82.19999694824219,82.30000305175781,82.19999694824219,82.30000305175781,7821,0.0,0.0
2026-02-11 02:15:00+00:00,82.5,82.5,82.30000305175781,82.30000305175781,3100,0.0,0.0
2026-02-11 02:20:00+00:00,82.4000015258789,82.4000015258789,82.4000015258789,82.4000015258789,6058,0.0,0.0
2026-02-11 02:25:00+00:00,82.4000015258789,82.5,82.4000015258789,82.5,4129,0.0,0.0
2026-02-11 02:35:00+00:00,82.4000015258789,82.4000015258789,82.4000015258789,82.4000015258789,4024,0.0,0.0
2026-02-11 02:40:00+00:00,82.30000305175781,82.30000305175781,82.19999694824219,82.19999694824219,17000,0.0,0.0
2026-02-11 02:45:00+00:00,82.19999694824219,82.19999694824219,82.0999984741211,82.0999984741211,8009,0.0,0.0
2026-02-11 02:50:00+00:00,82.19999694824219,82.19999694824219,82.0,82.0999984741211,21724,0.0,0.0
2026-02-11 02:55:00+00:00,82.19999694824219,82.4000015258789,82.19999694824219,82.30000305175781,7010,0.0,0.0
2026-02-11 03:00:00+00:00,82.4000015258789,82.4000015258789,82.30000305175781,82.30000305175781,5090,0.0,0.0
2026-02-11 03:05:00+00:00,82.4000015258789,82.4000015258789,82.4000015258789,82.4000015258789,2000,0.0,0.0
2026-02-11 03:10:00+00:00,82.30000305175781,82.30000305175781,82.19999694824219,82.19999694824219,10200,0.0,0.0
2026-02-11 03:15:00+00:00,82.19999694824219,82.30000305175781,82.19999694824219,82.30000305175781,6000,0.0,0.0
2026-02-11 03:20:00+00:00,82.30000305175781,82.30000305175781,82.30000305175781,82.30000305175781,1000,0.0,0.0
2026-02-11 03:25:00+00:00,82.30000305175781,82.4000015258789,82.30000305175781,82.4000015258789,2000,0.0,0.0
2026-02-11 03:30:00+00:00,82.4000015258789,82.4000015258789,82.4000015258789,82.4000015258789,2200,0.0,0.0
2026-02-11 03:35:00+00:00,82.4000015258789,82.4000015258789,82.30000305175781,82.30000305175781,13100,0.0,0.0
2026-02-11 03:40:00+00:00,82.30000305175781,82.4000015258789,82.19999694824219,82.19999694824219,20200,0.0,0.0
2026-02-11 03:45:00+00:00,82.30000305175781,82.4000015258789,82.30000305175781,82.4000015258789,16000,0.0,0.0
2026-02-11 03:50:00+00:00,82.4000015258789,82.4000015258789,82.19999694824219,82.19999694824219,11335,0.0,0.0
2026-02-11 04:00:00+00:00,82.19999694824219,82.19999694824219,82.19999694824219,82.19999694824219,6050,0.0,0.0
2026-02-11 04:05:00+00:00,82.19999694824219,82.19999694824219,82.0999984741211,82.0999984741211,12000,0.0,0.0
2026-02-11 04:10:00+00:00,82.30000305175781,82.30000305175781,82.30000305175781,82.30000305175781,2000,0.0,0.0
2026-02-11 04:15:00+00:00,82.30000305175781,82.4000015258789,82.30000305175781,82.30000305175781,4200,0.0,0.0
2026-02-11 04:20:00+00:00,82.30000305175781,82.30000305175781,82.19999694824219,82.19999694824219,9200,0.0,0.0
2026-02-11 04:25:00+00:00,82.19999694824219,82.5,82.19999694824219,82.5,18107,0.0,0.0
2026-02-11 04:30:00+00:00,82.5,82.5,82.5,82.5,2000,0.0,0.0
2026-02-11 04:35:00+00:00,82.4000015258789,82.4000015258789,82.4000015258789,82.4000015258789,2700,0.0,0.0
2026-02-11 04:40:00+00:00,82.5,82.80000305175781,82.5,82.80000305175781,35185,0.0,0.0
2026-02-11 04:45:00+00:00,82.80000305175781,82.80000305175781,82.80000305175781,82.80000305175781,6024,0.0,0.0
2026-02-11 04:50:00+00:00,82.80000305175781,82.80000305175781,82.80000305175781,82.80000305175781,5149,0.0,0.0
2026-02-11 04:55:00+00:00,82.9000015258789,82.9000015258789,82.80000305175781,82.80000305175781,9000,0.0,0.0
2026-02-11 05:00:00+00:00,82.80000305175781,82.9000015258789,82.80000305175781,82.9000015258789,6026,0.0,0.0
2026-02-11 05:05:00+00:00,82.9000015258789,82.9000015258789,82.9000015258789,82.9000015258789,12060,0.0,0.0
2026-02-11 05:10:00+00:00,82.80000305175781,83.0,82.80000305175781,83.0,17152,0.0,0.0
2026-02-11 05:15:00+00:00,82.9000015258789,83.0,82.80000305175781,82.80000305175781,18001,0.0,0.0
2026-02-11 05:20:00+00:00,82.9000015258789,83.0,82.9000015258789,82.9000015258789,10136,0.0,0.0
2026-02-23 01:00:00+00:00,84.0,84.0,83.0,83.80000305175781,29000,0.0,0.0
2026-02-23 01:05:00+00:00,83.5,83.9000015258789,83.5,83.9000015258789,23711,0.0,0.0
2026-02-23 01:10:00+00:00,83.5999984741211,85.5999984741211,83.5,85.30000305175781,138719,0.0,0.0
2026-02-23 01:15:00+00:00,85.19999694824219,85.19999694824219,84.5999984741211,84.69999694824219,49170,0.0,0.0
2026-02-23 01:20:00+00:00,84.5999984741211,84.9000015258789,84.5999984741211,84.9000015258789,39000,0.0,0.0
2026-02-23 01:25:00+00:00,84.69999694824219,84.69999694824219,84.5,84.5,20600,0.0,0.0
2026-02-23 01:30:00+00:00,84.4000015258789,84.4000015258789,84.19999694824219,84.19999694824219,25080,0.0,0.0
2026-02-23 01:35:00+00:00,84.19999694824219,84.5,84.19999694824219,84.5,16640,0.0,0.0
2026-02-23 01:40:00+00:00,84.5,84.5,84.4000015258789,84.5,8104,0.0,0.0
2026-02-23 01:45:00+00:00,84.4000015258789,84.5999984741211,84.4000015258789,84.5999984741211,49895,0.0,0.0
2026-02-23 01:50:00+00:00,84.5999984741211,84.9000015258789,84.5,84.9000015258789,17359,0.0,0.0
2026-02-23 01:55:00+00:00,84.9000015258789,84.9000015258789,84.80000305175781,84.9000015258789,20000,0.0,0.0
2026-02-23 02:00:00+00:00,84.9000015258789,84.9000015258789,84.80000305175781,84.80000305175781,15000,0.0,0.0
2026-02-23 02:05:00+00:00,84.9000015258789,84.9000015258789,84.9000015258789,84.9000015258789,6505,0.0,0.0
2026-02-23 02:10:00+00:00,84.9000015258789,85.0,84.80000305175781,85.0,28000,0.0,0.0
2026-02-23 02:15:00+00:00,84.9000015258789,84.9000015258789,84.80000305175781,84.9000015258789,7009,0.0,0.0
2026-02-23 02:20:00+00:00,84.80000305175781,84.9000015258789,84.80000305175781,84.9000015258789,10162,0.0,0.0
2026-02-23 02:30:00+00:00,84.80000305175781,84.80000305175781,84.69999694824219,84.69999694824219,12214,0.0,0.0
2026-02-23 02:35:00+00:00,84.5999984741211,84.69999694824219,84.5999984741211,84.69999694824219,8000,0.0,0.0
2026-02-23 02:40:00+00:00,84.80000305175781,84.80000305175781,84.80000305175781,84.80000305175781,7000,0.0,0.0
2026-02-23 02:45:00+00:00,84.80000305175781,84.80000305175781,84.69999694824219,84.80000305175781,22200,0.0,0.0
2026-02-23 02:50:00+00:00,84.80000305175781,84.80000305175781,84.80000305175781,84.80000305175781,1000,0.0,0.0
2026-02-23 02:55:00+00:00,84.80000305175781,84.80000305175781,84.5,84.5,26000,0.0,0.0
2026-02-23 03:00:00+00:00,84.5999984741211,84.5999984741211,84.5999984741211,84.5999984741211,2200,0.0,0.0
2026-02-23 03:05:00+00:00,84.5999984741211,84.69999694824219,84.5999984741211,84.69999694824219,10013,0.0,0.0
2026-02-23 03:10:00+00:00,84.5999984741211,84.5999984741211,84.5999984741211,84.5999984741211,3239,0.0,0.0
2026-02-23 03:15:00+00:00,84.5999984741211,84.5999984741211,84.5,84.5999984741211,19653,0.0,0.0
2026-02-23 03:25:00+00:00,84.5,84.5,84.4000015258789,84.5,17106,0.0,0.0
2026-02-23 03:30:00+00:00,84.5999984741211,84.5999984741211,84.5,84.5999984741211,6451,0.0,0.0
2026-02-23 03:35:00+00:00,84.5999984741211,84.5999984741211,84.5999984741211,84.5999984741211,2233,0.0,0.0
2026-02-23 03:40:00+00:00,84.5999984741211,84.5999984741211,84.5999984741211,84.5999984741211,2000,0.0,0.0
2026-02-23 03:45:00+00:00,84.69999694824219,85.5,84.69999694824219,85.4000015258789,147078,0.0,0.0
2026-02-23 03:50:00+00:00,85.19999694824219,85.4000015258789,85.19999694824219,85.30000305175781,12000,0.0,0.0
2026-02-23 03:55:00+00:00,85.19999694824219,85.19999694824219,85.0,85.0999984741211,36250,0.0,0.0
2026-02-23 04:00:00+00:00,85.0999984741211,85.0999984741211,85.0,85.0,7000,0.0,0.0
2026-02-23 04:05:00+00:00,85.0999984741211,85.19999694824219,85.0999984741211,85.19999694824219,3383,0.0,0.0
2026-02-23 04:10:00+00:00,85.19999694824219,85.30000305175781,85.19999694824219,85.30000305175781,3016,0.0,0.0
2026-02-23 04:15:00+00:00,85.19999694824219,85.19999694824219,85.0999984741211,85.0999984741211,8019,0.0,0.0
2026-02-23 04:20:00+00:00,85.0999984741211,85.19999694824219,85.0999984741211,85.19999694824219,10110,0.0,0.0
2026-02-23 04:25:00+00:00,85.19999694824219,85.4000015258789,85.19999694824219,85.4000015258789,20350,0.0,0.0
2026-02-23 04:30:00+00:00,85.5,85.5,85.4000015258789,85.4000015258789,11000,0.0,0.0
2026-02-23 04:35:00+00:00,85.30000305175781,85.5,85.30000305175781,85.5,7021,0.0,0.0
2026-02-23 04:40:00+00:00,85.4000015258789,85.4000015258789,85.19999694824219,85.30000305175781,13080,0.0,0.0
2026-02-23 04:45:00+00:00,85.4000015258789,85.4000015258789,85.30000305175781,85.4000015258789,4117,0.0,0.0
2026-02-23 04:50:00+00:00,85.30000305175781,85.30000305175781,85.30000305175781,85.30000305175781,4000,0.0,0.0
2026-02-23 04:55:00+00:00,85.4000015258789,85.4000015258789,85.30000305175781,85.4000015258789,7000,0.0,0.0
2026-02-23 05:00:00+00:00,85.30000305175781,85.4000015258789,85.19999694824219,85.30000305175781,11000,0.0,0.0
2026-02-23 05:05:00+00:00,85.4000015258789,85.4000015258789,85.30000305175781,85.30000305175781,19200,0.0,0.0
2026-02-23 05:10:00+00:00,85.30000305175781,85.4000015258789,85.19999694824219,85.30000305175781,23773,0.0,0.0
2026-02-23 05:15:00+00:00,85.19999694824219,85.19999694824219,85.0,85.0999984741211,19443,0.0,0.0
2026-02-23 05:20:00+00:00,85.0,85.19999694824219,85.0,85.0,21299,0.0,0.0
2026-02-24 01:00:00+00:00,85.0,85.5,84.9000015258789,85.5,0,0.0,0.0
2026-02-24 01:05:00+00:00,85.5999984741211,85.69999694824219,85.4000015258789,85.4000015258789,25203,0.0,0.0
2026-02-24 01:10:00+00:00,85.4000015258789,85.5,85.4000015258789,85.4000015258789,15000,0.0,0.0
2026-02-24 01:15:00+00:00,85.4000015258789,85.69999694824219,85.4000015258789,85.69999694824219,29400,0.0,0.0
2026-02-24 01:20:00+00:00,85.69999694824219,85.9000015258789,85.69999694824219,85.80000305175781,31567,0.0,0.0
2026-02-24 01:25:00+00:00,85.80000305175781,85.80000305175781,85.5999984741211,85.5999984741211,20350,0.0,0.0
2026-02-24 01:30:00+00:00,85.69999694824219,85.69999694824219,85.5,85.69999694824219,17330,0.0,0.0
2026-02-24 01:35:00+00:00,85.69999694824219,85.69999694824219,85.69999694824219,85.69999694824219,6036,0.0,0.0
2026-02-24 01:40:00+00:00,85.69999694824219,85.80000305175781,85.5999984741211,85.5999984741211,38002,0.0,0.0
2026-02-24 01:45:00+00:00,85.5,85.5999984741211,85.5,85.5,26000,0.0,0.0
2026-02-24 01:50:00+00:00,85.5,85.5,85.5,85.5,12025,0.0,0.0
2026-02-24 01:55:00+00:00,85.5,85.5,85.5,85.5,12482,0.0,0.0
2026-02-24 02:00:00+00:00,85.5,85.69999694824219,85.5,85.69999694824219,26025,0.0,0.0
2026-02-24 02:05:00+00:00,85.69999694824219,85.69999694824219,85.69999694824219,85.69999694824219,4000,0.0,0.0
2026-02-24 02:10:00+00:00,85.69999694824219,85.69999694824219,85.5999984741211,85.5999984741211,7000,0.0,0.0
2026-02-24 02:15:00+00:00,85.5,85.5,85.0,85.4000015258789,69507,0.0,0.0
2026-02-24 02:20:00+00:00,85.4000015258789,85.5,85.0,85.0,21336,0.0,0.0
2026-02-24 02:25:00+00:00,85.0,85.30000305175781,85.0,85.30000305175781,9060,0.0,0.0
2026-02-24 02:30:00+00:00,85.0999984741211,85.30000305175781,85.0999984741211,85.30000305175781,20000,0.0,0.0
2026-02-24 02:35:00+00:00,85.19999694824219,85.19999694824219,85.0999984741211,85.0999984741211,30000,0.0,0.0
2026-02-24 02:40:00+00:00,85.0999984741211,85.0999984741211,85.0,85.0,17000,0.0,0.0
2026-02-24 02:45:00+00:00,85.0,85.0999984741211,85.0,85.0999984741211,4013,0.0,0.0
2026-02-24 02:50:00+00:00,85.0999984741211,85.19999694824219,85.0,85.0,14008,0.0,0.0
2026-02-24 02:55:00+00:00,85.0,85.0,84.9000015258789,84.9000015258789,12502,0.0,0.0
2026-02-24 03:00:00+00:00,84.9000015258789,85.0,84.80000305175781,84.80000305175781,16067,0.0,0.0
2026-02-24 03:05:00+00:00,84.80000305175781,84.80000305175781,84.80000305175781,84.80000305175781,24519,0.0,0.0
2026-02-24 03:10:00+00:00,84.9000015258789,85.0,84.9000015258789,85.0,25000,0.0,0.0
2026-02-24 03:15:00+00:00,85.30000305175781,85.30000305175781,85.0999984741211,85.0999984741211,7000,0.0,0.0
2026-02-24 03:20:00+00:00,85.0,85.0,85.0,85.0,5100,0.0,0.0
2026-02-24 03:25:00+00:00,85.0,85.0,85.0,85.0,6100,0.0,0.0
2026-02-24 03:30:00+00:00,85.0,85.0999984741211,85.0,85.0999984741211,16000,0.0,0.0
2026-02-24 03:35:00+00:00,85.0999984741211,85.0999984741211,85.0,85.0,30030,0.0,0.0
2026-02-24 03:40:00+00:00,85.0,85.0999984741211,85.0,85.0999984741211,24001,0.0,0.0
2026-02-24 03:45:00+00:00,85.0999984741211,85.0999984741211,85.0,85.0,9000,0.0,0.0
2026-02-24 03:50:00+00:00,85.0,85.4000015258789,85.0,85.4000015258789,30056,0.0,0.0
2026-02-24 03:55:00+00:00,85.19999694824219,85.19999694824219,84.9000015258789,84.9000015258789,49013,0.0,0.0
2026-02-24 04:00:00+00:00,85.19999694824219,85.30000305175781,85.19999694824219,85.30000305175781,4000,0.0,0.0
2026-02-24 04:05:00+00:00,85.30000305175781,85.30000305175781,85.30000305175781,85.30000305175781,1236,0.0,0.0
2026-02-24 04:10:00+00:00,85.0999984741211,85.4000015258789,85.0999984741211,85.4000015258789,10318,0.0,0.0
2026-02-24 04:15:00+00:00,85.4000015258789,85.4000015258789,85.4000015258789,85.4000015258789,8000,0.0,0.0
2026-02-24 04:20:00+00:00,85.4000015258789,85.4000015258789,85.4000015258789,85.4000015258789,3000,0.0,0.0
2026-02-24 04:25:00+00:00,85.4000015258789,85.4000015258789,85.4000015258789,85.4000015258789,2325,0.0,0.0
2026-02-24 04:30:00+00:00,85.4000015258789,85.4000015258789,85.4000015258789,85.4000015258789,2020,0.0,0.0
2026-02-24 04:35:00+00:00,85.30000305175781,85.4000015258789,85.30000305175781,85.4000015258789,11191,0.0,0.0
2026-02-24 04:40:00+00:00,85.4000015258789,85.5,85.4000015258789,85.5,12020,0.0,0.0
2026-02-24 04:45:00+00:00,85.4000015258789,85.5,85.4000015258789,85.5,15132,0.0,0.0
2026-02-24 04:50:00+00:00,85.30000305175781,85.30000305175781,85.30000305175781,85.30000305175781,3149,0.0,0.0
2026-02-24 04:55:00+00:00,85.4000015258789,85.5,85.4000015258789,85.5,12095,0.0,0.0
2026-02-24 05:00:00+00:00,85.5,85.5,85.5,85.5,2020,0.0,0.0
2026-02-24 05:05:00+00:00,85.5,85.5999984741211,85.4000015258789,85.5999984741211,39322,0.0,0.0
2026-02-24 05:10:00+00:00,85.5999984741211,85.5999984741211,85.4000015258789,85.5,27000,0.0,0.0
2026-02-24 05:15:00+00:00,85.30000305175781,85.30000305175781,85.0999984741211,85.19999694824219,27045,0.0,0.0
2026-02-24 05:20:00+00:00,85.0999984741211,85.0999984741211,85.0,85.0,29577,0.0,0.0
2026-02-25 01:00:00+00:00,85.30000305175781,86.0999984741211,85.30000305175781,85.9000015258789,0,0.0,0.0
2026-02-25 01:05:00+00:00,85.9000015258789,85.9000015258789,85.4000015258789,85.4000015258789,38504,0.0,0.0
2026-02-25 01:10:00+00:00,85.30000305175781,85.30000305175781,85.0999984741211,85.0999984741211,30100,0.0,0.0
2026-02-25 01:15:00+00:00,85.0,85.0999984741211,85.0,85.0,49000,0.0,0.0
2026-02-25 01:20:00+00:00,85.0,85.30000305175781,84.9000015258789,85.0999984741211,36011,0.0,0.0
2026-02-25 01:25:00+00:00,85.0,85.0,84.80000305175781,84.9000015258789,32706,0.0,0.0
2026-02-25 01:30:00+00:00,84.9000015258789,85.0999984741211,84.9000015258789,85.0999984741211,14210,0.0,0.0
2026-02-25 01:35:00+00:00,85.0999984741211,85.4000015258789,85.0,85.0,50553,0.0,0.0
2026-02-25 01:40:00+00:00,85.0,85.0,85.0,85.0,16000,0.0,0.0
2026-02-25 01:45:00+00:00,85.0,85.0,84.9000015258789,85.0,7486,0.0,0.0
2026-02-25 01:50:00+00:00,85.0999984741211,85.0999984741211,85.0999984741211,85.0999984741211,1144,0.0,0.0
2026-02-25 01:55:00+00:00,85.19999694824219,85.30000305175781,85.19999694824219,85.30000305175781,19097,0.0,0.0
2026-02-25 02:00:00+00:00,85.0999984741211,85.30000305175781,85.0999984741211,85.30000305175781,5102,0.0,0.0
2026-02-25 02:05:00+00:00,85.30000305175781,85.30000305175781,85.0999984741211,85.0999984741211,18000,0.0,0.0
2026-02-25 02:10:00+00:00,85.0999984741211,85.30000305175781,85.0999984741211,85.30000305175781,3000,0.0,0.0
2026-02-25 02:15:00+00:00,85.30000305175781,85.30000305175781,85.0999984741211,85.0999984741211,8200,0.0,0.0
2026-02-25 02:20:00+00:00,85.0999984741211,85.0999984741211,85.0999984741211,85.0999984741211,5500,0.0,0.0
2026-02-25 02:25:00+00:00,85.0999984741211,85.19999694824219,85.0999984741211,85.19999694824219,12088,0.0,0.0
2026-02-25 02:30:00+00:00,85.0,85.0,85.0,85.0,14000,0.0,0.0
2026-02-25 02:35:00+00:00,85.0,85.0999984741211,84.9000015258789,85.0999984741211,15337,0.0,0.0
2026-02-25 02:40:00+00:00,85.0999984741211,85.0999984741211,85.0999984741211,85.0999984741211,3050,0.0,0.0
2026-02-25 02:45:00+00:00,85.0999984741211,85.19999694824219,85.0999984741211,85.19999694824219,4050,0.0,0.0
2026-02-25 02:50:00+00:00,85.0999984741211,85.19999694824219,85.0999984741211,85.19999694824219,4100,0.0,0.0
2026-02-25 02:55:00+00:00,85.19999694824219,85.19999694824219,85.19999694824219,85.19999694824219,6000,0.0,0.0
2026-02-25 03:00:00+00:00,85.19999694824219,85.19999694824219,85.0999984741211,85.19999694824219,9002,0.0,0.0
2026-02-25 03:05:00+00:00,85.0999984741211,85.0999984741211,85.0999984741211,85.0999984741211,10000,0.0,0.0
2026-02-25 03:15:00+00:00,85.0,85.0,85.0,85.0,27000,0.0,0.0
2026-02-25 03:20:00+00:00,85.0999984741211,85.19999694824219,85.0999984741211,85.19999694824219,25000,0.0,0.0
2026-02-25 03:25:00+00:00,85.0999984741211,85.0999984741211,85.0,85.0,5000,0.0,0.0
2026-02-25 03:30:00+00:00,85.0,85.0,85.0,85.0,4000,0.0,0.0
2026-02-25 03:40:00+00:00,84.9000015258789,84.9000015258789,84.9000015258789,84.9000015258789,29016,0.0,0.0
2026-02-25 03:45:00+00:00,84.80000305175781,85.0999984741211,84.80000305175781,85.0,26200,0.0,0.0
2026-02-25 03:50:00+00:00,85.0,85.0,85.0,85.0,11000,0.0,0.0
2026-02-25 03:55:00+00:00,85.0999984741211,85.0999984741211,85.0,85.0,7050,0.0,0.0
2026-02-25 04:00:00+00:00,85.0,85.0999984741211,84.80000305175781,85.0999984741211,12000,0.0,0.0
2026-02-25 04:05:00+00:00,84.80000305175781,85.0,84.80000305175781,85.0,7662,0.0,0.0
2026-02-25 04:10:00+00:00,85.0,85.0,85.0,85.0,1000,0.0,0.0
2026-02-25 04:15:00+00:00,84.9000015258789,84.9000015258789,84.80000305175781,84.80000305175781,5000,0.0,0.0
2026-02-25 04:20:00+00:00,84.80000305175781,84.80000305175781,84.80000305175781,84.80000305175781,6002,0.0,0.0
2026-02-25 04:25:00+00:00,84.9000015258789,85.0,84.80000305175781,84.9000015258789,17000,0.0,0.0
2026-02-25 04:30:00+00:00,84.9000015258789,85.0,84.80000305175781,84.80000305175781,9000,0.0,0.0
2026-02-25 04:35:00+00:00,84.80000305175781,85.0,84.80000305175781,84.80000305175781,21500,0.0,0.0
2026-02-25 04:40:00+00:00,84.80000305175781,84.9000015258789,84.5999984741211,84.80000305175781,81506,0.0,0.0
2026-02-25 04:45:00+00:00,84.80000305175781,84.9000015258789,84.80000305175781,84.80000305175781,27100,0.0,0.0
2026-02-25 04:50:00+00:00,84.80000305175781,84.9000015258789,84.80000305175781,84.9000015258789,6150,0.0,0.0
2026-02-25 04:55:00+00:00,84.9000015258789,84.9000015258789,84.9000015258789,84.9000015258789,3195,0.0,0.0
2026-02-25 05:00:00+00:00,84.9000015258789,85.0,84.9000015258789,85.0,17121,0.0,0.0
2026-02-25 05:05:00+00:00,85.0,85.0999984741211,85.0,85.0,17235,0.0,0.0
2026-02-25 05:10:00+00:00,85.0,85.0999984741211,85.0,85.0,12100,0.0,0.0
2026-02-25 05:15:00+00:00,84.9000015258789,85.0,84.9000015258789,85.0,6370,0.0,0.0
2026-02-25 05:20:00+00:00,84.9000015258789,85.0999984741211,84.9000015258789,85.0999984741211,18235,0.0,0.0
2026-02-26 01:00:00+00:00,84.5999984741211,85.19999694824219,84.5999984741211,84.5999984741211,0,0.0,0.0
2026-02-26 01:05:00+00:00,84.69999694824219,84.69999694824219,84.69999694824219,84.69999694824219,12504,0.0,0.0
2026-02-26 01:10:00+00:00,84.80000305175781,84.80000305175781,84.69999694824219,84.69999694824219,12000,0.0,0.0
2026-02-26 01:15:00+00:00,84.5999984741211,85.0,84.5,84.69999694824219,57380,0.0,0.0
2026-02-26 01:20:00+00:00,84.5999984741211,84.5999984741211,84.30000305175781,84.30000305175781,51902,0.0,0.0
2026-02-26 01:25:00+00:00,84.30000305175781,84.4000015258789,84.0999984741211,84.19999694824219,37836,0.0,0.0
2026-02-26 01:30:00+00:00,84.0999984741211,84.30000305175781,84.0999984741211,84.19999694824219,20204,0.0,0.0
2026-02-26 01:35:00+00:00,84.4000015258789,84.5999984741211,84.4000015258789,84.5999984741211,24153,0.0,0.0
2026-02-26 01:40:00+00:00,84.5999984741211,84.5999984741211,84.5999984741211,84.5999984741211,22285,0.0,0.0
2026-02-26 01:45:00+00:00,84.5,84.5999984741211,84.5,84.5,49092,0.0,0.0
2026-02-26 01:50:00+00:00,84.5,84.5,84.30000305175781,84.30000305175781,9038,0.0,0.0
2026-02-26 01:55:00+00:00,84.4000015258789,84.4000015258789,84.4000015258789,84.4000015258789,6253,0.0,0.0
2026-02-26 02:00:00+00:00,84.4000015258789,84.4000015258789,84.4000015258789,84.4000015258789,3000,0.0,0.0
2026-02-26 02:10:00+00:00,84.4000015258789,84.5,84.4000015258789,84.5,14020,0.0,0.0
2026-02-26 02:15:00+00:00,84.5,84.5999984741211,84.5,84.5999984741211,28075,0.0,0.0
2026-02-26 02:20:00+00:00,84.5999984741211,84.5999984741211,84.5,84.5999984741211,14000,0.0,0.0
2026-02-26 02:25:00+00:00,84.5,84.80000305175781,84.5,84.80000305175781,24000,0.0,0.0
2026-02-26 02:30:00+00:00,84.80000305175781,84.80000305175781,84.69999694824219,84.69999694824219,8762,0.0,0.0
2026-02-26 02:35:00+00:00,84.69999694824219,84.69999694824219,84.69999694824219,84.69999694824219,8300,0.0,0.0
2026-02-26 02:40:00+00:00,84.80000305175781,84.80000305175781,84.80000305175781,84.80000305175781,2000,0.0,0.0
2026-02-26 02:45:00+00:00,84.80000305175781,85.0,84.80000305175781,85.0,51100,0.0,0.0
2026-02-26 02:50:00+00:00,85.0,85.0999984741211,85.0,85.0999984741211,16756,0.0,0.0
2026-02-26 02:55:00+00:00,85.0999984741211,85.0999984741211,85.0,85.0,35052,0.0,0.0
2026-02-26 03:00:00+00:00,85.0,85.0,85.0,85.0,12000,0.0,0.0
2026-02-26 03:05:00+00:00,85.0,85.19999694824219,85.0,85.19999694824219,23252,0.0,0.0
2026-02-26 03:15:00+00:00,85.0999984741211,85.0999984741211,84.80000305175781,84.80000305175781,43318,0.0,0.0
2026-02-26 03:20:00+00:00,84.69999694824219,84.69999694824219,84.5999984741211,84.5999984741211,7000,0.0,0.0
2026-02-26 03:25:00+00:00,84.5999984741211,84.5999984741211,84.5,84.5999984741211,28137,0.0,0.0
2026-02-26 03:30:00+00:00,84.5,84.5999984741211,84.5,84.5999984741211,14150,0.0,0.0
2026-02-26 03:35:00+00:00,84.5999984741211,84.5999984741211,84.5999984741211,84.5999984741211,4000,0.0,0.0
2026-02-26 03:40:00+00:00,84.69999694824219,84.80000305175781,84.69999694824219,84.69999694824219,14000,0.0,0.0
2026-02-26 03:45:00+00:00,84.5999984741211,84.5999984741211,84.5,84.5,16825,0.0,0.0
2026-02-26 03:50:00+00:00,84.4000015258789,84.5,84.4000015258789,84.5,9100,0.0,0.0
2026-02-26 03:55:00+00:00,84.5,84.5,84.4000015258789,84.4000015258789,28170,0.0,0.0
2026-02-26 04:00:00+00:00,84.30000305175781,84.30000305175781,84.19999694824219,84.19999694824219,40433,0.0,0.0
2026-02-26 04:05:00+00:00,84.30000305175781,84.30000305175781,84.0,84.19999694824219,73000,0.0,0.0
2026-02-26 04:10:00+00:00,84.19999694824219,84.19999694824219,84.19999694824219,84.19999694824219,14000,0.0,0.0
2026-02-26 04:15:00+00:00,84.19999694824219,84.19999694824219,84.0999984741211,84.19999694824219,4424,0.0,0.0
2026-02-26 04:20:00+00:00,84.19999694824219,84.19999694824219,84.0999984741211,84.0999984741211,16000,0.0,0.0
2026-02-26 04:25:00+00:00,84.0999984741211,84.19999694824219,84.0999984741211,84.19999694824219,5000,0.0,0.0
2026-02-26 04:30:00+00:00,84.19999694824219,84.19999694824219,84.0999984741211,84.0999984741211,22904,0.0,0.0
2026-02-26 04:35:00+00:00,84.0,84.19999694824219,84.0,84.0999984741211,15000,0.0,0.0
2026-02-26 04:40:00+00:00,84.19999694824219,84.19999694824219,84.0,84.0,24000,0.0,0.0
2026-02-26 04:45:00+00:00,84.0999984741211,84.5,84.0,84.5,34500,0.0,0.0
2026-02-26 04:50:00+00:00,84.5,84.5,84.19999694824219,84.4000015258789,6000,0.0,0.0
2026-02-26 04:55:00+00:00,84.4000015258789,84.4000015258789,84.0,84.19999694824219,38000,0.0,0.0
2026-02-26 05:00:00+00:00,84.19999694824219,84.19999694824219,84.0999984741211,84.19999694824219,8100,0.0,0.0
2026-02-26 05:05:00+00:00,84.19999694824219,84.19999694824219,83.9000015258789,83.9000015258789,92048,0.0,0.0
2026-02-26 05:10:00+00:00,83.9000015258789,84.0,83.9000015258789,84.0,9448,0.0,0.0
2026-02-26 05:15:00+00:00,84.0,84.0999984741211,83.9000015258789,84.0,20000,0.0,0.0
2026-02-26 05:20:00+00:00,84.0999984741211,84.5,84.0,84.5,19100,0.0,0.0
2026-03-02 01:00:00+00:00,81.9000015258789,83.0999984741211,81.80000305175781,83.0999984741211,0,0.0,0.0
2026-03-02 01:05:00+00:00,83.0,83.0999984741211,82.0999984741211,82.5999984741211,70620,0.0,0.0
2026-03-02 01:10:00+00:00,82.5999984741211,82.69999694824219,82.30000305175781,82.69999694824219,32403,0.0,0.0
2026-03-02 01:15:00+00:00,82.69999694824219,83.0,82.5999984741211,82.80000305175781,63418,0.0,0.0
2026-03-02 01:20:00+00:00,82.9000015258789,83.69999694824219,82.80000305175781,83.69999694824219,29000,0.0,0.0
2026-03-02 01:25:00+00:00,83.69999694824219,83.69999694824219,83.19999694824219,83.19999694824219,12220,0.0,0.0
2026-03-02 01:30:00+00:00,83.0999984741211,83.5,83.0,83.4000015258789,33604,0.0,0.0
2026-03-02 01:35:00+00:00,83.4000015258789,83.69999694824219,83.4000015258789,83.4000015258789,10405,0.0,0.0
2026-03-02 01:40:00+00:00,83.4000015258789,83.5,83.4000015258789,83.5,10000,0.0,0.0
2026-03-02 01:45:00+00:00,83.4000015258789,83.4000015258789,83.19999694824219,83.19999694824219,15101,0.0,0.0
2026-03-02 01:50:00+00:00,83.0999984741211,83.0999984741211,83.0,83.0999984741211,13117,0.0,0.0
2026-03-02 01:55:00+00:00,83.0,83.0,82.9000015258789,82.9000015258789,14396,0.0,0.0
2026-03-02 02:00:00+00:00,83.0999984741211,83.0999984741211,83.0,83.0999984741211,3099,0.0,0.0
2026-03-02 02:05:00+00:00,83.0,83.0,82.9000015258789,82.9000015258789,8101,0.0,0.0
2026-03-02 02:10:00+00:00,82.9000015258789,82.9000015258789,82.9000015258789,82.9000015258789,3190,0.0,0.0
2026-03-02 02:20:00+00:00,83.19999694824219,83.4000015258789,83.19999694824219,83.4000015258789,17050,0.0,0.0
2026-03-02 02:25:00+00:00,83.30000305175781,83.30000305175781,83.30000305175781,83.30000305175781,2012,0.0,0.0
2026-03-02 02:30:00+00:00,83.30000305175781,83.30000305175781,83.30000305175781,83.30000305175781,3040,0.0,0.0
2026-03-02 02:35:00+00:00,83.30000305175781,83.30000305175781,83.30000305175781,83.30000305175781,4000,0.0,0.0
2026-03-02 02:40:00+00:00,83.4000015258789,83.4000015258789,83.19999694824219,83.19999694824219,17110,0.0,0.0
2026-03-02 02:45:00+00:00,83.19999694824219,83.19999694824219,83.19999694824219,83.19999694824219,1000,0.0,0.0
2026-03-02 02:50:00+00:00,83.30000305175781,83.30000305175781,83.30000305175781,83.30000305175781,1000,0.0,0.0
2026-03-02 02:55:00+00:00,83.30000305175781,83.4000015258789,83.30000305175781,83.4000015258789,7000,0.0,0.0
2026-03-02 03:00:00+00:00,83.5,83.69999694824219,83.5,83.69999694824219,28228,0.0,0.0
2026-03-02 03:05:00+00:00,84.0999984741211,84.0999984741211,83.80000305175781,83.80000305175781,4213,0.0,0.0
2026-03-02 03:10:00+00:00,83.9000015258789,84.0,83.9000015258789,84.0,4000,0.0,0.0
2026-03-02 03:15:00+00:00,83.9000015258789,84.0,83.80000305175781,84.0,12000,0.0,0.0
2026-03-02 03:20:00+00:00,83.80000305175781,83.9000015258789,83.69999694824219,83.9000015258789,12243,0.0,0.0
2026-03-02 03:30:00+00:00,83.9000015258789,83.9000015258789,83.9000015258789,83.9000015258789,2000,0.0,0.0
2026-03-02 03:35:00+00:00,83.9000015258789,84.19999694824219,83.9000015258789,84.19999694824219,32104,0.0,0.0
2026-03-02 03:40:00+00:00,84.19999694824219,84.5,84.19999694824219,84.5,11992,0.0,0.0
2026-03-02 03:45:00+00:00,84.4000015258789,84.5,84.4000015258789,84.5,7024,0.0,0.0
2026-03-02 03:50:00+00:00,84.5999984741211,84.5999984741211,84.5,84.5,6070,0.0,0.0
2026-03-02 03:55:00+00:00,84.4000015258789,84.5,84.4000015258789,84.5,2000,0.0,0.0
2026-03-02 04:00:00+00:00,84.4000015258789,84.4000015258789,84.30000305175781,84.30000305175781,2000,0.0,0.0
2026-03-02 04:05:00+00:00,84.30000305175781,84.30000305175781,84.0999984741211,84.0999984741211,13695,0.0,0.0
2026-03-02 04:10:00+00:00,84.0,84.30000305175781,84.0,84.30000305175781,8000,0.0,0.0
2026-03-02 04:15:00+00:00,84.30000305175781,84.30000305175781,84.30000305175781,84.30000305175781,1005,0.0,0.0
2026-03-02 04:20:00+00:00,84.19999694824219,84.19999694824219,84.19999694824219,84.19999694824219,1000,0.0,0.0
2026-03-02 04:25:00+00:00,84.0,84.0,83.80000305175781,84.0,13281,0.0,0.0
2026-03-02 04:30:00+00:00,83.80000305175781,83.80000305175781,83.5999984741211,83.5999984741211,9200,0.0,0.0
2026-03-02 04:35:00+00:00,83.5999984741211,83.69999694824219,83.5,83.5999984741211,23036,0.0,0.0
2026-03-02 04:40:00+00:00,83.5999984741211,83.69999694824219,83.5999984741211,83.69999694824219,7099,0.0,0.0
2026-03-02 04:50:00+00:00,83.69999694824219,83.80000305175781,83.69999694824219,83.80000305175781,7450,0.0,0.0
2026-03-02 04:55:00+00:00,83.80000305175781,83.9000015258789,83.80000305175781,83.80000305175781,15000,0.0,0.0
2026-03-02 05:00:00+00:00,83.80000305175781,83.80000305175781,83.69999694824219,83.69999694824219,7000,0.0,0.0
2026-03-02 05:05:00+00:00,83.69999694824219,83.69999694824219,83.69999694824219,83.69999694824219,2100,0.0,0.0
2026-03-02 05:10:00+00:00,83.69999694824219,83.80000305175781,83.5,83.5999984741211,46026,0.0,0.0
2026-03-02 05:15:00+00:00,83.5999984741211,83.5999984741211,83.5999984741211,83.5999984741211,7003,0.0,0.0
2026-03-02 05:20:00+00:00,83.69999694824219,83.69999694824219,83.5999984741211,83.69999694824219,15617,0.0,0.0
2026-03-03 01:00:00+00:00,83.80000305175781,83.80000305175781,83.30000305175781,83.4000015258789,0,0.0,0.0
2026-03-03 01:05:00+00:00,83.5999984741211,84.0,83.19999694824219,84.0,45101,0.0,0.0
2026-03-03 01:10:00+00:00,84.0,84.0,83.9000015258789,84.0,10099,0.0,0.0
2026-03-03 01:15:00+00:00,83.80000305175781,83.80000305175781,83.4000015258789,83.4000015258789,12301,0.0,0.0
2026-03-03 01:20:00+00:00,83.4000015258789,83.5999984741211,83.4000015258789,83.5999984741211,17718,0.0,0.0
2026-03-03 01:25:00+00:00,83.5999984741211,83.69999694824219,83.5,83.5999984741211,9150,0.0,0.0
2026-03-03 01:30:00+00:00,83.4000015258789,83.4000015258789,83.19999694824219,83.19999694824219,13742,0.0,0.0
2026-03-03 01:35:00+00:00,83.0999984741211,83.0999984741211,82.69999694824219,82.69999694824219,41632,0.0,0.0
2026-03-03 01:40:00+00:00,82.69999694824219,82.69999694824219,82.5,82.5999984741211,29102,0.0,0.0
2026-03-03 01:45:00+00:00,82.5,82.5,82.30000305175781,82.30000305175781,49443,0.0,0.0
2026-03-03 01:50:00+00:00,82.30000305175781,82.4000015258789,82.0999984741211,82.0999984741211,22503,0.0,0.0
2026-03-03 01:55:00+00:00,82.30000305175781,82.30000305175781,82.0999984741211,82.19999694824219,30700,0.0,0.0
2026-03-03 02:00:00+00:00,82.0999984741211,82.19999694824219,81.5,81.5,128645,0.0,0.0
2026-03-03 02:05:00+00:00,81.5999984741211,81.5999984741211,81.4000015258789,81.5,32553,0.0,0.0
2026-03-03 02:10:00+00:00,81.5,81.69999694824219,81.5,81.69999694824219,17000,0.0,0.0
2026-03-03 02:15:00+00:00,82.0,82.0,81.4000015258789,81.4000015258789,45234,0.0,0.0
2026-03-03 02:20:00+00:00,81.4000015258789,81.5,81.0999984741211,81.0999984741211,35186,0.0,0.0
2026-03-03 02:25:00+00:00,81.0999984741211,81.30000305175781,81.0999984741211,81.30000305175781,12949,0.0,0.0
2026-03-03 02:30:00+00:00,81.4000015258789,81.5,81.19999694824219,81.30000305175781,22000,0.0,0.0
2026-03-03 02:35:00+00:00,81.30000305175781,81.5,81.30000305175781,81.5,7299,0.0,0.0
2026-03-03 02:40:00+00:00,81.5,81.5999984741211,81.4000015258789,81.5,172077,0.0,0.0
2026-03-03 02:45:00+00:00,81.5999984741211,81.9000015258789,81.5999984741211,81.5999984741211,18000,0.0,0.0
2026-03-03 02:50:00+00:00,81.9000015258789,81.9000015258789,81.9000015258789,81.9000015258789,3000,0.0,0.0
2026-03-03 02:55:00+00:00,81.80000305175781,81.80000305175781,81.69999694824219,81.69999694824219,7000,0.0,0.0
2026-03-03 03:00:00+00:00,81.9000015258789,82.0,81.80000305175781,81.9000015258789,19250,0.0,0.0
2026-03-03 03:05:00+00:00,81.9000015258789,81.9000015258789,81.5999984741211,81.5999984741211,21100,0.0,0.0
2026-03-03 03:10:00+00:00,81.5,81.5999984741211,81.5,81.5999984741211,10100,0.0,0.0
2026-03-03 03:15:00+00:00,81.5999984741211,81.80000305175781,81.5999984741211,81.80000305175781,3000,0.0,0.0
2026-03-03 03:20:00+00:00,81.80000305175781,81.80000305175781,81.5999984741211,81.5999984741211,6000,0.0,0.0
2026-03-03 03:25:00+00:00,81.69999694824219,81.69999694824219,81.30000305175781,81.30000305175781,31513,0.0,0.0
2026-03-03 03:30:00+00:00,81.19999694824219,81.4000015258789,81.19999694824219,81.4000015258789,9000,0.0,0.0
2026-03-03 03:35:00+00:00,81.4000015258789,81.4000015258789,81.30000305175781,81.30000305175781,38050,0.0,0.0
2026-03-03 03:40:00+00:00,81.30000305175781,81.4000015258789,81.30000305175781,81.4000015258789,8638,0.0,0.0
2026-03-03 03:45:00+00:00,81.4000015258789,81.4000015258789,81.4000015258789,81.4000015258789,1000,0.0,0.0
2026-03-03 03:50:00+00:00,81.30000305175781,81.4000015258789,81.30000305175781,81.30000305175781,9002,0.0,0.0
2026-03-03 03:55:00+00:00,81.4000015258789,81.4000015258789,81.0,81.0,83821,0.0,0.0
2026-03-03 04:00:00+00:00,81.0,81.0,80.80000305175781,81.0,57092,0.0,0.0
2026-03-03 04:05:00+00:00,80.9000015258789,80.9000015258789,80.9000015258789,80.9000015258789,23928,0.0,0.0
2026-03-03 04:10:00+00:00,80.9000015258789,80.9000015258789,80.5999984741211,80.69999694824219,67888,0.0,0.0
2026-03-03 04:15:00+00:00,80.69999694824219,80.69999694824219,80.69999694824219,80.69999694824219,12018,0.0,0.0
2026-03-03 04:20:00+00:00,80.80000305175781,80.9000015258789,80.80000305175781,80.9000015258789,9447,0.0,0.0
2026-03-03 04:25:00+00:00,80.9000015258789,80.9000015258789,80.80000305175781,80.80000305175781,12050,0.0,0.0
2026-03-03 04:30:00+00:00,80.80000305175781,80.80000305175781,80.5999984741211,80.5999984741211,41236,0.0,0.0
2026-03-03 04:35:00+00:00,80.69999694824219,80.69999694824219,80.5999984741211,80.69999694824219,18101,0.0,0.0
2026-03-03 04:40:00+00:00,80.80000305175781,80.80000305175781,80.80000305175781,80.80000305175781,1000,0.0,0.0
2026-03-03 04:45:00+00:00,80.80000305175781,80.80000305175781,80.5999984741211,80.5999984741211,28000,0.0,0.0
2026-03-03 04:50:00+00:00,80.5999984741211,80.69999694824219,80.5,80.5999984741211,30200,0.0,0.0
2026-03-03 04:55:00+00:00,80.5999984741211,80.5999984741211,80.4000015258789,80.5,52675,0.0,0.0
2026-03-03 05:00:00+00:00,80.5,80.5,80.5,80.5,20128,0.0,0.0
2026-03-03 05:05:00+00:00,80.5,80.5,80.30000305175781,80.30000305175781,64462,0.0,0.0
2026-03-03 05:10:00+00:00,80.4000015258789,80.5,80.4000015258789,80.5,35425,0.0,0.0
2026-03-03 05:15:00+00:00,80.5,80.80000305175781,80.5,80.5,27010,0.0,0.0
2026-03-03 05:20:00+00:00,80.5,80.69999694824219,80.30000305175781,80.69999694824219,35386,0.0,0.0
2026-03-04 01:00:00+00:00,80.0,80.0,78.30000305175781,79.0999984741211,0,0.0,0.0
2026-03-04 01:05:00+00:00,78.9000015258789,78.9000015258789,77.9000015258789,78.4000015258789,116663,0.0,0.0
2026-03-04 01:10:00+00:00,78.19999694824219,78.19999694824219,77.80000305175781,77.80000305175781,69534,0.0,0.0
2026-03-04 01:15:00+00:00,77.69999694824219,77.69999694824219,77.30000305175781,77.30000305175781,64357,0.0,0.0
2026-03-04 01:20:00+00:00,77.30000305175781,77.30000305175781,76.5999984741211,77.0,141943,0.0,0.0
2026-03-04 01:25:00+00:00,77.0,77.0999984741211,76.80000305175781,77.0,34331,0.0,0.0
2026-03-04 01:30:00+00:00,76.80000305175781,76.80000305175781,76.4000015258789,76.5,73812,0.0,0.0
2026-03-04 01:35:00+00:00,77.0,78.19999694824219,77.0,78.19999694824219,29066,0.0,0.0
2026-03-04 01:40:00+00:00,77.69999694824219,78.19999694824219,77.5999984741211,78.19999694824219,25087,0.0,0.0
2026-03-04 01:45:00+00:00,78.0,78.0,77.69999694824219,77.69999694824219,23422,0.0,0.0
2026-03-04 01:50:00+00:00,77.80000305175781,78.0,77.30000305175781,77.30000305175781,265892,0.0,0.0
2026-03-04 01:55:00+00:00,77.5,77.80000305175781,77.5,77.80000305175781,12353,0.0,0.0
2026-03-04 02:00:00+00:00,77.9000015258789,77.9000015258789,77.5999984741211,77.5999984741211,24124,0.0,0.0
2026-03-04 02:05:00+00:00,77.69999694824219,77.80000305175781,77.69999694824219,77.80000305175781,8007,0.0,0.0
2026-03-04 02:10:00+00:00,77.5999984741211,77.5999984741211,77.4000015258789,77.5,19038,0.0,0.0
2026-03-04 02:15:00+00:00,77.4000015258789,77.4000015258789,77.0999984741211,77.0999984741211,45792,0.0,0.0
2026-03-04 02:20:00+00:00,77.0999984741211,77.0999984741211,76.9000015258789,76.9000015258789,46392,0.0,0.0
2026-03-04 02:25:00+00:00,76.9000015258789,76.9000015258789,76.69999694824219,76.69999694824219,19429,0.0,0.0
2026-03-04 02:30:00+00:00,76.80000305175781,76.80000305175781,76.5999984741211,76.5999984741211,56708,0.0,0.0
2026-03-04 02:35:00+00:00,76.69999694824219,76.69999694824219,76.4000015258789,76.5,72793,0.0,0.0
2026-03-04 02:40:00+00:00,76.5,76.5999984741211,76.30000305175781,76.5999984741211,22054,0.0,0.0
2026-03-04 02:45:00+00:00,76.9000015258789,77.19999694824219,76.9000015258789,77.19999694824219,16100,0.0,0.0
2026-03-04 02:50:00+00:00,77.4000015258789,77.4000015258789,77.19999694824219,77.19999694824219,10016,0.0,0.0
2026-03-04 02:55:00+00:00,77.0999984741211,77.0999984741211,76.9000015258789,76.9000015258789,5127,0.0,0.0
2026-03-04 03:00:00+00:00,76.9000015258789,76.9000015258789,76.5999984741211,76.5999984741211,20917,0.0,0.0
2026-03-04 03:05:00+00:00,76.5999984741211,76.5999984741211,76.5,76.5999984741211,31854,0.0,0.0
2026-03-04 03:10:00+00:00,76.5999984741211,76.5999984741211,76.5999984741211,76.5999984741211,9200,0.0,0.0
2026-03-04 03:15:00+00:00,76.5,76.5,76.5,76.5,8154,0.0,0.0
2026-03-04 03:20:00+00:00,76.5,76.5999984741211,76.5,76.5,15000,0.0,0.0
2026-03-04 03:25:00+00:00,76.5,76.5,76.30000305175781,76.30000305175781,40695,0.0,0.0
2026-03-04 03:30:00+00:00,76.4000015258789,76.5,76.30000305175781,76.30000305175781,42685,0.0,0.0
2026-03-04 03:35:00+00:00,76.19999694824219,76.19999694824219,76.19999694824219,76.19999694824219,35000,0.0,0.0
2026-03-04 03:40:00+00:00,76.19999694824219,76.19999694824219,76.19999694824219,76.19999694824219,9235,0.0,0.0
2026-03-04 03:45:00+00:00,76.0999984741211,76.19999694824219,76.0999984741211,76.19999694824219,16000,0.0,0.0
2026-03-04 03:50:00+00:00,76.0999984741211,76.30000305175781,76.0999984741211,76.30000305175781,10000,0.0,0.0
2026-03-04 03:55:00+00:00,76.30000305175781,76.30000305175781,76.0999984741211,76.19999694824219,17000,0.0,0.0
2026-03-04 04:00:00+00:00,76.19999694824219,76.30000305175781,76.0999984741211,76.0999984741211,18100,0.0,0.0
2026-03-04 04:05:00+00:00,76.0999984741211,76.19999694824219,76.0999984741211,76.0999984741211,24843,0.0,0.0
2026-03-04 04:10:00+00:00,76.0999984741211,76.0999984741211,76.0,76.0999984741211,23118,0.0,0.0
2026-03-04 04:15:00+00:00,76.0999984741211,76.0999984741211,76.0,76.0999984741211,42257,0.0,0.0
2026-03-04 04:20:00+00:00,76.0,76.19999694824219,75.9000015258789,75.9000015258789,55000,0.0,0.0
2026-03-04 04:25:00+00:00,75.9000015258789,76.0,75.9000015258789,75.9000015258789,6017,0.0,0.0
2026-03-04 04:30:00+00:00,75.9000015258789,76.0,75.80000305175781,76.0,44049,0.0,0.0
2026-03-04 04:35:00+00:00,75.9000015258789,75.9000015258789,75.4000015258789,75.5,81737,0.0,0.0
2026-03-04 04:40:00+00:00,75.4000015258789,75.5999984741211,75.4000015258789,75.5999984741211,56084,0.0,0.0
2026-03-04 04:45:00+00:00,75.5999984741211,75.5999984741211,75.5999984741211,75.5999984741211,20000,0.0,0.0
2026-03-04 04:50:00+00:00,75.5,75.5999984741211,75.30000305175781,75.5999984741211,32085,0.0,0.0
2026-03-04 04:55:00+00:00,75.69999694824219,76.0999984741211,75.5999984741211,76.0,39215,0.0,0.0
2026-03-04 05:00:00+00:00,75.9000015258789,76.19999694824219,75.5999984741211,75.69999694824219,24216,0.0,0.0
2026-03-04 05:05:00+00:00,75.80000305175781,76.0,75.5999984741211,75.5999984741211,30033,0.0,0.0
2026-03-04 05:10:00+00:00,75.69999694824219,75.80000305175781,75.5999984741211,75.80000305175781,35036,0.0,0.0
2026-03-04 05:15:00+00:00,75.80000305175781,76.0,75.69999694824219,75.9000015258789,17350,0.0,0.0
2026-03-04 05:20:00+00:00,75.9000015258789,76.0999984741211,75.9000015258789,76.0999984741211,34613,0.0,0.0
2026-03-05 01:00:00+00:00,77.5,79.0,77.5,78.9000015258789,0,0.0,0.0
2026-03-05 01:05:00+00:00,78.9000015258789,79.0,78.69999694824219,78.9000015258789,65633,0.0,0.0
2026-03-05 01:10:00+00:00,78.9000015258789,79.19999694824219,78.0999984741211,79.19999694824219,204530,0.0,0.0
2026-03-05 01:15:00+00:00,79.0999984741211,79.30000305175781,79.0,79.30000305175781,22010,0.0,0.0
2026-03-05 01:20:00+00:00,79.30000305175781,79.30000305175781,78.9000015258789,78.9000015258789,8131,0.0,0.0
2026-03-05 01:25:00+00:00,78.9000015258789,78.9000015258789,78.69999694824219,78.80000305175781,17889,0.0,0.0
2026-03-05 01:30:00+00:00,78.5999984741211,79.0999984741211,78.5999984741211,79.0999984741211,34902,0.0,0.0
2026-03-05 01:35:00+00:00,79.19999694824219,79.30000305175781,78.80000305175781,79.19999694824219,62224,0.0,0.0
2026-03-05 01:40:00+00:00,79.19999694824219,79.19999694824219,78.80000305175781,78.80000305175781,6217,0.0,0.0
2026-03-05 01:45:00+00:00,78.69999694824219,78.69999694824219,78.4000015258789,78.5999984741211,28112,0.0,0.0
2026-03-05 01:50:00+00:00,78.5,78.5,78.0999984741211,78.0999984741211,20009,0.0,0.0
2026-03-05 01:55:00+00:00,78.0,78.0999984741211,78.0,78.0,13103,0.0,0.0
2026-03-05 02:00:00+00:00,77.80000305175781,77.80000305175781,77.80000305175781,77.80000305175781,4135,0.0,0.0
2026-03-05 02:05:00+00:00,77.80000305175781,77.80000305175781,77.5999984741211,77.80000305175781,16000,0.0,0.0
2026-03-05 02:10:00+00:00,77.69999694824219,77.80000305175781,77.5999984741211,77.80000305175781,10053,0.0,0.0
2026-03-05 02:15:00+00:00,77.80000305175781,77.80000305175781,77.69999694824219,77.80000305175781,7049,0.0,0.0
2026-03-05 02:20:00+00:00,77.80000305175781,77.9000015258789,77.69999694824219,77.69999694824219,8000,0.0,0.0
2026-03-05 02:25:00+00:00,77.80000305175781,78.0,77.5999984741211,77.5999984741211,9000,0.0,0.0
2026-03-05 02:30:00+00:00,77.5999984741211,78.0,77.5999984741211,77.80000305175781,37000,0.0,0.0
2026-03-05 02:35:00+00:00,77.80000305175781,78.4000015258789,77.80000305175781,78.4000015258789,24273,0.0,0.0
2026-03-05 02:40:00+00:00,78.30000305175781,78.4000015258789,78.30000305175781,78.4000015258789,5000,0.0,0.0
2026-03-05 02:45:00+00:00,78.4000015258789,78.5,78.30000305175781,78.5,6600,0.0,0.0
2026-03-05 02:50:00+00:00,78.5,79.0,78.5,79.0,33018,0.0,0.0
2026-03-05 02:55:00+00:00,78.80000305175781,78.80000305175781,78.5,78.5,10120,0.0,0.0
2026-03-05 03:05:00+00:00,78.80000305175781,79.0,78.80000305175781,79.0,11061,0.0,0.0
2026-03-05 03:10:00+00:00,78.9000015258789,78.9000015258789,78.9000015258789,78.9000015258789,1000,0.0,0.0
2026-03-05 03:15:00+00:00,78.9000015258789,78.9000015258789,78.9000015258789,78.9000015258789,1006,0.0,0.0
2026-03-05 03:35:00+00:00,78.80000305175781,78.80000305175781,78.69999694824219,78.69999694824219,4000,0.0,0.0
2026-03-05 03:40:00+00:00,78.69999694824219,78.80000305175781,78.69999694824219,78.69999694824219,7000,0.0,0.0
2026-03-05 03:45:00+00:00,78.69999694824219,78.69999694824219,78.5999984741211,78.5999984741211,3004,0.0,0.0
2026-03-05 03:50:00+00:00,78.5999984741211,78.69999694824219,78.5999984741211,78.5999984741211,11000,0.0,0.0
2026-03-05 03:55:00+00:00,78.80000305175781,78.80000305175781,78.69999694824219,78.69999694824219,4001,0.0,0.0
2026-03-05 04:00:00+00:00,78.80000305175781,78.80000305175781,78.5999984741211,78.5999984741211,3379,0.0,0.0
2026-03-05 04:15:00+00:00,78.69999694824219,78.69999694824219,78.69999694824219,78.69999694824219,1000,0.0,0.0
2026-03-05 04:20:00+00:00,78.69999694824219,78.69999694824219,78.5999984741211,78.5999984741211,16151,0.0,0.0
2026-03-05 04:25:00+00:00,78.80000305175781,78.80000305175781,78.69999694824219,78.69999694824219,11005,0.0,0.0
2026-03-05 04:35:00+00:00,78.80000305175781,79.0,78.69999694824219,78.69999694824219,7549,0.0,0.0
2026-03-05 04:40:00+00:00,78.69999694824219,78.69999694824219,78.69999694824219,78.69999694824219,1210,0.0,0.0
2026-03-05 04:45:00+00:00,78.80000305175781,78.80000305175781,78.80000305175781,78.80000305175781,5000,0.0,0.0
2026-03-05 04:50:00+00:00,78.80000305175781,78.80000305175781,78.69999694824219,78.69999694824219,10000,0.0,0.0
2026-03-05 04:55:00+00:00,78.80000305175781,78.80000305175781,78.80000305175781,78.80000305175781,4238,0.0,0.0
2026-03-05 05:00:00+00:00,78.80000305175781,78.80000305175781,78.80000305175781,78.80000305175781,5000,0.0,0.0
2026-03-05 05:05:00+00:00,78.80000305175781,78.9000015258789,78.5999984741211,78.5999984741211,17000,0.0,0.0
2026-03-05 05:10:00+00:00,78.5999984741211,78.80000305175781,78.5999984741211,78.5999984741211,30075,0.0,0.0
2026-03-05 05:15:00+00:00,78.5999984741211,78.5999984741211,78.5,78.5,11100,0.0,0.0
2026-03-05 05:20:00+00:00,78.5999984741211,78.80000305175781,78.5999984741211,78.5999984741211,26025,0.0,0.0
2026-03-06 01:00:00+00:00,78.19999694824219,78.19999694824219,77.4000015258789,77.5999984741211,0,0.0,0.0
2026-03-06 01:05:00+00:00,77.5999984741211,77.9000015258789,77.5999984741211,77.9000015258789,12051,0.0,0.0
2026-03-06 01:10:00+00:00,77.9000015258789,78.0999984741211,77.9000015258789,77.9000015258789,25005,0.0,0.0
2026-03-06 01:15:00+00:00,77.9000015258789,78.19999694824219,77.9000015258789,78.19999694824219,6000,0.0,0.0
2026-03-06 01:20:00+00:00,77.9000015258789,78.19999694824219,77.5,77.69999694824219,24461,0.0,0.0
2026-03-06 01:25:00+00:00,77.5999984741211,77.5999984741211,77.5,77.5,5300,0.0,0.0
2026-03-06 01:30:00+00:00,77.5,77.80000305175781,77.5,77.80000305175781,15001,0.0,0.0
2026-03-06 01:35:00+00:00,77.9000015258789,78.19999694824219,77.69999694824219,77.69999694824219,9300,0.0,0.0
2026-03-06 01:40:00+00:00,77.69999694824219,77.69999694824219,77.5999984741211,77.5999984741211,3000,0.0,0.0
2026-03-06 01:45:00+00:00,77.5999984741211,77.69999694824219,77.5999984741211,77.5999984741211,5200,0.0,0.0
2026-03-06 01:50:00+00:00,77.80000305175781,78.19999694824219,77.5,77.5,19200,0.0,0.0
2026-03-06 01:55:00+00:00,77.69999694824219,77.80000305175781,77.69999694824219,77.80000305175781,3187,0.0,0.0
2026-03-06 02:00:00+00:00,78.0,78.0,78.0,78.0,1115,0.0,0.0
2026-03-06 02:05:00+00:00,78.0,78.0,78.0,78.0,2000,0.0,0.0
2026-03-06 02:10:00+00:00,78.0999984741211,78.30000305175781,78.0999984741211,78.30000305175781,16000,0.0,0.0
2026-03-06 02:15:00+00:00,78.4000015258789,78.4000015258789,78.30000305175781,78.4000015258789,7035,0.0,0.0
2026-03-06 02:20:00+00:00,78.30000305175781,78.4000015258789,78.19999694824219,78.4000015258789,8039,0.0,0.0
2026-03-06 02:25:00+00:00,78.4000015258789,78.5999984741211,78.4000015258789,78.5999984741211,27300,0.0,0.0
2026-03-06 02:30:00+00:00,78.5999984741211,78.80000305175781,78.5,78.5,7021,0.0,0.0
2026-03-06 02:35:00+00:00,78.69999694824219,78.9000015258789,78.5999984741211,78.9000015258789,17089,0.0,0.0
2026-03-06 02:40:00+00:00,79.0,79.19999694824219,79.0,79.0999984741211,16000,0.0,0.0
2026-03-06 02:45:00+00:00,79.0999984741211,79.0999984741211,79.0,79.0,13000,0.0,0.0
2026-03-06 02:50:00+00:00,78.80000305175781,79.0999984741211,78.69999694824219,79.0999984741211,38100,0.0,0.0
2026-03-06 02:55:00+00:00,79.0,79.0,79.0,79.0,4100,0.0,0.0
2026-03-06 03:00:00+00:00,79.0999984741211,79.5999984741211,78.4000015258789,78.5,196110,0.0,0.0
2026-03-06 03:05:00+00:00,78.5,78.5,78.5,78.5,3003,0.0,0.0
2026-03-06 03:15:00+00:00,78.4000015258789,78.4000015258789,78.0,78.0,32321,0.0,0.0
2026-03-06 03:20:00+00:00,78.0,78.0,78.0,78.0,3001,0.0,0.0
2026-03-06 03:30:00+00:00,78.0999984741211,78.0999984741211,78.0999984741211,78.0999984741211,2150,0.0,0.0
2026-03-06 03:35:00+00:00,78.0,78.0,78.0,78.0,4000,0.0,0.0
2026-03-06 03:40:00+00:00,77.9000015258789,78.0,77.9000015258789,78.0,7001,0.0,0.0
2026-03-06 03:45:00+00:00,78.0,78.0999984741211,78.0,78.0999984741211,11013,0.0,0.0
2026-03-06 03:50:00+00:00,78.19999694824219,78.4000015258789,78.19999694824219,78.4000015258789,2250,0.0,0.0
2026-03-06 03:55:00+00:00,78.30000305175781,78.30000305175781,78.30000305175781,78.30000305175781,1030,0.0,0.0
2026-03-06 04:00:00+00:00,78.4000015258789,78.4000015258789,78.4000015258789,78.4000015258789,1000,0.0,0.0
2026-03-06 04:05:00+00:00,78.30000305175781,78.30000305175781,78.30000305175781,78.30000305175781,5301,0.0,0.0
2026-03-06 04:15:00+00:00,78.19999694824219,78.4000015258789,78.19999694824219,78.4000015258789,10000,0.0,0.0
2026-03-06 04:20:00+00:00,78.4000015258789,78.4000015258789,78.4000015258789,78.4000015258789,3000,0.0,0.0
2026-03-06 04:25:00+00:00,78.30000305175781,78.30000305175781,78.30000305175781,78.30000305175781,2126,0.0,0.0
2026-03-06 04:30:00+00:00,78.4000015258789,78.4000015258789,78.4000015258789,78.4000015258789,4005,0.0,0.0
2026-03-06 04:35:00+00:00,78.30000305175781,78.30000305175781,78.30000305175781,78.30000305175781,2250,0.0,0.0
2026-03-06 04:40:00+00:00,78.30000305175781,78.4000015258789,78.30000305175781,78.30000305175781,4153,0.0,0.0
2026-03-06 04:45:00+00:00,78.4000015258789,78.5999984741211,78.4000015258789,78.5999984741211,13168,0.0,0.0
2026-03-06 04:50:00+00:00,78.5999984741211,78.5999984741211,78.5,78.5,3000,0.0,0.0
2026-03-06 04:55:00+00:00,78.5,78.5,78.0999984741211,78.0999984741211,35271,0.0,0.0
2026-03-06 05:00:00+00:00,78.0999984741211,78.4000015258789,78.0,78.4000015258789,38104,0.0,0.0
2026-03-06 05:05:00+00:00,78.30000305175781,78.30000305175781,78.30000305175781,78.30000305175781,3003,0.0,0.0
2026-03-06 05:10:00+00:00,78.30000305175781,78.30000305175781,78.19999694824219,78.19999694824219,4781,0.0,0.0
2026-03-06 05:15:00+00:00,78.19999694824219,78.19999694824219,78.0999984741211,78.0999984741211,5241,0.0,0.0
2026-03-06 05:20:00+00:00,78.0,78.30000305175781,78.0,78.19999694824219,24679,0.0,0.0
2026-03-09 01:00:00+00:00,73.4000015258789,73.69999694824219,72.19999694824219,73.5,0,0.0,0.0
2026-03-09 01:05:00+00:00,73.5,74.30000305175781,73.5,74.30000305175781,87922,0.0,0.0
2026-03-09 01:10:00+00:00,74.30000305175781,74.4000015258789,73.69999694824219,74.19999694824219,48307,0.0,0.0
2026-03-09 01:15:00+00:00,74.30000305175781,74.5999984741211,74.0,74.5999984741211,40901,0.0,0.0
2026-03-09 01:20:00+00:00,74.0999984741211,74.19999694824219,73.5,73.5,35059,0.0,0.0
2026-03-09 01:25:00+00:00,73.5,73.5999984741211,73.4000015258789,73.4000015258789,25383,0.0,0.0
2026-03-09 01:30:00+00:00,73.4000015258789,73.5,73.0,73.5,44828,0.0,0.0
2026-03-09 01:35:00+00:00,73.19999694824219,73.5,72.9000015258789,73.4000015258789,61600,0.0,0.0
2026-03-09 01:40:00+00:00,73.30000305175781,73.5,73.19999694824219,73.5,16120,0.0,0.0
2026-03-09 01:45:00+00:00,73.5,73.5,73.0,73.0,43338,0.0,0.0
2026-03-09 01:50:00+00:00,73.0,73.0,72.69999694824219,72.80000305175781,36974,0.0,0.0
2026-03-09 01:55:00+00:00,72.80000305175781,72.80000305175781,72.5999984741211,72.80000305175781,27655,0.0,0.0
2026-03-09 02:00:00+00:00,72.69999694824219,73.0,72.69999694824219,72.80000305175781,18487,0.0,0.0
2026-03-09 02:05:00+00:00,72.80000305175781,73.30000305175781,72.69999694824219,73.30000305175781,19386,0.0,0.0
2026-03-09 02:10:00+00:00,73.30000305175781,73.69999694824219,73.0999984741211,73.0999984741211,40443,0.0,0.0
2026-03-09 02:15:00+00:00,73.19999694824219,73.19999694824219,73.0,73.0999984741211,14108,0.0,0.0
2026-03-09 02:20:00+00:00,73.0,73.0,73.0,73.0,6267,0.0,0.0
2026-03-09 02:25:00+00:00,72.9000015258789,72.9000015258789,72.80000305175781,72.80000305175781,15186,0.0,0.0
2026-03-09 02:30:00+00:00,73.0,73.0,72.5,72.5,33868,0.0,0.0
2026-03-09 02:35:00+00:00,72.5999984741211,72.5999984741211,72.5999984741211,72.5999984741211,8084,0.0,0.0
2026-03-09 02:40:00+00:00,72.80000305175781,73.0,72.80000305175781,72.9000015258789,7513,0.0,0.0
2026-03-09 02:45:00+00:00,73.0,73.0,73.0,73.0,1352,0.0,0.0
2026-03-09 02:50:00+00:00,73.0,73.0,72.80000305175781,72.80000305175781,5086,0.0,0.0
2026-03-09 02:55:00+00:00,72.9000015258789,73.0,72.9000015258789,72.9000015258789,19000,0.0,0.0
2026-03-09 03:00:00+00:00,72.9000015258789,72.9000015258789,72.9000015258789,72.9000015258789,8000,0.0,0.0
2026-03-09 03:05:00+00:00,72.80000305175781,72.80000305175781,72.80000305175781,72.80000305175781,1000,0.0,0.0
2026-03-09 03:10:00+00:00,72.80000305175781,72.9000015258789,72.80000305175781,72.80000305175781,24860,0.0,0.0
2026-03-09 03:15:00+00:00,72.80000305175781,73.19999694824219,72.80000305175781,73.0,48000,0.0,0.0
2026-03-09 03:20:00+00:00,73.19999694824219,73.30000305175781,73.0999984741211,73.30000305175781,36119,0.0,0.0
2026-03-09 03:25:00+00:00,73.19999694824219,73.19999694824219,73.0,73.0999984741211,6644,0.0,0.0
2026-03-09 03:30:00+00:00,73.0,73.0,73.0,73.0,10026,0.0,0.0
2026-03-09 03:35:00+00:00,72.9000015258789,72.9000015258789,72.80000305175781,72.9000015258789,21010,0.0,0.0
2026-03-09 03:40:00+00:00,72.9000015258789,73.0,72.9000015258789,73.0,5000,0.0,0.0
2026-03-09 03:45:00+00:00,73.0,73.0,72.5999984741211,72.5999984741211,61020,0.0,0.0
2026-03-09 03:55:00+00:00,72.80000305175781,72.80000305175781,72.80000305175781,72.80000305175781,1100,0.0,0.0
2026-03-09 04:00:00+00:00,72.9000015258789,72.9000015258789,72.9000015258789,72.9000015258789,1000,0.0,0.0
2026-03-09 04:05:00+00:00,73.0999984741211,73.0999984741211,73.0999984741211,73.0999984741211,3000,0.0,0.0
2026-03-09 04:10:00+00:00,73.19999694824219,73.19999694824219,72.9000015258789,72.9000015258789,13066,0.0,0.0
2026-03-09 04:15:00+00:00,73.0,73.0,73.0,73.0,8005,0.0,0.0
2026-03-09 04:20:00+00:00,72.9000015258789,72.9000015258789,72.9000015258789,72.9000015258789,1241,0.0,0.0
2026-03-09 04:25:00+00:00,73.0,73.0999984741211,73.0,73.0,11021,0.0,0.0
2026-03-09 04:30:00+00:00,73.0999984741211,73.0999984741211,73.0,73.0,16000,0.0,0.0
2026-03-09 04:35:00+00:00,73.0,73.0,72.9000015258789,72.9000015258789,12689,0.0,0.0
2026-03-09 04:40:00+00:00,72.9000015258789,72.9000015258789,72.80000305175781,72.80000305175781,14828,0.0,0.0
2026-03-09 04:45:00+00:00,72.80000305175781,72.80000305175781,72.80000305175781,72.80000305175781,2150,0.0,0.0
2026-03-09 04:50:00+00:00,72.9000015258789,73.0,72.9000015258789,73.0,7354,0.0,0.0
2026-03-09 04:55:00+00:00,73.0,73.0,73.0,73.0,5202,0.0,0.0
2026-03-09 05:00:00+00:00,73.0,73.0999984741211,73.0,73.0999984741211,24000,0.0,0.0
2026-03-09 05:05:00+00:00,73.19999694824219,73.30000305175781,73.19999694824219,73.30000305175781,22279,0.0,0.0
2026-03-09 05:10:00+00:00,73.30000305175781,73.30000305175781,73.0999984741211,73.0999984741211,28019,0.0,0.0
2026-03-09 05:15:00+00:00,73.0999984741211,73.0999984741211,73.0,73.0,14116,0.0,0.0
2026-03-09 05:20:00+00:00,73.0,73.19999694824219,72.9000015258789,73.19999694824219,51189,0.0,0.0
2026-03-10 01:00:00+00:00,74.30000305175781,75.5999984741211,74.30000305175781,74.80000305175781,0,0.0,0.0
2026-03-10 01:05:00+00:00,74.80000305175781,75.19999694824219,74.5999984741211,74.69999694824219,57400,0.0,0.0
2026-03-10 01:10:00+00:00,74.5999984741211,74.9000015258789,74.5,74.9000015258789,21010,0.0,0.0
2026-03-10 01:15:00+00:00,74.9000015258789,75.0,74.4000015258789,74.5,22455,0.0,0.0
2026-03-10 01:20:00+00:00,74.80000305175781,74.9000015258789,74.80000305175781,74.9000015258789,8024,0.0,0.0
2026-03-10 01:25:00+00:00,75.0,75.19999694824219,75.0,75.0999984741211,27340,0.0,0.0
2026-03-10 01:30:00+00:00,75.0999984741211,75.30000305175781,74.80000305175781,75.19999694824219,44010,0.0,0.0
2026-03-10 01:35:00+00:00,75.0999984741211,75.0999984741211,75.0999984741211,75.0999984741211,2100,0.0,0.0
2026-03-10 01:40:00+00:00,74.9000015258789,75.0,74.9000015258789,75.0,7000,0.0,0.0
2026-03-10 01:45:00+00:00,74.9000015258789,75.0,74.9000015258789,75.0,16058,0.0,0.0
2026-03-10 01:50:00+00:00,75.0,75.0,75.0,75.0,2000,0.0,0.0
2026-03-10 02:00:00+00:00,75.0999984741211,75.19999694824219,75.0999984741211,75.0999984741211,33044,0.0,0.0
2026-03-10 02:05:00+00:00,75.0999984741211,75.0999984741211,75.0999984741211,75.0999984741211,1000,0.0,0.0
2026-03-10 02:10:00+00:00,75.0,75.0,75.0,75.0,1002,0.0,0.0
2026-03-10 02:15:00+00:00,75.0999984741211,75.19999694824219,75.0999984741211,75.19999694824219,3000,0.0,0.0
2026-03-10 02:20:00+00:00,75.0,75.0,75.0,75.0,6208,0.0,0.0
2026-03-10 02:25:00+00:00,75.0,75.0999984741211,75.0,75.0999984741211,4000,0.0,0.0
2026-03-10 02:30:00+00:00,75.0999984741211,75.30000305175781,75.0999984741211,75.30000305175781,44070,0.0,0.0
2026-03-10 02:35:00+00:00,75.30000305175781,75.4000015258789,75.30000305175781,75.30000305175781,18197,0.0,0.0
2026-03-10 02:40:00+00:00,75.4000015258789,75.5,75.4000015258789,75.5,10000,0.0,0.0
2026-03-10 02:45:00+00:00,75.5,75.5,75.4000015258789,75.5,12008,0.0,0.0
2026-03-10 02:50:00+00:00,75.4000015258789,75.4000015258789,75.19999694824219,75.19999694824219,9003,0.0,0.0
2026-03-10 02:55:00+00:00,75.19999694824219,75.30000305175781,75.19999694824219,75.30000305175781,4000,0.0,0.0
2026-03-10 03:00:00+00:00,75.4000015258789,75.4000015258789,75.19999694824219,75.19999694824219,8000,0.0,0.0
2026-03-10 03:05:00+00:00,75.4000015258789,75.4000015258789,75.4000015258789,75.4000015258789,1086,0.0,0.0
2026-03-10 03:10:00+00:00,75.19999694824219,75.19999694824219,75.19999694824219,75.19999694824219,2141,0.0,0.0
2026-03-10 03:15:00+00:00,75.0999984741211,75.0999984741211,75.0,75.0,5040,0.0,0.0
2026-03-10 03:20:00+00:00,75.0,75.0,75.0,75.0,11672,0.0,0.0
2026-03-10 03:25:00+00:00,74.9000015258789,75.0,74.80000305175781,74.80000305175781,6215,0.0,0.0
2026-03-10 03:30:00+00:00,74.69999694824219,74.69999694824219,74.5,74.5,15033,0.0,0.0
2026-03-10 03:40:00+00:00,74.4000015258789,74.4000015258789,74.4000015258789,74.4000015258789,2000,0.0,0.0
2026-03-10 03:45:00+00:00,74.30000305175781,74.30000305175781,74.0,74.0,14977,0.0,0.0
2026-03-10 03:50:00+00:00,74.0,74.30000305175781,74.0,74.30000305175781,16000,0.0,0.0
2026-03-10 03:55:00+00:00,74.30000305175781,74.4000015258789,74.30000305175781,74.4000015258789,5000,0.0,0.0
2026-03-10 04:00:00+00:00,74.5,74.5999984741211,74.30000305175781,74.30000305175781,9000,0.0,0.0
2026-03-10 04:05:00+00:00,74.19999694824219,74.30000305175781,74.19999694824219,74.30000305175781,7000,0.0,0.0
2026-03-10 04:10:00+00:00,74.19999694824219,74.19999694824219,74.19999694824219,74.19999694824219,1000,0.0,0.0
2026-03-10 04:15:00+00:00,74.4000015258789,74.69999694824219,74.4000015258789,74.69999694824219,12000,0.0,0.0
2026-03-10 04:20:00+00:00,74.5999984741211,74.69999694824219,74.5999984741211,74.69999694824219,5055,0.0,0.0
2026-03-10 04:30:00+00:00,74.69999694824219,75.0,74.69999694824219,74.80000305175781,11037,0.0,0.0
2026-03-10 04:35:00+00:00,74.80000305175781,75.0999984741211,74.80000305175781,75.0999984741211,45023,0.0,0.0
2026-03-10 04:40:00+00:00,75.0999984741211,75.0999984741211,75.0,75.0,12208,0.0,0.0
2026-03-10 04:45:00+00:00,75.0,75.0,75.0,75.0,2000,0.0,0.0
2026-03-10 04:50:00+00:00,75.0,75.0,74.9000015258789,75.0,10120,0.0,0.0
2026-03-10 04:55:00+00:00,75.0999984741211,75.0999984741211,75.0999984741211,75.0999984741211,5020,0.0,0.0
2026-03-10 05:00:00+00:00,75.19999694824219,75.4000015258789,75.19999694824219,75.30000305175781,19195,0.0,0.0
2026-03-10 05:05:00+00:00,75.4000015258789,75.4000015258789,75.30000305175781,75.30000305175781,8014,0.0,0.0
2026-03-10 05:10:00+00:00,75.30000305175781,75.4000015258789,75.30000305175781,75.4000015258789,10000,0.0,0.0
2026-03-10 05:15:00+00:00,75.4000015258789,75.5,75.19999694824219,75.19999694824219,27038,0.0,0.0
2026-03-10 05:20:00+00:00,75.19999694824219,75.4000015258789,75.0,75.4000015258789,17180,0.0,0.0
2026-03-11 01:00:00+00:00,76.0,77.0,76.0,76.9000015258789,0,0.0,0.0
2026-03-11 01:05:00+00:00,76.5999984741211,76.9000015258789,76.4000015258789,76.9000015258789,25730,0.0,0.0
2026-03-11 01:10:00+00:00,76.9000015258789,77.19999694824219,76.80000305175781,77.0999984741211,46011,0.0,0.0
2026-03-11 01:15:00+00:00,77.0999984741211,78.0,77.0999984741211,77.80000305175781,37320,0.0,0.0
2026-03-11 01:20:00+00:00,77.80000305175781,78.9000015258789,77.80000305175781,78.9000015258789,105450,0.0,0.0
2026-03-11 01:25:00+00:00,78.9000015258789,80.5,78.5999984741211,78.5999984741211,271811,0.0,0.0
2026-03-11 01:30:00+00:00,78.5999984741211,80.30000305175781,78.5999984741211,79.80000305175781,257232,0.0,0.0
2026-03-11 01:35:00+00:00,79.80000305175781,81.0999984741211,79.80000305175781,80.4000015258789,204793,0.0,0.0
2026-03-11 01:40:00+00:00,80.4000015258789,80.5999984741211,80.30000305175781,80.4000015258789,38202,0.0,0.0
2026-03-11 01:45:00+00:00,80.30000305175781,80.4000015258789,80.0,80.30000305175781,31286,0.0,0.0
2026-03-11 01:50:00+00:00,80.4000015258789,80.5999984741211,80.4000015258789,80.5,28001,0.0,0.0
2026-03-11 01:55:00+00:00,80.4000015258789,80.5999984741211,80.4000015258789,80.5,30136,0.0,0.0
2026-03-11 02:00:00+00:00,80.5,80.5,80.4000015258789,80.4000015258789,18000,0.0,0.0
2026-03-11 02:05:00+00:00,80.4000015258789,80.5,80.4000015258789,80.5,12150,0.0,0.0
2026-03-11 02:10:00+00:00,80.5,80.9000015258789,80.5,80.5999984741211,29247,0.0,0.0
2026-03-11 02:15:00+00:00,80.5999984741211,80.5999984741211,80.5999984741211,80.5999984741211,4342,0.0,0.0
2026-03-11 02:20:00+00:00,80.5999984741211,80.69999694824219,80.5999984741211,80.5999984741211,10200,0.0,0.0
2026-03-11 02:25:00+00:00,80.5,80.5,80.30000305175781,80.30000305175781,14025,0.0,0.0
2026-03-11 02:30:00+00:00,80.30000305175781,80.5999984741211,79.69999694824219,79.69999694824219,57781,0.0,0.0
2026-03-11 02:35:00+00:00,79.5999984741211,80.0999984741211,79.5999984741211,80.0,14210,0.0,0.0
2026-03-11 02:40:00+00:00,80.0,80.0999984741211,80.0,80.0999984741211,6100,0.0,0.0
2026-03-11 02:45:00+00:00,80.0999984741211,80.0999984741211,80.0,80.0,9666,0.0,0.0
2026-03-11 02:50:00+00:00,80.0999984741211,80.19999694824219,80.0,80.19999694824219,11360,0.0,0.0
2026-03-11 03:00:00+00:00,79.9000015258789,79.9000015258789,79.5999984741211,79.5999984741211,23168,0.0,0.0
2026-03-11 03:05:00+00:00,79.69999694824219,79.9000015258789,79.5999984741211,79.9000015258789,8100,0.0,0.0
2026-03-11 03:15:00+00:00,79.9000015258789,79.9000015258789,79.80000305175781,79.80000305175781,9000,0.0,0.0
2026-03-11 03:20:00+00:00,79.80000305175781,79.80000305175781,79.5,79.5,19695,0.0,0.0
2026-03-11 03:25:00+00:00,79.5,79.5,79.5,79.5,4936,0.0,0.0
2026-03-11 03:35:00+00:00,79.5999984741211,79.5999984741211,79.4000015258789,79.4000015258789,12000,0.0,0.0
2026-03-11 03:40:00+00:00,79.5,79.5,79.4000015258789,79.4000015258789,6379,0.0,0.0
2026-03-11 03:45:00+00:00,79.5,79.80000305175781,79.30000305175781,79.4000015258789,22292,0.0,0.0
2026-03-11 03:50:00+00:00,79.4000015258789,79.4000015258789,79.0,79.0,26277,0.0,0.0
2026-03-11 03:55:00+00:00,79.0,79.19999694824219,78.9000015258789,79.0,23103,0.0,0.0
2026-03-11 04:00:00+00:00,79.19999694824219,79.19999694824219,79.19999694824219,79.19999694824219,1000,0.0,0.0
2026-03-11 04:05:00+00:00,79.19999694824219,79.19999694824219,79.19999694824219,79.19999694824219,9020,0.0,0.0
2026-03-11 04:10:00+00:00,79.19999694824219,79.19999694824219,79.0999984741211,79.0999984741211,8252,0.0,0.0
2026-03-11 04:15:00+00:00,79.0999984741211,79.0999984741211,79.0,79.0999984741211,9000,0.0,0.0
2026-03-11 04:20:00+00:00,79.30000305175781,79.30000305175781,79.19999694824219,79.19999694824219,7029,0.0,0.0
2026-03-11 04:25:00+00:00,79.19999694824219,79.19999694824219,79.19999694824219,79.19999694824219,2410,0.0,0.0
2026-03-11 04:30:00+00:00,79.19999694824219,79.19999694824219,79.19999694824219,79.19999694824219,3000,0.0,0.0
2026-03-11 04:35:00+00:00,79.30000305175781,79.30000305175781,79.30000305175781,79.30000305175781,4175,0.0,0.0
2026-03-11 04:40:00+00:00,79.4000015258789,79.4000015258789,79.4000015258789,79.4000015258789,12000,0.0,0.0
2026-03-11 04:45:00+00:00,79.4000015258789,79.4000015258789,79.4000015258789,79.4000015258789,4020,0.0,0.0
2026-03-11 04:50:00+00:00,79.4000015258789,79.5,79.4000015258789,79.5,8000,0.0,0.0
2026-03-11 04:55:00+00:00,79.5999984741211,79.5999984741211,79.5,79.5999984741211,17000,0.0,0.0
2026-03-11 05:00:00+00:00,79.5999984741211,79.5999984741211,79.5,79.5,11354,0.0,0.0
2026-03-11 05:05:00+00:00,79.5,79.5,79.4000015258789,79.4000015258789,13036,0.0,0.0
2026-03-11 05:10:00+00:00,79.30000305175781,79.30000305175781,79.19999694824219,79.30000305175781,20182,0.0,0.0
2026-03-11 05:15:00+00:00,79.30000305175781,79.4000015258789,79.30000305175781,79.30000305175781,9000,0.0,0.0
2026-03-11 05:20:00+00:00,79.4000015258789,80.0,79.4000015258789,79.9000015258789,76000,0.0,0.0
2026-03-12 01:00:00+00:00,78.69999694824219,78.69999694824219,78.0999984741211,78.4000015258789,0,0.0,0.0
2026-03-12 01:05:00+00:00,78.4000015258789,78.4000015258789,77.9000015258789,78.0,36130,0.0,0.0
2026-03-12 01:10:00+00:00,78.0,78.0999984741211,77.69999694824219,77.80000305175781,52064,0.0,0.0
2026-03-12 01:15:00+00:00,78.0,78.0,77.80000305175781,77.9000015258789,10016,0.0,0.0
2026-03-12 01:20:00+00:00,78.0999984741211,78.9000015258789,78.0999984741211,78.69999694824219,35023,0.0,0.0
2026-03-12 01:25:00+00:00,78.69999694824219,78.80000305175781,78.5,78.80000305175781,37000,0.0,0.0
2026-03-12 01:30:00+00:00,78.5999984741211,78.5999984741211,78.4000015258789,78.4000015258789,14000,0.0,0.0
2026-03-12 01:35:00+00:00,78.4000015258789,78.4000015258789,78.0999984741211,78.30000305175781,13200,0.0,0.0
2026-03-12 01:40:00+00:00,78.30000305175781,78.30000305175781,78.19999694824219,78.19999694824219,8019,0.0,0.0
2026-03-12 01:45:00+00:00,78.19999694824219,78.30000305175781,78.0999984741211,78.0999984741211,20606,0.0,0.0
2026-03-12 01:50:00+00:00,78.0,78.0,77.69999694824219,77.69999694824219,72046,0.0,0.0
2026-03-12 01:55:00+00:00,77.69999694824219,77.80000305175781,77.69999694824219,77.80000305175781,33753,0.0,0.0
2026-03-12 02:00:00+00:00,77.80000305175781,77.80000305175781,77.4000015258789,77.5,50678,0.0,0.0
2026-03-12 02:05:00+00:00,77.4000015258789,77.80000305175781,77.4000015258789,77.69999694824219,26275,0.0,0.0
2026-03-12 02:10:00+00:00,77.5999984741211,77.5999984741211,77.5,77.5,9068,0.0,0.0
2026-03-12 02:15:00+00:00,77.5,77.5999984741211,77.4000015258789,77.5999984741211,14000,0.0,0.0
2026-03-12 02:20:00+00:00,77.5,77.5,77.5,77.5,11031,0.0,0.0
2026-03-12 02:25:00+00:00,77.5,77.5,77.4000015258789,77.4000015258789,3010,0.0,0.0
2026-03-12 02:30:00+00:00,77.4000015258789,77.4000015258789,77.30000305175781,77.30000305175781,9002,0.0,0.0
2026-03-12 02:35:00+00:00,77.30000305175781,77.30000305175781,77.0999984741211,77.19999694824219,32830,0.0,0.0
2026-03-12 02:40:00+00:00,77.19999694824219,77.30000305175781,77.0,77.0999984741211,17890,0.0,0.0
2026-03-12 02:45:00+00:00,77.0999984741211,77.0999984741211,76.9000015258789,76.9000015258789,43334,0.0,0.0
2026-03-12 02:50:00+00:00,76.80000305175781,76.9000015258789,76.80000305175781,76.9000015258789,16340,0.0,0.0
2026-03-12 02:55:00+00:00,77.0,77.0999984741211,77.0,77.0999984741211,7000,0.0,0.0
2026-03-12 03:00:00+00:00,77.0999984741211,77.5,77.0999984741211,77.30000305175781,16228,0.0,0.0
2026-03-12 03:05:00+00:00,77.19999694824219,77.30000305175781,77.0999984741211,77.30000305175781,7936,0.0,0.0
2026-03-12 03:10:00+00:00,77.19999694824219,77.19999694824219,77.0999984741211,77.0999984741211,4187,0.0,0.0
2026-03-12 03:15:00+00:00,77.30000305175781,77.30000305175781,77.30000305175781,77.30000305175781,3090,0.0,0.0
2026-03-12 03:25:00+00:00,77.30000305175781,77.30000305175781,77.30000305175781,77.30000305175781,4050,0.0,0.0
2026-03-12 03:30:00+00:00,77.30000305175781,77.4000015258789,77.19999694824219,77.4000015258789,14278,0.0,0.0
2026-03-12 03:35:00+00:00,77.30000305175781,77.30000305175781,77.19999694824219,77.19999694824219,4000,0.0,0.0
2026-03-12 03:40:00+00:00,77.19999694824219,77.19999694824219,77.19999694824219,77.19999694824219,9000,0.0,0.0
2026-03-12 03:45:00+00:00,77.0999984741211,77.0999984741211,77.0999984741211,77.0999984741211,1001,0.0,0.0
2026-03-12 03:50:00+00:00,77.0999984741211,77.0999984741211,77.0,77.0,12040,0.0,0.0
2026-03-12 03:55:00+00:00,77.0,77.0999984741211,77.0,77.0999984741211,6123,0.0,0.0
2026-03-12 04:00:00+00:00,77.0,77.0,77.0,77.0,2000,0.0,0.0
2026-03-12 04:05:00+00:00,77.0999984741211,77.0999984741211,77.0999984741211,77.0999984741211,3000,0.0,0.0
2026-03-12 04:10:00+00:00,77.0999984741211,77.4000015258789,77.0999984741211,77.4000015258789,12005,0.0,0.0
2026-03-12 04:15:00+00:00,77.30000305175781,77.4000015258789,77.30000305175781,77.4000015258789,6005,0.0,0.0
2026-03-12 04:20:00+00:00,77.4000015258789,77.4000015258789,77.30000305175781,77.30000305175781,5453,0.0,0.0
2026-03-12 04:25:00+00:00,77.4000015258789,77.4000015258789,77.30000305175781,77.30000305175781,2010,0.0,0.0
2026-03-12 04:30:00+00:00,77.4000015258789,77.5,77.4000015258789,77.5,4031,0.0,0.0
2026-03-12 04:35:00+00:00,77.5,77.5,77.5,77.5,2052,0.0,0.0
2026-03-12 04:40:00+00:00,77.4000015258789,77.4000015258789,77.30000305175781,77.30000305175781,22280,0.0,0.0
2026-03-12 04:45:00+00:00,77.19999694824219,77.19999694824219,77.19999694824219,77.19999694824219,9020,0.0,0.0
2026-03-12 04:50:00+00:00,77.19999694824219,77.19999694824219,77.0999984741211,77.19999694824219,11010,0.0,0.0
2026-03-12 04:55:00+00:00,77.30000305175781,77.4000015258789,77.30000305175781,77.30000305175781,8000,0.0,0.0
2026-03-12 05:00:00+00:00,77.30000305175781,77.30000305175781,77.30000305175781,77.30000305175781,2036,0.0,0.0
2026-03-12 05:05:00+00:00,77.4000015258789,77.4000015258789,77.4000015258789,77.4000015258789,7018,0.0,0.0
2026-03-12 05:10:00+00:00,77.4000015258789,77.4000015258789,77.0,77.19999694824219,61103,0.0,0.0
2026-03-12 05:15:00+00:00,77.19999694824219,77.4000015258789,77.19999694824219,77.4000015258789,12000,0.0,0.0
2026-03-12 05:20:00+00:00,77.4000015258789,77.4000015258789,77.19999694824219,77.19999694824219,27000,0.0,0.0
2026-03-13 01:00:00+00:00,75.9000015258789,76.30000305175781,75.80000305175781,76.0999984741211,0,0.0,0.0
2026-03-13 01:05:00+00:00,75.80000305175781,76.5,75.69999694824219,76.5,13090,0.0,0.0
2026-03-13 01:10:00+00:00,76.5999984741211,76.9000015258789,76.5,76.5,15030,0.0,0.0
2026-03-13 01:15:00+00:00,76.80000305175781,77.0999984741211,76.80000305175781,77.0999984741211,18000,0.0,0.0
2026-03-13 01:20:00+00:00,77.19999694824219,77.5999984741211,77.19999694824219,77.5,27000,0.0,0.0
2026-03-13 01:25:00+00:00,77.4000015258789,77.5,77.4000015258789,77.4000015258789,9000,0.0,0.0
2026-03-13 01:30:00+00:00,77.5,78.0,77.5,77.9000015258789,18174,0.0,0.0
2026-03-13 01:35:00+00:00,77.9000015258789,77.9000015258789,77.5999984741211,77.69999694824219,21000,0.0,0.0
2026-03-13 01:40:00+00:00,77.69999694824219,78.0999984741211,77.5999984741211,77.5999984741211,36000,0.0,0.0
2026-03-13 01:45:00+00:00,77.5999984741211,78.0,77.5999984741211,78.0,29198,0.0,0.0
2026-03-13 01:50:00+00:00,78.0,79.0,78.0,78.5999984741211,57250,0.0,0.0
2026-03-13 01:55:00+00:00,78.69999694824219,78.80000305175781,78.69999694824219,78.69999694824219,32000,0.0,0.0
2026-03-13 02:00:00+00:00,78.69999694824219,78.9000015258789,78.69999694824219,78.9000015258789,17050,0.0,0.0
2026-03-13 02:05:00+00:00,78.9000015258789,79.0,78.80000305175781,78.80000305175781,14687,0.0,0.0
2026-03-13 02:10:00+00:00,78.80000305175781,79.9000015258789,78.80000305175781,79.30000305175781,90570,0.0,0.0
2026-03-13 02:15:00+00:00,79.4000015258789,79.4000015258789,79.19999694824219,79.4000015258789,11000,0.0,0.0
2026-03-13 02:20:00+00:00,79.4000015258789,79.4000015258789,79.19999694824219,79.19999694824219,16801,0.0,0.0
2026-03-13 02:25:00+00:00,79.30000305175781,79.30000305175781,79.0999984741211,79.0999984741211,12155,0.0,0.0
2026-03-13 02:30:00+00:00,79.0,79.30000305175781,79.0,79.30000305175781,11100,0.0,0.0
2026-03-13 02:35:00+00:00,79.30000305175781,79.9000015258789,79.19999694824219,79.9000015258789,43346,0.0,0.0
2026-03-13 02:40:00+00:00,79.9000015258789,80.5999984741211,79.9000015258789,80.0999984741211,79852,0.0,0.0
2026-03-13 02:45:00+00:00,80.0999984741211,80.19999694824219,80.0,80.0,64050,0.0,0.0
2026-03-13 02:50:00+00:00,80.0,80.0999984741211,80.0,80.0,12130,0.0,0.0
2026-03-13 02:55:00+00:00,80.0,80.9000015258789,80.0,80.9000015258789,63829,0.0,0.0
2026-03-13 03:00:00+00:00,80.9000015258789,81.5999984741211,80.80000305175781,80.80000305175781,122990,0.0,0.0
2026-03-13 03:05:00+00:00,80.9000015258789,81.0999984741211,80.80000305175781,81.0999984741211,25530,0.0,0.0
2026-03-13 03:10:00+00:00,81.0999984741211,81.4000015258789,80.9000015258789,80.9000015258789,37120,0.0,0.0
2026-03-13 03:15:00+00:00,80.9000015258789,80.9000015258789,80.69999694824219,80.80000305175781,15150,0.0,0.0
2026-03-13 03:20:00+00:00,80.69999694824219,80.9000015258789,80.69999694824219,80.9000015258789,20000,0.0,0.0
2026-03-13 03:25:00+00:00,80.9000015258789,81.30000305175781,80.80000305175781,81.30000305175781,29100,0.0,0.0
2026-03-13 03:30:00+00:00,81.19999694824219,81.30000305175781,81.0999984741211,81.30000305175781,30421,0.0,0.0
2026-03-13 03:35:00+00:00,81.19999694824219,81.30000305175781,81.19999694824219,81.30000305175781,10369,0.0,0.0
2026-03-13 03:40:00+00:00,81.4000015258789,81.69999694824219,81.19999694824219,81.69999694824219,45795,0.0,0.0
2026-03-13 03:45:00+00:00,81.69999694824219,81.69999694824219,80.9000015258789,80.9000015258789,34914,0.0,0.0
2026-03-13 03:50:00+00:00,81.0,81.30000305175781,80.80000305175781,81.30000305175781,21000,0.0,0.0
2026-03-13 03:55:00+00:00,81.0999984741211,81.4000015258789,81.0,81.19999694824219,21024,0.0,0.0
2026-03-13 04:00:00+00:00,81.0,81.19999694824219,81.0,81.19999694824219,20176,0.0,0.0
2026-03-13 04:05:00+00:00,81.0,81.0,80.9000015258789,81.0,10293,0.0,0.0
2026-03-13 04:15:00+00:00,80.9000015258789,80.9000015258789,80.5999984741211,80.69999694824219,29949,0.0,0.0
2026-03-13 04:20:00+00:00,80.80000305175781,80.9000015258789,80.69999694824219,80.9000015258789,26000,0.0,0.0
2026-03-13 04:25:00+00:00,80.9000015258789,81.0999984741211,80.5999984741211,80.5999984741211,66100,0.0,0.0
2026-03-13 04:30:00+00:00,80.69999694824219,80.69999694824219,80.5999984741211,80.5999984741211,6114,0.0,0.0
2026-03-13 04:35:00+00:00,80.5,80.5,80.4000015258789,80.4000015258789,11492,0.0,0.0
2026-03-13 04:40:00+00:00,80.5,80.5,80.4000015258789,80.4000015258789,6020,0.0,0.0
2026-03-13 04:45:00+00:00,80.5999984741211,80.5999984741211,80.5,80.5,7117,0.0,0.0
2026-03-13 04:50:00+00:00,80.5,81.9000015258789,80.4000015258789,81.9000015258789,117847,0.0,0.0
2026-03-13 04:55:00+00:00,82.0,82.9000015258789,81.69999694824219,81.9000015258789,135630,0.0,0.0
2026-03-13 05:00:00+00:00,82.0,82.0,81.69999694824219,82.0,22030,0.0,0.0
2026-03-13 05:05:00+00:00,82.0,82.19999694824219,82.0,82.0,26040,0.0,0.0
2026-03-13 05:10:00+00:00,82.0,82.0999984741211,82.0,82.0,41307,0.0,0.0
2026-03-13 05:15:00+00:00,82.0999984741211,82.80000305175781,82.0999984741211,82.5999984741211,64550,0.0,0.0
2026-03-13 05:20:00+00:00,82.5999984741211,83.0,82.30000305175781,82.30000305175781,105747,0.0,0.0
2026-03-16 01:00:00+00:00,82.30000305175781,84.19999694824219,81.30000305175781,83.30000305175781,0,0.0,0.0
2026-03-16 01:05:00+00:00,83.4000015258789,83.69999694824219,82.30000305175781,82.30000305175781,218000,0.0,0.0
2026-03-16 01:10:00+00:00,82.30000305175781,82.30000305175781,82.0,82.30000305175781,153371,0.0,0.0
2026-03-16 01:15:00+00:00,82.30000305175781,82.4000015258789,82.0,82.0,12200,0.0,0.0
2026-03-16 01:20:00+00:00,81.9000015258789,82.4000015258789,81.80000305175781,82.19999694824219,44465,0.0,0.0
2026-03-16 01:25:00+00:00,82.0,82.0,81.19999694824219,81.4000015258789,64329,0.0,0.0
2026-03-16 01:30:00+00:00,81.5,81.5,81.30000305175781,81.5,25050,0.0,0.0
2026-03-16 01:35:00+00:00,81.5999984741211,82.0,81.5999984741211,81.80000305175781,41300,0.0,0.0
2026-03-16 01:40:00+00:00,81.9000015258789,81.9000015258789,81.30000305175781,81.30000305175781,54031,0.0,0.0
2026-03-16 01:45:00+00:00,81.5,81.5,81.4000015258789,81.4000015258789,11010,0.0,0.0
2026-03-16 01:50:00+00:00,81.5,81.5,81.4000015258789,81.5,9188,0.0,0.0
2026-03-16 01:55:00+00:00,81.5999984741211,81.80000305175781,81.5,81.5,6105,0.0,0.0
2026-03-16 02:00:00+00:00,81.5999984741211,81.5999984741211,81.30000305175781,81.30000305175781,24400,0.0,0.0
2026-03-16 02:05:00+00:00,81.30000305175781,81.9000015258789,81.0,81.69999694824219,80001,0.0,0.0
2026-03-16 02:10:00+00:00,81.69999694824219,82.0999984741211,81.5999984741211,82.0999984741211,22005,0.0,0.0
2026-03-16 02:15:00+00:00,82.0999984741211,82.19999694824219,81.4000015258789,81.4000015258789,45050,0.0,0.0
2026-03-16 02:20:00+00:00,81.4000015258789,81.5999984741211,80.69999694824219,80.69999694824219,83718,0.0,0.0
2026-03-16 02:25:00+00:00,80.80000305175781,81.0,80.80000305175781,81.0,10000,0.0,0.0
2026-03-16 02:30:00+00:00,81.0,81.0999984741211,80.9000015258789,81.0,12012,0.0,0.0
2026-03-16 02:35:00+00:00,81.0999984741211,81.19999694824219,81.0,81.0,13044,0.0,0.0
2026-03-16 02:40:00+00:00,81.0,81.0,80.80000305175781,80.80000305175781,32667,0.0,0.0
2026-03-16 02:45:00+00:00,80.69999694824219,80.80000305175781,80.5999984741211,80.80000305175781,29339,0.0,0.0
2026-03-16 02:50:00+00:00,80.80000305175781,80.80000305175781,80.69999694824219,80.80000305175781,15103,0.0,0.0
2026-03-16 02:55:00+00:00,80.80000305175781,80.80000305175781,80.80000305175781,80.80000305175781,4000,0.0,0.0
2026-03-16 03:00:00+00:00,80.9000015258789,81.0,80.69999694824219,80.69999694824219,17065,0.0,0.0
2026-03-16 03:05:00+00:00,80.69999694824219,80.80000305175781,80.69999694824219,80.80000305175781,3000,0.0,0.0
2026-03-16 03:10:00+00:00,80.80000305175781,81.0,80.80000305175781,81.0,8000,0.0,0.0
2026-03-16 03:15:00+00:00,81.0,81.0999984741211,81.0,81.0999984741211,27437,0.0,0.0
2026-03-16 03:20:00+00:00,81.0999984741211,81.0999984741211,80.9000015258789,80.9000015258789,7083,0.0,0.0
2026-03-16 03:25:00+00:00,81.0,81.4000015258789,81.0,81.4000015258789,10000,0.0,0.0
2026-03-16 03:30:00+00:00,81.30000305175781,81.30000305175781,81.30000305175781,81.30000305175781,1183,0.0,0.0
2026-03-16 03:35:00+00:00,81.30000305175781,81.30000305175781,81.30000305175781,81.30000305175781,1000,0.0,0.0
2026-03-16 03:40:00+00:00,81.30000305175781,81.30000305175781,81.30000305175781,81.30000305175781,1135,0.0,0.0
2026-03-16 03:45:00+00:00,81.4000015258789,81.4000015258789,81.4000015258789,81.4000015258789,25012,0.0,0.0
2026-03-16 03:50:00+00:00,81.5,81.5,81.30000305175781,81.30000305175781,12000,0.0,0.0
2026-03-16 03:55:00+00:00,81.30000305175781,81.30000305175781,81.0999984741211,81.0999984741211,4000,0.0,0.0
2026-03-16 04:00:00+00:00,81.19999694824219,81.19999694824219,81.0999984741211,81.0999984741211,4000,0.0,0.0
2026-03-16 04:05:00+00:00,81.0999984741211,81.0999984741211,81.0,81.0999984741211,9763,0.0,0.0
2026-03-16 04:10:00+00:00,81.0,81.0,81.0,81.0,7000,0.0,0.0
2026-03-16 04:15:00+00:00,81.0,81.0,80.9000015258789,81.0,13000,0.0,0.0
2026-03-16 04:20:00+00:00,81.0,81.0,81.0,81.0,2007,0.0,0.0
2026-03-16 04:25:00+00:00,81.0,81.0,81.0,81.0,3000,0.0,0.0
2026-03-16 04:30:00+00:00,81.0,81.19999694824219,81.0,81.19999694824219,6160,0.0,0.0
2026-03-16 04:35:00+00:00,81.0999984741211,81.0999984741211,80.69999694824219,80.69999694824219,72472,0.0,0.0
2026-03-16 04:40:00+00:00,80.69999694824219,80.80000305175781,80.5999984741211,80.69999694824219,46703,0.0,0.0
2026-03-16 04:45:00+00:00,80.69999694824219,80.69999694824219,80.30000305175781,80.30000305175781,77556,0.0,0.0
2026-03-16 04:50:00+00:00,80.30000305175781,80.5,80.30000305175781,80.5,8076,0.0,0.0
2026-03-16 04:55:00+00:00,80.4000015258789,80.5999984741211,80.4000015258789,80.5999984741211,12002,0.0,0.0
2026-03-16 05:00:00+00:00,80.5999984741211,80.5999984741211,80.19999694824219,80.19999694824219,58610,0.0,0.0
2026-03-16 05:05:00+00:00,80.30000305175781,80.4000015258789,80.30000305175781,80.30000305175781,17000,0.0,0.0
2026-03-16 05:10:00+00:00,80.30000305175781,80.30000305175781,80.19999694824219,80.19999694824219,19329,0.0,0.0
2026-03-16 05:15:00+00:00,80.19999694824219,80.30000305175781,80.19999694824219,80.30000305175781,20023,0.0,0.0
2026-03-16 05:20:00+00:00,80.30000305175781,80.4000015258789,80.30000305175781,80.30000305175781,17135,0.0,0.0
2026-03-17 01:00:00+00:00,81.0,81.0999984741211,80.5,80.80000305175781,0,0.0,0.0
2026-03-17 01:05:00+00:00,80.80000305175781,81.9000015258789,80.80000305175781,81.9000015258789,71000,0.0,0.0
2026-03-17 01:10:00+00:00,82.0,82.80000305175781,81.69999694824219,82.5999984741211,106174,0.0,0.0
2026-03-17 01:15:00+00:00,82.5,82.5999984741211,82.4000015258789,82.5,37110,0.0,0.0
2026-03-17 01:20:00+00:00,82.4000015258789,83.80000305175781,82.19999694824219,83.5,140347,0.0,0.0
2026-03-17 01:25:00+00:00,83.5,83.69999694824219,82.9000015258789,82.9000015258789,49371,0.0,0.0
2026-03-17 01:30:00+00:00,82.9000015258789,82.9000015258789,82.4000015258789,82.5,14817,0.0,0.0
2026-03-17 01:35:00+00:00,82.5,82.80000305175781,82.19999694824219,82.4000015258789,29333,0.0,0.0
2026-03-17 01:40:00+00:00,82.4000015258789,82.4000015258789,82.19999694824219,82.19999694824219,17600,0.0,0.0
2026-03-17 01:45:00+00:00,82.0999984741211,82.0999984741211,82.0,82.0,28000,0.0,0.0
2026-03-17 01:50:00+00:00,82.19999694824219,82.19999694824219,82.0999984741211,82.0999984741211,3218,0.0,0.0
2026-03-17 01:55:00+00:00,82.0999984741211,82.0999984741211,82.0,82.0,7140,0.0,0.0
2026-03-17 02:00:00+00:00,82.0999984741211,82.0999984741211,82.0,82.0,20000,0.0,0.0
2026-03-17 02:05:00+00:00,82.0,82.0,82.0,82.0,7059,0.0,0.0
2026-03-17 02:10:00+00:00,82.0,82.0,81.69999694824219,81.69999694824219,24000,0.0,0.0
2026-03-17 02:15:00+00:00,81.69999694824219,81.9000015258789,81.5,81.5,82201,0.0,0.0
2026-03-17 02:20:00+00:00,81.80000305175781,81.80000305175781,81.80000305175781,81.80000305175781,3000,0.0,0.0
2026-03-17 02:25:00+00:00,82.0,82.4000015258789,82.0,82.4000015258789,23432,0.0,0.0
2026-03-17 02:30:00+00:00,82.4000015258789,82.4000015258789,82.30000305175781,82.30000305175781,10302,0.0,0.0
2026-03-17 02:35:00+00:00,82.4000015258789,82.4000015258789,82.0999984741211,82.30000305175781,20220,0.0,0.0
2026-03-17 02:40:00+00:00,82.30000305175781,82.9000015258789,82.30000305175781,82.9000015258789,53252,0.0,0.0
2026-03-17 02:45:00+00:00,82.9000015258789,83.19999694824219,82.80000305175781,83.0999984741211,36400,0.0,0.0
2026-03-17 02:50:00+00:00,83.0999984741211,83.5,83.0999984741211,83.19999694824219,48358,0.0,0.0
2026-03-17 02:55:00+00:00,83.19999694824219,83.80000305175781,83.0,83.19999694824219,122615,0.0,0.0
2026-03-17 03:00:00+00:00,83.30000305175781,83.30000305175781,83.30000305175781,83.30000305175781,2150,0.0,0.0
2026-03-17 03:05:00+00:00,83.19999694824219,83.19999694824219,83.0,83.0,48004,0.0,0.0
2026-03-17 03:10:00+00:00,83.0999984741211,83.30000305175781,83.0999984741211,83.0999984741211,13060,0.0,0.0
2026-03-17 03:15:00+00:00,83.0999984741211,83.0999984741211,83.0999984741211,83.0999984741211,9038,0.0,0.0
2026-03-17 03:20:00+00:00,83.19999694824219,83.30000305175781,83.19999694824219,83.30000305175781,11100,0.0,0.0
2026-03-17 03:25:00+00:00,83.30000305175781,83.30000305175781,83.19999694824219,83.19999694824219,7000,0.0,0.0
2026-03-17 03:30:00+00:00,83.19999694824219,83.5,83.19999694824219,83.5,54000,0.0,0.0
2026-03-17 03:35:00+00:00,83.4000015258789,83.5,83.30000305175781,83.4000015258789,29000,0.0,0.0
2026-03-17 03:40:00+00:00,83.5,83.5,83.4000015258789,83.4000015258789,24630,0.0,0.0
2026-03-17 03:45:00+00:00,83.4000015258789,83.4000015258789,83.19999694824219,83.19999694824219,3000,0.0,0.0
2026-03-17 03:50:00+00:00,83.19999694824219,83.4000015258789,83.0,83.4000015258789,40998,0.0,0.0
2026-03-17 03:55:00+00:00,83.4000015258789,83.4000015258789,83.0999984741211,83.0999984741211,4500,0.0,0.0
2026-03-17 04:00:00+00:00,83.4000015258789,83.4000015258789,83.0999984741211,83.0999984741211,2201,0.0,0.0
2026-03-17 04:05:00+00:00,83.30000305175781,83.4000015258789,83.30000305175781,83.4000015258789,12160,0.0,0.0
2026-03-17 04:10:00+00:00,83.5,83.69999694824219,83.19999694824219,83.5999984741211,68760,0.0,0.0
2026-03-17 04:15:00+00:00,83.5999984741211,83.5999984741211,83.19999694824219,83.19999694824219,29002,0.0,0.0
2026-03-17 04:20:00+00:00,83.4000015258789,83.4000015258789,83.0,83.4000015258789,49041,0.0,0.0
2026-03-17 04:25:00+00:00,83.4000015258789,83.5999984741211,83.4000015258789,83.5,8039,0.0,0.0
2026-03-17 04:30:00+00:00,83.5,83.5,83.30000305175781,83.30000305175781,6135,0.0,0.0
2026-03-17 04:35:00+00:00,83.30000305175781,83.30000305175781,83.0999984741211,83.0999984741211,14029,0.0,0.0
2026-03-17 04:40:00+00:00,83.0999984741211,83.19999694824219,83.0999984741211,83.19999694824219,5001,0.0,0.0
2026-03-17 04:45:00+00:00,83.19999694824219,83.19999694824219,83.0999984741211,83.19999694824219,4260,0.0,0.0
2026-03-17 04:50:00+00:00,83.19999694824219,83.30000305175781,83.19999694824219,83.30000305175781,4000,0.0,0.0
2026-03-17 04:55:00+00:00,83.30000305175781,83.30000305175781,83.19999694824219,83.30000305175781,7000,0.0,0.0
2026-03-17 05:00:00+00:00,83.19999694824219,83.30000305175781,83.19999694824219,83.30000305175781,13815,0.0,0.0
2026-03-17 05:05:00+00:00,83.19999694824219,83.19999694824219,83.0,83.19999694824219,25055,0.0,0.0
2026-03-17 05:10:00+00:00,83.19999694824219,83.19999694824219,83.0,83.0999984741211,21415,0.0,0.0
2026-03-17 05:15:00+00:00,83.0999984741211,83.0999984741211,83.0999984741211,83.0999984741211,1000,0.0,0.0
2026-03-17 05:20:00+00:00,83.0999984741211,83.19999694824219,83.0,83.0,42241,0.0,0.0
2026-03-18 01:00:00+00:00,84.19999694824219,84.5999984741211,83.0999984741211,84.0,0,0.0,0.0
2026-03-18 01:05:00+00:00,84.0,84.5,83.80000305175781,83.80000305175781,142110,0.0,0.0
2026-03-18 01:10:00+00:00,83.9000015258789,84.4000015258789,83.9000015258789,84.0999984741211,30490,0.0,0.0
2026-03-18 01:15:00+00:00,84.0999984741211,84.19999694824219,84.0,84.0999984741211,23420,0.0,0.0
2026-03-18 01:20:00+00:00,84.0,84.0,83.5999984741211,83.5999984741211,105337,0.0,0.0
2026-03-18 01:25:00+00:00,83.5999984741211,83.5999984741211,83.4000015258789,83.4000015258789,47404,0.0,0.0
2026-03-18 01:30:00+00:00,83.4000015258789,83.4000015258789,83.30000305175781,83.30000305175781,28000,0.0,0.0
2026-03-18 01:35:00+00:00,83.30000305175781,83.4000015258789,83.30000305175781,83.30000305175781,13000,0.0,0.0
2026-03-18 01:40:00+00:00,83.4000015258789,83.5999984741211,83.4000015258789,83.5999984741211,25101,0.0,0.0
2026-03-18 01:45:00+00:00,83.5999984741211,83.80000305175781,83.5999984741211,83.69999694824219,19070,0.0,0.0
2026-03-18 01:50:00+00:00,83.5999984741211,83.5999984741211,83.5,83.5,15050,0.0,0.0
2026-03-18 01:55:00+00:00,83.69999694824219,83.69999694824219,83.5,83.5,6000,0.0,0.0
2026-03-18 02:00:00+00:00,83.5999984741211,83.5999984741211,83.30000305175781,83.4000015258789,68400,0.0,0.0
2026-03-18 02:05:00+00:00,83.30000305175781,83.30000305175781,82.9000015258789,83.0999984741211,67700,0.0,0.0
2026-03-18 02:10:00+00:00,83.0999984741211,83.30000305175781,83.0999984741211,83.30000305175781,10026,0.0,0.0
2026-03-18 02:15:00+00:00,83.30000305175781,83.4000015258789,83.30000305175781,83.30000305175781,7010,0.0,0.0
2026-03-18 02:20:00+00:00,83.30000305175781,83.30000305175781,83.19999694824219,83.30000305175781,6000,0.0,0.0
2026-03-18 02:25:00+00:00,83.30000305175781,83.30000305175781,83.30000305175781,83.30000305175781,2000,0.0,0.0
2026-03-18 02:30:00+00:00,83.30000305175781,83.30000305175781,83.30000305175781,83.30000305175781,2000,0.0,0.0
2026-03-18 02:35:00+00:00,83.19999694824219,83.30000305175781,83.19999694824219,83.30000305175781,15001,0.0,0.0
2026-03-18 02:40:00+00:00,83.4000015258789,83.4000015258789,83.0,83.0,42330,0.0,0.0
2026-03-18 02:45:00+00:00,83.0,83.0999984741211,83.0,83.0999984741211,16000,0.0,0.0
2026-03-18 02:50:00+00:00,83.0,83.0,83.0,83.0,17000,0.0,0.0
2026-03-18 02:55:00+00:00,83.0,83.0,82.9000015258789,82.9000015258789,9016,0.0,0.0
2026-03-18 03:00:00+00:00,83.0,83.19999694824219,83.0,83.19999694824219,5050,0.0,0.0
2026-03-18 03:05:00+00:00,83.19999694824219,83.19999694824219,83.19999694824219,83.19999694824219,4170,0.0,0.0
2026-03-18 03:10:00+00:00,83.19999694824219,83.4000015258789,83.19999694824219,83.4000015258789,6000,0.0,0.0
2026-03-18 03:15:00+00:00,83.30000305175781,83.30000305175781,83.30000305175781,83.30000305175781,2200,0.0,0.0
2026-03-18 03:20:00+00:00,83.4000015258789,83.80000305175781,83.4000015258789,83.80000305175781,28249,0.0,0.0
2026-03-18 03:25:00+00:00,83.80000305175781,84.0999984741211,83.80000305175781,84.0999984741211,40032,0.0,0.0
2026-03-18 03:30:00+00:00,84.0,84.0999984741211,84.0,84.0,22000,0.0,0.0
2026-03-18 03:35:00+00:00,84.0,84.0999984741211,84.0,84.0999984741211,36567,0.0,0.0
2026-03-18 03:40:00+00:00,84.0999984741211,84.5999984741211,84.0999984741211,84.5,94571,0.0,0.0
2026-03-18 03:45:00+00:00,84.5,84.80000305175781,84.4000015258789,84.5,61453,0.0,0.0
2026-03-18 03:50:00+00:00,84.5999984741211,86.5,84.5999984741211,86.19999694824219,292836,0.0,0.0
2026-03-18 03:55:00+00:00,86.0999984741211,86.0999984741211,85.5,85.5999984741211,105000,0.0,0.0
2026-03-18 04:00:00+00:00,85.5,85.5999984741211,85.5,85.5999984741211,24220,0.0,0.0
2026-03-18 04:05:00+00:00,85.5999984741211,85.5999984741211,85.5,85.5999984741211,28670,0.0,0.0
2026-03-18 04:10:00+00:00,85.5,85.5999984741211,85.4000015258789,85.4000015258789,55443,0.0,0.0
2026-03-18 04:15:00+00:00,85.4000015258789,85.5,85.4000015258789,85.4000015258789,7181,0.0,0.0
2026-03-18 04:20:00+00:00,85.4000015258789,85.4000015258789,85.4000015258789,85.4000015258789,20368,0.0,0.0
2026-03-18 04:25:00+00:00,85.4000015258789,85.5,85.30000305175781,85.30000305175781,21000,0.0,0.0
2026-03-18 04:30:00+00:00,85.30000305175781,85.4000015258789,85.30000305175781,85.4000015258789,15000,0.0,0.0
2026-03-18 04:35:00+00:00,85.4000015258789,85.5,85.30000305175781,85.30000305175781,32456,0.0,0.0
2026-03-18 04:40:00+00:00,85.30000305175781,85.4000015258789,85.30000305175781,85.30000305175781,5202,0.0,0.0
2026-03-18 04:45:00+00:00,85.4000015258789,85.4000015258789,85.4000015258789,85.4000015258789,10400,0.0,0.0
2026-03-18 04:50:00+00:00,85.4000015258789,85.4000015258789,85.30000305175781,85.30000305175781,13480,0.0,0.0
2026-03-18 04:55:00+00:00,85.4000015258789,85.4000015258789,85.30000305175781,85.30000305175781,16000,0.0,0.0
2026-03-18 05:00:00+00:00,85.30000305175781,85.4000015258789,85.30000305175781,85.4000015258789,10100,0.0,0.0
2026-03-18 05:05:00+00:00,85.4000015258789,85.4000015258789,85.30000305175781,85.4000015258789,19075,0.0,0.0
2026-03-18 05:10:00+00:00,85.5,85.5999984741211,85.5,85.5,67147,0.0,0.0
2026-03-18 05:15:00+00:00,85.5,85.80000305175781,85.4000015258789,85.69999694824219,35165,0.0,0.0
2026-03-18 05:20:00+00:00,85.69999694824219,85.80000305175781,85.5999984741211,85.80000305175781,38307,0.0,0.0
2026-03-19 01:00:00+00:00,84.80000305175781,86.9000015258789,84.19999694824219,86.30000305175781,0,0.0,0.0
2026-03-19 01:05:00+00:00,86.19999694824219,86.19999694824219,85.5999984741211,86.19999694824219,75000,0.0,0.0
2026-03-19 01:10:00+00:00,86.19999694824219,87.5,86.0999984741211,87.19999694824219,249359,0.0,0.0
2026-03-19 01:15:00+00:00,87.30000305175781,87.4000015258789,86.0999984741211,86.4000015258789,146987,0.0,0.0
2026-03-19 01:20:00+00:00,86.4000015258789,87.0999984741211,86.0999984741211,86.69999694824219,124958,0.0,0.0
2026-03-19 01:25:00+00:00,86.80000305175781,86.80000305175781,86.5,86.5,56260,0.0,0.0
2026-03-19 01:30:00+00:00,86.5,86.69999694824219,85.9000015258789,85.9000015258789,113420,0.0,0.0
2026-03-19 01:35:00+00:00,85.9000015258789,86.5,85.9000015258789,86.4000015258789,29620,0.0,0.0
2026-03-19 01:40:00+00:00,86.19999694824219,86.4000015258789,85.5999984741211,86.4000015258789,144080,0.0,0.0
2026-03-19 01:45:00+00:00,86.30000305175781,86.30000305175781,86.0,86.0,13340,0.0,0.0
2026-03-19 01:50:00+00:00,86.0,86.4000015258789,86.0,86.30000305175781,11000,0.0,0.0
2026-03-19 01:55:00+00:00,86.19999694824219,86.19999694824219,86.19999694824219,86.19999694824219,6000,0.0,0.0
2026-03-19 02:00:00+00:00,86.19999694824219,86.30000305175781,86.0999984741211,86.19999694824219,14100,0.0,0.0
2026-03-19 02:05:00+00:00,86.30000305175781,88.4000015258789,86.30000305175781,87.69999694824219,385263,0.0,0.0
2026-03-19 02:10:00+00:00,87.69999694824219,87.69999694824219,87.4000015258789,87.4000015258789,46008,0.0,0.0
2026-03-19 02:15:00+00:00,87.30000305175781,87.5,87.19999694824219,87.30000305175781,39000,0.0,0.0
2026-03-19 02:20:00+00:00,87.19999694824219,87.80000305175781,87.0999984741211,87.5999984741211,80310,0.0,0.0
2026-03-19 02:25:00+00:00,87.5999984741211,88.0999984741211,87.5,87.9000015258789,105130,0.0,0.0
2026-03-19 02:30:00+00:00,87.80000305175781,87.9000015258789,87.5999984741211,87.69999694824219,32110,0.0,0.0
2026-03-19 02:35:00+00:00,87.69999694824219,87.69999694824219,87.5,87.5,34695,0.0,0.0
2026-03-19 02:40:00+00:00,87.5,87.5999984741211,87.4000015258789,87.5,30009,0.0,0.0
2026-03-19 02:45:00+00:00,87.4000015258789,87.5,87.30000305175781,87.30000305175781,35133,0.0,0.0
2026-03-19 02:50:00+00:00,87.30000305175781,87.30000305175781,87.0999984741211,87.30000305175781,29467,0.0,0.0
2026-03-19 02:55:00+00:00,87.30000305175781,87.30000305175781,87.30000305175781,87.30000305175781,2000,0.0,0.0
2026-03-19 03:00:00+00:00,87.30000305175781,87.4000015258789,87.19999694824219,87.19999694824219,17040,0.0,0.0
2026-03-19 03:05:00+00:00,87.30000305175781,87.30000305175781,87.0,87.0999984741211,54300,0.0,0.0
2026-03-19 03:10:00+00:00,87.19999694824219,87.19999694824219,87.0,87.0999984741211,14235,0.0,0.0
2026-03-19 03:15:00+00:00,87.0999984741211,87.0999984741211,86.80000305175781,86.80000305175781,51208,0.0,0.0
2026-03-19 03:20:00+00:00,86.9000015258789,87.4000015258789,86.9000015258789,87.0999984741211,24156,0.0,0.0
2026-03-19 03:25:00+00:00,87.0999984741211,87.0999984741211,87.0,87.0,21700,0.0,0.0
2026-03-19 03:30:00+00:00,87.0,87.0,86.9000015258789,86.9000015258789,4000,0.0,0.0
2026-03-19 03:35:00+00:00,87.0,87.0999984741211,87.0,87.0999984741211,13101,0.0,0.0
2026-03-19 03:40:00+00:00,87.0999984741211,87.0999984741211,87.0,87.0,7000,0.0,0.0
2026-03-19 03:45:00+00:00,87.0999984741211,87.0999984741211,87.0,87.0,10010,0.0,0.0
2026-03-19 03:50:00+00:00,87.0,87.0999984741211,87.0,87.0999984741211,12415,0.0,0.0
2026-03-19 03:55:00+00:00,87.0,87.0,86.9000015258789,86.9000015258789,53853,0.0,0.0
2026-03-19 04:00:00+00:00,86.9000015258789,86.9000015258789,86.5999984741211,86.5999984741211,52911,0.0,0.0
2026-03-19 04:05:00+00:00,86.5999984741211,86.5999984741211,86.5,86.5,51381,0.0,0.0
2026-03-19 04:10:00+00:00,86.5,86.5,86.19999694824219,86.30000305175781,155208,0.0,0.0
2026-03-19 04:15:00+00:00,86.19999694824219,86.19999694824219,86.0,86.19999694824219,95555,0.0,0.0
2026-03-19 04:20:00+00:00,86.19999694824219,86.19999694824219,86.0999984741211,86.19999694824219,15000,0.0,0.0
2026-03-19 04:25:00+00:00,86.19999694824219,86.30000305175781,86.19999694824219,86.30000305175781,12000,0.0,0.0
2026-03-19 04:30:00+00:00,86.4000015258789,86.5,86.19999694824219,86.19999694824219,34258,0.0,0.0
2026-03-19 04:35:00+00:00,86.19999694824219,86.19999694824219,85.4000015258789,85.5,250583,0.0,0.0
2026-03-19 04:40:00+00:00,85.69999694824219,85.69999694824219,85.5999984741211,85.69999694824219,28020,0.0,0.0
2026-03-19 04:45:00+00:00,85.69999694824219,86.0,85.69999694824219,85.9000015258789,16000,0.0,0.0
2026-03-19 04:50:00+00:00,85.9000015258789,86.0999984741211,85.9000015258789,86.0999984741211,12841,0.0,0.0
2026-03-19 04:55:00+00:00,86.0999984741211,86.30000305175781,86.0,86.30000305175781,22104,0.0,0.0
2026-03-19 05:00:00+00:00,86.4000015258789,86.4000015258789,86.0,86.30000305175781,40168,0.0,0.0
2026-03-19 05:05:00+00:00,86.30000305175781,86.5,86.30000305175781,86.4000015258789,11100,0.0,0.0
2026-03-19 05:10:00+00:00,86.4000015258789,86.4000015258789,85.9000015258789,86.0,137243,0.0,0.0
2026-03-19 05:15:00+00:00,86.0,86.0999984741211,86.0,86.0,37047,0.0,0.0
2026-03-19 05:20:00+00:00,86.0,86.0999984741211,86.0,86.0999984741211,43954,0.0,0.0
2026-03-20 01:00:00+00:00,85.5999984741211,86.4000015258789,85.5,85.5,0,0.0,0.0
2026-03-20 01:05:00+00:00,85.5,86.4000015258789,85.5,86.0999984741211,83212,0.0,0.0
2026-03-20 01:10:00+00:00,86.19999694824219,86.19999694824219,85.4000015258789,85.5999984741211,91323,0.0,0.0
2026-03-20 01:15:00+00:00,85.5999984741211,85.5999984741211,84.5999984741211,84.5999984741211,159115,0.0,0.0
2026-03-20 01:20:00+00:00,84.5999984741211,84.5999984741211,84.0999984741211,84.0999984741211,129708,0.0,0.0
2026-03-20 01:25:00+00:00,84.4000015258789,84.9000015258789,84.4000015258789,84.9000015258789,52053,0.0,0.0
2026-03-20 01:30:00+00:00,84.9000015258789,85.69999694824219,84.9000015258789,85.5999984741211,43091,0.0,0.0
2026-03-20 01:35:00+00:00,85.69999694824219,87.0,85.69999694824219,86.5999984741211,150278,0.0,0.0
2026-03-20 01:40:00+00:00,86.5,86.9000015258789,86.5,86.5999984741211,39206,0.0,0.0
2026-03-20 01:45:00+00:00,86.5,86.80000305175781,86.30000305175781,86.5999984741211,60049,0.0,0.0
2026-03-20 01:50:00+00:00,86.5999984741211,86.5999984741211,86.0,86.0,26477,0.0,0.0
2026-03-20 01:55:00+00:00,86.0,86.0,84.9000015258789,85.19999694824219,110688,0.0,0.0
2026-03-20 02:00:00+00:00,85.19999694824219,85.19999694824219,85.0,85.0999984741211,38585,0.0,0.0
2026-03-20 02:05:00+00:00,85.19999694824219,85.69999694824219,85.19999694824219,85.69999694824219,23117,0.0,0.0
2026-03-20 02:10:00+00:00,85.5,85.5999984741211,85.4000015258789,85.5999984741211,9198,0.0,0.0
2026-03-20 02:15:00+00:00,85.69999694824219,85.80000305175781,85.69999694824219,85.69999694824219,7350,0.0,0.0
2026-03-20 02:20:00+00:00,85.5,85.5,85.0999984741211,85.0999984741211,12160,0.0,0.0
2026-03-20 02:25:00+00:00,85.19999694824219,85.5,85.0999984741211,85.5,17000,0.0,0.0
2026-03-20 02:30:00+00:00,85.5,85.5,85.5,85.5,17050,0.0,0.0
2026-03-20 02:35:00+00:00,85.5,85.5999984741211,85.5,85.5999984741211,13130,0.0,0.0
2026-03-20 02:40:00+00:00,85.5,85.5,85.30000305175781,85.4000015258789,11106,0.0,0.0
2026-03-20 02:45:00+00:00,85.4000015258789,85.4000015258789,85.4000015258789,85.4000015258789,4000,0.0,0.0
2026-03-20 02:50:00+00:00,85.4000015258789,85.4000015258789,85.30000305175781,85.30000305175781,11006,0.0,0.0
2026-03-20 02:55:00+00:00,85.30000305175781,85.30000305175781,85.30000305175781,85.30000305175781,3150,0.0,0.0
2026-03-20 03:00:00+00:00,85.30000305175781,85.30000305175781,85.30000305175781,85.30000305175781,11106,0.0,0.0
2026-03-20 03:05:00+00:00,85.30000305175781,85.30000305175781,85.0999984741211,85.0999984741211,21121,0.0,0.0
2026-03-20 03:10:00+00:00,85.0999984741211,85.30000305175781,85.0,85.0999984741211,53328,0.0,0.0
2026-03-20 03:15:00+00:00,85.0999984741211,85.0999984741211,85.0,85.0,23315,0.0,0.0
2026-03-20 03:20:00+00:00,85.0,85.0,85.0,85.0,16000,0.0,0.0
2026-03-20 03:25:00+00:00,85.0,85.0,84.69999694824219,84.69999694824219,39235,0.0,0.0
2026-03-20 03:30:00+00:00,84.69999694824219,84.80000305175781,84.5,84.69999694824219,31045,0.0,0.0
2026-03-20 03:35:00+00:00,84.69999694824219,84.80000305175781,84.69999694824219,84.69999694824219,28000,0.0,0.0
2026-03-20 03:40:00+00:00,84.5999984741211,84.5999984741211,84.5,84.5,36631,0.0,0.0
2026-03-20 03:45:00+00:00,84.4000015258789,84.5,84.30000305175781,84.4000015258789,20200,0.0,0.0
2026-03-20 03:50:00+00:00,84.30000305175781,84.4000015258789,84.30000305175781,84.4000015258789,21006,0.0,0.0
2026-03-20 03:55:00+00:00,84.5,84.5,84.5,84.5,10180,0.0,0.0
2026-03-20 04:00:00+00:00,84.5,84.5,84.4000015258789,84.4000015258789,12000,0.0,0.0
2026-03-20 04:05:00+00:00,84.4000015258789,84.5,84.4000015258789,84.4000015258789,18215,0.0,0.0
2026-03-20 04:10:00+00:00,84.4000015258789,84.4000015258789,84.30000305175781,84.30000305175781,6015,0.0,0.0
2026-03-20 04:15:00+00:00,84.30000305175781,84.30000305175781,84.0,84.0,69740,0.0,0.0
2026-03-20 04:20:00+00:00,84.0,84.5,84.0,84.5,53204,0.0,0.0
2026-03-20 04:25:00+00:00,84.5,85.0,84.5,84.9000015258789,76855,0.0,0.0
2026-03-20 04:30:00+00:00,84.9000015258789,85.0,84.9000015258789,84.9000015258789,20100,0.0,0.0
2026-03-20 04:35:00+00:00,84.9000015258789,84.9000015258789,84.4000015258789,84.5999984741211,55827,0.0,0.0
2026-03-20 04:40:00+00:00,84.5,84.5999984741211,84.30000305175781,84.30000305175781,69560,0.0,0.0
2026-03-20 04:45:00+00:00,84.19999694824219,84.4000015258789,84.0999984741211,84.4000015258789,22028,0.0,0.0
2026-03-20 04:50:00+00:00,84.5,84.5999984741211,84.5,84.5,6000,0.0,0.0
2026-03-20 04:55:00+00:00,84.5,84.5,84.30000305175781,84.4000015258789,20139,0.0,0.0
2026-03-20 05:00:00+00:00,84.4000015258789,84.4000015258789,83.9000015258789,83.9000015258789,41672,0.0,0.0
2026-03-20 05:05:00+00:00,84.0,84.0999984741211,84.0,84.0999984741211,42000,0.0,0.0
2026-03-20 05:10:00+00:00,84.0999984741211,84.19999694824219,84.0,84.0999984741211,34000,0.0,0.0
2026-03-20 05:15:00+00:00,84.0,84.30000305175781,84.0,84.19999694824219,10232,0.0,0.0
2026-03-20 05:20:00+00:00,84.30000305175781,84.30000305175781,84.0999984741211,84.30000305175781,18732,0.0,0.0
2026-03-23 01:00:00+00:00,80.9000015258789,81.9000015258789,80.19999694824219,81.9000015258789,0,0.0,0.0
2026-03-23 01:05:00+00:00,81.9000015258789,82.69999694824219,81.5,82.5999984741211,58000,0.0,0.0
2026-03-23 01:10:00+00:00,82.4000015258789,83.0999984741211,82.19999694824219,83.0,41446,0.0,0.0
2026-03-23 01:15:00+00:00,83.0,83.0,82.0999984741211,82.30000305175781,24173,0.0,0.0
2026-03-23 01:20:00+00:00,82.19999694824219,82.5,82.0,82.4000015258789,19564,0.0,0.0
2026-03-23 01:25:00+00:00,82.4000015258789,82.5,82.30000305175781,82.30000305175781,15328,0.0,0.0
2026-03-23 01:30:00+00:00,82.19999694824219,82.19999694824219,81.5999984741211,81.9000015258789,38661,0.0,0.0
2026-03-23 01:35:00+00:00,81.9000015258789,82.0999984741211,81.9000015258789,82.0,11048,0.0,0.0
2026-03-23 01:40:00+00:00,82.4000015258789,82.9000015258789,82.30000305175781,82.30000305175781,21027,0.0,0.0
2026-03-23 01:45:00+00:00,82.5999984741211,82.69999694824219,82.5,82.69999694824219,4000,0.0,0.0
2026-03-23 01:50:00+00:00,82.80000305175781,83.0999984741211,82.80000305175781,83.0999984741211,17245,0.0,0.0
2026-03-23 01:55:00+00:00,83.19999694824219,83.4000015258789,83.19999694824219,83.30000305175781,5055,0.0,0.0
2026-03-23 02:00:00+00:00,83.19999694824219,83.19999694824219,82.69999694824219,82.80000305175781,27001,0.0,0.0
2026-03-23 02:05:00+00:00,82.80000305175781,83.0,82.69999694824219,83.0,16025,0.0,0.0
2026-03-23 02:10:00+00:00,83.0,83.0,82.80000305175781,82.80000305175781,13003,0.0,0.0
2026-03-23 02:15:00+00:00,82.80000305175781,83.0,82.69999694824219,83.0,7088,0.0,0.0
2026-03-23 02:20:00+00:00,82.9000015258789,82.9000015258789,82.5999984741211,82.9000015258789,9120,0.0,0.0
2026-03-23 02:25:00+00:00,82.80000305175781,83.0,82.69999694824219,82.80000305175781,12000,0.0,0.0
2026-03-23 02:30:00+00:00,82.9000015258789,82.9000015258789,82.5999984741211,82.5999984741211,16130,0.0,0.0
2026-03-23 02:35:00+00:00,82.5999984741211,82.5999984741211,82.5999984741211,82.5999984741211,6100,0.0,0.0
2026-03-23 02:40:00+00:00,82.5999984741211,82.69999694824219,82.5,82.69999694824219,19268,0.0,0.0
2026-03-23 02:45:00+00:00,82.69999694824219,82.69999694824219,82.5999984741211,82.5999984741211,5170,0.0,0.0
2026-03-23 02:50:00+00:00,82.5,82.5,82.5,82.5,5100,0.0,0.0
2026-03-23 02:55:00+00:00,82.5,82.80000305175781,82.4000015258789,82.69999694824219,47000,0.0,0.0
2026-03-23 03:00:00+00:00,82.69999694824219,82.69999694824219,82.69999694824219,82.69999694824219,1000,0.0,0.0
2026-03-23 03:05:00+00:00,82.69999694824219,82.69999694824219,82.69999694824219,82.69999694824219,1000,0.0,0.0
2026-03-23 03:10:00+00:00,82.69999694824219,82.69999694824219,82.69999694824219,82.69999694824219,12078,0.0,0.0
2026-03-23 03:15:00+00:00,82.4000015258789,82.5999984741211,82.4000015258789,82.5,6000,0.0,0.0
2026-03-23 03:20:00+00:00,82.69999694824219,83.5999984741211,82.69999694824219,83.5999984741211,42349,0.0,0.0
2026-03-23 03:25:00+00:00,83.5,83.5999984741211,83.19999694824219,83.19999694824219,6017,0.0,0.0
2026-03-23 03:30:00+00:00,83.19999694824219,83.30000305175781,83.19999694824219,83.30000305175781,5000,0.0,0.0
2026-03-23 03:35:00+00:00,83.30000305175781,83.4000015258789,83.19999694824219,83.4000015258789,17000,0.0,0.0
2026-03-23 03:40:00+00:00,83.30000305175781,83.30000305175781,83.30000305175781,83.30000305175781,1000,0.0,0.0
2026-03-23 03:45:00+00:00,83.30000305175781,83.30000305175781,83.19999694824219,83.19999694824219,14012,0.0,0.0
2026-03-23 03:50:00+00:00,83.19999694824219,83.19999694824219,83.19999694824219,83.19999694824219,3000,0.0,0.0
2026-03-23 03:55:00+00:00,83.19999694824219,83.30000305175781,83.0999984741211,83.0999984741211,9000,0.0,0.0
2026-03-23 04:00:00+00:00,83.19999694824219,83.19999694824219,82.69999694824219,82.69999694824219,47883,0.0,0.0
2026-03-23 04:10:00+00:00,82.9000015258789,82.9000015258789,82.9000015258789,82.9000015258789,2000,0.0,0.0
2026-03-23 04:15:00+00:00,82.9000015258789,82.9000015258789,82.69999694824219,82.69999694824219,5045,0.0,0.0
2026-03-23 04:20:00+00:00,82.69999694824219,82.69999694824219,82.69999694824219,82.69999694824219,4000,0.0,0.0
2026-03-23 04:25:00+00:00,82.80000305175781,82.80000305175781,82.80000305175781,82.80000305175781,3142,0.0,0.0
2026-03-23 04:30:00+00:00,82.80000305175781,82.80000305175781,82.80000305175781,82.80000305175781,4012,0.0,0.0
2026-03-23 04:40:00+00:00,82.80000305175781,82.80000305175781,82.80000305175781,82.80000305175781,4020,0.0,0.0
2026-03-23 04:45:00+00:00,82.69999694824219,82.80000305175781,82.69999694824219,82.80000305175781,7000,0.0,0.0
2026-03-23 04:50:00+00:00,82.80000305175781,82.80000305175781,82.69999694824219,82.80000305175781,13080,0.0,0.0
2026-03-23 04:55:00+00:00,82.80000305175781,82.9000015258789,82.69999694824219,82.80000305175781,19056,0.0,0.0
2026-03-23 05:00:00+00:00,82.9000015258789,83.0999984741211,82.9000015258789,83.0999984741211,55028,0.0,0.0
2026-03-23 05:05:00+00:00,83.30000305175781,83.30000305175781,83.19999694824219,83.19999694824219,18050,0.0,0.0
2026-03-23 05:10:00+00:00,83.19999694824219,83.19999694824219,83.0,83.0,10000,0.0,0.0
2026-03-23 05:15:00+00:00,83.0,83.19999694824219,83.0,83.0999984741211,7002,0.0,0.0
2026-03-23 05:20:00+00:00,83.19999694824219,83.30000305175781,83.0999984741211,83.0999984741211,24133,0.0,0.0
2026-03-24 01:00:00+00:00,83.9000015258789,84.5999984741211,83.80000305175781,84.0,0,0.0,0.0
2026-03-24 01:05:00+00:00,83.9000015258789,84.5999984741211,83.9000015258789,84.5999984741211,77212,0.0,0.0
2026-03-24 01:10:00+00:00,84.5999984741211,84.69999694824219,84.0999984741211,84.30000305175781,42232,0.0,0.0
2026-03-24 01:15:00+00:00,84.19999694824219,84.5999984741211,84.19999694824219,84.5,24581,0.0,0.0
2026-03-24 01:20:00+00:00,84.5999984741211,85.0,84.5,84.5,58549,0.0,0.0
2026-03-24 01:25:00+00:00,84.4000015258789,84.4000015258789,84.19999694824219,84.19999694824219,15000,0.0,0.0
2026-03-24 01:30:00+00:00,84.19999694824219,84.19999694824219,83.9000015258789,83.9000015258789,41040,0.0,0.0
2026-03-24 01:35:00+00:00,83.9000015258789,84.0999984741211,83.9000015258789,84.0999984741211,11000,0.0,0.0
2026-03-24 01:40:00+00:00,84.0999984741211,84.5,83.80000305175781,83.80000305175781,45578,0.0,0.0
2026-03-24 01:45:00+00:00,83.69999694824219,83.69999694824219,83.4000015258789,83.4000015258789,40167,0.0,0.0
2026-03-24 01:50:00+00:00,83.5,83.5,83.0999984741211,83.0999984741211,22000,0.0,0.0
2026-03-24 01:55:00+00:00,83.0999984741211,83.5999984741211,83.0,83.5999984741211,76100,0.0,0.0
2026-03-24 02:00:00+00:00,83.5999984741211,83.5999984741211,83.0999984741211,83.4000015258789,58000,0.0,0.0
2026-03-24 02:05:00+00:00,83.4000015258789,83.4000015258789,82.9000015258789,82.9000015258789,56407,0.0,0.0
2026-03-24 02:10:00+00:00,82.80000305175781,82.9000015258789,82.4000015258789,82.9000015258789,141300,0.0,0.0
2026-03-24 02:15:00+00:00,82.9000015258789,83.19999694824219,82.9000015258789,83.0,10070,0.0,0.0
2026-03-24 02:20:00+00:00,83.30000305175781,83.9000015258789,83.30000305175781,83.9000015258789,70936,0.0,0.0
2026-03-24 02:25:00+00:00,84.0,84.0,84.0,84.0,9001,0.0,0.0
2026-03-24 02:30:00+00:00,84.0,84.30000305175781,83.9000015258789,84.30000305175781,21660,0.0,0.0
2026-03-24 02:35:00+00:00,84.4000015258789,85.19999694824219,84.4000015258789,85.0,230221,0.0,0.0
2026-03-24 02:40:00+00:00,84.9000015258789,85.19999694824219,84.80000305175781,84.80000305175781,59088,0.0,0.0
2026-03-24 02:45:00+00:00,85.0,85.0999984741211,85.0,85.0,27250,0.0,0.0
2026-03-24 02:50:00+00:00,84.69999694824219,84.69999694824219,84.5,84.5,5154,0.0,0.0
2026-03-24 02:55:00+00:00,84.4000015258789,84.4000015258789,84.0,84.0999984741211,12300,0.0,0.0
2026-03-24 03:00:00+00:00,84.19999694824219,84.19999694824219,84.19999694824219,84.19999694824219,1000,0.0,0.0
2026-03-24 03:05:00+00:00,84.19999694824219,84.19999694824219,83.9000015258789,83.9000015258789,8000,0.0,0.0
2026-03-24 03:10:00+00:00,83.9000015258789,83.9000015258789,83.9000015258789,83.9000015258789,3001,0.0,0.0
2026-03-24 03:15:00+00:00,83.80000305175781,83.80000305175781,83.80000305175781,83.80000305175781,8050,0.0,0.0
2026-03-24 03:20:00+00:00,83.80000305175781,84.0,83.80000305175781,84.0,14070,0.0,0.0
2026-03-24 03:30:00+00:00,83.9000015258789,83.9000015258789,83.69999694824219,83.9000015258789,15000,0.0,0.0
2026-03-24 03:35:00+00:00,83.80000305175781,83.80000305175781,83.5999984741211,83.69999694824219,20105,0.0,0.0
2026-03-24 03:40:00+00:00,83.80000305175781,83.80000305175781,83.80000305175781,83.80000305175781,2002,0.0,0.0
2026-03-24 03:45:00+00:00,84.0,84.19999694824219,84.0,84.19999694824219,9795,0.0,0.0
2026-03-24 03:50:00+00:00,84.30000305175781,84.5,84.30000305175781,84.5,6583,0.0,0.0
2026-03-24 03:55:00+00:00,84.5,84.9000015258789,84.5,84.9000015258789,33245,0.0,0.0
2026-03-24 04:00:00+00:00,84.80000305175781,84.9000015258789,84.80000305175781,84.9000015258789,2404,0.0,0.0
2026-03-24 04:05:00+00:00,84.9000015258789,85.0,84.9000015258789,85.0,20112,0.0,0.0
2026-03-24 04:10:00+00:00,84.9000015258789,84.9000015258789,84.80000305175781,84.9000015258789,6000,0.0,0.0
2026-03-24 04:15:00+00:00,84.9000015258789,84.9000015258789,84.80000305175781,84.80000305175781,4053,0.0,0.0
2026-03-24 04:20:00+00:00,84.80000305175781,84.80000305175781,84.80000305175781,84.80000305175781,2048,0.0,0.0
2026-03-24 04:25:00+00:00,84.80000305175781,84.80000305175781,84.80000305175781,84.80000305175781,1000,0.0,0.0
2026-03-24 04:30:00+00:00,84.69999694824219,84.69999694824219,84.19999694824219,84.19999694824219,41061,0.0,0.0
2026-03-24 04:35:00+00:00,84.30000305175781,84.30000305175781,83.9000015258789,83.9000015258789,41000,0.0,0.0
2026-03-24 04:40:00+00:00,84.0,84.0,84.0,84.0,2000,0.0,0.0
2026-03-24 04:50:00+00:00,84.0,84.19999694824219,84.0,84.19999694824219,4560,0.0,0.0
2026-03-24 04:55:00+00:00,84.19999694824219,84.19999694824219,84.0,84.0,3400,0.0,0.0
2026-03-24 05:00:00+00:00,84.0,84.0,83.9000015258789,83.9000015258789,8070,0.0,0.0
2026-03-24 05:05:00+00:00,83.80000305175781,83.80000305175781,83.0999984741211,83.19999694824219,105183,0.0,0.0
2026-03-24 05:10:00+00:00,83.19999694824219,83.69999694824219,83.19999694824219,83.5,19000,0.0,0.0
2026-03-24 05:15:00+00:00,83.5,83.69999694824219,83.5,83.69999694824219,3065,0.0,0.0
2026-03-24 05:20:00+00:00,83.5999984741211,83.5999984741211,83.30000305175781,83.5999984741211,46200,0.0,0.0
2026-03-25 01:00:00+00:00,85.0999984741211,85.30000305175781,84.69999694824219,84.69999694824219,0,0.0,0.0
2026-03-25 01:05:00+00:00,84.69999694824219,84.9000015258789,84.4000015258789,84.5,32162,0.0,0.0
2026-03-25 01:10:00+00:00,84.5999984741211,85.0,84.5999984741211,84.80000305175781,30100,0.0,0.0
2026-03-25 01:15:00+00:00,84.80000305175781,85.30000305175781,84.69999694824219,85.0999984741211,54847,0.0,0.0
2026-03-25 01:20:00+00:00,85.0,85.0999984741211,84.9000015258789,85.0999984741211,30000,0.0,0.0
2026-03-25 01:25:00+00:00,85.0999984741211,85.5,85.0,85.30000305175781,71855,0.0,0.0
2026-03-25 01:30:00+00:00,85.0,85.0,84.9000015258789,84.9000015258789,8000,0.0,0.0
2026-03-25 01:35:00+00:00,84.80000305175781,85.0,84.69999694824219,85.0,8310,0.0,0.0
2026-03-25 01:40:00+00:00,85.0,85.30000305175781,85.0,85.0,13025,0.0,0.0
2026-03-25 01:45:00+00:00,85.0,85.0,84.9000015258789,84.9000015258789,12421,0.0,0.0
2026-03-25 01:50:00+00:00,85.0,85.0,85.0,85.0,3020,0.0,0.0
2026-03-25 01:55:00+00:00,85.0,85.0,85.0,85.0,6000,0.0,0.0
2026-03-25 02:00:00+00:00,85.0999984741211,85.0999984741211,84.9000015258789,84.9000015258789,16000,0.0,0.0
2026-03-25 02:05:00+00:00,84.80000305175781,84.80000305175781,84.5,84.5,27460,0.0,0.0
2026-03-25 02:10:00+00:00,84.4000015258789,84.4000015258789,84.4000015258789,84.4000015258789,43088,0.0,0.0
2026-03-25 02:15:00+00:00,84.5,84.80000305175781,84.4000015258789,84.80000305175781,6200,0.0,0.0
2026-03-25 02:20:00+00:00,84.5999984741211,84.5999984741211,84.5999984741211,84.5999984741211,1109,0.0,0.0
2026-03-25 02:30:00+00:00,84.69999694824219,84.9000015258789,84.69999694824219,84.9000015258789,27112,0.0,0.0
2026-03-25 02:40:00+00:00,84.80000305175781,84.80000305175781,84.80000305175781,84.80000305175781,6020,0.0,0.0
2026-03-25 02:45:00+00:00,84.69999694824219,84.69999694824219,84.5999984741211,84.5999984741211,2014,0.0,0.0
2026-03-25 02:50:00+00:00,84.5999984741211,84.5999984741211,84.5,84.5,5000,0.0,0.0
2026-03-25 02:55:00+00:00,84.5,84.5,84.5,84.5,2000,0.0,0.0
2026-03-25 03:00:00+00:00,84.5999984741211,84.5999984741211,84.5,84.5,18132,0.0,0.0
2026-03-25 03:05:00+00:00,84.5,84.69999694824219,84.5,84.69999694824219,16387,0.0,0.0
2026-03-25 03:10:00+00:00,84.80000305175781,84.9000015258789,84.69999694824219,84.69999694824219,22068,0.0,0.0
2026-03-25 03:25:00+00:00,84.69999694824219,84.69999694824219,84.69999694824219,84.69999694824219,3005,0.0,0.0
2026-03-25 03:30:00+00:00,84.69999694824219,84.69999694824219,84.69999694824219,84.69999694824219,2000,0.0,0.0
2026-03-25 03:35:00+00:00,84.80000305175781,84.80000305175781,84.30000305175781,84.5,68400,0.0,0.0
2026-03-25 03:40:00+00:00,84.4000015258789,84.5,84.4000015258789,84.5,4000,0.0,0.0
2026-03-25 03:45:00+00:00,84.5999984741211,84.5999984741211,84.5999984741211,84.5999984741211,4000,0.0,0.0
2026-03-25 03:50:00+00:00,84.80000305175781,85.0,84.80000305175781,84.9000015258789,23000,0.0,0.0
2026-03-25 03:55:00+00:00,84.9000015258789,84.9000015258789,84.9000015258789,84.9000015258789,4036,0.0,0.0
2026-03-25 04:00:00+00:00,84.9000015258789,84.9000015258789,84.9000015258789,84.9000015258789,3000,0.0,0.0
2026-03-25 04:05:00+00:00,84.80000305175781,84.80000305175781,84.80000305175781,84.80000305175781,8000,0.0,0.0
2026-03-25 04:10:00+00:00,84.80000305175781,84.80000305175781,84.69999694824219,84.69999694824219,6181,0.0,0.0
2026-03-25 04:15:00+00:00,84.69999694824219,84.9000015258789,84.69999694824219,84.9000015258789,17117,0.0,0.0
2026-03-25 04:25:00+00:00,84.80000305175781,84.80000305175781,84.69999694824219,84.69999694824219,11000,0.0,0.0
2026-03-25 04:30:00+00:00,84.80000305175781,84.80000305175781,84.80000305175781,84.80000305175781,5069,0.0,0.0
2026-03-25 04:35:00+00:00,84.69999694824219,84.69999694824219,84.5999984741211,84.5999984741211,13000,0.0,0.0
2026-03-25 04:40:00+00:00,84.5999984741211,84.69999694824219,84.5999984741211,84.69999694824219,5046,0.0,0.0
2026-03-25 04:45:00+00:00,84.69999694824219,84.69999694824219,84.5999984741211,84.5999984741211,3067,0.0,0.0
2026-03-25 04:50:00+00:00,84.5999984741211,84.5999984741211,84.5,84.5,9321,0.0,0.0
2026-03-25 04:55:00+00:00,84.5999984741211,84.69999694824219,84.5999984741211,84.5999984741211,8100,0.0,0.0
2026-03-25 05:00:00+00:00,84.5999984741211,84.5999984741211,84.5,84.5999984741211,5215,0.0,0.0
2026-03-25 05:05:00+00:00,84.5999984741211,84.69999694824219,84.5999984741211,84.69999694824219,3009,0.0,0.0
2026-03-25 05:10:00+00:00,84.5999984741211,85.19999694824219,84.5999984741211,85.19999694824219,94629,0.0,0.0
2026-03-25 05:15:00+00:00,85.19999694824219,85.19999694824219,84.9000015258789,84.9000015258789,29016,0.0,0.0
2026-03-25 05:20:00+00:00,85.0,85.0,84.9000015258789,85.0,13511,0.0,0.0
2026-03-26 01:00:00+00:00,85.4000015258789,85.80000305175781,85.0999984741211,85.19999694824219,0,0.0,0.0
2026-03-26 01:05:00+00:00,85.19999694824219,85.19999694824219,85.0999984741211,85.0999984741211,6382,0.0,0.0
2026-03-26 01:10:00+00:00,85.19999694824219,85.19999694824219,85.0999984741211,85.0999984741211,20000,0.0,0.0
2026-03-26 01:15:00+00:00,85.0999984741211,85.0999984741211,84.80000305175781,84.9000015258789,25100,0.0,0.0
2026-03-26 01:20:00+00:00,84.9000015258789,85.30000305175781,84.80000305175781,85.30000305175781,49573,0.0,0.0
2026-03-26 01:25:00+00:00,85.30000305175781,85.30000305175781,85.0999984741211,85.0999984741211,4018,0.0,0.0
2026-03-26 01:30:00+00:00,85.0999984741211,85.30000305175781,84.9000015258789,84.9000015258789,20000,0.0,0.0
2026-03-26 01:35:00+00:00,85.0,85.5,85.0,85.5,81091,0.0,0.0
2026-03-26 01:40:00+00:00,85.30000305175781,85.5,85.0,85.0,64660,0.0,0.0
2026-03-26 01:45:00+00:00,85.0,85.0999984741211,85.0,85.0999984741211,35093,0.0,0.0
2026-03-26 01:50:00+00:00,85.0999984741211,85.0999984741211,85.0,85.0,10327,0.0,0.0
2026-03-26 01:55:00+00:00,85.0,85.0,84.80000305175781,84.80000305175781,21337,0.0,0.0
2026-03-26 02:00:00+00:00,84.9000015258789,85.0,84.9000015258789,85.0,5100,0.0,0.0
2026-03-26 02:05:00+00:00,85.0,85.0,84.80000305175781,84.80000305175781,27200,0.0,0.0
2026-03-26 02:10:00+00:00,84.80000305175781,84.9000015258789,84.80000305175781,84.9000015258789,41070,0.0,0.0
2026-03-26 02:15:00+00:00,84.80000305175781,84.9000015258789,84.5999984741211,84.5999984741211,15080,0.0,0.0
2026-03-26 02:20:00+00:00,84.5999984741211,84.5999984741211,84.0,84.0999984741211,66088,0.0,0.0
2026-03-26 02:25:00+00:00,84.0999984741211,84.0999984741211,84.0,84.0,12834,0.0,0.0
2026-03-26 02:30:00+00:00,84.0,84.19999694824219,84.0,84.19999694824219,7050,0.0,0.0
2026-03-26 02:35:00+00:00,84.19999694824219,84.19999694824219,83.69999694824219,83.80000305175781,65000,0.0,0.0
2026-03-26 02:40:00+00:00,83.80000305175781,83.9000015258789,83.69999694824219,83.9000015258789,16030,0.0,0.0
2026-03-26 02:45:00+00:00,84.0,84.0,83.80000305175781,83.80000305175781,14000,0.0,0.0
2026-03-26 02:50:00+00:00,84.0,84.0,84.0,84.0,4038,0.0,0.0
2026-03-26 02:55:00+00:00,84.30000305175781,84.30000305175781,84.30000305175781,84.30000305175781,1046,0.0,0.0
2026-03-26 03:00:00+00:00,84.19999694824219,84.30000305175781,84.0,84.0,12001,0.0,0.0
2026-03-26 03:05:00+00:00,84.19999694824219,84.19999694824219,84.0999984741211,84.0999984741211,3000,0.0,0.0
2026-03-26 03:10:00+00:00,84.19999694824219,84.4000015258789,84.19999694824219,84.4000015258789,5005,0.0,0.0
2026-03-26 03:15:00+00:00,84.4000015258789,84.4000015258789,84.19999694824219,84.19999694824219,5005,0.0,0.0
2026-03-26 03:20:00+00:00,84.19999694824219,84.30000305175781,84.19999694824219,84.30000305175781,6120,0.0,0.0
2026-03-26 03:25:00+00:00,84.19999694824219,84.5,84.19999694824219,84.5,23269,0.0,0.0
2026-03-26 03:30:00+00:00,84.5,84.5999984741211,84.5,84.5,24017,0.0,0.0
2026-03-26 03:35:00+00:00,84.69999694824219,84.69999694824219,84.69999694824219,84.69999694824219,7000,0.0,0.0
2026-03-26 03:40:00+00:00,84.69999694824219,84.80000305175781,84.69999694824219,84.80000305175781,10003,0.0,0.0
2026-03-26 03:45:00+00:00,84.80000305175781,84.80000305175781,84.80000305175781,84.80000305175781,2001,0.0,0.0
2026-03-26 03:50:00+00:00,84.5999984741211,84.5999984741211,84.5999984741211,84.5999984741211,5036,0.0,0.0
2026-03-26 03:55:00+00:00,84.5999984741211,84.5999984741211,84.5999984741211,84.5999984741211,15088,0.0,0.0
2026-03-26 04:00:00+00:00,84.5,85.5999984741211,84.5,85.5999984741211,140248,0.0,0.0
2026-03-26 04:05:00+00:00,85.5,85.69999694824219,85.19999694824219,85.30000305175781,61000,0.0,0.0
2026-03-26 04:10:00+00:00,85.4000015258789,85.69999694824219,85.19999694824219,85.19999694824219,12232,0.0,0.0
2026-03-26 04:15:00+00:00,85.30000305175781,85.30000305175781,85.19999694824219,85.19999694824219,7200,0.0,0.0
2026-03-26 04:20:00+00:00,85.0999984741211,85.0999984741211,85.0,85.0,10000,0.0,0.0
2026-03-26 04:25:00+00:00,85.0,85.0,85.0,85.0,6017,0.0,0.0
2026-03-26 04:30:00+00:00,85.0999984741211,85.19999694824219,85.0999984741211,85.19999694824219,3000,0.0,0.0
2026-03-26 04:35:00+00:00,85.0999984741211,85.19999694824219,85.0,85.0,13330,0.0,0.0
2026-03-26 04:40:00+00:00,85.0,85.0,85.0,85.0,1890,0.0,0.0
2026-03-26 04:45:00+00:00,85.0,85.0,85.0,85.0,1000,0.0,0.0
2026-03-26 04:50:00+00:00,85.0,85.0,84.9000015258789,84.9000015258789,13010,0.0,0.0
2026-03-26 04:55:00+00:00,84.80000305175781,84.80000305175781,84.69999694824219,84.69999694824219,5044,0.0,0.0
2026-03-26 05:00:00+00:00,84.69999694824219,84.69999694824219,84.5,84.5,19160,0.0,0.0
2026-03-26 05:05:00+00:00,84.69999694824219,84.69999694824219,84.5999984741211,84.5999984741211,21200,0.0,0.0
2026-03-26 05:10:00+00:00,84.5999984741211,84.5999984741211,84.5999984741211,84.5999984741211,15141,0.0,0.0
2026-03-26 05:15:00+00:00,84.5999984741211,84.5999984741211,84.5,84.5999984741211,19018,0.0,0.0
2026-03-26 05:20:00+00:00,84.5999984741211,84.5999984741211,84.4000015258789,84.5999984741211,20081,0.0,0.0
2026-03-27 01:00:00+00:00,83.0999984741211,84.0,83.0999984741211,84.0,0,0.0,0.0
2026-03-27 01:05:00+00:00,83.9000015258789,83.9000015258789,82.80000305175781,82.9000015258789,84301,0.0,0.0
2026-03-27 01:10:00+00:00,83.30000305175781,84.0,83.30000305175781,83.69999694824219,41090,0.0,0.0
2026-03-27 01:15:00+00:00,83.69999694824219,83.69999694824219,83.0999984741211,83.0999984741211,19180,0.0,0.0
2026-03-27 01:20:00+00:00,83.19999694824219,83.5,83.19999694824219,83.5,9469,0.0,0.0
2026-03-27 01:25:00+00:00,83.5,83.69999694824219,83.4000015258789,83.4000015258789,12501,0.0,0.0
2026-03-27 01:30:00+00:00,83.80000305175781,84.30000305175781,83.80000305175781,84.30000305175781,12281,0.0,0.0
2026-03-27 01:35:00+00:00,84.0999984741211,84.4000015258789,84.0999984741211,84.30000305175781,7000,0.0,0.0
2026-03-27 01:40:00+00:00,84.30000305175781,84.4000015258789,84.30000305175781,84.4000015258789,3434,0.0,0.0
2026-03-27 01:45:00+00:00,84.0,84.19999694824219,84.0,84.0,6117,0.0,0.0
2026-03-27 01:50:00+00:00,83.9000015258789,83.9000015258789,83.69999694824219,83.69999694824219,27873,0.0,0.0
2026-03-27 01:55:00+00:00,83.69999694824219,83.69999694824219,83.69999694824219,83.69999694824219,4000,0.0,0.0
2026-03-27 02:00:00+00:00,83.69999694824219,83.9000015258789,83.69999694824219,83.9000015258789,4022,0.0,0.0
2026-03-27 02:05:00+00:00,83.80000305175781,83.9000015258789,83.80000305175781,83.80000305175781,12000,0.0,0.0
2026-03-27 02:10:00+00:00,83.80000305175781,83.80000305175781,83.80000305175781,83.80000305175781,3000,0.0,0.0
2026-03-27 02:15:00+00:00,83.69999694824219,83.80000305175781,83.69999694824219,83.80000305175781,12200,0.0,0.0
2026-03-27 02:20:00+00:00,83.69999694824219,83.69999694824219,83.5,83.69999694824219,17133,0.0,0.0
2026-03-27 02:25:00+00:00,83.69999694824219,83.80000305175781,83.69999694824219,83.80000305175781,2400,0.0,0.0
2026-03-27 02:30:00+00:00,83.80000305175781,84.0999984741211,83.69999694824219,84.0999984741211,10000,0.0,0.0
2026-03-27 02:35:00+00:00,84.30000305175781,84.4000015258789,84.19999694824219,84.19999694824219,11252,0.0,0.0
2026-03-27 02:40:00+00:00,84.30000305175781,84.4000015258789,84.30000305175781,84.4000015258789,8149,0.0,0.0
2026-03-27 02:45:00+00:00,84.4000015258789,84.4000015258789,84.30000305175781,84.30000305175781,2000,0.0,0.0
2026-03-27 02:50:00+00:00,84.19999694824219,84.19999694824219,84.19999694824219,84.19999694824219,1300,0.0,0.0
2026-03-27 02:55:00+00:00,84.19999694824219,84.19999694824219,84.0,84.0,5038,0.0,0.0
2026-03-27 03:00:00+00:00,84.0999984741211,84.69999694824219,84.0999984741211,84.5,67005,0.0,0.0
2026-03-27 03:05:00+00:00,84.69999694824219,84.69999694824219,84.5,84.69999694824219,5000,0.0,0.0
2026-03-27 03:10:00+00:00,84.80000305175781,84.9000015258789,84.69999694824219,84.80000305175781,12594,0.0,0.0
2026-03-27 03:15:00+00:00,84.9000015258789,85.0,84.9000015258789,85.0,13004,0.0,0.0
2026-03-27 03:20:00+00:00,85.0,85.0,85.0,85.0,13216,0.0,0.0
2026-03-27 03:25:00+00:00,85.0,85.0999984741211,84.0999984741211,85.0,70000,0.0,0.0
2026-03-27 03:30:00+00:00,85.0999984741211,85.9000015258789,85.0999984741211,85.69999694824219,127617,0.0,0.0
2026-03-27 03:35:00+00:00,85.80000305175781,86.0999984741211,85.69999694824219,86.0,55603,0.0,0.0
2026-03-27 03:40:00+00:00,86.0999984741211,86.0999984741211,85.69999694824219,85.69999694824219,31353,0.0,0.0
2026-03-27 03:45:00+00:00,85.5999984741211,86.0,85.30000305175781,86.0,53164,0.0,0.0
2026-03-27 03:50:00+00:00,86.0999984741211,86.0999984741211,85.9000015258789,85.9000015258789,11090,0.0,0.0
2026-03-27 03:55:00+00:00,85.80000305175781,85.80000305175781,85.5999984741211,85.69999694824219,15209,0.0,0.0
2026-03-27 04:00:00+00:00,85.9000015258789,86.0999984741211,85.9000015258789,86.0,48337,0.0,0.0
2026-03-27 04:05:00+00:00,86.0,86.0,85.9000015258789,85.9000015258789,13000,0.0,0.0
2026-03-27 04:10:00+00:00,85.80000305175781,85.80000305175781,85.80000305175781,85.80000305175781,1000,0.0,0.0
2026-03-27 04:15:00+00:00,85.80000305175781,85.80000305175781,85.69999694824219,85.69999694824219,22000,0.0,0.0
2026-03-27 04:20:00+00:00,85.69999694824219,85.80000305175781,85.5999984741211,85.69999694824219,19055,0.0,0.0
2026-03-27 04:25:00+00:00,85.5999984741211,85.69999694824219,85.5999984741211,85.5999984741211,12445,0.0,0.0
2026-03-27 04:30:00+00:00,85.69999694824219,85.69999694824219,85.69999694824219,85.69999694824219,2350,0.0,0.0
2026-03-27 04:35:00+00:00,85.69999694824219,85.69999694824219,85.5999984741211,85.69999694824219,5553,0.0,0.0
2026-03-27 04:40:00+00:00,85.69999694824219,85.69999694824219,85.5999984741211,85.5999984741211,4100,0.0,0.0
2026-03-27 04:45:00+00:00,85.5999984741211,85.5999984741211,85.5999984741211,85.5999984741211,18200,0.0,0.0
2026-03-27 04:50:00+00:00,85.69999694824219,85.80000305175781,85.69999694824219,85.80000305175781,28050,0.0,0.0
2026-03-27 04:55:00+00:00,85.80000305175781,85.9000015258789,85.80000305175781,85.9000015258789,32150,0.0,0.0
2026-03-27 05:00:00+00:00,85.9000015258789,86.0999984741211,85.9000015258789,86.0999984741211,51300,0.0,0.0
2026-03-27 05:05:00+00:00,86.0,86.19999694824219,86.0,86.19999694824219,32350,0.0,0.0
2026-03-27 05:10:00+00:00,86.19999694824219,86.19999694824219,86.0,86.19999694824219,17306,0.0,0.0
2026-03-27 05:15:00+00:00,86.0999984741211,86.19999694824219,86.0,86.0999984741211,19050,0.0,0.0
2026-03-27 05:20:00+00:00,86.0,86.0999984741211,85.9000015258789,86.0,25150,0.0,0.0
2026-03-30 01:00:00+00:00,85.9000015258789,87.30000305175781,84.9000015258789,86.30000305175781,0,0.0,0.0
2026-03-30 01:05:00+00:00,86.30000305175781,86.30000305175781,85.4000015258789,85.4000015258789,32419,0.0,0.0
2026-03-30 01:10:00+00:00,85.4000015258789,85.9000015258789,85.30000305175781,85.4000015258789,35227,0.0,0.0
2026-03-30 01:15:00+00:00,85.4000015258789,85.5,85.30000305175781,85.5,10400,0.0,0.0
2026-03-30 01:20:00+00:00,85.30000305175781,85.5999984741211,85.0,85.5,43011,0.0,0.0
2026-03-30 01:25:00+00:00,85.5999984741211,85.69999694824219,85.4000015258789,85.5,21887,0.0,0.0
2026-03-30 01:30:00+00:00,85.5,85.5999984741211,85.5,85.5999984741211,6200,0.0,0.0
2026-03-30 01:35:00+00:00,85.5999984741211,85.5999984741211,85.5,85.5999984741211,14000,0.0,0.0
2026-03-30 01:40:00+00:00,85.69999694824219,86.0,85.5,85.5,23000,0.0,0.0
2026-03-30 01:45:00+00:00,85.5,85.5,85.0999984741211,85.19999694824219,23327,0.0,0.0
2026-03-30 01:50:00+00:00,85.19999694824219,85.19999694824219,84.80000305175781,84.80000305175781,38238,0.0,0.0
2026-03-30 01:55:00+00:00,85.0,85.0,85.0,85.0,3100,0.0,0.0
2026-03-30 02:00:00+00:00,84.9000015258789,84.9000015258789,84.80000305175781,84.80000305175781,24000,0.0,0.0
2026-03-30 02:05:00+00:00,84.80000305175781,85.0,84.80000305175781,85.0,5005,0.0,0.0
2026-03-30 02:10:00+00:00,85.0999984741211,85.0999984741211,84.9000015258789,84.9000015258789,8000,0.0,0.0
2026-03-30 02:15:00+00:00,85.0,85.0,84.5999984741211,84.69999694824219,31927,0.0,0.0
2026-03-30 02:20:00+00:00,84.5999984741211,84.5999984741211,84.5,84.5,20000,0.0,0.0
2026-03-30 02:25:00+00:00,84.5999984741211,84.5999984741211,84.5999984741211,84.5999984741211,4025,0.0,0.0
2026-03-30 02:30:00+00:00,84.5999984741211,84.5999984741211,84.5999984741211,84.5999984741211,4000,0.0,0.0
2026-03-30 02:35:00+00:00,84.5,84.5,84.5,84.5,1000,0.0,0.0
2026-03-30 02:40:00+00:00,84.5,84.5999984741211,84.5,84.5999984741211,10000,0.0,0.0
2026-03-30 02:45:00+00:00,84.5999984741211,84.80000305175781,84.5999984741211,84.80000305175781,7000,0.0,0.0
2026-03-30 02:50:00+00:00,85.0,85.30000305175781,85.0,85.30000305175781,12121,0.0,0.0
2026-03-30 02:55:00+00:00,85.0999984741211,85.0999984741211,84.80000305175781,84.80000305175781,7000,0.0,0.0
2026-03-30 03:00:00+00:00,84.80000305175781,85.0999984741211,84.80000305175781,85.0999984741211,12000,0.0,0.0
2026-03-30 03:05:00+00:00,85.4000015258789,85.5,85.4000015258789,85.5,15000,0.0,0.0
2026-03-30 03:10:00+00:00,85.5999984741211,85.9000015258789,85.5999984741211,85.5999984741211,24080,0.0,0.0
2026-03-30 03:20:00+00:00,85.5999984741211,85.5999984741211,85.5,85.5,2010,0.0,0.0
2026-03-30 03:30:00+00:00,85.5,85.5,85.19999694824219,85.19999694824219,6345,0.0,0.0
2026-03-30 03:40:00+00:00,85.19999694824219,85.19999694824219,85.19999694824219,85.19999694824219,3200,0.0,0.0
2026-03-30 03:45:00+00:00,85.0999984741211,85.0999984741211,84.80000305175781,84.80000305175781,18020,0.0,0.0
2026-03-30 03:50:00+00:00,84.80000305175781,84.80000305175781,84.80000305175781,84.80000305175781,12000,0.0,0.0
2026-03-30 03:55:00+00:00,84.9000015258789,85.0,84.9000015258789,85.0,3000,0.0,0.0
2026-03-30 04:00:00+00:00,84.9000015258789,84.9000015258789,84.9000015258789,84.9000015258789,3123,0.0,0.0
2026-03-30 04:05:00+00:00,84.9000015258789,84.9000015258789,84.9000015258789,84.9000015258789,3065,0.0,0.0
2026-03-30 04:10:00+00:00,84.9000015258789,84.9000015258789,84.9000015258789,84.9000015258789,4000,0.0,0.0
2026-03-30 04:15:00+00:00,84.9000015258789,85.0,84.9000015258789,85.0,3050,0.0,0.0
2026-03-30 04:20:00+00:00,85.19999694824219,85.19999694824219,85.0,85.0,7086,0.0,0.0
2026-03-30 04:25:00+00:00,85.0,85.0,85.0,85.0,2099,0.0,0.0
2026-03-30 04:30:00+00:00,85.0,85.0,84.9000015258789,84.9000015258789,5136,0.0,0.0
2026-03-30 04:35:00+00:00,84.9000015258789,85.0,84.9000015258789,85.0,5015,0.0,0.0
2026-03-30 04:40:00+00:00,85.0,85.0,84.69999694824219,84.69999694824219,20123,0.0,0.0
2026-03-30 04:45:00+00:00,84.5999984741211,84.5999984741211,84.5999984741211,84.5999984741211,8030,0.0,0.0
2026-03-30 04:50:00+00:00,84.80000305175781,84.80000305175781,84.69999694824219,84.69999694824219,7150,0.0,0.0
2026-03-30 04:55:00+00:00,84.69999694824219,84.69999694824219,84.5999984741211,84.69999694824219,16682,0.0,0.0
2026-03-30 05:00:00+00:00,84.69999694824219,84.80000305175781,84.69999694824219,84.80000305175781,8038,0.0,0.0
2026-03-30 05:05:00+00:00,84.80000305175781,84.9000015258789,84.80000305175781,84.9000015258789,7000,0.0,0.0
2026-03-30 05:10:00+00:00,84.9000015258789,84.9000015258789,84.80000305175781,84.80000305175781,12024,0.0,0.0
2026-03-30 05:15:00+00:00,84.69999694824219,84.69999694824219,84.69999694824219,84.69999694824219,15000,0.0,0.0
2026-03-30 05:20:00+00:00,84.69999694824219,84.69999694824219,84.5,84.69999694824219,45167,0.0,0.0
2026-03-31 01:00:00+00:00,84.30000305175781,84.5999984741211,83.9000015258789,84.5,0,0.0,0.0
2026-03-31 01:05:00+00:00,84.5,84.5999984741211,83.5,83.5,79310,0.0,0.0
2026-03-31 01:10:00+00:00,83.5,83.5,83.19999694824219,83.5,20090,0.0,0.0
2026-03-31 01:15:00+00:00,83.5,83.80000305175781,83.5,83.5999984741211,6113,0.0,0.0
2026-03-31 01:20:00+00:00,83.5999984741211,84.19999694824219,83.5999984741211,84.19999694824219,20967,0.0,0.0
2026-03-31 01:25:00+00:00,84.19999694824219,84.9000015258789,84.0999984741211,84.0999984741211,31500,0.0,0.0
2026-03-31 01:30:00+00:00,84.69999694824219,84.80000305175781,84.69999694824219,84.80000305175781,5000,0.0,0.0
2026-03-31 01:35:00+00:00,84.5999984741211,84.5999984741211,84.5999984741211,84.5999984741211,1100,0.0,0.0
2026-03-31 01:45:00+00:00,84.5,84.5,83.9000015258789,84.0,23150,0.0,0.0
2026-03-31 01:50:00+00:00,84.19999694824219,84.30000305175781,84.0999984741211,84.19999694824219,10200,0.0,0.0
2026-03-31 02:00:00+00:00,84.0999984741211,84.0999984741211,84.0999984741211,84.0999984741211,2255,0.0,0.0
2026-03-31 02:05:00+00:00,84.0999984741211,84.0999984741211,84.0999984741211,84.0999984741211,1000,0.0,0.0
2026-03-31 02:10:00+00:00,84.0999984741211,84.0999984741211,84.0999984741211,84.0999984741211,1000,0.0,0.0
2026-03-31 02:15:00+00:00,84.0,84.0,84.0,84.0,1000,0.0,0.0
2026-03-31 02:20:00+00:00,84.0,84.0999984741211,83.9000015258789,83.9000015258789,14000,0.0,0.0
2026-03-31 02:25:00+00:00,83.9000015258789,83.9000015258789,83.9000015258789,83.9000015258789,1112,0.0,0.0
2026-03-31 02:30:00+00:00,83.9000015258789,83.9000015258789,83.80000305175781,83.80000305175781,12000,0.0,0.0
2026-03-31 02:35:00+00:00,83.80000305175781,83.80000305175781,83.69999694824219,83.69999694824219,4100,0.0,0.0
2026-03-31 02:40:00+00:00,83.80000305175781,83.80000305175781,83.80000305175781,83.80000305175781,1135,0.0,0.0
2026-03-31 02:45:00+00:00,83.9000015258789,83.9000015258789,83.9000015258789,83.9000015258789,2000,0.0,0.0
2026-03-31 02:50:00+00:00,84.0,84.0999984741211,84.0,84.0,7503,0.0,0.0
2026-03-31 03:00:00+00:00,84.0,84.0,83.9000015258789,83.9000015258789,3051,0.0,0.0
2026-03-31 03:05:00+00:00,83.9000015258789,83.9000015258789,83.9000015258789,83.9000015258789,1034,0.0,0.0
2026-03-31 03:10:00+00:00,83.9000015258789,83.9000015258789,83.9000015258789,83.9000015258789,2000,0.0,0.0
2026-03-31 03:15:00+00:00,83.9000015258789,83.9000015258789,83.80000305175781,83.80000305175781,9020,0.0,0.0
2026-03-31 03:20:00+00:00,83.69999694824219,83.80000305175781,83.5,83.80000305175781,57178,0.0,0.0
2026-03-31 03:25:00+00:00,83.4000015258789,83.4000015258789,83.0,83.0,73024,0.0,0.0
2026-03-31 03:30:00+00:00,83.0,83.0,83.0,83.0,27100,0.0,0.0
2026-03-31 03:35:00+00:00,83.0,83.0,82.9000015258789,82.9000015258789,18102,0.0,0.0
2026-03-31 03:40:00+00:00,82.80000305175781,82.9000015258789,82.5999984741211,82.5999984741211,25031,0.0,0.0
2026-03-31 03:45:00+00:00,82.5999984741211,82.5999984741211,82.30000305175781,82.30000305175781,23534,0.0,0.0
2026-03-31 03:50:00+00:00,82.19999694824219,82.4000015258789,82.0999984741211,82.4000015258789,34635,0.0,0.0
2026-03-31 03:55:00+00:00,82.19999694824219,82.19999694824219,81.69999694824219,81.69999694824219,39467,0.0,0.0
2026-03-31 04:00:00+00:00,81.69999694824219,81.9000015258789,81.69999694824219,81.9000015258789,15200,0.0,0.0
2026-03-31 04:05:00+00:00,81.9000015258789,82.0,81.9000015258789,82.0,3674,0.0,0.0
2026-03-31 04:10:00+00:00,81.9000015258789,81.9000015258789,81.69999694824219,81.69999694824219,18042,0.0,0.0
2026-03-31 04:15:00+00:00,81.69999694824219,81.69999694824219,81.0,81.30000305175781,79693,0.0,0.0
2026-03-31 04:20:00+00:00,81.5999984741211,81.69999694824219,81.5999984741211,81.5999984741211,11040,0.0,0.0
2026-03-31 04:25:00+00:00,81.5999984741211,81.5999984741211,81.5,81.5,5130,0.0,0.0
2026-03-31 04:30:00+00:00,81.4000015258789,81.5,81.4000015258789,81.4000015258789,7648,0.0,0.0
2026-03-31 04:35:00+00:00,81.5999984741211,81.5999984741211,81.4000015258789,81.4000015258789,13110,0.0,0.0
2026-03-31 04:40:00+00:00,81.69999694824219,81.9000015258789,81.5999984741211,81.69999694824219,19580,0.0,0.0
2026-03-31 04:45:00+00:00,81.5999984741211,81.5999984741211,81.5999984741211,81.5999984741211,8323,0.0,0.0
2026-03-31 04:50:00+00:00,81.5,81.9000015258789,81.5,81.9000015258789,43090,0.0,0.0
2026-03-31 04:55:00+00:00,81.69999694824219,81.80000305175781,81.69999694824219,81.80000305175781,15034,0.0,0.0
2026-03-31 05:00:00+00:00,81.80000305175781,81.9000015258789,81.80000305175781,81.9000015258789,5029,0.0,0.0
2026-03-31 05:05:00+00:00,81.80000305175781,81.80000305175781,81.5999984741211,81.5999984741211,14102,0.0,0.0
2026-03-31 05:10:00+00:00,81.69999694824219,81.80000305175781,81.5,81.5,10017,0.0,0.0
2026-03-31 05:15:00+00:00,81.5,81.69999694824219,81.5,81.5999984741211,26614,0.0,0.0
2026-03-31 05:20:00+00:00,81.5999984741211,81.69999694824219,81.30000305175781,81.69999694824219,45236,0.0,0.0
2026-04-01 01:00:00+00:00,83.5999984741211,84.69999694824219,83.5999984741211,84.5999984741211,0,0.0,0.0
2026-04-01 01:05:00+00:00,84.30000305175781,84.5,84.0,84.19999694824219,41154,0.0,0.0
2026-04-01 01:10:00+00:00,84.19999694824219,84.5999984741211,84.19999694824219,84.5999984741211,31859,0.0,0.0
2026-04-01 01:15:00+00:00,84.5,84.5,83.9000015258789,84.30000305175781,21316,0.0,0.0
2026-04-01 01:20:00+00:00,84.30000305175781,84.30000305175781,84.0999984741211,84.0999984741211,8000,0.0,0.0
2026-04-01 01:25:00+00:00,84.0999984741211,84.30000305175781,84.0999984741211,84.30000305175781,4500,0.0,0.0
2026-04-01 01:30:00+00:00,84.19999694824219,84.19999694824219,84.19999694824219,84.19999694824219,10000,0.0,0.0
2026-04-01 01:35:00+00:00,84.0999984741211,84.0999984741211,84.0999984741211,84.0999984741211,2000,0.0,0.0
2026-04-01 01:40:00+00:00,83.9000015258789,84.0999984741211,83.9000015258789,84.0999984741211,4038,0.0,0.0
2026-04-01 01:50:00+00:00,84.0,84.0,83.9000015258789,84.0,3000,0.0,0.0
2026-04-01 01:55:00+00:00,84.0,84.0999984741211,84.0,84.0999984741211,4010,0.0,0.0
2026-04-01 02:00:00+00:00,84.0999984741211,84.0999984741211,84.0,84.0,3000,0.0,0.0
2026-04-01 02:05:00+00:00,84.0999984741211,84.0999984741211,84.0999984741211,84.0999984741211,2000,0.0,0.0
2026-04-01 02:10:00+00:00,84.0999984741211,84.0999984741211,83.9000015258789,83.9000015258789,2106,0.0,0.0
2026-04-01 02:15:00+00:00,83.9000015258789,84.0,83.9000015258789,84.0,5157,0.0,0.0
2026-04-01 02:25:00+00:00,83.9000015258789,83.9000015258789,83.80000305175781,83.80000305175781,3000,0.0,0.0
2026-04-01 02:30:00+00:00,83.9000015258789,83.9000015258789,83.9000015258789,83.9000015258789,4176,0.0,0.0
2026-04-01 02:40:00+00:00,83.9000015258789,83.9000015258789,83.9000015258789,83.9000015258789,3244,0.0,0.0
2026-04-01 02:45:00+00:00,83.9000015258789,83.9000015258789,83.80000305175781,83.9000015258789,5000,0.0,0.0
2026-04-01 02:50:00+00:00,83.9000015258789,83.9000015258789,83.80000305175781,83.80000305175781,2000,0.0,0.0
2026-04-01 02:55:00+00:00,83.80000305175781,83.9000015258789,83.80000305175781,83.9000015258789,7000,0.0,0.0
2026-04-01 03:00:00+00:00,83.80000305175781,83.80000305175781,83.80000305175781,83.80000305175781,3119,0.0,0.0
2026-04-01 03:05:00+00:00,83.80000305175781,83.80000305175781,83.69999694824219,83.69999694824219,3000,0.0,0.0
2026-04-01 03:10:00+00:00,83.80000305175781,84.0,83.80000305175781,84.0,22019,0.0,0.0
2026-04-01 03:20:00+00:00,84.0,84.0,84.0,84.0,1000,0.0,0.0
2026-04-01 03:25:00+00:00,83.9000015258789,83.9000015258789,83.9000015258789,83.9000015258789,1013,0.0,0.0
2026-04-01 03:30:00+00:00,84.0,84.30000305175781,84.0,84.30000305175781,49402,0.0,0.0
2026-04-01 03:35:00+00:00,84.19999694824219,84.4000015258789,84.19999694824219,84.4000015258789,25500,0.0,0.0
2026-04-01 03:40:00+00:00,84.5,84.5,84.4000015258789,84.5,12000,0.0,0.0
2026-04-01 03:45:00+00:00,84.5,84.5,84.4000015258789,84.4000015258789,4000,0.0,0.0
2026-04-01 03:50:00+00:00,84.4000015258789,84.4000015258789,84.4000015258789,84.4000015258789,3000,0.0,0.0
2026-04-01 03:55:00+00:00,84.4000015258789,84.4000015258789,84.4000015258789,84.4000015258789,1000,0.0,0.0
2026-04-01 04:00:00+00:00,84.4000015258789,84.4000015258789,84.4000015258789,84.4000015258789,1907,0.0,0.0
2026-04-01 04:05:00+00:00,84.4000015258789,84.4000015258789,84.30000305175781,84.30000305175781,3000,0.0,0.0
2026-04-01 04:10:00+00:00,84.30000305175781,84.30000305175781,84.30000305175781,84.30000305175781,4000,0.0,0.0
2026-04-01 04:15:00+00:00,84.19999694824219,84.19999694824219,84.0,84.0,8000,0.0,0.0
2026-04-01 04:20:00+00:00,84.0,84.30000305175781,83.9000015258789,84.30000305175781,19000,0.0,0.0
2026-04-01 04:25:00+00:00,84.30000305175781,84.30000305175781,84.30000305175781,84.30000305175781,1000,0.0,0.0
2026-04-01 04:30:00+00:00,84.30000305175781,84.30000305175781,84.30000305175781,84.30000305175781,2106,0.0,0.0
2026-04-01 04:35:00+00:00,84.19999694824219,84.30000305175781,84.19999694824219,84.30000305175781,2000,0.0,0.0
2026-04-01 04:50:00+00:00,84.19999694824219,84.30000305175781,84.19999694824219,84.19999694824219,7000,0.0,0.0
2026-04-01 04:55:00+00:00,84.19999694824219,84.19999694824219,84.19999694824219,84.19999694824219,2301,0.0,0.0
2026-04-01 05:00:00+00:00,84.0999984741211,84.0999984741211,84.0,84.0,9000,0.0,0.0
2026-04-01 05:05:00+00:00,84.0999984741211,84.30000305175781,84.0999984741211,84.0999984741211,17199,0.0,0.0
2026-04-01 05:10:00+00:00,84.0999984741211,84.0999984741211,84.0,84.0,14252,0.0,0.0
2026-04-01 05:15:00+00:00,84.0,84.0999984741211,84.0,84.0999984741211,6030,0.0,0.0
2026-04-01 05:20:00+00:00,84.0,84.4000015258789,84.0,84.4000015258789,32027,0.0,0.0
